Latitude,Longitude,Feature_ID,Village,nitrogen_N_2023-24,phosphorus_P_2023-24,potassium_K_2023-24,organic_carbon_OC_2023-24,pH_2023-24,EC_2023-24,sulphur_S_2023-24,zinc_Zn_2023-24,iron_Fe_2023-24,copper_Cu_2023-24,manganese_Mn_2023-24,boron_B_2023-24,nitrogen_N_2024-25,phosphorus_P_2024-25,potassium_K_2024-25,organic_carbon_OC_2024-25,pH_2024-25,EC_2024-25,sulphur_S_2024-25,zinc_Zn_2024-25,iron_Fe_2024-25,copper_Cu_2024-25,manganese_Mn_2024-25,boron_B_2024-25,nitrogen_N_2025-26,phosphorus_P_2025-26,potassium_K_2025-26,organic_carbon_OC_2025-26,pH_2025-26,EC_2025-26,sulphur_S_2025-26,zinc_Zn_2025-26,iron_Fe_2025-26,copper_Cu_2025-26,manganese_Mn_2025-26,boron_B_2025-26
14.128000,79.832000,28_515_shc_2025-26.1918,Vemulachedu,,,,,,,,,,,,,,,,,,,,,,,,,100.0,10.0,285.5,0.27,8.62,0.39,35.02,0.08,2.18,0.11,1.96,0.57
14.128000,79.832000,28_515_shc_2025-26.1923,Cheekavolu,,,,,,,,,,,,,,,,,,,,,,,,,100.0,21.5,291.7,0.19,8.33,0.26,21.01,0.14,0.61,0.24,1.18,0.6
14.128000,79.832000,28_515_shc_2025-26.1925,Cheekavolu,,,,,,,,,,,,,,,,,,,,,,,,,176.0,33.0,459.3,0.18,8.55,0.33,45.53,0.44,5.01,0.29,1.97,0.5
14.128000,79.832000,28_515_shc_2025-26.1926,Cheekavolu,,,,,,,,,,,,,,,,,,,,,,,,,50.0,53.76,248.3,0.11,8.42,0.35,35.02,0.14,1.77,0.52,1.26,0.44
14.128000,79.832000,28_515_shc_2025-26.1927,Cheekavolu,,,,,,,,,,,,,,,,,,,,,,,,,88.0,58.4,198.6,0.52,8.47,0.43,73.55,0.28,3.86,0.28,1.93,0.38
14.128000,79.832000,28_515_shc_2025-26.8398,Vemulachedu,,,,,,,,,,,,,,,,,,,,,,,,,113.0,75.3,546.2,0.35,8.48,0.47,42.03,0.15,4.1,0.19,2.15,0.66
14.128000,79.832000,28_515_shc_2025-26.8401,Vemulachedu,,,,,,,,,,,,,,,,,,,,,,,,,138.0,37.6,360.0,0.2,8.54,0.56,35.02,0.17,0.38,0.22,0.95,0.75
14.128000,79.832000,28_515_shc_2025-26.8402,Vemulachedu,,,,,,,,,,,,,,,,,,,,,,,,,226.0,78.3,384.9,0.52,8.43,0.54,66.54,0.36,13.81,0.37,3.86,0.66
14.128000,79.832000,28_515_shc_2025-26.8420,Cheekavolu,,,,,,,,,,,,,,,,,,,,,,,,,100.0,16.1,322.8,0.2,8.51,0.52,45.53,0.36,5.31,0.19,2.89,0.57
14.128000,79.832000,28_515_shc_2025-26.8421,Cheekavolu,,,,,,,,,,,,,,,,,,,,,,,,,50.0,76.0,620.7,0.05,8.4,0.46,45.53,0.53,4.19,0.19,2.01,0.38
14.128000,79.832000,28_515_shc_2025-26.8422,Cheekavolu,,,,,,,,,,,,,,,,,,,,,,,,,88.0,100.6,577.3,0.16,8.54,0.43,52.53,0.41,9.26,0.13,3.15,0.5
14.128000,79.832000,28_515_shc_2025-26.8429,Cheekavolu,,,,,,,,,,,,,,,,,,,,,,,,,75.0,35.3,329.0,0.1,8.47,0.25,45.53,0.38,4.98,0.14,1.98,0.41
14.128000,79.832000,28_515_shc_2025-26.8430,Cheekavolu,,,,,,,,,,,,,,,,,,,,,,,,,151.0,91.4,360.0,0.2,8.41,0.04,101.57,0.6,3.86,0.09,1.49,0.44
14.128000,79.832000,28_515_shc_2025-26.8435,Cheekavolu,,,,,,,,,,,,,,,,,,,,,,,,,75.0,25.3,403.5,0.09,8.7,0.23,35.02,0.54,5.01,0.15,1.36,0.38
14.128000,79.832000,28_515_shc_2025-26.8439,Cheekavolu,,,,,,,,,,,,,,,,,,,,,,,,,50.0,35.3,378.6,0.13,8.47,0.39,35.02,0.17,6.01,0.31,3.05,0.31
14.148000,79.712000,28_515_shc_2025-26.7135,Ananthamadugu,,,,,,,,,,,,,,,,,,,,,,,,,188.0,1.5,322.8,0.05,8.37,0.4,21.01,0.36,4.18,0.73,2.1,0.25
14.148000,79.732000,28_515_shc_2024-25.17981,Ananthamadugu,,,,,,,,,,,,,113.0,97.0,67.6,0.16,8.19,0.25,10.5,0.78,10.18,0.38,6.38,0.73,,,,,,,,,,,,
14.142000,79.848000,28_515_shc_2024-25.5299,Cheekavolu,138.0,24.0,351.0,1.68,8.2,0.2,87.0,0.12,4.43,0.84,16.6,0.26,238.0,164.0,155.0,0.08,8.11,0.16,26.4,0.28,6.38,0.14,5.64,0.22,,,,,,,,,,,,
14.142000,79.848000,28_515_shc_2024-25.5429,Cheekavolu,,,,,,,,,,,,,238.0,164.0,167.9,0.16,8.02,0.17,10.5,0.16,6.18,0.58,4.21,0.54,,,,,,,,,,,,
14.155000,79.595000,28_515_shc_2023-24.5135,Jorepalle,201.0,14.0,377.0,0.8,8.3,0.3,54.0,0.46,8.38,0.16,4.38,0.04,,,,,,,,,,,,,,,,,,,,,,,,
14.158000,79.592000,28_515_shc_2024-25.19955,Jorepalle,,,,,,,,,,,,,100.0,19.0,303.0,0.64,7.8,0.2,2.0,0.38,16.38,0.76,7.26,0.18,,,,,,,,,,,,
14.155000,79.595000,28_515_shc_2025-26.2010,Sanayapalem,,,,,,,,,,,,,,,,,,,,,,,,,63.0,13.8,86.9,0.2,7.8,0.1,21.01,0.6,7.11,0.09,1.97,0.38
14.155000,79.595000,28_515_shc_2025-26.2055,Jorepalle,,,,,,,,,,,,,,,,,,,,,,,,,75.0,10.0,99.3,0.31,6.98,0.1,136.59,0.58,2.18,0.08,2.15,0.25
14.155000,79.595000,28_515_shc_2025-26.2284,Jorepalle,,,,,,,,,,,,,,,,,,,,,,,,,151.0,18.4,136.6,0.46,6.45,0.1,143.59,0.55,4.11,0.25,2.15,0.53
14.155000,79.595000,28_515_shc_2025-26.4324,Thatipalle,,,,,,,,,,,,,,,,,,,,,,,,,50.0,6.9,111.7,0.11,5.84,0.14,21.01,0.17,4.98,0.08,9.28,0.09
14.155000,79.595000,28_515_shc_2025-26.7077,Sanayapalem,,,,,,,,,,,,,,,,,,,,,,,,,113.0,4.6,173.8,0.19,7.74,0.1,143.59,0.22,1.35,0.15,0.46,0.38
14.155000,79.595000,28_515_shc_2025-26.9320,Sanayapalem,,,,,,,,,,,,,,,,,,,,,,,,,25.0,20.0,266.9,0.2,7.73,0.04,42.03,0.19,6.6,0.38,3.22,0.09
14.155000,79.595000,28_515_shc_2025-26.9407,Thatipalle,,,,,,,,,,,,,,,,,,,,,,,,,151.0,10.8,149.0,0.11,6.7,0.1,21.01,0.33,8.17,0.01,2.15,0.28
14.155000,79.595000,28_515_shc_2025-26.9435,Thatipalle,,,,,,,,,,,,,,,,,,,,,,,,,63.0,3.1,198.6,0.25,8.01,0.1,28.02,0.38,3.15,0.02,1.33,0.13
14.155000,79.595000,28_515_shc_2025-26.10261,Thatipalle,,,,,,,,,,,,,,,,,,,,,,,,,251.0,21.5,161.4,0.11,8.04,0.1,122.58,0.18,1.77,0.28,3.15,0.22
14.155000,79.735000,28_515_shc_2024-25.17963,Ananthamadugu,,,,,,,,,,,,,213.0,25.0,58.1,0.47,8.28,0.1,17.6,0.34,8.36,0.56,5.14,0.28,,,,,,,,,,,,
14.152000,79.738000,28_515_shc_2025-26.8321,Ananthamadugu,,,,,,,,,,,,,,,,,,,,,,,,,63.0,38.4,304.2,0.1,8.4,0.17,45.53,0.45,4.97,0.22,2.18,0.38
14.162000,79.742000,28_515_shc_2025-26.2164,Molakalapundla,,,,,,,,,,,,,,,,,,,,,,,,,151.0,2.3,322.8,0.35,8.87,0.37,185.62,0.24,3.88,0.2,3.87,0.66
14.168000,79.908000,28_515_shc_2024-25.1105,Venkanapalem,,,,,,,,,,,,,88.0,164.0,239.0,0.4,8.2,0.25,170.0,0.42,9.16,0.14,9.14,0.53,,,,,,,,,,,,
14.168000,79.908000,28_515_shc_2024-25.9083,Venkanapalem,,,,,,,,,,,,,163.0,164.0,303.0,0.52,7.86,0.1,50.0,0.64,3.21,9.34,1.21,0.31,,,,,,,,,,,,
14.175000,79.745000,28_515_shc_2023-24.6315,Molakalapundla,75.0,20.0,221.0,0.35,8.3,0.3,66.0,0.11,2.7,0.16,5.2,0.38,,,,,,,,,,,,,,,,,,,,,,,,
14.175000,79.745000,28_515_shc_2023-24.6950,Molakalapundla,163.0,128.0,143.0,0.36,8.1,0.3,26.0,0.06,4.6,0.42,11.73,0.11,,,,,,,,,,,,,,,,,,,,,,,,
14.178000,79.742000,28_515_shc_2025-26.1833,Ananthamadugu,,,,,,,,,,,,,,,,,,,,,,,,,25.0,16.8,36.6,0.18,8.27,0.35,21.01,0.17,3.86,0.3,1.86,0.13
14.178000,79.742000,28_515_shc_2025-26.7029,Ananthamadugu,,,,,,,,,,,,,,,,,,,,,,,,,13.0,6.1,105.5,0.1,8.32,0.39,66.54,0.24,2.19,0.14,1.97,6.19
14.172000,79.752000,28_515_shc_2023-24.5467,Molakalapundla,188.0,14.0,52.0,0.56,8.4,0.5,17.0,0.37,8.56,0.73,10.5,0.19,,,,,,,,,,,,,,,,,,,,,,,,
14.175000,79.795000,28_515_shc_2024-25.11690,Ramasagaram,,,,,,,,,,,,,100.0,73.0,58.1,0.59,8.49,0.12,10.5,0.18,5.61,0.16,5.18,0.38,,,,,,,,,,,,
14.175000,79.795000,28_515_shc_2024-25.11819,Ramasagaram,,,,,,,,,,,,,176.0,164.0,19.4,0.31,8.27,0.1,17.6,0.41,9.16,0.18,7.34,0.54,,,,,,,,,,,,
14.175000,79.795000,28_515_shc_2025-26.5262,Ramasagaram,188.0,14.0,182.0,0.62,7.6,1.0,35.0,0.04,10.6,0.56,6.4,0.19,,,,,,,,,,,,,151.0,50.69,192.4,0.24,8.62,0.2,28.02,0.19,3.86,0.38,2.15,0.57
14.172000,79.918000,28_515_shc_2024-25.4984,Baddevolu,,,,,,,,,,,,,75.0,70.0,316.0,0.86,8.1,0.5,84.0,0.55,2.81,0.49,39.24,2.37,50.0,3.1,484.0,0.32,7.08,0.5,80.55,0.24,3.24,0.57,2.91,0.03
14.172000,79.918000,28_515_shc_2024-25.5087,Baddevolu,,,,,,,,,,,,,151.0,37.0,181.0,1.61,8.13,0.46,61.0,0.46,6.88,0.36,20.18,0.25,,,,,,,,,,,,
14.172000,79.918000,28_515_shc_2024-25.5113,Baddevolu,,,,,,,,,,,,,138.0,17.0,265.0,0.98,8.19,0.51,47.0,0.58,7.24,0.12,16.81,0.72,63.0,12.3,472.0,0.44,8.05,1.09,154.1,0.41,4.95,0.5,1.29,0.03
14.172000,79.918000,28_515_shc_2024-25.5572,Baddevolu,176.0,14.0,617.0,0.87,7.6,0.72,142.0,4.0,8.17,1.6,19.0,0.31,251.0,43.0,420.0,0.99,8.18,0.55,84.0,0.28,10.38,0.16,12.18,1.32,,,,,,,,,,,,
14.172000,79.912000,28_515_shc_2024-25.1195,Baddevolu,,,,,,,,,,,,,113.0,138.0,213.0,1.2,8.15,0.62,9.0,0.14,8.36,0.24,20.18,1.19,,,,,,,,,,,,
14.172000,79.912000,28_515_shc_2024-25.1199,Baddevolu,,,,,,,,,,,,,125.0,109.0,265.0,0.93,8.14,0.29,69.0,0.42,8.14,0.14,18.16,0.59,,,,,,,,,,,,
14.172000,79.912000,28_515_shc_2024-25.1200,Baddevolu,,,,,,,,,,,,,88.0,80.0,123.0,0.48,8.26,0.11,61.0,0.52,6.36,0.21,7.84,0.82,,,,,,,,,,,,
14.172000,79.912000,28_515_shc_2024-25.1201,Baddevolu,,,,,,,,,,,,,113.0,11.0,32.0,1.62,8.38,0.1,40.0,0.58,9.14,0.38,16.88,0.66,,,,,,,,,,,,
14.172000,79.912000,28_515_shc_2024-25.1202,Baddevolu,,,,,,,,,,,,,100.0,25.0,123.0,0.61,7.69,0.39,84.0,0.55,7.36,0.49,24.94,0.56,,,,,,,,,,,,
14.172000,79.912000,28_515_shc_2024-25.4649,Baddevolu,,,,,,,,,,,,,75.0,33.0,181.0,1.18,7.86,0.69,2.0,0.45,14.13,0.61,24.78,1.35,,,,,,,,,,,,
14.172000,79.912000,28_515_shc_2024-25.9552,Baddevolu,,,,,,,,,,,,,88.0,109.0,116.0,1.28,8.13,0.27,118.0,0.16,6.38,0.14,23.18,1.16,,,,,,,,,,,,
14.172000,79.912000,28_515_shc_2024-25.9558,Baddevolu,,,,,,,,,,,,,176.0,62.0,181.0,1.31,8.17,0.57,5.0,0.26,10.47,0.19,22.8,3.15,,,,,,,,,,,,
14.172000,79.912000,28_515_shc_2024-25.9567,Baddevolu,,,,,,,,,,,,,88.0,11.0,200.0,1.06,8.33,0.11,2.0,0.21,10.18,0.28,16.8,0.59,,,,,,,,,,,,
14.172000,79.912000,28_515_shc_2024-25.9588,Baddevolu,,,,,,,,,,,,,75.0,35.0,123.0,0.48,8.41,0.11,11.0,0.26,8.36,0.21,21.8,0.5,,,,,,,,,,,,
14.172000,79.912000,28_515_shc_2024-25.9682,Baddevolu,,,,,,,,,,,,,100.0,25.0,181.0,0.56,8.25,0.17,58.0,0.24,9.34,0.38,18.17,0.56,,,,,,,,,,,,
14.172000,79.912000,28_515_shc_2024-25.12345,Baddevolu,,,,,,,,,,,,,88.0,52.0,245.0,0.47,8.07,0.27,40.0,0.18,9.14,0.21,7.38,0.5,,,,,,,,,,,,
14.172000,79.912000,28_515_shc_2024-25.12398,Baddevolu,,,,,,,,,,,,,138.0,35.0,181.0,0.61,8.18,0.11,112.0,0.21,12.77,0.4,29.58,1.29,,,,,,,,,,,,
14.172000,79.912000,28_515_shc_2024-25.12583,Baddevolu,,,,,,,,,,,,,113.0,70.0,123.0,0.52,8.04,0.17,69.0,0.14,7.14,0.14,16.14,0.59,,,,,,,,,,,,
14.172000,79.912000,28_515_shc_2024-25.12584,Baddevolu,,,,,,,,,,,,,125.0,35.0,129.0,0.15,7.97,0.23,40.0,0.26,10.16,0.26,16.38,0.82,,,,,,,,,,,,
14.172000,79.912000,28_515_shc_2024-25.12662,Baddevolu,,,,,,,,,,,,,88.0,43.0,181.0,0.24,8.11,0.38,121.0,0.32,16.34,0.14,21.68,0.53,,,,,,,,,,,,
14.172000,79.912000,28_515_shc_2024-25.12698,Baddevolu,,,,,,,,,,,,,100.0,35.0,168.0,0.74,7.81,0.27,69.0,0.26,10.4,0.38,9.36,0.56,,,,,,,,,,,,
14.172000,79.912000,28_515_shc_2024-25.12726,Baddevolu,,,,,,,,,,,,,100.0,52.0,142.0,0.3,8.07,0.16,40.0,0.01,9.94,0.52,39.18,2.2,,,,,,,,,,,,
14.172000,79.912000,28_515_shc_2024-25.12763,Baddevolu,,,,,,,,,,,,,138.0,1.0,181.0,0.65,7.67,0.29,33.0,0.21,7.38,0.21,19.24,0.78,,,,,,,,,,,,
14.172000,79.912000,28_515_shc_2024-25.20690,Baddevolu,,,,,,,,,,,,,113.0,25.0,226.0,0.12,7.28,0.1,100.0,0.62,18.31,0.48,10.48,0.47,,,,,,,,,,,,
14.175000,79.955000,28_515_shc_2023-24.5507,Venkanapalem,163.0,34.0,117.0,0.45,7.6,3.7,42.0,0.33,17.3,1.19,6.41,0.57,,,,,,,,,,,,,,,,,,,,,,,,
14.182000,79.552000,28_515_shc_2023-24.6455,Bandepalle,100.0,23.0,189.0,1.17,7.3,0.6,26.0,0.25,4.21,0.18,3.28,0.11,,,,,,,,,,,,,,,,,,,,,,,,
14.185000,79.775000,28_515_shc_2025-26.1748,Ramasagaram,,,,,,,,,,,,,,,,,,,,,,,,,50.0,110.6,285.5,0.29,8.45,0.33,28.02,0.38,1.97,0.41,1.31,0.44
14.185000,79.775000,28_515_shc_2025-26.5219,Ramasagaram,,,,,,,,,,,,,,,,,,,,,,,,,38.0,50.69,335.2,0.31,8.28,0.38,28.02,0.17,0.74,0.13,1.77,0.57
14.198000,79.552000,28_515_shc_2024-25.20680,Bojjanapalle,,,,,,,,,,,,,88.0,1.0,258.0,1.37,7.38,0.15,88.0,0.38,21.26,0.51,3.84,0.97,,,,,,,,,,,,
14.198000,79.558000,28_515_shc_2024-25.5223,Rapur,,,,,,,,,,,,,113.0,1.0,90.0,0.83,8.01,0.15,18.0,0.52,18.31,0.64,0.28,0.31,,,,,,,,,,,,
14.198000,79.632000,28_515_shc_2024-25.3787,Kommipadu,,,,,,,,,,,,,176.0,164.0,71.0,0.39,7.97,0.17,10.5,0.18,6.14,0.36,4.84,0.69,,,,,,,,,,,,
14.192000,79.772000,28_515_shc_2025-26.1548,Ramasagaram,,,,,,,,,,,,,,,,,,,,,,,,,176.0,98.3,68.3,0.34,8.7,0.12,28.02,0.13,1.66,0.32,1.72,0.53
14.192000,79.788000,28_515_shc_2025-26.1861,Ramasagaram,,,,,,,,,,,,,,,,,,,,,,,,,63.0,93.7,198.6,0.09,8.52,0.19,28.02,0.19,4.35,0.26,1.38,0.38
14.192000,79.788000,28_515_shc_2025-26.1863,Ramasagaram,,,,,,,,,,,,,,,,,,,,,,,,,13.0,61.4,378.6,0.2,8.7,0.22,42.03,0.52,3.86,0.13,1.06,0.25
14.192000,79.788000,28_515_shc_2025-26.7064,Ramasagaram,,,,,,,,,,,,,,,,,,,,,,,,,100.0,52.22,217.3,0.27,8.61,0.6,28.02,0.49,5.05,0.28,1.53,0.19
14.192000,79.788000,28_515_shc_2025-26.7140,Ramasagaram,63.0,66.0,293.0,0.48,6.1,1.0,19.0,1.18,12.1,1.34,9.14,0.11,,,,,,,,,,,,,151.0,56.06,248.3,0.11,8.68,0.3,42.03,0.25,6.01,0.19,1.65,0.25
14.198000,79.888000,28_515_shc_2023-24.6664,Pidur,289.0,87.0,169.0,1.0,8.0,1.3,35.0,0.04,14.5,1.24,4.29,0.23,,,,,,,,,,,,,,,,,,,,,,,,
14.202000,79.532000,28_515_shc_2023-24.5515,Rapur,100.0,110.0,650.0,0.33,9.0,0.3,28.0,0.31,2.6,1.37,9.5,0.12,,,,,,,,,,,,,,,,,,,,,,,,
14.208000,79.672000,28_515_shc_2023-24.5495,Tocham,151.0,109.0,260.0,0.8,8.5,0.2,54.0,0.15,2.82,0.72,7.3,0.56,,,,,,,,,,,,,,,,,,,,,,,,
14.205000,79.675000,28_515_shc_2023-24.6695,Ramasagaram,163.0,109.0,306.0,0.69,8.4,0.2,54.0,0.02,3.26,0.47,10.48,0.1,,,,,,,,,,,,,,,,,,,,,,,,
14.205000,79.675000,28_515_shc_2024-25.3911,Chaganam,,,,,,,,,,,,,75.0,157.0,25.9,0.63,8.22,0.1,3.5,0.28,4.38,0.36,9.14,0.22,,,,,,,,,,,,
14.202000,79.682000,28_515_shc_2023-24.5035,Chaganam,38.0,17.0,182.0,0.31,7.9,0.9,144.0,0.26,5.9,0.13,5.2,0.27,,,,,,,,,,,,,,,,,,,,,,,,
14.202000,79.872000,28_515_shc_2024-25.941,Manubolu,,,,,,,,,,,,,100.0,16.4,187.3,0.29,8.65,0.5,10.5,0.13,8.19,0.39,6.71,0.44,,,,,,,,,,,,
14.202000,79.872000,28_515_shc_2024-25.959,Manubolu,,,,,,,,,,,,,113.0,14.2,193.7,0.76,7.87,0.13,1.8,0.41,5.31,0.32,7.28,0.47,,,,,,,,,,,,
14.202000,79.872000,28_515_shc_2024-25.964,Manubolu,,,,,,,,,,,,,188.0,163.8,71.0,0.51,8.15,0.14,1.8,0.28,1.38,0.34,9.14,0.41,,,,,,,,,,,,
14.202000,79.872000,28_515_shc_2024-25.5516,Manubolu,,,,,,,,,,,,,201.0,3.3,148.5,0.38,8.16,0.14,10.5,0.24,4.26,0.12,8.18,0.28,,,,,,,,,,,,
14.202000,79.872000,28_515_shc_2024-25.5535,Manubolu,,,,,,,,,,,,,75.0,18.6,96.9,0.64,8.46,0.78,17.6,0.48,1.46,0.26,8.38,0.54,,,,,,,,,,,,
14.202000,79.872000,28_515_shc_2024-25.5578,Manubolu,,,,,,,,,,,,,176.0,10.9,96.9,0.54,7.98,0.15,33.4,0.28,6.18,0.41,6.14,0.19,,,,,,,,,,,,
14.202000,79.872000,28_515_shc_2024-25.5587,Manubolu,,,,,,,,,,,,,213.0,12.0,180.8,0.49,8.15,0.13,14.1,0.38,5.21,0.46,6.48,0.54,,,,,,,,,,,,
14.202000,79.872000,28_515_shc_2024-25.5589,Manubolu,,,,,,,,,,,,,163.0,3.3,174.3,0.55,8.12,0.17,21.1,0.26,3.28,0.18,7.21,0.25,,,,,,,,,,,,
14.202000,79.872000,28_515_shc_2024-25.5625,Manubolu,,,,,,,,,,,,,163.0,3.3,155.0,0.8,7.97,0.1,29.9,0.36,3.28,0.38,7.28,0.54,,,,,,,,,,,,
14.202000,79.872000,28_515_shc_2024-25.5762,Manubolu,,,,,,,,,,,,,151.0,16.4,122.7,0.32,8.1,0.15,36.9,0.52,1.35,0.71,12.48,0.44,,,,,,,,,,,,
14.202000,79.872000,28_515_shc_2024-25.5773,Manubolu,,,,,,,,,,,,,88.0,10.9,142.1,0.91,8.18,0.18,51.0,0.68,4.36,0.26,9.14,0.16,,,,,,,,,,,,
14.202000,79.872000,28_515_shc_2024-25.8443,Manubolu,,,,,,,,,,,,,238.0,3.3,167.9,0.48,8.2,0.18,8.8,0.48,4.26,0.42,10.36,0.16,,,,,,,,,,,,
14.202000,79.872000,28_515_shc_2024-25.8448,Manubolu,,,,,,,,,,,,,163.0,5.5,238.9,0.77,8.23,0.13,1.8,0.21,2.38,0.18,7.21,0.44,151.0,11.5,161.4,0.13,7.1,0.01,21.01,0.19,3.19,0.2,2.15,0.44
14.202000,79.872000,28_515_shc_2024-25.8507,Manubolu,,,,,,,,,,,,,176.0,14.2,90.4,0.45,8.06,0.15,10.5,0.53,1.01,0.59,8.42,0.25,,,,,,,,,,,,
14.202000,79.872000,28_515_shc_2024-25.21122,Manubolu,,,,,,,,,,,,,213.0,73.2,187.3,0.52,8.29,0.15,10.5,0.65,1.83,0.44,9.62,0.44,,,,,,,,,,,,
14.202000,79.872000,28_515_shc_2024-25.21124,Manubolu,,,,,,,,,,,,,125.0,31.7,264.7,0.23,8.03,0.11,17.6,0.18,0.82,0.31,15.48,0.5,,,,,,,,,,,,
14.212000,79.502000,28_515_shc_2025-26.1741,Pangili,,,,,,,,,,,,,,,,,,,,,,,,,163.0,12.3,86.9,0.45,8.3,0.18,94.56,0.24,2.18,0.26,1.76,0.88
14.212000,79.502000,28_515_shc_2025-26.1742,Pangili,,,,,,,,,,,,,,,,,,,,,,,,,201.0,8.4,111.7,0.25,8.27,0.28,80.55,0.18,3.17,0.18,1.38,0.66
14.212000,79.502000,28_515_shc_2025-26.1743,Pangili,,,,,,,,,,,,,201.0,127.8,574.7,0.7,8.36,0.15,21.1,0.27,2.96,0.05,1.42,0.72,100.0,10.0,384.9,0.33,8.15,0.24,52.53,0.34,2.4,0.07,0.44,0.69
14.212000,79.502000,28_515_shc_2025-26.5229,Pangili,,,,,,,,,,,,,,,,,,,,,,,,,151.0,13.8,173.8,0.13,8.11,0.17,94.56,0.17,5.97,0.16,1.02,0.57
14.212000,79.502000,28_515_shc_2025-26.5243,Pangili,,,,,,,,,,,,,,,,,,,,,,,,,88.0,14.6,173.8,0.35,8.32,0.3,115.58,0.3,12.1,0.15,1.2,0.38
14.212000,79.528000,28_515_shc_2025-26.10925,Rapur,,,,,,,,,,,,,,,,,,,,,,,,,138.0,13.1,335.2,0.63,7.65,0.35,101.57,0.54,7.12,0.15,1.33,0.25
14.212000,79.528000,28_515_shc_2025-26.10926,Rapur,,,,,,,,,,,,,,,,,,,,,,,,,226.0,20.7,378.6,0.44,7.64,0.37,66.54,0.03,4.14,0.06,0.47,0.09
14.212000,79.562000,28_515_shc_2023-24.5798,Rapur,138.0,34.0,78.0,0.5,7.7,0.4,97.0,0.54,3.26,0.18,5.76,0.27,,,,,,,,,,,,,,,,,,,,,,,,
14.218000,79.898000,28_515_shc_2024-25.21420,Manubolu,,,,,,,,,,,,,125.0,1.0,181.0,0.27,6.85,0.1,33.0,0.256,8.19,0.49,3.67,0.12,,,,,,,,,,,,
14.212000,79.982000,28_515_shc_2024-25.21715,Pudiparthi,,,,,,,,,,,,,88.0,25.0,142.1,0.72,7.35,4.79,33.4,0.51,8.14,0.36,8.14,0.35,,,,,,,,,,,,
14.212000,79.982000,28_515_shc_2024-25.21724,Pudiparthi,,,,,,,,,,,,,113.0,35.0,122.7,0.38,7.45,4.31,17.6,0.63,5.38,0.58,4.23,0.28,,,,,,,,,,,,
14.222000,79.492000,28_515_shc_2025-26.4248,Pangili,,,,,,,,,,,,,,,,,,,,,,,,,38.0,14.6,117.9,0.45,8.2,0.29,45.53,0.28,2.4,0.23,0.3,0.72
14.222000,79.492000,28_515_shc_2025-26.4542,Pangili,,,,,,,,,,,,,,,,,,,,,,,,,63.0,16.9,80.7,0.11,8.17,0.3,52.53,0.31,3.18,0.17,3.15,0.38
14.228000,79.568000,28_515_shc_2025-26.2091,Bojjanapalle,,,,,,,,,,,,,,,,,,,,,,,,,201.0,7.7,620.7,0.15,8.23,0.1,35.02,0.16,6.17,0.11,1.37,0.13
14.228000,79.568000,28_515_shc_2025-26.9292,Veerayapalem,,,,,,,,,,,,,,,,,,,,,,,,,176.0,0.8,620.7,0.23,8.25,0.1,28.02,0.44,4.18,0.02,1.54,0.19
14.228000,79.568000,28_515_shc_2025-26.9298,Bojjanapalle,,,,,,,,,,,,,,,,,,,,,,,,,201.0,0.8,620.7,0.25,8.18,0.1,28.02,0.19,2.95,0.25,1.64,0.25
14.228000,79.568000,28_515_shc_2025-26.9339,Bojjanapalle,,,,,,,,,,,,,,,,,,,,,,,,,100.0,1.5,620.7,0.2,8.12,0.1,45.53,0.51,5.93,0.15,1.39,0.03
14.228000,79.572000,28_515_shc_2025-26.4814,Bojjanapalle,,,,,,,,,,,,,,,,,,,,,,,,,201.0,0.8,620.7,0.25,8.02,0.1,21.01,0.24,1.98,0.2,1.95,0.31
14.228000,79.572000,28_515_shc_2025-26.4816,Bojjanapalle,,,,,,,,,,,,,,,,,,,,,,,,,188.0,3.8,620.7,0.25,8.03,0.1,21.01,0.41,8.97,0.01,1.09,0.22
14.225000,79.595000,28_515_shc_2025-26.2126,Veerayapalem,,,,,,,,,,,,,,,,,,,,,,,,,75.0,5.4,403.5,0.43,8.02,0.1,108.57,0.09,1.68,0.01,1.04,0.06
14.222000,79.598000,28_515_shc_2025-26.2053,Veerayapalem,,,,,,,,,,,,,,,,,,,,,,,,,50.0,12.3,415.9,0.38,8.01,0.2,35.02,0.38,10.1,0.02,1.36,0.09
14.225000,79.685000,28_515_shc_2023-24.6945,Molakalapundla,113.0,33.0,189.0,0.52,8.4,0.2,57.0,0.22,5.08,0.17,2.19,0.8,,,,,,,,,,,,,,,,,,,,,,,,
14.222000,79.892000,28_515_shc_2023-24.5895,Manubolu,100.0,14.0,435.0,0.42,8.5,0.46,170.0,0.68,8.36,0.84,8.9,2.1,,,,,,,,,,,,,,,,,,,,,,,,
14.225000,79.995000,28_515_shc_2023-24.7495,Pudiparthi,226.0,16.0,46.0,1.0,7.5,2.0,14.0,0.4,10.4,3.2,3.5,0.15,,,,,,,,,,,,,,,,,,,,,,,,
14.228000,79.998000,28_515_shc_2023-24.7499,Pudiparthi,125.0,11.0,72.0,1.57,7.5,1.1,19.0,0.06,9.8,0.54,1.3,0.15,,,,,,,,,,,,,,,,,,,,,,,,
14.235000,79.545000,28_515_shc_2024-25.9627,Rapur,,,,,,,,,,,,,176.0,1.0,148.0,0.64,8.12,0.15,26.0,0.46,17.81,0.82,5.26,0.18,,,,,,,,,,,,
14.235000,79.605000,28_515_shc_2025-26.2061,Gilakapadu,,,,,,,,,,,,,,,,,,,,,,,,,50.0,19.2,620.7,0.33,7.56,0.12,35.02,0.28,7.33,0.18,1.49,0.44
14.232000,79.742000,28_515_shc_2023-24.5025,Molakalapundla,88.0,3.0,91.0,0.31,9.7,4.6,31.0,0.41,3.24,0.03,12.87,0.08,,,,,,,,,,,,,,,,,,,,,,,,
14.232000,79.742000,28_515_shc_2023-24.5258,Utukur,38.0,1.0,228.0,0.4,9.1,0.48,31.0,0.14,6.38,0.02,12.14,0.04,,,,,,,,,,,,,,,,,,,,,,,,
14.232000,79.858000,28_515_shc_2024-25.9757,Vadlapudi,,,,,,,,,,,,,188.0,8.0,284.0,0.9,7.83,4.24,2.0,0.16,7.21,0.21,2.34,0.63,,,,,,,,,,,,
14.232000,79.858000,28_515_shc_2024-25.9799,Vadlapudi,,,,,,,,,,,,,213.0,138.0,187.0,1.05,8.67,1.28,5.0,0.84,4.36,0.42,7.24,0.25,,,,,,,,,,,,
14.232000,79.872000,28_515_shc_2023-24.5023,JATLAKONDURU,113.0,56.0,182.0,0.38,8.2,0.5,57.0,0.1,15.5,1.08,5.62,0.11,,,,,,,,,,,,,,,,,,,,,,,,
14.232000,79.872000,28_515_shc_2023-24.7118,JATLAKONDURU,100.0,12.0,286.0,0.15,8.5,0.23,35.0,0.48,6.74,0.38,7.04,1.96,,,,,,,,,,,,,,,,,,,,,,,,
14.232000,79.962000,28_515_shc_2023-24.7507,Edagali,163.0,85.0,280.0,1.2,7.1,0.4,12.0,0.42,21.0,0.7,2.6,0.08,,,,,,,,,,,,,,,,,,,,,,,,
14.232000,80.042000,28_515_shc_2024-25.16267,Epuru Bit-I-A,,,,,,,,,,,,,75.0,26.2,109.8,0.3,7.44,1.83,17.6,0.46,6.38,0.14,2.86,1.2,,,,,,,,,,,,
14.232000,80.052000,28_515_shc_2023-24.6877,Epuru Bit-I-A,226.0,40.0,195.0,0.38,7.4,0.6,19.0,0.08,15.4,0.51,4.9,0.04,188.0,34.9,206.6,0.9,8.15,0.1,22.8,0.16,7.18,0.14,21.81,0.72,,,,,,,,,,,,
14.248000,79.852000,28_515_shc_2024-25.835,Madamanuru,,,,,,,,,,,,,251.0,35.0,90.0,0.82,7.71,0.65,72.0,0.68,9.18,0.86,29.6,0.18,,,,,,,,,,,,
14.248000,79.852000,28_515_shc_2024-25.4963,Madamanuru,50.0,23.0,137.0,0.58,7.6,1.4,90.0,0.16,10.4,0.31,4.1,0.11,213.0,164.0,562.0,0.53,7.66,0.79,51.0,0.68,8.18,1.01,14.14,0.09,,,,,,,,,,,,
14.248000,79.852000,28_515_shc_2024-25.4998,Madamanuru,138.0,17.0,371.0,0.21,8.4,0.4,90.0,0.54,10.4,1.62,5.6,0.42,238.0,129.0,329.0,0.46,7.69,0.76,33.0,0.88,7.36,0.56,7.38,0.44,,,,,,,,,,,,
14.248000,79.852000,28_515_shc_2024-25.5144,Madamanuru,,,,,,,,,,,,,238.0,129.0,329.0,0.46,7.69,0.76,33.0,0.88,7.36,0.56,7.38,0.44,,,,,,,,,,,,
14.248000,79.852000,28_515_shc_2024-25.5160,Madamanuru,63.0,2.0,91.0,0.78,8.1,0.3,19.0,0.2,2.17,1.35,5.72,0.04,163.0,138.0,181.0,0.76,7.71,0.64,61.0,1.16,8.98,1.07,36.44,0.31,,,,,,,,,,,,
14.248000,79.852000,28_515_shc_2024-25.20676,Madamanuru,,,,,,,,,,,,,201.0,164.0,303.0,0.69,7.69,0.62,77.0,0.72,7.24,0.72,10.41,0.28,,,,,,,,,,,,
14.248000,79.962000,28_515_shc_2024-25.21637,Edagali,,,,,,,,,,,,,125.0,100.0,90.4,0.1,6.81,1.44,1.8,0.28,9.14,0.38,4.38,0.6,,,,,,,,,,,,
14.248000,79.962000,28_515_shc_2024-25.21641,Edagali,,,,,,,,,,,,,238.0,164.0,142.1,0.62,7.13,0.12,26.4,0.18,7.14,0.21,7.18,0.28,,,,,,,,,,,,
14.248000,79.962000,28_515_shc_2024-25.21642,Edagali,,,,,,,,,,,,,176.0,25.0,148.5,0.14,7.81,0.1,5.3,0.21,4.24,0.41,3.28,0.54,,,,,,,,,,,,
14.248000,79.962000,28_515_shc_2024-25.21646,Edagali,,,,,,,,,,,,,226.0,164.0,96.9,0.2,8.02,0.1,19.3,0.14,5.38,0.44,8.36,0.54,,,,,,,,,,,,
14.248000,79.962000,28_515_shc_2024-25.21647,Edagali,,,,,,,,,,,,,213.0,62.0,335.8,0.31,7.98,0.81,1.8,0.38,6.42,0.28,6.16,0.98,,,,,,,,,,,,
14.248000,79.962000,28_515_shc_2024-25.21652,Edagali,,,,,,,,,,,,,213.0,17.0,200.2,0.31,6.81,0.37,1.8,0.14,7.24,0.54,7.14,0.22,,,,,,,,,,,,
14.248000,79.962000,28_515_shc_2024-25.21908,Edagali,,,,,,,,,,,,,201.0,51.0,103.3,0.77,7.75,5.22,40.4,0.72,4.26,0.28,6.18,0.25,,,,,,,,,,,,
14.248000,79.962000,28_515_shc_2024-25.21920,Edagali,,,,,,,,,,,,,238.0,16.0,51.7,0.08,7.74,6.29,19.3,0.36,5.38,0.14,4.38,2.11,,,,,,,,,,,,
14.248000,79.962000,28_515_shc_2024-25.22547,Edagali,,,,,,,,,,,,,188.0,89.0,400.3,0.62,7.62,0.17,19.3,0.38,7.18,0.38,8.14,0.16,,,,,,,,,,,,
14.248000,79.962000,28_515_shc_2024-25.22555,Edagali,,,,,,,,,,,,,213.0,99.0,155.0,0.38,7.06,1.23,26.4,0.21,10.18,0.48,9.36,0.19,,,,,,,,,,,,
14.248000,79.962000,28_515_shc_2024-25.22556,Edagali,,,,,,,,,,,,,88.0,164.0,161.4,0.14,6.89,1.35,12.3,0.18,8.32,0.38,6.14,0.06,,,,,,,,,,,,
14.248000,79.962000,28_515_shc_2024-25.22557,Edagali,,,,,,,,,,,,,188.0,8.0,129.1,0.15,6.86,1.21,5.3,0.26,9.31,0.28,7.14,0.44,,,,,,,,,,,,
14.248000,79.962000,28_515_shc_2024-25.22558,Edagali,,,,,,,,,,,,,188.0,164.0,83.9,0.62,6.96,0.92,19.3,0.42,9.38,0.14,5.18,0.22,,,,,,,,,,,,
14.248000,79.962000,28_515_shc_2024-25.22561,Edagali,,,,,,,,,,,,,163.0,70.0,187.3,1.2,6.88,1.28,12.3,0.46,5.26,0.26,3.16,0.13,,,,,,,,,,,,
14.248000,79.962000,28_515_shc_2024-25.22567,Edagali,,,,,,,,,,,,,213.0,127.0,213.1,0.22,6.91,1.26,12.3,0.18,9.16,0.21,2.41,0.22,,,,,,,,,,,,
14.248000,79.962000,28_515_shc_2024-25.22572,Edagali,,,,,,,,,,,,,88.0,129.0,148.5,0.41,6.98,1.05,12.3,0.21,7.28,0.16,7.14,0.09,,,,,,,,,,,,
14.248000,79.962000,28_515_shc_2024-25.22573,Edagali,,,,,,,,,,,,,176.0,52.0,148.5,0.31,7.34,0.21,1.8,0.46,8.36,0.52,8.38,0.25,,,,,,,,,,,,
14.248000,79.962000,28_515_shc_2024-25.22574,Edagali,,,,,,,,,,,,,213.0,164.0,316.4,0.34,7.21,0.23,10.5,0.52,6.14,0.68,9.14,0.47,,,,,,,,,,,,
14.248000,79.962000,28_515_shc_2024-25.22578,Edagali,,,,,,,,,,,,,176.0,164.0,77.5,0.18,6.94,1.19,12.3,0.26,7.28,0.14,4.38,0.47,,,,,,,,,,,,
14.248000,79.962000,28_515_shc_2024-25.22579,Edagali,,,,,,,,,,,,,213.0,52.0,161.4,0.27,6.21,0.31,1.8,0.36,8.14,0.26,7.21,0.44,,,,,,,,,,,,
14.248000,79.962000,28_515_shc_2024-25.22580,Edagali,,,,,,,,,,,,,188.0,147.0,109.8,0.27,6.86,1.14,14.1,0.14,5.14,0.24,5.38,0.28,,,,,,,,,,,,
14.248000,79.962000,28_515_shc_2024-25.22583,Edagali,,,,,,,,,,,,,376.0,138.0,83.9,0.15,8.42,0.15,19.3,0.32,9.18,0.46,8.36,0.44,,,,,,,,,,,,
14.248000,79.962000,28_515_shc_2024-25.22588,Edagali,,,,,,,,,,,,,176.0,164.0,219.5,0.22,6.83,1.37,19.3,0.38,3.21,0.18,2.89,0.57,,,,,,,,,,,,
14.248000,79.962000,28_515_shc_2024-25.22589,Edagali,,,,,,,,,,,,,213.0,99.0,161.4,0.89,7.82,0.1,26.4,0.36,6.18,0.28,9.14,0.35,,,,,,,,,,,,
14.248000,79.962000,28_515_shc_2024-25.22594,Edagali,,,,,,,,,,,,,151.0,60.0,142.1,0.89,8.41,1.21,5.3,0.18,8.14,0.16,4.28,0.06,,,,,,,,,,,,
14.248000,79.962000,28_515_shc_2024-25.22603,Edagali,,,,,,,,,,,,,188.0,137.0,116.2,0.68,6.81,1.08,26.4,0.41,9.14,0.36,4.18,0.25,,,,,,,,,,,,
14.248000,79.962000,28_515_shc_2024-25.22605,Edagali,,,,,,,,,,,,,163.0,52.0,83.9,0.62,6.89,1.12,5.3,0.8,10.3,0.42,5.36,4.32,,,,,,,,,,,,
14.242000,80.052000,28_515_shc_2024-25.1669,Epuru Bit-I-A,,,,,,,,,,,,,113.0,55.7,90.4,1.33,8.11,0.49,10.5,0.56,7.21,0.24,8.68,1.86,,,,,,,,,,,,
14.255000,79.595000,28_515_shc_2025-26.4702,Gandurupalle,,,,,,,,,,,,,,,,,,,,,,,,,113.0,46.08,620.7,0.34,6.33,0.01,94.56,0.28,5.33,0.37,1.35,0.25
14.255000,79.595000,28_515_shc_2025-26.4855,Gandurupalle,,,,,,,,,,,,,,,,,,,,,,,,,75.0,3.8,620.7,0.46,7.8,0.23,80.55,0.26,4.11,0.07,2.17,0.57
14.255000,79.595000,28_515_shc_2025-26.4904,Gandurupalle,125.0,16.0,65.0,0.49,6.4,0.6,57.0,0.42,20.6,1.39,2.52,0.27,,,,,,,,,,,,,213.0,23.0,620.7,0.34,7.74,0.21,66.54,0.01,7.52,0.17,1.33,3.14
14.252000,79.642000,28_515_shc_2023-24.5486,Chuttupalem,188.0,91.0,20.0,1.25,8.2,0.4,40.0,0.64,8.18,0.08,8.26,0.15,,,,,,,,,,,,,,,,,,,,,,,,
14.255000,79.955000,28_515_shc_2024-25.21561,Idimepalle,,,,,,,,,,,,,113.0,94.0,206.6,0.27,8.57,0.48,1.8,0.38,50.14,0.62,90.26,0.44,,,,,,,,,,,,
14.255000,79.955000,28_515_shc_2024-25.21754,Idimepalle,,,,,,,,,,,,,163.0,57.0,155.0,0.12,8.61,0.48,1.8,0.38,6.14,0.72,6.38,0.28,,,,,,,,,,,,
14.255000,79.955000,28_515_shc_2024-25.21756,Idimepalle,,,,,,,,,,,,,238.0,10.0,219.5,0.1,8.64,0.13,8.8,0.16,7.38,0.38,7.21,0.35,,,,,,,,,,,,
14.255000,79.955000,28_515_shc_2024-25.22397,Idimepalle,,,,,,,,,,,,,188.0,25.0,387.4,0.27,7.92,0.56,54.5,0.24,5.38,0.26,5.38,1.1,,,,,,,,,,,,
14.252000,79.972000,28_515_shc_2023-24.7510,Idimepalle,63.0,4.0,650.0,0.02,7.4,0.3,14.0,0.92,21.4,0.58,10.4,1.1,,,,,,,,,,,,,,,,,,,,,,,,
14.258000,80.032000,28_515_shc_2024-25.22269,Epuru Bit - II (G V R Palem),,,,,,,,,,,,,100.0,104.0,135.6,0.15,8.11,0.89,1.8,0.42,7.28,0.46,7.21,0.28,,,,,,,,,,,,
14.258000,80.032000,28_515_shc_2024-25.22303,Epuru Bit - II (G V R Palem),,,,,,,,,,,,,113.0,124.0,238.9,0.38,8.13,0.85,5.3,0.66,19.4,0.52,8.14,0.88,,,,,,,,,,,,
14.258000,80.032000,28_515_shc_2024-25.22655,Epuru Bit - II (G V R Palem),,,,,,,,,,,,,113.0,20.0,90.4,0.62,8.21,1.74,12.3,0.18,8.16,0.38,8.26,0.35,,,,,,,,,,,,
14.268000,79.578000,28_515_shc_2025-26.11194,Nellepalle,,,,,,,,,,,,,,,,,,,,,,,,,163.0,16.9,316.6,0.26,7.51,0.1,66.54,0.35,3.8,0.2,1.37,0.44
14.262000,79.598000,28_515_shc_2024-25.9479,Sankurathripalle,,,,,,,,,,,,,113.0,1.0,129.0,0.66,7.35,1.01,60.0,0.58,24.3,0.58,5.43,0.37,,,,,,,,,,,,
14.268000,79.602000,28_515_shc_2025-26.535,Vepinapiakkmambapuram,,,,,,,,,,,,,,,,,,,,,,,,,75.0,3.8,490.4,0.39,7.46,0.05,87.56,0.2,0.44,0.3,0.44,0.5
14.268000,79.602000,28_515_shc_2025-26.544,Nayanipalle,,,,,,,,,,,,,,,,,,,,,,,,,13.0,19.2,496.6,0.39,7.66,0.04,56.04,0.31,9.33,0.22,1.35,0.41
14.268000,79.602000,28_515_shc_2025-26.545,Vepinapiakkmambapuram,,,,,,,,,,,,,,,,,,,,,,,,,151.0,12.3,521.4,0.46,6.76,0.09,35.02,0.15,8.38,0.22,0.81,0.63
14.268000,79.602000,28_515_shc_2025-26.546,Vepinapiakkmambapuram,,,,,,,,,,,,,,,,,,,,,,,,,50.0,10.0,571.1,0.44,6.95,0.05,28.02,0.6,7.13,0.18,0.98,0.82
14.268000,79.602000,28_515_shc_2025-26.548,Vepinapiakkmambapuram,,,,,,,,,,,,,,,,,,,,,,,,,88.0,10.0,620.7,0.44,6.68,0.03,122.58,0.03,1.65,0.1,0.48,0.69
14.268000,79.602000,28_515_shc_2025-26.549,Vepinapiakkmambapuram,,,,,,,,,,,,,,,,,,,,,,,,,163.0,4.6,465.5,0.33,6.74,0.04,52.53,0.01,1.29,0.07,0.06,3.14
14.268000,79.602000,28_515_shc_2025-26.553,Vepinapiakkmambapuram,,,,,,,,,,,,,,,,,,,,,,,,,25.0,13.8,620.7,0.23,7.82,0.07,108.57,0.06,9.61,0.05,1.2,0.5
14.268000,79.602000,28_515_shc_2025-26.554,Vepinapiakkmambapuram,,,,,,,,,,,,,,,,,,,,,,,,,13.0,10.0,446.9,0.39,6.87,0.08,59.54,0.25,12.1,0.27,1.35,0.75
14.268000,79.602000,28_515_shc_2025-26.1496,Vepinapiakkmambapuram,,,,,,,,,,,,,,,,,,,,,,,,,75.0,23.8,571.1,0.33,7.87,0.03,52.53,0.28,2.28,0.15,1.4,1.19
14.268000,79.602000,28_515_shc_2025-26.2003,Vepinapiakkmambapuram,,,,,,,,,,,,,,,,,,,,,,,,,188.0,7.7,620.7,0.31,6.67,0.03,66.54,0.43,3.66,0.17,2.01,0.57
14.268000,79.602000,28_515_shc_2025-26.7049,Vepinapiakkmambapuram,63.0,6.0,124.0,0.23,8.2,0.3,50.0,0.18,1.82,0.74,5.4,0.11,,,,,,,,,,,,,125.0,24.6,595.9,0.26,8.22,0.03,35.02,0.25,3.18,0.15,1.98,0.09
14.268000,79.602000,28_515_shc_2025-26.7050,Vepinapiakkmambapuram,,,,,,,,,,,,,,,,,,,,,,,,,226.0,23.8,564.9,0.34,6.85,0.01,42.03,0.25,3.18,0.09,0.68,0.06
14.268000,79.602000,28_515_shc_2025-26.7132,Vepinapiakkmambapuram,188.0,34.0,260.0,0.88,6.9,2.6,50.0,0.77,8.08,0.51,9.2,0.15,,,,,,,,,,,,,125.0,25.3,620.7,0.34,8.1,0.01,35.02,0.13,2.19,0.03,0.57,0.13
14.268000,79.602000,28_515_shc_2025-26.8226,Vepinapiakkmambapuram,,,,,,,,,,,,,,,,,,,,,,,,,163.0,9.2,595.9,0.26,7.6,0.02,45.53,0.38,3.22,0.15,2.01,0.19
14.268000,79.602000,28_515_shc_2025-26.8227,Vepinapiakkmambapuram,,,,,,,,,,,,,226.0,145.0,83.9,0.21,8.32,0.1,12.3,0.18,18.14,0.21,10.14,0.6,88.0,28.4,558.7,0.26,7.67,0.03,45.53,0.03,0.75,0.03,0.23,0.03
14.268000,79.602000,28_515_shc_2025-26.8251,Munagala Venkatapuram,,,,,,,,,,,,,,,,,,,,,,,,,88.0,2.3,620.7,0.2,7.65,0.08,45.53,0.37,4.18,0.09,0.98,1.89
14.268000,79.602000,28_515_shc_2025-26.8306,Vepinapiakkmambapuram,,,,,,,,,,,,,,,,,,,,,,,,,213.0,43.78,620.7,0.23,7.64,0.02,28.02,0.21,4.18,0.22,1.98,0.25
14.268000,79.602000,28_515_shc_2025-26.8307,Vepinapiakkmambapuram,,,,,,,,,,,,,,,,,,,,,,,,,176.0,11.5,620.7,0.26,8.21,0.02,136.59,0.07,2.2,0.21,0.73,0.25
14.268000,79.602000,28_515_shc_2025-26.11097,Sankurathripalle,,,,,,,,,,,,,,,,,,,,,,,,,188.0,20.7,520.7,0.26,6.6,0.02,80.55,0.25,3.75,0.2,0.08,0.44
14.268000,79.602000,28_515_shc_2025-26.11098,Munagala Venkatapuram,,,,,,,,,,,,,,,,,,,,,,,,,13.0,8.4,577.3,0.38,7.59,0.01,42.03,0.3,2.55,0.03,11.59,3.14
14.268000,79.602000,28_515_shc_2025-26.11104,Munagala Venkatapuram,,,,,,,,,,,,,,,,,,,,,,,,,75.0,8.4,602.1,0.39,7.43,0.05,42.03,0.42,2.16,0.17,1.25,2.52
14.268000,79.602000,28_515_shc_2025-26.11106,Munagala Venkatapuram,,,,,,,,,,,,,,,,,,,,,,,,,251.0,13.8,546.2,0.34,6.69,0.1,108.57,0.55,3.1,0.2,0.37,0.94
14.268000,79.602000,28_515_shc_2025-26.11107,Munagala Venkatapuram,,,,,,,,,,,,,,,,,,,,,,,,,63.0,17.7,521.4,0.37,7.37,0.01,115.58,0.3,3.21,0.26,4.37,0.94
14.268000,79.602000,28_515_shc_2025-26.11108,Munagala Venkatapuram,,,,,,,,,,,,,,,,,,,,,,,,,188.0,14.6,521.4,0.2,7.42,0.02,35.02,0.38,3.18,0.25,2.18,0.5
14.268000,79.602000,28_515_shc_2025-26.11109,Munagala Venkatapuram,,,,,,,,,,,,,,,,,,,,,,,,,188.0,7.7,571.1,0.2,7.4,0.01,35.02,0.29,14.33,0.15,2.18,0.57
14.268000,79.602000,28_515_shc_2025-26.11110,Munagala Venkatapuram,,,,,,,,,,,,,100.0,7.6,77.5,0.5,8.16,2.31,101.9,0.86,29.96,0.84,10.52,1.29,226.0,15.4,552.4,0.39,6.79,0.01,42.03,0.32,5.18,0.18,0.12,0.38
14.268000,79.602000,28_515_shc_2025-26.11111,Munagala Venkatapuram,,,,,,,,,,,,,,,,,,,,,,,,,100.0,16.9,496.6,0.26,7.52,0.02,59.54,0.17,2.17,0.35,1.35,0.5
14.268000,79.602000,28_515_shc_2025-26.11113,Munagala Venkatapuram,,,,,,,,,,,,,,,,,,,,,,,,,13.0,9.2,434.5,0.39,7.58,0.01,35.02,0.22,3.89,0.25,0.15,0.13
14.268000,79.602000,28_515_shc_2025-26.11114,Munagala Venkatapuram,,,,,,,,,,,,,,,,,,,,,,,,,125.0,6.1,515.2,0.34,6.64,0.06,35.02,0.28,5.31,0.31,1.33,0.09
14.268000,79.602000,28_515_shc_2025-26.11116,Munagala Venkatapuram,,,,,,,,,,,,,,,,,,,,,,,,,276.0,14.6,620.7,0.59,7.65,0.01,70.05,0.13,3.92,0.01,0.56,0.63
14.268000,79.602000,28_515_shc_2025-26.11120,Munagala Venkatapuram,,,,,,,,,,,,,,,,,,,,,,,,,213.0,4.6,471.8,0.2,7.55,0.01,63.04,0.14,4.95,0.33,0.98,0.25
14.268000,79.602000,28_515_shc_2025-26.11124,Munagala Venkatapuram,,,,,,,,,,,,,,,,,,,,,,,,,163.0,17.7,509.0,0.39,7.69,0.02,59.54,0.35,9.13,0.22,1.67,0.25
14.268000,79.602000,28_515_shc_2025-26.11127,Munagala Venkatapuram,,,,,,,,,,,,,,,,,,,,,,,,,151.0,14.6,434.5,0.31,7.67,0.02,87.56,0.17,2.15,0.03,1.38,0.57
14.268000,79.602000,28_515_shc_2025-26.11671,Vepinapiakkmambapuram,,,,,,,,,,,,,,,,,,,,,,,,,138.0,16.9,515.2,0.47,6.65,0.08,80.55,0.31,0.18,0.15,2.11,0.66
14.268000,79.602000,28_515_shc_2025-26.11672,Vepinapiakkmambapuram,,,,,,,,,,,,,,,,,,,,,,,,,188.0,20.0,422.1,0.46,7.75,0.07,129.59,0.22,4.41,0.27,3.15,0.6
14.265000,79.735000,28_515_shc_2025-26.2074,Orupalle @ Turimerla,,,,,,,,,,,,,,,,,,,,,,,,,226.0,11.5,298.0,0.44,8.37,0.2,45.53,0.22,3.73,0.31,2.01,0.38
14.268000,79.968000,28_515_shc_2024-25.22116,Survepalle Bit 閳 II,,,,,,,,,,,,,213.0,35.0,161.4,0.11,8.16,1.29,1.8,0.16,7.16,0.26,7.21,0.98,,,,,,,,,,,,
14.268000,79.998000,28_515_shc_2023-24.7528,Survepalle-III @ Iskapalem,138.0,64.0,162.0,0.58,8.3,0.3,7.0,1.2,5.78,0.03,4.0,0.34,,,,,,,,,,,,,,,,,,,,,,,,
14.262000,80.008000,28_515_shc_2024-25.21585,Pudiparthi,,,,,,,,,,,,,88.0,68.0,413.3,0.23,8.63,0.76,26.4,0.28,9.28,0.28,9.16,0.6,,,,,,,,,,,,
14.262000,80.008000,28_515_shc_2024-25.22270,Pudiparthi,,,,,,,,,,,,,151.0,16.0,619.9,0.38,7.65,1.43,40.4,0.24,7.14,0.46,3.21,0.35,,,,,,,,,,,,
14.268000,80.008000,28_515_shc_2024-25.21858,Survepalle-III @ Iskapalem,,,,,,,,,,,,,163.0,51.0,232.5,0.2,6.62,0.59,10.5,0.38,6.28,0.58,5.04,0.41,,,,,,,,,,,,
14.268000,80.022000,28_515_shc_2024-25.21671,Punjulurupadu,,,,,,,,,,,,,188.0,57.0,142.1,0.52,6.42,0.41,29.9,0.21,6.24,0.26,7.28,2.05,,,,,,,,,,,,
14.265000,80.025000,28_515_shc_2024-25.21731,Punjulurupadu,,,,,,,,,,,,,201.0,97.0,387.4,0.1,6.18,0.17,33.4,0.76,9.18,0.38,8.26,0.44,,,,,,,,,,,,
14.262000,80.058000,28_515_shc_2025-26.7496,Narikellapalle,,,,,,,,,,,,,,,,,,,,,,,,,226.0,21.1,77.3,0.47,7.18,0.26,28.02,0.51,5.14,0.28,3.88,0.03
14.272000,79.612000,28_515_shc_2024-25.5259,Vepinapiakkmambapuram,,,,,,,,,,,,,163.0,17.0,122.0,0.64,8.16,0.33,47.0,0.46,38.5,0.75,2.48,0.12,,,,,,,,,,,,
14.272000,79.618000,28_515_shc_2025-26.1668,Sankurathripalle,,,,,,,,,,,,,,,,,,,,,,,,,88.0,10.8,571.1,0.34,8.01,0.02,42.03,0.31,2.48,0.25,5.31,0.13
14.272000,79.618000,28_515_shc_2025-26.4573,Sankurathripalle,,,,,,,,,,,,,,,,,,,,,,,,,176.0,8.4,589.7,0.21,7.99,0.02,28.02,0.22,5.16,0.31,2.0,0.13
14.272000,79.618000,28_515_shc_2025-26.4604,Sankurathripalle,,,,,,,,,,,,,,,,,,,,,,,,,201.0,3.8,434.5,0.47,8.19,0.03,185.62,0.23,2.28,0.38,1.47,0.25
14.272000,79.618000,28_515_shc_2025-26.4605,Sankurathripalle,,,,,,,,,,,,,,,,,,,,,,,,,13.0,10.0,608.3,0.26,7.78,0.01,35.02,0.25,3.18,0.37,2.15,0.25
14.272000,79.618000,28_515_shc_2025-26.4616,Sankurathripalle,,,,,,,,,,,,,,,,,,,,,,,,,213.0,1.5,478.0,0.21,8.08,0.01,129.59,0.06,6.21,0.23,0.18,0.25
14.272000,79.618000,28_515_shc_2025-26.4617,Sankurathripalle,,,,,,,,,,,,,,,,,,,,,,,,,251.0,6.9,620.7,0.33,7.68,0.04,52.53,0.41,3.55,0.18,0.78,0.06
14.272000,79.618000,28_515_shc_2025-26.4622,Sankurathripalle,,,,,,,,,,,,,,,,,,,,,,,,,163.0,8.4,415.9,0.34,8.16,0.01,192.63,0.11,2.01,0.05,0.46,0.09
14.272000,79.618000,28_515_shc_2025-26.4838,Sankurathripalle,,,,,,,,,,,,,,,,,,,,,,,,,25.0,20.7,459.3,0.44,8.07,0.01,66.54,0.41,2.16,0.18,1.24,0.06
14.272000,79.618000,28_515_shc_2025-26.4870,Sankurathripalle,113.0,6.0,215.0,0.21,8.6,0.8,78.0,0.51,7.2,0.04,6.3,0.08,,,,,,,,,,,,,113.0,12.3,602.1,0.39,8.17,0.01,59.54,0.17,3.19,0.2,3.14,0.06
14.272000,79.618000,28_515_shc_2025-26.4895,Sankurathripalle,,,,,,,,,,,,,,,,,,,,,,,,,138.0,6.1,514.5,0.37,6.95,0.01,21.01,0.22,1.41,0.01,0.16,0.06
14.272000,79.618000,28_515_shc_2025-26.4911,Sankurathripalle,,,,,,,,,,,,,,,,,,,,,,,,,201.0,2.3,521.4,0.34,8.09,0.02,80.55,0.28,4.91,0.07,2.33,0.19
14.278000,79.738000,28_515_shc_2025-26.1551,Kalichedu,,,,,,,,,,,,,,,,,,,,,,,,,201.0,33.8,310.4,0.14,8.53,0.19,59.54,0.14,1.95,0.24,4.97,0.82
14.278000,79.738000,28_515_shc_2025-26.4195,Griddalur,,,,,,,,,,,,,,,,,,,,,,,,,213.0,7.7,223.5,0.11,8.5,0.22,28.02,0.17,2.33,0.39,2.05,0.38
14.278000,79.742000,28_515_shc_2025-26.5389,Griddalur,,,,,,,,,,,,,,,,,,,,,,,,,201.0,15.4,180.0,0.1,8.33,0.12,122.58,0.38,5.1,0.37,1.38,0.44
14.278000,79.742000,28_515_shc_2025-26.5406,Griddalur,,,,,,,,,,,,,,,,,,,,,,,,,176.0,23.8,384.9,0.2,8.33,0.22,42.03,0.41,2.47,0.22,1.75,0.5
14.278000,79.828000,28_515_shc_2024-25.984,Akkampeta,,,,,,,,,,,,,176.0,1.0,136.0,0.84,8.37,0.24,2.0,0.86,9.36,0.81,7.21,0.34,113.0,6.1,347.6,0.12,8.3,0.1,45.53,0.38,4.87,0.22,5.21,0.66
14.278000,79.828000,28_515_shc_2024-25.5652,Akkampeta,,,,,,,,,,,,,100.0,164.0,297.0,0.26,8.15,0.1,5.0,0.76,10.8,0.14,7.21,1.38,,,,,,,,,,,,
14.278000,79.828000,28_515_shc_2024-25.5654,Akkampeta,,,,,,,,,,,,,226.0,109.0,310.0,0.37,8.18,0.31,11.0,0.48,7.21,0.36,8.68,0.94,,,,,,,,,,,,
14.278000,79.828000,28_515_shc_2024-25.5731,Akkampeta,,,,,,,,,,,,,138.0,8.0,116.0,0.7,8.14,0.67,44.0,0.71,7.48,3.21,8.26,0.72,,,,,,,,,,,,
14.278000,79.828000,28_515_shc_2024-25.5734,Akkampeta,,,,,,,,,,,,,263.0,62.0,129.0,0.16,8.14,0.1,2.0,0.68,9.36,6.16,7.26,0.5,,,,,,,,,,,,
14.278000,79.832000,28_515_shc_2023-24.6364,Akkampeta,100.0,6.0,189.0,0.75,7.6,0.6,45.0,0.16,26.2,2.39,7.6,0.57,,,,,,,,,,,,,,,,,,,,,,,,
14.275000,79.845000,28_515_shc_2024-25.9766,Vadlapudi,,,,,,,,,,,,,238.0,8.0,207.0,0.31,8.22,0.23,2.0,0.72,6.48,0.68,4.62,0.09,,,,,,,,,,,,
14.275000,79.845000,28_515_shc_2024-25.9807,Vadlapudi,,,,,,,,,,,,,226.0,38.0,174.0,0.39,8.15,0.86,11.0,0.68,2.68,0.51,1.42,0.28,176.0,14.7,147.5,0.5,6.54,0.49,52.53,0.31,5.18,0.38,5.26,0.58
14.278000,79.928000,28_515_shc_2024-25.21861,Survepalle Bit 閳 II,,,,,,,,,,,,,176.0,52.0,148.5,0.44,6.52,0.82,8.3,0.3,8.36,0.14,7.26,0.28,,,,,,,,,,,,
14.272000,79.972000,28_515_shc_2023-24.7553,Survepalle Bit 閳 II,251.0,16.0,104.0,1.86,7.3,1.6,104.0,0.34,8.7,0.66,4.4,0.19,,,,,,,,,,,,,,,,,,,,,,,,
14.278000,80.008000,28_515_shc_2024-25.21512,Survepalle-III @ Iskapalem,,,,,,,,,,,,,176.0,157.0,250.2,0.31,6.54,0.29,10.5,0.38,7.26,0.21,8.06,0.41,,,,,,,,,,,,
14.275000,80.045000,28_515_shc_2024-25.1656,Epuru Bit - I - B,,,,,,,,,,,,,88.0,37.1,90.4,0.38,8.16,0.17,14.1,0.44,5.21,0.18,9.14,1.2,,,,,,,,,,,,
14.272000,80.078000,28_515_shc_2024-25.5884,Epuru Bit - I - B,,,,,,,,,,,,,163.0,44.0,129.0,0.1,8.17,1.31,39.0,1.21,3.48,0.26,6.36,0.34,,,,,,,,,,,,
14.272000,80.078000,28_515_shc_2024-25.20118,Muthukur,,,,,,,,,,,,,125.0,90.0,489.0,0.63,8.06,3.6,141.0,0.55,21.04,1.24,6.56,0.37,,,,,,,,,,,,
14.282000,79.568000,28_515_shc_2024-25.5443,Vepinapiakkmambapuram,,,,,,,,,,,,,75.0,80.0,155.0,1.01,8.09,0.14,81.0,0.38,38.4,0.54,7.38,0.59,,,,,,,,,,,,
14.288000,79.618000,28_515_shc_2023-24.6293,Sanayapalem,88.0,21.0,46.0,0.62,8.3,0.1,163.0,0.2,5.86,0.28,6.48,0.19,,,,,,,,,,,,,,,,,,,,,,,,
14.285000,79.735000,28_515_shc_2023-24.5048,Kalichedu,188.0,14.0,182.0,0.62,7.6,1.0,35.0,0.04,10.6,0.56,6.4,0.19,,,,,,,,,,,,,,,,,,,,,,,,
14.288000,79.732000,28_515_shc_2025-26.1553,Kalichedu,,,,,,,,,,,,,,,,,,,,,,,,,75.0,49.92,273.1,0.22,8.4,0.18,52.53,0.58,5.36,0.11,3.86,0.66
14.288000,79.732000,28_515_shc_2025-26.1554,Kalichedu,,,,,,,,,,,,,,,,,,,,,,,,,125.0,14.6,192.4,0.37,8.37,0.25,80.55,0.28,1.92,0.19,1.33,0.5
14.288000,79.732000,28_515_shc_2025-26.1555,Griddalur,,,,,,,,,,,,,,,,,,,,,,,,,151.0,15.4,229.7,0.25,8.46,0.27,35.02,0.26,0.37,0.01,2.83,0.06
14.288000,79.732000,28_515_shc_2025-26.1709,Orupalle,,,,,,,,,,,,,,,,,,,,,,,,,50.0,12.3,211.0,0.35,8.42,0.46,87.56,0.41,6.19,0.33,2.1,0.63
14.288000,79.732000,28_515_shc_2025-26.2186,Kalichedu,,,,,,,,,,,,,,,,,,,,,,,,,163.0,11.5,298.0,0.25,8.3,0.2,80.55,0.6,1.48,0.24,1.72,0.75
14.288000,79.732000,28_515_shc_2025-26.2195,Kalichedu,,,,,,,,,,,,,,,,,,,,,,,,,138.0,22.3,155.2,0.25,8.5,0.44,136.59,0.16,3.68,0.36,1.49,0.82
14.288000,79.732000,28_515_shc_2025-26.4169,Kalichedu,,,,,,,,,,,,,,,,,,,,,,,,,176.0,1.5,329.0,0.27,8.44,0.33,73.55,0.17,4.37,0.51,1.59,0.57
14.288000,79.732000,28_515_shc_2025-26.4197,Griddalur,,,,,,,,,,,,,,,,,,,,,,,,,226.0,26.9,37.2,0.27,8.61,0.36,52.53,0.45,4.69,0.08,1.36,0.35
14.288000,79.732000,28_515_shc_2025-26.4203,Griddalur,,,,,,,,,,,,,,,,,,,,,,,,,238.0,19.2,273.1,0.18,8.51,0.12,52.53,0.23,0.86,0.3,1.66,0.44
14.288000,79.732000,28_515_shc_2025-26.4204,Griddalur,,,,,,,,,,,,,,,,,,,,,,,,,151.0,10.0,279.3,0.08,8.42,0.15,115.58,0.28,4.01,0.11,2.15,0.5
14.288000,79.732000,28_515_shc_2025-26.4947,Orupalle,,,,,,,,,,,,,,,,,,,,,,,,,38.0,3.8,329.0,0.37,8.46,0.46,52.53,0.35,1.66,0.68,1.68,0.66
14.288000,79.732000,28_515_shc_2025-26.5101,Orupalle,,,,,,,,,,,,,,,,,,,,,,,,,38.0,17.7,229.7,0.38,8.3,0.42,115.58,0.33,5.01,0.46,1.75,1.23
14.288000,79.732000,28_515_shc_2025-26.5102,Orupalle,,,,,,,,,,,,,,,,,,,,,,,,,125.0,88.3,161.4,0.27,8.42,0.44,115.58,0.19,5.12,0.21,1.97,0.57
14.288000,79.732000,28_515_shc_2025-26.5103,Orupalle,151.0,2.0,283.0,0.58,6.2,0.1,31.0,0.76,5.83,0.18,4.5,0.4,,,,,,,,,,,,,38.0,7.7,291.7,0.52,8.35,0.57,94.56,0.33,7.35,0.24,1.6,1.32
14.288000,79.732000,28_515_shc_2025-26.5111,Orupalle,,,,,,,,,,,,,,,,,,,,,,,,,138.0,10.8,235.9,0.34,8.42,0.52,87.56,0.51,5.01,0.19,1.33,0.5
14.288000,79.732000,28_515_shc_2025-26.5140,Orupalle,,,,,,,,,,,,,,,,,,,,,,,,,138.0,34.6,266.9,0.49,8.37,0.5,154.1,0.14,3.86,0.91,1.33,0.5
14.288000,79.732000,28_515_shc_2025-26.5141,Orupalle,138.0,1.0,52.0,0.58,8.1,0.6,40.0,0.64,3.42,0.42,5.9,0.04,,,,,,,,,,,,,88.0,20.7,136.6,0.31,8.32,0.5,161.11,0.36,3.86,0.37,1.53,1.6
14.282000,79.812000,28_515_shc_2024-25.434,Vadlapudi,,,,,,,,,,,,,100.0,52.0,142.0,0.91,8.01,0.97,61.0,0.18,8.36,0.14,21.4,0.15,,,,,,,,,,,,
14.282000,79.812000,28_515_shc_2024-25.437,Vadlapudi,,,,,,,,,,,,,201.0,25.0,174.0,0.97,8.01,1.03,40.0,0.21,10.14,0.24,8.36,0.91,,,,,,,,,,,,
14.282000,79.828000,28_515_shc_2024-25.1037,Akkampeta,,,,,,,,,,,,,113.0,17.0,265.0,0.81,7.74,1.72,23.0,0.68,2.16,0.36,7.21,1.13,,,,,,,,,,,,
14.282000,79.828000,28_515_shc_2024-25.1040,Akkampeta,,,,,,,,,,,,,176.0,35.0,245.0,0.73,8.86,0.61,137.0,0.58,6.48,0.46,1.21,0.44,,,,,,,,,,,,
14.282000,79.828000,28_515_shc_2024-25.8723,Akkampeta,,,,,,,,,,,,,113.0,35.0,239.0,0.68,8.07,0.63,9.0,0.77,0.75,0.28,6.16,1.79,,,,,,,,,,,,
14.282000,79.828000,28_515_shc_2024-25.8728,Akkampeta,,,,,,,,,,,,,75.0,35.0,142.0,0.68,7.92,0.52,2.0,0.58,7.36,0.48,7.26,0.5,,,,,,,,,,,,
14.282000,79.828000,28_515_shc_2024-25.8765,Akkampeta,,,,,,,,,,,,,176.0,19.0,226.0,0.64,8.08,0.24,11.0,0.72,1.84,0.42,6.18,0.44,,,,,,,,,,,,
14.282000,79.828000,28_515_shc_2024-25.8770,Akkampeta,,,,,,,,,,,,,213.0,35.0,200.0,0.71,8.07,0.1,2.0,0.62,10.4,0.28,8.26,0.91,,,,,,,,,,,,
14.282000,79.828000,28_515_shc_2024-25.8771,Akkampeta,,,,,,,,,,,,,176.0,1.0,284.0,0.78,8.13,0.52,14.0,0.58,7.21,0.34,9.36,0.53,,,,,,,,,,,,
14.282000,79.828000,28_515_shc_2024-25.8789,Akkampeta,,,,,,,,,,,,,100.0,8.0,413.0,0.73,8.06,0.1,23.0,0.68,9.26,0.16,68.4,1.07,,,,,,,,,,,,
14.282000,79.828000,28_515_shc_2024-25.8862,Akkampeta,,,,,,,,,,,,,100.0,109.0,426.0,0.51,7.68,3.29,2.0,0.56,9.86,0.16,4.26,0.34,,,,,,,,,,,,
14.282000,79.828000,28_515_shc_2024-25.8886,Akkampeta,,,,,,,,,,,,,188.0,1.0,149.0,0.72,7.93,0.63,40.0,0.71,6.38,0.18,7.16,0.15,,,,,,,,,,,,
14.282000,79.828000,28_515_shc_2024-25.8887,Akkampeta,,,,,,,,,,,,,113.0,8.0,220.0,0.69,8.16,0.1,21.0,0.88,5.15,0.5,6.97,1.89,,,,,,,,,,,,
14.282000,79.828000,28_515_shc_2024-25.8890,Akkampeta,,,,,,,,,,,,,226.0,1.13,181.0,0.65,8.05,0.1,44.0,1.04,5.04,0.54,9.25,2.28,,,,,,,,,,,,
14.282000,79.828000,28_515_shc_2024-25.8965,Akkampeta,,,,,,,,,,,,,125.0,1.0,181.0,0.77,8.17,0.3,2.0,0.54,10.48,0.46,3.48,0.44,,,,,,,,,,,,
14.282000,79.828000,28_515_shc_2024-25.8994,Akkampeta,,,,,,,,,,,,,63.0,8.0,181.0,0.42,7.92,0.64,5.0,0.75,3.38,0.34,10.14,0.25,,,,,,,,,,,,
14.282000,79.968000,28_515_shc_2024-25.22120,Survepalle Bit 閳 II,,,,,,,,,,,,,213.0,17.0,109.8,0.37,7.59,0.12,1.8,0.24,10.3,0.34,7.36,0.41,,,,,,,,,,,,
14.285000,79.975000,28_515_shc_2024-25.21520,Kantepalle,,,,,,,,,,,,,201.0,17.0,96.9,0.52,7.95,0.89,40.4,0.16,6.18,0.24,7.24,0.54,,,,,,,,,,,,
14.285000,79.975000,28_515_shc_2024-25.21883,Kantepalle,,,,,,,,,,,,,213.0,97.0,6.5,0.21,7.94,0.74,40.4,0.41,7.24,0.36,6.18,0.09,,,,,,,,,,,,
14.285000,80.005000,28_515_shc_2023-24.7492,Survepalle-III @ Iskapalem,88.0,13.0,598.0,1.43,7.5,0.4,12.0,0.36,14.2,0.58,1.9,0.08,,,,,,,,,,,,,,,,,,,,,,,,
14.285000,80.005000,28_515_shc_2023-24.7534,Survepalle-III @ Iskapalem,125.0,19.0,143.0,1.15,7.4,0.4,28.0,0.02,5.17,0.41,6.2,0.04,,,,,,,,,,,,,,,,,,,,,,,,
14.285000,80.025000,28_515_shc_2024-25.21982,Survepalle-IV @ N.G.Palem,,,,,,,,,,,,,88.0,76.0,64.6,0.41,6.71,0.89,19.3,0.41,10.16,0.14,8.31,3.91,,,,,,,,,,,,
14.282000,80.038000,28_515_shc_2024-25.22044,Survepalle-IV @ N.G.Palem,,,,,,,,,,,,,163.0,35.0,103.3,0.85,6.77,0.19,54.5,0.38,9.14,0.38,10.4,0.25,,,,,,,,,,,,
14.288000,80.078000,28_515_shc_2024-25.13483,Narikellapalle,,,,,,,,,,,,,50.0,31.0,258.0,0.48,8.14,1.44,16.0,0.35,10.74,0.81,7.51,0.38,,,,,,,,,,,,
14.288000,80.088000,28_515_shc_2024-25.2146,Muthukur,,,,,,,,,,,,,176.0,109.0,232.0,0.02,7.67,2.01,176.0,1.12,14.21,1.18,5.38,0.72,,,,,,,,,,,,
14.288000,80.088000,28_515_shc_2024-25.16418,Muthukur,,,,,,,,,,,,,38.0,8.0,258.0,0.05,7.89,1.54,176.0,0.84,26.38,0.74,6.14,0.44,,,,,,,,,,,,
14.285000,80.085000,28_515_shc_2025-26.8780,Muthukur,,,,,,,,,,,,,163.0,52.4,135.6,0.74,8.48,0.88,3.3,0.28,14.32,0.26,26.8,1.76,100.0,12.9,224.7,0.85,7.12,1.06,10.51,0.41,5.88,0.38,6.28,0.51
14.292000,79.502000,28_515_shc_2025-26.4919,Akilavalasa,,,,,,,,,,,,,,,,,,,,,,,,,113.0,6.9,620.7,0.25,8.02,0.31,28.02,0.17,3.89,0.08,1.38,0.25
14.292000,79.502000,28_515_shc_2025-26.4935,Akilavalasa,151.0,75.0,46.0,0.55,6.5,0.5,42.0,1.02,39.1,1.8,2.54,0.11,,,,,,,,,,,,,25.0,7.7,620.7,0.31,7.73,0.21,45.53,0.18,7.32,0.16,1.02,0.38
14.292000,79.502000,28_515_shc_2025-26.5053,Akilavalasa,,,,,,,,,,,,,,,,,,,,,,,,,88.0,11.5,620.7,0.33,8.68,0.87,28.02,0.07,3.27,0.01,0.7,0.06
14.292000,79.502000,28_515_shc_2025-26.5063,Akilavalasa,,,,,,,,,,,,,,,,,,,,,,,,,63.0,4.6,620.7,0.35,7.77,0.47,87.56,0.1,2.4,0.01,0.71,0.16
14.292000,79.502000,28_515_shc_2025-26.5081,Akilavalasa,,,,,,,,,,,,,,,,,,,,,,,,,151.0,10.8,620.7,0.35,7.63,0.13,59.54,0.22,3.57,0.21,1.06,0.22
14.292000,79.502000,28_515_shc_2025-26.5088,Akilavalasa,,,,,,,,,,,,,,,,,,,,,,,,,138.0,5.4,620.7,0.44,8.7,0.1,45.53,0.44,2.18,0.37,1.6,0.19
14.292000,79.502000,28_515_shc_2025-26.5092,Akilavalasa,125.0,32.0,150.0,0.25,6.5,0.1,54.0,0.26,10.9,0.41,2.8,0.46,,,,,,,,,,,,,125.0,1.5,620.7,0.34,7.71,0.27,42.03,0.41,3.82,0.22,1.6,0.13
14.292000,79.502000,28_515_shc_2025-26.5095,Akilavalasa,,,,,,,,,,,,,,,,,,,,,,,,,75.0,3.1,620.7,0.13,8.38,0.13,35.02,0.33,4.71,0.01,1.38,0.19
14.292000,79.502000,28_515_shc_2025-26.5118,Akilavalasa,,,,,,,,,,,,,,,,,,,,,,,,,151.0,10.8,620.7,0.35,7.63,0.13,59.54,0.22,3.87,0.21,1.06,0.22
14.292000,79.502000,28_515_shc_2025-26.5130,Akilavalasa,,,,,,,,,,,,,,,,,,,,,,,,,75.0,5.4,620.7,0.31,7.87,0.51,84.06,0.22,2.95,0.25,1.17,0.44
14.298000,79.632000,28_515_shc_2023-24.4837,Sanayapalem,75.0,11.0,59.0,0.42,8.4,0.1,26.0,0.34,6.4,0.4,2.4,0.19,,,,,,,,,,,,,,,,,,,,,,,,
14.298000,79.712000,28_515_shc_2023-24.5686,Griddalur,188.0,1.0,111.0,0.58,7.7,0.6,54.0,0.23,5.3,0.67,8.44,0.19,,,,,,,,,,,,,,,,,,,,,,,,
14.292000,79.752000,28_515_shc_2023-24.5034,Devaravemur,138.0,121.0,143.0,0.35,7.9,1.0,127.0,0.31,2.8,0.48,4.4,0.42,,,,,,,,,,,,,63.0,19.2,465.0,0.16,7.26,0.79,13.55,0.32,6.32,0.1,2.03,0.5
14.292000,79.828000,28_515_shc_2024-25.21580,Kuricherlapadu,,,,,,,,,,,,,138.0,68.0,96.9,0.34,8.59,1.83,1.8,0.28,4.16,0.81,8.41,0.44,,,,,,,,,,,,
14.298000,79.828000,28_515_shc_2024-25.22216,Kuricherlapadu,,,,,,,,,,,,,226.0,85.0,90.4,0.15,7.75,0.21,1.8,0.16,6.18,0.36,9.16,0.35,,,,,,,,,,,,
14.295000,79.835000,28_515_shc_2023-24.7508,Kuricherlapadu,213.0,19.0,78.0,1.29,8.0,0.3,45.0,0.02,6.1,0.49,8.1,0.11,,,,,,,,,,,,,,,,,,,,,,,,
14.292000,79.832000,28_515_shc_2024-25.22149,Kuricherlapadu,,,,,,,,,,,,,163.0,47.0,71.0,0.78,7.84,0.19,19.3,0.56,6.18,0.48,8.38,1.36,,,,,,,,,,,,
14.292000,79.842000,28_515_shc_2024-25.22035,Kuricherlapadu,,,,,,,,,,,,,213.0,69.0,64.6,0.31,7.71,0.14,28.1,0.41,6.14,0.51,6.18,0.35,,,,,,,,,,,,
14.292000,79.978000,28_515_shc_2024-25.20128,Valluru,,,,,,,,,,,,,151.0,35.0,116.0,1.54,7.64,0.98,26.0,0.81,38.18,0.78,7.41,0.44,,,,,,,,,,,,
14.295000,80.055000,28_515_shc_2024-25.2117,Narikellapalle,,,,,,,,,,,,,125.0,164.0,303.0,0.79,7.45,0.41,44.0,0.58,24.21,0.64,8.54,0.85,,,,,,,,,,,,
14.292000,80.098000,28_515_shc_2024-25.16603,Muthukur,,,,,,,,,,,,,188.0,43.0,187.0,1.22,7.03,0.53,26.0,0.56,20.18,0.38,7.41,0.59,,,,,,,,,,,,
14.292000,80.098000,28_515_shc_2024-25.19118,Muthukur,,,,,,,,,,,,,151.0,52.0,200.0,1.0,6.85,0.68,26.0,0.48,18.26,0.41,8.28,1.04,,,,,,,,,,,,
14.295000,80.105000,28_515_shc_2024-25.16612,Muthukur,,,,,,,,,,,,,100.0,17.0,219.0,1.06,6.86,0.87,12.0,0.42,18.8,0.48,6.28,238.0,,,,,,,,,,,,
14.292000,80.102000,28_515_shc_2025-26.11238,Muthukur,,,,,,,,,,,,,,,,,,,,,,,,,13.0,15.3,126.4,0.88,6.94,0.66,21.01,0.26,5.88,0.41,3.24,3.34
14.302000,79.758000,28_515_shc_2025-26.7062,Devaravemur,75.0,21.0,91.0,0.45,8.5,0.4,31.0,0.46,5.48,0.34,3.8,0.1,,,,,,,,,,,,,88.0,3.8,173.8,0.33,8.61,0.41,101.57,0.35,6.13,0.54,3.08,0.31
14.302000,79.758000,28_515_shc_2025-26.7063,Devaravemur,,,,,,,,,,,,,,,,,,,,,,,,,50.0,3.8,142.8,0.18,8.55,0.42,73.55,0.17,8.17,0.41,3.16,0.25
14.308000,79.888000,28_515_shc_2024-25.21513,Kanupur Bit-II @ Chowtapalem,,,,,,,,,,,,,188.0,164.0,122.7,0.62,8.2,2.51,28.1,0.38,7.14,0.18,8.18,0.22,,,,,,,,,,,,
14.308000,79.888000,28_515_shc_2024-25.21851,Kanupur Bit-II @ Chowtapalem,,,,,,,,,,,,,113.0,1.0,109.8,0.28,8.17,2.09,29.9,0.48,9.14,0.14,2.14,0.47,,,,,,,,,,,,
14.308000,79.888000,28_515_shc_2024-25.21877,Kanupur Bit-II @ Chowtapalem,,,,,,,,,,,,,88.0,164.0,142.1,0.77,8.13,2.53,24.6,0.21,8.28,0.28,7.26,0.35,,,,,,,,,,,,
14.308000,80.022000,28_515_shc_2025-26.1,Survepalle Bit - V,,,,,,,,,,,,,,,,,,,,,,,,,,,,0.08,7.24,0.19,10.51,0.36,7.81,0.14,5.41,0.2
14.308000,80.028000,28_515_shc_2025-26.11488,Survepalle Bit - V,,,,,,,,,,,,,,,,,,,,,,,,,188.0,10.6,119.4,0.3,7.23,0.29,10.51,0.28,5.38,0.26,3.88,1.7
14.308000,80.062000,28_515_shc_2024-25.16563,Valluru,,,,,,,,,,,,,138.0,11.0,116.0,1.62,7.32,0.6,26.0,0.12,48.16,0.84,7.21,0.12,,,,,,,,,,,,
14.302000,80.078000,28_515_shc_2024-25.1645,Mollur,,,,,,,,,,,,,188.0,52.0,180.0,0.57,7.12,0.61,47.0,0.18,16.41,0.38,7.21,0.59,,,,,,,,,,,,
14.302000,80.078000,28_515_shc_2024-25.9932,Mollur,,,,,,,,,,,,,188.0,32.0,251.0,0.46,6.85,0.51,47.0,1.34,3.18,0.58,4.36,0.23,,,,,,,,,,,,
14.302000,80.078000,28_515_shc_2024-25.20079,Mollur,,,,,,,,,,,,,113.0,45.0,245.0,0.46,7.7,2.46,39.0,1.28,4.89,0.46,3.98,0.3,,,,,,,,,,,,
14.308000,80.078000,28_515_shc_2025-26.7548,Mollur,,,,,,,,,,,,,,,,,,,,,,,,,226.0,7.6,98.3,0.89,8.31,0.25,80.55,0.36,8.21,0.21,5.24,1.4
14.305000,80.085000,28_515_shc_2024-25.16505,Mollur,,,,,,,,,,,,,176.0,35.0,64.0,0.96,8.04,0.52,61.0,0.91,18.41,1.18,7.41,0.34,,,,,,,,,,,,
14.305000,80.085000,28_515_shc_2024-25.16509,Mollur,,,,,,,,,,,,,238.0,52.4,83.9,0.72,7.92,0.77,8.8,0.28,5.64,0.35,5.61,2.27,,,,,,,,,,,,
14.308000,80.098000,28_515_shc_2025-26.5650,Muthukur,,,,,,,,,,,,,,,,,,,,,,,,,151.0,12.9,49.2,0.49,6.94,0.61,52.53,0.69,9.21,0.52,5.38,1.06
14.312000,79.708000,28_515_shc_2024-25.9405,Degapudi,,,,,,,,,,,,,238.0,40.4,90.4,0.51,8.17,0.22,5.3,0.26,8.28,3.28,4.21,0.44,,,,,,,,,,,,
14.318000,79.718000,28_515_shc_2023-24.6235,Degapudi,125.0,50.0,111.0,0.88,7.8,0.8,125.0,0.152,2.54,0.67,6.1,0.11,,,,,,,,,,,,,,,,,,,,,,,,
14.312000,80.078000,28_515_shc_2023-24.4987,Mollur,163.0,32.0,72.0,0.18,7.5,0.5,14.0,0.16,7.91,0.42,12.9,0.34,,,,,,,,,,,,,,,,,,,,,,,,
14.312000,80.078000,28_515_shc_2024-25.2096,Mollur,,,,,,,,,,,,,125.0,42.6,71.0,0.83,8.12,0.21,5.3,0.68,8.24,0.14,7.3,1.29,,,,,,,,,,,,
14.312000,80.078000,28_515_shc_2024-25.16584,Mollur,,,,,,,,,,,,,100.0,117.0,206.0,0.82,6.54,0.33,32.0,1.74,24.26,0.58,7.02,0.59,,,,,,,,,,,,
14.312000,80.078000,28_515_shc_2024-25.19420,Mollur,,,,,,,,,,,,,163.0,18.6,90.4,0.38,7.51,0.58,10.5,0.86,6.38,0.38,7.26,0.38,,,,,,,,,,,,
14.312000,80.082000,28_515_shc_2024-25.13218,Mollur,,,,,,,,,,,,,226.0,22.0,225.0,0.25,7.14,0.77,19.0,0.84,9.18,0.28,6.38,0.38,,,,,,,,,,,,
14.318000,80.098000,28_515_shc_2024-25.16461,Mamidipudi,,,,,,,,,,,,,113.0,26.2,83.9,0.48,8.3,0.63,1.8,0.52,7.31,0.56,3.16,1.04,,,,,,,,,,,,
14.322000,79.718000,28_515_shc_2023-24.5463,Degapudi,125.0,6.0,104.0,0.71,7.6,0.7,68.0,0.136,2.28,0.93,6.24,0.11,,,,,,,,,,,,,276.0,23.8,341.4,0.16,8.16,0.24,182.12,0.33,5.12,0.17,1.89,2.61
14.322000,79.712000,28_515_shc_2023-24.4862,Degapudi,163.0,1.0,98.0,0.72,7.7,0.8,31.0,0.172,4.82,0.62,7.71,0.08,,,,,,,,,,,,,,,,,,,,,,,,
14.325000,79.875000,28_515_shc_2024-25.21613,Kasumuru,,,,,,,,,,,,,226.0,37.0,122.7,0.78,8.19,0.58,10.5,0.24,4.38,0.81,10.8,0.35,,,,,,,,,,,,
14.325000,79.875000,28_515_shc_2024-25.22400,Kasumuru,,,,,,,,,,,,,176.0,107.0,109.8,0.13,7.81,0.69,1.8,0.44,8.16,0.38,5.16,0.25,,,,,,,,,,,,
14.328000,79.922000,28_515_shc_2024-25.22085,Kanupuru Bit - I,,,,,,,,,,,,,213.0,9.0,32.3,0.96,6.38,0.19,19.3,0.14,6.28,0.38,1.67,0.28,,,,,,,,,,,,
14.325000,79.955000,28_515_shc_2023-24.7533,Survepalle Bit-I,38.0,4.0,344.0,0.72,6.8,0.5,14.0,1.2,7.48,0.24,15.53,0.46,,,,,,,,,,,,,50.0,119.0,74.5,0.14,8.15,1.41,185.62,0.38,13.11,0.15,1.28,0.75
14.325000,79.955000,28_515_shc_2024-25.21817,Survepalle Bit-I,,,,,,,,,,,,,75.0,59.0,64.6,0.33,7.23,0.78,1.8,0.21,11.8,0.78,3.49,0.54,,,,,,,,,,,,
14.325000,79.955000,28_515_shc_2024-25.21818,Survepalle Bit-I,,,,,,,,,,,,,163.0,57.0,213.1,0.41,7.28,0.34,26.4,0.48,14.2,0.14,4.18,0.79,,,,,,,,,,,,
14.325000,79.955000,28_515_shc_2024-25.21823,Survepalle Bit-I,,,,,,,,,,,,,213.0,52.0,129.1,0.36,7.06,0.11,5.3,0.23,9.14,0.14,7.24,0.41,,,,,,,,,,,,
14.328000,80.058000,28_515_shc_2025-26.10621,Valluru,,,,,,,,,,,,,,,,,,,,,,,,,263.0,2.9,77.3,0.61,8.21,0.36,52.53,0.36,11.8,0.47,2.78,0.27
14.328000,80.058000,28_515_shc_2025-26.10637,Valluru,,,,,,,,,,,,,138.0,69.9,309.9,0.82,6.84,0.78,10.5,0.38,7.28,0.42,7.89,0.78,326.0,23.5,42.1,0.52,7.86,0.91,63.04,0.28,3.28,0.16,4.14,2.66
14.328000,80.058000,28_515_shc_2025-26.10643,Valluru,,,,,,,,,,,,,,,,,,,,,,,,,63.0,12.9,140.5,0.42,6.98,0.74,42.03,0.28,5.21,0.14,2.14,0.72
14.328000,80.058000,28_515_shc_2025-26.10644,Valluru,,,,,,,,,,,,,,,,,,,,,,,,,75.0,12.3,56.2,0.84,7.25,1.83,35.02,0.12,4.38,0.36,4.26,0.85
14.328000,80.058000,28_515_shc_2025-26.10646,Valluru,,,,,,,,,,,,,,,,,,,,,,,,,13.0,16.4,77.3,0.71,7.85,0.32,52.53,0.36,5.21,0.18,3.21,0.24
14.328000,80.058000,28_515_shc_2025-26.10650,Valluru,,,,,,,,,,,,,,,,,,,,,,,,,125.0,15.9,231.8,0.42,7.79,0.48,28.02,0.14,3.88,0.28,2.21,0.27
14.328000,80.058000,28_515_shc_2025-26.10653,Valluru,,,,,,,,,,,,,,,,,,,,,,,,,163.0,7.6,154.5,0.29,7.29,0.34,45.53,0.62,5.64,0.42,1.28,1.06
14.328000,80.058000,28_515_shc_2025-26.10662,Valluru,,,,,,,,,,,,,,,,,,,,,,,,,163.0,2.9,133.4,0.55,7.43,0.2,66.54,0.58,4.21,0.14,2.11,0.55
14.328000,80.078000,28_515_shc_2024-25.13879,Mamidipudi,,,,,,,,,,,,,100.0,17.0,122.0,0.54,8.02,2.71,44.0,1.22,14.61,0.54,7.84,0.3,,,,,,,,,,,,
14.328000,80.078000,28_515_shc_2025-26.11408,Mamidipudi,,,,,,,,,,,,,,,,,,,,,,,,,50.0,2.3,280.9,0.48,7.02,0.67,73.55,0.38,5.26,0.38,4.26,1.53
14.328000,80.082000,28_515_shc_2024-25.19374,Mamidipudi,,,,,,,,,,,,,75.0,65.5,129.1,0.73,8.26,0.89,1.8,0.36,6.14,0.34,5.58,2.97,,,,,,,,,,,,
14.322000,80.082000,28_515_shc_2025-26.2536,Mamidipudi,,,,,,,,,,,,,,,,,,,,,,,,,38.0,22.9,224.7,0.5,7.86,0.41,35.02,0.32,4.38,0.21,4.12,0.34
14.322000,80.082000,28_515_shc_2025-26.2537,Mamidipudi,,,,,,,,,,,,,,,,,,,,,,,,,13.0,9.4,196.6,0.29,7.53,0.29,42.03,0.46,4.16,0.16,2.38,0.41
14.322000,80.082000,28_515_shc_2025-26.7452,Mamidipudi,,,,,,,,,,,,,,,,,,,,,,,,,100.0,23.5,91.3,0.05,7.58,0.35,17.51,0.28,3.38,0.25,1.34,0.61
14.322000,80.092000,28_515_shc_2024-25.16440,Mamidipudi,,,,,,,,,,,,,188.0,38.2,116.2,0.36,8.24,0.75,17.6,0.91,6.14,0.37,7.16,1.04,,,,,,,,,,,,
14.338000,79.712000,28_515_shc_2024-25.4653,Inukurthy,,,,,,,,,,,,,138.0,60.1,96.9,0.84,7.79,0.34,33.4,0.24,4.21,3.38,5.14,0.35,,,,,,,,,,,,
14.338000,79.772000,28_515_shc_2024-25.5778,Biradavolu,,,,,,,,,,,,,113.0,42.6,142.1,0.04,7.72,0.58,17.6,0.42,9.12,0.21,6.28,0.44,,,,,,,,,,,,
14.338000,79.772000,28_515_shc_2024-25.8593,Biradavolu,,,,,,,,,,,,,151.0,44.8,90.4,1.22,7.81,0.1,1.8,0.38,8.32,2.86,5.12,0.88,,,,,,,,,,,,
14.332000,79.788000,28_515_shc_2024-25.9252,Vadlapudi,,,,,,,,,,,,,163.0,1.0,174.0,0.66,8.08,0.1,2.0,0.54,5.21,0.18,5.36,0.15,,,,,,,,,,,,
14.332000,79.788000,28_515_shc_2024-25.9353,Vadlapudi,,,,,,,,,,,,,113.0,1.0,142.0,0.53,8.15,0.1,18.0,0.68,6.38,0.26,4.38,0.44,,,,,,,,,,,,
14.332000,79.852000,28_515_shc_2023-24.7505,Palicherlapadu,151.0,16.0,85.0,0.9,7.9,0.4,12.0,0.33,7.17,1.2,4.5,0.65,,,,,,,,,,,,,,,,,,,,,,,,
14.338000,79.872000,28_515_shc_2023-24.7538,Kanupuru Bit - I,176.0,38.0,65.0,1.0,8.4,0.8,24.0,0.28,6.96,0.38,5.2,0.61,,,,,,,,,,,,,50.0,26.9,577.3,0.22,7.26,1.16,73.55,0.57,4.65,0.05,3.14,0.57
14.338000,79.928000,28_515_shc_2024-25.21970,Kantepalle,,,,,,,,,,,,,151.0,68.0,64.6,0.3,8.16,1.64,5.3,0.41,8.4,0.28,7.41,0.09,,,,,,,,,,,,
14.332000,80.058000,28_515_shc_2025-26.10622,Valluru,,,,,,,,,,,,,,,,,,,,,,,,,276.0,7.0,49.2,0.67,7.9,0.95,21.01,0.41,3.38,0.14,5.21,0.48
14.332000,80.058000,28_515_shc_2025-26.10625,Valluru,,,,,,,,,,,,,,,,,,,,,,,,,188.0,15.9,133.4,0.99,7.51,2.08,10.51,0.11,4.16,0.28,3.21,0.37
14.332000,80.058000,28_515_shc_2025-26.10638,Valluru,,,,,,,,,,,,,,,,,,,,,,,,,226.0,15.9,161.5,0.65,7.38,0.37,21.01,0.24,3.26,0.21,2.88,0.61
14.332000,80.058000,28_515_shc_2025-26.10647,Valluru,,,,,,,,,,,,,,,,,,,,,,,,,38.0,2.9,91.3,0.44,7.71,0.3,42.03,0.28,6.21,0.14,6.28,0.58
14.332000,80.058000,28_515_shc_2025-26.10652,Valluru,,,,,,,,,,,,,,,,,,,,,,,,,88.0,4.1,119.4,0.71,7.49,0.45,101.57,0.38,6.26,0.14,4.16,0.95
14.332000,80.058000,28_515_shc_2025-26.10654,Valluru,,,,,,,,,,,,,,,,,,,,,,,,,63.0,2.9,112.4,0.71,7.47,0.82,10.51,0.46,5.14,0.28,5.26,2.15
14.332000,80.088000,28_515_shc_2024-25.16299,Mamidipudi,,,,,,,,,,,,,151.0,55.7,116.2,0.24,8.29,0.48,1.8,0.48,14.49,0.71,6.75,0.54,,,,,,,,,,,,
14.338000,80.098000,28_515_shc_2025-26.11271,Pynampuram,,,,,,,,,,,,,,,,,,,,,,,,,477.0,14.1,91.3,0.55,7.15,1.51,21.01,0.21,18.21,0.12,8.21,0.51
14.335000,80.125000,28_515_shc_2025-26.11224,Nelaturu,,,,,,,,,,,,,163.0,62.2,83.9,0.2,7.35,0.26,5.3,0.54,9.14,0.18,5.86,0.28,213.0,23.5,140.5,1.24,7.12,0.46,45.53,0.23,33.02,0.45,8.06,0.51
14.342000,79.472000,28_515_shc_2025-26.1732,Gonupalle,,,,,,,,,,,,,,,,,,,,,,,,,100.0,2.3,620.7,0.27,7.97,0.12,101.57,0.41,1.68,0.01,0.7,0.25
14.342000,79.472000,28_515_shc_2025-26.4982,Gonupalle,,,,,,,,,,,,,,,,,,,,,,,,,75.0,0.8,620.7,0.2,7.27,0.13,28.02,0.54,7.1,0.05,1.07,0.35
14.342000,79.472000,28_515_shc_2025-26.4985,Gonupalle,,,,,,,,,,,,,,,,,,,,,,,,,113.0,4.6,620.7,0.27,8.3,0.22,45.53,0.1,7.38,0.14,1.73,0.13
14.342000,79.762000,28_515_shc_2023-24.5133,Biradavolu,301.0,38.0,78.0,0.5,8.3,0.3,66.0,0.41,6.1,0.19,1.4,0.11,,,,,,,,,,,,,,,,,,,,,,,,
14.342000,79.858000,28_515_shc_2024-25.21727,Kasumuru,,,,,,,,,,,,,163.0,77.0,109.8,0.38,7.5,0.1,21.1,0.14,7.38,0.41,5.38,0.35,,,,,,,,,,,,
14.342000,79.858000,28_515_shc_2024-25.22004,Kasumuru,,,,,,,,,,,,,163.0,76.0,103.3,0.6,6.88,0.12,10.5,0.48,8.89,0.18,7.21,0.19,,,,,,,,,,,,
14.348000,79.862000,28_515_shc_2023-24.7497,Kanupuru Bit - I,151.0,23.0,91.0,0.9,8.2,0.5,19.0,0.46,5.87,2.42,8.4,0.15,,,,,,,,,,,,,,,,,,,,,,,,
14.342000,79.862000,28_515_shc_2024-25.21813,Kasumuru,,,,,,,,,,,,,88.0,18.0,71.0,0.15,7.45,0.13,1.8,0.41,5.38,0.34,4.36,6.15,,,,,,,,,,,,
14.345000,79.985000,28_515_shc_2024-25.1422,Penubarthi,,,,,,,,,,,,,88.0,79.7,361.6,0.48,7.61,0.56,51.0,0.14,16.18,0.11,10.31,0.78,,,,,,,,,,,,
14.342000,80.062000,28_515_shc_2025-26.10641,Brahmadevam,,,,,,,,,,,,,,,,,,,,,,,,,38.0,12.9,175.6,0.33,7.35,0.56,52.53,0.46,4.81,0.28,2.88,0.89
14.342000,80.062000,28_515_shc_2025-26.10675,Brahmadevam,,,,,,,,,,,,,,,,,,,,,,,,,63.0,3.5,98.3,0.73,7.81,0.36,52.53,0.47,13.58,0.42,2.59,0.61
14.348000,80.068000,28_515_shc_2025-26.10687,Brahmadevam,,,,,,,,,,,,,,,,,,,,,,,,,188.0,8.2,28.1,0.65,7.29,0.19,21.01,0.41,7.21,0.14,5.21,0.37
14.348000,80.068000,28_515_shc_2025-26.10688,Brahmadevam,,,,,,,,,,,,,,,,,,,,,,,,,113.0,15.9,98.3,0.01,7.8,0.32,59.84,0.51,7.21,0.12,3.21,0.61
14.348000,80.068000,28_515_shc_2025-26.10689,Brahmadevam,,,,,,,,,,,,,,,,,,,,,,,,,201.0,7.6,42.1,0.05,7.58,0.12,35.02,1.52,8.21,0.34,5.53,0.99
14.348000,80.082000,28_515_shc_2023-24.5747,T.P.Gudur Bit-I,138.0,82.0,351.0,0.26,7.7,0.1,34.0,0.23,6.37,0.54,10.4,0.12,,,,,,,,,,,,,,,,,,,,,,,,
14.348000,80.108000,28_515_shc_2025-26.11469,Pynampuram,,,,,,,,,,,,,,,,,,,,,,,,,188.0,21.7,112.4,1.18,7.26,0.51,45.53,0.68,6.21,0.12,3.16,0.58
14.358000,79.822000,28_515_shc_2023-24.7519,Palicherlapadu,201.0,14.0,85.0,1.05,8.7,1.0,73.0,0.03,6.79,0.46,7.4,0.04,,,,,,,,,,,,,,,,,,,,,,,,
14.352000,79.938000,28_515_shc_2023-24.7502,Kanupuru Bit - I,301.0,60.0,65.0,1.0,7.3,0.7,5.0,0.32,7.55,1.36,4.4,0.11,,,,,,,,,,,,,,,,,,,,,,,,
14.352000,80.068000,28_515_shc_2024-25.16532,Amudalapadu,,,,,,,,,,,,,88.0,80.0,116.0,1.56,7.96,0.22,37.0,0.18,9.14,0.26,5.38,0.53,,,,,,,,,,,,
14.355000,80.075000,28_515_shc_2024-25.19222,Pidatapolur,,,,,,,,,,,,,113.0,164.0,103.0,1.53,8.11,0.24,12.0,0.24,8.31,0.14,7.21,0.5,,,,,,,,,,,,
14.355000,80.075000,28_515_shc_2024-25.19465,Pidatapolur,,,,,,,,,,,,,88.0,19.0,180.0,0.63,8.12,0.32,9.0,0.21,7.24,0.28,5.14,0.37,,,,,,,,,,,,
14.352000,80.082000,28_515_shc_2025-26.2438,Pidatapolur,,,,,,,,,,,,,,,,,,,,,,,,,100.0,4.1,182.6,0.73,7.02,0.44,17.51,0.48,4.14,0.42,2.31,0.89
14.352000,80.082000,28_515_shc_2025-26.7399,Pidatapolur,,,,,,,,,,,,,,,,,,,,,,,,,188.0,10.0,105.3,0.86,7.05,0.31,59.54,0.36,7.12,0.16,4.16,0.89
14.352000,80.082000,28_515_shc_2025-26.7425,Pidatapolur,,,,,,,,,,,,,,,,,,,,,,,,,176.0,15.3,203.7,0.34,7.23,0.27,17.51,0.21,4.26,0.28,3.21,1.12
14.352000,80.108000,28_515_shc_2025-26.7386,Pynampuram,100.0,20.0,130.0,0.48,8.2,0.4,17.0,0.54,3.86,0.46,7.1,0.38,,,,,,,,,,,,,151.0,13.5,175.6,0.71,7.35,1.12,35.02,0.37,9.98,0.38,1.52,0.99
14.358000,80.108000,28_515_shc_2025-26.9975,Ananthapuram,,,,,,,,,,,,,,,,,,,,,,,,,13.0,33.8,168.0,0.1,8.3,0.01,35.02,0.22,4.19,0.41,1.36,0.13
14.352000,80.112000,28_515_shc_2025-26.7391,Pynampuram,,,,,,,,,,,,,,,,,,,,,,,,,163.0,7.6,119.4,0.34,7.41,1.97,17.51,0.21,6.38,0.21,6.28,0.61
14.355000,80.125000,28_515_shc_2024-25.3459,Ananthapuram,,,,,,,,,,,,,88.0,1.1,142.1,0.26,7.7,0.1,58.0,0.21,26.18,0.38,21.4,0.35,,,,,,,,,,,,
14.362000,79.502000,28_515_shc_2024-25.4478,Penubarthi Gopasamudram,,,,,,,,,,,,,125.0,1.0,193.0,0.87,6.57,0.1,88.0,0.36,41.31,0.41,3.84,0.28,,,,,,,,,,,,
14.362000,79.652000,28_515_shc_2023-24.4845,Vavintaparthi,100.0,23.0,52.0,0.28,8.2,0.3,14.0,0.19,8.4,0.61,0.2,0.23,,,,,,,,,,,,,,,,,,,,,,,,
14.362000,79.652000,28_515_shc_2023-24.6915,Vavintaparthi,238.0,58.0,72.0,0.52,8.2,0.4,19.0,0.42,10.4,2.19,3.1,0.08,,,,,,,,,,,,,,,,,,,,,,,,
14.362000,79.888000,28_515_shc_2024-25.21640,Kandalapadu,,,,,,,,,,,,,163.0,137.0,77.5,0.34,7.46,0.48,17.6,0.28,5.38,0.14,7.24,0.25,,,,,,,,,,,,
14.362000,79.888000,28_515_shc_2024-25.22544,Kandalapadu,,,,,,,,,,,,,176.0,105.0,45.2,0.77,7.33,0.58,5.3,0.58,6.14,0.18,9.14,0.35,,,,,,,,,,,,
14.368000,79.892000,28_515_shc_2023-24.6035,Donthali,226.0,12.0,228.0,0.4,8.0,0.1,33.0,0.36,5.36,0.46,6.18,0.57,,,,,,,,,,,,,,,,,,,,,,,,
14.368000,80.042000,28_515_shc_2024-25.7612,Penubarthi,,,,,,,,,,,,,138.0,25.1,142.1,0.82,7.32,0.86,176.0,0.14,7.26,0.16,6.14,0.78,,,,,,,,,,,,
14.368000,80.042000,28_515_shc_2024-25.7631,Penubarthi,,,,,,,,,,,,,125.0,62.2,77.5,0.75,7.82,0.14,58.0,0.81,32.88,0.55,70.6,0.56,,,,,,,,,,,,
14.368000,80.042000,28_515_shc_2024-25.7634,Penubarthi,138.0,22.0,124.0,0.71,8.4,0.1,26.0,0.36,6.26,0.72,8.9,0.15,125.0,25.1,161.4,0.24,7.42,1.58,82.6,0.41,16.18,0.41,9.18,1.32,,,,,,,,,,,,
14.368000,80.042000,28_515_shc_2024-25.8089,Penubarthi,,,,,,,,,,,,,100.0,69.9,135.6,0.71,7.19,0.69,54.5,0.34,8.24,0.14,9.28,2.16,151.0,33.0,105.3,0.27,7.64,0.98,17.51,0.26,2.1,0.33,1.36,0.31
14.368000,80.042000,28_515_shc_2024-25.13153,Brahmadevam,,,,,,,,,,,,,125.0,19.0,180.0,0.58,7.78,0.31,69.0,0.34,7.38,0.58,7.68,1.38,,,,,,,,,,,,
14.368000,80.042000,28_515_shc_2024-25.13216,Brahmadevam,,,,,,,,,,,,,100.0,1.0,206.0,1.15,7.89,0.41,105.0,0.46,21.26,0.31,7.28,0.59,,,,,,,,,,,,
14.368000,80.042000,28_515_shc_2024-25.20355,Brahmadevam,,,,,,,,,,,,,125.0,54.0,258.0,0.52,8.38,0.64,5.0,0.73,8.41,0.36,2.96,0.46,,,,,,,,,,,,
14.362000,80.112000,28_515_shc_2023-24.6333,Ananthapuram,213.0,62.0,150.0,0.52,8.0,0.4,42.0,0.3,3.26,0.38,6.9,0.57,,,,,,,,,,,,,,,,,,,,,,,,
14.368000,80.118000,28_515_shc_2024-25.14844,Ananthapuram,,,,,,,,,,,,,100.0,38.2,148.5,0.14,8.48,0.1,1.8,0.14,10.18,0.41,16.81,0.09,,,,,,,,,,,,
14.378000,79.668000,28_515_shc_2024-25.2666,Mogallur,,,,,,,,,,,,,88.0,164.0,71.0,0.1,8.21,0.11,26.4,0.46,5.18,0.41,5.21,0.28,,,,,,,,,,,,
14.372000,79.912000,28_515_shc_2024-25.22191,Kumkumpudi,,,,,,,,,,,,,163.0,52.0,116.2,0.23,7.99,0.11,26.4,0.58,5.28,0.82,7.14,2.78,,,,,,,,,,,,
14.372000,79.948000,28_515_shc_2024-25.11096,Kanuparthipadu,,,,,,,,,,,,,176.0,42.6,193.7,0.51,6.82,0.25,12.3,0.26,21.3,0.34,14.31,1.1,,,,,,,,,,,,
14.372000,79.972000,28_515_shc_2024-25.22359,Epuru Bit - II (G V R Palem),,,,,,,,,,,,,151.0,17.0,180.8,0.92,8.2,1.08,5.3,0.38,5.21,0.24,7.38,0.69,,,,,,,,,,,,
14.372000,79.972000,28_515_shc_2024-25.22366,Epuru Bit - II (G V R Palem),,,,,,,,,,,,,176.0,25.0,644.0,0.69,8.33,0.68,26.4,0.41,7.28,0.38,6.18,0.35,,,,,,,,,,,,
14.372000,79.972000,28_515_shc_2024-25.22399,Epuru Bit - II (G V R Palem),,,,,,,,,,,,,100.0,35.0,122.7,0.54,8.29,0.74,5.3,0.71,6.14,0.14,7.18,2.9,,,,,,,,,,,,
14.378000,79.982000,28_515_shc_2024-25.11295,Kanuparthipadu,,,,,,,,,,,,,176.0,34.9,200.2,0.54,7.3,0.1,12.3,0.49,17.24,0.81,54.3,0.94,,,,,,,,,,,,
14.375000,80.005000,28_515_shc_2024-25.19840,Kakupalle-I,,,,,,,,,,,,,100.0,18.6,174.3,0.34,7.76,1.49,73.8,0.26,18.16,0.14,36.28,2.16,,,,,,,,,,,,
14.378000,80.008000,28_515_shc_2024-25.19884,Kakupalle-I,,,,,,,,,,,,,226.0,1.1,174.3,0.19,7.84,0.65,33.4,0.21,16.84,0.61,18.26,0.56,,,,,,,,,,,,
14.378000,80.008000,28_515_shc_2024-25.19905,Kakupalle-I,,,,,,,,,,,,,176.0,34.9,71.0,0.41,7.62,0.25,47.4,0.46,16.4,0.21,28.4,0.5,,,,,,,,,,,,
14.378000,80.012000,28_515_shc_2024-25.8004,Kakupalle-I,,,,,,,,,,,,,213.0,17.5,71.0,0.71,7.43,0.1,26.4,0.12,32.2,0.59,53.66,0.56,,,,,,,,,,,,
14.375000,80.055000,28_515_shc_2025-26.6794,Varigonda,,,,,,,,,,,,,,,,,,,,,,,,,50.0,32.3,12.0,0.41,7.6,1.63,28.02,0.41,5.91,0.21,2.29,0.88
14.385000,79.415000,28_515_shc_2023-24.6103,Tegacherla,151.0,17.0,195.0,0.25,7.9,0.3,21.0,0.31,8.4,0.38,6.2,0.3,,,,,,,,,,,,,,,,,,,,,,,,
14.385000,79.415000,28_515_shc_2025-26.2038,Tegacherla,,,,,,,,,,,,,,,,,,,,,,,,,50.0,10.0,304.2,0.11,6.65,0.1,17.51,0.38,3.87,0.31,1.63,0.13
14.388000,79.438000,28_515_shc_2023-24.5288,Tegacherla,163.0,85.0,52.0,0.67,8.1,0.2,7.0,0.38,8.4,0.34,4.8,0.53,,,,,,,,,,,,,,,,,,,,,,,,
14.388000,79.642000,28_515_shc_2023-24.6224,Vavintaparthi,75.0,29.0,52.0,0.32,8.4,0.2,87.0,0.29,6.6,0.59,3.1,0.15,,,,,,,,,,,,,,,,,,,,,,,,
14.388000,79.642000,28_515_shc_2023-24.6801,Uchapalle,88.0,27.0,39.0,0.4,8.4,0.4,45.0,0.46,8.6,0.61,0.7,0.04,,,,,,,,,,,,,,,,,,,,,,,,
14.385000,79.645000,28_515_shc_2023-24.6063,Vavintaparthi,138.0,14.0,169.0,0.93,7.1,0.15,54.0,0.09,3.58,0.5,8.2,0.24,,,,,,,,,,,,,,,,,,,,,,,,
14.388000,79.718000,28_515_shc_2023-24.5391,Podalakur,163.0,48.0,253.0,1.11,8.1,0.19,90.0,0.01,2.57,0.26,13.7,0.59,,,,,,,,,,,,,,,,,,,,,,,,
14.388000,79.718000,28_515_shc_2023-24.5805,Podalakur,100.0,68.0,110.0,0.43,8.9,0.8,28.0,1.2,6.48,0.9,33.8,0.95,,,,,,,,,,,,,,,,,,,,,,,,
14.382000,79.728000,28_515_shc_2023-24.6694,Prabagiripatnam,339.0,110.0,357.0,1.17,7.7,0.7,45.0,1.2,4.82,1.6,27.4,0.08,,,,,,,,,,,,,201.0,35.3,316.6,0.44,6.46,1.61,273.18,0.75,2.16,0.31,3.61,0.25
14.385000,79.885000,28_515_shc_2024-25.4090,Donthali,,,,,,,,,,,,,113.0,42.6,206.6,0.62,7.83,0.12,26.4,0.16,14.57,0.57,50.1,0.56,,,,,,,,,,,,
14.385000,80.055000,28_515_shc_2024-25.6944,Varigonda,,,,,,,,,,,,,176.0,52.4,135.6,0.4,7.82,0.2,1.8,0.68,14.18,0.48,16.38,0.09,,,,,,,,,,,,
14.385000,80.055000,28_515_shc_2024-25.10295,Varigonda,,,,,,,,,,,,,201.0,1.1,116.2,0.45,6.65,0.21,1.8,0.26,6.24,0.16,12.18,0.54,,,,,,,,,,,,
14.385000,80.055000,28_515_shc_2024-25.16932,Varigonda,,,,,,,,,,,,,151.0,18.6,116.2,0.38,8.04,0.47,1.8,0.61,18.38,0.38,18.46,0.03,,,,,,,,,,,,
14.385000,80.105000,28_515_shc_2025-26.3914,Thotapalle,,,,,,,,,,,,,,,,,,,,,,,,,163.0,40.7,199.0,0.21,7.53,0.3,94.56,0.77,0.09,0.05,0.11,0.6
14.382000,80.118000,28_515_shc_2024-25.2232,Eduru - I,,,,,,,,,,,,,113.0,17.5,51.7,0.36,7.19,0.15,14.1,0.12,24.6,0.62,9.64,0.66,,,,,,,,,,,,
14.382000,80.118000,28_515_shc_2024-25.14800,Eduru - I,,,,,,,,,,,,,238.0,7.6,135.6,0.48,7.96,0.1,29.9,0.26,18.4,0.28,12.14,0.47,,,,,,,,,,,,
14.382000,80.118000,28_515_shc_2024-25.14993,Eduru - I,,,,,,,,,,,,,238.0,1.1,96.9,0.26,7.21,0.9,29.9,0.18,18.14,0.21,7.38,0.57,,,,,,,,,,,,
14.382000,80.122000,28_515_shc_2024-25.15555,Eduru - II,,,,,,,,,,,,,138.0,89.5,77.5,0.14,8.02,0.45,29.9,0.14,26.14,0.41,14.18,0.09,,,,,,,,,,,,
14.388000,80.142000,28_515_shc_2025-26.10115,Koduru Khandrika,,,,,,,,,,,,,,,,,,,,,,,,,38.0,22.3,335.0,0.1,7.48,0.28,66.54,1.0,21.22,0.4,1.78,0.28
14.388000,80.152000,28_515_shc_2024-25.15248,Eduru - II,,,,,,,,,,,,,75.0,18.6,161.4,0.64,8.35,0.13,80.8,0.216,49.58,0.95,11.85,0.66,,,,,,,,,,,,
14.392000,79.418000,28_515_shc_2023-24.5547,Tegacherla,88.0,23.0,46.0,0.52,7.8,0.1,45.0,0.66,9.1,0.41,3.8,0.38,,,,,,,,,,,,,,,,,,,,,,,,
14.392000,79.418000,28_515_shc_2023-24.5694,Tegacherla,176.0,45.0,26.0,0.2,7.4,0.1,50.0,0.85,10.41,0.14,8.91,0.38,,,,,,,,,,,,,,,,,,,,,,,,
14.392000,79.418000,28_515_shc_2023-24.7046,Tegacherla,251.0,12.0,98.0,0.8,6.7,0.2,40.0,0.78,5.18,0.26,7.58,0.19,138.0,17.5,155.0,0.27,5.52,0.12,77.3,0.72,10.16,0.21,9.16,0.56,,,,,,,,,,,,
14.392000,79.422000,28_515_shc_2024-25.5268,Rapur,,,,,,,,,,,,,151.0,8.0,238.0,0.7,6.89,0.16,67.0,0.63,10.14,0.58,5.36,0.22,,,,,,,,,,,,
14.398000,79.558000,28_515_shc_2024-25.16122,Dachuru,,,,,,,,,,,,,251.0,164.0,193.0,0.42,8.2,0.14,18.0,0.15,5.12,0.15,0.52,0.66,,,,,,,,,,,,
14.392000,79.668000,28_515_shc_2024-25.17340,Mogallur,,,,,,,,,,,,,100.0,120.1,45.2,0.31,8.2,0.13,26.4,0.18,3.26,0.58,3.14,0.79,,,,,,,,,,,,
14.392000,79.718000,28_515_shc_2024-25.11984,Podalakur,,,,,,,,,,,,,63.0,67.7,83.9,0.38,8.18,0.12,5.3,0.68,8.14,0.14,1.48,0.28,,,,,,,,,,,,
14.392000,79.898000,28_515_shc_2024-25.18664,Donthali,,,,,,,,,,,,,100.0,34.9,122.7,0.86,7.29,0.29,19.3,0.28,7.68,0.28,21.68,0.59,,,,,,,,,,,,
14.398000,80.138000,28_515_shc_2025-26.9044,Koduru Khandrika,,,,,,,,,,,,,,,,,,,,,,,,,100.0,79.1,559.0,0.19,8.68,1.67,136.59,0.23,10.98,0.97,5.26,0.47
14.398000,80.138000,28_515_shc_2025-26.9154,Koduru Khandrika,,,,,,,,,,,,,,,,,,,,,,,,,113.0,43.78,528.0,0.17,7.39,0.34,35.02,0.44,6.19,0.15,2.1,0.35
14.398000,80.148000,28_515_shc_2024-25.15244,Eduru - II,,,,,,,,,,,,,176.0,68.8,83.9,0.54,8.02,0.95,17.6,0.14,18.21,0.18,4.18,0.28,,,,,,,,,,,,
14.398000,80.148000,28_515_shc_2024-25.15516,Eduru - II,,,,,,,,,,,,,238.0,34.9,103.3,0.15,6.92,1.31,29.9,0.14,45.1,0.86,16.12,0.22,,,,,,,,,,,,
14.398000,80.148000,28_515_shc_2024-25.15539,Eduru - II,,,,,,,,,,,,,113.0,1.1,122.7,0.45,8.12,0.1,29.9,0.16,24.14,0.19,6.46,0.47,,,,,,,,,,,,
14.398000,80.148000,28_515_shc_2024-25.18169,Eduru - II,,,,,,,,,,,,,113.0,7.6,122.7,0.27,7.42,0.81,33.4,0.18,28.8,0.14,8.38,0.13,,,,,,,,,,,,
14.408000,79.568000,28_515_shc_2023-24.5106,Dachuru,176.0,14.0,169.0,0.32,7.5,0.26,17.0,0.48,3.79,0.45,8.2,0.04,,,,,,,,,,,,,,,,,,,,,,,,
14.408000,79.802000,28_515_shc_2023-24.6902,Marupuru,113.0,32.0,189.0,0.18,7.7,0.6,45.0,0.34,4.24,0.96,1.8,0.42,,,,,,,,,,,,,,,,,,,,,,,,
14.402000,79.802000,28_515_shc_2024-25.9517,Marupuru,,,,,,,,,,,,,213.0,85.2,219.5,0.05,8.02,0.18,8.8,0.38,9.18,0.16,9.18,0.6,,,,,,,,,,,,
14.402000,79.802000,28_515_shc_2024-25.9518,Marupuru,,,,,,,,,,,,,226.0,93.9,71.0,0.36,8.14,0.1,5.3,0.16,10.16,0.28,7.24,0.47,,,,,,,,,,,,
14.402000,79.802000,28_515_shc_2024-25.9545,Marupuru,,,,,,,,,,,,,188.0,67.7,96.9,0.14,7.98,0.16,1.8,0.42,7.12,0.14,10.18,0.09,,,,,,,,,,,,
14.402000,79.802000,28_515_shc_2024-25.9564,Marupuru,,,,,,,,,,,,,151.0,105.9,135.6,1.22,8.02,0.15,8.8,0.21,4.16,0.12,8.14,0.95,,,,,,,,,,,,
14.402000,79.802000,28_515_shc_2024-25.9566,Marupuru,,,,,,,,,,,,,138.0,48.0,180.8,0.72,8.1,0.23,10.5,0.18,5.38,0.48,7.18,0.88,213.0,90.6,453.0,0.13,7.01,0.2,122.58,0.12,4.11,0.18,2.11,2.55
14.402000,79.802000,28_515_shc_2024-25.9587,Marupuru,,,,,,,,,,,,,188.0,31.7,271.2,0.1,8.02,0.18,1.8,0.11,14.52,2.77,3.85,0.19,,,,,,,,,,,,
14.402000,79.802000,28_515_shc_2024-25.9611,Marupuru,,,,,,,,,,,,,100.0,164.0,148.5,0.18,7.9,0.14,1.8,0.38,8.38,0.81,3.86,0.47,,,,,,,,,,,,
14.402000,79.802000,28_515_shc_2024-25.9651,Marupuru,,,,,,,,,,,,,113.0,123.4,232.5,0.83,7.96,0.43,10.5,0.32,10.28,2.53,2.4,0.69,,,,,,,,,,,,
14.402000,79.802000,28_515_shc_2024-25.9688,Marupuru,,,,,,,,,,,,,238.0,29.5,122.7,1.66,8.01,0.21,26.4,0.24,6.18,0.21,6.28,0.6,,,,,,,,,,,,
14.402000,79.802000,28_515_shc_2024-25.9689,Marupuru,,,,,,,,,,,,,238.0,65.5,200.2,1.45,7.95,0.2,1.8,0.16,9.14,0.36,5.18,0.44,,,,,,,,,,,,
14.402000,79.838000,28_515_shc_2023-24.5214,Amancherla,138.0,105.0,143.0,0.36,7.4,0.3,354.0,0.1,15.2,0.28,7.63,0.26,,,,,,,,,,,,,,,,,,,,,,,,
14.402000,79.858000,28_515_shc_2024-25.4152,Amancherla,,,,,,,,,,,,,88.0,25.1,51.7,0.55,7.85,0.46,80.8,0.52,31.4,0.71,59.18,0.31,,,,,,,,,,,,
14.402000,79.858000,28_515_shc_2024-25.4191,Amancherla,,,,,,,,,,,,,125.0,25.1,77.5,0.51,8.05,0.35,73.8,0.38,41.28,0.34,42.31,0.18,,,,,,,,,,,,
14.408000,79.862000,28_515_shc_2024-25.3294,Amancherla,,,,,,,,,,,,,251.0,34.9,135.6,0.58,7.23,0.1,47.4,0.29,37.74,0.22,39.14,0.78,,,,,,,,,,,,
14.408000,80.058000,28_515_shc_2025-26.6540,T.P.Gudur Bit-II,,,,,,,,,,,,,,,,,,,,,,,,,63.0,5.4,447.0,0.19,8.32,0.52,45.53,0.36,4.19,0.29,1.26,0.35
14.408000,80.058000,28_515_shc_2025-26.6679,T.P.Gudur Bit-II,,,,,,,,,,,,,,,,,,,,,,,,,38.0,9.2,422.0,0.23,8.45,0.31,59.54,0.4,6.12,0.35,1.98,0.44
14.402000,80.072000,28_515_shc_2025-26.1326,T.P.Gudur Bit-II,,,,,,,,,,,,,113.0,90.0,425.0,0.46,8.23,0.1,11.0,0.46,21.6,0.38,7.38,0.31,75.0,1.5,447.0,0.1,7.75,0.75,35.02,0.36,5.89,0.19,1.95,0.5
14.402000,80.072000,28_515_shc_2025-26.1328,T.P.Gudur Bit-II,,,,,,,,,,,,,,,,,,,,,,,,,13.0,13.8,509.0,0.09,7.38,0.83,35.02,0.21,6.13,0.12,1.24,0.09
14.402000,80.072000,28_515_shc_2025-26.7957,T.P.Gudur Bit-II,,,,,,,,,,,,,,,,,,,,,,,,,75.0,10.8,397.0,0.12,8.0,0.44,35.02,0.36,7.19,0.23,0.83,0.38
14.408000,80.142000,28_515_shc_2025-26.1128,Koduru -II,,,,,,,,,,,,,,,,,,,,,,,,,50.0,44.54,186.0,0.22,8.23,0.39,80.55,0.63,3.37,0.05,1.02,0.85
14.408000,80.142000,28_515_shc_2025-26.3718,Koduru -II,,,,,,,,,,,,,,,,,,,,,,,,,38.0,69.1,285.0,0.22,8.24,0.11,101.57,0.24,5.86,0.33,2.1,0.5
14.408000,80.142000,28_515_shc_2025-26.3978,Koduru -II,,,,,,,,,,,,,,,,,,,,,,,,,75.0,40.7,143.0,0.3,7.64,0.48,35.02,0.39,6.11,0.12,1.55,0.5
14.408000,80.158000,28_515_shc_2024-25.2224,Koduru Khandrika,,,,,,,,,,,,,238.0,1.1,109.8,0.37,7.31,0.41,19.3,0.18,10.48,0.41,10.68,0.38,,,,,,,,,,,,
14.408000,80.158000,28_515_shc_2024-25.2225,Koduru -II,,,,,,,,,,,,,238.0,18.6,103.3,0.43,7.51,0.8,10.5,0.26,28.16,0.38,12.31,0.32,,,,,,,,,,,,
14.418000,79.588000,28_515_shc_2023-24.6913,Nernoor,63.0,1.0,52.0,1.34,8.0,0.2,31.0,0.6,14.5,0.39,0.08,0.61,,,,,,,,,,,,,,,,,,,,,,,,
14.415000,79.645000,28_515_shc_2024-25.17925,Yeturu,,,,,,,,,,,,,100.0,116.8,142.1,0.33,8.1,0.97,5.3,0.41,16.18,0.14,28.4,0.06,,,,,,,,,,,,
14.412000,79.758000,28_515_shc_2024-25.17576,Thoderu,,,,,,,,,,,,,238.0,164.0,58.1,0.28,7.92,0.23,17.6,0.28,22.72,2.62,11.45,0.22,,,,,,,,,,,,
14.412000,79.758000,28_515_shc_2024-25.17590,Thoderu,,,,,,,,,,,,,238.0,81.9,64.6,0.41,7.75,0.13,14.1,0.21,10.4,0.86,2.14,0.47,,,,,,,,,,,,
14.412000,79.758000,28_515_shc_2024-25.17722,Thoderu,,,,,,,,,,,,,151.0,83.0,155.0,0.21,7.23,0.21,28.1,0.34,11.36,0.18,2.38,0.69,,,,,,,,,,,,
14.415000,79.805000,28_515_shc_2023-24.5811,Marupuru,125.0,3.0,176.0,0.42,7.9,1.3,45.0,0.46,2.78,0.88,5.7,0.15,,,,,,,,,,,,,,,,,,,,,,,,
14.418000,79.858000,28_515_shc_2024-25.8115,Amancherla,,,,,,,,,,,,,138.0,17.5,64.6,0.36,7.64,0.27,10.5,0.38,8.18,0.86,29.4,1.0,,,,,,,,,,,,
14.418000,79.858000,28_515_shc_2024-25.8119,Amancherla,,,,,,,,,,,,,213.0,42.4,64.6,0.62,7.96,0.38,73.8,0.27,15.25,0.74,61.66,0.72,,,,,,,,,,,,
14.418000,79.858000,28_515_shc_2024-25.8123,Amancherla,,,,,,,,,,,,,100.0,108.1,64.6,0.17,8.28,2.62,54.5,0.58,8.26,0.38,18.71,1.19,,,,,,,,,,,,
14.418000,79.858000,28_515_shc_2024-25.8124,Amancherla,,,,,,,,,,,,,138.0,34.9,122.7,0.22,8.0,1.36,59.7,0.42,12.16,0.21,16.86,1.81,,,,,,,,,,,,
14.418000,79.858000,28_515_shc_2024-25.8168,Amancherla,,,,,,,,,,,,,100.0,157.2,71.0,0.72,7.14,0.94,47.4,0.88,41.16,1.39,31.98,0.18,,,,,,,,,,,,
14.418000,80.028000,28_515_shc_2023-24.7073,Chinna Cherukur,100.0,83.0,189.0,1.0,7.08,0.4,125.0,1.64,3.6,1.28,8.5,0.48,,,,,,,,,,,,,,,,,,,,,,,,
14.412000,80.042000,28_515_shc_2023-24.6721,Varigonda,188.0,54.0,143.0,0.38,7.6,1.7,104.0,0.62,7.4,0.42,16.2,0.3,,,,,,,,,,,,,,,,,,,,,,,,
14.412000,80.042000,28_515_shc_2024-25.649,Varigonda,,,,,,,,,,,,,125.0,68.8,58.1,0.32,7.36,1.17,103.7,0.14,14.26,0.14,12.14,0.28,,,,,,,,,,,,
14.418000,80.072000,28_515_shc_2024-25.2342,T.P.Gudur Bit-II,,,,,,,,,,,,,100.0,1.1,58.1,0.23,7.66,0.42,5.3,0.26,32.14,0.54,9.26,0.16,,,,,,,,,,,,
14.418000,80.072000,28_515_shc_2024-25.15395,T.P.Gudur Bit-II,,,,,,,,,,,,,201.0,25.1,25.8,0.62,8.31,0.22,21.1,0.68,21.8,0.96,21.3,0.28,,,,,,,,,,,,
14.418000,80.072000,28_515_shc_2024-25.15400,T.P.Gudur Bit-II,,,,,,,,,,,,,7.5,17.5,38.7,0.17,7.93,0.91,8.8,0.44,26.18,0.41,10.41,0.28,,,,,,,,,,,,
14.418000,80.082000,28_515_shc_2025-26.6625,Peduru,25.0,53.0,650.0,1.42,5.7,0.21,31.0,0.02,3.84,0.32,26.0,0.31,,,,,,,,,,,,,201.0,6.1,112.0,0.21,8.64,0.47,35.02,0.36,5.01,0.01,2.01,0.35
14.412000,80.138000,28_515_shc_2025-26.3580,Koduru -II,,,,,,,,,,,,,176.0,1.0,264.0,0.9,8.09,0.39,26.0,0.45,10.71,0.53,0.48,2.01,38.0,0.8,372.0,0.5,8.67,1.83,136.59,0.24,3.81,0.33,1.38,0.38
14.412000,80.158000,28_515_shc_2023-24.6244,Koduru-I,113.0,79.0,422.0,0.64,8.2,0.4,19.0,1.15,3.2,0.47,24.2,0.36,,,,,,,,,,,,,,,,,,,,,,,,
14.422000,79.392000,28_515_shc_2024-25.5302,Garimenapenta,38.0,55.0,130.0,0.46,6.9,0.6,118.0,0.58,8.4,0.26,3.8,0.05,113.0,1.0,193.0,1.37,7.24,1.09,47.0,0.68,18.26,0.48,7.14,0.31,,,,,,,,,,,,
14.422000,79.392000,28_515_shc_2024-25.20451,Uyyalapalle,,,,,,,,,,,,,138.0,164.0,335.0,1.07,8.01,0.1,18.0,0.18,18.8,0.19,1.93,0.34,,,,,,,,,,,,
14.428000,79.532000,28_515_shc_2024-25.8095,Kesamanenipalle,,,,,,,,,,,,,176.0,19.0,232.0,1.71,8.19,0.1,18.0,0.36,41.31,0.41,3.84,0.25,,,,,,,,,,,,
14.428000,79.532000,28_515_shc_2024-25.8162,Kesamanenipalle,,,,,,,,,,,,,113.0,19.0,122.0,0.68,8.05,0.77,26.0,0.21,28.31,0.28,4.26,0.37,,,,,,,,,,,,
14.422000,79.582000,28_515_shc_2024-25.12028,Nernoor,,,,,,,,,,,,,151.0,99.4,213.1,0.16,7.99,0.12,21.1,0.21,1.8,0.16,19.61,0.09,,,,,,,,,,,,
14.428000,79.592000,28_515_shc_2024-25.12179,Nernoor,,,,,,,,,,,,,88.0,36.0,258.3,0.27,7.87,0.1,10.5,0.41,20.16,0.21,18.3,0.06,,,,,,,,,,,,
14.425000,79.635000,28_515_shc_2025-26.8273,Yeturu,,,,,,,,,,,,,,,,,,,,,,,,,226.0,3.1,378.6,0.65,8.64,0.14,101.57,0.33,4.1,0.22,2.05,0.66
14.425000,79.695000,28_515_shc_2023-24.5813,Ravalla Yeruguntapalem,13.0,31.0,331.0,0.06,7.8,0.21,64.0,0.64,4.8,1.66,9.7,0.2,,,,,,,,,,,,,,,,,,,,,,,,
14.425000,79.695000,28_515_shc_2024-25.852,Kanuparthi,,,,,,,,,,,,,113.0,22.9,58.1,0.41,8.22,0.14,14.1,0.27,11.01,1.51,8.44,0.22,,,,,,,,,,,,
14.425000,79.695000,28_515_shc_2024-25.1099,Kanuparthi,,,,,,,,,,,,,88.0,93.9,148.5,0.52,8.24,0.69,19.3,0.58,7.31,0.84,7.26,0.25,,,,,,,,,,,,
14.425000,79.695000,28_515_shc_2024-25.1541,Althurthi,,,,,,,,,,,,,113.0,29.5,58.1,0.62,7.86,0.28,33.4,0.38,9.36,0.42,5.18,0.66,,,,,,,,,,,,
14.425000,79.695000,28_515_shc_2024-25.5024,Kanuparthi,,,,,,,,,,,,,125.0,36.0,90.4,0.93,8.05,0.1,26.4,0.16,4.31,0.81,0.36,0.28,,,,,,,,,,,,
14.425000,79.695000,28_515_shc_2024-25.5033,Kanuparthi,,,,,,,,,,,,,138.0,14.2,109.8,0.41,8.03,0.16,19.3,0.36,4.31,0.38,4.26,0.25,,,,,,,,,,,,
14.425000,79.695000,28_515_shc_2024-25.5052,Kanuparthi,,,,,,,,,,,,,176.0,164.0,77.5,0.72,8.02,0.12,5.3,0.16,4.45,2.42,1.36,0.47,,,,,,,,,,,,
14.425000,79.695000,28_515_shc_2024-25.9097,Kanuparthi,,,,,,,,,,,,,176.0,52.4,206.6,0.41,8.93,0.39,12.3,0.77,2.5,2.53,1.53,0.22,,,,,,,,,,,,
14.425000,79.695000,28_515_shc_2024-25.9223,Kanuparthi,,,,,,,,,,,,,163.0,38.2,64.6,0.1,8.46,0.12,19.3,0.68,12.38,1.26,3.48,0.5,,,,,,,,,,,,
14.425000,79.695000,28_515_shc_2024-25.11752,Althurthi,,,,,,,,,,,,,100.0,65.5,129.1,0.52,7.9,0.1,40.4,0.16,7.24,0.48,7.38,0.79,,,,,,,,,,,,
14.425000,79.695000,28_515_shc_2024-25.11802,Althurthi,,,,,,,,,,,,,88.0,48.0,77.5,0.31,7.69,0.28,26.4,0.32,24.1,0.36,4.26,0.09,,,,,,,,,,,,
14.425000,79.695000,28_515_shc_2024-25.11818,Kanuparthi,,,,,,,,,,,,,263.0,42.6,109.8,0.1,9.01,0.31,5.3,0.64,6.14,0.72,6.38,0.88,,,,,,,,,,,,
14.425000,79.695000,28_515_shc_2024-25.11851,Kanuparthi,,,,,,,,,,,,,226.0,69.9,96.9,0.21,8.21,0.41,12.3,0.7,7.28,0.41,7.14,0.82,,,,,,,,,,,,
14.428000,79.848000,28_515_shc_2024-25.8424,Amancherla,,,,,,,,,,,,,125.0,79.7,103.3,0.81,8.04,0.24,47.4,0.16,18.41,0.28,43.81,0.37,,,,,,,,,,,,
14.428000,79.848000,28_515_shc_2024-25.10750,Amancherla,,,,,,,,,,,,,125.0,17.5,25.8,0.51,8.04,0.13,47.4,0.14,14.38,0.31,7.36,0.44,,,,,,,,,,,,
14.428000,79.958000,28_515_shc_2024-25.21445,Marupuru,,,,,,,,,,,,,113.0,40.4,122.7,0.45,8.04,0.17,8.8,0.16,9.21,0.42,8.86,0.88,,,,,,,,,,,,
14.422000,79.972000,28_515_shc_2024-25.18353,Sajjapuram,,,,,,,,,,,,,163.0,1.1,174.3,0.18,7.64,0.19,26.4,0.46,9.34,0.28,6.36,1.16,,,,,,,,,,,,
14.422000,80.048000,28_515_shc_2024-25.6475,Chinna Cherukur,63.0,68.0,59.0,0.24,7.5,0.7,28.0,0.416,5.66,0.41,10.31,0.27,63.0,1.1,174.3,0.35,8.29,0.25,5.3,0.61,18.21,0.21,12.6,0.35,,,,,,,,,,,,
14.425000,80.055000,28_515_shc_2024-25.6461,Chinna Cherukur,,,,,,,,,,,,,213.0,30.6,38.7,0.72,7.5,0.63,1.8,0.36,8.36,0.62,10.18,0.03,,,,,,,,,,,,
14.428000,80.078000,28_515_shc_2024-25.13960,Peduru,,,,,,,,,,,,,163.0,7.6,51.7,0.56,7.91,0.1,1.8,0.64,20.8,0.41,26.4,0.54,,,,,,,,,,,,
14.428000,80.078000,28_515_shc_2024-25.13968,Peduru,,,,,,,,,,,,,113.0,38.2,32.3,0.75,8.21,0.38,1.8,0.93,27.28,1.06,19.48,0.35,,,,,,,,,,,,
14.428000,80.078000,28_515_shc_2024-25.14035,Peduru,,,,,,,,,,,,,100.0,18.6,12.9,0.61,7.81,0.14,21.1,0.78,16.81,0.28,18.1,0.47,,,,,,,,,,,,
14.428000,80.078000,28_515_shc_2024-25.17179,Peduru,,,,,,,,,,,,,176.0,18.1,32.3,0.7,6.83,0.33,19.3,0.48,21.94,0.48,74.5,0.82,,,,,,,,,,,,
14.428000,80.088000,28_515_shc_2025-26.10724,Peduru,,,,,,,,,,,,,,,,,,,,,,,,,50.0,31.5,124.0,0.12,8.3,0.46,122.58,0.14,3.86,0.21,1.97,0.38
14.428000,80.088000,28_515_shc_2025-26.10731,Peduru,,,,,,,,,,,,,,,,,,,,,,,,,88.0,4.6,155.0,0.2,8.3,1.27,52.53,0.31,4.87,0.09,2.01,0.19
14.428000,80.092000,28_515_shc_2023-24.5184,Peduru,100.0,12.0,176.0,0.82,7.6,1.3,68.0,0.19,5.4,0.01,6.9,0.46,,,,,,,,,,,,,,,,,,,,,,,,
14.428000,80.092000,28_515_shc_2023-24.6081,Peduru,151.0,10.0,189.0,0.31,7.5,1.4,50.0,0.11,16.4,0.4,2.4,0.69,,,,,,,,,,,,,,,,,,,,,,,,
14.428000,80.092000,28_515_shc_2024-25.731,Peduru,,,,,,,,,,,,,75.0,17.5,38.7,0.4,8.57,0.34,26.4,0.21,21.2,0.38,18.4,0.66,,,,,,,,,,,,
14.428000,80.092000,28_515_shc_2024-25.10022,Peduru,,,,,,,,,,,,,138.0,17.5,45.2,0.36,8.7,0.41,12.3,0.38,16.8,0.62,16.2,0.54,,,,,,,,,,,,
14.428000,80.142000,28_515_shc_2025-26.3228,Koduru-I,,,,,,,,,,,,,,,,,,,,,,,,,13.0,30.0,199.0,0.39,7.57,0.6,87.56,0.36,4.97,0.35,0.21,0.5
14.422000,80.162000,28_515_shc_2025-26.3457,Koduru-I,,,,,,,,,,,,,,,,,,,,,,,,,13.0,23.0,211.0,0.5,8.71,0.26,35.02,0.7,12.5,0.31,3.51,0.31
14.432000,79.498000,28_515_shc_2024-25.19826,Pallakonda,,,,,,,,,,,,,75.0,164.0,258.0,0.53,7.76,0.31,33.0,0.63,18.26,0.48,7.14,0.72,,,,,,,,,,,,
14.435000,79.525000,28_515_shc_2024-25.8090,Kesamanenipalle,,,,,,,,,,,,,151.0,164.0,309.0,1.07,8.21,0.1,26.4,0.36,24.2,0.26,6.21,0.03,,,,,,,,,,,,
14.435000,79.525000,28_515_shc_2024-25.8091,Kesamanenipalle,,,,,,,,,,,,,138.0,164.0,374.0,1.25,8.22,0.1,18.0,0.41,26.5,0.29,2.07,1.54,,,,,,,,,,,,
14.435000,79.525000,28_515_shc_2024-25.18916,Kesamanenipalle,,,,,,,,,,,,,176.0,147.0,283.0,1.29,7.97,0.1,30.0,0.26,22.14,0.24,4.82,0.56,,,,,,,,,,,,
14.438000,79.532000,28_515_shc_2024-25.7766,Kesamanenipalle,50.0,75.0,156.0,0.79,6.93,0.48,12.0,0.76,6.14,0.9,51.0,0.94,176.0,164.0,354.0,0.33,7.86,0.26,19.0,0.29,23.8,0.54,2.27,1.54,,,,,,,,,,,,
14.438000,79.532000,28_515_shc_2024-25.8084,Kesamanenipalle,,,,,,,,,,,,,125.0,164.0,348.0,0.9,8.22,0.1,47.0,0.49,24.4,0.11,1.26,1.54,,,,,,,,,,,,
14.438000,79.532000,28_515_shc_2024-25.18343,Kesamanenipalle,,,,,,,,,,,,,188.0,129.0,142.0,0.39,8.21,0.1,12.0,0.46,28.8,0.52,5.36,0.66,,,,,,,,,,,,
14.438000,79.588000,28_515_shc_2025-26.1587,Chittaluru,,,,,,,,,,,,,,,,,,,,,,,,,63.0,22.3,366.2,0.2,8.57,0.19,101.57,0.33,4.95,0.14,2.1,0.38
14.432000,79.592000,28_515_shc_2024-25.12041,Nernoor,,,,,,,,,,,,,151.0,29.5,232.5,0.34,8.01,0.1,29.9,0.66,34.2,0.56,23.92,0.34,,,,,,,,,,,,
14.438000,79.652000,28_515_shc_2023-24.4867,Yeturu,88.0,3.0,46.0,1.2,8.3,0.7,83.0,0.03,7.5,0.16,15.8,0.3,,,,,,,,,,,,,,,,,,,,,,,,
14.435000,80.065000,28_515_shc_2025-26.1103,Narukur,,,,,,,,,,,,,,,,,,,,,,,,,75.0,22.3,174.0,0.39,7.05,0.3,115.58,0.22,4.19,0.21,1.44,0.44
14.438000,80.072000,28_515_shc_2024-25.16772,Thotapalle,,,,,,,,,,,,,201.0,167.0,25.8,0.53,7.86,1.38,1.8,0.41,16.14,0.42,16.38,0.09,,,,,,,,,,,,
14.438000,80.072000,28_515_shc_2025-26.8011,Peduru,,,,,,,,,,,,,,,,,,,,,,,,,38.0,15.4,112.0,0.21,8.24,1.13,115.58,0.44,7.33,0.09,2.01,0.5
14.432000,80.092000,28_515_shc_2024-25.2402,Peduru,,,,,,,,,,,,,100.0,25.1,32.3,0.3,6.97,0.32,19.3,0.14,21.64,0.38,10.14,0.28,,,,,,,,,,,,
14.432000,80.092000,28_515_shc_2024-25.15674,Peduru,,,,,,,,,,,,,100.0,40.6,25.8,0.11,7.2,0.33,26.4,0.51,20.4,0.14,18.4,0.28,,,,,,,,,,,,
14.432000,80.092000,28_515_shc_2024-25.15697,Peduru,,,,,,,,,,,,,163.0,41.5,25.8,0.44,7.85,0.1,12.3,0.28,16.84,0.16,8.38,0.35,,,,,,,,,,,,
14.432000,80.092000,28_515_shc_2024-25.15709,Peduru,,,,,,,,,,,,,163.0,52.4,58.7,0.25,7.36,0.15,26.4,0.62,18.6,0.26,14.5,0.25,,,,,,,,,,,,
14.432000,80.092000,28_515_shc_2024-25.16681,Peduru,,,,,,,,,,,,,63.0,18.6,53.1,0.32,7.55,0.59,5.3,0.71,23.91,0.56,16.49,0.09,,,,,,,,,,,,
14.432000,80.132000,28_515_shc_2025-26.1152,Koduru-I,,,,,,,,,,,,,,,,,,,,,,,,,75.0,29.2,62.0,0.4,7.42,1.1,108.57,0.28,2.14,0.16,2.08,0.57
14.432000,80.148000,28_515_shc_2024-25.6191,Koduru-I,,,,,,,,,,,,,100.0,25.1,187.3,0.76,7.6,0.4,1.8,0.42,20.14,0.48,6.48,0.79,,,,,,,,,,,,
14.442000,79.492000,28_515_shc_2024-25.2995,Pallakonda,,,,,,,,,,,,,151.0,164.0,180.0,0.07,7.74,0.47,12.0,0.24,24.2,0.28,3.48,0.28,,,,,,,,,,,,
14.448000,79.522000,28_515_shc_2023-24.5205,Kanupurupalle,125.0,6.0,39.0,0.23,8.42,0.45,2.0,0.22,3.55,0.12,6.4,0.04,,,,,,,,,,,,,,,,,,,,,,,,
14.445000,79.545000,28_515_shc_2024-25.11222,Kanupurupalle,,,,,,,,,,,,,88.0,164.0,142.0,0.85,7.78,0.73,33.0,0.37,28.12,1.07,0.38,1.32,,,,,,,,,,,,
14.442000,79.572000,28_515_shc_2024-25.2825,Kanupurupalle,,,,,,,,,,,,,138.0,164.0,277.0,0.41,8.13,0.16,9.0,0.32,17.37,1.32,5.04,0.59,,,,,,,,,,,,
14.445000,79.595000,28_515_shc_2023-24.5906,Chittaluru,50.0,7.0,85.0,0.58,8.4,0.3,92.0,0.09,6.3,0.02,1.66,0.3,,,,,,,,,,,,,,,,,,,,,,,,
14.445000,79.645000,28_515_shc_2024-25.5752,Yeturu,,,,,,,,,,,,,238.0,34.9,103.3,0.45,8.15,0.15,17.6,0.73,28.54,0.95,27.7,0.15,,,,,,,,,,,,
14.445000,79.645000,28_515_shc_2025-26.8331,Yeturu,,,,,,,,,,,,,,,,,,,,,,,,,238.0,2.3,329.0,0.26,8.8,0.27,73.55,0.15,2.42,0.07,0.63,0.88
14.445000,79.665000,28_515_shc_2024-25.9031,Yeturu,,,,,,,,,,,,,163.0,18.6,122.7,0.63,8.56,0.47,35.1,0.18,32.14,0.21,21.6,0.5,,,,,,,,,,,,
14.442000,79.918000,28_515_shc_2024-25.8027,Akkacheruvupadu,,,,,,,,,,,,,125.0,7.6,135.6,0.45,8.09,1.63,19.3,0.21,10.21,0.14,14.12,1.16,,,,,,,,,,,,
14.445000,80.055000,28_515_shc_2025-26.3166,Chinna Cherukur,,,,,,,,,,,,,,,,,,,,,,,,,113.0,39.17,534.0,0.21,7.7,0.27,115.58,0.38,3.16,0.24,2.01,0.57
14.442000,80.058000,28_515_shc_2025-26.6673,Chinna Cherukur,,,,,,,,,,,,,,,,,,,,,,,,,63.0,30.0,292.0,0.25,8.2,0.1,154.1,0.48,1.24,0.07,0.94,0.13
14.448000,80.092000,28_515_shc_2025-26.997,Mungaladoruvu,,,,,,,,,,,,,,,,,,,,,,,,,63.0,19.2,112.0,0.33,8.81,0.22,87.56,0.9,12.14,0.37,2.15,3.14
14.448000,80.092000,28_515_shc_2025-26.7744,Mungaladoruvu,,,,,,,,,,,,,,,,,,,,,,,,,63.0,17.7,62.0,0.25,7.94,0.56,42.03,0.36,1.96,0.34,2.13,0.19
14.448000,80.092000,28_515_shc_2025-26.7772,Mungaladoruvu,,,,,,,,,,,,,,,,,,,,,,,,,226.0,8.4,87.0,0.21,7.06,0.24,52.53,0.11,5.05,0.07,1.34,0.5
14.442000,80.098000,28_515_shc_2025-26.7784,Mungaladoruvu,138.0,15.0,52.0,0.48,8.3,0.2,35.0,0.54,8.14,0.38,21.31,0.61,138.0,75.3,206.6,0.62,7.42,3.39,22.8,0.56,9.14,0.18,4.38,0.41,176.0,13.8,99.0,0.1,7.8,0.26,35.02,0.26,4.86,0.31,1.4,0.44
14.442000,80.108000,28_515_shc_2023-24.7184,Amulur (South),226.0,19.0,156.0,0.48,7.7,0.7,90.0,0.33,4.1,0.06,6.6,0.53,,,,,,,,,,,,,,,,,,,,,,,,
14.442000,80.108000,28_515_shc_2024-25.2256,Amulur (South),,,,,,,,,,,,,75.0,101.0,187.3,0.25,7.91,0.1,28.1,0.41,5.24,0.18,10.62,0.35,,,,,,,,,,,,
14.442000,80.108000,28_515_shc_2024-25.15022,Amulur (South),,,,,,,,,,,,,113.0,79.7,53.1,0.42,7.81,0.16,14.1,0.28,10.18,0.48,4.26,0.35,,,,,,,,,,,,
14.442000,80.108000,28_515_shc_2025-26.76,Amulur (South),,,,,,,,,,,,,,,,,,,,,,,,,151.0,22.3,527.0,0.04,8.17,2.1,59.54,0.15,8.12,0.07,2.95,0.44
14.448000,80.148000,28_515_shc_2024-25.2327,Venkanapalem,,,,,,,,,,,,,125.0,52.4,148.5,0.36,8.35,1.58,33.4,0.24,11.38,0.38,11.12,0.47,,,,,,,,,,,,
14.448000,80.148000,28_515_shc_2024-25.15308,Venkanapalem,,,,,,,,,,,,,238.0,62.2,96.9,0.65,8.13,1.86,35.1,1.49,39.58,0.95,36.06,0.09,,,,,,,,,,,,
14.448000,80.148000,28_515_shc_2024-25.15317,Venkanapalem,,,,,,,,,,,,,364.0,38.2,245.4,0.82,8.27,2.97,14.1,0.48,10.38,0.11,21.38,0.25,,,,,,,,,,,,
14.448000,80.148000,28_515_shc_2024-25.15421,Venkanapalem,,,,,,,,,,,,,100.0,17.5,200.2,0.94,8.12,1.84,5.3,0.36,14.18,0.38,16.38,0.22,,,,,,,,,,,,
14.448000,80.148000,28_515_shc_2024-25.15437,Venkanapalem,,,,,,,,,,,,,63.0,25.1,142.1,0.61,8.33,1.34,26.4,0.29,21.38,0.31,26.21,0.54,,,,,,,,,,,,
14.448000,80.148000,28_515_shc_2024-25.15440,Venkanapalem,,,,,,,,,,,,,238.0,17.5,116.2,0.45,8.19,1.16,5.3,0.14,41.26,1.68,38.2,0.69,,,,,,,,,,,,
14.448000,80.148000,28_515_shc_2024-25.15531,Venkanapalem,,,,,,,,,,,,,301.0,1.1,109.8,0.48,8.52,1.86,35.1,0.64,16.38,0.16,18.38,0.47,,,,,,,,,,,,
14.445000,80.155000,28_515_shc_2023-24.5712,Venkanapalem,100.0,7.0,189.0,0.32,7.4,0.2,64.0,0.52,6.1,0.08,3.1,0.65,,,,,,,,,,,,,,,,,,,,,,,,
14.452000,79.482000,28_515_shc_2024-25.1994,Cheepinapi,,,,,,,,,,,,,100.0,164.0,264.0,0.31,7.74,0.35,12.0,0.67,23.16,0.28,2.64,0.66,151.0,3.1,434.5,0.49,8.08,0.01,87.56,0.24,3.86,0.27,1.48,0.82
14.452000,79.482000,28_515_shc_2024-25.20711,Cheepinapi,,,,,,,,,,,,,163.0,164.0,374.0,0.44,7.86,0.1,18.0,0.58,14.38,0.38,7.28,0.59,,,,,,,,,,,,
14.458000,79.572000,28_515_shc_2023-24.5623,China Gopavaram,113.0,6.0,130.0,0.48,8.13,1.04,14.0,0.61,3.84,0.21,7.68,0.15,,,,,,,,,,,,,,,,,,,,,,,,
14.458000,79.572000,28_515_shc_2023-24.5768,China Gopavaram,151.0,7.0,169.0,0.52,8.4,1.05,17.0,0.1,4.64,0.32,5.16,0.04,,,,,,,,,,,,,,,,,,,,,,,,
14.452000,79.588000,28_515_shc_2024-25.5868,Chittaluru,,,,,,,,,,,,,113.0,164.0,142.1,0.61,8.13,0.18,14.1,0.14,16.24,0.11,28.18,0.31,,,,,,,,,,,,
14.452000,79.582000,28_515_shc_2024-25.5002,Chittaluru,,,,,,,,,,,,,100.0,36.0,264.7,0.5,8.05,0.12,29.9,0.18,21.18,0.86,51.2,1.0,,,,,,,,,,,,
14.455000,79.785000,28_515_shc_2024-25.18368,Kandamur,,,,,,,,,,,,,188.0,89.5,148.5,0.22,7.65,0.13,10.5,0.41,21.38,0.1,9.38,0.66,,,,,,,,,,,,
14.455000,79.785000,28_515_shc_2024-25.18388,Kandamur,,,,,,,,,,,,,151.0,62.2,264.7,0.67,7.12,0.64,1.8,0.73,16.61,0.69,83.54,0.22,,,,,,,,,,,,
14.458000,79.892000,28_515_shc_2024-25.19847,Devarapalem,,,,,,,,,,,,,138.0,89.5,90.4,0.54,7.5,0.1,5.3,0.21,14.16,0.12,16.36,0.03,,,,,,,,,,,,
14.452000,80.038000,28_515_shc_2023-24.5216,Allipuram (Part),213.0,9.0,130.0,1.08,8.2,1.0,7.0,0.16,12.96,0.26,5.83,2.6,,,,,,,,,,,,,,,,,,,,,,,,
14.452000,80.038000,28_515_shc_2023-24.5335,Allipuram (Part),163.0,98.0,403.0,1.25,8.0,0.4,130.0,0.36,10.7,0.78,2.33,2.6,,,,,,,,,,,,,,,,,,,,,,,,
14.452000,80.038000,28_515_shc_2023-24.6417,Allipuram (Part),188.0,43.0,91.0,1.1,7.1,0.3,35.0,0.72,3.78,1.0,5.87,1.4,,,,,,,,,,,,,100.0,6.1,266.9,0.08,7.1,0.1,35.02,0.18,3.38,0.36,1.35,0.5
14.455000,80.085000,28_515_shc_2025-26.2603,Indukurpet Bit - II,,,,,,,,,,,,,,,,,,,,,,,,,188.0,49.92,155.2,0.52,7.64,0.26,66.54,0.15,18.1,1.01,0.96,0.82
14.452000,80.088000,28_515_shc_2025-26.5672,Indukurpet Bit - II,,,,,,,,,,,,,,,,,,,,,,,,,188.0,83.7,260.7,0.59,7.72,0.47,87.56,0.35,4.32,4.05,5.03,0.66
14.452000,80.132000,28_515_shc_2025-26.694,Vilukanipalle,,,,,,,,,,,,,113.0,117.0,116.2,0.78,7.7,0.88,65.0,0.42,7.18,0.16,6.18,0.18,151.0,30.7,87.0,0.1,7.5,1.65,52.53,0.48,4.16,0.33,1.6,0.6
14.452000,80.152000,28_515_shc_2024-25.15297,Venkanapalem,,,,,,,,,,,,,238.0,17.5,155.0,0.5,7.83,1.68,1.8,0.05,32.02,0.56,9.02,0.25,,,,,,,,,,,,
14.452000,80.152000,28_515_shc_2024-25.15373,Kothapalem,,,,,,,,,,,,,176.0,42.2,83.9,0.43,8.39,1.34,14.1,0.14,21.48,0.18,10.18,0.54,,,,,,,,,,,,
14.452000,80.152000,28_515_shc_2024-25.15461,Venkanapalem,,,,,,,,,,,,,75.0,18.6,71.0,0.7,8.23,1.68,5.3,0.54,34.18,0.21,14.38,0.16,,,,,,,,,,,,
14.452000,80.152000,28_515_shc_2024-25.16880,Venkanapalem,,,,,,,,,,,,,100.0,77.5,96.9,0.13,8.27,1.33,22.8,0.26,36.48,0.32,16.42,0.16,,,,,,,,,,,,
14.452000,80.152000,28_515_shc_2024-25.16886,Kothapalem,,,,,,,,,,,,,63.0,1.1,200.2,0.21,8.25,1.79,22.8,0.16,40.36,0.74,17.15,0.25,,,,,,,,,,,,
14.465000,79.375000,28_515_shc_2023-24.6750,Madannagaripalle,125.0,25.0,91.0,0.38,7.86,0.65,2.0,0.156,6.94,0.46,2.8,0.38,,,,,,,,,,,,,,,,,,,,,,,,
14.465000,79.375000,28_515_shc_2024-25.18547,Madannagaripalle,,,,,,,,,,,,,125.0,70.0,109.0,0.07,8.12,0.14,44.0,0.75,0.18,0.78,1.72,1.0,,,,,,,,,,,,
14.462000,79.578000,28_515_shc_2025-26.4797,Chittaluru,,,,,,,,,,,,,,,,,,,,,,,,,75.0,12.3,260.7,0.48,8.3,0.23,101.57,0.1,2.08,0.14,1.96,0.06
14.465000,79.585000,28_515_shc_2025-26.4361,Chittaluru,,,,,,,,,,,,,,,,,,,,,,,,,289.0,8.4,167.6,0.33,8.75,0.13,94.56,0.36,6.01,0.1,1.28,0.19
14.468000,79.768000,28_515_shc_2024-25.8219,Vellanti,,,,,,,,,,,,,113.0,1.1,116.2,0.82,7.81,0.53,47.4,0.14,28.21,0.46,14.68,0.28,,,,,,,,,,,,
14.468000,79.768000,28_515_shc_2024-25.8280,Vellanti,,,,,,,,,,,,,113.0,42.6,122.7,0.75,8.12,0.97,107.2,0.91,14.81,0.36,14.38,1.19,,,,,,,,,,,,
14.468000,79.878000,28_515_shc_2024-25.17373,Jonnawada,,,,,,,,,,,,,138.0,164.0,142.0,0.99,7.53,0.81,60.0,0.14,10.14,0.4,4.36,0.59,,,,,,,,,,,,
14.468000,79.892000,28_515_shc_2024-25.19846,Devarapalem,,,,,,,,,,,,,176.0,91.7,161.4,0.72,8.23,0.18,10.5,0.21,9.21,0.14,9.38,0.59,,,,,,,,,,,,
14.468000,79.892000,28_515_shc_2024-25.19887,Devarapalem,,,,,,,,,,,,,106.0,62.2,193.7,0.68,8.31,0.16,5.3,0.16,14.26,0.13,14.21,1.16,,,,,,,,,,,,
14.465000,79.905000,28_515_shc_2024-25.7882,Devarapalem,,,,,,,,,,,,,251.0,154.0,84.0,1.41,7.83,1.87,9.0,0.48,10.84,0.48,7.21,0.03,,,,,,,,,,,,
14.468000,80.038000,28_515_shc_2023-24.5196,Inamadugu,188.0,34.0,137.0,1.33,8.4,0.1,28.0,0.61,8.7,0.41,2.8,0.23,,,,,,,,,,,,,151.0,65.3,478.0,0.22,5.99,0.4,122.8,0.45,5.35,0.58,2.01,0.22
14.468000,80.112000,28_515_shc_2023-24.6737,Indukurpet Bit - I,176.0,38.0,429.0,0.32,7.6,0.6,12.0,0.89,18.8,0.38,8.2,0.23,,,,,,,,,,,,,,,,,,,,,,,,
14.462000,80.118000,28_515_shc_2023-24.6876,Indukurpet Bit - I,138.0,36.0,423.0,0.18,7.2,0.5,31.0,0.11,3.17,0.22,2.6,0.15,100.0,17.5,406.8,0.76,7.18,0.26,5.3,0.26,6.26,0.36,9.14,0.31,,,,,,,,,,,,
14.462000,80.142000,28_515_shc_2023-24.7288,Indukurpet Bit - I,113.0,27.0,462.0,0.65,7.9,0.5,28.0,1.01,9.74,0.49,6.6,0.3,,,,,,,,,,,,,,,,,,,,,,,,
14.462000,80.142000,28_515_shc_2024-25.13389,Koduruturu,,,,,,,,,,,,,176.0,80.0,148.0,0.71,7.97,0.2,54.0,0.31,21.8,0.24,8.48,1.19,,,,,,,,,,,,
14.465000,80.165000,28_515_shc_2023-24.5829,Potlapudi,163.0,40.0,182.0,0.75,6.5,1.2,59.0,0.89,3.8,0.18,5.9,0.15,,,,,,,,,,,,,,,,,,,,,,,,
14.465000,80.165000,28_515_shc_2024-25.3456,Potlapudi,,,,,,,,,,,,,176.0,18.6,251.9,0.14,8.18,0.16,5.6,0.64,16.41,0.61,9.28,0.28,,,,,,,,,,,,
14.468000,80.168000,28_515_shc_2024-25.2331,Venkanapalem,,,,,,,,,,,,,50.0,77.5,135.6,0.56,8.17,2.14,1.8,0.24,26.14,0.11,9.14,0.41,251.0,37.6,348.0,0.61,5.74,1.07,168.11,0.22,5.11,1.85,4.14,0.57
14.468000,80.168000,28_515_shc_2024-25.15363,Venkanapalem,,,,,,,,,,,,,63.0,62.2,264.7,0.31,8.48,1.3,3.5,0.21,48.18,0.21,24.21,0.35,,,,,,,,,,,,
14.468000,80.168000,28_515_shc_2024-25.15462,Venkanapalem,,,,,,,,,,,,,50.0,36.0,109.8,0.69,8.35,1.49,0.3,0.46,16.24,0.28,9.21,0.09,,,,,,,,,,,,
14.478000,79.372000,28_515_shc_2023-24.6420,Madannagaripalle,213.0,29.0,59.0,0.52,7.89,0.42,64.0,0.03,6.31,0.57,4.5,0.04,,,,,,,,,,,,,,,,,,,,,,,,
14.472000,79.372000,28_515_shc_2023-24.6859,Chintalapalem,75.0,69.0,195.0,0.81,8.5,0.3,1.9,0.34,5.16,2.06,7.6,1.18,,,,,,,,,,,,,,,,,,,,,,,,
14.475000,79.555000,28_515_shc_2023-24.5328,China Gopavaram,88.0,3.0,117.0,0.42,8.21,0.26,19.0,0.04,4.86,0.93,3.16,0.15,,,,,,,,,,,,,,,,,,,,,,,,
14.475000,79.555000,28_515_shc_2023-24.6155,China Gopavaram,163.0,8.0,124.0,0.47,8.27,0.23,7.0,0.28,4.93,0.84,4.82,0.08,,,,,,,,,,,,,,,,,,,,,,,,
14.475000,79.595000,28_515_shc_2025-26.4314,Chittaluru,,,,,,,,,,,,,,,,,,,,,,,,,163.0,1.5,130.4,0.13,8.7,0.01,161.11,0.51,4.67,0.47,1.04,0.06
14.478000,79.618000,28_515_shc_2025-26.7067,Vavileru,176.0,85.0,124.0,0.38,7.1,0.4,78.0,0.181,7.15,0.51,6.48,0.08,,,,,,,,,,,,,151.0,11.5,248.3,0.34,8.3,0.16,28.02,0.15,9.36,0.19,2.33,0.44
14.478000,79.632000,28_515_shc_2023-24.5554,Vavileru,63.0,3.0,98.0,0.5,7.9,0.6,19.0,0.52,7.8,0.34,10.8,0.15,,,,,,,,,,,,,13.0,176.6,68.3,0.13,7.76,0.69,87.56,0.67,3.17,0.08,9.09,0.72
14.475000,79.635000,28_515_shc_2024-25.17752,Vavileru,,,,,,,,,,,,,213.0,99.4,135.6,0.51,8.08,0.1,26.4,0.48,35.3,0.45,67.14,0.28,,,,,,,,,,,,
14.478000,79.638000,28_515_shc_2025-26.2124,Vavileru,,,,,,,,,,,,,,,,,,,,,,,,,151.0,5.4,446.9,0.41,8.25,0.11,59.54,0.15,4.91,0.21,2.01,0.06
14.478000,79.678000,28_515_shc_2024-25.998,Navooru,,,,,,,,,,,,,238.0,32.8,238.9,0.27,8.51,0.18,31.6,0.41,17.7,3.02,5.01,0.54,,,,,,,,,,,,
14.478000,79.678000,28_515_shc_2024-25.8496,Navooru,,,,,,,,,,,,,88.0,159.4,238.9,0.38,8.08,0.1,87.9,0.19,22.2,2.86,3.11,0.79,,,,,,,,,,,,
14.475000,79.765000,28_515_shc_2023-24.6887,Prabagiripatnam,125.0,1.0,124.0,0.48,8.2,0.3,28.0,0.17,2.97,0.59,4.02,0.04,,,,,,,,,,,,,,,,,,,,,,,,
14.472000,79.872000,28_515_shc_2024-25.7559,Devarapalem,100.0,22.0,98.0,0.78,8.4,0.2,47.0,0.48,4.72,0.86,19.8,0.3,138.0,34.9,206.6,0.41,8.21,0.12,77.3,0.58,10.38,0.26,7.12,0.31,,,,,,,,,,,,
14.478000,79.888000,28_515_shc_2024-25.4192,Devarapalem,,,,,,,,,,,,,100.0,62.2,180.8,0.52,8.13,0.15,108.9,0.31,9.14,0.18,8.38,0.56,,,,,,,,,,,,
14.478000,79.892000,28_515_shc_2023-24.7160,Pottepalem,151.0,79.0,731.0,0.2,7.6,2.8,2.0,0.8,1.4,0.46,12.64,2.59,,,,,,,,,,,,,,,,,,,,,,,,
14.478000,79.972000,28_515_shc_2023-24.7239,Gangavaram,113.0,25.0,202.0,0.48,7.8,1.7,45.0,0.58,7.1,0.68,8.4,0.3,,,,,,,,,,,,,,,,,,,,,,,,
14.478000,79.972000,28_515_shc_2024-25.6057,Pothireddipalem,,,,,,,,,,,,,176.0,164.0,77.5,1.11,7.81,0.1,47.0,0.28,4.48,0.72,3.15,0.34,,,,,,,,,,,,
14.478000,79.972000,28_515_shc_2024-25.6076,Pothireddipalem,,,,,,,,,,,,,201.0,164.0,213.1,1.07,7.72,0.1,81.0,0.32,2.41,0.16,6.38,0.44,,,,,,,,,,,,
14.478000,79.972000,28_515_shc_2024-25.6080,Pothireddipalem,,,,,,,,,,,,,188.0,69.9,142.1,0.54,7.75,0.1,18.0,0.26,20.6,0.41,17.78,0.15,,,,,,,,,,,,
14.478000,79.972000,28_515_shc_2024-25.6136,Pothireddipalem,,,,,,,,,,,,,188.0,128.8,542.4,0.72,7.66,0.1,93.0,0.28,3.38,0.34,9.14,0.18,,,,,,,,,,,,
14.478000,79.972000,28_515_shc_2024-25.6243,Pothireddipalem,,,,,,,,,,,,,163.0,116.8,167.9,0.71,7.72,0.1,33.0,0.24,8.91,0.26,8.34,1.16,,,,,,,,,,,,
14.478000,79.972000,28_515_shc_2024-25.6296,Pothireddipalem,,,,,,,,,,,,,138.0,79.7,129.1,0.57,7.54,0.1,97.0,0.18,5.26,0.16,6.38,0.37,,,,,,,,,,,,
14.472000,80.042000,28_515_shc_2023-24.4989,Lebur Bit - II,151.0,73.0,137.0,0.41,7.8,0.4,35.0,0.44,4.6,0.55,0.9,0.15,,,,,,,,,,,,,,,,,,,,,,,,
14.478000,80.052000,28_515_shc_2024-25.2127,Lebur Bit - II,,,,,,,,,,,,,88.0,99.0,193.0,1.0,7.1,1.03,47.0,0.81,24.28,0.36,3.38,0.94,,,,,,,,,,,,
14.478000,80.052000,28_515_shc_2024-25.2129,Lebur Bit - II,,,,,,,,,,,,,151.0,35.0,122.0,0.67,7.15,0.82,60.0,0.58,24.38,0.36,6.38,0.75,,,,,,,,,,,,
14.478000,80.052000,28_515_shc_2024-25.16324,Lebur Bit - II,,,,,,,,,,,,,125.0,43.0,135.0,1.03,7.17,1.14,26.0,0.64,38.61,0.31,5.28,0.53,,,,,,,,,,,,
14.478000,80.052000,28_515_shc_2024-25.16332,Lebur Bit - II,,,,,,,,,,,,,188.0,17.0,180.0,0.8,7.36,1.07,47.0,0.72,51.16,0.24,4.16,0.18,,,,,,,,,,,,
14.478000,80.052000,28_515_shc_2024-25.16338,Lebur Bit - II,,,,,,,,,,,,,100.0,43.0,200.0,1.0,7.25,1.01,54.0,0.91,47.32,0.38,4.08,1.13,,,,,,,,,,,,
14.478000,80.052000,28_515_shc_2025-26.5584,Lebur Bit - II,,,,,,,,,,,,,,,,,,,,,,,,,113.0,65.3,285.5,0.59,7.74,1.67,143.59,0.18,3.98,0.41,4.68,0.88
14.478000,80.068000,28_515_shc_2024-25.13473,Lebur Bit - II,,,,,,,,,,,,,38.0,129.0,135.0,1.03,7.68,0.19,26.0,0.74,14.4,0.14,6.36,0.53,,,,,,,,,,,,
14.478000,80.068000,28_515_shc_2024-25.13509,Lebur Bit - II,,,,,,,,,,,,,100.0,80.0,187.0,1.22,8.01,0.17,33.0,0.26,16.3,0.38,4.28,0.59,,,,,,,,,,,,
14.478000,80.118000,28_515_shc_2025-26.2521,Indukurpet Bit - I,,,,,,,,,,,,,,,,,,,,,,,,,151.0,19.2,248.3,0.41,6.99,0.28,129.59,0.11,24.24,0.2,6.17,0.88
14.478000,80.122000,28_515_shc_2023-24.6201,Indukurpet Bit - I,213.0,55.0,377.0,0.41,7.8,0.9,24.0,0.76,1.87,0.42,2.5,0.27,,,,,,,,,,,,,,,,,,,,,,,,
14.472000,80.138000,28_515_shc_2025-26.8767,Jangamvani Doruvu,,,,,,,,,,,,,,,,,,,,,,,,,138.0,67.6,68.3,0.63,6.93,0.24,168.11,0.38,13.2,0.17,6.2,0.75
14.475000,80.155000,28_515_shc_2025-26.5627,Koduruturu,,,,,,,,,,,,,,,,,,,,,,,,,251.0,47.62,223.5,0.28,6.78,1.39,122.58,0.22,14.11,0.15,2.01,0.38
14.488000,79.368000,28_515_shc_2023-24.4969,Kulluru,251.0,36.0,91.0,0.46,6.9,0.48,35.0,0.3,36.78,0.38,8.9,0.04,,,,,,,,,,,,,,,,,,,,,,,,
14.482000,79.532000,28_515_shc_2025-26.4459,Kalayapalem,,,,,,,,,,,,,,,,,,,,,,,,,138.0,6.9,204.8,0.41,8.6,0.2,42.03,0.33,2.88,0.25,1.93,0.38
14.482000,79.532000,28_515_shc_2025-26.4464,Kalayapalem,,,,,,,,,,,,,,,,,,,,,,,,,113.0,22.3,384.9,0.37,8.46,0.34,66.54,0.26,4.19,0.27,1.65,0.25
14.485000,79.575000,28_515_shc_2023-24.5808,Chejerla,75.0,6.0,293.0,0.85,8.4,0.3,24.0,0.001,2.9,0.16,11.26,0.04,,,,,,,,,,,,,,,,,,,,,,,,
14.488000,79.588000,28_515_shc_2023-24.4854,Billupadu,38.0,1.0,130.0,0.63,8.4,0.3,12.0,0.528,1.91,0.16,8.46,0.04,,,,,,,,,,,,,,,,,,,,,,,,
14.485000,79.675000,28_515_shc_2024-25.8642,Navooru,,,,,,,,,,,,,163.0,103.7,213.1,0.24,8.03,0.1,58.0,0.26,4.12,0.68,4.12,1.01,,,,,,,,,,,,
14.488000,79.678000,28_515_shc_2024-25.8708,Navooru,,,,,,,,,,,,,63.0,15.3,96.9,0.62,8.18,0.1,40.4,0.62,8.36,5.16,4.12,0.82,,,,,,,,,,,,
14.482000,79.802000,28_515_shc_2024-25.1490,Vellanti,,,,,,,,,,,,,125.0,89.5,96.9,0.87,7.9,1.27,176.0,0.85,18.16,0.28,26.31,0.22,,,,,,,,,,,,
14.482000,79.802000,28_515_shc_2024-25.2756,Vellanti,,,,,,,,,,,,,100.0,34.9,38.7,0.32,8.13,0.51,100.2,0.54,14.36,0.51,21.36,0.5,,,,,,,,,,,,
14.482000,79.802000,28_515_shc_2024-25.2757,Vellanti,,,,,,,,,,,,,201.0,7.6,96.9,0.87,7.87,1.87,176.0,0.28,16.28,0.58,18.26,0.44,,,,,,,,,,,,
14.482000,79.802000,28_515_shc_2024-25.8283,Vellanti,,,,,,,,,,,,,100.0,17.5,96.9,0.73,7.85,0.47,66.8,1.17,31.42,0.81,13.59,0.63,,,,,,,,,,,,
14.482000,79.802000,28_515_shc_2024-25.11105,Vellanti,,,,,,,,,,,,,125.0,34.9,45.2,0.14,8.25,1.34,1.8,0.71,12.41,0.18,5.38,0.41,,,,,,,,,,,,
14.482000,79.802000,28_515_shc_2024-25.15916,Vellanti,,,,,,,,,,,,,125.0,18.6,83.9,0.5,7.94,0.96,82.6,0.32,20.16,0.21,9.36,0.44,,,,,,,,,,,,
14.482000,79.802000,28_515_shc_2024-25.19808,Vellanti,,,,,,,,,,,,,201.0,25.1,161.4,0.18,7.93,0.7,96.6,0.68,30.14,0.38,12.18,0.03,,,,,,,,,,,,
14.488000,79.872000,28_515_shc_2024-25.17442,Jonnawada,,,,,,,,,,,,,176.0,164.0,148.0,0.59,7.74,0.22,81.0,0.28,9.36,0.24,3.14,0.94,,,,,,,,,,,,
14.488000,79.872000,28_515_shc_2024-25.17473,Jonnawada,,,,,,,,,,,,,151.0,164.0,116.0,0.45,7.75,0.3,60.0,0.38,10.41,0.32,3.19,0.69,,,,,,,,,,,,
14.488000,79.882000,28_515_shc_2025-26.1864,Jonnawada,,,,,,,,,,,,,,,,,,,,,,,,,289.0,19.2,397.0,0.63,7.15,0.59,192.63,0.02,5.94,0.13,2.08,0.19
14.488000,79.882000,28_515_shc_2025-26.7146,Jonnawada,,,,,,,,,,,,,,,,,,,,,,,,,138.0,4.6,410.0,0.57,7.14,0.54,136.59,0.39,9.87,0.03,2.17,0.25
14.482000,79.898000,28_515_shc_2024-25.20594,Jonnawada,,,,,,,,,,,,,100.0,164.0,129.0,1.5,7.86,0.21,2.0,0.082,12.27,0.41,2.79,0.56,,,,,,,,,,,,
14.482000,79.898000,28_515_shc_2025-26.11138,Jonnawada,,,,,,,,,,,,,,,,,,,,,,,,,75.0,2.3,347.0,0.16,6.63,0.59,129.59,0.39,18.46,0.39,2.94,0.25
14.485000,79.955000,28_515_shc_2023-24.7451,Gangavaram,201.0,23.0,117.0,0.5,7.8,0.8,35.0,0.41,8.4,0.51,7.4,0.19,,,,,,,,,,,,,,,,,,,,,,,,
14.488000,79.978000,28_515_shc_2024-25.14758,Kovur,,,,,,,,,,,,,176.0,138.0,226.0,1.09,8.16,0.2,18.0,0.31,8.36,0.42,4.36,0.22,,,,,,,,,,,,
14.485000,80.075000,28_515_shc_2025-26.5887,Lebur Bit - II,,,,,,,,,,,,,,,,,,,,,,,,,25.0,22.3,167.6,0.28,7.22,1.08,59.54,0.31,2.1,0.18,0.76,1.07
14.492000,79.482000,28_515_shc_2025-26.8265,Kakivaya,,,,,,,,,,,,,,,,,,,,,,,,,113.0,19.2,384.9,0.54,8.58,0.42,42.0,0.13,1.38,0.25,1.58,0.66
14.492000,79.482000,28_515_shc_2025-26.8268,Kakivaya,,,,,,,,,,,,,,,,,,,,,,,,,113.0,17.7,440.7,0.21,8.98,1.15,87.56,0.51,4.36,0.28,1.33,0.75
14.498000,79.528000,28_515_shc_2023-24.6448,Nagulavellaturu,100.0,12.0,221.0,0.4,8.2,5.4,7.0,0.001,11.2,0.001,15.64,0.08,,,,,,,,,,,,,,,,,,,,,,,,
14.495000,79.535000,28_515_shc_2023-24.4833,Nagulavellaturu,75.0,3.0,143.0,0.63,8.6,0.7,9.0,0.001,32.9,0.014,18.12,0.15,,,,,,,,,,,,,,,,,,,,,,,,
14.492000,79.542000,28_515_shc_2025-26.7166,Kalayapalem,,,,,,,,,,,,,,,,,,,,,,,,,188.0,23.8,589.7,0.22,8.31,0.41,28.02,0.33,3.86,0.19,1.87,0.5
14.492000,79.542000,28_515_shc_2025-26.7179,Kalayapalem,138.0,13.0,137.0,0.56,7.1,0.9,35.0,0.024,14.0,0.75,31.5,0.19,,,,,,,,,,,,,251.0,16.9,496.6,0.49,8.41,0.42,35.02,0.16,1.97,0.24,2.01,0.57
14.498000,79.682000,28_515_shc_2024-25.1590,Bhogasamudram,,,,,,,,,,,,,125.0,67.7,83.9,0.2,8.19,0.12,36.9,0.64,5.18,0.46,5.16,0.09,,,,,,,,,,,,
14.498000,79.682000,28_515_shc_2024-25.11999,Bhogasamudram,,,,,,,,,,,,,100.0,164.0,129.1,0.31,8.17,0.17,10.5,0.72,4.16,0.12,4.31,0.54,,,,,,,,,,,,
14.498000,79.682000,28_515_shc_2024-25.12034,Bhogasamudram,,,,,,,,,,,,,163.0,44.8,38.7,0.46,8.12,0.1,10.5,0.74,2.68,0.24,7.21,0.35,,,,,,,,,,,,
14.498000,79.682000,28_515_shc_2024-25.12074,Bhogasamudram,,,,,,,,,,,,,88.0,48.0,58.1,0.38,8.01,0.16,77.3,0.96,1.54,1.42,0.86,0.22,,,,,,,,,,,,
14.498000,79.822000,28_515_shc_2024-25.2842,Sajjapuram,,,,,,,,,,,,,301.0,18.1,232.5,0.53,7.77,0.32,5.3,1.12,22.24,0.212,40.41,0.18,,,,,,,,,,,,
14.498000,79.868000,28_515_shc_2025-26.4922,Penuballe,,,,,,,,,,,,,,,,,,,,,,,,,63.0,20.0,335.0,0.57,6.83,1.2,52.53,0.19,5.03,0.35,1.35,0.25
14.498000,79.912000,28_515_shc_2025-26.5051,Sreerangaraja -Puram,,,,,,,,,,,,,,,,,,,,,,,,,38.0,37.6,441.0,0.25,7.89,0.89,66.54,0.09,4.98,0.11,2.1,0.38
14.492000,79.928000,28_515_shc_2025-26.2029,Damaramadugu,,,,,,,,,,,,,,,,,,,,,,,,,138.0,14.6,441.0,0.32,7.0,0.44,168.11,0.25,5.98,0.02,2.15,0.13
14.492000,79.928000,28_515_shc_2025-26.2250,Damaramadugu,,,,,,,,,,,,,,,,,,,,,,,,,176.0,18.4,447.0,0.25,7.6,1.51,101.57,0.42,37.56,1.57,6.48,0.09
14.498000,79.932000,28_515_shc_2024-25.1616,Damaramadugu,,,,,,,,,,,,,251.0,31.7,109.8,0.84,7.57,0.32,10.5,0.38,7.28,0.78,7.88,0.56,,,,,,,,,,,,
14.498000,79.932000,28_515_shc_2024-25.12062,Damaramadugu,,,,,,,,,,,,,201.0,18.6,355.1,0.91,7.63,0.85,1.8,0.68,2.16,0.14,8.36,0.72,,,,,,,,,,,,
14.498000,79.932000,28_515_shc_2024-25.12093,Damaramadugu,,,,,,,,,,,,,100.0,52.4,426.2,0.8,7.56,0.93,19.3,0.24,8.38,0.36,9.16,0.18,,,,,,,,,,,,
14.492000,79.932000,28_515_shc_2025-26.8276,Damaramadugu,,,,,,,,,,,,,,,,,,,,,,,,,151.0,12.3,478.0,0.16,7.46,0.54,42.03,0.42,6.38,0.42,2.87,0.22
14.492000,79.932000,28_515_shc_2025-26.8317,Damaramadugu,,,,,,,,,,,,,,,,,,,,,,,,,113.0,0.8,310.0,0.13,7.8,0.44,52.53,0.35,10.35,0.39,4.31,0.19
14.495000,79.965000,28_515_shc_2023-24.7454,Gangavaram,226.0,11.0,202.0,0.72,7.6,2.8,35.0,0.65,9.3,0.34,8.2,0.34,,,,,,,,,,,,,,,,,,,,,,,,
14.498000,80.002000,28_515_shc_2023-24.7249,Padugupadu,201.0,23.0,137.0,0.28,7.0,0.2,7.0,0.41,0.46,0.71,1.8,0.23,151.0,9.8,155.0,0.23,5.33,0.1,61.5,0.54,9.28,0.16,14.18,0.56,,,,,,,,,,,,
14.498000,80.002000,28_515_shc_2024-25.2361,Padugupadu,,,,,,,,,,,,,188.0,52.0,215.4,0.68,7.79,1.88,58.0,0.38,5.38,0.28,5.38,0.31,,,,,,,,,,,,
14.498000,80.002000,28_515_shc_2024-25.2365,Padugupadu,,,,,,,,,,,,,188.0,164.0,155.0,0.75,8.0,0.32,44.0,0.22,1.34,0.54,5.04,0.47,,,,,,,,,,,,
14.498000,80.002000,28_515_shc_2024-25.2371,Padugupadu,,,,,,,,,,,,,201.0,62.0,116.2,0.6,7.71,0.42,81.0,0.28,7.21,0.14,7.21,0.37,,,,,,,,,,,,
14.498000,80.002000,28_515_shc_2024-25.7344,Padugupadu,,,,,,,,,,,,,176.0,117.0,419.7,0.92,7.75,0.1,47.0,0.16,3.86,0.36,7.21,0.25,,,,,,,,,,,,
14.498000,80.002000,28_515_shc_2024-25.7370,Padugupadu,,,,,,,,,,,,,100.0,164.0,406.8,1.11,7.42,0.45,72.0,0.21,3.24,0.24,6.38,0.25,,,,,,,,,,,,
14.498000,80.002000,28_515_shc_2024-25.7374,Padugupadu,,,,,,,,,,,,,201.0,164.0,445.5,0.76,7.54,0.1,47.0,3.28,4.18,0.38,5.26,0.59,,,,,,,,,,,,
14.498000,80.002000,28_515_shc_2024-25.7390,Padugupadu,,,,,,,,,,,,,188.0,80.0,400.3,0.28,7.49,0.1,44.0,0.18,6.84,0.21,7.28,0.88,,,,,,,,,,,,
14.498000,80.002000,28_515_shc_2024-25.7401,Padugupadu,,,,,,,,,,,,,201.0,117.0,348.7,0.32,7.63,0.36,47.0,0.16,1.16,0.38,1.59,0.44,,,,,,,,,,,,
14.498000,80.002000,28_515_shc_2024-25.7408,Padugupadu,,,,,,,,,,,,,113.0,1.0,387.4,1.31,7.84,0.3,77.0,0.14,4.31,0.62,10.19,0.18,,,,,,,,,,,,
14.498000,80.002000,28_515_shc_2024-25.7427,Padugupadu,,,,,,,,,,,,,251.0,117.0,219.5,0.52,7.67,0.33,37.0,0.14,2.16,0.14,3.39,0.47,,,,,,,,,,,,
14.498000,80.002000,28_515_shc_2024-25.7436,Padugupadu,,,,,,,,,,,,,238.0,164.0,187.3,0.92,7.64,0.84,105.0,0.28,3.34,0.21,8.38,0.37,88.0,20.0,49.2,0.58,7.84,0.21,108.57,0.31,3.21,0.21,6.21,0.58
14.498000,80.002000,28_515_shc_2024-25.7501,Padugupadu,,,,,,,,,,,,,188.0,138.0,426.2,0.41,7.65,0.1,146.0,0.18,5.26,0.14,5.43,0.37,,,,,,,,,,,,
14.498000,80.002000,28_515_shc_2024-25.15428,Padugupadu,,,,,,,,,,,,,138.0,25.0,213.1,0.23,8.51,0.1,51.0,0.38,2.68,0.26,4.36,0.31,,,,,,,,,,,,
14.498000,80.002000,28_515_shc_2024-25.15450,Padugupadu,,,,,,,,,,,,,163.0,164.0,193.7,0.53,7.77,0.21,47.0,0.46,6.14,0.14,3.08,0.72,,,,,,,,,,,,
14.498000,80.002000,28_515_shc_2024-25.15491,Padugupadu,,,,,,,,,,,,,100.0,1.0,645.7,0.08,7.51,0.1,69.0,0.31,8.38,0.38,6.84,0.59,,,,,,,,,,,,
14.498000,80.002000,28_515_shc_2024-25.15497,Padugupadu,,,,,,,,,,,,,100.0,70.0,277.7,0.21,7.75,0.73,47.0,0.18,5.38,0.12,6.12,0.18,,,,,,,,,,,,
14.498000,80.002000,28_515_shc_2024-25.15505,Padugupadu,,,,,,,,,,,,,113.0,80.0,251.8,0.93,7.85,0.1,47.0,0.66,3.26,0.38,0.36,0.56,,,,,,,,,,,,
14.498000,80.002000,28_515_shc_2024-25.15511,Padugupadu,,,,,,,,,,,,,138.0,62.0,284.1,0.82,7.82,1.1,121.0,0.21,6.16,0.14,4.18,0.18,,,,,,,,,,,,
14.498000,80.002000,28_515_shc_2024-25.15527,Padugupadu,,,,,,,,,,,,,152.0,70.0,258.3,0.64,7.61,0.62,58.0,0.12,4.38,0.16,2.68,0.31,,,,,,,,,,,,
14.492000,80.018000,28_515_shc_2024-25.14031,Inamadugu,,,,,,,,,,,,,163.0,38.0,155.0,0.33,8.23,0.16,18.0,0.36,4.18,0.12,8.38,0.28,,,,,,,,,,,,
14.492000,80.018000,28_515_shc_2024-25.14384,Inamadugu,,,,,,,,,,,,,100.0,38.0,142.1,0.54,7.91,0.28,9.0,0.43,6.98,0.37,4.19,0.47,,,,,,,,,,,,
14.492000,80.032000,28_515_shc_2024-25.7369,Inamadugu,,,,,,,,,,,,,226.0,117.0,148.5,0.72,7.91,0.13,14.0,0.21,0.14,0.22,3.36,0.37,,,,,,,,,,,,
14.492000,80.032000,28_515_shc_2024-25.7409,Inamadugu,,,,,,,,,,,,,188.0,164.0,645.7,0.38,7.83,0.1,30.0,0.26,4.26,0.92,1.49,0.18,,,,,,,,,,,,
14.492000,80.032000,28_515_shc_2024-25.7424,Inamadugu,,,,,,,,,,,,,163.0,117.0,103.3,0.45,7.65,0.73,18.0,0.38,3.16,0.31,4.26,0.59,,,,,,,,,,,,
14.492000,80.032000,28_515_shc_2025-26.7485,Pallipadu,,,,,,,,,,,,,,,,,,,,,,,,,201.0,246.52,322.8,0.09,7.35,1.48,297.7,0.58,3.7,0.87,2.01,0.75
14.498000,80.068000,28_515_shc_2025-26.5714,Pallipadu,,,,,,,,,,,,,,,,,,,,,,,,,176.0,92.2,459.3,0.26,7.4,1.3,262.67,0.38,2.18,0.28,3.18,1.19
14.495000,80.095000,28_515_shc_2025-26.5718,Lebur Bit 閳 I,38.0,60.0,455.0,0.18,8.0,0.8,35.0,1.08,8.6,0.9,23.04,2.6,,,,,,,,,,,,,63.0,75.3,111.7,0.18,8.06,0.82,210.14,0.42,16.9,0.1,2.31,0.38
14.498000,80.102000,28_515_shc_2024-25.13242,Punnur,,,,,,,,,,,,,176.0,70.0,290.0,1.08,7.72,0.28,18.0,1.03,1.09,0.15,0.64,1.63,,,,,,,,,,,,
14.502000,79.378000,28_515_shc_2024-25.18418,Kulluru,,,,,,,,,,,,,125.0,157.0,174.0,1.01,8.02,0.61,170.0,0.34,6.13,0.65,1.12,0.53,,,,,,,,,,,,
14.508000,79.432000,28_515_shc_2023-24.4791,Kaluvoya,163.0,14.0,72.0,1.25,7.97,0.21,50.0,0.53,13.4,0.42,7.15,0.19,,,,,,,,,,,,,,,,,,,,,,,,
14.508000,79.432000,28_515_shc_2023-24.4798,Kaluvoya,151.0,14.0,65.0,0.83,8.05,0.2,35.0,0.39,15.41,0.21,8.14,0.04,,,,,,,,,,,,,,,,,,,,,,,,
14.502000,79.448000,28_515_shc_2024-25.18760,Thopugunta,,,,,,,,,,,,,176.0,11.0,274.0,0.68,8.16,0.1,47.0,0.64,1.1,0.08,0.81,1.1,,,,,,,,,,,,
14.508000,79.572000,28_515_shc_2025-26.4297,Chejerla,,,,,,,,,,,,,,,,,,,,,,,,,151.0,223.0,446.9,0.38,8.27,0.47,52.53,0.15,5.31,0.28,2.33,0.38
14.505000,79.615000,28_515_shc_2023-24.7108,Paderu,38.0,3.0,176.0,0.49,8.6,0.9,64.0,0.38,18.1,0.69,1.5,0.11,,,,,,,,,,,,,,,,,,,,,,,,
14.502000,79.618000,28_515_shc_2025-26.4289,Paderu,,,,,,,,,,,,,,,,,,,,,,,,,263.0,1.5,55.9,0.71,8.71,0.57,52.53,0.33,3.01,0.1,1.96,0.5
14.508000,79.628000,28_515_shc_2025-26.8338,Paderu,,,,,,,,,,,,,,,,,,,,,,,,,326.0,5.4,6.2,0.71,8.67,0.32,42.03,0.09,9.24,0.34,2.98,0.97
14.508000,79.852000,28_515_shc_2024-25.9241,Panchedu,,,,,,,,,,,,,100.0,164.0,148.5,0.94,7.1,1.56,5.3,0.16,4.21,0.34,6.14,0.06,,,,,,,,,,,,
14.502000,79.858000,28_515_shc_2025-26.1566,Minagallu,,,,,,,,,,,,,,,,,,,,,,,,,125.0,16.1,459.0,0.25,7.17,0.69,168.11,0.24,2.98,0.18,1.04,0.44
14.502000,79.858000,28_515_shc_2025-26.4207,Minagallu,,,,,,,,,,,,,,,,,,,,,,,,,63.0,15.4,416.0,0.57,6.6,0.34,94.56,0.62,25.84,0.19,8.56,0.5
14.502000,79.858000,28_515_shc_2025-26.4256,Minagallu,,,,,,,,,,,,,,,,,,,,,,,,,113.0,7.7,422.0,0.63,7.26,0.58,101.57,0.27,20.15,0.16,1.97,0.41
14.508000,79.868000,28_515_shc_2024-25.5802,Panchedu,,,,,,,,,,,,,151.0,42.6,135.6,0.56,7.09,0.84,1.8,0.41,9.16,0.46,4.21,0.66,,,,,,,,,,,,
14.508000,79.922000,28_515_shc_2024-25.12330,Damaramadugu,,,,,,,,,,,,,151.0,3.3,71.0,0.93,5.83,0.35,19.3,0.28,8.38,0.21,9.36,0.22,,,,,,,,,,,,
14.508000,79.982000,28_515_shc_2023-24.5999,Gangavaram,100.0,35.0,136.0,0.84,6.0,0.9,78.0,0.52,2.01,0.8,7.2,1.08,,,,,,,,,,,,,,,,,,,,,,,,
14.508000,80.018000,28_515_shc_2023-24.5073,Inamadugu,138.0,36.0,143.0,0.52,7.7,0.1,5.0,0.64,9.1,0.26,9.1,0.61,,,,,,,,,,,,,,,,,,,,,,,,
14.508000,80.028000,28_515_shc_2023-24.4886,Leguntapadu,201.0,21.0,215.0,0.31,7.0,0.9,21.0,0.46,9.1,0.26,3.8,0.61,,,,,,,,,,,,,,,,,,,,,,,,
14.508000,80.038000,28_515_shc_2023-24.6248,Leguntapadu,188.0,25.0,130.0,0.67,7.9,0.6,118.0,0.61,8.3,0.18,5.4,0.42,,,,,,,,,,,,,,,,,,,,,,,,
14.505000,80.055000,28_515_shc_2023-24.5996,Inamadugu,176.0,62.0,208.0,0.41,6.9,0.1,73.0,0.48,8.4,0.71,7.1,0.3,,,,,,,,,,,,,,,,,,,,,,,,
14.502000,80.138000,28_515_shc_2023-24.5351,Komarika,151.0,52.0,423.0,0.17,8.3,0.4,83.0,0.36,8.3,2.41,1.4,0.08,,,,,,,,,,,,,,,,,,,,,,,,
14.502000,80.138000,28_515_shc_2023-24.5878,Komarika,100.0,11.0,208.0,0.11,8.5,0.7,68.0,0.74,8.3,2.9,5.4,0.38,,,,,,,,,,,,,,,,,,,,,,,,
14.502000,80.138000,28_515_shc_2023-24.6042,Komarika,113.0,13.0,228.0,0.28,8.1,0.8,127.0,0.17,10.4,5.4,6.1,0.11,,,,,,,,,,,,,,,,,,,,,,,,
14.502000,80.138000,28_515_shc_2023-24.6206,Komarika,238.0,12.0,319.0,0.21,8.2,0.3,61.0,0.66,11.0,1.7,4.2,0.42,,,,,,,,,,,,,,,,,,,,,,,,
14.505000,80.165000,28_515_shc_2023-24.5117,Mypadu,151.0,62.0,156.0,0.35,7.4,0.9,64.0,0.29,8.4,2.6,6.2,0.27,,,,,,,,,,,,,,,,,,,,,,,,
14.505000,80.165000,28_515_shc_2024-25.13452,Mypadu,,,,,,,,,,,,,75.0,62.0,470.0,0.88,7.6,0.63,58.0,0.38,3.18,0.31,0.46,0.85,,,,,,,,,,,,
14.505000,80.165000,28_515_shc_2024-25.13476,Mypadu,,,,,,,,,,,,,151.0,70.0,109.0,0.62,7.68,1.27,11.0,0.58,3.26,0.24,3.21,0.5,,,,,,,,,,,,
14.505000,80.165000,28_515_shc_2024-25.13477,Mypadu,,,,,,,,,,,,,63.0,52.0,148.0,1.09,7.66,1.23,40.0,0.61,4.26,0.14,6.38,0.47,,,,,,,,,,,,
14.505000,80.165000,28_515_shc_2024-25.13478,Mypadu,,,,,,,,,,,,,151.0,90.0,393.0,0.42,7.35,0.37,54.0,0.76,3.26,0.24,0.21,1.29,,,,,,,,,,,,
14.505000,80.165000,28_515_shc_2024-25.13501,Mypadu,,,,,,,,,,,,,176.0,164.0,90.0,1.08,7.62,1.21,5.0,0.67,0.94,0.16,0.67,0.25,,,,,,,,,,,,
14.508000,80.172000,28_515_shc_2025-26.5575,Mypadu,,,,,,,,,,,,,,,,,,,,,,,,,188.0,109.1,42.03,0.14,7.81,0.79,154.1,0.18,5.31,0.38,7.38,0.63
14.508000,80.172000,28_515_shc_2025-26.5596,Mypadu,,,,,,,,,,,,,,,,,,,,,,,,,138.0,182.8,167.6,0.23,7.82,0.36,101.57,0.14,2.98,0.27,3.08,0.75
14.512000,79.368000,28_515_shc_2023-24.5339,Kulluru,163.0,13.0,91.0,0.32,7.54,0.23,35.0,0.48,13.45,0.41,6.3,0.11,,,,,,,,,,,,,,,,,,,,,,,,
14.512000,79.372000,28_515_shc_2024-25.18786,Kulluru,,,,,,,,,,,,,100.0,38.0,142.0,0.54,8.05,0.17,33.0,0.15,0.16,0.28,1.69,0.28,,,,,,,,,,,,
14.518000,79.392000,28_515_shc_2024-25.3993,Kaluvoya,,,,,,,,,,,,,125.0,164.0,599.0,0.79,8.15,0.17,33.0,0.18,0.16,0.59,1.72,1.07,,,,,,,,,,,,
14.518000,79.392000,28_515_shc_2024-25.3996,Kaluvoya,,,,,,,,,,,,,88.0,1.0,264.0,0.47,8.17,0.19,14.0,0.32,0.15,0.09,2.01,0.47,,,,,,,,,,,,
14.518000,79.392000,28_515_shc_2024-25.3998,Kaluvoya,,,,,,,,,,,,,113.0,80.0,283.0,0.11,8.11,0.24,5.0,0.18,0.19,0.52,3.23,0.22,,,,,,,,,,,,
14.518000,79.392000,28_515_shc_2024-25.4000,Kaluvoya,,,,,,,,,,,,,138.0,70.0,644.0,0.44,8.21,0.1,19.0,0.28,0.28,0.98,2.52,0.18,,,,,,,,,,,,
14.518000,79.392000,28_515_shc_2024-25.4003,Baddevolu,,,,,,,,,,,,,151.0,90.0,213.0,0.68,6.88,0.71,26.4,0.58,4.25,0.6,1.0,0.28,,,,,,,,,,,,
14.518000,79.392000,28_515_shc_2024-25.4004,Kaluvoya,,,,,,,,,,,,,113.0,99.0,438.0,0.9,8.16,0.11,19.0,0.28,0.38,1.1,0.68,0.56,,,,,,,,,,,,
14.512000,79.412000,28_515_shc_2023-24.6761,Baddevolu,113.0,9.0,124.0,0.13,6.87,0.39,45.0,0.34,29.8,0.48,9.2,0.15,,,,,,,,,,,,,,,,,,,,,,,,
14.512000,79.412000,28_515_shc_2024-25.4006,Baddevolu,,,,,,,,,,,,,151.0,62.0,213.0,1.05,5.46,0.1,19.0,0.32,1.48,0.52,1.05,0.44,,,,,,,,,,,,
14.512000,79.412000,28_515_shc_2024-25.4098,Baddevolu,,,,,,,,,,,,,100.0,52.0,425.0,1.01,5.81,0.2,40.0,0.29,0.97,0.52,0.89,0.03,,,,,,,,,,,,
14.512000,79.412000,28_515_shc_2024-25.4116,Baddevolu,,,,,,,,,,,,,63.0,43.0,480.0,1.25,7.14,0.71,40.0,0.24,0.24,0.29,1.89,0.53,,,,,,,,,,,,
14.512000,79.412000,28_515_shc_2024-25.11036,Kaluvoya,,,,,,,,,,,,,163.0,117.0,245.0,0.31,7.36,0.14,12.0,0.55,5.09,2.1,0.61,0.56,,,,,,,,,,,,
14.512000,79.422000,28_515_shc_2023-24.5440,Kesamanenipalle,63.0,56.0,247.0,0.77,8.2,0.5,97.0,0.16,3.12,0.2,3.6,0.11,,,,,,,,,,,,,,,,,,,,,,,,
14.515000,79.485000,28_515_shc_2024-25.9715,Kakivaya,,,,,,,,,,,,,301.0,102.6,180.8,0.44,8.35,0.1,26.4,0.86,28.32,0.48,81.31,0.63,,,,,,,,,,,,
14.515000,79.565000,28_515_shc_2024-25.19057,Chejerla,,,,,,,,,,,,,88.0,52.4,129.1,0.19,8.47,0.63,5.3,0.48,24.38,0.18,16.38,0.34,,,,,,,,,,,,
14.518000,79.632000,28_515_shc_2024-25.5504,Paderu,100.0,21.0,533.0,0.51,8.4,0.19,5.0,0.28,5.61,0.57,42.1,0.42,138.0,164.0,142.1,0.16,8.56,0.1,59.7,0.3,22.78,0.84,81.06,0.78,,,,,,,,,,,,
14.512000,79.762000,28_515_shc_2023-24.6323,Thatiparthi,151.0,19.0,111.0,0.32,8.7,0.7,83.0,0.82,11.6,0.44,1.88,0.27,251.0,38.0,200.0,1.2,8.46,0.71,90.0,0.78,5.09,0.99,3.12,0.5,,,,,,,,,,,,
14.518000,79.802000,28_515_shc_2024-25.4050,Golla Kandukur,,,,,,,,,,,,,176.0,7.6,77.5,0.41,7.87,2.48,1.8,0.14,8.86,0.26,10.36,1.19,,,,,,,,,,,,
14.518000,79.802000,28_515_shc_2024-25.4096,Golla Kandukur,,,,,,,,,,,,,151.0,62.2,226.0,0.31,8.25,0.12,12.3,0.28,18.26,0.16,28.16,1.86,,,,,,,,,,,,
14.512000,79.882000,28_515_shc_2024-25.11648,Penuballe,,,,,,,,,,,,,138.0,131.0,116.0,1.05,6.17,1.14,5.0,0.36,18.41,0.68,5.38,0.66,,,,,,,,,,,,
14.518000,79.892000,28_515_shc_2024-25.5760,Chellayapalem,,,,,,,,,,,,,113.0,164.0,644.0,0.65,7.9,1.2,21.0,0.32,10.18,0.36,6.21,0.53,,,,,,,,,,,,
14.518000,79.892000,28_515_shc_2024-25.21314,Chellayapalem,,,,,,,,,,,,,100.0,164.0,251.0,0.83,7.57,0.27,97.0,0.4,21.38,0.12,4.16,0.78,,,,,,,,,,,,
14.518000,79.908000,28_515_shc_2024-25.1018,Rebala,,,,,,,,,,,,,100.0,164.0,142.0,1.38,6.31,0.41,12.0,0.44,5.18,0.34,9.14,1.51,,,,,,,,,,,,
14.518000,79.908000,28_515_shc_2024-25.5560,Damaramadugu,,,,,,,,,,,,,125.0,7.6,129.0,0.48,7.77,1.29,5.3,0.71,8.16,0.28,7.28,0.31,,,,,,,,,,,,
14.518000,79.908000,28_515_shc_2024-25.5562,Damaramadugu,,,,,,,,,,,,,100.0,52.0,77.0,0.14,7.65,0.79,10.5,0.68,6.28,0.18,4.26,1.07,,,,,,,,,,,,
14.518000,79.908000,28_515_shc_2024-25.5601,Damaramadugu,,,,,,,,,,,,,113.0,128.3,167.9,0.39,7.71,0.83,5.3,0.12,8.16,0.26,3.38,0.47,,,,,,,,,,,,
14.515000,79.945000,28_515_shc_2024-25.14414,Patur,,,,,,,,,,,,,88.0,164.0,135.6,0.52,7.84,0.1,170.4,0.15,8.79,0.62,7.96,0.31,,,,,,,,,,,,
14.512000,79.968000,28_515_shc_2023-24.5740,Kovur,88.0,73.0,104.0,0.75,7.6,0.6,50.0,0.51,7.18,0.21,6.1,0.91,,,,,,,,,,,,,,,,,,,,,,,,
14.512000,79.998000,28_515_shc_2023-24.7479,Kovur,263.0,17.0,163.0,0.58,8.0,1.5,26.0,0.65,8.26,0.54,5.15,0.11,,,,,,,,,,,,,,,,,,,,,,,,
14.512000,79.992000,28_515_shc_2023-24.5825,Kovur,188.0,138.0,221.0,0.3,6.9,0.7,7.0,0.38,7.16,2.26,4.84,0.38,,,,,,,,,,,,,,,,,,,,,,,,
14.512000,79.992000,28_515_shc_2024-25.15284,Kovur,,,,,,,,,,,,,188.0,164.0,187.3,0.55,8.02,0.13,11.0,0.32,5.62,0.46,6.38,0.59,,,,,,,,,,,,
14.515000,80.005000,28_515_shc_2023-24.5555,Kovur,188.0,112.0,267.0,0.18,7.6,0.4,12.0,0.28,10.6,1.72,3.8,0.11,,,,,,,,,,,,,,,,,,,,,,,,
14.512000,80.018000,28_515_shc_2024-25.14962,Inamadugu,,,,,,,,,,,,,63.0,17.0,568.2,0.42,8.12,0.14,30.0,0.28,0.52,0.46,5.16,0.15,,,,,,,,,,,,
14.512000,80.062000,28_515_shc_2024-25.13829,Pallipadu,,,,,,,,,,,,,63.0,78.0,245.0,1.5,7.13,0.54,33.0,0.58,7.21,0.24,6.38,0.15,,,,,,,,,,,,
14.512000,80.062000,28_515_shc_2024-25.13837,Pallipadu,,,,,,,,,,,,,163.0,38.0,238.0,1.83,6.86,0.52,47.0,0.38,9.63,0.36,6.71,0.09,,,,,,,,,,,,
14.512000,80.062000,28_515_shc_2024-25.13873,Pallipadu,,,,,,,,,,,,,113.0,19.0,161.0,0.78,6.8,0.75,40.0,0.46,8.41,0.48,5.21,0.56,,,,,,,,,,,,
14.518000,80.138000,28_515_shc_2023-24.6777,Gangapatnam,263.0,11.0,234.0,0.68,8.1,3.9,85.0,2.6,1.8,4.1,6.4,0.3,,,,,,,,,,,,,,,,,,,,,,,,
14.518000,80.152000,28_515_shc_2025-26.2426,Gangapatnam,,,,,,,,,,,,,,,,,,,,,,,,,151.0,102.9,428.3,0.09,6.93,0.25,45.53,0.09,11.31,0.21,4.3,0.44
14.518000,80.158000,28_515_shc_2025-26.2600,Mypadu,,,,,,,,,,,,,,,,,,,,,,,,,113.0,135.9,130.4,0.05,6.13,0.34,143.59,0.41,6.48,0.27,2.06,0.5
14.518000,80.168000,28_515_shc_2025-26.2630,Mypadu,,,,,,,,,,,,,,,,,,,,,,,,,251.0,223.0,198.6,0.28,7.56,0.2,199.63,0.42,6.4,0.18,2.18,0.57
14.518000,80.168000,28_515_shc_2025-26.2636,Mypadu,,,,,,,,,,,,,,,,,,,,,,,,,151.0,166.7,279.3,0.38,6.68,0.62,129.59,0.25,4.51,0.19,3.17,0.6
14.528000,79.518000,28_515_shc_2024-25.4820,Yanamadala,,,,,,,,,,,,,113.0,127.8,187.3,0.58,8.58,0.21,40.4,0.48,20.4,0.26,24.38,0.34,,,,,,,,,,,,
14.528000,79.522000,28_515_shc_2025-26.5474,Yanamadala,100.0,3.0,150.0,0.24,7.8,0.2,17.0,0.13,2.86,0.42,8.16,0.04,,,,,,,,,,,,,63.0,149.0,347.6,0.18,8.78,0.73,129.59,0.19,3.98,0.14,2.01,0.28
14.522000,79.608000,28_515_shc_2025-26.1694,Gollapalle,,,,,,,,,,,,,,,,,,,,,,,,,176.0,13.8,620.7,0.41,8.83,0.36,52.53,0.17,1.18,0.45,0.33,0.66
14.522000,79.742000,28_515_shc_2023-24.6670,Veligantipalem,226.0,164.0,111.0,0.33,7.6,1.9,59.0,0.36,6.4,0.65,8.4,0.57,,,,,,,,,,,,,,,,,,,,,,,,
14.528000,79.768000,28_515_shc_2023-24.5151,Mahammadapuram,151.0,9.0,91.0,0.52,7.7,1.4,68.0,0.462,2.62,0.68,0.8,0.11,,,,,,,,,,,,,,,,,,,,,,,,
14.528000,79.772000,28_515_shc_2023-24.6444,Mahammadapuram,113.0,23.0,104.0,0.22,7.6,1.5,28.0,0.46,4.31,0.6,4.9,0.08,,,,,,,,,,,,,,,,,,,,,,,,
14.522000,79.798000,28_515_shc_2024-25.11441,Golla Kandukur,,,,,,,,,,,,,63.0,79.7,142.1,0.28,7.35,0.25,5.3,0.46,7.21,0.12,10.26,0.44,,,,,,,,,,,,
14.522000,79.832000,28_515_shc_2025-26.3903,Annareddipalem,,,,,,,,,,,,,,,,,,,,,,,,,113.0,14.6,496.6,0.28,7.83,0.36,94.56,0.71,4.85,0.61,7.33,0.82
14.522000,79.832000,28_515_shc_2025-26.10690,Annareddipalem,,,,,,,,,,,,,,,,,,,,,,,,,188.0,17.7,422.1,0.16,8.11,4.32,87.56,0.17,7.38,0.33,5.33,0.69
14.522000,79.848000,28_515_shc_2024-25.9274,Panchedu,,,,,,,,,,,,,100.0,79.7,148.5,1.2,6.97,1.12,17.6,0.18,6.18,0.34,3.84,0.06,,,,,,,,,,,,
14.522000,79.842000,28_515_shc_2024-25.15106,Annareddipalem,,,,,,,,,,,,,100.0,19.0,271.0,0.99,7.22,0.68,109.0,0.38,4.12,0.71,8.24,1.07,,,,,,,,,,,,
14.522000,79.842000,28_515_shc_2025-26.78,Annareddipalem,,,,,,,,,,,,,,,,,,,,,,,,,151.0,27.6,397.3,0.41,7.48,0.38,290.69,0.28,7.35,0.24,10.47,0.66
14.525000,79.855000,28_515_shc_2025-26.2081,Panchedu,,,,,,,,,,,,,,,,,,,,,,,,,113.0,6.9,347.0,0.11,7.85,0.51,80.55,0.22,4.97,0.39,2.39,0.79
14.525000,79.855000,28_515_shc_2025-26.2090,Panchedu,,,,,,,,,,,,,,,,,,,,,,,,,138.0,14.6,347.0,0.09,7.85,1.39,73.55,0.27,7.3,0.51,2.98,0.25
14.525000,79.855000,28_515_shc_2025-26.2312,Panchedu,,,,,,,,,,,,,,,,,,,,,,,,,113.0,4.6,397.0,0.11,7.6,1.39,101.57,0.19,6.56,0.53,2.17,0.13
14.522000,79.868000,28_515_shc_2023-24.7275,Annareddipalem,88.0,75.0,630.0,0.26,7.0,1.2,116.0,0.76,7.8,1.06,10.56,0.37,,,,,,,,,,,,,,,,,,,,,,,,
14.528000,79.862000,28_515_shc_2025-26.5217,Kavetipalem,,,,,,,,,,,,,,,,,,,,,,,,,113.0,29.2,416.0,0.25,6.93,0.41,87.56,0.31,1.97,0.54,4.34,0.09
14.522000,79.888000,28_515_shc_2023-24.5894,Chellayapalem,50.0,38.0,149.0,0.08,8.3,0.2,31.0,0.36,12.1,0.04,68.8,2.45,,,,,,,,,,,,,,,,,,,,,,,,
14.528000,79.882000,28_515_shc_2024-25.12735,Rebala,,,,,,,,,,,,,138.0,109.0,167.0,0.83,6.09,0.44,47.0,0.62,5.18,0.24,7.38,0.63,,,,,,,,,,,,
14.522000,79.898000,28_515_shc_2023-24.6962,Penuballe,50.0,13.0,52.0,0.31,7.0,0.1,19.0,0.68,3.8,0.04,8.6,3.01,,,,,,,,,,,,,,,,,,,,,,,,
14.525000,79.915000,28_515_shc_2025-26.1684,Rebala,,,,,,,,,,,,,,,,,,,,,,,,,13.0,9.2,490.0,0.61,7.72,1.05,45.53,0.18,5.17,0.24,1.75,1.41
14.525000,79.915000,28_515_shc_2025-26.4941,Rebala,163.0,107.0,143.0,0.6,6.4,1.9,24.0,0.18,15.4,0.46,2.73,0.57,,,,,,,,,,,,,138.0,6.9,397.0,0.63,6.62,1.03,52.53,0.22,3.18,0.19,2.01,0.97
14.528000,79.952000,28_515_shc_2024-25.21237,Patur,,,,,,,,,,,,,138.0,128.8,38.7,0.26,7.49,0.45,33.4,0.52,0.22,0.3,2.61,0.47,,,,,,,,,,,,
14.525000,80.015000,28_515_shc_2023-24.6089,Kovur,125.0,102.0,260.0,0.18,7.0,0.9,45.0,0.44,7.28,2.08,2.9,0.5,,,,,,,,,,,,,,,,,,,,,,,,
14.528000,80.018000,28_515_shc_2023-24.7232,Cherlopalem,152.0,19.0,130.0,0.66,8.2,0.6,9.0,0.56,8.1,0.26,7.1,0.15,,,,,,,,,,,,,,,,,,,,,,,,
14.528000,80.018000,28_515_shc_2023-24.7233,Cherlopalem,226.0,17.0,189.0,0.41,7.9,0.4,64.0,0.51,5.82,0.24,6.43,0.08,,,,,,,,,,,,,,,,,,,,,,,,
14.528000,80.018000,28_515_shc_2023-24.7437,Cherlopalem,188.0,23.0,202.0,0.58,7.7,0.9,9.0,0.71,5.3,0.48,8.1,0.15,151.0,17.5,193.7,0.28,5.27,0.1,80.8,0.33,17.14,0.23,6.82,0.59,38.0,14.7,35.1,0.76,7.53,0.26,73.55,0.28,3.21,0.01,3.21,0.27
14.528000,80.018000,28_515_shc_2023-24.7439,Cherlopalem,238.0,12.0,163.0,0.5,7.8,0.2,45.0,0.58,7.48,0.48,6.31,0.19,,,,,,,,,,,,,,,,,,,,,,,,
14.528000,80.018000,28_515_shc_2023-24.7440,Cherlopalem,201.0,26.0,33.0,0.12,7.8,0.3,92.0,0.43,6.36,0.41,7.13,0.3,88.0,42.9,155.0,0.14,5.35,0.18,40.4,0.14,10.14,0.58,9.14,0.37,,,,,,,,,,,,
14.528000,80.018000,28_515_shc_2024-25.10100,Cherlopalem,,,,,,,,,,,,,188.0,89.5,90.4,0.93,8.37,0.35,61.5,0.24,3.68,0.12,7.26,0.54,,,,,,,,,,,,
14.528000,80.018000,28_515_shc_2024-25.10266,Cherlopalem,,,,,,,,,,,,,176.0,128.8,213.1,0.82,7.69,0.55,87.9,0.1,2.87,0.42,6.78,0.28,,,,,,,,,,,,
14.522000,80.028000,28_515_shc_2024-25.7321,Leguntapadu,125.0,25.0,111.0,1.5,6.6,0.5,87.0,0.001,5.57,0.51,8.6,0.04,176.0,42.6,277.7,0.62,7.54,0.24,23.0,0.21,8.38,0.42,6.38,0.5,,,,,,,,,,,,
14.525000,80.075000,28_515_shc_2025-26.5643,Lebur Bit 閳 I,,,,,,,,,,,,,,,,,,,,,,,,,326.0,192.0,546.2,0.22,7.39,0.09,45.53,0.18,3.97,0.06,4.13,0.57
14.522000,80.152000,28_515_shc_2025-26.5841,Gangapatnam,88.0,52.0,162.0,0.7,6.2,1.3,28.0,0.14,4.2,0.38,8.1,2.31,,,,,,,,,,,,,138.0,133.6,235.9,0.09,6.72,0.28,35.02,0.64,6.53,0.31,2.52,0.75
14.535000,79.365000,28_515_shc_2023-24.6907,Varekuntapadu,201.0,2.0,280.0,0.62,7.1,0.3,64.0,0.4,0.5,0.64,5.2,0.29,,,,,,,,,,,,,,,,,,,,,,,,
14.535000,79.365000,28_515_shc_2023-24.7032,Varekuntapadu,100.0,8.0,575.0,0.64,8.0,0.3,57.0,0.38,0.62,0.38,7.1,0.68,,,,,,,,,,,,,,,,,,,,,,,,
14.535000,79.545000,28_515_shc_2024-25.3724,Chejerla,,,,,,,,,,,,,176.0,74.2,167.9,0.42,8.21,1.35,80.8,0.16,18.38,0.81,16.54,0.56,,,,,,,,,,,,
14.535000,79.545000,28_515_shc_2024-25.17864,Chejerla,,,,,,,,,,,,,251.0,17.5,180.8,0.16,8.09,2.12,3.5,0.6,24.86,0.38,82.22,1.0,,,,,,,,,,,,
14.535000,79.545000,28_515_shc_2024-25.17896,Chejerla,,,,,,,,,,,,,213.0,89.5,23.9,0.52,8.38,1.82,47.4,0.3,31.8,0.79,27.42,1.04,,,,,,,,,,,,
14.535000,79.545000,28_515_shc_2024-25.17907,Chejerla,,,,,,,,,,,,,213.0,36.0,200.2,0.13,7.61,0.1,40.4,0.88,28.48,0.16,19.16,0.28,,,,,,,,,,,,
14.532000,79.552000,28_515_shc_2023-24.5260,Chejerla,38.0,3.0,358.0,0.67,8.2,1.6,64.0,0.156,0.31,0.014,8.02,0.27,,,,,,,,,,,,,,,,,,,,,,,,
14.532000,79.562000,28_515_shc_2023-24.6952,Chejerla,100.0,1.0,163.0,0.94,8.3,0.7,38.0,0.97,4.1,0.08,8.5,0.04,,,,,,,,,,,,,,,,,,,,,,,,
14.538000,79.568000,28_515_shc_2025-26.5290,Chejerla,,,,,,,,,,,,,,,,,,,,,,,,,88.0,13.1,353.8,0.18,8.34,0.9,154.1,0.2,4.13,0.24,1.36,0.57
14.538000,79.568000,28_515_shc_2025-26.5320,Chejerla,,,,,,,,,,,,,,,,,,,,,,,,,138.0,21.5,360.0,0.52,8.2,1.4,52.53,0.38,4.88,0.29,1.57,0.53
14.538000,79.582000,28_515_shc_2025-26.4924,Thimmayapalem,,,,,,,,,,,,,,,,,,,,,,,,,138.0,13.1,6.2,0.16,8.85,0.32,45.53,0.19,7.36,0.17,2.38,0.5
14.532000,79.658000,28_515_shc_2025-26.4635,Pelleru,,,,,,,,,,,,,,,,,,,,,,,,,113.0,9.2,6.2,0.41,8.42,0.78,66.54,0.44,3.89,0.41,2.36,0.25
14.538000,79.768000,28_515_shc_2023-24.5049,Nedurupalle,226.0,62.0,254.0,0.33,7.8,0.3,31.0,0.03,3.5,0.41,0.6,0.08,,,,,,,,,,,,,,,,,,,,,,,,
14.532000,79.838000,28_515_shc_2024-25.15077,Annareddipalem,,,,,,,,,,,,,63.0,25.0,283.0,0.9,6.86,0.66,51.0,0.32,9.18,0.94,12.11,0.47,,,,,,,,,,,,
14.532000,79.832000,28_515_shc_2024-25.20955,Annareddipalem,,,,,,,,,,,,,188.0,8.7,109.8,0.48,8.03,0.1,29.9,0.44,0.38,0.18,6.46,0.03,,,,,,,,,,,,
14.532000,79.832000,28_515_shc_2024-25.20973,Annareddipalem,,,,,,,,,,,,,163.0,16.4,129.1,0.68,8.01,0.1,26.4,0.16,0.88,0.28,5.38,0.54,,,,,,,,,,,,
14.532000,79.832000,28_515_shc_2024-25.20974,Annareddipalem,,,,,,,,,,,,,113.0,22.9,103.3,0.06,7.81,0.3,29.9,0.58,1.28,0.14,8.24,0.79,,,,,,,,,,,,
14.532000,79.832000,28_515_shc_2024-25.20985,Annareddipalem,,,,,,,,,,,,,125.0,13.1,109.8,0.92,7.87,0.33,14.1,1.06,1.21,0.73,13.85,0.47,,,,,,,,,,,,
14.532000,79.832000,28_515_shc_2024-25.20988,Makthapuram,,,,,,,,,,,,,163.0,5.5,83.9,0.53,7.8,0.32,17.6,0.44,1.26,0.18,10.41,0.44,,,,,,,,,,,,
14.532000,79.832000,28_515_shc_2024-25.20990,Annareddipalem,,,,,,,,,,,,,251.0,5.5,83.9,0.32,8.05,0.1,21.1,0.62,0.86,0.26,6.42,0.25,,,,,,,,,,,,
14.532000,79.832000,28_515_shc_2025-26.603,Annareddipalem,,,,,,,,,,,,,,,,,,,,,,,,,75.0,20.0,366.2,0.32,7.49,0.52,192.63,0.28,4.75,0.18,3.47,0.69
14.532000,79.832000,28_515_shc_2025-26.604,Annareddipalem,,,,,,,,,,,,,,,,,,,,,,,,,151.0,20.7,347.6,0.25,7.52,0.42,101.57,0.33,5.81,0.11,4.16,0.63
14.532000,79.848000,28_515_shc_2025-26.675,Annareddipalem,,,,,,,,,,,,,,,,,,,,,,,,,163.0,26.9,378.6,0.41,8.16,0.86,87.56,0.26,7.31,0.31,2.4,0.38
14.532000,79.842000,28_515_shc_2025-26.610,Annareddipalem,,,,,,,,,,,,,,,,,,,,,,,,,75.0,20.7,335.2,0.28,7.29,0.72,73.55,0.34,3.15,0.21,2.1,0.5
14.532000,79.842000,28_515_shc_2025-26.672,Annareddipalem,,,,,,,,,,,,,,,,,,,,,,,,,75.0,18.4,620.7,0.16,7.89,1.17,52.53,0.41,28.7,0.38,0.49,0.44
14.532000,79.868000,28_515_shc_2023-24.4857,Vavveru,188.0,19.0,46.0,0.58,8.4,0.69,35.0,0.51,8.6,0.64,8.6,0.23,,,,,,,,,,,,,,,,,,,,,,,,
14.532000,79.868000,28_515_shc_2024-25.20374,Duvvuru,,,,,,,,,,,,,138.0,20.7,122.7,0.16,7.86,0.66,5.3,0.41,1.14,0.26,12.07,0.47,,,,,,,,,,,,
14.538000,79.868000,28_515_shc_2024-25.20956,Duvvuru,,,,,,,,,,,,,213.0,27.3,142.1,0.26,7.76,0.26,21.1,0.38,2.16,0.28,7.24,0.28,,,,,,,,,,,,
14.532000,79.888000,28_515_shc_2023-24.5673,Isakapalem,88.0,100.0,85.0,0.5,7.7,0.24,45.0,0.38,7.6,0.41,8.3,0.61,,,,,,,,,,,,,,,,,,,,,,,,
14.538000,79.888000,28_515_shc_2023-24.5500,Isakapalem,113.0,52.0,286.0,1.03,8.0,0.3,12.0,1.78,7.2,0.5,18.5,0.63,,,,,,,,,,,,,,,,,,,,,,,,
14.532000,79.918000,28_515_shc_2025-26.5222,Nagamambapuram,,,,,,,,,,,,,,,,,,,,,,,,,251.0,12.3,453.0,0.38,6.75,0.94,168.11,0.18,9.28,0.15,1.37,0.06
14.538000,79.992000,28_515_shc_2024-25.2215,North Rajupalem,,,,,,,,,,,,,213.0,34.9,129.1,0.45,7.35,0.58,176.0,0.36,9.16,0.36,8.38,0.8,,,,,,,,,,,,
14.548000,79.368000,28_515_shc_2024-25.3884,Ananthasagaram,,,,,,,,,,,,,138.0,90.0,245.0,0.04,8.28,0.1,11.0,0.82,12.98,1.92,16.18,0.91,,,,,,,,,,,,
14.545000,79.455000,28_515_shc_2023-24.6764,Telugurayapuram,88.0,1.0,137.0,0.31,8.06,0.47,14.0,2.18,6.75,0.78,7.8,0.42,,,,,,,,,,,,,,,,,,,,,,,,
14.542000,79.562000,28_515_shc_2024-25.17906,Chejerla,,,,,,,,,,,,,176.0,116.8,161.4,0.14,8.01,0.67,33.4,0.76,41.31,0.68,38.31,0.82,,,,,,,,,,,,
14.545000,79.565000,28_515_shc_2025-26.5044,Chejerla,,,,,,,,,,,,,,,,,,,,,,,,,213.0,27.6,459.3,0.09,8.04,1.32,168.11,0.24,4.55,0.24,3.01,0.44
14.542000,79.568000,28_515_shc_2025-26.1698,Chejerla,,,,,,,,,,,,,,,,,,,,,,,,,163.0,20.0,372.4,0.22,8.17,0.84,45.53,0.18,3.86,0.38,1.11,0.13
14.545000,79.575000,28_515_shc_2025-26.4690,Chejerla,,,,,,,,,,,,,,,,,,,,,,,,,251.0,23.0,428.3,0.65,8.31,0.53,59.54,0.22,0.87,0.23,3.97,0.5
14.545000,79.585000,28_515_shc_2025-26.4665,Thimmayapalem,,,,,,,,,,,,,,,,,,,,,,,,,151.0,3.1,62.1,0.41,8.11,1.6,115.58,0.14,6.35,0.21,3.24,0.57
14.545000,79.585000,28_515_shc_2025-26.4908,Thimmayapalem,238.0,82.0,143.0,0.48,6.6,1.4,19.0,0.66,26.3,0.26,9.46,0.5,,,,,,,,,,,,,113.0,2.3,6.2,0.49,8.2,0.95,42.03,0.26,4.01,0.1,1.28,0.38
14.542000,79.612000,28_515_shc_2023-24.5139,Perumallapadu,50.0,1.0,156.0,0.63,7.7,2.7,64.0,0.86,9.17,0.41,2.2,0.04,,,,,,,,,,,,,,,,,,,,,,,,
14.542000,79.612000,28_515_shc_2025-26.9265,Perumallapadu,,,,,,,,,,,,,,,,,,,,,,,,,138.0,48.38,360.0,0.58,8.49,2.13,115.58,0.18,3.42,0.56,3.22,0.47
14.548000,79.742000,28_515_shc_2024-25.5172,Viroor,,,,,,,,,,,,,63.0,40.4,413.3,1.08,7.86,0.46,51.0,0.16,5.34,0.21,4.38,0.16,,,,,,,,,,,,
14.548000,79.832000,28_515_shc_2023-24.7187,Annareddipalem,201.0,109.0,383.0,0.31,6.5,0.8,19.0,0.88,4.8,1.54,10.72,0.9,,,,,,,,,,,,,,,,,,,,,,,,
14.542000,79.848000,28_515_shc_2024-25.20875,Duvvuru,,,,,,,,,,,,,188.0,8.7,96.9,0.66,7.56,0.16,1.8,0.38,6.41,0.11,4.16,0.5,,,,,,,,,,,,
14.548000,79.842000,28_515_shc_2025-26.10200,Duvvuru,,,,,,,,,,,,,,,,,,,,,,,,,125.0,0.8,415.9,0.49,7.16,0.35,66.54,0.14,6.32,0.35,3.14,0.44
14.542000,79.848000,28_515_shc_2025-26.3552,Duvvuru,,,,,,,,,,,,,,,,,,,,,,,,,113.0,10.0,335.2,0.2,7.31,0.34,101.57,0.18,25.5,0.18,1.67,0.16
14.545000,79.855000,28_515_shc_2025-26.3976,Duvvuru,,,,,,,,,,,,,,,,,,,,,,,,,50.0,30.0,422.1,0.16,7.99,0.38,52.53,0.41,8.5,0.25,2.01,0.41
14.545000,79.855000,28_515_shc_2025-26.3979,Duvvuru,,,,,,,,,,,,,,,,,,,,,,,,,63.0,41.47,490.4,0.13,7.33,0.48,101.57,0.19,17.31,0.31,3.15,0.47
14.545000,79.885000,28_515_shc_2023-24.5008,Vavveru,213.0,11.0,117.0,0.4,6.6,0.44,92.0,0.13,8.3,0.84,7.4,0.46,,,,,,,,,,,,,,,,,,,,,,,,
14.545000,79.885000,28_515_shc_2023-24.5966,Vavveru,188.0,11.0,117.0,0.48,6.4,0.31,2.0,0.46,5.6,0.48,8.6,0.42,,,,,,,,,,,,,,,,,,,,,,,,
14.545000,79.885000,28_515_shc_2023-24.6107,Vavveru,151.0,66.0,59.0,0.71,6.8,0.9,47.0,0.41,10.1,0.41,10.1,0.01,326.0,42.6,297.0,0.13,8.15,0.1,26.4,0.17,22.3,0.78,20.96,0.41,,,,,,,,,,,,
14.548000,79.922000,28_515_shc_2023-24.6390,Nagamambapuram,100.0,23.0,39.0,0.6,6.9,0.21,50.0,0.38,7.1,0.48,5.1,0.23,,,,,,,,,,,,,,,,,,,,,,,,
14.545000,79.935000,28_515_shc_2024-25.804,Yellayapalem,,,,,,,,,,,,,75.0,53.5,161.4,0.17,6.69,0.62,1.8,0.41,24.82,0.23,5.66,0.37,,,,,,,,,,,,
14.545000,79.935000,28_515_shc_2024-25.807,Yellayapalem,,,,,,,,,,,,,100.0,18.6,135.6,0.16,7.95,0.22,14.1,0.84,14.16,0.21,6.24,0.69,,,,,,,,,,,,
14.545000,79.935000,28_515_shc_2024-25.808,Yellayapalem,,,,,,,,,,,,,100.0,1.1,155.0,0.17,7.83,0.63,19.3,1.02,27.38,0.61,8.12,1.22,,,,,,,,,,,,
14.545000,79.935000,28_515_shc_2024-25.10252,Yellayapalem,,,,,,,,,,,,,251.0,25.1,122.7,0.14,7.74,0.42,26.4,0.12,9.21,0.18,7.28,0.22,,,,,,,,,,,,
14.545000,79.935000,28_515_shc_2024-25.10284,Yellayapalem,,,,,,,,,,,,,213.0,7.6,142.1,0.15,6.81,0.85,12.3,0.36,10.21,0.28,10.36,0.28,,,,,,,,,,,,
14.545000,79.935000,28_515_shc_2024-25.10286,Yellayapalem,,,,,,,,,,,,,100.0,18.6,180.8,0.5,7.78,0.42,14.1,0.26,8.26,1.21,11.38,1.68,,,,,,,,,,,,
14.545000,79.935000,28_515_shc_2024-25.10317,Yellayapalem,,,,,,,,,,,,,176.0,18.6,180.8,0.23,6.71,0.85,105.4,0.72,7.28,0.42,8.48,0.28,,,,,,,,,,,,
14.545000,79.935000,28_515_shc_2024-25.10391,Yellayapalem,,,,,,,,,,,,,201.0,34.9,142.1,0.12,7.87,0.28,19.3,0.16,16.21,0.21,6.86,0.06,,,,,,,,,,,,
14.545000,79.935000,28_515_shc_2024-25.10392,Yellayapalem,,,,,,,,,,,,,113.0,52.4,142.1,0.27,7.82,0.22,100.2,0.26,9.36,0.41,7.24,0.94,,,,,,,,,,,,
14.545000,79.935000,28_515_shc_2024-25.10417,Yellayapalem,,,,,,,,,,,,,75.0,42.6,96.9,0.72,7.76,0.38,36.9,0.68,32.38,0.92,13.7,0.72,,,,,,,,,,,,
14.545000,79.935000,28_515_shc_2024-25.10427,Yellayapalem,,,,,,,,,,,,,138.0,57.9,155.0,0.28,7.88,0.26,176.0,0.34,10.14,0.18,14.16,0.5,,,,,,,,,,,,
14.548000,79.948000,28_515_shc_2024-25.15612,Gandavaram,,,,,,,,,,,,,201.0,25.1,116.2,0.59,5.92,0.72,22.8,0.26,14.21,0.18,9.18,0.63,,,,,,,,,,,,
14.542000,79.988000,28_515_shc_2024-25.19,North Rajupalem,,,,,,,,,,,,,188.0,25.1,129.1,0.28,7.13,0.62,58.0,0.34,7.36,0.51,9.16,0.63,,,,,,,,,,,,
14.542000,79.988000,28_515_shc_2024-25.21,North Rajupalem,,,,,,,,,,,,,151.0,25.1,129.1,0.33,7.21,0.44,68.5,0.21,10.16,0.21,14.28,0.72,,,,,,,,,,,,
14.542000,79.988000,28_515_shc_2024-25.22,North Rajupalem,,,,,,,,,,,,,201.0,42.6,167.9,0.29,6.85,0.51,87.9,0.48,10.16,0.36,42.34,0.5,,,,,,,,,,,,
14.542000,79.988000,28_515_shc_2024-25.3244,North Rajupalem,,,,,,,,,,,,,213.0,34.9,96.9,0.19,7.48,0.94,1.8,0.24,7.26,0.38,9.86,0.47,,,,,,,,,,,,
14.542000,79.988000,28_515_shc_2024-25.3357,North Rajupalem,,,,,,,,,,,,,100.0,116.8,180.8,0.52,7.36,0.56,29.9,0.14,7.18,0.48,9.16,1.07,,,,,,,,,,,,
14.542000,79.988000,28_515_shc_2024-25.3360,North Rajupalem,,,,,,,,,,,,,88.0,62.2,90.4,0.23,7.18,0.68,14.1,0.24,10.14,0.72,6.44,0.44,,,,,,,,,,,,
14.542000,79.988000,28_515_shc_2024-25.3368,North Rajupalem,,,,,,,,,,,,,188.0,62.2,135.6,0.47,7.62,0.78,77.3,0.62,16.38,0.28,16.42,0.41,,,,,,,,,,,,
14.542000,79.988000,28_515_shc_2024-25.3374,North Rajupalem,,,,,,,,,,,,,201.0,42.6,167.9,0.36,7.58,0.52,87.9,0.52,8.38,0.48,46.38,0.03,,,,,,,,,,,,
14.542000,79.988000,28_515_shc_2024-25.3378,North Rajupalem,,,,,,,,,,,,,138.0,79.7,155.0,0.24,7.52,0.43,12.12,0.36,12.18,0.34,21.18,1.22,,,,,,,,,,,,
14.542000,79.988000,28_515_shc_2024-25.20662,North Rajupalem,,,,,,,,,,,,,176.0,79.7,155.0,0.36,5.36,0.18,43.9,0.28,7.28,0.64,10.16,2.13,,,,,,,,,,,,
14.542000,80.062000,28_515_shc_2023-24.5393,Kovur,213.0,58.0,221.0,0.58,7.7,0.8,45.0,0.62,6.4,0.71,5.4,0.27,,,,,,,,,,,,,,,,,,,,,,,,
14.542000,80.062000,28_515_shc_2023-24.6815,Kovur,263.0,97.0,215.0,0.33,7.6,0.3,19.0,0.61,7.21,0.38,5.9,0.61,,,,,,,,,,,,,,,,,,,,,,,,
14.548000,80.122000,28_515_shc_2024-25.15269,Ananthapuram,,,,,,,,,,,,,100.0,69.9,142.1,0.22,7.6,0.25,40.4,0.36,40.14,0.95,22.16,0.22,,,,,,,,,,,,
14.555000,79.495000,28_515_shc_2024-25.12161,Kotitheertham,,,,,,,,,,,,,113.0,41.5,218.9,0.29,8.08,1.3,29.8,0.55,38.78,7.25,28.42,0.66,,,,,,,,,,,,
14.558000,79.652000,28_515_shc_2025-26.5296,Pelleru,,,,,,,,,,,,,,,,,,,,,,,,,151.0,17.7,136.6,1.2,8.7,0.77,73.55,0.31,4.36,0.35,1.97,0.5
14.555000,79.655000,28_515_shc_2025-26.8246,Pelleru,,,,,,,,,,,,,,,,,,,,,,,,,163.0,8.4,248.3,0.5,8.62,1.7,101.57,0.33,3.87,0.14,2.19,0.25
14.552000,79.672000,28_515_shc_2025-26.1534,Pelleru,,,,,,,,,,,,,,,,,,,,,,,,,176.0,12.3,99.3,0.34,8.94,0.29,42.0,0.11,3.87,0.23,1.98,0.57
14.555000,79.695000,28_515_shc_2024-25.11686,Mamuduru,,,,,,,,,,,,,138.0,62.2,142.1,0.57,8.4,0.1,17.6,0.21,16.21,0.38,28.1,0.37,,,,,,,,,,,,
14.552000,79.742000,28_515_shc_2024-25.5206,Viroor,,,,,,,,,,,,,151.0,41.5,232.5,0.54,7.74,0.59,66.8,0.56,14.3,14.31,7.14,0.6,,,,,,,,,,,,
14.558000,79.752000,28_515_shc_2023-24.4830,Nallapalem,389.0,11.0,104.0,0.42,7.9,1.9,31.0,0.11,14.2,0.01,0.7,0.3,,,,,,,,,,,,,,,,,,,,,,,,
14.558000,79.822000,28_515_shc_2025-26.7956,Duvvuru,,,,,,,,,,,,,,,,,,,,,,,,,125.0,2.3,564.9,0.27,7.9,0.51,129.59,0.23,3.11,0.51,6.31,1.32
14.555000,79.825000,28_515_shc_2025-26.3792,Duvvuru,,,,,,,,,,,,,,,,,,,,,,,,,201.0,3.8,564.9,0.2,7.57,0.29,115.56,0.41,11.32,0.4,2.11,0.57
14.555000,79.825000,28_515_shc_2025-26.3793,Duvvuru,,,,,,,,,,,,,,,,,,,,,,,,,188.0,3.8,602.1,0.35,7.42,0.52,73.55,0.35,17.35,0.31,2.19,0.5
14.552000,79.872000,28_515_shc_2025-26.1850,Vavveru,,,,,,,,,,,,,,,,,,,,,,,,,151.0,8.4,403.0,0.55,6.03,1.01,35.02,0.17,4.1,0.15,1.35,0.28
14.552000,79.872000,28_515_shc_2025-26.7112,Vavveru,,,,,,,,,,,,,,,,,,,,,,,,,63.0,0.8,422.0,0.41,6.8,0.87,217.14,0.18,6.13,0.18,3.19,0.57
14.552000,79.882000,28_515_shc_2024-25.3783,Isakapalem,,,,,,,,,,,,,176.0,164.0,58.0,0.45,8.04,0.3,40.0,0.38,9.21,0.18,6.18,0.91,,,,,,,,,,,,
14.552000,79.908000,28_515_shc_2024-25.963,Isakapalem,,,,,,,,,,,,,63.0,164.0,109.0,0.69,8.09,0.33,74.0,0.18,4.14,0.26,2.87,0.44,,,,,,,,,,,,
14.552000,79.908000,28_515_shc_2024-25.965,Isakapalem,,,,,,,,,,,,,138.0,164.0,174.0,0.3,7.98,0.27,74.0,0.18,6.16,0.38,6.18,0.5,,,,,,,,,,,,
14.552000,79.908000,28_515_shc_2024-25.5608,Isakapalem,,,,,,,,,,,,,50.0,147.0,109.0,0.6,8.0,0.3,47.0,0.14,6.38,0.48,7.21,0.56,,,,,,,,,,,,
14.558000,79.908000,28_515_shc_2024-25.885,Isakapalem,,,,,,,,,,,,,138.0,147.0,135.0,1.44,7.84,0.29,26.0,0.44,6.28,0.14,8.18,0.28,,,,,,,,,,,,
14.558000,79.992000,28_515_shc_2024-25.5903,Naidupalem,113.0,40.0,338.0,0.36,6.6,0.3,205.0,0.08,3.8,0.2,7.4,0.18,100.0,25.1,116.2,0.29,6.98,0.95,58.0,0.36,16.18,0.21,4.16,0.15,,,,,,,,,,,,
14.558000,80.018000,28_515_shc_2024-25.16136,Parlapalle,,,,,,,,,,,,,138.0,80.0,238.9,0.33,7.43,0.27,12.3,1.22,28.2,0.64,8.92,0.03,,,,,,,,,,,,
14.558000,80.018000,28_515_shc_2024-25.16164,Parlapalle,,,,,,,,,,,,,201.0,132.0,167.9,0.76,6.94,0.61,33.4,0.46,6.18,0.56,6.14,0.22,,,,,,,,,,,,
14.558000,80.018000,28_515_shc_2024-25.18206,Parlapalle,,,,,,,,,,,,,100.0,89.0,142.1,0.67,7.34,0.1,12.3,0.84,7.26,0.42,5.24,0.69,,,,,,,,,,,,
14.552000,80.022000,28_515_shc_2024-25.7292,Alurupadu,,,,,,,,,,,,,163.0,17.5,374.5,0.29,8.16,0.39,5.3,0.16,7.16,0.14,18.4,0.03,,,,,,,,,,,,
14.558000,80.092000,28_515_shc_2023-24.6765,Mudivarthi,125.0,20.0,195.0,0.42,7.7,2.1,71.0,2.26,2.68,1.21,12.1,0.38,,,,,,,,,,,,,,,,,,,,,,,,
14.558000,80.092000,28_515_shc_2024-25.11517,Mudivarthi,,,,,,,,,,,,,188.0,8.0,122.7,0.23,8.16,0.1,1.8,0.28,9.16,0.16,7.26,0.85,,,,,,,,,,,,
14.558000,80.092000,28_515_shc_2024-25.21067,Mudivarthi,,,,,,,,,,,,,138.0,99.4,251.8,0.72,6.96,0.87,40.4,0.56,9.68,0.14,7.28,0.6,,,,,,,,,,,,
14.558000,80.092000,28_515_shc_2024-25.21085,Mudivarthi,,,,,,,,,,,,,163.0,39.3,510.1,0.41,6.95,1.09,87.9,0.68,8.14,0.68,9.36,0.54,,,,,,,,,,,,
14.558000,80.098000,28_515_shc_2024-25.11531,Mudivarthi,,,,,,,,,,,,,201.0,156.0,135.6,0.67,7.16,0.1,10.5,0.36,28.6,0.38,16.82,0.54,,,,,,,,,,,,
14.558000,80.102000,28_515_shc_2024-25.2030,Mudivarthi,,,,,,,,,,,,,314.0,17.0,77.5,0.89,7.96,0.15,1.8,0.28,6.18,0.26,7.21,0.25,,,,,,,,,,,,
14.558000,80.102000,28_515_shc_2024-25.11596,Mudivarthi,,,,,,,,,,,,,314.0,43.0,45.2,0.67,8.04,0.13,17.6,0.18,4.02,0.48,6.25,0.16,,,,,,,,,,,,
14.568000,79.438000,28_515_shc_2024-25.353,Devarayapalle Bit- I,,,,,,,,,,,,,88.0,70.0,264.0,1.46,7.42,0.26,81.0,0.58,15.24,2.16,3.22,1.07,,,,,,,,,,,,
14.568000,79.452000,28_515_shc_2024-25.3820,Devarayapalle Bit- I,,,,,,,,,,,,,138.0,164.0,354.0,0.23,7.62,0.1,54.0,0.72,5.49,3.28,16.11,0.59,,,,,,,,,,,,
14.565000,79.585000,28_515_shc_2024-25.2938,Kanupurupalle,,,,,,,,,,,,,163.0,164.0,245.0,0.2,8.12,3.3,51.0,0.21,5.18,0.47,1.67,0.91,,,,,,,,,,,,
14.565000,79.585000,28_515_shc_2024-25.8203,Kanupurupalle,,,,,,,,,,,,,113.0,164.0,213.0,0.75,8.12,3.41,18.0,0.36,8.34,0.98,2.48,0.47,,,,,,,,,,,,
14.565000,79.585000,28_515_shc_2024-25.18817,Kanupurupalle,,,,,,,,,,,,,138.0,43.0,271.0,0.85,8.06,2.91,65.0,0.39,10.94,0.82,2.52,0.44,,,,,,,,,,,,
14.562000,79.652000,28_515_shc_2025-26.10390,Pelleru,,,,,,,,,,,,,,,,,,,,,,,,,138.0,14.6,285.5,0.14,8.49,0.34,87.56,0.12,6.1,0.14,2.08,0.38
14.565000,79.685000,28_515_shc_2025-26.1957,Mamuduru,,,,,,,,,,,,,,,,,,,,,,,,,176.0,9.2,583.5,0.28,8.53,0.35,28.02,0.46,0.08,0.33,4.1,0.38
14.568000,79.708000,28_515_shc_2024-25.8888,Nedurupalle,,,,,,,,,,,,,138.0,44.8,187.3,1.11,7.95,0.1,105.4,0.15,19.28,2.97,3.14,0.38,,,,,,,,,,,,
14.568000,79.718000,28_515_shc_2024-25.4431,Surayapalem,,,,,,,,,,,,,414.0,40.4,232.5,0.15,7.9,0.62,28.1,1.45,13.99,0.54,3.78,0.73,,,,,,,,,,,,
14.562000,79.732000,28_515_shc_2024-25.4560,Surayapalem,,,,,,,,,,,,,88.0,44.8,632.8,0.62,8.1,0.1,56.2,0.36,17.43,0.19,3.4,0.22,,,,,,,,,,,,
14.562000,79.748000,28_515_shc_2023-24.6124,Nallapalem,339.0,13.0,130.0,0.52,8.5,1.4,54.0,0.19,5.6,0.001,2.1,0.57,,,,,,,,,,,,,,,,,,,,,,,,
14.562000,79.788000,28_515_shc_2024-25.14812,Padamatipalem,,,,,,,,,,,,,151.0,1.0,354.0,1.4,7.78,0.12,176.0,0.15,8.94,0.74,1.11,0.78,,,,,,,,,,,,
14.562000,79.788000,28_515_shc_2025-26.6491,Padamatipalem,,,,,,,,,,,,,,,,,,,,,,,,,163.0,19.2,471.8,0.22,7.88,0.01,252.17,0.32,3.47,0.18,1.86,0.5
14.568000,79.792000,28_515_shc_2025-26.3916,Padamatipalem,,,,,,,,,,,,,,,,,,,,,,,,,125.0,19.2,391.1,0.32,7.2,0.41,136.59,0.17,4.11,0.25,1.28,1.63
14.568000,79.808000,28_515_shc_2025-26.4087,Padamatipalem,,,,,,,,,,,,,,,,,,,,,,,,,63.0,23.0,620.7,0.24,8.24,0.6,252.17,0.28,12.31,0.09,1.98,0.69
14.562000,79.822000,28_515_shc_2023-24.5707,Duvvuru,176.0,11.0,494.0,0.26,7.8,0.9,83.0,1.2,7.3,0.38,3.2,2.78,,,,,,,,,,,,,,,,,,,,,,,,
14.568000,79.962000,28_515_shc_2024-25.17408,Rebala,,,,,,,,,,,,,176.0,157.0,97.0,0.45,5.67,0.38,19.0,0.48,7.16,0.38,4.14,0.18,,,,,,,,,,,,
14.562000,79.972000,28_515_shc_2023-24.6330,Gandavaram,201.0,24.0,78.0,0.28,5.9,0.5,35.0,0.38,9.18,0.84,6.38,0.38,,,,,,,,,,,,,,,,,,,,,,,,
14.565000,79.985000,28_515_shc_2024-25.14600,Gandavaram,,,,,,,,,,,,,376.0,38.2,109.8,0.16,6.82,1.1,31.6,0.26,6.88,0.56,9.18,0.44,,,,,,,,,,,,
14.565000,79.985000,28_515_shc_2024-25.14603,Gandavaram,,,,,,,,,,,,,201.0,17.6,129.1,0.15,6.82,1.09,75.6,0.14,22.1,0.36,5.1,0.28,,,,,,,,,,,,
14.562000,79.988000,28_515_shc_2024-25.6565,Kodavalur,,,,,,,,,,,,,151.0,34.9,96.9,0.35,7.22,0.61,61.5,0.64,9.14,0.36,7.24,0.41,,,,,,,,,,,,
14.562000,79.988000,28_515_shc_2024-25.6566,Kodavalur,,,,,,,,,,,,,138.0,62.2,83.9,0.33,6.78,0.32,56.2,0.34,10.38,0.48,14.38,0.03,,,,,,,,,,,,
14.568000,80.002000,28_515_shc_2023-24.5741,Kodavalur,176.0,15.0,124.0,0.35,6.6,0.2,73.0,0.38,10.3,0.81,5.18,0.08,,,,,,,,,,,,,,,,,,,,,,,,
14.568000,80.032000,28_515_shc_2024-25.7947,Parlapalle,,,,,,,,,,,,,263.0,160.0,142.1,0.8,8.17,0.11,29.9,0.21,10.24,0.42,6.38,0.25,,,,,,,,,,,,
14.568000,80.032000,28_515_shc_2024-25.8141,Parlapalle,,,,,,,,,,,,,226.0,118.0,116.2,0.1,8.57,0.12,19.3,0.14,21.34,0.34,12.36,0.19,,,,,,,,,,,,
14.568000,80.032000,28_515_shc_2024-25.8197,Parlapalle,,,,,,,,,,,,,201.0,164.0,187.3,0.1,8.24,0.16,14.1,0.32,24.38,0.16,9.16,0.35,,,,,,,,,,,,
14.568000,80.032000,28_515_shc_2024-25.8202,Parlapalle,,,,,,,,,,,,,113.0,164.0,116.2,0.72,8.25,0.11,5.3,0.38,21.48,0.14,28.46,0.16,,,,,,,,,,,,
14.568000,80.032000,28_515_shc_2024-25.8206,Parlapalle,,,,,,,,,,,,,201.0,164.0,71.0,0.41,8.22,0.1,40.4,0.28,19.26,0.28,8.34,0.09,,,,,,,,,,,,
14.568000,80.032000,28_515_shc_2024-25.8243,Parlapalle,,,,,,,,,,,,,100.0,116.0,83.9,0.31,8.36,0.12,1.8,0.56,14.38,0.28,24.38,0.38,,,,,,,,,,,,
14.565000,80.105000,28_515_shc_2024-25.18616,Mudivarthi,,,,,,,,,,,,,188.0,62.0,90.4,1.78,6.97,0.13,40.4,0.35,58.3,0.79,36.76,0.16,,,,,,,,,,,,
14.565000,80.105000,28_515_shc_2024-25.18617,Mudivarthi,,,,,,,,,,,,,100.0,19.0,167.9,1.33,7.94,0.19,10.5,0.36,2.64,0.16,18.5,0.25,,,,,,,,,,,,
14.565000,80.105000,28_515_shc_2024-25.18632,Mudivarthi,,,,,,,,,,,,,113.0,143.0,109.8,0.78,7.83,0.75,8.8,0.18,7.26,0.36,16.8,0.38,,,,,,,,,,,,
14.565000,80.105000,28_515_shc_2024-25.18634,Mudivarthi,,,,,,,,,,,,,226.0,159.0,96.9,0.28,7.81,0.1,21.1,0.58,16.3,0.52,10.16,0.25,,,,,,,,,,,,
14.565000,80.105000,28_515_shc_2024-25.18683,Mudivarthi,,,,,,,,,,,,,251.0,17.0,161.4,0.33,8.23,0.89,5.3,0.38,14.28,0.14,7.38,0.06,,,,,,,,,,,,
14.565000,80.105000,28_515_shc_2024-25.18947,Mudivarthi,,,,,,,,,,,,,138.0,70.0,77.5,0.2,8.2,0.13,8.8,0.18,19.8,0.41,18.18,0.28,,,,,,,,,,,,
14.575000,79.415000,28_515_shc_2023-24.6066,Ananthasagaram,113.0,22.0,104.0,0.54,7.9,0.7,42.0,0.26,5.44,0.63,4.8,0.8,,,,,,,,,,,,,,,,,,,,,,,,
14.572000,79.412000,28_515_shc_2024-25.4856,Ananthasagaram,,,,,,,,,,,,,138.0,164.0,200.0,0.61,8.01,0.1,84.0,0.82,21.06,5.21,9.42,0.12,,,,,,,,,,,,
14.578000,79.462000,28_515_shc_2024-25.1027,Devarayapalle Bit-II,,,,,,,,,,,,,138.0,80.0,549.0,0.79,6.93,0.49,23.0,0.58,12.4,1.97,8.42,0.09,,,,,,,,,,,,
14.578000,79.462000,28_515_shc_2024-25.3822,Devarayapalle Bit-II,,,,,,,,,,,,,138.0,164.0,303.0,0.61,7.44,0.66,9.0,0.66,24.11,2.16,6.25,0.34,,,,,,,,,,,,
14.578000,79.462000,28_515_shc_2024-25.12773,Devarayapalle Bit-II,,,,,,,,,,,,,100.0,35.0,316.0,1.46,7.5,0.31,23.0,0.33,10.43,3.47,22.7,0.72,,,,,,,,,,,,
14.578000,79.482000,28_515_shc_2023-24.6108,Devarayapalle Bit-II,63.0,16.0,358.0,0.28,8.0,1.2,66.0,1.96,2.36,1.5,0.64,0.38,,,,,,,,,,,,,,,,,,,,,,,,
14.578000,79.482000,28_515_shc_2024-25.368,Devarayapalle Bit-II,,,,,,,,,,,,,113.0,70.0,348.0,0.62,7.35,0.55,26.0,0.19,6.11,1.72,11.26,0.94,,,,,,,,,,,,
14.578000,79.482000,28_515_shc_2024-25.5703,Devarayapalle Bit-II,,,,,,,,,,,,,125.0,25.0,426.0,0.52,7.52,0.33,23.0,0.48,7.86,1.84,9.24,0.82,,,,,,,,,,,,
14.578000,79.482000,28_515_shc_2024-25.5786,Devarayapalle Bit-II,,,,,,,,,,,,,100.0,43.0,368.0,0.18,7.5,0.19,23.0,0.38,9.58,3.34,4.18,0.69,,,,,,,,,,,,
14.578000,79.482000,28_515_shc_2024-25.5856,Devarayapalle Bit-II,,,,,,,,,,,,,151.0,43.0,452.0,0.96,7.42,0.09,37.0,0.72,6.66,2.18,12.92,0.5,,,,,,,,,,,,
14.578000,79.482000,28_515_shc_2024-25.9098,Kotitheertham,,,,,,,,,,,,,213.0,116.2,135.6,0.32,8.31,2.96,5.3,0.28,24.36,0.18,24.18,1.45,,,,,,,,,,,,
14.578000,79.482000,28_515_shc_2024-25.20258,Devarayapalle Bit-II,,,,,,,,,,,,,151.0,164.0,588.0,0.1,7.32,0.57,23.0,0.62,16.24,1.88,6.32,1.13,,,,,,,,,,,,
14.578000,79.568000,28_515_shc_2024-25.2779,Kanupurupalle,,,,,,,,,,,,,88.0,8.0,167.0,1.25,7.83,1.0,33.0,0.33,9.41,0.96,1.59,0.85,,,,,,,,,,,,
14.578000,79.568000,28_515_shc_2024-25.16029,Kanupurupalle,,,,,,,,,,,,,100.0,164.0,200.0,0.78,7.83,1.17,40.0,0.32,9.58,0.92,1.8,0.12,,,,,,,,,,,,
14.578000,79.568000,28_515_shc_2024-25.16051,Kanupurupalle,,,,,,,,,,,,,125.0,164.0,174.0,0.6,7.95,1.54,30.0,0.21,6.42,0.65,1.74,1.48,,,,,,,,,,,,
14.572000,79.702000,28_515_shc_2025-26.1749,Mamuduru,,,,,,,,,,,,,,,,,,,,,,,,,176.0,33.0,422.1,0.14,8.2,0.97,66.54,0.16,5.01,0.15,3.15,0.82
14.578000,79.732000,28_515_shc_2024-25.10554,Peramana,,,,,,,,,,,,,138.0,8.0,193.0,1.4,7.2,1.46,60.0,0.24,7.66,0.45,0.14,0.25,,,,,,,,,,,,
14.572000,79.748000,28_515_shc_2024-25.4698,Viroor,,,,,,,,,,,,,113.0,43.7,277.7,0.15,7.88,0.16,45.7,0.46,9.24,0.48,6.16,0.03,,,,,,,,,,,,
14.578000,79.758000,28_515_shc_2025-26.1005,Sangam,,,,,,,,,,,,,,,,,,,,,,,,,88.0,69.9,335.2,0.53,8.18,0.03,122.58,0.41,4.97,0.27,2.2,0.81
14.578000,79.758000,28_515_shc_2025-26.1007,Sangam,,,,,,,,,,,,,,,,,,,,,,,,,50.0,54.53,329.0,0.19,8.45,0.04,211.7,0.51,30.8,0.21,6.17,0.16
14.578000,79.758000,28_515_shc_2025-26.1010,Sangam,,,,,,,,,,,,,,,,,,,,,,,,,151.0,10.8,378.6,0.35,8.25,0.02,101.57,0.17,4.2,0.18,5.24,1.32
14.578000,79.758000,28_515_shc_2025-26.1435,Sangam,,,,,,,,,,,,,,,,,,,,,,,,,151.0,9.2,471.8,0.1,8.1,0.23,185.62,0.41,17.1,0.15,2.15,0.31
14.578000,79.758000,28_515_shc_2025-26.3331,Sangam,,,,,,,,,,,,,,,,,,,,,,,,,151.0,92.9,341.4,0.23,8.05,0.04,129.59,0.57,7.15,0.41,1.87,0.66
14.578000,79.762000,28_515_shc_2024-25.2171,Padamatipalem,,,,,,,,,,,,,176.0,38.0,180.0,0.87,7.51,0.13,33.0,0.32,8.04,0.84,0.18,0.12,,,,,,,,,,,,
14.578000,79.762000,28_515_shc_2024-25.14379,Padamatipalem,,,,,,,,,,,,,100.0,38.0,12.2,0.38,7.41,0.1,9.0,0.49,9.02,0.56,0.16,0.41,,,,,,,,,,,,
14.578000,79.762000,28_515_shc_2024-25.14432,Padamatipalem,,,,,,,,,,,,,151.0,19.0,174.0,1.81,7.28,0.1,176.0,0.12,7.12,0.84,0.15,1.04,,,,,,,,,,,,
14.578000,79.762000,28_515_shc_2024-25.14443,Padamatipalem,,,,,,,,,,,,,100.0,1.0,148.0,0.33,7.56,0.13,25.0,0.38,9.12,0.92,0.14,0.18,,,,,,,,,,,,
14.578000,79.762000,28_515_shc_2024-25.14493,Padamatipalem,,,,,,,,,,,,,75.0,17.0,354.0,0.45,7.21,0.1,26.0,0.14,7.82,0.94,2.14,0.59,,,,,,,,,,,,
14.578000,79.762000,28_515_shc_2024-25.14503,Padamatipalem,,,,,,,,,,,,,151.0,8.0,277.0,0.27,7.86,0.13,40.0,0.15,7.84,0.12,4.12,0.18,,,,,,,,,,,,
14.575000,79.775000,28_515_shc_2024-25.14456,Padamatipalem,,,,,,,,,,,,,176.0,38.0,290.0,0.41,6.9,0.13,33.0,0.24,8.12,0.36,8.12,0.37,,,,,,,,,,,,
14.572000,79.798000,28_515_shc_2024-25.14847,Padamatipalem,,,,,,,,,,,,,88.0,147.0,97.0,0.68,7.36,0.23,132.0,0.38,8.78,0.14,8.18,1.26,,,,,,,,,,,,
14.572000,79.798000,28_515_shc_2025-26.10037,Padamatipalem,,,,,,,,,,,,,88.0,22.9,368.1,0.41,7.04,0.49,1.8,0.36,5.38,0.44,4.51,0.41,163.0,15.4,620.7,0.22,7.44,1.06,136.59,0.18,5.15,0.05,2.17,0.5
14.572000,79.798000,28_515_shc_2025-26.11831,Padamatipalem,,,,,,,,,,,,,,,,,,,,,,,,,75.0,86.8,620.7,0.32,6.83,0.45,87.56,0.43,8.12,0.02,5.11,0.57
14.572000,79.808000,28_515_shc_2025-26.10139,Padamatipalem,,,,,,,,,,,,,,,,,,,,,,,,,138.0,1.5,397.3,0.2,7.77,0.9,101.57,0.41,4.4,0.17,7.31,0.75
14.572000,79.808000,28_515_shc_2025-26.10142,Padamatipalem,,,,,,,,,,,,,,,,,,,,,,,,,100.0,5.4,434.5,0.34,7.5,0.99,73.55,0.27,8.16,0.98,2.19,0.69
14.578000,79.822000,28_515_shc_2023-24.7271,Vangallu,138.0,12.0,156.0,0.48,7.3,0.2,66.0,0.62,9.4,0.31,2.13,0.19,151.0,80.0,103.0,0.71,5.82,0.83,19.0,0.59,10.6,0.58,0.18,1.16,,,,,,,,,,,,
14.578000,79.932000,28_515_shc_2023-24.5738,Kothavangallu,100.0,3.0,240.0,0.79,6.6,0.9,24.0,0.36,7.8,0.24,7.2,2.131,,,,,,,,,,,,,,,,,,,,,,,,
14.578000,79.932000,28_515_shc_2023-24.5838,Kothavangallu,151.0,9.0,214.0,0.51,6.6,0.6,118.0,0.62,8.4,0.16,7.8,2.24,,,,,,,,,,,,,,,,,,,,,,,,
14.578000,79.932000,28_515_shc_2023-24.5839,Kothavangallu,188.0,1.0,123.0,0.48,6.1,1.2,49.0,0.34,5.6,0.32,8.4,0.082,,,,,,,,,,,,,,,,,,,,,,,,
14.578000,79.932000,28_515_shc_2023-24.5842,Kothavangallu,138.0,2.0,58.0,0.77,6.3,1.1,236.0,0.28,6.8,0.18,3.8,2.13,,,,,,,,,,,,,,,,,,,,,,,,
14.575000,79.985000,28_515_shc_2024-25.6861,Naidupalem,,,,,,,,,,,,,213.0,1.1,58.1,0.23,7.1,0.74,93.1,0.18,16.34,0.38,10.8,0.75,,,,,,,,,,,,
14.575000,79.985000,28_515_shc_2024-25.10106,Naidupalem,,,,,,,,,,,,,88.0,38.2,180.8,0.57,7.08,1.08,43.9,0.36,24.2,0.38,5.44,0.97,,,,,,,,,,,,
14.575000,79.985000,28_515_shc_2024-25.10146,Naidupalem,,,,,,,,,,,,,151.0,57.9,219.5,0.35,6.31,0.79,56.2,0.78,8.36,0.16,9.16,0.72,,,,,,,,,,,,
14.575000,79.985000,28_515_shc_2024-25.10238,Naidupalem,,,,,,,,,,,,,50.0,38.2,109.8,0.6,7.03,0.84,54.5,0.48,14.8,0.21,6.38,0.91,,,,,,,,,,,,
14.575000,79.985000,28_515_shc_2024-25.10344,Naidupalem,,,,,,,,,,,,,151.0,18.6,206.6,0.73,6.4,0.94,47.4,0.62,30.22,0.68,7.6,0.18,,,,,,,,,,,,
14.578000,79.992000,28_515_shc_2023-24.6838,Naidupalem,176.0,60.0,143.0,0.6,7.2,0.6,35.0,0.38,6.8,0.48,3.8,0.78,,,,,,,,,,,,,,,,,,,,,,,,
14.572000,80.002000,28_515_shc_2023-24.4891,Kodavalur,201.0,27.0,241.0,0.4,7.8,0.8,118.0,0.38,6.8,0.38,10.18,0.57,,,,,,,,,,,,,,,,,,,,,,,,
14.572000,80.002000,28_515_shc_2024-25.7171,Naidupalem,100.0,16.0,137.0,0.41,8.4,0.4,47.0,0.71,3.88,0.19,1.34,0.38,138.0,42.6,109.8,0.75,6.7,1.31,73.8,0.14,12.14,0.16,9.14,0.03,,,,,,,,,,,,
14.572000,80.002000,28_515_shc_2024-25.7173,Naidupalem,100.0,7.0,59.0,0.76,7.3,0.8,19.0,0.01,5.9,0.63,6.0,0.23,63.0,18.6,109.8,0.5,6.75,1.69,54.5,0.21,8.38,0.28,6.28,0.5,,,,,,,,,,,,
14.572000,80.072000,28_515_shc_2023-24.6345,Vidavalur,125.0,10.0,637.0,1.0,7.2,1.6,42.0,1.48,33.8,0.86,4.8,0.31,,,,,,,,,,,,,,,,,,,,,,,,
14.572000,80.072000,28_515_shc_2024-25.1953,Vidavalur,,,,,,,,,,,,,125.0,49.1,122.7,0.3,7.29,0.28,72.0,0.26,8.34,0.18,8.38,0.28,,,,,,,,,,,,
14.572000,80.072000,28_515_shc_2024-25.1960,Vidavalur,,,,,,,,,,,,,176.0,89.5,45.2,0.53,7.27,0.22,12.3,0.51,6.38,0.28,8.26,0.35,,,,,,,,,,,,
14.572000,80.072000,28_515_shc_2024-25.1961,Vidavalur,,,,,,,,,,,,,176.0,69.9,116.2,0.71,7.24,0.36,5.3,0.67,7.3,0.33,7.86,0.25,,,,,,,,,,,,
14.572000,80.072000,28_515_shc_2024-25.2798,Vidavalur,,,,,,,,,,,,,113.0,55.7,387.4,0.23,7.97,1.08,12.3,0.26,21.38,0.14,7.14,0.47,,,,,,,,,,,,
14.572000,80.072000,28_515_shc_2024-25.10760,Vidavalur,,,,,,,,,,,,,151.0,55.7,142.2,0.24,8.29,0.2,26.4,0.48,9.21,0.28,9.18,0.35,,,,,,,,,,,,
14.572000,80.072000,28_515_shc_2024-25.10775,Vidavalur,,,,,,,,,,,,,226.0,38.2,12.9,0.23,6.47,0.1,19.3,0.38,1.24,0.14,3.96,0.47,,,,,,,,,,,,
14.572000,80.072000,28_515_shc_2024-25.10808,Vidavalur,,,,,,,,,,,,,201.0,18.6,322.9,0.8,6.24,0.1,33.4,0.26,8.16,0.18,7.81,0.16,,,,,,,,,,,,
14.572000,80.072000,28_515_shc_2024-25.10832,Vidavalur,,,,,,,,,,,,,125.0,34.9,245.4,0.31,7.28,0.2,10.5,0.36,6.14,0.14,6.14,0.16,,,,,,,,,,,,
14.572000,80.072000,28_515_shc_2024-25.10843,Vidavalur,,,,,,,,,,,,,163.0,52.4,19.4,0.47,7.42,0.27,10.5,0.24,4.26,0.18,7.38,0.57,,,,,,,,,,,,
14.572000,80.072000,28_515_shc_2024-25.10851,Vidavalur,,,,,,,,,,,,,176.0,17.5,103.3,0.43,7.48,0.23,5.3,0.16,6.24,0.12,6.14,0.76,,,,,,,,,,,,
14.572000,80.072000,28_515_shc_2024-25.10860,Vidavalur,,,,,,,,,,,,,138.0,164.0,219.5,0.56,6.45,0.1,12.3,0.31,9.14,0.26,5.26,0.28,,,,,,,,,,,,
14.572000,80.072000,28_515_shc_2024-25.10902,Vidavalur,,,,,,,,,,,,,88.0,164.0,58.1,0.5,7.42,0.21,51.0,0.18,15.38,0.21,5.31,0.47,,,,,,,,,,,,
14.572000,80.072000,28_515_shc_2024-25.10959,Vidavalur,,,,,,,,,,,,,113.0,17.5,445.5,0.52,6.38,0.11,26.4,0.41,8.38,0.21,18.2,0.32,,,,,,,,,,,,
14.572000,80.072000,28_515_shc_2024-25.11033,Vidavalur,,,,,,,,,,,,,100.0,34.9,77.5,0.54,7.42,0.36,36.9,0.15,12.62,0.13,6.66,0.25,,,,,,,,,,,,
14.572000,80.072000,28_515_shc_2024-25.11035,Vidavalur,,,,,,,,,,,,,113.0,25.1,122.7,0.25,7.39,0.24,5.3,0.28,10.18,0.26,7.21,0.44,,,,,,,,,,,,
14.572000,80.072000,28_515_shc_2024-25.11146,Vidavalur,,,,,,,,,,,,,138.0,108.1,644.0,0.56,7.48,0.25,147.4,0.28,7.26,0.26,7.16,0.47,,,,,,,,,,,,
14.572000,80.072000,28_515_shc_2024-25.11148,Vidavalur,,,,,,,,,,,,,188.0,17.5,38.7,0.69,7.3,0.46,22.8,0.31,9.14,0.41,4.21,0.35,,,,,,,,,,,,
14.572000,80.072000,28_515_shc_2024-25.11161,Vidavalur,,,,,,,,,,,,,201.0,107.0,90.4,0.13,7.42,0.34,47.4,0.46,7.24,0.14,9.14,0.69,,,,,,,,,,,,
14.572000,80.072000,28_515_shc_2024-25.11197,Vidavalur,,,,,,,,,,,,,201.0,38.2,58.1,0.38,7.68,0.17,51.8,0.41,7.48,0.37,13.12,0.54,,,,,,,,,,,,
14.572000,80.072000,28_515_shc_2024-25.11252,Vidavalur,,,,,,,,,,,,,163.0,38.2,393.9,0.29,7.36,0.15,26.4,0.38,7.18,0.38,6.24,0.85,,,,,,,,,,,,
14.572000,80.072000,28_515_shc_2024-25.11256,Vidavalur,,,,,,,,,,,,,226.0,34.9,45.2,0.3,7.26,0.25,6.3,0.18,18.31,0.48,7.14,0.6,,,,,,,,,,,,
14.572000,80.072000,28_515_shc_2024-25.11331,Vidavalur,,,,,,,,,,,,,176.0,17.5,258.3,0.1,7.4,0.22,1.8,0.24,8.36,0.41,6.88,0.69,,,,,,,,,,,,
14.572000,80.072000,28_515_shc_2024-25.11340,Vidavalur,,,,,,,,,,,,,251.0,66.6,90.4,0.31,7.36,0.21,14.1,0.36,20.81,0.21,8.38,0.41,,,,,,,,,,,,
14.572000,80.072000,28_515_shc_2024-25.11364,Vidavalur,,,,,,,,,,,,,151.0,18.6,45.2,0.29,7.33,0.24,12.3,0.14,6.24,0.24,9.18,0.25,88.0,62.8,112.4,0.62,6.72,0.47,42.03,0.12,1.48,0.16,2.14,0.37
14.572000,80.072000,28_515_shc_2024-25.11373,Vidavalur,,,,,,,,,,,,,201.0,17.5,96.9,0.22,7.25,0.27,84.3,0.38,8.16,0.26,7.24,0.03,,,,,,,,,,,,
14.572000,80.072000,28_515_shc_2024-25.16149,Vidavalur,,,,,,,,,,,,,176.0,7.6,419.7,0.49,7.9,1.16,40.4,0.31,14.16,0.42,7.36,0.6,,,,,,,,,,,,
14.572000,80.072000,28_515_shc_2024-25.16158,Vidavalur,,,,,,,,,,,,,176.0,38.2,464.9,0.53,7.99,0.9,12.3,0.52,11.71,0.38,4.82,1.29,,,,,,,,,,,,
14.572000,80.072000,28_515_shc_2024-25.16160,Vidavalur,,,,,,,,,,,,,113.0,60.1,523.0,0.18,8.02,0.68,21.1,0.26,8.34,0.18,3.14,0.88,,,,,,,,,,,,
14.572000,80.072000,28_515_shc_2024-25.16165,Vidavalur,,,,,,,,,,,,,63.0,78.6,381.0,0.11,7.97,0.95,26.4,0.28,9.31,0.11,3.86,0.41,,,,,,,,,,,,
14.572000,80.072000,28_515_shc_2024-25.16166,Vidavalur,,,,,,,,,,,,,63.0,18.6,497.2,0.38,7.8,0.72,1.8,0.14,6.21,0.24,7.24,0.22,,,,,,,,,,,,
14.572000,80.072000,28_515_shc_2024-25.16173,Vidavalur,,,,,,,,,,,,,63.0,66.6,406.8,0.36,7.8,0.9,33.4,0.38,4.36,0.14,5.48,0.32,,,,,,,,,,,,
14.572000,80.072000,28_515_shc_2024-25.16204,Vidavalur,,,,,,,,,,,,,151.0,34.9,439.1,0.33,7.99,0.69,19.3,0.38,9.14,0.21,7.14,0.16,,,,,,,,,,,,
14.572000,80.072000,28_515_shc_2024-25.16214,Vidavalur,,,,,,,,,,,,,138.0,17.5,445.5,0.24,7.95,0.93,12.3,0.41,19.14,0.38,5.38,0.73,,,,,,,,,,,,
14.572000,80.072000,28_515_shc_2024-25.18207,Vidavalur,,,,,,,,,,,,,138.0,6.6,529.5,0.33,7.96,0.99,40.4,0.21,6.38,0.14,1.48,0.06,,,,,,,,,,,,
14.572000,80.072000,28_515_shc_2024-25.18208,Vidavalur,,,,,,,,,,,,,100.0,41.5,406.8,0.22,7.9,0.92,40.4,0.44,21.2,0.24,4.28,0.28,,,,,,,,,,,,
14.572000,80.072000,28_515_shc_2024-25.18215,Vidavalur,,,,,,,,,,,,,75.0,57.9,348.7,0.11,8.02,0.92,12.3,0.47,26.38,0.39,9.62,0.54,,,,,,,,,,,,
14.572000,80.072000,28_515_shc_2024-25.18257,Vidavalur,,,,,,,,,,,,,88.0,99.4,387.4,0.11,7.91,0.59,19.3,0.41,10.46,0.38,4.38,0.35,,,,,,,,,,,,
14.578000,80.142000,28_515_shc_2023-24.5611,Alaganipadu,50.0,99.0,149.0,0.68,6.0,0.4,12.0,0.018,16.91,0.3,11.4,0.65,,,,,,,,,,,,,,,,,,,,,,,,
14.578000,80.142000,28_515_shc_2023-24.5618,Utukuru,188.0,89.0,494.0,1.31,7.9,1.1,35.0,0.1,6.43,0.64,10.6,0.99,,,,,,,,,,,,,,,,,,,,,,,,
14.578000,80.142000,28_515_shc_2023-24.6028,Alaganipadu,113.0,26.0,143.0,0.92,6.2,0.3,45.0,0.032,4.02,0.64,7.8,0.66,,,,,,,,,,,,,,,,,,,,,,,,
14.578000,80.142000,28_515_shc_2023-24.6730,Utukuru,163.0,11.0,163.0,1.0,5.8,1.0,50.0,1.94,8.14,0.23,13.8,0.24,,,,,,,,,,,,,,,,,,,,,,,,
14.578000,80.142000,28_515_shc_2023-24.6767,Utukuru,113.0,15.0,280.0,0.41,6.1,0.8,26.0,2.18,7.28,1.81,8.68,0.15,,,,,,,,,,,,,,,,,,,,,,,,
14.588000,79.482000,28_515_shc_2023-24.6672,Minagallu,38.0,36.0,371.0,0.6,8.1,0.7,78.0,0.22,4.09,0.19,0.11,0.15,,,,,,,,,,,,,,,,,,,,,,,,
14.582000,79.482000,28_515_shc_2023-24.4880,Devarayapalle Bit- I,188.0,20.0,323.0,0.42,7.9,0.6,26.0,0.14,7.4,0.58,10.2,0.17,,,,,,,,,,,,,,,,,,,,,,,,
14.582000,79.758000,28_515_shc_2023-24.5826,Sangam,75.0,22.0,260.0,0.1,6.1,0.3,163.0,1.8,8.4,0.46,18.9,3.01,,,,,,,,,,,,,,,,,,,,,,,,
14.585000,79.755000,28_515_shc_2024-25.15016,Sangam,,,,,,,,,,,,,125.0,164.0,258.0,0.87,6.86,1.24,5.0,0.46,6.47,0.24,6.48,0.44,,,,,,,,,,,,
14.585000,79.755000,28_515_shc_2024-25.15563,Sangam,,,,,,,,,,,,,163.0,109.0,13.0,0.78,7.69,0.58,5.0,0.12,3.21,0.16,0.14,0.47,,,,,,,,,,,,
14.588000,79.762000,28_515_shc_2023-24.5828,Sangam,50.0,109.0,123.0,0.51,6.8,0.3,92.0,1.14,6.6,0.94,3.9,0.53,,,,,,,,,,,,,,,,,,,,,,,,
14.588000,79.762000,28_515_shc_2024-25.14717,Sangam,,,,,,,,,,,,,113.0,8.0,19.0,0.95,8.62,2.85,5.0,0.44,10.12,0.58,0.12,0.31,,,,,,,,,,,,
14.585000,79.765000,28_515_shc_2024-25.14796,Sangam,,,,,,,,,,,,,188.0,52.0,64.0,0.38,7.55,0.89,47.0,0.28,10.34,0.62,0.28,0.18,,,,,,,,,,,,
14.582000,79.768000,28_515_shc_2024-25.18161,Sangam,,,,,,,,,,,,,163.0,62.0,84.0,0.92,7.23,0.59,19.0,0.35,9.14,0.24,6.14,0.66,,,,,,,,,,,,
14.582000,79.782000,28_515_shc_2024-25.10050,Tharunavaya,,,,,,,,,,,,,176.0,25.0,19.0,1.32,7.41,0.36,33.0,0.26,13.53,0.41,0.72,0.18,,,,,,,,,,,,
14.585000,79.805000,28_515_shc_2025-26.7847,Padamatipalem,,,,,,,,,,,,,,,,,,,,,,,,,38.0,24.6,360.6,0.2,7.82,1.82,42.03,0.41,3.75,0.55,3.12,0.5
14.588000,79.812000,28_515_shc_2024-25.3544,Padamatipalem,,,,,,,,,,,,,63.0,1.0,232.0,0.72,8.03,0.84,67.0,0.36,9.45,0.45,17.73,0.56,,,,,,,,,,,,
14.582000,79.972000,28_515_shc_2024-25.10372,Bodduvaripalem,,,,,,,,,,,,,251.0,17.5,348.7,0.54,6.84,0.97,72.0,0.92,37.64,0.87,13.94,1.54,,,,,,,,,,,,
14.588000,79.982000,28_515_shc_2024-25.304,Bodduvaripalem,,,,,,,,,,,,,125.0,18.6,109.8,0.56,6.63,0.31,29.9,0.38,26.8,0.26,16.18,0.5,,,,,,,,,,,,
14.588000,79.982000,28_515_shc_2024-25.6668,Bodduvaripalem,,,,,,,,,,,,,151.0,42.6,180.8,0.28,7.19,0.34,19.3,0.32,12.8,0.46,14.2,0.41,163.0,43.01,384.9,0.18,6.93,2.12,217.14,0.38,13.81,0.09,4.61,0.57
14.588000,79.982000,28_515_shc_2024-25.6687,Bodduvaripalem,,,,,,,,,,,,,201.0,25.1,155.0,0.42,6.51,1.12,22.8,0.46,10.18,0.18,21.38,1.45,,,,,,,,,,,,
14.588000,79.982000,28_515_shc_2024-25.6817,Bodduvaripalem,,,,,,,,,,,,,88.0,25.1,103.3,0.63,6.58,0.87,28.1,0.26,14.88,0.14,21.4,0.66,,,,,,,,,,,,
14.588000,79.982000,28_515_shc_2024-25.6851,Bodduvaripalem,,,,,,,,,,,,,176.0,127.8,90.4,0.27,6.67,0.49,28.1,0.43,5.75,0.36,5.02,0.63,,,,,,,,,,,,
14.588000,79.982000,28_515_shc_2024-25.6853,Bodduvaripalem,,,,,,,,,,,,,100.0,99.4,77.5,0.14,6.76,0.72,56.2,0.26,18.6,0.18,16.8,0.15,,,,,,,,,,,,
14.588000,79.982000,28_515_shc_2024-25.6868,Bodduvaripalem,,,,,,,,,,,,,251.0,25.1,129.1,0.36,6.81,0.77,43.9,0.42,20.16,0.46,9.28,1.19,,,,,,,,,,,,
14.588000,79.982000,28_515_shc_2024-25.6872,Bodduvaripalem,,,,,,,,,,,,,75.0,119.0,129.1,0.38,6.74,0.51,43.9,0.62,12.14,0.34,10.18,0.25,,,,,,,,,,,,
14.588000,79.982000,28_515_shc_2024-25.7493,Bodduvaripalem,,,,,,,,,,,,,88.0,1.1,206.6,0.33,6.75,0.84,8.8,0.14,16.4,0.51,21.8,0.09,,,,,,,,,,,,
14.588000,79.998000,28_515_shc_2023-24.5072,Naidupalem,226.0,45.0,195.0,0.88,7.2,4.0,7.0,0.51,6.41,0.16,8.18,0.72,,,,,,,,,,,,,,,,,,,,,,,,
14.585000,80.065000,28_515_shc_2024-25.19803,Chowkacherla,,,,,,,,,,,,,63.0,79.7,187.3,0.83,7.02,0.1,56.2,0.38,10.31,0.14,10.13,0.35,,,,,,,,,,,,
14.595000,79.525000,28_515_shc_2024-25.3849,Revuru,,,,,,,,,,,,,113.0,38.0,426.0,0.74,8.15,0.59,21.0,0.84,6.47,0.46,9.46,0.85,,,,,,,,,,,,
14.592000,79.728000,28_515_shc_2025-26.3174,Sangam,,,,,,,,,,,,,,,,,,,,,,,,,151.0,17.7,620.7,0.19,6.47,0.32,87.56,0.43,5.17,0.31,0.98,0.38
14.592000,79.748000,28_515_shc_2023-24.7257,Sangam,151.0,12.0,221.0,0.32,6.4,0.4,66.0,0.04,8.57,0.26,6.44,0.42,,,,,,,,,,,,,,,,,,,,,,,,
14.598000,79.778000,28_515_shc_2023-24.5080,Tharunavaya,163.0,12.0,169.0,0.35,7.8,0.2,14.0,0.31,8.23,0.83,4.64,0.72,,,,,,,,,,,,,,,,,,,,,,,,
14.592000,79.778000,28_515_shc_2024-25.2216,Tharunavaya,,,,,,,,,,,,,188.0,1.0,225.0,0.33,7.64,0.26,21.0,0.43,14.21,0.11,0.46,1.0,,,,,,,,,,,,
14.592000,79.778000,28_515_shc_2024-25.3549,Tharunavaya,,,,,,,,,,,,,75.0,52.0,496.0,0.45,7.82,0.86,18.0,0.56,14.18,0.48,3.14,0.09,,,,,,,,,,,,
14.592000,79.778000,28_515_shc_2024-25.14655,Tharunavaya,,,,,,,,,,,,,88.0,99.0,451.0,1.81,7.84,1.18,23.0,0.41,14.38,0.84,4.16,0.56,,,,,,,,,,,,
14.592000,79.778000,28_515_shc_2024-25.14727,Tharunavaya,,,,,,,,,,,,,75.0,25.0,328.0,0.71,7.8,0.83,44.0,0.16,18.55,0.14,0.78,0.63,,,,,,,,,,,,
14.592000,79.778000,28_515_shc_2024-25.14917,Tharunavaya,,,,,,,,,,,,,163.0,43.0,586.0,0.23,7.92,0.72,51.0,0.56,16.28,0.26,8.38,0.18,,,,,,,,,,,,
14.592000,79.778000,28_515_shc_2024-25.20142,Tharunavaya,,,,,,,,,,,,,151.0,19.0,303.0,0.87,7.74,0.19,5.0,0.41,10.48,0.54,4.38,0.59,,,,,,,,,,,,
14.592000,79.782000,28_515_shc_2025-26.7997,Tharunavaya,,,,,,,,,,,,,,,,,,,,,,,,,100.0,13.8,583.5,0.44,7.28,0.48,168.11,0.44,27.74,0.01,6.62,0.5
14.592000,79.782000,28_515_shc_2025-26.8001,Tharunavaya,,,,,,,,,,,,,,,,,,,,,,,,,88.0,11.5,558.7,0.32,8.05,1.05,87.56,0.55,12.2,0.28,4.51,0.57
14.592000,79.782000,28_515_shc_2025-26.8103,Tharunavaya,,,,,,,,,,,,,,,,,,,,,,,,,151.0,21.5,620.7,0.53,8.09,0.42,35.02,0.71,13.1,0.65,4.4,0.88
14.592000,79.792000,28_515_shc_2024-25.6574,Tharunavaya,,,,,,,,,,,,,88.0,80.0,277.0,0.99,8.2,2.61,33.0,0.61,12.38,0.34,8.26,0.94,,,,,,,,,,,,
14.592000,79.942000,28_515_shc_2024-25.14217,Pedaputhedu,,,,,,,,,,,,,163.0,109.0,142.0,0.34,7.04,0.38,44.0,0.81,20.14,0.28,11.34,0.15,,,,,,,,,,,,
14.592000,79.942000,28_515_shc_2024-25.14233,Pedaputhedu,,,,,,,,,,,,,163.0,62.0,148.0,1.18,7.83,0.4,176.0,0.89,32.4,1.79,12.37,0.44,,,,,,,,,,,,
14.592000,79.942000,28_515_shc_2024-25.14299,Pedaputhedu,,,,,,,,,,,,,176.0,164.0,161.0,0.92,7.09,0.21,33.0,0.54,7.14,0.48,6.18,0.91,,,,,,,,,,,,
14.595000,79.955000,28_515_shc_2024-25.10065,Gandavaram,,,,,,,,,,,,,201.0,52.4,58.1,0.27,6.71,0.57,5.3,0.33,14.41,0.35,5.14,0.91,,,,,,,,,,,,
14.595000,79.955000,28_515_shc_2024-25.10156,Gandavaram,,,,,,,,,,,,,188.0,17.5,51.7,0.48,6.74,0.63,61.5,0.26,7.28,0.36,9.16,0.66,151.0,36.9,335.2,0.64,7.67,0.47,136.59,0.61,9.1,0.18,4.1,1.63
14.595000,79.985000,28_515_shc_2024-25.9988,Bodduvaripalem,,,,,,,,,,,,,88.0,99.4,206.6,0.16,7.05,0.67,43.9,0.18,12.42,0.28,4.38,0.06,,,,,,,,,,,,
14.595000,79.985000,28_515_shc_2024-25.10084,Bodduvaripalem,,,,,,,,,,,,,100.0,1.1,109.8,0.26,6.63,0.41,31.6,1.31,23.6,0.62,37.8,1.16,,,,,,,,,,,,
14.592000,79.982000,28_515_shc_2024-25.2169,Gandavaram,,,,,,,,,,,,,75.0,17.6,25.8,0.45,6.23,0.67,31.6,0.26,9.16,0.28,8.38,0.12,,,,,,,,,,,,
14.592000,79.982000,28_515_shc_2024-25.14546,Bodduvaripalem,,,,,,,,,,,,,276.0,18.6,58.1,0.34,6.81,1.4,19.3,0.72,32.64,0.87,9.78,0.37,,,,,,,,,,,,
14.592000,79.982000,28_515_shc_2024-25.14638,Gandavaram,,,,,,,,,,,,,151.0,1.1,25.8,0.34,6.21,0.74,26.4,0.18,7.26,0.11,6.18,0.15,,,,,,,,,,,,
14.592000,79.998000,28_515_shc_2024-25.3533,Naidupalem,,,,,,,,,,,,,163.0,56.8,122.7,0.32,6.91,1.06,65.0,0.33,32.1,2.4,21.4,0.94,,,,,,,,,,,,
14.598000,80.012000,28_515_shc_2023-24.5178,Gundalammapalem,138.0,34.0,169.0,0.58,6.0,0.6,64.0,0.41,5.8,0.68,4.26,0.11,,,,,,,,,,,,,,,,,,,,,,,,
14.598000,80.028000,28_515_shc_2024-25.2318,Basavaipalem,,,,,,,,,,,,,201.0,17.5,129.0,0.73,7.04,0.62,145.8,0.26,16.89,0.76,45.6,0.15,,,,,,,,,,,,
14.598000,80.062000,28_515_shc_2024-25.19812,Utukuru,,,,,,,,,,,,,100.0,25.1,64.6,0.3,6.98,0.16,10.5,0.48,16.8,0.28,21.3,0.47,,,,,,,,,,,,
14.598000,80.062000,28_515_shc_2024-25.19813,Utukuru,,,,,,,,,,,,,176.0,17.5,400.3,0.21,8.44,5.78,8.8,0.42,8.31,0.38,9.36,1.73,,,,,,,,,,,,
14.598000,80.062000,28_515_shc_2024-25.19814,Utukuru,,,,,,,,,,,,,88.0,16.4,12.9,0.4,6.07,0.3,8.8,0.21,9.16,0.14,7.23,0.25,,,,,,,,,,,,
14.598000,80.062000,28_515_shc_2024-25.19818,Utukuru,,,,,,,,,,,,,100.0,134.3,148.5,0.92,8.58,5.72,1.8,0.21,9.14,0.28,9.48,0.28,,,,,,,,,,,,
14.598000,80.062000,28_515_shc_2024-25.19829,Utukuru,,,,,,,,,,,,,251.0,16.4,142.1,0.31,8.68,5.71,31.6,0.41,6.28,0.14,9.26,0.35,,,,,,,,,,,,
14.598000,80.068000,28_515_shc_2024-25.8217,Chowkacherla,,,,,,,,,,,,,176.0,18.6,109.8,0.1,6.39,0.13,24.6,0.34,9.38,0.26,8.29,0.44,,,,,,,,,,,,
14.598000,80.068000,28_515_shc_2024-25.8316,Chowkacherla,,,,,,,,,,,,,226.0,116.8,148.5,0.31,6.59,0.1,14.1,0.26,7.21,0.14,7.24,0.35,,,,,,,,,,,,
14.598000,80.102000,28_515_shc_2023-24.5230,Alaganipadu,125.0,61.0,260.0,0.21,5.6,1.7,92.0,1.42,31.4,1.4,7.14,0.22,,,,,,,,,,,,,,,,,,,,,,,,
14.595000,80.115000,28_515_shc_2023-24.5322,Utukuru,176.0,11.0,202.0,0.51,5.5,1.8,14.0,1.26,6.74,0.23,9.16,0.19,,,,,,,,,,,,,,,,,,,,,,,,
14.605000,79.395000,28_515_shc_2023-24.5383,Ananthasagaram,125.0,114.0,72.0,0.12,8.3,0.3,73.0,0.36,8.68,0.72,2.11,0.42,,,,,,,,,,,,,,,,,,,,,,,,
14.602000,79.578000,28_515_shc_2023-24.5779,Bandarupalle,176.0,25.0,143.0,0.48,7.7,0.8,57.0,0.52,4.67,0.52,0.4,0.15,,,,,,,,,,,,,,,,,,,,,,,,
14.605000,79.715000,28_515_shc_2025-26.3706,Kolagatla,,,,,,,,,,,,,,,,,,,,,,,,,163.0,45.31,391.1,0.6,7.5,0.29,80.55,0.25,2.75,0.17,1.97,1.13
14.608000,79.732000,28_515_shc_2024-25.20187,Peramana,,,,,,,,,,,,,188.0,90.0,129.0,0.36,7.52,0.91,26.0,0.28,8.71,0.37,0.14,0.94,,,,,,,,,,,,
14.608000,79.772000,28_515_shc_2025-26.6314,Annareddipalem,,,,,,,,,,,,,,,,,,,,,,,,,88.0,25.3,533.6,0.53,7.34,3.15,101.57,4.6,27.74,0.08,3.55,1.45
14.608000,79.772000,28_515_shc_2025-26.6328,Tharunavaya,,,,,,,,,,,,,,,,,,,,,,,,,88.0,16.9,620.7,0.16,7.38,0.39,80.55,0.73,27.92,0.05,3.37,0.75
14.602000,79.792000,28_515_shc_2025-26.10026,Tharunavaya,,,,,,,,,,,,,,,,,,,,,,,,,100.0,18.4,409.7,0.11,6.94,0.34,42.03,0.58,4.19,0.28,1.28,0.31
14.602000,79.888000,28_515_shc_2024-25.1087,Vavveru,,,,,,,,,,,,,88.0,90.0,84.0,1.17,7.73,0.49,176.0,0.21,18.18,0.38,8.13,1.0,,,,,,,,,,,,
14.602000,79.888000,28_515_shc_2024-25.8984,Vavveru,,,,,,,,,,,,,151.0,62.0,84.0,1.61,6.76,0.49,162.0,0.3,20.88,0.24,4.12,0.28,,,,,,,,,,,,
14.602000,79.888000,28_515_shc_2024-25.9015,Vavveru,,,,,,,,,,,,,138.0,35.0,64.0,1.17,7.62,0.43,44.0,0.36,14.18,0.26,7.62,0.56,,,,,,,,,,,,
14.602000,79.888000,28_515_shc_2024-25.9145,Vavveru,,,,,,,,,,,,,88.0,93.0,84.0,0.99,6.18,0.39,77.0,0.14,17.21,0.38,7.18,0.94,,,,,,,,,,,,
14.602000,79.888000,28_515_shc_2024-25.9149,Vavveru,,,,,,,,,,,,,125.0,43.0,64.0,1.08,6.93,0.42,176.0,0.24,21.26,0.14,7.14,0.03,,,,,,,,,,,,
14.602000,79.888000,28_515_shc_2024-25.9417,Vavveru,,,,,,,,,,,,,201.0,164.0,64.0,1.2,6.84,0.59,112.0,0.28,9.36,0.16,2.48,1.01,,,,,,,,,,,,
14.602000,79.888000,28_515_shc_2024-25.9450,Vavveru,,,,,,,,,,,,,88.0,164.0,71.0,1.13,6.9,0.43,176.0,0.23,8.41,0.42,9.38,0.88,,,,,,,,,,,,
14.602000,79.888000,28_515_shc_2024-25.9559,Vavveru,,,,,,,,,,,,,188.0,62.0,135.0,1.58,7.1,0.23,176.0,0.46,7.31,0.34,3.62,0.47,,,,,,,,,,,,
14.602000,79.888000,28_515_shc_2024-25.9620,Vavveru,,,,,,,,,,,,,176.0,109.0,90.0,1.58,6.08,0.37,77.0,0.48,7.26,0.16,7.21,0.06,,,,,,,,,,,,
14.608000,79.888000,28_515_shc_2025-26.2102,Munulapudi,,,,,,,,,,,,,,,,,,,,,,,,,176.0,13.8,515.0,0.55,7.3,0.56,101.57,0.19,6.19,0.28,3.22,0.22
14.608000,79.888000,28_515_shc_2025-26.2103,Munulapudi,,,,,,,,,,,,,,,,,,,,,,,,,251.0,0.8,441.0,0.55,6.5,1.39,52.53,0.38,6.15,0.37,1.95,0.5
14.608000,79.892000,28_515_shc_2025-26.4306,Munulapudi,,,,,,,,,,,,,,,,,,,,,,,,,113.0,1.5,323.0,0.52,6.33,0.82,122.58,0.26,3.12,0.13,2.08,0.09
14.608000,79.928000,28_515_shc_2024-25.2330,Pedaputhedu,,,,,,,,,,,,,138.0,35.0,84.0,1.49,7.02,0.24,37.0,0.72,20.16,0.38,24.21,0.31,,,,,,,,,,,,
14.608000,79.928000,28_515_shc_2024-25.3622,Thurimerla,,,,,,,,,,,,,163.0,38.0,129.0,1.25,7.65,1.83,2.0,0.38,0.38,0.16,7.36,0.63,,,,,,,,,,,,
14.608000,79.928000,28_515_shc_2024-25.3658,Thurimerla,,,,,,,,,,,,,138.0,164.0,135.0,1.16,7.6,0.95,14.0,0.32,6.28,0.38,6.84,0.53,,,,,,,,,,,,
14.608000,79.928000,28_515_shc_2024-25.15299,Pedaputhedu,,,,,,,,,,,,,125.0,164.0,122.0,1.39,7.45,0.48,14.0,0.84,20.4,2.21,12.04,1.13,,,,,,,,,,,,
14.608000,79.928000,28_515_shc_2024-25.15302,Pedaputhedu,,,,,,,,,,,,,151.0,164.0,451.0,0.29,7.21,0.41,44.0,0.71,18.21,0.38,6.81,0.37,,,,,,,,,,,,
14.608000,79.928000,28_515_shc_2024-25.15319,Pedaputhedu,,,,,,,,,,,,,151.0,17.0,148.0,0.96,7.08,1.17,54.0,0.41,22.38,0.26,28.31,0.97,,,,,,,,,,,,
14.608000,79.928000,28_515_shc_2024-25.15322,Pedaputhedu,,,,,,,,,,,,,163.0,157.0,309.0,1.02,6.7,0.74,58.0,0.21,28.31,2.14,14.26,0.15,,,,,,,,,,,,
14.608000,79.928000,28_515_shc_2024-25.15360,Pedaputhedu,,,,,,,,,,,,,63.0,164.0,135.0,0.35,6.42,0.97,19.0,0.68,19.38,0.24,11.18,0.56,,,,,,,,,,,,
14.608000,79.928000,28_515_shc_2024-25.15536,Pedaputhedu,,,,,,,,,,,,,88.0,164.0,122.0,1.39,7.43,0.48,176.0,0.38,16.14,1.18,18.18,0.91,,,,,,,,,,,,
14.602000,79.962000,28_515_shc_2024-25.713,Gandavaram,,,,,,,,,,,,,151.0,127.8,206.6,0.39,6.6,0.81,1.8,0.62,12.18,0.32,7.28,0.82,,,,,,,,,,,,
14.602000,79.982000,28_515_shc_2024-25.1813,Bodduvaripalem,,,,,,,,,,,,,213.0,69.9,250.3,0.32,6.56,0.27,75.6,0.68,7.28,0.91,12.8,0.72,,,,,,,,,,,,
14.602000,79.982000,28_515_shc_2024-25.10483,Bodduvaripalem,,,,,,,,,,,,,188.0,42.6,103.3,0.67,6.85,0.92,15.8,1.12,31.16,0.35,12.11,0.15,,,,,,,,,,,,
14.602000,79.982000,28_515_shc_2024-25.10517,Bodduvaripalem,,,,,,,,,,,,,100.0,1.1,251.8,0.57,6.86,0.63,108.9,0.38,20.1,0.16,9.16,1.1,,,,,,,,,,,,
14.602000,79.982000,28_515_shc_2024-25.10532,Bodduvaripalem,,,,,,,,,,,,,251.0,45.9,90.4,0.5,6.8,0.25,47.4,0.48,8.41,0.14,7.24,0.06,63.0,13.1,49.7,0.3,7.45,0.1,95.0,0.34,3.86,2.15,1.08,0.44
14.602000,79.982000,28_515_shc_2024-25.10533,Bodduvaripalem,,,,,,,,,,,,,113.0,42.6,542.4,0.75,6.92,0.99,117.7,0.46,16.4,0.21,14.31,0.18,,,,,,,,,,,,
14.602000,79.982000,28_515_shc_2024-25.10550,Bodduvaripalem,,,,,,,,,,,,,213.0,69.9,193.7,0.7,6.78,0.62,54.5,0.21,18.16,0.24,6.38,0.44,226.0,24.6,621.0,0.2,6.92,0.24,67.0,0.51,21.8,0.07,1.93,0.94
14.602000,79.982000,28_515_shc_2024-25.10606,Bodduvaripalem,,,,,,,,,,,,,226.0,79.7,238.9,0.16,6.82,0.85,176.0,0.28,21.8,0.48,24.8,1.28,,,,,,,,,,,,
14.602000,79.982000,28_515_shc_2024-25.10607,Bodduvaripalem,,,,,,,,,,,,,188.0,69.9,251.8,0.25,6.88,1.03,54.5,0.41,18.64,0.72,26.4,1.85,,,,,,,,,,,,
14.602000,79.982000,28_515_shc_2024-25.10634,Bodduvaripalem,,,,,,,,,,,,,151.0,52.4,284.1,0.73,6.65,0.68,43.9,0.14,9.16,0.18,16.3,0.12,,,,,,,,,,,,
14.605000,79.995000,28_515_shc_2023-24.6140,Talamanchi,125.0,17.0,195.0,0.48,7.3,0.2,47.0,0.41,7.31,0.38,3.83,0.11,,,,,,,,,,,,,,,,,,,,,,,,
14.605000,79.995000,28_515_shc_2023-24.7072,Talamanchi,138.0,20.0,111.0,0.71,7.8,0.3,97.0,0.41,3.42,0.38,8.1,0.42,,,,,,,,,,,,,,,,,,,,,,,,
14.605000,79.995000,28_515_shc_2023-24.7230,Talamanchi,176.0,22.0,163.0,0.41,7.3,0.2,59.0,0.63,8.14,0.31,7.21,0.19,,,,,,,,,,,,,,,,,,,,,,,,
14.608000,80.008000,28_515_shc_2024-25.10362,Talamanchi,,,,,,,,,,,,,251.0,17.5,348.7,0.31,6.91,1.69,65.1,0.21,9.14,0.28,26.4,0.59,,,,,,,,,,,,
14.608000,80.022000,28_515_shc_2024-25.6822,Talamanchi,,,,,,,,,,,,,213.0,17.5,213.1,0.5,6.76,0.43,96.6,0.14,9.38,0.28,28.6,0.31,,,,,,,,,,,,
14.605000,80.025000,28_515_shc_2024-25.10329,Gundalammapalem,,,,,,,,,,,,,176.0,1.1,71.0,0.1,7.02,0.48,126.5,0.26,9.06,0.54,18.48,0.22,,,,,,,,,,,,
14.605000,80.025000,28_515_shc_2024-25.10341,Gundalammapalem,,,,,,,,,,,,,163.0,1.1,129.1,0.23,7.24,0.57,87.9,0.14,12.8,0.48,10.18,0.5,,,,,,,,,,,,
14.602000,80.048000,28_515_shc_2023-24.5598,Venkannapuram,50.0,7.0,32.0,0.22,7.3,0.3,14.0,0.42,7.3,0.24,7.1,0.7,,,,,,,,,,,,,,,,,,,,,,,,
14.602000,80.068000,28_515_shc_2023-24.5938,Chowkacherla,138.0,14.0,215.0,0.48,5.5,1.4,26.0,0.84,17.4,0.96,7.14,0.58,238.0,14.2,83.9,0.99,7.97,1.75,47.4,0.36,4.31,0.42,3.81,0.41,,,,,,,,,,,,
14.605000,80.085000,28_515_shc_2024-25.20771,Vavilla,,,,,,,,,,,,,100.0,56.8,271.2,0.41,7.04,0.92,12.3,0.38,7.21,0.38,7.21,0.88,,,,,,,,,,,,
14.605000,80.085000,28_515_shc_2024-25.20772,Vavilla,,,,,,,,,,,,,151.0,55.7,329.3,0.72,7.02,0.99,40.4,0.18,5.26,0.26,5.21,0.73,,,,,,,,,,,,
14.605000,80.085000,28_515_shc_2024-25.20773,Vavilla,,,,,,,,,,,,,113.0,17.5,445.5,0.21,6.91,0.92,47.4,0.24,8.14,0.18,6.16,0.35,,,,,,,,,,,,
14.605000,80.085000,28_515_shc_2024-25.21135,Vavilla,,,,,,,,,,,,,138.0,7.6,284.1,0.62,6.96,0.97,66.8,0.26,4.18,0.14,6.48,0.63,,,,,,,,,,,,
14.605000,80.085000,28_515_shc_2024-25.21138,Vavilla,,,,,,,,,,,,,176.0,164.0,238.9,0.93,6.99,0.86,73.8,0.14,6.21,0.21,2.41,0.47,,,,,,,,,,,,
14.602000,80.088000,28_515_shc_2024-25.10783,Alaganipadu,,,,,,,,,,,,,63.0,78.6,361.6,0.44,7.72,0.13,100.2,0.84,14.09,0.18,7.18,1.96,,,,,,,,,,,,
14.602000,80.088000,28_515_shc_2024-25.10791,Alaganipadu,,,,,,,,,,,,,238.0,164.0,245.4,0.68,8.01,0.1,43.9,0.38,6.38,0.28,12.48,0.54,,,,,,,,,,,,
14.608000,80.142000,28_515_shc_2024-25.2977,Varini,,,,,,,,,,,,,138.0,17.5,316.4,0.51,8.44,0.34,61.5,0.38,9.36,0.24,8.26,1.83,,,,,,,,,,,,
14.608000,80.142000,28_515_shc_2024-25.2978,Varini,,,,,,,,,,,,,138.0,1.1,284.1,0.54,8.41,5.38,12.3,0.38,7.18,0.24,7.28,0.28,238.0,10.0,348.0,0.1,7.7,0.12,35.0,0.79,6.71,0.16,5.92,0.97
14.608000,80.142000,28_515_shc_2024-25.18952,Varini,,,,,,,,,,,,,100.0,5.5,264.7,0.39,8.48,0.46,28.1,0.41,10.4,0.18,9.14,0.47,,,,,,,,,,,,
14.615000,79.415000,28_515_shc_2024-25.12809,Amanichiruvella,,,,,,,,,,,,,125.0,19.0,523.0,0.69,7.69,0.21,12.0,0.66,9.24,3.18,13.51,0.59,,,,,,,,,,,,
14.612000,79.642000,28_515_shc_2024-25.10876,Atmakur,,,,,,,,,,,,,151.0,8.0,129.0,0.86,8.12,1.81,121.0,0.51,2.88,0.18,2.41,0.5,,,,,,,,,,,,
14.618000,79.662000,28_515_shc_2024-25.8369,Atmakur,,,,,,,,,,,,,88.0,25.0,193.0,0.45,7.26,1.86,30.0,0.54,2.14,0.38,4.28,0.31,,,,,,,,,,,,
14.612000,79.698000,28_515_shc_2024-25.15112,Peramana,,,,,,,,,,,,,75.0,1.0,187.0,1.13,8.4,1.08,26.0,0.24,6.48,0.18,0.14,0.15,,,,,,,,,,,,
14.612000,79.698000,28_515_shc_2024-25.15115,Peramana,,,,,,,,,,,,,113.0,1.0,225.0,0.75,8.1,1.03,26.0,0.34,4.18,0.38,0.24,0.72,,,,,,,,,,,,
14.612000,79.702000,28_515_shc_2025-26.8128,Peramana,,,,,,,,,,,,,,,,,,,,,,,,,25.0,1.5,521.4,0.64,6.92,0.29,154.1,0.38,4.91,0.31,5.17,0.44
14.615000,79.745000,28_515_shc_2024-25.10298,Korimerla,,,,,,,,,,,,,138.0,164.0,109.0,1.2,8.12,0.72,26.0,0.18,11.51,0.32,6.16,1.0,,,,,,,,,,,,
14.615000,79.765000,28_515_shc_2024-25.1795,Sangam,,,,,,,,,,,,,50.0,116.8,122.0,0.68,7.59,0.16,12.0,0.29,10.1,0.16,8.68,0.06,,,,,,,,,,,,
14.612000,79.782000,28_515_shc_2024-25.689,Tharunavaya,,,,,,,,,,,,,176.0,8.0,129.0,1.23,7.58,0.43,26.0,0.28,10.16,0.36,5.36,0.34,,,,,,,,,,,,
14.612000,79.782000,28_515_shc_2024-25.7368,Tharunavaya,,,,,,,,,,,,,163.0,25.0,129.0,0.95,7.35,0.25,18.0,0.21,10.38,0.48,0.86,1.07,,,,,,,,,,,,
14.612000,79.782000,28_515_shc_2024-25.7484,Tharunavaya,,,,,,,,,,,,,88.0,1.0,26.0,1.13,7.62,0.44,33.0,0.14,12.74,0.21,0.75,0.59,,,,,,,,,,,,
14.618000,79.822000,28_515_shc_2023-24.5930,Vangallu,88.0,9.0,85.0,0.33,7.4,0.3,54.0,0.13,8.2,0.28,1.5,0.42,,,,,,,,,,,,,,,,,,,,,,,,
14.618000,79.828000,28_515_shc_2024-25.7276,Vangallu,,,,,,,,,,,,,88.0,90.0,187.0,0.95,6.85,0.73,33.0,0.23,9.18,0.28,0.12,0.66,,,,,,,,,,,,
14.618000,79.828000,28_515_shc_2024-25.7316,Vangallu,,,,,,,,,,,,,188.0,52.0,116.0,0.27,7.75,1.29,19.0,0.61,9.12,0.35,0.19,0.91,,,,,,,,,,,,
14.618000,79.832000,28_515_shc_2024-25.747,Jangala Khandrika,,,,,,,,,,,,,188.0,164.0,541.0,0.75,7.04,0.26,26.0,0.26,11.14,0.24,0.2,0.44,,,,,,,,,,,,
14.618000,79.832000,28_515_shc_2025-26.3375,Jangala Khandrika,,,,,,,,,,,,,,,,,,,,,,,,,25.0,70.7,198.6,0.16,7.79,0.01,21.01,0.12,4.81,0.15,3.89,0.5
14.618000,79.832000,28_515_shc_2025-26.3384,Jangala Khandrika,,,,,,,,,,,,,,,,,,,,,,,,,75.0,29.2,366.2,0.16,7.19,0.05,115.58,0.21,14.1,0.66,2.11,0.57
14.612000,79.888000,28_515_shc_2024-25.5827,Munulapudi,,,,,,,,,,,,,100.0,164.0,71.0,1.65,7.83,0.32,81.0,0.34,21.26,0.41,3.14,0.34,,,,,,,,,,,,
14.612000,79.888000,28_515_shc_2024-25.8460,Munulapudi,,,,,,,,,,,,,25.0,164.0,90.0,1.8,7.86,0.24,7.0,0.38,16.28,0.26,3.14,0.78,,,,,,,,,,,,
14.618000,79.892000,28_515_shc_2025-26.1519,Munulapudi,,,,,,,,,,,,,,,,,,,,,,,,,251.0,3.1,385.0,0.49,6.31,1.29,143.59,0.17,4.47,0.18,1.33,0.44
14.615000,79.905000,28_515_shc_2024-25.779,Yelamanchipadu,,,,,,,,,,,,,113.0,35.0,109.0,1.19,6.52,1.78,26.0,0.46,16.21,0.26,6.38,0.82,,,,,,,,,,,,
14.612000,80.018000,28_515_shc_2024-25.10490,Talamanchi,,,,,,,,,,,,,88.0,18.6,316.9,0.1,7.54,0.65,68.5,0.36,18.3,0.41,6.84,0.85,,,,,,,,,,,,
14.612000,80.032000,28_515_shc_2023-24.5715,Damegunta,188.0,70.0,189.0,0.28,7.7,0.3,99.0,0.28,6.18,0.28,9.16,0.11,,,,,,,,,,,,,,,,,,,,,,,,
14.612000,80.032000,28_515_shc_2024-25.619,Damegunta,,,,,,,,,,,,,151.0,1.1,148.5,0.53,5.5,0.1,68.5,1.18,14.53,0.67,34.1,0.09,,,,,,,,,,,,
14.612000,80.032000,28_515_shc_2024-25.621,Damegunta,,,,,,,,,,,,,75.0,25.1,148.5,0.57,5.81,0.1,93.1,0.16,10.16,0.54,9.86,1.41,,,,,,,,,,,,
14.612000,80.032000,28_515_shc_2024-25.627,Damegunta,,,,,,,,,,,,,88.0,34.9,135.6,0.65,5.38,0.16,93.1,0.92,23.86,0.85,48.2,0.94,,,,,,,,,,,,
14.612000,80.032000,28_515_shc_2024-25.7039,Damegunta,,,,,,,,,,,,,63.0,25.1,142.1,0.82,5.53,0.1,137.1,0.28,12.48,0.21,10.41,0.31,,,,,,,,,,,,
14.612000,80.032000,28_515_shc_2024-25.7144,Damegunta,,,,,,,,,,,,,63.0,7.6,161.4,0.19,5.17,0.1,84.3,0.68,12.41,0.38,7.21,0.25,,,,,,,,,,,,
14.612000,80.032000,28_515_shc_2024-25.9941,Damegunta,,,,,,,,,,,,,113.0,164.0,116.2,0.5,5.8,0.24,72.0,0.28,7.28,0.62,9.38,0.56,,,,,,,,,,,,
14.618000,80.072000,28_515_shc_2023-24.5635,Dampuru,88.0,30.0,26.0,1.09,8.5,0.58,14.0,1.8,7.04,0.6,1.9,0.07,,,,,,,,,,,,,,,,,,,,,,,,
14.612000,80.072000,28_515_shc_2024-25.8008,Dampuru,,,,,,,,,,,,,100.0,62.2,607.0,0.1,6.72,0.1,8.8,0.36,9.28,0.16,10.18,0.54,,,,,,,,,,,,
14.625000,79.625000,28_515_shc_2024-25.19778,Narampeta,,,,,,,,,,,,,63.0,164.0,109.0,0.33,7.9,0.46,176.0,0.26,5.26,0.12,1.12,1.38,,,,,,,,,,,,
14.625000,79.635000,28_515_shc_2023-24.6742,Atmakur,38.0,3.0,78.0,1.0,7.7,1.7,130.0,0.516,4.79,0.08,5.13,0.27,,,,,,,,,,,,,,,,,,,,,,,,
14.625000,79.635000,28_515_shc_2023-24.7362,Atmakur,138.0,16.0,91.0,0.18,9.2,0.6,97.0,0.713,4.08,0.13,4.08,0.3,,,,,,,,,,,,,,,,,,,,,,,,
14.625000,79.635000,28_515_shc_2024-25.2036,Atmakur,,,,,,,,,,,,,63.0,3.0,296.0,0.03,7.72,1.16,69.0,0.54,5.18,0.48,2.48,0.09,,,,,,,,,,,,
14.625000,79.635000,28_515_shc_2024-25.8345,Atmakur,,,,,,,,,,,,,75.0,1.0,64.0,0.3,7.39,1.98,146.0,0.58,7.26,0.51,3.14,0.5,,,,,,,,,,,,
14.625000,79.635000,28_515_shc_2024-25.11613,Atmakur,,,,,,,,,,,,,50.0,1.0,251.0,0.53,7.75,0.92,176.0,0.718,3.61,0.43,2.22,1.45,,,,,,,,,,,,
14.625000,79.635000,28_515_shc_2024-25.11617,Atmakur,,,,,,,,,,,,,75.0,1.0,238.0,1.13,7.58,1.46,18.0,0.68,2.84,0.41,3.16,0.31,,,,,,,,,,,,
14.625000,79.635000,28_515_shc_2024-25.11624,Atmakur,,,,,,,,,,,,,151.0,1.0,271.0,0.3,7.47,2.24,54.0,0.41,3.18,0.46,2.78,0.18,,,,,,,,,,,,
14.625000,79.635000,28_515_shc_2024-25.18826,Atmakur,,,,,,,,,,,,,100.0,3.0,264.0,0.6,7.52,2.8,105.0,0.34,3.86,0.38,3.18,0.59,,,,,,,,,,,,
14.622000,79.638000,28_515_shc_2024-25.11012,Atmakur,,,,,,,,,,,,,113.0,1.0,271.0,0.9,7.49,2.16,51.0,0.58,5.12,0.48,3.14,1.04,,,,,,,,,,,,
14.622000,79.632000,28_515_shc_2024-25.11060,Atmakur,,,,,,,,,,,,,50.0,25.0,122.0,0.53,7.02,0.69,54.0,0.68,4.21,0.32,3.86,1.19,,,,,,,,,,,,
14.622000,79.712000,28_515_shc_2023-24.6818,Peramana,188.0,37.0,117.0,1.02,7.6,0.4,28.0,0.11,4.3,0.28,3.0,0.46,,,,,,,,,,,,,,,,,,,,,,,,
14.622000,79.718000,28_515_shc_2024-25.15552,Peramana,,,,,,,,,,,,,88.0,1.0,116.0,1.23,8.21,1.0,19.0,0.21,4.62,0.34,6.32,0.18,,,,,,,,,,,,
14.622000,79.722000,28_515_shc_2023-24.5190,Peramana,151.0,15.0,52.0,0.33,7.6,0.2,50.0,0.09,4.7,0.12,7.4,0.76,,,,,,,,,,,,,,,,,,,,,,,,
14.625000,79.725000,28_515_shc_2024-25.14650,Peramana,,,,,,,,,,,,,163.0,43.0,174.0,0.9,7.98,0.81,47.0,0.58,11.02,0.56,0.16,0.37,,,,,,,,,,,,
14.625000,79.725000,28_515_shc_2025-26.3587,Peramana,,,,,,,,,,,,,,,,,,,,,,,,,188.0,3.8,353.8,0.67,7.96,1.06,143.59,0.02,2.72,0.31,1.08,2.08
14.625000,79.745000,28_515_shc_2024-25.15153,Korimerla,,,,,,,,,,,,,151.0,52.0,28.0,0.95,7.86,1.1,40.0,0.43,9.41,0.12,0.48,0.75,,,,,,,,,,,,
14.625000,79.745000,28_515_shc_2024-25.15154,Korimerla,,,,,,,,,,,,,151.0,17.0,303.0,0.9,8.32,1.56,176.0,0.58,6.38,0.36,5.84,0.09,,,,,,,,,,,,
14.622000,79.762000,28_515_shc_2025-26.3434,Talupurupadu,,,,,,,,,,,,,,,,,,,,,,,,,113.0,16.1,285.5,0.16,8.36,1.8,80.55,0.33,8.15,0.09,2.97,0.75
14.622000,79.788000,28_515_shc_2025-26.7958,Talupurupadu,,,,,,,,,,,,,,,,,,,,,,,,,138.0,2.3,391.1,0.27,7.44,0.72,59.54,0.26,7.17,0.48,2.18,0.66
14.628000,79.792000,28_515_shc_2024-25.15159,Sangam,,,,,,,,,,,,,125.0,1.0,13.0,0.87,7.02,0.4,18.0,0.54,10.12,0.64,0.19,0.85,,,,,,,,,,,,
14.628000,79.792000,28_515_shc_2024-25.15205,Sangam,,,,,,,,,,,,,151.0,70.0,13.0,1.95,7.87,0.78,162.0,0.26,10.12,0.84,0.49,0.75,,,,,,,,,,,,
14.628000,79.792000,28_515_shc_2024-25.15257,Sangam,,,,,,,,,,,,,50.0,85.0,6.0,0.23,8.64,2.52,112.0,0.34,9.22,0.54,0.28,0.88,,,,,,,,,,,,
14.628000,79.792000,28_515_shc_2024-25.15258,Sangam,,,,,,,,,,,,,63.0,1.0,32.0,0.71,6.81,0.5,58.0,0.65,10.51,0.54,0.26,1.29,,,,,,,,,,,,
14.628000,79.792000,28_515_shc_2024-25.15260,Sangam,,,,,,,,,,,,,163.0,17.0,32.0,0.86,6.84,0.37,23.0,0.42,10.15,0.64,0.42,0.5,,,,,,,,,,,,
14.625000,79.825000,28_515_shc_2025-26.3252,Vangallu,,,,,,,,,,,,,,,,,,,,,,,,,38.0,16.1,347.6,0.16,7.32,1.02,129.59,0.15,6.18,0.08,3.15,0.82
14.625000,79.825000,28_515_shc_2025-26.10005,Vangallu,,,,,,,,,,,,,,,,,,,,,,,,,50.0,13.8,620.7,0.32,7.87,0.04,136.59,0.4,12.05,0.25,1.62,0.79
14.625000,79.825000,28_515_shc_2025-26.10017,Vangallu,,,,,,,,,,,,,,,,,,,,,,,,,151.0,47.62,322.8,0.16,7.81,0.11,210.14,0.3,8.18,0.09,2.1,0.44
14.625000,79.825000,28_515_shc_2025-26.10079,Vangallu,,,,,,,,,,,,,,,,,,,,,,,,,138.0,18.4,353.8,0.28,7.67,0.18,262.67,0.12,4.14,0.25,7.11,0.38
14.625000,79.825000,28_515_shc_2025-26.10096,Vangallu,,,,,,,,,,,,,,,,,,,,,,,,,113.0,4.6,378.6,0.22,7.13,1.03,175.12,0.21,12.61,0.17,3.47,0.31
14.622000,79.838000,28_515_shc_2024-25.6297,Jangala Khandrika,,,,,,,,,,,,,163.0,62.0,258.0,0.87,7.66,1.56,26.0,0.31,7.26,0.28,7.14,1.57,,,,,,,,,,,,
14.625000,79.835000,28_515_shc_2025-26.3423,Jangala Khandrika,,,,,,,,,,,,,,,,,,,,,,,,,88.0,122.1,348.9,0.22,7.65,0.04,28.02,0.27,9.11,0.35,10.15,0.5
14.625000,79.835000,28_515_shc_2025-26.3455,Jangala Khandrika,,,,,,,,,,,,,,,,,,,,,,,,,113.0,9.2,415.9,0.32,7.86,0.03,52.53,0.47,4.18,0.21,7.113,0.38
14.628000,80.028000,28_515_shc_2024-25.17151,North Amuluru,,,,,,,,,,,,,263.0,33.8,77.5,0.45,7.01,0.23,33.4,0.28,7.21,0.56,5.38,0.47,,,,,,,,,,,,
14.622000,80.032000,28_515_shc_2024-25.14266,Kalambotlavari Khandrika,,,,,,,,,,,,,163.0,33.8,174.3,0.95,7.01,0.25,28.1,0.41,5.16,0.26,7.28,0.44,,,,,,,,,,,,
14.628000,80.048000,28_515_shc_2023-24.5062,North Amuluru,176.0,88.0,91.0,0.51,7.0,1.2,21.0,0.59,14.6,1.41,9.54,0.5,,,,,,,,,,,,,238.0,29.4,224.7,0.69,8.28,0.1,42.03,0.26,3.26,0.28,3.26,0.68
14.628000,80.048000,28_515_shc_2023-24.6704,North Amuluru,138.0,80.0,137.0,0.61,6.0,0.4,38.0,0.74,50.2,1.39,3.13,0.19,,,,,,,,,,,,,,,,,,,,,,,,
14.628000,80.048000,28_515_shc_2024-25.20659,Anathabotlavari Khandrika,,,,,,,,,,,,,201.0,85.2,90.4,0.68,7.13,1.96,33.4,0.49,6.18,0.44,4.21,0.47,,,,,,,,,,,,
14.632000,79.412000,28_515_shc_2025-26.1079,Ponguru,,,,,,,,,,,,,,,,,,,,,,,,,389.0,61.4,105.3,0.33,7.59,0.24,3.5,0.26,4.86,0.37,2.87,0.5
14.632000,79.492000,28_515_shc_2023-24.5616,Mahimalur,100.0,25.0,104.0,0.98,8.1,0.4,54.0,0.34,5.65,0.84,3.08,0.34,,,,,,,,,,,,,,,,,,,,,,,,
14.638000,79.492000,28_515_shc_2024-25.15805,Mahimalur,,,,,,,,,,,,,201.0,17.0,180.0,0.69,8.02,1.48,77.0,0.21,6.42,0.65,1.74,1.81,,,,,,,,,,,,
14.632000,79.528000,28_515_shc_2023-24.6744,Mahimalur,113.0,53.0,279.0,0.82,8.4,1.3,83.0,0.01,7.33,1.1,7.2,0.26,,,,,,,,,,,,,,,,,,,,,,,,
14.632000,79.528000,28_515_shc_2024-25.1545,Revuru,,,,,,,,,,,,,138.0,38.0,245.0,1.15,8.37,1.29,93.0,0.41,4.32,0.16,6.26,1.19,,,,,,,,,,,,
14.632000,79.528000,28_515_shc_2024-25.11561,Mahimalur,,,,,,,,,,,,,100.0,1.0,225.0,0.3,7.84,1.69,23.0,0.32,7.62,0.65,1.19,0.56,,,,,,,,,,,,
14.632000,79.528000,28_515_shc_2024-25.11572,Mahimalur,,,,,,,,,,,,,138.0,38.0,174.0,0.56,8.08,0.64,51.0,0.24,7.37,0.94,1.76,0.78,,,,,,,,,,,,
14.632000,79.528000,28_515_shc_2024-25.11600,Mahimalur,,,,,,,,,,,,,125.0,80.0,238.0,0.24,8.71,0.88,97.0,0.1,3.36,0.36,1.52,1.16,,,,,,,,,,,,
14.632000,79.528000,28_515_shc_2024-25.11602,Mahimalur,,,,,,,,,,,,,125.0,38.0,174.0,0.3,7.77,0.94,51.0,0.24,7.86,0.94,1.76,0.8,,,,,,,,,,,,
14.632000,79.528000,28_515_shc_2024-25.11611,Mahimalur,,,,,,,,,,,,,138.0,1.0,200.0,1.63,7.9,0.8,37.0,0.42,7.14,0.8,1.23,1.22,,,,,,,,,,,,
14.632000,79.528000,28_515_shc_2024-25.11616,Mahimalur,,,,,,,,,,,,,138.0,3.0,135.0,0.45,8.0,1.64,23.0,0.21,8.84,0.65,1.25,1.41,,,,,,,,,,,,
14.632000,79.528000,28_515_shc_2024-25.15841,Mahimalur,,,,,,,,,,,,,125.0,52.0,155.0,0.6,8.12,9.78,109.0,0.17,7.461,0.68,0.93,0.56,,,,,,,,,,,,
14.632000,79.528000,28_515_shc_2024-25.19663,Mahimalur,,,,,,,,,,,,,163.0,1.0,303.0,0.81,8.14,0.75,33.0,0.28,8.59,0.94,1.21,1.13,,,,,,,,,,,,
14.635000,79.565000,28_515_shc_2024-25.8295,Nagulapadu,,,,,,,,,,,,,88.0,164.0,64.0,1.4,7.87,2.87,65.0,0.16,5.49,0.75,3.55,1.32,,,,,,,,,,,,
14.638000,79.572000,28_515_shc_2023-24.5330,Nagulapadu,63.0,1.0,176.0,0.28,8.0,0.5,59.0,0.46,1.98,0.96,2.74,0.3,,,,,,,,,,,,,,,,,,,,,,,,
14.638000,79.572000,28_515_shc_2023-24.5648,Nagulapadu,113.0,34.0,189.0,0.42,8.0,0.5,42.0,0.58,6.84,0.74,2.18,0.27,,,,,,,,,,,,,,,,,,,,,,,,
14.632000,79.688000,28_515_shc_2025-26.1721,Kondameeda Konduru,,,,,,,,,,,,,,,,,,,,,,,,,138.0,2.3,142.8,0.25,7.92,0.82,42.03,0.17,1.44,0.61,3.32,0.44
14.632000,79.688000,28_515_shc_2025-26.5146,Kondameeda Konduru,,,,,,,,,,,,,,,,,,,,,,,,,138.0,6.1,136.6,0.22,7.9,0.42,122.58,0.38,3.75,0.43,1.36,0.66
14.635000,79.745000,28_515_shc_2024-25.15133,Korimerla,,,,,,,,,,,,,176.0,52.0,148.0,0.45,7.7,3.94,32.0,0.18,9.61,0.21,0.81,0.77,,,,,,,,,,,,
14.638000,79.812000,28_515_shc_2024-25.3403,Marripadu,,,,,,,,,,,,,100.0,8.0,251.0,1.25,7.01,0.1,11.0,0.34,10.58,0.38,4.38,0.12,,,,,,,,,,,,
14.638000,79.812000,28_515_shc_2024-25.3418,Marripadu,,,,,,,,,,,,,125.0,62.0,219.0,0.78,7.0,1.43,14.0,0.12,10.54,0.26,5.16,0.85,,,,,,,,,,,,
14.632000,79.832000,28_515_shc_2023-24.4888,Marripadu,125.0,16.0,117.0,0.58,7.9,0.9,28.0,0.57,19.3,0.57,2.06,0.42,,,,,,,,,,,,,,,,,,,,,,,,
14.638000,79.848000,28_515_shc_2025-26.1251,Kaligiri Konduru,,,,,,,,,,,,,,,,,,,,,,,,,88.0,38.4,360.0,0.35,7.47,2.6,185.62,0.33,18.55,0.07,3.92,0.16
14.638000,79.848000,28_515_shc_2025-26.6684,Kaligiri Konduru,,,,,,,,,,,,,100.0,18.6,471.4,0.67,7.19,0.34,8.8,0.14,6.18,0.18,4.31,0.28,113.0,10.0,366.2,0.44,7.07,1.16,129.59,0.25,9.45,0.06,2.95,0.25
14.638000,79.848000,28_515_shc_2025-26.6700,Kaligiri Konduru,,,,,,,,,,,,,,,,,,,,,,,,,50.0,16.9,384.9,0.49,7.46,2.05,154.1,0.57,4.31,0.15,1.97,0.13
14.632000,79.872000,28_515_shc_2024-25.14273,Thiruveedhipadu,,,,,,,,,,,,,163.0,8.0,206.0,0.83,7.0,0.85,40.0,0.58,18.57,0.78,7.68,0.91,,,,,,,,,,,,
14.635000,80.005000,28_515_shc_2024-25.6571,North Amuluru,,,,,,,,,,,,,100.0,37.1,116.2,1.2,7.18,1.36,22.8,0.64,6.21,0.26,4.38,0.6,,,,,,,,,,,,
14.638000,80.022000,28_515_shc_2024-25.6663,North Amuluru,,,,,,,,,,,,,151.0,18.6,142.1,0.28,6.83,0.94,123.0,0.14,5.31,0.28,5.31,0.06,,,,,,,,,,,,
14.638000,80.038000,28_515_shc_2024-25.14016,Beeramgunta,,,,,,,,,,,,,151.0,93.9,226.0,0.07,8.57,0.54,24.6,0.41,9.18,0.38,4.26,0.5,,,,,,,,,,,,
14.632000,80.052000,28_515_shc_2024-25.20621,Anathabotlavari Khandrika,,,,,,,,,,,,,188.0,55.7,142.1,0.52,6.88,0.12,31.6,0.21,6.42,0.48,6.38,0.25,,,,,,,,,,,,
14.635000,80.065000,28_515_shc_2024-25.14361,Purini,,,,,,,,,,,,,138.0,27.3,90.4,0.33,7.26,0.57,8.8,0.38,4.38,0.36,7.38,0.35,,,,,,,,,,,,
14.635000,80.075000,28_515_shc_2024-25.6894,Purini,,,,,,,,,,,,,113.0,29.5,71.0,1.12,6.64,1.68,21.1,0.54,3.38,0.41,4.26,0.35,,,,,,,,,,,,
14.632000,80.118000,28_515_shc_2023-24.5215,Varini,113.0,16.0,527.0,0.62,6.2,1.3,7.0,2.18,13.8,0.42,14.6,0.31,,,,,,,,,,,,,,,,,,,,,,,,
14.645000,79.365000,28_515_shc_2024-25.15337,Pallavolu,,,,,,,,,,,,,251.0,105.0,225.0,0.34,7.72,0.12,84.0,0.34,9.36,0.21,4.14,0.03,,,,,,,,,,,,
14.645000,79.365000,28_515_shc_2025-26.4113,Pallavolu,,,,,,,,,,,,,,,,,,,,,,,,,213.0,80.6,119.4,0.65,8.26,0.17,52.53,0.37,5.1,0.22,1.57,0.57
14.648000,79.402000,28_515_shc_2025-26.3959,Ponguru,,,,,,,,,,,,,,,,,,,,,,,,,125.0,8.4,287.9,0.72,8.21,0.5,73.55,0.36,5.1,0.25,1.29,1.38
14.645000,79.515000,28_515_shc_2024-25.7790,Mahimalur,75.0,12.0,65.0,0.49,8.5,0.2,19.0,0.56,9.26,0.56,28.16,0.5,151.0,1.0,457.0,0.38,8.3,1.88,72.0,0.22,6.82,0.73,1.95,0.53,,,,,,,,,,,,
14.648000,79.582000,28_515_shc_2024-25.15836,Mahimalur,,,,,,,,,,,,,151.0,8.0,161.0,0.6,8.19,2.03,37.0,0.17,7.06,0.63,2.08,0.03,,,,,,,,,,,,
14.642000,79.748000,28_515_shc_2025-26.6259,Neelayapalem,,,,,,,,,,,,,,,,,,,,,,,,,75.0,16.9,74.5,0.47,8.33,0.39,21.01,0.16,9.12,0.09,2.36,0.5
14.642000,79.748000,28_515_shc_2025-26.6438,Neelayapalem,,,,,,,,,,,,,,,,,,,,,,,,,125.0,12.3,620.7,0.27,8.34,0.28,101.57,0.64,31.44,0.15,2.71,0.69
14.642000,79.772000,28_515_shc_2024-25.10035,Talupurupadu,,,,,,,,,,,,,151.0,147.0,328.0,0.2,6.49,0.89,18.0,0.38,6.48,0.34,6.21,0.94,,,,,,,,,,,,
14.642000,79.818000,28_515_shc_2024-25.6429,Marripadu,125.0,21.0,117.0,0.29,6.1,0.2,90.0,0.1,7.4,0.4,8.4,0.38,100.0,11.0,219.0,0.6,7.28,1.72,26.0,0.38,11.26,0.48,6.38,0.18,,,,,,,,,,,,
14.642000,79.822000,28_515_shc_2025-26.8172,Marripadu,,,,,,,,,,,,,,,,,,,,,,,,,38.0,36.9,322.8,0.49,8.23,1.85,217.14,0.62,22.64,0.07,8.24,0.53
14.645000,79.845000,28_515_shc_2024-25.6137,Marripadu,,,,,,,,,,,,,100.0,90.0,213.0,0.18,6.53,0.44,44.0,0.24,10.16,0.18,1.46,0.97,,,,,,,,,,,,
14.648000,79.892000,28_515_shc_2023-24.5833,Dagadarthi,113.0,2.0,78.0,0.3,7.8,0.4,7.0,0.38,10.8,0.42,3.43,0.04,,,,,,,,,,,,,,,,,,,,,,,,
14.648000,79.902000,28_515_shc_2024-25.232,Thurimerla,,,,,,,,,,,,,151.0,90.0,451.0,1.47,7.61,0.93,47.0,0.62,9.65,1.08,3.46,0.06,,,,,,,,,,,,
14.648000,79.902000,28_515_shc_2024-25.6469,Thurimerla,63.0,25.0,189.0,1.01,7.4,2.4,28.0,0.44,7.8,0.73,1.84,0.57,138.0,99.0,644.0,1.73,6.58,1.41,47.0,0.63,5.26,0.58,4.18,0.47,,,,,,,,,,,,
14.648000,80.012000,28_515_shc_2024-25.14736,North Amuluru,,,,,,,,,,,,,176.0,26.2,64.6,0.15,6.92,0.1,42.2,0.36,5.88,0.42,6.14,0.25,,,,,,,,,,,,
14.645000,80.025000,28_515_shc_2024-25.17035,North Mopuru,,,,,,,,,,,,,251.0,36.0,167.9,0.28,7.64,0.1,26.4,0.38,6.14,0.26,6.14,0.44,,,,,,,,,,,,
14.648000,80.048000,28_515_shc_2024-25.14795,North Mopuru,,,,,,,,,,,,,138.0,31.7,109.8,0.68,6.99,0.65,19.3,0.48,13.41,0.41,8.16,0.35,,,,,,,,,,,,
14.642000,80.068000,28_515_shc_2024-25.7342,Purini,,,,,,,,,,,,,113.0,18.6,103.3,0.63,7.65,0.24,14.1,0.38,5.21,0.68,4.26,0.6,,,,,,,,,,,,
14.642000,80.068000,28_515_shc_2024-25.7523,Purini,,,,,,,,,,,,,176.0,8.7,155.0,1.08,7.52,0.86,33.4,0.38,3.28,0.41,6.18,0.32,,,,,,,,,,,,
14.642000,80.062000,28_515_shc_2024-25.14645,Indupuru,,,,,,,,,,,,,163.0,8.7,148.3,0.77,7.77,0.16,17.6,0.31,5.28,0.38,8.42,0.28,,,,,,,,,,,,
14.648000,80.068000,28_515_shc_2024-25.2165,Indupuru,,,,,,,,,,,,,176.0,152.9,406.8,0.77,7.54,0.14,47.4,0.34,7.76,0.14,5.88,0.57,,,,,,,,,,,,
14.642000,80.088000,28_515_shc_2024-25.7116,Purini,,,,,,,,,,,,,188.0,22.9,135.6,0.31,7.12,1.12,12.3,0.18,5.91,0.58,4.38,0.47,,,,,,,,,,,,
14.648000,80.142000,28_515_shc_2024-25.21363,Varini,,,,,,,,,,,,,88.0,63.3,316.4,0.52,7.84,0.1,29.9,0.48,5.18,0.24,3.38,0.79,,,,,,,,,,,,
14.648000,80.142000,28_515_shc_2024-25.21366,Varini,,,,,,,,,,,,,125.0,164.0,361.6,0.39,6.39,0.18,17.6,0.7,19.14,0.56,4.48,0.41,,,,,,,,,,,,
14.648000,80.142000,28_515_shc_2024-25.21369,Varini,,,,,,,,,,,,,88.0,19.7,316.4,0.21,7.71,0.13,22.8,0.58,8.38,0.14,21.36,2.27,,,,,,,,,,,,
14.648000,80.142000,28_515_shc_2024-25.21370,Varini,,,,,,,,,,,,,125.0,57.9,529.5,0.24,8.8,0.4,22.8,0.24,14.18,0.21,4.38,0.41,,,,,,,,,,,,
14.648000,80.142000,28_515_shc_2024-25.21377,Varini,,,,,,,,,,,,,88.0,18.6,103.3,0.912,7.54,0.13,61.5,0.72,7.28,0.36,9.14,1.64,,,,,,,,,,,,
14.648000,80.142000,28_515_shc_2024-25.21378,Varini,,,,,,,,,,,,,100.0,45.9,258.3,0.33,7.56,0.17,36.9,0.92,23.98,0.54,16.19,0.44,,,,,,,,,,,,
14.648000,80.142000,28_515_shc_2024-25.21379,Varini,,,,,,,,,,,,,100.0,77.5,464.9,0.9,8.14,0.43,17.6,0.68,9.48,0.38,8.36,0.79,,,,,,,,,,,,
14.652000,79.408000,28_515_shc_2024-25.6075,Ponguru,,,,,,,,,,,,,100.0,62.0,644.0,1.11,8.02,0.34,33.0,0.42,14.53,0.86,2.63,0.22,,,,,,,,,,,,
14.658000,79.748000,28_515_shc_2024-25.20158,Neelayapalem,,,,,,,,,,,,,188.0,70.0,167.0,0.78,7.89,0.23,121.0,0.29,8.23,0.16,0.41,0.37,,,,,,,,,,,,
14.658000,79.748000,28_515_shc_2024-25.20179,Neelayapalem,,,,,,,,,,,,,201.0,1.0,251.0,0.99,7.42,0.24,72.0,0.51,7.16,0.11,0.38,0.28,,,,,,,,,,,,
14.652000,79.758000,28_515_shc_2025-26.8279,Hasanapuram,,,,,,,,,,,,,,,,,,,,,,,,,113.0,14.6,161.4,0.35,8.61,0.25,42.03,0.19,4.19,0.14,1.97,0.13
14.652000,79.758000,28_515_shc_2025-26.8284,Hasanapuram,,,,,,,,,,,,,,,,,,,,,,,,,163.0,20.7,93.1,0.14,8.44,0.42,154.1,0.26,5.01,0.22,3.81,0.09
14.658000,79.792000,28_515_shc_2023-24.4860,Srikolanu,188.0,23.0,163.0,0.83,7.9,0.1,35.0,0.38,9.9,0.38,6.8,0.3,,,,,,,,,,,,,,,,,,,,,,,,
14.652000,79.902000,28_515_shc_2025-26.3157,Thurimerla,,,,,,,,,,,,,,,,,,,,,,,,,188.0,30.7,105.3,0.62,5.9,0.14,87.56,0.44,5.1,0.29,3.15,0.25
14.658000,79.912000,28_515_shc_2024-25.15453,Choutaputhedu,,,,,,,,,,,,,138.0,19.0,200.0,0.82,7.28,0.58,12.0,0.63,15.96,1.59,8.61,0.78,,,,,,,,,,,,
14.658000,79.912000,28_515_shc_2024-25.15528,Choutaputhedu,,,,,,,,,,,,,100.0,62.0,174.0,1.1,7.29,0.53,33.0,0.54,10.81,0.38,4.82,0.18,,,,,,,,,,,,
14.658000,79.912000,28_515_shc_2024-25.15594,Choutaputhedu,,,,,,,,,,,,,188.0,58.0,116.0,1.13,7.46,0.59,47.0,0.78,13.14,0.36,6.38,0.15,,,,,,,,,,,,
14.652000,79.918000,28_515_shc_2025-26.3114,Dagadarthi,,,,,,,,,,,,,,,,,,,,,,,,,213.0,58.4,140.5,0.05,6.06,0.67,66.54,0.14,4.1,0.41,2.15,0.57
14.652000,79.928000,28_515_shc_2025-26.1463,Dagadarthi,,,,,,,,,,,,,,,,,,,,,,,,,176.0,9.2,344.1,0.32,7.08,0.62,28.02,0.44,5.1,0.17,2.15,0.03
14.652000,79.928000,28_515_shc_2025-26.1476,Dagadarthi,,,,,,,,,,,,,,,,,,,,,,,,,138.0,8.4,231.8,0.79,6.66,1.18,73.55,0.11,3.88,0.36,1.08,0.5
14.652000,79.928000,28_515_shc_2025-26.9974,Dagadarthi,,,,,,,,,,,,,,,,,,,,,,,,,176.0,23.8,280.9,0.86,7.08,0.75,24.52,0.36,6.13,0.22,3.89,0.44
14.652000,79.928000,28_515_shc_2025-26.9977,Dagadarthi,,,,,,,,,,,,,,,,,,,,,,,,,113.0,5.4,369.2,1.05,7.18,0.88,52.53,0.28,4.06,0.2,9.88,0.25
14.652000,79.928000,28_515_shc_2025-26.9989,Dagadarthi,,,,,,,,,,,,,,,,,,,,,,,,,188.0,56.83,330.1,0.45,6.82,0.45,17.51,0.38,4.97,0.19,1.22,0.94
14.652000,79.928000,28_515_shc_2025-26.9991,Dagadarthi,,,,,,,,,,,,,,,,,,,,,,,,,113.0,22.3,393.3,0.41,7.12,0.83,45.53,0.2,3.87,0.28,1.97,0.31
14.652000,79.928000,28_515_shc_2025-26.9997,Dagadarthi,,,,,,,,,,,,,,,,,,,,,,,,,188.0,59.9,238.8,0.84,5.58,0.31,21.01,0.2,5.47,0.08,11.69,0.88
14.652000,79.928000,28_515_shc_2025-26.9999,Dagadarthi,,,,,,,,,,,,,,,,,,,,,,,,,138.0,9.2,456.5,0.82,5.68,0.33,28.02,0.19,2.95,0.14,1.36,0.38
14.658000,79.932000,28_515_shc_2024-25.14698,Dagadarthi,,,,,,,,,,,,,151.0,129.0,161.0,1.16,7.92,1.03,26.0,0.42,9.13,0.44,2.18,0.66,,,,,,,,,,,,
14.658000,79.932000,28_515_shc_2024-25.14700,Dagadarthi,,,,,,,,,,,,,163.0,8.0,148.0,0.9,7.5,0.69,67.0,0.38,10.21,0.38,6.24,1.19,,,,,,,,,,,,
14.655000,80.035000,28_515_shc_2024-25.16878,North Mopuru,,,,,,,,,,,,,238.0,27.3,206.6,0.4,7.69,0.86,1.8,0.65,6.38,0.38,5.26,1.48,,,,,,,,,,,,
14.652000,80.038000,28_515_shc_2024-25.17142,North Mopuru,,,,,,,,,,,,,151.0,16.4,387.4,0.84,7.62,0.69,1.8,0.32,0.21,0.18,7.36,1.04,,,,,,,,,,,,
14.652000,80.032000,28_515_shc_2024-25.15289,North Mopuru,,,,,,,,,,,,,263.0,29.5,135.6,1.36,7.6,0.19,12.3,0.32,4.84,0.28,5.31,0.28,,,,,,,,,,,,
14.652000,80.032000,28_515_shc_2024-25.15675,North Mopuru,,,,,,,,,,,,,138.0,50.2,167.9,0.73,7.21,0.61,26.4,0.18,8.36,0.36,5.38,0.25,,,,,,,,,,,,
14.652000,80.048000,28_515_shc_2024-25.2238,North Mopuru,,,,,,,,,,,,,163.0,135.4,200.2,0.95,7.19,0.89,40.4,0.41,4.14,0.36,5.16,0.79,,,,,,,,,,,,
14.652000,80.048000,28_515_shc_2024-25.15660,North Mopuru,,,,,,,,,,,,,226.0,8.7,406.8,1.02,7.04,0.55,19.3,0.16,4.48,0.52,7.26,0.44,,,,,,,,,,,,
14.652000,80.042000,28_515_shc_2024-25.15292,North Mopuru,,,,,,,,,,,,,151.0,10.9,193.7,0.72,6.98,1.52,40.4,0.26,3.21,0.24,3.91,0.35,,,,,,,,,,,,
14.658000,80.068000,28_515_shc_2024-25.3645,Indupuru,,,,,,,,,,,,,263.0,52.4,187.3,0.64,7.57,1.86,5.3,0.38,8.38,0.28,4.21,0.41,,,,,,,,,,,,
14.658000,80.072000,28_515_shc_2023-24.6658,Indupuru,25.0,70.0,378.0,0.22,8.3,0.86,151.0,4.4,40.0,0.9,14.15,1.04,,,,,,,,,,,,,,,,,,,,,,,,
14.658000,80.098000,28_515_shc_2024-25.10613,Purini,,,,,,,,,,,,,138.0,18.6,167.9,1.48,6.94,0.49,36.9,0.38,8.14,0.36,3.91,0.73,,,,,,,,,,,,
14.665000,79.385000,28_515_shc_2024-25.15378,Ponguru,,,,,,,,,,,,,188.0,35.0,245.0,0.91,7.83,0.63,54.0,0.21,10.14,0.21,3.18,0.53,,,,,,,,,,,,
14.668000,79.388000,28_515_shc_2025-26.3665,Ponguru,,,,,,,,,,,,,,,,,,,,,,,,,176.0,38.4,133.4,0.38,8.03,0.23,52.53,0.17,2.97,0.37,1.59,0.31
14.665000,79.495000,28_515_shc_2024-25.15852,Mahimalur,,,,,,,,,,,,,138.0,5.0,258.0,1.16,8.05,1.23,44.0,0.26,0.26,0.12,1.12,0.03,,,,,,,,,,,,
14.665000,79.835000,28_515_shc_2024-25.7211,Ithampadu,,,,,,,,,,,,,151.0,3.0,206.0,0.29,7.49,0.15,88.0,0.91,14.15,0.86,2.11,0.41,,,,,,,,,,,,
14.668000,79.878000,28_515_shc_2024-25.1805,Chennuru,,,,,,,,,,,,,201.0,35.0,193.0,0.59,7.45,1.48,12.0,0.81,0.48,0.24,7.14,0.25,,,,,,,,,,,,
14.668000,79.878000,28_515_shc_2024-25.1806,Chennuru,,,,,,,,,,,,,125.0,25.0,238.0,0.67,6.49,0.44,14.0,1.18,6.84,0.187,7.21,0.03,,,,,,,,,,,,
14.668000,79.878000,28_515_shc_2024-25.1807,Chennuru,,,,,,,,,,,,,138.0,17.0,225.0,0.66,6.95,0.88,18.0,0.91,1.41,0.54,7.41,0.22,,,,,,,,,,,,
14.668000,79.878000,28_515_shc_2024-25.3498,Chennuru,,,,,,,,,,,,,188.0,35.0,206.0,0.27,6.43,0.46,23.0,0.42,1.23,0.183,1.83,0.37,,,,,,,,,,,,
14.668000,79.878000,28_515_shc_2024-25.10574,Chennuru,,,,,,,,,,,,,100.0,52.0,232.0,0.81,6.91,2.37,5.0,2.1,2.07,0.32,2.25,0.15,,,,,,,,,,,,
14.668000,79.878000,28_515_shc_2024-25.10575,Chennuru,,,,,,,,,,,,,88.0,35.0,251.0,0.29,6.41,0.72,12.0,0.42,1.87,0.83,5.53,0.63,,,,,,,,,,,,
14.668000,79.878000,28_515_shc_2024-25.10576,Chennuru,,,,,,,,,,,,,163.0,8.0,264.0,0.52,7.98,1.41,2.0,0.21,6.32,0.84,5.21,0.8,,,,,,,,,,,,
14.668000,79.878000,28_515_shc_2024-25.10577,Chennuru,,,,,,,,,,,,,188.0,1.0,245.0,0.4,7.99,0.76,2.0,0.54,1.86,0.28,4.71,0.25,,,,,,,,,,,,
14.668000,79.878000,28_515_shc_2024-25.10579,Chennuru,,,,,,,,,,,,,100.0,8.0,258.0,0.92,8.08,0.43,2.0,0.46,0.78,0.18,8.18,0.78,,,,,,,,,,,,
14.668000,79.878000,28_515_shc_2024-25.10580,Chennuru,,,,,,,,,,,,,100.0,25.0,251.0,0.55,7.58,1.47,9.0,0.71,1.84,0.48,5.86,0.56,,,,,,,,,,,,
14.668000,79.878000,28_515_shc_2024-25.10585,Chennuru,,,,,,,,,,,,,125.0,25.0,232.0,0.86,6.18,1.28,18.0,0.84,0.26,0.187,6.48,0.09,,,,,,,,,,,,
14.668000,79.878000,28_515_shc_2024-25.10586,Chennuru,,,,,,,,,,,,,113.0,43.0,193.0,1.43,8.18,0.53,30.0,1.16,0.18,0.176,3.24,0.44,,,,,,,,,,,,
14.668000,79.878000,28_515_shc_2024-25.10587,Chennuru,,,,,,,,,,,,,88.0,70.0,232.0,0.7,7.76,1.68,12.0,0.64,8.28,0.28,6.34,0.82,,,,,,,,,,,,
14.668000,79.878000,28_515_shc_2024-25.10588,Chennuru,,,,,,,,,,,,,138.0,35.0,193.0,0.23,7.31,1.92,5.0,0.38,2.71,0.64,6.41,0.59,,,,,,,,,,,,
14.668000,79.878000,28_515_shc_2024-25.10669,Chennuru,,,,,,,,,,,,,100.0,35.0,238.0,0.76,7.53,1.61,2.0,0.64,0.61,0.191,6.41,0.31,,,,,,,,,,,,
14.668000,79.878000,28_515_shc_2024-25.10670,Chennuru,,,,,,,,,,,,,201.0,43.0,200.0,1.13,7.01,0.51,12.0,2.4,0.87,0.184,7.21,0.91,,,,,,,,,,,,
14.668000,79.878000,28_515_shc_2024-25.10673,Chennuru,,,,,,,,,,,,,125.0,17.0,225.0,0.75,7.6,1.5,2.0,0.32,3.81,0.74,3.8,0.37,,,,,,,,,,,,
14.668000,79.878000,28_515_shc_2025-26.3103,Chennuru,,,,,,,,,,,,,,,,,,,,,,,,,188.0,63.0,112.4,0.27,7.54,2.06,35.02,0.22,5.1,0.25,2.1,0.38
14.668000,79.878000,28_515_shc_2025-26.9881,Chennuru,,,,,,,,,,,,,,,,,,,,,,,,,176.0,94.5,105.3,0.82,7.76,1.16,45.53,0.2,6.21,0.03,16.05,0.15
14.662000,79.882000,28_515_shc_2024-25.2360,Chennuru,,,,,,,,,,,,,138.0,51.0,206.0,0.81,7.48,0.73,44.0,0.68,5.18,0.31,2.16,0.85,,,,,,,,,,,,
14.662000,79.882000,28_515_shc_2024-25.2362,Chennuru,,,,,,,,,,,,,75.0,62.0,180.0,1.43,8.0,0.45,5.0,0.74,3.28,0.36,3.28,0.18,,,,,,,,,,,,
14.662000,79.882000,28_515_shc_2024-25.2421,Chennuru,,,,,,,,,,,,,63.0,52.0,193.0,1.43,8.06,1.38,9.0,0.25,7.57,0.77,8.86,0.63,,,,,,,,,,,,
14.662000,79.882000,28_515_shc_2024-25.15409,Chennuru,,,,,,,,,,,,,125.0,17.0,251.0,0.86,8.05,1.34,5.0,0.29,1.67,0.42,4.63,0.28,,,,,,,,,,,,
14.662000,79.882000,28_515_shc_2024-25.15426,Chennuru,,,,,,,,,,,,,151.0,25.0,245.0,0.59,7.89,3.15,2.0,0.61,6.34,0.21,3.18,0.47,,,,,,,,,,,,
14.662000,79.882000,28_515_shc_2024-25.15427,Chennuru,,,,,,,,,,,,,125.0,8.0,264.0,0.77,7.43,0.41,11.0,0.62,6.48,0.41,6.38,0.53,,,,,,,,,,,,
14.662000,79.882000,28_515_shc_2024-25.15469,Chennuru,,,,,,,,,,,,,88.0,35.0,200.0,0.67,7.14,0.34,9.0,0.54,2.51,0.38,3.26,0.37,,,,,,,,,,,,
14.662000,79.882000,28_515_shc_2024-25.15501,Chennuru,,,,,,,,,,,,,88.0,17.0,277.0,0.92,8.14,0.44,2.0,0.81,4.9,1.32,8.238,0.44,,,,,,,,,,,,
14.662000,79.882000,28_515_shc_2024-25.15569,Chennuru,,,,,,,,,,,,,100.0,52.0,219.0,0.92,7.34,0.62,2.0,0.58,3.18,0.176,2.28,0.18,,,,,,,,,,,,
14.662000,79.882000,28_515_shc_2024-25.15570,Chennuru,,,,,,,,,,,,,176.0,62.0,251.0,0.76,8.09,1.76,2.0,0.42,4.56,0.028,2.25,0.31,,,,,,,,,,,,
14.662000,79.882000,28_515_shc_2024-25.15613,Chennuru,,,,,,,,,,,,,113.0,25.0,277.0,1.02,7.79,0.97,5.0,0.688,8.68,1.092,3.06,0.75,,,,,,,,,,,,
14.662000,79.882000,28_515_shc_2024-25.15617,Chennuru,,,,,,,,,,,,,151.0,5.0,225.0,0.4,7.68,0.18,11.0,0.51,6.41,0.16,3.64,0.34,,,,,,,,,,,,
14.662000,79.882000,28_515_shc_2024-25.16656,Chennuru,,,,,,,,,,,,,176.0,17.0,238.0,0.98,8.22,0.49,14.0,0.18,3.84,0.24,8.18,0.34,,,,,,,,,,,,
14.662000,79.882000,28_515_shc_2024-25.16676,Chennuru,,,,,,,,,,,,,151.0,70.0,180.0,0.29,7.71,1.45,9.0,0.56,5.21,0.14,7.26,0.59,,,,,,,,,,,,
14.662000,79.882000,28_515_shc_2024-25.18118,Chennuru,,,,,,,,,,,,,151.0,35.0,180.0,0.98,7.83,0.59,2.0,0.41,3.86,0.198,4.36,0.03,,,,,,,,,,,,
14.662000,79.882000,28_515_shc_2024-25.18126,Chennuru,,,,,,,,,,,,,138.0,25.0,206.0,0.67,7.92,2.24,14.0,0.36,2.38,0.012,3.81,0.09,,,,,,,,,,,,
14.662000,79.882000,28_515_shc_2025-26.1151,Chennuru,,,,,,,,,,,,,,,,,,,,,,,,,13.0,39.17,142.04,0.3,7.4,1.11,42.03,0.26,3.86,0.14,1.36,0.25
14.662000,79.882000,28_515_shc_2025-26.4062,Chennuru,,,,,,,,,,,,,,,,,,,,,,,,,163.0,92.9,91.3,0.55,7.43,0.57,21.01,0.11,5.84,0.02,11.79,0.25
14.662000,79.882000,28_515_shc_2025-26.4075,Chennuru,,,,,,,,,,,,,,,,,,,,,,,,,138.0,43.01,168.6,0.75,7.36,1.13,17.51,0.16,2.98,0.18,1.25,0.31
14.662000,79.882000,28_515_shc_2025-26.4076,Chennuru,,,,,,,,,,,,,,,,,,,,,,,,,25.0,99.8,112.4,0.21,7.21,1.39,17.51,0.25,4.97,0.28,2.1,0.5
14.662000,79.882000,28_515_shc_2025-26.4082,Chennuru,,,,,,,,,,,,,,,,,,,,,,,,,151.0,83.7,147.5,0.17,7.29,0.92,35.02,0.12,4.33,0.11,1.38,0.06
14.662000,79.882000,28_515_shc_2025-26.4086,Chennuru,,,,,,,,,,,,,,,,,,,,,,,,,75.0,28.4,154.5,0.51,7.44,1.27,21.01,0.08,5.1,0.36,2.89,0.13
14.662000,79.882000,28_515_shc_2025-26.6773,Chennuru,,,,,,,,,,,,,,,,,,,,,,,,,188.0,123.6,154.5,0.64,7.89,1.22,17.51,0.17,2.86,0.36,1.17,0.38
14.662000,79.898000,28_515_shc_2024-25.18095,Katrayapadu,,,,,,,,,,,,,88.0,17.0,193.0,0.55,8.06,2.65,5.0,0.78,8.26,0.64,10.18,0.47,,,,,,,,,,,,
14.662000,79.898000,28_515_shc_2025-26.3283,Katrayapadu,,,,,,,,,,,,,,,,,,,,,,,,,188.0,109.2,35.1,0.42,6.99,0.37,21.01,0.13,1.67,0.16,0.98,0.44
14.668000,79.912000,28_515_shc_2024-25.21462,Dagadarthi,,,,,,,,,,,,,138.0,35.0,560.0,0.4,8.75,0.48,88.0,0.54,6.38,0.21,9.28,0.12,,,,,,,,,,,,
14.665000,79.915000,28_515_shc_2024-25.216,Dagadarthi,,,,,,,,,,,,,163.0,100.0,644.0,0.27,7.56,0.81,67.0,0.19,7.3,0.94,5.79,0.18,,,,,,,,,,,,
14.668000,79.922000,28_515_shc_2024-25.20666,Dagadarthi,,,,,,,,,,,,,88.0,19.0,161.0,1.25,7.16,0.3,12.0,0.13,4.27,0.39,2.67,0.63,,,,,,,,,,,,
14.662000,80.008000,28_515_shc_2024-25.3273,Batrakagollu,,,,,,,,,,,,,100.0,137.6,290.6,0.31,6.83,0.19,12.3,0.28,4.36,0.21,4.16,0.25,,,,,,,,,,,,
14.662000,80.008000,28_515_shc_2024-25.17006,Batrakagollu,,,,,,,,,,,,,151.0,25.1,109.8,0.91,5.84,0.38,36.9,0.24,4.38,0.38,3.88,0.16,,,,,,,,,,,,
14.662000,80.022000,28_515_shc_2023-24.5186,North Mopuru,364.0,4.0,39.0,0.61,6.3,0.3,57.0,0.62,32.6,1.34,1.45,0.08,,,,,,,,,,,,,,,,,,,,,,,,
14.662000,80.058000,28_515_shc_2024-25.10628,Indupuru,,,,,,,,,,,,,176.0,85.2,226.0,0.62,7.44,0.17,21.1,0.34,4.38,0.16,9.73,0.28,,,,,,,,,,,,
14.665000,80.065000,28_515_shc_2024-25.14187,Indupuru,,,,,,,,,,,,,251.0,27.3,232.5,0.46,7.83,0.1,31.6,0.18,5.14,0.21,7.38,0.47,,,,,,,,,,,,
14.662000,80.068000,28_515_shc_2024-25.14986,Indupuru,,,,,,,,,,,,,201.0,27.3,264.7,0.77,7.98,0.84,46.4,0.38,12.68,0.24,9.18,0.09,,,,,,,,,,,,
14.662000,80.062000,28_515_shc_2024-25.10053,Indupuru,,,,,,,,,,,,,63.0,33.8,219.5,0.51,7.49,1.7,17.6,0.14,6.26,0.36,3.87,0.44,,,,,,,,,,,,
14.665000,80.085000,28_515_shc_2024-25.10059,Purini,,,,,,,,,,,,,75.0,137.6,193.7,0.49,5.25,0.45,40.4,0.18,4.81,0.36,6.44,0.13,,,,,,,,,,,,
14.662000,80.098000,28_515_shc_2024-25.14113,Gogulapalle,,,,,,,,,,,,,201.0,21.7,142.1,0.31,7.4,0.1,17.6,0.14,3.62,0.16,7.21,0.13,,,,,,,,,,,,
14.678000,79.558000,28_515_shc_2023-24.6193,Chiruvella Khandrika,201.0,16.0,202.0,0.54,8.2,0.4,64.0,0.3,3.98,0.1,0.86,0.57,,,,,,,,,,,,,,,,,,,,,,,,
14.678000,79.562000,28_515_shc_2024-25.18515,Chiruvella Khandrika,,,,,,,,,,,,,125.0,1.0,148.0,0.26,7.93,2.47,166.0,0.67,2.47,0.21,0.26,1.69,,,,,,,,,,,,
14.672000,79.628000,28_515_shc_2025-26.482,Ponugodu,,,,,,,,,,,,,,,,,,,,,,,,,276.0,18.4,86.9,0.16,8.25,1.29,45.53,0.58,3.19,0.26,2.37,0.47
14.678000,79.752000,28_515_shc_2023-24.5194,Neelayapalem,125.0,34.0,111.0,0.48,8.1,0.6,31.0,0.661,18.4,0.09,1.9,0.19,,,,,,,,,,,,,,,,,,,,,,,,
14.672000,79.892000,28_515_shc_2023-24.7229,Chennuru,163.0,1.0,117.0,0.45,8.3,0.6,78.0,0.73,6.13,0.38,2.42,0.15,,,,,,,,,,,,,,,,,,,,,,,,
14.672000,80.018000,28_515_shc_2024-25.16639,Graddagunta,,,,,,,,,,,,,163.0,67.7,77.5,0.68,5.93,0.63,17.6,0.58,7.24,0.38,4.36,0.54,,,,,,,,,,,,
14.672000,80.018000,28_515_shc_2024-25.17137,Batrakagollu,,,,,,,,,,,,,75.0,163.8,219.5,1.21,6.95,1.5,33.4,0.28,6.34,0.36,4.18,0.22,,,,,,,,,,,,
14.672000,80.012000,28_515_shc_2024-25.16833,Batrakagollu,,,,,,,,,,,,,100.0,18.6,129.1,0.11,6.4,0.31,5.3,0.48,6.21,0.26,4.31,0.44,,,,,,,,,,,,
14.672000,80.022000,28_515_shc_2023-24.4905,Graddagunta,163.0,27.0,59.0,0.5,7.0,0.4,45.0,0.37,34.5,2.68,6.83,0.3,,,,,,,,,,,,,,,,,,,,,,,,
14.672000,80.022000,28_515_shc_2023-24.6711,Batrakagollu,201.0,11.0,72.0,0.5,6.3,0.6,40.0,1.62,75.2,2.42,7.46,0.34,,,,,,,,,,,,,,,,,,,,,,,,
14.675000,80.025000,28_515_shc_2024-25.15456,Graddagunta,,,,,,,,,,,,,201.0,163.8,64.6,0.43,7.17,0.53,36.9,0.24,6.28,0.14,4.36,0.09,,,,,,,,,,,,
14.675000,80.025000,28_515_shc_2024-25.15458,Graddagunta,,,,,,,,,,,,,125.0,154.0,219.5,0.3,6.87,0.97,47.4,0.18,4.21,0.34,5.38,0.28,,,,,,,,,,,,
14.672000,80.022000,28_515_shc_2024-25.2395,Graddagunta,,,,,,,,,,,,,88.0,36.0,103.3,0.35,6.76,0.6,33.4,0.38,4.16,0.3,2.38,0.57,,,,,,,,,,,,
14.678000,80.052000,28_515_shc_2024-25.14692,Allur,,,,,,,,,,,,,125.0,84.1,348.7,0.78,7.32,0.31,121.2,0.18,7.16,0.36,4.48,0.2,,,,,,,,,,,,
14.678000,80.052000,28_515_shc_2024-25.14860,Allur,,,,,,,,,,,,,263.0,17.5,64.6,0.49,7.34,0.69,42.2,0.14,7.14,0.44,6.12,0.28,,,,,,,,,,,,
14.678000,80.102000,28_515_shc_2023-24.4933,Gogulapalle,125.0,110.0,104.0,0.31,6.8,1.7,45.0,0.53,15.8,1.99,7.14,0.34,,,,,,,,,,,,,,,,,,,,,,,,
14.675000,80.105000,28_515_shc_2024-25.1280,Varini,,,,,,,,,,,,,226.0,50.2,329.3,0.33,7.94,0.17,35.1,0.37,17.53,0.31,5.56,0.54,,,,,,,,,,,,
14.675000,80.105000,28_515_shc_2024-25.1393,Varini,,,,,,,,,,,,,88.0,66.6,413.3,0.28,6.91,0.17,8.8,0.68,14.12,0.24,6.38,0.38,,,,,,,,,,,,
14.675000,80.105000,28_515_shc_2024-25.7376,Gogulapalle,,,,,,,,,,,,,201.0,147.4,167.9,0.91,7.29,0.12,33.4,0.28,10.14,0.24,7.16,0.41,,,,,,,,,,,,
14.675000,80.105000,28_515_shc_2024-25.7760,Varini,,,,,,,,,,,,,88.0,63.3,316.4,0.52,7.84,0.1,29.9,0.48,5.18,0.24,3.38,0.79,,,,,,,,,,,,
14.678000,80.112000,28_515_shc_2024-25.10366,Gogulapalle,,,,,,,,,,,,,176.0,8.7,116.2,0.23,7.63,0.1,22.8,0.48,3.36,0.41,8.31,0.41,,,,,,,,,,,,
14.675000,80.115000,28_515_shc_2024-25.10152,Gogulapalle,,,,,,,,,,,,,138.0,6.6,322.9,1.28,7.41,0.1,51.0,0.36,4.32,0.14,4.12,0.38,,,,,,,,,,,,
14.685000,79.445000,28_515_shc_2023-24.5057,Nandavaram,63.0,23.0,39.0,0.28,8.4,0.2,24.0,3.23,1.29,0.04,1.6,0.46,,,,,,,,,,,,,,,,,,,,,,,,
14.682000,79.508000,28_515_shc_2023-24.5848,Dharmarao Cheruvupalle,163.0,36.0,234.0,0.58,7.9,2.4,12.0,0.32,2.8,0.42,0.71,0.27,,,,,,,,,,,,,,,,,,,,,,,,
14.685000,79.515000,28_515_shc_2023-24.6415,Dharmarao Cheruvupalle,226.0,9.0,247.0,0.12,8.2,1.6,28.0,0.03,1.58,0.04,2.4,0.19,,,,,,,,,,,,,,,,,,,,,,,,
14.682000,79.552000,28_515_shc_2023-24.6351,Karatampadu,113.0,11.0,130.0,0.28,7.4,0.4,19.0,0.31,6.14,0.08,0.98,0.51,,,,,,,,,,,,,,,,,,,,,,,,
14.682000,79.592000,28_515_shc_2024-25.20458,Pamidipadu,,,,,,,,,,,,,125.0,164.0,155.0,0.68,7.84,0.37,54.0,0.29,8.51,0.68,1.76,0.25,,,,,,,,,,,,
14.682000,79.668000,28_515_shc_2023-24.5382,Anumasamudrampeta,113.0,50.0,111.0,0.28,6.5,0.1,45.0,0.46,4.6,0.32,12.3,0.48,,,,,,,,,,,,,,,,,,,,,,,,
14.688000,79.702000,28_515_shc_2023-24.5272,Chandulurupadu,188.0,6.0,72.0,0.61,7.7,2.5,2.0,0.09,7.4,0.04,6.2,0.3,,,,,,,,,,,,,,,,,,,,,,,,
14.682000,79.732000,28_515_shc_2023-24.7065,Chiramana,226.0,20.0,98.0,0.77,8.0,1.7,9.0,0.34,10.41,0.71,6.4,0.27,,,,,,,,,,,,,,,,,,,,,,,,
14.682000,79.738000,28_515_shc_2024-25.1023,Chiramana,,,,,,,,,,,,,100.0,25.1,213.1,0.23,9.05,0.43,26.4,0.02,6.62,0.42,42.74,0.53,,,,,,,,,,,,
14.682000,79.738000,28_515_shc_2024-25.1024,Chiramana,,,,,,,,,,,,,100.0,127.8,161.4,0.2,8.58,0.1,40.4,0.41,6.38,0.52,38.26,0.66,,,,,,,,,,,,
14.682000,79.738000,28_515_shc_2024-25.8515,Chiramana,,,,,,,,,,,,,151.0,52.4,187.3,0.53,8.7,0.41,49.2,0.36,10.18,0.61,38.21,0.88,,,,,,,,,,,,
14.682000,79.732000,28_515_shc_2025-26.5090,Chiramana,,,,,,,,,,,,,,,,,,,,,,,,,251.0,25.3,341.4,0.17,8.34,0.75,154.1,0.37,4.97,0.22,2.01,0.66
14.688000,79.888000,28_515_shc_2024-25.13931,Katrayapadu,,,,,,,,,,,,,88.0,19.0,277.0,0.52,7.82,0.44,81.0,1.94,7.04,1.31,19.3,1.0,,,,,,,,,,,,
14.688000,79.912000,28_515_shc_2024-25.182,Dagadarthi,,,,,,,,,,,,,163.0,19.0,187.0,1.1,7.11,0.62,33.0,0.71,8.16,0.16,8.31,0.28,,,,,,,,,,,,
14.688000,79.912000,28_515_shc_2024-25.6196,Dagadarthi,,,,,,,,,,,,,138.0,1.0,457.0,0.77,7.18,0.61,88.0,0.63,8.38,0.38,6.18,0.53,176.0,69.9,329.0,0.23,7.38,0.51,52.53,0.41,3.2,0.28,2.98,1.95
14.688000,79.912000,28_515_shc_2024-25.6324,Dagadarthi,,,,,,,,,,,,,138.0,100.0,644.0,0.45,8.56,0.88,96.0,0.76,7.09,0.97,3.24,0.44,,,,,,,,,,,,
14.682000,79.912000,28_515_shc_2025-26.1055,Velupodu,,,,,,,,,,,,,,,,,,,,,,,,,151.0,12.3,224.7,0.75,7.36,0.4,17.51,0.29,5.14,0.38,2.15,0.66
14.682000,79.912000,28_515_shc_2025-26.1056,Velupodu,,,,,,,,,,,,,,,,,,,,,,,,,213.0,10.0,323.1,0.55,7.06,0.39,35.02,0.54,6.13,0.26,3.88,0.75
14.682000,79.912000,28_515_shc_2025-26.3318,Velupodu,,,,,,,,,,,,,,,,,,,,,,,,,100.0,26.1,498.6,0.64,8.6,4.3,35.02,0.31,2.49,0.06,2.09,0.57
14.682000,79.912000,28_515_shc_2025-26.3621,Velupodu,,,,,,,,,,,,,,,,,,,,,,,,,75.0,30.7,295.0,0.82,7.44,0.36,143.59,0.29,5.1,0.33,1.36,0.44
14.682000,79.912000,28_515_shc_2025-26.3634,Velupodu,,,,,,,,,,,,,,,,,,,,,,,,,151.0,17.7,435.4,0.68,8.55,3.7,129.59,0.14,4.93,0.29,2.19,0.5
14.682000,79.978000,28_515_shc_2024-25.6735,Kothapalle Kowrugunta,75.0,22.0,130.0,0.42,7.1,0.1,35.0,0.38,6.38,0.41,7.16,0.04,125.0,99.4,55.3,0.27,7.44,0.53,36.9,0.38,5.38,0.24,5.38,0.82,,,,,,,,,,,,
14.682000,79.978000,28_515_shc_2024-25.6772,Kothapalle Kowrugunta,,,,,,,,,,,,,113.0,79.7,510.1,0.86,6.6,1.09,5.3,0.42,7.24,0.18,8.26,0.22,,,,,,,,,,,,
14.688000,79.982000,28_515_shc_2024-25.181,Kothapalle Kowrugunta,,,,,,,,,,,,,100.0,17.5,406.8,0.76,7.18,0.26,5.3,0.26,6.26,0.36,9.14,0.31,,,,,,,,,,,,
14.688000,79.982000,28_515_shc_2024-25.6266,Kothapalle Kowrugunta,,,,,,,,,,,,,125.0,164.0,458.5,0.68,7.12,0.28,161.7,0.38,6.84,0.28,7.16,0.34,,,,,,,,,,,,
14.688000,79.982000,28_515_shc_2024-25.6305,Kothapalle Kowrugunta,,,,,,,,,,,,,125.0,164.0,458.5,0.68,7.12,0.28,161.7,0.38,6.84,0.28,7.16,0.34,,,,,,,,,,,,
14.688000,80.052000,28_515_shc_2023-24.7400,Allurupeta,100.0,56.0,149.0,0.78,5.9,0.31,12.0,0.4,4.47,1.2,9.4,0.63,,,,,,,,,,,,,,,,,,,,,,,,
14.688000,80.052000,28_515_shc_2023-24.7411,Allurupeta,113.0,31.0,383.0,0.67,8.4,0.46,108.0,1.8,5.36,0.5,31.0,0.54,,,,,,,,,,,,,,,,,,,,,,,,
14.682000,80.052000,28_515_shc_2024-25.14630,Allur,,,,,,,,,,,,,176.0,36.0,64.6,0.11,7.38,1.72,33.4,0.38,3.24,0.63,8.14,0.41,,,,,,,,,,,,
14.688000,80.078000,28_515_shc_2024-25.14355,Allur,,,,,,,,,,,,,113.0,86.3,77.5,0.13,6.89,0.16,31.6,0.41,5.16,0.62,5.16,0.35,,,,,,,,,,,,
14.682000,80.082000,28_515_shc_2023-24.4958,Allur,151.0,26.0,78.0,0.4,7.3,0.6,42.0,0.3,9.4,0.82,2.92,0.08,,,,,,,,,,,,,,,,,,,,,,,,
14.685000,80.085000,28_515_shc_2024-25.10235,Allur,,,,,,,,,,,,,188.0,93.9,251.8,0.54,7.56,1.65,156.4,0.26,7.38,0.36,6.21,0.22,,,,,,,,,,,,
14.685000,80.085000,28_515_shc_2024-25.13976,Allur,,,,,,,,,,,,,151.0,93.9,77.5,0.38,7.59,1.28,31.6,0.38,6.16,0.42,6.21,0.44,,,,,,,,,,,,
14.685000,80.095000,28_515_shc_2023-24.7490,Gogulapalle,51.0,64.0,111.0,0.48,7.0,2.0,42.0,1.8,13.8,2.2,6.74,0.34,,,,,,,,,,,,,,,,,,,,,,,,
14.682000,80.098000,28_515_shc_2024-25.10103,Gogulapalle,,,,,,,,,,,,,263.0,6.6,329.3,0.8,7.48,0.14,14.1,0.32,7.28,0.41,4.68,0.44,,,,,,,,,,,,
14.688000,80.098000,28_515_shc_2024-25.18030,Gogulapalle,,,,,,,,,,,,,138.0,36.0,187.3,0.08,7.61,0.12,47.4,0.81,7.38,0.44,3.26,1.61,,,,,,,,,,,,
14.695000,79.465000,28_515_shc_2025-26.6453,Nandavaram,,,,,,,,,,,,,,,,,,,,,,,,,201.0,8.4,147.5,0.44,7.25,0.26,17.51,0.36,2.08,0.22,1.08,0.5
14.698000,79.468000,28_515_shc_2025-26.8156,Nandavaram,,,,,,,,,,,,,,,,,,,,,,,,,289.0,24.6,217.7,1.02,7.05,0.19,45.53,0.07,2.71,0.05,1.39,0.06
14.698000,79.472000,28_515_shc_2024-25.7441,Nandavaram,,,,,,,,,,,,,201.0,129.0,213.0,1.06,8.09,0.1,176.0,0.32,18.21,0.41,8.41,0.91,,,,,,,,,,,,
14.698000,79.588000,28_515_shc_2024-25.7726,Nabbinagaram,,,,,,,,,,,,,163.0,147.0,122.0,0.54,7.02,0.52,118.0,0.23,5.72,0.52,1.97,1.41,,,,,,,,,,,,
14.695000,79.605000,28_515_shc_2023-24.6272,Nabbinagaram,88.0,8.0,221.0,0.4,8.7,0.7,68.0,0.71,6.49,0.72,1.86,0.3,,,,,,,,,,,,,,,,,,,,,,,,
14.692000,79.678000,28_515_shc_2024-25.2561,Anumasamudrampeta,,,,,,,,,,,,,201.0,34.9,206.6,0.65,8.27,0.1,1.8,0.37,18.6,0.178,13.17,1.45,,,,,,,,,,,,
14.692000,79.678000,28_515_shc_2024-25.2562,Anumasamudrampeta,,,,,,,,,,,,,276.0,52.4,432.6,0.61,8.57,0.1,5.3,0.34,14.37,0.14,38.16,0.47,,,,,,,,,,,,
14.692000,79.678000,28_515_shc_2024-25.12612,Anumasamudrampeta,,,,,,,,,,,,,213.0,17.5,193.7,0.29,7.61,0.1,21.1,0.37,20.94,0.91,41.76,0.25,,,,,,,,,,,,
14.692000,79.678000,28_515_shc_2024-25.12652,Anumasamudrampeta,,,,,,,,,,,,,88.0,25.1,161.4,0.25,8.38,0.1,19.3,0.41,8.19,0.26,20.14,0.03,,,,,,,,,,,,
14.692000,79.678000,28_515_shc_2024-25.12839,Anumasamudrampeta,,,,,,,,,,,,,125.0,17.5,116.2,0.16,8.34,0.1,51.0,0.41,10.18,0.14,18.26,0.41,,,,,,,,,,,,
14.698000,79.722000,28_515_shc_2025-26.4983,Chiramana,88.0,52.0,228.0,0.78,7.8,0.4,73.0,0.62,15.4,0.4,10.9,0.23,,,,,,,,,,,,,113.0,24.6,577.3,0.46,6.18,0.46,168.11,0.15,4.19,0.28,1.97,0.88
14.692000,79.782000,28_515_shc_2025-26.10337,Zuvvalaguntapalle,,,,,,,,,,,,,,,,,,,,,,,,,63.0,17.7,180.0,0.18,8.3,0.69,154.1,0.29,4.91,0.18,1.25,0.19
14.692000,79.822000,28_515_shc_2024-25.3683,Dundigam,,,,,,,,,,,,,88.0,8.0,167.0,1.13,7.67,0.13,19.0,0.81,24.76,1.03,10.31,0.41,,,,,,,,,,,,
14.692000,79.908000,28_515_shc_2025-26.968,Velupodu,,,,,,,,,,,,,,,,,,,,,,,,,213.0,27.6,105.3,0.98,6.81,0.19,115.58,0.54,6.1,0.38,2.36,0.06
14.692000,79.988000,28_515_shc_2023-24.5743,Kothapalle Kowrugunta,176.0,21.0,72.0,0.46,7.0,0.5,19.0,0.02,22.8,0.95,4.0,0.27,,,,,,,,,,,,,,,,,,,,,,,,
14.692000,79.988000,28_515_shc_2023-24.5924,Damavaram,113.0,6.0,46.0,0.06,7.2,0.4,28.0,0.14,12.3,0.92,6.4,0.11,,,,,,,,,,,,,,,,,,,,,,,,
14.698000,80.002000,28_515_shc_2025-26.1154,Kothapalle Kowrugunta,,,,,,,,,,,,,,,,,,,,,,,,,151.0,11.5,77.3,0.78,7.78,0.47,42.03,0.38,6.1,0.24,3.1,0.06
14.698000,80.002000,28_515_shc_2025-26.1155,Kothapalle Kowrugunta,,,,,,,,,,,,,,,,,,,,,,,,,213.0,5.4,126.4,0.39,7.73,0.5,28.02,0.29,5.1,0.14,2.93,0.38
14.698000,80.002000,28_515_shc_2025-26.1156,Kothapalle Kowrugunta,,,,,,,,,,,,,,,,,,,,,,,,,151.0,20.0,98.3,1.01,7.73,0.5,92.03,0.1,6.36,0.26,2.16,0.31
14.698000,80.002000,28_515_shc_2025-26.3885,Kothapalle Kowrugunta,,,,,,,,,,,,,,,,,,,,,,,,,163.0,3.8,182.6,1.02,7.78,0.41,73.55,0.14,5.87,0.17,2.37,0.19
14.698000,80.002000,28_515_shc_2025-26.4073,Kothapalle Kowrugunta,,,,,,,,,,,,,,,,,,,,,,,,,163.0,17.7,126.4,0.61,7.73,0.39,35.02,0.27,3.1,0.34,2.14,0.13
14.698000,80.002000,28_515_shc_2025-26.4080,Kothapalle Kowrugunta,,,,,,,,,,,,,,,,,,,,,,,,,188.0,2.3,126.4,0.79,7.78,0.48,17.51,0.41,7.37,0.11,2.83,0.25
14.698000,80.002000,28_515_shc_2025-26.4083,Kothapalle Kowrugunta,,,,,,,,,,,,,,,,,,,,,,,,,201.0,59.9,19.4,0.84,7.7,0.57,21.01,0.33,3.86,0.38,1.75,0.31
14.698000,80.002000,28_515_shc_2025-26.4114,Kothapalle Kowrugunta,,,,,,,,,,,,,,,,,,,,,,,,,50.0,13.8,140.5,0.4,7.74,0.47,10.51,0.28,4.97,0.17,2.71,0.44
14.698000,80.002000,28_515_shc_2025-26.4117,Kothapalle Kowrugunta,,,,,,,,,,,,,,,,,,,,,,,,,151.0,30.0,133.4,0.37,7.74,0.42,10.51,0.35,4.32,0.34,2.63,0.28
14.698000,80.002000,28_515_shc_2025-26.4122,Kothapalle Kowrugunta,,,,,,,,,,,,,,,,,,,,,,,,,38.0,8.4,105.3,0.34,7.76,0.52,21.01,0.17,2.85,0.38,1.93,0.25
14.698000,80.002000,28_515_shc_2025-26.8085,Kothapalle Kowrugunta,,,,,,,,,,,,,,,,,,,,,,,,,100.0,15.4,147.5,0.48,7.6,0.82,17.51,0.17,3.87,0.19,1.97,0.25
14.698000,80.002000,28_515_shc_2025-26.8086,Kothapalle Kowrugunta,,,,,,,,,,,,,,,,,,,,,,,,,50.0,14.6,91.3,0.61,7.66,0.74,10.51,0.22,6.37,0.44,4.55,0.09
14.698000,80.022000,28_515_shc_2024-25.302,Allurupeta,,,,,,,,,,,,,201.0,12.0,348.7,0.48,7.02,0.31,17.6,0.41,7.14,0.21,6.21,0.54,,,,,,,,,,,,
14.698000,80.022000,28_515_shc_2024-25.6656,Singapeta,,,,,,,,,,,,,263.0,21.8,445.5,0.08,7.12,0.56,40.4,0.44,7.12,0.81,5.88,0.54,,,,,,,,,,,,
14.698000,80.022000,28_515_shc_2024-25.6734,Singapeta,176.0,16.0,221.0,0.22,8.3,0.38,28.0,0.36,5.26,0.31,6.41,0.76,100.0,27.3,122.7,0.2,7.27,0.68,1.8,0.39,7.88,0.58,6.24,0.47,,,,,,,,,,,,
14.698000,80.022000,28_515_shc_2024-25.6946,Singapeta,,,,,,,,,,,,,100.0,38.2,122.7,0.3,7.18,1.44,33.4,0.41,4.32,0.31,7.28,0.54,,,,,,,,,,,,
14.698000,80.022000,28_515_shc_2024-25.6992,Singapeta,,,,,,,,,,,,,176.0,87.4,129.1,0.38,7.07,0.21,5.3,0.36,12.98,0.28,8.38,0.25,,,,,,,,,,,,
14.698000,80.022000,28_515_shc_2024-25.15699,Singapeta,,,,,,,,,,,,,113.0,18.6,122.7,0.49,6.92,0.26,47.4,0.45,7.21,0.26,5.38,0.44,,,,,,,,,,,,
14.698000,80.052000,28_515_shc_2024-25.6087,Allurupeta,,,,,,,,,,,,,151.0,86.3,58.1,0.51,6.77,0.1,35.1,0.36,5.14,0.42,7.48,0.22,,,,,,,,,,,,
14.695000,80.085000,28_515_shc_2024-25.14022,Allur,,,,,,,,,,,,,226.0,40.4,83.9,0.08,8.26,1.03,42.2,0.32,9.36,0.24,4.94,0.35,,,,,,,,,,,,
14.708000,79.478000,28_515_shc_2025-26.6423,Nandavaram,,,,,,,,,,,,,,,,,,,,,,,,,314.0,54.53,133.4,0.24,8.11,0.42,10.51,0.16,5.27,0.03,0.88,2.14
14.705000,79.505000,28_515_shc_2023-24.6725,Padakandla,100.0,109.0,650.0,0.82,7.8,2.1,233.0,0.01,9.75,0.44,11.2,0.71,,,,,,,,,,,,,,,,,,,,,,,,
14.708000,79.538000,28_515_shc_2024-25.18602,Aravedu,,,,,,,,,,,,,125.0,164.0,161.0,0.27,6.96,0.1,26.0,0.29,8.51,0.68,1.76,0.25,,,,,,,,,,,,
14.708000,79.692000,28_515_shc_2025-26.1887,Kakarlapadu,,,,,,,,,,,,,,,,,,,,,,,,,213.0,10.8,136.6,0.14,9.45,2.2,42.03,0.16,9.15,0.3,4.1,0.66
14.702000,79.732000,28_515_shc_2025-26.1772,Chiramana,,,,,,,,,,,,,,,,,,,,,,,,,276.0,16.1,384.9,0.13,8.25,0.15,168.11,0.14,6.36,0.36,2.15,1.13
14.702000,79.778000,28_515_shc_2025-26.10958,Kunalammapadu,,,,,,,,,,,,,,,,,,,,,,,,,100.0,14.6,602.1,0.19,8.18,0.21,161.11,0.45,3.89,0.25,1.11,0.88
14.705000,79.785000,28_515_shc_2025-26.10963,Kunalammapadu,,,,,,,,,,,,,,,,,,,,,,,,,176.0,14.6,620.7,0.06,8.11,0.24,241.66,0.19,4.36,0.33,1.36,0.38
14.702000,79.788000,28_515_shc_2025-26.10919,Kunalammapadu,,,,,,,,,,,,,,,,,,,,,,,,,188.0,10.8,620.7,0.08,8.24,0.16,224.15,0.59,10.38,0.36,2.15,2.04
14.708000,79.842000,28_515_shc_2024-25.2201,Manubolupadu,,,,,,,,,,,,,163.0,138.0,148.0,0.13,8.1,0.24,26.0,0.53,7.69,1.9,8.31,0.03,,,,,,,,,,,,
14.708000,79.842000,28_515_shc_2024-25.14625,Manubolupadu,,,,,,,,,,,,,125.0,25.0,180.0,0.35,7.83,0.42,40.0,0.58,6.38,3.61,6.38,0.47,,,,,,,,,,,,
14.708000,79.842000,28_515_shc_2025-26.9013,Manubolupadu,,,,,,,,,,,,,,,,,,,,,,,,,163.0,15.4,118.4,0.45,5.7,0.1,59.54,0.17,11.15,0.29,6.1,0.44
14.708000,79.842000,28_515_shc_2025-26.9080,Manubolupadu,,,,,,,,,,,,,,,,,,,,,,,,,163.0,3.8,18.86,0.25,5.6,0.2,15.58,0.31,4.97,0.24,2.1,0.67
14.705000,79.865000,28_515_shc_2024-25.10655,Katrayapadu,,,,,,,,,,,,,63.0,164.0,187.0,0.13,8.41,0.66,51.0,0.84,6.31,0.38,7.26,0.09,,,,,,,,,,,,
14.705000,79.865000,28_515_shc_2024-25.10682,Katrayapadu,,,,,,,,,,,,,138.0,35.0,245.0,1.73,8.35,0.53,109.0,1.67,4.24,1.12,12.57,0.56,75.0,29.95,35.1,0.49,7.43,0.56,42.03,0.28,6.14,0.28,6.21,0.51
14.705000,79.865000,28_515_shc_2025-26.3517,Katrayapadu,,,,,,,,,,,,,,,,,,,,,,,,,213.0,41.47,70.2,0.74,6.99,0.26,21.01,0.01,2.01,0.3,2.75,0.19
14.702000,79.872000,28_515_shc_2023-24.4962,Lingalapadu,63.0,108.0,149.0,0.78,7.2,0.3,52.0,1.58,7.16,0.46,6.4,2.8,,,,,,,,,,,,,,,,,,,,,,,,
14.702000,79.872000,28_515_shc_2023-24.6255,Katrayapadu,151.0,27.0,91.0,0.13,6.7,1.4,50.0,0.628,12.4,0.664,0.5,0.08,,,,,,,,,,,,,,,,,,,,,,,,
14.708000,79.888000,28_515_shc_2025-26.11025,Katrayapadu,,,,,,,,,,,,,,,,,,,,,,,,,113.0,10.8,70.2,0.48,7.7,0.42,17.51,0.08,1.0,0.21,1.2,0.38
14.708000,79.968000,28_515_shc_2025-26.6607,Damavaram,,,,,,,,,,,,,,,,,,,,,,,,,201.0,16.1,154.5,0.48,7.8,0.53,17.51,0.37,4.97,0.14,2.1,0.25
14.708000,79.968000,28_515_shc_2025-26.6720,Damavaram,,,,,,,,,,,,,,,,,,,,,,,,,75.0,17.7,126.4,0.62,7.8,0.51,10.51,0.19,2.88,0.36,1.36,0.03
14.708000,79.968000,28_515_shc_2025-26.6740,Damavaram,,,,,,,,,,,,,,,,,,,,,,,,,13.0,1.5,112.4,0.21,7.8,0.4,21.01,0.26,5.1,0.38,2.75,0.31
14.702000,80.008000,28_515_shc_2024-25.16665,Velicherla,,,,,,,,,,,,,125.0,22.9,142.1,0.68,7.52,0.67,12.3,0.26,6.28,0.42,3.38,0.5,,,,,,,,,,,,
14.702000,80.012000,28_515_shc_2024-25.16641,Velicherla,,,,,,,,,,,,,226.0,18.6,277.7,0.9,7.51,0.56,66.8,0.21,7.21,0.68,6.61,0.19,,,,,,,,,,,,
14.705000,80.025000,28_515_shc_2024-25.722,Singapeta,,,,,,,,,,,,,213.0,16.4,180.8,0.68,6.73,0.85,5.3,0.81,6.18,0.28,5.24,1.26,,,,,,,,,,,,
14.702000,80.028000,28_515_shc_2024-25.6762,Singapeta,75.0,23.0,156.0,0.82,6.6,0.2,73.0,0.39,11.9,0.13,7.4,0.04,163.0,26.2,109.8,1.31,7.56,0.2,8.8,0.58,6.24,0.62,4.38,0.79,,,,,,,,,,,,
14.702000,80.028000,28_515_shc_2024-25.15590,Singapeta,,,,,,,,,,,,,226.0,1.1,174.3,0.33,7.07,0.37,33.4,0.68,5.64,0.48,7.18,0.88,,,,,,,,,,,,
14.705000,80.035000,28_515_shc_2024-25.1934,Singapeta,,,,,,,,,,,,,238.0,54.6,445.5,0.2,7.23,0.43,33.4,0.22,4.18,0.26,7.26,0.41,,,,,,,,,,,,
14.702000,80.098000,28_515_shc_2024-25.14099,Gogulapalle,,,,,,,,,,,,,138.0,14.2,142.1,0.62,7.59,0.13,14.1,0.52,2.17,0.42,2.52,0.54,,,,,,,,,,,,
14.718000,79.452000,28_515_shc_2023-24.6274,Padakandla,63.0,3.0,247.0,0.4,9.0,0.3,19.0,0.387,5.65,1.21,4.96,0.42,,,,,,,,,,,,,,,,,,,,,,,,
14.712000,79.482000,28_515_shc_2025-26.1187,Nandavaram,,,,,,,,,,,,,,,,,,,,,,,,,263.0,110.6,77.3,0.38,7.43,0.3,3.5,0.6,8.17,0.26,1.38,0.66
14.712000,79.552000,28_515_shc_2024-25.2882,Aravedu,,,,,,,,,,,,,125.0,117.0,161.0,1.25,7.87,0.23,40.0,0.1,7.46,0.36,1.52,1.26,,,,,,,,,,,,
14.712000,79.552000,28_515_shc_2024-25.18473,Aravedu,,,,,,,,,,,,,155.0,25.0,64.0,0.78,8.1,0.23,65.0,0.25,6.66,0.82,2.35,1.04,,,,,,,,,,,,
14.712000,79.552000,28_515_shc_2024-25.18516,Aravedu,,,,,,,,,,,,,125.0,70.0,109.0,0.5,7.9,0.6,21.0,0.28,6.42,0.68,1.88,1.51,,,,,,,,,,,,
14.718000,79.588000,28_515_shc_2025-26.9192,Rajavolu,,,,,,,,,,,,,,,,,,,,,,,,,201.0,22.3,74.5,0.14,8.22,0.19,45.53,0.29,1.97,0.17,2.07,0.5
14.712000,79.678000,28_515_shc_2023-24.6990,Anumasamudrampeta,188.0,29.0,137.0,0.58,7.8,1.7,7.0,0.14,7.4,0.26,6.4,0.23,,,,,,,,,,,,,,,,,,,,,,,,
14.718000,79.722000,28_515_shc_2023-24.6999,Zammavaram,151.0,21.0,150.0,0.57,7.7,0.2,7.0,0.41,6.18,0.23,6.54,0.23,,,,,,,,,,,,,,,,,,,,,,,,
14.718000,79.722000,28_515_shc_2023-24.7018,Srikolanu,138.0,66.0,202.0,0.62,6.7,1.3,7.0,0.28,6.14,0.18,5.09,0.38,,,,,,,,,,,,,,,,,,,,,,,,
14.718000,79.732000,28_515_shc_2024-25.9354,Zammavaram,,,,,,,,,,,,,276.0,25.2,284.1,0.39,8.28,0.1,176.0,0.72,12.16,0.38,40.18,0.22,,,,,,,,,,,,
14.712000,79.882000,28_515_shc_2024-25.10632,Katrayapadu,,,,,,,,,,,,,125.0,38.0,52.0,0.46,7.22,0.52,47.0,0.36,6.21,0.42,6.38,0.59,,,,,,,,,,,,
14.715000,79.985000,28_515_shc_2023-24.6134,Ananthavaram,176.0,27.0,59.0,0.38,6.4,0.4,50.0,0.792,7.19,0.632,0.42,0.15,,,,,,,,,,,,,,,,,,,,,,,,
14.712000,79.988000,28_515_shc_2023-24.4959,Ulavapalle,163.0,21.0,52.0,0.63,6.8,0.6,146.0,0.604,12.85,0.388,3.2,0.11,,,,,,,,,,,,,,,,,,,,,,,,
14.712000,80.028000,28_515_shc_2024-25.14926,Singapeta,,,,,,,,,,,,,226.0,3.3,64.6,0.15,7.36,2.07,12.3,0.52,6.44,0.25,4.32,0.54,,,,,,,,,,,,
14.722000,79.488000,28_515_shc_2023-24.7133,Padakandla,113.0,14.0,78.0,0.68,8.1,0.3,57.0,0.41,4.19,0.46,2.96,0.3,,,,,,,,,,,,,,,,,,,,,,,,
14.728000,79.612000,28_515_shc_2023-24.5377,Rajavolu,138.0,22.0,455.0,0.67,9.2,3.0,12.0,0.08,5.41,0.56,5.48,0.11,,,,,,,,,,,,,,,,,,,,,,,,
14.728000,79.612000,28_515_shc_2023-24.7000,Rajavolu,100.0,22.0,59.0,0.81,8.2,0.4,73.0,0.21,10.4,0.23,9.38,0.19,,,,,,,,,,,,,,,,,,,,,,,,
14.728000,79.658000,28_515_shc_2024-25.11730,Pandipadu,,,,,,,,,,,,,326.0,34.9,264.7,0.34,8.3,0.1,137.1,0.38,10.48,0.38,18.48,0.94,,,,,,,,,,,,
14.722000,79.682000,28_515_shc_2025-26.10306,Pandipadu,,,,,,,,,,,,,,,,,,,,,,,,,138.0,0.8,55.9,0.75,8.59,0.55,52.53,0.36,7.36,0.53,3.96,0.44
14.722000,79.888000,28_515_shc_2024-25.2207,Katrayapadu,,,,,,,,,,,,,38.0,1.0,193.0,0.5,7.82,0.37,7.0,0.61,6.38,0.41,9.46,0.47,,,,,,,,,,,,
14.722000,79.888000,28_515_shc_2024-25.14658,Katrayapadu,,,,,,,,,,,,,88.0,164.0,206.0,0.0,8.05,2.56,47.0,0.51,3.34,0.21,8.31,0.06,,,,,,,,,,,,
14.728000,79.888000,28_515_shc_2025-26.3572,Katrayapadu,,,,,,,,,,,,,,,,,,,,,,,,,188.0,16.1,147.5,0.27,7.42,0.69,59.51,0.33,4.97,0.33,1.57,0.303
14.728000,79.888000,28_515_shc_2025-26.3584,Katrayapadu,,,,,,,,,,,,,,,,,,,,,,,,,238.0,39.17,56.2,0.61,7.1,0.48,45.53,0.19,12.15,0.58,6.2,0.25
14.728000,79.888000,28_515_shc_2025-26.3832,Katrayapadu,,,,,,,,,,,,,,,,,,,,,,,,,188.0,33.0,119.4,0.07,7.68,0.59,45.53,0.15,2.89,0.15,1.15,0.09
14.728000,79.888000,28_515_shc_2025-26.3839,Katrayapadu,,,,,,,,,,,,,,,,,,,,,,,,,213.0,27.6,81.03,0.08,6.92,0.4,73.55,0.36,2.18,0.27,1.29,0.06
14.728000,79.888000,28_515_shc_2025-26.3841,Katrayapadu,,,,,,,,,,,,,,,,,,,,,,,,,188.0,14.6,70.2,0.41,7.65,0.59,60.1,0.38,20.38,0.78,5.04,0.13
14.728000,79.888000,28_515_shc_2025-26.3844,Katrayapadu,,,,,,,,,,,,,,,,,,,,,,,,,176.0,28.4,42.1,0.44,7.67,0.35,45.55,2.27,7.31,0.26,1.36,0.25
14.728000,79.888000,28_515_shc_2025-26.3846,Katrayapadu,,,,,,,,,,,,,,,,,,,,,,,,,213.0,37.6,84.3,0.33,6.61,0.93,66.54,0.18,3.1,0.36,1.07,0.5
14.728000,79.888000,28_515_shc_2025-26.3856,Katrayapadu,,,,,,,,,,,,,,,,,,,,,,,,,226.0,28.4,56.2,0.14,7.66,0.58,35.02,0.47,3.17,0.08,1.38,0.44
14.728000,79.888000,28_515_shc_2025-26.6717,Katrayapadu,,,,,,,,,,,,,,,,,,,,,,,,,138.0,32.3,56.2,0.16,6.7,0.7,17.51,0.1,5.15,0.15,2.15,1.89
14.728000,79.998000,28_515_shc_2024-25.282,Ulavapalle,,,,,,,,,,,,,75.0,80.0,644.0,1.5,7.35,0.33,118.0,1.32,27.98,0.88,0.97,0.47,,,,,,,,,,,,
14.728000,79.998000,28_515_shc_2024-25.6616,Ulavapalle,,,,,,,,,,,,,113.0,129.0,161.0,1.25,7.38,0.34,137.0,0.65,18.21,0.62,8.16,1.13,,,,,,,,,,,,
14.728000,79.998000,28_515_shc_2024-25.6699,Ulavapalle,,,,,,,,,,,,,163.0,164.0,187.0,1.3,7.35,0.45,100.0,0.72,18.41,0.72,8.62,0.91,,,,,,,,,,,,
14.728000,80.012000,28_515_shc_2024-25.2188,Singapeta,,,,,,,,,,,,,151.0,25.1,213.1,0.69,7.62,0.96,26.4,0.28,5.16,0.78,6.14,1.48,,,,,,,,,,,,
14.728000,80.088000,28_515_shc_2024-25.14444,Allur,,,,,,,,,,,,,188.0,93.9,142.3,1.13,7.24,1.16,142.3,0.68,7.16,0.48,4.36,0.76,,,,,,,,,,,,
14.728000,80.088000,28_515_shc_2024-25.17201,Isakapalle,,,,,,,,,,,,,163.0,13.1,109.8,0.31,6.93,0.26,10.5,0.41,5.16,0.28,5.88,0.5,,,,,,,,,,,,
14.728000,80.098000,28_515_shc_2024-25.3222,Isakapalle,,,,,,,,,,,,,100.0,18.6,122.7,0.4,7.07,0.13,96.6,0.58,4.31,0.48,7.32,0.6,,,,,,,,,,,,
14.732000,79.578000,28_515_shc_2025-26.703,Dubagunta,,,,,,,,,,,,,,,,,,,,,,,,,238.0,16.1,335.2,0.14,8.12,0.3,52.53,0.26,1.95,0.19,1.92,0.82
14.732000,79.578000,28_515_shc_2025-26.10907,Dubagunta,,,,,,,,,,,,,,,,,,,,,,,,,238.0,14.6,366.2,0.35,8.28,0.58,24.52,0.53,7.36,0.06,1.93,0.16
14.735000,79.645000,28_515_shc_2025-26.2352,Pedabbipuram,,,,,,,,,,,,,,,,,,,,,,,,,100.0,19.2,93.1,0.38,8.22,0.53,35.02,0.37,6.01,0.22,3.01,0.28
14.732000,79.662000,28_515_shc_2023-24.6991,Pedabbipuram,176.0,6.0,137.0,0.33,8.1,0.4,35.0,0.38,7.14,0.18,7.26,0.46,,,,,,,,,,,,,,,,,,,,,,,,
14.738000,79.662000,28_515_shc_2025-26.9279,Pedabbipuram,,,,,,,,,,,,,,,,,,,,,,,,,163.0,16.1,242.1,0.38,7.91,0.82,38.53,0.38,5.01,0.19,2.89,0.25
14.732000,79.662000,28_515_shc_2025-26.10945,Pedabbipuram,,,,,,,,,,,,,163.0,6.6,45.2,1.07,7.43,1.01,40.4,0.48,2.62,0.24,1.84,0.88,238.0,3.8,155.2,0.5,8.36,1.31,20.55,0.23,1.44,0.11,0.89,0.06
14.735000,79.705000,28_515_shc_2025-26.9231,Kakarlapadu,,,,,,,,,,,,,163.0,31.0,161.0,0.7,8.46,1.03,33.0,0.74,25.06,0.16,6.04,0.5,188.0,4.6,372.4,0.34,9.07,1.24,21.01,0.24,4.19,0.24,1.58,1.29
14.732000,79.778000,28_515_shc_2025-26.11171,Velpulagunta,,,,,,,,,,,,,,,,,,,,,,,,,138.0,3.1,391.1,0.23,8.58,0.25,35.02,0.17,4.1,0.44,2.53,0.5
14.738000,79.938000,28_515_shc_2023-24.6639,Bitragunta,38.0,14.0,169.0,1.2,7.2,0.6,19.0,0.15,8.79,0.47,6.62,0.69,,,,,,,,,,,,,,,,,,,,,,,,
14.735000,80.005000,28_515_shc_2023-24.6073,Ulavapalle,339.0,45.0,65.0,0.75,6.7,0.4,104.0,0.206,5.7,0.518,0.38,0.11,,,,,,,,,,,,,,,,,,,,,,,,
14.738000,80.028000,28_515_shc_2024-25.15002,Singapeta,,,,,,,,,,,,,201.0,83.0,271.2,0.15,7.6,0.74,54.5,0.62,7.21,0.62,7.18,0.88,,,,,,,,,,,,
14.732000,80.058000,28_515_shc_2024-25.16907,Allurupeta,,,,,,,,,,,,,151.0,74.2,90.4,0.86,7.15,0.55,5.3,0.36,7.38,0.48,4.68,0.28,,,,,,,,,,,,
14.738000,80.058000,28_515_shc_2024-25.16760,Allurupeta,,,,,,,,,,,,,213.0,16.4,64.6,1.09,7.43,0.19,58.0,0.26,5.38,0.14,4.34,0.47,,,,,,,,,,,,
14.748000,79.468000,28_515_shc_2025-26.10524,Nallagonda,,,,,,,,,,,,,,,,,,,,,,,,,113.0,19.2,310.4,0.19,8.3,0.21,199.63,0.4,4.95,0.26,1.33,0.88
14.742000,79.602000,28_515_shc_2023-24.5324,Vinjamur,125.0,19.0,117.0,0.51,7.6,0.5,97.0,0.742,8.13,0.62,3.66,0.42,,,,,,,,,,,,,,,,,,,,,,,,
14.742000,79.862000,28_515_shc_2023-24.7206,Bodagudipadu,201.0,10.0,85.0,0.78,7.8,0.4,33.0,0.96,9.68,0.136,3.21,0.46,,,,,,,,,,,,,,,,,,,,,,,,
14.742000,79.862000,28_515_shc_2024-25.7205,Bodagudipadu,,,,,,,,,,,,,188.0,25.0,238.0,0.55,7.85,0.32,61.0,0.38,7.21,0.23,9.16,1.45,,,,,,,,,,,,
14.742000,79.862000,28_515_shc_2025-26.3540,Bodagudipadu,,,,,,,,,,,,,,,,,,,,,,,,,13.0,24.6,70.2,0.73,7.2,0.7,35.02,0.22,4.9,0.15,2.15,0.5
14.742000,79.862000,28_515_shc_2025-26.3543,Bodagudipadu,,,,,,,,,,,,,,,,,,,,,,,,,163.0,13.8,70.2,0.35,7.1,0.7,87.56,0.17,3.87,0.28,1.97,0.75
14.748000,80.028000,28_515_shc_2024-25.15001,Singapeta,,,,,,,,,,,,,100.0,108.1,71.0,0.62,7.57,0.71,1.8,0.32,4.33,0.14,5.38,2.11,,,,,,,,,,,,
14.745000,80.055000,28_515_shc_2024-25.16781,Allurupeta,,,,,,,,,,,,,100.0,26.2,71.0,0.68,7.52,0.45,5.3,0.68,7.16,0.44,6.38,0.98,,,,,,,,,,,,
14.742000,80.092000,28_515_shc_2024-25.17234,Isakapalle,,,,,,,,,,,,,201.0,15.3,219.5,1.05,7.38,0.51,17.6,0.54,7.38,0.69,7.28,0.47,,,,,,,,,,,,
14.752000,79.478000,28_515_shc_2025-26.11341,Nallagonda,,,,,,,,,,,,,,,,,,,,,,,,,13.0,12.3,248.3,0.36,8.47,0.1,175.12,0.16,1.09,0.23,0.9,1.01
14.752000,79.678000,28_515_shc_2025-26.7277,Gudipadu,,,,,,,,,,,,,,,,,,,,,,,,,163.0,11.5,99.3,0.06,8.51,0.47,101.57,0.29,1.8,0.07,1.38,0.19
14.752000,79.718000,28_515_shc_2024-25.11754,Gumparlapadu,,,,,,,,,,,,,113.0,61.1,155.0,0.67,8.87,0.47,54.5,0.31,5.81,0.21,38.0,0.15,226.0,106.8,583.0,0.35,6.67,0.1,53.0,0.51,10.25,0.24,2.08,1.13
14.752000,79.718000,28_515_shc_2024-25.11757,Gumparlapadu,,,,,,,,,,,,,100.0,18.6,213.1,0.63,9.011,0.62,54.5,0.56,6.38,0.48,40.2,0.44,,,,,,,,,,,,
14.758000,79.732000,28_515_shc_2024-25.22961,Kavali Musthapuram,,,,,,,,,,,,,238.0,33.8,71.0,0.43,8.38,0.19,8.8,0.68,4.18,0.14,5.28,1.2,,,,,,,,,,,,
14.758000,79.752000,28_515_shc_2023-24.7655,Kavali Musthapuram,176.0,25.0,397.0,0.1,8.5,0.1,28.0,0.46,9.14,0.58,4.26,0.11,,,,,,,,,,,,,,,,,,,,,,,,
14.755000,79.915000,28_515_shc_2024-25.9603,Jakkepalligudur,,,,,,,,,,,,,138.0,167.0,32.3,0.81,7.24,0.68,8.8,0.38,10.14,0.36,21.4,0.57,,,,,,,,,,,,
14.755000,79.915000,28_515_shc_2024-25.12335,Bogole,,,,,,,,,,,,,113.0,1.1,64.6,0.58,7.46,0.36,12.3,0.38,9.26,0.14,8.21,0.66,,,,,,,,,,,,
14.755000,79.915000,28_515_shc_2024-25.12336,Bogole,,,,,,,,,,,,,238.0,77.5,92.4,0.19,7.35,0.62,12.3,0.48,10.46,0.28,10.42,0.76,,,,,,,,,,,,
14.755000,79.915000,28_515_shc_2024-25.20478,Jakkepalligudur,,,,,,,,,,,,,188.0,25.1,19.4,0.75,7.35,0.31,8.8,0.42,18.36,0.28,21.32,0.88,,,,,,,,,,,,
14.755000,79.915000,28_515_shc_2024-25.20488,Jakkepalligudur,,,,,,,,,,,,,125.0,7.6,12.9,0.52,7.43,0.34,1.8,0.36,20.16,0.16,16.38,0.54,,,,,,,,,,,,
14.758000,79.968000,28_515_shc_2023-24.6490,Bitragunta,125.0,24.0,117.0,0.52,6.2,0.2,24.0,0.38,8.46,2.66,1.08,0.3,,,,,,,,,,,,,,,,,,,,,,,,
14.758000,79.968000,28_515_shc_2023-24.6532,Thalluru,125.0,20.0,137.0,0.68,7.5,0.6,57.0,0.092,5.16,0.28,7.48,0.34,,,,,,,,,,,,,,,,,,,,,,,,
14.758000,79.968000,28_515_shc_2023-24.6535,Bogole,163.0,16.0,182.0,0.61,7.9,1.6,73.0,0.081,12.09,0.13,1.23,0.3,,,,,,,,,,,,,,,,,,,,,,,,
14.758000,79.968000,28_515_shc_2023-24.6536,Bogole,138.0,32.0,143.0,0.71,8.0,1.0,80.0,0.096,11.0,0.74,2.42,0.27,,,,,,,,,,,,,,,,,,,,,,,,
14.758000,79.968000,28_515_shc_2023-24.6537,Bogole,138.0,7.0,234.0,0.31,7.8,0.6,19.0,0.42,4.32,1.33,0.16,0.65,,,,,,,,,,,,,,,,,,,,,,,,
14.758000,79.968000,28_515_shc_2023-24.6588,Bogole,88.0,36.0,221.0,0.32,7.5,1.1,260.0,0.02,8.46,1.296,4.62,0.53,,,,,,,,,,,,,,,,,,,,,,,,
14.758000,79.968000,28_515_shc_2023-24.6627,Bitragunta,88.0,23.0,137.0,0.68,6.3,0.2,19.0,0.23,10.18,0.52,2.38,0.23,,,,,,,,,,,,,,,,,,,,,,,,
14.758000,79.978000,28_515_shc_2023-24.6492,Bogole,88.0,38.0,182.0,0.25,7.5,1.0,73.0,0.39,5.23,0.42,0.48,0.34,,,,,,,,,,,,,,,,,,,,,,,,
14.758000,79.978000,28_515_shc_2023-24.6647,Bogole,100.0,85.0,247.0,0.31,7.4,0.9,97.0,0.17,10.42,2.02,2.06,0.3,,,,,,,,,,,,,,,,,,,,,,,,
14.758000,79.992000,28_515_shc_2023-24.6465,Bogole,75.0,23.0,182.0,0.18,7.9,3.1,52.0,0.18,11.3,0.24,1.04,0.19,,,,,,,,,,,,,,,,,,,,,,,,
14.758000,79.992000,28_515_shc_2023-24.6467,Bogole,100.0,34.0,156.0,0.41,6.6,0.2,101.0,0.139,8.86,0.12,0.8,0.23,,,,,,,,,,,,,,,,,,,,,,,,
14.758000,79.992000,28_515_shc_2023-24.6576,Bogole,88.0,20.0,234.0,0.58,7.2,3.4,19.0,0.38,6.1,0.08,3.96,0.3,,,,,,,,,,,,,,,,,,,,,,,,
14.758000,79.992000,28_515_shc_2024-25.9178,Bogole,,,,,,,,,,,,,226.0,31.0,32.0,0.01,8.34,0.68,81.0,0.72,24.18,0.46,6.38,0.41,,,,,,,,,,,,
14.758000,79.992000,28_515_shc_2024-25.9217,Bogole,,,,,,,,,,,,,226.0,48.0,77.0,0.51,8.34,0.91,39.0,0.74,16.34,0.26,6.36,0.18,,,,,,,,,,,,
14.758000,79.992000,28_515_shc_2024-25.9261,Bogole,,,,,,,,,,,,,113.0,31.0,58.0,0.34,8.43,1.46,81.0,0.81,21.28,0.43,8.94,0.28,,,,,,,,,,,,
14.758000,79.992000,28_515_shc_2024-25.9348,Bogole,,,,,,,,,,,,,176.0,92.0,90.0,0.22,8.51,0.92,25.0,0.65,26.36,0.39,6.37,0.56,,,,,,,,,,,,
14.758000,79.992000,28_515_shc_2024-25.9349,Bogole,,,,,,,,,,,,,138.0,98.0,116.0,0.86,8.0,0.68,19.0,0.72,18.26,0.38,5.16,0.12,,,,,,,,,,,,
14.758000,79.992000,28_515_shc_2024-25.9413,Bogole,,,,,,,,,,,,,188.0,13.0,71.0,0.93,8.38,1.07,35.0,0.16,6.14,0.46,3.18,1.38,,,,,,,,,,,,
14.758000,79.992000,28_515_shc_2024-25.9425,Bogole,,,,,,,,,,,,,125.0,138.0,71.0,0.2,8.52,0.84,33.0,0.89,18.42,0.51,7.38,0.53,,,,,,,,,,,,
14.758000,79.992000,28_515_shc_2024-25.9427,Bogole,,,,,,,,,,,,,125.0,52.0,71.0,1.6,8.39,1.6,25.0,1.6,4.18,0.14,6.38,1.26,,,,,,,,,,,,
14.755000,80.085000,28_515_shc_2024-25.5774,Mallayapalem,,,,,,,,,,,,,138.0,16.6,122.7,0.25,7.48,0.24,40.4,0.62,20.4,0.14,16.8,0.57,,,,,,,,,,,,
14.752000,80.088000,28_515_shc_2024-25.840,Mallayapalem,,,,,,,,,,,,,151.0,18.6,135.6,0.45,7.38,0.27,1.8,0.29,18.32,0.23,14.64,1.04,,,,,,,,,,,,
14.752000,80.098000,28_515_shc_2024-25.16820,Isakapalle,,,,,,,,,,,,,151.0,135.4,193.7,1.01,6.97,0.24,5.38,0.41,4.26,0.26,4.34,0.5,,,,,,,,,,,,
14.762000,79.712000,28_515_shc_2025-26.11670,Gumparlapadu,,,,,,,,,,,,,,,,,,,,,,,,,151.0,5.4,173.8,0.43,8.55,0.01,35.02,0.22,3.1,0.19,1.85,0.66
14.762000,79.712000,28_515_shc_2025-26.11695,Gumparlapadu,,,,,,,,,,,,,,,,,,,,,,,,,125.0,13.8,248.3,0.05,8.5,0.33,42.03,0.14,4.88,0.26,2.1,0.28
14.768000,79.732000,28_515_shc_2023-24.7595,Velagapadu,113.0,22.0,124.0,0.88,7.2,0.2,42.0,0.47,6.38,0.18,6.4,0.72,,,,,,,,,,,,,,,,,,,,,,,,
14.768000,79.782000,28_515_shc_2023-24.7743,Ananthapuram,188.0,25.0,20.0,0.25,8.0,0.1,59.0,0.87,6.14,1.99,31.8,0.04,,,,,,,,,,,,,,,,,,,,,,,,
14.762000,79.828000,28_515_shc_2023-24.7558,Gudladona,151.0,38.0,33.0,0.18,8.0,0.6,7.0,0.46,7.18,0.73,18.6,0.34,,,,,,,,,,,,,,,,,,,,,,,,
14.762000,79.828000,28_515_shc_2023-24.7704,Gudladona,51.0,36.0,26.0,0.18,8.1,1.0,191.0,0.36,5.18,0.38,12.4,0.23,,,,,,,,,,,,,,,,,,,,,,,,
14.762000,79.828000,28_515_shc_2023-24.7706,Gudladona,100.0,15.0,98.0,0.29,8.3,0.4,42.0,0.13,4.94,2.08,19.8,0.34,,,,,,,,,,,,,,,,,,,,,,,,
14.762000,79.828000,28_515_shc_2023-24.7833,Gudladona,75.0,48.0,565.0,1.56,7.81,0.59,52.0,0.8,7.14,1.5,51.0,0.93,,,,,,,,,,,,,,,,,,,,,,,,
14.768000,79.832000,28_515_shc_2023-24.7708,Gudladona,163.0,103.0,33.0,0.48,8.2,0.1,172.0,0.24,13.68,1.69,25.1,0.08,,,,,,,,,,,,,,,,,,,,,,,,
14.768000,79.832000,28_515_shc_2023-24.7761,Gudladona,88.0,34.0,46.0,0.54,8.2,0.3,163.0,0.37,12.56,1.69,30.8,0.19,,,,,,,,,,,,,,,,,,,,,,,,
14.768000,79.832000,28_515_shc_2023-24.7763,Gudladona,100.0,17.0,85.0,0.52,8.2,0.1,201.0,0.38,9.13,0.68,21.8,0.72,,,,,,,,,,,,,,,,,,,,,,,,
14.768000,79.832000,28_515_shc_2023-24.7764,Ananthapuram,151.0,17.0,163.0,0.52,8.1,0.1,24.0,0.65,7.62,1.48,3.21,0.42,,,,,,,,,,,,,,,,,,,,,,,,
14.768000,79.832000,28_515_shc_2023-24.7767,Gudladona,100.0,29.0,20.0,0.38,8.2,0.2,123.0,0.62,10.1,0.76,26.8,0.5,,,,,,,,,,,,,,,,,,,,,,,,
14.768000,79.832000,28_515_shc_2023-24.7768,Ananthapuram,176.0,19.0,26.0,0.52,8.2,0.1,47.0,0.6,12.24,1.58,46.4,0.38,,,,,,,,,,,,,,,,,,,,,,,,
14.768000,79.832000,28_515_shc_2023-24.7777,Gudladona,188.0,22.0,104.0,0.25,8.0,0.8,71.0,0.54,5.18,0.68,21.3,0.42,,,,,,,,,,,,,,,,,,,,,,,,
14.768000,79.832000,28_515_shc_2023-24.7779,Ananthapuram,176.0,16.0,33.0,0.88,8.2,0.1,35.0,0.68,5.28,0.78,11.4,0.34,,,,,,,,,,,,,,,,,,,,,,,,
14.768000,79.832000,28_515_shc_2023-24.7780,Gudladona,113.0,24.0,156.0,0.51,8.2,0.4,106.0,0.48,3.84,0.58,20.1,0.38,,,,,,,,,,,,,,,,,,,,,,,,
14.768000,79.832000,28_515_shc_2023-24.7781,Gudladona,125.0,22.0,137.0,0.18,8.2,0.1,7.0,0.31,26.96,0.87,52.1,0.23,,,,,,,,,,,,,,,,,,,,,,,,
14.768000,79.832000,28_515_shc_2023-24.7786,Gudladona,163.0,40.0,33.0,0.58,8.2,0.7,2.0,0.36,12.45,1.51,23.1,0.46,100.0,164.0,109.0,0.38,5.72,0.26,137.0,0.68,18.1,0.98,21.38,0.34,,,,,,,,,,,,
14.768000,79.832000,28_515_shc_2023-24.7800,Gudladona,138.0,43.0,46.0,0.32,8.1,0.1,118.0,0.26,8.16,0.77,38.1,0.38,,,,,,,,,,,,,,,,,,,,,,,,
14.768000,79.832000,28_515_shc_2023-24.7806,Gudladona,113.0,45.0,33.0,0.58,8.3,0.1,163.0,0.28,8.23,0.56,26.8,0.04,,,,,,,,,,,,,,,,,,,,,,,,
14.768000,79.832000,28_515_shc_2023-24.7820,Gudladona,100.0,22.0,111.0,0.28,8.2,0.1,42.0,0.28,6.18,0.38,12.8,0.08,,,,,,,,,,,,,,,,,,,,,,,,
14.768000,79.832000,28_515_shc_2023-24.7834,Gudladona,151.0,9.0,91.0,0.21,8.2,0.1,163.0,0.48,7.26,0.48,19.6,0.19,,,,,,,,,,,,,,,,,,,,,,,,
14.765000,79.975000,28_515_shc_2023-24.7128,Bogole,50.0,7.0,150.0,0.91,7.3,0.5,73.0,0.001,7.42,0.57,0.16,0.57,,,,,,,,,,,,,,,,,,,,,,,,
14.762000,80.058000,28_515_shc_2023-24.4900,Allurupeta,125.0,75.0,117.0,0.38,6.4,0.4,57.0,0.11,30.4,1.62,1.34,0.23,,,,,,,,,,,,,,,,,,,,,,,,
14.762000,80.058000,28_515_shc_2023-24.4944,Allurupeta,163.0,91.0,59.0,0.61,6.5,0.5,24.0,0.03,34.6,1.7,9.23,0.3,,,,,,,,,,,,,,,,,,,,,,,,
14.762000,80.052000,28_515_shc_2023-24.5721,Ulavapalle,50.0,64.0,650.0,0.73,7.3,0.7,71.0,0.7,6.8,0.8,32.0,2.9,,,,,,,,,,,,,,,,,,,,,,,,
14.772000,79.512000,28_515_shc_2024-25.18276,Sankavaram,,,,,,,,,,,,,176.0,1.1,174.3,0.77,8.05,0.1,26.4,0.68,16.81,0.12,21.4,0.44,,,,,,,,,,,,
14.775000,79.785000,28_515_shc_2023-24.7561,Ananthapuram,63.0,55.0,72.0,1.03,8.0,0.2,35.0,0.57,3.41,1.53,29.1,0.19,,,,,,,,,,,,,,,,,,,,,,,,
14.775000,79.785000,28_515_shc_2023-24.7570,Ananthapuram,113.0,27.0,39.0,0.81,8.2,0.1,64.0,0.51,4.38,0.74,21.3,0.15,,,,,,,,,,,,,,,,,,,,,,,,
14.785000,79.485000,28_515_shc_2024-25.1456,Gundemadakala,,,,,,,,,,,,,113.0,62.2,83.9,0.53,7.96,0.12,8.8,0.64,24.14,0.14,21.38,0.03,,,,,,,,,,,,
14.785000,79.485000,28_515_shc_2024-25.10883,Gundemadakala,,,,,,,,,,,,,251.0,52.4,174.3,0.33,7.97,0.1,40.4,0.45,16.18,0.18,14.38,0.34,,,,,,,,,,,,
14.785000,79.485000,28_515_shc_2024-25.10892,Gundemadakala,,,,,,,,,,,,,276.0,108.1,174.3,0.61,8.04,0.12,5.3,0.64,12.18,0.21,25.4,0.25,,,,,,,,,,,,
14.785000,79.485000,28_515_shc_2024-25.10900,Gundemadakala,,,,,,,,,,,,,188.0,25.1,109.8,0.47,7.94,0.14,19.3,1.56,11.13,0.34,36.3,1.51,,,,,,,,,,,,
14.785000,79.485000,28_515_shc_2024-25.10995,Gundemadakala,,,,,,,,,,,,,213.0,79.7,77.5,0.45,7.87,0.13,112.5,0.72,14.26,0.18,16.84,0.53,,,,,,,,,,,,
14.785000,79.485000,28_515_shc_2024-25.15871,Nallagonda,,,,,,,,,,,,,213.0,52.4,193.7,0.25,8.08,0.12,8.8,0.54,16.18,0.14,64.1,0.44,,,,,,,,,,,,
14.785000,79.485000,28_515_shc_2024-25.15873,Nallagonda,,,,,,,,,,,,,251.0,69.9,200.2,0.37,8.05,0.1,19.3,0.61,20.3,0.19,63.3,0.66,,,,,,,,,,,,
14.785000,79.485000,28_515_shc_2024-25.15884,Nallagonda,,,,,,,,,,,,,201.0,34.9,206.6,0.18,8.12,0.1,33.4,0.72,20.14,0.48,18.21,0.06,,,,,,,,,,,,
14.785000,79.485000,28_515_shc_2024-25.15890,Nallagonda,,,,,,,,,,,,,151.0,42.6,187.3,0.44,8.07,0.12,17.6,0.58,21.4,0.14,18.3,1.07,,,,,,,,,,,,
14.785000,79.485000,28_515_shc_2024-25.20779,Nallagonda,,,,,,,,,,,,,125.0,52.4,232.5,0.43,8.15,0.1,47.4,0.64,18.4,0.18,12.8,0.41,,,,,,,,,,,,
14.785000,79.485000,28_515_shc_2024-25.20782,Nallagonda,,,,,,,,,,,,,138.0,1.1,167.9,0.53,8.1,0.21,40.4,1.45,26.5,0.44,56.0,0.75,,,,,,,,,,,,
14.785000,79.485000,28_515_shc_2024-25.20786,Nallagonda,,,,,,,,,,,,,176.0,1.1,116.2,0.48,8.04,0.11,26.4,0.72,18.4,0.16,6.18,2.0,,,,,,,,,,,,
14.785000,79.485000,28_515_shc_2024-25.20787,Nallagonda,,,,,,,,,,,,,113.0,25.1,193.7,0.24,8.07,0.11,26.4,0.26,16.18,0.16,12.64,0.22,,,,,,,,,,,,
14.785000,79.485000,28_515_shc_2024-25.20791,Nallagonda,,,,,,,,,,,,,88.0,1.1,174.3,0.17,8.13,0.14,26.4,0.18,18.38,0.21,7.38,1.41,,,,,,,,,,,,
14.782000,79.482000,28_515_shc_2025-26.7715,Gundemadakala,188.0,19.0,234.0,0.54,8.0,0.4,17.0,0.44,6.86,0.18,5.94,0.46,,,,,,,,,,,,,100.0,22.3,155.2,0.39,8.29,0.18,45.53,0.33,2.97,0.17,2.01,0.5
14.785000,79.495000,28_515_shc_2025-26.10566,Gundemadakala,,,,,,,,,,,,,,,,,,,,,,,,,63.0,0.8,198.6,0.35,8.42,0.1,45.53,0.41,1.41,0.17,2.19,0.66
14.788000,79.652000,28_515_shc_2025-26.2379,Gudipadu,,,,,,,,,,,,,,,,,,,,,,,,,213.0,0.8,440.7,0.26,7.86,0.01,35.02,0.44,4.8,0.14,2.01,0.06
14.788000,79.652000,28_515_shc_2025-26.2380,Gudipadu,,,,,,,,,,,,,,,,,,,,,,,,,201.0,33.0,620.7,0.16,8.1,0.28,21.01,0.51,3.86,0.41,1.95,0.25
14.788000,79.722000,28_515_shc_2023-24.7562,Velagapadu,50.0,82.0,345.0,0.48,8.6,0.2,12.0,0.43,9.26,0.36,3.41,0.23,,,,,,,,,,,,,,,,,,,,,,,,
14.782000,79.738000,28_515_shc_2024-25.22804,Velagapadu,,,,,,,,,,,,,188.0,113.6,45.2,0.36,8.05,0.27,26.4,0.38,2.18,0.14,2.36,1.04,,,,,,,,,,,,
14.782000,79.738000,28_515_shc_2024-25.22810,Velagapadu,,,,,,,,,,,,,238.0,90.6,71.0,0.28,8.1,0.21,59.7,0.41,1.21,0.32,4.14,0.54,,,,,,,,,,,,
14.785000,79.905000,28_515_shc_2025-26.5886,Chamadala,,,,,,,,,,,,,,,,,,,,,,,,,63.0,12.9,175.6,0.87,8.27,3.69,73.55,0.04,10.41,0.12,7.35,0.14
14.785000,79.905000,28_515_shc_2025-26.5921,Chamadala,,,,,,,,,,,,,,,,,,,,,,,,,176.0,13.5,84.3,0.82,8.36,3.49,80.55,0.22,10.52,0.12,5.62,0.51
14.785000,79.905000,28_515_shc_2025-26.5926,Chamadala,,,,,,,,,,,,,,,,,,,,,,,,,100.0,11.2,56.2,0.34,8.3,3.6,45.53,0.28,5.26,0.16,3.28,0.37
14.785000,79.905000,28_515_shc_2025-26.5931,Chamadala,,,,,,,,,,,,,,,,,,,,,,,,,401.0,8.8,91.3,0.36,8.33,3.92,45.53,0.21,4.14,0.21,6.14,0.61
14.785000,79.905000,28_515_shc_2025-26.5933,Chamadala,,,,,,,,,,,,,,,,,,,,,,,,,138.0,16.4,309.0,0.38,8.26,3.49,45.53,0.68,2.38,0.14,8.31,0.58
14.788000,79.998000,28_515_shc_2024-25.2601,Kovurpalle,,,,,,,,,,,,,188.0,69.9,58.1,0.71,7.48,0.01,21.1,0.28,6.38,0.38,9.18,1.29,,,,,,,,,,,,
14.788000,79.998000,28_515_shc_2024-25.2602,Kovurpalle,,,,,,,,,,,,,151.0,69.9,83.9,0.95,7.32,1.34,1.8,0.48,9.38,0.41,7.28,0.35,,,,,,,,,,,,
14.788000,79.998000,28_515_shc_2024-25.2608,Kovurpalle,,,,,,,,,,,,,113.0,164.0,6.4,0.53,7.45,1.67,1.0,0.64,28.38,0.28,10.38,0.25,,,,,,,,,,,,
14.788000,79.998000,28_515_shc_2024-25.2610,Kovurpalle,,,,,,,,,,,,,125.0,147.4,6.4,0.71,7.41,1.16,1.8,0.28,21.64,0.14,8.26,0.6,,,,,,,,,,,,
14.788000,79.998000,28_515_shc_2024-25.2611,Kovurpalle,,,,,,,,,,,,,151.0,99.7,32.3,0.5,7.62,0.84,21.1,0.18,8.24,0.48,7.84,0.98,,,,,,,,,,,,
14.788000,79.998000,28_515_shc_2024-25.12859,Kovurpalle,,,,,,,,,,,,,238.0,99.4,38.7,0.42,7.82,1.01,29.9,0.38,9.48,0.16,7.14,0.35,,,,,,,,,,,,
14.788000,79.998000,28_515_shc_2024-25.12862,Kovurpalle,,,,,,,,,,,,,188.0,108.1,51.7,0.66,7.39,1.31,1.8,0.2,19.5,0.16,68.5,0.47,,,,,,,,,,,,
14.788000,79.998000,28_515_shc_2024-25.12866,Kovurpalle,,,,,,,,,,,,,113.0,79.7,51.7,0.84,7.5,0.63,29.9,0.38,9.38,0.38,8.16,0.69,,,,,,,,,,,,
14.788000,79.998000,28_515_shc_2024-25.12867,Kovurpalle,,,,,,,,,,,,,151.0,147.4,38.7,0.39,7.45,1.06,29.9,0.29,8.38,0.42,10.14,0.6,,,,,,,,,,,,
14.788000,79.998000,28_515_shc_2024-25.12995,Kovurpalle,,,,,,,,,,,,,163.0,167.0,12.9,0.49,7.42,1.06,8.8,0.24,21.54,0.18,65.06,1.67,,,,,,,,,,,,
14.788000,79.998000,28_515_shc_2024-25.13063,Kovurpalle,,,,,,,,,,,,,238.0,164.0,45.2,0.14,7.46,1.62,8.8,0.14,4.36,0.18,7.28,0.69,,,,,,,,,,,,
14.798000,79.522000,28_515_shc_2023-24.5606,Sankavaram,163.0,78.0,150.0,0.18,8.7,0.4,113.0,0.41,3.99,0.21,6.02,0.57,,,,,,,,,,,,,,,,,,,,,,,,
14.798000,79.748000,28_515_shc_2024-25.23138,Pedakonduru,,,,,,,,,,,,,125.0,163.8,122.7,1.08,8.11,0.1,28.1,0.59,0.89,0.24,3.55,0.69,,,,,,,,,,,,
14.798000,79.798000,28_515_shc_2023-24.7707,Lakshmipuram,75.0,17.0,137.0,0.51,8.4,0.2,26.0,0.49,5.31,1.38,8.26,0.42,,,,,,,,,,,,,,,,,,,,,,,,
14.792000,79.898000,28_515_shc_2025-26.8704,Chamadala,,,,,,,,,,,,,,,,,,,,,,,,,25.0,14.7,84.3,0.91,8.36,2.62,105.1,0.65,1.02,0.17,5.1,0.44
14.798000,79.898000,28_515_shc_2025-26.8706,Chamadala,,,,,,,,,,,,,,,,,,,,,,,,,188.0,9.4,245.8,0.4,8.37,3.5,42.03,0.36,6.24,0.14,8.21,1.29
14.798000,79.908000,28_515_shc_2024-25.21221,Somavarappadu,,,,,,,,,,,,,226.0,1.1,348.7,1.05,7.27,0.25,26.4,0.38,4.26,0.33,6.38,0.56,,,,,,,,,,,,
14.798000,80.002000,28_515_shc_2023-24.6499,Bogole,38.0,48.0,228.0,0.61,7.3,0.7,7.0,0.16,4.7,0.16,4.86,0.42,,,,,,,,,,,,,,,,,,,,,,,,
14.798000,80.002000,28_515_shc_2023-24.6500,Allimadugu,113.0,23.0,182.0,0.18,6.3,1.3,19.0,0.112,5.43,0.96,2.72,0.34,,,,,,,,,,,,,,,,,,,,,,,,
14.798000,80.002000,28_515_shc_2023-24.6502,Allimadugu,100.0,36.0,130.0,0.21,5.6,0.8,19.0,0.181,9.35,0.18,7.41,0.27,,,,,,,,,,,,,,,,,,,,,,,,
14.798000,80.002000,28_515_shc_2023-24.6598,Allimadugu,50.0,48.0,195.0,0.91,7.76,0.45,19.0,0.9,8.41,1.0,13.0,0.53,,,,,,,,,,,,,,,,,,,,,,,,
14.798000,80.002000,28_515_shc_2023-24.6606,Allimadugu,25.0,46.0,331.0,1.07,7.65,0.42,35.0,0.2,3.94,0.73,51.0,0.92,,,,,,,,,,,,,,,,,,,,,,,,
14.798000,80.008000,28_515_shc_2023-24.6642,Allimadugu,314.0,6.0,280.0,0.26,7.5,1.4,125.0,0.61,12.3,0.28,3.6,0.37,,,,,,,,,,,,,,,,,,,,,,,,
14.798000,80.008000,28_515_shc_2024-25.5719,Allimadugu,,,,,,,,,,,,,100.0,17.5,45.2,0.92,7.58,1.31,8.8,0.14,14.21,0.18,20.42,0.88,,,,,,,,,,,,
14.798000,80.012000,28_515_shc_2024-25.1550,Mungamur,,,,,,,,,,,,,125.0,30.6,77.5,0.28,6.81,0.47,8.8,0.14,7.38,0.18,0.28,1.04,,,,,,,,,,,,
14.798000,80.012000,28_515_shc_2024-25.11786,Mungamur,,,,,,,,,,,,,100.0,74.2,64.6,0.4,6.76,0.38,12.3,0.16,10.36,0.14,7.26,1.29,,,,,,,,,,,,
14.798000,80.012000,28_515_shc_2024-25.11790,Mungamur,,,,,,,,,,,,,100.0,127.8,45.2,0.38,6.88,0.28,26.4,0.32,12.95,0.16,55.3,1.26,,,,,,,,,,,,
14.798000,80.012000,28_515_shc_2024-25.11835,Mungamur,,,,,,,,,,,,,113.0,164.0,19.4,0.41,6.95,0.36,19.3,0.18,8.26,0.24,10.18,0.6,,,,,,,,,,,,
14.798000,80.022000,28_515_shc_2023-24.6552,Mungamur,88.0,110.0,618.0,0.38,7.4,0.4,142.0,0.082,5.46,0.67,0.43,0.57,,,,,,,,,,,,,,,,,,,,,,,,
14.798000,80.038000,28_515_shc_2024-25.11923,Juvvaladinne,,,,,,,,,,,,,113.0,57.0,135.0,0.5,7.98,2.57,49.0,0.61,10.14,0.38,7.38,0.56,,,,,,,,,,,,
14.798000,80.052000,28_515_shc_2024-25.51,Juvvaladinne,,,,,,,,,,,,,176.0,17.0,64.0,0.0,7.76,0.07,137.0,0.56,20.18,0.33,4.81,0.56,,,,,,,,,,,,
14.798000,80.052000,28_515_shc_2024-25.3070,Juvvaladinne,,,,,,,,,,,,,62.0,17.0,45.0,0.38,6.74,0.11,127.0,0.69,20.88,0.56,2.35,0.5,,,,,,,,,,,,
14.798000,80.068000,28_515_shc_2023-24.6486,Juvvaladinne,138.0,12.0,442.0,0.22,8.2,2.3,97.0,0.35,3.2,0.13,1.22,0.19,,,,,,,,,,,,,,,,,,,,,,,,
14.798000,80.068000,28_515_shc_2023-24.6487,Juvvaladinne,50.0,97.0,273.0,0.28,8.2,1.9,90.0,0.158,9.83,0.02,0.51,0.5,,,,,,,,,,,,,,,,,,,,,,,,
14.792000,80.072000,28_515_shc_2023-24.6586,Bogole,100.0,66.0,182.0,0.18,6.5,0.2,50.0,0.481,6.28,0.66,0.16,0.38,,,,,,,,,,,,,,,,,,,,,,,,
14.802000,79.688000,28_515_shc_2024-25.22796,Venkannapalem,,,,,,,,,,,,,226.0,110.3,83.9,0.68,8.22,0.12,19.3,0.14,5.32,0.14,5.21,0.44,,,,,,,,,,,,
14.802000,79.688000,28_515_shc_2024-25.23194,Venkannapalem,,,,,,,,,,,,,188.0,16.4,64.6,0.41,8.25,0.13,5.3,0.81,44.1601,0.28,4.38,0.57,,,,,,,,,,,,
14.802000,79.798000,28_515_shc_2023-24.7652,Lakshmipuram,75.0,20.0,247.0,0.52,8.0,0.3,14.0,2.14,5.18,0.61,10.16,0.11,,,,,,,,,,,,,,,,,,,,,,,,
14.802000,79.798000,28_515_shc_2023-24.7759,Lakshmipuram,75.0,33.0,292.0,0.4,8.05,0.9,26.0,0.12,5.6,0.98,38.0,0.8,,,,,,,,,,,,,,,,,,,,,,,,
14.802000,79.798000,28_515_shc_2023-24.7771,Lakshmipuram,88.0,26.0,299.0,0.52,7.89,0.74,109.0,2.6,5.8,0.8,24.0,0.47,,,,,,,,,,,,,,,,,,,,,,,,
14.802000,79.798000,28_515_shc_2023-24.7801,China Annaluru,151.0,34.0,358.0,0.41,8.5,0.2,14.0,0.51,3.84,0.48,5.28,0.11,,,,,,,,,,,,,,,,,,,,,,,,
14.802000,79.792000,28_515_shc_2024-25.23026,Parikota,,,,,,,,,,,,,75.0,20.7,135.6,1.02,8.19,0.26,17.6,0.32,6.88,0.32,6.21,0.47,,,,,,,,,,,,
14.802000,79.792000,28_515_shc_2024-25.23044,Parikota,,,,,,,,,,,,,100.0,102.6,83.9,0.45,7.58,1.39,17.6,0.46,5.36,0.28,4.38,0.44,,,,,,,,,,,,
14.808000,79.802000,28_515_shc_2024-25.22926,Parikota,,,,,,,,,,,,,88.0,97.2,83.9,0.41,8.11,0.1,5.3,0.41,5.21,0.36,8.16,0.25,,,,,,,,,,,,
14.808000,79.972000,28_515_shc_2024-25.1239,Brahmanakraka,,,,,,,,,,,,,50.0,164.0,452.0,0.39,7.39,0.32,8.8,0.61,3.14,0.23,4.6,0.53,,,,,,,,,,,,
14.808000,80.028000,28_515_shc_2023-24.6562,Mungamur,13.0,73.0,624.0,0.25,6.5,0.6,109.0,0.308,4.89,0.05,3.46,0.53,,,,,,,,,,,,,,,,,,,,,,,,
14.808000,80.068000,28_515_shc_2023-24.6641,Juvvaladinne,138.0,110.0,173.0,0.71,8.09,0.78,9.0,16.0,8.74,1.5,20.0,0.31,,,,,,,,,,,,,,,,,,,,,,,,
14.818000,79.418000,28_515_shc_2024-25.4650,Rachavaripalle,,,,,,,,,,,,,100.0,164.0,97.0,0.39,8.34,0.34,121.0,0.38,1.58,0.11,0.21,0.34,,,,,,,,,,,,
14.812000,79.588000,28_515_shc_2024-25.11492,Vinjamur,,,,,,,,,,,,,163.0,17.5,109.8,0.26,7.3,0.1,8.8,1.14,30.58,0.64,44.68,0.56,,,,,,,,,,,,
14.818000,79.658000,28_515_shc_2023-24.7585,Nagasamudram,176.0,16.0,117.0,0.55,7.4,0.1,14.0,0.48,12.6,0.46,9.4,0.42,,,,,,,,,,,,,,,,,,,,,,,,
14.818000,79.658000,28_515_shc_2023-24.7674,Nagasamudram,100.0,97.0,345.0,0.23,7.4,0.1,19.0,0.35,7.2,0.63,6.4,0.46,,,,,,,,,,,,,,,,,,,,,,,,
14.818000,79.658000,28_515_shc_2023-24.7687,Nagasamudram,151.0,24.0,325.0,0.21,7.4,0.1,35.0,0.48,4.9,0.71,3.8,0.23,,,,,,,,,,,,,,,,,,,,,,,,
14.818000,79.658000,28_515_shc_2023-24.7736,Nagasamudram,100.0,17.0,637.0,0.12,8.2,0.1,31.0,0.61,7.4,0.34,3.6,0.58,,,,,,,,,,,,,,,,,,,,,,,,
14.818000,79.658000,28_515_shc_2023-24.7819,Nagasamudram,163.0,38.0,462.0,0.18,7.9,0.3,59.0,0.52,8.6,1.2,4.8,0.34,,,,,,,,,,,,,,,,,,,,,,,,
14.812000,79.692000,28_515_shc_2023-24.7755,China Annaluru,63.0,3.0,273.0,1.13,7.93,0.37,21.0,0.1,8.8,0.8,8.0,0.65,,,,,,,,,,,,,,,,,,,,,,,,
14.818000,79.738000,28_515_shc_2023-24.7590,Pedakonduru,100.0,123.0,319.0,0.54,8.2,0.2,31.0,0.38,8.4,0.74,10.8,0.3,,,,,,,,,,,,,,,,,,,,,,,,
14.815000,79.735000,28_515_shc_2024-25.22858,Pedakonduru,,,,,,,,,,,,,113.0,29.5,90.4,0.1,6.92,0.38,66.8,0.38,8.16,0.64,4.12,0.88,,,,,,,,,,,,
14.812000,79.748000,28_515_shc_2024-25.22784,Pedakonduru,,,,,,,,,,,,,125.0,60.1,90.4,1.0,7.92,0.19,14.1,0.26,7.18,0.24,4.14,0.35,,,,,,,,,,,,
14.818000,79.762000,28_515_shc_2024-25.23252,Pedakonduru,,,,,,,,,,,,,100.0,25.1,58.1,0.23,8.2,0.14,73.8,0.16,5.99,0.15,3.39,0.85,,,,,,,,,,,,
14.812000,79.822000,28_515_shc_2023-24.6357,Kodandaramapuram,151.0,22.0,137.0,0.39,7.0,0.2,21.0,0.34,6.18,0.63,7.12,0.34,,,,,,,,,,,,,,,,,,,,,,,,
14.812000,79.828000,28_515_shc_2024-25.2065,China Kraka,,,,,,,,,,,,,226.0,137.6,122.7,0.26,7.74,1.01,47.4,0.14,4.38,0.16,8.36,0.97,,,,,,,,,,,,
14.812000,79.828000,28_515_shc_2024-25.13788,China Kraka,,,,,,,,,,,,,151.0,62.2,103.3,0.71,7.82,0.74,10.4,0.26,6.38,0.58,5.14,0.69,,,,,,,,,,,,
14.818000,79.912000,28_515_shc_2024-25.16416,Brahmanakraka,,,,,,,,,,,,,138.0,164.0,497.2,0.51,7.33,1.88,1.8,0.72,11.36,0.14,7.38,0.59,,,,,,,,,,,,
14.812000,79.912000,28_515_shc_2025-26.11250,Chamadala,,,,,,,,,,,,,,,,,,,,,,,,,125.0,10.6,147.5,0.1,8.2,2.43,42.03,0.26,10.81,0.84,14.6,0.58
14.812000,79.912000,28_515_shc_2025-26.11251,Chamadala,,,,,,,,,,,,,,,,,,,,,,,,,25.0,16.4,175.6,0.46,8.07,3.67,10.51,0.38,8.26,0.16,10.8,0.41
14.818000,79.958000,28_515_shc_2023-24.6482,Bitragunta,75.0,97.0,163.0,0.78,7.1,0.8,7.0,0.47,10.4,0.57,1.35,0.65,,,,,,,,,,,,,,,,,,,,,,,,
14.812000,79.978000,28_515_shc_2023-24.6489,Bitragunta,138.0,75.0,247.0,0.62,5.9,0.2,7.0,0.18,3.64,0.84,0.19,0.38,,,,,,,,,,,,,,,,,,,,,,,,
14.818000,80.042000,28_515_shc_2023-24.6508,Juvvaladinne,50.0,29.0,247.0,0.51,7.8,0.3,146.0,0.628,6.28,1.31,7.63,0.11,,,,,,,,,,,,,,,,,,,,,,,,
14.828000,79.462000,28_515_shc_2023-24.5676,Yerukollu,226.0,1.0,267.0,0.41,8.1,0.5,26.0,0.22,4.52,0.59,6.4,0.11,,,,,,,,,,,,,,,,,,,,,,,,
14.825000,79.695000,28_515_shc_2023-24.7809,Kaligiri,113.0,62.0,33.0,0.11,7.9,0.3,201.0,0.45,5.76,0.84,65.7,0.27,,,,,,,,,,,,,,,,,,,,,,,,
14.828000,79.728000,28_515_shc_2023-24.7843,Pedakonduru,75.0,61.0,357.0,0.28,7.24,0.5,66.0,0.78,6.4,0.8,21.0,2.5,,,,,,,,,,,,,,,,,,,,,,,,
14.822000,79.732000,28_515_shc_2024-25.22732,Pedakonduru,,,,,,,,,,,,,163.0,10.9,83.9,0.31,8.04,0.21,73.8,0.38,6.28,0.12,3.86,1.2,,,,,,,,,,,,
14.822000,79.908000,28_515_shc_2023-24.5458,Jaladanki,201.0,21.0,332.0,0.28,8.1,0.47,45.0,0.81,5.28,0.24,6.16,0.11,,,,,,,,,,,,,,,,,,,,,,,,
14.825000,79.955000,28_515_shc_2023-24.6595,Bitragunta,125.0,21.0,91.0,0.28,6.8,0.8,50.0,0.181,1.79,0.626,0.39,0.3,,,,,,,,,,,,,,,,,,,,,,,,
14.828000,80.032000,28_515_shc_2024-25.11779,Juvvaladinne,,,,,,,,,,,,,75.0,90.0,77.0,0.5,8.0,2.97,67.0,0.78,8.16,0.72,5.18,0.66,,,,,,,,,,,,
14.822000,80.058000,28_515_shc_2023-24.6632,Juvvaladinne,38.0,9.0,156.0,0.25,7.5,4.6,125.0,0.124,6.93,0.01,1.12,0.72,,,,,,,,,,,,,,,,,,,,,,,,
14.835000,79.575000,28_515_shc_2023-24.7250,Thurpuyerraballe,25.0,19.0,371.0,0.79,8.4,0.3,123.0,0.006,7.4,0.56,18.2,2.1,,,,,,,,,,,,,,,,,,,,,,,,
14.835000,79.575000,28_515_shc_2023-24.7387,Thurpuyerraballe,163.0,17.0,85.0,0.41,8.2,0.3,2.0,0.58,4.38,0.56,6.81,0.31,,,,,,,,,,,,,,,,,,,,,,,,
14.835000,79.575000,28_515_shc_2023-24.7388,Thurpuyerraballe,138.0,23.0,176.0,0.53,8.2,0.3,9.0,0.42,8.18,0.58,5.48,0.46,,,,,,,,,,,,,,,,,,,,,,,,
14.835000,79.575000,28_515_shc_2023-24.7392,Thurpuyerraballe,176.0,25.0,163.0,1.25,8.2,0.3,2.0,0.08,2.51,0.23,3.21,0.38,,,,,,,,,,,,,,,,,,,,,,,,
14.835000,79.575000,28_515_shc_2024-25.4219,Vinjamur,,,,,,,,,,,,,176.0,7.6,193.7,0.19,7.99,0.14,5.3,0.85,19.26,0.12,34.38,0.25,,,,,,,,,,,,
14.835000,79.575000,28_515_shc_2024-25.4224,Vinjamur,,,,,,,,,,,,,100.0,17.5,155.0,0.33,7.9,0.12,5.3,2.29,16.15,0.16,71.5,0.63,,,,,,,,,,,,
14.838000,79.652000,28_515_shc_2023-24.7681,China Annaluru,151.0,117.0,189.0,0.46,7.9,0.1,31.0,0.51,6.16,0.51,7.18,0.19,,,,,,,,,,,,,75.0,3.1,55.9,0.41,8.08,0.3,45.53,0.22,2.11,0.33,1.59,0.5
14.838000,79.652000,28_515_shc_2023-24.7682,China Annaluru,113.0,20.0,208.0,0.55,8.7,0.1,12.0,0.43,7.34,0.26,6.16,0.3,,,,,,,,,,,,,,,,,,,,,,,,
14.838000,79.652000,28_515_shc_2023-24.7788,China Annaluru,301.0,87.0,143.0,0.51,8.4,0.1,45.0,0.38,3.86,0.58,10.4,0.04,,,,,,,,,,,,,,,,,,,,,,,,
14.832000,79.662000,28_515_shc_2023-24.7666,Kaligiri,75.0,85.0,39.0,0.91,7.8,0.1,149.0,0.68,12.8,0.92,41.3,0.34,,,,,,,,,,,,,,,,,,,,,,,,
14.832000,79.678000,28_515_shc_2024-25.22772,Kaligiri,,,,,,,,,,,,,163.0,12.0,45.2,0.66,7.81,0.14,40.4,0.68,7.28,0.68,7.21,2.55,,,,,,,,,,,,
14.832000,79.732000,28_515_shc_2023-24.7589,Pedakonduru,75.0,19.0,345.0,0.58,8.5,0.1,42.0,0.61,7.6,0.41,17.1,0.15,,,,,,,,,,,,,,,,,,,,,,,,
14.832000,79.818000,28_515_shc_2023-24.6276,China Kraka,138.0,85.0,163.0,0.18,8.7,0.7,14.0,0.51,7.18,0.81,5.38,0.38,,,,,,,,,,,,,,,,,,,,,,,,
14.835000,79.895000,28_515_shc_2024-25.13533,Brahmanakraka,,,,,,,,,,,,,201.0,17.5,142.1,0.47,7.98,0.36,33.4,0.38,6.38,0.24,7.24,0.18,,,,,,,,,,,,
14.832000,79.898000,28_515_shc_2024-25.5890,Brahmanakraka,,,,,,,,,,,,,163.0,147.4,387.4,0.26,4.38,2.61,10.5,0.14,6.28,0.52,7.2,0.25,,,,,,,,,,,,
14.832000,79.898000,28_515_shc_2024-25.8720,Bitragunta,,,,,,,,,,,,,138.0,99.7,25.8,0.16,7.28,1.64,4.1,0.28,10.14,0.21,9.38,0.25,,,,,,,,,,,,
14.832000,79.898000,28_515_shc_2024-25.13538,Brahmanakraka,,,,,,,,,,,,,176.0,97.2,193.7,0.76,8.04,0.34,26.4,0.74,7.21,0.18,9.14,1.29,,,,,,,,,,,,
14.832000,79.898000,28_515_shc_2024-25.13542,Brahmanakraka,,,,,,,,,,,,,163.0,164.0,277.7,0.54,7.67,1.15,47.4,0.24,7.26,0.16,8.16,0.56,,,,,,,,,,,,
14.832000,79.898000,28_515_shc_2024-25.13624,Brahmanakraka,,,,,,,,,,,,,201.0,97.2,142.1,0.97,7.94,1.45,19.3,0.68,6.38,0.26,7.28,1.19,,,,,,,,,,,,
14.832000,79.898000,28_515_shc_2024-25.13625,Brahmanakraka,,,,,,,,,,,,,301.0,164.0,458.5,0.22,7.61,0.1,40.4,0.42,10.38,0.32,6.14,0.09,,,,,,,,,,,,
14.832000,79.898000,28_515_shc_2024-25.16524,Krishnapadu,,,,,,,,,,,,,163.0,69.9,419.7,0.2,7.16,0.38,26.4,0.68,8.78,0.28,5.31,0.75,,,,,,,,,,,,
14.832000,79.898000,28_515_shc_2024-25.17767,Bitragunta,,,,,,,,,,,,,100.0,157.2,45.2,0.42,7.45,1.38,29.9,0.46,9.8,0.18,16.8,0.25,,,,,,,,,,,,
14.835000,79.915000,28_515_shc_2023-24.4992,Brahmanakraka,163.0,17.0,163.0,0.12,7.8,0.6,45.0,0.54,10.18,0.41,9.18,0.42,,,,,,,,,,,,,,,,,,,,,,,,
14.835000,79.915000,28_515_shc_2023-24.6204,Brahmanakraka,125.0,25.0,254.0,1.0,8.1,0.6,54.0,0.56,12.18,0.32,12.16,0.72,,,,,,,,,,,,,,,,,,,,,,,,
14.838000,79.988000,28_515_shc_2025-26.6197,Gowravaram,,,,,,,,,,,,,,,,,,,,,,,,,163.0,74.5,416.0,0.19,8.0,0.33,35.02,0.35,5.91,0.15,2.01,2.61
14.838000,79.988000,28_515_shc_2025-26.6198,Gowravaram,,,,,,,,,,,,,,,,,,,,,,,,,201.0,90.6,584.0,0.2,7.4,0.59,21.01,0.37,9.15,0.25,2.03,1.82
14.838000,79.988000,28_515_shc_2025-26.6199,Gowravaram,,,,,,,,,,,,,,,,,,,,,,,,,301.0,6.1,590.0,0.23,7.42,0.82,28.02,0.54,10.32,0.21,1.95,1.6
14.832000,79.998000,28_515_shc_2025-26.2738,Gowravaram,,,,,,,,,,,,,,,,,,,,,,,,,176.0,18.4,621.0,0.2,6.99,0.22,52.53,0.17,12.01,0.43,2.08,0.82
14.832000,79.998000,28_515_shc_2025-26.2739,Gowravaram,,,,,,,,,,,,,,,,,,,,,,,,,176.0,14.6,621.0,0.13,7.12,0.34,168.11,0.23,14.05,0.4,3.48,0.88
14.832000,79.998000,28_515_shc_2025-26.9533,Gowravaram,,,,,,,,,,,,,,,,,,,,,,,,,213.0,6.9,546.0,0.15,7.16,0.38,66.54,0.18,4.95,0.11,3.05,2.14
14.832000,79.998000,28_515_shc_2025-26.9561,Gowravaram,,,,,,,,,,,,,,,,,,,,,,,,,238.0,8.4,447.0,0.13,6.99,0.2,94.56,0.14,4.59,0.33,2.15,1.13
14.832000,79.998000,28_515_shc_2025-26.9565,Gowravaram,,,,,,,,,,,,,,,,,,,,,,,,,100.0,47.62,521.0,0.31,7.12,0.39,35.02,0.46,15.4,0.01,1.87,0.82
14.832000,79.998000,28_515_shc_2025-26.9573,Gowravaram,,,,,,,,,,,,,,,,,,,,,,,,,201.0,65.3,335.0,0.1,7.0,0.4,87.56,0.19,5.18,0.26,3.17,2.14
14.832000,79.998000,28_515_shc_2025-26.9575,Gowravaram,,,,,,,,,,,,,,,,,,,,,,,,,188.0,10.0,428.0,0.06,6.99,0.22,94.56,0.38,6.2,0.2,2.1,1.32
14.832000,79.998000,28_515_shc_2025-26.9577,Gowravaram,,,,,,,,,,,,,,,,,,,,,,,,,138.0,12.3,472.0,0.1,6.82,0.29,52.53,0.17,8.17,0.31,2.53,1.19
14.832000,80.062000,28_515_shc_2024-25.7854,Thummalapenta,,,,,,,,,,,,,100.0,100.5,109.8,0.64,5.99,0.14,40.4,0.46,3.36,0.21,1.82,0.28,,,,,,,,,,,,
14.838000,80.068000,28_515_shc_2024-25.21274,Thummalapenta,,,,,,,,,,,,,151.0,14.2,161.4,0.35,6.83,0.1,54.5,0.34,2.58,0.34,4.36,0.66,,,,,,,,,,,,
14.838000,80.068000,28_515_shc_2024-25.21275,Thummalapenta,,,,,,,,,,,,,151.0,162.7,109.8,0.46,6.8,0.95,33.4,0.46,2.25,0.18,4.26,0.85,,,,,,,,,,,,
14.838000,80.068000,28_515_shc_2024-25.21277,Thummalapenta,,,,,,,,,,,,,151.0,36.0,90.4,0.94,6.86,0.1,1.8,0.38,1.36,0.14,3.42,0.54,,,,,,,,,,,,
14.838000,80.068000,28_515_shc_2024-25.21278,Thummalapenta,,,,,,,,,,,,,176.0,40.4,96.9,0.41,6.16,0.12,66.8,0.38,2.12,0.26,0.89,0.44,,,,,,,,,,,,
14.845000,79.405000,28_515_shc_2024-25.3054,Kothapeta,,,,,,,,,,,,,151.0,80.0,71.0,0.45,8.34,0.11,44.0,0.14,1.46,0.48,0.81,1.1,,,,,,,,,,,,
14.848000,79.418000,28_515_shc_2024-25.12018,Duttalur,,,,,,,,,,,,,151.0,52.0,180.0,0.2,8.07,0.13,65.0,0.21,0.26,0.38,2.16,0.94,,,,,,,,,,,,
14.842000,79.588000,28_515_shc_2023-24.5534,Akilavalasa,125.0,21.0,312.0,0.82,7.8,0.3,28.0,0.22,3.86,0.68,20.3,0.07,,,,,,,,,,,,,,,,,,,,,,,,
14.842000,79.588000,28_515_shc_2023-24.6960,Akilavalasa,163.0,43.0,117.0,0.9,7.8,0.3,24.0,0.17,2.82,0.75,14.8,0.27,,,,,,,,,,,,,,,,,,,,,,,,
14.842000,79.588000,28_515_shc_2023-24.7635,Kummarakonduru,100.0,36.0,85.0,0.88,8.8,0.2,59.0,0.47,4.38,0.38,14.2,0.46,,,,,,,,,,,,,,,,,,,,,,,,
14.842000,79.582000,28_515_shc_2023-24.5775,Vinjamur,176.0,61.0,97.0,0.68,6.4,1.1,16.0,0.16,16.91,0.72,10.4,0.42,,,,,,,,,,,,,,,,,,,,,,,,
14.842000,79.582000,28_515_shc_2023-24.5776,Vinjamur,75.0,80.0,156.0,0.62,7.9,0.3,7.0,0.98,4.25,0.94,11.2,0.76,,,,,,,,,,,,,,,,,,,,,,,,
14.848000,79.622000,28_515_shc_2023-24.5207,Vinjamur,151.0,27.0,364.0,0.32,7.3,0.2,54.0,0.09,9.0,0.4,3.6,0.8,,,,,,,,,,,,,,,,,,,,,,,,
14.842000,79.748000,28_515_shc_2024-25.22840,Pedakonduru,,,,,,,,,,,,,113.0,16.4,45.2,0.34,7.96,0.43,94.9,0.28,3.21,0.38,6.14,0.44,,,,,,,,,,,,
14.848000,79.748000,28_515_shc_2024-25.22833,Pedakonduru,,,,,,,,,,,,,251.0,123.4,167.9,0.2,7.96,0.15,26.4,0.16,6.18,0.42,3.18,2.55,,,,,,,,,,,,
14.842000,79.838000,28_515_shc_2023-24.5790,China Kraka,188.0,69.0,137.0,0.31,7.5,3.4,78.0,0.41,9.14,0.38,12.38,0.38,,,,,,,,,,,,,,,,,,,,,,,,
14.848000,79.838000,28_515_shc_2024-25.13817,China Kraka,,,,,,,,,,,,,100.0,52.4,122.7,0.32,7.46,1.75,17.6,0.16,5.18,0.28,9.16,0.31,,,,,,,,,,,,
14.842000,79.888000,28_515_shc_2024-25.16393,Brahmanakraka,,,,,,,,,,,,,138.0,116.8,148.5,0.3,7.87,1.18,8.8,0.82,6.26,0.14,10.18,1.32,,,,,,,,,,,,
14.845000,79.895000,28_515_shc_2023-24.7281,Brahmanakraka,163.0,5.0,156.0,1.19,8.5,5.8,99.0,0.01,8.08,0.39,3.8,0.58,,,,,,,,,,,,,,,,,,,,,,,,
14.848000,79.902000,28_515_shc_2025-26.9771,Brahmanakraka,,,,,,,,,,,,,,,,,,,,,,,,,25.0,19.4,175.6,0.8,8.75,1.27,101.57,0.14,5.88,0.24,5.14,0.37
14.848000,79.988000,28_515_shc_2023-24.7152,Thallapalem,113.0,9.0,666.0,0.85,6.8,2.0,26.0,0.01,7.0,0.7,16.2,0.04,,,,,,,,,,,,,,,,,,,,,,,,
14.842000,79.998000,28_515_shc_2025-26.3021,Gowravaram,,,,,,,,,,,,,,,,,,,,,,,,,238.0,1.5,428.0,0.21,7.31,0.34,52.53,0.37,4.91,0.29,1.91,2.55
14.848000,80.008000,28_515_shc_2024-25.19910,Thallapalem,,,,,,,,,,,,,113.0,22.9,322.9,0.24,7.02,2.11,12.3,0.47,7.24,0.2,0.49,0.57,,,,,,,,,,,,
14.845000,80.065000,28_515_shc_2025-26.9542,Thummalapenta,,,,,,,,,,,,,,,,,,,,,,,,,251.0,36.1,484.0,0.52,8.02,0.1,42.0,0.83,11.9,0.16,2.49,2.89
14.845000,80.065000,28_515_shc_2025-26.9543,Thummalapenta,,,,,,,,,,,,,,,,,,,,,,,,,251.0,34.6,596.0,0.45,7.88,0.1,46.0,0.33,12.3,0.39,2.01,1.76
14.845000,80.065000,28_515_shc_2025-26.9544,Thummalapenta,,,,,,,,,,,,,,,,,,,,,,,,,351.0,148.2,621.0,0.33,8.0,0.1,67.0,0.19,4.86,0.19,2.85,1.45
14.845000,80.065000,28_515_shc_2025-26.11749,Thummalapenta,,,,,,,,,,,,,,,,,,,,,,,,,226.0,92.2,397.0,0.42,8.04,0.1,42.0,0.35,9.33,0.16,2.33,0.97
14.845000,80.065000,28_515_shc_2025-26.11758,Thummalapenta,,,,,,,,,,,,,,,,,,,,,,,,,238.0,55.3,621.0,0.5,7.94,0.1,67.0,0.47,17.16,0.24,2.36,1.38
14.845000,80.065000,28_515_shc_2025-26.11759,Thummalapenta,,,,,,,,,,,,,,,,,,,,,,,,,213.0,78.3,366.0,0.4,7.94,0.1,88.0,0.51,11.25,0.19,3.01,1.19
14.845000,80.065000,28_515_shc_2025-26.11761,Thummalapenta,,,,,,,,,,,,,,,,,,,,,,,,,213.0,46.08,583.0,0.48,7.96,0.1,46.0,0.81,17.86,0.15,2.58,2.86
14.848000,80.068000,28_515_shc_2025-26.250,Thummalapenta,,,,,,,,,,,,,,,,,,,,,,,,,113.0,26.1,416.0,0.3,6.93,0.1,28.0,0.24,5.91,0.22,2.19,0.82
14.848000,80.068000,28_515_shc_2025-26.251,Thummalapenta,,,,,,,,,,,,,,,,,,,,,,,,,188.0,82.2,422.0,0.47,6.7,0.1,42.0,0.57,17.72,0.31,2.82,1.63
14.848000,80.068000,28_515_shc_2025-26.254,Thummalapenta,,,,,,,,,,,,,,,,,,,,,,,,,238.0,49.92,372.0,0.46,6.61,0.1,42.0,0.55,5.85,0.33,2.19,0.97
14.848000,80.068000,28_515_shc_2025-26.256,Thummalapenta,,,,,,,,,,,,,,,,,,,,,,,,,351.0,120.6,397.0,0.48,6.58,0.45,42.0,1.22,16.1,0.36,1.83,1.29
14.848000,80.068000,28_515_shc_2025-26.287,Thummalapenta,,,,,,,,,,,,,,,,,,,,,,,,,301.0,9.2,43.0,0.34,7.9,0.16,74.0,0.19,10.31,0.19,2.88,0.82
14.848000,80.068000,28_515_shc_2025-26.288,Thummalapenta,,,,,,,,,,,,,,,,,,,,,,,,,251.0,9.2,360.0,0.3,6.52,0.13,35.0,0.33,4.96,0.26,2.01,0.66
14.848000,80.068000,28_515_shc_2025-26.296,Thummalapenta,,,,,,,,,,,,,,,,,,,,,,,,,289.0,4.6,335.0,0.34,8.04,0.1,116.0,0.72,20.66,0.23,1.54,0.57
14.848000,80.068000,28_515_shc_2025-26.297,Thummalapenta,,,,,,,,,,,,,,,,,,,,,,,,,251.0,1.5,621.0,0.15,8.01,0.12,102.0,0.24,8.19,0.29,2.33,0.97
14.848000,80.068000,28_515_shc_2025-26.299,Thummalapenta,,,,,,,,,,,,,,,,,,,,,,,,,238.0,3.8,621.0,0.18,7.18,0.13,53.0,0.61,7.03,0.33,1.38,1.07
14.848000,80.068000,28_515_shc_2025-26.349,Thummalapenta,,,,,,,,,,,,,,,,,,,,,,,,,263.0,3.1,366.0,0.1,6.6,0.28,53.0,0.55,7.33,0.24,2.18,0.94
14.848000,80.068000,28_515_shc_2025-26.9609,Thummalapenta,,,,,,,,,,,,,,,,,,,,,,,,,276.0,2.3,509.0,0.54,7.97,1.9,28.0,0.49,8.36,0.21,1.99,0.82
14.848000,80.068000,28_515_shc_2025-26.9610,Thummalapenta,,,,,,,,,,,,,,,,,,,,,,,,,151.0,5.4,459.0,0.54,8.0,1.74,42.0,0.34,9.24,0.33,2.93,0.66
14.848000,80.068000,28_515_shc_2025-26.10551,Thummalapenta,,,,,,,,,,,,,,,,,,,,,,,,,238.0,2.3,602.0,0.24,7.86,0.1,144.0,0.31,6.35,0.26,2.14,0.88
14.848000,80.068000,28_515_shc_2025-26.10983,Thummalapenta,,,,,,,,,,,,,,,,,,,,,,,,,188.0,27.6,621.0,0.3,7.91,0.1,28.0,0.39,10.01,0.4,2.33,2.14
14.848000,80.068000,28_515_shc_2025-26.11750,Thummalapenta,,,,,,,,,,,,,,,,,,,,,,,,,213.0,60.7,317.0,0.25,7.81,0.1,67.0,0.29,7.15,0.14,2.01,1.32
14.848000,80.068000,28_515_shc_2025-26.11755,Thummalapenta,,,,,,,,,,,,,,,,,,,,,,,,,251.0,44.54,341.0,0.35,6.97,0.1,46.0,0.63,3.89,0.24,2.1,1.19
14.855000,79.405000,28_515_shc_2023-24.6445,Duttalur,151.0,1.0,26.0,0.42,8.2,0.2,19.0,0.04,2.34,0.48,6.8,0.08,,,,,,,,,,,,,,,,,,,,,,,,
14.855000,79.405000,28_515_shc_2024-25.19297,Gattupalle,,,,,,,,,,,,,125.0,79.7,264.7,0.19,8.19,0.1,17.6,0.36,4.38,0.26,8.41,1.04,,,,,,,,,,,,
14.855000,79.405000,28_515_shc_2024-25.19358,Gattupalle,,,,,,,,,,,,,125.0,69.9,284.1,0.39,8.47,0.1,17.6,0.14,3.26,0.14,8.34,0.28,,,,,,,,,,,,
14.855000,79.405000,28_515_shc_2024-25.21217,Gattupalle,,,,,,,,,,,,,125.0,17.5,471.4,0.41,7.84,0.12,12.3,0.88,0.52,0.91,6.14,1.22,,,,,,,,,,,,
14.855000,79.405000,28_515_shc_2025-26.1592,Duttalur,,,,,,,,,,,,,,,,,,,,,,,,,88.0,13.5,273.9,0.46,8.38,0.1,59.54,0.18,3.26,0.31,4.28,0.37
14.855000,79.405000,28_515_shc_2025-26.4398,Duttalur,,,,,,,,,,,,,,,,,,,,,,,,,100.0,14.1,252.8,0.12,8.34,0.1,66.54,0.31,2.14,0.28,2.16,0.58
14.852000,79.448000,28_515_shc_2025-26.7295,Brahmeswaram,,,,,,,,,,,,,,,,,,,,,,,,,63.0,20.0,238.8,0.67,8.16,0.1,28.02,0.14,0.16,0.18,3.76,0.61
14.858000,79.518000,28_515_shc_2025-26.593,Utukuru,,,,,,,,,,,,,,,,,,,,,,,,,88.0,11.5,149.0,0.3,7.2,0.15,35.02,0.51,6.17,0.15,2.95,0.35
14.858000,79.518000,28_515_shc_2025-26.594,Utukuru,,,,,,,,,,,,,,,,,,,,,,,,,88.0,13.1,180.0,0.26,6.94,0.1,45.53,0.09,7.33,0.21,3.81,0.41
14.858000,79.518000,28_515_shc_2025-26.596,Utukuru,,,,,,,,,,,,,,,,,,,,,,,,,125.0,0.8,223.5,0.21,7.27,0.1,59.54,0.11,1.78,0.19,3.02,0.06
14.858000,79.568000,28_515_shc_2024-25.10920,Vinjamur,,,,,,,,,,,,,113.0,18.6,174.3,0.25,7.81,0.14,29.9,1.41,34.84,0.28,31.12,0.94,,,,,,,,,,,,
14.858000,79.582000,28_515_shc_2025-26.7699,Vinjamur,,,,,,,,,,,,,,,,,,,,,,,,,25.0,5.4,99.3,0.25,8.04,0.25,35.02,0.53,2.83,0.15,1.89,0.44
14.855000,79.705000,28_515_shc_2024-25.22812,Ravulakollu,,,,,,,,,,,,,163.0,120.1,71.0,0.1,7.78,0.16,40.4,0.41,7.16,0.18,7.28,1.2,,,,,,,,,,,,
14.855000,79.735000,28_515_shc_2023-24.7557,Kaligiri,51.0,20.0,650.0,0.52,8.6,0.1,19.0,0.51,8.4,0.71,9.4,0.61,,,,,,,,,,,,,,,,,,,,,,,,
14.858000,79.742000,28_515_shc_2023-24.7566,Ravulakollu,125.0,19.0,579.0,0.45,8.2,0.1,19.0,0.41,7.6,0.63,12.8,0.11,,,,,,,,,,,,,,,,,,,,,,,,
14.852000,79.798000,28_515_shc_2023-24.7776,Kummarakonduru,188.0,21.0,234.0,0.86,8.07,0.63,12.0,0.18,6.8,0.68,15.0,0.9,,,,,,,,,,,,,,,,,,,,,,,,
14.855000,79.885000,28_515_shc_2024-25.1229,Brahmanakraka,,,,,,,,,,,,,176.0,137.6,368.1,0.62,5.01,2.07,26.4,0.28,8.18,0.26,4.8,1.32,,,,,,,,,,,,
14.855000,79.885000,28_515_shc_2024-25.1242,Brahmanakraka,,,,,,,,,,,,,113.0,79.7,219.5,0.9,7.26,0.24,14.1,0.46,8.42,0.34,4.26,0.22,,,,,,,,,,,,
14.855000,79.885000,28_515_shc_2024-25.1720,Brahmanakraka,,,,,,,,,,,,,226.0,99.4,206.6,0.27,8.03,0.1,40.4,0.62,6.41,0.24,9.38,3.36,,,,,,,,,,,,
14.855000,79.885000,28_515_shc_2024-25.9865,Brahmanakraka,,,,,,,,,,,,,289.0,157.2,309.9,0.34,8.48,0.2,21.1,0.45,4.66,0.13,4.86,0.69,,,,,,,,,,,,
14.855000,79.885000,28_515_shc_2024-25.9901,Brahmanakraka,,,,,,,,,,,,,125.0,108.1,309.9,0.41,8.35,0.2,33.4,0.45,8.79,0.42,14.47,0.56,,,,,,,,,,,,
14.855000,79.885000,28_515_shc_2024-25.9904,Brahmanakraka,,,,,,,,,,,,,100.0,164.0,329.3,0.81,7.36,0.15,176.0,0.88,6.86,0.26,4.38,1.89,,,,,,,,,,,,
14.855000,79.885000,28_515_shc_2024-25.9905,Brahmanakraka,,,,,,,,,,,,,125.0,1.1,342.2,0.56,7.17,0.28,14.1,0.26,10.42,0.11,6.38,0.31,,,,,,,,,,,,
14.855000,79.885000,28_515_shc_2024-25.13517,Brahmanakraka,,,,,,,,,,,,,100.0,116.8,645.7,0.9,5.76,0.23,47.4,0.32,6.46,0.38,7.16,0.34,,,,,,,,,,,,
14.855000,79.885000,28_515_shc_2024-25.13891,Brahmanakraka,,,,,,,,,,,,,163.0,42.6,200.2,0.65,8.04,1.75,1.8,0.78,9.16,0.14,9.16,1.04,,,,,,,,,,,,
14.858000,79.892000,28_515_shc_2024-25.1241,Brahmanakraka,,,,,,,,,,,,,100.0,116.8,251.8,0.27,8.02,1.54,12.3,0.48,10.18,0.24,8.38,0.22,,,,,,,,,,,,
14.858000,79.892000,28_515_shc_2024-25.1243,Brahmanakraka,,,,,,,,,,,,,151.0,116.8,251.8,0.55,8.25,0.97,40.4,0.31,9.38,0.18,7.21,0.31,,,,,,,,,,,,
14.858000,79.892000,28_515_shc_2024-25.2106,Brahmanakraka,,,,,,,,,,,,,163.0,127.8,329.3,0.87,8.05,0.1,47.4,0.84,5.14,0.42,9.16,0.22,,,,,,,,,,,,
14.858000,79.892000,28_515_shc_2024-25.13889,Brahmanakraka,,,,,,,,,,,,,138.0,17.5,174.3,0.75,8.03,0.23,47.4,0.74,7.18,0.18,12.4,0.09,,,,,,,,,,,,
14.852000,79.988000,28_515_shc_2024-25.1261,Musunuru (Part),,,,,,,,,,,,,151.0,164.0,213.0,1.04,7.59,0.62,105.0,0.58,21.18,2.0,8.16,0.56,,,,,,,,,,,,
14.852000,79.988000,28_515_shc_2024-25.8056,Gowravaram,,,,,,,,,,,,,213.0,14.2,187.3,0.1,7.0,0.48,14.1,0.21,4.18,0.16,0.81,0.32,,,,,,,,,,,,
14.852000,79.988000,28_515_shc_2024-25.8057,Gowravaram,,,,,,,,,,,,,176.0,18.6,58.1,0.5,7.19,0.86,47.4,0.18,7.26,0.16,5.38,0.35,,,,,,,,,,,,
14.852000,79.988000,28_515_shc_2024-25.8097,Gowravaram,,,,,,,,,,,,,176.0,87.4,58.1,0.45,7.08,0.51,12.3,0.48,3.28,0.15,0.59,0.22,,,,,,,,,,,,
14.852000,79.988000,28_515_shc_2024-25.8108,Gowravaram,,,,,,,,,,,,,151.0,27.3,71.0,0.98,7.19,0.39,47.4,0.18,4.18,0.26,3.81,0.32,,,,,,,,,,,,
14.852000,79.988000,28_515_shc_2024-25.8109,Musunuru (Part),,,,,,,,,,,,,151.0,164.0,58.0,0.45,7.88,0.81,88.0,0.63,24.44,0.0,6.388,0.31,,,,,,,,,,,,
14.852000,79.988000,28_515_shc_2024-25.8112,Gowravaram,,,,,,,,,,,,,100.0,3.3,115.2,0.2,7.11,1.25,19.3,0.38,1.36,0.38,4.38,0.47,,,,,,,,,,,,
14.852000,79.988000,28_515_shc_2024-25.13026,Bitragunta,,,,,,,,,,,,,75.0,25.1,19.4,0.68,7.26,1.26,5.3,0.48,16.8,0.48,9.14,0.54,,,,,,,,,,,,
14.852000,79.988000,28_515_shc_2024-25.20413,Gowravaram,,,,,,,,,,,,,176.0,164.0,161.4,0.28,7.39,0.54,43.9,0.48,7.42,0.09,0.37,0.6,,,,,,,,,,,,
14.858000,79.988000,28_515_shc_2025-26.787,Musunuru (Part),,,,,,,,,,,,,,,,,,,,,,,,,238.0,1.5,509.0,0.17,7.98,0.1,144.0,0.19,5.03,0.36,2.09,0.82
14.852000,79.998000,28_515_shc_2025-26.3037,Musunuru (Part),,,,,,,,,,,,,,,,,,,,,,,,,314.0,238.0,503.0,0.24,7.54,0.1,280.0,0.24,10.36,0.38,2.81,0.82
14.858000,80.022000,28_515_shc_2025-26.844,Thallapalem,,,,,,,,,,,,,,,,,,,,,,,,,213.0,14.6,267.0,0.64,6.77,1.8,35.02,0.39,8.18,0.3,1.39,3.14
14.858000,80.022000,28_515_shc_2025-26.7675,Thallapalem,,,,,,,,,,,,,,,,,,,,,,,,,251.0,17.7,584.0,0.6,6.2,1.03,28.02,0.47,9.87,0.29,2.85,2.23
14.862000,79.572000,28_515_shc_2025-26.2795,Vinjamur,,,,,,,,,,,,,,,,,,,,,,,,,113.0,4.6,149.0,0.27,8.11,0.3,35.02,0.37,2.96,0.15,1.29,0.75
14.868000,79.618000,28_515_shc_2023-24.7596,China Annaluru,100.0,25.0,39.0,0.52,7.9,0.1,172.0,0.48,4.68,0.71,58.4,0.11,,,,,,,,,,,,,,,,,,,,,,,,
14.862000,79.702000,28_515_shc_2024-25.22825,Ravulakollu,,,,,,,,,,,,,176.0,159.4,45.2,0.29,7.78,0.12,40.4,0.38,7.21,0.12,6.28,0.6,,,,,,,,,,,,
14.862000,79.758000,28_515_shc_2023-24.7815,Krakuturu,226.0,12.0,163.0,0.21,9.1,0.2,17.0,0.51,5.18,0.48,20.8,0.23,,,,,,,,,,,,,,,,,,,,,,,,
14.862000,79.758000,28_515_shc_2023-24.7830,Krakuturu,301.0,100.0,150.0,0.35,8.9,0.2,125.0,0.34,16.37,0.32,27.9,0.34,,,,,,,,,,,,,,,,,,,,,,,,
14.868000,79.988000,28_515_shc_2024-25.20230,Musunuru (Part),,,,,,,,,,,,,100.0,164.0,103.0,0.48,7.98,1.21,121.0,0.11,25.51,0.52,2.34,0.5,,,,,,,,,,,,
14.868000,79.998000,28_515_shc_2023-24.6189,Musunuru (Part),138.0,14.0,117.0,0.71,6.6,1.6,5.0,0.001,3.52,0.31,6.9,0.3,,,,,,,,,,,,,,,,,,,,,,,,
14.862000,79.998000,28_515_shc_2025-26.751,Musunuru (Part),,,,,,,,,,,,,,,,,,,,,,,,,276.0,1.5,323.0,0.1,8.1,0.23,53.0,0.55,8.87,0.19,2.38,0.82
14.862000,79.992000,28_515_shc_2025-26.6148,Musunuru (Part),,,,,,,,,,,,,,,,,,,,,,,,,226.0,10.8,621.0,0.58,7.86,0.1,137.0,0.45,3.88,0.26,1.47,0.35
14.862000,80.002000,28_515_shc_2025-26.2912,Musunuru (Part),,,,,,,,,,,,,,,,,,,,,,,,,238.0,6.1,434.0,0.15,8.37,0.42,74.0,0.35,8.01,0.18,2.1,0.75
14.872000,79.542000,28_515_shc_2025-26.8570,Ravipadu,,,,,,,,,,,,,,,,,,,,,,,,,63.0,26.1,155.2,0.45,7.01,0.1,45.53,0.29,8.12,0.26,3.11,0.66
14.878000,79.818000,28_515_shc_2025-26.138,Annavaram,,,,,,,,,,,,,,,,,,,,,,,,,276.0,8.18,316.0,0.88,7.09,0.1,17.51,0.18,4.38,0.18,3.24,0.03
14.878000,79.818000,28_515_shc_2025-26.139,Annavaram,,,,,,,,,,,,,,,,,,,,,,,,,38.0,10.0,105.3,0.14,7.64,0.2,17.51,0.14,8.26,0.26,3.26,0.37
14.872000,79.898000,28_515_shc_2024-25.16550,Jaladanki,,,,,,,,,,,,,125.0,108.1,445.5,0.47,8.58,0.1,8.8,0.39,5.29,0.46,5.86,1.1,,,,,,,,,,,,
14.875000,79.905000,28_515_shc_2023-24.5653,Jaladanki,138.0,27.0,116.0,0.2,8.0,0.1,14.0,0.11,4.11,0.46,6.38,0.08,,,,,,,,,,,,,,,,,,,,,,,,
14.878000,79.908000,28_515_shc_2023-24.5237,Jaladanki,127.0,32.0,122.0,0.4,8.1,0.4,7.0,0.61,4.78,0.61,5.48,0.15,,,,,,,,,,,,,,,,,,,,,,,,
14.878000,79.908000,28_515_shc_2025-26.2507,Jaladanki,,,,,,,,,,,,,,,,,,,,,,,,,38.0,94.0,91.3,0.32,7.83,0.16,28.02,0.24,13.86,0.24,4.26,0.27
14.878000,79.908000,28_515_shc_2025-26.5914,Jaladanki,,,,,,,,,,,,,,,,,,,,,,,,,25.0,11.2,98.3,0.28,8.2,0.29,210.14,0.21,4.28,0.14,14.12,0.58
14.878000,79.908000,28_515_shc_2025-26.5915,Jaladanki,,,,,,,,,,,,,,,,,,,,,,,,,75.0,72.8,91.3,0.99,8.04,0.32,31.7,0.14,3.16,0.1,2.16,0.55
14.875000,79.915000,28_515_shc_2025-26.6020,Jaladanki,,,,,,,,,,,,,,,,,,,,,,,,,151.0,11.2,77.3,0.53,8.01,0.1,129.59,0.2,1.0,0.16,4.52,0.15
14.875000,79.915000,28_515_shc_2025-26.11244,Jaladanki,,,,,,,,,,,,,,,,,,,,,,,,,63.0,33.48,49.2,0.32,6.87,1.15,52.53,0.34,6.19,0.06,1.13,0.48
14.875000,79.915000,28_515_shc_2025-26.11266,Jaladanki,,,,,,,,,,,,,,,,,,,,,,,,,88.0,58.1,168.6,0.71,6.27,1.09,80.55,0.38,3.88,0.1,2.12,0.48
14.875000,79.915000,28_515_shc_2025-26.11267,Jaladanki,,,,,,,,,,,,,,,,,,,,,,,,,100.0,14.7,119.4,0.5,7.3,0.84,80.55,0.21,2.21,0.12,2.18,0.44
14.872000,79.988000,28_515_shc_2023-24.5858,Musunuru (Part),213.0,40.0,78.0,0.68,6.9,0.7,50.0,0.001,24.9,0.03,9.6,0.08,,,,,,,,,,,,,,,,,,,,,,,,
14.872000,79.988000,28_515_shc_2024-25.7985,Musunuru (Part),,,,,,,,,,,,,113.0,164.0,122.0,0.41,7.78,0.4,65.0,0.42,16.14,0.18,8.34,0.34,,,,,,,,,,,,
14.872000,79.988000,28_515_shc_2024-25.15911,Musunuru (Part),,,,,,,,,,,,,100.0,164.0,39.0,0.48,7.59,0.39,109.0,0.69,22.84,0.29,3.8,1.13,,,,,,,,,,,,
14.878000,80.032000,28_515_shc_2025-26.503,Thallapalem,,,,,,,,,,,,,,,,,,,,,,,,,226.0,38.4,621.0,0.38,7.61,0.53,35.02,0.26,8.02,0.09,2.95,1.45
14.888000,79.388000,28_515_shc_2023-24.6372,Mandallanaidupalle,301.0,8.0,59.0,0.13,7.7,0.4,54.0,0.15,3.2,0.51,2.4,0.04,,,,,,,,,,,,,,,,,,,,,,,,
14.882000,79.428000,28_515_shc_2024-25.11931,Narrawada,,,,,,,,,,,,,113.0,164.0,97.0,0.26,6.59,0.31,60.0,0.14,1.81,0.13,4.28,0.59,,,,,,,,,,,,
14.888000,79.428000,28_515_shc_2025-26.4666,Narrawada,,,,,,,,,,,,,,,,,,,,,,,,,63.0,13.5,119.4,0.98,8.5,0.1,17.51,0.16,1.41,0.21,1.26,0.89
14.885000,79.565000,28_515_shc_2023-24.6186,Utukuru,163.0,25.0,104.0,0.18,8.1,0.3,109.0,0.09,6.74,0.485,3.1,0.61,,,,,,,,,,,,,,,,,,,,,,,,
14.885000,79.565000,28_515_shc_2023-24.7156,Utukuru,163.0,34.0,137.0,0.33,8.0,0.3,57.0,0.264,5.96,0.137,6.28,0.27,,,,,,,,,,,,,,,,,,,,,,,,
14.882000,79.848000,28_515_shc_2025-26.11482,Annavaram,,,,,,,,,,,,,,,,,,,,,,,,,163.0,15.3,189.6,1.01,7.09,0.1,10.51,0.12,6.18,0.21,2.04,0.31
14.882000,79.848000,28_515_shc_2025-26.11485,Annavaram,,,,,,,,,,,,,,,,,,,,,,,,,100.0,18.8,98.3,0.35,7.02,0.14,42.03,0.16,2.38,0.16,2.16,0.51
14.885000,79.905000,28_515_shc_2023-24.5451,Jaladanki,163.0,14.0,176.0,0.28,8.5,0.53,135.0,0.16,8.14,0.61,6.24,0.15,,,,,,,,,,,,,,,,,,,,,,,,
14.882000,79.908000,28_515_shc_2025-26.10665,Jaladanki,,,,,,,,,,,,,,,,,,,,,,,,,401.0,56.4,189.6,0.75,7.58,0.1,45.53,0.11,2.26,0.08,1.425,0.61
14.882000,79.902000,28_515_shc_2025-26.10684,Jaladanki,,,,,,,,,,,,,,,,,,,,,,,,,176.0,1.2,189.6,0.52,7.42,0.56,87.56,0.27,12.39,0.12,13.65,2.59
14.882000,79.912000,28_515_shc_2024-25.5881,Jaladanki,,,,,,,,,,,,,213.0,164.0,219.5,0.45,7.82,0.1,54.5,1.36,13.27,0.14,23.9,0.37,,,,,,,,,,,,
14.882000,79.912000,28_515_shc_2024-25.19195,Jaladanki,,,,,,,,,,,,,163.0,164.0,155.0,0.16,8.04,0.1,5.3,0.72,8.26,0.21,7.36,0.56,,,,,,,,,,,,
14.882000,79.912000,28_515_shc_2024-25.19619,Jaladanki,,,,,,,,,,,,,226.0,1.1,129.1,0.75,8.21,0.1,165.2,0.64,7.53,0.42,15.18,0.5,,,,,,,,,,,,
14.882000,79.912000,28_515_shc_2024-25.19620,Jaladanki,,,,,,,,,,,,,263.0,116.8,400.3,0.78,5.24,0.1,161.7,0.54,8.79,0.39,8.36,0.91,,,,,,,,,,,,
14.882000,79.912000,28_515_shc_2024-25.20363,Jaladanki,,,,,,,,,,,,,138.0,1.1,645.7,0.31,5.35,0.71,22.8,0.27,2.58,0.12,9.94,1.41,,,,,,,,,,,,
14.882000,79.912000,28_515_shc_2025-26.11258,Jaladanki,,,,,,,,,,,,,,,,,,,,,,,,,138.0,63.4,407.3,0.66,7.68,0.89,66.54,0.21,8.14,0.26,8.21,0.75
14.888000,79.942000,28_515_shc_2023-24.6350,Budamagunta,113.0,38.0,91.0,0.79,8.2,1.0,28.0,0.001,5.57,0.23,10.4,0.04,,,,,,,,,,,,,,,,,,,,,,,,
14.888000,79.948000,28_515_shc_2023-24.6857,Budamagunta,100.0,40.0,117.0,0.12,6.8,0.9,73.0,0.001,20.9,-0.99,4.7,0.11,,,,,,,,,,,,,,,,,,,,,,,,
14.888000,79.948000,28_515_shc_2024-25.1384,Budamagunta,,,,,,,,,,,,,188.0,164.0,148.0,0.48,6.78,0.2,137.0,0.78,16.1,0.71,9.16,0.44,,,,,,,,,,,,
14.888000,79.948000,28_515_shc_2024-25.8287,Budamagunta,,,,,,,,,,,,,113.0,164.0,161.0,1.24,6.71,0.24,58.0,1.93,16.07,1.68,10.31,0.5,,,,,,,,,,,,
14.888000,79.948000,28_515_shc_2024-25.8340,Budamagunta,,,,,,,,,,,,,100.0,164.0,122.0,0.48,8.01,1.53,112.0,1.14,23.5,0.98,9.88,0.5,,,,,,,,,,,,
14.888000,79.948000,28_515_shc_2024-25.20220,Budamagunta,,,,,,,,,,,,,100.0,164.0,90.0,0.87,7.61,0.38,37.0,0.76,18.62,0.42,5.38,0.44,,,,,,,,,,,,
14.888000,79.948000,28_515_shc_2024-25.20226,Budamagunta,,,,,,,,,,,,,100.0,164.0,71.0,0.5,8.25,0.4,37.0,0.58,16.58,0.38,6.42,0.31,,,,,,,,,,,,
14.888000,79.948000,28_515_shc_2024-25.20236,Budamagunta,,,,,,,,,,,,,125.0,164.0,129.0,0.63,7.51,0.39,58.0,1.95,2.152,0.4,2.89,0.56,,,,,,,,,,,,
14.888000,79.948000,28_515_shc_2024-25.20242,Budamagunta,,,,,,,,,,,,,63.0,164.0,71.0,1.03,7.71,0.68,81.0,0.62,20.14,0.34,6.24,0.5,,,,,,,,,,,,
14.888000,79.962000,28_515_shc_2025-26.2881,Budamagunta,,,,,,,,,,,,,,,,,,,,,,,,,251.0,26.1,385.0,0.34,6.46,0.1,123.0,0.19,1.03,0.33,1.39,0.85
14.888000,79.962000,28_515_shc_2025-26.10444,Budamagunta,,,,,,,,,,,,,,,,,,,,,,,,,238.0,26.9,360.0,0.38,7.49,0.19,116.0,0.45,3.68,0.53,1.3,0.91
14.888000,79.962000,28_515_shc_2025-26.10447,Budamagunta,,,,,,,,,,,,,,,,,,,,,,,,,201.0,12.3,608.0,0.8,7.48,0.1,109.0,0.41,3.87,0.17,2.31,0.75
14.888000,79.962000,28_515_shc_2025-26.10450,Budamagunta,,,,,,,,,,,,,,,,,,,,,,,,,238.0,32.3,397.0,0.52,7.12,0.13,81.0,0.36,8.05,0.19,1.81,0.5
14.888000,79.962000,28_515_shc_2025-26.10451,Budamagunta,,,,,,,,,,,,,,,,,,,,,,,,,201.0,15.0,434.0,0.76,7.37,0.1,102.0,0.48,4.05,0.26,3.05,0.66
14.888000,79.962000,28_515_shc_2025-26.10453,Budamagunta,,,,,,,,,,,,,,,,,,,,,,,,,176.0,13.1,434.0,0.52,7.73,0.1,130.0,0.44,8.15,0.24,1.99,0.66
14.888000,80.018000,28_515_shc_2025-26.8505,Kavali Bit - II (Rural),,,,,,,,,,,,,,,,,,,,,,,,,263.0,43.78,577.0,0.8,7.5,2.12,28.02,0.6,16.1,0.29,1.63,1.13
14.892000,79.458000,28_515_shc_2023-24.5470,Narrawada,138.0,6.0,85.0,0.62,7.5,0.2,64.0,0.1,2.28,0.55,9.14,0.04,,,,,,,,,,,,,,,,,,,,,,,,
14.895000,79.595000,28_515_shc_2024-25.18219,Katepalle,,,,,,,,,,,,,176.0,42.6,167.9,0.52,8.41,0.14,12.3,0.86,31.9,0.35,70.8,0.97,,,,,,,,,,,,
14.895000,79.595000,28_515_shc_2024-25.18341,Katepalle,,,,,,,,,,,,,100.0,62.2,122.7,0.45,8.43,0.21,26.4,0.38,18.38,0.18,6.14,0.09,,,,,,,,,,,,
14.892000,79.678000,28_515_shc_2023-24.7656,China Annaluru,125.0,12.0,267.0,0.25,8.2,0.2,40.0,0.44,5.71,0.41,8.16,0.88,,,,,,,,,,,,,,,,,,,,,,,,
14.895000,79.775000,28_515_shc_2023-24.5005,Kesavaram,201.0,21.0,137.0,0.14,6.1,0.53,45.0,0.41,5.18,0.32,3.61,0.27,,,,,,,,,,,,,,,,,,,,,,,,
14.895000,79.775000,28_515_shc_2023-24.6168,Chodavaram,163.0,52.0,280.0,0.5,7.4,1.3,17.0,0.41,5.81,0.71,5.84,0.04,,,,,,,,,,,,,,,,,,,,,,,,
14.895000,79.775000,28_515_shc_2023-24.6733,Kesavaram,176.0,20.0,202.0,0.22,7.8,0.21,24.0,0.18,6.38,0.41,4.13,0.08,,,,,,,,,,,,,,,,,,,,,,,,
14.892000,79.852000,28_515_shc_2023-24.7659,Ananthapuram,100.0,9.0,78.0,0.72,7.8,0.2,14.0,0.56,6.38,0.48,24.5,0.3,,,,,,,,,,,,,,,,,,,,,,,,
14.892000,79.868000,28_515_shc_2023-24.5651,Gattupalle,125.0,35.0,169.0,0.83,8.4,0.24,24.0,0.6,6.7,0.01,2.0,0.01,,,,,,,,,,,,,,,,,,,,,,,,
14.892000,79.938000,28_515_shc_2025-26.207,Jammalapalem,,,,,,,,,,,,,,,,,,,,,,,,,138.0,14.7,112.4,0.21,7.71,1.57,80.55,0.28,3.21,0.24,6.38,0.51
14.892000,79.938000,28_515_shc_2025-26.9794,Jammalapalem,,,,,,,,,,,,,,,,,,,,,,,,,100.0,65.8,63.2,0.41,7.98,1.07,73.55,0.18,6.28,0.26,4.26,0.95
14.892000,79.932000,28_515_shc_2025-26.9772,Jammalapalem,,,,,,,,,,,,,,,,,,,,,,,,,100.0,20.6,56.2,0.65,8.26,2.14,35.02,0.36,7.21,0.26,5.36,0.51
14.898000,79.942000,28_515_shc_2023-24.5656,Jammalapalem,201.0,20.0,174.0,0.4,8.1,0.2,16.0,0.46,5.3,0.38,4.26,0.38,,,,,,,,,,,,,,,,,,,,,,,,
14.898000,79.992000,28_515_shc_2024-25.2785,Mannangidinne,,,,,,,,,,,,,138.0,122.0,155.0,0.35,7.58,1.58,65.0,2.38,13.1,0.18,8.3,0.25,,,,,,,,,,,,
14.898000,79.992000,28_515_shc_2024-25.2786,Mannangidinne,,,,,,,,,,,,,125.0,138.0,84.0,0.35,7.96,0.5,109.0,0.33,20.1,0.36,8.1,0.5,,,,,,,,,,,,
14.898000,79.992000,28_515_shc_2024-25.3300,Mannangidinne,,,,,,,,,,,,,176.0,85.2,155.0,0.62,6.75,0.1,29.9,0.18,4.18,0.28,3.24,0.41,,,,,,,,,,,,
14.898000,79.992000,28_515_shc_2024-25.16093,Mannangidinne,,,,,,,,,,,,,176.0,118.0,142.0,1.24,7.82,0.56,176.0,2.56,21.2,0.8,6.86,0.66,,,,,,,,,,,,
14.898000,79.992000,28_515_shc_2024-25.16098,Mannangidinne,,,,,,,,,,,,,100.0,140.0,528.0,0.0,7.82,0.03,77.0,0.26,18.4,0.38,5.8,0.12,,,,,,,,,,,,
14.898000,79.992000,28_515_shc_2024-25.16127,Mannangidinne,,,,,,,,,,,,,125.0,68.0,303.0,1.15,7.75,0.51,44.0,2.51,18.3,0.14,6.62,0.28,,,,,,,,,,,,
14.895000,80.035000,28_515_shc_2025-26.10987,Mannangidinne,,,,,,,,,,,,,,,,,,,,,,,,,263.0,44.54,341.0,0.2,6.94,0.93,129.59,0.26,7.15,0.28,2.05,1.95
14.895000,80.035000,28_515_shc_2025-26.10989,Mannangidinne,,,,,,,,,,,,,,,,,,,,,,,,,464.0,34.6,348.0,0.18,6.9,1.07,80.55,0.37,4.87,0.22,2.33,1.92
14.898000,80.048000,28_515_shc_2023-24.7317,Thummalapenta,113.0,43.0,78.0,0.32,6.0,0.3,66.0,0.32,1.42,0.18,4.2,0.18,,,,,,,,,,,,,,,,,,,,,,,,
14.898000,80.048000,28_515_shc_2023-24.7320,Chennayapalem,213.0,5.0,520.0,0.62,6.6,1.7,87.0,1.24,9.28,0.68,6.2,0.15,,,,,,,,,,,,,,,,,,,,,,,,
14.905000,79.375000,28_515_shc_2023-24.5174,Appasamudram,88.0,1.0,13.0,0.42,8.3,0.5,24.0,0.001,6.2,0.96,3.8,1.37,,,,,,,,,,,,,,,,,,,,,,,,
14.908000,79.462000,28_515_shc_2023-24.6966,Kothapeta,88.0,14.0,305.0,0.37,6.2,0.12,17.0,0.38,7.15,0.24,3.84,1.64,,,,,,,,,,,,,,,,,,,,,,,,
14.908000,79.462000,28_515_shc_2023-24.6974,Kothapeta,125.0,1.0,500.0,0.86,8.1,0.16,17.0,0.56,7.04,0.18,4.16,1.16,,,,,,,,,,,,,,,,,,,,,,,,
14.902000,79.562000,28_515_shc_2023-24.7169,Turpurompidodla,176.0,15.0,104.0,0.18,8.3,0.5,109.0,0.36,6.13,0.26,3.18,0.23,,,,,,,,,,,,,,,,,,,,,,,,
14.908000,79.568000,28_515_shc_2025-26.8660,Katepalle,,,,,,,,,,,,,,,,,,,,,,,,,25.0,11.5,124.1,0.2,7.57,0.1,95.0,0.14,1.16,0.23,1.03,1.1
14.908000,79.648000,28_515_shc_2024-25.22738,Thellapadu,,,,,,,,,,,,,188.0,10.9,96.9,0.74,8.11,0.21,5.3,0.42,4.14,0.32,8.36,2.74,,,,,,,,,,,,
14.908000,79.648000,28_515_shc_2024-25.22899,Thellapadu,,,,,,,,,,,,,238.0,163.8,109.8,1.11,8.16,0.15,5.3,0.38,5.22,0.24,9.18,1.2,,,,,,,,,,,,
14.908000,79.648000,28_515_shc_2024-25.23147,China Annaluru,,,,,,,,,,,,,188.0,163.8,122.7,0.17,7.06,0.17,5.3,0.56,4.26,0.38,4.14,0.25,,,,,,,,,,,,
14.902000,79.778000,28_515_shc_2023-24.5000,Kesavaram,113.0,23.0,124.0,0.1,7.0,0.11,24.0,0.53,3.84,0.41,9.48,0.23,,,,,,,,,,,,,,,,,,,,,,,,
14.902000,79.788000,28_515_shc_2025-26.8807,Kesavaram,,,,,,,,,,,,,,,,,,,,,,,,,38.0,10.6,141.5,0.91,7.17,0.12,21.01,0.46,9.21,0.42,9.81,1.12
14.908000,79.798000,28_515_shc_2025-26.7571,Kesavaram,,,,,,,,,,,,,,,,,,,,,,,,,163.0,9.4,280.9,0.65,7.03,0.2,21.01,0.21,6.14,0.38,7.62,0.95
14.908000,79.798000,28_515_shc_2025-26.7574,Kesavaram,,,,,,,,,,,,,,,,,,,,,,,,,188.0,7.0,84.3,0.5,7.24,0.16,87.56,0.36,5.21,0.21,8.38,0.58
14.908000,79.888000,28_515_shc_2025-26.11445,Jaladanki,,,,,,,,,,,,,,,,,,,,,,,,,188.0,5.3,112.4,1.0,7.5,0.18,80.55,0.15,16.26,0.12,5.89,1.94
14.908000,79.992000,28_515_shc_2023-24.7315,Budamagunta,213.0,1.0,98.0,0.54,6.4,0.2,21.0,0.52,4.62,1.56,4.8,0.96,,,,,,,,,,,,,,,,,,,,,,,,
14.912000,79.418000,28_515_shc_2025-26.4516,Theddupadu,,,,,,,,,,,,,,,,,,,,,,,,,50.0,10.6,280.9,0.62,8.52,0.15,66.54,0.156,0.27,0.18,2.14,2.52
14.918000,79.422000,28_515_shc_2023-24.5485,Theddupadu,151.0,8.0,59.0,0.65,8.3,1.1,19.0,0.57,11.02,0.75,8.4,0.11,,,,,,,,,,,,,,,,,,,,,,,,
14.915000,79.425000,28_515_shc_2025-26.4436,Theddupadu,,,,,,,,,,,,,,,,,,,,,,,,,63.0,10.6,133.4,0.74,8.12,0.16,94.56,0.28,1.56,0.28,4.32,0.89
14.918000,79.472000,28_515_shc_2024-25.2532,Kothapeta,,,,,,,,,,,,,138.0,117.0,122.0,1.11,7.46,0.14,77.0,0.21,0.98,0.18,1.46,1.1,,,,,,,,,,,,
14.918000,79.472000,28_515_shc_2024-25.12521,Kothapeta,,,,,,,,,,,,,63.0,138.0,71.0,0.39,8.09,0.15,86.0,0.14,0.94,0.24,2.36,0.22,,,,,,,,,,,,
14.918000,79.472000,28_515_shc_2024-25.12522,Kothapeta,,,,,,,,,,,,,88.0,80.0,64.0,0.41,7.61,0.1,26.0,0.21,1.52,0.41,1.19,0.56,,,,,,,,,,,,
14.918000,79.472000,28_515_shc_2024-25.12535,Kothapeta,,,,,,,,,,,,,113.0,164.0,97.0,0.02,8.13,0.13,44.0,0.14,1.38,0.28,2.38,0.78,,,,,,,,,,,,
14.918000,79.472000,28_515_shc_2024-25.12556,Kothapeta,,,,,,,,,,,,,151.0,157.0,90.0,0.17,7.7,0.14,84.0,0.24,1.21,0.48,1.41,0.5,,,,,,,,,,,,
14.918000,79.472000,28_515_shc_2024-25.12577,Kothapeta,,,,,,,,,,,,,176.0,138.0,77.0,0.27,8.22,0.12,40.0,0.18,0.66,1.09,1.42,1.41,,,,,,,,,,,,
14.918000,79.532000,28_515_shc_2025-26.2883,Thamidapadu,,,,,,,,,,,,,,,,,,,,,,,,,88.0,13.1,62.1,0.12,7.23,0.1,130.0,0.48,6.1,0.22,1.97,0.57
14.918000,79.678000,28_515_shc_2023-24.5082,Ganugapenta,125.0,24.0,163.0,0.31,8.2,0.5,59.0,0.48,7.84,0.38,2.64,0.08,,,,,,,,,,,,,,,,,,,,,,,,
14.915000,79.705000,28_515_shc_2023-24.7670,China Annaluru,201.0,23.0,189.0,0.73,8.5,0.3,17.0,2.0,6.76,0.71,12.36,0.95,,,,,,,,,,,,,,,,,,,,,,,,
14.915000,79.705000,28_515_shc_2024-25.22739,China Annaluru,,,,,,,,,,,,,176.0,164.0,90.4,0.72,7.84,0.16,8.8,0.54,6.14,0.16,4.14,0.35,,,,,,,,,,,,
14.915000,79.705000,28_515_shc_2024-25.22888,China Annaluru,,,,,,,,,,,,,88.0,164.0,109.8,0.52,7.86,0.1,1.8,0.66,7.28,0.24,7.26,0.54,,,,,,,,,,,,
14.915000,79.705000,28_515_shc_2024-25.22892,China Annaluru,,,,,,,,,,,,,138.0,40.4,58.1,0.52,7.55,0.1,5.3,0.59,6.38,0.44,6.24,0.54,,,,,,,,,,,,
14.915000,79.705000,28_515_shc_2024-25.22906,China Annaluru,,,,,,,,,,,,,63.0,33.8,135.6,0.31,7.62,0.2,12.3,0.66,4.56,0.27,8.25,0.09,,,,,,,,,,,,
14.915000,79.705000,28_515_shc_2024-25.23072,China Annaluru,,,,,,,,,,,,,188.0,164.0,90.4,0.58,8.01,0.1,19.3,0.71,8.26,0.14,8.34,0.35,,,,,,,,,,,,
14.915000,79.705000,28_515_shc_2024-25.23098,China Annaluru,,,,,,,,,,,,,125.0,113.6,142.1,0.31,8.11,0.11,5.3,0.77,0.96,0.62,8.34,0.47,,,,,,,,,,,,
14.915000,79.705000,28_515_shc_2024-25.23107,China Annaluru,,,,,,,,,,,,,100.0,131.0,245.4,0.54,8.09,0.11,1.8,0.62,5.48,0.27,1.32,0.22,,,,,,,,,,,,
14.918000,80.042000,28_515_shc_2024-25.16054,Thummalapenta,,,,,,,,,,,,,213.0,47.0,187.3,0.77,6.61,0.18,1.8,0.418,1.48,0.26,2.67,0.47,,,,,,,,,,,,
14.912000,80.042000,28_515_shc_2024-25.16091,Thummalapenta,,,,,,,,,,,,,113.0,33.8,406.8,0.64,6.92,0.14,54.5,0.36,2.41,0.28,6.38,0.98,,,,,,,,,,,,
14.928000,79.678000,28_515_shc_2025-26.10698,Settipalem,,,,,,,,,,,,,,,,,,,,,,,,,138.0,28.4,285.5,0.18,8.43,0.2,17.51,0.15,2.36,0.38,1.26,0.38
14.928000,79.678000,28_515_shc_2025-26.10699,Settipalem,,,,,,,,,,,,,,,,,,,,,,,,,176.0,37.6,322.6,0.24,7.64,0.23,21.01,0.28,3.67,0.2,3.11,0.5
14.928000,79.988000,28_515_shc_2024-25.15891,Maddurupadu (Part),,,,,,,,,,,,,138.0,99.0,64.0,0.53,5.79,0.09,18.0,0.36,26.8,0.95,7.59,0.66,,,,,,,,,,,,
14.928000,80.028000,28_515_shc_2023-24.7106,Palukur,100.0,23.0,293.0,0.42,7.3,0.2,45.0,0.36,9.4,0.05,4.2,0.64,,,,,,,,,,,,,,,,,,,,,,,,
14.928000,80.062000,28_515_shc_2023-24.7313,Thummalapenta,238.0,103.0,52.0,1.15,7.0,0.9,142.0,1.49,6.5,0.01,3.29,0.15,,,,,,,,,,,,,,,,,,,,,,,,
14.938000,79.418000,28_515_shc_2025-26.5424,Theddupadu,,,,,,,,,,,,,,,,,,,,,,,,,13.0,12.9,196.6,0.12,8.42,0.1,35.02,0.16,2.28,0.24,3.31,0.89
14.938000,79.422000,28_515_shc_2025-26.5461,Theddupadu,,,,,,,,,,,,,,,,,,,,,,,,,25.0,5.9,358.2,0.69,8.05,0.1,45.53,0.17,0.15,0.19,1.96,0.17
14.932000,79.548000,28_515_shc_2024-25.20864,Thamidapadu,,,,,,,,,,,,,213.0,1.1,174.3,0.45,7.66,0.18,26.4,0.74,18.16,0.11,16.18,0.72,,,,,,,,,,,,
14.932000,79.602000,28_515_shc_2025-26.3248,Gottigundala,,,,,,,,,,,,,,,,,,,,,,,,,263.0,13.1,279.3,0.23,7.52,0.1,17.51,0.1,2.05,0.34,2.08,0.09
14.935000,79.675000,28_515_shc_2025-26.6481,Settipalem,,,,,,,,,,,,,,,,,,,,,,,,,176.0,23.8,273.1,0.18,8.74,0.15,17.51,0.61,5.1,0.22,2.18,1.19
14.935000,79.675000,28_515_shc_2025-26.8901,Settipalem,,,,,,,,,,,,,,,,,,,,,,,,,151.0,3.8,149.0,0.24,8.49,0.2,28.02,0.38,4.95,0.17,2.33,0.72
14.935000,80.025000,28_515_shc_2023-24.6849,Anemadugu,25.0,36.0,163.0,0.81,6.9,1.2,28.0,0.01,15.2,0.73,4.8,0.04,,,,,,,,,,,,,,,,,,,,,,,,
14.935000,80.055000,28_515_shc_2025-26.744,Thummalapenta,,,,,,,,,,,,,,,,,,,,,,,,,251.0,42.24,403.0,0.13,6.12,0.94,46.0,0.65,2.86,0.04,3.6,3.14
14.935000,80.055000,28_515_shc_2025-26.2747,Thummalapenta,,,,,,,,,,,,,,,,,,,,,,,,,289.0,21.5,329.0,0.15,7.4,1.32,116.0,0.38,4.38,0.24,2.17,2.58
14.935000,80.055000,28_515_shc_2025-26.2803,Thummalapenta,,,,,,,,,,,,,,,,,,,,,,,,,289.0,46.85,317.0,0.18,6.2,0.73,60.0,0.25,4.91,0.2,3.05,1.38
14.935000,80.055000,28_515_shc_2025-26.2817,Thummalapenta,,,,,,,,,,,,,,,,,,,,,,,,,301.0,24.6,317.0,0.1,6.8,0.79,42.0,0.24,9.26,0.18,1.95,2.39
14.935000,80.055000,28_515_shc_2025-26.2818,Thummalapenta,,,,,,,,,,,,,,,,,,,,,,,,,289.0,33.8,329.0,0.15,6.37,0.69,53.0,0.13,11.1,0.29,2.01,1.6
14.935000,80.055000,28_515_shc_2025-26.2823,Thummalapenta,,,,,,,,,,,,,,,,,,,,,,,,,251.0,37.6,335.0,0.2,6.07,0.9,42.0,0.37,3.85,0.01,2.97,1.95
14.948000,79.518000,28_515_shc_2025-26.6121,Chakalakonda,,,,,,,,,,,,,,,,,,,,,,,,,13.0,3.8,74.5,0.13,7.09,0.1,108.57,0.24,8.88,0.26,2.87,0.82
14.948000,79.528000,28_515_shc_2024-25.4136,Chakalakonda,,,,,,,,,,,,,100.0,17.5,309.9,0.25,7.93,0.24,33.4,1.13,23.42,0.22,59.6,0.44,,,,,,,,,,,,
14.948000,79.528000,28_515_shc_2024-25.4145,Chakalakonda,,,,,,,,,,,,,113.0,89.5,200.2,0.52,7.78,0.16,1.8,0.54,14.28,0.28,21.18,0.56,,,,,,,,,,,,
14.948000,79.528000,28_515_shc_2024-25.4146,Chakalakonda,,,,,,,,,,,,,88.0,34.9,271.2,0.48,7.85,0.18,47.4,0.61,10.16,0.16,24.16,0.18,,,,,,,,,,,,
14.948000,79.528000,28_515_shc_2024-25.4170,Chakalakonda,,,,,,,,,,,,,100.0,52.4,155.0,0.17,7.61,0.16,36.9,0.72,21.38,0.12,41.2,0.22,,,,,,,,,,,,
14.942000,79.598000,28_515_shc_2024-25.14226,Challagirigala,,,,,,,,,,,,,163.0,89.5,251.8,0.75,8.25,0.12,22.8,0.64,9.08,0.62,19.86,0.34,,,,,,,,,,,,
14.942000,79.598000,28_515_shc_2024-25.14450,Garimenapenta,,,,,,,,,,,,,188.0,69.9,458.5,0.65,8.38,0.16,22.8,0.86,7.21,0.26,7.21,0.88,,,,,,,,,,,,
14.945000,79.685000,28_515_shc_2025-26.4034,Thurpu- Jangalapalle,,,,,,,,,,,,,,,,,,,,,,,,,213.0,6.1,285.5,0.12,8.99,0.25,21.01,0.27,2.17,0.38,1.08,0.31
14.945000,79.685000,28_515_shc_2025-26.4038,Thurpu- Jangalapalle,,,,,,,,,,,,,,,,,,,,,,,,,113.0,1.5,142.8,0.06,8.97,0.27,21.01,0.19,1.38,0.15,1.35,0.41
14.948000,79.912000,28_515_shc_2023-24.4795,Kothapalle,125.0,38.0,78.0,0.42,7.1,1.9,19.0,0.01,11.6,0.35,5.3,0.04,,,,,,,,,,,,,,,,,,,,,,,,
14.942000,79.962000,28_515_shc_2025-26.843,Maddurupadu (Part),,,,,,,,,,,,,,,,,,,,,,,,,188.0,2.3,602.0,0.08,7.8,0.1,35.0,0.41,7.1,0.19,2.15,0.88
14.942000,79.962000,28_515_shc_2025-26.845,Maddurupadu (Part),,,,,,,,,,,,,,,,,,,,,,,,,201.0,9.2,392.0,0.2,5.45,0.1,45.0,0.39,15.24,0.33,3.16,0.88
14.942000,79.962000,28_515_shc_2025-26.7683,Maddurupadu (Part),,,,,,,,,,,,,,,,,,,,,,,,,213.0,2.3,472.0,0.2,5.21,0.1,46.0,0.87,9.45,0.67,3.86,1.6
14.945000,80.025000,28_515_shc_2024-25.1423,Kavali Bit - I (Rural),,,,,,,,,,,,,151.0,57.9,77.5,0.75,6.29,0.1,26.4,0.68,4.21,0.16,3.12,0.47,,,,,,,,,,,,
14.945000,80.025000,28_515_shc_2024-25.10711,Anemadugu,,,,,,,,,,,,,113.0,30.6,116.2,0.31,6.56,0.16,61.5,0.54,4.18,0.28,0.76,0.44,,,,,,,,,,,,
14.945000,80.025000,28_515_shc_2024-25.10712,Anemadugu,,,,,,,,,,,,,163.0,10.9,83.9,0.35,6.78,1.16,26.4,0.31,3.24,0.21,1.32,0.44,,,,,,,,,,,,
14.945000,80.025000,28_515_shc_2024-25.10715,Anemadugu,,,,,,,,,,,,,75.0,20.7,71.0,1.32,6.91,0.67,20.1,0.18,2.38,0.12,1.62,0.28,,,,,,,,,,,,
14.945000,80.025000,28_515_shc_2024-25.10720,Kavali Bit - I (Rural),,,,,,,,,,,,,176.0,127.8,77.5,0.68,6.23,0.14,40.4,0.36,3.38,0.54,2.16,0.79,,,,,,,,,,,,
14.945000,80.025000,28_515_shc_2024-25.10728,Anemadugu,,,,,,,,,,,,,75.0,14.2,83.9,0.35,7.17,1.24,17.6,0.26,3.61,0.21,0.18,0.47,,,,,,,,,,,,
14.945000,80.025000,28_515_shc_2024-25.10764,Anemadugu,,,,,,,,,,,,,201.0,22.9,96.9,0.1,7.29,1.53,36.9,0.32,3.38,0.36,1.26,0.41,,,,,,,,,,,,
14.945000,80.025000,28_515_shc_2024-25.10765,Anemadugu,,,,,,,,,,,,,100.0,3.3,71.0,0.24,7.41,0.15,33.4,0.32,6.18,0.18,0.89,0.44,,,,,,,,,,,,
14.945000,80.025000,28_515_shc_2024-25.10767,Anemadugu,,,,,,,,,,,,,138.0,29.5,77.5,0.75,6.27,0.1,12.3,0.48,4.21,0.21,0.38,0.54,,,,,,,,,,,,
14.945000,80.025000,28_515_shc_2024-25.10771,Anemadugu,,,,,,,,,,,,,163.0,16.4,83.9,0.1,6.77,1.6,5.3,0.28,1.46,0.38,1.58,0.54,,,,,,,,,,,,
14.945000,80.025000,28_515_shc_2024-25.10789,Anemadugu,,,,,,,,,,,,,151.0,16.4,58.1,0.44,6.93,0.56,10.5,0.54,7.16,0.14,0.99,0.09,,,,,,,,,,,,
14.945000,80.025000,28_515_shc_2024-25.10812,Anemadugu,,,,,,,,,,,,,151.0,13.1,83.9,1.15,6.31,0.36,1.8,0.61,3.81,0.28,0.21,0.57,,,,,,,,,,,,
14.945000,80.025000,28_515_shc_2024-25.10873,Anemadugu,,,,,,,,,,,,,113.0,25.1,77.5,0.38,6.17,0.32,17.6,0.59,0.26,0.21,0.76,0.69,,,,,,,,,,,,
14.945000,80.025000,28_515_shc_2024-25.10903,Anemadugu,,,,,,,,,,,,,188.0,27.3,103.3,0.46,6.63,0.1,12.3,0.54,5.21,0.21,0.41,0.35,,,,,,,,,,,,
14.942000,80.058000,28_515_shc_2025-26.901,Thummalapenta,,,,,,,,,,,,,,,,,,,,,,,,,276.0,96.0,323.0,0.46,0.01,0.1,60.0,1.13,37.34,1.61,5.12,2.86
14.942000,80.058000,28_515_shc_2025-26.936,Thummalapenta,,,,,,,,,,,,,,,,,,,,,,,,,238.0,26.9,323.0,0.35,7.92,0.1,42.0,0.73,9.36,0.32,1.98,182.0
14.942000,80.058000,28_515_shc_2025-26.937,Thummalapenta,,,,,,,,,,,,,,,,,,,,,,,,,289.0,79.1,317.0,0.34,8.03,0.3,60.0,0.38,12.8,0.19,3.01,1.07
14.942000,80.058000,28_515_shc_2025-26.939,Anemadugu,,,,,,,,,,,,,,,,,,,,,,,,,201.0,34.6,472.0,0.4,5.54,0.23,143.59,0.81,3.95,0.35,2.03,2.45
14.952000,79.518000,28_515_shc_2025-26.6116,Chakalakonda,,,,,,,,,,,,,,,,,,,,,,,,,88.0,16.1,55.9,0.09,7.22,0.1,45.53,0.38,6.01,0.17,2.26,0.75
14.955000,79.815000,28_515_shc_2025-26.7580,Chodavaram,,,,,,,,,,,,,,,,,,,,,,,,,289.0,3.5,259.9,0.68,6.85,1.04,45.53,0.18,6.21,0.24,3.84,0.27
14.952000,79.822000,28_515_shc_2024-25.13314,Chodavaram,,,,,,,,,,,,,163.0,1.1,200.2,0.27,7.11,0.12,58.0,0.72,9.38,0.48,18.36,1.29,,,,,,,,,,,,
14.958000,79.828000,28_515_shc_2024-25.13177,Chodavaram,,,,,,,,,,,,,151.0,25.1,180.8,0.21,7.64,0.1,176.0,0.45,4.3,0.34,7.32,0.59,,,,,,,,,,,,
14.958000,79.962000,28_515_shc_2025-26.829,Maddurupadu (Part),,,,,,,,,,,,,,,,,,,,,,,,,188.0,10.0,583.0,0.32,5.15,0.1,46.0,0.19,7.33,0.32,2.1,0.44
14.958000,79.962000,28_515_shc_2025-26.2936,Maddurupadu (Part),,,,,,,,,,,,,,,,,,,,,,,,,226.0,9.2,459.0,0.26,5.75,0.33,35.0,0.45,6.33,0.33,2.15,0.57
14.958000,79.962000,28_515_shc_2025-26.7630,Maddurupadu (Part),,,,,,,,,,,,,,,,,,,,,,,,,238.0,9.2,273.0,0.3,5.64,0.1,35.0,0.37,13.24,0.26,3.1,0.5
14.958000,79.962000,28_515_shc_2025-26.7637,Maddurupadu (Part),,,,,,,,,,,,,,,,,,,,,,,,,188.0,13.1,583.0,0.62,5.41,0.12,74.0,0.38,8.14,0.21,1.97,0.57
14.958000,79.962000,28_515_shc_2025-26.8547,Maddurupadu (Part),,,,,,,,,,,,,,,,,,,,,,,,,188.0,6.1,422.0,0.48,7.43,1.16,50.0,0.22,5.87,0.24,1.89,0.5
14.958000,79.962000,28_515_shc_2025-26.8548,Maddurupadu (Part),,,,,,,,,,,,,,,,,,,,,,,,,238.0,7.7,298.0,0.59,7.41,0.93,35.0,0.17,8.31,0.13,1.26,0.57
14.958000,79.962000,28_515_shc_2025-26.8583,Maddurupadu (Part),,,,,,,,,,,,,,,,,,,,,,,,,188.0,13.1,472.0,0.18,5.66,0.1,60.0,0.24,5.89,0.19,2.81,0.97
14.958000,79.962000,28_515_shc_2025-26.10540,Maddurupadu (Part),,,,,,,,,,,,,,,,,,,,,,,,,75.0,15.4,335.0,0.08,5.42,0.1,35.0,0.24,4.97,0.33,1.05,0.35
14.958000,79.962000,28_515_shc_2025-26.10541,Maddurupadu (Part),,,,,,,,,,,,,,,,,,,,,,,,,238.0,7.7,397.0,0.34,5.52,0.1,53.0,0.38,13.1,0.24,2.38,0.5
14.958000,79.962000,28_515_shc_2025-26.10542,Maddurupadu (Part),,,,,,,,,,,,,,,,,,,,,,,,,226.0,10.0,434.0,0.1,5.15,0.1,53.0,0.24,6.36,0.37,2.33,0.66
14.955000,79.965000,28_515_shc_2025-26.2876,Maddurupadu (Part),,,,,,,,,,,,,,,,,,,,,,,,,176.0,8.4,447.0,0.1,7.34,0.97,42.0,0.25,7.36,0.15,2.05,0.85
14.952000,79.962000,28_515_shc_2025-26.8585,Maddurupadu (Part),,,,,,,,,,,,,,,,,,,,,,,,,238.0,9.2,515.0,0.14,7.41,0.21,28.0,0.28,9.33,0.33,2.19,0.5
14.958000,80.008000,28_515_shc_2023-24.6771,Maddurupadu (Part),188.0,69.0,104.0,0.62,7.1,0.8,28.0,0.001,4.9,0.38,4.79,0.11,,,,,,,,,,,,,,,,,,,,,,,,
14.955000,80.005000,28_515_shc_2025-26.803,Maddurupadu (Part),,,,,,,,,,,,,,,,,,,,,,,,,238.0,14.6,521.0,0.22,7.1,0.1,35.0,0.36,10.75,0.64,5.14,0.73
14.955000,80.005000,28_515_shc_2025-26.6085,Maddurupadu (Part),,,,,,,,,,,,,,,,,,,,,,,,,213.0,4.6,521.0,0.1,7.54,0.1,42.0,0.11,4.39,0.22,1.13,0.66
14.955000,80.005000,28_515_shc_2025-26.6086,Maddurupadu (Part),,,,,,,,,,,,,,,,,,,,,,,,,238.0,3.8,447.0,0.54,5.31,0.1,81.0,0.09,6.1,0.19,2.35,0.38
14.952000,80.008000,28_515_shc_2025-26.2943,Maddurupadu (Part),,,,,,,,,,,,,,,,,,,,,,,,,226.0,6.9,621.0,0.64,7.45,0.25,53.0,0.36,9.15,0.39,2.35,0.82
14.968000,79.368000,28_515_shc_2023-24.6156,Thurpu Boyamadugula,238.0,33.0,195.0,0.19,8.2,0.3,90.0,0.5,8.46,0.49,8.61,0.3,,,,,,,,,,,,,,,,,,,,,,,,
14.965000,79.375000,28_515_shc_2024-25.19718,Thurpu Boyamadugula,,,,,,,,,,,,,188.0,67.0,645.0,0.54,8.35,0.11,1.8,0.54,4.39,0.18,5.14,0.54,,,,,,,,,,,,
14.962000,79.702000,28_515_shc_2024-25.7089,Ganugapenta,,,,,,,,,,,,,213.0,42.6,116.2,0.18,8.42,0.45,17.6,0.52,8.38,0.38,7.41,0.56,,,,,,,,,,,,
14.962000,79.718000,28_515_shc_2024-25.10416,Ganugapenta,,,,,,,,,,,,,151.0,127.8,361.6,1.06,9.25,1.57,17.6,0.29,12.21,0.3,22.04,1.0,,,,,,,,,,,,
14.962000,79.758000,28_515_shc_2024-25.9937,Satyavolu,,,,,,,,,,,,,38.0,1.1,232.5,0.52,7.17,0.1,36.9,0.41,9.18,0.31,7.21,0.18,,,,,,,,,,,,
14.962000,79.752000,28_515_shc_2025-26.6217,Satyavolu,,,,,,,,,,,,,,,,,,,,,,,,,63.0,21.5,335.2,0.37,7.2,0.1,10.51,0.17,0.94,0.17,2.56,0.66
14.962000,79.812000,28_515_shc_2025-26.2518,Chodavaram,,,,,,,,,,,,,,,,,,,,,,,,,38.0,11.7,259.9,0.81,7.14,0.57,80.55,0.36,4.28,0.16,4.21,0.55
14.968000,79.828000,28_515_shc_2023-24.7300,Chodavaram,88.0,22.0,111.0,0.6,7.6,0.1,47.0,0.46,6.21,0.42,3.18,0.23,,,,,,,,,,,,,,,,,,,,,,,,
14.968000,79.828000,28_515_shc_2024-25.2131,Chodavaram,,,,,,,,,,,,,125.0,164.0,148.5,0.45,7.53,0.1,29.9,0.44,8.51,0.28,8.14,0.66,,,,,,,,,,,,
14.968000,79.828000,28_515_shc_2024-25.2134,Chodavaram,,,,,,,,,,,,,100.0,25.1,180.8,0.31,8.04,0.11,21.1,0.56,7.86,0.14,6.32,0.28,,,,,,,,,,,,
14.962000,79.962000,28_515_shc_2025-26.8587,Maddurupadu (Part),,,,,,,,,,,,,,,,,,,,,,,,,201.0,10.8,621.0,0.2,5.27,0.1,95.0,0.39,9.38,0.2,3.08,0.38
14.975000,79.375000,28_515_shc_2023-24.6842,Guvvadi,138.0,23.0,91.0,0.38,7.8,0.2,57.0,0.13,8.62,0.67,5.13,0.3,,,,,,,,,,,,,,,,,,,,,,,,
14.978000,79.648000,28_515_shc_2023-24.7375,Thurpu- Brahmanapalle,13.0,97.0,436.0,0.71,8.3,0.1,73.0,0.23,4.41,0.01,6.71,0.23,,,,,,,,,,,,,,,,,,,,,,,,
14.978000,79.648000,28_515_shc_2023-24.7383,Thurpu- Brahmanapalle,163.0,19.0,345.0,0.38,8.4,0.4,35.0,0.34,3.16,0.06,5.86,0.04,,,,,,,,,,,,,,,,,,,,,,,,
14.975000,79.645000,28_515_shc_2024-25.3578,Chinthaladevi,,,,,,,,,,,,,113.0,17.5,116.2,0.69,8.49,0.24,10.5,0.68,8.8,0.38,7.8,0.78,,,,,,,,,,,,
14.975000,79.645000,28_515_shc_2024-25.15595,Chinthaladevi,,,,,,,,,,,,,50.0,108.1,361.6,0.75,8.02,0.41,26.4,0.78,7.6,0.21,6.2,0.22,,,,,,,,,,,,
14.975000,79.645000,28_515_shc_2025-26.8898,Chinthaladevi,,,,,,,,,,,,,,,,,,,,,,,,,63.0,20.7,378.6,0.24,8.77,0.58,28.02,0.22,2.97,0.28,1.36,0.69
14.975000,79.645000,28_515_shc_2025-26.8899,Chinthaladevi,,,,,,,,,,,,,,,,,,,,,,,,,151.0,24.6,428.3,0.29,8.56,0.73,17.51,0.13,1.86,0.15,1.88,1.29
14.975000,79.645000,28_515_shc_2025-26.11510,Chinthaladevi,,,,,,,,,,,,,,,,,,,,,,,,,163.0,18.4,403.5,0.28,8.11,0.48,21.01,0.34,5.36,0.32,2.89,1.19
14.975000,79.645000,28_515_shc_2025-26.11511,Chinthaladevi,,,,,,,,,,,,,,,,,,,,,,,,,125.0,7.7,422.1,0.24,8.53,0.4,17.51,0.41,5.01,0.15,2.85,0.66
14.972000,80.008000,28_515_shc_2023-24.5870,Rudrakota,75.0,3.0,78.0,1.01,6.5,1.1,68.0,0.69,19.7,0.43,7.9,0.15,,,,,,,,,,,,,,,,,,,,,,,,
14.972000,80.052000,28_515_shc_2023-24.5436,Chennayapalem,88.0,8.0,28.0,0.88,5.7,0.1,45.0,0.21,4.64,0.45,7.3,0.05,,,,,,,,,,,,,,,,,,,,,,,,
14.975000,80.055000,28_515_shc_2024-25.19766,Chennayapalem,,,,,,,,,,,,,100.0,103.0,71.0,0.48,4.81,0.24,58.0,0.64,12.4,0.38,5.38,0.34,,,,,,,,,,,,
14.982000,79.648000,28_515_shc_2023-24.7228,Chinthaladevi,125.0,48.0,660.0,0.88,8.4,0.2,73.0,0.32,4.81,0.36,3.48,0.11,,,,,,,,,,,,,,,,,,,,,,,,
14.988000,79.818000,28_515_shc_2024-25.4636,Mutyalapadu,,,,,,,,,,,,,276.0,17.5,413.3,0.51,8.1,0.16,61.5,0.21,3.24,0.24,4.21,0.44,,,,,,,,,,,,
14.998000,79.602000,28_515_shc_2023-24.6662,Thurpuyerraballe,125.0,22.0,124.0,0.68,7.9,0.3,19.0,0.44,6.34,0.41,7.4,0.34,,,,,,,,,,,,,,,,,,,,,,,,
14.992000,79.688000,28_515_shc_2024-25.6254,Parlapalle,,,,,,,,,,,,,326.0,1.1,374.5,0.17,8.04,0.29,22.8,0.36,9.18,0.16,7.24,0.18,,,,,,,,,,,,
14.992000,79.692000,28_515_shc_2023-24.5850,Gudavalluru (Kondapuram),138.0,20.0,234.0,1.0,8.5,0.2,9.0,0.42,11.3,0.32,5.8,0.31,,,,,,,,,,,,,,,,,,,,,,,,
14.998000,79.728000,28_515_shc_2023-24.6002,Parlapalle,175.0,20.0,293.0,0.49,8.5,0.4,17.0,0.28,6.38,0.62,6.21,0.26,,,,,,,,,,,,,,,,,,,,,,,,
14.998000,79.728000,28_515_shc_2023-24.6648,Parlapalle,138.0,4.0,124.0,0.52,8.5,0.3,19.0,0.34,5.16,0.51,5.88,0.38,,,,,,,,,,,,,,,,,,,,,,,,
14.992000,79.812000,28_515_shc_2024-25.3749,Mutyalapadu,,,,,,,,,,,,,514.0,38.2,445.5,0.21,7.81,0.34,19.3,0.38,5.48,0.16,3.48,0.85,,,,,,,,,,,,
14.998000,79.822000,28_515_shc_2024-25.12421,Mutyalapadu,,,,,,,,,,,,,301.0,1.1,368.1,0.27,8.15,0.1,5.3,0.38,7.26,0.28,5.26,0.28,,,,,,,,,,,,
14.998000,79.838000,28_515_shc_2023-24.6356,Nayudupalem,163.0,36.0,410.0,0.35,8.6,0.7,40.0,0.68,10.16,0.6,8.14,0.11,,,,,,,,,,,,,,,,,,,,,,,,
14.998000,79.838000,28_515_shc_2024-25.1644,Nayudupalem,,,,,,,,,,,,,38.0,157.2,167.9,0.4,8.32,0.96,77.3,0.48,12.4,0.34,5.21,1.1,,,,,,,,,,,,
14.998000,79.838000,28_515_shc_2024-25.1673,Nayudupalem,,,,,,,,,,,,,163.0,116.8,148.5,0.76,8.24,0.48,17.6,0.48,10.6,0.21,7.26,0.5,,,,,,,,,,,,
14.998000,79.838000,28_515_shc_2024-25.13451,Nayudupalem,,,,,,,,,,,,,125.0,127.8,109.8,0.27,8.34,0.94,12.3,0.97,18.66,0.25,5.14,1.35,,,,,,,,,,,,
14.998000,80.008000,28_515_shc_2023-24.5353,Chevuru,176.0,6.0,39.0,0.25,6.8,1.1,17.0,0.69,9.08,0.91,7.18,0.15,,,,,,,,,,,,,,,,,,,,,,,,
14.998000,80.042000,28_515_shc_2023-24.6187,Thummalapenta,88.0,25.0,91.0,0.97,6.7,2.2,158.0,0.16,10.3,0.56,3.3,0.38,,,,,,,,,,,,,,,,,,,,,,,,
14.998000,80.042000,28_515_shc_2024-25.11618,Chennayapalem,,,,,,,,,,,,,201.0,49.1,206.6,1.13,6.93,0.67,73.8,0.4,2.16,0.28,1.28,0.38,,,,,,,,,,,,
14.998000,80.042000,28_515_shc_2024-25.11632,Chennayapalem,,,,,,,,,,,,,251.0,78.6,142.1,1.17,7.08,0.79,66.8,0.31,7.38,0.26,5.26,0.54,,,,,,,,,,,,
14.992000,80.052000,28_515_shc_2024-25.20780,Chennayapalem,,,,,,,,,,,,,201.0,164.0,97.0,0.1,6.18,0.33,44.0,0.91,24.3,0.64,24.8,0.31,,,,,,,,,,,,
15.002000,79.702000,28_515_shc_2023-24.7083,Parlapalle,175.0,27.0,111.0,0.58,8.0,0.4,35.0,0.18,3.8,0.34,5.4,0.11,,,,,,,,,,,,,,,,,,,,,,,,
15.005000,79.815000,28_515_shc_2024-25.3748,Mutyalapadu,,,,,,,,,,,,,151.0,38.2,477.8,0.33,7.48,0.12,87.9,0.48,8.24,0.38,4.21,1.41,151.0,5.4,111.7,0.06,7.42,0.1,21.01,0.35,0.85,0.26,2.86,0.5
15.008000,79.822000,28_515_shc_2024-25.12864,Mutyalapadu,,,,,,,,,,,,,100.0,1.1,381.0,0.56,7.97,0.31,77.3,0.42,7.16,0.18,4.41,0.22,,,,,,,,,,,,
15.002000,79.822000,28_515_shc_2024-25.12303,Mutyalapadu,,,,,,,,,,,,,163.0,1.1,393.9,0.45,8.23,0.26,5.3,0.29,2.07,0.23,1.52,0.28,,,,,,,,,,,,
15.002000,79.838000,28_515_shc_2023-24.6278,Nayudupalem,113.0,22.0,33.0,0.75,8.6,0.5,28.0,0.41,9.18,0.58,6.36,0.15,,,,,,,,,,,,,,,,,,,,,,,,
15.005000,79.845000,28_515_shc_2023-24.6780,Nayudupalem,188.0,17.0,117.0,0.62,7.8,0.3,35.0,0.48,10.3,1.57,8.16,0.22,,,,,,,,,,,,,,,,,,,,,,,,
15.012000,79.902000,28_515_shc_2024-25.5879,Ammavari Palem,,,,,,,,,,,,,213.0,99.4,206.6,0.64,7.24,0.39,1.8,0.32,14.65,0.14,4.68,0.63,,,,,,,,,,,,
15.012000,79.902000,28_515_shc_2024-25.13342,Ammavari Palem,,,,,,,,,,,,,125.0,157.2,432.6,0.67,7.16,0.12,80.8,0.54,8.44,0.54,9.0,0.12,,,,,,,,,,,,
15.012000,79.902000,28_515_shc_2024-25.13360,Ammavari Palem,,,,,,,,,,,,,125.0,116.8,426.2,1.02,7.06,0.1,10.5,0.68,25.28,0.67,8.68,0.31,,,,,,,,,,,,
15.012000,79.902000,28_515_shc_2024-25.19309,Ammavari Palem,,,,,,,,,,,,,113.0,7.6,419.7,0.96,7.48,0.35,19.3,0.1,19.3,0.25,3.81,0.44,,,,,,,,,,,,
15.012000,79.902000,28_515_shc_2024-25.19376,Ammavari Palem,,,,,,,,,,,,,113.0,34.9,426.2,0.17,7.33,0.24,12.3,0.48,14.2,0.27,7.26,0.72,,,,,,,,,,,,
15.012000,79.902000,28_515_shc_2024-25.19540,Ammavari Palem,,,,,,,,,,,,,226.0,134.3,419.7,0.29,7.42,0.31,33.4,0.16,21.34,0.38,6.38,0.44,,,,,,,,,,,,
15.012000,79.902000,28_515_shc_2024-25.19556,Ammavari Palem,,,,,,,,,,,,,151.0,127.8,419.7,0.33,7.36,0.56,33.4,0.36,18.16,0.14,4.26,0.31,,,,,,,,,,,,
15.012000,79.902000,28_515_shc_2024-25.19583,Ammavari Palem,,,,,,,,,,,,,226.0,164.0,439.1,1.01,7.41,0.18,26.4,0.26,18.6,0.36,4.26,0.31,,,,,,,,,,,,
15.012000,79.902000,28_515_shc_2024-25.20071,Ammavari Palem,,,,,,,,,,,,,63.0,62.2,393.9,0.9,7.45,0.39,12.3,0.68,22.9,0.73,11.06,0.09,,,,,,,,,,,,
15.012000,79.998000,28_515_shc_2024-25.1708,Chevuru,,,,,,,,,,,,,163.0,99.4,413.3,0.2,7.89,0.18,1.8,0.18,10.16,0.21,2.38,0.5,,,,,,,,,,,,
15.012000,79.998000,28_515_shc_2024-25.13502,Chevuru,,,,,,,,,,,,,163.0,42.6,445.5,0.43,7.43,0.35,1.8,0.12,21.38,0.34,4.31,0.41,,,,,,,,,,,,
15.025000,79.565000,28_515_shc_2023-24.5709,Iskadamerla,51.0,34.0,501.0,1.15,8.5,0.5,40.0,0.38,5.18,0.48,7.68,0.11,,,,,,,,,,,,,,,,,,,,,,,,
15.025000,79.585000,28_515_shc_2024-25.14592,Iskadamerla,,,,,,,,,,,,,75.0,164.0,471.4,0.59,8.28,1.18,14.1,0.68,24.4,0.47,7.18,1.0,,,,,,,,,,,,
15.022000,79.722000,28_515_shc_2025-26.1080,Nekunampeta,,,,,,,,,,,,,,,,,,,,,,,,,188.0,23.8,130.4,0.21,7.48,0.14,17.51,0.18,1.97,0.19,1.38,0.25
15.022000,79.722000,28_515_shc_2025-26.3447,Nekunampeta,,,,,,,,,,,,,,,,,,,,,,,,,100.0,27.6,117.9,0.1,7.46,0.17,17.51,0.24,5.17,0.15,2.87,0.44
15.022000,79.722000,28_515_shc_2025-26.3461,Nekunampeta,,,,,,,,,,,,,,,,,,,,,,,,,113.0,8.4,155.2,0.31,7.49,0.1,17.51,0.17,4.97,0.21,2.17,0.35
15.022000,79.722000,28_515_shc_2025-26.3742,Nekunampeta,,,,,,,,,,,,,,,,,,,,,,,,,163.0,36.1,161.4,0.41,7.49,0.1,17.51,0.33,2.86,0.17,1.97,0.57
15.022000,79.722000,28_515_shc_2025-26.3755,Nekunampeta,,,,,,,,,,,,,,,,,,,,,,,,,113.0,10.8,453.1,0.18,7.46,0.15,21.01,0.19,3.86,0.26,1.36,0.25
15.022000,79.722000,28_515_shc_2025-26.3756,Nekunampeta,,,,,,,,,,,,,,,,,,,,,,,,,213.0,35.3,266.9,0.3,7.42,0.13,17.51,0.19,3.86,0.24,2.1,0.5
15.022000,79.722000,28_515_shc_2025-26.3758,Nekunampeta,,,,,,,,,,,,,,,,,,,,,,,,,100.0,17.7,415.9,0.08,7.52,0.1,21.01,0.12,4.44,0.55,1.54,0.38
15.022000,79.722000,28_515_shc_2025-26.3773,Nekunampeta,,,,,,,,,,,,,,,,,,,,,,,,,13.0,1.5,684.9,0.24,7.38,0.14,17.51,0.33,4.1,0.18,2.87,0.66
15.022000,79.782000,28_515_shc_2024-25.3213,Bhimavarappadu,,,,,,,,,,,,,75.0,116.8,361.6,1.14,8.9,0.68,14.1,0.7,13.88,0.7,23.42,0.34,,,,,,,,,,,,
15.022000,79.808000,28_515_shc_2024-25.5246,Mutyalapadu,,,,,,,,,,,,,151.0,62.2,452.0,0.75,8.23,0.1,96.6,0.14,9.16,0.14,5.26,0.22,,,,,,,,,,,,
15.028000,79.808000,28_515_shc_2024-25.9076,Mutyalapadu,,,,,,,,,,,,,301.0,1.1,535.9,0.39,8.28,0.21,80.8,0.38,5.68,0.16,5.18,0.66,,,,,,,,,,,,
15.022000,79.858000,28_515_shc_2024-25.3151,Chinala Trapi,,,,,,,,,,,,,188.0,17.5,439.1,0.67,7.51,0.13,1.8,1.86,16.45,0.216,5.56,0.5,,,,,,,,,,,,
15.022000,79.858000,28_515_shc_2024-25.19255,Chinala Trapi,,,,,,,,,,,,,176.0,164.0,426.2,0.46,7.53,0.14,12.3,0.68,14.38,0.16,8.26,0.63,,,,,,,,,,,,
15.022000,79.868000,28_515_shc_2024-25.19390,Chinala Trapi,,,,,,,,,,,,,88.0,157.2,419.7,0.33,7.08,0.16,26.4,1.87,15.12,0.17,1.1,1.1,,,,,,,,,,,,
15.025000,80.025000,28_515_shc_2024-25.13196,Ravur,,,,,,,,,,,,,251.0,7.6,109.8,0.07,6.27,0.12,10.5,0.12,16.92,0.45,11.26,0.59,,,,,,,,,,,,
15.038000,79.418000,28_515_shc_2024-25.2948,Damancherla,,,,,,,,,,,,,251.0,41.0,71.0,0.08,8.47,0.14,105.0,0.62,4.18,0.72,8.38,1.55,,,,,,,,,,,,
15.038000,79.492000,28_515_shc_2024-25.10930,Turpurompidodla,,,,,,,,,,,,,125.0,37.0,258.0,0.31,8.22,0.17,93.0,0.21,10.8,1.24,4.16,1.36,,,,,,,,,,,,
15.035000,79.595000,28_515_shc_2024-25.821,Iskadamerla,,,,,,,,,,,,,263.0,164.0,264.7,0.49,8.21,1.13,43.9,0.1,16.72,0.31,8.21,0.34,,,,,,,,,,,,
15.035000,79.745000,28_515_shc_2023-24.7489,Saipeta,125.0,20.0,163.0,1.02,8.1,0.1,24.0,0.15,4.71,1.27,5.28,0.11,,,,,,,,,,,,,,,,,,,,,,,,
15.038000,79.752000,28_515_shc_2024-25.3247,Saipeta,,,,,,,,,,,,,113.0,164.0,271.2,0.15,8.31,0.13,22.8,0.36,7.36,0.18,10.14,0.18,,,,,,,,,,,,
15.038000,79.752000,28_515_shc_2024-25.17485,Rallapadu,,,,,,,,,,,,,113.0,38.2,16.2,0.62,8.71,0.25,10.5,0.56,8.88,0.14,6.38,0.85,,,,,,,,,,,,
15.032000,79.852000,28_515_shc_2024-25.19512,Chinala Trapi,,,,,,,,,,,,,201.0,137.6,426.2,0.23,7.56,0.1,26.4,0.41,9.26,0.28,3.26,0.5,,,,,,,,,,,,
15.038000,79.878000,28_515_shc_2023-24.5125,Ammavari Palem,125.0,13.0,332.0,0.48,8.1,0.59,45.0,0.36,6.54,1.09,8.61,0.22,,,,,,,,,,,,,,,,,,,,,,,,
15.045000,79.405000,28_515_shc_2024-25.18951,Vempadu,,,,,,,,,,,,,138.0,22.0,64.0,0.38,8.33,0.14,121.0,0.38,8.38,0.26,5.68,0.54,,,,,,,,,,,,
15.042000,79.498000,28_515_shc_2023-24.7337,Turpurompidodla,125.0,14.0,182.0,0.58,8.3,0.2,97.0,0.51,5.89,0.31,2.41,0.3,,,,,,,,,,,,,,,,,,,,,,,,
15.048000,79.648000,28_515_shc_2023-24.5464,Mogilicherla,50.0,8.0,338.0,1.21,8.5,0.3,142.0,0.04,6.2,0.08,4.2,2.5,,,,,,,,,,,,,,,,,,,,,,,,
15.042000,79.718000,28_515_shc_2024-25.1621,Racheruvurajupalem,,,,,,,,,,,,,188.0,52.4,206.6,0.19,8.12,0.28,26.4,0.58,7.38,0.38,3.21,0.18,,,,,,,,,,,,
15.042000,79.738000,28_515_shc_2023-24.6114,Rallapadu,263.0,8.0,130.0,0.21,8.1,0.1,68.0,0.26,7.3,0.14,7.2,0.19,,,,,,,,,,,,,,,,,,,,,,,,
15.048000,80.042000,28_515_shc_2025-26.3018,Ramayapatnam,,,,,,,,,,,,,,,,,,,,,,,,,314.0,7.6,56.2,0.11,7.05,0.1,35.02,0.14,2.16,0.62,1.88,0.75
15.052000,79.668000,28_515_shc_2024-25.20032,Narasimhapuram,,,,,,,,,,,,,75.0,1.1,471.4,0.32,8.53,0.12,26.4,0.32,8.36,0.14,8.31,0.47,,,,,,,,,,,,
15.052000,79.668000,28_515_shc_2024-25.20323,Racheruvurajupalem,,,,,,,,,,,,,176.0,69.9,439.1,0.21,8.75,0.33,40.4,0.28,7.36,0.42,8.14,1.19,,,,,,,,,,,,
15.058000,79.662000,28_515_shc_2025-26.1484,Mogilicherla,,,,,,,,,,,,,,,,,,,,,,,,,188.0,77.6,280.9,0.15,8.49,0.6,31.52,0.48,4.82,0.32,4.42,0.51
15.055000,79.675000,28_515_shc_2025-26.6830,Racheruvurajupalem,,,,,,,,,,,,,,,,,,,,,,,,,113.0,130.6,84.3,0.23,7.59,0.1,28.02,0.16,3.21,0.21,1.35,0.34
15.052000,79.882000,28_515_shc_2023-24.6436,Gudluru,113.0,110.0,299.0,0.17,8.0,0.1,35.0,0.92,5.26,0.64,13.1,0.27,,,,,,,,,,,,,,,,,,,,,,,,
15.052000,80.042000,28_515_shc_2023-24.5934,Ramayapatnam,138.0,23.0,117.0,0.48,8.0,0.4,97.0,0.31,10.7,0.46,4.0,0.34,,,,,,,,,,,,,,,,,,,,,,,,
15.052000,80.042000,28_515_shc_2025-26.7689,Ramayapatnam,,,,,,,,,,,,,,,,,,,,,,,,,238.0,7.0,28.1,0.62,6.58,0.1,80.55,0.16,0.88,0.14,0.98,0.85
15.052000,80.042000,28_515_shc_2025-26.9594,Ramayapatnam,,,,,,,,,,,,,,,,,,,,,,,,,276.0,15.3,28.1,0.16,6.73,0.1,108.5,0.12,2.18,0.14,1.21,2.25
15.052000,80.042000,28_515_shc_2025-26.9644,Ramayapatnam,,,,,,,,,,,,,,,,,,,,,,,,,489.0,0.6,28.1,0.24,6.88,0.1,35.02,0.21,2.28,0.41,2.62,0.58
15.052000,80.042000,28_515_shc_2025-26.9646,Ramayapatnam,,,,,,,,,,,,,,,,,,,,,,,,,276.0,4.1,42.1,0.12,6.58,0.1,59.54,0.08,0.73,0.17,0.81,0.61
15.052000,80.042000,28_515_shc_2025-26.9662,Ramayapatnam,,,,,,,,,,,,,,,,,,,,,,,,,226.0,1.8,63.2,0.35,6.74,0.1,10.51,0.14,2.88,0.14,2.16,0.89
15.052000,80.042000,28_515_shc_2025-26.9663,Ramayapatnam,,,,,,,,,,,,,,,,,,,,,,,,,301.0,0.6,28.1,0.3,6.35,0.1,45.53,0.26,3.12,0.12,1.48,1.06
15.065000,79.665000,28_515_shc_2025-26.6925,Racheruvurajupalem,,,,,,,,,,,,,,,,,,,,,,,,,38.0,31.5,91.3,0.44,8.15,0.24,17.51,0.36,4.26,0.12,2.38,0.44
15.062000,79.668000,28_515_shc_2025-26.10887,Racheruvurajupalem,,,,,,,,,,,,,,,,,,,,,,,,,63.0,14.6,463.5,0.19,8.29,0.3,21.01,0.21,2.38,0.14,2.1,1.5
15.068000,79.732000,28_515_shc_2023-24.5550,Cheemalapenta,213.0,46.0,85.0,0.44,7.9,0.2,59.0,0.34,6.28,0.48,4.68,0.38,,,,,,,,,,,,,,,,,,,,,,,,
15.065000,80.005000,28_515_shc_2024-25.16402,Mocherla,,,,,,,,,,,,,163.0,164.0,109.8,0.47,7.91,0.1,33.4,1.12,15.58,0.48,4.34,0.59,,,,,,,,,,,,
15.062000,80.002000,28_515_shc_2024-25.16434,Mocherla,,,,,,,,,,,,,100.0,34.9,142.1,0.76,7.95,0.1,5.3,0.68,14.56,0.31,7.58,0.53,,,,,,,,,,,,
15.062000,80.002000,28_515_shc_2024-25.16508,Mocherla,,,,,,,,,,,,,213.0,157.2,64.6,0.51,8.08,0.1,8.8,0.74,16.31,0.28,5.62,0.88,,,,,,,,,,,,
15.072000,79.928000,28_515_shc_2024-25.19458,Swarnajipuram,,,,,,,,,,,,,125.0,108.1,322.9,0.32,7.08,0.21,26.4,1.27,20.92,0.27,3.25,0.53,,,,,,,,,,,,
15.088000,79.708000,28_515_shc_2023-24.6060,Lingasamudram,213.0,22.0,130.0,0.2,7.6,0.7,17.0,0.31,7.48,0.18,5.26,0.5,,,,,,,,,,,,,,,,,,,,,,,,
15.088000,79.722000,28_515_shc_2023-24.6941,Mala Konda Rayunipalem,188.0,37.0,130.0,0.2,7.7,0.4,24.0,0.38,5.21,0.14,8.31,0.76,,,,,,,,,,,,,,,,,,,,,,,,
15.088000,79.722000,28_515_shc_2023-24.6942,Mala Konda Rayunipalem,151.0,37.0,91.0,0.16,8.1,0.1,104.0,0.41,8.74,0.31,8.4,0.23,,,,,,,,,,,,,,,,,,,,,,,,
15.088000,79.722000,28_515_shc_2023-24.6976,Mala Konda Rayunipalem,138.0,24.0,481.0,0.58,6.2,0.3,61.0,0.04,5.6,0.11,6.0,0.3,,,,,,,,,,,,,,,,,,,,,,,,
15.088000,79.722000,28_515_shc_2023-24.7061,Mala Konda Rayunipalem,201.0,21.0,163.0,0.1,7.4,0.2,35.0,0.51,4.81,0.0,6.4,0.3,,,,,,,,,,,,,,,,,,,,,,,,
15.088000,80.002000,28_515_shc_2023-24.6746,Veerepalle,157.0,38.0,156.0,0.82,7.7,0.5,158.0,0.26,6.12,0.14,4.46,0.53,,,,,,,,,,,,,,,,,,,,,,,,
15.088000,80.028000,28_515_shc_2025-26.10596,Chaki Cherla,,,,,,,,,,,,,,,,,,,,,,,,,113.0,18.2,21.1,0.71,7.61,0.1,80.55,0.16,2.14,0.14,1.44,0.41
15.088000,80.032000,28_515_shc_2023-24.6179,K.Rajupalem,213.0,15.0,156.0,0.58,8.5,0.4,125.0,0.2,4.42,0.45,4.0,0.1,,,,,,,,,,,,,,,,,,,,,,,,
15.082000,80.032000,28_515_shc_2023-24.7170,K.Rajupalem,188.0,19.0,124.0,0.39,8.1,2.3,127.0,0.31,8.9,0.38,5.1,0.27,,,,,,,,,,,,,,,,,,,,,,,,
15.088000,80.042000,28_515_shc_2024-25.18940,Chaki Cherla,,,,,,,,,,,,,125.0,8.7,148.5,0.51,6.98,0.14,36.9,0.31,4.36,0.48,4.26,0.44,,,,,,,,,,,,
15.098000,79.872000,28_515_shc_2024-25.3142,Gundlapalem,,,,,,,,,,,,,38.0,89.5,155.0,0.41,7.82,0.14,126.5,0.54,10.46,0.48,9.18,0.72,,,,,,,,,,,,
15.108000,79.792000,28_515_shc_2023-24.5666,Veera Raghavuni Kota,113.0,23.0,124.0,0.28,8.2,0.1,45.0,0.46,7.3,0.24,5.1,0.23,,,,,,,,,,,,,,,,,,,,,,,,
15.105000,79.805000,28_515_shc_2025-26.10888,Veera Raghavuni Kota,,,,,,,,,,,,,,,,,,,,,,,,,63.0,13.8,189.6,0.33,8.11,0.18,17.51,0.14,3.26,0.28,4.28,0.03
15.108000,79.928000,28_515_shc_2024-25.11133,Baddepudi,,,,,,,,,,,,,163.0,16.4,64.6,0.47,7.67,0.16,66.8,0.18,6.38,0.28,5.16,2.93,,,,,,,,,,,,
15.102000,80.008000,28_515_shc_2023-24.5228,Veerepalle,113.0,34.0,104.0,0.81,6.7,0.5,146.0,0.02,12.46,0.44,1.18,0.04,,,,,,,,,,,,,,,,,,,,,,,,
15.118000,79.702000,28_515_shc_2023-24.7002,Jagamreddi Khandrika,50.0,56.0,429.0,0.26,7.9,0.6,61.0,0.1,4.2,0.22,10.2,0.19,,,,,,,,,,,,,,,,,,,,,,,,
15.112000,79.708000,28_515_shc_2025-26.4507,Vengalapuram,,,,,,,,,,,,,,,,,,,,,,,,,63.0,75.3,182.6,0.21,8.11,0.16,21.01,0.21,3.28,0.18,4.38,1.26
15.112000,79.788000,28_515_shc_2025-26.9342,Veera Raghavuni Kota,,,,,,,,,,,,,,,,,,,,,,,,,25.0,99.8,161.5,0.41,8.12,0.27,21.01,0.1,1.38,0.26,1.36,0.61
15.118000,79.888000,28_515_shc_2024-25.13332,Gundlapalem,,,,,,,,,,,,,75.0,164.0,148.5,0.2,8.08,0.14,17.6,0.72,14.16,0.21,9.18,0.85,,,,,,,,,,,,
15.112000,79.922000,28_515_shc_2025-26.599,Baddepudi,,,,,,,,,,,,,,,,,,,,,,,,,351.0,2.9,35.1,0.29,6.26,0.1,59.54,0.21,2.41,0.14,1.46,0.31
15.112000,79.922000,28_515_shc_2025-26.602,Baddepudi,,,,,,,,,,,,,,,,,,,,,,,,,188.0,1.8,49.2,0.27,6.18,0.1,52.53,0.161,1.26,0.21,2.18,0.61
15.118000,79.948000,28_515_shc_2025-26.294,Bheemavaram,,,,,,,,,,,,,,,,,,,,,,,,,151.0,33.48,35.1,0.21,5.83,0.1,3.5,0.21,3.28,0.14,1.28,2.73
15.112000,80.028000,28_515_shc_2025-26.11306,Chaki Cherla,,,,,,,,,,,,,,,,,,,,,,,,,263.0,27.0,49.2,0.63,7.7,0.1,108.57,0.36,2.16,0.24,3.24,0.65
15.115000,80.035000,28_515_shc_2023-24.7360,Karedu,113.0,62.0,221.0,0.1,7.2,0.7,68.0,0.42,7.13,0.38,3.7,0.34,,,,,,,,,,,,,,,,,,,,,,,,
15.125000,79.945000,28_515_shc_2025-26.10572,Bheemavaram,,,,,,,,,,,,,,,,,,,,,,,,,226.0,7.0,49.2,0.68,6.65,0.1,161.11,0.26,3.28,0.14,2.11,0.89
15.122000,79.958000,28_515_shc_2023-24.5945,Baddepudi,138.0,35.0,195.0,0.76,6.8,0.2,12.0,0.4,3.6,0.4,20.6,1.02,,,,,,,,,,,,,,,,,,,,,,,,
15.122000,79.958000,28_515_shc_2023-24.5948,Baddepudi,113.0,110.0,286.0,0.82,7.5,0.3,19.0,0.12,7.15,0.68,27.4,1.09,,,,,,,,,,,,,,,,,,,,,,,,
15.132000,79.958000,28_515_shc_2023-24.4803,Bheemavaram,100.0,43.0,72.0,0.61,7.4,0.6,40.0,0.19,9.3,0.8,1.4,0.38,,,,,,,,,,,,,,,,,,,,,,,,
15.132000,79.958000,28_515_shc_2023-24.5772,Bheemavaram,113.0,60.0,85.0,0.25,6.7,0.2,73.0,0.17,6.3,0.7,6.8,0.65,,,,,,,,,,,,,,,,,,,,,,,,
15.138000,79.982000,28_515_shc_2025-26.9604,Bheemavaram,,,,,,,,,,,,,,,,,,,,,,,,,201.0,76.9,42.1,0.11,6.95,0.1,21.01,0.16,0.68,0.76,1.65,0.58
15.138000,79.982000,28_515_shc_2025-26.9613,Bheemavaram,,,,,,,,,,,,,,,,,,,,,,,,,13.0,40.53,35.1,0.09,6.79,0.1,101.57,0.18,1.14,0.14,2.62,2.25
15.138000,79.982000,28_515_shc_2025-26.11353,Bheemavaram,,,,,,,,,,,,,,,,,,,,,,,,,125.0,28.2,28.1,0.28,6.82,0.1,45.53,0.26,7.21,0.24,2.14,1.36
15.138000,79.982000,28_515_shc_2025-26.11733,Bheemavaram,,,,,,,,,,,,,,,,,,,,,,,,,176.0,7.0,35.1,0.29,6.75,0.1,35.02,0.32,4.14,0.28,3.24,0.44
15.148000,79.782000,28_515_shc_2024-25.3045,Kondasamudram,,,,,,,,,,,,,63.0,34.9,645.7,0.69,8.42,0.24,80.8,0.16,8.14,0.72,10.16,0.37,,,,,,,,,,,,
15.148000,79.782000,28_515_shc_2024-25.17965,Kondasamudram,,,,,,,,,,,,,138.0,7.6,645.7,0.33,8.31,0.21,87.9,0.21,9.36,0.89,7.89,0.25,,,,,,,,,,,,
15.148000,79.782000,28_515_shc_2024-25.17975,Kondasamudram,,,,,,,,,,,,,213.0,1.1,458.8,0.24,8.64,0.21,51.0,0.18,7.14,0.14,9.14,0.94,,,,,,,,,,,,
15.148000,79.818000,28_515_shc_2024-25.2719,Sakhavaram,,,,,,,,,,,,,251.0,127.8,142.1,0.25,7.81,0.1,1.8,0.34,16.18,0.28,8.14,0.15,,,,,,,,,,,,
15.148000,79.818000,28_515_shc_2024-25.5134,Sakhavaram,,,,,,,,,,,,,263.0,108.1,232.5,0.33,7.76,0.23,8.8,0.21,21.38,0.14,7.26,0.22,,,,,,,,,,,,
15.142000,80.008000,28_515_shc_2023-24.7363,K.Rajupalem,125.0,21.0,241.0,0.48,8.2,0.2,54.0,0.48,6.68,0.54,2.4,0.27,,,,,,,,,,,,,,,,,,,,,,,,
15.145000,80.025000,28_515_shc_2023-24.7151,Karedu,100.0,42.0,169.0,0.68,6.4,0.2,78.0,0.94,5.7,3.0,5.0,0.39,,,,,,,,,,,,,,,,,,,,,,,,
15.148000,80.048000,28_515_shc_2025-26.752,Karedu,,,,,,,,,,,,,,,,,,,,,,,,,163.0,13.5,42.1,0.85,8.06,0.1,24.52,0.21,2.14,0.12,3.28,0.58
15.152000,79.778000,28_515_shc_2024-25.3827,Kondasamudram,,,,,,,,,,,,,63.0,89.5,229.3,0.6,8.69,0.18,77.3,0.38,9.36,0.58,10.14,1.35,,,,,,,,,,,,
15.152000,79.782000,28_515_shc_2024-25.17768,Kondasamudram,,,,,,,,,,,,,88.0,62.2,645.7,0.29,8.25,0.18,40.4,0.81,7.2,0.26,12.4,0.59,,,,,,,,,,,,
15.158000,79.958000,28_515_shc_2023-24.6727,Atmakur,75.0,15.0,182.0,0.18,7.8,0.4,57.0,0.51,5.12,0.72,1.18,0.3,,,,,,,,,,,,,,,,,,,,,,,,
15.158000,80.062000,28_515_shc_2023-24.6854,Karedu,100.0,34.0,169.0,0.25,6.5,0.1,50.0,0.19,10.5,0.03,4.5,0.27,,,,,,,,,,,,,,,,,,,,,,,,
15.165000,79.725000,28_515_shc_2024-25.2687,Ayyavaripalle,,,,,,,,,,,,,251.0,1.1,213.1,0.45,8.61,0.31,128.3,0.42,7.4,0.58,8.26,0.22,,,,,,,,,,,,
15.165000,79.725000,28_515_shc_2024-25.17370,Ayyavaripalle,,,,,,,,,,,,,63.0,127.8,206.6,0.2,8.05,0.64,135.3,0.7,17.73,1.6,9.96,0.91,,,,,,,,,,,,
15.165000,79.725000,28_515_shc_2024-25.17378,Ayyavaripalle,,,,,,,,,,,,,176.0,99.4,277.7,0.77,7.46,0.41,121.2,0.24,6.34,0.36,7.21,0.5,,,,,,,,,,,,
15.165000,79.725000,28_515_shc_2024-25.17416,Ayyavaripalle,,,,,,,,,,,,,263.0,147.4,374.5,0.31,8.08,0.61,116.0,1.32,28.86,1.74,17.19,0.63,,,,,,,,,,,,
15.165000,79.725000,28_515_shc_2024-25.19005,Voletivaripalem,,,,,,,,,,,,,138.0,108.1,206.6,0.38,7.38,0.18,94.9,0.76,31.4,1.47,13.71,0.94,,,,,,,,,,,,
15.165000,79.725000,28_515_shc_2024-25.19067,Ayyavaripalle,,,,,,,,,,,,,213.0,164.0,174.3,0.5,8.03,0.21,5.3,0.71,6.38,0.38,9.16,0.03,,,,,,,,,,,,
15.168000,79.732000,28_515_shc_2024-25.17727,Voletivaripalem,,,,,,,,,,,,,75.0,82.2,568.2,0.21,7.96,0.18,142.3,0.52,32.3,1.89,18.53,0.18,,,,,,,,,,,,
15.165000,79.855000,28_515_shc_2024-25.1141,Singamnenipalle,,,,,,,,,,,,,263.0,137.6,226.0,0.81,7.12,0.14,5.3,0.18,16.18,0.38,9.26,1.35,,,,,,,,,,,,
15.165000,79.855000,28_515_shc_2024-25.9107,Singamnenipalle,,,,,,,,,,,,,263.0,164.0,251.8,0.19,8.13,0.18,1.8,0.14,18.3,0.36,10.4,0.31,,,,,,,,,,,,
15.162000,79.892000,28_515_shc_2023-24.5155,Mopadu,75.0,29.0,98.0,0.42,8.4,0.5,57.0,0.13,3.68,1.86,3.6,0.2,,,,,,,,,,,,,,,,,,,,,,,,
15.162000,79.942000,28_515_shc_2024-25.5468,Palur,,,,,,,,,,,,,201.0,7.6,406.8,0.21,8.1,0.14,18.3,0.54,8.24,0.62,14.36,0.44,,,,,,,,,,,,
15.162000,79.942000,28_515_shc_2024-25.9678,Anandapuram,,,,,,,,,,,,,176.0,164.0,426.2,0.13,7.9,0.14,12.3,0.38,9.18,0.16,9.18,1.16,,,,,,,,,,,,
15.168000,80.008000,28_515_shc_2023-24.5949,K.Rajupalem,100.0,68.0,182.0,0.58,7.9,0.1,24.0,0.22,2.38,0.34,24.4,1.12,,,,,,,,,,,,,,,,,,,,,,,,
15.168000,80.008000,28_515_shc_2023-24.5952,Ramayapatnam,151.0,110.0,610.0,0.82,7.4,0.3,31.0,0.98,4.2,4.4,7.9,0.19,,,,,,,,,,,,,,,,,,,,,,,,
15.168000,80.012000,28_515_shc_2023-24.5940,Chaki Cherla,151.0,64.0,201.0,0.69,7.2,0.1,54.0,0.28,4.2,0.4,17.0,0.77,,,,,,,,,,,,,,,,,,,,,,,,
15.168000,80.012000,28_515_shc_2023-24.5942,Chaki Cherla,63.0,70.0,84.0,0.51,8.0,0.1,31.0,0.42,1.19,0.1,12.0,0.15,,,,,,,,,,,,,,,,,,,,,,,,
15.172000,79.772000,28_515_shc_2024-25.4815,Sameerapalem,,,,,,,,,,,,,163.0,42.6,135.6,0.75,8.32,0.12,26.4,0.14,14.2,0.89,9.18,0.47,,,,,,,,,,,,
15.172000,79.772000,28_515_shc_2024-25.4841,Sameerapalem,,,,,,,,,,,,,188.0,89.5,303.5,0.26,8.09,0.14,5.3,0.34,85.36,1.56,11.4,0.82,,,,,,,,,,,,
15.172000,79.788000,28_515_shc_2024-25.1186,Sameerapalem,,,,,,,,,,,,,251.0,1.1,426.2,0.75,7.72,0.23,26.4,0.38,11.21,0.54,7.25,0.5,,,,,,,,,,,,
15.172000,79.788000,28_515_shc_2024-25.9547,Sameerapalem,,,,,,,,,,,,,63.0,34.9,529.5,0.63,8.14,0.16,47.4,0.33,35.12,1.88,11.54,1.32,,,,,,,,,,,,
15.172000,79.788000,28_515_shc_2024-25.19066,Sameerapalem,,,,,,,,,,,,,201.0,62.2,303.5,1.05,7.56,0.36,5.3,0.45,33.12,1.87,47.8,0.85,,,,,,,,,,,,
15.172000,79.792000,28_515_shc_2023-24.6208,Sameerapalem,100.0,3.0,91.0,0.6,7.8,0.2,177.0,0.11,2.27,0.99,9.5,0.04,,,,,,,,,,,,,,,,,,,,,,,,
15.178000,79.892000,28_515_shc_2023-24.7097,Kondamudusu Palem,226.0,80.0,109.0,0.28,8.0,0.1,84.0,0.28,7.14,0.24,9.26,0.34,,,,,,,,,,,,,,,,,,,,,,,,
15.178000,79.982000,28_515_shc_2025-26.2984,Atmakur,,,,,,,,,,,,,,,,,,,,,,,,,188.0,66.4,63.2,0.27,7.39,0.25,35.02,0.31,1.38,0.28,2.14,0.58
15.178000,79.982000,28_515_shc_2025-26.2990,Atmakur,,,,,,,,,,,,,,,,,,,,,,,,,163.0,15.9,28.1,0.33,7.34,0.16,45.53,0.14,0.18,1.24,2.14,0.89
15.178000,80.022000,28_515_shc_2023-24.6419,Karedu,125.0,88.0,292.0,0.48,6.5,0.1,35.0,0.34,4.15,0.28,14.6,0.43,,,,,,,,,,,,,,,,,,,,,,,,
15.178000,80.022000,28_515_shc_2025-26.9608,Karedu,,,,,,,,,,,,,,,,,,,,,,,,,138.0,11.2,49.2,0.41,7.93,1.94,129.59,0.26,0.16,0.19,0.42,0.75
15.178000,80.052000,28_515_shc_2023-24.4979,Karedu,138.0,8.0,137.0,0.48,7.4,1.0,42.0,0.28,6.1,0.29,3.5,0.42,,,,,,,,,,,,,,,,,,,,,,,,
15.178000,80.062000,28_515_shc_2023-24.5765,Karedu,151.0,5.0,227.0,0.57,7.5,0.2,21.0,0.68,2.6,0.32,26.0,0.17,,,,,,,,,,,,,,,,,,,,,,,,
15.178000,80.062000,28_515_shc_2023-24.5950,Manneti Kota,100.0,42.0,169.0,0.68,6.4,0.2,7.8,0.94,5.7,3.1,22.0,0.39,,,,,,,,,,,,,,,,,,,,,,,,
15.178000,80.062000,28_515_shc_2023-24.5951,Manneti Kota,125.0,88.0,104.0,0.68,7.6,0.2,14.0,0.01,6.74,1.8,29.0,0.9,,,,,,,,,,,,,,,,,,,,,,,,
15.178000,80.062000,28_515_shc_2023-24.5953,Karedu,125.0,88.0,292.0,0.48,6.5,0.1,35.0,0.34,4.15,0.28,14.6,0.43,,,,,,,,,,,,,,,,,,,,,,,,
15.185000,79.655000,28_515_shc_2023-24.4850,Polineni Cheruvu,100.0,4.0,104.0,0.47,7.7,0.2,19.0,0.14,1.87,1.08,3.27,0.34,,,,,,,,,,,,,,,,,,,,,,,,
15.188000,79.768000,28_515_shc_2024-25.4835,East Polineni Palem,,,,,,,,,,,,,176.0,79.7,161.4,0.64,8.28,0.26,80.8,0.89,41.16,2.12,15.42,1.13,,,,,,,,,,,,
15.182000,79.812000,28_515_shc_2024-25.9628,Nekunampuram @ Pokur,,,,,,,,,,,,,138.0,25.1,297.0,0.41,8.18,0.12,101.9,0.38,16.4,0.86,20.14,0.41,,,,,,,,,,,,
15.182000,79.812000,28_515_shc_2024-25.9755,Nekunampuram @ Pokur,,,,,,,,,,,,,213.0,69.9,632.8,0.31,8.05,0.18,87.9,0.68,14.6,0.14,21.86,1.16,,,,,,,,,,,,
15.182000,79.812000,28_515_shc_2024-25.9762,Nekunampuram @ Pokur,,,,,,,,,,,,,138.0,88.4,523.0,0.5,8.43,0.14,108.9,1.24,23.28,1.21,4.6,1.16,,,,,,,,,,,,
15.188000,79.838000,28_515_shc_2023-24.6301,Nekunam Puram K.Kandrika,50.0,38.0,266.0,0.62,8.0,0.27,12.0,0.39,3.6,1.64,62.0,0.26,,,,,,,,,,,,,,,,,,,,,,,,
15.182000,79.842000,28_515_shc_2023-24.6450,Nekunam Puram K.Kandrika,125.0,105.0,456.0,0.59,7.8,0.31,2.0,0.24,5.84,1.24,62.0,0.42,,,,,,,,,,,,,,,,,,,,,,,,
15.188000,79.842000,28_515_shc_2024-25.467,Nekunampuram @ Pokur,,,,,,,,,,,,,188.0,132.1,142.1,0.67,8.11,0.18,14.1,0.48,7.89,0.16,16.48,0.15,,,,,,,,,,,,
15.188000,79.892000,28_515_shc_2024-25.1116,Kondamudusu Palem,,,,,,,,,,,,,100.0,163.8,458.5,0.43,8.16,0.15,126.5,0.72,7.21,0.14,7.14,0.78,,,,,,,,,,,,
15.188000,79.892000,28_515_shc_2024-25.9081,Kondamudusu Palem,,,,,,,,,,,,,176.0,127.8,497.2,0.31,8.18,0.18,96.6,0.81,8.96,0.24,4.84,0.41,,,,,,,,,,,,
15.188000,79.998000,28_515_shc_2023-24.5859,Manneti Kota,188.0,27.0,117.0,0.88,7.7,0.4,57.0,0.36,12.0,0.27,0.9,0.19,,,,,,,,,,,,,,,,,,,,,,,,
15.182000,80.032000,28_515_shc_2025-26.9478,Karedu,,,,,,,,,,,,,,,,,,,,,,,,,88.0,10.0,35.1,0.52,7.87,1.75,35.02,0.18,1.21,1.21,0.68,0.89
15.182000,80.058000,28_515_shc_2023-24.4978,Karedu,88.0,43.0,85.0,0.25,7.4,0.6,40.0,2.6,13.1,0.16,1.1,0.19,,,,,,,,,,,,,,,,,,,,,,,,
15.195000,79.765000,28_515_shc_2024-25.4898,East Polineni Palem,,,,,,,,,,,,,163.0,147.4,284.1,0.59,8.42,0.19,112.5,0.14,14.2,0.31,14.21,0.5,,,,,,,,,,,,
15.195000,79.805000,28_515_shc_2024-25.12589,Nekunampuram @ Pokur,,,,,,,,,,,,,151.0,62.2,206.6,0.29,7.94,0.1,8.8,0.54,16.38,0.16,12.14,0.18,,,,,,,,,,,,
15.192000,79.818000,28_515_shc_2024-25.12673,Nekunampuram @ Pokur,,,,,,,,,,,,,163.0,1.1,174.3,0.5,8.35,0.26,22.8,0.18,26.24,1.12,13.92,0.59,,,,,,,,,,,,
15.198000,79.862000,28_515_shc_2023-24.6896,Kancharagunta,113.0,34.0,332.0,0.19,8.3,0.6,7.0,0.38,7.16,0.58,9.18,0.23,,,,,,,,,,,,,,,,,,,,,,,,
15.198000,79.862000,28_515_shc_2023-24.6998,Kancharagunta,125.0,34.0,122.0,0.29,8.0,0.1,30.0,0.26,6.21,0.58,6.38,0.19,,,,,,,,,,,,,,,,,,,,,,,,
15.198000,79.862000,28_515_shc_2023-24.7008,Kancharagunta,25.0,45.0,221.0,0.18,6.8,0.3,17.0,0.08,9.4,1.16,6.3,0.64,,,,,,,,,,,,,,,,,,,,,,,,
15.198000,79.862000,28_515_shc_2023-24.7019,Kancharagunta,201.0,19.0,462.0,0.25,7.4,0.6,21.0,0.26,9.38,0.44,8.26,0.11,,,,,,,,,,,,,,,,,,,,,,,,
15.198000,79.862000,28_515_shc_2023-24.7117,Kancharagunta,125.0,34.0,122.0,0.29,8.0,0.1,30.0,0.26,6.21,0.68,6.38,0.2,,,,,,,,,,,,,,,,,,,,,,,,
15.195000,79.865000,28_515_shc_2023-24.4834,Kancharagunta,25.0,45.0,221.0,0.18,6.8,0.3,17.0,0.08,9.4,1.16,6.3,0.64,,,,,,,,,,,,,,,,,,,,,,,,
15.192000,79.892000,28_515_shc_2023-24.5015,Kondamudusu Palem,138.0,38.0,228.0,0.65,7.7,0.5,45.0,0.21,6.01,0.51,8.14,1.69,,,,,,,,,,,,,,,,,,,,,,,,
15.192000,79.892000,28_515_shc_2023-24.7102,Kondamudusu Palem,163.0,25.0,122.0,0.16,8.0,0.1,35.0,0.46,6.21,0.38,8.16,0.11,,,,,,,,,,,,,,,,,,,,,,,,
15.208000,79.682000,28_515_shc_2024-25.8840,Polineni Cheruvu,,,,,,,,,,,,,100.0,164.0,122.7,0.26,7.56,0.11,5.3,0.68,7.26,0.61,10.8,0.97,,,,,,,,,,,,
15.208000,79.682000,28_515_shc_2024-25.9048,Polineni Cheruvu,,,,,,,,,,,,,138.0,164.0,161.4,0.23,7.68,0.18,33.4,0.58,32.04,1.97,15.55,0.18,,,,,,,,,,,,
15.208000,79.818000,28_515_shc_2024-25.9347,Nukavaram,,,,,,,,,,,,,226.0,164.0,193.9,0.19,7.35,0.21,17.6,0.42,14.18,0.26,5.21,0.59,,,,,,,,,,,,
15.208000,79.838000,28_515_shc_2024-25.1196,Nukavaram,,,,,,,,,,,,,201.0,25.1,326.0,0.76,7.84,0.16,1.8,0.58,40.34,1.92,11.81,0.44,,,,,,,,,,,,
15.202000,79.848000,28_515_shc_2024-25.5835,Kakutur,,,,,,,,,,,,,226.0,42.6,185.6,0.61,7.24,0.28,12.3,0.28,9.36,0.16,7.24,0.34,,,,,,,,,,,,
15.205000,79.855000,28_515_shc_2024-25.5352,Kakutur,,,,,,,,,,,,,163.0,62.2,218.1,0.34,7.45,0.14,1.8,0.42,12.16,0.16,7.16,0.28,,,,,,,,,,,,
15.202000,79.852000,28_515_shc_2024-25.8759,Kakutur,,,,,,,,,,,,,163.0,79.7,142.1,0.65,7.01,1.62,12.3,0.28,7.18,0.38,4.36,1.38,,,,,,,,,,,,
15.202000,79.862000,28_515_shc_2024-25.838,Kakutur,,,,,,,,,,,,,138.0,79.7,277.7,0.53,7.04,0.14,1.8,0.36,7.86,0.78,16.4,0.18,,,,,,,,,,,,
15.202000,79.862000,28_515_shc_2024-25.17307,Kancharagunta,,,,,,,,,,,,,213.0,164.0,471.4,0.36,7.65,0.18,26.4,0.196,7.09,0.43,14.41,1.19,,,,,,,,,,,,
15.202000,79.862000,28_515_shc_2024-25.17420,Kancharagunta,,,,,,,,,,,,,138.0,164.0,335.8,0.41,8.03,0.12,5.3,0.52,12.18,0.18,12.16,1.45,,,,,,,,,,,,
15.202000,79.862000,28_515_shc_2024-25.17448,Kancharagunta,,,,,,,,,,,,,226.0,164.0,381.0,0.22,7.61,0.12,26.4,0.28,8.36,0.31,10.48,1.07,,,,,,,,,,,,
15.208000,79.868000,28_515_shc_2024-25.2669,Kancharagunta,,,,,,,,,,,,,100.0,164.0,387.4,0.28,7.7,0.18,5.3,0.46,4.38,0.14,8.08,1.63,,,,,,,,,,,,
15.208000,79.868000,28_515_shc_2024-25.17326,Kancharagunta,,,,,,,,,,,,,188.0,164.0,329.3,0.24,7.76,0.24,40.4,0.34,9.04,0.48,14.06,0.59,,,,,,,,,,,,
15.208000,79.868000,28_515_shc_2024-25.17331,KANDUKUR,,,,,,,,,,,,,163.0,164.0,206.6,0.14,8.36,0.34,5.3,0.36,7.38,0.14,9.16,0.31,,,,,,,,,,,,
15.208000,79.868000,28_515_shc_2024-25.17336,Kancharagunta,,,,,,,,,,,,,100.0,164.0,271.2,0.19,8.12,0.21,26.4,0.31,6.38,0.28,7.28,0.72,,,,,,,,,,,,
15.208000,79.868000,28_515_shc_2024-25.17343,Kancharagunta,,,,,,,,,,,,,138.0,164.0,251.8,0.12,8.05,0.11,40.4,0.42,7.24,0.11,9.14,0.85,,,,,,,,,,,,
15.208000,79.868000,28_515_shc_2024-25.17346,Kancharagunta,,,,,,,,,,,,,201.0,127.8,271.2,0.42,7.46,0.16,40.4,0.14,9.36,0.12,9.14,0.53,,,,,,,,,,,,
15.208000,79.868000,28_515_shc_2024-25.17358,Kancharagunta,,,,,,,,,,,,,138.0,52.4,400.3,0.35,7.73,0.21,26.4,0.28,12.01,0.26,7.34,1.13,,,,,,,,,,,,
15.208000,79.868000,28_515_shc_2024-25.17372,Kancharagunta,,,,,,,,,,,,,138.0,164.0,400.3,0.05,7.73,0.31,26.4,0.89,4.16,0.53,13.17,0.31,,,,,,,,,,,,
15.208000,79.868000,28_515_shc_2024-25.17412,Kancharagunta,,,,,,,,,,,,,176.0,164.0,387.4,0.48,7.67,0.26,26.4,0.38,7.24,0.38,8.12,1.51,,,,,,,,,,,,
15.208000,79.868000,28_515_shc_2024-25.17434,Kancharagunta,,,,,,,,,,,,,176.0,17.5,458.5,0.1,8.14,0.18,12.3,0.58,5.28,0.26,4.18,1.41,,,,,,,,,,,,
15.208000,79.898000,28_515_shc_2024-25.2686,Kancharagunta,,,,,,,,,,,,,138.0,164.0,342.2,0.25,7.64,0.26,12.3,0.38,6.31,0.38,7.36,0.44,,,,,,,,,,,,
15.202000,79.928000,28_515_shc_2024-25.1625,Anandapuram,,,,,,,,,,,,,100.0,147.4,413.3,0.39,7.85,0.38,19.3,0.61,6.12,0.14,10.38,0.34,,,,,,,,,,,,
15.202000,79.928000,28_515_shc_2024-25.12145,Anandapuram,,,,,,,,,,,,,201.0,164.0,464.9,0.52,7.94,0.41,33.4,0.63,9.16,0.52,9.14,0.53,,,,,,,,,,,,
15.202000,79.928000,28_515_shc_2024-25.12200,Anandapuram,,,,,,,,,,,,,176.0,79.7,432.6,0.56,8.18,0.18,59.7,0.71,10.42,0.36,10.38,0.78,,,,,,,,,,,,
15.202000,79.928000,28_515_shc_2024-25.12237,Anandapuram,,,,,,,,,,,,,138.0,52.4,400.3,0.3,7.91,0.26,19.3,0.54,7.38,0.36,7.26,0.5,,,,,,,,,,,,
15.208000,80.072000,28_515_shc_2023-24.4965,Thummalapenta,213.0,75.0,46.0,0.44,6.4,0.5,31.0,0.508,9.1,0.31,4.16,0.15,,,,,,,,,,,,,,,,,,,,,,,,
15.208000,80.072000,28_515_shc_2023-24.6030,Thummalapenta,113.0,60.0,78.0,0.62,6.6,0.6,12.0,2.06,6.37,0.28,2.64,0.11,,,,,,,,,,,,,,,,,,,,,,,,
15.212000,79.892000,28_515_shc_2024-25.2660,KANDUKUR,,,,,,,,,,,,,163.0,164.0,497.2,0.44,6.94,0.14,33.4,0.69,18.21,0.2,8.56,0.94,,,,,,,,,,,,
15.212000,79.892000,28_515_shc_2024-25.17314,KANDUKUR,,,,,,,,,,,,,151.0,164.0,458.5,0.39,7.1,0.11,12.3,0.81,9.38,0.28,7.38,0.72,,,,,,,,,,,,
15.228000,79.878000,28_515_shc_2024-25.4352,KANDUKUR,,,,,,,,,,,,,188.0,52.4,351.0,0.15,7.03,0.16,14.1,0.56,9.14,0.14,9.16,0.53,,,,,,,,,,,,
15.228000,79.878000,28_515_shc_2024-25.5526,KANDUKUR,,,,,,,,,,,,,151.0,164.0,400.3,0.29,6.72,0.11,26.4,0.42,5.81,0.38,8.38,0.56,,,,,,,,,,,,
15.232000,79.882000,28_515_shc_2023-24.5371,Kondikandukur,88.0,10.0,293.0,0.74,7.4,0.2,2.0,0.43,2.69,0.23,3.64,0.85,,,,,,,,,,,,,,,,,,,,,,,,
15.252000,79.882000,28_515_shc_2024-25.21199,Kovur,,,,,,,,,,,,,201.0,5.5,109.8,0.35,6.47,0.11,14.1,0.36,6.14,0.27,5.26,0.47,,,,,,,,,,,,
15.268000,79.898000,28_515_shc_2023-24.6064,Kondikandukur,163.0,14.0,221.0,0.64,8.2,0.3,45.0,0.26,4.04,0.18,4.14,0.2,,,,,,,,,,,,,,,,,,,,,,,,
15.278000,79.572000,28_515_shc_2024-25.5603,G.Meka Padu,,,,,,,,,,,,,201.0,69.9,458.5,0.22,8.41,0.14,61.5,0.52,8.24,0.21,10.24,0.66,,,,,,,,,,,,
15.278000,79.572000,28_515_shc_2024-25.12229,G.Meka Padu,,,,,,,,,,,,,100.0,157.2,406.8,0.07,8.55,0.32,33.4,0.68,7.21,0.71,7.26,1.13,,,,,,,,,,,,
15.288000,79.918000,28_515_shc_2024-25.19018,Vikkiralapeta,,,,,,,,,,,,,163.0,7.6,45.2,0.28,8.41,0.21,22.8,0.68,10.4,0.31,5.38,0.28,,,,,,,,,,,,
15.292000,79.918000,28_515_shc_2023-24.6983,Vikkiralapeta,188.0,1.0,377.0,1.2,7.7,0.5,50.0,0.1,2.04,0.28,12.7,0.96,,,,,,,,,,,,,,,,,,,,,,,,
15.298000,79.918000,28_515_shc_2023-24.6959,Vikkiralapeta,113.0,14.0,267.0,0.58,8.3,1.1,2.0,0.28,6.01,0.1,3.68,1.6,,,,,,,,,,,,,,,,,,,,,,,,
