PC_1,PC_2,PC_3,PC_4,PC_5,PC_6,PC_7,PC_8,PC_9,PC_10,PC_11,PC_12,PC_13,PC_14,PC_15
6.552903185237269,2.5672190738503358,2.4869001271198226,0.40813624148174277,2.3078308596578605,-0.7151902391447966,0.1398570763039762,-0.7118079351813654,-0.9882603407169721,-0.17670900938487014,1.655574727773056,-0.7577792568257313,0.06735776879626056,0.5821465652767603,-0.7263729642961314
0.6424599807190782,-1.250327778038221,-2.6778581696087875,-1.3231645213005137,2.8895255464670164,-1.4989732525659523,1.1120816306818004,2.0945012596043977,0.6556332243894517,0.5578680460881922,0.22783599972472635,0.27693616518896685,-1.6746739512477078,1.2064855940430563,1.3320352906673851
1.7211289596064534,-1.1686976663405995,-1.6935654091270098,-2.451718075959668,2.0847554845212977,-1.4351506722892795,-0.8176876444854586,-0.615856498883687,0.7506515507156398,0.09061165285063855,-0.36586306753139125,1.137297026004144,1.2400539406916142,0.31052945188723696,0.35147606725467456
1.6595219770264615,0.6874647287697938,0.9366601184637291,-0.8213695719323134,-1.0205524228846599,-1.8819244489099127,3.800279300873452,0.09732975196818956,0.29059238472888466,-0.8472865640176883,-0.5471932173163419,0.5503457583557035,1.4449347364110405,-0.1574229029143826,0.36465761242923567
-2.805667087153124,3.6309849624427692,-0.3420497003464107,-0.16462706005496408,-0.15807543195635015,1.2959165509483466,-0.11831792016373742,-0.9013991609162142,-1.8472920914639728,-0.685260216514144,-0.6084190937642616,-1.1298471032123634,-0.2624277950799404,0.32172157689837566,-0.33729765027809866
1.9621125161770638,4.064627572898563,-3.7979293682807658,0.4792899936860261,0.3430949682234914,-1.5635555488278305,-0.09305648981989069,1.2658715323019465,-0.013365549672358689,0.5775608996627524,-0.5631583325603617,-0.6955357521458565,-1.0014352497804928,-0.5378861350176483,-0.5436647249147286
-2.4978195888975194,6.612155272344632,1.422024337272734,-2.3714144195604145,-0.45108362801230734,1.6036240788145737,-0.23976599119767975,-0.7332474233573935,1.149707125410096,-0.43602163035995656,-1.2183266121493814,-0.9262217860792693,-1.1861950386895215,-1.0697609823446206,-0.5368272782513458
-5.74604471871025,1.2758423354587838,-0.4405852559038576,0.5277029858365303,-0.6341494415226302,1.1872251804125364,0.35949274170708373,0.8641648949377911,-1.4267385572932318,-0.8533046349050509,-0.11667369592021967,-1.5724975359285898,-0.3472325729772729,-0.7287716935709391,-1.2450801961202103
-1.6013586027481208,-1.5143698803084378,1.6371897202944101,-0.4251110206802951,-0.7161688648829307,-1.8861108520724943,3.796892348553427,-2.287155883779129,-0.3544888397167219,-0.03024675737299998,-0.009738142167232977,0.14994193969103728,0.7936685883362198,-1.151485597667059,0.048407657399544814
-1.8506616431435918,0.03133131871823629,2.1684415086955413,-2.1067622181503656,0.775872257115984,-0.631756287513624,1.0610542764947541,-0.1345455320073241,0.7804798863956354,-1.8866743303019364,0.32105732416372834,-0.5339794273952608,1.1303143142651746,-0.4590150814452245,-0.5603857635946096
-9.06346593175045,-4.748786429167005,-1.252241936224684,-0.3726679420263885,-0.4097500713403277,3.245884745972598,0.019052404275556406,1.1151632905757722,1.1199486021048297,-0.04266978404723841,0.7734524522319971,0.3061801674468989,-0.08523460464233448,0.03908193437422739,-0.23799742021456585
-7.176361009063591,-4.1523294835522035,-1.7890395944710278,-0.3241914012478745,-0.32723377877361814,0.010848348107708294,0.3928087133247527,1.4293475314474673,-1.3859197616470522,1.4983277642472186,-0.22282030230676228,0.8931805176119403,-0.10189994613576611,-0.2826977376704588,0.1988724974006098
1.3723169102161923,3.0755666843475877,-3.8006146791691715,-0.53000878437538,-0.22421376384698272,2.0801521922872155,-0.0015211250696758895,2.5798811810299718,0.05176939907901776,0.45188415724049064,0.1167022595292224,0.7925069185235489,0.10628046836481614,0.1635168476636896,-0.5189874743450379
-6.063203361480594,-2.4321454368067488,-2.493363372706288,-1.5094171528428502,1.0261414708051557,0.14994655387657235,-1.6989572303857694,0.8124164340097697,-0.5002809361720362,1.3573704813735474,0.7681013325375103,0.9310637447027242,-0.45657589325943776,0.31500991714989196,0.16331959444909985
2.1291330715675953,3.294749347517658,-4.567613029006013,-0.36440396099006456,0.32179772237513626,1.2358403078787152,-0.3178304490149205,-0.946561270945657,-1.1575074499728604,1.5783174688340553,1.6669184195721414,1.0527444376734745,-0.456985928176161,0.6542654490071942,0.16871992766827426
-5.427038727003629,-2.3607767689667747,-2.9290962782478633,-1.2976932557328233,0.7122670125600052,-0.2823915860060457,-1.3064242534668518,0.18786656533178445,-0.9745449703139432,0.9373574612590964,0.835671974887046,0.8729891504790562,-0.34249107685743635,0.2773584838153529,-0.4656652040762066
-5.830987840664099,-1.4997609592050505,-2.011897550770266,-2.111863682192865,0.5844438694233839,-1.0392159149163989,-1.3048837831557936,0.15325343349679113,-0.4447149901644542,0.5337497648074226,0.2895883821964314,0.9140790170862554,-0.33227137773433973,0.2932073866142932,-0.5079518741277171
-4.237516690146824,-1.6892341650041693,-3.1472697192069057,0.3654407732105749,-1.9407921187338997,-1.7858833017842406,2.5975098232302596,0.029520082614629354,0.21158582151449543,0.9444691564837666,-0.4437941442673983,1.1332844858345206,-0.05100956539147725,0.44677639809407327,-0.5515789730719259
0.9638965031156911,3.8373564028849843,-3.022911176828883,-0.832517283155714,-0.548052649182901,-0.17145432647227055,0.6668123477534127,-0.3673979404269869,-1.8240137918030535,1.507168694956167,1.3308254066087308,0.7042812906315192,-0.4004302519733993,-0.5206570295086347,-0.30007334183279083
-2.7926148463736213,-1.062518295588499,-3.7953312954106226,-0.3727429708926179,-0.06364050289852212,-1.5949724264376213,0.043424170956478436,1.3127289273572134,0.08551603723614322,2.0493147063275887,-0.1717896577639004,1.4869905450884364,-0.5618039549824564,0.372209713602067,0.3786422323736827
-5.204348504327237,-1.5017710842552816,-2.1860019101401296,-0.9183717169464061,-0.6230232136456085,0.02160989617541174,0.3137166930549593,0.5254723972854238,1.3087668994052009,1.3400568949334968,0.3874969463044621,1.1663862573294992,-1.0292624008088442,-0.8361578257992408,0.4491453925915154
-1.4105603488772354,-0.11504768251964219,-3.8225246227652487,-0.2797511553477234,-1.1020927895145627,0.6882388071862974,1.190657585107755,0.8585995254040255,0.8265211146103413,1.3544633824786065,-1.2187114426474657,1.4058949131737524,-0.015651641183332298,-0.21982192102364687,-0.14442006650151146
-2.4996328141170263,-0.6190959211109002,-3.8729411875510333,-0.0868688210727578,0.29004877400998574,0.3239297559238087,-0.27922158305542893,0.9335615151441722,-1.0536417978203056,1.6072017591613523,0.9313787173535374,1.3493439826653364,-0.6243953929954095,0.6736102954639691,0.3041976399818149
-0.3318737558159843,0.7320318336906401,-3.8147332105558376,-0.7665133305045478,-0.5947437223758638,-1.2917239521250579,0.22524830862767617,0.7465989135038088,0.5781316103820303,0.44754285889293116,-0.39930823895707185,0.9209116364342158,-0.31215361221727334,-0.10103515544366565,-0.24162441310410393
-7.481314147547995,-3.5061648109242562,-2.1388013967955493,-0.8561771369146493,-0.5190207979086366,-1.232107417629288,0.21994152672501058,0.27068408510772574,0.424956777668457,0.8255437715024694,0.18182697960261132,0.7607244442946173,-0.23875609581741428,0.42637541335760537,-0.3104235096918248
-2.9804586426200483,0.04512199906164949,-2.226612747845015,-1.8910868115168475,0.7360643625537201,-0.9344445855301198,-1.4315714275897775,0.5328015008621664,-0.40013328123107256,1.101107753764501,-0.34451683328116894,1.007851256382871,-0.0001226157198797689,0.04157817497040863,0.34709395729218695
2.770241654396571,3.2890521570183693,-4.1510617147951185,0.5364901401443657,-0.33549028543371046,1.6483538282887338,0.5138699264934695,-0.024000190010279344,-0.5376575331063479,0.7898431812632927,0.657286498958569,0.6579261058363647,0.5426171806626751,0.07787542497388565,0.20656049708007074
-3.0723578703187795,-1.595741532859099,-3.035808186888364,0.4033451553761696,0.22592986789308447,1.9536075954529426,-0.15994066643729546,0.23153811782436096,-0.44750791565828746,1.954424952898204,0.4228107791269869,1.434514182489231,-0.27537086626041163,-0.43754216615999075,1.2497811401263808
-3.5086771518033646,-0.19523222623135855,-1.7184257379602716,-0.28378530671517865,-0.5367559443189325,0.9299731739507127,0.9536081044637131,-0.42407750035217495,-1.4229309305802653,1.2918175586272973,-0.0565935271544526,1.24343713210782,0.03557760687039345,0.2358070581658751,0.6504818110765458
-2.554515650130622,-0.22365892447320435,-3.0643375565500266,-0.9132852498775588,0.16227515938018677,-1.3374726912333441,-0.6510797050468582,0.6888863269402893,0.5524560521560304,0.42828106148058875,0.18976772519164664,0.9860886867722108,-0.3688963971942272,0.23864931185808466,0.13751201603663823
-1.1319540359430764,0.2541184231845289,-3.747916947327411,-0.6406694082711253,-0.2357223817289348,-0.7451782747207727,-0.15438606235722874,-0.7630313207509776,0.7384796657870926,0.517077749954032,0.0551808425569544,1.0359258914400078,-0.13212109301332478,0.15218800358975665,-0.04134956700637457
-2.7462799090891674,-3.6943439365402755,-3.475113049157386,-0.5347603971983331,1.25866106204828,-1.3895245624964525,-0.24615388214711822,-0.33077417666630415,-0.2099315623440534,0.5533949849518564,-0.4171733794003764,-0.3041232113136251,-0.02410893459322595,0.8647699171040408,-0.4002435950978136
-1.115204484018453,-2.564364198432468,-3.441678165131876,-0.14657327800838363,0.5397004242562655,3.104060127681048,0.6451024047890325,-0.048477167795717965,1.1302933849037857,0.364221618387477,-0.9942874160052274,-0.1332242823109865,0.1255074391887297,0.19575000706208537,-0.3825313992349737
-2.0619212274327063,-3.2475652317040806,-3.482286824961858,-0.2503133898962556,0.9837503746308438,3.920274768274394,-0.036674339227936885,-1.0840867475234244,1.5716294611365338,0.2401331965672473,-0.1960967128953363,-0.30984328025624236,0.16569803919296208,0.5604547432560969,-0.46897993965092266
4.355270967779311,-0.7414148742943216,-1.4819824958808105,0.3035196024910003,0.49139916262910627,1.4452394858109034,-1.2936134519704614,-0.17544126784049346,-0.7942060334008642,0.28231229415260356,2.5464955297019283,-0.7954799300788533,-1.4509426271549122,0.08877628244845881,0.9049932993748996
1.1186510135273124,-1.3639423806391675,-0.6968198575998498,-1.4633054575313653,1.4734638445539636,-1.089237525419432,0.10259414134622925,-0.23215126943901251,1.0759991585005104,-0.369039528661948,0.8741394002423726,0.72675992081477,0.5250667397346508,-0.052795177658037616,1.2035207222776703
-1.845114274647647,1.793041494507266,-1.1279707555639757,-1.8936993433900762,-0.2669528240106676,3.130036322645437,0.9575547946094982,-0.49178055322328257,0.6636401083734254,-0.25997970424191785,1.1960428660767617,0.7654743318005192,0.040923241452927146,-0.05301640647522515,0.7118771205175978
-0.7654331986321199,3.748423315292029,-0.7002276967001931,-2.532456751495895,-0.23454809183596187,3.3343216527789563,0.682053141782865,-0.6721866650881648,0.9641746332080279,-1.079065891704194,1.3059325281779925,0.29392239784798463,0.5276653066317246,0.541847666609329,0.3057441345305357
-1.5951566898179017,1.9124700434915618,-1.3876444289455552,-2.300028713427934,0.32305432424604236,-1.2860656838528146,-0.05837182313876854,1.0176223243007831,-0.18574918980898752,-0.6660973585856801,0.8540469016825845,0.5836244562304412,0.21780150024673148,-0.11198339687578313,0.5853035253832461
-1.4449899892755367,2.7800724103887804,-0.8184087852103908,-2.5184319933436807,0.3797891947066896,-0.9723938122343123,-0.18738401332593743,3.3966787341985607,-0.09455564067391248,-1.272991787475083,0.5744466972003307,0.27576748174930377,0.41847168543372226,0.010858910013649819,0.28448612829735453
-1.3928955075722382,2.4729254249935044,-1.1973441960491351,-3.9642274599214247,1.805066851865614,-1.1555178223446836,-2.411913084922359,-0.021468538562394075,0.38923050715151086,-0.8252353488166992,1.0502780407305223,0.34772386982100645,0.44670450303009096,-0.16888377913495733,0.4960654705071279
-1.6542330316629243,2.397650732609493,-0.853843200455169,-3.060389954283382,0.19833617337764942,-0.8074852218854,-0.04306684921791606,-0.795316524359605,0.4858482370382314,-0.39692072525152533,0.6520894710044105,0.6540027627052698,0.20989399284357457,-0.1565559918295808,0.6467928767413168
1.8433413407627133,-0.339419807761819,-5.416221598561442,-0.4672312693500366,-0.30599444617236105,1.705337258921982,0.7658322591573296,-0.5771804971491624,0.88267102379816,0.3336786409718862,0.058966810354574614,0.6919103301385219,0.9035610144467738,0.024152635502622328,-0.1407847611847638
-2.503824390836276,2.558130925429995,-0.6621693531678502,-3.0593555785808264,0.1807359199149021,-0.5645293897213238,-0.09389186843972337,0.02339176644979772,0.8022100176035045,-1.18071368611925,0.834870051079547,0.5081697566494262,0.3299791032521062,-0.2047353853417353,0.19663550827017753
-2.3952171470091166,2.823457261125855,-0.6931601645315761,-3.11317313594109,0.5030971974951971,-1.1777875805994171,-0.5279533135586811,0.3347197189903984,0.16311614696698606,-1.4328481709052079,1.2887234660382099,0.2678036937085836,0.4013887215672663,-0.13661128158550853,0.04031121969989359
-2.1270125395753663,2.9312122470957993,-0.5747838657278959,-3.0035805958044763,0.7303636529580653,-1.0059854273798747,-0.769838097071545,2.7620047333964517,0.16122398829334114,-1.3207498420927573,1.006767887401337,0.2533657872244363,0.30101724220045945,-0.5701255867951212,0.20453689097016395
-2.457075969623367,2.5036104578580627,-0.6067255001361946,-3.882694950012703,1.4229640373681496,-1.108935034253626,-1.8001749383069165,-0.01425633728392486,0.09995195127800612,-0.6252072260498867,1.1885521032183615,0.47154278917175424,0.2627264398815016,-0.7026256796901332,0.520470401224898
-1.993916786605333,3.23192845261265,-0.25338784646845564,-1.8450547359252596,-2.134226998132756,-1.7502294137982832,3.604787297387393,-1.9791933612951849,-0.6599988772264243,-0.4215406979848101,0.6543183586969176,0.441921987489713,0.6175694828755807,0.18249465955239533,-0.11263088125071652
-2.2022312420110324,2.907510047593504,-0.4642331184055033,-2.481559038936233,-0.2782181730493706,-1.4182660413900974,0.9272927823030466,0.6168019747321795,-0.6734313480774846,-0.6636206510977617,0.7676152276628028,0.7777796301680348,0.14548757116718491,-0.3290409952043841,0.3611800652444031
-2.1768193570667957,3.594183242735321,0.0037476601683577677,-2.7695454248717986,-0.37512975671677695,-1.399572435303696,0.9850512209621192,0.6013740299597239,-0.6989648674783291,-0.7826838796787206,0.7650713721612424,0.5939580804802645,0.3091235236904976,-0.2125184329522495,0.3043071014968469
-1.0985227339938717,0.8700551575906138,-3.0947315247752534,-2.3732186026529227,0.38742102925886374,1.178135129424647,-0.48473383219482036,1.397846825480247,2.238706782817265,-0.6952096412122063,0.22336846457653176,0.527709428918914,0.5582455144568573,0.27241766091728453,-0.2898417872305411
0.9634304221338428,-0.02507794295090821,-5.391819452204207,-0.6321632783950711,0.25862335394203506,1.9550246807390126,0.5585507442433488,0.8159015713531318,-0.4287715576073953,0.4431324520805437,0.27880694859399946,0.7869859613490685,0.9207451630444515,1.6491046280154538,-0.16154091504991874
-5.232055003856955,-1.3310202778139417,-1.7119926273037733,-2.2532978853241827,0.4278597669003625,1.9325277789141697,-0.29177101272107514,1.670930326744248,-0.6028663501511163,-0.053950493586491434,1.5191814657330656,0.21954837852757433,0.2849644229515307,-0.22034077828466736,-0.495294727171592
-1.682088707604295,-0.42380139708540765,-3.582801293650138,-2.0696172288615555,0.5743839437316858,1.7283124476027534,-0.14265103993059922,-1.1668743709692824,-1.1240239730103134,1.3654904341030483,0.9591383099135904,0.8017736119400934,0.4131261505329956,0.3410851253867318,0.023213921988609568
-3.700426475721711,-2.0930092065515575,-3.7122053610037242,-2.189962736576466,0.3459575330968516,-0.6546982039115532,-0.3172646020270756,0.7363715731401564,1.2685207111960848,0.2698604324252071,1.0725294916263428,0.6405216688935862,-0.46691264804872457,0.5343262658929776,-0.17157533796389515
-2.5887936841689934,-2.507744758886096,-4.791868360564201,-1.5891002577904751,0.1778576995108107,-0.2107877840893132,-0.024934681962422565,-0.019086788464273988,1.2758252624391597,0.6767498716458049,0.9393305761959659,0.7585958906782235,-0.25701247146144807,0.25435317472593183,-0.3590104309500191
-4.3537644352011435,-1.4038962506124653,-2.7707446328180896,-2.087725783195027,-0.4416608342512975,1.114336754639145,0.7977556240798913,-1.716617489341211,0.5561841838746042,0.02727336087887725,1.8379884450921673,0.5529131601895279,-0.3626600637637111,0.29617170702249723,-0.5233601695243352
-3.013514973736302,-3.0318267623673774,-4.731230992424863,-1.6104689628993272,0.18540147198419105,-0.19514833974018703,-0.03715358741964494,0.04679682740071393,1.3275585930143716,0.9317200036042971,0.6171485866834429,0.9269404543581817,-0.29045610357335067,-0.006070188083307495,-0.18786779917276958
3.156824749118426,3.647025344389122,-4.018337708788522,-2.0822956011717704,0.25237444901198,-0.3129644242870319,0.14266846480283019,1.283011923712614,-1.0312235104008802,0.1785785845976205,0.3298263447325136,0.5741600338938334,0.5771846002439911,0.010677650371035427,-0.3598177527954286
3.0555067653354735,2.164227180831755,-5.032366806892911,-0.5202513646206138,-0.8110453156035091,0.5672373278943093,1.6590451713047873,1.641710684370485,1.0858351835746265,1.160939974593469,0.39059841846339044,1.2281782441264182,-0.35311714775034214,-0.7333184331553269,0.3731555071946777
-2.9924303048621326,0.30907228285952976,-2.021845556330686,-2.52899855565019,-0.334661566286942,-1.4416817288461485,0.9581008799771167,0.07497135815627673,-0.6963913710647484,0.5917655084547985,0.7276629525174915,1.0779256513958653,-0.559081530219418,0.23610275018213758,-0.06277944366631201
-4.2189856576338425,0.2916547635346916,-1.243055305257423,-2.5564116157371535,0.15246630602183134,1.8251047848938238,-0.26885755984258514,2.6218849718973094,2.3968722564769527,-1.1262368737224786,0.9600133752628345,0.37706363509878155,-0.009960169154569638,-0.3930401119353335,-0.09687573540270962
-5.64707775234306,0.19807021195131408,-0.3293997107600542,-2.836809673503876,-0.4056272719841562,-0.5575303315488795,0.7157219015859094,-1.2850125987234293,0.23841312311123167,-0.34735049004458324,1.510205410525479,0.397202178887101,0.06526054885627183,-0.39853941246547914,-0.09978392584988413
-4.175782833470022,-0.11371397973103115,-1.5620067048160868,-1.798543892127922,-0.34703609260645096,0.004600092318914783,1.2107800401252888,0.04512398529096944,-2.0326792612761797,0.061791227251929225,1.1651756159220459,0.6168091274653577,0.41402887517353315,0.21546888866422464,-0.26902599947110334
-5.519215685847927,0.22168763752488613,-0.2527993391365219,-2.037191713189895,-1.2324790925967772,1.1430615635512846,2.0752745735586338,0.9837910371692028,-0.5663968649946713,-0.2533958423606292,1.272660670922719,0.20037195712321113,0.16989056814686343,-0.3108963076175267,-0.3995595355483796
-5.705894343202928,-0.4972728264433749,-0.6352486353508008,-2.907501426621732,-0.4301545534010833,-0.5036621842772812,0.6794423517969823,-0.04729847767891376,0.5883557214325156,-0.32180414456631784,0.9464098628900487,0.6362171261937981,-0.2546643204572818,-0.29520970074723807,-0.08811477272265193
-4.616334113835888,-0.05069082550153828,-1.1229614610756997,-3.279253799724248,1.030546928451631,-0.3469586112490237,-1.1552345711080156,0.500941741758792,-0.6928378108045714,-0.3460723845125943,1.0881454428419772,0.5622626709683749,0.2728733159616056,-0.20464146236784808,-0.16965897697360316
-4.96305343073278,-0.4296428916246295,-1.1847649074586457,-1.6851030869957266,-0.94413987478735,-0.38523312696813544,1.595657194347362,0.7303181884564083,0.6740536127342116,-0.5705984690047479,1.0179902551948437,0.5534364356146965,0.018505331051393684,-0.33868517918793073,-0.13158281229310495
-3.9995175856320593,0.6711652594974449,-1.1685656359871686,-2.546416888261658,0.15013824509837262,-1.2114329917863267,-0.05275633936992741,0.6628745195852943,-0.38091761488988296,-0.9377057582568948,1.321995044680488,0.1895799066595122,0.49037513858881027,-0.1288000795442461,-0.3535404996938029
-5.624945392318117,0.2877611572801421,-0.29498948979934386,-2.8543765780642167,-0.4132790887971523,-0.5557467726932288,0.7197333660189734,-1.302887086563284,0.2179117584930679,-0.44115183370600386,1.5445450493707285,0.3923032023218946,0.05057490273791291,-0.37445532518051805,-0.11215729166024843
-1.1251872703383607,0.22202809473308993,-3.509015343779981,-0.8674789346035041,-0.2336842130552959,2.599411947180372,0.8459246004655044,-0.371683668125235,-0.5212990206005748,-0.2581884517179992,1.259012847116636,0.4030916796534572,0.9091040375520062,-0.3501053754703057,-0.4905597106229298
-2.272605300569676,-2.994999156654215,-4.848780439749425,-0.7433638472583132,0.725281977339024,3.1375916642994715,-0.48887907227330024,2.4886166191272454,0.32962744414471623,-0.20963532508502125,0.217380221650225,0.6538182033623214,0.9175353340385315,0.5788131981287995,-0.7896356146120476
-2.935933143705895,-2.847167538768218,-4.274990940370874,-1.1461241542021678,-0.060169180054900025,-0.6406297959682149,0.24853608862872953,0.8698458287139522,1.138786240925763,0.05921157208815636,0.21070759157871113,0.6289190894868683,0.4469779196607325,0.12238254515690089,-0.4854246057610664
0.1307634412202811,-1.6024879373419305,-2.5554914726321845,0.622533980795855,0.06250118546634734,0.884996639021513,1.734572309899714,-0.3923043196231347,-0.4385577814543152,0.37226873828960944,-1.875469040520186,0.021035270034589337,0.7424001963652377,0.1500208571425952,0.5773804953519899
2.2819165773482792,-0.8764787943075075,-0.624242799009016,0.4010165787388042,-0.6970511306752536,-2.04264366585405,3.5125680249723144,0.3367183186980677,0.5451336921607387,-0.08770534979691286,0.3712566088963403,0.727416039239584,0.7344624144031998,-0.27449099236037366,1.13357820166286
2.443638385014898,2.814477010574864,-3.93053673488808,-2.017410714862603,0.2985244890046423,-0.3042939412537626,0.10546075429078286,1.4295185527693994,-0.9090982143307748,0.6997104704080661,0.05419225748451467,0.7587212601216865,0.49537837784957645,-0.42517208475159685,-0.03420181696869768
-0.7153655682252732,0.48382106637800776,-5.067885194378182,2.576247161637791,-0.022563099913347245,0.8289387214465512,0.7647645796887365,0.5719263054859501,-0.16032434399173742,-0.26933903850220003,-0.6255979454598902,-0.9998255520163097,0.5097563240878966,0.4349681900642838,-1.145344951970749
-0.49200724224861203,2.4735458851134724,-2.5971690555533797,0.6739282299527348,0.1835885518891432,2.5433126839977116,0.31504112112851335,0.044941367287035114,0.29348291693594514,0.2526111624684054,-1.5579361040576567,-0.48702508149511925,0.023560858981870516,0.20247565695559636,-0.32831626364548644
-1.934796713974511,-4.228579302276613,1.4236590402892049,-1.0529243871341794,-2.1506272138805396,0.017130831844348476,-0.4801228013678617,-1.5470911560921987,0.21360443166492835,-0.963544995601815,1.015708394492923,-1.2120207615866654,-0.6165948279785363,-0.34587204232442414,-0.09235176288977184
-3.7302983451448073,1.0362830460665688,-1.3482308326938954,-1.9670121807484644,-1.1299675939990521,1.107725371773882,2.151988920204584,0.2104831726589387,-0.7703930963481327,-0.20140423709475982,1.0911175091676566,0.7409263563293799,-0.13095968571783853,-0.23945164579915695,-0.531669481014986
-2.768475825272891,2.0473526246301343,-1.7804752767398988,-3.031750749383514,-0.5168398185456592,-1.1652021386323654,1.2751084502780787,0.33427522476639604,0.38758822709069934,0.45652285749393,-0.006475056146545844,1.2346325081623484,-0.08128505771268597,0.14548571520879822,-0.635244251962467
0.9057040222422912,5.625866213597182,-1.5420392440018007,-3.260370002090904,-0.7065187319232668,1.9886375298836196,1.8354753436835685,1.5823018606507864,-0.24358135902107778,0.7395494811783389,-0.9430648866239256,1.3345221916456391,0.5282604642398337,0.640545984044705,-0.7268199845798365
-0.028215667801633555,1.9416625508472503,-3.2271808538674924,-1.2224842261067688,-0.4382449410758457,1.7985239842422054,1.521177561983611,0.8185589733036904,0.17590812233805278,0.8225601809186158,-0.0338547131170286,1.2717677896693453,0.5025626111625889,-0.169891976385908,0.06292117458253173
0.9729935012039038,5.64297705675668,-1.583562028597631,-3.2581709638887713,-0.7073247559595767,1.9898141628211072,1.835455512319106,1.5683917232949314,-0.2528191892062098,0.7086587273474929,-0.985119062311034,1.347768137675487,0.5499182256706041,0.6594418686025535,-0.7484800161814338
-3.2740326506133863,1.4471023342334195,-1.078629970175777,-2.1458968522189767,-0.9465983787591593,-0.44454472386088256,1.8698384230317977,-1.1854653847699181,0.14368729380324372,-0.2899993677057889,1.0363745284191768,0.7211523941737383,-0.019837729767812822,-0.2028615717834782,-0.026799530862381255
-2.2312712313054157,1.7301569748783694,-1.415671043808862,-3.00689390903388,0.23442751835869746,-1.2629892407711156,0.20907674023217826,-0.5561033542476183,-0.543162038821406,0.3098880103996703,0.37936171277907493,0.9628558455932058,0.19918414420286357,-0.18521936682276802,0.14068825362676982
-3.4279456899426464,1.265715433503937,-1.0612225817544143,-2.132076237302628,-0.9374775781469039,-0.4452346595035815,1.8629605824012647,-1.146693025830142,0.17867204191836014,-0.1398675851740272,0.9971441698452583,0.7345238946756837,-0.026365130747698817,-0.28428741750552866,0.03352663683227602
-2.4468315343296676,1.3449949270205432,-1.7550966256618155,-1.817898990243583,-0.4901087852436205,2.408833485926036,1.2156094912480528,-0.6706343793773196,0.4364579060758559,-0.36592134118412045,1.1874814612010032,0.6691904260653008,0.25435187257759195,-0.09851937963790348,-0.040279310886156036
-2.2792651149562815,1.2785754727471084,-1.8597263592533488,-2.1879250127125527,-0.30201370315619697,1.1067029633513712,0.874199395704975,-0.9092462671985662,0.9290166357016271,-0.05644120760598212,0.8348762083873239,0.74507018848682,0.2394755120245275,-0.12908741055549067,0.1189668029105289
1.362789181745815,4.405785165711361,-1.938294443204296,-3.0299965477524706,-0.29760128548294146,-0.6332242496187453,0.8728532644164934,-0.045511968934574286,0.921574317648525,0.3675051614692823,-0.7193639244932792,1.1034136010286502,0.47344914844684816,0.26790972101430505,0.07933156144514561
-1.8388764175335546,2.377936019382371,-1.2881174295971454,-2.963659641330949,-0.9750237422747574,0.9596051409362344,1.6275511067640713,-0.1930374594440539,0.5565743248163311,-0.3121917743166579,1.0515882006178394,0.5996260360816547,-0.6877953246260113,0.1445103207356035,-0.4757917865643643
-2.04440255572252,1.1310327469472956,-2.4585787270108685,-2.4403053213097734,-0.6558082217429552,0.08062533347633966,1.1819383382970508,0.09628771464685827,0.8037925763540805,-0.41762983651763624,1.4728508996313971,0.43277944161802995,-0.6952952362052759,0.08941159897581209,-0.5573953396548974
-2.2924203184637237,2.4938340687309735,-0.7099707277395004,-2.6114262410093367,-1.2779153948472717,1.1553314035996893,2.2962437586300135,1.054198629672089,-0.5156490360786928,-0.1098276421914713,0.32589369894367387,0.8656492940236521,-0.30395752706677703,0.045917209207877334,-0.40584017135943967
-2.159744059659751,3.619636863611084,-0.08654872760325837,-3.9276006588424406,-0.8870866945235493,-1.0799369674554342,1.422692351376611,-0.14879129522432244,-0.016954073088624316,-0.17684410971460274,0.22193849269987012,0.8243838034711098,-0.3958276636940555,0.1392053984131575,-0.3816283494347419
-1.8283204703265854,3.572950922428625,-0.4532425855435161,-3.3988593990130243,-1.3480929945370774,-0.3158342427254768,2.090993650626108,-0.12227544323052576,0.3558875482528438,-0.3493545351936675,0.24590137946106538,0.8594675144891103,-0.402591064107139,0.29318529539072813,-0.4201159752193227
-0.5558946377054759,4.6293641519344755,-0.5990910510985318,-3.5562240520540613,-0.7900736442746081,0.11474500882174637,1.5050895471570596,-0.9700253650839418,0.614301324817084,0.13996822369442138,0.017927913016685976,1.1007678448714304,-0.0678762948988554,0.10244852775936819,-0.09265185967382264
-1.952149691385381,3.3764516158323152,-0.765106429242176,-2.4072929150645486,-0.4600631466108449,0.07285981605458694,1.3429434434993035,2.076328625376955,-1.5088451513388654,-0.649782949780617,0.8746491440442954,0.4338915001058872,0.3805082485927642,0.04946022589551914,-0.41656125248474224
-1.9443130709321077,3.3520614439854364,-0.6329482197342314,-3.095440779505356,-0.36531046389442134,-1.4170937879249816,1.154521453068043,0.06391487941028981,-0.7217238476689356,0.13739059794112413,0.5730300631880647,0.8841629758270021,-0.06093440774275121,-0.20938230647977138,-0.0026520449710963584
-2.4682547262491825,2.884808420516154,-0.6539242573251353,-2.9993709458863944,-0.6818259600808898,0.13689151372975458,1.3143204785172595,-0.32895742858675364,0.7010936606021524,-0.49703529764457793,0.5051583664907404,0.8704585757730667,-0.03375665458404092,-0.09358979362079305,-0.1698333081096544
-1.1129794018003407,2.31843041961642,-2.0036852313570455,-2.4428345752216662,-1.1918793285410547,-0.3135378734471241,1.7656033135901468,2.604908673615156,1.1733348202178986,-0.9105175375178916,0.26496862308317903,0.552657925228922,-0.4299661399008144,0.27009216775735045,-0.7384166035246317
-2.132166235617436,3.132085308838825,-0.5994064498811446,-3.0499020018521055,-0.6624613652266871,0.11479371006658556,1.332192750584046,-0.24370787112938863,0.8087159856046875,-0.12234559089863213,0.4129258966026431,1.031744720242176,-0.20200303819257107,-0.12859552974728541,0.11479093630685479
-1.4255709462024522,2.943723488349689,-1.142340073379375,-2.7436226510415196,-0.43476623496011263,3.3160329154259034,1.1879181215941421,0.4030828570513774,0.6228278186542469,-0.20482537543411286,0.38939497772417575,1.0822524397789044,-0.10227068197095836,0.07979245864003351,-0.036978388540896565
-1.2110189815883412,-1.1243557024741175,-1.2023365978991882,-0.38298780136473165,1.0710395100010104,-0.4091396804824628,-0.3116312463531818,-1.2814184644003739,-1.5157119569873405,0.9157727242089245,-1.3346306162983719,0.39922838572706754,0.53698089771627,0.3332944841101968,1.4158563211193966
0.869445322547432,1.4428789077085538,-2.221772264746926,1.233944029200608,-1.3646948610350036,-1.9394832936816606,2.6049471957949244,0.5633415069864092,0.4847086849113436,0.38400679523980275,0.5724791388840321,-0.06511581679957516,-0.7873783961087513,-0.9425857900632763,0.15865175073764895
-0.05061117913547545,-0.5539950267108311,-0.33975333151429005,2.4062592157346874,0.991133025543219,-1.9949248739935344,-0.6489889679756722,0.1670753601591759,0.3333877396743907,2.1504079855561593,1.4606330019507816,1.260152826259354,-0.17962765994785532,-1.4240954213237507,1.3131580022898288
3.454303923165618,3.4182215288006246,-0.28055445785780375,2.598477027697009,0.49390712240032525,0.5076689813024148,0.22397171906167293,0.5925564201856707,-0.5187311052006636,0.956630016593582,1.606090361316708,0.9298415287296257,0.47841320070439003,-0.5485855982355952,0.6209654049283253
-0.050636672461871125,-0.5539754014857128,-0.33980102162687537,2.4062284028256724,0.9911247932247711,-1.994919788553007,-0.6489754598240497,0.16707892820947345,0.33338007261090075,2.150398873984182,1.4606256045338548,1.2601388940819225,-0.17963284785699937,-1.4240934378463803,1.31320025348308
3.4884354988660604,3.09658212023412,-0.9404614568248378,2.28832975472041,0.611045437875509,-1.7928952106832683,-0.4140143703358222,-0.3703464825434049,0.8809918069820136,0.1414873858972965,2.5743467741915635,0.08179859326371047,0.5052168472171972,-0.12079742838413264,-0.20633424952528098
2.7693779822797944,1.079112444120941,-1.6729772203778603,2.762835161922007,0.8309488540349318,-1.8333174649471153,-0.5225159604853872,-1.1394709235006897,0.7575232980802913,1.0914274955180328,1.8784605507741903,1.1526156108422994,0.03504953494610471,-0.754902903822826,0.6455662022271226
0.2764545949392986,-0.11668035528838169,-0.4428580302196424,2.4235343601634876,0.15252936775529619,-0.9178558652191394,0.30265098944231633,-0.4131235937202557,1.285485914924459,0.8597041557522596,0.8555057903398758,0.8655979328816971,0.5720123145318473,-0.3445527495901707,0.29554429529640236
1.1376135459954146,-0.5424359237627202,-1.2856043807995883,3.0488341842446487,0.2637522746887902,-1.0163913859062859,0.12845421964467132,-0.5747762677533432,1.4296125007279312,1.782150000063521,1.4130765576710769,0.8073294843315011,0.39853552222304267,-1.2811816518654287,0.7491328959242668
2.4958176797275526,1.8727043954134484,-0.7382107994215185,2.650946169549239,0.23558590462899137,-1.000258921621769,0.27684070669730604,-0.8932461552226566,1.1669377072774387,0.9526667317870818,1.5219465802750753,1.2345658832900155,0.017118767720383152,-0.9243148698754675,0.7929927815581518
3.679363980823977,2.540955931293189,-1.0360316343364906,2.58826439950583,0.9968453041184772,2.0660746256056175,-0.46688527465557167,-0.607602708515741,0.06260568721678736,1.5251951639070391,1.6257253810416714,1.1626038084732173,0.5172840396242435,-0.40760135761714017,0.8006464291092059
3.9997337082769975,3.0226002340310423,-1.2920405005713127,2.051829560494053,1.2130031606949272,-0.723764968410464,-1.2262038148394578,-0.555409024306336,1.8319673092247553,0.4775908469246588,1.9141937411391927,0.8796391445899977,0.23335647040643315,-0.3229597405684495,0.6145187831741119
1.357191076851015,-0.4840672273118898,-1.5449531040773534,2.7892209493931706,0.7260540805627839,-0.47462818283412656,-0.5052196881590727,-0.44629035908180714,1.7130257586652002,1.3334150626495138,1.2087714299170267,1.0680076980053084,0.3505039261695121,-0.8258713680448178,0.5710359367728061
2.3182487728874555,-1.969432422051504,-1.8204209474970496,-0.9983371840454711,1.0538067474310278,-1.4495819808000387,-0.11658737768981549,-0.177924658036449,-0.12436076638182875,0.20374378150266828,-0.9971679352588386,-0.0009317875112366975,0.41990341336836645,-0.43949896487980483,0.7717727118417026
0.28095362662134354,5.457220382575169,-1.6568218588076102,-0.2904252748201342,-0.09028405477730946,-0.7048449810794246,-0.3392887246185305,-1.7957320534204813,0.3655636942291734,-0.06883342769398029,-0.023958705719142718,-1.0659710138895866,-1.0204105421958378,-0.17187348972781724,-0.4553319894933966
-4.427355036075241,1.0009526215732467,0.6592528091975234,0.07203660254363968,0.422344313760458,0.19921620893790448,-1.8457452986524854,0.9605547472633283,-0.784722631779569,-0.11280439608402587,0.3079920986462844,-0.5597047429908404,0.7320362320193551,-0.08308255789776092,-0.3682100680279567
-3.4690807541934867,1.1403668830668985,0.0870596966851427,0.2487904765550346,-0.19727516499878506,1.2961529537340608,-1.2209607915638088,-0.9714425918326639,1.3963553662448038,-0.5875594322353285,-0.25059144229840874,0.012515612569485225,0.46723111554529545,-0.36588083433726365,-0.1762309515506172
-5.236353154609764,0.4752200420306184,1.0013924624969404,0.35640307270635146,-0.6493689814823944,1.6953825367818602,-0.5308042257946379,-1.2038511105089134,0.8514532973977291,-0.3532640237934571,-0.1031265501302889,-0.054233381035972195,0.4181242308880992,-0.5533057615333974,-0.04744743091798044
-1.8227390348645456,1.0077841251751931,-1.3237815833732542,2.5713463344720555,0.3624436644356945,2.36107540732184,-0.748097498037477,0.2608277359335081,0.21449615255215618,1.1549804471737912,-0.16052838352070792,-0.4331885171776938,-0.6716652864765559,-0.5091885087231518,0.8670511228302922
-4.48423905384345,2.466060260951761,1.076489586639295,0.03307645509827664,1.0955884464784436,-0.9957931909691122,-2.2771646024207355,-1.0358888388965546,-0.8818780346987095,-0.20177424398726201,-0.14766320048436993,-1.1940581984581211,0.25376562413440035,-0.2316952684208673,-0.25526807483691494
-5.469141610289767,0.46051906321097386,0.6095065518891764,0.442751629991299,0.8641018292264877,3.054636302829401,-1.9885746035331169,-6.022714957244067,0.6683953772330421,-0.13920947566892483,-0.031837630148184706,-0.5026661249210239,0.31814189348493044,-0.060545155111519734,0.028854858198683744
-7.1558121599908135,-0.7091251228125749,1.2979558520801284,1.5572295769233657,0.05103566769790527,-0.0125357832802509,-0.510915463977371,0.6380021370556485,-1.6116365791395413,0.13305220514219518,-1.0935301427686068,-0.5180924873240026,0.09133481248925245,-0.6067358496210269,-0.14848891869259753
-6.458541686292481,0.5948817990480619,1.4859750673404661,1.6617755906757783,0.031117672911875584,-0.0805724485844273,-0.48023515038701775,-0.5488529512115482,-2.037626975800325,-0.5020084177877874,-0.05314205214880665,-1.0504879970099505,0.33839356854865754,-0.4420279544463961,-0.2796977482591029
-6.072268746073849,0.45499034682854145,0.9143375979851504,1.0691646461874056,0.48572007562244307,-1.2824063545650495,-1.6508804514654267,-0.26324865674542375,0.17710710066417218,-1.243869212056739,-0.6930004772629461,-1.0758338091618602,0.46010865441165566,-0.4427383487220985,-0.3429733736082037
-5.416574186427866,-0.09994807370746049,0.04292659100784787,3.2559057793387605,-1.3524886517313164,-1.8759103801373662,1.4362525558760986,-0.5205733125032045,0.02470775477708418,-1.0037207562749344,-0.45178063115108186,-0.9085929602630263,0.28356812763825734,-0.45480228425859937,-0.4251550914430382
-5.440485286906058,0.5835846697013302,0.5751574883537036,2.377155744892549,-0.13447269157580022,0.9503387857471969,-0.2384906896121198,0.17759212614333839,-1.3788710667307593,-0.9693484660384492,-0.15333068432859784,-1.0344882355213472,0.4334405555261652,-0.31023282870598967,-0.39880836419325044
1.0356087220825902,-0.2019977689872451,0.5221060209776905,-1.6785867509557948,0.19832582791614023,-0.878328926616896,-0.727515363383487,0.21750795325264094,0.8902411423890129,-1.0855426485853215,-0.0705120052208386,-1.0106866352707538,-0.051623741562803686,-0.29669626192695825,0.22044289755412175
-0.8388380925627348,-0.5296412727583156,2.1494631256541648,-1.0024956504589824,-0.5779961559852792,1.8634186710761924,0.8427826229259683,-0.1990383627453086,-0.9049872161847445,-0.1482432994111117,0.3308414791032234,-0.5406221541188536,-0.4929317735489136,-0.7785904043709666,0.8959886164044609
0.2781455630983108,-1.5147917296868079,0.37358463701239275,-0.13536404416597883,-0.5107017722498829,0.8713834882108388,0.9911521996437583,-1.3516399556833154,-1.791055151213417,0.028872192179944117,0.42923305050756994,-0.6460303620786308,0.02229163328931577,-0.049442161216993116,0.49734964048697056
3.898732647426728,0.4719403059825071,-1.1676966228336791,0.638186409582628,0.0911909327381323,2.9377595056005834,0.11590251136015012,-0.4652154073237178,0.7955209802125457,-0.5155918751483162,0.5458103029266177,-0.9389936269651475,0.811094650394749,0.0856328882599653,0.6172766056547003
-2.73030751987834,-3.9831073257505865,1.5408853788985957,-1.0820907434017266,-1.096975896869436,1.884017321424826,0.8668448908526294,0.6072355654460753,-0.03892481467999087,0.7604229191487777,-0.2903017978673006,-0.5257829126505936,-0.794989827231617,-0.552919625755777,0.3894933524629095
0.3390048308536523,-3.2303947025934336,-0.8582793704203101,0.15363013696200403,-0.7893922190319467,-0.5097530017881902,0.8190620794492108,1.5180479242898892,1.1725350522539473,-0.658329234372608,-1.0567849876663906,-0.5524102814803039,-0.05308665455519735,-0.45744488444288234,0.18881032592674812
2.2371812366649775,-0.6444177780396877,-0.6343959894731969,0.545796428399874,0.06255784166621015,2.984793564549651,0.10802358561298353,-0.3472306439273603,0.7896250632089238,-0.41479474594770754,0.6709167271570231,-0.8581755718890391,0.47196805078008125,-0.33799803544197643,0.7012236651737741
-0.4224448037389886,-3.132174542861191,-0.2905654363963237,1.1472448037146177,-0.5830217253701886,0.8471668195009484,1.0445101104688714,0.8391734936478576,-0.14147298762882377,-0.26123453829555837,-0.2988100076074048,-0.6285381323654137,0.636805888758163,-0.45584713085273315,0.741336170864431
0.13715095191392096,-3.4759733808200046,-0.9687852672069724,0.5614295094003607,-0.2286120910100062,2.3112752677707693,0.36326348803190983,-1.0423901230322048,0.3141727336727177,0.06283959725847714,0.5775130038630796,-0.6555484650492176,-0.03992525302016407,-0.22578782804114333,0.5664810912338952
-0.036616077413587265,-3.9101970540975777,-0.9347109768861754,1.8189041894363789,-0.15591089345914652,-0.7551595126358053,0.48945406431259897,1.1153724875461206,1.4089949964989255,0.03168013941454236,-0.23785104561277617,-0.3725587900762916,0.3203842231493824,-0.8920275128229229,1.795967838454795
3.9592056024398925,2.6140326661571907,0.05562292764176747,-2.3988330875928097,2.2526886601846283,-1.4112260051265562,-0.7180525650029268,-0.14050344159310285,1.1117458219151293,-0.42086699682201484,0.3978198876801538,0.1875170382881159,0.35780797997677155,-0.0643041954945342,0.5911295719409789
-0.3918179349772104,-3.067758791143583,-2.007789537180214,-0.38483051962262455,0.03902157386588758,1.723790797692761,1.452095920270271,-0.3841095682366157,-0.16192472975331232,0.3077524235671917,-0.8390933267635126,0.572836942212495,0.6168164708155068,0.5523073821676258,0.5509577902266295
4.655367729586982,-3.3226823020221525,-1.1973704386987962,0.8885505544471002,-1.8521397764102203,0.5159135100328345,-0.6160372468525153,-0.4082774070468944,0.941590100592927,-0.38104810120247296,0.2174429076206271,-0.06281786892642999,0.29346795479513527,0.17064828300446852,0.7306182672325662
-4.125832493987648,4.381405999172789,2.368764887130962,-0.3527008614416587,-2.623634267905827,3.3847557047450114,-2.9879262671607196,-2.0748193132394253,1.3378167588286618,0.8532820372024439,1.8171704735458503,1.1618027266960909,0.3144785656756007,-1.3255395783178803,-0.09598812101108693
-4.58767549003915,0.2989791731572704,-0.1995412678582893,1.6180897646277568,2.155417086994578,0.5988221220399206,-0.7124148790502373,-0.7977814972613956,1.7123091314295136,-0.9262348837637316,0.08314868392560582,-1.3436849788740177,0.8718924710477415,0.06127874594614225,0.4464452430151559
5.526637653806079,-1.436360158134878,-11.44318252276177,8.930135532866249,4.524845815916159,2.36249245838441,-1.629274184342532,-3.932199046859268,-4.801658066098424,-18.77229319309337,-3.136163690634035,11.097514403489503,-5.642354362709714,-2.7745257954430675,1.0716829773524517
-4.492658688940333,2.149836256596623,1.2918488846987135,2.2856819838499915,0.02279292063417477,-1.9388547033384171,2.7799147571214124,-1.0970309584058036,0.07103551861848498,-0.7499021383728979,-0.5780742923189426,-0.8996269883522466,0.6903959228378111,-0.29701997060692276,0.5735622867277254
-6.089426891615637,1.389547615034397,1.796357738091978,1.4528280998844212,0.923545004274828,-0.5699565983408676,1.0816612408534052,-0.6038816303150923,0.6556712718054364,-1.2947883011255674,-0.37899273504210484,-1.1173242810889206,0.6794305028814451,-0.4500105369908021,0.5828631931454433
-6.368944441378345,0.6312453444929027,1.1100937230919878,2.420752402078958,0.02482621825237164,-1.8812355517790293,2.6882917654752547,-0.5261753422774063,0.13847487795893396,-1.0213144024366705,-0.14704979493023826,-0.7447041869830727,0.17996593799253735,-0.3900583444669634,0.17966609141368514
-2.8116766167274045,1.2402231026909982,-0.8742354662839212,1.0720849756056905,2.7484522667001743,-1.3960601205886725,-1.4173025754410258,1.3150732804823748,0.8669274668144139,0.09245390423888601,-0.7085091719897312,-0.5517388513930908,0.17176133423108558,-1.1915149511812753,0.46771620310134765
-0.1816724683490534,-0.6145786887405033,-2.206687211013811,-1.3391863238939847,1.038313778888427,-1.1368319898843358,-1.367315770099376,0.7634871243471392,-0.11669059498791987,0.1566964358643373,-0.9074558074044614,0.07753748473014097,-0.33772078617663637,0.3073417224174184,0.09984035797795535
-1.4995829873959712,-0.6366094896537335,-1.2982279777237917,-0.47395430634482194,-0.3315916383394128,2.5264664384727276,0.6015322902107766,1.139284423349498,0.7573375854660126,-0.40145150169207744,-0.7247239175109534,-0.17449012715476395,-0.2568651335059973,0.21880033581942906,-0.053717485640015515
1.398924340592604,-1.097403596117161,0.5904011002791929,-0.37717438722164515,-0.9546381961294576,1.5671909025820867,0.8006330501155638,-0.4378862702554366,0.21378982230034999,-0.22333148572961717,0.24710120130814778,-0.44602313889487616,-0.6143256412724677,-0.4456177658575139,0.7592624039589717
2.9114439607427784,0.7097681186597762,0.7464653780638888,0.1238986705962458,-2.2173171075361915,-1.8921344498502743,2.5744668738578462,-0.01850776532119552,0.10933224271504258,-0.7557296268134923,-0.3801907519712552,-0.7142993272909662,-0.01168840210733958,-0.2542486720519274,0.35231902553905653
2.869995336222433,2.21616697852199,1.7057852265074842,-1.4804719842894687,-0.6062412375987779,1.1549193702948974,0.3843245158047108,-0.18238894229323757,-1.5581282222447326,-0.8043870420892703,0.71650370750464,-1.095694123512466,-0.04183068505734563,0.6264243289179872,0.027754581235647214
3.140014570760605,1.022307035651207,0.855945541763517,-1.00803208130708,-0.7177957616243789,-0.12734831372517041,0.5639296016854289,-0.01077313745940518,-1.92609549527212,-0.36967949977323256,-0.27601893420460716,-0.6722639935068557,0.18705436625260913,0.16185408109682758,0.2463704258100068
1.7602672403735786,-1.352846256893149,0.23940662615104477,-0.5645190301028157,-0.6380480973486211,-0.10745733107375988,0.41865957116692337,0.03941815938784415,-1.8810444096138286,-0.1362912119234886,-0.5400713345212207,-0.6138553064605341,0.2700849317298213,-0.16776126295251925,0.2022626545877031
1.7602451425735148,-1.3528212316748234,0.23939359938208568,-0.5644994285394902,-0.6380336546670201,-0.1074574903281924,0.4186579059395738,0.0394166878417112,-1.881039792153607,-0.1362844740343998,-0.5400743848990951,-0.613841882159457,0.27008745141718016,-0.16776542003451994,0.20225241680147793
1.7602618818028961,-1.3528349558084618,0.23942195293367605,-0.5644840388241624,-0.6380305055688447,-0.10746035190859138,0.41865043478541636,0.0394148222852878,-1.8810359356081194,-0.13628002165426412,-0.5400698791846095,-0.6138354005967404,0.2700901241752125,-0.16776610795089753,0.20222957418510334
2.0295170159617637,-2.1747915727708866,-0.6352667843022165,-0.02775390330223037,-0.5136119295026698,-0.1400324330722303,0.28857510371012235,0.008822304222554634,-1.8811705248421375,-0.16649976749626166,-0.33005451252231005,-0.5096009682139979,0.20387605223959213,-0.08119266275054123,0.107671601568455
1.7602679192630677,-1.352838386501406,0.23943754671895942,-0.5644697085190251,-0.6380252788799452,-0.10746224989959147,0.4186452046145243,0.039413284104977124,-1.8810324093247919,-0.13627564109686918,-0.5400676167497843,-0.613828228369457,0.27009241839467024,-0.16776747011683824,0.20221245132644655
1.760244732830576,-1.3528129954242136,0.2394208153175321,-0.5644541514118959,-0.6380124591712734,-0.1074619228786346,0.41864490424383466,0.03941223386129988,-1.8810287829167283,-0.13627015465820308,-0.5400711810955287,-0.6138169015467431,0.2700943031180988,-0.1677711962562951,0.202206778907574
2.0122758179647557,-0.7435635997642152,0.3116241162599261,-0.8965998264197487,-0.2285198127773968,0.3910413002526913,-0.19733961001997824,0.04480972551995554,-1.583861107276499,-0.49562144462217905,-0.07269407909035486,-0.8025757726748773,0.2332607257766315,0.25973596093196566,0.11044770416939957
1.2153949741710748,-1.7649122384510845,0.44920909302957474,-0.6077993263291357,-0.6419442010437879,-0.09896653207504613,0.41081739999973393,0.1220464422971193,-1.8229652266890266,0.105267663517756,-0.6427086716403713,-0.5564467149100185,0.19706054087023045,-0.40367550641143085,0.3919838211539667
2.5050333283054327,-0.8516241146330239,-0.04037857335555012,-0.10216025782057779,-1.2325523610799651,0.8499966719467206,1.2539669674121894,-0.9820507307326078,-0.8143538991798838,-0.10637508240299515,-0.40347372568610473,-0.4807664478209845,0.14518514032750313,0.16104092498249706,0.46098858708446216
2.5050627817907563,-0.85164927577168,-0.04033226210921642,-0.10213903192668204,-1.2325495473428834,0.8499922141132555,1.253955511884468,-0.9820534363919142,-0.8143485369444611,-0.10636909801432107,-0.40346622254701514,-0.4807582661804086,0.14518895636392937,0.16104045726036986,0.4609543170908156
-0.4814691966286706,-3.7542253186092185,0.2791525769022265,0.34859435634782865,-0.6765388673357945,0.9579019650565576,0.5272777098507617,2.342374470750163,-0.6528509004608329,0.15943550727026534,-0.6391224670769302,-0.4133356671848098,-0.17951804497306312,-0.7713688564262628,0.8592564902596628
1.7996425917583865,-1.2234593262267166,0.14378626375296186,-0.3185240003860816,-1.1167896448535217,-0.6530317220601514,0.9061489187409415,-1.2006717778033613,0.41043003641530335,-0.10614267528807361,-0.009599696751352284,-0.5305446411490823,-0.37199373277378067,-0.3005196633606585,0.7608824378136337
2.327524773461864,-0.694918594536974,-0.22839240317078902,-0.8637455702629477,-0.3450696760254871,-1.034133414582062,-0.180398076901558,1.1229340329787638,-1.1961193534951884,-0.57014010322853,0.06994083496792022,-0.7743596217475459,-0.2730451239314062,0.06256814820763217,-0.02485663286627776
1.3845762234334371,-1.6653654689214505,-0.20329538795958474,-0.4990705764465108,-1.2088383354226426,-0.6210902791357893,0.9356626642219759,-1.1459180848640518,0.3675702089613024,-0.12175047661245525,0.15087020669089254,-0.5490946965425624,-0.645743901387825,-0.3234916341051849,0.4119724910262772
1.2709030403498527,-1.9088452946032566,-0.09713578814786931,-0.04053356398673268,-1.2229228434986852,0.9009975479020451,1.1619594297366078,1.0306604422465613,-0.2320746338665037,-0.09472935371413266,-0.32726330881806237,-0.41478705138401506,-0.4593073224832584,-0.0005158665380132399,0.44346851645413027
1.8991933719635963,-0.9655076585060886,-0.07233668357857861,-1.7645388063578231,-0.12384863686332935,-0.9115780993552955,-0.884145276631758,-0.02962594525964505,0.8597998271294283,-0.30801520345004696,0.009113227685544909,-0.5897592852040434,-0.8298871650143255,-0.27428053950174774,0.3976453668208253
3.5310385653185774,0.36446273530177054,-0.3279357479142284,-0.49342004715546056,-1.408059611760621,0.8512351591841054,1.363484939985738,-0.4710996438033389,-0.7505076941192274,-0.3813352960037667,0.4376482334152446,-0.8488249735445859,-0.4491729448233484,0.4962980963577503,-0.12118374310183419
2.764764216021831,0.8785754840720508,0.8532087929064363,-0.6651118906650741,-2.4252535500338093,-1.8304440787362615,2.7713628425911487,-0.3968412390181185,-0.026165318346636622,-0.2953584635709311,-0.9046319767509775,-0.42629140167927626,-0.34955520964937414,-0.15327516766723306,0.10663149990421125
2.676156098161961,0.47090926582409504,0.3208763405653029,-1.0603295299905675,-0.9769341184238173,1.8287437539779494,0.6934302826213723,1.213483538286836,-0.5166217788863966,-0.3905120392407825,0.4071944520144235,-0.7428305473696142,-0.8668517588915565,0.05170626538955903,0.03850629440178427
1.8512468042234147,-1.2291320560288348,-0.14411119920278417,-1.4874075605506099,0.23673725814340849,0.14487868559484612,-0.9711555608713766,-0.6738835618823515,-1.3753272940878734,0.21549236455975546,0.28466202265982443,-0.5746419356586553,-0.3751976004723234,0.030472080702106157,0.22725958605643917
2.2278663549768707,-0.8391484956367068,-0.11726162629004844,-1.674803810949491,0.012952375305839392,-1.1960729324584116,-0.7305932319065942,-0.8992411359289766,-1.0681130227205917,0.32475232877598176,-0.11628039815588302,-0.47836178006682634,-0.4118481699315917,-0.039204586340925676,0.28760631226026084
5.4346551753943295,3.3076551727340187,0.3053430971035704,-2.2401584903098812,0.741799693134645,-0.6472811634031631,-1.7575727556522878,-0.07798833231839164,-0.5543903594054875,-0.3972980310861152,0.6424253272126947,-0.9702349476042871,-0.06781807434751717,0.2552260647855003,0.3215824375719623
1.3645807182541718,1.1701138908037958,2.03966194509116,-2.465327362785281,-0.4555589469101078,-1.250402116937287,-0.4173960526039215,0.4615648068054634,0.29322049019745383,-0.9615330292721196,-0.8485141150065109,-0.6964735327827183,-0.04527952985912839,-0.22549707284795664,0.3112226421429164
2.0023807279134322,1.7926129058433746,1.9213259417392499,-2.895500642513497,0.05724373077634405,-1.2225662670956918,-1.1475734952876453,0.0808867099211735,-0.14732899428989607,-1.1813774509121644,-0.646463386815217,-0.8662251688850983,0.20487107878951913,-0.07678825158035643,0.07076943263852378
2.4605306551251065,1.8970736752189874,1.6109974365883464,-2.692975469705614,0.09939247163505381,-1.2516602500713565,-1.1967584302477474,0.08190307699032102,-0.10964311766003128,-1.124779920061695,-0.40903613515649584,-0.9442755413059785,0.24190211770565564,0.10284503570024252,0.052472302377578425
1.9012316882628257,-0.9236802130987855,-0.05950986450469635,-1.7458043984633418,-0.11590935559578129,-0.9191748152305446,-0.8836036797718566,-0.009118411027075451,0.880606625105673,-0.23725264521954206,0.12613727269726369,-0.6534223849732199,-0.8355917307414145,-0.2547607093805676,0.39297659875676016
3.5310215163098815,0.3644818587476786,-0.32794644891696145,-0.49340598815106534,-1.4080489646874632,0.8512351412613454,1.3634839625256296,-0.47110067426093594,-0.7505043904349166,-0.3813304338475608,0.43764580272740483,-0.8488152023020068,-0.44917116204477786,0.4962950240884508,-0.12119056505580558
3.222761692708564,1.3312158077498355,0.6109978215264978,-0.4307504354255882,-2.3962841688650633,-1.8709994689756988,2.732118316220008,-0.47014223024315555,-0.08504044893153576,-0.6814395805359666,-0.06969794175964157,-0.7591598310111546,-0.3995511688527921,0.2464945099184932,-0.1381036607119312
2.3090511285890143,0.6717583970390666,0.7582992258971559,-1.30286734605141,-1.0452608238765375,1.858054511252682,0.7473319565176085,1.2185006884104754,-0.5550586368248354,-0.4820073403765789,0.40221891340624993,-0.7925771770778014,-0.8973281248111458,0.03310845276174156,-0.024422586603290664
2.2278774664890197,-0.8391670253280107,-0.11727608245918786,-1.6748480286668948,0.012929102219368572,-1.1960694634973685,-0.7305824711941205,-0.8992370093246781,-1.0681237016953107,0.3247380812225258,-0.11628135867978882,-0.47838745134410704,-0.4118546430939357,-0.03919813586958738,0.287646230396447
0.23130686201292547,-2.7977885200603345,0.5787814804832508,-1.2911210914914861,-1.4162151456289909,-0.5286359431700606,1.1037139301130676,-1.468507206843048,0.2229701090468492,0.3679804638388541,-0.7538365221089458,-0.32006373438159297,-0.9563096977730823,-0.10374361884036332,0.5526518596620917
1.7682743443898046,-1.9578658608421091,-0.41754011771816946,-1.0551815810323306,-1.0225382491429946,0.05882930402140902,0.2167858614332828,1.3880808410976888,1.2139502305665217,-1.307137169559972,-0.46452866527797976,-0.9113289632385745,-0.6654343711378732,0.1512983892918333,-0.4226343757799005
-0.4058793001681403,-3.945250176592945,0.042406016192025595,-1.5426738076896886,-0.3230015092678094,-1.3224429341853383,-0.6370042569131072,-1.033149202173409,-0.08687859666595692,0.20709516722654203,-0.030217078270444855,-0.7098162393200363,-0.8857997856582417,-0.42943421158175543,0.34199856626810204
-0.17118912065385952,-3.962255547365765,-0.17211134603326772,-1.5815139006195333,-0.1471473814635809,-0.851271219444601,-0.9730639724932902,-0.2984913767438501,0.703979221984722,-0.21930203204712864,-0.2358567477169245,-0.6596999930242268,-0.9088998688998668,-0.5318825826359919,0.2587343107072738
5.212754265709619,3.4742745536375383,1.0151083178246787,-2.85119039060819,0.6147374776871937,-0.571046982141255,-1.648781828536485,0.015554317226039338,-0.4914311082295878,0.09199440224939157,-0.5164376777455008,-0.476006179433756,-0.06481590014005219,-0.03393042734844578,0.5821955022092342
5.721902039892691,4.625194429907779,1.4523365366606908,-1.060712589615212,-1.0865553434301813,1.6723181749760783,0.9890296601273163,1.0878099067611617,0.09459547115891544,-0.6894365816083504,1.0136191183924408,-1.1347352411304168,-0.5876161453880202,0.32608742905870575,0.596961894669695
1.1990951719270344,-0.3154858499698879,1.2095791867915,-0.6617787911767912,-1.3964744774121174,0.971073931503057,1.3202506894322104,1.265617160668221,-0.3310245768982917,-0.7508760969850204,-0.14452270342626047,-0.667697842989731,-0.5201980469746313,-0.27655095296838905,0.2045827953336048
1.1991051695461337,-0.31549481657636974,1.2095934017105316,-0.6617740478867731,-1.396474669304584,0.9710726611191192,1.3202475118852195,1.2656164848789015,-0.3310233554430312,-0.7508748436109286,-0.1445203352692727,-0.6676964212993033,-0.5201971246278915,-0.27655079937908666,0.20457365367455255
0.03022902213385541,-2.4441228844891385,0.740268365259917,-0.11754099640270015,-1.2257162229118335,0.9310300746553336,1.1558178978723745,1.5149756407449204,-0.09308785375768616,0.15012498903466234,-0.13908193189237866,-0.43480976990800707,-0.8055107938591765,-0.9346325166749586,0.7519551366595608
-0.4053216601272045,-2.691164294434349,0.8320522313495302,-0.047970235417591926,-1.2565401322633565,0.9429397422663465,1.1043614946272737,1.5023730176931032,-0.14091203146124542,-0.07613655516224488,0.14898433452765242,-0.5863823162936547,-0.7864836667471308,-0.868554050448522,0.6520802594109598
0.9282142283994592,-0.999619637192292,0.7938032948588583,-0.10904202413197649,-1.2382287129867746,0.890431437381631,1.2075433257758756,1.392434914023419,-0.19899091926905754,-0.42561630269919054,0.9098814921915126,-0.9352541467356387,-0.8375957461789487,-0.29934495106781817,0.3347590830905173
1.5492642491695456,-1.4860487456917704,-0.05995796872236537,-1.0645204489846543,0.005362693316187283,-1.389202948459866,-0.8648854887409622,1.068513936418279,-0.017702985546017683,-0.5406060156036278,0.0684626095717486,-0.6501056309109581,-0.5244476646500077,-0.4650024383439628,0.4029354661929432
0.7761023777482822,-2.3783069183117846,0.07754681613646744,-1.091279914596854,0.013631750663959897,-1.3721133432211838,-0.890377709872241,1.2045086636213387,0.09695350811643975,-0.01670480272208308,-0.37948835352746463,-0.4588817985313952,-0.5484389105091251,-0.8906857659001575,0.7114987136703174
4.265537758292311,1.434707826832752,-0.24115604713560712,-0.9866189308034914,-0.30748061912465907,-1.1577348058543955,-0.0305804604655338,-0.2809846564732607,-1.5609969372032857,-0.5130150948773585,0.3990087532973025,-0.8781292657423856,-0.04163262303205526,0.6477730121837941,0.27404312076358733
4.721428051481569,2.9801796112137993,0.3338356784855343,-1.600559568310434,-0.10804915682616745,-1.4883709275926618,-0.5980468876657623,0.8145663676798072,-0.12731060103036207,-1.329911639463626,1.1747807953293026,-1.4665770454395894,-0.3301266021630883,0.889077577241753,-0.037718901389533134
4.07677951251969,1.163896348966782,-0.30831461016583883,-1.2984358625467023,-0.04614383258588593,-1.456947410051718,-0.7324394402328368,0.8441656115958139,-0.08048269461386992,-0.9980386721094106,0.025335197135153024,-0.9735193477818848,-0.035916264967493367,0.2871371048406809,0.24940983373021566
1.5492641393174549,-1.4860490202561547,-0.059959442946706305,-1.0645226570806614,0.005361690838705257,-1.389202721868458,-0.8648848311922805,1.0685141563370397,-0.01770352333037745,-0.5406067107469918,0.06846242704454941,-0.6501068337204889,-0.524448001442035,-0.4650021664574472,0.40293774826971124
1.199104465396023,-0.31549348974215735,1.2095948568632564,-0.6617703640069454,-1.3964727836063267,0.9710723543245802,1.320246575321494,1.2656161364656948,-0.3310224642499303,-0.7508736620595774,-0.14452021039194554,-0.6676943089443087,-0.5201965808197263,-0.27655132003934735,0.20457023177321804
0.03028892325696979,-2.444186155918356,0.7403198048291191,-0.11756775022220782,-1.2257430809110417,0.9310279045634853,1.155814793255235,1.5149770296238378,-0.09309395429261816,0.15011506175788278,-0.13907174812641648,-0.43483163302103617,-0.8055136270437775,-0.9346245954280509,0.7519561939446022
0.4214705934991293,-2.809462351498262,0.47056963474492464,-2.0451334091169997,-0.5635455460897502,-0.15589557552550454,-0.4514661627158036,-1.054728295898861,0.8648735583010624,0.11019244574986017,-0.7252405949885089,-0.5774394353062833,-0.8150946412042195,-0.7589893273742967,0.361005812373341
1.7246933544475087,-2.023562153778679,-0.46757389327508414,-1.8909087431429736,-0.2720670282639276,-0.6602181119673649,-0.8847495884110267,-0.5809942479164202,0.7214669886033038,-0.8568575016809454,-0.1952627937244259,-0.8108703806667442,-0.7091171927324202,0.1534610103456206,-0.2788384628449826
0.2855721905581173,-3.6111754996024845,-0.32998112952714104,-1.451973890136177,-0.2941349230026827,-1.3232592771519778,-0.6356484798271308,-1.1387006058424922,-0.1606251159239524,-0.06383166398938693,-0.10403582929528625,-0.6355944866755133,-0.8062004675785293,-0.2217907409843017,0.13126346695269803
0.31464941072076497,-3.7771116892531573,-0.4566220309003817,-1.5205908790094997,-0.1259757913839423,-0.8482296349412295,-0.9729310668705679,-0.37572462675353,0.6507215463922723,-0.40290751603561087,-0.36490038774777384,-0.5727979772521411,-0.8418484134133626,-0.40491312175618355,0.11428352561539587
3.4657488048850555,-0.15898728548394386,-0.9650331268888791,-2.1940075412542126,0.01257450299701125,-1.2481238798525496,-1.321341006487656,1.2337469576090367,0.7604941948702146,-0.7786778463224792,-1.621435094304167,-0.5862342197353385,0.31619452986383023,0.1525746679810773,-0.6319924913234191
-1.342268300344289,-2.4583142905986364,0.7568278414469377,-0.8870311188027005,-1.5632378629167887,0.9992627150104617,1.3465448551747328,-0.3068866887244215,-0.7977226831438282,-0.3318904924461946,0.12978799768650123,-0.7619608439484686,-0.38723720540874185,-0.2900200911605349,-0.5546330591405796
-0.33445981623130805,-4.011258112280076,-1.095317630593037,0.0812775629036475,-1.280266357322564,0.9373437100227133,1.119938116029561,0.5039419888210475,-0.41629949874519573,0.007214890058155094,-0.22806232329719006,-0.4409875315785189,-0.3908140830490725,-0.1756982762653998,-0.5448642199171
0.8552549304484928,-3.147129262975366,-1.255364938598386,-0.5886124390900694,-0.6973487588849261,-0.11917285097655828,0.4343077395290205,-0.6966459715147431,-2.0519424219691493,0.4223003364374692,-0.5088022099766689,-0.28703699844855285,-0.06950522581556284,-0.030707393662250015,-0.557765053411142
0.855210909514992,-3.1470756891894394,-1.2553777431888418,-0.5885518873155409,-0.6973099680036168,-0.1191752890112277,0.434298212121143,-0.6966510223703011,-2.0519279935807293,0.4223205549139077,-0.5088067256374951,-0.28699841501516266,-0.06949694829646225,-0.0307184035786351,-0.5578072074990696
0.9148115097951891,-3.0148301877839283,-1.2236437383260783,-0.6171130668526504,-0.7150422125646536,-0.11911724265179285,0.4399406037690941,-0.7239562113889519,-2.079244945410424,0.30056012917585617,-0.4608267566260996,-0.3177158313160615,-0.06535084521703657,0.03124643931514766,-0.5917197799152683
0.7638841429361519,-3.0293577149905553,-1.3174552921792926,-0.9613582314659725,-0.8965213056662704,-0.08491233976636217,0.332056519765359,-2.177925620194801,0.39981898279409683,-0.015141779736938065,-0.38983201305793297,-0.2631681264503622,-0.376723830276388,0.271199761945795,-0.3861143089490845
-0.28393123276639065,-3.345365534703791,-0.8038506356657724,-0.5637962742052668,-1.296003568620429,-0.5527098123421768,0.9044314178947409,-0.8308980103667607,0.414661745092398,-0.2272997926576522,0.04186143503002667,-0.5191603597274722,-0.627635783497999,0.10841970327474812,-0.5642206918420175
-2.6680769245000215,-3.901251900180742,0.9327369070816427,-1.1629134039469065,-1.5535866935637275,0.7446351095470818,1.280803892742088,-0.05068599192412255,0.29500220219720036,0.18095473820560107,-0.5992765599594967,-0.3955858536665984,-0.8029359982451548,-0.5884736027080492,-0.19238237414007803
-0.32428550797003297,-3.024943404502547,-0.4674870287900926,-2.0013859321995078,-0.2538084455977445,-0.8434753213484927,-0.8163179351954952,-1.3109233918531857,0.4214950992601297,-0.3006014753812505,-0.42350089271667224,-0.5181949707082489,-0.4213004286344781,-0.3658245720977205,-0.6503458897331373
-2.357389272670216,-3.717188469382008,0.732995072730599,-1.804314427734137,-1.086129653287068,0.03203704330895819,0.5045139091395582,-1.9176246453697179,0.4045562734997225,0.3072235296074264,-0.34334120250085254,-0.35051522105595595,-0.8341987475969785,-0.5106354998240057,-0.21963424255954694
0.2907906996378665,-2.5389999331197304,-0.6966619189276256,-1.3495166947764208,-0.9943271859556205,-0.032929196621350625,0.45010177135042584,-2.2243224122171883,0.2701516704934029,-0.34782090502819746,-0.29272760908167794,-0.3810984515242434,-0.4303028066673191,0.33492455734057197,-0.7207933212473754
-2.086265979442641,-4.236394183441927,0.25678379206867974,-0.783943441284707,-1.4764641306767041,0.7016958221236872,1.1716877465645659,-0.05020147520331162,0.3697628102208005,0.35494477909150546,-0.600657053482587,-0.38476227194939716,-0.6549821953401754,-0.48841770327149664,-0.09517652435302806
-3.3684718737550394,4.115259246734453,1.373905649393763,-0.7131399597767131,-0.33620727600988304,0.8351368159155065,1.7161137983878105,-0.9251060651091145,0.004981006509423321,-0.634527449319327,-0.8578666586200291,-0.9936800297188996,-0.17627403189412652,-1.1156128373575491,-0.5805787710652182
2.2433689059802924,2.5095288577725885,-3.8721572213445232,1.747884487711001,0.754625822100309,1.7726069856767421,0.5229059761477091,0.7623997817462682,-0.2809362410096329,-0.3533870023532811,-1.4640308107623927,-1.1013305055291034,1.0979370598799123,0.09534109416068962,-0.9033563557961218
0.4286593009602325,3.6458194233941588,-1.9602509365587002,-0.3352137805926259,0.5792873122588692,2.5848358588119402,0.4000737464114145,-0.1906716467431404,1.267623418740157,-0.4460544424442882,-0.9164859332627017,-0.8776704245182174,-0.3052711418833767,-0.032876219873457756,-1.0605627359623273
3.2393280187229077,2.277903003006657,0.23340174725567156,-1.9062960909118147,-0.178494025984974,-0.6145223500374752,2.262250364821507,0.2699586267235572,0.8850154269835322,-0.9425924771387428,0.28642475713485016,0.33586599622156915,0.9337262684437668,0.23456444154023764,-0.0036693938752674917
1.8073209858612482,-0.46182958464825424,-0.510176718125418,-1.448221319323092,-0.11021160314866542,-0.5830605634547681,2.1023567750596297,0.3239942382152896,0.9591061730913223,-0.5366834211622025,-0.2110050094785242,0.38565726871088696,1.1276138959048656,-0.31548812245476526,-0.08403856939520045
3.528985562520082,2.5409653376389607,0.3759343323402923,-1.281624838046563,-1.2430823984919754,-1.9017835592801111,3.9251121454854645,-0.2352491815469218,0.18085398228282853,-0.7153950517105974,0.10728611925114924,0.28898413610699425,1.1382324091424534,-0.03137539385699641,-0.2693523615955179
-3.460635756534773,-6.611728299719145,-1.0589099025456246,-0.5205026505218279,0.5217593863919718,1.679067056332804,1.2212871253413324,-0.3796351518964489,1.10516096197927,0.5566028621738482,1.306325893290492,-0.09296612403720038,0.8883031830603753,-0.7170717887028119,-0.1580275388348292
0.6615304890729333,-3.4105417372538396,-1.5953085800140834,-0.5307715570150997,0.7025760374127448,-0.13052513864313653,1.3275768239565806,2.3953496580942066,-0.9758768958092263,-0.2055941192073294,-0.19214836018290962,0.45306224368032444,1.2147263616519615,-0.5272093616753678,-0.16208563536897852
0.6445895322176532,-2.7773727244547812,-1.290834707538242,-1.1686286423805432,0.7137982715034463,-1.6272989026625704,1.0936486616306376,0.13162995459962396,-0.38777740283622303,-0.12656205297962017,0.3647517575650528,0.4495446646980231,0.8951061463117751,-0.416180324268755,-0.010706878340491402
-2.9937334597353527,-6.863617740280586,-1.727741350070587,-0.31298299440778354,0.9253690528523402,-0.8111483635227763,0.5177985075028975,1.2003265739726978,1.517402754764209,0.24334069633941785,1.5626623191872708,-0.16506532463441698,0.4051518883993027,-1.2143852287322598,0.15689714443725997
-1.872587923764822,-5.648422991350396,-1.6274607417016964,-0.2352227323689656,0.15264568259515282,-0.61889424124116,1.7785011319495498,-0.12146496192329574,0.8293263187368102,-0.1545688844988275,0.7977698877942117,0.2156205222525342,0.8031462910644378,-0.43533090064642477,-0.23025193846292716
0.7241283957024112,-1.757455162140069,-0.6723882560270081,-0.2101025040267734,0.6347557327016367,0.752601642261027,1.8610923047929584,-0.4649816279351284,-1.3364864824382443,-0.36082593764943444,0.9458324094860597,0.418479216810304,1.4558603451128784,0.6247506853668374,0.4474985759853446
2.474706442086748,-1.2562665417969243,-2.2289849680324183,-1.01607303720888,1.366901662847425,-1.613796656498855,0.41970583403764744,-2.2883839206595447,-0.041153579128077586,-0.03531338064857885,0.9421181168010048,0.6306828121832512,1.3306844999922494,0.3430382835452131,0.2849556798747461
1.4668316121088028,-1.6148775019279378,-1.7032038307497703,-3.3291666510705173,2.429793453428761,-1.4027735851065148,-1.2134533109978418,-4.569712556924487,-0.6842211565129717,0.9887355509304553,-0.08243521404366531,1.1629798102658422,1.385357675571105,-0.1634717361120129,0.06990222627840816
2.5969178213931134,-2.837109189650572,-2.849541422913071,-0.40595861955827545,2.1901194823832797,1.8747992105807443,-0.5880773357178094,0.00010511522612343214,-0.35340228025805714,-0.195663825452265,0.2815918752865375,0.8820211593671354,1.828949071847764,-0.14523359006750103,0.33699949872202295
-1.9662380864505666,-2.487520226761934,1.1032420868465092,-1.1316387076013374,-0.13532950571367441,0.6705633310421935,2.253468324225701,0.7204972532743088,0.5602537811164213,-1.0437124858617528,0.5729154762015236,0.33016920308623143,0.7000093779834429,-0.48007552798942627,0.3594958831126543
0.2768441931123642,1.8586574912934075,1.8468543006045772,-4.285551231561991,1.6856207588496703,-1.2914540935386984,-0.4162531182659189,-1.3610649236096732,-0.07074526916042319,-0.3242692592224007,0.7411293007111701,0.6352572396009875,0.5567049371301286,-0.12294235472607488,0.39597101269085094
1.8044557805543175,-4.620539618574901,-3.945347437854089,1.4721719214194344,0.9338616227144168,0.6964504813565348,1.341820719857475,1.8142342229293358,-0.5459127082168058,-0.4274767191313184,1.0794412181050852,0.33444753345526634,1.4185051181420938,0.30958347689013727,0.1204442492618136
1.666049836716539,1.4744891021695943,1.3934644230932285,-2.0790170326070583,0.716224830716051,2.0440270195611085,1.3188293867388705,0.5151539982268472,-0.5489092899033224,-0.5236355830644364,-0.028698332926096925,0.5565811486777732,1.4950756356628356,-0.3145351871617218,0.542484281292228
-0.20174642369317808,-2.738972375761686,-0.5181429436424618,-0.9956194559217069,1.783653270646034,0.09927910549941682,-0.14983226750032655,0.6287071954156508,-0.7900991677211107,-0.44856464524417144,0.7652882929200435,0.3346618734722555,1.5693543269655355,-0.6790272872760489,0.43094945867533885
2.730736988987433,2.579988222731951,0.9787188164887094,-3.1375195237753704,0.9080625731611313,-1.359200229503266,0.6911907428025079,0.6319757549740918,-0.00889159021664729,-0.9052803973868698,-0.43186760086940185,0.3683183023733639,1.4714184523505,0.10141142555740765,-0.04683953853153105
1.6118139732317471,-0.7881966843967874,-0.3405456188004285,-2.2606796861413705,1.6137664978302986,-0.6504010300115565,-0.05030737523336341,-0.46710649604998217,-0.9227879582693154,-0.49121919798713015,0.17688677873779515,0.6007297929299006,1.260846307757298,0.2134720058533385,0.1999143447798881
0.2936035045622217,1.8645153043146414,1.8765972070407118,-4.373059327766831,1.6625947478974574,-1.28498170792914,-0.3918327521259454,-1.3589582455794638,-0.05641677778451492,-0.24915010283796885,0.5796227343819828,0.6371873776640025,0.6025111894420007,-0.074186364970421,0.3775905264573043
-0.6732646038909996,-1.5411367615542537,0.18427402528897474,-1.7656725322636584,0.6921964485444857,-1.5984007384349554,1.2881434834038579,-0.14484458602826714,-0.5703530870621115,-0.4803754151871774,0.6021419400127704,0.5578224301380871,0.8097111922108265,0.08562250743292125,0.18581758377764915
-0.09225278332281009,-0.8318986035036113,0.5477298060484548,-2.0871865166654655,1.0419548919257091,1.3978510195101719,0.8830361173791613,-0.38700146014829007,-1.2377432219949522,-0.4466766959206033,1.2703061579721502,0.2983072723990035,0.7084129142988241,0.06343003817242163,0.2539692200009247
0.6356827602074374,-0.7906819879891631,0.4523572900930756,-1.8030546050893133,0.7265840547675705,1.1553478492620766,1.37817136553988,-0.011399735784369912,-1.2205857756593814,0.0764563103467321,-0.2802941125586813,0.8281636371020864,1.297932647336824,-0.23661747489368568,0.47459020105448174
0.9158511683247268,1.185135003643041,1.29518494732564,-3.2954935164912644,1.0454410190942967,-0.9400907313241812,0.585577658840466,-1.8012244463863587,0.5081384860456237,-0.24667214297222598,-0.18870790058169687,0.9674917686473055,0.9552751143311958,-0.051010306124054605,0.6293578973279885
0.14307733440922288,0.3934858763836384,0.940649786437773,-2.385905911671355,1.1023292109267195,-1.4146055139042164,0.6644186261407681,0.08748593818337688,0.4509819029917202,-0.6127973935371194,0.7586029604281579,0.5289785245112637,0.7745657141721835,0.0918854799590003,0.5449944502478608
-0.1802449476169446,-0.5379362586586214,0.7525156184317636,-1.7097328098472224,1.0319111335501194,-1.07748698463754,1.0906357483154685,0.3853320113693918,-1.1990288853922033,-0.6786450802733959,-0.03545567967068358,0.625817706941491,1.6766777140762799,0.7531381002717624,0.289042372765579
1.711464796369261,2.372473069999741,1.5129306609946673,-2.0702064745796314,0.23178180773666884,0.7467313616657819,1.9076885501421774,1.2534048776232163,1.4693221645636743,-0.8680118119068183,-0.17377582148642037,0.686044328262958,1.0737930382609078,0.0877125947172074,0.6186912647328657
1.9770580902067294,-1.9869064376995023,-2.8200641310847585,-1.4149503102752252,2.129246683824696,-0.6318047246390219,-1.0598073210958707,0.6052835797804206,2.0332358200419827,-0.9593768385433988,0.9452849822825178,0.2770395613091546,1.203844376658915,0.25612992889600805,-0.07494324265281307
1.2184976243226289,1.8369916784421834,1.5705542838672812,-2.108727147244343,0.09330356707252606,0.9718257764925368,2.2118122940534897,1.2243550391587077,-0.998703672433573,-0.7251978446570051,-0.01876839472904086,0.5100131674884757,1.2218307929073788,0.011881835167137086,0.1159262027569273
1.1173936862935074,-3.910002017764084,-0.16931157278970613,-0.08900643677321374,-0.8078701198510927,-0.1617004307884508,0.1013020759018274,-0.2896427583302935,-1.9570069995335084,0.18266293404915349,0.06375521542673473,-0.5051355258986133,-0.3170568920564283,0.17924686852750768,-0.25131183011215075
0.4265105266449739,-4.279755717998041,-0.0011821205987560186,-0.8725938552085057,-0.20066347030272308,-0.9349951743816505,-1.3473783047888905,-0.20637924263513902,0.7934646003797996,-0.5298297952829547,0.287312136564406,-0.6204027945843392,-0.7632985716426982,-0.13041603907446134,0.02552332765395208
2.224749525095376,-2.3611652832858536,0.07202028974356965,0.44409509296306315,-1.380811266860659,0.5491825264092172,0.7384461690486445,1.3711869437639594,0.7647581475020876,-0.7152853475514082,0.6497286697757951,-0.9282920351465268,-0.821273568326461,-0.1786235964638217,0.04266564169416953
1.5890913877587622,-3.9373139714006853,-0.3983057984611316,1.2439728491813438,-2.221242330443825,-1.9399390093970854,2.071098254731647,0.3715145241836456,0.29456080827446846,-0.21793683787261822,0.08259951068867806,-0.5641256458324001,-0.6888651528338174,-0.22061108768950297,-0.017606136165283736
1.5345004388507424,-4.2283907364802875,-0.5731615088973974,1.1659310410538584,-2.3245467576071484,-1.9128017972921014,2.0705088432083674,-0.2894264187929197,0.01121212542649317,-0.6547681713526279,-0.1981800567356693,-0.6809893795217137,-0.28712521810414277,-0.08921383575189636,-0.3434714808861992
1.2635971727665436,-3.7306157397326016,-0.1251347600276822,-0.3627918805731258,-0.024266390149058667,-0.43825312675726896,-0.9290062466530756,-0.8036493210035688,-1.5655028004892915,0.20937487810021416,0.3250228275061001,-0.47429328574285134,-0.29026572802493267,-0.09099390025853782,0.11612962171777992
1.1653726476716193,-4.8569587746129255,-0.998936861107702,0.486322141319706,-0.5869021722242476,-1.487539988029614,-0.3174886260462086,-0.5143725634600049,0.33444266153368807,0.1612476887298924,0.18158657106218148,-0.3758575611545912,-0.5292612027221534,-0.03582271672299969,0.2875384624432623
2.9077758616430587,-2.6023400117941122,-0.5938248461052633,0.0698890422752241,-0.2899010229124336,-1.1571239719599304,-0.5488915188131903,0.31441583938948175,-1.2604339131915514,-0.03944669367613421,0.1898347610726865,-0.4958228606651967,-0.25166534791759754,0.08815492518006737,0.04891735814234647
2.2377158679945204,-3.1640060909137224,-0.3535552182171213,-0.5888104410208654,0.3164776368483072,0.004742192292905768,-1.2856334918759003,-2.5735207051867444,-1.808939263284553,0.5207426984697224,0.2893181791617016,-0.2356547239422238,-0.045855215670489724,0.5042667436197668,0.3445795292965028
4.617338209759065,-2.9954091645845558,-2.299107330329357,0.49665275224655064,-0.020849271993994865,-1.522967179748115,-1.2824695903949206,0.9009560122615283,0.6444680798399987,-0.9924466326957875,0.07943172455489163,-0.8349025943634069,0.0032016171529121837,0.14424008603074676,-0.18889956095273702
1.6448001175292855,-3.007390438798171,0.06837733901469664,0.24987395750172978,-0.6685654511997756,-0.1930397721170355,0.03954595645772509,1.5092595277455356,-1.4314047902011908,-0.30694062735378436,0.8414220759229337,-0.9962146732302127,-0.5682526531014335,-0.12370267245331279,-0.13049573780678042
-0.3501176938267387,-6.046109613174113,-0.4656112002433421,0.22452420116614427,-0.3781677806015138,-0.783071621161906,-0.7264707589348515,0.6756809761624738,1.2283771869854199,8.235597792302502e-05,-0.4409497557096756,-0.4194899770101478,-0.35641013321453774,-0.051131111241992225,0.263348757117586
-2.13908923793981,-5.583587646803409,1.3384516423486383,-1.2052853674531996,-0.13854665080262676,-1.1233345291019776,-1.1277798343108338,-0.44612535100198214,-0.9705259804721158,0.648951505670746,0.4168752198249961,-0.7822754855127217,-0.6611990556942983,-0.49433349935141363,-0.06715569660228247
-0.4077938587783167,-4.086355692198926,1.3185494797926456,0.010943363750096255,-1.3246320105657787,0.8434380293345437,1.0093413283064236,0.11967124512692136,-0.33237353450144197,1.289705687999501,0.08339018496330929,-0.17220054967430054,-1.080659598052179,-0.40574750039592444,0.879876628512849
-2.773395677146885,-5.839739703691484,1.5415663141810998,-1.1639611199447166,-0.16019549009479575,-1.1186696229690647,-1.1601655728903293,-0.4323634147288026,-0.9997635637789102,0.4935765714673134,0.7143419141588192,-0.9764041510557715,-0.6412361057624851,-0.5574267096382122,-0.0878721700353422
-1.2835876510810462,-3.6628901373930702,2.0637154151797237,-2.629354057177179,0.4802550830308324,-0.8570621791617048,-2.3269090228395326,-0.8374151170550146,0.9757376016259012,-0.14757648411806829,0.1395235549917353,-0.5719312749095601,-0.9822265555466263,-0.6554527097274275,0.3110563450001201
3.9642467452537926,1.5957791103998713,1.4380438859365035,-1.2138859157817548,-0.5383293041402942,-1.1451249645869472,-0.1100516036702069,-0.36724953987909675,-1.654104702340975,-0.6696108426132478,1.5429318607471252,-1.0221388543981524,-0.7384381193846754,1.1454488862831802,-0.2934283638754403
0.785813607235783,-2.425122325044893,1.6491908480950361,-0.7196766513604735,-1.1663006299037293,0.9439513875776211,0.7202255431472745,-0.32342849447212363,-1.495256782943702,0.47229668989320445,-0.4073468916721661,-0.3263552808570488,-0.42819386215304334,-0.16060032973346786,0.23144579801629572
0.9853353839973096,-2.034934051550109,1.6328335470321282,-0.8109583514452321,-1.0131378613138033,2.5474409009797023,0.27011552828095103,0.48168116991498916,0.19078749788894225,-0.23013729242367467,-0.14585118538369046,-0.48179619767624354,-0.551206682730959,-0.13888536819144134,0.09074247553787383
1.3752006060410666,-2.267502811671868,1.0552246351316399,-0.1860297669971445,-1.445847832155359,0.5823853120157552,0.9645689185742522,-0.06894615148303154,0.34907223127128406,-0.2176482448168176,0.26052668131277334,-0.6530465525777638,-0.7413206953675643,-0.1466776416362133,0.08859372686532165
0.8205389607080332,-0.806169095460656,-0.6538456634382145,-0.9484641762767417,0.274176287171162,3.2003130647844604,0.840078580881152,1.9158032700930654,1.2792404916521904,-0.7001596484616214,0.14605989336761202,-0.43162373867177456,-0.08644719186618978,-0.2757699445991942,0.18001562306566057
-0.9373313634877753,-2.9659567713582415,0.3851428035859834,-0.7466117031778515,0.7060328671930279,-1.050380057937107,0.43542175001977995,0.3027547906753164,-1.276564932322992,0.29093103106183316,0.1568671977007386,-0.2899500051578674,-0.12112847815338883,-0.8342147014405038,1.394848301797333
4.06018944528053,3.695444055806543,-0.21242330979013666,-0.3591156048246484,0.14699806339831856,0.6868641436675704,1.6485425655253438,0.9934927566335077,-1.0271051143191416,-0.13027985210580817,4.313034594437049,-1.3806162049583446,-1.6667098762055732,0.28373714965682856,0.7158804892474063
-1.5290458648402336,-2.4624936281531395,0.8647976610859217,-1.2348913390869083,0.029897840151571323,1.8862269098924795,1.3876076428535236,0.21419583901170777,-0.6782358430615176,0.5567863095754719,0.10370244507627047,-0.14453544416661163,-0.5526453974653152,-0.731850403291495,0.9055185825810291
-1.1064388899150224,2.7745054335408126,0.8636162690700738,-1.6075389120454129,-0.16104764387317883,-1.5410288467908944,0.5704373125085802,-2.1016518569151357,-1.27891701984727,-0.264295371722223,-0.20795277201332157,-0.5755762397143688,0.5146425597582209,0.31563884747142135,0.36305535230625213
1.0252799194751352,3.688309676169047,0.47681067738528654,-1.8231896382045751,0.15631286880155362,0.46916675237205396,0.30607076427343166,0.23088632332180392,-1.4293909963057518,0.42632577691349044,-1.203409345055379,0.20454562047743263,-0.0244105750383641,0.26651207482692957,0.6187536868364674
-3.023599555473169,-0.9864000831525124,-0.5305461084788867,-1.846645161501203,1.0826191609476612,-0.8918674155749731,-1.2620759527456844,-0.2590338813742679,-0.7675745777151574,0.20751627661356173,-0.7050874865543778,0.033211869996211354,-0.15874476723255468,-0.02011034075666102,0.1944132106155203
0.9686784197096502,-0.7677216837297203,-2.850082488022116,1.9806499302123604,-1.2188765012860752,-1.924417150784097,2.3663711913352654,0.9714184138723099,0.6276022618416498,-0.41452161038215307,-1.5017082247404743,-0.24966461795177752,0.9631892378253037,0.06367902449228845,0.26057010481501947
0.07471676233090709,-0.2323909180889973,-2.708008220624642,-0.6356722293114357,1.325914857279845,-0.9788389076839312,-1.5705319212908972,0.6744131898764303,-0.4213232480947784,-0.5571974206191261,-0.8220692953478099,-0.22595934601564888,0.80011953250921,0.42902285906250626,-0.27777047430258733
0.9185693274945199,-0.06717515940002759,-2.7943387110894147,0.17207831483539324,0.48261831364708163,3.8619220676634662,-0.12728538473173562,-0.40728769402612763,0.4966970079200646,0.17135756299758192,-0.7534175878089229,0.065105194110395,0.5877932285504229,0.4960257738520787,0.20787597849327297
-0.164269673055923,0.5846686339726532,-1.693234524281124,0.11718540879361723,0.26914943462649726,3.172223816894698,0.22599418741084468,0.6126188710140859,0.687923386256914,-0.0667288172856643,-0.06934256116186954,0.013017296751940534,-0.03799760792056964,0.5176167296988877,0.4520230441825924
-0.8490180589089142,1.98722293565543,-0.23039934714198673,-0.9357265288390662,-0.1300507443035279,1.6993781448611311,0.5404884149349111,-0.30448441308312263,1.1040373686659466,-0.38746762635994214,-0.5521310656694554,-0.08476677075705044,0.1532381218722075,0.2252523980267359,0.30083360550037413
-1.3185370538517518,-1.0423465710634228,-2.3702656519965233,0.40267204248951477,0.5631576494021788,1.1578144682308928,0.12994943123739197,1.6347548335154285,-0.578345104407663,0.7710134893887383,-1.4248935313652993,0.5900842613472732,0.58662486332736,0.29471805545026614,0.17572716693887339
-3.051027594741233,-0.26116308641436314,-0.510815441298133,0.12914797688280136,-0.4126060559142748,-0.5394318368361477,0.9853479245771948,1.190113079701975,1.1395476983926207,-0.36134114932630135,-0.08773258009929596,-0.41800106488320754,0.09286595048868806,0.15637231088800488,0.30139438965493814
-0.33552695590535175,2.2735963523318445,-0.8270858699966496,-1.0772723252910525,0.12926665570270804,-1.5371368566307586,0.4482582363888534,0.2448770076380012,-0.39797734157344755,0.13303205985034702,-0.9080725809841954,0.26854859638360573,0.11570964512189875,0.42844931027028854,-0.027180396701815348
0.2445847427834336,2.498677512126737,-1.050133313592965,-1.2594947748904612,0.7217057405632011,2.3227770969834975,-0.3082764074361502,0.6618248739438309,-0.43211197568571086,0.2652862211450223,-1.0841334949091643,0.40719167115649996,0.4321709370111259,0.32413344582902176,-0.13062239270415468
-1.8016703233471707,-0.287135913938932,-2.140701659604181,-0.6212801877826425,1.2373889033896321,-0.6277723654398335,-1.177468688762683,0.10990953773210158,-0.7384342352128614,-0.07957288510267094,0.08679415488520152,-0.1313875648843209,0.4671138073372551,0.3170884258044008,-0.20275312239357027
-0.12810005253304957,1.0624671015599598,-1.377428211152491,-0.8943221763635093,0.226136753445151,0.3956645253275908,-0.003088168529461005,0.21642933596387104,1.5312616627945204,0.02789793387850042,-1.2325881570086765,0.3748911190297166,-0.060963401503484525,0.22252760559047138,0.3539963812207063
-1.2982773225898225,0.8091131945294187,-0.5334545410515295,-1.4305060140848171,1.163136341341262,-0.5974629739250966,-0.9529386052064024,0.051126488785073004,-0.6338876733039749,1.0637986973384768,-0.8332976766515315,0.5450671573858026,-0.25587363375699423,-0.5830190816059211,0.9093151383020771
0.9793291337705683,1.0094142201893663,-2.3123948853458383,-0.1524036857134579,1.0058911868603426,0.6947759883665258,-0.6442048843228095,0.16842867769272316,-0.8857115555420196,1.3811101011641485,0.2335706338123031,0.476157996397667,-0.5698140018026436,-0.9518052623545802,0.9171987131652007
0.3997353229553351,2.0126608320993102,-1.637940776796663,0.06800614577325802,-0.17516610513298,1.560006927842165,1.0354852340381906,0.36349969374736185,0.6205594954110879,0.20814455577310048,0.09038438994765746,0.2321462446936205,-0.3796549524189257,0.39241210033245155,0.15006649966786853
-0.4136312292345618,0.9622549003293093,-1.680444241451885,-0.9090971753401182,0.3795889422226486,-1.0245499013613566,0.22315889685477788,-0.6851316002932835,-1.499304983245263,0.6515174391475987,-1.1414209718315687,0.5033508952393161,0.28807875092902435,0.33720329717985986,-0.14798311837873687
0.5806485811683822,1.9756966351150387,-1.279882954270756,0.08858423181230203,-0.5818781330326387,0.5896736923205262,1.363304528190218,-0.39700075035133403,0.3920491871744174,0.05635101841576633,-0.3533026015451374,0.08424300181313693,-0.025116768714465543,0.002349816395090105,0.26604118028875956
-0.9230963291363807,1.3478415667604298,-0.49768560228510117,-0.7439165633932036,0.19964389056498427,2.5965820204089445,0.48421892889980844,0.34854487019043306,-0.3726260686137367,0.5572340222429909,-0.6711901369543738,0.3502056322780274,-0.07278477319248251,0.21911644720028467,0.3806371779960235
-0.7675490799076838,0.9875732960868238,-1.1130341731502988,-0.39025354979546717,-0.4717005593733134,-0.6034412318580719,1.2588914174244425,-1.2851338527865375,0.49081384220265595,0.5458626529863423,-0.38863480598422245,0.23179254574603125,-0.3331651668226217,0.1720049322582049,0.39686865773819774
-0.8395119992083998,1.6251440770284087,-0.6166186293030999,-0.4956726076975314,-0.09413281603867454,1.772107327078461,0.9551812779368404,-0.9803037811863757,-0.9466648999249646,0.4093022969036496,-0.06659461404475284,0.054225800451856876,0.056683584547018405,0.5507101129728202,0.35882768718051355
-3.4549034608262916,-0.6603314212382602,-0.6182903539607452,-0.7130207014301233,0.0020977240148179004,-1.3407596635956427,0.5115307774614767,-1.6762708440680074,-0.158633967116958,-0.006336440773329886,0.11064930688999147,-0.07443155504650414,-0.17006120441589848,0.46767854592896224,0.1448688709677503
-3.0738770378603077,-2.8857864425513244,4.986216685429578,-1.0021449023466282,2.921222367801387,0.26152949962955613,-1.2873245945562704,-2.2910951287271004,1.7671166095286064,-0.8331967139201787,1.7044995229761744,-0.33302902749707175,-0.48699939772239587,-0.3137303979284101,-0.0783872230275672
0.7160507261336091,-1.831159714695603,3.0627711551352057,0.12228239773305091,2.426391629519004,-0.9467993646623919,-0.33462894707054514,-0.8210844075352192,1.3327201636354074,-0.6179961905703053,0.5847815483543872,0.17730009216901088,-0.2987981599453091,0.40440752149291326,-0.4032329076025312
6.4604099311348895,5.84716951314811,4.035686483280525,0.12400740979214263,0.9058002951918726,0.22732732639335945,2.2523802528818626,-1.1996920016357266,0.5963099559152725,-0.4621922637263406,2.4782931916504785,-0.5626966789802026,-0.9103720408813224,1.4552007382804706,-0.7037601864049534
-0.09820199515478134,-3.091104467261666,3.00506498820846,0.6986577274235688,1.7002391815616678,-0.23052430288843548,0.8395799333817833,0.7712219687530026,1.8719276069019932,0.14655285313276442,-0.48007074399599337,0.8360376954867459,-0.7451834312037053,0.2681193411596557,-0.03460402656876893
5.466766135615616,1.851373057547271,2.2202965239517054,-0.0587430379725922,2.480442518102166,-1.2839687792193277,-0.1636739316881046,-0.8466952066626947,1.3916772429123032,0.462676605075151,0.5151680564328668,0.682737392689389,-0.8574755179981676,0.26400524198272335,0.16915481673593663
5.388955574329481,2.8548220627333047,2.86429466925427,0.5395538762319129,2.2455278564200665,-1.4003937294186177,0.6034160413684094,1.6421147528837303,-0.2908549373124442,0.047406927997476436,1.1676460041689816,0.37289542153156263,-0.9584971099404359,1.1532544207275501,-0.0011249560497875986
5.480530785290373,3.221527839902127,3.0652621221473915,0.43394513696313947,2.161593672254146,-1.425613526547552,0.6567524665889543,0.7031089405222688,-0.5290342295279299,0.4630093556653644,1.8774677130346753,-0.05068923330812068,-0.926689636725062,0.5836829999680007,-0.14308887702163414
5.503225582277179,2.4792205690754985,2.6496275918893897,0.5251973950124368,2.185364616772632,-1.4023717887524645,0.6094215089148095,0.6829705538913343,-0.5213040420451579,0.6104805583698778,1.029542894878974,0.3323836525537781,-0.7490630781799447,0.34104740317488164,-0.027487878619414173
4.9808256221576,2.5889824844265883,2.866079138768434,1.2302215907632805,2.039570425898352,-0.5478413788098193,1.1084259156380187,1.1912260375622254,-0.8079103105098064,0.32848260014792785,1.9742049180663366,0.3306741516297349,-1.1152645043630607,0.8336815251907508,0.32593403945080734
-1.5268189273015007,-1.9999681618811451,4.5297488658972584,0.26276107562226686,1.4749095095326836,2.329242250327341,1.234810268921678,-1.8267100921494912,-0.06730714786974583,-0.4911278562527824,1.1513414113644431,-0.08502992835487862,-0.1609475434953466,0.6550882448604657,-0.6437493847193477
-1.3482758765862495,-2.952078016266099,3.893965110483602,0.15030990386807638,2.6075401254597868,0.5926277003934388,-0.013701875232075599,0.1559294565674495,-0.6287378352606972,0.5620876160264433,0.6366900405871202,0.6539446650615486,-0.7597845779199369,0.7688060445013756,-0.010771858496997216
-1.916243791224795,-2.79027813369199,4.289934792026083,0.9526075050134433,1.7299548404032745,-0.2332505315204627,0.9515829966581878,1.4315289919398875,-1.150868800662874,-1.3194054183980668,0.693978020467339,-0.40989307005778886,0.3588240414959367,0.46279748204673005,-0.8098944501855654
0.689646991931211,-1.6873769927483702,3.6512545448766422,0.8767621030023465,1.6849591456961008,1.565297234371575,1.2829798915580708,-0.8731875954675585,-0.4842677098202996,0.1911254648164781,0.3059865998179039,0.5828930947797627,-0.26641926352700307,0.5854682124819841,-0.0345980086054892
2.7467781245245058,0.1134315094865753,2.9523833528919385,0.2372336357617031,1.9874331146533908,0.04458749996318296,0.5179507993129602,-1.0650506448216526,1.6581499912453779,0.19342019519603035,0.8069587831652079,0.5801435336217727,-0.9864152203299713,0.4122271838568747,0.08338177385695357
-0.5144652290585758,-2.32113902336312,3.792467317606577,0.8376672144934201,1.6203699339438982,-0.13281160401221415,0.7219856925060817,2.3110248310638,2.046217438772703,-1.570421707513514,0.12140217637626576,0.013798266030898773,-0.32780933838719856,-0.03918391993361852,-0.6198094520744236
1.2311584767122974,-1.219984260164372,3.565610643041562,0.981706130149703,1.7479124140125741,2.1452280995830635,1.1054453628049294,0.21490719205279527,1.186101544633525,0.268637784529399,0.6906657883202765,0.6017248111772432,-0.8868058948742465,0.4363624806792342,0.2709767360980324
1.8218922340714456,-1.0396427998603102,3.4410220794930657,1.0395860077136534,1.7456793934659784,1.5260799985793003,1.221569771639772,0.2659924762959113,0.012799225559595695,0.7814491092906755,0.29551403183217484,0.6658109698311709,-0.5904755755313926,0.29007533995972085,0.3924584395306759
-2.5083403110873244,-1.2751021719016176,5.950041802313443,0.32120661837236225,1.2037794789931633,1.693047395415853,1.5037029594048639,0.689078493344209,0.15536339501962368,-1.697558232383454,1.2496720723926924,-0.47907036060581465,-0.23478381880630375,0.13948083896800056,-0.6457250674617835
0.6896704431054508,-1.687404808917313,3.6512639242279805,0.876734029631361,1.6849404303792437,1.5652981205107896,1.2829837586872124,-0.8731853171356316,-0.4842743785589029,0.1911160162530046,0.30598930917752426,0.5828748443639306,-0.2664230392267062,0.5854735468277641,-0.03457978597820985
3.4020112867719137,0.11473251453042428,2.667099357271751,0.8270255637255598,2.324670463285359,-1.348283600783791,0.4628591725436399,1.8512405819384363,-0.16685754283094795,0.7634151015646489,0.38716813122957566,0.8980729884475809,-1.0985196500714216,0.22628974905663068,0.4068905254203417
0.47148466771685676,3.9415963354552304,-2.8426558813789993,-2.056067309307385,-0.19557827926340268,3.5706940050172506,-0.056070950910248475,-0.25145609907582955,-0.21497864545534895,0.5525115437046956,0.6453784721350606,0.7411020748102094,-0.29272173837617743,0.5912627120341248,-0.8547774409402982
1.056828015927065,2.6176291461768324,-3.801124379922066,-0.3985386300604218,-2.3056503168417715,-1.7675149663530085,2.7973713514511456,0.4425724953167224,0.24784164536178963,0.5209056083509411,-0.567020196369533,0.7107126200068195,-0.22928134826583846,0.05046808975972845,-1.0052702967217695
-0.875325358248111,2.3096539007537538,-2.430935586273466,-1.4823006963689238,-1.5503418568926772,0.8023978380728003,1.4683927317836798,0.7887058238489215,0.4437693975060524,0.20728602200771903,-0.30966218533508055,0.655771838589351,-0.54875858936737,0.05050919233529961,-0.6750829161533071
-3.0612291203628255,1.0042594392594746,-1.8462396993512673,-1.7419599121348508,-0.5838510596978103,-0.5742643607226962,0.03171830802138754,0.44472820921671763,0.7604016243553057,-0.24555300547281733,0.7519804238676105,0.5302199284278403,-0.9884271503053573,-0.13820427765995896,-0.1090038580691382
-4.9726139971252294,-3.085058090313942,-3.320405712144992,-1.3039128743404278,0.5753667915102159,-0.4836895270522855,-1.2639924825792141,0.25779332426536283,-0.8344650937090219,0.9054930946654256,-0.048154401291970725,0.7587012154171922,0.028237321744135478,0.3765757697083483,-0.4499349643319091
-4.061894866365659,-1.156229807485414,-2.689069402908154,-2.1815643172002734,0.15875645452082182,-0.10536176137452524,-1.1443316820672509,-0.03636135522842839,1.2642514648768293,0.26455403377021175,0.04843635670997142,0.9161430215111414,-0.8001747215275281,-0.09069288740281281,-0.42335282124884377
-0.67725238726832,1.5890738986924258,-2.700245569501813,-2.796304651833698,0.253731586214415,-1.188999627704864,-1.032219987824142,-0.07226403157832527,-0.05505013590542745,0.8409494490039681,-0.9544450604720071,1.0047938860277355,-0.39125886953898786,0.3808251112386455,-0.1592999111629781
-5.05345056613841,-0.771059345858024,-1.879047321583269,-1.8575545719957063,0.05347820916816194,-0.8249999044148056,-0.7316220661983709,-1.1554331388145445,0.4222169456449899,0.34493957016843596,1.2383341249795683,0.5671279115083141,-0.7711233213832611,0.16825644309237284,-0.13204689843172226
-1.5019387752769378,0.6354927773159412,-3.239550377776154,-0.45521292330782986,-0.5206736175539232,-0.005684022739385953,0.46030711454884937,2.0615270006556154,-1.4141822380221507,-0.20579671315383008,0.48198396806719357,0.23743917493484687,0.062144464594585315,0.5242561744896452,-0.9163791440145442
-4.710544686207239,0.7910422088949068,-1.0317244936039611,-2.7684920902580816,-0.2365013814140822,-0.8750592744744202,-0.5192899247567409,1.2273751956243941,-0.8796288402321693,-0.4391890619169441,0.6347997826243289,0.2944193049719739,-0.7309613030030344,0.336731200216189,-0.9987313516770496
-2.740132599893311,2.393256224209164,-1.1506992933619271,-2.164127909136039,-0.7729201097495362,-1.3802872913427964,0.4292652368114709,0.21539992871488167,-0.7938061481243821,-0.22621256921619726,0.28435586936419094,0.284128568829949,-0.14364217970574622,0.29268848948773324,-0.6064618945614728
-2.7019549852684004,0.29197668722687736,-2.752239983796096,-1.2365547750946468,-0.31955437036592155,1.4571938303670002,-0.4135407400091178,1.359937089276255,1.7436925539556143,-0.7980806572766477,0.812434171361384,0.18229280662316313,-0.48834682730504525,0.2832427314515569,-0.5389075539988588
-3.6912150264567365,0.1440333788030088,-2.3038497050726274,-1.7093173422415011,-0.708836577913103,-1.3727094441764354,0.28344148605264974,0.8478084740898307,-0.6350806361579026,-0.06559706622377565,0.7077318643062264,0.34455173771099623,-0.7436904270830792,0.3553856395915322,-0.9601739173497064
-2.858924629689382,-2.138306412039246,-4.869049198429895,0.4740878342573852,-0.9016610827449031,-0.6357116490462661,0.7732625461700038,-0.605793999805844,0.5190801812632151,0.5717891392831882,1.9004065648524986,0.22416169096695596,-0.8164697703379157,0.7165512751585338,-0.45896803159374794
-1.2776640326253759,0.8624527596058358,-3.6958734914500617,-2.093180894315975,-0.18277602037659563,-1.280970154206357,-0.4464623887764139,0.04642477173107185,-0.44614804672400654,0.36968273751390474,0.5887465464677802,0.5504964269295604,-0.9104136070552402,0.8640044355603622,-1.0083470505644303
-3.2159104777219265,-0.8539707311496632,-2.8406022789748624,-1.8845829858869667,-0.07528698339789201,-0.19901710791052626,-0.3606291641501453,0.7834421645201518,-1.2226942769871474,1.3620973980136015,0.0848304773497073,0.9095968216773825,-0.9688822589990613,0.4469361727333506,-0.26137302264746687
-0.27999211588116246,0.1503835925753368,-3.6034798782181454,-1.6863425606901092,-0.19219321996142133,-1.2417404029003227,-0.5026095115355338,0.25727089200550346,0.4200620877205079,0.9191914671704168,-1.4674931807226215,0.9784549766199808,-0.04242869982456546,-0.388151750336289,-0.1775872786365953
-6.6173697420811655,-3.2379364723457678,-2.3663358019000955,-1.80857340469371,0.013977525668838926,0.4594743925147121,0.39493180848455944,0.609499839515977,1.576049120621396,0.7720877951762113,0.657501277085584,0.7357427487359481,0.15110091861993163,0.30213418183680785,0.020979004988161732
0.08464669341737688,-1.6675213592860385,0.35568039616459907,-1.0928672217454725,-1.4591351768945755,-0.46232429888241305,0.961610116411107,0.5824017113153085,0.7168125200167328,-0.8810530113688982,-0.5049874370557906,-0.593127055166442,-0.5614723988842529,-0.32274732026457603,-0.42425896995182055
3.6622786135940557,-0.4469319073025724,-1.317708569821463,-1.7080533337294281,-0.38650168182093725,-1.3581567164386659,-0.5749065086163476,-0.6389620841288024,0.135688390746444,-0.23457444700704586,-1.1707612758980075,-0.39422092760076566,0.08948472472854091,0.28470121449269026,-0.4718627568153219
-5.821525866179548,7.404300804263583,4.2774685070709335,-1.8085967658237987,-2.1866412097766474,-1.3725275705005884,3.1406207370702814,-0.010250752676070226,-0.4557615771011761,-2.6502168000476645,-1.574158214292723,-1.5645324915392471,0.4736840449821673,-1.1614430782994662,-1.6345830017442267
-3.9512459418409813,-1.3968314857805284,2.136319802805868,-1.3074219233299829,0.15111281092913093,2.372967061204634,1.196979265836055,0.3256772641306283,0.9109083928086691,-0.5383377062713722,0.06349773380464904,0.3248332790017893,0.3311406401576393,-0.2541583745363348,1.475033187727525
2.503147811801682,5.27623587795309,-2.3056734693136844,-2.0969231145777245,-0.9514056907429667,-0.017594523561252573,0.9485626843166933,-0.5466684427772469,-2.092923626094148,0.6609133603590601,-0.870331889386648,0.4920024559504566,0.6456465688678626,0.6331922686712328,-0.8654266236086977
-4.967281518057395,-2.4558478139942235,-2.4205506536506993,-1.5017697463342847,-0.18554062971204074,-0.06587318035865906,-0.551340421244438,1.2939890343592682,1.6210967386883732,0.7502410464297257,-0.6762564054034822,0.8309638900363698,-0.475477823525784,-0.34130623590191034,0.0709618557073104
0.23200247017135395,2.7070468442275146,-2.7592169559663744,-2.4276048130228234,-0.2600127137478398,-0.8034185391183798,-0.5798287849860311,-1.736065174189651,0.24307707495940836,0.14279428756937027,0.05954446733225821,0.43526075935766406,-0.08999844154918585,-0.19846151806690412,-0.802823728584703
-1.04611151312029,0.9374627806824107,-2.9520151688162435,-1.7677466507993964,-0.40353687543820255,-0.105834826187135,-0.4154905673054801,-0.40028026605332157,0.9709547252604069,-0.0021710289768720713,0.17073739855994471,0.4453325908958947,-0.45251067591474853,-0.5112429304209358,-0.604557153723702
-1.022588361822438,1.222638900530202,-2.712860868148284,-1.742469036098235,-0.19051697347178295,0.7868339538691211,-0.5075427681515351,-0.28966171212707287,1.5035404166047162,0.6158149786491728,0.3622501205215397,0.844049144958205,-0.9163217646149052,-0.14298636502649162,0.15135206545075663
-7.007033818959415,0.4739933675045991,1.73789443501525,0.9463779180322971,2.134138625844701,1.4410486195072785,-0.176681161877248,-1.1357413493665283,-1.2841502855490254,-0.5215958350678667,-0.5878450109321239,-0.5704602895223331,1.0174140498865414,-0.16722106007908416,0.38961378263159213
-4.5829394388829305,1.0752316198516876,0.45456802867895796,2.6095073081272644,0.13659216479622732,-1.928257921431882,2.6869574338910556,-0.4646190504006188,0.4125500249542206,-0.25244735401312157,-1.4803869628930146,-0.6210433255386056,1.144998404414073,-0.46708625052207714,0.3012713751955558
-3.6005597736400894,1.4567037788770363,-0.29998914346721445,1.6081505526504125,1.6280432752101532,-1.4451478516100864,0.35850112300850945,-1.3698848781573834,0.2501867896842049,-0.7452253136217931,-1.1201702860898626,-0.5648987922469365,1.10562947841547,0.025488570131987524,0.18233134609936902
-2.4577484844360304,3.668101333033545,0.6852389078834037,1.380499369609773,0.9931077188826994,-0.6493621918852513,1.2091504343439923,-0.9039595606595962,0.8204294735781618,-0.49114671791460635,-1.0749571240496552,-0.6444246372850881,0.8362827479214605,-0.46010867943605155,0.43806963705868385
-1.9850096594279574,3.9557325368873255,0.4705989865743846,1.508292415187379,1.001415408959383,-0.620711461945838,1.1459223632419093,0.14964467834750167,1.0803598611773757,-0.9849026305568986,-1.241153320437933,-0.7311172345717327,0.9557316707995562,-0.34745228098503045,0.20750823336955346
-4.877498857352744,-1.0138111123692901,1.224960013697367,-2.302499759205589,0.8176782220884505,1.317496893733932,-0.6760045325347998,-0.1996994364371973,-0.9884525084809449,0.7475779880727581,-1.2625623106819002,0.16358267220636818,-0.01322893298937066,0.4293103187911871,0.6631982782430952
7.525219384512574,3.229217598113357,2.124409391679786,1.7008704113700446,1.1326066955577996,0.16008738814633267,1.705489297204486,0.35488941145571806,1.1738510198478493,-0.18391405570419386,2.180222610048892,-0.48993064652291135,-0.959633420186315,0.1486917626458629,0.08306980873573337
7.525201191945392,3.229236950135953,2.124394248932405,1.700879321870248,1.132615218419294,0.16008796979466638,1.705490013375378,0.35488891225995667,1.173853063587824,-0.18391079257008983,2.180219574129581,-0.48992357416345483,-0.9596324407676873,0.14868925726236312,0.08306869318749581
6.954246890388168,1.5162249736695013,1.6010165935273564,1.7953315926066014,1.9434851902951906,-0.5601221319656485,0.8769328441820686,1.0671203271897056,-0.7985559060303518,0.5668489019575655,1.4387032684310253,0.12069100900357212,-0.8422640418320578,-0.17751799944822527,0.33686421527360255
6.734148684870785,1.1679054216831466,1.5830924276351717,1.818401993384257,1.9558508852294711,-0.5550394682642974,0.8602485581658527,1.1108755923820786,-0.7575376806877548,0.756633074208046,1.2429485014533237,0.21214242118156237,-0.8322625649458356,-0.3350582090358954,0.45062163618613427
6.734150103059485,1.1679058795174335,1.5831005549406616,1.8184126621284729,1.9558555156348456,-0.555040634313911,0.8602452206631485,1.1108745113233407,-0.757535076282518,0.7566364110885604,1.2429495630027907,0.21214812708851707,-0.8322609196058238,-0.33505945563798584,0.4506102245884793
6.734159826048358,1.1678962264999904,1.5831110842988427,1.818411885178476,1.9558528175486753,-0.5550413382193289,0.8602436869878608,1.1108743853309229,-0.7575351992881562,0.7566359266042431,1.242951474841781,0.21214654175511918,-0.8322608392391518,-0.33505862233239475,0.45060678812134414
6.69492596169637,0.9067974374741937,1.469032289690536,1.8087458545702255,1.9345063151920991,-0.5424250132924948,0.8554246740281944,1.0692875248735896,-0.7862690212301888,0.6778328946040716,1.1129412089367208,0.22457003031955355,-0.7817135492158613,-0.23900060423530792,0.3126956431895361
6.734160694976604,1.167895311512355,1.583111840482629,1.818411513442658,1.9558524355666405,-0.555041371311902,0.8602436372285641,1.1108744038659886,-0.7575352838047176,0.7566357877679377,1.2429516237552523,0.21214623361442056,-0.832260877859276,-0.33505850950190735,0.45060678690752765
6.734155536333158,1.1679009387203745,1.5831080404920712,1.818414847905574,1.9558552286975954,-0.5550412860521666,0.8602436070100045,1.1108741826962139,-0.7575345078131682,0.7566369683574539,1.2429508215380205,0.21214868386338206,-0.8322604777425159,-0.33505932242809106,0.45060565315204393
6.734163796095764,1.1678938020891645,1.5831207430435308,1.818420334667228,1.9558558007691984,-0.5550424902509582,0.860240528981607,1.1108734698367628,-0.7575331173247848,0.7566384994041566,1.2429528918680652,0.21215072183520736,-0.8322594781555274,-0.33505939449976346,0.4505965139206247
6.734153423882827,1.1679049192230122,1.5831124059502468,1.818425899545059,1.9558608857923685,-0.5550422064357837,0.8602407973188276,1.1108731374565934,-0.7575318342338653,0.7566405130115081,1.2429511961700024,0.21215502092836672,-0.8322588463180202,-0.3350608844088733,0.45059538744803806
6.734135451019826,1.1679248203743768,1.5831002116515471,1.818439226237275,1.955871413608826,-0.5550420779702662,0.860240198392357,1.1108721984233108,-0.7575287149251715,0.7566451664323397,1.2429485253050891,0.21216449890688396,-0.8322571933153381,-0.33506393356540415,0.4505897077462664
0.02851384444497259,1.8281503470898457,-3.0764999538482307,-1.5559501255230712,-0.166360679147935,-0.2029556401170155,-0.4284533649097672,0.8157321082298365,1.542488952576127,0.6572080430836804,0.011510094985720726,0.930293407055101,-0.9089959712561138,0.03801523108992315,0.3181318891961389
-5.300994910499959,-2.136357406174948,-2.4942641461246353,-0.45539731535677413,-0.8520027655416509,1.0969138356794546,0.8278065038851595,1.551752962381588,-1.0211522759844542,0.7038676001453804,0.24187799991445116,0.4293514047902439,0.030697291568153554,0.07130747659023275,-0.9557652506809953
-4.2515467243301055,-1.118123509024301,-2.4945107287691126,-0.8022929154357811,-0.9251817498304922,1.0817245726338962,0.9735148483996737,0.12568930459303776,-1.4667052504167932,0.7017533420812089,0.048430389103505396,0.6854028093408663,0.05614037969611964,0.2998676727781634,-0.9826588199279654
-1.9801457475285338,-0.2524054307077554,-3.7405714275983026,-0.3469826202844641,-0.7889276549301434,0.9945191082477763,0.9167464951528931,-0.04331607357914091,-1.4718567970792138,0.4800371732491963,0.008537065571964073,0.84022692401155,0.1928451160446037,0.7768432062826511,-0.977395694633292
-1.532230490248399,0.32266104231581044,-3.9043028235899278,-1.6729493070135413,0.5318782297221637,-0.7611728259171869,-1.5988256587809804,0.724302391313361,1.3604488359854512,-0.17857080776599044,0.004225385446325871,0.7510801127248263,-0.07709807703748772,0.33704519815025835,-0.6965227248057246
-1.471742746604446,0.3975846691077072,-3.5677938731596095,0.28602666708198016,-2.013947033732902,-1.7619174113698082,2.5726446161595478,1.652734768307942,0.6543559642702894,0.3077021091382819,-1.0956894956949894,1.175936064350325,-0.0061992287751585756,0.36206597129348883,-0.6213547625933842
-1.940437818359879,-0.007418008985456436,-3.2885967234221556,-0.548082547636491,-0.7603985009062766,0.9819966872245937,0.9455136976008162,0.21285382061862462,-1.238076400101221,1.445555525432188,-0.5632295419941048,1.3112306021575526,-0.0640828479964242,0.21794113863490622,-0.16398547889166346
-3.809253607252439,0.24157662158959425,-1.7550253001321956,-1.2328354256073935,-0.9758037688361243,1.076528807269437,1.0926728147997502,0.23219928117380076,-1.3923285736569342,0.9867469594199557,-0.0901607541384651,0.8764424673978771,-0.19255523418367965,0.1639314400967763,-0.5221269684708588
-1.9354857476129488,0.028377961704477657,-3.395861112107789,-0.9964640809818918,-0.4178404659399708,-1.4529900370207325,0.10342777240176947,1.6040814318660006,-0.07039683657751829,0.7674020451786996,-0.8676516715672983,1.1174152709522436,-0.08303253283516726,-0.0492733491352162,-0.38184018298062605
-3.8091962777649764,0.2415100094000533,-1.7549974672240622,-1.232896033179189,-0.9758457832542669,1.0765301824369875,1.092679951946471,0.23220406025844334,-1.3923429253328796,0.9867263962573404,-0.09015354845756147,0.8764022688778208,-0.19256324902457883,0.16394346275418809,-0.5220905377821006
-5.525791355823494,-2.789180934236781,-3.0725049774680904,-0.4497230187331067,-1.0547114731272837,-0.46753011516773807,0.9646768144920265,-0.6544823117074425,0.44052968688250277,0.5207920733499896,0.2852500913481911,0.8310869923931786,-0.34230930979755014,0.6964290835269664,-0.7636734390667591
-5.380105250502635,-2.7765631415595804,-3.1819728470420414,-0.42285434058004484,-1.0428821027036355,-0.46600686255234336,0.9637866503895631,-0.6721190308365851,0.43005159177354463,0.49820100599253714,0.21948213191005214,0.878566210101427,-0.3277193932573632,0.7208181074272167,-0.8047913796601758
-5.522338237708506,-3.2259041313328365,-3.3425125476701982,-0.21002303122452107,-0.9716792068261791,-0.5220245837132659,0.9076473739459077,-0.5144657434517252,0.614080622880634,1.1142083517533738,0.3739674175189157,0.824399454512344,-0.41204409521816404,0.5244929899214367,-0.3976636661713403
1.2348109983765434,3.4744566890001654,-3.073708012795095,2.653565394535292,0.848349727481682,1.8409056504034165,-1.2943534167278368,0.34607287458065145,-0.2965755755772274,1.5038500930810932,-0.8788534057631815,-0.16742252222750822,-0.15451507281964735,-1.1342737316296232,0.05262265796018478
2.176386896622981,4.548123494119684,-3.2555540204668114,2.7057252741404603,0.84992764764539,1.813745221050811,-1.262214813341373,0.20694440285995006,-0.4063295444237032,0.9863823382841317,-0.27859227951178345,-0.4486617248598331,-0.11144844510567493,-0.6138538452586818,-0.3304896732614016
0.5141974484720913,1.8539350460939088,-3.859228018641969,4.021560385477523,-0.07110507718804193,0.7571517123163922,-0.12109904462989204,1.8046317397218883,0.433371585075547,0.5897955470145592,-0.8759657002969248,-0.3533504645630838,-0.18466631629781102,-1.1775819427037932,-0.40229310534573837
-0.9697437163078092,-0.8821435316034714,0.1630447997366766,-0.9768675108717446,-0.05919708297825552,0.9265156630801371,1.654648151181492,-0.59730851163338,-1.555175527035829,-0.16226261498070327,-0.16548880181682835,0.05848879051168296,0.927570176476115,0.17907866272396905,0.6594824412462907
0.38295576969092476,-1.1943554632245932,0.826472542168323,1.2138906878531954,2.040903093889447,0.6595269390068327,2.532753032720215,0.26477714025945165,0.23401083522287783,0.500175039253062,0.06733308817695186,0.7403179241198644,-0.14350103661963018,0.8347355746554905,-0.676840448428737
1.0403991444764942,-0.10222470664642706,1.1397279958346807,0.9006144032921326,1.9742595391689985,0.6557605264867115,2.627782040996591,0.21297036061822194,0.2178958771020202,0.39072871387708413,-0.0613092571162126,0.6804762418956465,-0.05857353869297061,1.0167647190402236,-0.6533599456537554
1.0302807409563755,-0.595191329207717,0.9005669675899841,1.4277401854865637,1.0246286171216163,-2.077714411926614,3.8635642279362195,0.07957728494736306,0.9061324458668369,0.5441450693911757,-0.6072680267264714,0.6626648029799188,0.06364216311390403,0.2506883761085604,-0.8921712239479493
-0.883556734165563,-2.0625040574792237,1.210320050494971,1.4892129910379313,1.0302357451429591,-2.086615732377217,3.865103846154585,-1.3010409697367111,0.4065418179457477,0.5702899408811397,0.1493260498007722,0.7196178403982229,-0.36478608627333403,0.12973488753146717,-0.7700005161278193
1.3717250050147258,-0.5607231969348836,0.5221707121285305,-0.45203911384194984,3.485800954433489,-1.5368607581697566,-0.1069150580388722,-0.8763209047702337,0.3667523127415281,0.14737991254369207,0.49459009768618795,0.288513601148819,-0.05930268026974978,-0.07340309543145296,-1.1164839318418454
-0.5926055714497566,-2.0027647401602664,1.1927417077271776,1.3394555992017654,1.005528043630572,-2.0966355958797664,3.9037573030602832,-1.2662424962543077,0.5072297108108448,0.9420704375200626,-0.34846094919014603,0.7770677313982598,-0.22076430947041664,0.11545929129830385,-0.5687769434903018
-0.042138274528113084,-1.408103138102168,0.9775274995638134,0.13179276619961988,2.4047003236863227,1.4000338155949088,1.6454292281897436,-2.1601575181475408,1.2000014606716156,0.6840915668716355,0.3951329982921201,0.6558335211436251,-0.41233813402698327,0.6702573195054411,-0.5788403718970409
2.1332022567018663,-0.34482624286376773,0.25128592623814683,-0.20314305608983543,3.800929730156009,1.268804335864877,-0.32827417866318714,-0.2818555826075685,-0.06153339647806494,0.40040136776223423,0.3623854714714942,0.2598120774877063,0.37207726582796924,-0.015797725360958397,-1.016600779765347
4.075531896144406,2.7828689244428104,0.6123580591401053,-1.019358835457751,3.7289516683681065,-1.5170350033856623,-0.526075477182862,0.18262663837230808,1.5522060440187773,-0.5626099199792768,0.4752389584815602,-0.00890706361144952,0.19789435844790926,0.6424364802782528,-1.1953895266075267
4.041123557312843,2.721503958446622,0.6654801880280491,-1.1223300126659739,3.862568315402486,-1.5764738531720657,-0.5664133307526364,-0.43867271047577705,0.8000511777592368,-0.27934638767346964,0.5776757620366059,0.10631057903384529,0.13888057485371588,0.942737957971557,-1.0681152608839892
2.3165926027128743,0.7427177387692392,0.8803886790998751,-0.3601201532991545,3.075712287223293,-1.6503599610787092,0.661462356586539,-0.8483598794363953,0.19345425065613583,0.6538665458103041,0.2676390423366716,0.503219863938144,-0.18913312657374035,0.04629076069284281,-0.6559622269371719
2.66923218714792,0.6828259680533629,0.5688562581098122,-0.4202766165014068,3.026106367682242,-1.6227878519939691,0.6754996379948244,-0.99903797925016,0.10020927121216901,0.3511489108590782,-0.22757378716365112,0.47766546664782894,0.2050380298168465,0.25196521772426045,-0.9955867192212169
0.9767614918621907,0.16534816396839933,0.022578288881494536,-2.3871583573735378,1.3631025081703572,-0.9380493781375518,-0.7808191841270751,1.4465999769585434,-0.11186454414078444,0.1017192372637995,-0.38770262100206243,-0.08791923652635703,-0.06733756460067414,-0.9744614121069938,0.6430995649634037
2.3536783286930607,1.692584148968007,-0.22678701339596283,-2.686839601373574,-0.3847365367806049,0.046710757989813674,1.3900643576068146,0.12378784965882518,1.010821375956763,-0.33162164807160804,-0.2073183030908946,-0.2691300752611396,-0.8278897483311826,-0.27973392653390855,-0.2646238384671069
2.8920916050217262,1.5945926029168143,-0.19459843863746432,-2.1421367118168124,0.7429705938613499,2.3090322827233134,0.2858083549331151,1.0058198834168743,-0.5308680467160485,-0.36256985715738754,0.6413352578680435,-0.7080306748668179,-0.30822847410288856,-0.1053285766567285,0.002592623577281095
-5.068252241466534,-2.4633449330100454,-2.517621779794489,-0.08301195217323927,0.721217579437962,-1.259628105834696,-0.9810510167104963,-0.010822362488997843,-0.33673540303125027,0.4109146079618946,-0.7577207319327525,-0.7945268766847358,-1.1802075862530963,0.311389255556504,-0.2972960496322784
-2.4208175782687786,-0.7613913544483086,-1.9753539752964848,0.48313972539092864,0.33930800118750004,1.2889825064097005,-0.11755225310414524,1.4836316241673828,-0.8431166556512708,0.780873255897478,-1.8913539157114378,-0.6247059430763968,-0.73224589567425,0.2743063512856869,0.34585849185599243
-1.8345872382796522,-0.5034671630440996,-3.1665981328580597,-0.9161138223175469,1.127443270441977,-0.8718456306652991,-1.6491996301841954,-0.12841644144318634,-0.7017905685482084,0.5410867847212585,-1.7136814597682422,-0.7435352505411571,-0.8326317126948518,0.27755867546028384,-0.36925675340001995
-3.762478346786912,0.1780235365753226,-1.8051636440484542,0.9369586155362698,-0.3909011890539647,1.6112314818877744,0.4004109205160359,-1.295443305607044,0.08609471338050562,0.7948704334600883,-0.707426198133444,-0.6471261196095205,-1.094295759481994,0.8797703776157765,0.4217907933228685
1.6625529965693122,4.049951563470433,-2.819561975400521,0.6450526030898946,-0.8124450413140825,-0.5426142480367282,0.5453562109161565,-0.5129131682105962,0.6012372649837662,-0.17164623338065735,-1.5846317060359736,-1.0433454225183771,-0.5067714610934358,0.5504925422005704,-0.316350794324702
-1.807707771510372,0.5344837685055733,-2.3831637730640036,0.3548619982258835,-0.446709841181079,0.08198827932164576,-0.21442964741070378,-0.08247280421098695,1.0250026258739946,0.4810331041960434,-1.7315810434189582,-0.7955210138970057,-1.1599449619142932,-0.6766221743675768,0.05623878974675809
-2.1528737207379685,2.4840702185137142,-0.8324068170431591,-0.355371324546914,-0.002527773246506968,0.5355463325901022,-0.5270082097169001,0.2256900058317348,-1.5624042815411552,0.5524558351629741,-0.6703297100664626,-0.8943059500076929,-1.4680881657376676,-0.5962651828696807,0.2613620693544506
0.3195052907268805,2.598470993827113,-2.6899199016356956,0.23302740039121544,-0.27754650011268645,3.117661088835686,-0.11196592743352413,-2.100400972455676,0.17765349947056897,0.7840099698318717,-0.8785718067987563,-0.867511550442083,-1.0192825568746717,0.7376680273210142,0.21724447073542827
-0.5152205735312272,1.507930280548732,-3.07697204366559,1.6428516951269299,-0.6269085052213543,0.9200367449684423,0.685289975652197,1.0934506879596635,-0.13735393872031085,0.3413262055879985,-1.0163691584496999,-0.8559377992802804,-0.9885363579200431,0.569335113190081,0.01368825412279567
-2.8118705157602495,0.9680470137513097,-2.1570956069736837,0.5449892285882835,-0.5584856420743484,1.8652754406801086,0.4310876995632814,-0.11777391779316118,-0.2707263645026526,0.35867868300378974,-1.1190711388514387,-0.8418244294310435,-0.9961495547708429,0.46030613185521924,-0.3678189037953949
0.034257111151939086,2.472006340932992,-3.1550184725629173,0.4152465828520184,-0.5281542647271245,0.805840623186058,0.21831318558577717,-1.0165684669020159,0.6779889667002128,0.4412313504962407,-1.425501410537091,-0.4643730002163159,-1.1855954019085484,0.3496068572658374,-0.24667277991897965
-4.7729744453837,0.9041373677373902,0.06413833463166185,-0.31580734401610727,-0.4351834565864453,1.1200159217238475,-0.2895789406223454,-1.671938544147859,0.7217748578671388,0.3157493142801612,-0.10860337789944191,-1.6028082810848512,-1.1027330134470483,-0.31116118528690884,0.4119701694052181
-1.9586225943763533,0.0410745753239002,-2.4254341143972424,-0.039857142563453685,-0.3194060120361779,-1.3990663569672188,-0.36923382433469043,0.5765790000872953,-0.4932962565981691,0.49015085792892693,-1.9489979982697645,-0.8192140600423558,-1.3140900032224352,0.16038051158543773,-0.29233606011574337
1.1089633811689068,2.127825499399178,-3.41377206359811,-1.2384161842502883,0.8362227959449019,2.1520390337342175,-1.2781859969766796,-0.6786546520697381,-0.8279783565631482,0.5954810886088641,-1.6475393532750986,-0.8738861407865589,-0.544335149668196,0.5734298810126086,-0.894622473437366
-0.7758509118188182,-0.3491326509759242,-3.2712771805896566,0.5172551715710005,-0.24992590623743421,0.9604671541593999,0.7957156829655446,-2.3045600317414485,-1.970897399052003,1.391703304347393,-1.9780313773414713,-0.27500780956918197,-0.6382147657555896,-0.15205871323394135,-0.0808674096943089
-4.091120708539643,1.5349741933752075,-1.101866377156772,-0.31151990873100166,0.3279793145550636,-0.17203824114687502,-0.9646947978758108,0.7237411967581201,-1.349373128309114,-0.25147299687453095,-0.2603954514196172,-1.2043138734828536,-1.089994624083893,-0.05685473512423297,-0.4010904802160635
-4.228579705791598,1.5542921901045383,-0.6341803635692655,0.6107561880024079,-0.5326000343576409,1.0835041096111238,0.4057826786325884,0.2875633005235832,-1.534190817526847,-0.5344050031125801,-0.3895233202611024,-1.257705380671452,-0.7187297883615393,-0.04920042010325114,-0.25731088364288024
2.4197852953017445,3.5920452713260747,-3.5094974963879313,0.7958950279892484,-0.853723241068953,-0.5615938362746555,0.4776998217609782,0.05111169074940336,0.7830459411830237,-0.02271613591402691,-1.72088075829724,-1.1922730526940712,-0.6811741154539529,0.6348806739988365,-0.19641043894683094
3.3258074053148525,10.502643278397112,0.4383623945598568,-0.9938902873533964,-0.7212722787297289,2.529239330760414,0.535838701465039,-0.9037661946488781,-0.276890419385117,-0.6218692330133903,0.14444152620017056,-1.8987877694621982,-0.5455247281525469,0.26066742520313985,-0.11156985244077564
-0.886172973042341,0.9474543912907397,-3.068434695425839,0.8123845956120127,0.049956241943941535,-1.4991340636436412,-0.48440015743197495,0.5551034337475279,-0.3772099998167371,0.31133819666007245,-1.6707322882573894,-0.7004541790845819,-0.8475600076193199,-0.266455475805972,-0.02896313691328646
1.2547961818781506,-2.7252777752492747,-1.7880664531093655,-3.541879179758475,2.1366229693880223,1.5541279151731493,-2.2509690171913284,-3.3628596864907903,-0.8884308709487161,0.5099223773534813,0.42933421550584716,-0.4450951581967615,-0.2785446253845219,-0.400527986843697,-0.21053213163354037
-0.4873951155089222,-0.9185772450479708,0.6173606166658362,-1.6491874837261065,-0.2544705994373528,1.9287442044113652,1.4567855249910469,0.6068007274432424,-0.8157833021738711,-0.8120568568978161,0.7224522452264546,-0.7875133250105275,-0.4943022613150819,-0.3568645778025354,-0.1359394430290867
-2.6270379726362685,-3.842275605966798,0.04634793173167325,-1.3003500109514305,-0.30546771715227633,0.8528032030401816,1.2776628072871987,-0.5867996344115353,0.6254714552969386,-0.19077792781311728,0.9240443730222853,-0.6810578517943422,-0.8250356742787803,-0.5502663618590798,0.12170053020276646
-1.68368129421657,-1.578008519245458,1.344216995028723,-1.6842579486160467,-0.33063357770770824,1.0960087019765306,1.72492016541047,1.284201177721031,-1.1825551926869422,-0.16000221313765528,0.22890152465563224,-0.6612792464495324,-0.45586006199267803,-0.5291559352556181,-0.043769613280624044
3.2933042230466314,3.7495699244430223,0.8918981229782111,-2.6962862920736352,0.3461710737858666,-1.4001678190978732,0.12510884024374302,-0.15266344996156914,-0.34421652578974454,-0.08075292252075368,0.685189984517065,-0.7226897669752991,-0.9318200943054694,-0.22390545609870924,0.6470160186301118
-3.6885494253245024,2.403759446172651,0.7056135853397432,2.1407777838271143,0.13041720606213747,-1.9440459298046622,2.876260105438122,-0.7665477868001246,0.4160041698203593,0.19601839064445228,-1.8547891955688187,-0.1531339683626451,0.8923759563138072,-0.17314897571061713,0.42089873630898106
-3.238492769954288,1.232049588864931,-0.6610283035110996,1.8026035593584475,2.1820009123599506,-1.1170401619244004,-0.05629992819633077,0.685458977264475,-0.7860423880472494,-0.050770128045072,-1.7765108425322804,-0.12479970256112811,1.2128172274551137,-0.12012848217922285,0.2839650904558797
-7.21897730708511,0.5235797532050229,1.930792927216877,0.9726146134169976,1.888539150077664,-1.0290650212402752,0.09663310183268525,-0.6083412906957695,-1.4280419142553775,-0.47486230227340714,-0.4601934552156947,-0.6982595794876394,0.7338825916473972,-0.46299591025036485,0.39684567281365907
-8.449012736839892,-0.25804009847803727,2.142191767660751,2.308881789896006,0.06351894822683703,-1.8956938524300786,2.72900305567851,-1.176080839587632,0.1998535309543283,0.26548564093420207,-0.5763539850273546,-0.963701798170768,1.0906379969830777,-0.8035255254966619,0.34940761228087036
-0.33582774832374707,3.991682036378184,-0.06008393942751171,1.7594335361145104,2.0083352964490557,1.8799494764101403,0.16034225546846567,1.2709085753409932,0.05430154267333695,0.10294456756480914,-0.5282758076488508,-0.4824244069012172,0.2638723356446524,-0.08290048484576958,1.0376586343444418
-3.263850226810814,1.346047406377266,0.5949289255273705,1.5280159183654174,1.9030749418132844,3.16630169039989,0.20459862023301117,0.10438624202704509,0.653223309874751,0.9692790098680923,-1.645638762767488,0.15942250466815872,0.3741464616767251,-0.8627545309049255,1.5654563802215313
-4.890920318869444,2.096872135405353,1.7962769756721626,1.312605016800779,1.5725226824821068,2.48436995547215,0.5564888280498476,-0.914976694551253,-0.3095716766336848,-0.3255704836278467,-0.12692488713932445,-0.6066454207169643,0.3594066246646169,-0.4990780624061137,1.1229410228777172
-2.6148508801681762,2.0522297832583876,-0.10304391361008133,2.576822829202436,0.13456858271663336,-1.9930447840595273,2.7479816124492222,-0.6771499931652036,0.32006959639756444,-0.07852550893899413,-0.77336559623727,-0.4549596480935137,0.13268203333451611,-0.253419434454753,0.6453774578567939
-3.2952769398147703,1.3794261536961137,0.0920754736327562,2.485160815150554,0.108066775990618,-1.9642824640178087,2.7315556284517952,-0.6259515928128085,0.3439613106929444,0.0667359047068187,-1.2473401084842795,-0.21814960495141653,0.08877416124825982,-0.6049071596093578,0.9026894615726826
-5.929407499881999,1.2050769441263893,1.7712072777509684,1.8954559924223493,-0.11670898770574333,-1.8505663628179918,2.8271501329602255,-0.6162569120544201,0.11048373840551481,-0.7033950588346417,-0.6218027408140685,-0.683256259045381,-0.0282602712730592,-0.893320723246572,0.5601399680540101
-3.558932875467146,1.3212828944877,0.09215758798279082,0.49206996588990004,2.4861497737498306,-0.41528929961777544,-1.0626196833035413,-0.8172769538040092,1.6483911072896904,0.11798205847023735,-0.6044551995047196,-0.43701216032661305,-0.15482722677407668,-0.4652171905468532,1.1200894673158333
-0.4082064475161449,4.673882055924887,-0.8715031771540871,-0.2342624387846137,-0.04888883505439154,2.630804513064822,0.5159834503867897,0.3885256973928539,0.24912583909961725,-0.13719903875727396,-1.4206515446417727,-0.6489767006843012,-0.2630043466098556,-0.1840257470792648,-0.34071648396203597
-4.798878146312169,0.2801948145508334,-0.7898694166147795,-0.3579181986713851,0.7597657210195676,-1.2743014103656873,-0.7926972480455523,-1.9982708301421284,-0.9292300234231602,-0.036999727843204905,-0.493854833327751,-1.1257246532792358,-0.17631983324326247,-0.6954629016133738,-0.3656084912412446
-3.070861226349551,2.247417786750996,-0.6413932321541039,-0.12823637326506643,0.5996855596451082,0.46531871266683994,-0.18147398322628025,-0.9592860308595565,-1.7896454742238062,0.3764698162984496,-0.4395958135239363,-0.8623744088368349,-0.3419734608597613,-0.634537023718635,-0.01821149975530424
3.102792887047213,10.908298597950845,-0.09874509587449717,-0.31632914139585006,-0.42843887262028446,-0.7334316168533839,1.3052852321692465,-1.6417682103448237,0.4048271958705189,-0.042197043045280054,2.2375709723311368,-1.7469522147478267,-1.1968982091053078,0.03434379924996739,-0.18920605018745448
-2.1244077351016886,4.777910538684529,0.37224392942846596,-0.014210066204958278,-0.30159094232398087,1.718932689908176,0.8552035494209352,-0.3580069228354714,0.160236318442604,-0.9289058756989762,-0.5507267453465012,-1.0900057557694411,-0.11946448065373969,-0.1372461856865945,-0.04153166483445126
-2.571149844790376,4.526387443972164,0.34394097398125667,0.11608291652646653,-0.5296716037827974,0.9968928901414356,1.3960391181828897,-1.1668391554222217,-0.9062910589938115,-0.16933280214728688,-0.49928620417581865,-0.8768347689984864,-0.1494408429274959,-0.6349461794254159,-0.14244174664265977
-1.5734098074665404,5.234574798072278,0.16070607849376295,-1.233211951207939,0.4681893233483195,0.8524670585329469,-0.518166534888992,-0.8403927973939125,1.3172659280912316,-0.6879464445416413,-0.8576948310131078,-0.8050041816347773,-0.4349979611833719,-0.5357707002374761,-0.11129487596392176
-1.548982794383624,0.19421967395868384,-4.510250977698067,1.9034721435650956,1.8605183353853383,-1.4066058882058183,-3.1468691644577684,1.1148964882674959,1.7348833893744093,1.1512558089940583,-0.8683375860866461,-0.265203389026959,-0.5232112973024937,-0.4656574598786425,-0.7523615145190967
-0.40247223656704484,6.119753662050652,-0.451364075253105,1.4422128219565225,0.1865103244694341,2.3927091886751954,-0.23306978699201736,0.3583644856758672,0.6263409962281515,1.0168733711771327,-0.8377602237155085,0.05270859873999133,-0.6977690731419739,-0.08550048832468722,0.23486646290193705
-3.6702500095017823,6.982399727180097,2.334646481263612,-1.3009759515719823,1.3665551218575551,-0.504712044064784,-2.250111215576053,-0.6862748923645382,-0.6583921500807418,0.8018776050251264,0.42407016031272377,-0.28221979604037456,-1.515502334338636,-0.6601022413666645,0.06702226184154862
-0.5287593018538468,5.409725955454812,-0.7541190581765473,1.8409992599843277,-0.07273341798786159,1.6439637082417904,-0.0004658021651655799,-0.15576183985799322,0.0682678937273488,0.8373453480243701,-0.2567111000905035,-0.009467781370357985,-1.009423147429549,-0.0497062909002368,0.23793194754449024
1.9676796274162909,4.966772822329071,-3.1893804945716457,2.3359561749181563,0.5339134758272099,0.9634539421360484,-0.822793288558007,1.052476843680844,-0.5892645940259977,1.2418063084308417,0.2598695404300442,-0.4628593361718246,-1.051277842264282,-0.329971019606048,-0.4716286571133644
-0.1089623241091311,5.701596378707829,-0.7360751784602498,0.6348988780352376,0.2305810819965733,0.2868447504499063,-0.8698073388379233,-1.2900500987770482,1.2526654313085988,0.37579816451667347,-1.3298944257628187,-0.18435922536821428,-0.3881943793777458,0.10034926558765975,-0.05717733335285731
-1.9351979056220234,3.114422945691537,-1.1945943105644543,2.0244817641583133,0.5219677444352682,-1.5990881460157014,-0.9732076177766438,1.9188978338697096,0.2893890471064169,0.4866698912163659,-1.2389279625417802,-0.015100753772268754,-0.6215910262713441,-0.6239327339208283,0.09395270765688991
0.1365169394148845,5.696215618486205,-0.6302853954592968,1.211664030214159,0.42861344477589347,-1.6198124553168578,-0.6815463461190067,1.8923438734030518,0.3724220970440299,0.8587435709033497,-1.9156603668873642,0.24011177124285837,-0.7209172411624629,-0.22503337143860644,0.26505681601156145
-2.8984567936408454,1.8403378874850909,-1.546470614042292,1.5958325972825227,1.1266123218727147,-1.0891304169517464,-1.8717063416297444,-1.2172913931769704,1.0065209224378953,1.1714367072805372,-0.3173600836262825,-0.0640642913664567,-0.8723462802897709,-0.5104666248265641,0.5335692289177191
1.9423118901776708,6.2927629532173865,-2.0625351730584844,3.5019173668741326,-1.015307807845639,-2.1125463031792515,1.5804060898008967,1.0750933683532145,0.9525616319619995,0.3982250932584471,-0.2954107888669363,-0.4993720722564556,-0.557807377906906,0.34925868438266494,0.0581094284921178
-4.45144071427512,0.6903708035695685,-1.6140221591474317,3.300169728511042,-0.12769603035872917,0.4907599069211851,-0.01014554349470245,-0.014956517695598142,0.7068337016393048,0.44906263158917153,0.32517171582235754,-0.6854456049042509,-0.4374919450692425,-0.436293064192036,-0.23854259335610178
-5.1163752595005985,-0.5343340084743061,-2.5659881121140384,1.4515933327382744,1.665724531502817,-0.4417089816705373,-3.076712685982628,-0.9001669685388205,1.7721450370352418,0.5512736887430191,0.17752413880713128,-0.7631892796166004,-0.3162612131010692,-0.70004570099651,-0.6286390292809902
0.577250197777976,3.256472232452197,-4.095570554537383,3.6484701217688755,0.03365241329412859,0.3260259472644489,0.036683234438965366,0.18931274217778787,0.9896054131487052,0.8688870162418832,0.306521444782935,-0.3091221815179631,-0.6988064843947832,0.6363254976059032,-0.41341875622465035
2.635923182464482,3.9158326782651645,-5.06880746555605,3.2328935203967575,0.5850572894772367,-1.706842987231011,-0.9130727910831326,-1.181840492078947,0.6402345497650327,1.3485869217987783,0.31720781635753487,-0.30507554913194973,-0.6059785084891905,-0.19681131806371502,-0.4179385761890391
2.8730320389328132,2.4360608032045725,-6.2758733608188715,3.9404535205624525,1.016420637590267,-1.9578560378711105,-1.2395153497491305,-0.18077064792179529,0.09228600087399404,1.8421113698037785,-0.39744047802269045,0.3396222816388842,-0.6012064863363539,-0.054582755886659395,-0.08526897562693801
3.0602842903354484,2.4537161449630065,-6.260053084040698,4.05538616682718,1.31447789501895,0.041932255470357505,-1.5863824069342718,0.9921163488096633,-0.5068185525715552,1.8338232102430663,-0.38186507272533704,0.192951237517504,-0.353704079462541,-0.40324737549349027,-0.2307282743145324
5.736580640793201,-3.013556469507246,-2.5933256757900986,1.065295257988377,-0.9929847234515563,1.5494239473446152,0.20007277148533997,-0.32217266841547076,-0.03784182630422154,0.12059193075447108,-1.257457450922596,-0.36672017207638596,0.5967841444903637,0.5907189576139741,0.09361166045970408
1.5301324529375453,-4.730197716393636,-1.531249464441013,0.8285717187072303,0.0036721681065055686,4.496951555339826,-1.080676950148415,1.1612030439241154,1.2683059400051933,-0.7483378696750044,-0.7257394673167841,-0.4398970659943959,0.915449395808069,0.30562347655450667,-0.25573706197255675
5.747909510984785,0.6788385537962542,-0.7350675974814089,-1.4521281262537389,-0.39212820082382,-0.42549979288283285,-0.6655788626953915,-0.8064028165796332,-1.4741827647117762,0.21474580973012003,-1.4881556192668064,-0.3070013456961873,0.735423623548074,0.5285469177174994,-0.4524064579654733
5.596742949104612,0.4224697749023721,-0.8054345593731902,-2.517362373808111,0.7918237648436091,-1.388316184713646,-2.731191725347008,-1.0482501645605113,0.433686185240732,-0.05295911474968474,-1.6661676662540827,-0.3050313206437559,0.7247770394654434,0.08806861464186763,-0.16504103375487597
0.0291412705072233,-3.7620176767503173,0.27966470084576345,-0.38765121656100904,-1.1632666543796,0.7624656897930134,0.26415027390087176,-0.32871465863045396,0.854298795208181,-0.33708034884074656,-0.5932701417610852,-0.37782904696080394,-0.2077377462917104,-0.0613979222947749,-0.24359446527215464
3.4240463649101587,-4.1512453040989055,-3.41773339021694,2.6093492126235724,-2.1500402450821974,-2.1137186464840827,1.7711310259529802,-1.031565194591418,-0.18960322458486603,-1.6220257388690826,1.4148258472767092,-1.7235903310343668,0.5426632923346789,0.04017059302741415,-1.119093631267743
-0.44614388412458617,-5.933294375453287,-1.5086444262579504,0.7302753754250764,-0.06806000586732858,-1.4637184618034667,-1.477521450327455,1.8329494241615962,0.8987660497891397,-0.9605436459368303,0.8831671612209387,-1.4541482407268222,0.14358139417036378,-0.3706144473402127,-0.3037426888374523
5.27852120249772,-2.7275527635994465,-4.19464276299097,1.8526621205052987,-0.6428989682022099,-0.38876448849310286,-0.5264747336264067,-1.5744408048944434,0.5839202035585018,-2.1949768054202914,1.5017456452441538,-1.9193857812033785,1.2692399460367871,0.7644449825975772,-0.9761264697884137
1.163379702050525,-4.5594122259803935,-0.8433119269898957,-2.4194758049771954,1.6631772199849422,-0.7955662418637788,-3.9146412815650766,-2.2327203388895223,-0.14541098448420958,0.39218179615833637,-0.6274819114467431,-0.21708764652274762,0.05408665351839749,-0.1502900664475448,0.0015184400019758585
0.24901671920531898,-4.787505188038732,-0.5002787913742401,0.19810116656746105,-1.4635778198456848,0.5747727502273591,0.7920045676650388,-0.3586581061329144,0.39724862344731454,0.36071333474754197,-0.595198597025002,-0.2817262292770095,-0.41098951750857976,-0.07680122139333334,-0.11536107971646757
1.0457468933291028,-3.7845307936186328,-0.10453305095332525,-0.08989013191006344,-1.1936584422711152,1.7605755351215746,0.44766390188946903,0.09086855675919334,-0.13957282902496032,-0.1297006590205004,-0.9761974057118238,-0.2772479118758254,0.02844008423307525,0.05898891890506486,-0.2409166749648448
1.615082489230388,-0.9442101307914921,1.185553041377407,-2.4206228463684787,-0.16645818876075097,-1.2506533585444721,-1.485471316004373,0.44988642655499433,-0.02491473863115429,-1.1928730842599526,-0.5124285174665472,-0.904753233230575,-0.13682947851546923,0.5831542634903587,-0.5999618659868977
-0.3781414970443852,-5.21096877593764,0.05327191756683931,-0.2758321306397431,-0.04339350409601549,4.181908323619241,-1.1739838971589887,1.4576839334128784,0.8513604090117789,0.16593801101613853,-0.2465122760430619,-0.46885905860940036,-0.2540709595402498,-0.043113424870078826,0.23686388215652085
-0.6974097269849501,-3.6512706607594336,-1.4695676773200743,-0.5799094934659366,0.00732574054364349,1.0627101218148285,0.31068082695051996,0.6524685111371492,1.4572125447424904,-0.15652475852780784,0.7130751739644495,-0.8069043942439832,-0.9955330946943144,-0.770117346857564,0.22124475633960214
3.7317814338693265,2.355926025608649,-0.15992037149918095,-3.00485050225561,0.4334999982098518,-0.1909571711805014,-0.5444455820656883,0.6518923820351484,1.5631476206667494,-1.0267399934498687,-1.192249013082002,-0.8235276356109674,-0.020360570115442473,-0.1741793017485176,0.07317370301249687
-2.0996793417817186,5.659027000442644,1.5333148410801016,0.5480446433543518,0.010832712614256081,-0.022097448224461025,-0.19516609475301938,2.689189601066959,-0.7166771667377029,1.6149038395478368,-2.029608256214901,0.3370776299395804,-1.1964418855442187,-2.0859345351118344,0.5427499292121155
0.9721168035632246,6.076346176668551,-0.3478979891802756,0.9504735071656246,0.057350656597393856,2.506219414909913,-0.29703325873740155,-0.704429867823484,-0.08661986223908626,1.7057031641497582,-1.7606224312645167,0.3031235378119669,-0.634434666583273,-1.0440127712265574,0.18300971370204108
0.9542804544785648,6.088058997164396,-0.3066618898473719,1.1630590017606695,-0.21307854766202178,0.8869925252107603,0.2149557904676462,-0.5070829001572836,-1.144699461959479,1.8786540343284106,-1.8167386510815868,0.31674818704495633,-0.6716075612887277,-1.099665453062374,0.14674115811695845
0.48488590840897605,5.541008157814372,-0.5199664021976897,1.3912053718201856,-0.1867348938790555,0.8728068521549498,0.16069119049310768,-0.5350813099059955,-1.1899579042193438,1.6152695721696047,-1.418078909846801,0.14503603079804434,-0.7268800348424156,-1.0786829036486973,0.07281228191818238
2.445546816639285,7.833066577419067,-0.33184040763383243,0.8367551799364193,0.03809734315156835,-0.1930465834244981,-0.09374222969371039,0.3311218824854507,-1.3537966429835993,1.488792498680909,-1.4455806663890092,-0.08016009377820082,-0.626406967262847,-0.6111714233698664,-0.15415818258135738
0.9989014759135794,4.046494870935313,-2.6492159973042257,2.4685098226514306,-0.24149754317715066,-0.7483937126113611,-0.02874242730035928,-1.2829658661187995,0.8213064936200968,1.089957100941527,-1.1592714351692368,-0.18874092140587026,-0.2879045986922821,-0.9494238824594696,-0.09569463764714616
-0.7682450125379243,3.1400193422118847,-1.9331124500630001,1.4328164579525575,0.9341737798280065,-1.231286970726385,-1.84620424948176,-0.30740201456201466,-0.5082488429886824,1.1477072158593522,-1.2335053756252463,-0.24216551201899958,-0.1011563743203077,-1.4872587986981212,-0.256566443052842
1.6683152635433967,6.674967178676437,-1.2718322600534993,0.5484656284373947,0.7778731444896793,-1.2480566363720305,-1.5190629243725942,-0.4963424927172013,-0.5895464943677526,0.8187283775133968,-1.4508584049648579,-0.4420249404787126,0.11124196517407016,-0.7055564606231398,-0.5468327852789175
1.9005895458908326,6.970186184307286,-1.4293049023298054,0.685547671812335,0.7733331133617923,-1.2582361870418457,-1.5506616569161658,-0.5860117617072431,-0.6776011162225464,0.39475508635627143,-0.9569207240660114,-0.7144426746958253,0.20293142444148846,-0.40678493431065915,-0.8293772298022283
1.5308945628817259,6.139963917707301,-1.566945631195802,1.0071021520405865,0.7519161333376506,-0.40653896415469987,-1.357104918396512,0.10787551261523226,-0.9991636566770377,0.6794746063936866,-1.7309142100312906,-0.32032430051465427,0.35685563988747177,-0.4080352321804929,-0.5556613147311941
-1.6841703276538327,3.5922410041556665,-0.9185904906700771,1.4795906349398327,0.48873904394397816,-1.0548263970174931,-1.0449773355337872,0.9249162920172448,-0.8254146864147482,0.9516098160303127,-1.2797766346011377,-0.3176111448896385,-0.24737944194162234,-1.2895934244500797,-0.25956105912720007
-1.8035150980583052,1.5633002113883976,-1.6762600780065473,1.6381482925494097,-1.9011019712951627,0.6520954121916032,-3.4542883170379293,0.31464484209804644,-1.0479705172049578,0.883003972802827,1.864305744150001,1.2555171458944039,0.19594033491844118,-0.6624159911143809,-0.6131293115609449
-4.70920901456119,0.8125475641925559,0.13498184927244783,0.439149370385334,-1.917324398406678,-0.5992352416474971,-3.9075754585469284,0.48491944132661025,-0.7929546019222854,0.5682484889268397,1.5321250661345531,0.8884204639773469,0.3310406398173165,-1.3999886882780448,-0.7475978460008889
-3.1966044076535223,4.225506802181572,-0.21563154389712022,1.537620424965268,-0.5437022421012226,1.0046873706172808,-0.061085851935237884,0.3951689069130257,-1.3877841921900396,-0.7827484569460122,1.0438335499201044,-1.961125088574473,-0.05705743807988252,-0.4143339372505393,-1.8210655713202564
-1.0730119689363595,2.725381416180156,-2.303786549249727,1.926972548591786,0.13862449221128775,0.9417481769251036,-0.985272341943658,0.4515006376519837,1.6855621208412477,0.1974663330605395,0.13986999746487971,-0.9683900599355216,-0.9775738783139188,-0.6200585588338228,-0.6597313511084563
-3.1918590198819605,1.7725252452045308,-0.960065877596763,0.9331118680193414,-0.08930072931682495,1.0436771217798932,-0.7371410125786781,-1.192869245410879,1.2056163206164177,1.161634373729619,-0.842065631445893,-0.7053859508773453,-0.7764642814608896,-1.3544926334456895,-0.5954332979140766
-3.191831573399705,1.7724858073988194,-0.9600792152213866,0.9330392386734949,-0.08934116558008717,1.0436820815078496,-0.7371250003396654,-1.1928626588770384,1.2055988423590496,1.1616107455880906,-0.8420653477087539,-0.7054292116591564,-0.7764747265499817,-1.3544813434427,-0.5953717243249257
-4.736409531886479,-1.0581999464212903,-2.662555833280442,1.7741092330449195,0.9586144650550436,0.9840063445623498,-2.2293338511945504,-2.222559366944823,1.5321078321217894,0.5774772893367532,0.11652839703548813,-0.8199888652806057,-0.28245518395260044,-1.3556581184909284,-0.8430853403316112
-2.6801501220550508,1.3263530620379953,-2.5001525136385925,2.237061907736155,0.3631277885941356,-1.6472881124881302,-0.9715076272054785,-0.3746212393224614,-0.42775017849483193,0.5428581915263178,0.010519932123363326,-0.8377079478733901,-0.37699457141505555,-1.1370589539031795,-1.0380827146311034
-2.743435384067081,1.3031078581578768,-2.594750998604712,1.604194023152558,0.8807718443763086,-0.8296556683612784,-1.9400078642876475,-1.3672622589910601,0.9855784466231662,0.40606041254700337,0.15483033528383477,-0.8242502642848876,-0.4893187516958889,-1.0038050897290303,-0.8625405640547594
-4.988412235125672,0.882218636915894,-1.2619136585509432,1.8985561409276552,0.12781160031631664,-1.5541142653784492,-1.0068515772267863,-0.42076193657634475,-0.6473048157817212,-0.3272243303938985,0.3363894381627499,-1.3864906483349708,-0.03787556080508524,-1.3825008782196326,-1.2259196626109863
-3.960399910976343,1.3507234577524585,-1.4674966079205183,1.0174400665788963,1.2898643727071906,-0.9744239274501052,-2.5802604186774514,0.7763035600295687,-0.24216651502743824,0.13051557098841518,-0.2424625614500349,-1.1000277998844326,-0.1632920093812666,-1.477122443025217,-0.9455062085031526
-2.599198319074831,1.9007509945792365,-2.0645758601203967,1.4794404752545836,1.227196056527942,-0.5891594149852736,-2.356620441300016,2.3696209151718812,0.048262733441716776,-0.19147088630054462,-0.4985588499891104,-1.1082750320655277,-0.0975567009036059,-1.0913243751323973,-1.157184047940402
0.3314893716251051,6.542484435382661,-0.9400627805134639,1.0580148402150735,-0.17804267993615508,-0.16533767497374813,-0.3729289150516665,-1.672976483484708,0.7373049862495564,0.15868327530475276,0.9029917079976979,-0.839740371263927,-1.2435898923094715,-0.6392201054838377,-0.7034549943265892
-5.835259366808762,0.1016075563095508,-0.816963337051577,1.448454502370649,-0.08607052307425225,-1.2855299264313251,-0.7826389990971212,0.7285509302460882,0.7572437771759382,0.7797561735608127,-0.04176721915421745,-1.0045211594147598,-1.0657392138143067,-1.8085378637929428,-0.8204585220542314
0.9519905281928197,4.889563795467337,-2.562306982449162,1.8305687004730247,-0.5342687523429167,-0.6009732918755343,0.04152063488293897,0.586499842762342,1.1421416656744934,0.02961389274620482,-1.0371496826379967,-0.620087829235891,-0.4573060804941647,-0.642873067808254,-1.199783131537922
-3.3420213504734857,-3.0593996096374423,0.21309374287588626,-1.42592980165692,-1.2957451509354474,-1.2279817390599754,-0.06392457763347628,0.5834112081904628,0.26925398145408375,0.1561987460985351,-0.025917718367347655,0.2395585719611452,-1.6530914052796626,0.5044700267100733,0.8924695417155185
2.874979064286474,0.6651260245772355,-1.9276176023947262,-0.4612309375224645,0.30809822123646774,-1.7094708389793356,0.5229593234799897,-0.768806759667769,-0.6923072505726008,-0.13354239422458555,0.8419631580821187,-0.6610659411453645,-0.07775016604025686,-0.1884548372073591,0.30202834853405425
2.902452294344047,0.5042127529592123,-2.3838239539406865,-0.8299620064095509,0.665100209296344,-1.4630221878639864,-0.23238442425094824,0.5922664721196786,0.6116624226993059,-0.4811138910161207,0.6423506144044432,-0.9096915959149259,-0.0546742074152738,-0.23494621942030133,-0.031305450246186375
3.357849859894624,2.2790428780944083,-0.7547474256608963,-0.9888396273138103,-0.5985113454952028,-0.6104210206472527,1.5473576518277696,-0.147842435948399,0.768839745794477,-0.30704642237911506,-0.12161055863561418,-0.5273741102217268,-0.1708382324779601,-0.16233063713811863,0.25384302490453897
1.6417236730249705,-2.0014631685847255,-2.787001900173156,0.4134148746608516,0.03968339383297514,0.775059130213816,1.179629609171503,-0.7059631886053576,-1.3258574071842597,1.0789737115941662,0.4747037235074627,-0.33224918716096574,-0.09821757611984942,-0.4090476998598776,0.3293187664930167
3.756300391359161,-1.560900797861389,-4.325268132963778,-0.4331592059330307,1.2141168584386703,-0.5383816868367132,-0.9804461089917467,-2.022650705862281,1.2046806285872298,0.5541419357112727,0.7411139903598571,-0.41445274566630497,-0.21828778471701624,-0.22976549639302798,0.2377621077774666
-2.3174609904157664,-4.357691416626026,-1.4430205010223696,-0.3289862195656761,0.39088507109749554,-0.783079987714422,0.13672500623971903,-1.471598380680663,0.5476797421191296,0.0484044488607466,0.6556988886141186,-0.5566129802230637,-0.26164786623347863,-0.7556492654802999,0.4074104986437199
-2.03419343743817,-3.26893690501424,0.04741029474786591,0.38532136869457845,0.09165187096418485,0.9232735960609562,1.029662561534115,1.8467845672999716,-0.7287856057711779,0.48566028522523247,0.4744273102187281,-0.47482750070957164,-0.43806983457481796,-0.9907829608641222,1.2048173702788267
0.8501755794277739,-2.1622245537210896,-0.8838319192725885,-0.6779101511457122,0.9585103990425551,0.8631477857730095,-0.4367538067448085,1.9423144355147437,-0.5888636326330775,-0.020174456735408363,-0.9075661572707572,-0.2686034968860454,0.12714492531539853,-0.6126507991231906,0.733125342246273
3.351516746492484,2.456925495850906,0.12750724015062437,-1.7729588150974023,0.789801346215327,-1.228722286747612,-0.19273926195779037,-0.8024871587899901,-1.008914073712904,0.00048782595309662934,0.13549386768690133,-0.4022186369203738,-0.1787680226220481,-0.4122730456693987,1.115559901296958
0.8692943400431403,0.7530715027671471,0.13319746858671672,-2.066653306080457,-0.977106452683721,0.5305947035087415,-0.2827496828704677,1.2510916915259442,-1.3731674044577482,0.23084883082067173,-1.049446439584365,0.2692559976576447,-0.7146198697133664,0.6165370266037307,0.565165247238269
2.2282219297642905,0.9261105062972622,-0.1373545532524273,-2.014394720183121,0.9699304002600038,1.2009354093050382,-0.5177615575638149,-0.11379723386052959,-0.9651078926263823,-0.18781390759125255,-0.651185599815018,-0.38820108000976966,0.36228816992255874,0.07621442292758063,0.3305037489923612
0.11676678642856278,-1.9306884129599762,0.06582008363438459,-0.5871605244405542,-0.018247927358766784,-0.04553440264784583,0.6696551086567586,-0.7203496327045353,0.8248827521333265,-0.5813300960380535,-0.3801381275916931,-0.6193778617347432,1.1694228854194117e-05,-0.7381172820652493,1.0136342333382913
-1.5002098627646616,-2.251404074781089,1.2313650701049754,-0.41161709639957694,-0.4828198028217696,0.9057375926637578,1.7902449556676803,-1.2855078578815267,-0.7408816058693841,1.021723771016487,-0.6857940255823303,-0.19695435727148103,0.10036614895784252,-1.007935174271184,1.4854510530380125
0.6287678623175925,-0.7211368686278427,0.4861446723261591,-1.3191790699711083,0.6466392868671463,-1.3631391145285268,-0.19174950681739839,0.21603050298626253,0.5094434768588946,0.2595169822175572,-0.6089023722036181,-0.2557302930791714,-0.2876053622288275,-1.0791752668191208,1.515069004156938
1.0353674613564798,0.5826294202962565,0.7190079839967765,-1.2640282652454506,-0.15249877230051936,-0.07660238006286182,0.8861456014511756,-1.3810728582404246,0.6763395475299644,-0.4622719536628836,-0.11864514844806782,-0.6186145390567778,0.041707256275862005,-0.2915288319770553,0.9437051400785973
-1.2338981440128616,-2.4120039953847043,1.853506473548645,0.8545143129207317,1.3378660882658835,-1.2382202920068326,-0.18564811811530052,0.36390760898286006,-0.8035304703022375,0.8841729462752587,-0.11696855195349468,1.0578672399748572,-0.2899758548421932,0.4633278706441858,0.16181340321190393
0.7311471173402159,-3.0236241386464777,-0.34363174576110156,1.3963343496764973,1.9156621154058642,-1.4361604950261526,-1.1158498183306278,0.564935272357891,-0.08176722192132863,0.336091598665004,-0.018332428344040315,0.7456813040634118,0.21074480431500922,1.1974101579898042,-0.45419998235176107
3.438289055410134,-1.6871364308211192,1.9894203743756071,0.8510810968504571,-2.887115456568886,-1.727342407217633,-2.491689063454836,0.4069954873413343,-0.26986261360131947,0.553483137867537,-0.5332671864412456,0.8868996143435989,-0.3108747688283279,0.2128586141475522,-0.6639497017794648
5.165153139566191,1.6154833725747917,3.4051955269056045,0.03418716509500802,-2.391209180037985,-1.6070445199807533,-3.1672723705456636,-0.020886820590874006,-0.007290553631406268,0.6203056073050317,-0.3666329085687754,1.1417104386429349,-0.35226031314072853,0.43264704649945585,0.09935764904534448
2.8271781167533008,-0.08623975405607462,3.7079180372589877,0.9552863063888907,-3.455395958899063,1.4628722484720058,-1.7081171447560992,0.5223709555126307,0.6593493806045926,0.18857540186206279,0.3773792797459087,0.7008508937396113,-0.5855129084278301,0.3533204375631645,-0.3165519048255669
1.5086577850883613,-3.634695347761216,2.4258391839481956,1.9104647677640516,-2.739306333955036,-0.3390007547502816,-2.293405102402061,-0.6333445760369627,-1.7985942059338986,1.1143012097467262,0.15261631827235386,1.1074704175412324,-0.15172922892853555,0.06194262810424436,-0.10528905301517989
1.6154412132394163,-3.470222016774127,2.4307630159881612,2.132092869007891,-3.085857648369253,1.5754348423634388,-2.017054586710758,0.3343912134596643,0.12333667470944944,0.6073765224757387,-0.05794296750966622,1.0052412773441364,-0.1499389884288221,0.14272479954100475,-0.16469901594467534
3.8801590645658175,1.1819156240229423,4.339886871379867,0.6770978709475834,-3.4345884535194156,1.6241860310617722,-1.6424839151389174,0.2699983986073396,0.06291690619944483,0.4651875968498932,-0.504957684431886,0.9947357722495166,-0.14470636378522897,0.021144460972512266,0.02208979408407397
3.284218153274275,0.6078744120200898,4.299321488856244,0.5771287826180878,-3.6592557456760066,-0.6919853283151141,-1.5097343023955223,-0.06276604109434396,0.874537002237182,0.36388137523936737,-0.7253574843492666,1.1164629266541257,-0.41459253699928544,-0.09284107765155868,0.10812510661939574
4.659681195868842,1.4210670870141444,3.975999291468943,0.6150844758870372,-2.981069172191723,-0.31583678187364095,-1.9546012317637933,0.163582243492751,-1.523963212310677,1.1400179303909705,-0.7099916699005178,1.3342039195070816,-0.14400238285366881,0.37834496436245574,0.2962804823914327
5.465207037251636,2.4828135643578073,3.905568494610027,0.7465998106737151,-3.7237308409185204,0.3833554161453604,-1.173304770791522,-0.9008789568198367,0.35557029456776285,0.4831035706556484,-0.23203894081506923,1.0807745180159438,-0.3583618985326925,0.8149804432849781,0.12491609851966674
5.912595171518281,2.664173769083459,3.6977996109892275,0.4487216978557634,-3.3896366381247147,0.5611511843435683,-1.8313551094478562,0.2456562285294304,1.2964936848878434,0.43531572474540997,-0.8006531991588267,1.0904904770305315,-0.19393538168386693,0.459564714424834,0.14617437596644495
5.699072307103001,1.8968334775385434,3.137655659642881,0.6831127847216515,-3.649278136438674,-0.776862284290396,-1.4779977496051269,-0.08409052944837016,0.9283925596806982,0.5311616125609818,-0.24924295594057025,1.0194056315891427,-0.6913222927563958,0.3973695944902274,-0.11780832176548711
6.056986962929224,2.7956876250207876,3.479038470943116,0.8547203134211395,-3.600199010040324,-0.7743218684334655,-1.5468152329879348,0.9195669605926611,1.220557274206479,-0.06364063029627653,-0.34697665862576343,0.7777926489994736,-0.22601881410740401,0.5259144551354772,-0.13367596346378485
5.268970162207947,1.3712507670849876,3.3156914998764044,1.051013616449141,-3.335509352490956,1.3720770447575794,-1.6824933157893929,0.0033440917821398893,0.7209351671053881,0.9404990843658083,-0.5879564267267005,1.3159815195473121,-0.3270890290772391,0.2850088804009405,0.38014592395864194
6.002027782915277,3.4956458513995017,4.3312592638799465,0.18152361971080364,-3.103530589996206,-0.3514811139604923,-1.7936162927087929,-0.5626610653173396,-1.7387725975868509,1.1205112799600099,-0.24571782349972796,1.1178693470818715,-0.16457835524203882,0.4735682235426648,0.1352394628025478
5.583399160436081,1.3875998543273065,2.865819249758269,1.280712500040933,-3.4717107449492333,-0.7793986345649977,-1.6638640485665501,0.9779836236393926,1.2819356143385574,0.2335561519499567,-0.6567860687382369,1.0677506099899703,-0.2529050876296741,0.12163870830517026,0.047637163886231335
5.58759850068783,2.806389590869697,3.8408819502790785,-0.2841798529329326,-2.4809210392947874,-1.6023614085526523,-3.070543891774701,-0.09281004756983059,-0.07273609359872284,0.3216758252042117,-0.2062367427475214,0.8653536698324366,-0.1868367798139266,0.6930123501204963,-0.07221554810804809
1.6961880118577595,-2.171284317705098,3.0166528253392557,1.4061285636799623,-3.71272526090971,0.8121079794273426,-1.3699907302874017,0.8548880797692644,-0.23675624472255566,0.2763879705856219,-0.08094474261297033,0.9935719131798241,-0.6774697794221808,0.015141089147043551,-0.48172601202490717
2.594834352931745,-1.6520034987989514,2.5662688215067613,1.7145367546157615,-3.6031151760195783,0.7378400709958173,-1.3898554152091598,0.847065498443683,-0.2015676287904602,0.25891311728904365,0.7112580267733549,0.8824969355862725,-0.9928287400362131,0.3756143473944564,-0.5158821533886065
6.447622491144189,2.6653725496101983,2.557436620399477,0.5977243616051782,-2.6594504885646275,0.13700673441172176,-2.6095014655294677,0.341345790163069,-1.331577198655303,-0.05042388611784616,1.568232430130905,0.18181665738626934,-0.51784276548465,1.1524144930904923,-0.9621136910556528
4.15511630887803,-0.9393539101199533,1.8985045574144042,1.0566645701802047,-2.7336862370492305,3.0034448262952216,-2.816173248343813,-1.0027095286539804,1.3126549481792618,0.41093206513468084,0.8016713924386974,0.8447579666384964,-0.6599237582037768,0.43042156077442095,-0.3570911128323965
4.404506979225885,0.27485704685878015,2.5128517031681428,0.5659494624525825,-2.994475340151659,-1.717507327227744,-2.45584422619851,0.8670823782290719,-0.201522521336673,0.10910310470495556,-0.23265977779458383,0.7866313860609069,-0.36228764212872894,0.4908055554811455,-0.6965386485422621
4.245436585529486,-0.3843398584353583,2.1702425474202496,0.7282651841463312,-3.1226108394844014,-1.5351250497150266,-2.3363352815990495,0.011266865251616904,0.5300941855203914,0.3514718256687264,-0.2252415949908938,0.9988304377354077,-0.6130524319240972,0.4447451290978402,-0.46420353629077216
3.155021875065359,-0.25563631831227,3.316850955297263,0.7282612039893435,-2.891991855997546,3.1000129923961444,-2.427514571055909,-0.26869729280697124,0.12248284669924527,0.05903336495546302,0.0386701118771389,0.7968390385039731,0.011244825167944996,0.49141284685250025,-0.4775886322813856
3.061276885957707,-2.4689849750305335,1.342131398719027,1.7554108918431177,-2.682778336836301,-1.7585140041345522,-2.7472427039827667,1.1505477591731132,-0.14606726475167064,-0.27089126182164963,0.43639697897371066,0.6845763065515805,-0.36523360435065905,0.5981853019899988,-0.8445394129339265
4.213257691721234,-1.4046708488796655,1.6940909144484446,1.410942608671498,-2.862734289802649,-0.3519650891171058,-2.1087819364204954,-0.6094158174364778,-1.8058523229038477,0.9847097800029869,-0.1984965746180661,1.1697587601402164,-0.1799954668930727,0.4724877036062595,-0.5454283720043359
1.0291528479871892,-3.525178964897517,2.444281404801026,1.2692457180899726,-2.782825095770206,-1.6917881416740872,-2.6827153950820666,1.4066265729993859,-0.0024791518264774296,0.48845254694251555,-0.23577419971964905,0.8475540331356288,-0.46282617498578255,-0.2301093379497877,-0.34901457105775896
1.3487636124305926,-0.3684467231191182,4.364224201337628,-0.02552551458640221,-3.444377065041599,-0.09960987585942499,-2.104427715735502,-0.1084781518154788,0.9621211917736064,-0.6477203284308446,0.07582611211824107,0.3826620353677809,-0.340924609980341,0.24986986390478877,-0.7926639941693093
3.8004447161847366,-1.264560073245267,1.959862308412962,0.9071688074820133,-2.664284297849092,-1.2276955408215136,-2.6771357439732952,-0.6134347612063155,-1.4808984584960951,0.491114122927427,-0.10412908314456526,0.8752341222247657,-0.07894729902247079,0.3046038824833755,-0.7453019804171824
3.4672285728668797,-0.0018016565426394004,3.126189139528464,1.8827986313840006,-4.582973617570597,-2.0260700524622437,0.004019646664641164,0.5664451582728396,0.4291970531427512,-0.038022692581006774,0.2873282222523504,0.6471335771738002,-0.6388336497756387,-0.11555834849589117,-0.6537977835048503
2.755665200522118,0.1793174484532089,3.644873313766314,0.45446322686119567,-3.743994338419847,-0.6987826200454894,-1.4384281265282808,-0.39894563411449596,0.6538876399400957,-0.01418327335916481,0.23275691535986764,0.7928302685088118,-0.856486885315151,0.28322040683197425,-0.5765739910833472
3.296922829821488,-0.05113011965940174,3.245171452909991,1.8309042526381836,-4.60154163942783,-2.020686424738959,0.008152699925449813,0.5739443385374547,0.4259212939990256,-0.05402650710082397,0.27019873520156845,0.6542412610287811,-0.6690864333895644,-0.15943520694310728,-0.6094465669428247
3.1106890040913924,-1.1214121360191263,2.4688128446243254,0.942059937266116,-2.963426813812353,0.8195720831514374,-2.548114001607663,-0.6772577007205839,1.2393911373008761,-0.004880644076611343,0.29037206980474906,0.7378067508860173,-0.37367964792534886,0.33209694802459105,-0.3825229539986255
3.831734406616676,0.7948353731021988,3.2526700357131,0.08170355562084541,-3.017342410909556,0.20046952187722464,-2.643520210130507,-0.6667874129876858,1.2000037878902519,-0.5849642944439334,0.04407133779882529,0.4623797945036731,-0.07753441169668371,0.665314862871259,-0.6438112454431658
2.6250538905985006,-2.177366978123089,2.081230859807823,1.0524885932808512,-2.742889564546168,0.16518413996704714,-2.90258395582764,-0.49545560619706325,1.339182805482311,0.014377323362535355,0.16909769467833002,0.9063708220576885,-0.5109223569902778,0.03093187584437525,-0.3378458513394453
-3.3182349135787574,-3.5936898214607504,0.7542478163244521,-1.8479068620525656,0.9183210332108048,-0.8493804564413808,-0.20612856311968383,0.054753099092627815,0.9770702189001145,0.04964619297453436,0.2620262418088872,-0.4373017039505163,-0.3003554463602296,-0.939253910619951,0.8618859595917356
1.9917740469992733,-0.8250295190264556,-0.9987813483133114,-0.1989101296721771,-0.38891698073933667,0.5706027323093704,1.789039760057427,-0.1225066639482584,0.3556335746000014,-0.8508091539610793,0.3031856050209448,-0.6916794928030402,0.2034335077428932,0.06285738534537708,0.3065534386098812
1.1718779451687094,-1.303904804239808,1.1875217240168083,-0.284102306446289,0.46108496327126347,1.7571282010173124,1.2189368381162955,-1.046529984537993,-0.8684642410394164,-0.05667743192526447,-0.8961711311380124,-0.35947259498339823,0.42239373478562436,0.0424438253284241,0.1396705615849524
4.53112531481577,1.4445086558421483,3.436269814589358,-0.8377788920146608,1.2833514464221203,-1.4686735686324435,1.12427824160923,0.2982772046585007,1.1346065230035043,0.513813139137425,-2.8827750564248307,0.9232714704712728,0.42366507504472145,0.01734350667539399,-0.3955408737405828
4.592601124912966,1.0242475706608103,2.8381104331590947,0.23022252961982478,0.8062873786025543,0.43870913955715496,1.9865385855278683,-0.15792580420299168,0.9854590277588599,0.11609744597769946,-1.9390447756796638,0.7125581202545209,0.40273395130716483,0.6696032144251008,-0.7020643278596186
2.383175238712728,-2.2549314641020954,2.5078408702910506,-0.11809788971440861,3.108476108595949,-0.14685267447846043,-1.116347163474286,-0.7742037873430611,-0.3597834254586545,0.4090662435259799,-1.098282629837472,0.4294562058196609,0.7072029155272833,0.42895777194609186,-0.1270118686908359
0.4192383826523381,-3.857063624490133,2.9874801560251,0.9479990669188691,2.311351986054778,0.12772965891345742,0.3451761174208888,-0.8154464935090966,-1.0217636412897633,1.0924666383896013,-0.7803612142381355,0.5889264072757344,0.38292074154275474,0.2239797119614088,0.24023572710497115
4.294721445430277,-0.10824248317381958,1.8351554194029207,0.5978072949861611,2.4980499464653274,1.9412368359112457,-0.025344844344612073,0.29932281713767195,-0.012151241737685932,0.29128427221096675,0.8519873942621765,0.12305267345016278,-0.36199274653917457,0.9689558407570079,-0.552820357083616
5.17631102721536,0.18512427260798459,1.4313558046041852,1.3427733600800706,1.6209829468335746,1.4588654714912968,1.1729928269011949,0.4375736415566678,0.06742259441962885,0.3186415421316056,0.6393874879601208,-0.016953684778524724,-0.20672630691437488,0.6425998307594153,-0.6507592344859683
5.507212440863647,1.2295522255228368,2.294962760515365,-0.6064303598161321,1.9146869177682322,-1.5764162766133734,0.15608854955740034,-0.04283861469347271,0.9349915778246088,0.16351964859276852,-1.097770263278705,0.37088310051609097,-0.07940447616060942,0.6024461085265148,-0.6634969146468417
4.186645339481269,-0.05868355500035632,2.2344498292365755,0.6541570210652145,1.7247391119802,2.277748592378329,1.0060548701736822,0.6862682992939039,0.5927096574938505,0.2857479165892468,-0.6786232664494646,0.6603241706629625,-0.15098478951324423,1.3891210544674224,-0.23265629332469503
1.4712186753361585,-3.697627688629214,1.8192283981225406,1.0406178842865803,1.8384629191939854,2.2785818703409877,0.8952400468608506,-0.30405309020794824,0.43877518713173363,1.6513657916010118,-0.8221237261949883,1.0505519799179206,-0.4485826386559094,0.24479198915260955,0.13467501869639154
3.087002522542093,-1.0205699098812917,2.5585817800305115,1.1510466975564215,-0.06865487234223487,-2.0550646673439275,3.299151813989793,-1.0408605768487618,0.42790403321629317,0.35301173860983925,-1.0272855872230482,0.48288262151798184,-0.18037663271714502,-0.09654391626358985,-0.84317414109674
-0.5987868844800058,-4.902371407932247,2.4926952083306566,1.0257700395517309,2.0308522031910368,0.8987443297776392,0.6895352083574167,-0.5667985526895823,-0.7768213785540431,1.2795944089309454,-0.40567955220323326,0.5256921724780734,-0.0057928688562332515,0.5620289471917841,-0.09391745808614536
0.2486556902808907,-3.0873855093666234,3.115426064478053,1.4651018908769358,0.10668419606859865,-2.0364843216334307,3.212013965827957,-0.2952056070643656,0.6515725428370526,0.18530675723185894,-1.0472106878586258,0.44511365981338563,-0.07778538817627112,0.17447208653544433,-0.6244802139469392
3.901441048988931,-1.9080554929194604,1.2832263543319755,1.2105709621333967,1.816875479143168,-0.4229320970042655,1.0340866006771616,-0.41979271300661436,-1.2263812658194333,0.9046153795940229,-0.9032655429671674,0.5910652357958024,0.31699749383002984,0.4855069543631781,-0.5276606345425028
2.4217049456873005,-2.8457154264394933,1.179837538396919,0.40715342944333055,2.3950734898433614,-1.6614395771595678,-0.15442407685027654,-0.24433156061439634,0.3805856429256999,0.6267838821785416,-0.7361110061688383,0.598826549692586,-0.12893002240870863,0.47914557984368467,-0.5934439677731538
3.095725249618338,-2.393066889444001,1.2641051266234222,0.2821539324603737,2.311586229769396,-1.5940702344100217,-0.2160657539841262,1.368858931965331,0.8779952525233244,0.49772003029004924,-1.5359426638291924,0.6117779020982004,0.05768319903412966,0.18956957718478154,-0.6314085524946593
2.333313530809876,-0.7257108283974728,-0.9128561090249342,-1.9475146167726014,0.1534547532549907,0.388518850194272,0.6311925085110439,-0.7254718449554782,1.1563029093390582,-0.44400090399644787,-1.23691276369694,-0.40319720390536024,0.31560698777538937,-0.32869792283391125,0.19592749931918263
1.5308952548599957,-1.338361514909296,-0.6389830018535864,-1.1553951733286574,0.5909043400948502,-0.17358898531104414,-0.10699825820847422,2.743012597674781,2.073071543343011,-1.4979856509713942,-0.7996776879148384,-0.8833775528415908,0.4860241053900925,-0.22631589915382327,0.38081702554226504
3.9066612737884654,-0.9678715179180162,-1.4795598720871228,-0.680866209653623,0.3901566760352945,-1.6084676587260656,0.6515040864534778,-0.13054863323007124,-0.5474408910997184,-0.4708017905310285,-1.3577220815023183,-0.32951674338931963,0.8575538940987166,-0.19004586913235375,0.6263397467289293
1.1564944508729706,-2.9035625509617042,-1.3955622912213295,-2.117237902510355,1.6095044840748882,-1.2620544978001227,-1.3786177654836758,-0.024527985160673536,0.28799180922603823,-0.38250149814249224,-0.8899693970913569,-0.35850944413323055,0.19203039223132015,-0.6539773817626162,0.3880529229079192
1.6918019841156606,-1.1579271435528196,-0.9669471088668137,-2.1853320258893913,0.19638467528572146,-0.942790372342252,0.8236328886247817,-0.2575407923176359,-1.5706644569114279,0.18846916332385316,-0.9766657858609751,-0.3119955000544242,-0.01890887190341998,-0.3228853064904573,-0.34219450538156837
2.0779614202026373,-2.0085920464546594,-1.572197726279535,-0.4800041744865825,-1.6093461332490973,-1.7939333625457132,3.328630920743472,-0.5639401884233968,-0.0575567034232767,-0.20895468067854048,-1.2560769760852513,-0.2786939692400898,-0.0021156451018524407,-0.3571375255457358,-0.3075259991713472
2.555773922583626,-1.5422804778921018,-1.2772197404578762,-1.099461595023543,0.06785061322389138,-0.06695201555763358,1.1687535787005774,1.0046191180729134,-1.5662823418836629,0.07692059225113905,-0.8246848947074188,-0.39177681296960676,0.02342987929011455,-0.13972079760746775,0.11161641020195558
0.5062064675444848,-3.5099450805432983,0.387988344563671,-0.1211378298599368,0.1507924214062618,1.7221610843536228,1.3198785475448296,-0.6286588154289416,-0.2553697821082739,0.15155132852550862,-0.4795019828425205,-0.5026394180707788,-0.5451160934426177,-0.1002337584501324,0.12841708464179358
3.9229931113591645,-0.4317329465565128,-0.3434488495840433,0.13290370345603914,-0.13833844518670754,0.8001454818505869,1.809293668591817,-0.20789069902031032,-0.41494583310703154,0.2902826778830617,-0.1912424178753562,-0.27670162784956726,-0.8518786655625848,-0.31221480436610055,0.17742152563999838
5.046803469723874,3.5627631452617328,-1.0592609896895384,-0.9427266369296505,0.4847636132453301,-1.7716829738968891,0.8872866941009183,-0.08373898542067942,-0.45740721559424363,-0.4114347036148209,1.6896787043338144,-0.8404158077281453,-0.13199244102325516,0.23397775905916884,0.5388333106293353
-2.594572892933262,0.8249925682399413,0.7038517010461748,0.3730329405466386,-0.19358325156205075,-0.7224392779231806,0.9819320277827837,-1.4011611397174488,0.6689106949291981,-0.07501435384302707,1.0856250862772403,1.2059906693542863,1.0779865503650794,0.1171538923935222,-1.0515149349394148
-1.4580735274568173,-0.44562345913911106,-0.05017372998360363,1.5232747457394515,-1.0445329246348278,-2.007444062210039,2.520164526584144,0.03773090549459629,0.6424779464512227,0.27307923793129074,-0.39047088721225004,1.5363020545060055,1.2215850087131328,0.19845306508568789,-1.0250016669781927
-1.0272966653791968,-2.163442641197856,-1.5259145028206855,1.8167978955356914,0.7420316437551228,-0.39372515293595844,-0.023886102194300346,-0.270923925852755,1.563932992793654,0.4480284901370597,1.1535411704956053,1.4261876514767005,0.5421876811376578,0.8327067205831878,-0.05933910557267645
-4.738215445783691,-3.186186230896395,0.8861199665222796,0.5101637545814536,0.8706432840196691,-1.13027089455269,-0.3023426713505767,1.4976578728008114,-0.5777478286549004,0.7816916436959565,0.20171086546539324,1.4018653175359637,0.7795568715464902,0.32747392626160915,-0.31900533788936397
-1.9609985428317738,-0.8932943050626886,0.5594721580622222,1.4899443206862475,-1.0613733457944696,-2.0448954392871843,2.4997221201293214,-0.012438064553215996,0.6875736650493631,0.9006201592658138,0.019430123978020297,1.407218368784798,0.7562428934886826,0.021088134219232172,-0.2483960515707294
-1.8654828450908634,-1.8717480307091618,-0.4482797340948867,2.043826810011388,-0.9186610477402869,-2.075028507335779,2.3844887363538447,0.0023781509557450663,0.7008289697596257,0.590995940831364,-0.1635257032205262,1.462501784534179,1.061436996289848,0.27709930573300123,-0.4447358313570134
-2.196015338939547,-2.3670264810423305,-0.3325302577505271,1.638462558180795,0.9806312824266398,0.9332089567430039,-0.21279353454442798,1.4373678759259787,-0.36949584756267323,0.8044193049681525,0.6628659018169695,1.3285014663299675,1.0543186996844236,0.12354800277103024,-0.014889051319587109
-1.9503061822430066,-2.106586983786885,-0.3854554007299736,1.6393643092625267,0.9785845651572823,0.9371386257107523,-0.20586059628466868,1.3698900449407378,-0.4335397668264643,0.5320183972046043,0.7060527769149957,1.354591749703796,1.0391066486977876,0.22494025061260198,-0.10219287478727707
-1.9449263112360584,-2.0502897639345963,-0.3553247681130807,1.617979788100972,0.9729486122895629,0.9437146647457441,-0.2021314392891285,1.344820998732893,-0.4625742031283763,0.4093865783424301,0.6833290859750134,1.3904582971210078,1.0168031079886743,0.22534284250060474,-0.10967130384606717
1.3477884680375813,2.4728216281822055,-0.07524172548359596,1.349221630082148,0.45376126840646575,0.5679123089802004,0.8343893258656533,-0.3025772634967352,-0.8808173191591374,0.9048294404547892,1.9712268798016763,1.1286318904490475,0.7224024493388478,0.7831123847515621,-0.30999275843691315
-1.5168318799375802,-1.1984626076582021,0.45634434255329603,2.251679832665225,-0.7744586194404618,-2.1122927110595393,2.2958285693508427,0.24111361584124613,0.8249492636361747,1.0238618462199942,-0.0781895405380122,2.068174933073635,0.4248894159437585,-0.25349783817984634,0.831824071417768
-1.2372605454345138,-0.6928220326894653,0.1217865126479743,2.0218432827998805,-0.9227569032609573,-2.076899944983373,2.3370022108414483,0.17184764973179367,0.7677682975696755,0.9263472295259305,0.19904083633226263,1.8752310402420584,0.4310085688549231,-0.640343586666488,0.1490782451590452
0.5602035489145445,0.8965277571640005,-0.007539844764125106,1.736627002838443,-0.9953974108827984,-2.087481482965163,2.451497462620962,-0.09828255432048631,0.7267315767078263,1.0475419462133762,-0.11454060274195364,1.7921330984832669,0.7076627679131912,-0.6760769428697453,-0.04447055961278576
3.966609043526198,5.342132070430514,0.25994512741236725,0.3918622920683149,1.0741125331664445,1.1041136105399174,-0.4022003112718598,1.0521946757190965,-0.18301327822542607,0.7898230505209299,1.9814931600675645,0.7446826321981544,0.900888009945288,0.24554189785791006,-0.2341662885706003
3.905053084016052,5.91419770719094,0.9353910900685454,0.6001232299078548,-0.07702502450979153,-0.9138067902127224,1.018079822503969,-0.5033765755707327,1.1336142947987518,0.12437697268904116,1.4020626961735827,0.9973183927353546,0.7665813815213111,0.1923887525825014,0.2308061230594971
-1.0567380500173758,0.06476879043646101,0.3974536538603474,0.7205210037782296,0.7728501580520581,-0.9116168451951231,-0.3447475211752851,1.395007460763042,1.7030339884517145,-0.7536352493141518,0.4486642356583406,0.9349084636617401,1.109878451280533,0.6498712841074188,-0.22660487192980408
-1.8248056266544417,-0.8031263035787767,0.6069045542007285,0.36260084255626324,1.226477456975699,-1.5795437224147424,-0.8949692536695153,0.9004310743086164,0.4812041054322719,0.2191103397563907,0.280114100898857,1.062358732746825,1.1798672291421877,0.14017466131460712,0.06366910823807059
-2.8444960265909267,-2.132866867845283,0.1248170644973692,1.0453516706928982,1.3162010602466607,-1.6174489040971252,-1.1075340046619322,0.8989026457262829,0.44049875527967275,-0.13824011343481826,1.2382660400226777,0.6526169556101661,1.2381115120063175,0.0547149712327739,-0.03418780452975702
-2.3742502465776916,-1.6259075728086256,0.09490092401463715,1.9467303186241591,0.04896787710202914,0.35255567561073736,0.8755446019714583,-0.8300688192704645,0.5458941810778177,-0.14381289624222268,1.3845126344534109,0.871076888525799,1.155650375262963,0.2912624953458071,-0.051072418481350954
-1.6471303391239518,-0.3880733370519988,0.6695230661549904,1.3081767391643973,0.10006411190394444,-0.7943502410777387,0.7437119204987241,-0.1631536800332316,1.1174298327723722,0.07168063938951705,0.8067655234647423,1.2164341661655658,0.8472911084741331,0.034517045120038004,0.20113332934381725
-1.8130786368322456,-0.6348383445034074,0.7408186253946744,0.85099741547209,0.5978786663669946,0.8186678727739157,-0.1642711260196867,-0.36603308458644623,1.6393330095883107,0.11521090215942417,0.8334921525919996,1.1428051143909759,0.9261555320410894,-0.5024231159904782,0.2324067562145734
-0.3766324279931314,0.7143553853589331,0.8319679902625194,1.1363205459826922,-0.06611379880288756,0.4212393215829816,1.0502391451455872,0.5489202411314472,1.063676813773696,0.3519930394966632,-0.13996068356478636,1.4746477688019726,1.0751813957338476,0.10182476118738568,0.3412454145759068
0.7266017072439594,-3.053081499894515,3.0503501021160275,1.0984333363588203,-3.07814564600678,2.2562908394630883,-2.009710979380412,-1.968934500116434,0.117722803310069,0.9872664568363413,0.18886696328016359,0.8864534354663852,-0.1089775865226408,0.26159728056753445,-0.48930334687959703
1.3795336554311983,-2.9006473376126816,2.64192700503572,0.695580560312679,-2.2287319570057043,-1.5064113443151643,-3.366570876492762,0.17669515345548753,-0.058745388983442774,0.4145415233792114,-0.4664418303044967,0.9302278658961892,-0.02705528068328521,-0.15992781412105336,-0.4141098383106877
1.2552322711189792,-3.199023523424832,2.4798646667415265,1.8995721468594886,-3.4278475404870616,0.44815612795019566,-1.486435384544241,-0.9535511074912644,0.2780506771634252,0.5979904148682686,0.0332905689414505,1.058868787572623,-0.3145661938481156,-0.13721675579225465,-0.290598794400178
1.7010339314481873,-0.2171664633820006,4.222189979335181,0.545293485968202,-3.582651979065653,-0.6928930728481518,-1.382466031304729,-1.4312149268870629,0.35250998232597025,0.061715149203307416,0.13841823794535354,0.8259456297788255,-0.40242099459893443,0.029470715434944107,-0.36347825700844794
2.3480063702520706,-1.0905470266950805,3.121868592286878,0.9051490458857481,-3.259160983935275,0.6284162945615148,-1.9038045170869566,-0.9605777792220024,0.7579026961365083,-0.025730930014094492,-0.35814772768708963,0.8633593396525534,0.040535326495809966,0.24488835892266422,-0.4788869945647309
-0.155797290253749,-4.322447750109152,2.703654332736221,2.759256502001876,-4.267757749277291,-2.018909332048628,-0.2043772774999957,-0.0845707377955403,0.3079959496937749,0.5876488861745641,0.38657352595570194,0.7464047030755651,-0.4293095163241002,-0.4976167173174335,-0.4935971562204725
-1.301620284593149,-6.305768687051425,1.84769305674122,3.4073749993328346,-4.118973446195311,-2.03201667743821,-0.37539459362705196,0.14456036166461617,0.3722769415335094,0.256415309446223,0.3268852264049391,0.5643391068925739,0.05230618840820953,0.04060295829766552,-0.851502777045199
5.574010975135492,0.16731673649695666,1.2085029376278758,1.6154988578865201,1.8214963016329984,-1.7326884329069692,0.6033992096671518,0.0419305488355362,1.0843959269580798,-0.5413464136509192,0.2191936627232621,-0.2696020872971496,0.5809209056531381,0.594250081234965,-0.5956158014735197
5.002019017668245,0.4207115060139157,1.5433608546743174,-0.48148297624366526,2.53082677855527,-0.9046148893591456,-0.4780534286446494,-1.7185202964295756,-0.649858849935188,0.8281886948470398,-0.28180066102914914,0.3026232046893552,0.2619951284178758,0.37095900505115664,-0.8712559631974349
5.386765026313306,0.7362662411752021,1.4226140395502616,-0.49431981067808267,2.5125658335265943,-0.906870260973928,-0.46704030784664924,-1.7950467942435415,-0.7079912362248295,0.5962295035718097,-0.26547073412304034,0.2603489720270472,0.3380264538643339,0.5614135465353894,-1.022864654512069
6.090062543657969,2.0606841439966876,1.3850247652459349,0.3889238129504174,1.7034559857655345,-0.00928966556529214,0.4367920624160833,-0.07997535582596514,1.9813065889107533,-0.44236907765038136,1.5815838214971851,-0.7327545374044533,-0.39267446190215716,0.629665236902527,-1.2143915012742597
2.0328456247776483,-2.0442574333974766,2.2770082970846937,0.160711222809679,1.4228059302798288,2.4051785367977274,1.0395869333956131,-0.5981648886768127,0.22186195187389549,0.9927115634432294,-1.372554044730489,0.6371703687852039,0.30736199769051564,-0.25746174721594184,-0.9002444975956777
2.4252121578322736,-1.8215529961478392,1.872152297323385,-0.009658761958063984,1.6423442962824655,0.1705897855535757,0.4254083819682387,-1.1331112885604875,1.697233780321473,0.4135631332137911,-1.126397845624779,0.46639707290006277,0.2742704861175761,-0.2345740659921562,-0.9175743513627052
2.4480066368763653,-1.805700063607627,1.9654539535770303,0.6465961247280833,1.1088295850282017,1.4118251742292485,1.4572186435472363,-1.006467837927066,0.780217181210488,0.6951206591274369,-1.0775654858153345,0.5455903448916096,0.3167117759714538,-0.1341524336403124,-0.894168693499945
2.44800822973168,-1.8056960824240518,1.9654753298299732,0.6466281421201839,1.1088441209516897,1.4118218886538307,1.4572091090913537,-1.0064710267490964,0.7802249790837037,0.6951307387062147,-1.0775628391709464,0.5456077856298058,0.31671665945584937,-0.13415637599478838,-0.894201783613079
2.780207670098685,-1.428683883471333,1.8085564621480847,-0.020635913142526434,1.6320331900993237,0.16900728825142616,0.4401474940427046,-1.2103140296754218,1.6307948013319933,0.12889773646164995,-1.0094255292649692,0.41417598044848325,0.29785795880380145,-0.046952835674131325,-1.0688000083780897
2.2678197353934757,-1.902424970720685,1.907134545579307,-0.5825368027948328,2.4231041309648234,0.3474210264847736,-0.7041408768016248,-1.4082252560935382,2.161978031472072,0.5347344808912983,-0.9984157335484144,0.635604682411385,0.10810860317504851,-0.4855620856557081,-0.6634533295481506
2.6076191893481906,-1.292291443093168,1.9786546554058169,-0.6457859341725694,2.3852316595783076,0.34236228041978156,-0.6775554887975781,-1.5042418264717394,2.067334730249361,0.10370422109663728,-0.6898125982935256,0.4929573637734658,0.09184386239175636,-0.21652680880664507,-0.842569116488162
2.3805232142403896,-1.6123287033452192,1.977005504195724,-0.6147632434402246,2.405626570670756,0.3437322375137616,-0.6908997829673259,-1.444076622154516,2.1232846330574913,0.34806229781911996,-0.8070551672955926,0.5500975668207119,0.08415088152493737,-0.3667332175754408,-0.736443604049658
2.5693484772338606,-1.2963564387018545,2.172170785053563,0.5142155638460583,1.3812459308832425,1.5175803140078903,0.9951144204806854,-0.5704145100569006,1.4752155376352734,0.16893360805344734,-0.526805504299129,0.23584140014681348,0.19672231797406914,0.019435623217028023,-0.8786940139198406
2.796053285645953,-0.8595450845969166,2.1688326936432016,0.20128961675136542,1.6615552575247532,0.19770090934005904,0.32804876818506484,1.0455781862084546,2.233669819875126,-0.6773987460655128,-0.5740049067508752,-0.06470322278053833,0.19948912287943416,-0.05069383529551596,-1.1641043731786256
2.963521950129901,-1.0664950718756945,1.917017291771354,0.2824486039516763,1.6891285842726234,0.19953889169779052,0.30913822944040203,1.0388017264944682,2.2460224519037797,-0.5842542290620802,-0.8303578982778074,0.053833740957781484,0.28063838905703153,-0.0911544332045206,-1.16647416641481
1.9771204939520777,-1.784367645360068,2.3030185390079887,0.48833675752445493,1.379613144910845,1.5343701177771363,0.9911010342665076,-0.5387945934221232,1.4720671841686581,0.21336696673768882,-0.6666967588563504,0.31845734856996327,0.13520455106915422,-0.22793626611532872,-0.7895306675000207
1.9570524954035025,-2.673301226044538,1.8886992567518714,0.36671325522615045,1.7634937433284323,0.20773347758037256,0.2521699958800843,1.303835762073911,2.4960149597172627,0.5360482747471785,-1.5559362428827288,0.4756992920326268,0.12255614099817613,-0.7774914943708557,-0.5981559830614215
2.2491307072530433,-2.256185150556379,1.5666933824049134,0.651698137405231,1.617564415371373,0.7424393554663994,0.6371194833087834,-2.12755911991842,1.3192450343735724,0.2506450396454315,0.16641476818621947,0.33667901391864563,-0.14338136309166177,-0.04738153056036877,-0.8475047708038631
5.603752793199301,-1.1857855322154076,-2.5659778378165012,1.135645869721886,-0.3579511298257809,-0.38096660250288694,0.004741724625265022,0.04540355344432611,-1.705016608798053,-0.2651604030380481,0.6206147345198281,-0.9678658633826177,0.2504994226932897,0.2764958214276094,0.38266656281237893
2.965921054076536,-2.9418334160091124,-1.5741715825802736,0.5360959658837366,-0.6811383688096407,1.4823347848522657,-0.25780482671816346,-0.8671244630438412,0.9939995912449593,-0.5172898829028715,0.9039729358524343,-0.9491871828031258,-0.11906886724374761,0.17997733156212284,-0.31818275609919916
2.6576252011302324,-3.77593479588424,-1.193016668579658,0.455659418386517,-0.9164184982155051,1.6267628694227054,-0.2067608968421085,0.32999609947704,1.1442087295131518,-0.6350727840162625,-0.2402944463993448,-0.7630545384589102,-0.04349551540147635,0.3268343435139338,-0.10006469945295957
4.844298445106462,-3.598369163099573,-2.476434174931461,-1.8381779054844058,3.445620817459453,0.9025485424817279,-6.807481991879728,0.9404427641924992,2.0468403912564543,-1.082322154426393,-0.28043530912179576,-1.0730698282142845,1.056689056688663,-0.07357001534208453,0.25352425753360613
0.7103384933201937,-4.809805052969086,-0.04136429121888235,0.3115388108390084,-0.31489539288393076,-1.0866700535569878,-0.7171200088620423,1.1326891894860496,-1.0394622996049185,-0.22017945234299666,-0.5811428733759265,-0.588555787481446,0.11316258267901333,-0.45198835486740174,0.25643007647644267
3.5133163422424736,-4.351727829809551,-1.7275822342837506,-0.6634805461993013,0.6703828567338065,-1.4806150579366757,-2.5945949031393094,-1.5392388970291748,-0.015594868413764383,0.11826233751634833,-0.12262270554229428,-0.650618996200857,-0.12022909164850419,0.15744681685748202,0.4200183489094024
4.604115860685246,-3.012462483218581,-1.6421034861608579,0.9247090285018215,-0.12594888164086931,-1.2642473466212456,-0.7707134517701629,0.12725745427991533,-1.1914213358806287,-0.09199696980127275,-0.4190429278480543,-0.45762603323684875,0.3923515266551798,0.5519613925409108,0.5299629097218711
6.108442449924387,-3.2069519775656636,-3.429063625125347,0.8774108086798937,1.332907362390901,-0.38601214618833035,-3.238861534903593,0.5337189396620776,-0.12215953796846302,-1.3758947892159101,0.33061423983544014,-1.484436693674056,1.383802953196959,-0.18199896682203878,-0.04043879047101762
0.4614248923427413,-4.225327426172261,0.5909401861214209,0.20803009896690058,-0.873325097309101,1.751610414592552,0.1739703065342858,-0.024982974157569567,-0.72735121170059,-0.1385678858787696,-0.41588406821374985,-0.47199018942917265,0.0022374667967935374,0.418716049612068,0.33608795687332454
1.0528689574233048,-3.596230950940656,0.440608813242847,-1.0921845138955972,0.3585810809111721,-1.2264570763720941,-1.8764456466957737,0.1729208665446157,-0.30908218960572953,-0.41763179439352116,-0.5440227272523739,-0.5115001315011963,-0.03932655112108947,0.29468742932122693,0.2920846445904873
4.810473864585393,-4.059687830680519,-2.736868842501948,1.0264982831500944,-0.07877820421080403,0.2047852999527492,-0.8798999998456614,0.22014559171140527,-1.2461777528945124,0.05900414104678502,-0.918662929967463,-0.4245337870958305,0.693806660188773,0.34152921835123584,0.008451121240971202
5.6345078873159915,-5.272435501145562,-4.307880369551863,2.1642727369102084,-0.8226327510466616,-0.8699993993263048,0.12173244886851653,-1.2279583535822378,0.7024934787002867,0.16542481956332236,-1.1242992835874444,-0.1481376954542752,0.5466540833856133,0.5686390055050311,0.24330540065436992
0.913961093666358,-3.930210411174771,-2.465774952507649,0.02412480612894716,0.688996794046638,0.35594020901690626,0.04457075857978106,0.1502356340914894,-1.3867219952844494,0.2663850049235724,-0.4242031656787238,-0.3863443359577568,0.03946957278505749,-0.2766832371308587,0.19032210942321043
-4.189500395775131,-2.9232383427463855,1.5203031400944274,-0.5915760483335354,-1.6164419201560822,-0.48325278139324346,0.49073189388804056,0.675660320725084,0.8924402828897761,0.3367455896461742,-0.823375445144293,-0.045118692672434665,-0.19501594074546488,0.19594087597176024,1.3399641105575455
1.3076366195734406,0.2866785379300927,-0.7334351129374301,-1.870368492080936,-1.2709744696345375,0.4087358334044786,-0.4107618946058029,-1.104522850068604,0.8656329487941994,0.07574339052755827,-0.41422010730900394,0.07153646209784874,-0.8340207411597502,0.24410786166609766,0.39462212419917253
1.1196353963442565,-2.0955550828258507,-1.3233404072828914,-1.0030526852381736,0.18558569166173988,-0.720696632829431,0.2759773979339434,-0.7951856165570027,0.7223934206837904,-0.05829853906672547,-0.7802742232956107,-0.3709846603067513,-0.18457970458023953,-0.4205621266791899,0.4005545232909039
1.6911149440307303,-3.5458052737270602,2.009159794984485,0.08202663959072083,2.5221915083583846,-0.00111236916052742,-0.41632092003234444,-0.8572455740338749,-0.8494151576883482,0.6720629593236833,-0.4280765615998846,0.22646630253877306,-0.001712515222824144,-0.3682883981267843,-0.7893810654565336
-1.491736277089608,-5.06832950840632,3.3384423443804514,-0.0921901851532672,2.6780389031660388,3.228526118283193,-0.8257601063221994,1.0948757730836454,0.5899376327378734,0.16096229814173812,-0.37613219905064027,-0.08936971969071832,0.08672602570967917,-0.7065520579098216,-0.8083461775882201
3.8521238733483507,-0.8920052419389644,2.3914091054475426,-0.636516834434071,2.5666488984238818,3.14359967911749,-0.554977796821994,-0.6189410415736717,0.1215599129246467,-0.0018178330313653925,-1.2351794487660481,0.28422492399393473,0.6131993986976854,0.41495279953729314,-1.0938020082674422
-0.7694924077675775,-5.23900788160797,2.4066396791217124,0.3451487992127044,2.707301546000017,-0.7048381433250622,-0.8714016005202575,1.6360080675579092,0.06891261648189168,-0.14575916445674428,-0.05947570661189068,-0.07770659129903602,-0.3069623775790574,-0.5509910654837876,-0.8590627423863142
-1.623300324731719,-5.680661622006681,2.892617490670917,0.4521307923821441,2.3411612068421297,0.7234561213347822,-0.2605908972294482,0.7815873033856336,-0.5476898683708764,0.2374192324755863,-0.08964833376199455,-0.03791950777394288,-0.16669564067891504,-0.768508900461315,-0.8695765674294432
-0.38920114398657213,-4.425023578104189,3.084480075665707,-0.31302077057823047,2.704458168850606,3.1225601958614284,-0.6446021945142031,-1.4604388852657924,-0.029765780775040704,1.1706417972311651,-0.27282227766703093,0.35225490678674637,-0.12434857776989144,-0.6206577413882768,-0.3803501339517699
2.4570969847783815,-1.9531370546121238,2.684561760574402,-0.20337718191749524,1.8798944617154663,0.20496484537742074,0.6598399119489023,-2.285936042649706,-1.6536463337049256,0.8491465468539294,-0.7961578991546653,0.5010674118941586,0.07193195392274061,0.15308856980201552,-0.7388591386268185
-1.0771553333696233,-5.393188795032498,2.603992303620022,0.25044762625318473,2.6899893140025863,-0.6985039377375202,-0.8576918446447235,1.6893535691531325,0.11254468130080336,0.041311000463077674,-0.21618791150811703,-0.047119587130399807,-0.30813508120477207,-0.7187646400969334,-0.715260980771232
-0.6871094252319951,-4.678642262382607,2.8175279509135533,0.3586726597076571,2.451333531414411,1.6693309330082857,-0.4576099046485747,1.5088220382323805,-0.05796820718893239,-0.4084190851983138,-0.15875484262437087,-0.13790324670159865,0.009024929834516677,-0.2856626750399773,-1.1252627959397108
2.802164982118913,-1.4258317771833013,2.224972948674226,-0.6178679759204547,1.902884805361357,-1.5153731818459235,0.19680861038995448,-1.558198298730334,0.3327123261929018,-0.01599987411508324,-0.8708383743974812,0.3020525372883512,-0.05243125883354468,0.29337012590289757,-1.203216596174976
2.7029213385493156,-2.4280999563332357,2.017364736425379,0.31020998837406294,2.4007773341879015,0.6257698825142665,-0.12010884390074157,0.5816901258192515,-0.48883422212819166,0.2937062385697452,-0.7455210009973572,0.34911516008578763,0.046654358358389665,0.07782905774947739,-0.7119037463501516
2.8191686180313305,-2.2983877490660025,1.9731959490327822,-0.10935202410127383,2.1476691574893603,-1.5922208578280952,-0.045970600194082174,-1.4788192645853169,-0.15591083917936097,0.3865835716784136,-0.5375065578495573,0.2873396681531441,-0.15788866350406375,-0.3018929217550601,-0.7908412971768761
-1.6710135785710076,-3.212102939042545,4.810732690478381,0.48890969222112635,1.8255777944534517,3.1227200655906744,0.5291237939411131,-0.17376591776006353,0.2063457836473869,-0.10438282057997172,1.128676466527104,-0.4474503642619965,-0.18953251576257646,-0.4252581695727878,-0.37942797347573826
-1.3084361033780763,-3.3287040301392543,4.55542635012902,0.5470724913171695,1.857306804452032,3.1180783941061123,0.5113905618038329,-0.17661341882284806,0.24192923947394787,0.024937718337571597,0.7699650064502993,-0.209115774396277,-0.19603338881078375,-0.48527304862800935,-0.229057671488193
-1.3957199502834345,-3.2669204674891428,4.530500126298628,0.732628985890259,1.5014032533599189,2.339037640525001,1.032526240170461,-1.0584925388214093,0.2803437522180303,0.1964752579708329,0.7989518018719401,-0.14823116485301677,-0.17564948379924963,-0.6201319613481373,-0.20880080924505526
-1.3956779670972626,-3.2669637004848164,4.530540108681311,0.7326166628109646,1.5013874244159033,2.3390354856029654,1.0325222078525098,-1.0584921989351546,0.28034103988397063,0.19647033168656472,0.798959406036591,-0.148242948582768,-0.1756504955851557,-0.6201272252010166,-0.20880657270016842
2.4535826932684004,-0.23263719212239584,3.9136826047735567,-0.6433322676211395,2.714999557817212,-1.3224826885923708,-0.8540624745705824,1.9461897466110492,0.7147855138034406,-0.2990353916500396,-0.4955520976205196,0.20672828320428346,-0.339698786172858,-0.2511355253098355,-0.11391702199657543
0.7256430203415863,-1.637253329232318,3.9973625298650868,0.7948370658787609,1.513141491243265,2.345769926591706,0.9918514722205676,0.8653231063722776,0.8320788520168462,-0.23764911883566453,0.7344803044098918,-0.14324473169100813,-0.44541319555491216,-0.49577090562623577,-0.31369394575548326
1.9322953244014374,-0.973997331643932,3.6935855429550037,0.6365787652275514,1.4866251043347576,2.3608498370305058,1.0345676855947075,0.7541754703749614,0.8032653760263797,-0.3031952798361071,-0.12080367037129579,0.20676952413388783,-0.2182352810487477,-0.32471210458291094,-0.31096331737648963
5.404538914790028,3.0753870498204163,4.224252864317439,-0.4450385515523591,1.2697594353795636,2.350941545986081,1.3767808896653748,0.5745672811676324,0.8185753063249938,-0.23250576598571002,-1.1530856315235443,0.25859159738980236,0.25295298986326703,0.6722555704799043,-0.4534695533356859
5.823105913648851,3.9067886753894285,4.574962927545878,-1.2045356022694726,1.961269734914659,2.0798013972830756,0.38924029771218954,-1.0758855750346832,-0.5657808966714182,-0.03341022775062898,-0.18050081563538983,-0.12694697798833465,0.34898996093866974,0.4879610157949089,-0.664799174802403
2.458768302324439,-0.5317315656224005,3.5610887126989414,0.2595452720875027,1.9810359104270545,0.24431930270813088,0.4392531795667141,0.5022281037272465,-0.940042643699089,-0.2246474425766794,0.08708226231620235,0.10885580636705539,-0.10231862699106739,-0.3316905866989193,-0.5796595083402247
2.45873713075958,-0.5316983515030499,3.561062964306916,0.25956086267298745,1.9810506642578216,0.24432026744935884,0.4392543133527181,0.5022272165461188,-0.9400390633185114,-0.22464174932630893,0.08707708395841322,0.10886810224176535,-0.10231689987456014,-0.3316949204829908,-0.5796617467195952
1.468112086696062,-0.9783762854363863,4.10031705293204,0.16659431816900586,1.9633878644436824,0.23570858429309666,0.4397352754754092,0.6960359168647385,-0.7926291788664582,0.32660893255268414,0.3518184242802942,-0.07009751624572609,-0.24042273937128908,-0.6214850317860029,-0.28102729340538524
1.128559975216725,-0.9853303664022356,4.18485816997398,1.1987886261781395,-0.08923899873847758,-1.9748089374608329,3.208954487037093,0.11353614983489803,0.5709757200397124,-0.6651061921166421,-0.03228293065764177,-0.17905285084035863,-0.20449263001050455,-0.5766302906095848,-0.8320325763829735
1.4681322467123967,-0.9783938068027731,4.100347694106615,0.16660711689305366,1.9633889843749726,0.2357057036381086,0.43972793405840477,0.6960342354079585,-0.7926259292793973,0.3266124820159145,0.3518234343850687,-0.0700928686505737,-0.24042038948976815,-0.6214851324371716,-0.28104899983864295
0.9005194596542357,-1.0529228797039067,4.326657201098461,1.1763252554631622,-0.09059473266345565,-1.9774909845302735,3.211690353464604,0.16032699337434547,0.606367518250652,-0.5379407664002763,0.0677534843899103,-0.23870177690787583,-0.2427733660934137,-0.6359082315910223,-0.7717271289343167
2.4723146547208423,-1.1603587676209417,3.1484436451118847,0.48006540981110174,2.0389992721800048,0.23508680929554274,0.37650620012917174,0.5116431927456333,-0.9114047284371782,-0.09923970924743604,-0.10951285552415564,0.2970931218609685,-0.12867977205645606,-0.4418212498220308,-0.4890904085077413
1.560825537637449,-1.639141742833855,3.6079862497875936,0.3951247572852777,2.0284905816664462,0.23819597752536223,0.3743897166757078,0.6655303471138694,-0.8029871708437653,0.3122923931770652,-0.0072731719228437235,0.24611250602733925,-0.2782717779361729,-0.7584655237856647,-0.20440642886845806
0.944053680396084,-1.3106189814808402,4.182748755642771,0.12350470374609797,1.9295126739041928,0.2688618837590894,0.4540552172432554,0.6331199737934953,-0.8918754800353783,0.00879324009910389,0.4772204507633595,-0.18696533918183297,-0.22454478281434145,-0.5478388046475905,-0.6066415626796946
0.9440387987637651,-1.3106037012553773,4.182734426294033,0.12350881515901253,1.929518165121319,0.26886267292424243,0.4540567206999829,0.6331198786161382,-0.8918745810381903,0.00879490517293798,0.47721773670713774,-0.18696130359947247,-0.22454446306425305,-0.5478404508793656,-0.6066392599680452
2.472325211488861,-1.1603632499027765,3.1484762687635506,0.480099230085032,2.039012494476843,0.23508262631587304,0.37649452420861845,0.5116396394773588,-0.9113964312686792,-0.0992292801733053,-0.10950826342705235,0.2971104882159987,-0.12867443279323673,-0.44182474358791995,-0.48912921595095804
1.560804098949929,-1.6391150702292225,3.6079820683646795,0.39515760742464406,2.0285110392129386,0.23819445872248105,0.3743841061562692,0.6655275560551722,-0.8029793266773856,0.31230330192633765,-0.007275127137523107,0.24613314718560053,-0.27826723749665044,-0.7584713121867589,-0.20443035911528973
1.5607813969633788,-1.6390915551150245,3.607960933361856,0.3951650644599259,2.0285199682683834,0.23819554572079277,0.3743860574466676,0.6655272940622234,-0.8029776670311437,0.31230621652692253,-0.007279181414990853,0.24613995603425387,-0.27826657016544215,-0.7584739738929221,-0.2044280454792916
1.5607659210330398,-1.6390746734909647,3.6079495333901845,0.39517506784867545,2.0285283476612492,0.23819580149999858,0.37438596679098796,0.665526630552899,-0.8029753390564951,0.31230975829547186,-0.007281588066686228,0.24614730678113972,-0.2782653698151612,-0.7584764126714735,-0.20443144674574498
5.687771440617868,3.3843390263015922,4.417725048357798,-1.1076226142331846,2.0017724725295505,2.0777583362040177,0.3563494008506393,-1.0154564999474018,-0.5008891153461524,0.25086063307470197,-0.4004531422356665,0.08172196187029585,0.25227155049167566,0.32204132747618747,-0.4946580234554728
2.4722975255254793,-1.1603305842312701,3.1484645827176228,0.4801313702311146,2.0390341221813566,0.23508167904811594,0.3764902483272788,0.5116370485513426,-0.9113888021629091,-0.09921844228494066,-0.1095115348268312,0.2971314821448553,-0.12867012720088464,-0.44183091397265256,-0.4891497145859228
1.560806440992933,-1.6391153901003923,3.6079916889661376,0.3951690084810409,2.0285157888750143,0.23819314628458962,0.3743803901199266,0.66552638357212,-0.8029765378965312,0.31230684754222676,-0.007273825410982437,0.24613914635661804,-0.2782654623807496,-0.7584725819016181,-0.20444291296514627
1.2752370519648182,-2.14515551455958,3.560884751259283,0.41896815629086054,2.0442019873984045,0.2457236199295967,0.3546314046027133,0.7296156979783498,-0.7404449664848568,0.6137306120758694,-0.3154566183324574,0.3783947566349768,-0.2542400663026053,-0.9691258145253654,-0.06388385493486386
1.275222335110635,-2.1451398224875406,3.5608726332470564,0.41897557984778483,2.044208982331753,0.24572406920763754,0.3546319217364186,0.7296152729228517,-0.7404432608111294,0.6137333198647493,-0.31545905859788037,0.37840059643163304,-0.25423924136447607,-0.9691278685869136,-0.06388497533836561
1.2752351042926224,-2.145151122210366,3.560891328053969,0.4189825200743554,2.0442091482094003,0.24572235965886746,0.3546276085885142,0.7296143228605885,-0.7404414862290145,0.6137351994449693,-0.31545596990967706,0.3784028979142572,-0.25423792969006864,-0.969127784335921,-0.06389754375402072
1.2424909137411517,-2.142092456284498,3.527320408662149,0.17039259173264676,2.271245482468732,-0.47999107754403486,-0.02765004763219205,0.6989561518997749,-0.6169137778779888,0.5563198695506737,-0.33177749479759144,0.38009680837396265,-0.2928125568864511,-0.9450206653807552,-0.05360922882592737
1.2424712129101372,-2.14206761365515,3.5273177396068176,0.17042469840037178,2.2712651760511493,-0.4799926625320629,-0.027655757670224806,0.6989533979112095,-0.6169061027447333,0.5563305006273335,-0.33177915218532583,0.38011683325082196,-0.2928080936871779,-0.9450262281208729,-0.05363316150039225
4.35279419802512,-1.2979001375369845,1.2053390008568026,1.1536010686650136,2.146481243660758,-1.32534419812238,0.33014906395161275,0.22811993790964416,-0.6257263527741994,0.5172079194872323,-0.7449206184608788,0.4901805862679487,0.4666735580950014,0.06375548056884864,-0.6137582333310638
-0.04691068807432584,-5.271101890198187,1.5171050736304421,2.041299038154109,-2.8862372990002054,-2.062822601634485,1.243360363677243,0.009422850102060069,0.4133983780634994,0.009318524674388396,-0.3682203456900537,-0.10959948454141008,1.266106835273552,-0.2926860677805984,1.3004702960128414
3.7114137066016273,-0.5963688818880103,2.184515788875965,0.5222380292011941,-1.5250198016468521,-0.29948915575749147,-0.6893069274324511,1.2171537555964438,-1.3872088463033563,-0.8351613782466552,-0.1764566638430282,-0.2603261872603257,1.5211427168514073,0.27352312695228753,1.2369226858687532
-1.1845189629443118,2.448350739741359,-0.37892158236586754,2.007140090232674,1.2099736002003163,-0.7664554738845974,1.0987150076673107,-0.47984861456435035,1.1251679739482767,0.4909787866731383,-0.9927099823766657,-0.49544107606497684,0.15222830426400358,0.04846563069439531,1.155532700284249
0.009317267536593274,4.354059127495828,-0.3067408413641694,1.9918463284743386,1.1877664383746878,-0.8095564155815124,1.1718839813120114,-0.6683627410674137,0.9515875438372261,-0.39378258539934224,0.29363695986023475,-1.0530469490672267,0.059995510468504744,0.8622438252328288,0.6060167095971676
-5.061874900029689,1.1078070250170653,0.5513980586303691,1.2539893754497387,1.9292382876096417,-1.1373479223085103,0.07873729276428987,-0.5483268605649013,-1.3051982990080329,-0.08905956058023273,-0.04087046610634035,-0.9083885366593055,0.4063885529204848,-0.26608201150334104,0.4672748222360057
-0.7548153213805989,2.3931521339740875,-1.4437895929900142,2.3365725500516876,1.474606492658823,1.562913478875334,0.8858980207988846,0.12122301443793089,0.4007526996662984,0.47238073708255424,-0.9103109420049047,-0.4404102252295303,0.598896287294878,0.3925141509404522,0.5122732431942255
1.8333135305763395,-2.346498231190721,-8.618884758132495,6.736066920594824,2.8116519264372624,1.4475626833515183,-1.068830532292154,-0.7844523094148185,-0.46041963390434515,-1.288322040782245,2.4865998285263804,-2.452949208808905,2.6712115596188584,1.1579516988161838,-0.9883244665413781
3.8125491503482243,-2.389960481765409,-10.330557913453175,8.357324761355981,1.0404571441025379,-2.434144083834961,1.2862704880472224,-1.3218105461667704,0.2322454401951942,-2.3358152302595467,2.0745673327995875,-2.1508277612041695,2.377506078393238,-0.33971580481040037,-1.607257597503575
-4.00422161814739,3.2238337960421557,1.1157695606947584,0.7294245121116131,1.6517050803577789,-0.7998584449827589,0.1180866503954394,-1.24789430445313,0.7653471288068221,-0.6810430974503943,0.06696579345433658,-0.6249271246393029,0.05125005310275225,-0.34741541249688435,0.5725350996150415
0.796409931301251,2.7980028771160206,-2.4600189785924376,2.300638719998656,2.200711767865071,-1.2806944502216808,-0.1144051507918475,0.11385263619721125,-0.7987561916161664,0.36234128879494093,-0.9041827964363094,-0.5920196597353387,0.9888168507981864,-0.13101893777119725,0.26285556463075754
3.2722541384119954,6.284864490363524,-2.001149496820231,2.4500993594663933,1.6223887138575774,0.3283358794300801,0.6977313751568858,-1.5432097067272588,1.2002090213284953,1.2781797673759694,1.5811432686918239,-0.18657563819352876,-1.1618010936060015,-0.5440988028221388,1.5142995548399338
-5.774118575912188,-0.053783975698862355,0.17486360973277074,1.8891601599761747,-3.7082664520819977,0.9495017344629068,-1.4760695348149468,-0.4165186647679082,-0.9613634592154388,-0.7616132629927322,1.553901060406596,0.3146349155998563,1.1415983068828912,-0.9450615331214973,-1.414479971445695
-3.105087313090414,4.116275544605453,1.7348517973506872,0.1995034068097789,-2.732419044310195,0.4616171136002214,-2.665643348852629,1.6633039580260243,-1.1399709958793922,0.09691210721421127,0.6602437474633797,0.6347322520764467,1.0568393644693483,-0.9767032045323177,-0.594137879266506
-4.869661965148951,3.1601861200724777,2.285278324340242,0.9965502732823537,-3.593632052925391,-0.5424310660478322,-1.6151714207614414,-0.6749489162950592,0.3195805158063206,-0.6709665899407548,1.2120834865368615,0.5847504047015244,1.0283804669690018,-1.3618326183956082,-0.2937034327610831
-4.3952172381088435,3.1088858486663433,1.7939889499337494,1.313779636144746,-3.4988062240551585,-0.5432506134960062,-1.7106614611484452,0.12918706125160256,0.5598753821167062,-0.8392978516968727,1.2344323670473742,0.8082738013283561,0.8073935248021405,-1.33946633560225,-0.35515101818454525
-3.2384713122396556,2.0925226481976837,0.3812459987657462,1.769656496553055,-2.9800668366949834,1.7860394828455384,-2.105459224755862,-0.47670265957407976,-0.9983421280379362,-0.24805749777367447,0.6431393684383753,1.0661986083276611,1.5272671778405675,-0.9166243807222595,-0.6128658359623176
-4.850848424165148,2.0982007926170456,1.2698863965853127,1.0575782444594668,-2.1937613395055897,0.8241814884238835,-3.482080174395995,1.0904407556776916,-1.1101596705106678,-0.7540645169932706,1.7460688391161614,0.3205983999099737,1.369188504746045,-1.2768485795317293,-0.6282024852045558
-4.06893477625356,1.5205427166170598,0.33402535446016063,1.5837766232062285,-2.7576061456456036,-0.20601185861691496,-2.187451237165278,0.3202387962602375,-1.6765066628937169,1.164801089428723,1.4511967049294672,1.1845915166736718,0.42728156095236924,-1.3087019854872564,-0.14955775595563878
-1.6822856703650786,5.596247904583617,1.566533591670978,0.7787544744482375,-3.282699625596458,1.7188308916880979,-1.5851925746727655,-0.3205207486358421,-0.2520807264184862,0.3143453068599069,0.270969389097542,1.4065656021087096,1.1828053897655688,-0.8143412712972306,-0.13133467631786686
-5.976444720144643,0.9452633391174553,1.0114851982049649,1.5839079502295503,-3.2567078624262757,1.7934417003628793,-1.8999578957126473,0.09977363400395771,-0.308846440632041,-0.18966021930803656,1.4304268482817386,0.7871494076183873,0.9929989825371911,-1.172124272579891,-0.9183570174403838
-5.845807517618418,0.9000174967420567,0.8495344569324761,1.6697869900571987,-3.2354527463078164,1.7876285489838932,-1.9161621732056306,0.07509665294718677,-0.32706105737248015,-0.2698158531520234,1.479619810499537,0.8127032536089985,0.9702862373491161,-1.1330490370852864,-0.9533761399272899
-0.7707352451745456,6.796305148097699,0.6664615141663686,-2.538787389469459,1.3224465271744084,-0.7284233448929279,-0.8964098033426615,1.8974130913379814,-0.3071038746047155,-1.334479702836338,-0.40726877810407447,-1.6306526479764054,-0.34689360148925086,-0.6170792845154486,-1.275533265467165
-2.5584347989107066,-2.1017999443722797,5.276909370101917,0.2590035542067295,0.9772757728318257,-0.6756644705610139,1.6773371412696898,-1.0185283112331933,0.6662457469403854,-1.3078350748570016,0.8086081782175764,-0.342880797348425,-0.10696742542068063,0.16157055504293902,-0.6610208626770021
3.050112210996961,-1.9831860123562555,0.4885116747747388,0.7295688508996133,-3.125844324269821,-1.9829030718014027,1.7450732311044428,-0.6200769668766325,0.03622205899199591,-0.22534065006212933,-0.48429321861163505,0.3421170941118936,0.5043802455126173,-0.03385707699908111,0.3168487008262987
1.0055401370036983,-3.6583431105092274,1.0217924740376638,0.5440708846878526,-1.7587258707297435,0.8450399935972361,-0.1804082551341302,1.2078549420853129,-0.9783976938862947,-0.09439467171151879,0.09592125616744476,-0.14914497826140094,0.7959079506061507,0.033251578034313854,0.534624474231374
1.8910524912135387,-1.5996696483836195,1.7451473875971761,-0.6953429700228504,-1.570854975416404,2.366407729891995,-0.7241833639200156,-1.1336274773421908,0.9754863603516035,-0.47106044490706184,0.19611952419422513,0.07089029633855519,0.555342671148241,0.19259557290002713,0.8528315004307188
-0.19571992580322625,-4.780236649935319,0.8381506696448879,0.41071406652970655,-1.747526166989503,1.6056203726835085,-0.11173525583481689,-0.8795326860139642,-0.30753769355947286,0.7200168534875551,0.5030634046687977,0.3166337556249858,0.1906158548218232,0.10409986695466,0.9314560782821247
4.037040140990213,0.3946415412694033,0.8470714779479465,-1.263643323731776,-2.017906594280138,-0.12137836235339754,-0.33890712145395774,-0.2922328605275825,1.0103611054363981,-0.5191831841948936,-0.5683929389812439,0.12045334453058783,0.6785024996090789,0.6823887773632104,0.0031038415495854206
5.2025340614206765,1.5428606153400481,1.7236898840764285,-1.9070491547368618,-1.3310037839344464,-1.464708331702517,-1.1680911754455965,-0.42181635005366297,0.32567923247589686,-0.056318852992458084,-1.3533589862845832,0.2891704432850821,0.9343935780723344,0.09261463652864717,0.8770967289063799
5.248247916018818,-0.17469236366594568,0.4626437751772412,-0.35152369619433077,-1.939632890410179,0.6225271583377451,-0.23066052621353195,0.028172153336043816,1.1349598259621396,-0.10645707351327459,-1.1984410751019245,0.4016496483925574,0.8868203062272216,0.23494017720612695,0.7776164814096751
5.644167694589664,2.2728836576078377,2.0524407878937523,-1.2274194214043206,-1.9553838188960235,2.299899444124176,-0.04899666141927523,-0.329499430771275,0.5638559256436588,0.05873818849344591,-1.0948506139920322,0.4760401600000432,0.8508602353882705,0.34472952232774934,0.950061305380722
5.694207064606991,2.083604814388655,1.7457525493027115,-0.9436877751069834,-2.3279595806828306,-0.6937094488605897,0.33790095340277765,-0.37864786877389217,0.7379628532798326,-0.24857919389100835,-1.1853017934954113,0.35583566297671243,0.8628256358696905,0.24546574224765522,0.9192573542908329
5.946687304252054,0.8749575560748698,0.6731978272341591,-1.1090970515732672,-0.8966253187865028,-1.2762388350490983,-1.643205921374636,1.1173544009713627,-0.3355135909386208,-0.2549731007362392,-1.418840023638385,0.35498717274374614,1.254814707010808,0.20917125267907044,0.7526238689195697
3.5110621146890835,-1.229479811474166,-0.20064745975441953,0.40834770086720545,-1.791169044424905,1.5770567924574381,-0.07558043672662365,0.18163047928508325,-0.02701404977204649,-0.35832661514400665,0.48901408864885476,0.0010952251451924343,0.7654240645925398,0.49329348029080666,0.08296163302907193
3.8044303691831494,-2.9937621416631917,-1.7131027317748233,-0.16620514366309763,-0.7719502632265091,-1.3393213863077693,-1.8501971411734928,-0.33972716813305726,-0.7645546807021408,-0.05620124308365557,-0.10488710015852563,0.22212418871031608,0.924772178873498,0.20749938125590878,-0.18817938478250446
3.680112256253632,-0.16495657095387536,0.7355517126139005,0.5437720937248814,-1.62902644244242,0.7098604714936433,-0.03291847741208334,-0.5439083662673605,-1.341722361993583,-0.026764665495163615,0.26951342015254093,0.13798485608298486,1.4662818494773977,0.2769620103208295,0.4798124029394552
4.044514485739503,-1.4452856118366,-0.7594260039615675,-0.74333533631374,-0.8637571940510118,-1.2842499091399655,-1.7130226190634517,1.011211121857523,-0.43459989752959916,-0.4111653373993563,-0.3003230657282959,0.12035133856403779,0.737365688920119,0.35720999992600916,-0.15058443097078206
3.5348676565668056,-1.2582959240899145,-0.0813204002027383,0.001330019771556497,-1.3724306997265325,-1.7023068802709176,-0.8722115757050104,0.7539073118435803,-0.28681493710789663,-0.6840531995532759,-0.06577874177792797,0.1529108578473714,0.8939908340161435,0.3112337894853892,0.043396104503851535
3.6847629957984935,-0.46484141943026364,0.302835059366413,-2.0114307363445736,-0.7463351197361529,-0.941835796964433,-2.2527925238879147,-0.6537387766230139,1.0805573996079143,-0.3936514567074201,-0.2536302875060011,0.15411079694325958,0.49759503730407645,0.34270308167408986,0.027809545787986722
5.562696928750297,1.2086317708377066,0.8374783323151054,0.5940295406751488,-3.151414390060399,-2.06061126893526,1.8012832355211597,-1.0587748441102416,0.051157786233928505,-0.3822366050398334,-1.0307777487795302,0.11963548307977352,1.6968781113487077,0.41838326166601475,0.3939182137729217
5.4649921620407875,1.0197274001572758,0.207517566102112,-1.5732604612272083,-0.8751167349955754,-1.372061059039865,-2.022076761229,-0.06448767455466552,0.8261736457879882,-0.7465942306367898,-0.5310501532955924,-0.05029830009285249,1.0989964844345794,0.3093970434583467,0.06701209150474285
4.414528682296162,-1.3593615539840216,-0.6358143387553271,0.7495267257938272,-1.6969556467994438,0.4914973946438718,-0.48477888527189755,-0.6132784229000098,0.9596927959475724,-0.37365087009519776,0.6598182248858292,0.09327007130771364,0.6228881092420683,0.17146753918477797,0.7127306686286458
-2.6649554716579904,-3.878910200211697,2.666089104058976,-2.121786935303575,-0.8788613873426252,-1.2932621856848072,-2.098535080265179,-0.7856333648490778,-0.3225405263105572,-0.17137187886513913,0.8224665842699599,-0.414301207053592,0.3232288111792055,-0.2941034929281186,-0.01943754421614823
2.0697986146121936,-3.461662536985697,-0.3328603548392174,-0.32166888964386625,-1.150562328165159,-0.3681552761024982,-1.579422180960628,0.361555649459757,1.4386989256806477,-0.6865340537540136,-0.07151849494406765,0.12055987376614709,0.38056016394323405,0.22499370255539305,0.359620563694864
-0.5558694980265819,-2.4463384445613103,2.4785769750603217,-0.5118899499918416,-1.9629402173674393,0.863423982699355,0.13886329321803417,-0.40596745192176786,-1.472280747139225,0.4717776853697493,0.6983684830608159,0.16123022815696975,0.12480883185225825,-0.5374613287227078,0.5472711844030442
4.77062948664869,1.3258053889539538,1.2567022641530774,-0.3789069565734464,-2.2049586415338567,-0.7652627813294602,0.22483210161438538,0.06423004221058438,0.8259688407929752,-0.5830473368455109,0.7912833438236955,-0.1701376326554703,0.09907141204943942,0.6223304733567772,0.6167746957923101
0.46067665571200694,-3.7816923818741954,0.9406799126148754,-0.6843573111611576,-0.936520280128156,-1.0118751688905847,-1.899538757449254,-0.09357151821016158,0.9772384744686856,-0.35486398206714914,0.20757369779975782,-0.12215794928434123,0.5639775823897737,-0.27724645793961855,0.5651703301919314
4.987058748470987,-1.2826314102020504,-0.8567722350453637,0.4548618628680455,-0.8327761032143001,1.216708646011179,-1.445429267986812,-0.10769059768135274,-1.0723817615439288,-0.6227443352540866,0.48218596054449114,-0.06070724381005074,1.2915707285579305,0.6861770414917842,0.08306573880057118
4.6135044191141965,-1.518045825132025,-0.07810823321038503,0.11368845026446202,-1.1309547367752253,2.4789419164583224,-1.4453800370112506,-0.14383102362233016,1.7782939341233999,-0.7928712850118318,-0.23588744666752692,0.05744395862768292,1.1057168783032567,0.6982672579142983,0.8513133007129475
5.123274544902637,-0.462002321162377,0.3337884074493593,0.4989465363816352,-1.7346457389342085,0.5068929544743861,-0.4195443019354386,-0.8834601471424682,0.9017074093528037,-0.4003489409719033,-0.19470495942456886,0.07902805790342929,1.1827292427587268,0.2861856697961737,1.084238048430873
0.3992946861074264,-4.91978308172573,-0.706522170863869,-0.02255789023063517,-0.4435678828636079,-0.35825620406439346,-1.4400253398863572,2.003645679183641,-0.6886099940226337,0.1145045651811411,-0.8871945531688029,-0.4828921223817602,0.20353609323293492,-0.21110249064820916,0.29291297989048903
3.9527308172777365,-2.7886515274106647,-1.9706427313521977,1.014404017657014,-1.7180701994713141,0.4342021594885159,0.363515860457894,-0.9844026440780219,0.283818528800957,0.1458307998204881,-0.5208108752672668,-0.3879205697740564,0.33324601045661006,0.5214819779370886,0.2502151257865152
5.017416725134147,-2.2541811423365914,-2.30129303667192,0.9081830670319485,-1.0107043363082666,2.381580397951112,-0.5509159274260865,0.5247081021712218,0.06066866539823817,-0.10777017024163159,-0.8838174188439338,-0.39768904769900143,0.7778722198973009,0.7725615950098299,0.15098076302357452
3.4348608877033815,-4.125535863723217,-2.228666089276215,1.2355184003275341,-0.9084180542207425,2.366131588004532,-0.6352707339962564,0.2387531998538017,0.030031465844423334,0.46985762042120555,-0.4940330876097811,-0.3409889720090905,0.3896280638286267,0.20915650990297646,0.5064008524084088
4.902906154577372,-1.7221168373438378,-1.6614004426336535,0.563132848074022,-0.8850690237233672,0.9912650116952817,-0.6648468641695456,0.3918561239100598,-1.09488001820838,-0.02129134391506434,-0.48286209521997914,-0.5155502132595715,0.5452801210320161,0.6003545852889054,0.25019602427812876
-3.002433622801485,-3.4752267011835,3.6988231266872518,-1.0149493834436005,-1.664523791502555,-1.5097544239328407,-0.7035362928471263,0.0037521224885111518,-0.8433061991718824,-1.2875316155077405,0.7016966962579717,-0.5256456528476914,0.6397059589995793,-0.8542420731908242,0.39583307651468624
1.5056210610675658,-3.350586429159628,0.5042398022646977,0.10791040570507814,-0.6708367418891331,-1.565613729470336,-1.8069796786849601,-0.2892306849984895,-0.18745469078311458,-0.08127294234216145,0.3508674865204596,0.1193118321453352,0.9145149632115317,-0.1290296502991532,1.00436558656624
1.9236296654903846,-2.269416192515881,1.0143690276681745,-1.3956968606376965,0.4572454628093329,-1.374802632129486,-3.5772738172764242,-0.3987919032535526,0.32554606014268545,-0.3500127064369531,0.20920909793411732,0.08460226792963142,0.9224318629545689,-0.3562820118441642,1.0106401608356161
0.6797497583072117,-3.745688035652128,1.0576387356859294,-0.22602787720623038,-0.9245603954892921,-1.46975784841725,-1.6620093021511682,0.25475931166060645,0.5325857624584542,-0.1393149362257167,-0.001260332497228446,-0.11131141221112113,0.893528082356261,-0.32154088590363916,0.8961414357009425
2.7734636563885946,-3.092601371126877,-0.013432543418895833,0.7199989959756395,-0.8259136498967978,0.2279678111494186,-1.309087986353194,0.5919550321776487,-1.2316060707660148,-0.5655863421719438,-0.2947724617182293,0.04805309777886838,1.648168785915348,0.616868004848506,0.6426613878354396
-0.9069744662977826,-5.5333732038641115,0.5078993911119919,0.08166588745096928,-1.4894800581676972,0.9376400309386269,-1.0160181758003486,0.490254226016179,1.5100449882566094,-0.12122203656212513,0.5677315400054276,-0.09424102254547077,0.0988478402951089,-0.16516002381183137,0.6001764295108646
3.3345017314013172,-1.6838838360725208,-0.039684944009173564,-1.5549916536314996,-0.582533261362301,-1.2698345208363728,-2.239917630007744,0.201306915560141,-0.24925670941613837,-0.07482702625028569,-0.3903032305211708,0.26342760260349835,0.4604344531827471,0.40647316103304204,0.12377751953927298
4.784181551660479,-0.08118609596912917,0.21948431465500015,-1.541288348233837,-1.0507169281741318,-1.2634457813140223,-1.494150139867383,-0.14521859360417094,-0.7641146483872356,0.2993448812302848,-0.4141167595768442,0.4256924594886617,0.2636576072057985,0.26125727861513476,0.21857553243314276
-0.6969015885130814,-2.077940417448375,1.940825725060958,-0.5327389216799336,-2.167562761203527,1.0111870100060207,0.736766424148601,1.3681043123927021,-0.40615114459965296,-1.2661158271335724,-0.034684862946822805,-1.1037711250079447,-0.0704361280047988,-0.2087685625097699,-0.20711793341166276
1.9114038905104918,-3.703589123203633,-1.4623940122385828,-0.7776211604775124,-0.5890228514327331,-0.9725346372121518,-1.5725995425961612,-0.20341602281034377,0.8828314984313763,-0.20910302657710264,-0.49931039639302555,-0.5044054985403355,-0.2218200011495613,0.07106980539624125,-0.19728928773505983
4.514987779667118,0.38828194783163406,-0.5836171111521512,-1.8252698050531453,-0.9087755485171525,-1.4383126620916988,-1.0782380545812231,-0.36343149714778783,-0.34085375413766245,0.12446982992060306,-0.8066110432186895,-0.24811424688344158,-0.27020171354849476,0.4905610738237646,-0.2556566271672312
3.8735800606414434,-0.9760555141465381,-1.2410747677017877,-0.6890948206557503,-1.0299136191867937,-1.1090252316870646,-0.6600621893531242,0.28501247898296345,-1.3661347789744416,-0.015752809352988728,0.027918773789534234,-0.40866011815284026,-0.40780877632802803,0.47152640310077965,-0.5259563489632454
2.2812083183277605,-1.4884406527885703,0.19617413027655886,-2.065609771095921,-1.0535825113671808,-1.331010614983511,-1.0603233202159763,-0.7241975779477842,-0.6205837223374946,-0.3007138947307941,-0.8636010115330628,-0.6334738342957374,-0.16165352200822544,0.44723608020203415,-0.6001946622587598
-1.505242043838503,-4.547443301694602,0.7951907081765701,-2.0729665237249337,-0.6146269147778572,-1.2530280201624833,-1.7985103422272046,-0.7310642053055024,0.08928558407903969,0.18349036854892115,-0.13838616795165068,-0.6473898259055547,-0.7504189084510641,-0.29282403924948835,-0.1071505728559592
-5.748710837060631,1.9343342051118544,0.7929783080315385,1.522023501684817,0.6488296248711334,-1.702976562844226,-0.6988021412732597,0.3352790520691599,-0.3012893195680323,-0.411584564288736,-0.5189090776699108,0.0894404345309399,-0.3829946243264917,2.6530839041833842,0.6524698155754968
-6.326512662203685,0.02830078392013617,0.11573245048300021,1.3843249520799903,1.380375299827242,-1.588196663030877,-1.5267734682515934,0.22733914630210864,0.23499864506806542,1.0009525970124487,-1.0602707712437764,0.8255763991002814,-0.8988842590312146,3.2417015889009724,1.3080847632677537
-6.747553194198903,1.5873759599324193,1.486796366145836,-0.5224336052783995,1.7336462141097264,-1.138277020501419,-2.6943711631630047,-1.6095428106163028,-0.6680894392160263,0.025669255069265044,0.07818609831939692,-0.012824497581338568,-0.9485987083202061,1.968162812873765,0.5731221103870445
-7.04578528767336,2.1773530488549833,1.9521173413934754,0.9447958159370798,1.1910890859110381,-1.2519509571591785,-1.6742388053038102,1.5471851249075204,-0.20395981535991264,-0.39606826442473114,0.283133355737734,-0.3082432699408321,-0.6386691921582668,1.9106812537802038,0.8607715942120027
-6.5072427006369855,0.8393396860441407,0.6551698499458161,2.3790946518537868,-0.10739003031393177,0.5077405968564758,0.2524621160232502,0.4020403325502018,0.6793597950203503,-0.5006722282904281,-0.521335031545511,0.1468654504541644,-0.4975375866669799,2.0317780223330266,0.7086603049568893
-6.26705464818877,3.0228435652521677,1.805669506313092,0.3782403992805802,0.7997190812365311,-1.413061854393343,-1.429035034228876,1.0023739279533526,0.006877176800986704,-0.8742938491699389,0.5195665398013022,-0.4174911027662145,-1.1164834500374672,1.611738729448803,0.31234644389932104
-6.559645541186317,2.1151575325348757,1.433346086764961,0.4041760874120891,0.958299502888466,-1.1940786157041712,-1.5106045873287606,0.10278237501949429,-0.8187058302692954,-0.7226815200562878,0.1655094864087471,-0.1745830548401206,-0.9481245061221415,1.8503302027281354,0.25886121199346784
-6.27269089594678,3.2838919292127806,2.44169793789006,1.0006572986390259,0.24421329262234232,-1.455904101855334,-0.4491056762942186,-1.663321974565242,-0.08930423681184022,-0.9001161781505005,0.04689114670716443,-0.33147596115969635,-0.1951110034624868,1.9119034252387108,0.8359850485414683
-9.331783486758832,0.8503572701405429,3.2781765493466746,0.5219272756636885,0.1288110211530329,-1.2561838358673556,-0.4611968929770752,0.90032665731185,0.5741519346144793,-0.7894312368888118,-0.948014433541351,-0.12877133016701764,-0.634244437808636,1.8378554314939128,0.5549687700956973
-9.128497205425372,0.7691531053368819,3.165672105356633,0.3861872199705993,0.4861394630314642,-0.9678878235452998,-0.7194574226630499,-0.30841627254137977,-1.5725514829337195,-0.28934434608075243,-0.7415505145608567,-0.1098440729737158,-0.3457713725839805,1.8157580809149305,0.36583466227993733
-8.562333132242351,0.4820897141083866,2.433338187538841,0.9799712471518789,-0.025106636122543973,0.7228485710118089,-0.04268086823047639,-1.418523774197369,0.6309407513633623,0.004123664856701707,-0.5095535290793358,-0.12300441239319318,-0.5216782548182268,2.1227545683577795,0.6857603879689875
-7.572760864203473,-0.6154734530859582,0.5938198764565003,1.416345110812277,0.9685753689851003,-1.4723708072947232,-1.535710975634459,-0.7178915730034946,0.21851987298352063,-0.49346787335096914,-0.03399495410213639,-0.29804873516287383,-0.4286416239806624,2.231411315569908,0.5161564724864084
-7.7347465839230995,-0.5109408981087495,0.9538741620856134,2.961398815406884,-1.0935218998554976,-1.9054746787319465,1.5998145825010934,0.6151445668803784,0.39102261541020916,-0.8990901806091084,-0.5346451247658028,-0.3197561949427098,-0.3680504645454782,1.8169324821293686,0.13063408190534964
-7.6041598338686835,-0.6224561523542168,0.7770779203404506,2.517936288616458,0.26098304669580014,0.8688931713756987,-0.1663427510764113,1.1669361405638172,-0.9931052503651029,-0.6755703595543584,-0.17664410515963577,-0.28536717943422646,-0.28402495637427033,2.0287671275141266,0.320194566293638
-8.201901559247126,-0.41146565628384274,1.2621925419053208,1.6105971518349889,0.3054987905313567,-1.3552143726299801,-0.7183457009543768,0.9005347332605533,0.6256932860231057,-1.047555499032202,-0.4219893092581452,-0.4463422710549156,-0.41915154554898065,1.8773460317970063,0.24448728362586053
-8.8278917987267,0.31480091266344085,2.502334681653191,1.1525180894642555,0.34402859850069845,-0.11987803997824131,-0.21531499066297788,0.023683033720310043,-1.7647556612738022,0.1874758014530461,-0.5960118431477153,-0.06523305216842279,-0.26952944208377305,2.1908970908844876,0.4279695608364518
-9.033286225908732,0.11654565936875523,2.4097237371365385,1.3226200651096307,0.398423720692531,-0.12386494513853002,-0.26966180004002027,0.39985598623111834,-1.6222256785896223,0.26403358247848213,-0.39723733296251496,0.0470737425288905,-0.4977229810961642,1.942223480022486,0.49064978997188297
-9.637964693829675,0.4138753195538858,2.964017897664285,0.9765332104553176,-0.06629235594000747,0.8024716938484187,-0.15105482023869488,0.09190085434792587,1.0108659295575075,-0.45197622388567343,-0.5078677503538319,-0.16753241786565057,-0.5271228549932898,1.8747924465648436,0.5571928466246684
-9.349474284848585,0.4160619109338082,2.8206682393005686,1.0904608778652636,0.13238732040521645,2.426057877298279,-0.2056382037015286,-0.3141253175024027,0.4942635971698516,-0.17178641160818797,-0.33956843578359186,-0.00528156406097928,-0.543014584646029,1.9070204429822355,0.6025661320400911
-8.966969431270515,0.38819323126196387,2.5048529955886116,1.2252448813679662,0.5831860615341267,1.1931173689086976,-0.6282401863797288,1.6742502783065591,-0.7786277185005399,-0.20306252174522677,-0.5771623214974454,-0.08059339244760981,-0.39170434295681794,2.056694680016628,0.44657809310018354
-6.3861127990444775,-1.5630689570334724,-1.1313739384953276,3.3107794056905098,0.2977063165287322,-0.7963008832343089,-0.21018861701080468,1.02533715124952,1.4886773032808642,0.2803525411595619,-0.5822270970591369,-0.3064324461032566,0.0003384342526285853,2.5367444849453196,0.599854251846638
-7.390455590953437,0.7493094732387507,1.3577972580174833,2.296203446237629,0.24493733931881942,0.8979463313910525,-0.1122955848066233,1.5254539103004117,-0.9023753021593575,-1.0991166715477352,-0.549976549876699,-0.33988306282719744,0.2731012733510455,2.272759130494206,0.18733562681036783
-7.171476051062313,0.738170386255416,0.9942489559844958,2.314699778683741,0.03576941216205216,-0.7121074587547715,0.031334856549823514,-0.697910410230632,0.6525247497896873,-0.6932955163619419,0.09935097377520552,-0.09692319177372015,-0.47821777706800594,1.8825647733633064,0.7528008808111986
-6.573531798125748,1.0204614557043445,0.7272141172042481,2.28197975131109,-3.340158558012225e-05,-0.7241031310876113,0.0612015253840531,-0.9425197865752913,0.5887393195563947,-0.7460820455918568,0.07273020705857551,-0.24545800521938527,-0.3107464457067821,2.0692977546668487,0.5531013114163199
-6.221642174063766,1.1644530900003633,0.6459129011547655,2.2601464467452916,0.019567670277918177,-0.7393921267152777,0.08146208505575375,-0.9134922228825698,0.6497644333457423,-0.5233881652561237,-0.04471367097575292,-0.14426729366628083,-0.3723302466690377,2.0691838010221266,0.6737638235626503
-5.033457849213198,0.3276321654704815,-0.9255246900057562,3.543277277889377,0.24388725961218566,0.33496827878030333,0.040310452083543495,0.3575360452182891,0.8628344594737225,-0.2296465958187214,0.2580613244810962,-0.05426546832544648,-0.3720214030190801,2.6381273634305544,0.9242401782572918
-6.306964134149998,2.9899437218021845,1.8745876492718574,0.6771070106900577,0.284916555354098,-1.6284551850085673,-0.5423172984668798,-0.33551931229821674,-0.6799738468091786,-0.4373610759022286,0.6501313381245397,-0.2814290426384598,-1.1822419595921316,1.690801407684925,0.3877021658288197
-6.6620834056591764,2.551845620535211,1.8432709751964538,0.23422895939946717,0.9106648060496101,-1.176943875736161,-1.4822752116866533,0.1189212479588447,-0.848606039721517,-0.8201677035227025,0.29158208207283853,-0.16185684337920497,-1.04355427628949,1.8252476369556474,0.2849547381696525
-6.297726406086534,3.6198920450170973,2.2709568646644636,-0.18817683303200358,0.9470070528134628,1.8736707246141349,-1.8894839225058166,-0.3231827615590894,2.0388275419649307,-1.2502054242109313,0.5487398298935208,-0.4921439400171799,-0.8707948099151157,1.620510052962306,0.3765558941843043
-5.519261424496668,-2.2076890408537224,-2.4928330409418735,4.221117988144537,0.48636084357165305,-0.8797644468741949,-0.442505761595663,0.8819711560450252,1.4319146261839415,-0.23569718244544757,0.029663396460449694,-0.30205942763204313,-0.026680200379018037,2.7923726056203035,0.5855787868101795
2.1751549539551873,0.9186811344516526,-2.3931510905551114,-0.26168492886793365,-0.14249571689140722,1.5666936348131155,1.2932696671586716,0.20818369607788936,0.5944972056934894,0.032830086756048385,-0.3843230518638559,-0.17091122944942808,-0.14808930448234028,0.3404105626239924,-0.31050524012824815
-8.959864057200823,-6.188365405419725,0.5379675108303027,-1.0949973100653962,0.3067189639151611,-1.4256568781547576,0.5511888611614442,-0.064697438097544,-0.7322542572889229,0.04229102346664202,0.6147354341303322,-0.44483549696611074,-0.7957527297464909,0.8448521129814883,-0.3830407350186915
-4.948628286336185,-4.223798492687063,-0.6393637763686861,-0.9931809089803988,0.990658798817123,-1.3385953624242852,-0.33723043947678977,0.36539274215807366,-0.10605094002378217,0.3067377872693511,0.23013052337322215,-0.10941011385105538,-0.7926299564305098,0.3890584757031267,0.13813102199079097
-8.434449483126784,-5.25963543468255,0.8988087091329643,-1.419589999082405,0.268729571825538,-1.4119746188709563,0.6512340230890197,-0.061143453593619584,-0.7198966802241331,0.15636651458554085,0.2752658440606696,-0.3129849476869615,-0.7881745329843679,0.6665600269578469,-0.248092957990428
1.2427273074038134,-0.730265600536199,-0.22440383062597943,-1.4735027380543102,0.22153120682036345,-0.13461841992336165,1.4610242343300426,0.862865311502211,-1.5721024370013328,-0.16841325710498423,0.5155381708148375,0.33521943639353147,0.9370975972356431,-0.6259116350075055,0.6626716586693585
2.4535890691749365,5.6595524887903625,-1.793074036173338,2.4109970425704463,0.012944974770163072,1.3116570458379335,-0.05204359970200897,-0.7874441644710285,0.659945200009328,1.392004666536508,0.3107510048174601,0.06251562969092432,-1.2119859412226408,-0.07019401966120879,0.7339694267648611
5.018197468477077,-2.2657761936436125,-2.3045680202522743,-0.08436244412497905,-0.8999224143222933,3.856142938265388,-0.9795431821235772,0.09692729441370955,0.41653544131923725,-0.04786817726768856,-1.8488551141828227,-0.34549434399569295,1.064145231370536,0.6580439578858396,-0.5098841671664616
4.941250879187933,-2.680691719463041,-2.4905262024089816,0.4757808037224434,-1.6640677415900427,1.4970537680687073,0.03939220707702022,-0.25057992783863914,0.39677588337471453,-0.07312325522423424,-1.2387072205782388,-0.31523797157242606,0.21105086180175417,0.5395137045089313,-0.2910055880226917
4.828325452330558,-3.620181985614017,-3.2772250828214724,-0.37369275740894226,0.23415869314162857,2.1748330570691996,-2.529574835339168,-1.401791738664496,-0.6233617011258895,0.1700280291208723,-1.0568637515632158,-0.4720281227840167,1.0169956998763547,0.6462703679918226,-0.5746996435448488
0.736070850094423,-3.0471122622178908,0.8045662848066106,-0.689190690432568,0.055797884803276215,-1.2485498546209224,-1.1989283238110486,-0.4323625357057421,-0.8631202709141805,-0.31786819457678683,-0.6349089905657129,-0.45180328095171013,0.438285631112285,0.1895953933626715,0.4819283500396578
3.304305295060646,6.728427974872139,-0.9364194771181289,1.6592106498447163,0.021619594911655892,-1.8643293053905794,-0.8548462348350271,0.7900217716654477,0.06188143164208493,-0.008317347503736859,1.6248334376662354,-0.44106775954451277,0.23426787096555016,-0.022862567303285623,0.3428882620953079
3.6641512794559814,6.192224233592076,-1.7539109393446906,1.2611061331349118,1.2300948954949869,-1.5940977588420961,-2.4404387834841956,-0.3134641665430483,0.08155801363623602,0.697665378617302,1.7834333571473684,0.0870700649541667,-0.02033338899071714,0.04988532970576147,1.027598927795027
3.6730645178035846,6.239541983354964,-1.496182674182472,1.5333904432710403,0.6040932350706916,-1.6839256253358212,-1.78254100892822,1.5253124809263383,0.6553984481095904,0.07172830858836231,0.9222479086022629,-0.14511546184882723,0.3665261888989011,-0.3990268808843321,0.6939627300086814
1.5708029950046314,5.011326193767776,-0.4760646471719181,1.8564444316323603,-0.3362764085094279,0.6130819227003761,0.04010361082372191,-1.6034830873092982,-1.3671176187690466,1.3820686338660688,1.0813972119084174,0.27550594984033294,0.26522815363131547,-0.23136491857215438,0.9203490029104807
-4.019721562318208,3.8262644866898157,3.1970530594019566,-0.48520426760951296,-0.5227224300474962,3.3294370486374767,-0.44758692902420794,-1.3922529076886294,-0.28526232299971577,-0.4013740718822605,-1.0144193875590495,0.20787005369641526,1.242848783618865,-0.34612179647995606,0.47071348661839063
-3.5736948790995466,1.481292414271109,0.8677921874298673,1.4113381748032414,-0.5970313274995948,1.7019899503965843,-0.08257758706369231,-0.5741050202639154,-0.22111679218706898,-0.20749887611553638,-0.13447001538881145,0.21552603639926987,0.7014957895530743,-0.37524298429568387,0.4481109212900319
1.9169354116063453,4.400238378837211,-1.374302718680557,1.8430640094913164,-0.2452875749389103,1.4607111601152034,-0.5760824026554406,-0.6068467655439099,1.2445908680368383,0.4566070175640326,0.8277032359388977,0.0009081720548310419,0.3519668658210203,-0.192465760021244,0.4738658753240243
1.916926597099634,4.400259562877865,-1.3742683414111885,1.843136560720988,-0.2452516516272143,1.4607047123732808,-0.5761017612600722,-0.6068537325570319,1.2446084536916708,0.45663016314491317,0.8277067182298666,0.0009491717153090335,0.3519776786595942,-0.19247563218679603,0.4737962889760386
0.6143540650590412,4.177040544669263,-0.42226277250233457,1.4987751332182064,-0.2600189727048521,1.4901737865668425,-0.4920162839084421,-0.8688793435986297,1.162262453558171,0.543557243072626,0.4019990084673,0.24921246069728117,0.34710882727180237,-0.21156684104764445,0.8692732126315093
-1.8911113563135522,5.341337305312803,2.333012479220058,-1.811868320264019,1.2782070751751187,-1.2438349913994924,-3.173373755284796,-0.903981427569429,0.21317631570293966,-0.26329120086405067,-0.4351221150950332,0.06926806038971958,0.8352561634437103,-0.26862713011248035,0.6164615075211436
-2.804290515558566,4.684257343494794,2.606985404011939,-1.663560697263059,0.8086795863481003,1.3068230400719238,-2.693499106749064,-1.9837972209813142,2.0003745001289954,-0.37509309194123414,-0.4072334863617396,0.22065682471688028,0.6684542471512448,-0.4213031521401836,0.7600911196251331
-2.9650393000386632,4.855300108760408,2.816367394226655,-0.8763858860253053,0.31742406175897,-1.06688509491906,-2.1009399641800175,4.07907078909118,1.9643463683927704,-1.6453258991767652,-1.4569317476755075,-0.09942635965767416,0.8229196587692547,-0.5333615911476998,0.420409973341222
-2.4986863042207017,4.941555488358826,2.286030157881296,0.3595569436572634,-0.1573922419831663,3.931244447117953,-0.9443953701653912,0.8457830663142099,0.7072015526377284,-1.4206685148293257,0.24544039164954523,-0.3191444001336447,1.1252697363309079,-0.006111274565331404,0.2940696059769425
-2.480097491798481,4.922377304569368,2.2652779811403247,0.3524843688883161,-0.16055466037466753,3.9349043179645635,-0.9446582189812202,0.8339224398695678,0.6970977873000346,-1.4526037105440501,0.17661183621969367,-0.2878084271684744,1.1374762290814657,-0.010555724803858092,0.28952949274776474
-4.008864272229973,2.7680434343135145,2.019927670987168,-0.24568466463580216,0.4935387187462324,-1.2398929075579959,-2.134953191063549,1.3823826799429468,1.3041496042523986,-0.43392577328597876,0.2311615496988924,-0.2507961837099922,0.2348545262273425,-0.49182766653316334,0.7318027168018939
-4.14033066109744,1.1310548002924763,1.0349050509265674,0.3348725279897818,0.6246734126187642,-1.2403448113836684,-2.322086845594879,1.377926068295637,1.3182657534445303,-0.3360512988821987,-0.16265159352361952,0.2062654157794061,0.1557627805075479,-0.6850216219400588,0.8368658788181658
-3.038867474188094,3.093287454405333,1.6830787460326013,0.13414551253677096,0.35338774312187876,0.7672584463130213,-1.4717622434257092,0.7187905259142112,-0.809652384147621,0.23330756677541323,-0.008087121687198365,0.08157757773504146,0.5463427142453435,0.010000736197076069,0.671896456368639
-2.9997365600595667,1.5441848399624765,0.5215187271878715,1.1470426323526126,0.23314931729235158,0.3233421923745659,-1.1389834590052577,0.8066267781294267,-1.0721918064257452,0.318775781103395,0.17902334070653259,0.4122566234172649,0.16618743769674676,-0.38501785719744225,0.6396024784327051
-6.390290676002483,-0.7422186881977455,1.294288546801299,0.27558881847255046,0.9486835166198954,-1.021890212225283,-2.528582662475827,0.47801936339600126,-0.3195006401569029,0.5080929377837297,0.5963678446513493,0.0649184786959839,-0.003471826270941193,-0.8044283961973046,0.8116554552518828
-2.577124644894538,0.26140988977550705,-0.993848088005275,1.941771259869779,-0.8097333445178272,0.5341885080909077,0.21308567398143596,-0.6864012916415074,0.48895785577568807,0.49364839409185873,-0.7859808026783288,0.5541081344498178,0.6738870639317014,-0.17347486459832354,-0.0025891602684333576
-4.387354467172553,1.5014702550812742,0.9960285907712607,0.8466639035402894,-0.9465775262418157,-0.583260920783878,0.15736845476578437,-0.34654481259546377,0.7803925566159907,-0.1391465253919057,-0.425002156202921,0.11934316278520886,0.5522685318705776,-0.0375733799433317,0.1260019612798727
-4.110961702702461,2.038654534157659,1.30029193203975,1.1824351716250148,-1.0955656659471087,0.9327689590395215,0.4315855074209785,1.0542449736189297,-0.12186946648875001,-0.4157246993316498,-0.05777227755518647,-0.2757886421972725,0.7338115613119591,-0.4432212249586275,-0.19449687056386736
-3.5792051060444137,3.4953476095003095,2.0072995194423284,0.30423292222832105,-1.2480052081852002,0.6325852660844187,0.5776701900411931,-0.9743933205384727,0.22529682816741278,-0.12610284479648265,-0.509916161195154,0.11105531222120768,0.6603957551653903,-0.2179848313519845,0.19913084779895052
-2.406118258474949,4.128578234534265,1.745230372263835,0.4695335528385096,-1.1694163713203491,0.8986417476616659,0.6927154789944093,-0.550260373736527,-0.5193501957429799,0.23583104893535348,-0.6958563320163602,0.3995566472337705,0.6036697463727498,-0.09159513648918147,0.27489015958062096
-4.309613716201578,2.4858933288520997,1.5570210867795087,1.1220841566172672,-1.0852443542006733,0.5989351345624702,0.35061606031188514,0.3600840332059535,0.5905429739426146,-0.5767799127892436,0.7151442443726926,-0.5185506224573451,0.5031110177400716,-0.23852017245217433,-0.05244084020347081
-2.183748452066248,2.276431180321232,0.5148557537769409,0.28973346001283967,0.3964477347967595,0.7376234833507151,-1.42819006671373,-0.34932237998390536,-0.9923908099397598,0.5712189472456122,-1.1001664929122263,0.18741053435068736,1.2964049924406935,-0.14706043127984156,0.3377085042253215
-2.2948996615325004,5.037956452769583,2.5007658563660913,-0.32933383115915354,-0.44790061109859425,-1.5673286411982985,-0.4658243953943666,-0.9416198354007077,-0.803797670411106,-0.45149112889466364,-0.4527562455430051,0.2859470417204635,0.5868209837508906,-0.054500189433718295,0.5211848357860738
-3.6172520966085258,2.9941735741148228,1.9226443017872112,1.0690326183534045,-0.6809289889471796,0.9461250933389505,-0.007839766556102053,1.020751804301884,-1.0838936389521856,-0.9179376099677198,0.1493193763110094,-0.2633952019669841,0.8421820128378851,-0.12404869510425849,0.14686458165453717
-3.798863850596259,3.48670543200598,2.0217264420047747,1.7079915847962548,-2.0191553533821645,-1.8361928327864563,1.6911749767092144,0.7235934928778007,0.3400971451178912,-1.5622272483817348,0.2486174604677931,-0.6080441263027282,0.9939706748252353,-0.31396399878151915,-0.2733579909084486
-3.3563798446812,2.844052437206728,1.2497800066811624,0.6458896177694406,-0.2633708362717886,-1.6231823340919103,-0.7135078255690567,-0.4927035117668111,-0.6295058706152968,-0.629263442346555,0.2505973583896286,-0.2509782294858966,0.8765871336025338,-0.06423364401150257,0.13616381465737729
-3.3751206688226665,4.412581477628523,2.188841073049157,-0.7779835709506718,0.10598519068382607,-0.9291842356058788,-1.5054798272450358,-0.2227656547966475,0.9962967284504215,-0.32509092357514136,0.1567225117055634,-0.007277790261844843,0.261348290788457,-0.5446730969272363,0.5122707390129526
-3.047841023375244,4.7668011235084675,2.2336578359242925,-0.37600614027204726,-0.7690228905295985,-0.053276556966406534,-0.22992965486611547,-0.8622347034818078,0.9027555917883126,-0.48835915583863176,-0.12304714567168165,-0.08286731158659019,0.5527174431298194,-0.174146322701511,0.19902048013988705
-0.3965229957915409,5.201838932850303,0.4270680300918864,0.1029192634464962,0.22069557076871915,-1.458088606802157,-1.4572085026669777,1.034910393156218,0.1363493922483705,-1.222457169931192,0.26645510161297675,-0.3549747996189554,0.7365067135763728,0.7752865543802221,-0.38109948009441463
-1.5876131976325787,4.435683710146911,1.1132351590181635,-0.001245854444330044,-0.08270875499767619,0.34560465714491573,-0.8000195487302241,-0.7138214007664758,-1.527704313973966,0.25749689984222246,-0.40658836266189063,0.18345336963800749,1.012360808779542,0.14677636158420512,0.1052527760413013
-2.738428806069019,3.7297223156963923,1.2472775622751902,0.13561107233749728,-0.11359031599419642,0.4174848450266015,-0.9203311289797416,1.2187123243636233,-1.0528475752612254,-0.49655623802293114,-0.39529810199319093,-0.22940178917967916,1.1133913637528405,-0.09159183912056765,-0.18473712125938133
-1.3236286013487906,4.837046554257265,1.125031134427024,0.08094865408120339,-0.11386707889150618,2.0489630938060257,-0.8577171885048569,1.3521240350437864,-0.4077708275645833,-0.42582821024740836,-0.6902821943980573,0.23073691647287875,0.89772066757084,0.3462172955837759,-0.09760467102648428
-7.163222798757361,-0.4391680617137731,1.4858606197264375,0.3939369834840031,-0.27773911296265025,-0.7517028619392815,-0.955173289222135,-1.7353907742768666,0.5016428189514038,0.08334064977259764,0.7272946263413671,-0.23447839662053052,0.3706865065232276,-0.3021247941546614,0.09382382313828247
-6.56110711936711,-0.10655155846969387,1.303384522066772,1.1282478218098875,-0.1258814499698041,1.129484723269381,-0.774526505045932,-0.20895572123665232,-1.3028926375397196,0.09711151520376168,1.1157526328207068,-0.48863369053460654,0.7832602180410257,-0.1099236193569926,-0.1174142868341172
-6.6708118640394085,-0.14151354710280503,1.3532015434256002,0.7179171257085327,-0.28383634903776256,-1.539983097504796,-0.8091537964077576,-0.2777879502328105,-0.6241417370005846,-0.33301882531253313,0.3175684436373538,-0.23376778626196446,0.69782238782425,-0.5031159376413958,-0.11855948154825334
-6.615322709150154,0.41891525541935143,1.7386308997943867,1.164401998338452,-0.6763820699801484,0.9041555676939652,0.008534692918399448,-0.5182797914934534,-1.463824111656582,0.10615322151773457,1.166205879477935,-0.6397079663983558,0.792732403435351,-0.2521378408348489,-0.19231997261421818
-7.318023600693015,0.21666024873498432,2.1890181791714127,0.22216861236458985,-0.43199437985879674,-1.5247535670851138,-0.6852900562846633,-1.0325692005032014,-0.8534634640122727,-0.08129868263427803,0.46471884049866,-0.404546375671085,0.7095170186307299,-0.5640116294795698,-0.07759945971554699
-7.70104162649088,-0.40595253131575876,2.1688106179082323,0.2471995362262208,-0.5851022858399689,-1.2451405468620045,-0.5941107970484973,-0.2608998899355785,0.2917767408742426,-0.23096472337396554,-0.12523846026691793,-0.005862112022899947,0.32617588551158533,-0.7079350208887701,0.0016841251931154757
-2.945802376204824,2.5614358181427166,-0.28303158165565817,1.8389261753874373,0.20219011170114656,-0.14555030380360817,-0.44055100204125996,-0.15359822163143816,-1.7399071936151365,-0.0225888325019455,-0.7148620350647917,-0.24307900734442708,0.2229014050416782,0.03572661615416839,-0.6495157768357068
-7.010331062533349,2.0325881220490944,2.215108840905424,0.3716374114500889,0.7027959680768247,-1.1276438297161697,-1.6325162038049974,0.11239135508885204,-0.6729436302794208,0.08105170416174518,0.5525612673336109,-1.1200451822071988,-0.15789823470022227,-0.4024481461892192,-0.31722294606257156
-6.954904228791743,1.764322026527653,2.429799962342383,1.08914142881673,0.26763462114925013,0.41309745209743576,-1.154353395894683,-0.6320104829712083,1.1938404760559658,-1.0194871822112153,-0.25901000365043797,-0.9037005102257882,0.43138059914413773,-0.5217855715943607,0.01377077582933991
-4.288843147441975,3.412631680618315,1.4478391203825876,0.2769476846374822,1.1664391198003368,-1.1606574797733642,-2.3256088932631847,0.6253979824567615,-0.044372014750060994,-0.5926098706027253,-0.6385032280745273,-0.8529180262114902,0.4405008087950264,-0.5558446211241285,-0.16467352166450155
-3.8010024410803824,3.0705044627127758,0.9220522958230732,2.0794397357345464,-0.38609298495772204,0.807336240001875,0.46851215366716503,-1.3372891150078003,-0.6882402468289204,0.3301881032182489,-0.1968725625965596,-0.24183503146055382,-0.07321160161722877,-0.29318592261621884,0.2120960843530694
-4.163699136014403,3.4152077244963617,1.5851022462058044,1.8978437716064436,-0.42718142306187473,0.8795039002275719,0.42077793467149127,1.052758982243058,0.04939090335898352,0.21949483326650188,-0.7808975016206939,-0.3998418962403693,0.03411805036345097,-0.5989268465483718,0.3740047011865709
-1.4495363079869612,4.42271460908422,1.1665869452827498,0.7185055227419199,-0.8953373780949082,-0.5831490744325764,0.20166336945743255,0.4158977262324246,1.0961007401605853,-0.35566534419671064,-1.4886481894752375,0.6173336856937564,0.9638889011761258,-0.08889035361573856,0.3996971797584432
-6.946639500385729,0.11446309208539945,1.5516741395658933,0.4974371115961725,-0.5595976666434008,-1.2845840126524246,-0.6299950645609245,-0.8230404636394831,0.0658743148514612,-0.9128586670421951,0.10200646651371459,-0.1634649773825208,0.722372810784013,-0.5720530058896192,-0.25735213765684817
-6.048475976111553,1.1387726773808193,2.010166527483821,1.0406730404226314,-0.6742455870994525,2.481036234448843,-0.49521759316420616,1.0172731204473047,0.6145751435160731,-1.869632573005643,1.1519289057505848,-0.7048927738305012,0.43100606050296636,-0.28314516950579244,-0.10326213039703695
-7.125597683754377,0.028270900624066658,1.8324379846642453,0.45868197850420184,-0.1961078035711174,-0.9872933217612178,-0.9767380251251447,-0.24181033096323462,-1.6165093822643941,-0.7991257294891229,0.9066168265746293,-0.3919593817542478,0.40984968814355466,-0.35513605005707327,-0.16124503839614376
-2.5819647824478875,1.073631818885466,-1.1583818034043432,2.0142992529993555,-0.7854003144020142,-0.7362890787789371,-0.07716117630170974,-1.3361934568438623,0.49039500624594384,-0.4927200374587549,1.3013101621888354,-0.5525979705327192,0.5613460462952102,0.2685792836980371,-0.33483560759380565
-2.2079005375459713,1.523983561830474,-1.1882174469777156,1.6457334118851603,-0.13070066773560235,-1.682333096922586,-0.980094347423304,0.2059670032510451,-0.4514998775525307,-1.0954018738923552,0.8288022674178213,-0.562645521237012,0.9180110680227441,0.39022542414403316,-0.5009234081796896
-3.4701739401052984,0.3463522434023586,-0.6102296362562476,1.7879611241435482,-0.39889371005225566,1.6744004333180489,-0.374879415094302,-0.35876797715866937,-0.6188954171234035,0.17188445635865066,0.7804095901046264,-0.3394171878700572,0.6884031335586137,0.2861057737282581,-0.0720378403783296
-2.039438618188604,0.3887611088412673,-1.5740478239302869,2.051581833832158,-0.13090485458665946,-0.23668237033781275,-0.6201417726018051,0.8593164613593589,-1.335818469421716,0.16232862176235718,0.06455592460413656,-0.06255196125276194,0.8429940316648673,0.21414633235648026,-0.2731743861789829
-2.567627579605888,0.9342751047740034,-0.5369801472988551,1.6490318710546632,0.36265103759111184,0.2573721666616912,-1.2188327122713367,0.4716683971703859,-1.0592007506408259,0.3289345568162644,-0.029654073750056343,0.12550294682956806,0.9824740964545388,0.07250494025955724,0.3842894166804241
-3.134934014574148,0.6899132786736736,-0.45933052158278187,2.1111941870399114,-1.9224624638957086,-1.90962016875711,1.6584960529089776,-0.07163524668188763,0.37840242001340635,0.18826735699369776,-0.46701947312018166,-0.14967082740323448,0.7164443737342586,-0.5081305307184584,-0.4291728428583072
-4.788537600915991,3.432411769833704,2.021267545773913,1.2754750833217428,-0.6954571273758624,0.7035667742123458,0.39335799821847933,0.26417733116200953,0.4598191558206221,-1.0125351925116983,-0.9314539815288709,-0.5000690268460307,-0.03108529724069867,-0.15539796753768656,-0.2149783174034852
-7.043342050555003,1.961067913679565,2.261125876023341,1.9178747605228113,-1.5803243973134211,-1.850190595531832,1.8059904118618957,-1.11206084569748,-0.05219805105353761,0.12855531343352652,0.30891442489531623,-0.9364845067950243,-0.24078386755558098,-0.47123367325938786,-0.4078000070725561
-3.43611083504142,2.32479649735547,-0.04023864072819009,1.8409004955749804,0.2061496697421672,-0.1669052917299177,-0.44579657068141826,-0.008927451585920853,-1.6128746952099329,0.45734382770847365,-0.42140015564461414,-0.4492828257299577,0.17895285701927197,-0.08028530137237191,-0.4969632960628791
-0.4233266406493147,0.27436029395179107,-0.9523554638103404,-1.1409517503154043,-0.49085563482245886,-0.5781103877274617,1.671598510075943,-2.131174486412799,0.07886389999416996,0.04132241110626827,0.21336290203967026,-0.20357198044935443,-0.7748143565440689,0.39544394332179844,-0.033271868801728006
-0.19048637763758547,-1.0472567605397474,-1.9964193758079598,-0.36760382672735215,-0.2935062285167197,-0.5452959707055207,1.3990985939324343,0.2631193282613332,0.8246621050754528,-0.34152962224232963,-0.5427615774534986,-0.03984994427811615,-0.5371359394440876,0.924181990226632,-0.23380715068771177
-0.763118169966927,-0.2012663086811188,-0.7430133290111678,-0.8246008720908795,-0.07612574643477076,0.9200225847865798,1.5003447345625103,-0.3973824702952943,-1.3848108792111287,0.9778569918120676,-0.04690582549369151,0.0706742587911198,-0.7670657002407612,0.09925849779157027,0.36714291610247535
2.1229306082948995,-0.9673612744383482,-3.4373371004978455,0.4611165148716885,1.9368068041119144,0.367023622841938,-1.3518772882006231,-0.618510930796199,-0.8118616437369284,0.2668766246367618,1.1396651847951862,-0.42911060709342086,0.18319184298754915,-0.07954571198269078,0.64484044826586
1.9910093802663027,0.4736669164009219,-2.722420226963145,0.2956889037599906,-0.012207695033468717,1.4881931840333422,1.1677340572454629,0.281704635199474,0.6371952682681646,-0.0533587372938146,0.6115871759998228,-0.5420117575328284,-0.3269956094853392,0.32636978444301074,0.05532373164993463
2.101494295968326,0.625426642712651,-2.3774131773818623,-0.46141264148836675,0.44495928679045005,-1.6530794755459328,0.5656213386748388,-0.5843726964343399,-0.6513190312266978,-0.27059818910596234,-0.11518093399810597,-0.42235777622812104,0.11513894684869493,0.9099025918466246,-0.20338109706555638
1.6439021033907426,-0.9148649042922447,-2.883538377079247,0.4368006524607019,0.9782639801970515,-0.37178073503771264,-0.48292888731194544,0.05473743002664398,1.4515842548380344,-0.9642179609975348,-0.025431286010992867,-0.7399695134874836,0.6710373782533592,0.030628927766980993,0.32340156656417846
2.238655350340503,-1.2167772470718707,-3.801303899868239,1.3492116858705445,0.9315102736695902,0.8913559924992012,0.2551138183698447,-1.7224436854139127,-1.4737664664034724,0.7851645265210131,0.7654398301940625,-0.44497676029104816,0.7717181634270609,-0.1730423043789122,0.35389895419408945
-1.4492326766039494,-1.934489559982195,-1.2492334976481296,-1.1366411239350687,0.012617296350514624,-0.0296474138353708,0.8167943948070783,0.16351786287574321,1.3138508042936006,1.2582234983017477,-0.604080823836796,0.32870521943795233,-1.411466748875182,-0.4396042297016588,0.7517458195381256
-0.9443530943702525,-3.6953253044359995,1.0619294312862968,1.6349699751401021,1.489261831971431,-1.2857805980737103,-0.3775546002608673,0.22586939997613392,-0.805976136655893,0.7299110571778442,-0.12306007434145055,0.7708424053908304,0.24207809573056407,0.7842106489089764,0.09077288457870065
-0.707169538384986,-3.443281556090141,1.2048733093523074,1.2032093640091623,1.743369142371909,-0.5475762425502536,-0.7805229177712174,0.12995492067565068,-0.8002468881700452,0.6975409284944735,-0.41377682392551385,0.8632155480013287,0.3123778706724184,0.38739457377034026,0.04199927204312081
4.478684354611196,4.706899006768746,3.639426961690459,-0.2436707405934203,0.6126723536908116,-0.2942207352370567,0.7840151703469572,-0.11671004007484193,-1.3916554689983804,0.47816476950805736,-1.1160872302127607,0.7385940237385978,0.7177620136136329,0.26207213996442774,0.1069974187589297
3.21570661978792,2.7793845610622636,2.1933094869041705,1.0325701974937667,0.15251846356176996,0.7251377402192701,1.3539966014001574,1.5286327865832676,0.323233606836689,-0.361134794247875,0.18771703865336672,0.448286858440716,-0.03836683350692424,0.5622423672837515,-0.630520947768363
2.2590097320868057,1.545448518417396,1.785744562610763,-0.14865702386225602,1.3437886009546602,-1.0507105186016148,-0.924688331158258,1.6508781238008983,1.8278396969361264,-0.5827837973994497,0.09957165118232414,0.13609570106107843,0.0063781142787088544,0.11654147236967759,-0.6994328285941385
2.4429241421883963,1.80059514035087,2.1503393281265897,0.4126837146488236,0.6872357528913526,-0.28277213916579014,0.592708533277604,0.4807661347506583,-1.2587042939229869,0.37927769014656876,0.07500064283522469,0.4053169620659385,0.21313012011714436,0.2824288535604136,-0.7602407708065647
-3.1196270559981496,-1.7931889090226636,3.089930689519835,0.4759827562517722,0.710780603489164,-0.20531833421919615,0.5344415604390333,-0.09930120135865916,-1.6450486455347373,0.07869518253672973,1.0783062410139392,0.34413663137955364,-0.26008467096996535,-0.14909754648741827,-0.8527657517944736
0.5778345766050857,0.4158299507541457,2.2397327359909944,0.14926729991937665,1.1842477407787566,0.27728554666278904,-0.0889957044926483,1.6542881004231258,-0.6155512249579984,0.2131349960505272,-0.10982459504856372,0.6396330220818849,-0.058974979716164604,0.610773826176196,-0.6654209455567045
-0.8219606001520061,-2.9613627926146475,1.3105131418528124,1.3383096002882837,1.3994545553564994,-1.2234932476113363,-0.3432314855494227,1.0272133121827822,-0.569590390417125,0.6831743425660377,-0.4897314824065405,0.7776653591436038,0.3421677497943833,-0.018817617728837274,-0.08599012542591979
0.6418440131892796,-1.3086561835522208,1.0637850098662485,1.1613852778289016,1.3622355760354747,-1.253871809547291,-0.2117092073867637,0.17377199221418185,-0.9109626387042189,0.16931741947450188,0.02215688202625906,0.6639488708724569,0.3498897363819762,0.7209041512382274,-0.6112924858511851
4.668297628627236,1.1647414096303639,-1.3905717979737322,-0.8439743606492957,0.40989526535881077,-1.6609064843967836,0.7540810347551383,0.2815766596767101,-0.3905264017749392,-0.4321753649822277,-0.3442330413362518,-0.5331918534973242,0.5000676677251191,-0.22665297635030512,0.6341521852733223
2.2496186903708177,-0.5245986714871635,-0.5036331671739511,-0.3501326114919476,-0.24651861530258085,-0.5865114347618368,1.4939365387895263,1.1368143849119667,1.1030317260397635,-0.9560264954993712,-0.5268648111806455,-0.661655518213771,0.394181467686313,-0.43294266188332137,0.825095580184058
4.391140700162461,-0.5576900968470031,-1.527986731774838,-1.227561965725482,-1.1725377067958016,-0.11900203641549757,0.31858014583789845,-1.3636720906792377,0.6336106588146333,-0.08625596588147141,-0.16404527844079259,-0.7402007424807461,-0.7370297437878405,0.34340326436274665,-0.3483710134105403
5.370190700202606,-1.187202920991988,-2.5569802649208637,-0.15022522872897184,0.7430829254280369,1.3551989770036097,-2.0601755186908473,1.7263932608240211,-0.14394789316838602,-1.1523416983742647,0.5489677628368633,-1.3675308223834823,0.3046690474798533,0.32236942008412756,-0.0596711080969338
4.721729043855494,-0.48626230496722583,-1.2188430709288927,-0.07216822479122739,-0.4180854972157774,1.9130310741828975,-0.23255532292527012,0.2648590589394496,-0.6867581128324199,-0.46152249396616757,-0.03129802868628075,-0.8365483080203473,0.20298753436735575,0.41872661498346186,0.30192646253663497
4.947142731351258,-1.071227270711141,-2.1837113097724448,-0.09555499782081817,0.6094620025413383,-0.5423754097465688,-1.7698565268642237,1.3152124554747635,-0.5484871068484298,-0.7605373166097308,0.7090240563504475,-1.1969804762814438,-0.0047898933153557605,0.07680858754870966,0.29059099140613737
5.5508192115834305,-0.41249733123483706,-2.041595004052567,1.1418500333090826,-0.7418728014764526,1.4807569776728793,0.38887061009759144,-0.5977842357468772,-0.27076701910777856,-0.61647844810245,1.0656124168132508,-1.0741212603667833,0.06291913266632139,0.36622630526915056,0.5750803431757829
5.278650114466872,-0.23947776821791167,-1.8172353679990034,0.9737053533956177,-1.146987689673607,0.6479091335517481,0.9626234813920234,-0.5497755112519266,-0.592424611328125,-0.32145966697130596,1.0912008677397766,-1.0374319117428756,-0.25363872750253597,0.3249413457493217,0.427513873298884
4.984796608785243,-0.5644323953703384,-1.9519144558324013,1.6806013968220257,-2.0202857071287665,-2.087247187978245,2.149892969078891,0.5710267628823068,0.38760830842264465,-0.9467075312407374,0.9221195237737323,-1.2140887134808436,-0.3033737573334997,0.1778770252705107,0.1112592277847939
3.380195831023106,-1.4120785269876301,-1.1709539407193206,0.4973186444222211,-0.8225218096599651,0.7882502741848465,0.5544411181090155,0.8056196888169441,-1.1057344521091652,-0.10644117373511887,0.6849720883923978,-0.8039056196338326,-0.5437034405655037,-0.1798907283637415,0.2638667627933164
3.8365614762859193,-1.557854843738301,-1.7057434229005526,0.7172532736203923,-1.173910222966327,0.6526457707389142,1.077602590954689,-2.0761054467083704,-1.025140325724425,0.31450722124339936,1.1497418544964944,-0.7188528097870508,-0.5751333779232581,0.11298977308381579,0.39292797359534476
5.2094277374673,-0.7659650525044394,-2.29635660381317,1.1052278522776426,-0.7602435068381544,0.7618772144406988,0.3463099023981158,2.2021327591844253,-0.7021207742600646,-0.9405490202517034,0.5533027543435439,-1.1917131229149311,0.0814319965241605,0.31432844647596986,-0.07470997052192699
3.774467080179285,-1.4652247942810461,-1.5260556433805013,0.4793911410424762,-0.26015462037808623,1.003923228565494,-0.22271088736232866,1.2246037894245285,-0.8881172851703254,-0.16242743699484058,0.5736162823825584,-0.7441703115480467,-0.3061539712659752,-0.10619774899731632,0.3166490506681472
5.559634670133835,-1.1020187862413091,-2.974465373326664,-0.45373779281044413,1.0268978814371994,-1.4651526248209168,-2.4854877116221052,-0.6701058266496672,-0.09208240183796505,-0.6001084210138748,0.9194109631670231,-1.0875993904990817,0.060875849834223866,0.23344723162729902,0.20440183088445943
5.249508164308131,-1.10932509984386,-2.327761308179823,0.43780891846486564,0.08899632947521176,-1.5795281991892316,-1.1391741111334936,0.7314345408910924,0.6096228613148963,-1.0968228067487023,0.49644146469932704,-1.1978914904392115,0.12055964194552793,0.08823888836968939,0.5004589194587205
5.540210777297458,-1.0151922303679493,-2.5137063799263997,0.8938386979043551,-0.4317502791412168,-0.399701624028438,0.09995602112670805,-0.910754869014307,-2.007767533212274,-0.11154935364390174,1.008898621133548,-1.0015427052884758,0.040443278241284,0.39597669393677287,0.2903402583176978
2.894534806164087,-2.5611029689922957,-0.9954371034649598,0.7065186094647847,-0.5686284912847754,2.3739467631171722,-0.0024599666757522845,0.8726848201862134,0.5044049445084671,-0.09415858237373981,0.05203833125128495,-0.7084972103499717,-0.19740299258288826,-0.5555584337801227,0.919216995611152
4.961818648631801,-1.3133876114241552,-2.3484958484433798,1.151275042206321,-1.1206138597438677,0.3906307935837494,0.7569119162690202,-0.038531191138526495,0.4668861117894303,-0.6887655175606245,0.7398211515622395,-1.1049619141040872,-0.19586709626576912,0.2497790069419644,0.28227466771860393
5.386037906750299,-2.0693521402645128,-3.198746678652398,2.2173412293403345,-1.9144587303758462,-2.0994392184291732,2.007995233497533,0.4812420026961104,0.41635091721639167,-0.8066361595498436,0.30351904176875844,-1.0802063388065937,0.05723227405842627,0.153778902755779,-0.008019486166952776
5.389103317420649,-1.095813343203615,-2.6552445741853274,0.930241333329312,-0.83943508555063,1.5242834547135025,0.42877683260409044,-0.21757101471115858,-0.18243910926690962,-0.48214977211529253,0.9292958610717735,-1.089942771685556,-0.18936038161547059,0.3843717520532899,0.11493467739339978
3.784295654775984,-1.2404273955999476,-1.580821784870807,-0.8282982264436008,-0.035267372437287045,-1.1071832258941174,-1.0732575736460814,-1.8593654681876897,0.3990493097420852,-0.34652879997908986,1.0699465465836213,-0.9941868165312613,-0.6748647850645314,-0.07614066975098946,0.3156601390543889
3.9707705506985738,-0.9751754713927298,-1.2042117678333992,-0.5538819960827097,-0.5923953481579075,-1.703891884348212,-0.02385289213038356,-1.495532424065039,-0.967504718564786,-0.04368798714254067,-0.16502475408406767,-0.6220356442326627,-0.07500385576440304,0.3073617898786481,0.1469181601605027
4.455340767668803,-0.15071662084994208,-1.062723628272836,-0.5141876101479547,-0.7888871843863302,-1.4494316671030705,0.044060260394452384,0.19537733751873648,0.43059181266925356,-0.6989723540293094,-0.23505183429093465,-0.8407913227104367,-0.19725911555709744,0.3084850763538597,0.1494017208094752
4.455340767668803,-0.15071662084994208,-1.062723628272836,-0.5141876101479547,-0.7888871843863302,-1.4494316671030705,0.044060260394452384,0.19537733751873648,0.43059181266925356,-0.6989723540293094,-0.23505183429093465,-0.8407913227104367,-0.19725911555709744,0.3084850763538597,0.1494017208094752
-1.7557441871719044,-5.092339951708428,0.39205495801466606,1.0167126742388544,-2.1220587386943475,-1.912696379833316,2.229792059975881,-0.7872399077620116,-0.006364922590506715,0.3493960511113632,0.13254992696639747,-0.8780759465099927,-0.2092258723481823,-0.48475489062370447,0.41024975876065123
4.907593398154444,-1.2429261852332478,-2.1896066370423486,0.9754011728507047,-0.7049987711520724,0.6954211403667339,0.5044133005118775,-0.7277464596312063,-1.5054690036049687,-0.18084179973325287,0.7108403469828318,-0.900953879552499,0.1121589844092771,0.44993065328939885,0.16393838558803023
2.6772174464927025,-1.3487428488167028,-0.282077763564732,0.9325014795302052,-2.0951111212496336,-1.980808631065051,2.325258879630217,-0.418804937121067,0.11001903193110482,-0.2341967619575011,-0.19041992103728034,-0.5378989570249404,-0.2690091384858595,-0.5196041102063114,0.5794960095077716
0.130738737058242,-2.398554004512376,0.7332184380983866,-1.1927658389987574,-1.0167642533905643,0.028758587202029073,0.2666090442156118,0.3898092195659063,0.9246300062066262,-1.0289617934636883,0.12552614362604422,-0.8456509541119054,-1.119689117974933,-0.3218555670236197,0.060374762824552425
2.2467641713503896,-1.7057098119802447,-0.28122038902732216,-0.6237812415566063,-1.1230009221357837,0.7480274883645305,0.46377440174882373,-0.5009518747344877,0.6669332142043375,-0.5425309235312928,0.025617062294712098,-0.7297260911344609,-0.9419842948987815,-0.1124923818525891,-0.03133612529142059
1.5151468670806614,-1.5564402860771083,0.48249896526681957,-0.8791513285517171,-1.0860160063072224,2.4552334590834253,0.4067103958529485,-0.09451028688723237,0.28715625147691015,-0.7576705806310997,-0.03162209648758101,-0.7909699990171217,-0.7764065028980088,-0.014884711838952212,-0.07906852505475769
-0.7345746933105389,-3.6677909080599687,0.689390822119687,-0.6014157658238397,-0.6120658336261123,2.155275675180057,-0.2728230959619643,1.4988089081447356,-0.6358713637040341,-1.0134579949844909,0.1766014547255273,-0.8914086358044453,-0.7311836129927473,-0.19907775225309782,-0.12978889930840745
1.9366186394504092,-0.30732397697888303,1.3141165430747357,-1.760214776954995,-0.16102643933704192,0.8267563502688172,-0.6382359680298122,-0.9275284209329435,-1.596818225381325,-0.05187563289164888,-0.36140163228538574,-0.5018522017809,-0.31621223080078253,-0.11405716694685356,0.23652588939165503
-0.4756903867336436,-5.519572196321662,-0.9322235021773971,0.7551723936697046,-0.724777982794399,0.6985000492735176,0.04169140192857807,0.3851263645408499,1.1008702790609768,-0.016527677352437795,0.17677937578658157,-0.4460571331091771,-0.9432451923470204,-0.37531736784176534,0.5999206747689477
3.2686823841053805,-2.613555115650948,-0.6782537716775627,-0.1402132491589555,-0.8709388037658656,-0.14694310081093756,-0.037005602146871625,-1.4486946954368503,0.6887044046949096,-0.11296748930387158,-0.9017267901835592,-0.5954763946807241,-0.10679211556005806,0.04069611589177343,0.597403113960564
3.8596717401279155,-0.8870280807307956,-0.016236594380423023,-0.4352112683528565,-0.4894990876793858,3.8848785239911416,-0.4514069546249801,0.27362104480052074,0.49206692611064223,-0.882008973732028,-0.7717107491268478,-0.8660341403066495,0.3675337552156911,0.45559306399922067,0.2041415704269344
3.6027942969382427,-2.5707578658756254,-1.268486367849882,-0.6522099472176397,-0.005931271209358148,2.971581192511405,-1.0339733618878209,-1.1960736172098483,-0.6728674865555717,0.0822532333605637,-0.8825484246303623,-0.45866343014207817,0.21035853890052328,0.40004060821936155,0.009123545066250934
1.708784831463723,-2.0166834977221977,0.3742004148067418,-0.6951397334770842,-0.8024717708008002,1.012537612346152,-0.20599439796968422,0.37973756785182555,1.372251963979464,-0.6467560021084295,-0.2528673438113334,-0.8889188321173526,-0.5757781580028184,-0.0543412377046756,0.3149694271474735
