Point_ID,Latitude,Longitude,N,P,K,OC,B1,B2,B3,B4,B5,B6,B7,B8,B8A,B9,B11,B12,NDVI,NDRE,EVI,SAVI
Point_1,14.171091,79.555352,38.0,90.2,310.4,0.26,616.0,1337.0,1602.5,1932.0,2064.0,2388.5,2683.5,2768.5,2871.0,2835.0,3416.0,3030.0,0.17795979151154132,0.14578375581996897,0.48252191970466085,0.2669112954690491
Point_2,15.298906,79.883129,113.0,21.5,428.3,0.2,734.8965517241379,590.6904761904761,808.4444444444445,845.6666666666667,1600.0,2124.6666666666665,2381.833333333333,2412.0,2587.8,2645.2727272727275,2661.3333333333335,2118.5,0.48081448889798417,0.2023928215353938,1.2810147484353882,0.7211110542738758
Point_3,14.771594,79.720251,113.0,0.8,347.6,0.14,476.0,536.0,854.0,1104.0,1668.5,2244.5,2447.5,2535.0,2725.0,2866.5,3215.0,2351.5,0.393239901071723,0.2061377423575592,0.6960116731517509,0.5897788157713972
Point_4,14.764503,79.70221,113.0,0.8,329.0,0.39,453.0,696.0,1085.0,1438.0,1908.0,2589.0,3010.0,3074.0,3378.0,3289.0,3397.0,2482.0,0.3625886524822695,0.23404255319148937,0.630880765077896,0.5438227146814404
Point_5,14.9751,80.002703,201.0,0.8,521.0,0.48,543.0,750.0,1158.0,1506.0,1982.0,2859.0,3324.0,3447.0,3757.0,3733.0,2587.0,1551.0,0.39188370684433677,0.26984711733284217,0.7074646449919814,0.5877662259008781
Point_6,14.949367,80.033357,188.0,47.62,621.0,0.13,495.0,670.0,1080.0,1190.0,1794.0,2697.0,3205.0,3212.0,3508.0,3575.0,2674.0,1730.0,0.45933666515220356,0.28326008789452656,0.9487612612612613,0.6889267461669506
Point_7,14.947189,80.026144,151.0,16.1,323.0,0.25,698.5,970.0,1262.5,1524.0,1805.0,2148.0,2360.0,2542.5,2583.0,3015.0,3345.0,2763.0,0.25046108447067505,0.1696377228292122,0.5770538243626062,0.375645438898451
Point_8,14.961667,80.034934,314.0,0.8,397.0,0.15,675.0,869.0,1425.0,1722.0,2259.0,3638.0,4031.0,3884.0,4291.0,4015.0,3438.0,2455.0,0.3856582233321441,0.26452873188995607,0.7019936359503864,0.5784357442254526
Point_9,14.958184,80.026031,376.0,18.4,416.0,0.14,446.0,669.5,1037.5,991.5,1531.5,2801.5,3265.5,3503.5,3767.5,3793.0,1959.0,1016.5,0.5588431590656284,0.3916583912611718,1.4168875853122005,0.8381715048381715
Point_10,14.678559,79.666517,351.0,8.4,130.4,0.34,440.0,554.0,869.5,959.5,1609.5,2777.5,3161.0,3240.0,3661.5,3192.0,2668.5,1697.0,0.5430408381950232,0.33622022888957626,1.1772145364443527,0.8144642857142858
Point_11,14.665916,79.677545,326.0,10.8,142.8,0.23,426.0,668.0,991.0,1266.0,1857.0,2880.0,3480.0,3718.0,3913.0,3374.0,2688.0,1478.0,0.49197431781701445,0.3338116591928251,0.972244250594766,0.737887451098405
Point_12,15.183637,79.968203,125.0,4.1,49.2,0.3,260.5,289.0,506.0,315.5,811.0,2478.5,3106.0,3196.0,3376.0,3270.5,1235.0,634.5,0.820304713085576,0.5952083853256801,2.464071856287425,1.2302818906605921
Point_13,15.183172,79.968268,125.0,4.1,49.2,0.3,308.0,285.0,487.0,320.5,956.5,2380.0,2924.0,3006.0,3210.0,3107.0,1769.5,1105.0,0.8073049751991582,0.517223974763407,2.4042076991942705,1.2107754733994591
Point_14,15.180091,79.977611,238.0,72.8,35.1,0.44,642.5,865.0,1184.0,1483.0,1724.5,2141.5,2428.0,2673.5,2813.0,2887.5,3377.5,2607.0,0.28641886202333694,0.2157798999545248,0.5852999016715831,0.4295766177531874
Point_15,15.179881,79.977198,238.0,72.8,35.1,0.44,517.0,409.5,678.0,498.5,1147.5,2446.5,2910.5,2934.5,3148.0,2837.0,1938.5,1143.0,0.7095834547043403,0.4377756001959824,2.1329130548988706,1.0642201834862386
Point_16,15.179923,79.977763,238.0,72.8,35.1,0.44,776.5,982.0,1252.5,1524.0,1699.5,2060.5,2262.5,2417.0,2528.0,2577.0,3009.0,2560.5,0.22659223547323015,0.1742985545973521,0.5319275673099834,0.3398452365850565
Point_17,15.179525,79.977394,238.0,72.8,35.1,0.44,413.5,503.5,700.0,660.0,1006.5,2287.0,2807.5,2677.0,3080.5,3239.5,1808.5,1111.5,0.6044351213664969,0.4535088910004072,1.7620337206254912,0.9065168539325843
Point_18,15.179084,79.977307,238.0,72.8,35.1,0.44,413.5,486.5,757.5,703.0,1163.0,2602.0,3184.5,2930.0,3478.5,3239.5,2058.0,1218.5,0.6129920176162951,0.4317126801856829,1.5906006713806156,0.9193614971790285
Point_19,15.178665,79.97722,276.0,112.8,49.2,0.32,386.0,484.0,721.0,653.0,1249.5,2235.5,2654.0,2602.0,2856.5,3266.0,2305.0,1469.0,0.5987711213517665,0.351161884979878,1.6854029747492216,0.898018737521118
Point_20,15.17898,79.97861,238.0,72.8,35.1,0.44,742.0,1008.5,1295.0,1528.5,1809.0,2385.5,2647.5,2879.0,2954.5,2865.0,3216.0,2551.0,0.30640952921157116,0.22824232081911264,0.7524096049919216,0.4595621597096189
Point_21,15.180049,79.979501,289.0,7.6,28.1,0.11,605.0,524.0,679.0,632.5,1304.0,2185.0,2530.5,2282.0,2785.5,2949.5,2545.0,1850.0,0.5659632870132099,0.2727272727272727,1.9198091247672253,0.8487993138936536
Point_22,15.179965,79.979697,289.0,7.6,28.1,0.11,605.0,429.0,652.5,599.5,1207.0,2413.0,2873.5,3372.0,3192.5,2949.5,2329.5,1553.5,0.6980989550547652,0.4728106573487661,1.847101932045303,1.0470166163141994
Point_23,15.18007,79.98011,289.0,7.6,28.1,0.11,485.5,486.5,757.5,795.5,1557.5,2245.5,2510.5,2489.0,2758.0,2926.0,2959.5,2245.5,0.5156035926320597,0.23019893735326827,1.1714048557792074,0.7732876712328767
Point_24,15.179504,79.980023,289.0,7.6,28.1,0.11,649.0,601.5,858.0,824.5,1237.0,2074.5,2391.5,2547.0,2609.5,2889.0,2458.0,1651.5,0.5109001927925256,0.34619450317124734,1.4432341851696688,0.7662366548042704
Point_25,15.179105,79.983391,188.0,48.8,35.1,0.18,533.0,602.0,922.0,1163.5,1557.5,2233.0,2472.5,2619.0,2726.0,2815.0,2828.0,2159.5,0.3847984137475215,0.2541601819705495,0.7154443570585922,0.5771213322759715
Point_26,15.178015,79.981479,188.0,66.4,63.2,0.27,310.5,369.0,571.0,427.0,968.0,2372.0,2940.0,3160.0,3184.5,3090.0,1800.5,1012.0,0.7619180373571229,0.5310077519379846,2.3117915750296056,1.1427177700348432
Point_27,15.165909,79.966458,163.0,8.8,35.1,0.48,476.5,580.5,853.0,833.0,1531.0,2402.0,2887.5,3100.5,3108.0,3154.0,2712.0,2003.0,0.5764586246345493,0.33887509446183744,1.5133818327437762,0.8645780376207424
Point_28,15.165288,79.966784,163.0,8.8,35.1,0.48,648.0,932.0,1233.5,1510.0,1848.5,2150.5,2314.0,2284.0,2505.0,2686.0,2973.0,2636.0,0.2040063257775435,0.10538415003024804,0.4443168771526981,0.30596916589801026
Point_29,15.164869,79.96711,163.0,8.8,35.1,0.48,648.0,448.5,665.0,645.5,1230.0,2150.5,2581.5,2629.5,2857.0,2686.0,2361.0,1657.0,0.6058015267175573,0.3626117372716673,1.5797436101600446,0.9085635780796825
Point_30,15.164408,79.967001,163.0,8.8,35.1,0.48,476.5,563.0,832.0,874.0,1410.5,2529.0,2983.0,3019.0,3286.0,3129.0,2460.5,1784.0,0.5509889545337786,0.36313353651653685,1.326858839539775,0.8263772954924875
Point_31,15.164869,79.966067,163.0,8.8,35.1,0.48,527.0,586.0,881.0,985.0,1318.5,2274.0,2765.0,2830.0,2959.0,2827.5,2455.0,1737.0,0.4836173001310616,0.3643485597203809,1.0613207547169812,0.7253308871707509
Point_32,15.165225,79.966067,163.0,8.8,35.1,0.48,527.0,597.0,894.5,1118.0,1429.0,2218.5,2511.5,2572.0,2758.0,2827.5,2620.0,1872.0,0.3940379403794038,0.2856785803549113,0.7567398771728948,0.5909768324075328
Point_33,15.126162,79.94613,201.0,12.3,49.2,0.29,328.5,410.5,691.0,577.5,1226.0,2120.0,2395.0,2229.5,2529.0,2350.5,2121.5,1221.5,0.5885286783042394,0.2904065981768196,1.5782936849144933,0.8826357969723954
Point_34,15.125683,79.945303,201.0,12.3,49.2,0.29,347.0,422.0,718.0,751.0,1371.5,2126.5,2355.5,2409.0,2480.5,2489.5,2539.5,1675.5,0.5246835443037975,0.274434598598069,1.1050386563583046,0.7869008068343616
Point_35,15.126508,79.944999,201.0,12.3,49.2,0.29,347.0,444.5,732.5,660.5,1246.5,2060.5,2273.5,2287.0,2462.0,2615.5,2267.0,1307.5,0.5518235793044953,0.29446724211122116,1.393864084325992,0.8275949796472184
Point_36,14.841834,79.587028,238.0,13.1,99.3,0.1,802.5,918.5,1179.0,1380.5,1468.5,1933.0,2158.5,2394.0,2292.5,2442.5,2453.5,2099.0,0.2685123857464565,0.2396116504854369,0.6686679422049219,0.40271523178807944
Point_37,14.784418,79.723288,113.0,14.6,229.7,0.14,598.5,598.0,922.0,1109.0,1583.0,2363.5,2619.5,2682.0,2877.5,2824.0,2649.5,1984.5,0.41493009759957794,0.25767878077373974,0.8104905193734542,0.6223130687063168
Point_38,15.142971,79.984281,100.0,14.7,42.1,0.62,603.0,749.0,1082.0,1295.0,1725.5,2728.5,3128.0,3226.5,3466.5,3367.5,2671.0,1815.5,0.4271812451620038,0.3031098546042003,0.8975371747211897,0.6407010172490049
Point_39,15.142955,79.984075,100.0,14.7,42.1,0.62,603.0,905.5,1313.0,1689.5,2055.0,2813.5,3295.5,3410.5,3631.0,3367.5,3030.0,1910.0,0.3374509803921569,0.24801024608910438,0.6367235191830996,0.5061268503087932
Point_40,15.143154,79.983554,100.0,14.7,42.1,0.62,637.5,725.0,1068.0,1252.5,1872.5,2716.5,3025.5,3112.5,3329.5,3371.5,2744.0,1723.5,0.4261168384879725,0.24874623871614845,0.8957811596994798,0.6391020501660749
Point_41,15.142536,79.983814,100.0,14.7,42.1,0.62,592.5,818.5,1214.0,1361.0,1931.0,2743.0,3206.5,3328.0,3595.5,3467.5,2918.0,1900.0,0.4194924290893581,0.2656398554858338,0.9180863477246208,0.6291715534705192
Point_42,15.142672,79.98351,100.0,14.7,42.1,0.62,592.5,804.5,1182.0,1349.0,1930.5,2748.0,3144.0,3242.0,3448.0,3467.5,2802.0,1856.0,0.4123284687431932,0.25355244079265343,0.892377315796917,0.6184253511924208
Point_43,15.142148,79.983532,100.0,14.7,42.1,0.62,592.5,750.5,1122.0,1290.0,1952.0,2800.5,3205.0,3298.0,3542.0,3467.5,2995.5,1947.0,0.43766346992153443,0.2563809523809524,0.9278683979483388,0.6564236678653155
Point_44,15.136464,79.986865,113.0,68.7,49.2,0.2,468.0,607.5,875.0,1107.5,1538.5,1933.5,2104.5,1996.0,2215.0,2217.5,2952.5,1992.0,0.28628967294989527,0.12943839298344886,0.5436578351587835,0.4293653350515464
Point_45,15.138871,79.981815,226.0,12.3,49.2,0.38,588.5,723.0,1121.0,1387.0,1917.0,2978.5,3314.0,3398.0,3670.5,3657.0,2646.0,1647.5,0.4202716823406479,0.2786453433678269,0.7982059220449312,0.6303416570891234
Point_46,15.138692,79.981935,226.0,12.3,49.2,0.38,609.0,783.0,1190.0,1462.5,1932.5,2991.5,3284.0,3367.5,3680.5,3662.0,2484.5,1509.0,0.3944099378881988,0.27075471698113207,0.7594482538670068,0.5915536693924025
Point_47,15.13844,79.982098,226.0,12.3,49.2,0.38,609.0,817.0,1214.0,1394.0,1864.5,2788.5,3430.5,3526.0,3771.5,3662.0,2547.0,1828.0,0.43333333333333335,0.3082274371579631,0.92478528671814,0.6499339498018494
Point_48,15.138335,79.981962,226.0,12.3,49.2,0.38,609.0,773.0,1140.0,1294.0,1864.5,2788.5,3430.5,3536.5,3771.5,3662.0,2547.0,1828.0,0.4642376565572922,0.3095723014256619,1.018577398255814,0.6962844131649761
Point_49,15.138262,79.981745,226.0,12.3,49.2,0.38,507.5,849.5,1258.0,1541.0,2000.5,2912.0,3404.0,3670.0,3751.0,3327.5,3074.0,1912.0,0.40855881788524273,0.2944184816153778,0.8131230187526257,0.6127794301064953
Point_50,15.138592,79.981631,226.0,12.3,49.2,0.38,649.0,716.0,1172.0,1392.0,1921.0,2985.0,3323.5,3380.0,3684.5,3741.5,2742.0,1811.0,0.4165968147527242,0.27523108847387284,0.781078107810781,0.6248297537977998
Point_51,15.138466,79.981652,226.0,12.3,49.2,0.38,649.0,799.0,1215.0,1440.0,2074.5,3040.5,3501.5,3530.0,3858.5,3741.5,2933.0,1855.5,0.42052313883299797,0.2597020251583549,0.8456745164683985,0.6307212554069007
Point_52,15.131673,79.970685,50.0,5.9,28.1,0.17,472.5,667.5,1047.5,1183.0,1658.0,2378.5,2777.0,2938.0,3089.5,2712.0,2871.0,1911.5,0.42586750788643535,0.278503046127067,0.8721363613775281,0.6387237656193133
Point_53,15.132273,79.968947,138.0,59.3,49.2,0.18,460.0,615.5,937.0,1202.0,1643.0,2125.5,2310.0,2301.0,2365.5,1529.5,2724.5,1898.5,0.3137310876391664,0.16683569979716023,0.560971874840488,0.4705294705294705
Point_54,15.133465,79.965561,163.0,11.2,42.1,0.42,460.0,595.0,820.0,727.5,1332.5,2536.5,3043.0,3166.0,3433.5,3417.5,1957.5,1074.0,0.6263002439964043,0.4075803045459598,1.9860726502687733,0.9393297380585517
Point_55,15.133336,79.965691,163.0,11.2,42.1,0.42,508.0,608.5,902.5,907.5,1604.5,2353.0,2673.5,2783.0,2910.0,2201.0,2666.5,1708.5,0.5081967213114754,0.2686039886039886,1.2792442534615647,0.7621918179355189
Point_56,15.133865,79.963692,351.0,37.59,35.1,0.11,471.5,498.5,782.0,740.0,1299.5,2299.0,2640.5,2931.0,2825.5,2253.0,2164.5,1305.0,0.5968400980659221,0.3856518142063586,1.5076033853987478,0.8951382268827455
Point_57,15.133817,79.963469,351.0,37.59,35.1,0.11,471.5,485.0,703.5,682.0,1259.0,2127.5,2428.0,2260.5,2608.0,2253.0,2112.5,1297.5,0.5364485981308411,0.2845574655490837,1.4529639175257734,0.8045361875637105
Point_58,15.134074,79.963295,351.0,37.59,35.1,0.11,459.0,573.5,872.5,809.0,1355.5,2411.5,2833.0,2899.0,3001.5,3294.0,1916.0,1067.0,0.5636461704422869,0.3627923375249736,1.5132865107522988,0.8453552649319132
Point_59,15.133833,79.963482,351.0,37.59,35.1,0.11,471.5,385.5,641.0,559.0,1259.0,2127.5,2428.0,2255.0,2608.0,2253.0,2112.5,1297.5,0.6027007818052594,0.28343767785998863,1.5595402298850574,0.9038905667081187
Point_60,15.13494,79.960072,88.0,76.9,35.1,0.26,644.0,833.0,1194.5,1680.0,2132.0,2475.0,2599.5,2384.5,2672.0,2691.0,3182.5,2693.5,0.17333005289703532,0.055906121997121666,0.2832502412351239,0.25996309963099634
Point_61,15.135242,79.959189,88.0,76.9,35.1,0.26,792.0,763.5,986.0,1179.0,1786.5,2042.0,2277.5,2046.0,2506.5,2540.5,3280.0,2876.5,0.2688372093023256,0.06771037181996085,0.6384858973414832,0.40319330336381953
Point_62,15.136468,79.959312,276.0,40.53,56.2,0.27,554.5,637.5,950.0,1052.0,1458.0,2662.5,3046.5,3142.0,3353.0,2975.0,2762.0,1760.5,0.4983309489747258,0.3660869565217391,1.1179459748595881,0.7474073191083561
Point_63,15.135141,79.956606,201.0,10.0,42.1,0.8,558.0,622.5,951.5,888.5,1573.0,2728.0,3181.0,3290.0,3561.5,3582.0,2291.5,1366.5,0.5747277731243269,0.3530742340119268,1.5186871561373552,0.8619885139985641
Point_64,15.136814,79.956172,314.0,1.8,35.1,0.68,493.5,639.0,964.5,854.5,1557.0,2881.0,3404.0,3527.0,3863.5,3797.0,2111.5,1158.0,0.6099509300467876,0.3874901652242329,1.7297734627831716,0.9148219990871748
Point_65,15.138285,79.956563,351.0,22.3,56.2,0.32,456.0,616.5,962.5,980.0,1489.0,2582.5,3062.5,3375.0,3473.0,3199.5,2276.5,1307.5,0.5499425947187141,0.38774671052631576,1.2925684062820444,0.8248191941223741
Point_66,15.139812,79.955867,50.0,13.5,42.1,0.17,504.5,662.0,906.5,807.5,1640.0,2938.0,3383.5,3445.5,3840.0,3784.5,2232.5,1165.5,0.6202680460851164,0.35502900403106874,1.9825642567262889,0.9302927001293052
Point_67,15.139333,79.953684,289.0,36.42,49.2,0.19,481.5,538.0,874.0,753.0,1473.0,2769.5,3359.0,3474.0,3776.0,3753.0,2238.0,1245.0,0.6437189496096523,0.40448756822316556,1.7186710459828198,0.9654642223536369
Point_68,15.13861,79.953608,125.0,31.72,49.2,0.11,475.5,620.5,943.5,928.0,1477.5,2756.5,3146.5,3357.5,3572.0,3617.5,2274.0,1320.0,0.5669116789172792,0.38883143743536713,1.421508396231935,0.850268315445637
Point_69,15.137708,79.953227,188.0,11.2,49.2,0.28,501.5,576.0,878.0,819.0,1473.0,2697.0,3185.0,3208.0,3499.0,3640.0,2122.5,1192.5,0.593245592252297,0.3706472975859859,1.5704706810412832,0.88975791433892
Point_70,15.137242,79.955061,314.0,1.8,35.1,0.68,490.0,711.0,1030.0,1037.5,1633.0,2636.0,3124.0,3372.0,3520.0,3649.0,2282.5,1253.0,0.5294251048871754,0.34745254745254744,1.368245223303247,0.7940476190476191
Point_71,15.136816,79.956164,314.0,1.8,35.1,0.68,493.5,644.5,978.0,886.0,1557.0,2881.0,3404.0,3592.0,3863.5,3797.0,2111.5,1158.0,0.6042876284055382,0.39522237327636434,1.660020857616097,0.9063302445015071
Point_72,15.136284,79.954827,314.0,1.8,35.1,0.68,497.5,636.0,1007.0,1072.0,1596.5,2293.0,2725.0,2428.5,2926.5,2993.0,2197.5,1368.0,0.387516069132981,0.20670807453416148,0.8288524990834657,0.581191088260497
Point_73,15.130206,79.95269,263.0,135.0,42.1,0.23,305.0,473.0,693.5,755.0,1103.5,2062.0,2337.0,2075.0,2516.0,2473.5,1985.5,1233.0,0.4664310954063604,0.3056473179172566,1.0789602746444336,0.6995230524642289
Point_74,15.129115,79.95032,314.0,5.9,49.2,0.18,322.5,457.5,732.0,686.0,1195.5,2098.5,2330.5,2431.5,2505.0,2651.0,2160.5,1323.0,0.5599037690457097,0.34077750206782464,1.3998716817707915,0.8397209749839641
Point_75,15.121267,79.944503,289.0,3.5,28.1,0.69,348.0,387.5,742.5,919.0,1609.5,2210.0,2466.5,2505.5,2553.0,2541.0,2830.5,2031.5,0.46327931084829904,0.21773997569866343,0.7755291587231754,0.6948175182481752
Point_76,14.78426,79.723388,113.0,14.6,229.7,0.14,598.5,693.5,954.0,1153.0,1611.5,2208.0,2546.5,2553.5,2833.0,2824.0,3009.0,2343.5,0.3778497234587886,0.2261704681872749,0.8197249048873281,0.5666981386565957
Point_77,15.13483,79.960088,88.0,76.9,35.1,0.26,644.0,777.5,1093.0,1291.0,2132.0,2475.0,2599.5,2320.5,2672.0,2691.0,3182.5,2693.5,0.28506160874982694,0.042335766423357665,0.6075538506934198,0.42753322259136206
Point_78,14.851277,79.953842,113.0,14.6,434.0,0.14,453.0,575.0,995.0,1032.5,1623.5,2048.0,2192.0,2200.5,2335.0,2320.5,2036.0,1313.0,0.3612743581812558,0.15088912133891214,0.7149853085210578,0.5418277408381011
Point_79,14.884256,79.957311,226.0,3.8,515.0,0.4,495.0,686.0,1057.0,1305.5,1798.5,2387.5,2732.5,2820.0,3033.0,2996.5,3098.5,2219.5,0.3671070173312326,0.22117570639818124,0.6872844436376837,0.5505937954435289
Point_80,14.957625,79.511017,113.0,0.8,180.0,0.32,338.5,503.5,830.0,736.0,1405.0,2456.5,2965.0,3102.5,3332.0,3149.0,1858.5,1083.0,0.6165168685684512,0.37659456461453134,1.5805115875242102,0.9246548580359469
Point_81,15.116372,80.032199,201.0,15.9,56.2,0.51,539.5,622.0,1044.0,1055.0,1664.0,2773.0,3159.5,3289.5,3606.5,3556.0,2463.5,1436.5,0.5143284612728738,0.3281518118502069,1.1272828170719402,0.7714039125431531
Point_82,15.111631,80.041849,163.0,12.3,42.1,0.16,465.5,732.0,1090.0,1168.0,1676.0,2791.5,3211.5,3328.5,3509.5,3375.0,3095.0,2235.5,0.480484821527855,0.33020281746428215,1.1142341413099535,0.7206470980653769
Point_83,15.111004,80.041799,226.0,1.8,49.2,0.87,506.0,967.5,1358.0,1738.0,2261.5,2938.0,3201.0,3276.0,3547.0,3357.5,4182.0,3581.0,0.3067411248504188,0.18320541760722348,0.5962395813142082,0.46006580915345496
Point_84,15.110328,80.041649,226.0,1.8,49.2,0.12,577.0,694.5,1013.0,1197.0,1791.0,2465.5,2757.5,2684.0,3012.5,2794.5,3161.5,2421.5,0.3831486730224169,0.19955307262569832,0.798046476681157,0.5746489759113745
Point_85,15.111037,80.041787,226.0,1.8,49.2,0.87,506.0,952.0,1361.5,1757.5,2261.5,2938.0,3201.0,3251.0,3547.0,3357.5,4182.0,3581.0,0.29819307177797744,0.17950113378684807,0.5608757698663062,0.44724495907366746
Point_86,15.110896,80.028423,289.0,4.7,35.1,0.89,504.5,725.0,1007.5,1208.0,1696.5,2831.0,3245.5,3370.0,3648.0,3480.5,2403.0,1593.5,0.472258628221931,0.33030691799072337,1.0431342275402875,0.7083105820683631
Point_87,15.111032,80.028427,289.0,4.7,35.1,0.89,504.5,734.5,1003.5,1182.0,1799.0,2719.5,3073.0,3330.0,3381.0,3480.5,2938.5,2036.5,0.47606382978723405,0.29849873269643207,1.092740499567584,0.7140166204986149
Point_88,15.110906,80.028243,289.0,4.7,35.1,0.89,504.5,715.5,985.5,1130.0,1696.5,2831.0,3245.5,3340.0,3648.0,3480.5,2403.0,1593.5,0.49440715883668906,0.32631787947979746,1.1619958988380041,0.7415277933117101
Point_89,15.110935,80.02816,289.0,4.7,35.1,0.89,534.5,704.0,1025.0,1227.5,1722.0,2669.0,2978.0,3218.0,3374.0,3320.0,2503.0,1573.0,0.4477561579124958,0.302834008097166,0.9382070135746606,0.6715587044534412
Point_90,15.110638,80.028409,289.0,4.7,35.1,0.89,500.5,713.5,1024.0,1160.0,1730.0,2587.5,2972.0,3270.0,3326.0,3225.0,2681.0,1806.5,0.4762979683972912,0.308,1.080998001946821,0.714366324342625
Point_91,15.089427,80.03966,75.0,18.2,21.1,0.52,550.0,852.0,1294.0,1570.0,2221.0,2776.0,3009.0,2942.0,3264.0,3114.0,3972.0,3148.0,0.30407801418439717,0.13964749176835173,0.5742507952452703,0.4560664819944598
Point_92,15.094667,80.026777,314.0,18.2,28.1,0.5,527.0,831.0,1192.0,1346.0,1800.0,2848.0,3172.0,3247.0,3565.0,3542.0,2854.0,1956.0,0.41389070324406707,0.2867049732514365,0.9334184425022096,0.6207684771960379
Point_93,15.093541,80.027212,151.0,11.2,28.1,0.68,508.0,761.0,1094.0,1208.0,1678.0,2614.0,2926.0,3090.0,3213.0,3195.0,2272.0,1644.0,0.4378780828292229,0.2961409395973154,1.0158695886861708,0.6567407235082006
Point_94,15.092408,80.029341,88.0,15.9,42.1,0.36,527.0,772.0,1116.0,1292.0,1810.0,2814.0,3369.0,3428.0,3757.0,3704.0,3183.0,2081.0,0.45254237288135596,0.30889652539137075,0.9905397885364496,0.678741658722593
Point_95,15.092618,80.029863,88.0,15.9,42.1,0.36,544.0,867.0,1190.0,1416.0,2011.0,3005.0,3537.0,3616.0,3983.0,3802.0,3538.0,2258.0,0.43720190779014306,0.2852319175404301,0.9803047856697265,0.6557377049180327
Point_96,15.091276,80.02795,138.0,12.3,28.1,0.65,562.0,838.0,1174.0,1454.0,2029.0,2885.0,3440.0,3533.0,3891.0,3784.0,3505.0,2212.0,0.4168838981351514,0.27040632865875586,0.8701657458563536,0.6252631578947369
Point_97,15.089472,80.030427,113.0,27.0,21.1,0.52,582.0,888.0,1270.0,1660.0,2126.0,2976.0,3346.0,3467.0,3804.0,3643.0,3742.0,2742.0,0.35244782523893115,0.23976399070266405,0.6674793144208038,0.5286201852754754
Point_98,15.088088,80.028472,151.0,37.59,56.2,0.37,562.0,858.0,1221.0,1405.0,2044.0,2823.0,3353.0,3494.0,3780.0,3607.0,2772.0,1881.0,0.42641355378648704,0.26182737450343085,0.9512750455373407,0.6395550566384325
Point_99,15.087081,80.027342,125.0,10.0,28.1,0.92,583.0,834.0,1228.0,1496.0,2089.0,3094.0,3652.0,3743.0,4129.0,4029.0,3515.0,2330.0,0.4288986447795381,0.2836076817558299,0.8689095127610209,0.6432865731462926
Point_100,15.08641,80.029863,113.0,12.3,35.0,0.5,562.0,825.0,1216.0,1352.0,1990.0,2904.0,3401.0,3540.0,3762.0,3602.0,2956.0,2279.0,0.4472608340147179,0.28028933092224234,1.0008233464458878,0.6708226877874297
Point_101,15.085403,80.029993,113.0,12.3,35.0,0.5,540.0,761.0,1138.0,1368.0,1894.0,2916.0,3341.0,3481.0,3838.0,3766.0,2928.0,1991.0,0.43575995050525884,0.2952558139534884,0.8829920601755119,0.6535725332508506
Point_102,15.093163,80.02669,151.0,11.2,28.1,0.68,535.0,785.0,1120.0,1376.0,1815.0,2543.0,3097.0,3204.0,3372.0,3329.0,3147.0,2074.0,0.39912663755458516,0.2767483562462642,0.8199515564725935,0.5986246043008405
Point_103,15.085489,80.029995,113.0,12.3,35.0,0.5,574.0,782.0,1154.0,1370.0,1890.0,2789.0,3399.0,3596.0,3857.0,3679.0,3162.0,2265.0,0.4482480869915425,0.3109733868027707,0.9349798387096774,0.6723044397463003
Point_104,15.082922,80.031298,226.0,12.3,28.1,0.71,576.0,735.0,1106.0,1408.0,1935.0,2865.0,3272.0,3272.0,3600.0,3669.0,2994.0,2220.0,0.39829059829059826,0.25676973305166123,0.7505838769429009,0.5973720756329453
Point_105,15.08158,80.030429,213.0,7.0,35.1,0.48,573.0,866.0,1252.0,1600.0,2085.0,2905.0,3547.0,3462.0,3850.0,3738.0,3772.0,2694.0,0.3678387988937179,0.2482422931314224,0.7087393422655298,0.5517037037037037
Point_106,15.081454,80.028648,188.0,24.1,49.2,0.65,553.0,830.0,1163.0,1470.0,1982.0,2875.0,3258.0,3396.0,3714.0,3580.0,3716.0,2639.0,0.3958076448828607,0.2629230197099293,0.8035714285714286,0.5936504674817631
Point_107,15.080237,80.033167,138.0,15.9,28.1,0.73,544.0,652.0,944.0,1132.0,1591.0,2210.0,2515.0,2432.0,2681.0,2862.0,2523.0,1875.0,0.36475869809203143,0.2090479741486453,0.7497116493656286,0.5470612989199046
Point_108,14.993612,79.912011,314.0,17.7,366.0,0.1,459.0,467.0,730.0,899.0,1574.0,2398.0,2697.0,2839.0,2879.0,2936.0,2957.0,2015.0,0.5189941144997324,0.2866530704736007,1.0250449117615978,0.7783870536311355
Point_109,14.886735,79.907462,125.0,11.7,105.3,0.34,763.5,795.5,1071.5,1259.5,1637.0,2353.5,2555.5,2615.0,2779.0,2729.0,2819.0,2115.0,0.3498515937540328,0.23000940733772343,0.8055506031972426,0.5247096774193549
Point_110,14.128473,79.831852,75.0,86.8,335.2,0.18,881.0,662.0,898.0,832.0,1442.0,2230.0,2486.0,2749.0,2603.0,2565.0,2471.0,2069.0,0.5353253281206367,0.3118587449296111,1.7257832193014044,0.8028758899902275
Point_111,14.128599,79.830847,75.0,86.8,335.2,0.18,909.0,1015.0,1318.5,1491.0,1960.0,2390.0,2558.0,2511.0,2755.0,2830.5,3009.0,2599.5,0.25487256371814093,0.12323864907179602,0.6631127291639578,0.382261086820737
Point_112,14.12851,79.831879,75.0,86.8,335.2,0.18,881.0,662.0,898.0,832.0,1442.0,2230.0,2486.0,2749.0,2603.0,2565.0,2471.0,2069.0,0.5353253281206367,0.3118587449296111,1.7257832193014044,0.8028758899902275
Point_113,14.128339,79.832047,100.0,10.0,285.5,0.27,736.0,1268.0,1521.0,1666.0,1719.0,2128.0,2291.0,2615.0,2491.0,2630.0,2781.0,2334.0,0.22167717822938565,0.2067374250115367,0.764829142488717,0.33247693565339254
Point_114,14.128339,79.831852,100.0,10.0,285.5,0.27,881.0,880.0,1068.0,1278.0,1479.0,2070.0,2288.0,2142.0,2454.0,2565.0,2553.0,2156.0,0.25263157894736843,0.18309859154929578,0.6726876362503893,0.37889197485747694
Point_115,14.128245,79.832267,100.0,10.0,285.5,0.27,639.0,758.5,1007.0,1018.0,1497.0,2272.5,2616.0,2584.0,2759.5,2647.0,2554.0,1944.5,0.43475846751804553,0.26635628522420973,1.3031538653574104,0.6520471894517695
Point_116,14.128228,79.831703,100.0,10.0,285.5,0.27,771.0,756.0,889.0,898.0,1461.0,1979.0,2261.0,2388.0,2422.0,2589.0,2448.0,2042.0,0.4534388314059647,0.24084177708495713,1.7679164689131466,0.6800547695116386
Point_117,14.128305,79.831332,100.0,10.0,285.5,0.27,909.0,840.5,1153.0,1327.5,1669.5,2227.5,2443.5,2456.0,2653.5,2830.5,2808.0,2338.5,0.29826879873133344,0.19064355835656285,0.6850604018697262,0.4473440803382664
Point_118,14.128185,79.830856,75.0,86.8,335.2,0.18,899.5,966.5,1222.5,1331.0,1813.0,2245.0,2361.0,2235.0,2617.0,2609.0,3033.5,2609.5,0.25350532809871,0.1042490118577075,0.7601109896577819,0.3802046824617973
Point_119,14.128091,79.831279,100.0,10.0,285.5,0.27,899.5,1031.0,1334.0,1576.0,1781.0,2139.0,2336.0,2376.0,2524.0,2609.0,2913.0,2597.0,0.20242914979757085,0.14313206639403417,0.4877453969028167,0.3036053130929791
Point_120,14.127997,79.831535,100.0,10.0,285.5,0.27,771.0,746.0,893.0,944.0,1383.0,2088.0,2319.0,2069.0,2472.0,2589.0,2491.0,1955.0,0.3733820112844341,0.19872537659327927,1.3148667601683028,0.5599800895968143
Point_121,15.115114,79.721564,151.0,19.2,154.5,0.39,422.0,519.0,848.0,1047.0,1496.5,2148.0,2356.0,2358.0,2519.0,2717.0,2932.5,2441.5,0.38502202643171807,0.223504994162667,0.6902179635674424,0.5774482454852444
Point_122,14.970048,80.042034,188.0,32.3,323.0,0.25,650.0,1036.0,1541.0,1832.0,1894.0,2718.0,3003.0,2986.0,3166.0,3399.0,3214.0,2373.0,0.23951847239518473,0.22377049180327868,0.46464809148010955,0.3592404275189374
Point_123,14.418031,80.039208,100.0,31.5,540.0,0.17,481.0,757.0,994.0,924.0,1655.0,2863.0,3337.0,3323.0,3746.0,3440.0,2241.0,1302.0,0.5648693195196609,0.3350743270389715,1.8797994044820563,0.8472042377869335
Point_124,14.418495,80.039017,100.0,31.5,540.0,0.17,488.0,610.0,976.0,1108.0,1647.0,2759.0,3213.0,3364.0,3527.0,3449.0,2374.0,1506.0,0.5044722719141324,0.3426461784075035,1.0371460095623393,0.7566238121855786
Point_125,14.418812,80.03869,100.0,31.5,540.0,0.17,460.0,551.0,911.0,856.0,1623.0,2859.0,3421.0,3628.0,3795.0,3676.0,2162.0,1284.0,0.6181980374665478,0.3818320319939059,1.4959525094441448,0.9271936670754821
Point_126,14.449035,80.053729,75.0,10.0,584.0,0.12,686.0,660.0,930.0,902.0,1685.0,2417.0,2753.0,2930.0,2881.0,2747.0,2329.0,1792.0,0.5292275574112735,0.26977248104008666,1.4942528735632186,0.7937377690802349
Point_127,14.442702,80.051426,88.0,15.4,528.0,0.36,437.0,506.0,790.0,649.0,1165.0,1424.0,1699.0,1782.0,1662.0,1162.0,1264.0,1031.0,0.4660633484162896,0.20936545639633525,1.505047821466525,0.6989512646514497
Point_128,14.438297,80.053586,75.0,30.0,614.0,0.41,505.0,806.0,1072.0,1050.0,1935.0,3007.0,3473.0,3606.0,3874.0,3534.0,2250.0,1335.0,0.5489690721649485,0.30157011369788844,1.6545831175556704,0.823365188446258
Point_129,14.439262,80.056716,25.0,16.1,379.0,0.08,421.0,534.0,932.0,983.0,1568.0,2825.0,3265.0,3477.0,3670.0,3660.0,1949.0,1058.0,0.5591928251121077,0.37839444995044597,1.160863898715323,0.8386952135410828
Point_130,14.441054,80.05567,100.0,16.9,317.0,0.16,428.0,440.0,720.0,574.0,1379.0,2747.0,3619.0,3420.0,3848.0,3945.0,1982.0,1053.0,0.7125688532799199,0.4252969368618462,1.9957924263674616,1.0687194892977845
Point_131,14.440598,80.056705,25.0,16.1,379.0,0.08,453.0,632.0,892.0,892.0,1532.0,2866.0,3480.0,3776.0,3890.0,3751.0,1793.0,930.0,0.6178234790059983,0.42275810097965333,1.6427432216905902,0.9266359644425404
Point_132,14.44039,80.05692,25.0,16.1,379.0,0.08,440.0,516.0,917.0,816.0,1670.0,2819.0,3374.0,3567.0,3660.0,3691.0,1931.0,957.0,0.6276522929500342,0.3622302845140348,1.4970613844144536,0.941371050530398
Point_133,14.440787,80.057212,25.0,16.1,379.0,0.08,448.0,572.0,819.0,891.0,1471.0,2578.0,3095.0,3245.0,3391.0,3596.0,1638.0,898.0,0.5691489361702128,0.3761662425784563,1.3679683867968386,0.8536202103227366
Point_134,14.440239,80.058228,38.0,26.9,502.0,0.2,467.0,598.0,894.0,969.0,1562.0,2750.0,3373.0,3367.0,3616.0,3572.0,1690.0,889.0,0.5530442804428044,0.3662000405761818,1.2763466042154568,0.8294707713593912
Point_135,14.974625,79.645457,63.0,20.7,378.6,0.28,472.5,752.0,1059.0,1230.5,1804.5,2532.5,2874.0,3021.0,3219.0,3228.5,2839.0,2042.0,0.4211454780665647,0.2520982281628847,0.9394018887722979,0.6316439322671683
Point_136,14.980394,79.647092,151.0,1.5,428.3,0.34,605.0,639.5,1015.5,1047.0,1677.0,2752.5,3184.5,3425.5,3570.5,3525.5,2958.0,1856.5,0.531805477920626,0.34267515923566877,1.2104941727314367,0.7976190476190477
Point_137,14.986485,79.647325,176.0,15.4,428.3,0.45,468.5,664.5,981.5,1133.0,1493.5,2409.5,2780.5,2916.5,3149.5,2943.5,2674.0,1745.5,0.4404247437955303,0.32267573696145124,0.9423046441591377,0.6605555555555556
Point_138,14.999118,79.640318,50.0,28.4,360.0,0.21,536.0,920.0,1179.0,1376.0,1763.5,2221.5,2437.0,2304.5,2622.5,2678.0,2860.0,2310.5,0.25227550604537424,0.13298918387413963,0.6339614911921344,0.3783618581907091
Point_139,14.945181,79.635693,113.0,16.1,434.5,0.23,400.5,460.0,718.5,554.5,1259.0,2617.0,3059.0,3221.5,3331.5,3074.5,2764.0,1661.0,0.706302966101695,0.4380091507644236,2.1511534118406193,1.0593141797961074
Point_140,14.97408,79.644957,63.0,20.7,378.6,0.24,399.0,457.0,725.0,833.5,1393.0,2203.5,2476.0,2531.0,2782.5,2807.5,2694.5,1782.5,0.5045326200029722,0.2900101936799184,1.0336743393009378,0.7566864784546805
Point_141,14.999059,79.640151,50.0,28.4,360.0,0.21,536.0,815.5,1064.5,1253.5,1537.5,2295.0,2554.5,2516.0,2848.5,2678.0,2637.0,2014.0,0.3349250563735243,0.24139632416430246,0.804806527698094,0.5023209549071618
Point_142,14.994914,79.643355,151.0,13.1,384.9,0.18,444.5,506.5,795.0,792.0,1363.5,2204.0,2488.0,2673.0,2816.0,2798.5,2544.5,1553.0,0.5428571428571428,0.32441471571906355,1.2964366944655041,0.814168229692685
Point_143,14.986294,79.645872,176.0,15.4,428.3,0.45,437.5,584.0,822.5,854.5,1223.5,2043.0,2295.0,2525.5,2584.0,2859.5,2388.0,1542.5,0.4943786982248521,0.34729261136303013,1.2761570184817472,0.7414583641473155
Point_144,14.999612,79.63983,50.0,28.4,360.0,0.21,544.0,430.0,698.5,671.0,1254.0,2001.0,2279.5,2554.0,2486.0,2428.0,2318.5,1659.0,0.583875968992248,0.34138655462184875,1.4027115613825982,0.8756781894279957
Point_145,14.669867,79.722879,326.0,20.7,329.0,0.28,723.0,892.5,1236.5,1686.0,2139.5,2490.0,2762.0,2848.5,3076.5,3032.5,3740.5,2872.5,0.2563678465100893,0.1421411387329591,0.46338741180691195,0.3845093715545755
Point_146,14.94221,79.82098,38.0,10.6,140.5,0.69,340.5,409.0,656.0,859.0,1354.5,2176.0,2499.0,2527.0,2672.5,2663.0,2718.0,1852.5,0.4926166568222091,0.30207394048692515,0.9036732040307726,0.738815886608593
Point_147,14.860562,79.407346,176.0,14.1,273.9,0.53,523.5,533.0,818.0,1132.0,1492.5,1904.5,2076.5,2153.0,2241.5,2336.5,2605.5,2089.5,0.31080669710806696,0.18118227952269922,0.5158128725876528,0.4661390960280018
Point_148,14.276189,80.046718,75.0,5.9,84.3,0.21,793.0,912.0,1328.0,1116.0,1897.0,2962.0,3782.0,3920.0,4279.0,4215.0,3032.0,1765.0,0.556791104050834,0.34777376654632974,1.8559703468361133,0.8351037426784473
Point_149,14.526124,80.147189,113.0,96.8,186.2,0.09,468.85714285714283,663.5,1043.3333333333333,892.0,1536.0,2549.5,3051.2,3282.0,3407.6666666666665,2843.4285714285716,2033.0,1073.0,0.5725922376617154,0.36239103362391034,1.6330714041680903,0.8587854832914121
Point_150,14.526243,80.148527,88.0,185.9,130.4,0.74,540.9,539.8,862.0,537.3333333333334,837.5,754.0,732.8,796.25,605.25,2470.6666666666665,604.25,425.0,0.19415109666937444,-0.0252486610558531,-23.75382262996981,0.2911174964082703
Point_151,14.525446,80.148973,151.0,197.4,198.6,0.19,526.0,732.0,1027.0,1047.0,1869.0,2840.75,3436.3333333333335,3593.3333333333335,3831.6666666666665,3650.6666666666665,2201.0,1340.0,0.5487393147044034,0.3156770610850064,1.4512880918002888,0.8230202908960316
Point_152,14.524882,80.149316,151.0,197.4,198.6,0.19,524.3333333333334,621.0,917.5,876.0,1820.0,2958.0,3707.5,3708.5,4008.0,3762.0,1941.0,1013.5,0.617842730941215,0.34159356064031837,1.6437441968430826,0.9266630316248637
Point_153,14.524551,80.149033,151.0,197.4,198.6,0.19,524.3333333333334,584.5,955.0,916.5,1451.0,2764.5,3405.5,3794.0,3659.0,3762.0,1838.0,1001.0,0.6108693344655557,0.4467111534795043,1.4650476045007892,0.9162067501592019
Point_154,14.525162,80.151571,63.0,223.0,198.6,0.28,975.2857142857143,1036.1818181818182,1315.3333333333333,1496.0,1911.6666666666667,2241.0,2451.0,2499.3333333333335,2763.0,2857.5,3321.0,2791.3333333333335,0.2511263140330386,0.13322753721756217,0.6770185827389912,0.37664233576642336
Point_155,14.525165,80.151575,63.0,223.0,198.6,0.28,975.2857142857143,1036.1818181818182,1315.3333333333333,1496.0,1911.6666666666667,2241.0,2451.0,2499.3333333333335,2763.0,2857.5,3321.0,2791.3333333333335,0.2511263140330386,0.13322753721756217,0.6770185827389912,0.37664233576642336
Point_156,14.525174,80.15157,63.0,223.0,198.6,0.28,975.2857142857143,1036.1818181818182,1315.3333333333333,1496.0,1911.6666666666667,2241.0,2451.0,2499.3333333333335,2763.0,2857.5,3321.0,2791.3333333333335,0.2511263140330386,0.13322753721756217,0.6770185827389912,0.37664233576642336
Point_157,14.525189,80.15159,63.0,223.0,198.6,0.28,975.2857142857143,1036.1818181818182,1315.3333333333333,1496.0,1911.6666666666667,2241.0,2451.0,2499.3333333333335,2763.0,2857.5,3321.0,2791.3333333333335,0.2511263140330386,0.13322753721756217,0.6770185827389912,0.37664233576642336
Point_158,14.525274,80.151854,63.0,223.0,198.6,0.28,875.4,1104.8,1394.2,1699.5,2025.0,2385.6666666666665,2616.0,2616.0,2839.0,3032.0,3355.0,2875.6666666666665,0.21237400069516857,0.1273432449903038,0.506018109540636,0.3185240963855422
Point_159,14.525279,80.151859,63.0,223.0,198.6,0.28,875.4,1104.8,1394.2,1699.5,2025.0,2385.6666666666665,2616.0,2616.0,2839.0,3032.0,3355.0,2875.6666666666665,0.21237400069516857,0.1273432449903038,0.506018109540636,0.3185240963855422
Point_160,14.525293,80.151867,63.0,223.0,198.6,0.28,875.4,1104.8,1394.2,1699.5,2025.0,2385.6666666666665,2616.0,2616.0,2839.0,3032.0,3355.0,2875.6666666666665,0.21237400069516857,0.1273432449903038,0.506018109540636,0.3185240963855422
Point_161,14.525287,80.151872,63.0,223.0,198.6,0.28,875.4,1104.8,1394.2,1699.5,2025.0,2385.6666666666665,2616.0,2616.0,2839.0,3032.0,3355.0,2875.6666666666665,0.21237400069516857,0.1273432449903038,0.506018109540636,0.3185240963855422
Point_162,14.525282,80.151877,63.0,223.0,198.6,0.28,875.4,1104.8,1394.2,1699.5,2025.0,2385.6666666666665,2616.0,2616.0,2839.0,3032.0,3355.0,2875.6666666666665,0.21237400069516857,0.1273432449903038,0.506018109540636,0.3185240963855422
Point_163,14.525282,80.15189,63.0,223.0,198.6,0.28,875.4,1104.8,1394.2,1699.5,2025.0,2385.6666666666665,2616.0,2616.0,2839.0,3032.0,3355.0,2875.6666666666665,0.21237400069516857,0.1273432449903038,0.506018109540636,0.3185240963855422
Point_164,14.525291,80.151896,63.0,223.0,198.6,0.28,875.4,1104.8,1394.2,1699.5,2025.0,2385.6666666666665,2616.0,2616.0,2839.0,3032.0,3355.0,2875.6666666666665,0.21237400069516857,0.1273432449903038,0.506018109540636,0.3185240963855422
Point_165,14.525287,80.151898,63.0,223.0,198.6,0.28,875.4,1104.8,1394.2,1699.5,2025.0,2385.6666666666665,2616.0,2616.0,2839.0,3032.0,3355.0,2875.6666666666665,0.21237400069516857,0.1273432449903038,0.506018109540636,0.3185240963855422
Point_166,14.525285,80.151899,63.0,223.0,198.6,0.28,875.4,1104.8,1394.2,1699.5,2025.0,2385.6666666666665,2616.0,2616.0,2839.0,3032.0,3355.0,2875.6666666666665,0.21237400069516857,0.1273432449903038,0.506018109540636,0.3185240963855422
Point_167,14.525289,80.151903,63.0,223.0,198.6,0.28,875.4,1104.8,1394.2,1699.5,2025.0,2385.6666666666665,2616.0,2616.0,2839.0,3032.0,3355.0,2875.6666666666665,0.21237400069516857,0.1273432449903038,0.506018109540636,0.3185240963855422
Point_168,14.525292,80.151902,63.0,223.0,198.6,0.28,875.4,1104.8,1394.2,1699.5,2025.0,2385.6666666666665,2616.0,2616.0,2839.0,3032.0,3355.0,2875.6666666666665,0.21237400069516857,0.1273432449903038,0.506018109540636,0.3185240963855422
Point_169,14.525291,80.151906,63.0,223.0,198.6,0.28,875.4,1104.8,1394.2,1699.5,2025.0,2385.6666666666665,2616.0,2616.0,2839.0,3032.0,3355.0,2875.6666666666665,0.21237400069516857,0.1273432449903038,0.506018109540636,0.3185240963855422
Point_170,14.525289,80.15191,63.0,223.0,198.6,0.28,875.4,1104.8,1394.2,1699.5,2025.0,2385.6666666666665,2616.0,2616.0,2839.0,3032.0,3355.0,2875.6666666666665,0.21237400069516857,0.1273432449903038,0.506018109540636,0.3185240963855422
Point_171,14.525296,80.151906,63.0,223.0,198.6,0.28,875.4,1104.8,1394.2,1699.5,2025.0,2385.6666666666665,2616.0,2616.0,2839.0,3032.0,3355.0,2875.6666666666665,0.21237400069516857,0.1273432449903038,0.506018109540636,0.3185240963855422
Point_172,14.52529,80.151915,63.0,223.0,198.6,0.28,875.4,852.0,1162.0,1345.0,1806.5,2523.0,2841.0,2682.0,3121.0,3032.0,3161.4,2596.0,0.33200893965731315,0.19505402695778098,0.7661013064405225,0.49795158286778396
Point_173,14.525292,80.151919,63.0,223.0,198.6,0.28,875.4,852.0,1162.0,1345.0,1806.5,2523.0,2841.0,2682.0,3121.0,3032.0,3161.4,2596.0,0.33200893965731315,0.19505402695778098,0.7661013064405225,0.49795158286778396
Point_174,14.525291,80.151926,63.0,223.0,198.6,0.28,875.4,852.0,1162.0,1345.0,1806.5,2523.0,2841.0,2682.0,3121.0,3032.0,3161.4,2596.0,0.33200893965731315,0.19505402695778098,0.7661013064405225,0.49795158286778396
Point_175,14.525289,80.151937,63.0,223.0,198.6,0.28,875.4,852.0,1162.0,1345.0,1806.5,2523.0,2841.0,2682.0,3121.0,3032.0,3161.4,2596.0,0.33200893965731315,0.19505402695778098,0.7661013064405225,0.49795158286778396
Point_176,14.521748,80.14948,113.0,113.7,502.8,0.19,612.9230769230769,670.0833333333334,987.0,984.7,1496.8181818181818,2498.0,2920.5,3116.0,3144.0,3117.75,2579.3333333333335,1766.0,0.519740532104275,0.35101791450700615,1.3322040466799594,0.7795157514873696
Point_177,14.521844,80.152434,138.0,133.6,235.9,0.09,846.8,816.4,1109.0,1194.0,1616.6,2573.4285714285716,2996.5,2834.6666666666665,3311.3333333333335,3186.0,2608.6666666666665,1769.5,0.4072480556015224,0.2736449549940841,1.0580395528804816,0.6107962771458118
Point_178,14.52054,80.154462,188.0,223.0,409.7,0.19,421.75,560.8,821.875,880.75,1421.5,2355.4285714285716,2674.0,2676.0,2934.0,2792.0,2487.0,1788.0,0.5047444998945667,0.30616229408175716,1.1950805485288243,0.7570103310141261
Point_179,14.520178,80.155899,63.0,120.6,509.0,0.19,555.375,550.0,998.0,903.0,1514.0,2741.5,3291.0,3537.3333333333335,3576.0,3042.6,2224.0,1299.0,0.5932737782448765,0.4005543090933087,1.3631502690768593,0.8898104710076937
Point_180,14.519747,80.155998,63.0,120.6,509.0,0.19,498.75,517.3333333333334,839.0,624.0,1387.0,2821.0,3421.0,3672.0,3713.0,3443.0,2227.0,1328.5,0.7094972067039106,0.4516702905712591,2.1543681085665822,1.0641219597346678
Point_181,14.518699,80.153981,113.0,223.0,167.6,0.19,428.25,366.6,692.3333333333334,563.3333333333334,1134.3333333333333,2461.0,2971.5,2837.0,3209.5,3463.0,2325.3333333333335,1366.5,0.6686599353004606,0.42873929830451574,1.6387967901590503,1.0028424405782896
Point_182,14.518422,80.152257,151.0,102.9,428.3,0.09,428.75,497.14285714285717,720.6,660.0,1208.25,2377.2,2918.0,3062.0,3158.75,3157.5,2039.6666666666667,1255.0,0.645351961311123,0.4341080732978163,1.8227743809895496,0.9678979180658159
Point_183,14.517765,80.152662,151.0,102.9,428.3,0.09,453.25,495.85714285714283,841.25,842.5,1524.3333333333333,2667.0,3233.5,3402.0,3508.0,3306.5,2229.0,1341.0,0.6030156673341972,0.3811489275323094,1.3502117654151655,0.904416961130742
Point_184,14.517676,80.153602,113.0,223.0,167.6,0.19,559.0,700.0,1045.0,1132.0,2003.0,2799.0,3270.5,3416.25,3669.5,3659.5,2196.5,1339.0,0.5022261309294783,0.26078331872491584,1.1515098049100168,0.7532563891178896
Point_185,14.518038,80.154637,113.0,168.2,62.1,0.09,495.55555555555554,683.5714285714286,997.4,1137.25,1621.25,2564.5,3016.8,3130.0,3403.0,3750.5,2828.0,1881.0,0.4669869353799285,0.31754801368061036,1.0319324436290465,0.7003983363599087
Point_186,14.904299,79.860999,151.0,50.5,175.6,0.73,490.5,569.0,857.0,1047.5,1514.5,2256.0,2490.0,2656.0,2857.5,2892.5,3094.5,2047.5,0.43431888753881465,0.2737081884666107,0.8602524334153385,0.6513903887688984
Point_187,14.909742,79.865957,176.0,1.8,91.3,0.8,453.5,539.5,860.0,939.0,1642.5,2507.0,2746.5,2842.5,3041.5,3223.0,2702.5,1727.5,0.503371677905593,0.26755852842809363,1.0739069111424542,0.7549576943416181
Point_188,14.937214,79.605129,100.0,5.4,155.2,0.42,537.0,707.0,927.0,1189.5,1578.5,2471.5,2774.5,2816.0,3110.5,3245.0,2713.0,2134.5,0.40606665834477595,0.2816020025031289,0.8741803719230355,0.6090239640539191
Point_189,14.934833,79.600446,138.0,10.8,347.6,0.19,540.0,822.0,1122.0,1454.5,1915.0,2418.0,2808.5,2892.0,3170.5,3223.5,3202.5,2500.0,0.3307258713907742,0.20324526731849385,0.6587992667277727,0.49603174603174605
Point_190,14.936423,79.604709,38.0,13.1,229.7,0.16,516.5,1059.0,1444.0,1838.0,1922.0,2713.5,3058.0,3222.0,3410.0,3211.5,3479.0,2449.0,0.2735177865612648,0.2527216174183515,0.5484663549179678,0.4102361426736489
Point_191,14.936273,79.604893,38.0,13.1,229.7,0.16,516.5,837.0,1145.0,1611.5,1948.5,2518.5,2779.0,3002.0,3104.5,3211.5,3487.5,2517.5,0.3013980708789422,0.2128067871932128,0.543631245601689,0.45204811443433035
Point_192,14.936162,79.604936,38.0,13.1,229.7,0.16,437.0,617.5,957.0,1186.5,1667.5,2384.0,2698.5,2820.0,3003.5,2853.5,3110.5,2081.5,0.4077124672407338,0.2568245125348189,0.7692488815634566,0.6114923883204392
Point_193,14.936153,79.604962,38.0,13.1,229.7,0.16,437.0,617.5,957.0,1186.5,1667.5,2384.0,2698.5,2820.0,3003.5,2853.5,3110.5,2081.5,0.4077124672407338,0.2568245125348189,0.7692488815634566,0.6114923883204392
Point_194,14.936133,79.604944,38.0,13.1,229.7,0.16,437.0,617.5,957.0,1186.5,1667.5,2384.0,2698.5,2820.0,3003.5,2853.5,3110.5,2081.5,0.4077124672407338,0.2568245125348189,0.7692488815634566,0.6114923883204392
Point_195,14.936124,79.60492,38.0,13.1,229.7,0.16,437.0,590.0,882.5,1164.5,1452.0,2171.0,2424.5,2508.0,2749.0,2853.5,2920.5,1922.0,0.3658270932607216,0.26666666666666666,0.6623447051863538,0.5486659406479717
Point_196,14.936118,79.604938,38.0,13.1,229.7,0.16,437.0,617.5,957.0,1186.5,1667.5,2384.0,2698.5,2820.0,3003.5,2853.5,3110.5,2081.5,0.4077124672407338,0.2568245125348189,0.7692488815634566,0.6114923883204392
Point_197,14.936113,79.604965,38.0,13.1,229.7,0.16,437.0,617.5,957.0,1186.5,1667.5,2384.0,2698.5,2820.0,3003.5,2853.5,3110.5,2081.5,0.4077124672407338,0.2568245125348189,0.7692488815634566,0.6114923883204392
Point_198,14.936114,79.605106,38.0,13.1,229.7,0.16,437.0,700.0,1123.0,1347.0,1667.5,2384.0,2698.5,2921.5,3003.5,2853.5,3110.5,2081.5,0.36886494084573035,0.27326214861625625,0.6840298896515771,0.553232607167955
Point_199,14.936063,79.605054,38.0,13.1,229.7,0.16,437.0,570.0,914.0,1047.5,1667.5,2384.0,2698.5,2958.0,3003.5,2853.5,3110.5,2081.5,0.4769691673948321,0.27899686520376177,0.9612094988931374,0.71536445332002
Point_200,14.936002,79.60518,38.0,13.1,229.7,0.16,480.5,643.5,1018.5,1241.5,1753.5,2270.5,2557.0,2729.0,2908.5,2890.5,3272.5,2206.0,0.37463795491751667,0.21762409369771332,0.6947363504740555,0.5618861747670612
Point_201,14.935972,79.605148,38.0,13.1,229.7,0.16,480.5,643.5,1018.5,1241.5,1753.5,2270.5,2557.0,2729.0,2908.5,2890.5,3272.5,2206.0,0.37463795491751667,0.21762409369771332,0.6947363504740555,0.5618861747670612
Point_202,14.934883,79.601344,138.0,10.8,347.6,0.19,486.0,420.5,648.0,652.5,1420.0,2369.0,2713.0,2666.0,2953.0,2824.5,2530.0,1690.0,0.6067500376676209,0.30494371023005384,1.4683147378400059,0.9099879481771618
Point_203,14.934555,79.601017,138.0,10.8,347.6,0.19,511.5,682.0,959.0,1163.0,1660.0,2364.5,2605.0,2844.0,2912.0,2891.0,2897.0,2184.0,0.41951584726728225,0.26287744227353466,0.8926295666949873,0.629195258889582
Point_204,14.934332,79.601047,138.0,10.8,347.6,0.19,511.5,736.0,1039.0,1322.0,1663.0,2341.0,2634.5,2743.0,2938.0,2891.0,2945.5,2104.5,0.34956949569495693,0.2451202905129369,0.6890031031807603,0.524289755257656
Point_205,14.934267,79.600898,138.0,10.8,347.6,0.19,511.5,615.0,952.0,1056.0,1621.5,2330.5,2657.5,2721.0,2950.0,2891.0,2683.0,1991.0,0.44082605242255757,0.2531951640759931,0.9363401192216848,0.6611515552614162
Point_206,14.93416,79.60101,138.0,10.8,347.6,0.19,511.5,597.0,878.5,1012.5,1575.0,2277.5,2562.5,2782.5,2916.0,2891.0,2991.5,2051.0,0.466403162055336,0.27710843373493976,1.0100433690938142,0.6995125806876564
Point_207,14.932695,79.604479,163.0,10.8,142.8,0.19,566.5,675.0,985.5,1145.0,1706.0,2358.5,2695.5,2840.0,2984.5,2909.5,3088.5,2229.5,0.42534504391468003,0.24945006599208094,0.9115843820587287,0.63793752352277
Point_208,14.932359,79.603389,125.0,15.4,86.9,0.73,509.5,869.5,1201.0,1540.5,1791.5,2256.5,2573.5,2768.0,2846.0,2906.0,3213.0,2388.0,0.2849019380294766,0.2141682201995833,0.5588945043937531,0.4273033186354142
Point_209,14.932178,79.603687,163.0,10.8,142.8,0.19,553.0,734.0,1091.5,1445.0,2004.0,2610.5,2914.0,2966.0,3261.0,3116.5,3565.0,2678.0,0.3448197687599184,0.19356136820925554,0.6201076320939335,0.5171710302618158
Point_210,14.931603,79.604742,163.0,10.8,142.8,0.19,601.0,813.0,1157.5,1384.0,1860.0,2513.5,2796.0,2882.0,3099.0,3066.0,3118.5,2364.0,0.35114861697140176,0.21552087726697597,0.7358286668631496,0.5266611977030353
Point_211,14.931603,79.602428,125.0,15.4,86.9,0.73,501.5,728.0,991.0,1170.0,1610.5,2340.0,2604.5,2759.0,2906.5,2938.0,3014.0,2128.0,0.4044286077882413,0.2628447190754091,0.9195601851851852,0.606565720829622
Point_212,14.931397,79.602445,125.0,15.4,86.9,0.73,501.5,730.0,991.0,1168.0,1712.0,2373.5,2665.0,2704.0,2968.0,2938.0,3175.5,2344.0,0.39669421487603307,0.2246376811594203,0.9060877772534215,0.5949644932214332
Point_213,14.933592,79.595534,138.0,10.8,223.5,0.16,658.0,1136.0,1458.5,1955.5,2161.5,2488.0,2700.0,2855.0,3031.5,2925.5,3767.0,3149.5,0.18698679970896998,0.13824379547493273,0.37053056516724336,0.28045104967782164
Point_214,14.932973,79.595435,138.0,10.8,223.5,0.16,527.0,733.0,1126.0,1408.0,2078.0,2865.5,3251.5,3372.0,3625.0,3367.0,3552.5,2434.5,0.4108786610878661,0.23743119266055046,0.7764687277615245,0.6162535299654848
Point_215,14.932743,79.595409,138.0,10.8,223.5,0.16,505.0,778.5,1257.0,1566.0,2157.0,2863.0,3229.5,3289.0,3587.0,3506.5,3506.5,2472.5,0.3548918640576725,0.2078589790672053,0.6290846690277119,0.5322829780661106
Point_216,14.932587,79.595579,138.0,10.8,223.5,0.16,505.0,870.5,1305.0,1549.0,2153.0,2695.5,3082.5,3196.0,3455.5,3506.5,3628.5,2509.5,0.3471022128556375,0.19498971770424378,0.6905949935007758,0.5205984617005585
Point_217,14.932702,79.604464,163.0,10.8,142.8,0.19,566.5,713.0,1002.5,1120.5,1706.0,2358.5,2695.5,2807.0,2984.5,2909.5,3088.5,2229.5,0.4294080203691916,0.24396188787945933,1.007828373371579,0.6440300407331976
Point_218,14.932353,79.603409,125.0,15.4,86.9,0.73,509.5,869.5,1201.0,1540.5,1791.5,2256.5,2573.5,2768.0,2846.0,2906.0,3213.0,2388.0,0.2849019380294766,0.2141682201995833,0.5588945043937531,0.4273033186354142
Point_219,14.932188,79.603613,163.0,10.8,142.8,0.19,553.0,888.5,1243.5,1668.5,1937.5,2478.5,2728.5,3038.0,3099.0,3116.5,3490.0,2554.0,0.2909805588016573,0.22118380062305296,0.5361127422196124,0.4364244741873805
Point_220,14.931588,79.604754,163.0,10.8,142.8,0.19,601.0,826.5,1165.5,1431.0,1865.0,2632.0,2937.5,3011.0,3277.5,3066.0,3175.0,2327.0,0.35569563259792886,0.2350287120590648,0.7315830902440155,0.5334833989870569
Point_221,14.931432,79.60243,125.0,15.4,86.9,0.73,501.5,730.0,991.0,1168.0,1712.0,2373.5,2665.0,2704.0,2968.0,2938.0,3175.5,2344.0,0.39669421487603307,0.2246376811594203,0.9060877772534215,0.5949644932214332
Point_222,14.927464,79.605769,50.0,4.6,229.7,0.24,393.5,506.0,809.5,854.0,1562.5,2466.5,2773.0,2948.5,3054.5,2985.5,2963.5,2124.0,0.5508218277449046,0.30724894701839944,1.2238518172256632,0.8261241125427294
Point_223,14.927164,79.606016,50.0,4.6,229.7,0.24,393.5,637.0,936.5,1212.0,1492.5,2333.5,2606.0,2634.5,2869.0,2985.5,2867.5,1966.0,0.3698167164955154,0.2767143203295372,0.6932261208576997,0.554652976345204
Point_224,14.926679,79.605548,50.0,4.6,229.7,0.24,392.0,495.5,761.0,729.0,1380.0,2309.0,2609.5,2794.0,2823.0,2954.5,2561.5,1676.0,0.5861481691739995,0.33876377575467176,1.4951849974657883,0.8790974882928906
Point_225,14.926506,79.605437,50.0,4.6,229.7,0.24,392.0,478.5,725.0,776.5,1333.0,2307.0,2613.5,2690.0,2870.0,2954.5,2493.0,1701.5,0.5519976921967402,0.33731046482724336,1.2718511133266865,0.8278771271993077
Point_226,14.933554,79.595602,138.0,10.8,223.5,0.16,665.5,1003.0,1362.0,1872.0,2241.5,2588.0,2884.5,2983.0,3315.0,3120.5,4346.0,3587.5,0.22883625128733265,0.1419274571729352,0.4149548069022186,0.34321902996601794
Point_227,14.935438,79.590798,125.0,9.2,291.7,0.31,732.0,1308.0,1633.0,2019.0,2369.5,2654.5,2903.5,2993.0,3171.5,3223.5,3920.0,3334.0,0.19433359936153233,0.11627039627039627,0.45960739901849756,0.2914713216957606
Point_228,14.92869,79.589899,125.0,1.5,167.6,0.09,539.5,730.0,982.5,1290.0,1699.0,2716.5,3104.5,2893.0,3440.0,3244.5,2909.5,2091.0,0.3832177862777911,0.26001742160278746,0.776797829036635,0.57475797776981
Point_229,14.928682,79.589888,125.0,1.5,167.6,0.09,539.5,730.0,982.5,1290.0,1699.0,2716.5,3104.5,2893.0,3440.0,3244.5,2909.5,2091.0,0.3832177862777911,0.26001742160278746,0.776797829036635,0.57475797776981
Point_230,14.928646,79.58991,125.0,1.5,167.6,0.09,539.5,555.5,801.5,819.5,1496.5,2458.5,2774.5,2846.0,3151.5,3244.5,2582.5,1968.5,0.5528577274587368,0.3107656879677605,1.4081717740254327,0.8291734860883797
Point_231,14.928616,79.589933,125.0,1.5,167.6,0.09,539.5,557.5,815.5,822.5,1429.5,2381.5,2762.5,3001.5,3094.0,3244.5,2589.5,1774.0,0.5698221757322176,0.35477318889641163,1.450249584026622,0.8546215191528305
Point_232,14.928612,79.589793,125.0,1.5,167.6,0.09,539.5,823.5,1114.0,1140.5,1496.5,2458.5,2774.5,2904.0,3151.5,3244.5,2582.5,1968.5,0.4360242304363951,0.3198500170435178,1.2343389094981452,0.653955500618047
Point_233,14.928592,79.589593,125.0,1.5,167.6,0.09,539.5,672.5,927.5,1055.0,1595.5,2317.0,2651.0,2613.0,2962.5,3244.5,2685.0,2009.5,0.4247546346782988,0.24177260306522513,0.9986539324402282,0.637045113806733
Point_234,14.92852,79.589633,125.0,1.5,167.6,0.09,539.5,535.0,800.5,801.0,1595.5,2317.0,2651.0,2637.0,2962.5,3244.5,2685.0,2009.5,0.5340314136125655,0.24607206142941523,1.337607460294332,0.8009306383597499
Point_235,14.928486,79.589508,125.0,1.5,167.6,0.09,585.0,904.5,1213.0,1571.0,2123.5,2509.0,2764.5,2504.5,2941.0,2859.5,2972.0,2436.5,0.2290516501042817,0.08232497839239412,0.4533534068282259,0.3435353287536801
Point_236,14.928691,79.589447,125.0,1.5,167.6,0.09,585.0,1180.0,1570.5,1949.0,2149.5,2541.0,2763.0,2938.0,2948.5,2859.5,3185.0,2675.0,0.20237364436259464,0.154987714987715,0.42754625626837284,0.3035294117647059
Point_237,14.92863,79.589482,125.0,1.5,167.6,0.09,585.0,858.0,1133.5,1508.0,2123.5,2509.0,2764.5,2538.0,2941.0,2859.5,2972.0,2436.5,0.254572417202175,0.08891987557653117,0.499805900621118,0.3818114419869023
Point_238,14.928594,79.589593,125.0,1.5,167.6,0.09,539.5,672.5,927.5,1055.0,1595.5,2317.0,2651.0,2613.0,2962.5,3244.5,2685.0,2009.5,0.4247546346782988,0.24177260306522513,0.9986539324402282,0.637045113806733
Point_239,14.928679,79.589889,125.0,1.5,167.6,0.09,539.5,730.0,982.5,1290.0,1699.0,2716.5,3104.5,2893.0,3440.0,3244.5,2909.5,2091.0,0.3832177862777911,0.26001742160278746,0.776797829036635,0.57475797776981
Point_240,14.928647,79.589841,125.0,1.5,167.6,0.09,539.5,555.5,801.5,819.5,1496.5,2458.5,2774.5,2846.0,3151.5,3244.5,2582.5,1968.5,0.5528577274587368,0.3107656879677605,1.4081717740254327,0.8291734860883797
Point_241,14.927429,79.605745,50.0,4.6,229.7,0.24,393.5,506.0,809.5,854.0,1562.5,2466.5,2773.0,2948.5,3054.5,2985.5,2963.5,2124.0,0.5508218277449046,0.30724894701839944,1.2238518172256632,0.8261241125427294
Point_242,14.927193,79.606036,50.0,4.6,229.7,0.24,393.5,637.0,936.5,1212.0,1492.5,2333.5,2606.0,2634.5,2869.0,2985.5,2867.5,1966.0,0.3698167164955154,0.2767143203295372,0.6932261208576997,0.554652976345204
Point_243,14.926652,79.605528,50.0,4.6,229.7,0.24,392.0,507.5,809.5,821.0,1380.0,2309.0,2609.5,2509.5,2823.0,2954.5,2561.5,1676.0,0.5069809337937247,0.29039722329348244,1.1627987053233249,0.7603572500750525
Point_244,14.926529,79.605491,50.0,4.6,229.7,0.24,392.0,459.0,761.5,832.0,1333.0,2307.0,2613.5,2476.0,2870.0,2954.5,2493.0,1701.5,0.4969770253929867,0.3000787608296141,1.0207376133118093,0.7453528789481638
Point_245,14.915923,79.585342,176.0,2.3,155.2,0.31,413.5,628.5,946.0,1425.0,1881.5,2289.0,2556.5,2707.0,2869.0,2887.0,3581.0,2685.5,0.31026137463697967,0.17990628745777487,0.48974290407609733,0.4653357531760436
Point_246,14.917177,79.584242,201.0,10.0,186.2,0.29,412.0,564.0,823.0,922.5,1510.0,2621.5,3015.0,3116.0,3295.0,3137.0,2484.0,1499.0,0.5431472081218274,0.34716817985300474,1.2401062867480777,0.8146199554345135
Point_247,14.917047,79.584616,201.0,10.0,186.2,0.29,368.0,466.5,704.5,777.5,1248.0,2191.5,2499.5,2452.0,2757.5,2879.0,2312.5,1534.5,0.5185013159931878,0.3254054054054054,1.1566622919113076,0.7776315789473683
Point_248,14.917035,79.584919,201.0,10.0,186.2,0.29,351.5,470.5,787.5,931.5,1420.5,2186.0,2469.5,2523.0,2663.5,2862.5,2564.0,1837.5,0.4607034303082935,0.2795739825028528,0.8679173256257839,0.6909551374819103
Point_249,14.916998,79.584972,201.0,10.0,186.2,0.29,351.5,470.5,787.5,931.5,1420.5,2186.0,2469.5,2523.0,2663.5,2862.5,2564.0,1837.5,0.4607034303082935,0.2795739825028528,0.8679173256257839,0.6909551374819103
Point_250,14.916966,79.584925,201.0,10.0,186.2,0.29,351.5,482.5,781.0,1006.5,1420.5,2186.0,2469.5,2607.0,2663.5,2862.5,2564.0,1837.5,0.4429223744292237,0.29459962756052144,0.7957539899567444,0.6642916436081904
Point_251,14.916913,79.584955,201.0,10.0,186.2,0.29,351.5,482.5,781.0,1006.5,1420.5,2186.0,2469.5,2607.0,2663.5,2862.5,2564.0,1837.5,0.4429223744292237,0.29459962756052144,0.7957539899567444,0.6642916436081904
Point_252,14.91673,79.584584,201.0,10.0,186.2,0.29,368.0,547.0,825.5,922.0,1265.5,2250.0,2571.0,2673.0,2817.5,2879.0,2456.5,1613.0,0.4870653685674548,0.35736955693792055,1.0667722675764593,0.7304964539007092
Point_253,14.916707,79.584854,201.0,10.0,186.2,0.29,351.5,376.5,683.0,657.5,1326.0,2723.0,3109.0,3284.5,3302.0,2862.5,2435.5,1600.0,0.6664129883307965,0.4247912373929075,1.4903273387417033,0.9994927076727964
Point_254,14.916769,79.585153,201.0,10.0,186.2,0.29,351.5,492.5,749.5,979.0,1390.5,2519.0,2817.5,2741.5,3049.0,2862.5,2484.5,1699.5,0.47372664964386507,0.3269603097773475,0.8950789700878574,0.7104944907282988
Point_255,14.9168,79.584948,201.0,10.0,186.2,0.29,351.5,414.5,700.0,737.5,1326.0,2723.0,3109.0,3177.5,3302.0,2862.5,2435.5,1600.0,0.6232439335887612,0.41112468080381925,1.3571388842538519,0.9347465202400714
Point_256,14.916802,79.585112,201.0,10.0,186.2,0.29,351.5,538.0,782.0,1151.0,1390.5,2519.0,2817.5,2556.0,3049.0,2862.5,2484.5,1699.5,0.3790126787159428,0.2953249714937286,0.6471075902726603,0.5684423465947404
Point_257,14.916777,79.584735,201.0,10.0,186.2,0.29,351.5,368.0,663.5,600.0,1346.5,2464.0,2774.0,3149.0,3019.0,2862.5,2492.0,1627.0,0.6799146439050413,0.40095651206762317,1.5971177944862156,1.019735964795306
Point_258,14.801453,80.00062,213.0,8.4,478.0,0.19,533.5,814.5,1233.0,1380.0,2014.5,3194.5,3645.5,3778.0,4182.5,4023.0,3066.0,1841.5,0.46490887941062425,0.30444540353905913,1.0075206924078821,0.6972957255015994
Point_259,14.811309,79.99158,238.0,1.5,596.0,0.13,455.0,741.5,1174.0,1528.0,1835.5,2198.0,2297.5,2287.0,2337.5,2486.5,3210.0,2139.5,0.19895150720838795,0.10952092177077016,0.3218966029093685,0.298388153584065
Point_260,14.828319,79.994628,176.0,16.1,602.0,0.13,490.5,918.0,1248.0,1638.0,1786.0,2558.0,2873.0,2796.0,3161.0,3342.0,3314.0,2350.0,0.26116373477672533,0.22042776080314272,0.5043554006968641,0.39170143195399704
Point_261,14.753878,79.679921,151.0,10.0,130.4,0.08,550.5,879.5,1244.0,1746.0,2104.5,2566.5,2881.0,2989.0,3233.5,3230.0,3586.0,2713.5,0.26251319957761354,0.17365269461077845,0.4523454274173005,0.39372822299651566
Point_262,14.75371,79.680201,151.0,10.0,130.4,0.08,432.5,647.5,1008.0,1193.0,1832.0,2439.5,2729.0,2781.0,3015.5,2865.5,3230.5,2294.0,0.3995973829894313,0.2057229568610449,0.7809195967543645,0.5993206692665745
Point_263,14.753333,79.680527,151.0,10.0,130.4,0.08,552.0,900.5,1284.0,1803.0,2149.5,2580.0,2875.5,3015.0,3215.0,3170.5,3788.5,2784.0,0.25155666251556663,0.16758640720302062,0.42795099043112883,0.3772958389540314
Point_264,14.753063,79.679548,151.0,10.0,130.4,0.08,268.0,358.5,590.0,388.0,966.0,2152.5,2430.0,2448.0,2673.5,2625.0,1739.0,967.0,0.7263751763046544,0.43409490333919154,2.466179815635101,1.0893707033315705
Point_265,14.75228,79.677464,163.0,11.5,99.3,0.06,358.5,444.0,733.0,861.0,1405.5,2206.5,2430.5,2472.0,2662.5,2534.0,2481.0,1782.0,0.48334833483348333,0.2750483558994197,0.934671617544674,0.7249137543122843
Point_266,14.752084,79.677682,163.0,11.5,99.3,0.06,404.0,526.0,830.0,951.0,1444.5,2221.0,2528.5,2600.0,2709.5,2657.5,2591.0,1795.5,0.4643762320473106,0.28569662504635923,0.9450939935809262,0.6964662818527383
Point_267,14.75386,79.677962,151.0,14.16,111.7,0.42,394.0,319.5,543.0,381.5,934.5,2046.0,2343.0,2434.0,2577.0,1984.5,1587.0,911.0,0.7290001775883502,0.44515362921181534,2.2043819138653205,1.0933061079545454
Point_268,14.753394,79.678195,151.0,14.16,111.7,0.42,290.0,395.5,629.0,552.5,1077.0,2074.0,2385.5,2260.0,2580.5,2696.0,1880.0,1113.0,0.6071111111111112,0.3545100389571471,1.6356930740492384,0.9105047991468185
Point_269,14.750755,79.720132,138.0,18.4,434.5,0.5,378.0,678.5,960.0,1152.0,1527.5,2333.0,2562.0,2665.0,2817.0,2867.0,2387.0,1713.0,0.3963845952318575,0.2713178294573643,0.8425683577434984,0.5944990176817289
Point_270,14.75463,79.727788,176.0,9.2,428.3,1.4,458.5,676.5,977.0,1246.5,1546.0,2074.0,2305.5,2311.5,2547.0,2597.5,2641.0,2005.5,0.29932546374367625,0.1984445884640311,0.564358009644428,0.448925108894197
Point_271,14.769188,79.718227,238.0,7.7,273.1,0.1,367.0,480.0,826.0,1244.0,1553.0,2401.0,2631.0,2615.0,2763.0,2659.0,2907.0,2367.0,0.35527338688779475,0.2547984644913628,0.5289351851851852,0.5328410415856977
Point_272,14.765781,79.701506,113.0,5.4,204.8,0.55,461.5,492.5,744.0,879.0,1394.0,1882.0,2071.0,1723.5,2288.5,3063.0,2518.5,1750.0,0.32449567723342937,0.10569366479550922,0.6388531658975717,0.4866500192086055
Point_273,14.765781,79.705291,113.0,6.9,322.8,0.46,388.0,530.5,844.5,915.0,1400.5,2513.0,3101.0,3262.0,3388.5,3451.5,2427.0,1521.0,0.5618865214268614,0.39924932975871313,1.2289888464156675,0.8427289048473967
Point_274,14.764844,79.708195,238.0,10.0,471.8,0.06,568.0,844.0,1193.0,1396.0,2045.0,2914.0,3317.0,3504.0,3762.0,3829.0,3412.0,2440.0,0.43020408163265306,0.26293025770409084,0.949378490362097,0.645240281603918
Point_275,14.764163,79.705027,88.0,1.5,285.5,0.54,365.0,479.0,730.0,811.5,1151.0,1504.0,1686.5,1975.5,1776.5,2278.0,1850.0,1367.0,0.4176533907427341,0.2637134175595714,0.8945588687365509,0.6263677130044842
Point_276,14.764929,79.69781,176.0,3.1,211.0,0.55,530.5,742.0,1136.0,1452.0,2057.5,2734.0,3112.0,3218.0,3508.0,3474.5,3563.5,2509.0,0.3781584582441114,0.21997914889583925,0.6935281181275527,0.5671769617813938
Point_277,14.765014,79.696138,201.0,2.8,99.3,0.35,412.0,546.5,871.0,953.0,1365.0,2278.0,2541.0,2767.0,2899.5,2890.0,2422.0,1584.0,0.4876344086021505,0.3393030009680542,1.0336771326001482,0.731353312726784
Point_278,14.763822,79.700538,138.0,6.1,409.7,0.3,485.0,809.0,1288.0,1748.0,2208.0,2749.0,2994.0,3256.0,3493.0,3340.0,3897.0,2850.0,0.30135891286970423,0.191800878477306,0.49104526212959954,0.4519932061144969
Point_279,14.764503,79.704587,88.0,1.5,285.5,0.54,407.0,662.0,987.0,1314.0,1611.0,2351.0,2684.0,2688.0,3117.0,3258.0,3057.0,2161.0,0.34332833583208394,0.2505233775296581,0.6125178316690443,0.5149281698938164
Point_280,14.764929,79.708107,238.0,10.0,471.8,0.06,560.0,836.0,1182.0,1400.0,2045.0,2937.0,3410.0,3504.0,3848.0,3647.0,3509.0,2481.0,0.4290375203915171,0.26293025770409084,0.9334516415261757,0.643490671831991
Point_281,14.763992,79.710747,38.0,4.6,111.7,0.1,450.0,589.0,920.5,1008.0,1612.5,2581.0,2937.0,2883.5,3291.5,3166.0,2559.5,1682.5,0.4819478350250546,0.28269572953736655,1.0384828349944628,0.7228288797533402
Point_282,14.762118,79.711715,151.0,5.4,173.8,0.43,464.0,677.0,1039.0,1194.0,1682.5,2601.5,3050.0,3144.0,3330.5,3165.0,2493.5,1774.5,0.44951590594744123,0.30280741738319694,0.9318551084774922,0.6741961507433445
Point_283,14.761778,79.704763,151.0,6.1,285.5,0.19,447.0,579.5,870.5,1051.0,1845.0,2573.5,2882.5,2901.5,3207.5,3393.5,3183.5,2182.0,0.4681846932321316,0.22258506267776257,0.9514628001439662,0.7021882114849481
Point_284,14.759563,79.711715,125.0,0.8,446.9,0.54,518.0,696.0,1056.0,1394.0,1991.0,2833.0,3141.0,3204.0,3588.0,3611.0,3546.0,2561.0,0.3936494127881688,0.23349374398460057,0.7127106630965506,0.5904099162770469
Point_285,14.756678,79.710659,163.0,4.6,446.9,0.43,528.0,797.0,1066.0,1235.0,1814.0,2723.0,3077.0,3142.0,3410.0,3400.0,2978.0,2106.0,0.43568654329449397,0.2679580306698951,1.0419626270352966,0.653455168475157
Point_286,14.755656,79.712243,138.0,6.1,453.1,0.53,360.5,684.0,1014.0,1209.5,1689.0,2588.0,3034.5,3090.0,3325.5,3292.5,3006.5,1981.5,0.437376439120828,0.29315756434400503,0.9009678037562284,0.6559883720930233
Point_287,14.754464,79.709867,163.0,6.1,105.5,1.21,577.5,828.0,1182.0,1625.0,2041.0,2855.0,3236.5,3321.0,3724.0,3258.5,3714.5,2785.5,0.3429033562474727,0.23871689668034315,0.6178956572427864,0.5143030425553421
Point_288,14.754038,79.727731,176.0,9.2,428.3,1.4,456.5,638.5,928.5,1077.0,1487.0,2005.5,2248.5,2250.0,2431.5,2503.0,2344.5,1786.5,0.3525698827772768,0.20417447150120419,0.7472765496591706,0.5287753568745304
Point_289,14.758297,79.700714,188.0,7.7,260.7,0.44,513.5,772.0,1142.0,1600.0,2033.0,2787.0,3278.0,3444.0,3698.0,3460.0,3495.0,2490.0,0.3655828707375099,0.2576227861968231,0.6354238456237078,0.5483199524234315
Point_290,14.78503,79.497429,88.0,45.31,86.9,0.27,428.5,522.5,729.0,885.5,1400.5,2150.0,2461.5,2523.0,2808.0,2626.5,2618.5,1598.0,0.48041660554496113,0.2860965974257678,1.0447904038792828,0.7205192138457026
Point_291,14.786381,79.49633,100.0,16.9,248.3,0.39,467.0,486.0,743.0,831.0,1301.5,2107.0,2456.5,2690.0,2777.5,2768.5,2530.0,1511.5,0.5279750071002556,0.34786421144932983,1.15265376984127,0.7918500638932273
Point_292,14.784847,79.495024,63.0,0.8,198.6,0.35,519.5,660.0,1035.5,1027.0,1557.0,2272.5,2526.5,2566.0,2719.0,2713.0,2426.0,1827.0,0.4283328694684108,0.2447247150133398,1.0181264884890182,0.6424099067761235
Point_293,14.785344,79.492269,25.0,26.1,149.0,0.41,484.5,549.0,787.5,864.0,1328.0,2031.5,2320.0,2419.5,2612.0,2608.5,2510.5,1694.5,0.4737322978529009,0.2912608405603736,1.1152136507026098,0.7104902557856273
Point_294,14.78661,79.492447,138.0,5.4,316.6,0.36,402.5,483.0,729.5,912.0,1369.0,2014.0,2273.0,2425.0,2640.0,2631.5,2390.0,1534.0,0.45340125861552294,0.2783342119135477,0.8846918489065607,0.6799999999999999
Point_295,14.786552,79.491495,138.0,5.4,316.6,0.36,423.0,548.0,784.0,954.0,1349.0,2175.5,2477.0,2596.0,2771.5,2622.5,2384.5,1702.0,0.46253521126760566,0.31609632446134345,0.9748278318689148,0.6937051119560624
Point_296,14.785632,79.4909,25.0,50.69,260.7,0.15,438.5,463.5,722.0,719.0,1216.5,1906.5,2209.5,2236.0,2474.0,2515.0,2315.0,1571.0,0.5133671742808799,0.2952932657494569,1.2334336124888203,0.7699204872272035
Point_297,14.785459,79.49209,25.0,26.1,149.0,0.41,484.5,629.0,936.5,1107.0,1458.5,2047.5,2293.5,2458.0,2578.5,2608.5,2739.5,2003.0,0.37896213183730715,0.2552023490361292,0.7705030226987566,0.5683634833824147
Point_298,14.784596,79.491793,25.0,50.69,260.7,0.15,426.5,597.0,837.0,1041.5,1439.5,2079.5,2343.5,2463.0,2625.5,2729.5,2726.0,1882.5,0.40562134398630334,0.26226777706598337,0.8390390744894345,0.6083452211126962
Point_299,14.78333,79.492805,13.0,36.1,130.4,0.24,430.5,594.0,929.0,1112.5,1451.0,1745.5,1905.5,1970.5,2115.0,2506.0,2311.5,1967.0,0.2783003567953292,0.15183399093964636,0.5117499701777407,0.4173828441705854
Point_300,14.782409,79.49453,113.0,11.5,12.4,0.44,467.0,651.5,989.0,978.0,1470.5,2277.5,2503.5,2620.0,2693.5,2610.0,2218.5,1657.5,0.4563646470261256,0.28101699058794766,1.1394073971271945,0.6844518549395582
Point_301,14.781086,79.489769,151.0,31.5,397.3,0.15,331.0,371.0,607.0,533.0,1108.5,1991.0,2284.0,2312.5,2568.0,2615.5,2271.0,1457.5,0.6253733965911088,0.3519438760596317,1.6301758886038842,0.9378952916373858
Point_302,14.781891,79.48239,100.0,22.3,155.2,0.39,364.0,449.0,689.0,524.5,1122.5,2370.5,2718.5,2834.0,3002.5,3024.0,2381.0,1309.0,0.6876581807354474,0.4325792998862631,2.20835723847772,1.0313337302768681
Point_303,14.782582,79.48114,50.0,16.9,111.7,0.53,531.0,486.0,725.5,594.0,1368.0,2330.0,2662.0,2875.0,2964.0,2989.5,2803.5,1879.5,0.6575381954453733,0.35517322649069055,2.0402504472271916,0.9861651534803285
Point_304,14.781661,79.482271,100.0,22.3,155.2,0.39,374.5,420.5,692.5,475.5,1115.5,2392.5,2789.5,2948.0,3049.5,2948.0,2220.0,1150.5,0.7222141083686286,0.45096591608219516,2.33408854904182,1.0831629672897196
Point_305,14.785862,79.482093,100.0,59.1,62.1,0.21,446.5,521.5,794.5,752.0,1360.0,2653.0,3023.0,3162.0,3335.5,3232.5,2670.0,1678.0,0.6157383750638733,0.39849624060150374,1.6007970773829292,0.9234895899859497
Point_306,14.784193,79.47876,176.0,5.4,211.0,0.45,559.0,1176.5,1498.0,1818.0,1799.5,2541.0,2796.5,2905.5,3108.0,3072.5,3329.5,2408.0,0.23023181962527786,0.23506907545164718,0.5447578019335771,0.34531117696867064
Point_307,14.78287,79.47632,38.0,9.2,117.9,0.24,437.0,585.5,867.0,925.5,1630.0,2529.0,2844.5,3009.0,3168.0,3062.0,3107.0,2067.0,0.5295463210064811,0.29726234102177196,1.2485767363816145,0.7942185514612453
Point_308,14.782409,79.480843,50.0,16.9,111.7,0.53,465.5,644.5,930.5,1038.0,1578.0,2528.5,2859.0,3033.5,3197.0,3122.0,3092.5,2053.0,0.4901142085226575,0.3156239835194622,1.1264465142534577,0.7350810412573674
Point_309,14.780626,79.477451,38.0,11.5,130.4,0.27,437.0,700.5,977.0,1045.0,1504.5,2455.0,2746.0,2780.5,3021.0,2985.0,2690.0,2006.5,0.4536661874264802,0.29778296382730457,1.142452768086367,0.6804103502352327
Point_310,15.111875,79.716724,25.0,1.5,147.5,0.36,543.0,678.0,981.0,1108.0,1584.5,2446.0,2699.5,2732.0,3067.5,3004.0,2867.5,1991.0,0.42291666666666666,0.2658403799374493,0.9450651769087524,0.6342924098424685
Point_311,15.116177,79.698258,113.0,13.1,316.0,0.56,526.0,516.5,797.0,790.5,1329.5,2387.5,2764.0,2904.0,3029.0,3006.0,2642.5,1701.5,0.5720665854648802,0.3719144915554506,1.3999470093396038,0.8579837618403248
Point_312,15.086065,79.72271,138.0,37.6,182.6,0.28,908.5,1491.0,1814.0,1918.0,1810.0,2391.0,2521.5,3104.0,2811.5,2621.5,2907.5,2399.5,0.23616089207487057,0.2633292633292633,0.8643054948258272,0.35420607267297166
Point_313,15.082991,79.7222,151.0,63.0,259.9,0.28,513.5,537.0,805.5,774.0,1396.5,2523.0,2974.5,3162.0,3226.5,3223.5,2924.0,1827.5,0.6067073170731707,0.3872984534386311,1.5795740177272126,0.9099453829544012
Point_314,14.915607,79.885454,163.0,20.6,70.2,0.57,506.5,854.5,1163.0,1351.0,2221.5,2998.5,3353.0,3406.0,3713.5,3307.5,3118.5,1939.0,0.4319949548034476,0.21048422923145269,1.006514179360337,0.6479243300052548
Point_315,14.913226,79.885116,176.0,3.5,305.0,0.32,604.5,822.0,1190.5,1555.0,2152.0,2813.0,3151.0,3248.0,3598.0,3497.5,3999.0,2927.0,0.3524880283156361,0.20296296296296296,0.6598846273776114,0.5286770063495368
Point_316,14.907891,79.887708,25.0,44.6,168.6,0.47,415.5,520.5,813.5,874.0,1496.5,2672.0,3022.0,3119.0,3293.5,3287.5,2636.5,1689.5,0.5622339093413473,0.35153287834470803,1.2583375371335688,0.8432452735695506
Point_317,14.903972,79.887483,163.0,9.4,126.4,0.8,400.5,556.0,850.0,1064.0,1607.0,2097.5,2358.0,2372.5,2458.0,2411.0,2749.0,1992.0,0.38076531354575877,0.1923608493529338,0.7130790190735694,0.5710648821646784
Point_318,14.90027,79.888271,113.0,85.8,119.4,0.8,430.5,574.0,914.0,1111.0,1619.0,2242.5,2504.5,2393.0,2786.5,2860.5,2728.0,1725.0,0.3658675799086758,0.19292123629112662,0.6740273396424816,0.5487230703381367
Point_319,14.898855,79.890525,38.0,2.9,119.4,0.65,458.5,568.0,922.5,1128.0,1689.5,2175.5,2423.5,2498.0,2608.0,2696.0,2862.0,2089.0,0.37782680639823496,0.19307462686567164,0.6840423407229879,0.5666620708672274
Point_320,14.899943,79.89199,38.0,2.9,119.4,0.65,567.0,683.0,1011.5,1159.5,1654.0,2371.5,2666.5,2783.0,2873.5,2935.0,2867.0,1964.0,0.41179454660748255,0.2544512057696642,0.8788026415502869,0.617613492264773
Point_321,14.899508,79.893794,50.0,6.5,77.3,0.87,505.0,741.5,1114.0,1282.0,1889.5,2695.5,3105.5,3209.5,3422.0,3380.0,3074.0,2179.0,0.42914393855059557,0.25887428907628945,0.902176456821905,0.6436442564559216
Point_322,14.899508,79.896273,100.0,18.8,168.6,0.95,437.0,488.0,763.5,841.0,1430.5,2259.0,2540.5,2572.0,2820.0,2836.5,2904.0,2009.0,0.5071784353940815,0.28519675202998124,1.0930790603687799,0.7606562179581076
Point_323,14.891141,79.893262,125.0,8.8,273.9,0.71,501.5,625.0,978.5,821.5,1631.0,2586.5,2950.0,3099.0,3236.5,3149.5,2501.5,1500.5,0.5809208009182503,0.3103594080338266,1.703950321711806,0.8712700841622034
Point_324,14.88619,79.899235,176.0,105.7,168.6,0.47,520.0,743.5,1107.0,1444.0,1798.0,2601.0,2940.0,3248.0,3329.0,3116.0,3376.5,2455.5,0.38448422847399827,0.28735632183908044,0.7117213082416065,0.5766648907831646
Point_325,14.886953,79.901602,138.0,0.6,49.2,0.65,525.5,722.0,1066.0,1465.0,1842.0,2609.5,2937.0,3048.0,3318.0,3304.0,3436.5,2605.5,0.3507644582317749,0.24662576687116564,0.6160491905354919,0.5260884014622799
Point_326,14.885973,79.90318,13.0,21.1,154.5,0.28,490.5,611.0,890.5,976.0,1617.0,2331.0,2617.5,2786.5,3010.0,2972.0,2377.5,1487.5,0.48119601328903655,0.2655841943908255,1.1145653779857179,0.7216981132075472
Point_327,14.887388,79.909152,88.0,20.0,49.2,0.58,530.5,621.0,973.0,1184.5,1716.0,2443.0,2748.5,2874.5,3116.0,3107.5,3444.5,2368.5,0.41635870904163585,0.25236902298224595,0.7934272300469483,0.6244611405345486
Point_328,14.883686,79.907462,63.0,55.8,575.9,0.56,612.0,567.5,935.5,1025.5,1685.0,2660.5,3066.5,3198.5,3290.0,2970.0,3180.5,2382.0,0.5144412878787878,0.3099211631002355,1.0659798871719401,0.7715706000710143
Point_329,14.882706,79.910505,138.0,63.4,407.3,0.66,796.0,657.5,924.0,1070.5,1696.0,2273.0,2529.0,2523.0,2800.5,2866.5,2998.0,2324.5,0.4042020314456658,0.1960180137473335,0.9042520077196041,0.6062186978297162
Point_330,14.881835,79.912083,138.0,63.4,407.3,0.66,621.0,852.5,1107.0,1285.0,1673.0,2523.5,2837.5,2495.0,3132.0,3213.0,2977.0,2253.5,0.3201058201058201,0.1972168905950096,0.7934946553872385,0.4800952254992725
Point_331,14.881508,79.900024,163.0,13.5,105.3,0.11,453.0,587.5,970.0,1214.5,1717.0,2449.5,2759.5,2867.5,3108.0,3172.0,3092.5,2288.5,0.4049485546300833,0.25095430254117135,0.7187894073139975,0.607348438456828
Point_332,14.882379,79.903968,25.0,67.0,84.3,0.53,597.0,746.5,1093.0,1468.0,1733.5,2457.0,2783.5,2935.5,3090.0,2984.5,3302.0,2288.0,0.3332576359713864,0.25744270721781964,0.5969572468779237,0.4998297002724795
Point_333,14.882053,79.907687,63.0,55.8,575.9,0.56,550.0,698.0,1006.5,1108.0,1764.0,2669.0,2981.5,2956.5,3349.5,3340.5,3270.0,2235.0,0.4547914872678066,0.2526215443279314,1.0573732982496282,0.6821033210332104
Point_334,14.880746,79.904194,25.0,67.0,84.3,0.53,532.0,695.0,1045.5,1118.0,1708.5,2533.5,2841.0,2939.0,3123.5,3056.5,3038.0,2183.0,0.4488538328814395,0.2647660032275417,1.0263780858978695,0.6731977818853974
Point_335,14.879766,79.905433,213.0,11.7,280.9,0.34,528.5,737.0,1103.5,1218.0,1873.5,2616.5,2981.5,3137.0,3276.5,3146.5,2959.0,2062.5,0.4406429391504018,0.2521704420716495,0.9753990037613093,0.6608885317414763
Point_336,14.876282,79.90194,25.0,19.4,126.4,0.75,435.0,586.0,907.0,882.5,1556.0,2636.0,3029.0,3055.5,3304.5,3234.5,2299.5,1390.5,0.5518029456576943,0.32516534750081316,1.3730569948186528,0.8275993398501968
Point_337,14.156669,79.592833,63.0,11.5,111.7,0.41,568.1666666666667,557.0,933.75,768.5,1489.0,2805.916666666667,3518.0,3844.7,3913.0,3481.3333333333335,1942.5,1121.0,0.6668256307985779,0.44166338564223706,1.7971817162086368,1.0001300474673256
Point_338,14.156444,79.59325,63.0,11.5,111.7,0.41,568.1666666666667,700.2142857142858,970.0,1051.625,1561.0,2505.6,2958.0,2823.0,3254.0,3481.3333333333335,2712.833333333333,1710.5,0.45717327483304837,0.28786496350364965,1.1407198712051518,0.6856714299538724
Point_339,14.15574,79.593975,201.0,9.2,68.3,0.38,780.75,1588.25,1994.5,2533.0,2346.0,2722.25,3017.5,3414.5,3328.5,3135.5,3933.0,3436.75,0.148213535098781,0.18548737088794376,0.3288381549251115,0.22230161398789508
Point_340,14.155667,79.594586,201.0,9.2,68.3,0.38,568.75,512.25,745.5714285714286,777.6666666666666,1413.3333333333333,2430.333333333333,2861.0,2901.5,3211.0,3448.666666666667,2916.5,1972.5,0.5772593431483579,0.3448955154698907,1.4247699549413566,0.8657713561010962
Point_341,14.155398,79.594032,201.0,9.2,68.3,0.38,849.1,942.1666666666666,1240.0,1568.9166666666665,2016.0,2483.3333333333335,2763.75,2563.75,3008.916666666667,3094.285714285714,3685.166666666667,3195.0,0.24072431037264083,0.11960259839510891,0.5063280401737242,0.36104278398322526
Point_342,14.155321,79.594032,201.0,9.2,68.3,0.38,849.1,1135.3333333333333,1486.3333333333333,1862.6666666666667,2016.0,2483.3333333333335,2763.75,2997.0,3008.916666666667,3094.285714285714,3685.166666666667,3195.0,0.23341792989917,0.19569120287253142,0.5011191612181186,0.35009087479853224
Point_343,14.155272,79.593924,201.0,9.2,68.3,0.38,849.1,1334.4,1539.75,1759.25,2085.0,2538.25,2840.0,2923.0,3092.5,3094.285714285714,3607.083333333333,3176.5,0.2485450371082279,0.16733226837060702,0.8380743194584473,0.372777748118093
Point_344,14.155178,79.593935,201.0,9.2,68.3,0.38,849.1,1147.5,1309.5,1607.75,2085.0,2538.25,2840.0,2651.3333333333335,3092.5,3094.285714285714,3607.083333333333,3176.5,0.24502533800309143,0.11957210218875362,0.7065401367606238,0.36749486452117774
Point_345,14.155091,79.593601,201.0,9.2,68.3,0.38,944.3333333333334,1158.0,1420.8333333333333,1715.3333333333333,2037.0,2464.75,2754.0,2956.583333333333,2989.75,3120.75,3321.75,2856.0,0.2656832492017908,0.18415299634530977,0.6798265632131448,0.3984822272557028
Point_346,14.154921,79.595266,63.0,13.8,86.9,0.2,481.875,650.0,1064.0,955.5,1613.5,2699.6666666666665,3279.75,3624.0,3630.0,3648.25,2420.0,1401.6666666666667,0.5827055355388143,0.38386634844868733,1.4881217934418918,0.8739628820960699
Point_347,14.15503,79.594603,201.0,9.2,68.3,0.38,600.2857142857143,590.4444444444445,847.1428571428571,822.5,1332.5,2673.3333333333335,3131.666666666667,3200.166666666667,3484.625,3303.25,2690.75,1652.0,0.5910672853828307,0.4120458891013385,1.6031375016856206,0.8864907411243217
Point_348,14.157769,79.593414,63.0,11.5,111.7,0.41,462.0,581.25,867.25,865.75,1612.5,2637.3333333333335,3289.5,3409.5,3700.5,3517.25,2018.5,1114.75,0.5949944447693117,0.3578255675029869,1.497865449727661,0.8923873004736012
Point_349,14.153857,79.593158,125.0,30.0,105.5,0.25,556.3333333333334,674.1666666666667,926.125,1018.0,1633.5,2529.7,2988.75,2982.0,3310.5,3766.875,2811.5,1937.6666666666667,0.491,0.2921676958076048,1.2169279385339862,0.7364079490063742
Point_350,14.154583,79.592869,125.0,30.0,105.5,0.25,748.6666666666666,831.725,1135.0,1350.5,1748.4,2542.0,2871.75,3008.0,3123.25,3178.75,3304.25,2465.333333333333,0.3802913846506826,0.2648221343873518,0.8501634929794191,0.5703716448726772
Point_351,14.154372,79.592756,125.0,30.0,105.5,0.25,543.0,614.2,880.0,927.75,1490.5,2600.25,3205.0,2895.3333333333335,3517.333333333333,3869.5,2403.5,1501.5,0.5146587614708896,0.32031160934828046,1.2755532025239864,0.7718871913344811
Point_352,14.154323,79.593045,151.0,3.8,117.9,0.2,693.0,751.4,1020.5,1123.4,1520.7,2590.166666666667,2927.0,3105.325,3247.6,3237.6666666666665,3116.6666666666665,2171.25,0.468681458359198,0.3425457060867591,1.1765727312124141,0.7029390727615579
Point_353,14.154142,79.593045,151.0,3.8,117.9,0.2,693.0,736.25,973.0,1064.6666666666667,1681.0,2479.3333333333335,2862.2,3075.625,3217.3333333333335,3237.6666666666665,3324.0,2370.5,0.4857045095454225,0.29319633143247575,1.2750988100522054,0.7284687911933103
Point_354,14.153966,79.592762,125.0,30.0,105.5,0.25,534.75,707.0,1044.3333333333333,1023.0,1666.5,3052.0,3780.0,3790.6666666666665,4121.75,4097.166666666666,2063.5,1181.0,0.5749601828128247,0.3892435024279999,1.49533551849584,0.8623507010559115
Point_355,14.153873,79.59313,125.0,30.0,105.5,0.25,556.3333333333334,674.1666666666667,926.125,1018.0,1633.5,2529.7,2988.75,2982.0,3310.5,3766.875,2811.5,1937.6666666666667,0.491,0.2921676958076048,1.2169279385339862,0.7364079490063742
Point_356,14.155245,79.5942,201.0,9.2,68.3,0.38,849.1,819.3333333333334,1031.0,1241.5,1713.6,2435.75,2849.0,2727.166666666667,3166.666666666667,3094.285714285714,3378.5,2774.5,0.3743490676969596,0.22824136973345455,0.9211342123754804,0.5614528658408566
Point_357,15.196752,80.017182,113.0,5.9,35.1,0.97,597.0,892.5,1296.0,1726.5,1857.5,2606.5,2937.5,2999.5,3148.5,3015.5,3124.0,2540.5,0.26936098180279305,0.23512456248713198,0.47744064808911224,0.40399873056172647
Point_358,15.199102,80.02483,50.0,18.2,21.1,0.39,547.5,783.0,1092.0,1389.5,1876.5,2382.0,2575.5,2567.0,2779.0,2775.5,3288.0,2529.0,0.2976115253380513,0.15539552154832903,0.5849478390461997,0.4463608794541319
Point_359,15.195822,80.031415,213.0,45.2,42.1,0.34,537.5,717.0,1072.0,1239.0,1868.0,2575.0,2953.0,2919.5,3259.0,3201.5,3145.5,2195.0,0.4041120596368883,0.21963446475195822,0.8441330118545308,0.6060952151959605
Point_360,15.189469,80.048835,163.0,24.7,21.1,0.89,622.0,627.0,991.0,1016.0,1674.0,2688.0,3007.0,3013.5,3397.5,3331.5,2418.5,1494.0,0.4957190718451421,0.28576,1.1328833938294012,0.7434863523573201
Point_361,15.187829,80.053084,151.0,4.1,28.1,0.79,630.5,829.0,1248.0,1445.0,2197.5,3031.0,3355.5,3560.0,3829.0,3588.0,3565.0,2343.0,0.4225774225774226,0.23664785062961355,0.8792716388126715,0.6338028169014085
Point_362,15.189469,80.035239,238.0,31.13,63.2,0.89,321.0,414.5,584.0,568.0,1115.0,2197.5,2587.5,2639.0,2952.0,2894.5,2055.5,1183.5,0.6457748674773932,0.40596696856686204,1.7615037849791613,0.9685113016367888
Point_363,15.183525,80.062219,401.0,36.42,49.2,0.78,595.0,656.0,1005.0,994.0,1869.0,2898.0,3291.0,3480.0,3504.0,3587.0,3237.0,2484.0,0.5556548949485919,0.3011777902411666,1.3734806629834253,0.833389205497821
Point_364,15.179835,80.070079,263.0,14.7,28.1,0.52,859.25,1030.75,1499.0,2021.0,2465.0,3095.0,3331.6666666666665,3348.5,3607.5,3630.3333333333335,4328.5,3805.0,0.2472297234379365,0.15197385396060892,0.4285091754224568,0.3708100558659218
Point_365,15.168356,80.062856,201.0,10.0,49.2,0.53,631.0,947.0,1372.0,2008.0,2341.0,2770.0,2992.0,3040.0,3202.0,3262.0,4549.0,4167.0,0.20443740095087162,0.1299015052964133,0.3230451386715082,0.30662573041497476
Point_366,15.192879,80.036543,214.0,13.5,42.1,0.47,484.0,489.0,738.5,748.5,1308.0,2449.5,2933.5,2642.0,3109.5,3427.0,2404.0,1419.0,0.5584722017401563,0.33772151898734176,1.365570460118275,0.8375847832497788
Point_367,15.191632,80.036484,88.0,11.2,42.1,0.27,475.5,633.5,1000.0,1161.0,1807.5,2562.5,2826.5,2891.0,3099.0,2936.5,3315.0,2512.5,0.4269496544916091,0.23060551239757368,0.8469182944142556,0.6403454657618753
Point_368,15.189647,80.034251,238.0,31.13,63.2,0.89,484.0,613.0,905.0,837.0,1255.0,2502.0,2927.0,3254.0,3219.5,3364.5,2095.0,1249.5,0.5908090931312637,0.44333555111998224,1.6422068215790189,0.8861053403397288
Point_369,15.186415,80.032723,401.0,11.2,56.2,0.43,423.5,744.0,1061.5,1210.0,1472.0,2300.5,2660.5,2779.0,2902.5,2881.0,2409.0,1626.5,0.3933316620706944,0.30745706892495883,0.8794843049327354,0.589923549316957
Point_370,15.182219,80.032077,88.0,10.0,35.1,0.52,486.0,661.0,1016.0,1007.5,1559.5,2833.0,3280.5,3420.0,3665.0,3571.0,2469.0,1347.0,0.5448898927159797,0.37363189075208353,1.3377509149384494,0.8172425474254743
Point_371,15.181879,80.035074,339.0,7.0,38.1,0.98,522.0,762.0,1110.0,1215.0,1929.5,2827.5,3263.0,3335.5,3695.0,3251.5,2808.5,1701.5,0.4659927480496649,0.26704653371320036,1.0793545759951135,0.6989123269611074
Point_372,15.180574,80.037484,151.0,34.07,49.2,0.34,520.5,655.0,983.0,1022.0,1548.0,2462.0,2848.0,2833.0,3087.5,3035.0,2236.5,1359.0,0.46977950713359273,0.2933120292170737,1.1169359812507709,0.7045778757618986
Point_373,15.17961,80.033663,188.0,4.1,35.1,0.43,486.5,667.5,921.0,982.0,1498.0,2581.5,2983.5,3006.5,3288.0,3184.0,2307.0,1351.5,0.50758430487652,0.3348873348873349,1.3000064213703206,0.7612810228127349
Point_374,15.17876,80.030607,213.0,15.9,35.1,0.3,518.5,578.5,865.0,749.5,1220.5,1917.0,2175.0,2404.5,2213.5,2401.0,1719.5,1006.5,0.5247305009511731,0.32662068965517244,1.613846903949293,0.7869709938183547
Point_375,15.177909,80.024613,163.0,20.0,35.1,0.26,516.0,718.5,1022.0,1177.5,1586.0,2438.5,2723.5,2647.5,2919.0,2677.0,2671.5,1748.0,0.3843137254901961,0.25073815991496395,0.849760101739985,0.5763952424519672
Point_376,15.177796,80.021909,138.0,11.2,49.2,0.41,490.5,530.0,827.0,766.0,1432.0,2395.5,2735.5,2957.5,3022.5,2847.0,2658.5,1740.0,0.5885591513361085,0.34753388768652466,1.5305908646459,0.8827201933404941
Point_377,15.173373,80.015738,113.0,45.2,49.2,0.36,402.0,521.0,812.0,991.5,1640.0,2287.5,2604.0,2580.0,2791.5,2787.5,3035.5,2500.0,0.4447711045779084,0.22274881516587677,0.8591130340724716,0.6670632698768197
Point_378,15.143821,80.005442,301.0,15.9,49.2,0.46,357.5,376.5,688.0,403.5,1145.5,2485.5,2922.0,3001.0,3114.5,2925.0,1919.0,1100.0,0.7629607871934204,0.4474858314240926,2.4983168221602385,1.144273127753304
Point_379,14.917555,79.587977,63.0,13.1,49.7,0.3,472.0,534.5,845.5,1159.0,1569.5,2656.5,2969.5,3002.5,3208.0,2972.0,2743.5,1808.5,0.442989306740358,0.31342957130358706,0.7747425929817188,0.6644041326285439
Point_380,14.916373,79.587395,50.0,9.2,86.9,0.38,445.5,623.5,933.0,1424.0,1796.5,2227.0,2441.0,2542.0,2730.5,2815.0,3501.5,2581.0,0.28189611699445283,0.1718335830356114,0.43598642904496354,0.4227908735661162
Point_381,14.944903,80.038315,100.0,6.9,434.0,0.15,497.0,868.0,1434.0,1926.0,2353.0,4250.0,4973.0,4583.0,5225.0,4970.0,2842.0,1577.0,0.4082040251958826,0.3215109573241061,0.6897715472481827,0.6122590060680544
Point_382,14.91982,79.815684,100.0,60.5,89.6,0.94,489.5,519.5,841.0,799.5,1425.0,2825.0,3406.0,3675.5,3864.0,3721.0,2653.5,1610.0,0.64268156424581,0.4412312518380551,1.5708121688786936,0.9639146464082224
Point_383,15.170278,80.005474,276.0,1.8,28.1,0.14,540.5,846.5,1396.0,1928.0,2404.5,2792.5,3002.0,2876.0,2910.5,2879.0,4084.5,2945.0,0.19733555370524564,0.08929078685730518,0.29272811486799444,0.29597252575710276
Point_384,15.170125,80.005806,276.0,1.8,28.1,0.14,402.0,367.5,559.0,488.0,1312.0,2428.0,2845.0,2874.0,3167.0,3035.5,2288.5,1467.5,0.7096966091612136,0.3731485905398949,1.9578239107245428,1.0643866171003717
Point_385,15.170049,80.00549,276.0,1.8,28.1,0.14,540.5,716.0,1202.5,1579.0,1800.5,2615.0,2964.5,2808.0,3053.5,2879.0,3228.0,2171.0,0.2801458855710052,0.21861777150916784,0.4444524808332128,0.42017094017094014
Point_386,15.16982,80.00549,276.0,1.8,28.1,0.14,516.0,653.0,991.5,1237.5,1556.5,2477.5,2848.5,2750.0,3046.0,2898.5,2747.5,1866.0,0.3793103448275862,0.2771392081736909,0.7163493416690347,0.568894182547643
Point_387,15.169774,80.004984,276.0,1.8,28.1,0.14,631.5,704.0,984.0,1182.0,1569.0,2451.0,2771.5,2910.0,3008.5,2833.0,3058.5,2125.5,0.4222873900293255,0.2993971868720697,0.9146728774084268,0.6333536957849725
Point_388,14.532324,80.113491,238.0,57.6,117.9,0.03,426.1666666666667,548.25,841.4285714285714,834.0,1482.25,2993.4,3770.076923076923,3642.75,4049.285714285714,3882.2,1892.0,1014.0,0.627408276093148,0.4215609756097561,1.5480750682062447,0.941007314757943
Point_389,14.531629,80.114266,213.0,16.1,173.8,0.19,436.2857142857143,601.5,947.2,835.5,1727.6,2768.714285714286,3281.1666666666665,3247.3333333333335,3498.0,3495.2727272727275,2322.5,1448.6666666666667,0.5907253949463199,0.3054781303602059,1.6078531588186928,0.8859795918367347
Point_390,14.531407,80.114295,213.0,16.1,173.8,0.19,425.57142857142856,638.25,967.0,1085.5,1719.0,2739.6,3110.8,3015.176470588235,3367.6363636363635,3522.9,2210.3333333333335,1378.25,0.4705751561793965,0.273791329630596,1.0172679249495702,0.7057766781411359
Point_391,14.532439,80.114495,213.0,16.1,173.8,0.19,556.8571428571429,787.0,1211.5,1343.0,1977.0,2901.285714285714,3273.7272727272725,3525.285714285714,3620.6,3398.6666666666665,2922.0,1927.0,0.44826574329479435,0.28138955239381036,0.9602112012068641,0.6723295629593768
Point_392,14.532326,80.114519,213.0,16.1,173.8,0.19,556.8571428571429,802.5,1211.2222222222222,1477.5,1977.0,2901.285714285714,3273.7272727272725,3396.0,3620.6,3398.6666666666665,2922.0,1927.0,0.39365958756540476,0.26409826912339474,0.7682296880631081,0.5904288059089043
Point_393,14.944241,79.907596,226.0,4.6,621.0,0.1,366.0,465.0,838.0,693.5,1491.5,3036.0,3593.5,3672.5,3831.5,3154.0,2961.0,1809.0,0.6823179111314704,0.42234701781564676,1.7132505175983437,1.0233596702164205
Point_394,14.173949,79.553736,188.0,15.4,341.4,0.23,913.5,1312.5,1587.5,1928.5,2170.5,2314.5,2522.5,2658.5,2692.0,2702.0,3498.0,3186.0,0.15914541094397208,0.1010561192793539,0.4160255314298741,0.23869209809264302
Point_395,14.173948,79.553757,188.0,15.4,341.4,0.23,913.5,1312.5,1587.5,1928.5,2170.5,2314.5,2522.5,2658.5,2692.0,2702.0,3498.0,3186.0,0.15914541094397208,0.1010561192793539,0.4160255314298741,0.23869209809264302
Point_396,14.173866,79.553626,100.0,16.1,335.2,0.39,934.5,1013.5,1329.0,1647.0,1927.0,2204.5,2395.0,2452.5,2637.0,2660.0,3395.5,3069.0,0.1964873765093304,0.11999086653727595,0.425357765221524,0.2946951219512195
Point_397,14.173833,79.553674,100.0,16.1,335.2,0.39,934.5,970.5,1263.0,1516.0,1927.0,2204.5,2395.0,2414.0,2637.0,2660.0,3395.5,3069.0,0.22849872773536894,0.11218613222759732,0.5304507058893024,0.34270449052283425
Point_398,14.173823,79.553673,100.0,16.1,335.2,0.39,934.5,970.5,1263.0,1516.0,1927.0,2204.5,2395.0,2414.0,2637.0,2660.0,3395.5,3069.0,0.22849872773536894,0.11218613222759732,0.5304507058893024,0.34270449052283425
Point_399,14.17382,79.553662,100.0,16.1,335.2,0.39,934.5,970.5,1263.0,1516.0,1927.0,2204.5,2395.0,2414.0,2637.0,2660.0,3395.5,3069.0,0.22849872773536894,0.11218613222759732,0.5304507058893024,0.34270449052283425
Point_400,14.173822,79.553738,100.0,16.1,335.2,0.39,892.0,959.0,1224.5,1586.5,1850.0,2149.0,2352.5,2475.5,2534.0,2674.0,3418.5,3068.0,0.2188577055637617,0.14460755981967402,0.46273162606704143,0.32824615384615385
Point_401,14.17382,79.553661,100.0,16.1,335.2,0.39,934.5,970.5,1263.0,1516.0,1927.0,2204.5,2395.0,2414.0,2637.0,2660.0,3395.5,3069.0,0.22849872773536894,0.11218613222759732,0.5304507058893024,0.34270449052283425
Point_402,14.173819,79.553667,100.0,16.1,335.2,0.39,934.5,970.5,1263.0,1516.0,1927.0,2204.5,2395.0,2414.0,2637.0,2660.0,3395.5,3069.0,0.22849872773536894,0.11218613222759732,0.5304507058893024,0.34270449052283425
Point_403,14.173811,79.553658,100.0,16.1,335.2,0.39,934.5,970.5,1263.0,1516.0,1927.0,2204.5,2395.0,2414.0,2637.0,2660.0,3395.5,3069.0,0.22849872773536894,0.11218613222759732,0.5304507058893024,0.34270449052283425
Point_404,14.17381,79.55367,100.0,16.1,335.2,0.39,934.5,970.5,1263.0,1516.0,1927.0,2204.5,2395.0,2414.0,2637.0,2660.0,3395.5,3069.0,0.22849872773536894,0.11218613222759732,0.5304507058893024,0.34270449052283425
Point_405,14.173805,79.553691,100.0,16.1,335.2,0.39,934.5,970.5,1263.0,1516.0,1927.0,2204.5,2395.0,2414.0,2637.0,2660.0,3395.5,3069.0,0.22849872773536894,0.11218613222759732,0.5304507058893024,0.34270449052283425
Point_406,15.169728,80.004035,314.0,16.4,35.1,0.3,646.0,728.0,1050.5,1206.5,1684.5,2333.5,2713.5,2787.0,2953.5,2767.5,3153.5,2501.0,0.39576812320020033,0.24656155652465617,0.8651740748850449,0.5935778668002003
Point_407,15.162735,79.975129,301.0,28.2,28.1,0.24,325.0,505.0,745.5,646.0,1168.5,2435.5,2818.5,2939.5,3078.0,3077.5,2017.0,1191.5,0.6396597406219495,0.43111002921129504,1.8929514691317268,0.9593558282208589
Point_408,15.162659,79.97503,301.0,28.2,28.1,0.24,325.0,551.0,838.5,851.5,1260.0,2449.5,2877.0,3001.5,3142.0,3077.5,2332.0,1421.5,0.5580067479885803,0.40865892291446676,1.3508419200804223,0.8369015181004281
Point_409,15.162625,79.974843,301.0,28.2,28.1,0.24,370.0,582.5,903.5,1124.5,1355.5,2236.5,2589.0,2657.0,2873.0,2861.5,2400.0,1624.5,0.4052624619859844,0.3243613707165109,0.7607346736162819,0.6078133262823903
Point_410,15.162708,79.974751,301.0,28.2,28.1,0.24,494.0,615.5,914.5,1121.0,1451.0,2223.0,2531.0,2657.0,2804.0,2938.0,2641.5,1749.5,0.4065643197458973,0.29357351509250246,0.8054113575585968,0.6097657800714569
Point_411,15.162706,79.974808,301.0,28.2,28.1,0.24,494.0,550.0,820.0,1004.5,1566.0,2329.0,2605.0,2547.5,2914.0,2938.0,2808.5,1997.0,0.43440315315315314,0.2386045946274462,0.8667565442085159,0.6515130190007038
Point_412,15.162701,79.974876,301.0,28.2,28.1,0.24,494.0,524.5,782.0,896.5,1566.0,2329.0,2605.0,2736.0,2914.0,2938.0,2808.5,1997.0,0.5064005505849966,0.2719665271966527,1.0995875425907107,0.759496284062758
Point_413,15.162674,79.97502,301.0,28.2,28.1,0.24,454.0,582.5,903.5,945.0,1477.0,2676.5,3124.0,3272.5,3409.0,2946.0,2738.0,1717.0,0.5518672199170125,0.3780397936624908,1.271927427728291,0.8277027027027027
Point_414,15.162729,79.974922,301.0,28.2,28.1,0.24,494.0,524.5,782.0,896.5,1566.0,2329.0,2605.0,2736.0,2914.0,2938.0,2808.5,1997.0,0.5064005505849966,0.2719665271966527,1.0995875425907107,0.759496284062758
Point_415,15.162706,79.974952,301.0,28.2,28.1,0.24,454.0,582.5,903.5,945.0,1477.0,2676.5,3124.0,3272.5,3409.0,2946.0,2738.0,1717.0,0.5518672199170125,0.3780397936624908,1.271927427728291,0.8277027027027027
Point_416,15.162425,79.975024,301.0,28.2,28.1,0.24,325.0,446.5,688.5,627.0,1046.0,2272.0,2711.5,2668.0,2986.0,3077.5,1928.0,1081.0,0.619423368740516,0.436725901992461,1.6554465082326222,0.9289940828402368
Point_417,15.162359,79.974975,301.0,28.2,28.1,0.24,325.0,441.5,688.5,633.0,1046.0,2272.0,2711.5,2567.0,2986.0,3077.5,1928.0,1081.0,0.604375,0.4209797951840576,1.5827809149684917,0.9064208717387909
Point_418,15.162385,79.974943,301.0,28.2,28.1,0.24,370.0,406.5,633.5,505.5,1075.0,2205.0,2543.5,2654.0,2842.5,2861.5,1909.5,1103.0,0.6800126602310492,0.42343791901314026,2.035142559439235,1.0198575949367088
Point_419,14.26375,80.055505,151.0,6.5,168.6,0.34,743.0,769.0,1107.0,1224.0,1870.0,2263.0,2483.0,2408.0,2686.0,2582.0,3031.0,2515.0,0.32599118942731276,0.1257597007947639,0.7426922594404717,0.4889194769442533
Point_420,14.263886,80.055512,151.0,6.5,168.6,0.34,743.0,947.0,1288.0,1516.0,1870.0,2263.0,2483.0,2296.0,2686.0,2582.0,3031.0,2515.0,0.20461699895068206,0.10225636101776284,0.45449248339354387,0.30688524590163935
Point_421,14.264031,80.056111,151.0,6.5,168.6,0.34,662.0,699.0,966.0,1127.0,1531.0,1971.0,2213.0,2225.0,2361.0,2797.0,2561.0,1994.0,0.3275656324582339,0.1847710330138445,0.7328794553464157,0.4912751677852349
Point_422,14.938961,79.768006,113.0,6.1,347.6,0.12,404.5,589.5,880.0,1087.5,1687.5,2616.0,2960.5,3128.0,3394.0,3066.0,2735.5,1796.0,0.48404696951725773,0.2991381995639082,0.9748698103291769,0.7259843453510437
Point_423,14.152696,79.703033,125.0,14.6,552.4,0.16,558.3333333333334,656.0,939.0,1041.0,1510.0,2397.0,2731.25,2755.25,3018.0,2915.0,2871.5,1988.5,0.4515640434639447,0.2919524060723287,1.0498193398248514,0.6772568644235202
Point_424,14.152678,79.703136,125.0,14.6,552.4,0.16,558.3333333333334,716.5,1056.0,1214.5,1707.0,2488.5,2777.6666666666665,3003.666666666667,3017.5,2915.0,3088.5,2269.0,0.4241574143585286,0.2752618171525616,0.9095145302041853,0.6361607142857144
Point_425,14.152551,79.703039,125.0,14.6,552.4,0.16,558.3333333333334,672.0,969.0,1012.3333333333334,1707.0,2488.5,2777.6666666666665,2671.75,3017.5,2915.0,3088.5,2269.0,0.45042864575086516,0.22032543534113616,1.1191857197455093,0.6755512835010742
Point_426,14.152093,79.702982,125.0,14.6,552.4,0.16,567.5,544.3333333333334,877.0,882.5,1449.5,2504.0,2826.0,2817.0,3108.0,2963.333333333333,2568.5,1686.0,0.5229085011488039,0.320520332825501,1.1999131621386925,0.7842567567567569
Point_427,14.152016,79.703198,125.0,14.6,552.4,0.16,567.5,736.25,1033.0,1241.0,1557.5,2394.5,2678.0,2745.5,2961.0,2963.333333333333,2883.0,2031.5,0.3773987206823028,0.27608645131303744,0.8052990766760337,0.5660270880361173
Point_428,14.151949,79.702913,125.0,14.6,552.4,0.16,546.5,516.6666666666666,835.625,835.75,1579.5,2512.5,2781.0,2971.0,3091.0,2714.5,2784.75,1926.95,0.5609115387141262,0.3057905724645643,1.2983400218898211,0.8412568126600566
Point_429,14.151833,79.702873,125.0,14.6,552.4,0.16,546.5,608.0,932.5,1029.5,1579.5,2512.5,2781.0,3009.3333333333335,3091.0,2714.5,2784.75,1926.95,0.49019931498369995,0.3115897286892093,1.0696405417086874,0.7352079551081037
Point_430,14.151833,79.703945,125.0,14.6,552.4,0.16,573.5,725.0,1024.75,1249.8333333333335,1687.0,2340.5,2644.0,2733.0,2938.5,2680.0,2930.0,2195.5,0.3723898397288362,0.23665158371040723,0.7732075209397699,0.5585146443514644
Point_431,14.152413,79.703614,125.0,14.6,552.4,0.16,645.6666666666666,1021.0,1390.5,1743.5,2031.25,2517.0,2736.5,2704.75,3048.0,2944.0,3456.75,2753.0,0.2160962176136683,0.14220861486486486,0.4361982120978355,0.32410789547625735
Point_432,14.152347,79.70358,125.0,14.6,552.4,0.16,645.6666666666666,1021.0,1390.5,1743.5,2031.25,2517.0,2736.5,2704.75,3048.0,2944.0,3456.75,2753.0,0.2160962176136683,0.14220861486486486,0.4361982120978355,0.32410789547625735
Point_433,14.15227,79.703438,125.0,14.6,552.4,0.16,645.6666666666666,791.5,1139.0,1308.25,1842.0,2457.0,2700.0,2912.5,2945.0,2944.0,3270.5,2536.0,0.38008647752176744,0.22515511620569986,0.8309162479929559,0.5700621853716317
Point_434,14.152209,79.703284,125.0,14.6,552.4,0.16,567.5,751.3333333333333,1082.0,1374.0,1873.5,2455.0,2703.25,2725.5,2994.0,2963.333333333333,3243.0,2517.0,0.3296743505305525,0.1852576647097195,0.6332583637897103,0.4944512195121952
Point_435,15.095407,79.712649,138.0,18.4,161.5,0.19,636.5,657.5,970.5,1154.0,1757.0,2535.0,2877.0,3117.5,3178.5,3067.5,3422.0,2460.0,0.4596745873814819,0.27910554928710635,0.9603815113719736,0.6894311797752809
Point_436,15.092826,79.714941,113.0,36.9,463.5,0.05,596.0,787.0,1141.5,1559.0,1952.0,2654.0,2941.5,3051.0,3267.5,3211.0,3504.0,2780.5,0.323644251626898,0.21966819908055166,0.573537326055201,0.4854137295304197
Point_437,15.067255,79.719653,63.0,79.2,168.6,0.47,588.0,951.0,1208.0,1449.5,1980.0,2651.0,2951.0,2697.5,3155.0,3117.0,3133.0,2519.0,0.30094043887147337,0.1533939070016034,0.7318789584799437,0.4513562386980109
Point_438,14.958921,79.956159,138.0,5.4,403.0,0.1,623.0,820.0,1378.0,1512.0,1547.0,1794.0,2007.0,1302.0,1912.0,2013.0,1838.0,1279.0,-0.07462686567164178,-0.085995085995086,-0.1242603550295858,-0.11192041215135903
Point_439,14.948214,79.965062,50.0,5.4,335.0,0.42,395.0,436.0,676.0,581.0,1164.0,2235.0,2620.0,2654.0,2911.0,3299.0,2049.0,1118.0,0.6408037094281298,0.3902566788894709,1.8051201671891326,0.9610570236439498
Point_440,14.94865,79.960216,238.0,12.3,602.0,0.24,403.0,535.0,841.0,811.0,1369.0,2285.0,2612.0,2852.0,2964.0,2943.0,3037.0,1922.0,0.5571935571935572,0.3513385453683961,1.3766356400917306,0.8356762658659751
Point_441,14.949521,79.95537,201.0,13.8,379.0,0.97,395.0,500.0,808.0,904.0,1542.0,2323.0,2592.0,2668.0,2837.0,2733.0,2726.0,1802.0,0.49384098544232924,0.267458432304038,1.0154271241077597,0.7406578026592023
Point_442,14.959163,80.007436,188.0,10.0,397.0,0.45,451.0,622.0,954.0,858.0,1458.0,2404.0,2850.0,3068.0,2990.0,3138.0,2459.0,1596.0,0.5629139072847682,0.35572249226690233,1.5554617117117118,0.8442633388513944
Point_443,14.956986,80.002703,238.0,16.1,478.0,0.18,543.0,850.0,1212.0,1766.0,2000.0,2404.0,2602.0,2744.0,2831.0,2824.0,3470.0,2547.0,0.21685144124168515,0.15682967959527824,0.35099052540913006,0.3252411040904556
Point_444,14.957313,79.998646,226.0,13.1,397.0,0.24,522.0,558.0,839.0,881.0,1622.0,2442.0,2800.0,2576.0,3116.0,3007.0,2838.0,1885.0,0.4903095169221869,0.22725107193901858,1.1521207177814028,0.735357917570499
Point_445,14.958401,79.996167,213.0,3.8,397.0,0.42,668.0,675.0,1106.0,1134.0,1851.0,2665.0,3127.0,3340.0,3343.0,3386.0,2943.0,1925.0,0.4930710773357175,0.28684261221344637,1.0850959173635022,0.7395239691585652
Point_446,14.956769,79.9938,188.0,14.6,447.0,0.3,577.0,736.0,1128.0,1388.0,1935.0,2369.0,2700.0,2959.0,2878.0,2428.0,3247.0,2256.0,0.3613986657464918,0.20923579893747446,0.6809119278779473,0.5420356526739505
Point_447,14.953721,80.005859,238.0,14.6,521.0,0.22,537.0,770.0,1003.0,1154.0,1594.0,2204.0,2571.0,2558.0,2760.0,2835.0,2824.0,1998.0,0.37823275862068967,0.2321772639691715,0.9466019417475728,0.5672727272727273
Point_448,14.951979,80.006084,238.0,1.5,447.0,0.24,464.0,611.0,966.0,982.0,1673.0,2605.0,2914.0,2900.0,3108.0,2972.0,2542.0,1648.0,0.49407521895929934,0.26831401705663677,1.1388196176226102,0.7410173857050869
Point_449,14.951108,80.004844,226.0,2.3,397.0,0.3,570.0,676.0,1028.0,1350.0,1754.0,2372.0,2624.0,2592.0,2883.0,3047.0,3082.0,2268.0,0.3150684931506849,0.19282098481362173,0.5521963364751912,0.47254280279010774
Point_450,14.958773,79.962696,188.0,10.0,583.0,0.32,520.0,714.0,966.0,852.0,1672.0,2795.0,3312.0,3540.0,3771.0,3255.0,2381.0,1377.0,0.6120218579234973,0.35840368380660015,2.037598544572468,0.9179282868525895
Point_451,14.953875,79.963146,226.0,1.5,354.0,0.33,430.0,558.0,869.0,934.0,1528.0,2432.0,2679.0,2732.0,2982.0,2938.0,2897.0,1909.0,0.49045280960174575,0.28262910798122065,1.0826107899807322,0.7355788899495431
Point_452,14.946473,79.954469,151.0,3.8,379.0,0.23,441.0,753.0,1002.0,1422.0,1833.0,2254.0,2505.0,2659.0,2886.0,2797.0,3502.0,2463.0,0.3031119823572654,0.18388245770258238,0.5577599422851475,0.4546122748989342
Point_453,14.944187,79.953116,201.0,15.4,621.0,0.32,374.5,454.0,701.5,1118.0,1463.5,2234.5,2568.0,2611.0,2793.0,2793.5,2695.0,2133.5,0.40037543577366586,0.2816296478095472,0.6310228233305157,0.6004826384233811
Point_454,14.963844,80.002478,213.0,0.8,521.0,0.49,545.0,635.0,1094.0,1038.0,1658.0,2665.0,3122.0,3418.0,3614.0,3262.0,2243.0,1362.0,0.5341113105924596,0.3467297084318361,1.218139011157744,0.8010770784247728
Point_455,14.962211,80.004393,289.0,18.1,379.0,0.35,511.0,633.0,1034.0,1089.0,1721.0,2769.0,3148.0,3445.0,3577.0,3452.0,2156.0,1254.0,0.5196294662549625,0.3337204800619435,1.1256569517439083,0.7793582533906716
Point_456,14.958401,79.993687,188.0,14.6,447.0,0.3,605.0,798.0,1108.0,1622.0,2073.0,2435.0,2702.0,2402.0,2749.0,2108.0,3482.0,2478.0,0.19383697813121273,0.0735195530726257,0.3170731707317073,0.2907193440178904
Point_457,14.955353,80.005971,238.0,14.6,521.0,0.22,836.0,1368.0,1909.0,2617.0,3132.0,3343.0,3533.0,3288.0,3722.0,3356.0,3863.0,3075.0,0.11363251481795089,0.024299065420560748,0.19213148551139617,0.17043434086868173
Point_458,14.953285,80.008451,226.0,6.9,621.0,0.64,509.5,566.5,907.5,1142.0,1591.5,2342.5,2623.5,2660.0,2757.0,2751.5,2684.0,1987.5,0.3992635455023672,0.2513230624485476,0.7209004131642683,0.5988165680473372
Point_459,15.073525,79.650755,75.0,49.15,210.7,0.25,382.5,549.0,835.0,950.5,1538.5,2204.0,2441.5,2479.5,2669.5,3111.0,2512.5,1916.0,0.4457725947521866,0.2341961174713788,0.940113133300541,0.6685614341932663
Point_460,15.059018,79.664382,50.0,16.9,182.6,0.42,498.0,661.0,1009.0,1115.0,1672.0,2637.0,3098.0,3120.0,3417.5,3343.5,2508.5,1631.0,0.4734356552538371,0.3021702838063439,1.0327598640156588,0.7100696493920434
Point_461,15.05742,79.666038,38.0,22.3,112.4,0.6,467.0,476.0,748.0,630.5,1294.0,2367.0,2842.5,2862.0,3195.5,3226.5,2188.0,1209.0,0.638940586972083,0.37728585178055823,1.8136378413524057,0.9582736902376181
Point_462,15.055452,79.661835,163.0,29.2,147.5,0.47,447.0,644.5,968.5,879.5,1524.5,2844.0,3258.5,3060.5,3535.5,3460.0,2661.0,1692.0,0.5535532994923857,0.3350054525627045,1.5557457735929807,0.8302245907879711
Point_463,15.0466,79.652665,213.0,34.6,196.6,0.06,755.0,1095.0,1417.0,1744.0,2194.0,2840.0,3053.0,3132.0,3312.0,3261.5,3801.5,2982.5,0.28465955701394585,0.17611716109650769,0.6444423809081623,0.42694555521378036
Point_464,14.53354,80.107166,63.0,25.3,74.5,0.13,607.0,687.8571428571429,1104.5,1121.0,1922.0,3106.0,4006.25,4196.0,4279.666666666667,4161.0,2520.5,1622.0,0.5783336467933045,0.3716900948022229,1.3336927023309417,0.8674188998589563
Point_465,14.534429,80.111032,63.0,36.9,180.0,0.08,461.1818181818182,692.1111111111111,1082.2,1081.6,1725.8333333333333,2864.1,3283.5,3515.0,3640.75,3401.4545454545455,2898.0,2026.5,0.5293912892137667,0.3413897280966768,1.2635087889340435,0.7940005655739488
Point_466,14.534562,80.111204,63.0,36.9,180.0,0.08,438.1818181818182,578.375,944.3333333333334,968.4285714285714,1622.111111111111,2624.9285714285716,2992.6153846153848,2885.4666666666667,3246.0,3521.0,2471.6666666666665,1694.0,0.4974286992257678,0.28027371192214595,1.0994143646363577,0.7460462576427899
Point_467,14.53228,80.112744,238.0,57.6,117.9,0.03,441.6666666666667,557.4,941.2,798.3333333333334,1448.6666666666667,3013.5454545454545,3636.3333333333335,3901.8333333333335,3926.5,3909.875,1927.0,1047.0,0.6602957341938229,0.4584929757343551,1.7194540887936762,0.9903382498936322
Point_468,14.530684,80.116333,163.0,118.3,167.6,0.08,447.0,545.1428571428571,802.0,538.0,1397.5,3008.875,3755.4,3758.0,4017.75,3749.4444444444443,1909.0,964.0,0.749534450651769,0.45786053729027254,2.7773670461826603,1.124170836727569
Point_469,14.538162,80.120114,113.0,34.6,204.8,0.13,682.625,925.2222222222222,1305.625,1512.5,1817.4444444444443,2617.0,2958.3333333333335,3304.0,3242.4,3096.0,3174.3333333333335,2447.0,0.3719505865254853,0.2902609940771918,0.8231735334660744,0.5578679676146979
Point_470,14.538209,80.120603,113.0,34.6,204.8,0.13,619.0,545.5,868.0,759.0,1747.3333333333333,2704.3333333333335,3119.0,3123.6666666666665,3436.0,3800.5,2913.0,2062.5,0.6090315934065934,0.28255662766030243,1.6478896141606079,0.9134297609339456
Point_471,14.538251,80.120726,113.0,34.6,204.8,0.13,619.0,659.6666666666666,1039.6666666666667,994.5,1754.5,2875.0,3633.0,3730.3333333333335,4003.5,3800.5,2287.0,1370.0,0.5790327701153479,0.36023580175635844,1.4396597088230134,0.8684572516930023
Point_472,14.541441,80.127919,63.0,35.3,192.4,0.3,581.75,719.1428571428571,1093.4166666666667,1091.142857142857,1743.0,2649.5,3037.0,3106.0,3298.0,3420.75,2475.0,1748.0,0.4800544588155208,0.2810888843060425,1.1823486017034404,0.7199959160753484
Point_473,14.541415,80.128008,63.0,35.3,192.4,0.3,581.75,562.5555555555555,953.5555555555555,971.6666666666666,1743.0,2649.5,3037.0,3357.1,3298.0,3420.75,2475.0,1748.0,0.5510653534879065,0.31648399050999,1.2001737462097835,0.8265025639446251
Point_474,14.541314,80.128142,63.0,35.3,192.4,0.3,581.75,546.4285714285714,937.0,942.0,1593.3333333333333,3025.1666666666665,3776.1875,3803.625,4141.0,3420.75,2061.0,1203.0,0.6030027657052548,0.4095439560863759,1.3351090241976067,0.9044088598593589
Point_475,14.541626,80.129479,88.0,13.8,279.3,0.05,567.2727272727273,691.0,948.75,980.0,1596.3333333333333,2635.6666666666665,3177.5,3426.285714285714,3350.0,3400.4285714285716,2456.75,1802.5,0.5551809103877579,0.3643422611993363,1.4826744246454362,0.8326768781911016
Point_476,14.855828,79.994838,226.0,42.4,447.0,0.27,586.0,827.5,1211.5,1648.5,2100.0,2833.5,3080.5,3298.5,3425.5,3495.0,3445.5,2471.5,0.3335354760460885,0.22200611280911364,0.5906145971292551,0.5002526528549772
Point_477,14.870078,80.003037,151.0,16.9,323.0,0.25,413.0,583.5,946.5,898.0,1524.0,2792.0,3261.5,3129.0,3544.0,3208.0,2144.0,1193.5,0.5540104296001986,0.34493874919406836,1.3466529848493993,0.8309124767225325
Point_478,14.868716,79.998833,188.0,9.2,354.0,0.1,529.0,740.5,1016.5,1171.0,1803.5,2803.5,3144.5,3388.5,3523.0,3426.5,2477.0,1681.0,0.48634718719157805,0.3052773497688752,1.1402787062271815,0.7294407894736842
Point_479,14.864551,80.004614,251.0,36.9,366.0,0.18,913.5,1833.0,2130.0,2603.0,2700.0,3089.0,3240.0,3444.0,3471.0,3163.5,3653.0,3227.0,0.13907722837770795,0.12109375,0.39554134136017305,0.20859859446052087
Point_480,14.862012,79.992105,226.0,10.8,621.0,0.58,603.0,889.0,1257.0,1547.0,2191.0,3022.0,3399.0,3521.5,3847.5,3786.5,2902.0,1830.0,0.3895629870770445,0.23291028446389497,0.80434251262832,0.5842868415861117
Point_481,14.860184,79.997782,301.0,139.0,366.0,0.16,591.5,878.0,1222.0,1434.0,2086.5,2965.0,3468.0,3537.5,3917.0,3880.0,2832.0,1896.5,0.4231117369003319,0.2580014224751067,0.9462438146648673,0.6346037811745777
Point_482,14.858254,79.995889,276.0,20.0,546.0,0.18,637.5,899.0,1260.0,1623.0,2138.0,3032.5,3456.0,3436.5,3889.0,3901.0,3196.5,2210.5,0.35843462792766084,0.23293568929948874,0.7047644955697187,0.5375988142292489
Point_483,14.276761,80.102039,226.0,2.9,35.1,0.71,565.7272727272727,651.0,838.8571428571429,855.5,1242.3333333333333,2059.0,2277.0,2086.5,2487.6666666666665,2321.0,2373.0,1754.75,0.4184228416043508,0.25359234967205735,1.3162959794696323,0.6275276125743415
Point_484,14.277084,80.098268,263.0,6.5,203.7,0.91,783.7142857142857,1012.0,1264.5,1552.75,2158.0,2934.5,3171.0,3147.0,3539.0,3246.0,3393.0,2810.0,0.3392201712857067,0.18642789820923658,0.8176479638937327,0.5087761289293122
Point_485,14.276664,80.094731,251.0,27.6,63.2,0.53,881.6666666666666,1086.0,1507.6666666666667,1522.0,2071.5,3625.6666666666665,3958.0,4016.0,4235.0,3966.0,3341.0,2221.0,0.4503430841459011,0.3194250513347023,1.2460031974420462,0.6754536426830369
Point_486,14.277861,80.09383,176.0,5.9,77.3,0.34,838.8461538461538,966.7,1255.4285714285713,1504.0,1991.5,2586.6,3102.3333333333335,3032.5714285714284,3435.714285714286,3396.5,3397.0,2364.0,0.3369441995213503,0.2072166853860699,0.7949184651387393,0.5053606007651253
Point_487,14.276632,80.088457,100.0,19.4,70.2,0.13,795.55,1051.909090909091,1382.888888888889,1632.125,1829.125,2223.1428571428573,2444.75,2644.0,2708.6666666666665,2472.75,3106.5,2728.0,0.23663363442368968,0.18217130082436775,0.5561669606407803,0.35490895273726364
Point_488,14.279219,80.090159,176.0,3.5,147.5,0.53,660.75,925.6666666666666,1257.0,1580.0,2221.2,2609.8,3220.3333333333335,3116.6,3524.0,3407.6,3535.0,2669.0,0.3271728484435549,0.1677470118775526,0.6792983324786475,0.4907070319984671
Point_489,14.276955,80.083919,201.0,0.6,56.2,0.9,932.2307692307693,1188.0,1693.6666666666667,2287.0,2607.6666666666665,3024.6666666666665,3255.0,3413.714285714286,3505.6,3537.75,4343.0,3974.5,0.19764440546297457,0.13386424566425995,0.3423949849792488,0.2964406078905496
Point_490,14.27705,80.08013,213.0,28.8,91.3,1.15,724.6666666666666,721.3333333333334,1050.5,1093.3333333333333,1731.5,2573.5,2966.5,2784.0,3238.6666666666665,3354.8,2967.6666666666665,2023.0,0.43603851444291614,0.23308603698372274,1.0741211351122406,0.6539734387759488
Point_491,14.277099,80.080144,213.0,28.8,91.3,1.15,724.6666666666666,913.5,1263.2,1520.0,2057.0,2804.25,3059.5,3041.3333333333335,3351.25,3354.8,3618.0,3220.0,0.33352820812627887,0.19306963059823473,0.7161125319693095,0.5002374776223009
Point_492,14.279045,80.080335,188.0,11.7,133.4,0.68,657.0,726.0,968.5,1003.0,1520.0,2388.3333333333335,2795.0,3048.5,3121.6666666666665,3104.5,2487.5,1874.0,0.5048747377514501,0.33457371128379115,1.411663216011042,0.7572186574531095
Point_493,14.278858,80.082348,125.0,2.9,154.5,0.91,816.1111111111111,1168.3333333333333,1493.75,1714.6666666666667,2099.4,2448.1428571428573,2701.75,2666.777777777778,2954.777777777778,2588.5333333333333,3309.3333333333335,2805.5,0.21730530266528034,0.11904251251876648,0.5676413307012547,0.32592076069730586
Point_494,14.281128,80.081286,263.0,13.5,175.6,1.13,593.3333333333334,700.0,935.5,881.0,1333.6666666666667,2408.0,2877.0,2823.0,3092.0,3041.8888888888887,1902.0,1131.5,0.5242980561555075,0.35829991980753806,1.6975524475524475,0.7863409366986098
Point_495,14.281983,80.082436,263.0,13.5,175.6,1.13,529.0,559.5,804.5,685.0,1310.0,2312.0,2665.3333333333335,2738.6,2960.1111111111113,2922.0,1709.0,1007.0,0.5998364294894263,0.3528627179765845,1.9349124691427813,0.8996232586665109
Point_496,14.286568,80.097605,63.0,27.0,70.2,0.63,689.0,1002.0,1205.0,1386.0,1526.5,2009.25,2269.0,2359.0,2437.5,2374.3333333333335,2674.5,2114.0,0.25981308411214954,0.21425813923561962,0.7695349572919962,0.38966760112134563
Point_497,14.286703,80.097016,63.0,27.0,70.2,0.63,726.4545454545455,1047.0,1241.0,1480.8,1655.75,1813.8,1993.6,2156.5,2090.6666666666665,2331.5,2757.8333333333335,2617.8333333333335,0.18576966431143982,0.1313528755983999,0.5295786569690891,0.27861619660234205
Point_498,14.289284,80.095578,176.0,1.8,77.3,0.94,811.8888888888889,814.3076923076923,946.1428571428571,1136.0,1420.125,1714.090909090909,1872.4,1513.3,2033.0,2016.2857142857142,2639.4285714285716,2449.6666666666665,0.14241497754123728,0.03176321194508124,0.4243154583738482,0.21358215714393536
Point_499,14.289233,80.095582,176.0,1.8,77.3,0.94,811.8888888888889,814.3076923076923,946.1428571428571,1136.0,1420.125,1714.090909090909,1872.4,1513.3,2033.0,2016.2857142857142,2639.4285714285716,2449.6666666666665,0.14241497754123728,0.03176321194508124,0.4243154583738482,0.21358215714393536
Point_500,14.51758,80.158116,113.0,135.9,130.4,0.05,439.5,489.0,772.0,740.0,1267.0,2647.0,3352.0,3368.0,3637.3333333333335,3555.5,1677.5,828.0,0.6397273612463485,0.4532901833872708,1.5863817457442955,0.9594742606790799
Point_501,14.515335,80.161871,138.0,178.2,484.2,0.19,550.0,523.0,992.0,737.0,1598.0,3162.0,3851.0,4036.0,4305.0,3922.0,2407.0,1330.0,0.6911795516446679,0.4327298544550941,1.8180315220985341,1.0366607311197233
Point_502,14.514731,80.162164,151.0,223.0,198.6,0.05,552.0,652.0,988.5,924.0,1495.0,2561.5,3017.0,3091.0,3251.0,3895.0,2638.0,1673.0,0.5397260273972603,0.34801569995638904,1.4462092899092367,0.8094882330967501
Point_503,14.514328,80.162089,151.0,223.0,198.6,0.05,561.0,493.5,890.0,706.0,1628.0,2962.0,3557.5,3852.0,4202.0,4025.0,2409.3333333333335,1307.0,0.6902150065818341,0.4058394160583942,1.7924904563842516,1.0352089503126027
Point_504,14.51428,80.162184,151.0,223.0,198.6,0.05,561.0,455.0,814.0,641.0,1473.0,2952.2,3675.0,3608.0,3976.6666666666665,4025.0,2165.0,1110.5,0.6982819486938103,0.42019287541822475,1.8348794063079776,1.0472996823155665
Point_505,14.514032,80.162269,151.0,223.0,198.6,0.05,626.5,447.0,736.0,606.0,1516.0,2889.0,3597.0,3338.6666666666665,3882.0,3904.0,2220.0,1173.5,0.6927497042420145,0.37544630595990114,1.88555131330788,1.038992860462169
Point_506,14.514241,80.162276,151.0,223.0,198.6,0.05,561.0,530.0,910.0,755.0,1473.0,2952.2,3675.0,3711.0,3976.6666666666665,4025.0,2165.0,1110.5,0.6618898343036274,0.43171296296296297,1.7318959456292475,0.9927236090898914
Point_507,14.514491,80.171652,201.0,223.0,99.3,0.28,494.0,751.0,1046.0,1012.0,1699.0,2951.0,3459.0,3618.0,3819.0,3687.0,2633.0,1530.0,0.5628509719222462,0.3609178107955614,1.6052728840704695,0.844185293164885
Point_508,14.514463,80.171631,201.0,223.0,99.3,0.28,494.0,751.0,1046.0,1012.0,1699.0,2951.0,3459.0,3618.0,3819.0,3687.0,2633.0,1530.0,0.5628509719222462,0.3609178107955614,1.6052728840704695,0.844185293164885
Point_509,14.514444,80.171646,201.0,223.0,99.3,0.28,494.0,751.0,1046.0,1012.0,1699.0,2951.0,3459.0,3618.0,3819.0,3687.0,2633.0,1530.0,0.5628509719222462,0.3609178107955614,1.6052728840704695,0.844185293164885
Point_510,14.514422,80.17162,201.0,223.0,99.3,0.28,494.0,744.0,1056.0,1056.0,1636.0,2957.0,3601.0,3632.0,3911.0,3687.0,2405.0,1273.0,0.5494880546075085,0.3788914198936978,1.467304625199362,0.824144182574384
Point_511,14.514463,80.171676,201.0,223.0,99.3,0.28,494.0,634.0,944.0,913.0,1699.0,2951.0,3459.0,3572.0,3819.0,3687.0,2633.0,1530.0,0.5928651059085842,0.35534054259153863,1.5473696461824953,0.8891985285921302
Point_512,14.514436,80.171674,201.0,223.0,99.3,0.28,494.0,744.0,1056.0,1056.0,1636.0,2957.0,3601.0,3632.0,3911.0,3687.0,2405.0,1273.0,0.5494880546075085,0.3788914198936978,1.467304625199362,0.824144182574384
Point_513,14.514995,80.17218,201.0,223.0,99.3,0.28,464.0,568.0,914.0,836.0,1673.0,2900.0,3520.0,3459.0,3849.0,3829.0,2186.0,1309.0,0.6107101280558789,0.348012470771629,1.5553842504743833,0.9159585612850658
Point_514,14.514975,80.172214,201.0,223.0,99.3,0.28,464.0,618.0,935.0,833.0,1547.0,2788.0,3339.0,3440.0,3656.0,3829.0,2199.0,1236.0,0.6101099929791716,0.3795869260076198,1.713328075709779,0.915057915057915
Point_515,14.833557,79.519049,100.0,12.3,235.9,3.0,402.0,487.0,709.5,1241.0,1508.0,1771.0,1905.0,1952.5,2042.0,2049.0,2981.0,2520.0,0.2227963049945201,0.1284496460049126,0.30950930920480246,0.3341421415153413
Point_516,14.846015,79.530576,13.0,14.6,80.7,0.41,297.5,423.0,621.0,871.0,1229.5,1954.5,2239.5,2234.0,2437.0,2431.5,2222.5,1610.0,0.4389694041867955,0.29002454164862135,0.794566864871167,0.6583480920946707
Point_517,14.845105,79.531826,88.0,23.8,173.8,0.24,484.5,616.5,991.0,1756.5,2119.5,2325.0,2510.5,2551.0,2666.5,2674.0,3703.5,3087.0,0.1844457341845618,0.0923883952467616,0.23458029466473768,0.27663649025069637
Point_518,14.842459,79.532004,113.0,19.2,86.9,0.45,501.5,607.0,942.5,1601.5,2100.5,2362.5,2515.0,2462.5,2719.5,2672.5,3712.5,3162.0,0.21186023622047245,0.07933377164146395,0.28623670212765956,0.31775126091770206
Point_519,14.843092,79.53498,50.0,26.1,62.1,0.48,363.5,464.5,736.0,864.5,1360.5,2431.5,2726.5,2676.0,2947.5,2814.0,2550.0,1693.0,0.5116508967659935,0.3259011519881085,1.033902174533417,0.7673679751482633
Point_520,14.843034,79.53617,88.0,0.8,31.0,0.38,427.0,517.0,821.0,1100.0,1499.0,1774.5,1933.0,1934.5,1733.5,1745.0,1244.0,854.5,0.27500411929477675,0.12683850298529198,0.4478853585229713,0.4124382207578254
Point_521,14.842171,79.537182,88.0,0.8,31.0,0.38,411.0,402.5,640.5,530.5,1293.0,1964.5,2187.5,2218.0,2233.5,2328.0,1448.5,862.0,0.6139712570492997,0.26345770435773286,1.7701667890485682,0.9207893779556202
Point_522,14.841021,79.536408,63.0,35.3,254.5,0.41,415.0,582.0,940.5,1274.0,1812.0,1711.5,1779.0,1741.0,1514.5,1878.0,1257.5,932.5,0.1548922056384743,-0.01998311286236983,0.23252340171280622,0.2322997844470237
Point_523,14.8401,79.533909,125.0,13.8,117.9,0.12,329.0,426.0,661.0,835.0,1276.0,2077.5,2338.0,2487.0,2619.0,2768.5,2663.5,1925.0,0.49729078868151716,0.3218176986446984,0.959795491517546,0.745823927765237
Point_524,14.839352,79.532243,151.0,20.0,149.0,0.45,358.0,407.0,657.0,683.0,1288.0,2170.5,2452.0,2478.0,2696.0,2600.5,2490.5,1700.5,0.5678582726985131,0.3159851301115242,1.273230245424883,0.8516526965048237
Point_525,14.838662,79.534087,125.0,13.8,117.9,0.12,328.5,450.0,699.5,902.0,1380.5,2188.5,2571.5,2594.5,2857.0,2891.0,2718.5,1906.0,0.48405548405548404,0.3054088050314465,0.9133837021046951,0.7259794109236488
Point_526,14.836649,79.538015,113.0,76.8,99.3,0.45,386.5,681.0,1071.0,1341.0,1761.5,2565.0,2995.0,3111.5,3288.5,3067.5,3081.5,2101.0,0.39764177428411007,0.2770367330186743,0.7314906627003801,0.5963956883000224
Point_527,14.836591,79.539741,88.0,23.0,55.9,0.45,390.5,406.5,646.5,600.0,1225.5,2162.0,2440.5,2707.0,2800.0,2637.0,2424.0,1620.5,0.6371333534925915,0.3767323585505404,1.6161693641175119,0.9555555555555556
Point_528,15.047583,79.668585,100.0,16.1,512.7,0.41,493.5,553.5,781.5,763.5,1139.0,2011.5,2396.5,2600.0,2668.0,2938.5,2366.5,1509.0,0.546008621971161,0.39074618882054024,1.5148890538645547,0.8188912009512485
Point_529,15.044387,79.671132,25.0,27.6,526.7,0.21,540.0,755.5,1168.0,1774.5,2200.0,2669.0,2897.0,2982.5,3149.5,3076.0,3779.0,3016.0,0.2539415598066008,0.15098890496864448,0.379194525535989,0.3808723068838676
Point_530,14.262151,80.058242,289.0,7.6,147.5,0.41,863.0,748.0,1163.0,1234.0,2115.0,3297.0,3748.0,3750.0,3925.0,3596.0,3734.0,3119.0,0.5048154093097913,0.27877237851662406,1.134355275022543,0.7571471561841709
Point_531,14.263299,80.058622,226.0,20.0,126.4,0.12,734.0,920.0,1300.0,1498.0,2188.0,2824.0,3054.0,2927.0,3287.0,3747.0,3976.0,3443.0,0.32293785310734463,0.14447702834799608,0.7122208931419458,0.48435205061574965
Point_532,14.263315,80.058652,226.0,20.0,126.4,0.12,734.0,920.0,1300.0,1498.0,2188.0,2824.0,3054.0,2927.0,3287.0,3747.0,3976.0,3443.0,0.32293785310734463,0.14447702834799608,0.7122208931419458,0.48435205061574965
Point_533,14.263366,80.058693,226.0,20.0,126.4,0.12,752.0,859.0,1262.0,1553.0,2048.0,2790.0,3190.0,2972.0,3382.0,3343.0,3681.0,3037.0,0.3135911602209945,0.18406374501992032,0.6065657860989997,0.4703347696387139
Point_534,14.26333,80.059105,226.0,20.0,126.4,0.12,752.0,1104.0,1584.0,1996.0,2312.0,2846.0,3075.0,3108.0,3319.0,3343.0,4124.0,3924.0,0.21786833855799373,0.14686346863468636,0.4085231447465099,0.32677049662062885
Point_535,14.266408,80.059528,176.0,0.6,35.1,0.12,694.0,795.0,1139.0,1387.0,1975.0,2390.0,2581.0,2600.0,2788.0,2746.0,3115.0,2574.0,0.3042387760220717,0.1366120218579235,0.6113295030742869,0.4563009404388715
Point_536,14.26957,80.058759,38.0,5.9,35.1,0.24,672.0,730.0,1000.0,1174.0,1847.0,2407.0,2756.0,2836.0,3041.0,3089.0,3113.0,2211.0,0.41446384039900247,0.21118940849882553,0.9430322287789378,0.6216182520882683
Point_537,14.269542,80.058817,38.0,5.9,35.1,0.24,672.0,994.0,1386.0,1828.0,2342.0,2781.0,3025.0,2938.0,3230.0,3089.0,3621.0,3115.0,0.23289970625262274,0.11287878787878788,0.43009919404835706,0.3493129130389174
Point_538,14.269509,80.058879,38.0,5.9,35.1,0.24,672.0,1052.0,1506.0,1987.0,2324.0,2741.0,2952.0,2916.0,3133.0,3089.0,3582.0,2861.0,0.18947583112380176,0.11297709923664122,0.33422075118722117,0.2841847659834812
Point_539,14.269495,80.058937,38.0,5.9,35.1,0.24,672.0,869.0,1312.0,1760.0,2324.0,2741.0,2952.0,2802.0,3133.0,3089.0,3582.0,2861.0,0.22840859272249014,0.09325009754194304,0.3805419618727631,0.3425753424657534
Point_540,14.269623,80.059057,38.0,5.9,35.1,0.24,672.0,756.0,1065.0,1183.0,1885.0,2702.0,3102.0,3062.0,3430.0,3089.0,3030.0,2182.0,0.44263839811542993,0.23792197291287648,1.045980850590069,0.6638794017194677
Point_541,14.279313,80.049809,151.0,8.8,105.3,0.16,707.0,771.0,1108.0,1132.0,1473.0,2414.0,2791.0,2728.0,2966.0,3057.0,2174.0,1472.0,0.41347150259067356,0.29873839562009047,1.0672729704426909,0.6201269265639167
Point_542,14.28184,80.049233,263.0,13.5,56.2,0.18,622.0,704.0,889.0,894.0,1478.0,2667.0,3334.0,3320.0,3503.0,3637.0,1987.0,1193.0,0.5757000474608448,0.3839099624843685,1.7812041116005874,0.8634476213073912
Point_543,14.283765,80.051839,301.0,29.4,35.1,0.12,622.0,1021.0,1384.0,1342.0,2051.0,2870.0,3235.0,3344.0,3538.0,3320.0,2413.0,1149.0,0.4272300469483568,0.2396663577386469,1.3384142265008692,0.6407766990291262
Point_544,14.287024,80.052716,251.0,5.3,56.2,0.18,645.0,887.0,1180.0,1310.0,1620.0,2355.0,2705.0,2996.0,2872.0,2601.0,2664.0,1852.0,0.3915466790524849,0.29809358752166376,1.0024973242953976,0.587251828631139
Point_545,14.28718,80.05314,251.0,5.3,56.2,0.18,532.0,691.0,1024.0,897.0,1704.0,2760.0,2956.0,3112.0,3257.0,3167.0,2716.0,1844.0,0.5525068595659766,0.292358803986711,1.6716981132075472,0.8286569397680509
Point_546,14.287234,80.053105,251.0,5.3,56.2,0.18,532.0,691.0,1024.0,897.0,1704.0,2760.0,2956.0,3112.0,3257.0,3167.0,2716.0,1844.0,0.5525068595659766,0.292358803986711,1.6716981132075472,0.8286569397680509
Point_547,14.288771,80.053383,138.0,10.0,77.3,0.31,439.0,526.0,778.0,705.0,1239.0,2158.0,2561.0,2806.0,2845.0,3111.0,1631.0,1026.0,0.5984050128168613,0.38739184177997527,1.6987386804657179,0.8974797095258438
Point_548,14.288876,80.053813,138.0,10.0,77.3,0.31,520.0,751.0,1012.0,1029.0,1444.0,2304.0,2763.0,2661.0,3037.0,3067.0,1918.0,1416.0,0.44227642276422763,0.2964677222898904,1.2736069923521147,0.6633247527435306
Point_549,14.288959,80.053743,138.0,10.0,77.3,0.31,520.0,751.0,1012.0,1029.0,1444.0,2304.0,2763.0,2661.0,3037.0,3067.0,1918.0,1416.0,0.44227642276422763,0.2964677222898904,1.2736069923521147,0.6633247527435306
Point_550,14.288967,80.053984,138.0,10.0,77.3,0.31,520.0,657.0,888.0,932.0,1585.0,2500.0,3127.0,3262.0,3423.0,3067.0,1608.0,894.0,0.5555555555555556,0.34598720858262844,1.4831317632081475,0.8332339969007032
Point_551,14.28914,80.053914,138.0,10.0,77.3,0.31,520.0,672.0,969.0,949.0,1600.0,2562.0,2999.0,3208.0,3299.0,3067.0,1970.0,1320.0,0.54342073610777,0.33444259567387685,1.4619466735697646,0.8150330727600721
Point_552,14.289317,80.054085,138.0,10.0,77.3,0.31,490.0,726.0,1152.0,1105.0,1568.0,2431.0,2834.0,3088.0,3076.0,2894.0,2130.0,1603.0,0.4729310756021941,0.32646048109965636,1.1599204492278896,0.7093120305234291
Point_553,14.291693,80.056201,276.0,7.0,56.2,0.14,793.0,1158.0,1606.0,1980.0,1957.0,2694.0,3032.0,3236.0,3308.0,3316.0,3080.0,2347.0,0.24079754601226994,0.24629308684767956,0.48818407960199006,0.36116169845681967
Point_554,14.290617,80.057937,263.0,2.9,63.2,0.09,537.0,590.0,869.0,662.0,1334.0,2509.0,3117.0,3345.0,3349.0,3499.0,1885.0,1219.0,0.6695782380833541,0.4297926907458859,2.3185274801244384,1.0042420461634436
Point_555,14.289395,80.060751,289.0,17.6,56.2,0.38,630.0,910.0,1278.0,1634.0,1964.0,2348.0,2767.0,2747.0,2945.0,3127.0,3139.0,2511.0,0.25405158639580006,0.16620675015920186,0.4858564693556836,0.38103389250256764
Point_557,15.009502,79.775871,151.0,8.4,198.6,0.22,468.0,445.0,729.0,677.0,1249.0,2539.0,2969.0,3136.0,3304.0,3206.0,2438.0,1561.0,0.6448990296354576,0.4303306727480046,1.5919979282662178,0.9672217123377475
Point_558,15.03647,79.720125,188.0,55.3,229.7,0.11,638.0,811.0,1108.5,1395.5,1799.5,2162.0,2422.5,2536.0,2796.5,2664.5,2725.5,2139.0,0.29009283988299633,0.16987660016145772,0.5906266183324702,0.4350839267548321
Point_559,15.034682,79.717137,50.0,29.2,149.0,0.22,587.5,802.0,1171.0,1259.5,1840.0,2205.0,2376.0,2434.0,2648.5,2548.0,2614.5,2182.5,0.31799106538513605,0.13897987833411324,0.7383077696756348,0.4769220357336221
Point_560,15.03557,79.719091,50.0,29.2,149.0,0.22,643.0,876.0,1199.5,1674.5,2000.0,2445.0,2663.5,2894.5,2982.5,2889.5,3599.5,2766.5,0.26701685270299846,0.18275615486770866,0.47861906630051,0.40048145311303207
Point_561,15.033018,79.714264,50.0,32.3,235.9,0.19,538.5,602.5,847.5,912.0,1490.5,1978.5,2205.5,2314.0,2437.0,2385.0,2473.0,1952.0,0.43459392436453814,0.21645419897489815,1.0724393788724853,0.6517898651789865
Point_562,15.03213,79.712426,50.0,32.3,235.0,0.19,550.5,716.0,914.5,1103.0,1389.5,1699.0,1878.0,1936.0,2091.0,2181.5,2526.5,2259.5,0.274103323461665,0.16433619004660954,0.6538461538461539,0.41108734989307455
Point_563,15.031242,79.709323,100.0,10.0,167.6,0.18,423.5,423.5,644.0,635.0,1163.0,2138.5,2524.0,2594.0,2792.5,2819.5,1815.0,1149.0,0.606689377516259,0.380889007186585,1.5168408826945412,0.9098931723176962
Point_564,15.022921,79.721964,188.0,23.8,130.4,0.21,583.0,497.0,710.0,646.0,1251.0,2314.5,2704.5,2899.0,3036.5,2987.0,2344.5,1478.0,0.635543018335684,0.39710843373493976,1.8476299819583404,0.9531800874347766
Point_565,15.021256,79.723113,151.0,34.6,155.2,0.06,480.5,525.0,779.0,935.5,1419.5,2190.5,2520.5,2588.0,2852.0,2926.0,3076.0,2087.5,0.46899389811267206,0.29157829070492824,0.9687536639699847,0.7033910329171397
Point_566,15.021755,79.721447,188.0,23.8,130.4,0.21,735.0,847.5,1179.0,1561.5,2146.5,2576.5,2857.5,2778.5,3213.5,3165.5,3549.0,2666.0,0.2804147465437788,0.1283248730964467,0.5252708360309034,0.4205736666282686
Point_567,15.00965,79.775296,151.0,8.4,198.6,0.22,514.0,649.0,974.0,1236.0,1909.0,2742.0,3053.0,2964.0,3320.0,3237.0,3413.0,2600.0,0.4114285714285714,0.21649907654422326,0.7835313321846377,0.6170693965004166
Point_568,15.011291,79.693015,88.0,3.1,434.5,0.06,506.0,728.0,1070.0,1484.0,1862.5,2460.5,2815.0,2959.0,3140.5,3145.0,3545.0,2546.5,0.33198289444069323,0.22741885305402884,0.5758119925046846,0.4979183076403736
Point_569,15.010292,79.697037,38.0,23.0,254.5,0.25,429.5,553.5,876.0,1050.0,1490.0,2367.5,2713.5,3002.0,2953.0,3012.5,2740.0,1903.5,0.4817374136229023,0.3365983971504898,0.9472509341485903,0.7225169648365207
Point_570,15.00774,79.695313,100.0,18.4,279.3,0.18,463.0,492.0,809.0,693.5,1500.5,2514.0,3032.5,3134.0,3364.0,3135.5,3057.0,1999.0,0.6376224689745265,0.352465206602654,1.691971713810316,0.956308777429467
Point_571,15.005853,79.696003,113.0,23.0,186.2,0.1,600.5,616.5,899.0,982.0,1680.0,2492.0,2831.5,3000.0,3150.5,3053.5,3272.5,2371.5,0.5067805123053741,0.28205128205128205,1.1817063887099608,0.760075329566855
Point_572,15.005409,79.69359,226.0,23.0,161.4,0.02,515.0,761.5,1095.5,1376.0,1781.5,2416.0,3050.0,3312.5,3360.0,3065.0,3262.5,2328.0,0.4130318865308734,0.3005496662740479,0.8263986685443605,0.6194817658349329
Point_573,14.126984,79.674958,201.0,26.9,223.5,0.31,552.0,491.3333333333333,810.5,766.1666666666667,1452.0,2461.5,2826.0,3040.0,3074.0,3093.6666666666665,2701.5,1798.8333333333335,0.5974077155493277,0.3535173642030276,1.438042836664137,0.8959938704028019
Point_574,14.126587,79.675619,201.0,26.9,223.5,0.31,438.75,575.5,840.0,891.0,1288.5,2012.0,2229.0,2404.5,2497.5,2676.5,2573.5,1745.0,0.459262630860264,0.3021933387489846,1.1014482206535186,0.6887894417475728
Point_575,14.212202,79.50255,163.0,12.3,86.9,0.45,502.0,623.0,968.5,1159.0,1725.0,2367.5,2549.0,2813.5,2843.0,2742.5,3241.0,2564.0,0.41648835745752044,0.2398369505343175,0.8116660125588697,0.6246539139189529
Point_576,14.221032,79.490903,163.0,4.6,329.0,0.25,706.0,885.0,1222.5,1696.5,1982.0,2530.5,2824.0,3047.0,3211.5,3135.5,4251.5,3357.5,0.28470538631811954,0.21177172400079539,0.5123681614690037,0.4270130691399663
Point_577,14.220985,79.495281,100.0,13.8,558.7,0.56,613.0,857.0,1160.0,1307.0,1773.0,2558.0,2905.5,3167.5,3290.5,3288.5,3566.5,2515.5,0.41580064811710804,0.2822588806800931,1.0148919921448833,0.6236312849162011
Point_578,14.223711,79.490278,75.0,13.1,180.0,0.13,510.5,546.5,803.0,878.0,1317.0,2216.0,2526.0,2648.5,2914.0,3030.5,2862.5,1912.0,0.5020558627534383,0.33577102509141343,1.1590834697217676,0.7529770343067763
Point_579,14.223555,79.490169,75.0,13.1,180.0,0.13,510.5,564.5,805.0,875.0,1338.5,2259.5,2543.5,2586.5,2929.0,3030.5,2976.5,1938.0,0.49443882709807885,0.31796178343949044,1.1873048907388137,0.7415511265164645
Point_580,14.222828,79.490247,163.0,4.6,329.0,0.25,655.0,824.5,1172.0,1480.0,2034.5,2725.0,3076.0,3218.0,3432.5,3386.5,4120.0,3023.0,0.36994465730097914,0.22532127558305567,0.7345420734542074,0.5548579333829946
Point_581,14.222495,79.490513,163.0,4.6,329.0,0.25,655.0,753.0,1106.0,1374.5,1948.0,2722.5,3056.0,3222.5,3450.0,3386.5,4062.0,2928.0,0.40200130519904287,0.24649453631176868,0.7934054611025244,0.6029363784665579
Point_582,14.222192,79.490935,163.0,4.6,329.0,0.25,699.5,828.0,1161.0,1490.0,2098.5,2656.0,2935.5,3050.5,3307.0,3280.0,4317.5,3307.0,0.34368461623169255,0.18489026995533114,0.6747816310646026,0.5154701607575425
Point_583,14.222055,79.491044,163.0,4.6,329.0,0.25,699.5,943.5,1324.5,1883.5,2129.5,2618.5,2904.0,3148.0,3288.0,3280.0,4360.5,3418.5,0.25131670476001194,0.19298910468972053,0.42871673164943214,0.3769375993640699
Point_584,14.221768,79.491279,163.0,4.6,329.0,0.25,720.5,918.5,1260.0,1791.0,2268.5,2646.0,2894.5,3078.0,3290.5,3124.0,4555.0,3675.5,0.2643253234750462,0.15140746282614795,0.4638673634889169,0.3964472738474176
Point_585,14.221662,79.491623,163.0,4.6,329.0,0.25,720.5,929.0,1273.0,1661.0,2083.5,2534.5,2781.0,2883.0,3129.0,3124.0,4236.5,3424.0,0.2689260563380282,0.16097855632739352,0.5193370165745856,0.40334470238750136
Point_586,14.221586,79.491325,163.0,4.6,329.0,0.25,720.5,991.0,1352.5,1897.5,2215.5,2578.5,2823.0,3065.0,3165.5,3124.0,4328.0,3483.5,0.23526448362720404,0.16087491714799734,0.415865213364679,0.3528611726778158
Point_587,14.22151,79.491544,163.0,4.6,329.0,0.25,720.5,835.5,1157.5,1500.0,2067.0,2516.0,2778.5,2933.5,3123.0,3124.0,4264.0,3454.0,0.3233337092590504,0.17328267173282672,0.6322498125523751,0.4849458728010825
Point_588,14.221404,79.4907,163.0,4.6,329.0,0.25,755.5,1019.5,1387.0,1934.0,2336.0,2741.5,3040.0,3210.5,3411.0,3297.5,4578.0,3756.0,0.24812906988045486,0.1576669972054449,0.4451302437493462,0.37215743440233234
Point_589,14.221374,79.491263,163.0,4.6,329.0,0.25,720.5,825.5,1175.5,1525.0,2068.0,2513.0,2745.0,2698.0,3052.0,3124.0,4015.0,3289.5,0.27776462230641724,0.13218631976500209,0.518315584817286,0.4165976086184444
Point_590,14.221071,79.490825,163.0,4.6,329.0,0.25,706.0,989.0,1378.0,1893.0,2200.0,2676.5,2975.5,3157.5,3328.0,3135.5,4370.0,3438.0,0.25037125037125035,0.1787214185720952,0.44530919847865896,0.37551969906949123
Point_591,14.219931,79.493345,201.0,20.7,167.6,0.25,588.5,579.5,854.5,953.0,1633.0,2384.0,2790.0,2820.0,3161.0,3581.0,3066.5,2042.0,0.49483169891333156,0.2665618684033236,1.1132311728579094,0.742149198356963
Point_592,14.21976,79.493376,201.0,20.7,167.6,0.25,617.0,731.0,1036.5,1159.0,1500.5,2244.5,2602.5,2829.0,2888.5,3452.0,3052.0,2177.0,0.41875626880641925,0.3068483658621088,0.9705916540741601,0.6280556600225649
Point_593,14.219775,79.494642,138.0,31.5,136.6,0.25,678.5,1222.0,1571.5,1953.0,2067.5,2459.0,2666.0,2736.5,2952.0,3096.0,3614.0,2962.0,0.1670753811707005,0.13925895087427145,0.37023910783479824,0.2505863539445629
Point_594,14.219321,79.494642,138.0,31.5,136.6,0.25,665.5,770.0,1069.5,1239.0,1713.0,2288.0,2546.5,2535.5,2815.5,3009.5,3268.0,2372.5,0.343489203868062,0.19359774037895727,0.7725539268263616,0.5151655629139074
Point_595,14.217731,79.496878,113.0,10.0,372.4,0.64,629.5,775.0,1133.5,1447.5,1946.0,2428.0,2726.0,2858.0,3047.0,3012.0,3677.5,2709.0,0.3276042271513181,0.18984179850124897,0.615240338480328,0.49134928007431494
Point_596,14.217504,79.496878,113.0,10.0,372.4,0.64,629.5,736.5,1024.5,1357.5,1828.5,2333.5,2611.5,2765.0,2955.5,3012.0,3593.0,2708.0,0.34141904184354155,0.20387504081854796,0.6531625597475521,0.51206645646374
Point_597,14.218321,79.500052,138.0,9.2,155.2,0.25,561.0,733.0,1086.0,1394.0,1864.0,2530.0,2904.0,3111.5,3231.0,3224.5,3432.0,2441.5,0.38120075463322606,0.25072856999296556,0.7181384846964376,0.5717376830892144
Point_598,14.217837,79.500442,138.0,9.2,155.2,0.25,528.5,659.5,995.5,1143.5,1438.0,2095.0,2356.5,2505.0,2572.5,3011.0,2764.5,1940.5,0.37316705495409075,0.2706061374587877,0.7699485381439801,0.5596738832556865
Point_599,14.21762,79.499958,138.0,9.2,155.2,0.25,533.5,664.0,970.0,1253.0,1659.0,2251.5,2520.0,2490.5,2734.0,3041.5,3184.0,2607.5,0.3305729931881929,0.20038558862513556,0.6151207873546078,0.4957932692307692
Point_600,14.21768,79.500333,138.0,9.2,155.2,0.25,528.5,495.5,753.5,759.0,1526.5,2360.0,2650.5,2839.5,2850.5,3011.0,2757.5,1906.0,0.5781575656523551,0.30073293632615666,1.414055597091008,0.8671158655181994
Point_601,14.21768,79.500739,138.0,9.2,155.2,0.25,498.5,744.5,1131.0,1274.5,1861.5,2733.5,3306.0,3487.5,3623.0,3424.5,3206.5,2151.5,0.4647207055858883,0.3039820527201346,0.996532624848021,0.697007874015748
Point_602,14.217544,79.500145,138.0,9.2,155.2,0.25,528.5,662.5,971.0,1288.5,1733.0,2344.5,2674.5,2600.0,2879.5,3011.0,3111.0,2363.5,0.33727658480133726,0.20009231479344564,0.6113364098261316,0.5058498328619182
Point_603,14.216438,79.498191,25.0,9.2,142.8,0.44,647.5,831.5,1147.5,1368.0,1785.5,2500.0,2944.0,2892.0,3229.5,3174.5,3203.0,2520.0,0.35774647887323946,0.23655799037947622,0.7831851585384655,0.5365567421664124
Point_604,14.216311,79.497769,201.0,23.0,27.31,0.56,609.0,780.5,1156.0,1434.0,1824.0,2640.5,3102.0,3220.5,3412.5,3308.5,3335.0,2540.5,0.3838221076377699,0.2768361581920904,0.7478963452924186,0.5756713211600429
Point_605,14.216387,79.498113,25.0,9.2,142.8,0.44,647.5,815.0,1130.5,1388.0,1785.5,2500.0,2944.0,3029.0,3229.5,3174.5,3203.0,2520.0,0.37151913063165043,0.2582822723024198,0.7820989419502431,0.5572156196943974
Point_606,14.215615,79.499067,188.0,9.2,93.1,0.25,573.5,698.0,1034.5,1210.0,1776.5,2392.5,2721.0,2831.0,2963.5,3095.5,3082.0,2274.0,0.40113833209601585,0.2288659793814433,0.8343627753757464,0.6016330570332797
Point_607,14.2156,79.499426,188.0,9.2,93.1,0.25,573.5,777.0,1224.0,1587.5,2090.5,2571.0,3019.0,3141.0,3334.0,3095.5,3446.5,2519.0,0.32853970603785554,0.20080282901653446,0.5678412164631917,0.4927574540071897
Point_608,14.215448,79.499301,188.0,9.2,93.1,0.25,573.5,584.0,899.0,1092.5,1593.0,2302.0,2628.5,2694.0,2912.0,3095.5,2855.0,2106.5,0.42294995378317707,0.2568229531140658,0.8221252566735113,0.6343411671507789
Point_609,15.114088,79.719399,50.0,16.1,316.0,0.56,445.0,465.0,742.0,594.0,1237.0,2576.5,3002.5,3165.0,3299.5,3193.0,2329.0,1453.5,0.6839584996009577,0.4379827351203998,1.982266769468003,1.0258013033648092
Point_610,15.118144,79.700932,38.0,16.1,35.1,0.51,451.0,742.0,1058.5,1390.0,1495.0,2246.5,2511.0,2675.5,2816.5,2837.0,2793.5,2018.5,0.3161972697085229,0.2830595851816329,0.5895166467944603,0.47423757993113624
Point_611,14.699124,79.623424,301.0,20.7,93.1,0.19,399.5,576.5,929.5,1203.0,1670.5,2487.5,2827.5,3040.5,3180.5,2976.0,3187.5,2151.0,0.4330151997172146,0.29080874548928043,0.7739123109969254,0.6494462770970783
Point_612,14.188673,79.57392,75.0,6.1,620.7,0.1,553.0,626.0,994.0,1492.0,2296.0,2812.0,3080.0,3084.0,3318.0,3208.0,4600.0,3787.0,0.3479020979020979,0.14646840148698884,0.542086624897848,0.5217961324156014
Point_613,14.188494,79.574253,75.0,6.1,620.7,0.1,532.5,680.0,1052.0,1698.0,2018.0,2624.0,2898.0,2947.0,3159.0,3170.0,4257.0,3305.0,0.2688912809472551,0.18710976837865056,0.3885639621702339,0.4032935098482402
Point_614,14.195328,79.576322,163.0,4.6,620.7,0.43,418.5,574.5,916.0,1035.0,1656.0,2446.5,2715.5,2764.0,2993.5,2942.5,3257.5,2417.5,0.45511976836009477,0.2506787330316742,0.9263327082775248,0.6825898144492697
Point_615,14.195041,79.576156,163.0,4.6,620.7,0.43,417.0,481.0,785.5,724.5,1422.5,2459.5,2751.5,2816.0,3018.5,2983.0,2890.0,2035.5,0.5907357717836463,0.32877197121623214,1.4701954168424012,0.8859785371364022
Point_616,14.195184,79.579758,13.0,1.5,620.7,0.11,606.0,952.5,1266.0,1429.5,1641.0,2341.0,2600.5,2628.5,2851.0,2850.0,3168.0,2678.0,0.29546574667323805,0.2312917203419604,0.7378007507230324,0.4431440187261304
Point_617,14.195023,79.579574,13.0,1.5,620.7,0.11,611.5,984.5,1223.0,1412.0,1784.5,2295.5,2514.0,2432.0,2716.0,2804.5,3191.0,2793.5,0.26534859521331944,0.15356338195185582,0.724174653887114,0.39797112758486153
Point_618,14.193734,79.577172,25.0,9.2,620.7,0.63,597.0,834.0,1214.5,1650.5,2024.5,2461.5,2684.0,2812.0,2979.0,2965.0,4285.5,3371.5,0.26028011204481794,0.16282435645611495,0.44942733323015016,0.3903764284113825
Point_619,14.193824,79.579555,151.0,9.2,620.7,0.2,587.5,760.5,1106.5,1374.5,1845.0,2373.0,2650.0,2767.5,2993.0,2988.0,3726.0,2949.5,0.3363109608884597,0.2,0.6556219701604933,0.5044055522027762
Point_620,14.193627,79.579777,151.0,9.2,620.7,0.2,545.5,459.0,683.0,666.0,1452.0,2262.0,2544.0,2460.0,2905.0,2985.5,3054.0,2346.0,0.5738963531669866,0.25766871165644173,1.4878089235362415,0.8607068607068608
Point_621,14.193376,79.578336,188.0,13.1,620.7,0.2,532.5,665.0,968.5,1247.0,1722.5,2534.5,2841.5,2743.0,3094.0,3077.5,3466.0,2631.0,0.374937343358396,0.22852983988355166,0.713944831535745,0.5623355469239444
Point_622,14.192589,79.577393,188.0,13.1,620.7,0.2,371.0,438.0,706.0,597.0,1273.0,2276.5,2639.5,2944.0,2949.0,2911.0,2588.5,1828.0,0.6628071166337193,0.3962532606118093,1.8098396051819865,0.9940703091910207
Point_623,14.192625,79.578206,188.0,13.1,620.7,0.2,407.0,526.0,844.0,875.0,1472.5,2591.0,2929.0,3006.5,3181.5,3067.0,2864.5,2076.5,0.5491433724075744,0.3424871623130163,1.2356521739130435,0.8236089644513138
Point_624,14.192786,79.57926,188.0,13.1,620.7,0.2,465.0,601.5,970.0,1168.5,1623.0,2246.5,2449.0,2524.0,2605.5,2678.0,3214.0,2707.5,0.36709546377792823,0.2172654931275621,0.6744116622717549,0.5505686433793664
Point_625,14.192911,79.579611,188.0,0.8,620.7,0.56,465.0,547.0,883.0,963.0,1487.0,2256.0,2520.0,2551.0,2700.0,2678.0,2962.0,2373.0,0.45190665907797384,0.26349678058444775,0.9390892962743937,0.6777635510029876
Point_626,14.192535,79.579758,188.0,0.8,620.7,0.56,465.0,546.0,840.0,1010.0,1591.0,2221.0,2474.0,2696.0,2677.0,2678.0,3408.0,2768.0,0.45493793847814357,0.2577560065313739,0.9041184041184042,0.6823148522865237
Point_627,15.067378,79.686924,13.0,81.4,133.4,0.47,407.0,516.5,860.0,1387.5,1830.5,2557.5,2748.0,2863.5,2830.0,2575.0,3116.0,2504.5,0.34721242060691604,0.22006817213463997,0.5043912107439429,0.5207573797483241
Point_628,15.068239,79.672787,50.0,80.6,98.3,0.5,419.5,645.5,933.5,1174.0,1618.5,2289.5,2581.0,2876.5,2960.5,2644.0,3057.5,2120.0,0.42031847920009874,0.2798665183537264,0.8378032577136951,0.6303999012589484
Point_629,15.064919,79.673806,113.0,27.6,491.6,0.19,417.5,533.0,873.0,1448.0,1679.0,2125.0,2366.5,2416.5,2596.5,2770.0,3211.0,2559.5,0.2506145685082158,0.18007569283359784,0.340637310073157,0.3758732212160414
Point_630,15.061723,79.671004,25.0,20.7,632.1,0.25,381.0,453.5,694.5,978.5,1487.0,2359.0,2541.0,2446.5,2735.0,2728.0,2597.5,1981.5,0.4286131386861314,0.24393034193466379,0.746352127713661,0.64282586483725
Point_631,15.061846,79.667311,63.0,14.6,463.5,0.19,402.0,510.0,922.5,1127.0,1823.5,2624.0,2696.5,2668.5,2816.5,2799.0,3049.0,2272.0,0.40613884863654326,0.18811219946571683,0.6873718005886025,0.6091280295047419
Point_632,15.064919,79.665019,151.0,51.46,196.6,0.39,391.0,478.0,788.5,1099.5,1642.0,2213.5,2477.5,2481.5,2759.0,2774.0,3023.0,2196.5,0.38592571907288464,0.2035891839456772,0.6288106288106288,0.5788077621108474
Point_633,15.05556,79.672031,88.0,76.8,98.3,0.15,440.0,587.0,840.0,1163.0,1670.0,2248.0,2493.5,2567.0,2766.0,2589.5,3213.0,2313.5,0.37640750670241285,0.21170639603493038,0.6824146981627297,0.5645355850422196
Point_634,14.71921,79.589474,289.0,27.6,124.1,0.14,382.0,504.5,750.5,881.5,1395.0,2291.0,2616.0,2751.0,2925.5,2875.5,2657.0,1861.5,0.5146593255333792,0.32706222865412443,1.097833108227142,0.7718827415359207
Point_635,14.716609,79.603583,426.0,26.1,111.7,0.12,676.5,672.0,946.5,1294.5,1744.5,2265.5,2515.0,2378.5,2786.0,2904.5,3330.5,2460.5,0.29512659950993736,0.15377152558816395,0.5306961715460687,0.4426296447529604
Point_636,15.108434,79.713158,100.0,13.8,245.8,0.19,752.0,1170.0,1543.0,1855.5,2142.0,2377.5,2546.5,2671.0,2730.0,2729.5,3221.5,2804.0,0.18016127250635147,0.1099106586328693,0.4053180914512922,0.27021206096752814
Point_637,14.174629,79.795675,151.0,50.69,192.4,0.24,565.5,693.0,1040.25,1055.5,1752.5,2664.0,3173.5,3200.75,3432.0,3484.0,2485.166666666667,1448.5,0.5040234948604992,0.2923837884217433,1.2365266009568274,0.755946438010219
Point_638,14.185148,79.775135,50.0,110.6,285.5,0.29,414.1,616.75,933.0,1047.5,1461.0,2510.0,2877.5,2882.5,3173.0,3069.666666666667,2682.6666666666665,1919.75,0.4669211195928753,0.3272706342811097,1.0098230745948324,0.7002925836407582
Point_639,14.193935,79.773062,2.1,139.8,242.1,0.49,501.0,643.75,844.5,952.5,1092.0,2072.5,2531.6666666666665,2406.5,2750.0,2421.0,2087.5,1537.0,0.4328669246799643,0.3757324567671859,1.1033959400493265,0.6492037505581187
Point_640,14.192488,79.772705,176.0,98.3,68.3,0.34,414.83333333333337,437.75,680.0,537.6666666666666,1172.0,2526.0,2998.0,2964.25,3273.0,3351.5,2187.5,1278.0,0.6929300621088452,0.433303112722877,2.0860376817823627,1.0392467106045826
Point_641,14.191628,79.772533,176.0,98.3,68.3,0.34,504.5,614.8333333333334,901.3333333333334,842.0,1515.0,2523.833333333333,2901.0,3091.0,3082.0,2993.5,2757.0,1900.5,0.5718281210272057,0.3421623968736431,1.591536338546458,0.8576331511376636
Point_642,14.200518,79.783998,125.0,21.5,409.7,0.28,423.2,534.6,800.5,827.5,1381.5,2354.5,2684.5,2802.5,2934.5,2743.25,2400.0,1703.75,0.5440771349862259,0.3396271510516252,1.313514232508646,0.8160033053298443
Point_643,14.198978,79.784397,138.0,116.0,446.9,0.33,487.0,563.3333333333334,747.5,761.25,1240.0,2288.25,2638.5,2714.0,2850.5,2931.0,2192.5,1489.25,0.5619020214373067,0.3727870510875063,1.5966884709730174,0.8427317845069411
Point_644,14.198907,79.784393,138.0,116.0,446.9,0.33,487.0,569.0,802.0,841.25,1240.0,2288.25,2638.5,2730.0,2850.5,2931.0,2192.5,1489.25,0.5288764438221911,0.37531486146095716,1.3448803759612646,0.7932036116749492
Point_645,14.198919,79.784478,138.0,116.0,446.9,0.33,487.0,540.0,840.5,863.5,1240.0,2288.25,2638.5,2788.75,2850.5,2931.0,2192.5,1489.25,0.5271408036142105,0.38442444927086566,1.227603137154881,0.7906029703647937
Point_646,14.189896,79.787029,113.0,90.6,192.4,0.3,642.5,1115.75,1365.5,1512.5,1615.75,2520.5,2810.75,2748.25,2984.0,2859.166666666667,2856.5,2329.0,0.29003109781141817,0.2595096241979835,0.8938840464392926,0.43499559988266356
Point_647,14.193455,79.784149,50.0,112.9,235.9,0.23,691.4285714285714,498.2857142857143,751.8125,805.6666666666666,1423.4,2383.8333333333335,2769.75,2807.5,3072.1666666666665,3096.8,2818.75,1915.375,0.5540384704091518,0.3271407974662601,1.281466239902454,0.8309427174614888
Point_648,14.193305,79.784167,50.0,112.9,235.9,0.23,691.4285714285714,558.6363636363636,812.2727272727273,914.25,1423.4,2383.8333333333335,2769.75,2838.3333333333335,3072.1666666666665,3096.8,2818.75,1915.375,0.5127356709822123,0.33200888527359756,1.1632739617608476,0.7690010435863845
Point_649,14.193191,79.783996,50.0,112.9,235.9,0.23,691.4285714285714,680.8571428571429,975.8333333333334,1076.8,1684.5,2496.333333333333,2799.0,2609.6666666666665,3106.5,3096.8,3153.708333333333,2390.666666666667,0.4158091759046603,0.215447312245294,0.9664892428824322,0.6236291802656203
Point_650,14.192624,79.785031,50.0,112.9,235.9,0.23,797.5666666666666,1400.5,1565.4583333333335,1760.0833333333335,2156.0,2563.5,2824.4,2731.0,3036.875,3024.0,3630.75,3112.6666666666665,0.2161876310467036,0.11765909555964804,0.8703869714627221,0.32424534778010716
Point_651,14.19238,79.785445,151.0,82.2,248.3,0.52,832.05,1226.0,1588.75,2009.5,2342.0,2689.5,2906.5,3013.3333333333335,3205.833333333333,3145.5,3679.25,3147.0,0.1998540000663636,0.12535789866799454,0.4270661977423563,0.2997511612475116
Point_652,14.194482,79.789541,50.0,82.02,515.2,0.35,486.5,728.5,1034.0,1179.4166666666665,1557.8333333333335,2611.5,2963.5,2983.0,3203.0,2791.0,2526.5,1713.5,0.4333019680073676,0.3138557533492383,0.9809013614691541,0.649874887398659
Point_653,14.194392,79.789667,50.0,82.02,515.2,0.35,486.5,650.0,878.5,926.5,1557.8333333333335,2611.5,2963.5,3060.6666666666665,3203.0,2791.0,2526.5,1713.5,0.5352589558165781,0.32539424777164294,1.4244237785885914,0.8027877622669899
Point_654,14.194305,79.789604,50.0,82.02,515.2,0.35,486.5,589.5,835.75,771.0,1384.5,2325.583333333333,2775.0,2982.0,3075.5,2791.0,1911.5,1164.0,0.5891286970423661,0.36585365853658536,1.7339816484981572,0.8835753296922872
Point_655,14.194348,79.789964,50.0,82.02,515.2,0.35,507.0,595.5,880.0,863.5,1485.25,2472.0,2726.0,2772.0,3046.6666666666665,2899.0,1890.75,1121.5,0.5249621785173979,0.3022491044688473,1.3680022937423841,0.7873349834983498
Point_656,14.19394,79.789408,50.0,82.02,515.2,0.35,578.0,663.0,951.0,949.0,1550.5,2528.0,2967.0,2840.6666666666665,3233.5,3205.5,2424.5,1595.0,0.49916439440584043,0.29380954188332636,1.3272370082791527,0.7486478167187018
Point_657,14.193898,79.789362,50.0,82.02,515.2,0.35,578.0,615.25,919.5,899.0,1550.5,2528.0,2967.0,2963.0,3233.5,3205.5,2424.5,1595.0,0.5344381149663386,0.31295003877257116,1.3783431834118,0.8015533980582524
Point_658,14.193736,79.789501,50.0,82.02,515.2,0.35,578.0,673.5,990.25,1035.0,1795.75,2601.5,2960.5,2895.75,3256.3333333333335,3205.5,3026.0,2146.75,0.4733829421866056,0.23446658851113716,1.1470533842929356,0.7099841017488077
Point_659,14.211261,79.527182,13.0,1.5,260.7,0.46,425.0,585.5,921.5,821.0,1512.5,2456.0,2742.5,2883.0,3067.0,3156.0,3035.0,1903.5,0.556695464362851,0.31179615515868503,1.5078610603290676,0.8349304899446619
Point_660,14.210784,79.527879,13.0,1.5,260.7,0.46,469.0,538.0,805.0,852.0,1593.5,2410.0,2719.0,2757.0,3022.5,3151.5,2973.0,2009.0,0.5278470490440565,0.2674405240776922,1.241851368970013,0.7916608948607842
Point_661,14.210643,79.529015,13.0,1.5,260.7,0.46,503.5,532.0,779.0,861.5,1496.5,2360.5,2624.5,2683.0,2926.5,3141.5,2812.0,1851.5,0.5138947665397094,0.2838856322526618,1.1788118042971782,0.7707334273624824
Point_662,14.21069,79.529843,213.0,3.8,409.7,0.43,536.5,737.5,1112.0,1257.0,1875.0,2765.5,3151.5,3292.5,3522.5,3479.0,3185.0,2305.5,0.44741180349488957,0.274310595065312,0.9593722015365037,0.6710439560439561
Point_663,14.210407,79.529664,213.0,3.8,409.7,0.43,489.5,646.5,955.5,1172.0,1837.5,2535.5,2984.0,2904.0,3300.5,3169.0,3195.5,2228.5,0.42492639842983315,0.2249288199936729,0.8509801994791922,0.6373114191095302
Point_664,14.209825,79.528967,13.0,1.5,260.7,0.46,494.0,505.0,789.0,686.0,1281.5,2294.0,2597.0,2804.0,2904.5,3056.5,2466.0,1558.5,0.6068767908309456,0.37265940521356017,1.6898037338439444,0.9101847872797593
Point_665,14.212576,79.529405,113.0,9.2,322.8,0.23,345.5,384.5,655.0,509.0,1088.0,2113.5,2360.0,2534.5,2595.0,2845.0,1946.0,1119.0,0.6655166748808937,0.3993098688750863,1.871477409221103,0.9981110381077529
Point_666,14.197923,79.569911,50.0,8.4,403.5,0.25,544.0,954.0,1287.0,1568.0,1751.0,2186.0,2355.0,2451.0,2569.0,2633.0,3239.0,2687.0,0.21970639462552874,0.16658733936220846,0.4691817215727949,0.3295185968404031
Point_667,14.20398,79.573126,38.0,13.1,620.7,0.16,582.5,802.0,1224.0,1433.0,1955.5,2335.0,2543.5,2670.5,2857.5,2815.5,3782.5,2964.0,0.3015718289265261,0.15456117596195418,0.5887810448187268,0.4523026315789474
Point_668,14.203877,79.573047,38.0,13.1,620.7,0.16,582.5,808.0,1236.0,1609.5,1955.5,2335.0,2543.5,2646.5,2857.5,2815.5,3782.5,2964.0,0.243656015037594,0.1501521077792264,0.41516534550404355,0.365441090097498
Point_669,14.204253,79.570096,138.0,13.8,620.7,0.56,647.5,1247.5,1580.5,1765.0,1969.0,2302.5,2538.5,2717.0,2755.0,2595.0,3319.0,2971.0,0.21240517626059796,0.1596244131455399,0.6022648193838174,0.31857222532069157
Point_670,14.205787,79.566898,188.0,10.0,620.7,0.16,464.0,526.5,807.0,900.5,1740.5,2419.5,2854.0,2787.5,3202.0,3093.5,3495.5,2522.0,0.5116594360086768,0.2312279151943463,1.111896765069825,0.7673851159007726
Point_671,14.205731,79.567131,188.0,10.0,620.7,0.16,464.0,595.0,860.0,1026.5,1698.5,2314.0,2653.5,2813.5,3015.0,3093.5,3458.5,2514.0,0.46536458333333336,0.24711879432624115,0.9903569053424961,0.6979559953131103
Point_672,14.205768,79.567221,188.0,10.0,620.7,0.16,464.0,595.0,860.0,1026.5,1698.5,2314.0,2653.5,2813.5,3015.0,3093.5,3458.5,2514.0,0.46536458333333336,0.24711879432624115,0.9903569053424961,0.6979559953131103
Point_673,14.205739,79.567221,188.0,10.0,620.7,0.16,464.0,595.0,860.0,1026.5,1698.5,2314.0,2653.5,2813.5,3015.0,3093.5,3458.5,2514.0,0.46536458333333336,0.24711879432624115,0.9903569053424961,0.6979559953131103
Point_674,14.205673,79.56715,188.0,10.0,620.7,0.16,464.0,606.0,945.0,1167.0,1698.5,2314.0,2653.5,2818.5,3015.0,3093.5,3458.5,2514.0,0.41437711704930374,0.2479521806508745,0.7824789159480716,0.6214877069744105
Point_675,14.205527,79.567583,188.0,10.0,620.7,0.16,504.0,575.5,833.5,956.0,1647.5,2302.0,2770.5,2688.0,3119.0,3295.0,3280.5,2587.0,0.47530186608122943,0.23999538692192365,1.0538484940675388,0.712854986966662
Point_676,14.205483,79.567534,188.0,10.0,620.7,0.16,504.0,645.0,906.5,1201.5,1647.5,2302.0,2770.5,2872.5,3119.0,3295.0,3280.5,2587.0,0.4101620029455081,0.27101769911504425,0.7964728312678742,0.6151675052153639
Point_677,14.205465,79.567602,188.0,10.0,620.7,0.16,504.0,618.0,876.0,1059.0,1647.5,2302.0,2770.5,2795.0,3119.0,3295.0,3280.5,2587.0,0.4504411001556824,0.2583005064715813,0.9612403100775193,0.6755740044104294
Point_678,14.20541,79.56762,188.0,10.0,620.7,0.16,489.5,678.5,1008.5,1170.0,1668.5,2351.0,2780.5,2938.0,3100.5,2922.5,3313.5,2476.5,0.43037974683544306,0.2755888418539021,0.9075509470766387,0.6454910551296094
Point_679,14.205392,79.567549,188.0,10.0,620.7,0.16,489.5,715.5,1078.0,1326.5,1668.5,2351.0,2780.5,3067.5,3100.5,2922.5,3313.5,2476.5,0.3962221210741921,0.2953969594594595,0.7688231397659527,0.5942655592217545
Point_680,14.205316,79.567474,188.0,10.0,620.7,0.16,489.5,678.0,1015.0,1256.5,1668.5,2351.0,2780.5,2829.5,3100.5,2922.5,3313.5,2476.5,0.38497307880567794,0.2581147176522899,0.7441574415744158,0.5773889636608345
Point_681,14.205316,79.567696,188.0,10.0,620.7,0.16,489.5,595.0,918.5,1089.0,1650.0,2441.0,2808.0,3000.5,3125.0,2922.5,3157.0,2371.5,0.4674165545910258,0.2903988818406623,0.9419968460477035,0.701039119804401
Point_682,14.205239,79.56753,188.0,10.0,620.7,0.16,489.5,499.5,792.0,783.0,1615.0,2331.5,2640.5,2772.5,2917.5,2922.5,3371.5,2596.5,0.5595556180565321,0.2638176638176638,1.3351452922622642,0.8392154105736783
Point_683,14.205214,79.56805,188.0,10.0,620.7,0.16,498.0,648.0,921.0,1214.0,1400.0,2177.0,2573.0,2858.0,2900.5,2948.0,2922.0,2182.0,0.4037328094302554,0.34241427900422733,0.7779670641680864,0.605524861878453
Point_684,14.859327,79.576657,50.0,2.3,254.0,0.05,586.5,728.5,988.0,1381.0,1656.0,1843.0,2011.5,1983.0,2227.5,2189.5,2517.5,2120.5,0.1789536266349584,0.0898598516075845,0.3131339401820546,0.26839054837271514
Point_685,14.78367,79.509273,88.0,46.85,62.1,0.21,454.0,640.0,967.0,979.0,1537.5,2015.0,2192.0,2144.0,2394.5,2400.0,2190.5,1613.0,0.3730387447966699,0.1647426320793155,0.9047840944392669,0.5594685449015527
Point_686,14.8293,79.520834,125.0,16.9,111.7,0.3,392.0,546.0,801.5,995.0,1360.5,2000.0,2248.0,2279.0,2472.5,2390.5,2528.5,1817.0,0.3921808185705559,0.2523698310207446,0.7725631768953068,0.5881814017407238
Point_687,14.825964,79.518692,38.0,9.2,62.1,0.24,475.5,566.5,821.5,1063.0,1381.5,1725.5,1887.0,1983.0,2078.0,2114.5,2760.5,2051.5,0.3020354563361786,0.17877842175657602,0.5591685406916671,0.4529788281634663
Point_688,14.81998,79.525952,125.0,10.0,74.5,0.42,362.0,418.5,689.5,773.5,1244.5,2191.0,2522.5,2441.0,2701.5,2580.5,2286.5,1606.5,0.5187431948981179,0.32465065798399134,1.0569182987893768,0.7779937791601866
Point_689,14.8186,79.531546,100.0,29.2,99.3,0.23,429.0,529.0,756.5,914.0,1308.0,1787.5,1993.0,2069.0,2227.0,2288.5,2727.5,1919.5,0.3871940998994301,0.22534794196031982,0.8051024675867837,0.5806938159879337
Point_690,14.81564,79.526357,100.0,14.6,68.3,0.2,456.5,590.0,819.0,1211.0,1402.0,1813.5,1969.5,2120.0,2232.5,2229.5,2824.5,2181.5,0.2728910237166016,0.20386144236229414,0.4579806529625151,0.4092751013057181
Point_691,14.813972,79.52481,88.0,28.4,99.3,0.39,450.0,543.5,805.5,1288.0,1541.5,1667.0,1768.0,1773.0,1762.5,1782.0,1936.5,1626.0,0.15844495262985953,0.06984462211494946,0.22347140948256003,0.23762861342479177
Point_692,14.811383,79.523619,151.0,37.6,223.5,0.21,341.5,482.0,759.0,852.0,1325.5,2235.5,2550.0,2744.0,2851.0,2762.0,2611.5,1692.5,0.5261401557285873,0.3485686202236147,1.1150400754361152,0.7891005143889893
Point_693,14.81075,79.524631,88.0,8.4,198.6,0.23,384.0,534.5,791.0,941.5,1372.5,2249.5,2584.5,2656.5,2917.0,2795.0,2803.5,1831.5,0.4766536964980545,0.3186895011169025,0.9976150311209354,0.7148812005002084
Point_694,14.809024,79.526595,151.0,11.5,223.5,0.45,379.0,437.5,670.0,1037.0,1382.0,1723.5,1826.5,1852.0,1958.0,2059.0,2622.0,2055.0,0.28210453444098305,0.1453308596165739,0.4250325945241199,0.42308357847378436
Point_695,14.804191,79.521953,75.0,4.6,49.7,0.45,338.5,372.5,522.0,900.0,1144.5,1322.0,1453.0,1468.0,1518.0,1779.5,2425.5,2084.0,0.23986486486486486,0.12382775119617224,0.3484448806821667,0.3597213426219126
Point_696,14.963328,79.732471,201.0,7.7,247.6,0.06,350.0,450.5,649.0,907.5,1192.0,1962.0,2261.5,2295.0,2391.0,2384.0,2324.0,1728.5,0.4332552693208431,0.31631775164898196,0.7951745085678262,0.6497814548860443
Point_697,14.950213,79.776471,125.0,27.6,471.8,0.08,404.5,437.0,720.0,529.0,1387.5,2785.5,3174.0,3384.0,3494.5,3042.0,2768.5,1593.5,0.729619217991311,0.4184218799119774,2.175072375438062,1.0942889996167113
Point_698,14.966161,79.75748,38.0,25.3,161.4,0.17,525.0,676.0,980.0,1278.0,1752.0,2459.0,2783.0,2842.0,3170.0,3040.0,3316.0,2438.0,0.3796116504854369,0.23726599912929908,0.7186179011211175,0.5693483800509647
Point_699,14.963681,79.731474,201.0,7.7,247.6,0.06,421.0,530.5,802.0,999.0,1520.0,2226.5,2482.5,2582.0,2732.0,2765.5,2942.0,2082.0,0.44205529181792796,0.25889809848854217,0.8606535094873049,0.6629903671645958
Point_700,14.161126,79.553591,25.0,27.6,322.8,0.33,415.5,506.5,842.0,866.0,1481.0,2364.0,2628.5,2649.0,2874.0,2898.0,2823.5,2024.0,0.5072546230440967,0.2828087167070218,1.101365124467231,0.7607737163988053
Point_701,14.16113,79.554204,25.0,27.6,322.8,0.33,375.0,372.5,689.5,527.0,1349.5,2614.5,2959.0,3041.0,3231.5,3087.0,2421.0,1496.0,0.7045964125560538,0.3852636373989295,1.8429733890477238,1.0567465321563683
Point_702,14.161143,79.554621,25.0,27.6,322.8,0.33,427.5,608.5,990.0,1412.5,1840.5,2579.0,2809.0,2761.0,3063.5,2990.0,3618.5,2655.0,0.3231100994369234,0.20004346408779747,0.5051886262315963,0.48460709151892667
Point_703,14.161028,79.553656,25.0,27.6,322.8,0.33,415.5,404.0,714.5,637.5,1197.0,2371.0,2736.5,2815.5,2968.5,2898.0,2269.0,1423.5,0.630755864465682,0.4033644859813084,1.5076837878997646,0.9459968148255393
Point_704,14.160974,79.553867,25.0,27.6,322.8,0.33,375.0,346.5,659.0,523.0,1204.5,2441.5,2821.5,2897.0,3087.0,3087.0,2199.5,1328.0,0.6941520467836257,0.41265390710715594,1.726671030620409,1.0410758661014472
Point_705,14.160964,79.554355,25.0,27.6,322.8,0.33,427.5,414.5,721.0,614.0,1429.5,2572.0,2871.5,2998.0,3137.0,2990.0,2719.0,1836.0,0.6600221483942414,0.35426312817617167,1.6674826886759462,0.9898961937716262
Point_706,14.160984,79.554618,25.0,27.6,322.8,0.33,427.5,547.5,923.0,1190.0,1701.5,2543.5,2799.0,2948.0,3069.5,2990.0,3318.5,2402.5,0.4248429192846786,0.26809334337025487,0.7346120095273913,0.6371873867343241
Point_707,14.161061,79.553753,25.0,27.6,322.8,0.33,415.5,369.5,668.5,566.0,1233.0,2403.5,2761.0,2910.0,3033.5,2898.0,2278.0,1452.5,0.6743383199079401,0.4047791455467053,1.6573569963939758,1.0113620020135194
Point_708,14.161029,79.554062,25.0,27.6,322.8,0.33,375.0,443.0,774.5,724.5,1276.5,2505.5,2817.0,2885.0,3072.0,3087.0,2397.0,1438.5,0.598559357251697,0.3865192839120509,1.3812172356476156,0.8977146814404433
Point_709,14.160973,79.554688,25.0,27.6,322.8,0.33,427.5,600.5,977.0,1323.0,1701.5,2543.5,2799.0,2829.5,3069.5,2990.0,3318.5,2402.5,0.36279349789283566,0.24895166629883028,0.6011812123388802,0.5441247291114857
Point_710,14.160833,79.553611,25.0,27.6,322.8,0.33,454.5,573.0,900.5,1027.0,1613.0,2369.5,2625.5,2630.5,2877.5,3035.0,3043.5,2341.0,0.43841421736158576,0.23977848474136915,0.8916258896797152,0.6575314379442319
Point_711,14.16077,79.553551,25.0,27.6,322.8,0.33,454.5,588.5,913.0,1105.0,1613.0,2369.5,2625.5,2680.5,2877.5,3035.0,3043.5,2341.0,0.4161933694360058,0.24863165249796204,0.8041958041958042,0.6242076069730587
Point_712,14.171031,79.557042,201.0,43.01,316.6,0.34,512.0,642.5,938.0,791.0,1373.0,2804.5,3246.5,3390.5,3551.0,3466.5,2419.5,1378.0,0.6216668659571924,0.423533116406004,1.9581920903954804,0.9323888091822095
Point_713,14.171006,79.556968,201.0,43.01,316.6,0.34,512.0,583.0,915.0,763.0,1397.5,2714.5,3122.5,3379.5,3443.0,3466.5,2546.0,1501.0,0.6316234158117079,0.4149047519363617,1.8241076408254322,0.9473207820419985
Point_714,14.170943,79.557021,201.0,43.01,316.6,0.34,512.0,583.0,915.0,763.0,1397.5,2714.5,3122.5,3379.5,3443.0,3466.5,2546.0,1501.0,0.6316234158117079,0.4149047519363617,1.8241076408254322,0.9473207820419985
Point_715,14.170938,79.556973,201.0,43.01,316.6,0.34,512.0,583.0,915.0,763.0,1397.5,2714.5,3122.5,3379.5,3443.0,3466.5,2546.0,1501.0,0.6316234158117079,0.4149047519363617,1.8241076408254322,0.9473207820419985
Point_716,14.170593,79.556252,201.0,43.01,316.6,0.34,635.5,779.5,1064.5,1228.5,1789.5,2704.0,3053.5,3095.5,3392.5,3437.5,3572.0,2606.5,0.43177613320999075,0.26734902763561924,1.0100081146875846,0.6475893166840097
Point_717,14.170509,79.557003,201.0,43.01,316.6,0.34,610.5,736.0,1033.0,1020.5,1576.5,2656.5,3027.5,3172.0,3349.5,3478.5,2841.0,1881.0,0.5131782945736434,0.33600084237127514,1.4244570974576272,0.7696756498926783
Point_718,14.170463,79.556934,201.0,43.01,316.6,0.34,610.5,681.0,1015.5,1146.5,1736.0,2637.5,3020.0,3009.0,3327.5,3478.5,3222.5,2202.5,0.4482011791601492,0.2682824025289779,0.9738052912266025,0.672220885466795
Point_719,14.170463,79.556864,201.0,43.01,316.6,0.34,610.5,949.0,1373.0,1833.5,2388.5,2847.5,3130.0,3128.5,3416.5,3478.5,4512.0,3556.0,0.26098347440548164,0.13413086822548487,0.461642663624697,0.3914357682619647
Point_720,14.170365,79.556771,201.0,43.01,316.6,0.34,610.5,1104.5,1557.0,2186.5,2388.5,2847.5,3130.0,3424.0,3416.5,3478.5,4512.0,3556.0,0.22056857677568845,0.1781505376344086,0.374534669047547,0.3308233826412404
Point_721,14.170371,79.556892,201.0,43.01,316.6,0.34,610.5,728.0,1102.5,1290.0,1736.0,2637.5,3020.0,2923.5,3327.5,3478.5,3222.5,2202.5,0.3876824492702029,0.2548556712093572,0.7846575079258334,0.5814546748932131
Point_722,14.170369,79.556928,201.0,43.01,316.6,0.34,610.5,728.0,1102.5,1290.0,1736.0,2637.5,3020.0,2923.5,3327.5,3478.5,3222.5,2202.5,0.3876824492702029,0.2548556712093572,0.7846575079258334,0.5814546748932131
Point_723,14.170342,79.55701,201.0,43.01,316.6,0.34,610.5,769.5,1077.0,1062.0,1736.0,2637.5,3020.0,3260.0,3327.5,3478.5,3222.5,2202.5,0.5085608514576585,0.3050440352281825,1.4229300187738718,0.7627530364372469
Point_724,14.170345,79.557242,201.0,43.01,316.6,0.34,560.5,747.0,1058.5,1181.0,1702.0,2725.5,3141.0,3199.5,3512.5,3447.5,3071.5,1982.5,0.4607921470151809,0.3055187187595634,1.0773377455166524,0.6911093357680895
Point_725,14.170323,79.556988,201.0,43.01,316.6,0.34,610.5,769.5,1077.0,1062.0,1736.0,2637.5,3020.0,3260.0,3327.5,3478.5,3222.5,2202.5,0.5085608514576585,0.3050440352281825,1.4229300187738718,0.7627530364372469
Point_726,14.170313,79.557119,201.0,43.01,316.6,0.34,560.5,751.0,1093.0,1118.0,1702.0,2725.5,3141.0,3275.5,3512.5,3447.5,3071.5,1982.5,0.49106634801411175,0.3161225514816675,1.2393727022058822,0.7365157032316796
Point_727,14.170294,79.556918,201.0,43.01,316.6,0.34,610.5,653.5,984.0,1231.0,1653.0,2534.5,2894.5,2809.0,3214.0,3478.5,3137.5,2180.5,0.3905940594059406,0.25907664724338864,0.7450776712781528,0.5858185868085632
Point_728,14.170275,79.556967,201.0,43.01,316.6,0.34,610.5,635.5,980.0,1016.0,1653.0,2534.5,2894.5,3099.5,3214.0,3478.5,3137.5,2180.5,0.5062568339205443,0.3043661230931089,1.175723717623159,0.7592930029154519
Point_729,14.170278,79.55705,201.0,43.01,316.6,0.34,560.5,768.0,1087.0,1092.0,1593.5,2698.0,3132.0,3206.0,3470.5,3447.5,3047.5,1998.5,0.49185667752442996,0.33597249713511823,1.3215803950987748,0.7376991973944399
Point_730,14.17028,79.557067,201.0,43.01,316.6,0.34,560.5,768.0,1087.0,1092.0,1593.5,2698.0,3132.0,3206.0,3470.5,3447.5,3047.5,1998.5,0.49185667752442996,0.33597249713511823,1.3215803950987748,0.7376991973944399
Point_731,14.17026,79.556908,201.0,43.01,316.6,0.34,610.5,653.5,984.0,1231.0,1653.0,2534.5,2894.5,2809.0,3214.0,3478.5,3137.5,2180.5,0.3905940594059406,0.25907664724338864,0.7450776712781528,0.5858185868085632
Point_732,14.170254,79.556993,201.0,43.01,316.6,0.34,610.5,635.5,980.0,1016.0,1653.0,2534.5,2894.5,3099.5,3214.0,3478.5,3137.5,2180.5,0.5062568339205443,0.3043661230931089,1.175723717623159,0.7592930029154519
Point_733,14.170256,79.557019,201.0,43.01,316.6,0.34,610.5,635.5,980.0,1016.0,1653.0,2534.5,2894.5,3099.5,3214.0,3478.5,3137.5,2180.5,0.5062568339205443,0.3043661230931089,1.175723717623159,0.7592930029154519
Point_734,14.170253,79.557037,201.0,43.01,316.6,0.34,610.5,635.5,980.0,1016.0,1653.0,2534.5,2894.5,3099.5,3214.0,3478.5,3137.5,2180.5,0.5062568339205443,0.3043661230931089,1.175723717623159,0.7592930029154519
Point_735,14.170224,79.556705,201.0,43.01,316.6,0.34,610.5,1062.0,1464.0,2051.5,2304.5,2764.5,3060.5,3389.0,3400.0,3478.5,4538.5,3652.5,0.24584137487363295,0.19048037235443926,0.43234419446599437,0.3687281749678368
Point_736,14.170242,79.556941,201.0,43.01,316.6,0.34,610.5,653.5,984.0,1231.0,1653.0,2534.5,2894.5,2809.0,3214.0,3478.5,3137.5,2180.5,0.3905940594059406,0.25907664724338864,0.7450776712781528,0.5858185868085632
Point_737,14.170243,79.556991,201.0,43.01,316.6,0.34,610.5,635.5,980.0,1016.0,1653.0,2534.5,2894.5,3099.5,3214.0,3478.5,3137.5,2180.5,0.5062568339205443,0.3043661230931089,1.175723717623159,0.7592930029154519
Point_738,14.170202,79.556966,201.0,43.01,316.6,0.34,610.5,565.5,882.5,870.0,1653.0,2534.5,2894.5,3003.0,3214.0,3478.5,3137.5,2180.5,0.5507358636715725,0.28994845360824745,1.3388990019458915,0.8259971601910416
Point_739,14.170201,79.556983,201.0,43.01,316.6,0.34,610.5,565.5,882.5,870.0,1653.0,2534.5,2894.5,3003.0,3214.0,3478.5,3137.5,2180.5,0.5507358636715725,0.28994845360824745,1.3388990019458915,0.8259971601910416
Point_740,14.17019,79.556969,201.0,43.01,316.6,0.34,610.5,565.5,882.5,870.0,1653.0,2534.5,2894.5,3003.0,3214.0,3478.5,3137.5,2180.5,0.5507358636715725,0.28994845360824745,1.3388990019458915,0.8259971601910416
Point_741,14.170157,79.556976,201.0,43.01,316.6,0.34,610.5,565.5,882.5,870.0,1653.0,2534.5,2894.5,3003.0,3214.0,3478.5,3137.5,2180.5,0.5507358636715725,0.28994845360824745,1.3388990019458915,0.8259971601910416
Point_742,14.170136,79.557,201.0,43.01,316.6,0.34,610.5,565.5,882.5,870.0,1653.0,2534.5,2894.5,3003.0,3214.0,3478.5,3137.5,2180.5,0.5507358636715725,0.28994845360824745,1.3388990019458915,0.8259971601910416
Point_743,14.185885,79.555353,25.0,6.9,316.6,0.31,559.0,676.0,942.0,1279.5,1619.5,2178.5,2433.0,2456.5,2691.0,2717.5,3468.0,2621.0,0.3150428265524625,0.20534838076545633,0.5810050350478823,0.4725010036130068
Point_744,14.861701,79.365534,125.0,12.9,252.8,0.65,391.5,452.0,706.0,606.5,1261.0,2167.0,2442.5,2673.0,2735.5,2825.0,2500.5,1578.5,0.6301265436804391,0.3589222165734621,1.7674478275744099,0.9450457317073171
Point_745,14.858277,79.365639,38.0,14.1,245.8,0.46,536.0,767.0,1103.5,1446.5,1827.5,2332.5,2626.0,3021.0,3003.0,3085.5,3405.5,2361.5,0.3524342473419138,0.24615860575435702,0.661721442380432,0.5285922112802148
Point_746,14.500388,80.134653,176.0,97.5,186.2,0.3,594.0,817.4,1130.3333333333333,1140.5,1796.75,2674.3333333333335,2954.0,2954.8,3217.0,2763.3333333333335,2995.0,2197.25,0.44302004737137696,0.24372047016236809,1.236471935228853,0.6644489477025246
Point_747,14.500409,80.134701,176.0,97.5,186.2,0.3,594.0,1160.6666666666667,1513.25,1656.0,1796.75,2674.3333333333335,2954.0,3052.25,3217.0,2763.3333333333335,2995.0,2197.25,0.29655392130834174,0.2589193648174881,0.8147575421602381,0.4447836474648261
Point_748,14.500704,80.136651,151.0,23.8,142.8,0.19,555.0,598.3333333333334,1022.0,872.0,1746.0,2924.75,3500.5,3445.6666666666665,3649.0,2989.0,1904.0,1132.0,0.5960781286188528,0.3273836276083467,1.5351731816916534,0.8940136632058359
Point_749,14.501848,80.138166,50.0,119.0,74.5,0.14,558.8888888888889,814.2,1104.0,1159.0,1809.5,2450.0,2706.6,2800.0,2898.0,2861.3333333333335,2952.0,2091.5,0.414498610760293,0.21488230827638571,1.1244346991914485,0.6216694027023615
Point_750,14.502618,80.139189,63.0,31.5,186.2,0.3,497.4,618.6666666666666,884.0,689.3333333333334,1094.5,1013.0,1033.6666666666667,874.2857142857143,846.6,1555.857142857143,468.42857142857144,244.75,0.11828480935558533,-0.11185284620687151,1.2453507759394626,0.1773704960954744
Point_751,14.501924,80.13988,63.0,31.5,186.2,0.3,498.0,591.1666666666666,916.0,618.25,880.2,686.0,721.0,624.0,576.0,1307.8333333333333,398.5,241.5,0.004628697927148319,-0.17032309533306744,-0.14483627204030228,0.006940253470126736
Point_752,14.503072,80.141273,138.0,98.3,68.3,0.3,687.0,761.0,1195.6666666666667,1171.0,1873.0,2915.3333333333335,3407.5,3551.8,3789.6666666666665,3816.4285714285716,2546.0,1451.5,0.5041077327009401,0.3094676301430468,1.2218504300700022,0.7560815531513984
Point_753,14.505459,80.142604,75.0,28.4,124.1,0.3,555.8333333333334,785.2,1204.6666666666667,1384.0,1841.75,2280.6666666666665,2476.714285714286,2704.3333333333335,2642.1666666666665,2506.2,2778.0,2259.0,0.32295148797390955,0.18974208567814788,0.644652040882755,0.48436799413035503
Point_754,14.505834,80.144894,188.0,51.46,124.1,0.22,1099.8,1261.0,1488.6,1684.2,2007.0,2281.2,2513.25,2448.125,2736.25,2955.8,3377.0,2948.0,0.18486566279273775,0.0990151791476109,0.6167001687211902,0.2772649458905228
Point_755,14.309221,80.017049,263.0,46.4,84.3,0.1,456.0,562.0,908.0,854.0,1585.0,2666.0,3279.0,3381.0,3586.0,3502.0,1432.0,700.0,0.596694214876033,0.3616592831252517,1.4722675367047309,0.8949356628497225
Point_756,14.314856,80.018874,138.0,12.9,147.5,1.05,652.0,896.0,1190.0,1194.0,2174.0,3127.0,3587.0,3713.0,4038.0,3676.0,2856.0,1717.0,0.5133482779702466,0.26142347545439104,1.5145502645502646,0.7699439633214468
Point_757,14.316188,80.021977,100.0,21.7,42.1,0.87,637.0,778.0,1150.0,1108.0,1976.0,3177.0,3646.0,3836.0,4157.0,3966.0,2212.0,1213.0,0.551779935275081,0.32002752924982797,1.4666666666666668,0.8275862068965517
Point_758,14.311743,80.022889,88.0,8.2,42.1,0.63,673.0,789.0,1134.0,1215.0,1792.0,2997.0,3585.0,3688.0,4001.0,4039.0,2259.0,1268.0,0.5043850703650826,0.345985401459854,1.2214758470809048,0.7565004588559192
Point_759,14.313471,80.025349,25.0,5.3,46.2,0.03,548.0,680.0,1016.0,1186.0,1745.0,2750.0,3225.0,3164.0,3600.0,3780.0,2282.0,1316.0,0.45471264367816094,0.2890609085353432,0.9544489480795214,0.6819905757958855
Point_760,14.315922,80.029364,238.0,37.0,70.2,0.53,621.0,780.0,1017.0,1057.0,1799.0,2844.0,3451.0,3636.0,3897.0,3846.0,1814.0,967.0,0.5495418708715107,0.33799448022079115,1.561516105594575,0.8242249920102269
Point_761,14.314718,80.031627,213.0,20.6,70.2,0.97,687.0,738.0,934.0,976.0,1556.0,2707.0,3279.0,3428.0,3633.0,3331.0,2161.0,1413.0,0.5567665758401453,0.3756019261637239,1.6346666666666667,0.8350550573277331
Point_762,14.308151,80.02749,188.0,10.6,119.4,0.3,705.0,897.0,1282.0,1528.0,2272.0,3021.0,3543.0,3700.0,3963.0,3894.0,3238.0,2235.0,0.41545524100994646,0.2391158740790355,0.884148823577302,0.6231232667112938
Point_763,14.307653,80.029163,251.0,11.7,70.2,0.43,544.0,655.0,978.0,897.0,1464.0,2787.0,3520.0,3592.0,3814.0,3793.0,1872.0,985.0,0.6003564268211183,0.4208860759493671,1.6584615384615384,0.9004343468092215
Point_764,14.307747,80.029163,251.0,11.7,70.2,0.43,544.0,657.0,975.0,929.0,1443.0,2776.0,3423.0,3548.0,3774.0,3793.0,1833.0,966.0,0.5849899486263123,0.42175916649969947,1.560600643546657,0.8773869346733669
Point_765,14.844021,80.022799,238.0,32.3,621.0,0.35,620.0,1125.0,1521.0,1909.0,2435.5,3239.5,3545.0,3763.5,4036.5,3781.5,3416.5,2273.5,0.326928162185985,0.21422810130666237,0.6837118419112226,0.49034902168164995
Point_766,14.87972,80.023956,289.0,36.9,354.0,0.25,490.0,645.0,1105.0,1072.0,1830.0,3143.5,3657.5,3883.0,4149.0,3966.0,1721.5,843.0,0.567305751765893,0.35935585506739015,1.2827416263575797,0.8508727676319241
Point_767,14.156871,79.594617,13.0,0.8,49.7,0.2,459.6666666666667,647.0,909.375,927.0,1633.25,2879.5,3603.333333333333,3719.0,3963.0,3853.0,2122.5,1216.5,0.6009470512268618,0.38969592227567845,1.5757986228693985,0.901323576885828
Point_768,14.938393,79.422085,25.0,5.9,358.2,0.69,465.5,606.0,914.0,1243.0,1535.0,2240.5,2547.0,2567.0,2901.0,2921.5,2998.0,2360.0,0.34750656167979005,0.2515845928815212,0.6039043970078453,0.5211914446922976
Point_769,14.937738,79.418503,13.0,12.9,196.6,0.12,404.0,575.5,859.0,844.5,1409.5,2299.0,2601.5,2648.5,2873.5,2792.0,2680.0,1744.5,0.5164614944174062,0.3053228191227206,1.3263730608043525,0.7745813653928724
Point_770,14.936809,79.41894,63.0,10.0,126.4,0.35,476.5,655.5,997.0,1213.0,1678.5,2516.0,2820.0,3059.0,3127.5,2994.0,3016.0,2160.0,0.43211610486891383,0.29139841688654355,0.8512011804306728,0.6480983031012288
Point_771,14.936809,79.421037,50.0,126.9,316.0,0.85,445.5,472.5,712.0,668.5,1253.0,2258.5,2569.5,2634.5,2834.0,2755.5,2465.5,1594.5,0.5952164698758704,0.35536977491961413,1.5840786399162032,0.8926895716664145
Point_772,14.935712,79.421998,50.0,126.9,316.0,0.85,499.5,777.0,1111.5,1526.0,1991.0,2370.0,2664.5,2918.5,3062.5,2928.5,3877.5,2742.5,0.3133085836427045,0.18891944189836032,0.5571782970550576,0.4699100112485939
Point_773,14.936387,79.418066,63.0,8.8,323.1,0.39,551.0,742.5,1117.0,1660.0,2292.0,2680.0,2954.0,2934.5,3162.0,2910.5,4015.0,3503.5,0.27739688758297965,0.12293121591887496,0.43487903913740744,0.4160500544069641
Point_774,14.935712,79.417018,63.0,8.8,323.1,0.39,519.0,689.5,949.0,1506.5,1891.5,2296.0,2561.0,2588.0,2806.5,2738.5,3836.5,3157.0,0.264134814995726,0.15548610335974997,0.4187478220466953,0.3961538461538462
Point_775,14.935206,79.417804,50.0,12.9,449.5,0.12,605.0,810.0,1203.0,1817.0,2266.5,2663.0,2934.5,2949.0,3191.0,3156.0,4318.5,3656.0,0.23751573646663868,0.13085993672706356,0.3638935322103639,0.3562362320360852
Point_776,14.934277,79.418765,50.0,12.9,449.5,0.12,614.0,784.5,1161.0,1782.0,2306.0,2613.5,2867.0,2839.0,3123.0,3107.0,4180.5,3467.0,0.22873836831854577,0.10359572400388727,0.34550387343509953,0.3430704316780266
Point_777,14.934277,79.417192,13.0,11.2,309.0,0.92,566.0,726.0,1001.5,1601.5,2131.0,2363.0,2599.0,2536.0,2845.0,3015.0,3999.5,3304.0,0.22586102719033233,0.08677951574887507,0.3486419937322788,0.33875060415659736
Point_778,14.933349,79.429949,38.0,6.5,133.4,0.42,496.5,732.5,1052.5,1280.5,1674.5,2275.0,2498.0,2457.0,2740.0,2646.5,2780.5,2172.5,0.31478260869565217,0.18939852353866635,0.6329011781160903,0.4721107544141252
Point_779,14.928538,79.433706,63.0,142.0,351.2,0.69,439.5,531.5,788.0,1202.5,1453.0,1875.5,2029.5,2314.0,2270.5,2500.5,2768.0,2084.0,0.31608133086876156,0.2285638439076188,0.5012401352874859,0.47405459198180266
Point_780,14.927271,79.429599,38.0,10.0,14.0,0.46,516.0,816.5,1111.0,1389.0,1802.5,2347.0,2606.0,2615.0,2906.0,2932.0,3173.0,2379.0,0.3061938061938062,0.1839275608375778,0.6350686350686351,0.4592333624672244
Point_781,14.926259,79.433269,13.0,11.7,252.8,0.58,477.5,614.0,958.0,1306.0,1728.0,2192.0,2370.0,2458.0,2561.0,2697.0,2907.5,2400.5,0.30605738575983,0.17439082656473961,0.5061511423550088,0.45902510293531673
Point_782,14.92533,79.42925,38.0,10.6,280.9,0.46,503.0,694.5,971.5,1372.5,1585.0,2197.5,2487.0,2468.5,2755.5,2934.0,2971.5,2226.5,0.2853423587607394,0.21795978783767114,0.4985670745576127,0.42795782897305745
Point_783,14.92457,79.43257,38.0,10.6,14.0,0.06,501.0,714.5,1064.0,1382.0,1830.5,2345.0,2605.0,2748.5,2924.0,2942.0,3419.5,2629.0,0.33083161844812975,0.20048045424765232,0.6011614095288373,0.49618736383442263
Point_784,14.92246,79.419639,75.0,11.2,133.4,0.92,518.5,787.5,1146.5,1733.0,2156.5,2357.0,2621.0,2690.5,2911.5,2788.5,3840.5,3033.0,0.21645755623375154,0.11017123994223231,0.3332405248320746,0.3246496383363472
Point_785,14.920941,79.421736,75.0,9.4,154.5,0.4,548.0,752.0,1144.0,1768.5,2074.5,2391.0,2589.0,2668.0,2847.0,2849.5,3570.5,2938.5,0.2027499154739096,0.12514496573537165,0.2943390052356021,0.30409060175794456
Point_786,14.918746,79.421299,188.0,12.3,372.2,0.15,591.0,706.5,999.5,1335.0,1662.5,1984.0,2176.0,2482.5,2404.0,2705.5,2869.0,2281.5,0.3005893909626719,0.19782870928829915,0.5522402425525772,0.45082503928758516
Point_787,14.918408,79.425231,25.0,11.2,309.0,0.65,411.5,528.0,837.5,652.0,1406.0,2791.5,3159.5,3290.5,3426.0,3323.0,2390.5,1285.0,0.6692454026632847,0.40125625465772385,2.0336827501156156,1.0037408064925184
Point_788,14.918155,79.436764,188.0,11.7,105.3,0.28,440.0,518.0,783.5,1027.0,1412.5,2135.0,2378.5,2557.0,2608.0,2698.5,2570.0,1912.0,0.42689732142857145,0.2883234664315405,0.7911065149948293,0.640256660622123
Point_789,14.914779,79.424794,63.0,10.6,133.4,0.74,525.5,585.0,943.0,912.0,1468.5,2734.0,3125.5,3274.0,3453.0,3028.0,2674.5,1798.0,0.5642618251313903,0.38070637849235633,1.3545131322399357,0.8462916517377284
Point_790,14.913344,79.426629,25.0,3.5,379.2,0.3,609.0,1028.0,1334.5,1664.5,1974.0,2386.5,2655.0,2922.0,2930.5,3033.5,3403.5,2913.0,0.27417420691158834,0.19362745098039216,0.6045673076923077,0.41121648136036626
Point_791,14.913344,79.42226,25.0,115.1,196.6,0.12,431.5,538.5,838.0,849.0,1361.5,2289.5,2639.0,2883.5,2909.0,2692.5,2681.5,1728.5,0.5450770261219022,0.3585394581861013,1.2910083127101974,0.8175060273238682
Point_792,14.912415,79.42392,13.0,11.7,259.9,0.4,496.0,716.0,1056.5,1449.0,1579.0,2062.5,2290.5,2090.5,2478.5,2775.0,2791.5,2133.5,0.1812402881762961,0.13939228777762638,0.2961407072292494,0.27182203389830506
Point_793,14.911824,79.417105,50.0,10.6,280.9,0.62,490.5,680.5,970.5,1332.5,1693.0,2061.5,2307.0,2437.5,2596.0,2736.0,3223.0,2445.0,0.29310344827586204,0.1802445224549086,0.5183169942304986,0.43959687044158596
Point_794,14.909207,79.418853,63.0,11.7,77.3,0.63,545.0,737.0,1068.0,1440.5,1848.5,2171.0,2395.0,2492.5,2686.0,2718.0,3372.5,2670.5,0.26748029494024916,0.1483529140750979,0.4688892850775539,0.4011694419727978
Point_795,14.941029,79.459742,38.0,13.5,280.9,0.79,349.5,391.0,627.5,688.5,1279.5,2068.5,2329.5,2667.5,2563.5,2394.0,2482.5,1759.0,0.5896901072705601,0.3516594882189004,1.2794155676234809,0.8844033963950544
Point_796,14.941536,79.455636,63.0,8.2,182.6,0.02,449.0,592.0,827.0,1091.0,1454.0,1818.0,2030.5,2144.0,2317.5,2208.0,3092.5,2156.5,0.32550231839258115,0.19177320733740968,0.6192660550458716,0.48817802503477054
Point_797,14.941705,79.454762,63.0,8.2,182.6,0.02,454.5,595.0,821.0,1201.5,1543.5,1805.0,1988.5,2031.0,2261.0,2190.5,3198.5,2353.5,0.2566125290023202,0.13638271086865295,0.43397509678769486,0.38485926384163316
Point_798,14.941873,79.453015,50.0,12.9,330.1,0.99,444.0,501.0,727.5,819.0,1299.0,1756.0,1946.5,1928.0,2183.5,2175.5,2742.5,2000.0,0.40371314160902805,0.19491788038425784,0.8985577702155243,0.605459508644222
Point_799,14.939595,79.451966,38.0,11.7,259.9,0.53,483.0,655.5,924.5,1316.0,1590.0,1895.0,2065.0,2232.0,2377.0,2360.0,3154.0,2398.5,0.25817361894024804,0.16797488226059654,0.43930746726775693,0.38720586163167536
Point_800,14.940017,79.443753,63.0,11.7,175.6,0.12,373.0,488.0,850.0,761.5,1446.0,2836.5,3479.0,3616.0,3783.5,3609.5,1902.5,1144.0,0.6520845231296402,0.42868431450019756,1.5767233760494916,0.9780150753768844
Point_801,14.939257,79.441482,63.0,12.3,196.6,0.46,495.5,597.0,821.5,899.5,1409.0,2077.5,2376.0,2613.5,2688.0,2857.0,2828.0,1780.0,0.4879020779960148,0.29944064636420137,1.2125070741369552,0.7317489682652625
Point_802,14.938835,79.442181,63.0,12.3,196.6,0.46,494.5,648.0,929.5,1064.5,1515.5,2295.5,2616.5,2749.0,2965.5,3009.5,2906.0,2087.0,0.441720204536515,0.2892484464767265,0.9846270750526069,0.6624934452018878
Point_803,14.936978,79.443841,38.0,11.9,224.7,0.83,421.5,563.0,823.5,795.5,1391.5,2214.5,2557.0,2789.0,2904.0,2743.0,2830.0,1793.0,0.5561445110894128,0.334290156679823,1.491917377638078,0.8341004184100418
Point_804,14.936894,79.44253,75.0,12.3,491.6,0.7,368.5,606.0,810.0,1086.0,1477.0,2016.5,2308.0,2405.5,2627.5,2755.5,2801.0,1886.0,0.3779178003723328,0.23915003219575015,0.7535693889206168,0.5667955326460481
Point_805,14.933349,79.444278,63.0,106.9,286.3,0.1,420.0,422.5,652.5,574.5,1190.5,2122.0,2461.5,2758.0,2749.5,2737.0,2248.5,1369.5,0.6552138034508627,0.39698619729011014,1.7972672647954564,0.9826732673267327
Point_806,14.933771,79.447248,25.0,13.5,287.6,1.24,474.5,641.5,945.0,1167.0,1670.5,2199.0,2532.5,2551.0,2774.5,2850.0,3322.5,2431.5,0.3722431414739107,0.2085751510126732,0.7295345527383902,0.5582896329164986
Point_807,14.933602,79.449083,63.0,12.9,196.6,0.39,583.0,715.5,1045.0,1518.0,1805.5,2296.0,2553.0,2636.0,2841.5,2815.0,3811.5,2930.5,0.2691381800674049,0.18698637847574018,0.43817362335880855,0.40365868335539773
Point_808,14.932589,79.450306,13.0,10.0,196.6,1.07,431.0,559.5,943.5,1004.0,1663.5,2667.0,3191.0,3330.0,3542.0,3078.5,2496.0,1513.0,0.5366866635902169,0.33373385401021327,1.1272110491882723,0.8049371323105319
Point_809,14.931914,79.450831,13.0,10.0,196.6,1.07,389.5,489.5,786.0,894.0,1402.0,2160.0,2294.0,2272.0,2504.5,2449.5,2532.5,1868.0,0.43524952621604546,0.23679912901469788,0.8686881422177394,0.6527711984841307
Point_810,14.927525,79.453976,63.0,12.3,196.6,0.46,562.0,710.0,1056.5,1518.0,1937.0,2288.0,2504.5,2655.0,2837.0,2794.5,3739.0,2882.5,0.27246585190510425,0.1563588850174216,0.44145053579748406,0.4086498143045405
Point_811,14.926512,79.454413,63.0,12.3,196.6,0.46,544.5,693.5,1034.5,1417.0,1578.0,2113.0,2329.5,2453.0,2588.0,2724.5,3135.0,2325.0,0.2677002583979328,0.21706772513024064,0.4500629914418524,0.40149851440382384
Point_812,14.923557,79.475207,38.0,12.9,161.5,0.35,365.0,640.5,980.5,1272.0,1674.5,2406.0,2673.0,2847.5,3048.5,2836.0,3387.5,2275.5,0.38244932637456003,0.2593984962406015,0.6938389043026381,0.5736043689320388
Point_813,14.923452,79.475592,38.0,2.9,161.5,0.35,370.5,458.0,705.5,644.5,1268.5,2391.5,2834.0,2932.5,3124.0,3035.0,2569.5,1545.5,0.6396421582331563,0.39609616757914784,1.6995988708958552,0.959329140461216
Point_814,14.403007,80.091723,100.0,26.9,223.0,0.1,569.375,697.1538461538462,979.7692307692307,982.8181818181819,1714.090909090909,2870.551724137931,3516.6315789473683,3448.0457516339866,3784.6875,3523.269230769231,2151.0,1252.5,0.556376274884862,0.33589867074530066,1.4968711128830194,0.8344702466906109
Point_815,14.403496,80.091592,100.0,26.9,223.0,0.1,578.3191489361702,545.1666666666666,838.4927536231884,703.6666666666666,1345.3617021276596,2760.048780487805,3135.8611111111113,3262.9310344827586,3453.3161375661375,3001.09375,2600.3846153846152,1456.3636363636363,0.6452039154549196,0.4161127432554442,1.8833735543076193,0.9676838941001775
Point_816,14.399803,80.099143,38.0,29.2,130.0,0.14,576.4166666666667,667.9285714285714,974.6666666666666,880.0,1649.8333333333335,2928.875,3584.0,3777.5,3996.625,4061.1428571428573,2129.8571428571427,1200.3333333333333,0.6221148684916801,0.39202800638742163,1.7890062007709067,0.9330721339630742
Point_817,14.400168,80.099331,138.0,53.76,143.0,0.43,672.0,744.0,1036.3333333333333,869.75,1679.0,2993.285714285714,3600.8888888888887,3962.666666666667,4013.3333333333335,3936.0666666666666,2061.0,1134.5,0.6400351790856886,0.4047858197932053,2.1465668810438157,0.9599534442624365
Point_818,14.401355,80.099001,138.0,53.76,143.0,0.43,573.0,555.1,849.375,806.2,1585.5,2787.866666666667,3362.6,3363.1,3801.4666666666667,3646.5384615384614,1912.7916666666665,1068.5,0.613268414362123,0.35921270662409566,1.5830041728061806,0.9197923161782338
Point_819,14.406439,80.109782,25.0,49.15,254.0,0.12,698.8333333333334,840.0,1052.6,1106.4,1762.2,3048.3333333333335,3750.8571428571427,3942.5,4072.1,4031.529411764706,2086.6666666666665,1162.6666666666667,0.561726316623423,0.38219362981401306,1.6558653868609725,0.8425060403216224
Point_820,14.406631,80.110828,25.0,23.8,236.0,0.1,616.75,664.75,1048.0,1008.25,1705.4,3044.1111111111113,3615.5,3800.714285714286,4005.9,3909.8333333333335,1929.1666666666665,1074.9,0.5806789403717759,0.38054318835165063,1.4348027143973896,0.8709278580180447
Point_821,14.408177,80.110278,38.0,14.6,137.0,0.15,691.375,832.9666666666667,1109.75,1148.0,1851.25,3180.4444444444443,3917.0,4043.0,4263.4,4133.133333333333,2219.0,1237.4,0.557696012329031,0.37184544259235697,1.5449063450557659,0.8364634498699797
Point_822,14.408529,80.110993,38.0,14.6,137.0,0.15,678.5,759.2916666666667,1053.8333333333333,1024.5,1846.5,3206.75,3961.403846153846,4128.294117647059,4254.727272727273,4159.733333333334,2237.666666666667,1234.625,0.6023516652872514,0.3819033882535947,1.6936166593243283,0.9034398328881583
Point_823,14.407355,80.088475,138.0,23.8,317.0,0.12,609.25,751.4,1194.0,1082.8333333333333,1978.6666666666667,3145.5625,3779.6875,4019.8888888888887,4049.5384615384614,4021.7916666666665,2201.3333333333335,1171.0,0.5755860161787282,0.34028562431696513,1.5039029163774564,0.863294432711359
Point_824,14.416032,80.093699,100.0,10.0,112.0,0.2,474.375,536.3333333333334,938.375,623.0,1477.1666666666665,3294.777777777778,3992.0,4124.333333333333,4360.55,4416.666666666667,2134.5714285714284,1057.2916666666665,0.7375368628001685,0.4725817489362968,2.2790193100455634,1.1061887878681502
Point_825,14.415212,80.092385,63.0,52.3,192.0,0.1,445.89285714285717,544.9,932.3333333333334,670.3333333333334,1476.775,3292.0,4060.1428571428573,3997.0,4387.0,4300.111111111111,2076.708333333333,1008.5,0.7127553206684759,0.46041808441158066,2.114451577363927,1.0690184596707966
Point_826,14.414895,80.092064,63.0,52.3,192.0,0.1,438.88235294117646,561.6818181818181,947.5882352941177,630.3863636363636,1496.6,3167.235294117647,3780.1666666666665,3804.4166666666665,4121.583333333333,4057.6666666666665,2013.5,1056.6153846153848,0.7157094196387391,0.4353535956939078,2.351049120570305,1.0734431045673487
Point_827,14.411292,80.090597,188.0,13.8,161.0,0.18,432.7857142857143,539.0,882.2,680.375,1345.5,2624.25,3266.0,3521.076923076923,3524.5714285714284,3658.4545454545455,1641.3125,860.9375,0.6761238674359368,0.4470445977665552,1.993851739869881,1.014065120834411
Point_828,14.411035,80.090551,188.0,13.8,161.0,0.18,432.7857142857143,535.0,839.5,716.3,1325.3333333333333,2767.9523809523807,3389.6666666666665,3527.135135135135,3629.1428571428573,3658.4545454545455,1615.8461538461538,851.1666666666666,0.6623961591545859,0.4537488117870723,1.8427185959172798,0.9934771782435474
Point_829,14.410902,80.090857,188.0,13.8,161.0,0.18,432.7857142857143,503.0,866.0,703.1818181818181,1335.7142857142858,2735.4666666666667,3320.767857142857,3513.6,3526.12,3658.4545454545455,1513.9,801.2307692307693,0.6664841348206085,0.44911209832317966,1.7737204835093214,0.9996076749133975
Point_830,14.41102,80.091483,188.0,13.8,161.0,0.18,439.76,525.4,826.0625,680.6,1363.0,2875.3571428571427,3534.9166666666665,3593.539285714286,3897.0434782608695,3640.214285714286,1631.1875,815.75,0.6815265228838889,0.45001949084578746,1.9483817612148233,1.0221702081796376
Point_831,14.414483,80.09593,25.0,43.78,261.0,0.21,439.36,545.0,937.2,612.5714285714286,1442.8181818181818,3174.25,3738.6,3780.0,4099.466666666666,4150.55,2009.25,1004.25,0.7210875504097828,0.4474943865206871,2.350471748118308,1.0815082191112628
Point_832,14.413885,80.097779,3.0,25.3,174.0,0.24,480.8,537.3333333333334,921.0,613.4,1266.45,3031.6666666666665,3891.25,3875.5,4058.5,4053.8,2008.75,1011.75,0.7267036467731516,0.5074047783428466,2.31229975332445,1.0899340669131732
Point_833,14.413494,80.097534,75.0,67.6,168.0,0.18,484.7,538.3,876.8,572.0952380952381,1383.625,3108.3333333333335,3992.5,4100.375,4291.5,4328.333333333333,2042.375,974.5,0.7551208637217746,0.49539569657184535,2.5225808373549863,1.1325601005784278
Point_834,14.413435,80.097886,75.0,67.6,168.0,0.18,482.3636363636364,536.6666666666666,925.6,604.5,1319.6,3063.537878787879,4011.0,4006.6666666666665,4346.5,4237.5,2010.5,1004.7,0.7378103878266528,0.5044934538263199,2.356288669313879,1.1065955908926637
Point_835,14.412897,80.097688,75.0,67.6,168.0,0.18,481.84615384615387,546.3333333333334,924.5,630.8666666666667,1346.125,3157.777777777778,3870.5,3872.0,4205.25,3988.0,2007.5,1011.5,0.7197933168500066,0.48405797101449277,2.275629323822095,1.0795700994071102
Point_836,14.411008,80.100217,25.0,22.3,270.0,0.18,419.76190476190476,542.8461538461538,726.4166666666666,607.8888888888889,1218.5267857142858,2394.4,2975.1428571428573,2866.0,3228.1666666666665,2496.4242424242425,1724.5,974.0,0.650023988485527,0.40334494072796506,2.3108094161029555,0.9748956651049746
Point_837,14.409095,80.09881,151.0,17.7,62.0,0.12,436.27272727272725,571.0666666666667,967.6153846153846,816.875,1570.857142857143,2938.9,3488.7272727272725,3615.777777777778,3840.328205128205,3773.04,1753.5,894.0,0.6314283834297872,0.39426731709705654,1.65223401394455,0.9470357502028592
Point_838,14.409208,80.098669,151.0,17.7,62.0,0.12,577.2173913043479,554.0,976.6153846153846,800.2,1535.75,2907.3333333333335,3422.8888888888887,3494.0,3742.4615384615386,3571.9271739130436,1660.0,881.5,0.6273112570443855,0.38933346587802575,1.6262194532985605,0.9408573357859689
Point_839,14.409288,80.098493,151.0,17.7,62.0,0.12,547.0,616.3214285714286,998.3333333333334,919.2,1565.375,2911.2727272727275,3414.5,3480.3125,3742.625,3257.8333333333335,1743.25,928.5,0.5821355206968954,0.3795196392959334,1.4637933828863636,0.8731040536816658
Point_840,14.409424,80.098353,151.0,17.7,62.0,0.12,547.0,641.8333333333333,994.4285714285714,938.75,1558.857142857143,2845.1,3398.75,3491.4,3741.0,3257.8333333333335,1851.0,1047.3333333333333,0.5761994514858414,0.3826622689650881,1.4802604873409644,0.864201640842766
Point_841,14.40964,80.098529,151.0,17.7,62.0,0.12,547.0,662.9285714285714,996.4375,869.4615384615385,1429.25,2333.6666666666665,2717.230769230769,3166.9,2889.5714285714284,3257.8333333333335,1795.625,1090.0,0.569185500269664,0.37806642516018846,1.6830040235880057,0.8536725026296133
Point_842,14.406405,80.109845,25.0,23.8,236.0,0.1,698.8333333333334,840.0,1052.6,1106.4,1762.2,3048.3333333333335,3750.8571428571427,3942.5,4072.1,4031.529411764706,2086.6666666666665,1162.6666666666667,0.561726316623423,0.38219362981401306,1.6558653868609725,0.8425060403216224
Point_843,14.406768,80.110803,25.0,23.8,236.0,0.1,642.5,726.0,1052.5,1076.6,1695.0,3040.5,3747.1666666666665,3932.2727272727275,4124.75,4153.434782608696,2010.0,1108.0,0.5701228365663841,0.3975767366720517,1.442879033413809,0.8550988964323242
Point_844,14.408048,80.110094,38.0,14.6,137.0,0.15,691.375,858.8,1120.75,1158.0,1892.0,3205.025,3888.4,4079.285714285714,4235.714285714285,4133.133333333333,2187.5,1204.5,0.5577862033223316,0.36630062920165557,1.5920556818535705,0.8365994354211841
Point_845,14.408689,80.110975,38.0,14.6,137.0,0.15,678.5,754.875,1062.0,1106.5,1901.0,3209.75,3935.8571428571427,4063.8333333333335,4269.0,4159.733333333334,2171.6666666666665,1211.5416666666665,0.5719811746502482,0.36259744614266953,1.4662705708820019,0.8578887993553586
Point_846,14.411061,80.100205,25.0,22.3,270.0,0.18,419.76190476190476,539.6428571428571,735.2142857142857,675.8,1120.3636363636363,1993.1794871794873,2337.0,2817.7333333333336,2468.25,2496.4242424242425,1456.857142857143,820.1428571428571,0.6131137530294066,0.4310126718642754,1.8947034099994189,0.9195390236689213
Point_847,15.081372,79.78523,38.0,28.4,646.1,0.51,547.0,726.0,1036.0,1358.0,1747.0,2322.0,2549.0,2460.0,2720.0,2785.0,2998.0,2408.0,0.2886327920377161,0.16947943903018778,0.5335011618900077,0.43289249705381694
Point_848,15.075071,79.783124,50.0,43.78,561.9,0.31,244.0,281.0,443.0,279.0,722.0,2507.0,3247.0,3340.0,3560.0,3377.0,1292.0,624.0,0.8458137607073777,0.6445100935499753,2.631986242476354,1.2685453791960215
Point_849,15.07253,79.781124,163.0,6.1,512.7,0.47,389.0,434.0,618.0,576.0,927.0,2329.0,2902.0,2971.0,3162.0,3098.0,1965.0,1159.0,0.6752184945023963,0.5243714725500257,1.8870154427986132,1.0126849894291754
Point_850,15.074461,79.782948,50.0,43.78,561.9,0.31,272.0,298.0,511.0,307.0,906.0,2700.0,3330.0,3396.0,3637.0,3574.0,1472.0,764.0,0.8341884958142047,0.5788005578800558,2.570739014647137,1.2511138112596192
Point_851,14.945627,79.686482,13.0,46.08,192.4,0.3,530.0,639.5,971.5,1073.5,1824.0,2443.5,2687.0,2800.0,3033.0,3271.0,2874.5,2055.0,0.4457209242287337,0.21107266435986158,0.9708710566271157,0.6684950955085183
Point_852,14.395876,80.090111,100.0,22.3,43.0,0.36,957.7272727272727,1082.974358974359,1348.3170731707316,1564.304347826087,2071.375,2519.846153846154,2653.809523809524,2456.2083333333335,2847.1666666666665,2909.684210526316,3424.825,2892.6666666666665,0.22183837143128785,0.08499751523071546,0.5992807660393179,0.332716179814462
Point_853,14.858843,79.517073,88.0,0.8,310.4,0.36,352.0,466.0,691.5,1255.0,1706.0,2020.0,2181.0,2095.0,2391.0,2146.0,3223.5,2547.5,0.2507462686567164,0.10234148908182057,0.3425216114826293,0.37606327413818835
Point_854,14.858095,79.515823,75.0,5.4,93.1,0.05,414.0,474.5,715.0,1232.0,1546.5,1836.0,2026.0,2053.5,2226.0,2328.0,3050.5,2396.0,0.2500380459595191,0.14083333333333334,0.34881745998046787,0.375
Point_855,14.85775,79.517668,88.0,11.5,149.0,0.3,322.5,444.5,649.0,1120.0,1466.0,1817.5,1960.5,1835.0,2072.5,1965.0,2727.5,2106.5,0.24196277495769883,0.11178430778551954,0.34228541337546076,0.3628827609541533
Point_856,14.849812,79.513199,63.0,1.5,124.1,0.45,378.0,502.0,848.5,964.0,1513.0,2436.5,2738.0,2798.0,2977.0,2814.0,2616.0,1833.5,0.4875066454013822,0.2980746926467177,0.9516396845163968,0.7311627906976744
Point_857,14.391189,80.035932,75.0,60.7,25.0,0.34,843.0,1438.0,1697.0,2048.0,2112.0,2427.0,2616.0,2932.0,2842.0,2945.0,3442.0,2864.0,0.17751004016064256,0.1625693893735131,0.4981965734896303,0.2662383294849915
Point_858,14.390564,80.0349,75.0,60.7,25.0,0.34,962.0,1314.0,1573.0,1841.0,2076.0,2310.0,2490.0,2583.0,2684.0,2845.0,3360.0,2916.0,0.16772151898734178,0.10882163554410818,0.4913907284768212,0.2515538478924172
Point_859,14.390427,80.035051,75.0,60.7,25.0,0.34,902.0,1245.0,1528.0,1828.0,2192.0,2375.0,2558.0,2644.0,2803.0,2904.0,3435.0,2964.0,0.18246869409660108,0.0934656741108354,0.47713717693836977,0.273672442705422
Point_860,14.390169,80.036942,113.0,16.9,12.0,0.25,801.0,1136.0,1438.0,1582.0,2010.0,2522.0,2780.0,2894.0,3026.0,3184.0,3285.0,2691.0,0.2931188561215371,0.1802610114192496,0.8482027411430049,0.4396291745783536
Point_861,14.391051,80.038095,138.0,13.1,25.0,0.2,529.0,672.0,1151.0,1155.0,2244.0,3208.0,3949.0,4072.0,4383.0,4312.0,3141.0,1875.0,0.558063898986034,0.2894236858771374,1.2229582424953882,0.837015781922525
Point_862,14.391096,80.03992,151.0,16.9,31.0,0.27,542.0,630.0,1022.0,1044.0,1702.0,2787.0,3238.0,3347.0,3579.0,3773.0,2381.0,1513.0,0.524481894784787,0.32580709051297285,1.1781256394516062,0.7866332688147557
Point_863,14.389194,80.037035,113.0,16.9,12.0,0.25,739.0,1134.0,1349.0,1523.0,1908.0,2403.0,2649.0,2554.0,2929.0,3127.0,3101.0,2568.0,0.25288202109394164,0.14477812640071716,0.8085006273525721,0.37927651747394237
Point_864,14.389133,80.037049,113.0,16.9,12.0,0.25,739.0,1134.0,1349.0,1523.0,1908.0,2403.0,2649.0,2554.0,2929.0,3127.0,3101.0,2568.0,0.25288202109394164,0.14477812640071716,0.8085006273525721,0.37927651747394237
Point_865,14.389058,80.037214,113.0,16.9,12.0,0.25,739.0,966.0,1345.0,1448.0,1975.0,2606.0,2868.0,2984.0,3107.0,3127.0,3153.0,2506.0,0.34657039711191334,0.2034684412179875,0.8672086720867209,0.5197969543147208
Point_866,14.389337,80.038625,125.0,24.6,99.0,0.23,657.0,941.0,1372.0,1452.0,2272.0,3065.0,3747.0,3835.0,4069.0,4001.0,3585.0,2352.0,0.450728201248345,0.2559358113640085,1.0850560058282488,0.6760283687943263
Point_867,14.389566,80.039031,125.0,24.6,99.0,0.23,660.0,856.0,1274.0,1350.0,2155.0,3133.0,3811.0,3964.0,4109.0,4099.0,3505.0,2196.0,0.49190816710575835,0.29563654191861416,1.157661647475642,0.7377928309342365
Point_868,14.389453,80.039055,125.0,24.6,99.0,0.23,666.0,792.0,1252.0,1282.0,2254.0,3193.0,3892.0,3997.0,4188.0,4095.0,3547.0,2152.0,0.5143019511271074,0.2788353863381859,1.1804347826086956,0.771379865517568
Point_869,14.389325,80.039722,125.0,24.6,99.0,0.23,669.0,905.0,1315.0,1518.0,2260.0,3044.0,3711.0,3888.0,4060.0,4014.0,2863.0,1730.0,0.4384017758046615,0.2648015614834092,0.9541831065303165,0.6575418477758254
Point_870,14.389397,80.039746,125.0,24.6,99.0,0.23,669.0,880.0,1312.0,1532.0,2260.0,3044.0,3711.0,3889.0,4060.0,4014.0,2863.0,1730.0,0.43479062903523336,0.2649211253862417,0.9090558469608145,0.6521257954440653
Point_871,14.385525,80.038929,63.0,22.3,428.0,0.36,681.0,822.0,1168.0,1015.0,1802.0,2959.0,3640.0,3664.0,3951.0,3826.0,2794.0,1680.0,0.5661466125240436,0.340651298938895,1.8447075208913648,0.8491291804679987
Point_872,14.385509,80.038873,63.0,22.3,428.0,0.36,681.0,609.0,998.0,852.0,1606.0,2733.0,3125.0,3432.0,3513.0,3826.0,2748.0,1547.0,0.6022408963585434,0.3624454148471616,1.6216216216216217,0.9032559225113783
Point_873,14.385144,80.038909,63.0,22.3,428.0,0.36,668.0,816.0,1178.0,1108.0,1917.0,2885.0,3494.0,3599.0,3902.0,3607.0,3113.0,1858.0,0.5292118121946038,0.3049311094996374,1.5085998062015504,0.7937334041423261
Point_874,14.384898,80.038859,63.0,22.3,428.0,0.36,668.0,688.0,1044.0,1060.0,1547.0,2649.0,3141.0,3240.0,3455.0,3607.0,2647.0,1679.0,0.5069767441860465,0.3536661792354293,1.2272010808376492,0.7603767003836763
Point_875,14.384083,80.038939,75.0,39.94,478.0,0.2,625.0,520.0,827.0,608.0,1275.0,2704.0,3396.0,3540.0,3740.0,3592.0,2108.0,1148.0,0.7068466730954677,0.470404984423676,2.2286409242930985,1.0601422200795467
Point_876,14.395955,80.038608,201.0,33.8,478.0,0.11,467.0,615.0,877.0,892.0,1456.0,2483.0,2845.0,2522.0,3114.0,3532.0,2561.0,1671.0,0.4774458113649678,0.2679738562091503,1.2490421455938696,0.7160638453653536
Point_877,14.395817,80.038732,201.0,33.8,478.0,0.11,516.0,689.0,959.0,932.0,1747.0,2887.0,3397.0,3412.0,3665.0,3733.0,2559.0,1528.0,0.570902394106814,0.3227369645280093,1.6156351791530945,0.856255035101853
Point_878,14.395685,80.038677,201.0,33.8,478.0,0.11,516.0,773.0,1072.0,1064.0,1747.0,2887.0,3397.0,3712.0,3665.0,3733.0,2559.0,1528.0,0.5544388609715243,0.3599560359040117,1.539713920223282,0.8315712341672774
Point_879,14.393897,80.039378,113.0,33.0,25.0,0.24,562.0,764.0,1182.0,1128.0,2085.0,3034.0,3678.0,3760.0,4013.0,3962.0,3012.0,1855.0,0.5384615384615384,0.2865697177074423,1.3711189831214838,0.8076096962258362
Point_880,14.395287,80.040551,201.0,22.3,50.0,0.39,624.0,820.0,1200.0,1311.0,2069.0,2986.0,3541.0,3632.0,3982.0,3840.0,3439.0,2158.0,0.46955290309528624,0.27416242764427295,1.0847822022808002,0.7042581167189239
Point_881,14.394827,80.041148,201.0,22.3,50.0,0.39,565.0,836.0,1255.0,1054.0,1777.0,2962.0,3458.0,3604.0,3823.0,3783.0,2351.0,1382.0,0.5474452554744526,0.33952796877903735,1.742279311287237,0.8210797466995814
Point_882,14.392498,80.041456,50.0,15.4,130.0,0.36,486.0,667.0,1071.0,1177.0,1884.0,2845.0,3418.0,3484.0,3684.0,2709.0,3086.0,2098.0,0.49495816348423083,0.29806259314456035,1.040220037875372,0.7423576102113054
Point_883,14.390691,80.044918,151.0,12.3,19.0,0.3,669.0,867.0,1267.0,1605.0,2136.0,3035.0,3823.0,3906.0,4110.0,4081.0,3389.0,2120.0,0.4175285792052259,0.2929493545183714,0.8177553486388514,0.6262360518914996
Point_884,14.391492,80.044168,151.0,12.3,19.0,0.3,569.0,792.0,1210.0,1283.0,1840.0,2915.0,3604.0,3777.0,3931.0,3826.0,2579.0,1513.0,0.49288537549407113,0.3448460032045576,1.126264450867052,0.7392550143266476
Point_885,14.392238,80.044591,75.0,9.2,31.0,0.3,586.0,856.0,1317.0,1279.0,1969.0,2971.0,3528.0,3784.0,3969.0,3895.0,2517.0,1387.0,0.49476594904206994,0.3154875717017208,1.2428061123238736,0.7420756393798755
Point_886,14.392398,80.043899,75.0,9.2,31.0,0.3,564.0,814.0,1184.0,1242.0,1894.0,2888.0,3422.0,3599.0,3797.0,3576.0,2503.0,1507.0,0.4868828754389589,0.3103950482432186,1.1911259349100465,0.730248889806878
Point_887,14.394,80.0441,125.0,34.6,31.0,0.39,692.0,884.0,1248.0,1216.0,2144.0,3082.0,3729.0,3906.0,4142.0,4070.0,2876.0,1957.0,0.5251854744240531,0.2912396694214876,1.4705882352941178,0.7877013177159591
Point_888,14.39403,80.04361,125.0,34.6,31.0,0.39,615.0,906.0,1304.0,1316.0,2245.0,3109.0,3790.0,3896.0,4159.0,3995.0,3023.0,1986.0,0.4950115118956255,0.26884872170656243,1.290516206482593,0.7424460431654676
Point_889,14.395297,80.043264,138.0,23.8,341.0,0.12,573.0,1088.0,1484.0,1914.0,2011.0,2772.0,3141.0,3532.0,3437.0,3586.0,3051.0,2163.0,0.2970987881013588,0.27440014432617715,0.5899081230858976,0.4456072707243184
Point_890,14.395886,80.044014,176.0,17.7,527.0,0.11,608.0,871.0,1274.0,1364.0,2238.0,2897.0,3359.0,3513.0,3684.0,3753.0,3338.0,2133.0,0.4406397375435719,0.22170057381324987,1.040073564998548,0.6608918503331624
Point_891,14.396046,80.044322,176.0,17.7,527.0,0.11,566.0,793.0,1212.0,1234.0,2199.0,2946.0,3540.0,3701.0,3823.0,3611.0,2839.0,1794.0,0.4998986828774063,0.25457627118644066,1.1955994959775127,0.7497720595684327
Point_892,14.396027,80.044611,176.0,17.7,527.0,0.11,636.0,874.0,1276.0,1534.0,2160.0,2927.0,3436.0,3516.0,3774.0,3775.0,3494.0,2219.0,0.3924752475247525,0.23890063424947147,0.8036003892312682,0.5886545886545886
Point_893,14.394638,80.047701,213.0,38.4,199.0,0.35,487.0,614.0,809.0,688.0,1376.0,2899.0,3416.0,3588.0,3900.0,3851.0,1877.0,960.0,0.6782039289055192,0.44560838033843675,2.3296915167095116,1.0171869519466854
Point_894,14.394927,80.047812,213.0,38.4,199.0,0.35,487.0,644.0,988.0,715.0,1430.0,2782.0,3338.0,3511.0,3727.0,3851.0,1786.0,914.0,0.661618551822054,0.4211698036834649,2.351951547779273,0.9923104223352657
Point_895,14.395122,80.047895,213.0,38.4,199.0,0.35,478.0,547.0,886.0,676.0,1517.0,2835.0,3426.0,3488.0,3892.0,3945.0,1826.0,958.0,0.675312199807877,0.3938061938061938,2.0421205519244734,1.0128466802737424
Point_896,14.395256,80.048005,213.0,38.4,199.0,0.35,478.0,732.0,933.0,798.0,1511.0,2939.0,3476.0,3596.0,3987.0,3945.0,1712.0,912.0,0.6367774237596723,0.4082631682005091,2.4162348877374784,0.9550574581863693
Point_897,14.395438,80.048323,213.0,38.4,199.0,0.35,477.0,593.0,902.0,672.0,1565.0,2995.0,3635.0,3892.0,4089.0,3973.0,1957.0,987.0,0.7055214723926381,0.4264247755176837,2.3148813803019412,1.0581662832730858
Point_898,14.395331,80.048613,213.0,38.4,199.0,0.35,477.0,491.0,836.0,609.0,1351.0,2987.0,3723.0,3812.0,4076.0,3973.0,2148.0,1070.0,0.72449672019905,0.4766608560914197,2.115867353679482,1.0866221870405972
Point_899,14.399733,80.054498,63.0,21.5,12.0,0.45,553.0,712.0,1104.0,1260.0,1666.0,2679.0,3103.0,3103.0,3350.0,3714.0,2591.0,1573.0,0.42241576896630756,0.30132103166282237,0.8654207362885048,0.6335510484702647
Point_900,14.399807,80.054115,63.0,21.5,12.0,0.45,581.0,826.0,1032.0,884.0,1540.0,2977.0,3758.0,4004.0,4203.0,4150.0,2114.0,1128.0,0.6382978723404256,0.4444444444444444,2.504816955684008,0.9573488800245474
Point_901,14.402703,80.054677,163.0,16.9,43.0,0.27,526.0,686.0,1012.0,874.0,1606.0,3052.0,3719.0,3828.0,4198.0,4219.0,2159.0,1066.0,0.6282433007230965,0.4089068825910931,1.880091649694501,0.9422647527910686
Point_902,14.405087,80.050199,163.0,26.1,12.0,0.35,567.0,829.0,1106.0,1159.0,1908.0,2910.0,3646.0,3811.0,3942.0,3830.0,2601.0,1589.0,0.5336016096579477,0.332750480853296,1.4576233923271409,0.8003218992053113
Point_903,14.405522,80.050045,163.0,26.1,12.0,0.35,640.0,791.0,1100.0,1168.0,1749.0,2867.0,3377.0,3374.0,3815.0,3787.0,2498.0,1591.0,0.4856891237340379,0.3171969549092329,1.2391866082462646,0.7284534947716016
Point_904,14.406091,80.050786,163.0,26.1,12.0,0.35,652.0,796.0,1050.0,1038.0,1908.0,2968.0,3537.0,3624.0,4024.0,3881.0,2656.0,1777.0,0.5546975546975547,0.31019522776572667,1.6649497810970897,0.8319571045576408
Point_905,14.407813,80.049023,176.0,32.3,37.0,0.45,610.0,793.0,1168.0,1492.0,2016.0,2853.0,3365.0,3476.0,3806.0,3835.0,3626.0,2449.0,0.3993558776167472,0.2658412235979607,0.7652549564144102,0.5989735332595351
Point_906,14.401397,80.045914,138.0,22.3,19.0,0.26,449.0,514.0,865.0,762.0,1525.0,2852.0,3658.0,3728.0,4000.0,3997.0,1813.0,942.0,0.6605790645879732,0.4193794022463354,1.6677912730544309,0.9907582674535129
Point_907,14.407988,80.03929,125.0,23.0,354.0,0.39,560.0,708.0,993.0,1024.0,1569.0,2885.0,3729.0,3789.0,4095.0,4049.0,1659.0,846.0,0.5744857677124454,0.4143337066069429,1.4949178200692042,0.8616391399189779
Point_908,14.408214,80.038581,125.0,23.0,354.0,0.39,498.0,572.0,916.0,813.0,1435.0,2832.0,3701.0,3944.0,3981.0,3905.0,1642.0,832.0,0.6581879335715787,0.46644357687302473,1.7267813809838959,0.9871781397792959
Point_909,14.408822,80.041498,176.0,20.7,515.0,0.26,547.0,812.0,1154.0,1094.0,1612.0,2405.0,2716.0,2881.0,3051.0,3108.0,2031.0,1153.0,0.44955974842767293,0.2824393501001558,1.3311978545887961,0.6742548107156333
Point_910,14.409049,80.041852,176.0,20.7,515.0,0.26,547.0,784.0,1092.0,1212.0,1762.0,2459.0,2778.0,2902.0,3176.0,3108.0,1989.0,1139.0,0.4107924161400097,0.2444253859348199,0.9837019790454016,0.6161137440758293
Point_911,14.409709,80.041907,176.0,20.7,515.0,0.26,493.0,740.0,974.0,1004.0,1500.0,2406.0,3001.0,3281.0,3235.0,2847.0,2174.0,1279.0,0.5313885647607934,0.3725162099979084,1.5155750798722045,0.7969898494924746
Point_912,14.409936,80.041907,176.0,20.7,515.0,0.26,493.0,686.0,995.0,1038.0,1504.0,2303.0,2704.0,2827.0,2898.0,2847.0,2361.0,1477.0,0.4628719275549806,0.3054721773262526,1.1435694195857837,0.6942180830422973
Point_913,14.410833,80.041988,188.0,46.08,602.0,0.27,520.0,695.0,1036.0,1000.0,1613.0,2477.0,2803.0,3118.0,2979.0,3270.0,2483.0,1619.0,0.5143273433705683,0.3181145635172268,1.3554332522718546,0.771397353405366
Point_914,14.411007,80.041634,63.0,30.0,341.0,0.23,472.0,702.0,927.0,947.0,1626.0,2618.0,2965.0,3105.0,3262.0,3117.0,2461.0,1569.0,0.5325765054294176,0.31261889663918835,1.5313653136531367,0.7987661937075878
Point_915,14.392788,80.056896,63.0,20.7,31.0,0.15,584.0,728.0,1068.0,1294.0,1821.0,3106.0,3766.0,3872.0,4200.0,3929.0,2675.0,1500.0,0.49903213317847467,0.36026699455471634,1.0433867573255626,0.7484757572824929
Point_916,14.399818,80.054014,63.0,21.5,12.0,0.45,581.0,809.0,1004.0,884.0,1540.0,2977.0,3758.0,3920.0,4203.0,4150.0,2114.0,1128.0,0.6319733555370525,0.4358974358974359,2.4038004750593824,0.9478613799562909
Point_917,14.399759,80.054582,63.0,21.5,12.0,0.45,553.0,818.0,1044.0,1102.0,1666.0,2679.0,3103.0,3176.0,3350.0,3714.0,2591.0,1573.0,0.4848059841047218,0.3118546055349029,1.418992884510126,0.7271239920532897
Point_918,15.105856,79.80481,13.0,48.38,119.4,0.19,529.0,657.0,1042.0,1186.0,1752.0,2565.0,2827.0,2954.0,3108.0,3163.0,2655.0,1894.0,0.4270531400966184,0.25541861453463666,0.8593370273160299,0.640502354788069
Point_919,15.106715,79.802074,151.0,31.5,147.5,0.25,458.0,596.0,904.0,1097.0,1436.0,2280.0,2542.0,2576.0,2780.0,2967.0,2790.0,1870.0,0.4026681187040566,0.28414755732801594,0.7885476647472809,0.6039199673336055
Point_920,15.106614,79.799653,63.0,6.9,295.0,0.37,575.0,604.0,952.0,1004.0,1682.0,2592.0,2915.0,3032.0,3065.0,2944.0,2788.0,2082.0,0.5024777006937562,0.28638099278744167,1.119946984758118,0.7536231884057971
Point_921,15.105496,79.790494,63.0,37.6,203.7,0.39,646.0,684.0,994.0,1100.0,1442.0,1913.0,2074.0,2107.0,2211.0,2448.0,2284.0,1706.0,0.31400062363579667,0.1873767258382643,0.7036053661263275,0.4709275136399065
Point_922,15.110272,79.799021,100.0,30.7,470.6,0.32,601.0,762.0,1111.0,1206.0,1750.0,2172.0,2379.0,2437.0,2608.0,2558.0,2566.0,2064.0,0.3379083173208894,0.16407929304991642,0.7773427633240717,0.5067929188966653
Point_923,15.109005,79.797442,113.0,129.8,133.4,0.38,481.0,718.0,1168.0,1484.0,1651.0,2212.0,2509.0,2540.0,2666.0,2590.0,2848.0,2180.0,0.2624254473161034,0.21212121212121213,0.4356435643564356,0.3935892657472978
Point_924,15.109717,79.788493,176.0,63.7,119.4,0.17,490.0,615.0,971.0,1172.0,1552.0,2083.0,2324.0,2279.0,2417.0,2449.0,2338.0,1708.0,0.3207765864966676,0.18976768467762986,0.5888924353654644,0.4810951760104303
Point_925,15.114391,79.775228,13.0,26.9,161.5,0.38,551.0,661.0,951.0,1040.0,1473.0,1921.0,2020.0,1996.0,2221.0,2158.0,2267.0,1719.0,0.31488801054018445,0.15076390890746613,0.7287696295166946,0.4722542400790384
Point_926,15.0849,79.788388,38.0,38.4,84.3,0.16,617.0,450.5,676.0,670.0,1504.0,2367.0,2681.0,2917.5,2982.5,2848.0,2905.0,2109.5,0.6264808362369338,0.31968788872554565,1.5784114052953158,0.9395903010033444
Point_927,14.132998,79.675209,125.0,46.08,384.9,0.25,440.90723981900453,496.6,751.3,717.3333333333334,1260.5,2247.0,2509.5,2641.8333333333335,2801.0,2808.333333333333,2507.5,1572.3333333333333,0.5729099479037459,0.35397625352353296,1.4930950656873898,0.8592370274828851
Point_928,14.132485,79.674184,125.0,46.08,384.9,0.25,413.53846153846155,492.0769230769231,702.8333333333333,783.6666666666666,1281.25,2289.2,2638.0,2736.25,2862.0,2942.45,2531.5,1739.8,0.554724306920145,0.3621655258245177,1.302182994666489,0.8319682802698545
Point_929,14.128248,79.674913,201.0,26.9,223.5,0.31,693.3333333333334,939.0,1361.5,1922.0,2574.25,2984.3333333333335,3221.25,3202.0,3566.25,3493.25,4456.666666666667,3528.833333333333,0.2498048399687744,0.10867777537329583,0.41598960025999354,0.37467069958044685
Point_930,14.12769,79.674867,201.0,26.9,223.5,0.31,663.0,997.5,1328.0,1703.0,1941.5,2669.0,3040.25,2866.0,3337.0,3345.0,3531.5,2734.0,0.25454147515867803,0.19230369214768592,0.5188489850546509,0.3817704344020133
Point_931,14.127094,79.672796,113.0,79.1,589.7,0.18,631.5,876.5,1269.5,1401.0,1942.5,2593.5,2861.5,3076.25,3212.5,2962.5,3480.5,2438.0,0.3741694120274722,0.22590286425902864,0.8530654852836338,0.5611914465970633
Point_932,14.126829,79.673501,113.0,79.1,589.7,0.18,592.5,906.3333333333334,1270.4,1468.5,1961.5,2622.5,2917.0,3084.5,3274.6666666666665,3145.0,3576.5,2582.5,0.3549308148473534,0.22255251684502575,0.7923122180819768,0.5323377621609751
Point_933,14.125196,79.669676,50.0,75.3,397.3,0.25,537.3333333333334,589.3333333333333,881.0,819.0,1488.5,2771.5,3379.0,3264.75,3712.833333333333,3690.3333333333335,2041.5,1211.5,0.5988980716253444,0.37369168463682745,1.6262716935966484,0.8982371304401052
Point_934,14.124534,79.672067,113.0,23.8,463.5,0.33,562.875,763.25,1095.0,1188.5,1776.75,2706.0,3017.25,3130.0,3355.3333333333335,3238.3333333333335,3182.5,2252.416666666667,0.4495773995600324,0.2757935497019412,1.0696675022726647,0.6742880296364899
Point_935,14.124579,79.681561,138.0,55.3,403.5,0.1,470.5,485.6666666666667,712.2,724.75,1430.0,2347.3333333333335,2695.3333333333335,2808.25,2935.5,2952.75,2584.5,1746.75,0.5897254457967733,0.32519318114787943,1.481758054192447,0.884462997028442
Point_936,14.124512,79.681811,138.0,55.3,403.5,0.1,470.5,679.5,972.0,1120.75,1447.5,2395.75,2768.833333333333,2638.0,2994.5,2952.75,2725.0,1874.0,0.4036581310276023,0.291396401909191,0.888892143652235,0.6054066635632107
Point_937,15.112367,79.707937,63.0,75.3,182.6,0.21,589.0,762.0,1119.0,1627.5,1957.5,2329.0,2488.5,2472.0,2636.5,2660.5,3274.5,2750.5,0.20600073179656056,0.11615306467998646,0.3236624252644488,0.30896341463414634
Point_938,15.114702,79.70055,213.0,24.6,147.5,0.38,488.0,682.0,1009.0,1247.0,1731.0,2385.0,2652.5,2691.0,2884.5,2817.5,2966.0,2280.5,0.36668359573387505,0.21709633649932158,0.7135797588456216,0.5499555668401676
Point_939,14.865904,79.580472,13.0,6.1,161.0,0.45,531.0,709.5,1024.5,1424.0,1776.0,2179.5,2365.5,2428.5,2725.0,2433.5,3312.0,2501.0,0.2607397793640493,0.15519086692829112,0.4442920960679375,0.3910589151310667
Point_940,14.864243,79.579885,75.0,1.5,62.0,0.44,543.0,732.5,1014.0,1440.0,1699.0,1859.0,2050.0,2173.0,2263.5,2222.0,2516.5,2066.5,0.20287849432604485,0.12241735537190082,0.3444387011888539,0.30427563304275634
Point_941,14.864338,79.577831,63.0,13.8,199.0,0.09,555.0,728.0,990.0,1467.0,1807.5,2053.5,2279.5,2412.0,2670.0,2609.5,3078.5,2350.5,0.24361948955916474,0.1432634198364735,0.4105125977410947,0.36538213687330845
Point_942,14.864054,79.576559,151.0,9.2,111.7,0.3,598.5,753.0,1023.0,1369.0,1698.0,1958.0,2101.0,2216.5,2322.5,2249.0,2538.0,2093.0,0.23636870729326453,0.13245625239494188,0.4428825250836121,0.3545036252091467
Point_943,14.863865,79.574798,88.0,16.9,192.4,0.26,637.5,795.5,1088.0,1509.5,1753.5,1937.5,2115.5,2129.5,2337.0,2338.5,2561.5,2105.5,0.17037647705413575,0.09683234612413083,0.29686377783097917,0.2555296057150708
Point_944,14.863582,79.572939,100.0,7.7,142.8,0.23,641.0,834.0,1128.5,1516.0,1764.0,1970.0,2134.0,2301.0,2380.0,2322.5,2717.5,2231.0,0.20565889441970134,0.13210332103321032,0.38158662259381687,0.30844793713163066
Point_945,14.863109,79.572156,100.0,7.7,142.8,0.23,617.0,857.5,1126.0,1471.0,1673.0,1950.5,2096.0,2251.0,2339.0,2316.5,2493.5,2129.0,0.20956475013433637,0.1472986748216106,0.4196481411739388,0.3143049026192075
Point_946,14.862069,79.571863,113.0,3.8,24.8,0.21,584.0,725.0,980.5,1277.0,1530.0,2183.0,2386.5,2385.0,2653.5,2529.0,2475.0,2098.5,0.3025669033315128,0.21839080459770116,0.6008025159960959,0.45378839590443687
Point_947,14.861029,79.572352,100.0,7.7,242.0,0.16,562.0,755.0,998.5,1338.0,1506.5,1947.5,2163.0,2387.5,2432.0,2484.0,2467.0,2104.5,0.2817071534022279,0.22624550590652284,0.5519036600757257,0.4225040257648953
Point_948,14.860934,79.573917,100.0,7.7,242.0,0.16,582.0,771.0,1027.5,1490.0,1679.5,1934.0,2085.5,2190.0,2315.0,2300.0,2547.5,2110.5,0.19021739130434784,0.1319291898178059,0.32719454052538094,0.2852873250916995
Point_949,14.860178,79.572645,100.0,7.7,242.0,0.16,575.5,733.5,983.5,1248.0,1502.0,2053.5,2201.5,2273.5,2569.5,2598.5,2523.5,2183.5,0.2912111316200483,0.2043437955237717,0.6016427104722792,0.4367546848381601
Point_950,14.859421,79.574798,38.0,19.2,621.0,0.21,590.5,771.5,1019.5,1406.0,1631.0,1790.0,1941.0,2007.5,2170.5,2267.5,2510.5,2125.5,0.1762120990186026,0.1034767074343823,0.3228143616164869,0.26427943760984185
Point_951,14.858571,79.576755,50.0,2.3,254.0,0.05,587.5,731.0,1004.5,1380.5,1703.5,1893.0,2037.0,2116.0,2290.0,2235.0,2501.5,2084.5,0.21035321035321036,0.10799842911375834,0.3739196746314184,0.31548470117243355
Point_952,14.858571,79.577342,50.0,2.3,254.0,0.05,591.0,763.5,1027.0,1480.5,1663.5,1856.0,1995.5,2092.5,2224.5,2196.0,2482.5,2091.0,0.1712846347607053,0.11421725239616613,0.29141469453835533,0.25689100321813346
Point_953,14.85753,79.576265,151.0,16.1,80.7,0.21,573.5,575.0,831.0,1014.0,1517.0,2076.5,2310.5,2428.5,2579.0,2371.5,2676.0,2046.5,0.41089324618736384,0.23102268407046,0.841763865746251,0.6162503630554749
Point_954,14.857814,79.579005,100.0,4.6,304.2,0.09,555.0,755.0,1012.0,1371.0,1627.5,1891.5,2043.5,2149.0,2276.0,2211.0,2459.0,2082.5,0.22102272727272726,0.1380908248378128,0.4126445316643683,0.3314870046868343
Point_955,14.858476,79.579885,100.0,4.6,304.2,0.09,531.5,699.0,927.0,1285.0,1497.0,1687.0,1827.5,1904.5,2043.5,2036.0,2364.5,2029.5,0.19423107070073678,0.11980008819638395,0.3541619025840384,0.29130094043887145
Point_956,14.858381,79.58057,100.0,4.6,304.2,0.09,580.0,760.5,1020.5,1395.5,1681.0,1870.5,2027.5,2069.5,2252.0,2173.0,2469.5,2088.5,0.1945165945165945,0.10358618850819891,0.3555039822775463,0.2917327946905208
Point_957,14.858003,79.581744,100.0,6.1,155.2,0.11,577.0,757.0,1004.0,1360.0,1649.5,2070.5,2268.5,2464.0,2542.0,2460.5,2485.5,2058.0,0.28870292887029286,0.1980065637534946,0.5578575037897928,0.43299777748725327
Point_958,14.861218,79.582038,125.0,0.8,279.3,0.21,484.0,706.5,976.5,1400.0,1679.0,2082.5,2315.5,2451.0,2668.5,2675.0,2999.0,2382.0,0.27291612568164114,0.18692493946731234,0.47314635573763114,0.4093210437491886
Point_959,14.85876,79.582821,25.0,5.4,99.3,0.25,536.5,748.5,1063.5,1515.0,1804.5,2108.0,2367.0,2545.0,2738.5,2605.5,3145.0,2509.0,0.2536945812807882,0.1702494539602253,0.4275810535929262,0.3804950129294422
Point_960,14.85876,79.582821,25.0,5.4,99.3,0.25,536.5,748.5,1063.5,1515.0,1804.5,2108.0,2367.0,2545.0,2738.5,2605.5,3145.0,2509.0,0.2536945812807882,0.1702494539602253,0.4275810535929262,0.3804950129294422
Point_961,14.853465,79.584973,63.0,15.4,428.3,0.05,415.0,443.0,701.0,543.0,1201.0,2226.5,2536.5,2660.0,2840.0,2821.0,2278.0,1282.5,0.6609428660630658,0.3778813778813779,2.038320816483728,0.9912595598564071
Point_962,14.852046,79.582821,50.0,34.6,105.5,0.22,519.5,758.5,1023.0,1424.5,1576.5,1874.0,2092.5,2146.0,2302.0,2364.0,2576.0,2117.0,0.20207253886010362,0.15298858294157153,0.36037160980969984,0.3030663679641557
Point_963,14.851857,79.585756,63.0,154.0,428.3,0.05,570.5,665.5,898.5,1208.0,1633.0,2217.5,2461.0,2622.0,2815.5,2827.0,2807.0,2205.5,0.3691906005221932,0.23243243243243245,0.7244223577027511,0.5537136144106514
Point_964,14.850153,79.619755,88.0,544.0,347.6,0.27,444.5,573.5,899.5,1125.0,1408.0,2504.5,2887.0,3061.5,3262.5,2992.5,2482.0,1755.0,0.46255822285919024,0.36995189618525565,0.8784304831027444,0.6937544781466444
Point_965,14.84984,79.620375,75.0,37.6,192.4,0.23,458.5,651.0,937.0,1189.0,1608.0,2446.0,2601.0,2522.0,2825.0,2973.0,2548.0,2053.5,0.3592023713284829,0.22130750605326877,0.6979788459524559,0.538730971305402
Point_966,14.84958,79.62024,75.0,37.6,192.4,0.23,458.5,605.5,938.0,1268.0,1636.5,2571.0,2757.5,2882.0,3106.0,2973.0,2656.0,1938.5,0.3889156626506024,0.27564457231382095,0.6781797554519098,0.5833032164799422
Point_967,14.849006,79.619188,75.0,37.6,192.4,0.23,395.0,475.0,797.5,915.0,1332.0,2308.0,2715.5,3132.0,2907.0,3275.0,2275.5,1429.5,0.5478131949592291,0.4032258064516129,1.0952475051872343,0.8216182828906732
Point_968,14.845277,79.619188,13.0,3.8,217.3,0.2,488.0,689.0,1020.0,1381.0,1766.0,2653.5,2955.5,3021.0,3303.5,3224.0,3218.5,2345.0,0.372557928214448,0.2621683726759975,0.6676980701897239,0.5587734241908007
Point_969,14.844402,79.618837,13.0,3.8,217.3,0.2,451.0,389.5,585.0,605.0,1067.0,1972.0,2370.0,2285.0,2522.0,2686.0,2048.0,1344.5,0.5813148788927336,0.36336515513126494,1.4024542950162786,0.8718214841722887
Point_970,14.836419,79.558784,100.0,23.0,167.6,0.41,411.5,577.0,824.5,1093.0,1543.5,2105.5,2331.5,2363.0,2576.5,2584.0,3145.0,2255.5,0.36747685185185186,0.20977857417125303,0.6910436391337469,0.5511355417329669
Point_971,14.836246,79.561046,50.0,24.6,31.0,0.13,445.0,619.0,975.5,1601.0,1707.0,2324.5,2586.5,2750.5,2813.5,2611.5,3223.0,2380.0,0.2641617832931173,0.23409983174425125,0.3724886584575502,0.39619715073529416
Point_972,14.836419,79.562772,100.0,23.8,130.4,0.21,388.5,517.0,798.0,1195.5,1531.0,2064.5,2349.5,2288.0,2539.5,2585.0,3066.0,2236.5,0.3136213578297689,0.1982194291699398,0.4890769093025338,0.47036452353616537
Point_973,14.835901,79.568842,63.0,13.1,484.2,0.42,451.0,649.0,960.5,1143.5,1533.5,2368.0,2638.5,2917.0,2953.5,2642.0,2965.0,2102.5,0.4367688708287157,0.3108639478710257,0.902728290746208,0.6550726422063531
