<?xml version="1.0" encoding="UTF-8"?>
<kml xmlns="http://www.opengis.net/kml/2.2">
  <Document>
    <name>SPSR Nellore Soil Test Sampling Points (2025-01-01 to 2026-12-30)</name>
    <description>Bulk Soil Sampling Points filtered for observation period: 2025-01-01 to 2026-12-30</description>
    <Style id="soil_point">
      <IconStyle>
        <scale>0.8</scale>
        <Icon>
          <href>http://maps.google.com/mapfiles/kml/shapes/placemark_circle.png</href>
        </Icon>
      </IconStyle>
    </Style>
    <Placemark>
      <name>Point_1</name>
      <styleUrl>#soil_point</styleUrl>
      <TimeSpan>
        <begin>2025-01-01</begin>
        <end>2026-12-30</end>
      </TimeSpan>
      <description><![CDATA[
        <h3>Soil Health Card Record</h3>
        <p><b>Point ID:</b> Point_1</p>
        <p><b>Validity Period:</b> 2025-01-01 to 2026-12-30</p>
        <p><b>Nitrogen (N):</b> 38.0 kg/ha</p>
        <p><b>Phosphorus (P):</b> 90.2 mg/kg</p>
        <p><b>Potassium (K):</b> 310.4 mg/kg</p>
        <p><b>Organic Carbon (OC):</b> 0.26 %</p>
        <p><b>Coordinates:</b> 14.171091°N, 79.555352°E</p>
      ]]></description>
      <Point>
        <coordinates>79.555352,14.171091,0</coordinates>
      </Point>
    </Placemark>
    <Placemark>
      <name>Point_2</name>
      <styleUrl>#soil_point</styleUrl>
      <TimeSpan>
        <begin>2025-01-01</begin>
        <end>2026-12-30</end>
      </TimeSpan>
      <description><![CDATA[
        <h3>Soil Health Card Record</h3>
        <p><b>Point ID:</b> Point_2</p>
        <p><b>Validity Period:</b> 2025-01-01 to 2026-12-30</p>
        <p><b>Nitrogen (N):</b> 113.0 kg/ha</p>
        <p><b>Phosphorus (P):</b> 21.5 mg/kg</p>
        <p><b>Potassium (K):</b> 428.3 mg/kg</p>
        <p><b>Organic Carbon (OC):</b> 0.2 %</p>
        <p><b>Coordinates:</b> 15.298906°N, 79.883129°E</p>
      ]]></description>
      <Point>
        <coordinates>79.883129,15.298906,0</coordinates>
      </Point>
    </Placemark>
    <Placemark>
      <name>Point_3</name>
      <styleUrl>#soil_point</styleUrl>
      <TimeSpan>
        <begin>2025-01-01</begin>
        <end>2026-12-30</end>
      </TimeSpan>
      <description><![CDATA[
        <h3>Soil Health Card Record</h3>
        <p><b>Point ID:</b> Point_3</p>
        <p><b>Validity Period:</b> 2025-01-01 to 2026-12-30</p>
        <p><b>Nitrogen (N):</b> 113.0 kg/ha</p>
        <p><b>Phosphorus (P):</b> 0.8 mg/kg</p>
        <p><b>Potassium (K):</b> 347.6 mg/kg</p>
        <p><b>Organic Carbon (OC):</b> 0.14 %</p>
        <p><b>Coordinates:</b> 14.771594°N, 79.720251°E</p>
      ]]></description>
      <Point>
        <coordinates>79.720251,14.771594,0</coordinates>
      </Point>
    </Placemark>
    <Placemark>
      <name>Point_4</name>
      <styleUrl>#soil_point</styleUrl>
      <TimeSpan>
        <begin>2025-01-01</begin>
        <end>2026-12-30</end>
      </TimeSpan>
      <description><![CDATA[
        <h3>Soil Health Card Record</h3>
        <p><b>Point ID:</b> Point_4</p>
        <p><b>Validity Period:</b> 2025-01-01 to 2026-12-30</p>
        <p><b>Nitrogen (N):</b> 113.0 kg/ha</p>
        <p><b>Phosphorus (P):</b> 0.8 mg/kg</p>
        <p><b>Potassium (K):</b> 329.0 mg/kg</p>
        <p><b>Organic Carbon (OC):</b> 0.39 %</p>
        <p><b>Coordinates:</b> 14.764503°N, 79.702210°E</p>
      ]]></description>
      <Point>
        <coordinates>79.70221,14.764503,0</coordinates>
      </Point>
    </Placemark>
    <Placemark>
      <name>Point_5</name>
      <styleUrl>#soil_point</styleUrl>
      <TimeSpan>
        <begin>2025-01-01</begin>
        <end>2026-12-30</end>
      </TimeSpan>
      <description><![CDATA[
        <h3>Soil Health Card Record</h3>
        <p><b>Point ID:</b> Point_5</p>
        <p><b>Validity Period:</b> 2025-01-01 to 2026-12-30</p>
        <p><b>Nitrogen (N):</b> 201.0 kg/ha</p>
        <p><b>Phosphorus (P):</b> 0.8 mg/kg</p>
        <p><b>Potassium (K):</b> 521.0 mg/kg</p>
        <p><b>Organic Carbon (OC):</b> 0.48 %</p>
        <p><b>Coordinates:</b> 14.975100°N, 80.002703°E</p>
      ]]></description>
      <Point>
        <coordinates>80.002703,14.9751,0</coordinates>
      </Point>
    </Placemark>
    <Placemark>
      <name>Point_6</name>
      <styleUrl>#soil_point</styleUrl>
      <TimeSpan>
        <begin>2025-01-01</begin>
        <end>2026-12-30</end>
      </TimeSpan>
      <description><![CDATA[
        <h3>Soil Health Card Record</h3>
        <p><b>Point ID:</b> Point_6</p>
        <p><b>Validity Period:</b> 2025-01-01 to 2026-12-30</p>
        <p><b>Nitrogen (N):</b> 188.0 kg/ha</p>
        <p><b>Phosphorus (P):</b> 47.62 mg/kg</p>
        <p><b>Potassium (K):</b> 621.0 mg/kg</p>
        <p><b>Organic Carbon (OC):</b> 0.13 %</p>
        <p><b>Coordinates:</b> 14.949367°N, 80.033357°E</p>
      ]]></description>
      <Point>
        <coordinates>80.033357,14.949367,0</coordinates>
      </Point>
    </Placemark>
    <Placemark>
      <name>Point_7</name>
      <styleUrl>#soil_point</styleUrl>
      <TimeSpan>
        <begin>2025-01-01</begin>
        <end>2026-12-30</end>
      </TimeSpan>
      <description><![CDATA[
        <h3>Soil Health Card Record</h3>
        <p><b>Point ID:</b> Point_7</p>
        <p><b>Validity Period:</b> 2025-01-01 to 2026-12-30</p>
        <p><b>Nitrogen (N):</b> 151.0 kg/ha</p>
        <p><b>Phosphorus (P):</b> 16.1 mg/kg</p>
        <p><b>Potassium (K):</b> 323.0 mg/kg</p>
        <p><b>Organic Carbon (OC):</b> 0.25 %</p>
        <p><b>Coordinates:</b> 14.947189°N, 80.026144°E</p>
      ]]></description>
      <Point>
        <coordinates>80.026144,14.947189,0</coordinates>
      </Point>
    </Placemark>
    <Placemark>
      <name>Point_8</name>
      <styleUrl>#soil_point</styleUrl>
      <TimeSpan>
        <begin>2025-01-01</begin>
        <end>2026-12-30</end>
      </TimeSpan>
      <description><![CDATA[
        <h3>Soil Health Card Record</h3>
        <p><b>Point ID:</b> Point_8</p>
        <p><b>Validity Period:</b> 2025-01-01 to 2026-12-30</p>
        <p><b>Nitrogen (N):</b> 314.0 kg/ha</p>
        <p><b>Phosphorus (P):</b> 0.8 mg/kg</p>
        <p><b>Potassium (K):</b> 397.0 mg/kg</p>
        <p><b>Organic Carbon (OC):</b> 0.15 %</p>
        <p><b>Coordinates:</b> 14.961667°N, 80.034934°E</p>
      ]]></description>
      <Point>
        <coordinates>80.034934,14.961667,0</coordinates>
      </Point>
    </Placemark>
    <Placemark>
      <name>Point_9</name>
      <styleUrl>#soil_point</styleUrl>
      <TimeSpan>
        <begin>2025-01-01</begin>
        <end>2026-12-30</end>
      </TimeSpan>
      <description><![CDATA[
        <h3>Soil Health Card Record</h3>
        <p><b>Point ID:</b> Point_9</p>
        <p><b>Validity Period:</b> 2025-01-01 to 2026-12-30</p>
        <p><b>Nitrogen (N):</b> 376.0 kg/ha</p>
        <p><b>Phosphorus (P):</b> 18.4 mg/kg</p>
        <p><b>Potassium (K):</b> 416.0 mg/kg</p>
        <p><b>Organic Carbon (OC):</b> 0.14 %</p>
        <p><b>Coordinates:</b> 14.958184°N, 80.026031°E</p>
      ]]></description>
      <Point>
        <coordinates>80.026031,14.958184,0</coordinates>
      </Point>
    </Placemark>
    <Placemark>
      <name>Point_10</name>
      <styleUrl>#soil_point</styleUrl>
      <TimeSpan>
        <begin>2025-01-01</begin>
        <end>2026-12-30</end>
      </TimeSpan>
      <description><![CDATA[
        <h3>Soil Health Card Record</h3>
        <p><b>Point ID:</b> Point_10</p>
        <p><b>Validity Period:</b> 2025-01-01 to 2026-12-30</p>
        <p><b>Nitrogen (N):</b> 351.0 kg/ha</p>
        <p><b>Phosphorus (P):</b> 8.4 mg/kg</p>
        <p><b>Potassium (K):</b> 130.4 mg/kg</p>
        <p><b>Organic Carbon (OC):</b> 0.34 %</p>
        <p><b>Coordinates:</b> 14.678559°N, 79.666517°E</p>
      ]]></description>
      <Point>
        <coordinates>79.666517,14.678559,0</coordinates>
      </Point>
    </Placemark>
    <Placemark>
      <name>Point_11</name>
      <styleUrl>#soil_point</styleUrl>
      <TimeSpan>
        <begin>2025-01-01</begin>
        <end>2026-12-30</end>
      </TimeSpan>
      <description><![CDATA[
        <h3>Soil Health Card Record</h3>
        <p><b>Point ID:</b> Point_11</p>
        <p><b>Validity Period:</b> 2025-01-01 to 2026-12-30</p>
        <p><b>Nitrogen (N):</b> 326.0 kg/ha</p>
        <p><b>Phosphorus (P):</b> 10.8 mg/kg</p>
        <p><b>Potassium (K):</b> 142.8 mg/kg</p>
        <p><b>Organic Carbon (OC):</b> 0.23 %</p>
        <p><b>Coordinates:</b> 14.665916°N, 79.677545°E</p>
      ]]></description>
      <Point>
        <coordinates>79.677545,14.665916,0</coordinates>
      </Point>
    </Placemark>
    <Placemark>
      <name>Point_12</name>
      <styleUrl>#soil_point</styleUrl>
      <TimeSpan>
        <begin>2025-01-01</begin>
        <end>2026-12-30</end>
      </TimeSpan>
      <description><![CDATA[
        <h3>Soil Health Card Record</h3>
        <p><b>Point ID:</b> Point_12</p>
        <p><b>Validity Period:</b> 2025-01-01 to 2026-12-30</p>
        <p><b>Nitrogen (N):</b> 125.0 kg/ha</p>
        <p><b>Phosphorus (P):</b> 4.1 mg/kg</p>
        <p><b>Potassium (K):</b> 49.2 mg/kg</p>
        <p><b>Organic Carbon (OC):</b> 0.3 %</p>
        <p><b>Coordinates:</b> 15.183637°N, 79.968203°E</p>
      ]]></description>
      <Point>
        <coordinates>79.968203,15.183637,0</coordinates>
      </Point>
    </Placemark>
    <Placemark>
      <name>Point_13</name>
      <styleUrl>#soil_point</styleUrl>
      <TimeSpan>
        <begin>2025-01-01</begin>
        <end>2026-12-30</end>
      </TimeSpan>
      <description><![CDATA[
        <h3>Soil Health Card Record</h3>
        <p><b>Point ID:</b> Point_13</p>
        <p><b>Validity Period:</b> 2025-01-01 to 2026-12-30</p>
        <p><b>Nitrogen (N):</b> 125.0 kg/ha</p>
        <p><b>Phosphorus (P):</b> 4.1 mg/kg</p>
        <p><b>Potassium (K):</b> 49.2 mg/kg</p>
        <p><b>Organic Carbon (OC):</b> 0.3 %</p>
        <p><b>Coordinates:</b> 15.183172°N, 79.968268°E</p>
      ]]></description>
      <Point>
        <coordinates>79.968268,15.183172,0</coordinates>
      </Point>
    </Placemark>
    <Placemark>
      <name>Point_14</name>
      <styleUrl>#soil_point</styleUrl>
      <TimeSpan>
        <begin>2025-01-01</begin>
        <end>2026-12-30</end>
      </TimeSpan>
      <description><![CDATA[
        <h3>Soil Health Card Record</h3>
        <p><b>Point ID:</b> Point_14</p>
        <p><b>Validity Period:</b> 2025-01-01 to 2026-12-30</p>
        <p><b>Nitrogen (N):</b> 238.0 kg/ha</p>
        <p><b>Phosphorus (P):</b> 72.8 mg/kg</p>
        <p><b>Potassium (K):</b> 35.1 mg/kg</p>
        <p><b>Organic Carbon (OC):</b> 0.44 %</p>
        <p><b>Coordinates:</b> 15.180091°N, 79.977611°E</p>
      ]]></description>
      <Point>
        <coordinates>79.977611,15.180091,0</coordinates>
      </Point>
    </Placemark>
    <Placemark>
      <name>Point_15</name>
      <styleUrl>#soil_point</styleUrl>
      <TimeSpan>
        <begin>2025-01-01</begin>
        <end>2026-12-30</end>
      </TimeSpan>
      <description><![CDATA[
        <h3>Soil Health Card Record</h3>
        <p><b>Point ID:</b> Point_15</p>
        <p><b>Validity Period:</b> 2025-01-01 to 2026-12-30</p>
        <p><b>Nitrogen (N):</b> 238.0 kg/ha</p>
        <p><b>Phosphorus (P):</b> 72.8 mg/kg</p>
        <p><b>Potassium (K):</b> 35.1 mg/kg</p>
        <p><b>Organic Carbon (OC):</b> 0.44 %</p>
        <p><b>Coordinates:</b> 15.179881°N, 79.977198°E</p>
      ]]></description>
      <Point>
        <coordinates>79.977198,15.179881,0</coordinates>
      </Point>
    </Placemark>
    <Placemark>
      <name>Point_16</name>
      <styleUrl>#soil_point</styleUrl>
      <TimeSpan>
        <begin>2025-01-01</begin>
        <end>2026-12-30</end>
      </TimeSpan>
      <description><![CDATA[
        <h3>Soil Health Card Record</h3>
        <p><b>Point ID:</b> Point_16</p>
        <p><b>Validity Period:</b> 2025-01-01 to 2026-12-30</p>
        <p><b>Nitrogen (N):</b> 238.0 kg/ha</p>
        <p><b>Phosphorus (P):</b> 72.8 mg/kg</p>
        <p><b>Potassium (K):</b> 35.1 mg/kg</p>
        <p><b>Organic Carbon (OC):</b> 0.44 %</p>
        <p><b>Coordinates:</b> 15.179923°N, 79.977763°E</p>
      ]]></description>
      <Point>
        <coordinates>79.977763,15.179923,0</coordinates>
      </Point>
    </Placemark>
    <Placemark>
      <name>Point_17</name>
      <styleUrl>#soil_point</styleUrl>
      <TimeSpan>
        <begin>2025-01-01</begin>
        <end>2026-12-30</end>
      </TimeSpan>
      <description><![CDATA[
        <h3>Soil Health Card Record</h3>
        <p><b>Point ID:</b> Point_17</p>
        <p><b>Validity Period:</b> 2025-01-01 to 2026-12-30</p>
        <p><b>Nitrogen (N):</b> 238.0 kg/ha</p>
        <p><b>Phosphorus (P):</b> 72.8 mg/kg</p>
        <p><b>Potassium (K):</b> 35.1 mg/kg</p>
        <p><b>Organic Carbon (OC):</b> 0.44 %</p>
        <p><b>Coordinates:</b> 15.179525°N, 79.977394°E</p>
      ]]></description>
      <Point>
        <coordinates>79.977394,15.179525,0</coordinates>
      </Point>
    </Placemark>
    <Placemark>
      <name>Point_18</name>
      <styleUrl>#soil_point</styleUrl>
      <TimeSpan>
        <begin>2025-01-01</begin>
        <end>2026-12-30</end>
      </TimeSpan>
      <description><![CDATA[
        <h3>Soil Health Card Record</h3>
        <p><b>Point ID:</b> Point_18</p>
        <p><b>Validity Period:</b> 2025-01-01 to 2026-12-30</p>
        <p><b>Nitrogen (N):</b> 238.0 kg/ha</p>
        <p><b>Phosphorus (P):</b> 72.8 mg/kg</p>
        <p><b>Potassium (K):</b> 35.1 mg/kg</p>
        <p><b>Organic Carbon (OC):</b> 0.44 %</p>
        <p><b>Coordinates:</b> 15.179084°N, 79.977307°E</p>
      ]]></description>
      <Point>
        <coordinates>79.977307,15.179084,0</coordinates>
      </Point>
    </Placemark>
    <Placemark>
      <name>Point_19</name>
      <styleUrl>#soil_point</styleUrl>
      <TimeSpan>
        <begin>2025-01-01</begin>
        <end>2026-12-30</end>
      </TimeSpan>
      <description><![CDATA[
        <h3>Soil Health Card Record</h3>
        <p><b>Point ID:</b> Point_19</p>
        <p><b>Validity Period:</b> 2025-01-01 to 2026-12-30</p>
        <p><b>Nitrogen (N):</b> 276.0 kg/ha</p>
        <p><b>Phosphorus (P):</b> 112.8 mg/kg</p>
        <p><b>Potassium (K):</b> 49.2 mg/kg</p>
        <p><b>Organic Carbon (OC):</b> 0.32 %</p>
        <p><b>Coordinates:</b> 15.178665°N, 79.977220°E</p>
      ]]></description>
      <Point>
        <coordinates>79.97722,15.178665,0</coordinates>
      </Point>
    </Placemark>
    <Placemark>
      <name>Point_20</name>
      <styleUrl>#soil_point</styleUrl>
      <TimeSpan>
        <begin>2025-01-01</begin>
        <end>2026-12-30</end>
      </TimeSpan>
      <description><![CDATA[
        <h3>Soil Health Card Record</h3>
        <p><b>Point ID:</b> Point_20</p>
        <p><b>Validity Period:</b> 2025-01-01 to 2026-12-30</p>
        <p><b>Nitrogen (N):</b> 238.0 kg/ha</p>
        <p><b>Phosphorus (P):</b> 72.8 mg/kg</p>
        <p><b>Potassium (K):</b> 35.1 mg/kg</p>
        <p><b>Organic Carbon (OC):</b> 0.44 %</p>
        <p><b>Coordinates:</b> 15.178980°N, 79.978610°E</p>
      ]]></description>
      <Point>
        <coordinates>79.97861,15.17898,0</coordinates>
      </Point>
    </Placemark>
    <Placemark>
      <name>Point_21</name>
      <styleUrl>#soil_point</styleUrl>
      <TimeSpan>
        <begin>2025-01-01</begin>
        <end>2026-12-30</end>
      </TimeSpan>
      <description><![CDATA[
        <h3>Soil Health Card Record</h3>
        <p><b>Point ID:</b> Point_21</p>
        <p><b>Validity Period:</b> 2025-01-01 to 2026-12-30</p>
        <p><b>Nitrogen (N):</b> 289.0 kg/ha</p>
        <p><b>Phosphorus (P):</b> 7.6 mg/kg</p>
        <p><b>Potassium (K):</b> 28.1 mg/kg</p>
        <p><b>Organic Carbon (OC):</b> 0.11 %</p>
        <p><b>Coordinates:</b> 15.180049°N, 79.979501°E</p>
      ]]></description>
      <Point>
        <coordinates>79.979501,15.180049,0</coordinates>
      </Point>
    </Placemark>
    <Placemark>
      <name>Point_22</name>
      <styleUrl>#soil_point</styleUrl>
      <TimeSpan>
        <begin>2025-01-01</begin>
        <end>2026-12-30</end>
      </TimeSpan>
      <description><![CDATA[
        <h3>Soil Health Card Record</h3>
        <p><b>Point ID:</b> Point_22</p>
        <p><b>Validity Period:</b> 2025-01-01 to 2026-12-30</p>
        <p><b>Nitrogen (N):</b> 289.0 kg/ha</p>
        <p><b>Phosphorus (P):</b> 7.6 mg/kg</p>
        <p><b>Potassium (K):</b> 28.1 mg/kg</p>
        <p><b>Organic Carbon (OC):</b> 0.11 %</p>
        <p><b>Coordinates:</b> 15.179965°N, 79.979697°E</p>
      ]]></description>
      <Point>
        <coordinates>79.979697,15.179965,0</coordinates>
      </Point>
    </Placemark>
    <Placemark>
      <name>Point_23</name>
      <styleUrl>#soil_point</styleUrl>
      <TimeSpan>
        <begin>2025-01-01</begin>
        <end>2026-12-30</end>
      </TimeSpan>
      <description><![CDATA[
        <h3>Soil Health Card Record</h3>
        <p><b>Point ID:</b> Point_23</p>
        <p><b>Validity Period:</b> 2025-01-01 to 2026-12-30</p>
        <p><b>Nitrogen (N):</b> 289.0 kg/ha</p>
        <p><b>Phosphorus (P):</b> 7.6 mg/kg</p>
        <p><b>Potassium (K):</b> 28.1 mg/kg</p>
        <p><b>Organic Carbon (OC):</b> 0.11 %</p>
        <p><b>Coordinates:</b> 15.180070°N, 79.980110°E</p>
      ]]></description>
      <Point>
        <coordinates>79.98011,15.18007,0</coordinates>
      </Point>
    </Placemark>
    <Placemark>
      <name>Point_24</name>
      <styleUrl>#soil_point</styleUrl>
      <TimeSpan>
        <begin>2025-01-01</begin>
        <end>2026-12-30</end>
      </TimeSpan>
      <description><![CDATA[
        <h3>Soil Health Card Record</h3>
        <p><b>Point ID:</b> Point_24</p>
        <p><b>Validity Period:</b> 2025-01-01 to 2026-12-30</p>
        <p><b>Nitrogen (N):</b> 289.0 kg/ha</p>
        <p><b>Phosphorus (P):</b> 7.6 mg/kg</p>
        <p><b>Potassium (K):</b> 28.1 mg/kg</p>
        <p><b>Organic Carbon (OC):</b> 0.11 %</p>
        <p><b>Coordinates:</b> 15.179504°N, 79.980023°E</p>
      ]]></description>
      <Point>
        <coordinates>79.980023,15.179504,0</coordinates>
      </Point>
    </Placemark>
    <Placemark>
      <name>Point_25</name>
      <styleUrl>#soil_point</styleUrl>
      <TimeSpan>
        <begin>2025-01-01</begin>
        <end>2026-12-30</end>
      </TimeSpan>
      <description><![CDATA[
        <h3>Soil Health Card Record</h3>
        <p><b>Point ID:</b> Point_25</p>
        <p><b>Validity Period:</b> 2025-01-01 to 2026-12-30</p>
        <p><b>Nitrogen (N):</b> 188.0 kg/ha</p>
        <p><b>Phosphorus (P):</b> 48.8 mg/kg</p>
        <p><b>Potassium (K):</b> 35.1 mg/kg</p>
        <p><b>Organic Carbon (OC):</b> 0.18 %</p>
        <p><b>Coordinates:</b> 15.179105°N, 79.983391°E</p>
      ]]></description>
      <Point>
        <coordinates>79.983391,15.179105,0</coordinates>
      </Point>
    </Placemark>
    <Placemark>
      <name>Point_26</name>
      <styleUrl>#soil_point</styleUrl>
      <TimeSpan>
        <begin>2025-01-01</begin>
        <end>2026-12-30</end>
      </TimeSpan>
      <description><![CDATA[
        <h3>Soil Health Card Record</h3>
        <p><b>Point ID:</b> Point_26</p>
        <p><b>Validity Period:</b> 2025-01-01 to 2026-12-30</p>
        <p><b>Nitrogen (N):</b> 188.0 kg/ha</p>
        <p><b>Phosphorus (P):</b> 66.4 mg/kg</p>
        <p><b>Potassium (K):</b> 63.2 mg/kg</p>
        <p><b>Organic Carbon (OC):</b> 0.27 %</p>
        <p><b>Coordinates:</b> 15.178015°N, 79.981479°E</p>
      ]]></description>
      <Point>
        <coordinates>79.981479,15.178015,0</coordinates>
      </Point>
    </Placemark>
    <Placemark>
      <name>Point_27</name>
      <styleUrl>#soil_point</styleUrl>
      <TimeSpan>
        <begin>2025-01-01</begin>
        <end>2026-12-30</end>
      </TimeSpan>
      <description><![CDATA[
        <h3>Soil Health Card Record</h3>
        <p><b>Point ID:</b> Point_27</p>
        <p><b>Validity Period:</b> 2025-01-01 to 2026-12-30</p>
        <p><b>Nitrogen (N):</b> 163.0 kg/ha</p>
        <p><b>Phosphorus (P):</b> 8.8 mg/kg</p>
        <p><b>Potassium (K):</b> 35.1 mg/kg</p>
        <p><b>Organic Carbon (OC):</b> 0.48 %</p>
        <p><b>Coordinates:</b> 15.165909°N, 79.966458°E</p>
      ]]></description>
      <Point>
        <coordinates>79.966458,15.165909,0</coordinates>
      </Point>
    </Placemark>
    <Placemark>
      <name>Point_28</name>
      <styleUrl>#soil_point</styleUrl>
      <TimeSpan>
        <begin>2025-01-01</begin>
        <end>2026-12-30</end>
      </TimeSpan>
      <description><![CDATA[
        <h3>Soil Health Card Record</h3>
        <p><b>Point ID:</b> Point_28</p>
        <p><b>Validity Period:</b> 2025-01-01 to 2026-12-30</p>
        <p><b>Nitrogen (N):</b> 163.0 kg/ha</p>
        <p><b>Phosphorus (P):</b> 8.8 mg/kg</p>
        <p><b>Potassium (K):</b> 35.1 mg/kg</p>
        <p><b>Organic Carbon (OC):</b> 0.48 %</p>
        <p><b>Coordinates:</b> 15.165288°N, 79.966784°E</p>
      ]]></description>
      <Point>
        <coordinates>79.966784,15.165288,0</coordinates>
      </Point>
    </Placemark>
    <Placemark>
      <name>Point_29</name>
      <styleUrl>#soil_point</styleUrl>
      <TimeSpan>
        <begin>2025-01-01</begin>
        <end>2026-12-30</end>
      </TimeSpan>
      <description><![CDATA[
        <h3>Soil Health Card Record</h3>
        <p><b>Point ID:</b> Point_29</p>
        <p><b>Validity Period:</b> 2025-01-01 to 2026-12-30</p>
        <p><b>Nitrogen (N):</b> 163.0 kg/ha</p>
        <p><b>Phosphorus (P):</b> 8.8 mg/kg</p>
        <p><b>Potassium (K):</b> 35.1 mg/kg</p>
        <p><b>Organic Carbon (OC):</b> 0.48 %</p>
        <p><b>Coordinates:</b> 15.164869°N, 79.967110°E</p>
      ]]></description>
      <Point>
        <coordinates>79.96711,15.164869,0</coordinates>
      </Point>
    </Placemark>
    <Placemark>
      <name>Point_30</name>
      <styleUrl>#soil_point</styleUrl>
      <TimeSpan>
        <begin>2025-01-01</begin>
        <end>2026-12-30</end>
      </TimeSpan>
      <description><![CDATA[
        <h3>Soil Health Card Record</h3>
        <p><b>Point ID:</b> Point_30</p>
        <p><b>Validity Period:</b> 2025-01-01 to 2026-12-30</p>
        <p><b>Nitrogen (N):</b> 163.0 kg/ha</p>
        <p><b>Phosphorus (P):</b> 8.8 mg/kg</p>
        <p><b>Potassium (K):</b> 35.1 mg/kg</p>
        <p><b>Organic Carbon (OC):</b> 0.48 %</p>
        <p><b>Coordinates:</b> 15.164408°N, 79.967001°E</p>
      ]]></description>
      <Point>
        <coordinates>79.967001,15.164408,0</coordinates>
      </Point>
    </Placemark>
    <Placemark>
      <name>Point_31</name>
      <styleUrl>#soil_point</styleUrl>
      <TimeSpan>
        <begin>2025-01-01</begin>
        <end>2026-12-30</end>
      </TimeSpan>
      <description><![CDATA[
        <h3>Soil Health Card Record</h3>
        <p><b>Point ID:</b> Point_31</p>
        <p><b>Validity Period:</b> 2025-01-01 to 2026-12-30</p>
        <p><b>Nitrogen (N):</b> 163.0 kg/ha</p>
        <p><b>Phosphorus (P):</b> 8.8 mg/kg</p>
        <p><b>Potassium (K):</b> 35.1 mg/kg</p>
        <p><b>Organic Carbon (OC):</b> 0.48 %</p>
        <p><b>Coordinates:</b> 15.164869°N, 79.966067°E</p>
      ]]></description>
      <Point>
        <coordinates>79.966067,15.164869,0</coordinates>
      </Point>
    </Placemark>
    <Placemark>
      <name>Point_32</name>
      <styleUrl>#soil_point</styleUrl>
      <TimeSpan>
        <begin>2025-01-01</begin>
        <end>2026-12-30</end>
      </TimeSpan>
      <description><![CDATA[
        <h3>Soil Health Card Record</h3>
        <p><b>Point ID:</b> Point_32</p>
        <p><b>Validity Period:</b> 2025-01-01 to 2026-12-30</p>
        <p><b>Nitrogen (N):</b> 163.0 kg/ha</p>
        <p><b>Phosphorus (P):</b> 8.8 mg/kg</p>
        <p><b>Potassium (K):</b> 35.1 mg/kg</p>
        <p><b>Organic Carbon (OC):</b> 0.48 %</p>
        <p><b>Coordinates:</b> 15.165225°N, 79.966067°E</p>
      ]]></description>
      <Point>
        <coordinates>79.966067,15.165225,0</coordinates>
      </Point>
    </Placemark>
    <Placemark>
      <name>Point_33</name>
      <styleUrl>#soil_point</styleUrl>
      <TimeSpan>
        <begin>2025-01-01</begin>
        <end>2026-12-30</end>
      </TimeSpan>
      <description><![CDATA[
        <h3>Soil Health Card Record</h3>
        <p><b>Point ID:</b> Point_33</p>
        <p><b>Validity Period:</b> 2025-01-01 to 2026-12-30</p>
        <p><b>Nitrogen (N):</b> 201.0 kg/ha</p>
        <p><b>Phosphorus (P):</b> 12.3 mg/kg</p>
        <p><b>Potassium (K):</b> 49.2 mg/kg</p>
        <p><b>Organic Carbon (OC):</b> 0.29 %</p>
        <p><b>Coordinates:</b> 15.126162°N, 79.946130°E</p>
      ]]></description>
      <Point>
        <coordinates>79.94613,15.126162,0</coordinates>
      </Point>
    </Placemark>
    <Placemark>
      <name>Point_34</name>
      <styleUrl>#soil_point</styleUrl>
      <TimeSpan>
        <begin>2025-01-01</begin>
        <end>2026-12-30</end>
      </TimeSpan>
      <description><![CDATA[
        <h3>Soil Health Card Record</h3>
        <p><b>Point ID:</b> Point_34</p>
        <p><b>Validity Period:</b> 2025-01-01 to 2026-12-30</p>
        <p><b>Nitrogen (N):</b> 201.0 kg/ha</p>
        <p><b>Phosphorus (P):</b> 12.3 mg/kg</p>
        <p><b>Potassium (K):</b> 49.2 mg/kg</p>
        <p><b>Organic Carbon (OC):</b> 0.29 %</p>
        <p><b>Coordinates:</b> 15.125683°N, 79.945303°E</p>
      ]]></description>
      <Point>
        <coordinates>79.945303,15.125683,0</coordinates>
      </Point>
    </Placemark>
    <Placemark>
      <name>Point_35</name>
      <styleUrl>#soil_point</styleUrl>
      <TimeSpan>
        <begin>2025-01-01</begin>
        <end>2026-12-30</end>
      </TimeSpan>
      <description><![CDATA[
        <h3>Soil Health Card Record</h3>
        <p><b>Point ID:</b> Point_35</p>
        <p><b>Validity Period:</b> 2025-01-01 to 2026-12-30</p>
        <p><b>Nitrogen (N):</b> 201.0 kg/ha</p>
        <p><b>Phosphorus (P):</b> 12.3 mg/kg</p>
        <p><b>Potassium (K):</b> 49.2 mg/kg</p>
        <p><b>Organic Carbon (OC):</b> 0.29 %</p>
        <p><b>Coordinates:</b> 15.126508°N, 79.944999°E</p>
      ]]></description>
      <Point>
        <coordinates>79.944999,15.126508,0</coordinates>
      </Point>
    </Placemark>
    <Placemark>
      <name>Point_36</name>
      <styleUrl>#soil_point</styleUrl>
      <TimeSpan>
        <begin>2025-01-01</begin>
        <end>2026-12-30</end>
      </TimeSpan>
      <description><![CDATA[
        <h3>Soil Health Card Record</h3>
        <p><b>Point ID:</b> Point_36</p>
        <p><b>Validity Period:</b> 2025-01-01 to 2026-12-30</p>
        <p><b>Nitrogen (N):</b> 238.0 kg/ha</p>
        <p><b>Phosphorus (P):</b> 13.1 mg/kg</p>
        <p><b>Potassium (K):</b> 99.3 mg/kg</p>
        <p><b>Organic Carbon (OC):</b> 0.1 %</p>
        <p><b>Coordinates:</b> 14.841834°N, 79.587028°E</p>
      ]]></description>
      <Point>
        <coordinates>79.587028,14.841834,0</coordinates>
      </Point>
    </Placemark>
    <Placemark>
      <name>Point_37</name>
      <styleUrl>#soil_point</styleUrl>
      <TimeSpan>
        <begin>2025-01-01</begin>
        <end>2026-12-30</end>
      </TimeSpan>
      <description><![CDATA[
        <h3>Soil Health Card Record</h3>
        <p><b>Point ID:</b> Point_37</p>
        <p><b>Validity Period:</b> 2025-01-01 to 2026-12-30</p>
        <p><b>Nitrogen (N):</b> 113.0 kg/ha</p>
        <p><b>Phosphorus (P):</b> 14.6 mg/kg</p>
        <p><b>Potassium (K):</b> 229.7 mg/kg</p>
        <p><b>Organic Carbon (OC):</b> 0.14 %</p>
        <p><b>Coordinates:</b> 14.784418°N, 79.723288°E</p>
      ]]></description>
      <Point>
        <coordinates>79.723288,14.784418,0</coordinates>
      </Point>
    </Placemark>
    <Placemark>
      <name>Point_38</name>
      <styleUrl>#soil_point</styleUrl>
      <TimeSpan>
        <begin>2025-01-01</begin>
        <end>2026-12-30</end>
      </TimeSpan>
      <description><![CDATA[
        <h3>Soil Health Card Record</h3>
        <p><b>Point ID:</b> Point_38</p>
        <p><b>Validity Period:</b> 2025-01-01 to 2026-12-30</p>
        <p><b>Nitrogen (N):</b> 100.0 kg/ha</p>
        <p><b>Phosphorus (P):</b> 14.7 mg/kg</p>
        <p><b>Potassium (K):</b> 42.1 mg/kg</p>
        <p><b>Organic Carbon (OC):</b> 0.62 %</p>
        <p><b>Coordinates:</b> 15.142971°N, 79.984281°E</p>
      ]]></description>
      <Point>
        <coordinates>79.984281,15.142971,0</coordinates>
      </Point>
    </Placemark>
    <Placemark>
      <name>Point_39</name>
      <styleUrl>#soil_point</styleUrl>
      <TimeSpan>
        <begin>2025-01-01</begin>
        <end>2026-12-30</end>
      </TimeSpan>
      <description><![CDATA[
        <h3>Soil Health Card Record</h3>
        <p><b>Point ID:</b> Point_39</p>
        <p><b>Validity Period:</b> 2025-01-01 to 2026-12-30</p>
        <p><b>Nitrogen (N):</b> 100.0 kg/ha</p>
        <p><b>Phosphorus (P):</b> 14.7 mg/kg</p>
        <p><b>Potassium (K):</b> 42.1 mg/kg</p>
        <p><b>Organic Carbon (OC):</b> 0.62 %</p>
        <p><b>Coordinates:</b> 15.142955°N, 79.984075°E</p>
      ]]></description>
      <Point>
        <coordinates>79.984075,15.142955,0</coordinates>
      </Point>
    </Placemark>
    <Placemark>
      <name>Point_40</name>
      <styleUrl>#soil_point</styleUrl>
      <TimeSpan>
        <begin>2025-01-01</begin>
        <end>2026-12-30</end>
      </TimeSpan>
      <description><![CDATA[
        <h3>Soil Health Card Record</h3>
        <p><b>Point ID:</b> Point_40</p>
        <p><b>Validity Period:</b> 2025-01-01 to 2026-12-30</p>
        <p><b>Nitrogen (N):</b> 100.0 kg/ha</p>
        <p><b>Phosphorus (P):</b> 14.7 mg/kg</p>
        <p><b>Potassium (K):</b> 42.1 mg/kg</p>
        <p><b>Organic Carbon (OC):</b> 0.62 %</p>
        <p><b>Coordinates:</b> 15.143154°N, 79.983554°E</p>
      ]]></description>
      <Point>
        <coordinates>79.983554,15.143154,0</coordinates>
      </Point>
    </Placemark>
    <Placemark>
      <name>Point_41</name>
      <styleUrl>#soil_point</styleUrl>
      <TimeSpan>
        <begin>2025-01-01</begin>
        <end>2026-12-30</end>
      </TimeSpan>
      <description><![CDATA[
        <h3>Soil Health Card Record</h3>
        <p><b>Point ID:</b> Point_41</p>
        <p><b>Validity Period:</b> 2025-01-01 to 2026-12-30</p>
        <p><b>Nitrogen (N):</b> 100.0 kg/ha</p>
        <p><b>Phosphorus (P):</b> 14.7 mg/kg</p>
        <p><b>Potassium (K):</b> 42.1 mg/kg</p>
        <p><b>Organic Carbon (OC):</b> 0.62 %</p>
        <p><b>Coordinates:</b> 15.142536°N, 79.983814°E</p>
      ]]></description>
      <Point>
        <coordinates>79.983814,15.142536,0</coordinates>
      </Point>
    </Placemark>
    <Placemark>
      <name>Point_42</name>
      <styleUrl>#soil_point</styleUrl>
      <TimeSpan>
        <begin>2025-01-01</begin>
        <end>2026-12-30</end>
      </TimeSpan>
      <description><![CDATA[
        <h3>Soil Health Card Record</h3>
        <p><b>Point ID:</b> Point_42</p>
        <p><b>Validity Period:</b> 2025-01-01 to 2026-12-30</p>
        <p><b>Nitrogen (N):</b> 100.0 kg/ha</p>
        <p><b>Phosphorus (P):</b> 14.7 mg/kg</p>
        <p><b>Potassium (K):</b> 42.1 mg/kg</p>
        <p><b>Organic Carbon (OC):</b> 0.62 %</p>
        <p><b>Coordinates:</b> 15.142672°N, 79.983510°E</p>
      ]]></description>
      <Point>
        <coordinates>79.98351,15.142672,0</coordinates>
      </Point>
    </Placemark>
    <Placemark>
      <name>Point_43</name>
      <styleUrl>#soil_point</styleUrl>
      <TimeSpan>
        <begin>2025-01-01</begin>
        <end>2026-12-30</end>
      </TimeSpan>
      <description><![CDATA[
        <h3>Soil Health Card Record</h3>
        <p><b>Point ID:</b> Point_43</p>
        <p><b>Validity Period:</b> 2025-01-01 to 2026-12-30</p>
        <p><b>Nitrogen (N):</b> 100.0 kg/ha</p>
        <p><b>Phosphorus (P):</b> 14.7 mg/kg</p>
        <p><b>Potassium (K):</b> 42.1 mg/kg</p>
        <p><b>Organic Carbon (OC):</b> 0.62 %</p>
        <p><b>Coordinates:</b> 15.142148°N, 79.983532°E</p>
      ]]></description>
      <Point>
        <coordinates>79.983532,15.142148,0</coordinates>
      </Point>
    </Placemark>
    <Placemark>
      <name>Point_44</name>
      <styleUrl>#soil_point</styleUrl>
      <TimeSpan>
        <begin>2025-01-01</begin>
        <end>2026-12-30</end>
      </TimeSpan>
      <description><![CDATA[
        <h3>Soil Health Card Record</h3>
        <p><b>Point ID:</b> Point_44</p>
        <p><b>Validity Period:</b> 2025-01-01 to 2026-12-30</p>
        <p><b>Nitrogen (N):</b> 113.0 kg/ha</p>
        <p><b>Phosphorus (P):</b> 68.7 mg/kg</p>
        <p><b>Potassium (K):</b> 49.2 mg/kg</p>
        <p><b>Organic Carbon (OC):</b> 0.2 %</p>
        <p><b>Coordinates:</b> 15.136464°N, 79.986865°E</p>
      ]]></description>
      <Point>
        <coordinates>79.986865,15.136464,0</coordinates>
      </Point>
    </Placemark>
    <Placemark>
      <name>Point_45</name>
      <styleUrl>#soil_point</styleUrl>
      <TimeSpan>
        <begin>2025-01-01</begin>
        <end>2026-12-30</end>
      </TimeSpan>
      <description><![CDATA[
        <h3>Soil Health Card Record</h3>
        <p><b>Point ID:</b> Point_45</p>
        <p><b>Validity Period:</b> 2025-01-01 to 2026-12-30</p>
        <p><b>Nitrogen (N):</b> 226.0 kg/ha</p>
        <p><b>Phosphorus (P):</b> 12.3 mg/kg</p>
        <p><b>Potassium (K):</b> 49.2 mg/kg</p>
        <p><b>Organic Carbon (OC):</b> 0.38 %</p>
        <p><b>Coordinates:</b> 15.138871°N, 79.981815°E</p>
      ]]></description>
      <Point>
        <coordinates>79.981815,15.138871,0</coordinates>
      </Point>
    </Placemark>
    <Placemark>
      <name>Point_46</name>
      <styleUrl>#soil_point</styleUrl>
      <TimeSpan>
        <begin>2025-01-01</begin>
        <end>2026-12-30</end>
      </TimeSpan>
      <description><![CDATA[
        <h3>Soil Health Card Record</h3>
        <p><b>Point ID:</b> Point_46</p>
        <p><b>Validity Period:</b> 2025-01-01 to 2026-12-30</p>
        <p><b>Nitrogen (N):</b> 226.0 kg/ha</p>
        <p><b>Phosphorus (P):</b> 12.3 mg/kg</p>
        <p><b>Potassium (K):</b> 49.2 mg/kg</p>
        <p><b>Organic Carbon (OC):</b> 0.38 %</p>
        <p><b>Coordinates:</b> 15.138692°N, 79.981935°E</p>
      ]]></description>
      <Point>
        <coordinates>79.981935,15.138692,0</coordinates>
      </Point>
    </Placemark>
    <Placemark>
      <name>Point_47</name>
      <styleUrl>#soil_point</styleUrl>
      <TimeSpan>
        <begin>2025-01-01</begin>
        <end>2026-12-30</end>
      </TimeSpan>
      <description><![CDATA[
        <h3>Soil Health Card Record</h3>
        <p><b>Point ID:</b> Point_47</p>
        <p><b>Validity Period:</b> 2025-01-01 to 2026-12-30</p>
        <p><b>Nitrogen (N):</b> 226.0 kg/ha</p>
        <p><b>Phosphorus (P):</b> 12.3 mg/kg</p>
        <p><b>Potassium (K):</b> 49.2 mg/kg</p>
        <p><b>Organic Carbon (OC):</b> 0.38 %</p>
        <p><b>Coordinates:</b> 15.138440°N, 79.982098°E</p>
      ]]></description>
      <Point>
        <coordinates>79.982098,15.13844,0</coordinates>
      </Point>
    </Placemark>
    <Placemark>
      <name>Point_48</name>
      <styleUrl>#soil_point</styleUrl>
      <TimeSpan>
        <begin>2025-01-01</begin>
        <end>2026-12-30</end>
      </TimeSpan>
      <description><![CDATA[
        <h3>Soil Health Card Record</h3>
        <p><b>Point ID:</b> Point_48</p>
        <p><b>Validity Period:</b> 2025-01-01 to 2026-12-30</p>
        <p><b>Nitrogen (N):</b> 226.0 kg/ha</p>
        <p><b>Phosphorus (P):</b> 12.3 mg/kg</p>
        <p><b>Potassium (K):</b> 49.2 mg/kg</p>
        <p><b>Organic Carbon (OC):</b> 0.38 %</p>
        <p><b>Coordinates:</b> 15.138335°N, 79.981962°E</p>
      ]]></description>
      <Point>
        <coordinates>79.981962,15.138335,0</coordinates>
      </Point>
    </Placemark>
    <Placemark>
      <name>Point_49</name>
      <styleUrl>#soil_point</styleUrl>
      <TimeSpan>
        <begin>2025-01-01</begin>
        <end>2026-12-30</end>
      </TimeSpan>
      <description><![CDATA[
        <h3>Soil Health Card Record</h3>
        <p><b>Point ID:</b> Point_49</p>
        <p><b>Validity Period:</b> 2025-01-01 to 2026-12-30</p>
        <p><b>Nitrogen (N):</b> 226.0 kg/ha</p>
        <p><b>Phosphorus (P):</b> 12.3 mg/kg</p>
        <p><b>Potassium (K):</b> 49.2 mg/kg</p>
        <p><b>Organic Carbon (OC):</b> 0.38 %</p>
        <p><b>Coordinates:</b> 15.138262°N, 79.981745°E</p>
      ]]></description>
      <Point>
        <coordinates>79.981745,15.138262,0</coordinates>
      </Point>
    </Placemark>
    <Placemark>
      <name>Point_50</name>
      <styleUrl>#soil_point</styleUrl>
      <TimeSpan>
        <begin>2025-01-01</begin>
        <end>2026-12-30</end>
      </TimeSpan>
      <description><![CDATA[
        <h3>Soil Health Card Record</h3>
        <p><b>Point ID:</b> Point_50</p>
        <p><b>Validity Period:</b> 2025-01-01 to 2026-12-30</p>
        <p><b>Nitrogen (N):</b> 226.0 kg/ha</p>
        <p><b>Phosphorus (P):</b> 12.3 mg/kg</p>
        <p><b>Potassium (K):</b> 49.2 mg/kg</p>
        <p><b>Organic Carbon (OC):</b> 0.38 %</p>
        <p><b>Coordinates:</b> 15.138592°N, 79.981631°E</p>
      ]]></description>
      <Point>
        <coordinates>79.981631,15.138592,0</coordinates>
      </Point>
    </Placemark>
    <Placemark>
      <name>Point_51</name>
      <styleUrl>#soil_point</styleUrl>
      <TimeSpan>
        <begin>2025-01-01</begin>
        <end>2026-12-30</end>
      </TimeSpan>
      <description><![CDATA[
        <h3>Soil Health Card Record</h3>
        <p><b>Point ID:</b> Point_51</p>
        <p><b>Validity Period:</b> 2025-01-01 to 2026-12-30</p>
        <p><b>Nitrogen (N):</b> 226.0 kg/ha</p>
        <p><b>Phosphorus (P):</b> 12.3 mg/kg</p>
        <p><b>Potassium (K):</b> 49.2 mg/kg</p>
        <p><b>Organic Carbon (OC):</b> 0.38 %</p>
        <p><b>Coordinates:</b> 15.138466°N, 79.981652°E</p>
      ]]></description>
      <Point>
        <coordinates>79.981652,15.138466,0</coordinates>
      </Point>
    </Placemark>
    <Placemark>
      <name>Point_52</name>
      <styleUrl>#soil_point</styleUrl>
      <TimeSpan>
        <begin>2025-01-01</begin>
        <end>2026-12-30</end>
      </TimeSpan>
      <description><![CDATA[
        <h3>Soil Health Card Record</h3>
        <p><b>Point ID:</b> Point_52</p>
        <p><b>Validity Period:</b> 2025-01-01 to 2026-12-30</p>
        <p><b>Nitrogen (N):</b> 50.0 kg/ha</p>
        <p><b>Phosphorus (P):</b> 5.9 mg/kg</p>
        <p><b>Potassium (K):</b> 28.1 mg/kg</p>
        <p><b>Organic Carbon (OC):</b> 0.17 %</p>
        <p><b>Coordinates:</b> 15.131673°N, 79.970685°E</p>
      ]]></description>
      <Point>
        <coordinates>79.970685,15.131673,0</coordinates>
      </Point>
    </Placemark>
    <Placemark>
      <name>Point_53</name>
      <styleUrl>#soil_point</styleUrl>
      <TimeSpan>
        <begin>2025-01-01</begin>
        <end>2026-12-30</end>
      </TimeSpan>
      <description><![CDATA[
        <h3>Soil Health Card Record</h3>
        <p><b>Point ID:</b> Point_53</p>
        <p><b>Validity Period:</b> 2025-01-01 to 2026-12-30</p>
        <p><b>Nitrogen (N):</b> 138.0 kg/ha</p>
        <p><b>Phosphorus (P):</b> 59.3 mg/kg</p>
        <p><b>Potassium (K):</b> 49.2 mg/kg</p>
        <p><b>Organic Carbon (OC):</b> 0.18 %</p>
        <p><b>Coordinates:</b> 15.132273°N, 79.968947°E</p>
      ]]></description>
      <Point>
        <coordinates>79.968947,15.132273,0</coordinates>
      </Point>
    </Placemark>
    <Placemark>
      <name>Point_54</name>
      <styleUrl>#soil_point</styleUrl>
      <TimeSpan>
        <begin>2025-01-01</begin>
        <end>2026-12-30</end>
      </TimeSpan>
      <description><![CDATA[
        <h3>Soil Health Card Record</h3>
        <p><b>Point ID:</b> Point_54</p>
        <p><b>Validity Period:</b> 2025-01-01 to 2026-12-30</p>
        <p><b>Nitrogen (N):</b> 163.0 kg/ha</p>
        <p><b>Phosphorus (P):</b> 11.2 mg/kg</p>
        <p><b>Potassium (K):</b> 42.1 mg/kg</p>
        <p><b>Organic Carbon (OC):</b> 0.42 %</p>
        <p><b>Coordinates:</b> 15.133465°N, 79.965561°E</p>
      ]]></description>
      <Point>
        <coordinates>79.965561,15.133465,0</coordinates>
      </Point>
    </Placemark>
    <Placemark>
      <name>Point_55</name>
      <styleUrl>#soil_point</styleUrl>
      <TimeSpan>
        <begin>2025-01-01</begin>
        <end>2026-12-30</end>
      </TimeSpan>
      <description><![CDATA[
        <h3>Soil Health Card Record</h3>
        <p><b>Point ID:</b> Point_55</p>
        <p><b>Validity Period:</b> 2025-01-01 to 2026-12-30</p>
        <p><b>Nitrogen (N):</b> 163.0 kg/ha</p>
        <p><b>Phosphorus (P):</b> 11.2 mg/kg</p>
        <p><b>Potassium (K):</b> 42.1 mg/kg</p>
        <p><b>Organic Carbon (OC):</b> 0.42 %</p>
        <p><b>Coordinates:</b> 15.133336°N, 79.965691°E</p>
      ]]></description>
      <Point>
        <coordinates>79.965691,15.133336,0</coordinates>
      </Point>
    </Placemark>
    <Placemark>
      <name>Point_56</name>
      <styleUrl>#soil_point</styleUrl>
      <TimeSpan>
        <begin>2025-01-01</begin>
        <end>2026-12-30</end>
      </TimeSpan>
      <description><![CDATA[
        <h3>Soil Health Card Record</h3>
        <p><b>Point ID:</b> Point_56</p>
        <p><b>Validity Period:</b> 2025-01-01 to 2026-12-30</p>
        <p><b>Nitrogen (N):</b> 351.0 kg/ha</p>
        <p><b>Phosphorus (P):</b> 37.59 mg/kg</p>
        <p><b>Potassium (K):</b> 35.1 mg/kg</p>
        <p><b>Organic Carbon (OC):</b> 0.11 %</p>
        <p><b>Coordinates:</b> 15.133865°N, 79.963692°E</p>
      ]]></description>
      <Point>
        <coordinates>79.963692,15.133865,0</coordinates>
      </Point>
    </Placemark>
    <Placemark>
      <name>Point_57</name>
      <styleUrl>#soil_point</styleUrl>
      <TimeSpan>
        <begin>2025-01-01</begin>
        <end>2026-12-30</end>
      </TimeSpan>
      <description><![CDATA[
        <h3>Soil Health Card Record</h3>
        <p><b>Point ID:</b> Point_57</p>
        <p><b>Validity Period:</b> 2025-01-01 to 2026-12-30</p>
        <p><b>Nitrogen (N):</b> 351.0 kg/ha</p>
        <p><b>Phosphorus (P):</b> 37.59 mg/kg</p>
        <p><b>Potassium (K):</b> 35.1 mg/kg</p>
        <p><b>Organic Carbon (OC):</b> 0.11 %</p>
        <p><b>Coordinates:</b> 15.133817°N, 79.963469°E</p>
      ]]></description>
      <Point>
        <coordinates>79.963469,15.133817,0</coordinates>
      </Point>
    </Placemark>
    <Placemark>
      <name>Point_58</name>
      <styleUrl>#soil_point</styleUrl>
      <TimeSpan>
        <begin>2025-01-01</begin>
        <end>2026-12-30</end>
      </TimeSpan>
      <description><![CDATA[
        <h3>Soil Health Card Record</h3>
        <p><b>Point ID:</b> Point_58</p>
        <p><b>Validity Period:</b> 2025-01-01 to 2026-12-30</p>
        <p><b>Nitrogen (N):</b> 351.0 kg/ha</p>
        <p><b>Phosphorus (P):</b> 37.59 mg/kg</p>
        <p><b>Potassium (K):</b> 35.1 mg/kg</p>
        <p><b>Organic Carbon (OC):</b> 0.11 %</p>
        <p><b>Coordinates:</b> 15.134074°N, 79.963295°E</p>
      ]]></description>
      <Point>
        <coordinates>79.963295,15.134074,0</coordinates>
      </Point>
    </Placemark>
    <Placemark>
      <name>Point_59</name>
      <styleUrl>#soil_point</styleUrl>
      <TimeSpan>
        <begin>2025-01-01</begin>
        <end>2026-12-30</end>
      </TimeSpan>
      <description><![CDATA[
        <h3>Soil Health Card Record</h3>
        <p><b>Point ID:</b> Point_59</p>
        <p><b>Validity Period:</b> 2025-01-01 to 2026-12-30</p>
        <p><b>Nitrogen (N):</b> 351.0 kg/ha</p>
        <p><b>Phosphorus (P):</b> 37.59 mg/kg</p>
        <p><b>Potassium (K):</b> 35.1 mg/kg</p>
        <p><b>Organic Carbon (OC):</b> 0.11 %</p>
        <p><b>Coordinates:</b> 15.133833°N, 79.963482°E</p>
      ]]></description>
      <Point>
        <coordinates>79.963482,15.133833,0</coordinates>
      </Point>
    </Placemark>
    <Placemark>
      <name>Point_60</name>
      <styleUrl>#soil_point</styleUrl>
      <TimeSpan>
        <begin>2025-01-01</begin>
        <end>2026-12-30</end>
      </TimeSpan>
      <description><![CDATA[
        <h3>Soil Health Card Record</h3>
        <p><b>Point ID:</b> Point_60</p>
        <p><b>Validity Period:</b> 2025-01-01 to 2026-12-30</p>
        <p><b>Nitrogen (N):</b> 88.0 kg/ha</p>
        <p><b>Phosphorus (P):</b> 76.9 mg/kg</p>
        <p><b>Potassium (K):</b> 35.1 mg/kg</p>
        <p><b>Organic Carbon (OC):</b> 0.26 %</p>
        <p><b>Coordinates:</b> 15.134940°N, 79.960072°E</p>
      ]]></description>
      <Point>
        <coordinates>79.960072,15.13494,0</coordinates>
      </Point>
    </Placemark>
    <Placemark>
      <name>Point_61</name>
      <styleUrl>#soil_point</styleUrl>
      <TimeSpan>
        <begin>2025-01-01</begin>
        <end>2026-12-30</end>
      </TimeSpan>
      <description><![CDATA[
        <h3>Soil Health Card Record</h3>
        <p><b>Point ID:</b> Point_61</p>
        <p><b>Validity Period:</b> 2025-01-01 to 2026-12-30</p>
        <p><b>Nitrogen (N):</b> 88.0 kg/ha</p>
        <p><b>Phosphorus (P):</b> 76.9 mg/kg</p>
        <p><b>Potassium (K):</b> 35.1 mg/kg</p>
        <p><b>Organic Carbon (OC):</b> 0.26 %</p>
        <p><b>Coordinates:</b> 15.135242°N, 79.959189°E</p>
      ]]></description>
      <Point>
        <coordinates>79.959189,15.135242,0</coordinates>
      </Point>
    </Placemark>
    <Placemark>
      <name>Point_62</name>
      <styleUrl>#soil_point</styleUrl>
      <TimeSpan>
        <begin>2025-01-01</begin>
        <end>2026-12-30</end>
      </TimeSpan>
      <description><![CDATA[
        <h3>Soil Health Card Record</h3>
        <p><b>Point ID:</b> Point_62</p>
        <p><b>Validity Period:</b> 2025-01-01 to 2026-12-30</p>
        <p><b>Nitrogen (N):</b> 276.0 kg/ha</p>
        <p><b>Phosphorus (P):</b> 40.53 mg/kg</p>
        <p><b>Potassium (K):</b> 56.2 mg/kg</p>
        <p><b>Organic Carbon (OC):</b> 0.27 %</p>
        <p><b>Coordinates:</b> 15.136468°N, 79.959312°E</p>
      ]]></description>
      <Point>
        <coordinates>79.959312,15.136468,0</coordinates>
      </Point>
    </Placemark>
    <Placemark>
      <name>Point_63</name>
      <styleUrl>#soil_point</styleUrl>
      <TimeSpan>
        <begin>2025-01-01</begin>
        <end>2026-12-30</end>
      </TimeSpan>
      <description><![CDATA[
        <h3>Soil Health Card Record</h3>
        <p><b>Point ID:</b> Point_63</p>
        <p><b>Validity Period:</b> 2025-01-01 to 2026-12-30</p>
        <p><b>Nitrogen (N):</b> 201.0 kg/ha</p>
        <p><b>Phosphorus (P):</b> 10.0 mg/kg</p>
        <p><b>Potassium (K):</b> 42.1 mg/kg</p>
        <p><b>Organic Carbon (OC):</b> 0.8 %</p>
        <p><b>Coordinates:</b> 15.135141°N, 79.956606°E</p>
      ]]></description>
      <Point>
        <coordinates>79.956606,15.135141,0</coordinates>
      </Point>
    </Placemark>
    <Placemark>
      <name>Point_64</name>
      <styleUrl>#soil_point</styleUrl>
      <TimeSpan>
        <begin>2025-01-01</begin>
        <end>2026-12-30</end>
      </TimeSpan>
      <description><![CDATA[
        <h3>Soil Health Card Record</h3>
        <p><b>Point ID:</b> Point_64</p>
        <p><b>Validity Period:</b> 2025-01-01 to 2026-12-30</p>
        <p><b>Nitrogen (N):</b> 314.0 kg/ha</p>
        <p><b>Phosphorus (P):</b> 1.8 mg/kg</p>
        <p><b>Potassium (K):</b> 35.1 mg/kg</p>
        <p><b>Organic Carbon (OC):</b> 0.68 %</p>
        <p><b>Coordinates:</b> 15.136814°N, 79.956172°E</p>
      ]]></description>
      <Point>
        <coordinates>79.956172,15.136814,0</coordinates>
      </Point>
    </Placemark>
    <Placemark>
      <name>Point_65</name>
      <styleUrl>#soil_point</styleUrl>
      <TimeSpan>
        <begin>2025-01-01</begin>
        <end>2026-12-30</end>
      </TimeSpan>
      <description><![CDATA[
        <h3>Soil Health Card Record</h3>
        <p><b>Point ID:</b> Point_65</p>
        <p><b>Validity Period:</b> 2025-01-01 to 2026-12-30</p>
        <p><b>Nitrogen (N):</b> 351.0 kg/ha</p>
        <p><b>Phosphorus (P):</b> 22.3 mg/kg</p>
        <p><b>Potassium (K):</b> 56.2 mg/kg</p>
        <p><b>Organic Carbon (OC):</b> 0.32 %</p>
        <p><b>Coordinates:</b> 15.138285°N, 79.956563°E</p>
      ]]></description>
      <Point>
        <coordinates>79.956563,15.138285,0</coordinates>
      </Point>
    </Placemark>
    <Placemark>
      <name>Point_66</name>
      <styleUrl>#soil_point</styleUrl>
      <TimeSpan>
        <begin>2025-01-01</begin>
        <end>2026-12-30</end>
      </TimeSpan>
      <description><![CDATA[
        <h3>Soil Health Card Record</h3>
        <p><b>Point ID:</b> Point_66</p>
        <p><b>Validity Period:</b> 2025-01-01 to 2026-12-30</p>
        <p><b>Nitrogen (N):</b> 50.0 kg/ha</p>
        <p><b>Phosphorus (P):</b> 13.5 mg/kg</p>
        <p><b>Potassium (K):</b> 42.1 mg/kg</p>
        <p><b>Organic Carbon (OC):</b> 0.17 %</p>
        <p><b>Coordinates:</b> 15.139812°N, 79.955867°E</p>
      ]]></description>
      <Point>
        <coordinates>79.955867,15.139812,0</coordinates>
      </Point>
    </Placemark>
    <Placemark>
      <name>Point_67</name>
      <styleUrl>#soil_point</styleUrl>
      <TimeSpan>
        <begin>2025-01-01</begin>
        <end>2026-12-30</end>
      </TimeSpan>
      <description><![CDATA[
        <h3>Soil Health Card Record</h3>
        <p><b>Point ID:</b> Point_67</p>
        <p><b>Validity Period:</b> 2025-01-01 to 2026-12-30</p>
        <p><b>Nitrogen (N):</b> 289.0 kg/ha</p>
        <p><b>Phosphorus (P):</b> 36.42 mg/kg</p>
        <p><b>Potassium (K):</b> 49.2 mg/kg</p>
        <p><b>Organic Carbon (OC):</b> 0.19 %</p>
        <p><b>Coordinates:</b> 15.139333°N, 79.953684°E</p>
      ]]></description>
      <Point>
        <coordinates>79.953684,15.139333,0</coordinates>
      </Point>
    </Placemark>
    <Placemark>
      <name>Point_68</name>
      <styleUrl>#soil_point</styleUrl>
      <TimeSpan>
        <begin>2025-01-01</begin>
        <end>2026-12-30</end>
      </TimeSpan>
      <description><![CDATA[
        <h3>Soil Health Card Record</h3>
        <p><b>Point ID:</b> Point_68</p>
        <p><b>Validity Period:</b> 2025-01-01 to 2026-12-30</p>
        <p><b>Nitrogen (N):</b> 125.0 kg/ha</p>
        <p><b>Phosphorus (P):</b> 31.72 mg/kg</p>
        <p><b>Potassium (K):</b> 49.2 mg/kg</p>
        <p><b>Organic Carbon (OC):</b> 0.11 %</p>
        <p><b>Coordinates:</b> 15.138610°N, 79.953608°E</p>
      ]]></description>
      <Point>
        <coordinates>79.953608,15.13861,0</coordinates>
      </Point>
    </Placemark>
    <Placemark>
      <name>Point_69</name>
      <styleUrl>#soil_point</styleUrl>
      <TimeSpan>
        <begin>2025-01-01</begin>
        <end>2026-12-30</end>
      </TimeSpan>
      <description><![CDATA[
        <h3>Soil Health Card Record</h3>
        <p><b>Point ID:</b> Point_69</p>
        <p><b>Validity Period:</b> 2025-01-01 to 2026-12-30</p>
        <p><b>Nitrogen (N):</b> 188.0 kg/ha</p>
        <p><b>Phosphorus (P):</b> 11.2 mg/kg</p>
        <p><b>Potassium (K):</b> 49.2 mg/kg</p>
        <p><b>Organic Carbon (OC):</b> 0.28 %</p>
        <p><b>Coordinates:</b> 15.137708°N, 79.953227°E</p>
      ]]></description>
      <Point>
        <coordinates>79.953227,15.137708,0</coordinates>
      </Point>
    </Placemark>
    <Placemark>
      <name>Point_70</name>
      <styleUrl>#soil_point</styleUrl>
      <TimeSpan>
        <begin>2025-01-01</begin>
        <end>2026-12-30</end>
      </TimeSpan>
      <description><![CDATA[
        <h3>Soil Health Card Record</h3>
        <p><b>Point ID:</b> Point_70</p>
        <p><b>Validity Period:</b> 2025-01-01 to 2026-12-30</p>
        <p><b>Nitrogen (N):</b> 314.0 kg/ha</p>
        <p><b>Phosphorus (P):</b> 1.8 mg/kg</p>
        <p><b>Potassium (K):</b> 35.1 mg/kg</p>
        <p><b>Organic Carbon (OC):</b> 0.68 %</p>
        <p><b>Coordinates:</b> 15.137242°N, 79.955061°E</p>
      ]]></description>
      <Point>
        <coordinates>79.955061,15.137242,0</coordinates>
      </Point>
    </Placemark>
    <Placemark>
      <name>Point_71</name>
      <styleUrl>#soil_point</styleUrl>
      <TimeSpan>
        <begin>2025-01-01</begin>
        <end>2026-12-30</end>
      </TimeSpan>
      <description><![CDATA[
        <h3>Soil Health Card Record</h3>
        <p><b>Point ID:</b> Point_71</p>
        <p><b>Validity Period:</b> 2025-01-01 to 2026-12-30</p>
        <p><b>Nitrogen (N):</b> 314.0 kg/ha</p>
        <p><b>Phosphorus (P):</b> 1.8 mg/kg</p>
        <p><b>Potassium (K):</b> 35.1 mg/kg</p>
        <p><b>Organic Carbon (OC):</b> 0.68 %</p>
        <p><b>Coordinates:</b> 15.136816°N, 79.956164°E</p>
      ]]></description>
      <Point>
        <coordinates>79.956164,15.136816,0</coordinates>
      </Point>
    </Placemark>
    <Placemark>
      <name>Point_72</name>
      <styleUrl>#soil_point</styleUrl>
      <TimeSpan>
        <begin>2025-01-01</begin>
        <end>2026-12-30</end>
      </TimeSpan>
      <description><![CDATA[
        <h3>Soil Health Card Record</h3>
        <p><b>Point ID:</b> Point_72</p>
        <p><b>Validity Period:</b> 2025-01-01 to 2026-12-30</p>
        <p><b>Nitrogen (N):</b> 314.0 kg/ha</p>
        <p><b>Phosphorus (P):</b> 1.8 mg/kg</p>
        <p><b>Potassium (K):</b> 35.1 mg/kg</p>
        <p><b>Organic Carbon (OC):</b> 0.68 %</p>
        <p><b>Coordinates:</b> 15.136284°N, 79.954827°E</p>
      ]]></description>
      <Point>
        <coordinates>79.954827,15.136284,0</coordinates>
      </Point>
    </Placemark>
    <Placemark>
      <name>Point_73</name>
      <styleUrl>#soil_point</styleUrl>
      <TimeSpan>
        <begin>2025-01-01</begin>
        <end>2026-12-30</end>
      </TimeSpan>
      <description><![CDATA[
        <h3>Soil Health Card Record</h3>
        <p><b>Point ID:</b> Point_73</p>
        <p><b>Validity Period:</b> 2025-01-01 to 2026-12-30</p>
        <p><b>Nitrogen (N):</b> 263.0 kg/ha</p>
        <p><b>Phosphorus (P):</b> 135.0 mg/kg</p>
        <p><b>Potassium (K):</b> 42.1 mg/kg</p>
        <p><b>Organic Carbon (OC):</b> 0.23 %</p>
        <p><b>Coordinates:</b> 15.130206°N, 79.952690°E</p>
      ]]></description>
      <Point>
        <coordinates>79.95269,15.130206,0</coordinates>
      </Point>
    </Placemark>
    <Placemark>
      <name>Point_74</name>
      <styleUrl>#soil_point</styleUrl>
      <TimeSpan>
        <begin>2025-01-01</begin>
        <end>2026-12-30</end>
      </TimeSpan>
      <description><![CDATA[
        <h3>Soil Health Card Record</h3>
        <p><b>Point ID:</b> Point_74</p>
        <p><b>Validity Period:</b> 2025-01-01 to 2026-12-30</p>
        <p><b>Nitrogen (N):</b> 314.0 kg/ha</p>
        <p><b>Phosphorus (P):</b> 5.9 mg/kg</p>
        <p><b>Potassium (K):</b> 49.2 mg/kg</p>
        <p><b>Organic Carbon (OC):</b> 0.18 %</p>
        <p><b>Coordinates:</b> 15.129115°N, 79.950320°E</p>
      ]]></description>
      <Point>
        <coordinates>79.95032,15.129115,0</coordinates>
      </Point>
    </Placemark>
    <Placemark>
      <name>Point_75</name>
      <styleUrl>#soil_point</styleUrl>
      <TimeSpan>
        <begin>2025-01-01</begin>
        <end>2026-12-30</end>
      </TimeSpan>
      <description><![CDATA[
        <h3>Soil Health Card Record</h3>
        <p><b>Point ID:</b> Point_75</p>
        <p><b>Validity Period:</b> 2025-01-01 to 2026-12-30</p>
        <p><b>Nitrogen (N):</b> 289.0 kg/ha</p>
        <p><b>Phosphorus (P):</b> 3.5 mg/kg</p>
        <p><b>Potassium (K):</b> 28.1 mg/kg</p>
        <p><b>Organic Carbon (OC):</b> 0.69 %</p>
        <p><b>Coordinates:</b> 15.121267°N, 79.944503°E</p>
      ]]></description>
      <Point>
        <coordinates>79.944503,15.121267,0</coordinates>
      </Point>
    </Placemark>
    <Placemark>
      <name>Point_76</name>
      <styleUrl>#soil_point</styleUrl>
      <TimeSpan>
        <begin>2025-01-01</begin>
        <end>2026-12-30</end>
      </TimeSpan>
      <description><![CDATA[
        <h3>Soil Health Card Record</h3>
        <p><b>Point ID:</b> Point_76</p>
        <p><b>Validity Period:</b> 2025-01-01 to 2026-12-30</p>
        <p><b>Nitrogen (N):</b> 113.0 kg/ha</p>
        <p><b>Phosphorus (P):</b> 14.6 mg/kg</p>
        <p><b>Potassium (K):</b> 229.7 mg/kg</p>
        <p><b>Organic Carbon (OC):</b> 0.14 %</p>
        <p><b>Coordinates:</b> 14.784260°N, 79.723388°E</p>
      ]]></description>
      <Point>
        <coordinates>79.723388,14.78426,0</coordinates>
      </Point>
    </Placemark>
    <Placemark>
      <name>Point_77</name>
      <styleUrl>#soil_point</styleUrl>
      <TimeSpan>
        <begin>2025-01-01</begin>
        <end>2026-12-30</end>
      </TimeSpan>
      <description><![CDATA[
        <h3>Soil Health Card Record</h3>
        <p><b>Point ID:</b> Point_77</p>
        <p><b>Validity Period:</b> 2025-01-01 to 2026-12-30</p>
        <p><b>Nitrogen (N):</b> 88.0 kg/ha</p>
        <p><b>Phosphorus (P):</b> 76.9 mg/kg</p>
        <p><b>Potassium (K):</b> 35.1 mg/kg</p>
        <p><b>Organic Carbon (OC):</b> 0.26 %</p>
        <p><b>Coordinates:</b> 15.134830°N, 79.960088°E</p>
      ]]></description>
      <Point>
        <coordinates>79.960088,15.13483,0</coordinates>
      </Point>
    </Placemark>
    <Placemark>
      <name>Point_78</name>
      <styleUrl>#soil_point</styleUrl>
      <TimeSpan>
        <begin>2025-01-01</begin>
        <end>2026-12-30</end>
      </TimeSpan>
      <description><![CDATA[
        <h3>Soil Health Card Record</h3>
        <p><b>Point ID:</b> Point_78</p>
        <p><b>Validity Period:</b> 2025-01-01 to 2026-12-30</p>
        <p><b>Nitrogen (N):</b> 113.0 kg/ha</p>
        <p><b>Phosphorus (P):</b> 14.6 mg/kg</p>
        <p><b>Potassium (K):</b> 434.0 mg/kg</p>
        <p><b>Organic Carbon (OC):</b> 0.14 %</p>
        <p><b>Coordinates:</b> 14.851277°N, 79.953842°E</p>
      ]]></description>
      <Point>
        <coordinates>79.953842,14.851277,0</coordinates>
      </Point>
    </Placemark>
    <Placemark>
      <name>Point_79</name>
      <styleUrl>#soil_point</styleUrl>
      <TimeSpan>
        <begin>2025-01-01</begin>
        <end>2026-12-30</end>
      </TimeSpan>
      <description><![CDATA[
        <h3>Soil Health Card Record</h3>
        <p><b>Point ID:</b> Point_79</p>
        <p><b>Validity Period:</b> 2025-01-01 to 2026-12-30</p>
        <p><b>Nitrogen (N):</b> 226.0 kg/ha</p>
        <p><b>Phosphorus (P):</b> 3.8 mg/kg</p>
        <p><b>Potassium (K):</b> 515.0 mg/kg</p>
        <p><b>Organic Carbon (OC):</b> 0.4 %</p>
        <p><b>Coordinates:</b> 14.884256°N, 79.957311°E</p>
      ]]></description>
      <Point>
        <coordinates>79.957311,14.884256,0</coordinates>
      </Point>
    </Placemark>
    <Placemark>
      <name>Point_80</name>
      <styleUrl>#soil_point</styleUrl>
      <TimeSpan>
        <begin>2025-01-01</begin>
        <end>2026-12-30</end>
      </TimeSpan>
      <description><![CDATA[
        <h3>Soil Health Card Record</h3>
        <p><b>Point ID:</b> Point_80</p>
        <p><b>Validity Period:</b> 2025-01-01 to 2026-12-30</p>
        <p><b>Nitrogen (N):</b> 113.0 kg/ha</p>
        <p><b>Phosphorus (P):</b> 0.8 mg/kg</p>
        <p><b>Potassium (K):</b> 180.0 mg/kg</p>
        <p><b>Organic Carbon (OC):</b> 0.32 %</p>
        <p><b>Coordinates:</b> 14.957625°N, 79.511017°E</p>
      ]]></description>
      <Point>
        <coordinates>79.511017,14.957625,0</coordinates>
      </Point>
    </Placemark>
    <Placemark>
      <name>Point_81</name>
      <styleUrl>#soil_point</styleUrl>
      <TimeSpan>
        <begin>2025-01-01</begin>
        <end>2026-12-30</end>
      </TimeSpan>
      <description><![CDATA[
        <h3>Soil Health Card Record</h3>
        <p><b>Point ID:</b> Point_81</p>
        <p><b>Validity Period:</b> 2025-01-01 to 2026-12-30</p>
        <p><b>Nitrogen (N):</b> 201.0 kg/ha</p>
        <p><b>Phosphorus (P):</b> 15.9 mg/kg</p>
        <p><b>Potassium (K):</b> 56.2 mg/kg</p>
        <p><b>Organic Carbon (OC):</b> 0.51 %</p>
        <p><b>Coordinates:</b> 15.116372°N, 80.032199°E</p>
      ]]></description>
      <Point>
        <coordinates>80.032199,15.116372,0</coordinates>
      </Point>
    </Placemark>
    <Placemark>
      <name>Point_82</name>
      <styleUrl>#soil_point</styleUrl>
      <TimeSpan>
        <begin>2025-01-01</begin>
        <end>2026-12-30</end>
      </TimeSpan>
      <description><![CDATA[
        <h3>Soil Health Card Record</h3>
        <p><b>Point ID:</b> Point_82</p>
        <p><b>Validity Period:</b> 2025-01-01 to 2026-12-30</p>
        <p><b>Nitrogen (N):</b> 163.0 kg/ha</p>
        <p><b>Phosphorus (P):</b> 12.3 mg/kg</p>
        <p><b>Potassium (K):</b> 42.1 mg/kg</p>
        <p><b>Organic Carbon (OC):</b> 0.16 %</p>
        <p><b>Coordinates:</b> 15.111631°N, 80.041849°E</p>
      ]]></description>
      <Point>
        <coordinates>80.041849,15.111631,0</coordinates>
      </Point>
    </Placemark>
    <Placemark>
      <name>Point_83</name>
      <styleUrl>#soil_point</styleUrl>
      <TimeSpan>
        <begin>2025-01-01</begin>
        <end>2026-12-30</end>
      </TimeSpan>
      <description><![CDATA[
        <h3>Soil Health Card Record</h3>
        <p><b>Point ID:</b> Point_83</p>
        <p><b>Validity Period:</b> 2025-01-01 to 2026-12-30</p>
        <p><b>Nitrogen (N):</b> 226.0 kg/ha</p>
        <p><b>Phosphorus (P):</b> 1.8 mg/kg</p>
        <p><b>Potassium (K):</b> 49.2 mg/kg</p>
        <p><b>Organic Carbon (OC):</b> 0.87 %</p>
        <p><b>Coordinates:</b> 15.111004°N, 80.041799°E</p>
      ]]></description>
      <Point>
        <coordinates>80.041799,15.111004,0</coordinates>
      </Point>
    </Placemark>
    <Placemark>
      <name>Point_84</name>
      <styleUrl>#soil_point</styleUrl>
      <TimeSpan>
        <begin>2025-01-01</begin>
        <end>2026-12-30</end>
      </TimeSpan>
      <description><![CDATA[
        <h3>Soil Health Card Record</h3>
        <p><b>Point ID:</b> Point_84</p>
        <p><b>Validity Period:</b> 2025-01-01 to 2026-12-30</p>
        <p><b>Nitrogen (N):</b> 226.0 kg/ha</p>
        <p><b>Phosphorus (P):</b> 1.8 mg/kg</p>
        <p><b>Potassium (K):</b> 49.2 mg/kg</p>
        <p><b>Organic Carbon (OC):</b> 0.12 %</p>
        <p><b>Coordinates:</b> 15.110328°N, 80.041649°E</p>
      ]]></description>
      <Point>
        <coordinates>80.041649,15.110328,0</coordinates>
      </Point>
    </Placemark>
    <Placemark>
      <name>Point_85</name>
      <styleUrl>#soil_point</styleUrl>
      <TimeSpan>
        <begin>2025-01-01</begin>
        <end>2026-12-30</end>
      </TimeSpan>
      <description><![CDATA[
        <h3>Soil Health Card Record</h3>
        <p><b>Point ID:</b> Point_85</p>
        <p><b>Validity Period:</b> 2025-01-01 to 2026-12-30</p>
        <p><b>Nitrogen (N):</b> 226.0 kg/ha</p>
        <p><b>Phosphorus (P):</b> 1.8 mg/kg</p>
        <p><b>Potassium (K):</b> 49.2 mg/kg</p>
        <p><b>Organic Carbon (OC):</b> 0.87 %</p>
        <p><b>Coordinates:</b> 15.111037°N, 80.041787°E</p>
      ]]></description>
      <Point>
        <coordinates>80.041787,15.111037,0</coordinates>
      </Point>
    </Placemark>
    <Placemark>
      <name>Point_86</name>
      <styleUrl>#soil_point</styleUrl>
      <TimeSpan>
        <begin>2025-01-01</begin>
        <end>2026-12-30</end>
      </TimeSpan>
      <description><![CDATA[
        <h3>Soil Health Card Record</h3>
        <p><b>Point ID:</b> Point_86</p>
        <p><b>Validity Period:</b> 2025-01-01 to 2026-12-30</p>
        <p><b>Nitrogen (N):</b> 289.0 kg/ha</p>
        <p><b>Phosphorus (P):</b> 4.7 mg/kg</p>
        <p><b>Potassium (K):</b> 35.1 mg/kg</p>
        <p><b>Organic Carbon (OC):</b> 0.89 %</p>
        <p><b>Coordinates:</b> 15.110896°N, 80.028423°E</p>
      ]]></description>
      <Point>
        <coordinates>80.028423,15.110896,0</coordinates>
      </Point>
    </Placemark>
    <Placemark>
      <name>Point_87</name>
      <styleUrl>#soil_point</styleUrl>
      <TimeSpan>
        <begin>2025-01-01</begin>
        <end>2026-12-30</end>
      </TimeSpan>
      <description><![CDATA[
        <h3>Soil Health Card Record</h3>
        <p><b>Point ID:</b> Point_87</p>
        <p><b>Validity Period:</b> 2025-01-01 to 2026-12-30</p>
        <p><b>Nitrogen (N):</b> 289.0 kg/ha</p>
        <p><b>Phosphorus (P):</b> 4.7 mg/kg</p>
        <p><b>Potassium (K):</b> 35.1 mg/kg</p>
        <p><b>Organic Carbon (OC):</b> 0.89 %</p>
        <p><b>Coordinates:</b> 15.111032°N, 80.028427°E</p>
      ]]></description>
      <Point>
        <coordinates>80.028427,15.111032,0</coordinates>
      </Point>
    </Placemark>
    <Placemark>
      <name>Point_88</name>
      <styleUrl>#soil_point</styleUrl>
      <TimeSpan>
        <begin>2025-01-01</begin>
        <end>2026-12-30</end>
      </TimeSpan>
      <description><![CDATA[
        <h3>Soil Health Card Record</h3>
        <p><b>Point ID:</b> Point_88</p>
        <p><b>Validity Period:</b> 2025-01-01 to 2026-12-30</p>
        <p><b>Nitrogen (N):</b> 289.0 kg/ha</p>
        <p><b>Phosphorus (P):</b> 4.7 mg/kg</p>
        <p><b>Potassium (K):</b> 35.1 mg/kg</p>
        <p><b>Organic Carbon (OC):</b> 0.89 %</p>
        <p><b>Coordinates:</b> 15.110906°N, 80.028243°E</p>
      ]]></description>
      <Point>
        <coordinates>80.028243,15.110906,0</coordinates>
      </Point>
    </Placemark>
    <Placemark>
      <name>Point_89</name>
      <styleUrl>#soil_point</styleUrl>
      <TimeSpan>
        <begin>2025-01-01</begin>
        <end>2026-12-30</end>
      </TimeSpan>
      <description><![CDATA[
        <h3>Soil Health Card Record</h3>
        <p><b>Point ID:</b> Point_89</p>
        <p><b>Validity Period:</b> 2025-01-01 to 2026-12-30</p>
        <p><b>Nitrogen (N):</b> 289.0 kg/ha</p>
        <p><b>Phosphorus (P):</b> 4.7 mg/kg</p>
        <p><b>Potassium (K):</b> 35.1 mg/kg</p>
        <p><b>Organic Carbon (OC):</b> 0.89 %</p>
        <p><b>Coordinates:</b> 15.110935°N, 80.028160°E</p>
      ]]></description>
      <Point>
        <coordinates>80.02816,15.110935,0</coordinates>
      </Point>
    </Placemark>
    <Placemark>
      <name>Point_90</name>
      <styleUrl>#soil_point</styleUrl>
      <TimeSpan>
        <begin>2025-01-01</begin>
        <end>2026-12-30</end>
      </TimeSpan>
      <description><![CDATA[
        <h3>Soil Health Card Record</h3>
        <p><b>Point ID:</b> Point_90</p>
        <p><b>Validity Period:</b> 2025-01-01 to 2026-12-30</p>
        <p><b>Nitrogen (N):</b> 289.0 kg/ha</p>
        <p><b>Phosphorus (P):</b> 4.7 mg/kg</p>
        <p><b>Potassium (K):</b> 35.1 mg/kg</p>
        <p><b>Organic Carbon (OC):</b> 0.89 %</p>
        <p><b>Coordinates:</b> 15.110638°N, 80.028409°E</p>
      ]]></description>
      <Point>
        <coordinates>80.028409,15.110638,0</coordinates>
      </Point>
    </Placemark>
    <Placemark>
      <name>Point_91</name>
      <styleUrl>#soil_point</styleUrl>
      <TimeSpan>
        <begin>2025-01-01</begin>
        <end>2026-12-30</end>
      </TimeSpan>
      <description><![CDATA[
        <h3>Soil Health Card Record</h3>
        <p><b>Point ID:</b> Point_91</p>
        <p><b>Validity Period:</b> 2025-01-01 to 2026-12-30</p>
        <p><b>Nitrogen (N):</b> 75.0 kg/ha</p>
        <p><b>Phosphorus (P):</b> 18.2 mg/kg</p>
        <p><b>Potassium (K):</b> 21.1 mg/kg</p>
        <p><b>Organic Carbon (OC):</b> 0.52 %</p>
        <p><b>Coordinates:</b> 15.089427°N, 80.039660°E</p>
      ]]></description>
      <Point>
        <coordinates>80.03966,15.089427,0</coordinates>
      </Point>
    </Placemark>
    <Placemark>
      <name>Point_92</name>
      <styleUrl>#soil_point</styleUrl>
      <TimeSpan>
        <begin>2025-01-01</begin>
        <end>2026-12-30</end>
      </TimeSpan>
      <description><![CDATA[
        <h3>Soil Health Card Record</h3>
        <p><b>Point ID:</b> Point_92</p>
        <p><b>Validity Period:</b> 2025-01-01 to 2026-12-30</p>
        <p><b>Nitrogen (N):</b> 314.0 kg/ha</p>
        <p><b>Phosphorus (P):</b> 18.2 mg/kg</p>
        <p><b>Potassium (K):</b> 28.1 mg/kg</p>
        <p><b>Organic Carbon (OC):</b> 0.5 %</p>
        <p><b>Coordinates:</b> 15.094667°N, 80.026777°E</p>
      ]]></description>
      <Point>
        <coordinates>80.026777,15.094667,0</coordinates>
      </Point>
    </Placemark>
    <Placemark>
      <name>Point_93</name>
      <styleUrl>#soil_point</styleUrl>
      <TimeSpan>
        <begin>2025-01-01</begin>
        <end>2026-12-30</end>
      </TimeSpan>
      <description><![CDATA[
        <h3>Soil Health Card Record</h3>
        <p><b>Point ID:</b> Point_93</p>
        <p><b>Validity Period:</b> 2025-01-01 to 2026-12-30</p>
        <p><b>Nitrogen (N):</b> 151.0 kg/ha</p>
        <p><b>Phosphorus (P):</b> 11.2 mg/kg</p>
        <p><b>Potassium (K):</b> 28.1 mg/kg</p>
        <p><b>Organic Carbon (OC):</b> 0.68 %</p>
        <p><b>Coordinates:</b> 15.093541°N, 80.027212°E</p>
      ]]></description>
      <Point>
        <coordinates>80.027212,15.093541,0</coordinates>
      </Point>
    </Placemark>
    <Placemark>
      <name>Point_94</name>
      <styleUrl>#soil_point</styleUrl>
      <TimeSpan>
        <begin>2025-01-01</begin>
        <end>2026-12-30</end>
      </TimeSpan>
      <description><![CDATA[
        <h3>Soil Health Card Record</h3>
        <p><b>Point ID:</b> Point_94</p>
        <p><b>Validity Period:</b> 2025-01-01 to 2026-12-30</p>
        <p><b>Nitrogen (N):</b> 88.0 kg/ha</p>
        <p><b>Phosphorus (P):</b> 15.9 mg/kg</p>
        <p><b>Potassium (K):</b> 42.1 mg/kg</p>
        <p><b>Organic Carbon (OC):</b> 0.36 %</p>
        <p><b>Coordinates:</b> 15.092408°N, 80.029341°E</p>
      ]]></description>
      <Point>
        <coordinates>80.029341,15.092408,0</coordinates>
      </Point>
    </Placemark>
    <Placemark>
      <name>Point_95</name>
      <styleUrl>#soil_point</styleUrl>
      <TimeSpan>
        <begin>2025-01-01</begin>
        <end>2026-12-30</end>
      </TimeSpan>
      <description><![CDATA[
        <h3>Soil Health Card Record</h3>
        <p><b>Point ID:</b> Point_95</p>
        <p><b>Validity Period:</b> 2025-01-01 to 2026-12-30</p>
        <p><b>Nitrogen (N):</b> 88.0 kg/ha</p>
        <p><b>Phosphorus (P):</b> 15.9 mg/kg</p>
        <p><b>Potassium (K):</b> 42.1 mg/kg</p>
        <p><b>Organic Carbon (OC):</b> 0.36 %</p>
        <p><b>Coordinates:</b> 15.092618°N, 80.029863°E</p>
      ]]></description>
      <Point>
        <coordinates>80.029863,15.092618,0</coordinates>
      </Point>
    </Placemark>
    <Placemark>
      <name>Point_96</name>
      <styleUrl>#soil_point</styleUrl>
      <TimeSpan>
        <begin>2025-01-01</begin>
        <end>2026-12-30</end>
      </TimeSpan>
      <description><![CDATA[
        <h3>Soil Health Card Record</h3>
        <p><b>Point ID:</b> Point_96</p>
        <p><b>Validity Period:</b> 2025-01-01 to 2026-12-30</p>
        <p><b>Nitrogen (N):</b> 138.0 kg/ha</p>
        <p><b>Phosphorus (P):</b> 12.3 mg/kg</p>
        <p><b>Potassium (K):</b> 28.1 mg/kg</p>
        <p><b>Organic Carbon (OC):</b> 0.65 %</p>
        <p><b>Coordinates:</b> 15.091276°N, 80.027950°E</p>
      ]]></description>
      <Point>
        <coordinates>80.02795,15.091276,0</coordinates>
      </Point>
    </Placemark>
    <Placemark>
      <name>Point_97</name>
      <styleUrl>#soil_point</styleUrl>
      <TimeSpan>
        <begin>2025-01-01</begin>
        <end>2026-12-30</end>
      </TimeSpan>
      <description><![CDATA[
        <h3>Soil Health Card Record</h3>
        <p><b>Point ID:</b> Point_97</p>
        <p><b>Validity Period:</b> 2025-01-01 to 2026-12-30</p>
        <p><b>Nitrogen (N):</b> 113.0 kg/ha</p>
        <p><b>Phosphorus (P):</b> 27.0 mg/kg</p>
        <p><b>Potassium (K):</b> 21.1 mg/kg</p>
        <p><b>Organic Carbon (OC):</b> 0.52 %</p>
        <p><b>Coordinates:</b> 15.089472°N, 80.030427°E</p>
      ]]></description>
      <Point>
        <coordinates>80.030427,15.089472,0</coordinates>
      </Point>
    </Placemark>
    <Placemark>
      <name>Point_98</name>
      <styleUrl>#soil_point</styleUrl>
      <TimeSpan>
        <begin>2025-01-01</begin>
        <end>2026-12-30</end>
      </TimeSpan>
      <description><![CDATA[
        <h3>Soil Health Card Record</h3>
        <p><b>Point ID:</b> Point_98</p>
        <p><b>Validity Period:</b> 2025-01-01 to 2026-12-30</p>
        <p><b>Nitrogen (N):</b> 151.0 kg/ha</p>
        <p><b>Phosphorus (P):</b> 37.59 mg/kg</p>
        <p><b>Potassium (K):</b> 56.2 mg/kg</p>
        <p><b>Organic Carbon (OC):</b> 0.37 %</p>
        <p><b>Coordinates:</b> 15.088088°N, 80.028472°E</p>
      ]]></description>
      <Point>
        <coordinates>80.028472,15.088088,0</coordinates>
      </Point>
    </Placemark>
    <Placemark>
      <name>Point_99</name>
      <styleUrl>#soil_point</styleUrl>
      <TimeSpan>
        <begin>2025-01-01</begin>
        <end>2026-12-30</end>
      </TimeSpan>
      <description><![CDATA[
        <h3>Soil Health Card Record</h3>
        <p><b>Point ID:</b> Point_99</p>
        <p><b>Validity Period:</b> 2025-01-01 to 2026-12-30</p>
        <p><b>Nitrogen (N):</b> 125.0 kg/ha</p>
        <p><b>Phosphorus (P):</b> 10.0 mg/kg</p>
        <p><b>Potassium (K):</b> 28.1 mg/kg</p>
        <p><b>Organic Carbon (OC):</b> 0.92 %</p>
        <p><b>Coordinates:</b> 15.087081°N, 80.027342°E</p>
      ]]></description>
      <Point>
        <coordinates>80.027342,15.087081,0</coordinates>
      </Point>
    </Placemark>
    <Placemark>
      <name>Point_100</name>
      <styleUrl>#soil_point</styleUrl>
      <TimeSpan>
        <begin>2025-01-01</begin>
        <end>2026-12-30</end>
      </TimeSpan>
      <description><![CDATA[
        <h3>Soil Health Card Record</h3>
        <p><b>Point ID:</b> Point_100</p>
        <p><b>Validity Period:</b> 2025-01-01 to 2026-12-30</p>
        <p><b>Nitrogen (N):</b> 113.0 kg/ha</p>
        <p><b>Phosphorus (P):</b> 12.3 mg/kg</p>
        <p><b>Potassium (K):</b> 35.0 mg/kg</p>
        <p><b>Organic Carbon (OC):</b> 0.5 %</p>
        <p><b>Coordinates:</b> 15.086410°N, 80.029863°E</p>
      ]]></description>
      <Point>
        <coordinates>80.029863,15.08641,0</coordinates>
      </Point>
    </Placemark>
    <Placemark>
      <name>Point_101</name>
      <styleUrl>#soil_point</styleUrl>
      <TimeSpan>
        <begin>2025-01-01</begin>
        <end>2026-12-30</end>
      </TimeSpan>
      <description><![CDATA[
        <h3>Soil Health Card Record</h3>
        <p><b>Point ID:</b> Point_101</p>
        <p><b>Validity Period:</b> 2025-01-01 to 2026-12-30</p>
        <p><b>Nitrogen (N):</b> 113.0 kg/ha</p>
        <p><b>Phosphorus (P):</b> 12.3 mg/kg</p>
        <p><b>Potassium (K):</b> 35.0 mg/kg</p>
        <p><b>Organic Carbon (OC):</b> 0.5 %</p>
        <p><b>Coordinates:</b> 15.085403°N, 80.029993°E</p>
      ]]></description>
      <Point>
        <coordinates>80.029993,15.085403,0</coordinates>
      </Point>
    </Placemark>
    <Placemark>
      <name>Point_102</name>
      <styleUrl>#soil_point</styleUrl>
      <TimeSpan>
        <begin>2025-01-01</begin>
        <end>2026-12-30</end>
      </TimeSpan>
      <description><![CDATA[
        <h3>Soil Health Card Record</h3>
        <p><b>Point ID:</b> Point_102</p>
        <p><b>Validity Period:</b> 2025-01-01 to 2026-12-30</p>
        <p><b>Nitrogen (N):</b> 151.0 kg/ha</p>
        <p><b>Phosphorus (P):</b> 11.2 mg/kg</p>
        <p><b>Potassium (K):</b> 28.1 mg/kg</p>
        <p><b>Organic Carbon (OC):</b> 0.68 %</p>
        <p><b>Coordinates:</b> 15.093163°N, 80.026690°E</p>
      ]]></description>
      <Point>
        <coordinates>80.02669,15.093163,0</coordinates>
      </Point>
    </Placemark>
    <Placemark>
      <name>Point_103</name>
      <styleUrl>#soil_point</styleUrl>
      <TimeSpan>
        <begin>2025-01-01</begin>
        <end>2026-12-30</end>
      </TimeSpan>
      <description><![CDATA[
        <h3>Soil Health Card Record</h3>
        <p><b>Point ID:</b> Point_103</p>
        <p><b>Validity Period:</b> 2025-01-01 to 2026-12-30</p>
        <p><b>Nitrogen (N):</b> 113.0 kg/ha</p>
        <p><b>Phosphorus (P):</b> 12.3 mg/kg</p>
        <p><b>Potassium (K):</b> 35.0 mg/kg</p>
        <p><b>Organic Carbon (OC):</b> 0.5 %</p>
        <p><b>Coordinates:</b> 15.085489°N, 80.029995°E</p>
      ]]></description>
      <Point>
        <coordinates>80.029995,15.085489,0</coordinates>
      </Point>
    </Placemark>
    <Placemark>
      <name>Point_104</name>
      <styleUrl>#soil_point</styleUrl>
      <TimeSpan>
        <begin>2025-01-01</begin>
        <end>2026-12-30</end>
      </TimeSpan>
      <description><![CDATA[
        <h3>Soil Health Card Record</h3>
        <p><b>Point ID:</b> Point_104</p>
        <p><b>Validity Period:</b> 2025-01-01 to 2026-12-30</p>
        <p><b>Nitrogen (N):</b> 226.0 kg/ha</p>
        <p><b>Phosphorus (P):</b> 12.3 mg/kg</p>
        <p><b>Potassium (K):</b> 28.1 mg/kg</p>
        <p><b>Organic Carbon (OC):</b> 0.71 %</p>
        <p><b>Coordinates:</b> 15.082922°N, 80.031298°E</p>
      ]]></description>
      <Point>
        <coordinates>80.031298,15.082922,0</coordinates>
      </Point>
    </Placemark>
    <Placemark>
      <name>Point_105</name>
      <styleUrl>#soil_point</styleUrl>
      <TimeSpan>
        <begin>2025-01-01</begin>
        <end>2026-12-30</end>
      </TimeSpan>
      <description><![CDATA[
        <h3>Soil Health Card Record</h3>
        <p><b>Point ID:</b> Point_105</p>
        <p><b>Validity Period:</b> 2025-01-01 to 2026-12-30</p>
        <p><b>Nitrogen (N):</b> 213.0 kg/ha</p>
        <p><b>Phosphorus (P):</b> 7.0 mg/kg</p>
        <p><b>Potassium (K):</b> 35.1 mg/kg</p>
        <p><b>Organic Carbon (OC):</b> 0.48 %</p>
        <p><b>Coordinates:</b> 15.081580°N, 80.030429°E</p>
      ]]></description>
      <Point>
        <coordinates>80.030429,15.08158,0</coordinates>
      </Point>
    </Placemark>
    <Placemark>
      <name>Point_106</name>
      <styleUrl>#soil_point</styleUrl>
      <TimeSpan>
        <begin>2025-01-01</begin>
        <end>2026-12-30</end>
      </TimeSpan>
      <description><![CDATA[
        <h3>Soil Health Card Record</h3>
        <p><b>Point ID:</b> Point_106</p>
        <p><b>Validity Period:</b> 2025-01-01 to 2026-12-30</p>
        <p><b>Nitrogen (N):</b> 188.0 kg/ha</p>
        <p><b>Phosphorus (P):</b> 24.1 mg/kg</p>
        <p><b>Potassium (K):</b> 49.2 mg/kg</p>
        <p><b>Organic Carbon (OC):</b> 0.65 %</p>
        <p><b>Coordinates:</b> 15.081454°N, 80.028648°E</p>
      ]]></description>
      <Point>
        <coordinates>80.028648,15.081454,0</coordinates>
      </Point>
    </Placemark>
    <Placemark>
      <name>Point_107</name>
      <styleUrl>#soil_point</styleUrl>
      <TimeSpan>
        <begin>2025-01-01</begin>
        <end>2026-12-30</end>
      </TimeSpan>
      <description><![CDATA[
        <h3>Soil Health Card Record</h3>
        <p><b>Point ID:</b> Point_107</p>
        <p><b>Validity Period:</b> 2025-01-01 to 2026-12-30</p>
        <p><b>Nitrogen (N):</b> 138.0 kg/ha</p>
        <p><b>Phosphorus (P):</b> 15.9 mg/kg</p>
        <p><b>Potassium (K):</b> 28.1 mg/kg</p>
        <p><b>Organic Carbon (OC):</b> 0.73 %</p>
        <p><b>Coordinates:</b> 15.080237°N, 80.033167°E</p>
      ]]></description>
      <Point>
        <coordinates>80.033167,15.080237,0</coordinates>
      </Point>
    </Placemark>
    <Placemark>
      <name>Point_108</name>
      <styleUrl>#soil_point</styleUrl>
      <TimeSpan>
        <begin>2025-01-01</begin>
        <end>2026-12-30</end>
      </TimeSpan>
      <description><![CDATA[
        <h3>Soil Health Card Record</h3>
        <p><b>Point ID:</b> Point_108</p>
        <p><b>Validity Period:</b> 2025-01-01 to 2026-12-30</p>
        <p><b>Nitrogen (N):</b> 314.0 kg/ha</p>
        <p><b>Phosphorus (P):</b> 17.7 mg/kg</p>
        <p><b>Potassium (K):</b> 366.0 mg/kg</p>
        <p><b>Organic Carbon (OC):</b> 0.1 %</p>
        <p><b>Coordinates:</b> 14.993612°N, 79.912011°E</p>
      ]]></description>
      <Point>
        <coordinates>79.912011,14.993612,0</coordinates>
      </Point>
    </Placemark>
    <Placemark>
      <name>Point_109</name>
      <styleUrl>#soil_point</styleUrl>
      <TimeSpan>
        <begin>2025-01-01</begin>
        <end>2026-12-30</end>
      </TimeSpan>
      <description><![CDATA[
        <h3>Soil Health Card Record</h3>
        <p><b>Point ID:</b> Point_109</p>
        <p><b>Validity Period:</b> 2025-01-01 to 2026-12-30</p>
        <p><b>Nitrogen (N):</b> 125.0 kg/ha</p>
        <p><b>Phosphorus (P):</b> 11.7 mg/kg</p>
        <p><b>Potassium (K):</b> 105.3 mg/kg</p>
        <p><b>Organic Carbon (OC):</b> 0.34 %</p>
        <p><b>Coordinates:</b> 14.886735°N, 79.907462°E</p>
      ]]></description>
      <Point>
        <coordinates>79.907462,14.886735,0</coordinates>
      </Point>
    </Placemark>
    <Placemark>
      <name>Point_110</name>
      <styleUrl>#soil_point</styleUrl>
      <TimeSpan>
        <begin>2025-01-01</begin>
        <end>2026-12-30</end>
      </TimeSpan>
      <description><![CDATA[
        <h3>Soil Health Card Record</h3>
        <p><b>Point ID:</b> Point_110</p>
        <p><b>Validity Period:</b> 2025-01-01 to 2026-12-30</p>
        <p><b>Nitrogen (N):</b> 75.0 kg/ha</p>
        <p><b>Phosphorus (P):</b> 86.8 mg/kg</p>
        <p><b>Potassium (K):</b> 335.2 mg/kg</p>
        <p><b>Organic Carbon (OC):</b> 0.18 %</p>
        <p><b>Coordinates:</b> 14.128473°N, 79.831852°E</p>
      ]]></description>
      <Point>
        <coordinates>79.831852,14.128473,0</coordinates>
      </Point>
    </Placemark>
    <Placemark>
      <name>Point_111</name>
      <styleUrl>#soil_point</styleUrl>
      <TimeSpan>
        <begin>2025-01-01</begin>
        <end>2026-12-30</end>
      </TimeSpan>
      <description><![CDATA[
        <h3>Soil Health Card Record</h3>
        <p><b>Point ID:</b> Point_111</p>
        <p><b>Validity Period:</b> 2025-01-01 to 2026-12-30</p>
        <p><b>Nitrogen (N):</b> 75.0 kg/ha</p>
        <p><b>Phosphorus (P):</b> 86.8 mg/kg</p>
        <p><b>Potassium (K):</b> 335.2 mg/kg</p>
        <p><b>Organic Carbon (OC):</b> 0.18 %</p>
        <p><b>Coordinates:</b> 14.128599°N, 79.830847°E</p>
      ]]></description>
      <Point>
        <coordinates>79.830847,14.128599,0</coordinates>
      </Point>
    </Placemark>
    <Placemark>
      <name>Point_112</name>
      <styleUrl>#soil_point</styleUrl>
      <TimeSpan>
        <begin>2025-01-01</begin>
        <end>2026-12-30</end>
      </TimeSpan>
      <description><![CDATA[
        <h3>Soil Health Card Record</h3>
        <p><b>Point ID:</b> Point_112</p>
        <p><b>Validity Period:</b> 2025-01-01 to 2026-12-30</p>
        <p><b>Nitrogen (N):</b> 75.0 kg/ha</p>
        <p><b>Phosphorus (P):</b> 86.8 mg/kg</p>
        <p><b>Potassium (K):</b> 335.2 mg/kg</p>
        <p><b>Organic Carbon (OC):</b> 0.18 %</p>
        <p><b>Coordinates:</b> 14.128510°N, 79.831879°E</p>
      ]]></description>
      <Point>
        <coordinates>79.831879,14.12851,0</coordinates>
      </Point>
    </Placemark>
    <Placemark>
      <name>Point_113</name>
      <styleUrl>#soil_point</styleUrl>
      <TimeSpan>
        <begin>2025-01-01</begin>
        <end>2026-12-30</end>
      </TimeSpan>
      <description><![CDATA[
        <h3>Soil Health Card Record</h3>
        <p><b>Point ID:</b> Point_113</p>
        <p><b>Validity Period:</b> 2025-01-01 to 2026-12-30</p>
        <p><b>Nitrogen (N):</b> 100.0 kg/ha</p>
        <p><b>Phosphorus (P):</b> 10.0 mg/kg</p>
        <p><b>Potassium (K):</b> 285.5 mg/kg</p>
        <p><b>Organic Carbon (OC):</b> 0.27 %</p>
        <p><b>Coordinates:</b> 14.128339°N, 79.832047°E</p>
      ]]></description>
      <Point>
        <coordinates>79.832047,14.128339,0</coordinates>
      </Point>
    </Placemark>
    <Placemark>
      <name>Point_114</name>
      <styleUrl>#soil_point</styleUrl>
      <TimeSpan>
        <begin>2025-01-01</begin>
        <end>2026-12-30</end>
      </TimeSpan>
      <description><![CDATA[
        <h3>Soil Health Card Record</h3>
        <p><b>Point ID:</b> Point_114</p>
        <p><b>Validity Period:</b> 2025-01-01 to 2026-12-30</p>
        <p><b>Nitrogen (N):</b> 100.0 kg/ha</p>
        <p><b>Phosphorus (P):</b> 10.0 mg/kg</p>
        <p><b>Potassium (K):</b> 285.5 mg/kg</p>
        <p><b>Organic Carbon (OC):</b> 0.27 %</p>
        <p><b>Coordinates:</b> 14.128339°N, 79.831852°E</p>
      ]]></description>
      <Point>
        <coordinates>79.831852,14.128339,0</coordinates>
      </Point>
    </Placemark>
    <Placemark>
      <name>Point_115</name>
      <styleUrl>#soil_point</styleUrl>
      <TimeSpan>
        <begin>2025-01-01</begin>
        <end>2026-12-30</end>
      </TimeSpan>
      <description><![CDATA[
        <h3>Soil Health Card Record</h3>
        <p><b>Point ID:</b> Point_115</p>
        <p><b>Validity Period:</b> 2025-01-01 to 2026-12-30</p>
        <p><b>Nitrogen (N):</b> 100.0 kg/ha</p>
        <p><b>Phosphorus (P):</b> 10.0 mg/kg</p>
        <p><b>Potassium (K):</b> 285.5 mg/kg</p>
        <p><b>Organic Carbon (OC):</b> 0.27 %</p>
        <p><b>Coordinates:</b> 14.128245°N, 79.832267°E</p>
      ]]></description>
      <Point>
        <coordinates>79.832267,14.128245,0</coordinates>
      </Point>
    </Placemark>
    <Placemark>
      <name>Point_116</name>
      <styleUrl>#soil_point</styleUrl>
      <TimeSpan>
        <begin>2025-01-01</begin>
        <end>2026-12-30</end>
      </TimeSpan>
      <description><![CDATA[
        <h3>Soil Health Card Record</h3>
        <p><b>Point ID:</b> Point_116</p>
        <p><b>Validity Period:</b> 2025-01-01 to 2026-12-30</p>
        <p><b>Nitrogen (N):</b> 100.0 kg/ha</p>
        <p><b>Phosphorus (P):</b> 10.0 mg/kg</p>
        <p><b>Potassium (K):</b> 285.5 mg/kg</p>
        <p><b>Organic Carbon (OC):</b> 0.27 %</p>
        <p><b>Coordinates:</b> 14.128228°N, 79.831703°E</p>
      ]]></description>
      <Point>
        <coordinates>79.831703,14.128228,0</coordinates>
      </Point>
    </Placemark>
    <Placemark>
      <name>Point_117</name>
      <styleUrl>#soil_point</styleUrl>
      <TimeSpan>
        <begin>2025-01-01</begin>
        <end>2026-12-30</end>
      </TimeSpan>
      <description><![CDATA[
        <h3>Soil Health Card Record</h3>
        <p><b>Point ID:</b> Point_117</p>
        <p><b>Validity Period:</b> 2025-01-01 to 2026-12-30</p>
        <p><b>Nitrogen (N):</b> 100.0 kg/ha</p>
        <p><b>Phosphorus (P):</b> 10.0 mg/kg</p>
        <p><b>Potassium (K):</b> 285.5 mg/kg</p>
        <p><b>Organic Carbon (OC):</b> 0.27 %</p>
        <p><b>Coordinates:</b> 14.128305°N, 79.831332°E</p>
      ]]></description>
      <Point>
        <coordinates>79.831332,14.128305,0</coordinates>
      </Point>
    </Placemark>
    <Placemark>
      <name>Point_118</name>
      <styleUrl>#soil_point</styleUrl>
      <TimeSpan>
        <begin>2025-01-01</begin>
        <end>2026-12-30</end>
      </TimeSpan>
      <description><![CDATA[
        <h3>Soil Health Card Record</h3>
        <p><b>Point ID:</b> Point_118</p>
        <p><b>Validity Period:</b> 2025-01-01 to 2026-12-30</p>
        <p><b>Nitrogen (N):</b> 75.0 kg/ha</p>
        <p><b>Phosphorus (P):</b> 86.8 mg/kg</p>
        <p><b>Potassium (K):</b> 335.2 mg/kg</p>
        <p><b>Organic Carbon (OC):</b> 0.18 %</p>
        <p><b>Coordinates:</b> 14.128185°N, 79.830856°E</p>
      ]]></description>
      <Point>
        <coordinates>79.830856,14.128185,0</coordinates>
      </Point>
    </Placemark>
    <Placemark>
      <name>Point_119</name>
      <styleUrl>#soil_point</styleUrl>
      <TimeSpan>
        <begin>2025-01-01</begin>
        <end>2026-12-30</end>
      </TimeSpan>
      <description><![CDATA[
        <h3>Soil Health Card Record</h3>
        <p><b>Point ID:</b> Point_119</p>
        <p><b>Validity Period:</b> 2025-01-01 to 2026-12-30</p>
        <p><b>Nitrogen (N):</b> 100.0 kg/ha</p>
        <p><b>Phosphorus (P):</b> 10.0 mg/kg</p>
        <p><b>Potassium (K):</b> 285.5 mg/kg</p>
        <p><b>Organic Carbon (OC):</b> 0.27 %</p>
        <p><b>Coordinates:</b> 14.128091°N, 79.831279°E</p>
      ]]></description>
      <Point>
        <coordinates>79.831279,14.128091,0</coordinates>
      </Point>
    </Placemark>
    <Placemark>
      <name>Point_120</name>
      <styleUrl>#soil_point</styleUrl>
      <TimeSpan>
        <begin>2025-01-01</begin>
        <end>2026-12-30</end>
      </TimeSpan>
      <description><![CDATA[
        <h3>Soil Health Card Record</h3>
        <p><b>Point ID:</b> Point_120</p>
        <p><b>Validity Period:</b> 2025-01-01 to 2026-12-30</p>
        <p><b>Nitrogen (N):</b> 100.0 kg/ha</p>
        <p><b>Phosphorus (P):</b> 10.0 mg/kg</p>
        <p><b>Potassium (K):</b> 285.5 mg/kg</p>
        <p><b>Organic Carbon (OC):</b> 0.27 %</p>
        <p><b>Coordinates:</b> 14.127997°N, 79.831535°E</p>
      ]]></description>
      <Point>
        <coordinates>79.831535,14.127997,0</coordinates>
      </Point>
    </Placemark>
    <Placemark>
      <name>Point_121</name>
      <styleUrl>#soil_point</styleUrl>
      <TimeSpan>
        <begin>2025-01-01</begin>
        <end>2026-12-30</end>
      </TimeSpan>
      <description><![CDATA[
        <h3>Soil Health Card Record</h3>
        <p><b>Point ID:</b> Point_121</p>
        <p><b>Validity Period:</b> 2025-01-01 to 2026-12-30</p>
        <p><b>Nitrogen (N):</b> 151.0 kg/ha</p>
        <p><b>Phosphorus (P):</b> 19.2 mg/kg</p>
        <p><b>Potassium (K):</b> 154.5 mg/kg</p>
        <p><b>Organic Carbon (OC):</b> 0.39 %</p>
        <p><b>Coordinates:</b> 15.115114°N, 79.721564°E</p>
      ]]></description>
      <Point>
        <coordinates>79.721564,15.115114,0</coordinates>
      </Point>
    </Placemark>
    <Placemark>
      <name>Point_122</name>
      <styleUrl>#soil_point</styleUrl>
      <TimeSpan>
        <begin>2025-01-01</begin>
        <end>2026-12-30</end>
      </TimeSpan>
      <description><![CDATA[
        <h3>Soil Health Card Record</h3>
        <p><b>Point ID:</b> Point_122</p>
        <p><b>Validity Period:</b> 2025-01-01 to 2026-12-30</p>
        <p><b>Nitrogen (N):</b> 188.0 kg/ha</p>
        <p><b>Phosphorus (P):</b> 32.3 mg/kg</p>
        <p><b>Potassium (K):</b> 323.0 mg/kg</p>
        <p><b>Organic Carbon (OC):</b> 0.25 %</p>
        <p><b>Coordinates:</b> 14.970048°N, 80.042034°E</p>
      ]]></description>
      <Point>
        <coordinates>80.042034,14.970048,0</coordinates>
      </Point>
    </Placemark>
    <Placemark>
      <name>Point_123</name>
      <styleUrl>#soil_point</styleUrl>
      <TimeSpan>
        <begin>2025-01-01</begin>
        <end>2026-12-30</end>
      </TimeSpan>
      <description><![CDATA[
        <h3>Soil Health Card Record</h3>
        <p><b>Point ID:</b> Point_123</p>
        <p><b>Validity Period:</b> 2025-01-01 to 2026-12-30</p>
        <p><b>Nitrogen (N):</b> 100.0 kg/ha</p>
        <p><b>Phosphorus (P):</b> 31.5 mg/kg</p>
        <p><b>Potassium (K):</b> 540.0 mg/kg</p>
        <p><b>Organic Carbon (OC):</b> 0.17 %</p>
        <p><b>Coordinates:</b> 14.418031°N, 80.039208°E</p>
      ]]></description>
      <Point>
        <coordinates>80.039208,14.418031,0</coordinates>
      </Point>
    </Placemark>
    <Placemark>
      <name>Point_124</name>
      <styleUrl>#soil_point</styleUrl>
      <TimeSpan>
        <begin>2025-01-01</begin>
        <end>2026-12-30</end>
      </TimeSpan>
      <description><![CDATA[
        <h3>Soil Health Card Record</h3>
        <p><b>Point ID:</b> Point_124</p>
        <p><b>Validity Period:</b> 2025-01-01 to 2026-12-30</p>
        <p><b>Nitrogen (N):</b> 100.0 kg/ha</p>
        <p><b>Phosphorus (P):</b> 31.5 mg/kg</p>
        <p><b>Potassium (K):</b> 540.0 mg/kg</p>
        <p><b>Organic Carbon (OC):</b> 0.17 %</p>
        <p><b>Coordinates:</b> 14.418495°N, 80.039017°E</p>
      ]]></description>
      <Point>
        <coordinates>80.039017,14.418495,0</coordinates>
      </Point>
    </Placemark>
    <Placemark>
      <name>Point_125</name>
      <styleUrl>#soil_point</styleUrl>
      <TimeSpan>
        <begin>2025-01-01</begin>
        <end>2026-12-30</end>
      </TimeSpan>
      <description><![CDATA[
        <h3>Soil Health Card Record</h3>
        <p><b>Point ID:</b> Point_125</p>
        <p><b>Validity Period:</b> 2025-01-01 to 2026-12-30</p>
        <p><b>Nitrogen (N):</b> 100.0 kg/ha</p>
        <p><b>Phosphorus (P):</b> 31.5 mg/kg</p>
        <p><b>Potassium (K):</b> 540.0 mg/kg</p>
        <p><b>Organic Carbon (OC):</b> 0.17 %</p>
        <p><b>Coordinates:</b> 14.418812°N, 80.038690°E</p>
      ]]></description>
      <Point>
        <coordinates>80.03869,14.418812,0</coordinates>
      </Point>
    </Placemark>
    <Placemark>
      <name>Point_126</name>
      <styleUrl>#soil_point</styleUrl>
      <TimeSpan>
        <begin>2025-01-01</begin>
        <end>2026-12-30</end>
      </TimeSpan>
      <description><![CDATA[
        <h3>Soil Health Card Record</h3>
        <p><b>Point ID:</b> Point_126</p>
        <p><b>Validity Period:</b> 2025-01-01 to 2026-12-30</p>
        <p><b>Nitrogen (N):</b> 75.0 kg/ha</p>
        <p><b>Phosphorus (P):</b> 10.0 mg/kg</p>
        <p><b>Potassium (K):</b> 584.0 mg/kg</p>
        <p><b>Organic Carbon (OC):</b> 0.12 %</p>
        <p><b>Coordinates:</b> 14.449035°N, 80.053729°E</p>
      ]]></description>
      <Point>
        <coordinates>80.053729,14.449035,0</coordinates>
      </Point>
    </Placemark>
    <Placemark>
      <name>Point_127</name>
      <styleUrl>#soil_point</styleUrl>
      <TimeSpan>
        <begin>2025-01-01</begin>
        <end>2026-12-30</end>
      </TimeSpan>
      <description><![CDATA[
        <h3>Soil Health Card Record</h3>
        <p><b>Point ID:</b> Point_127</p>
        <p><b>Validity Period:</b> 2025-01-01 to 2026-12-30</p>
        <p><b>Nitrogen (N):</b> 88.0 kg/ha</p>
        <p><b>Phosphorus (P):</b> 15.4 mg/kg</p>
        <p><b>Potassium (K):</b> 528.0 mg/kg</p>
        <p><b>Organic Carbon (OC):</b> 0.36 %</p>
        <p><b>Coordinates:</b> 14.442702°N, 80.051426°E</p>
      ]]></description>
      <Point>
        <coordinates>80.051426,14.442702,0</coordinates>
      </Point>
    </Placemark>
    <Placemark>
      <name>Point_128</name>
      <styleUrl>#soil_point</styleUrl>
      <TimeSpan>
        <begin>2025-01-01</begin>
        <end>2026-12-30</end>
      </TimeSpan>
      <description><![CDATA[
        <h3>Soil Health Card Record</h3>
        <p><b>Point ID:</b> Point_128</p>
        <p><b>Validity Period:</b> 2025-01-01 to 2026-12-30</p>
        <p><b>Nitrogen (N):</b> 75.0 kg/ha</p>
        <p><b>Phosphorus (P):</b> 30.0 mg/kg</p>
        <p><b>Potassium (K):</b> 614.0 mg/kg</p>
        <p><b>Organic Carbon (OC):</b> 0.41 %</p>
        <p><b>Coordinates:</b> 14.438297°N, 80.053586°E</p>
      ]]></description>
      <Point>
        <coordinates>80.053586,14.438297,0</coordinates>
      </Point>
    </Placemark>
    <Placemark>
      <name>Point_129</name>
      <styleUrl>#soil_point</styleUrl>
      <TimeSpan>
        <begin>2025-01-01</begin>
        <end>2026-12-30</end>
      </TimeSpan>
      <description><![CDATA[
        <h3>Soil Health Card Record</h3>
        <p><b>Point ID:</b> Point_129</p>
        <p><b>Validity Period:</b> 2025-01-01 to 2026-12-30</p>
        <p><b>Nitrogen (N):</b> 25.0 kg/ha</p>
        <p><b>Phosphorus (P):</b> 16.1 mg/kg</p>
        <p><b>Potassium (K):</b> 379.0 mg/kg</p>
        <p><b>Organic Carbon (OC):</b> 0.08 %</p>
        <p><b>Coordinates:</b> 14.439262°N, 80.056716°E</p>
      ]]></description>
      <Point>
        <coordinates>80.056716,14.439262,0</coordinates>
      </Point>
    </Placemark>
    <Placemark>
      <name>Point_130</name>
      <styleUrl>#soil_point</styleUrl>
      <TimeSpan>
        <begin>2025-01-01</begin>
        <end>2026-12-30</end>
      </TimeSpan>
      <description><![CDATA[
        <h3>Soil Health Card Record</h3>
        <p><b>Point ID:</b> Point_130</p>
        <p><b>Validity Period:</b> 2025-01-01 to 2026-12-30</p>
        <p><b>Nitrogen (N):</b> 100.0 kg/ha</p>
        <p><b>Phosphorus (P):</b> 16.9 mg/kg</p>
        <p><b>Potassium (K):</b> 317.0 mg/kg</p>
        <p><b>Organic Carbon (OC):</b> 0.16 %</p>
        <p><b>Coordinates:</b> 14.441054°N, 80.055670°E</p>
      ]]></description>
      <Point>
        <coordinates>80.05567,14.441054,0</coordinates>
      </Point>
    </Placemark>
    <Placemark>
      <name>Point_131</name>
      <styleUrl>#soil_point</styleUrl>
      <TimeSpan>
        <begin>2025-01-01</begin>
        <end>2026-12-30</end>
      </TimeSpan>
      <description><![CDATA[
        <h3>Soil Health Card Record</h3>
        <p><b>Point ID:</b> Point_131</p>
        <p><b>Validity Period:</b> 2025-01-01 to 2026-12-30</p>
        <p><b>Nitrogen (N):</b> 25.0 kg/ha</p>
        <p><b>Phosphorus (P):</b> 16.1 mg/kg</p>
        <p><b>Potassium (K):</b> 379.0 mg/kg</p>
        <p><b>Organic Carbon (OC):</b> 0.08 %</p>
        <p><b>Coordinates:</b> 14.440598°N, 80.056705°E</p>
      ]]></description>
      <Point>
        <coordinates>80.056705,14.440598,0</coordinates>
      </Point>
    </Placemark>
    <Placemark>
      <name>Point_132</name>
      <styleUrl>#soil_point</styleUrl>
      <TimeSpan>
        <begin>2025-01-01</begin>
        <end>2026-12-30</end>
      </TimeSpan>
      <description><![CDATA[
        <h3>Soil Health Card Record</h3>
        <p><b>Point ID:</b> Point_132</p>
        <p><b>Validity Period:</b> 2025-01-01 to 2026-12-30</p>
        <p><b>Nitrogen (N):</b> 25.0 kg/ha</p>
        <p><b>Phosphorus (P):</b> 16.1 mg/kg</p>
        <p><b>Potassium (K):</b> 379.0 mg/kg</p>
        <p><b>Organic Carbon (OC):</b> 0.08 %</p>
        <p><b>Coordinates:</b> 14.440390°N, 80.056920°E</p>
      ]]></description>
      <Point>
        <coordinates>80.05692,14.44039,0</coordinates>
      </Point>
    </Placemark>
    <Placemark>
      <name>Point_133</name>
      <styleUrl>#soil_point</styleUrl>
      <TimeSpan>
        <begin>2025-01-01</begin>
        <end>2026-12-30</end>
      </TimeSpan>
      <description><![CDATA[
        <h3>Soil Health Card Record</h3>
        <p><b>Point ID:</b> Point_133</p>
        <p><b>Validity Period:</b> 2025-01-01 to 2026-12-30</p>
        <p><b>Nitrogen (N):</b> 25.0 kg/ha</p>
        <p><b>Phosphorus (P):</b> 16.1 mg/kg</p>
        <p><b>Potassium (K):</b> 379.0 mg/kg</p>
        <p><b>Organic Carbon (OC):</b> 0.08 %</p>
        <p><b>Coordinates:</b> 14.440787°N, 80.057212°E</p>
      ]]></description>
      <Point>
        <coordinates>80.057212,14.440787,0</coordinates>
      </Point>
    </Placemark>
    <Placemark>
      <name>Point_134</name>
      <styleUrl>#soil_point</styleUrl>
      <TimeSpan>
        <begin>2025-01-01</begin>
        <end>2026-12-30</end>
      </TimeSpan>
      <description><![CDATA[
        <h3>Soil Health Card Record</h3>
        <p><b>Point ID:</b> Point_134</p>
        <p><b>Validity Period:</b> 2025-01-01 to 2026-12-30</p>
        <p><b>Nitrogen (N):</b> 38.0 kg/ha</p>
        <p><b>Phosphorus (P):</b> 26.9 mg/kg</p>
        <p><b>Potassium (K):</b> 502.0 mg/kg</p>
        <p><b>Organic Carbon (OC):</b> 0.2 %</p>
        <p><b>Coordinates:</b> 14.440239°N, 80.058228°E</p>
      ]]></description>
      <Point>
        <coordinates>80.058228,14.440239,0</coordinates>
      </Point>
    </Placemark>
    <Placemark>
      <name>Point_135</name>
      <styleUrl>#soil_point</styleUrl>
      <TimeSpan>
        <begin>2025-01-01</begin>
        <end>2026-12-30</end>
      </TimeSpan>
      <description><![CDATA[
        <h3>Soil Health Card Record</h3>
        <p><b>Point ID:</b> Point_135</p>
        <p><b>Validity Period:</b> 2025-01-01 to 2026-12-30</p>
        <p><b>Nitrogen (N):</b> 63.0 kg/ha</p>
        <p><b>Phosphorus (P):</b> 20.7 mg/kg</p>
        <p><b>Potassium (K):</b> 378.6 mg/kg</p>
        <p><b>Organic Carbon (OC):</b> 0.28 %</p>
        <p><b>Coordinates:</b> 14.974625°N, 79.645457°E</p>
      ]]></description>
      <Point>
        <coordinates>79.645457,14.974625,0</coordinates>
      </Point>
    </Placemark>
    <Placemark>
      <name>Point_136</name>
      <styleUrl>#soil_point</styleUrl>
      <TimeSpan>
        <begin>2025-01-01</begin>
        <end>2026-12-30</end>
      </TimeSpan>
      <description><![CDATA[
        <h3>Soil Health Card Record</h3>
        <p><b>Point ID:</b> Point_136</p>
        <p><b>Validity Period:</b> 2025-01-01 to 2026-12-30</p>
        <p><b>Nitrogen (N):</b> 151.0 kg/ha</p>
        <p><b>Phosphorus (P):</b> 1.5 mg/kg</p>
        <p><b>Potassium (K):</b> 428.3 mg/kg</p>
        <p><b>Organic Carbon (OC):</b> 0.34 %</p>
        <p><b>Coordinates:</b> 14.980394°N, 79.647092°E</p>
      ]]></description>
      <Point>
        <coordinates>79.647092,14.980394,0</coordinates>
      </Point>
    </Placemark>
    <Placemark>
      <name>Point_137</name>
      <styleUrl>#soil_point</styleUrl>
      <TimeSpan>
        <begin>2025-01-01</begin>
        <end>2026-12-30</end>
      </TimeSpan>
      <description><![CDATA[
        <h3>Soil Health Card Record</h3>
        <p><b>Point ID:</b> Point_137</p>
        <p><b>Validity Period:</b> 2025-01-01 to 2026-12-30</p>
        <p><b>Nitrogen (N):</b> 176.0 kg/ha</p>
        <p><b>Phosphorus (P):</b> 15.4 mg/kg</p>
        <p><b>Potassium (K):</b> 428.3 mg/kg</p>
        <p><b>Organic Carbon (OC):</b> 0.45 %</p>
        <p><b>Coordinates:</b> 14.986485°N, 79.647325°E</p>
      ]]></description>
      <Point>
        <coordinates>79.647325,14.986485,0</coordinates>
      </Point>
    </Placemark>
    <Placemark>
      <name>Point_138</name>
      <styleUrl>#soil_point</styleUrl>
      <TimeSpan>
        <begin>2025-01-01</begin>
        <end>2026-12-30</end>
      </TimeSpan>
      <description><![CDATA[
        <h3>Soil Health Card Record</h3>
        <p><b>Point ID:</b> Point_138</p>
        <p><b>Validity Period:</b> 2025-01-01 to 2026-12-30</p>
        <p><b>Nitrogen (N):</b> 50.0 kg/ha</p>
        <p><b>Phosphorus (P):</b> 28.4 mg/kg</p>
        <p><b>Potassium (K):</b> 360.0 mg/kg</p>
        <p><b>Organic Carbon (OC):</b> 0.21 %</p>
        <p><b>Coordinates:</b> 14.999118°N, 79.640318°E</p>
      ]]></description>
      <Point>
        <coordinates>79.640318,14.999118,0</coordinates>
      </Point>
    </Placemark>
    <Placemark>
      <name>Point_139</name>
      <styleUrl>#soil_point</styleUrl>
      <TimeSpan>
        <begin>2025-01-01</begin>
        <end>2026-12-30</end>
      </TimeSpan>
      <description><![CDATA[
        <h3>Soil Health Card Record</h3>
        <p><b>Point ID:</b> Point_139</p>
        <p><b>Validity Period:</b> 2025-01-01 to 2026-12-30</p>
        <p><b>Nitrogen (N):</b> 113.0 kg/ha</p>
        <p><b>Phosphorus (P):</b> 16.1 mg/kg</p>
        <p><b>Potassium (K):</b> 434.5 mg/kg</p>
        <p><b>Organic Carbon (OC):</b> 0.23 %</p>
        <p><b>Coordinates:</b> 14.945181°N, 79.635693°E</p>
      ]]></description>
      <Point>
        <coordinates>79.635693,14.945181,0</coordinates>
      </Point>
    </Placemark>
    <Placemark>
      <name>Point_140</name>
      <styleUrl>#soil_point</styleUrl>
      <TimeSpan>
        <begin>2025-01-01</begin>
        <end>2026-12-30</end>
      </TimeSpan>
      <description><![CDATA[
        <h3>Soil Health Card Record</h3>
        <p><b>Point ID:</b> Point_140</p>
        <p><b>Validity Period:</b> 2025-01-01 to 2026-12-30</p>
        <p><b>Nitrogen (N):</b> 63.0 kg/ha</p>
        <p><b>Phosphorus (P):</b> 20.7 mg/kg</p>
        <p><b>Potassium (K):</b> 378.6 mg/kg</p>
        <p><b>Organic Carbon (OC):</b> 0.24 %</p>
        <p><b>Coordinates:</b> 14.974080°N, 79.644957°E</p>
      ]]></description>
      <Point>
        <coordinates>79.644957,14.97408,0</coordinates>
      </Point>
    </Placemark>
    <Placemark>
      <name>Point_141</name>
      <styleUrl>#soil_point</styleUrl>
      <TimeSpan>
        <begin>2025-01-01</begin>
        <end>2026-12-30</end>
      </TimeSpan>
      <description><![CDATA[
        <h3>Soil Health Card Record</h3>
        <p><b>Point ID:</b> Point_141</p>
        <p><b>Validity Period:</b> 2025-01-01 to 2026-12-30</p>
        <p><b>Nitrogen (N):</b> 50.0 kg/ha</p>
        <p><b>Phosphorus (P):</b> 28.4 mg/kg</p>
        <p><b>Potassium (K):</b> 360.0 mg/kg</p>
        <p><b>Organic Carbon (OC):</b> 0.21 %</p>
        <p><b>Coordinates:</b> 14.999059°N, 79.640151°E</p>
      ]]></description>
      <Point>
        <coordinates>79.640151,14.999059,0</coordinates>
      </Point>
    </Placemark>
    <Placemark>
      <name>Point_142</name>
      <styleUrl>#soil_point</styleUrl>
      <TimeSpan>
        <begin>2025-01-01</begin>
        <end>2026-12-30</end>
      </TimeSpan>
      <description><![CDATA[
        <h3>Soil Health Card Record</h3>
        <p><b>Point ID:</b> Point_142</p>
        <p><b>Validity Period:</b> 2025-01-01 to 2026-12-30</p>
        <p><b>Nitrogen (N):</b> 151.0 kg/ha</p>
        <p><b>Phosphorus (P):</b> 13.1 mg/kg</p>
        <p><b>Potassium (K):</b> 384.9 mg/kg</p>
        <p><b>Organic Carbon (OC):</b> 0.18 %</p>
        <p><b>Coordinates:</b> 14.994914°N, 79.643355°E</p>
      ]]></description>
      <Point>
        <coordinates>79.643355,14.994914,0</coordinates>
      </Point>
    </Placemark>
    <Placemark>
      <name>Point_143</name>
      <styleUrl>#soil_point</styleUrl>
      <TimeSpan>
        <begin>2025-01-01</begin>
        <end>2026-12-30</end>
      </TimeSpan>
      <description><![CDATA[
        <h3>Soil Health Card Record</h3>
        <p><b>Point ID:</b> Point_143</p>
        <p><b>Validity Period:</b> 2025-01-01 to 2026-12-30</p>
        <p><b>Nitrogen (N):</b> 176.0 kg/ha</p>
        <p><b>Phosphorus (P):</b> 15.4 mg/kg</p>
        <p><b>Potassium (K):</b> 428.3 mg/kg</p>
        <p><b>Organic Carbon (OC):</b> 0.45 %</p>
        <p><b>Coordinates:</b> 14.986294°N, 79.645872°E</p>
      ]]></description>
      <Point>
        <coordinates>79.645872,14.986294,0</coordinates>
      </Point>
    </Placemark>
    <Placemark>
      <name>Point_144</name>
      <styleUrl>#soil_point</styleUrl>
      <TimeSpan>
        <begin>2025-01-01</begin>
        <end>2026-12-30</end>
      </TimeSpan>
      <description><![CDATA[
        <h3>Soil Health Card Record</h3>
        <p><b>Point ID:</b> Point_144</p>
        <p><b>Validity Period:</b> 2025-01-01 to 2026-12-30</p>
        <p><b>Nitrogen (N):</b> 50.0 kg/ha</p>
        <p><b>Phosphorus (P):</b> 28.4 mg/kg</p>
        <p><b>Potassium (K):</b> 360.0 mg/kg</p>
        <p><b>Organic Carbon (OC):</b> 0.21 %</p>
        <p><b>Coordinates:</b> 14.999612°N, 79.639830°E</p>
      ]]></description>
      <Point>
        <coordinates>79.63983,14.999612,0</coordinates>
      </Point>
    </Placemark>
    <Placemark>
      <name>Point_145</name>
      <styleUrl>#soil_point</styleUrl>
      <TimeSpan>
        <begin>2025-01-01</begin>
        <end>2026-12-30</end>
      </TimeSpan>
      <description><![CDATA[
        <h3>Soil Health Card Record</h3>
        <p><b>Point ID:</b> Point_145</p>
        <p><b>Validity Period:</b> 2025-01-01 to 2026-12-30</p>
        <p><b>Nitrogen (N):</b> 326.0 kg/ha</p>
        <p><b>Phosphorus (P):</b> 20.7 mg/kg</p>
        <p><b>Potassium (K):</b> 329.0 mg/kg</p>
        <p><b>Organic Carbon (OC):</b> 0.28 %</p>
        <p><b>Coordinates:</b> 14.669867°N, 79.722879°E</p>
      ]]></description>
      <Point>
        <coordinates>79.722879,14.669867,0</coordinates>
      </Point>
    </Placemark>
    <Placemark>
      <name>Point_146</name>
      <styleUrl>#soil_point</styleUrl>
      <TimeSpan>
        <begin>2025-01-01</begin>
        <end>2026-12-30</end>
      </TimeSpan>
      <description><![CDATA[
        <h3>Soil Health Card Record</h3>
        <p><b>Point ID:</b> Point_146</p>
        <p><b>Validity Period:</b> 2025-01-01 to 2026-12-30</p>
        <p><b>Nitrogen (N):</b> 38.0 kg/ha</p>
        <p><b>Phosphorus (P):</b> 10.6 mg/kg</p>
        <p><b>Potassium (K):</b> 140.5 mg/kg</p>
        <p><b>Organic Carbon (OC):</b> 0.69 %</p>
        <p><b>Coordinates:</b> 14.942210°N, 79.820980°E</p>
      ]]></description>
      <Point>
        <coordinates>79.82098,14.94221,0</coordinates>
      </Point>
    </Placemark>
    <Placemark>
      <name>Point_147</name>
      <styleUrl>#soil_point</styleUrl>
      <TimeSpan>
        <begin>2025-01-01</begin>
        <end>2026-12-30</end>
      </TimeSpan>
      <description><![CDATA[
        <h3>Soil Health Card Record</h3>
        <p><b>Point ID:</b> Point_147</p>
        <p><b>Validity Period:</b> 2025-01-01 to 2026-12-30</p>
        <p><b>Nitrogen (N):</b> 176.0 kg/ha</p>
        <p><b>Phosphorus (P):</b> 14.1 mg/kg</p>
        <p><b>Potassium (K):</b> 273.9 mg/kg</p>
        <p><b>Organic Carbon (OC):</b> 0.53 %</p>
        <p><b>Coordinates:</b> 14.860562°N, 79.407346°E</p>
      ]]></description>
      <Point>
        <coordinates>79.407346,14.860562,0</coordinates>
      </Point>
    </Placemark>
    <Placemark>
      <name>Point_148</name>
      <styleUrl>#soil_point</styleUrl>
      <TimeSpan>
        <begin>2025-01-01</begin>
        <end>2026-12-30</end>
      </TimeSpan>
      <description><![CDATA[
        <h3>Soil Health Card Record</h3>
        <p><b>Point ID:</b> Point_148</p>
        <p><b>Validity Period:</b> 2025-01-01 to 2026-12-30</p>
        <p><b>Nitrogen (N):</b> 75.0 kg/ha</p>
        <p><b>Phosphorus (P):</b> 5.9 mg/kg</p>
        <p><b>Potassium (K):</b> 84.3 mg/kg</p>
        <p><b>Organic Carbon (OC):</b> 0.21 %</p>
        <p><b>Coordinates:</b> 14.276189°N, 80.046718°E</p>
      ]]></description>
      <Point>
        <coordinates>80.046718,14.276189,0</coordinates>
      </Point>
    </Placemark>
    <Placemark>
      <name>Point_149</name>
      <styleUrl>#soil_point</styleUrl>
      <TimeSpan>
        <begin>2025-01-01</begin>
        <end>2026-12-30</end>
      </TimeSpan>
      <description><![CDATA[
        <h3>Soil Health Card Record</h3>
        <p><b>Point ID:</b> Point_149</p>
        <p><b>Validity Period:</b> 2025-01-01 to 2026-12-30</p>
        <p><b>Nitrogen (N):</b> 113.0 kg/ha</p>
        <p><b>Phosphorus (P):</b> 96.8 mg/kg</p>
        <p><b>Potassium (K):</b> 186.2 mg/kg</p>
        <p><b>Organic Carbon (OC):</b> 0.09 %</p>
        <p><b>Coordinates:</b> 14.526124°N, 80.147189°E</p>
      ]]></description>
      <Point>
        <coordinates>80.147189,14.526124,0</coordinates>
      </Point>
    </Placemark>
    <Placemark>
      <name>Point_150</name>
      <styleUrl>#soil_point</styleUrl>
      <TimeSpan>
        <begin>2025-01-01</begin>
        <end>2026-12-30</end>
      </TimeSpan>
      <description><![CDATA[
        <h3>Soil Health Card Record</h3>
        <p><b>Point ID:</b> Point_150</p>
        <p><b>Validity Period:</b> 2025-01-01 to 2026-12-30</p>
        <p><b>Nitrogen (N):</b> 88.0 kg/ha</p>
        <p><b>Phosphorus (P):</b> 185.9 mg/kg</p>
        <p><b>Potassium (K):</b> 130.4 mg/kg</p>
        <p><b>Organic Carbon (OC):</b> 0.74 %</p>
        <p><b>Coordinates:</b> 14.526243°N, 80.148527°E</p>
      ]]></description>
      <Point>
        <coordinates>80.148527,14.526243,0</coordinates>
      </Point>
    </Placemark>
    <Placemark>
      <name>Point_151</name>
      <styleUrl>#soil_point</styleUrl>
      <TimeSpan>
        <begin>2025-01-01</begin>
        <end>2026-12-30</end>
      </TimeSpan>
      <description><![CDATA[
        <h3>Soil Health Card Record</h3>
        <p><b>Point ID:</b> Point_151</p>
        <p><b>Validity Period:</b> 2025-01-01 to 2026-12-30</p>
        <p><b>Nitrogen (N):</b> 151.0 kg/ha</p>
        <p><b>Phosphorus (P):</b> 197.4 mg/kg</p>
        <p><b>Potassium (K):</b> 198.6 mg/kg</p>
        <p><b>Organic Carbon (OC):</b> 0.19 %</p>
        <p><b>Coordinates:</b> 14.525446°N, 80.148973°E</p>
      ]]></description>
      <Point>
        <coordinates>80.148973,14.525446,0</coordinates>
      </Point>
    </Placemark>
    <Placemark>
      <name>Point_152</name>
      <styleUrl>#soil_point</styleUrl>
      <TimeSpan>
        <begin>2025-01-01</begin>
        <end>2026-12-30</end>
      </TimeSpan>
      <description><![CDATA[
        <h3>Soil Health Card Record</h3>
        <p><b>Point ID:</b> Point_152</p>
        <p><b>Validity Period:</b> 2025-01-01 to 2026-12-30</p>
        <p><b>Nitrogen (N):</b> 151.0 kg/ha</p>
        <p><b>Phosphorus (P):</b> 197.4 mg/kg</p>
        <p><b>Potassium (K):</b> 198.6 mg/kg</p>
        <p><b>Organic Carbon (OC):</b> 0.19 %</p>
        <p><b>Coordinates:</b> 14.524882°N, 80.149316°E</p>
      ]]></description>
      <Point>
        <coordinates>80.149316,14.524882,0</coordinates>
      </Point>
    </Placemark>
    <Placemark>
      <name>Point_153</name>
      <styleUrl>#soil_point</styleUrl>
      <TimeSpan>
        <begin>2025-01-01</begin>
        <end>2026-12-30</end>
      </TimeSpan>
      <description><![CDATA[
        <h3>Soil Health Card Record</h3>
        <p><b>Point ID:</b> Point_153</p>
        <p><b>Validity Period:</b> 2025-01-01 to 2026-12-30</p>
        <p><b>Nitrogen (N):</b> 151.0 kg/ha</p>
        <p><b>Phosphorus (P):</b> 197.4 mg/kg</p>
        <p><b>Potassium (K):</b> 198.6 mg/kg</p>
        <p><b>Organic Carbon (OC):</b> 0.19 %</p>
        <p><b>Coordinates:</b> 14.524551°N, 80.149033°E</p>
      ]]></description>
      <Point>
        <coordinates>80.149033,14.524551,0</coordinates>
      </Point>
    </Placemark>
    <Placemark>
      <name>Point_154</name>
      <styleUrl>#soil_point</styleUrl>
      <TimeSpan>
        <begin>2025-01-01</begin>
        <end>2026-12-30</end>
      </TimeSpan>
      <description><![CDATA[
        <h3>Soil Health Card Record</h3>
        <p><b>Point ID:</b> Point_154</p>
        <p><b>Validity Period:</b> 2025-01-01 to 2026-12-30</p>
        <p><b>Nitrogen (N):</b> 63.0 kg/ha</p>
        <p><b>Phosphorus (P):</b> 223.0 mg/kg</p>
        <p><b>Potassium (K):</b> 198.6 mg/kg</p>
        <p><b>Organic Carbon (OC):</b> 0.28 %</p>
        <p><b>Coordinates:</b> 14.525162°N, 80.151571°E</p>
      ]]></description>
      <Point>
        <coordinates>80.151571,14.525162,0</coordinates>
      </Point>
    </Placemark>
    <Placemark>
      <name>Point_155</name>
      <styleUrl>#soil_point</styleUrl>
      <TimeSpan>
        <begin>2025-01-01</begin>
        <end>2026-12-30</end>
      </TimeSpan>
      <description><![CDATA[
        <h3>Soil Health Card Record</h3>
        <p><b>Point ID:</b> Point_155</p>
        <p><b>Validity Period:</b> 2025-01-01 to 2026-12-30</p>
        <p><b>Nitrogen (N):</b> 63.0 kg/ha</p>
        <p><b>Phosphorus (P):</b> 223.0 mg/kg</p>
        <p><b>Potassium (K):</b> 198.6 mg/kg</p>
        <p><b>Organic Carbon (OC):</b> 0.28 %</p>
        <p><b>Coordinates:</b> 14.525165°N, 80.151575°E</p>
      ]]></description>
      <Point>
        <coordinates>80.151575,14.525165,0</coordinates>
      </Point>
    </Placemark>
    <Placemark>
      <name>Point_156</name>
      <styleUrl>#soil_point</styleUrl>
      <TimeSpan>
        <begin>2025-01-01</begin>
        <end>2026-12-30</end>
      </TimeSpan>
      <description><![CDATA[
        <h3>Soil Health Card Record</h3>
        <p><b>Point ID:</b> Point_156</p>
        <p><b>Validity Period:</b> 2025-01-01 to 2026-12-30</p>
        <p><b>Nitrogen (N):</b> 63.0 kg/ha</p>
        <p><b>Phosphorus (P):</b> 223.0 mg/kg</p>
        <p><b>Potassium (K):</b> 198.6 mg/kg</p>
        <p><b>Organic Carbon (OC):</b> 0.28 %</p>
        <p><b>Coordinates:</b> 14.525174°N, 80.151570°E</p>
      ]]></description>
      <Point>
        <coordinates>80.15157,14.525174,0</coordinates>
      </Point>
    </Placemark>
    <Placemark>
      <name>Point_157</name>
      <styleUrl>#soil_point</styleUrl>
      <TimeSpan>
        <begin>2025-01-01</begin>
        <end>2026-12-30</end>
      </TimeSpan>
      <description><![CDATA[
        <h3>Soil Health Card Record</h3>
        <p><b>Point ID:</b> Point_157</p>
        <p><b>Validity Period:</b> 2025-01-01 to 2026-12-30</p>
        <p><b>Nitrogen (N):</b> 63.0 kg/ha</p>
        <p><b>Phosphorus (P):</b> 223.0 mg/kg</p>
        <p><b>Potassium (K):</b> 198.6 mg/kg</p>
        <p><b>Organic Carbon (OC):</b> 0.28 %</p>
        <p><b>Coordinates:</b> 14.525189°N, 80.151590°E</p>
      ]]></description>
      <Point>
        <coordinates>80.15159,14.525189,0</coordinates>
      </Point>
    </Placemark>
    <Placemark>
      <name>Point_158</name>
      <styleUrl>#soil_point</styleUrl>
      <TimeSpan>
        <begin>2025-01-01</begin>
        <end>2026-12-30</end>
      </TimeSpan>
      <description><![CDATA[
        <h3>Soil Health Card Record</h3>
        <p><b>Point ID:</b> Point_158</p>
        <p><b>Validity Period:</b> 2025-01-01 to 2026-12-30</p>
        <p><b>Nitrogen (N):</b> 63.0 kg/ha</p>
        <p><b>Phosphorus (P):</b> 223.0 mg/kg</p>
        <p><b>Potassium (K):</b> 198.6 mg/kg</p>
        <p><b>Organic Carbon (OC):</b> 0.28 %</p>
        <p><b>Coordinates:</b> 14.525274°N, 80.151854°E</p>
      ]]></description>
      <Point>
        <coordinates>80.151854,14.525274,0</coordinates>
      </Point>
    </Placemark>
    <Placemark>
      <name>Point_159</name>
      <styleUrl>#soil_point</styleUrl>
      <TimeSpan>
        <begin>2025-01-01</begin>
        <end>2026-12-30</end>
      </TimeSpan>
      <description><![CDATA[
        <h3>Soil Health Card Record</h3>
        <p><b>Point ID:</b> Point_159</p>
        <p><b>Validity Period:</b> 2025-01-01 to 2026-12-30</p>
        <p><b>Nitrogen (N):</b> 63.0 kg/ha</p>
        <p><b>Phosphorus (P):</b> 223.0 mg/kg</p>
        <p><b>Potassium (K):</b> 198.6 mg/kg</p>
        <p><b>Organic Carbon (OC):</b> 0.28 %</p>
        <p><b>Coordinates:</b> 14.525279°N, 80.151859°E</p>
      ]]></description>
      <Point>
        <coordinates>80.151859,14.525279,0</coordinates>
      </Point>
    </Placemark>
    <Placemark>
      <name>Point_160</name>
      <styleUrl>#soil_point</styleUrl>
      <TimeSpan>
        <begin>2025-01-01</begin>
        <end>2026-12-30</end>
      </TimeSpan>
      <description><![CDATA[
        <h3>Soil Health Card Record</h3>
        <p><b>Point ID:</b> Point_160</p>
        <p><b>Validity Period:</b> 2025-01-01 to 2026-12-30</p>
        <p><b>Nitrogen (N):</b> 63.0 kg/ha</p>
        <p><b>Phosphorus (P):</b> 223.0 mg/kg</p>
        <p><b>Potassium (K):</b> 198.6 mg/kg</p>
        <p><b>Organic Carbon (OC):</b> 0.28 %</p>
        <p><b>Coordinates:</b> 14.525293°N, 80.151867°E</p>
      ]]></description>
      <Point>
        <coordinates>80.151867,14.525293,0</coordinates>
      </Point>
    </Placemark>
    <Placemark>
      <name>Point_161</name>
      <styleUrl>#soil_point</styleUrl>
      <TimeSpan>
        <begin>2025-01-01</begin>
        <end>2026-12-30</end>
      </TimeSpan>
      <description><![CDATA[
        <h3>Soil Health Card Record</h3>
        <p><b>Point ID:</b> Point_161</p>
        <p><b>Validity Period:</b> 2025-01-01 to 2026-12-30</p>
        <p><b>Nitrogen (N):</b> 63.0 kg/ha</p>
        <p><b>Phosphorus (P):</b> 223.0 mg/kg</p>
        <p><b>Potassium (K):</b> 198.6 mg/kg</p>
        <p><b>Organic Carbon (OC):</b> 0.28 %</p>
        <p><b>Coordinates:</b> 14.525287°N, 80.151872°E</p>
      ]]></description>
      <Point>
        <coordinates>80.151872,14.525287,0</coordinates>
      </Point>
    </Placemark>
    <Placemark>
      <name>Point_162</name>
      <styleUrl>#soil_point</styleUrl>
      <TimeSpan>
        <begin>2025-01-01</begin>
        <end>2026-12-30</end>
      </TimeSpan>
      <description><![CDATA[
        <h3>Soil Health Card Record</h3>
        <p><b>Point ID:</b> Point_162</p>
        <p><b>Validity Period:</b> 2025-01-01 to 2026-12-30</p>
        <p><b>Nitrogen (N):</b> 63.0 kg/ha</p>
        <p><b>Phosphorus (P):</b> 223.0 mg/kg</p>
        <p><b>Potassium (K):</b> 198.6 mg/kg</p>
        <p><b>Organic Carbon (OC):</b> 0.28 %</p>
        <p><b>Coordinates:</b> 14.525282°N, 80.151877°E</p>
      ]]></description>
      <Point>
        <coordinates>80.151877,14.525282,0</coordinates>
      </Point>
    </Placemark>
    <Placemark>
      <name>Point_163</name>
      <styleUrl>#soil_point</styleUrl>
      <TimeSpan>
        <begin>2025-01-01</begin>
        <end>2026-12-30</end>
      </TimeSpan>
      <description><![CDATA[
        <h3>Soil Health Card Record</h3>
        <p><b>Point ID:</b> Point_163</p>
        <p><b>Validity Period:</b> 2025-01-01 to 2026-12-30</p>
        <p><b>Nitrogen (N):</b> 63.0 kg/ha</p>
        <p><b>Phosphorus (P):</b> 223.0 mg/kg</p>
        <p><b>Potassium (K):</b> 198.6 mg/kg</p>
        <p><b>Organic Carbon (OC):</b> 0.28 %</p>
        <p><b>Coordinates:</b> 14.525282°N, 80.151890°E</p>
      ]]></description>
      <Point>
        <coordinates>80.15189,14.525282,0</coordinates>
      </Point>
    </Placemark>
    <Placemark>
      <name>Point_164</name>
      <styleUrl>#soil_point</styleUrl>
      <TimeSpan>
        <begin>2025-01-01</begin>
        <end>2026-12-30</end>
      </TimeSpan>
      <description><![CDATA[
        <h3>Soil Health Card Record</h3>
        <p><b>Point ID:</b> Point_164</p>
        <p><b>Validity Period:</b> 2025-01-01 to 2026-12-30</p>
        <p><b>Nitrogen (N):</b> 63.0 kg/ha</p>
        <p><b>Phosphorus (P):</b> 223.0 mg/kg</p>
        <p><b>Potassium (K):</b> 198.6 mg/kg</p>
        <p><b>Organic Carbon (OC):</b> 0.28 %</p>
        <p><b>Coordinates:</b> 14.525291°N, 80.151896°E</p>
      ]]></description>
      <Point>
        <coordinates>80.151896,14.525291,0</coordinates>
      </Point>
    </Placemark>
    <Placemark>
      <name>Point_165</name>
      <styleUrl>#soil_point</styleUrl>
      <TimeSpan>
        <begin>2025-01-01</begin>
        <end>2026-12-30</end>
      </TimeSpan>
      <description><![CDATA[
        <h3>Soil Health Card Record</h3>
        <p><b>Point ID:</b> Point_165</p>
        <p><b>Validity Period:</b> 2025-01-01 to 2026-12-30</p>
        <p><b>Nitrogen (N):</b> 63.0 kg/ha</p>
        <p><b>Phosphorus (P):</b> 223.0 mg/kg</p>
        <p><b>Potassium (K):</b> 198.6 mg/kg</p>
        <p><b>Organic Carbon (OC):</b> 0.28 %</p>
        <p><b>Coordinates:</b> 14.525287°N, 80.151898°E</p>
      ]]></description>
      <Point>
        <coordinates>80.151898,14.525287,0</coordinates>
      </Point>
    </Placemark>
    <Placemark>
      <name>Point_166</name>
      <styleUrl>#soil_point</styleUrl>
      <TimeSpan>
        <begin>2025-01-01</begin>
        <end>2026-12-30</end>
      </TimeSpan>
      <description><![CDATA[
        <h3>Soil Health Card Record</h3>
        <p><b>Point ID:</b> Point_166</p>
        <p><b>Validity Period:</b> 2025-01-01 to 2026-12-30</p>
        <p><b>Nitrogen (N):</b> 63.0 kg/ha</p>
        <p><b>Phosphorus (P):</b> 223.0 mg/kg</p>
        <p><b>Potassium (K):</b> 198.6 mg/kg</p>
        <p><b>Organic Carbon (OC):</b> 0.28 %</p>
        <p><b>Coordinates:</b> 14.525285°N, 80.151899°E</p>
      ]]></description>
      <Point>
        <coordinates>80.151899,14.525285,0</coordinates>
      </Point>
    </Placemark>
    <Placemark>
      <name>Point_167</name>
      <styleUrl>#soil_point</styleUrl>
      <TimeSpan>
        <begin>2025-01-01</begin>
        <end>2026-12-30</end>
      </TimeSpan>
      <description><![CDATA[
        <h3>Soil Health Card Record</h3>
        <p><b>Point ID:</b> Point_167</p>
        <p><b>Validity Period:</b> 2025-01-01 to 2026-12-30</p>
        <p><b>Nitrogen (N):</b> 63.0 kg/ha</p>
        <p><b>Phosphorus (P):</b> 223.0 mg/kg</p>
        <p><b>Potassium (K):</b> 198.6 mg/kg</p>
        <p><b>Organic Carbon (OC):</b> 0.28 %</p>
        <p><b>Coordinates:</b> 14.525289°N, 80.151903°E</p>
      ]]></description>
      <Point>
        <coordinates>80.151903,14.525289,0</coordinates>
      </Point>
    </Placemark>
    <Placemark>
      <name>Point_168</name>
      <styleUrl>#soil_point</styleUrl>
      <TimeSpan>
        <begin>2025-01-01</begin>
        <end>2026-12-30</end>
      </TimeSpan>
      <description><![CDATA[
        <h3>Soil Health Card Record</h3>
        <p><b>Point ID:</b> Point_168</p>
        <p><b>Validity Period:</b> 2025-01-01 to 2026-12-30</p>
        <p><b>Nitrogen (N):</b> 63.0 kg/ha</p>
        <p><b>Phosphorus (P):</b> 223.0 mg/kg</p>
        <p><b>Potassium (K):</b> 198.6 mg/kg</p>
        <p><b>Organic Carbon (OC):</b> 0.28 %</p>
        <p><b>Coordinates:</b> 14.525292°N, 80.151902°E</p>
      ]]></description>
      <Point>
        <coordinates>80.151902,14.525292,0</coordinates>
      </Point>
    </Placemark>
    <Placemark>
      <name>Point_169</name>
      <styleUrl>#soil_point</styleUrl>
      <TimeSpan>
        <begin>2025-01-01</begin>
        <end>2026-12-30</end>
      </TimeSpan>
      <description><![CDATA[
        <h3>Soil Health Card Record</h3>
        <p><b>Point ID:</b> Point_169</p>
        <p><b>Validity Period:</b> 2025-01-01 to 2026-12-30</p>
        <p><b>Nitrogen (N):</b> 63.0 kg/ha</p>
        <p><b>Phosphorus (P):</b> 223.0 mg/kg</p>
        <p><b>Potassium (K):</b> 198.6 mg/kg</p>
        <p><b>Organic Carbon (OC):</b> 0.28 %</p>
        <p><b>Coordinates:</b> 14.525291°N, 80.151906°E</p>
      ]]></description>
      <Point>
        <coordinates>80.151906,14.525291,0</coordinates>
      </Point>
    </Placemark>
    <Placemark>
      <name>Point_170</name>
      <styleUrl>#soil_point</styleUrl>
      <TimeSpan>
        <begin>2025-01-01</begin>
        <end>2026-12-30</end>
      </TimeSpan>
      <description><![CDATA[
        <h3>Soil Health Card Record</h3>
        <p><b>Point ID:</b> Point_170</p>
        <p><b>Validity Period:</b> 2025-01-01 to 2026-12-30</p>
        <p><b>Nitrogen (N):</b> 63.0 kg/ha</p>
        <p><b>Phosphorus (P):</b> 223.0 mg/kg</p>
        <p><b>Potassium (K):</b> 198.6 mg/kg</p>
        <p><b>Organic Carbon (OC):</b> 0.28 %</p>
        <p><b>Coordinates:</b> 14.525289°N, 80.151910°E</p>
      ]]></description>
      <Point>
        <coordinates>80.15191,14.525289,0</coordinates>
      </Point>
    </Placemark>
    <Placemark>
      <name>Point_171</name>
      <styleUrl>#soil_point</styleUrl>
      <TimeSpan>
        <begin>2025-01-01</begin>
        <end>2026-12-30</end>
      </TimeSpan>
      <description><![CDATA[
        <h3>Soil Health Card Record</h3>
        <p><b>Point ID:</b> Point_171</p>
        <p><b>Validity Period:</b> 2025-01-01 to 2026-12-30</p>
        <p><b>Nitrogen (N):</b> 63.0 kg/ha</p>
        <p><b>Phosphorus (P):</b> 223.0 mg/kg</p>
        <p><b>Potassium (K):</b> 198.6 mg/kg</p>
        <p><b>Organic Carbon (OC):</b> 0.28 %</p>
        <p><b>Coordinates:</b> 14.525296°N, 80.151906°E</p>
      ]]></description>
      <Point>
        <coordinates>80.151906,14.525296,0</coordinates>
      </Point>
    </Placemark>
    <Placemark>
      <name>Point_172</name>
      <styleUrl>#soil_point</styleUrl>
      <TimeSpan>
        <begin>2025-01-01</begin>
        <end>2026-12-30</end>
      </TimeSpan>
      <description><![CDATA[
        <h3>Soil Health Card Record</h3>
        <p><b>Point ID:</b> Point_172</p>
        <p><b>Validity Period:</b> 2025-01-01 to 2026-12-30</p>
        <p><b>Nitrogen (N):</b> 63.0 kg/ha</p>
        <p><b>Phosphorus (P):</b> 223.0 mg/kg</p>
        <p><b>Potassium (K):</b> 198.6 mg/kg</p>
        <p><b>Organic Carbon (OC):</b> 0.28 %</p>
        <p><b>Coordinates:</b> 14.525290°N, 80.151915°E</p>
      ]]></description>
      <Point>
        <coordinates>80.151915,14.52529,0</coordinates>
      </Point>
    </Placemark>
    <Placemark>
      <name>Point_173</name>
      <styleUrl>#soil_point</styleUrl>
      <TimeSpan>
        <begin>2025-01-01</begin>
        <end>2026-12-30</end>
      </TimeSpan>
      <description><![CDATA[
        <h3>Soil Health Card Record</h3>
        <p><b>Point ID:</b> Point_173</p>
        <p><b>Validity Period:</b> 2025-01-01 to 2026-12-30</p>
        <p><b>Nitrogen (N):</b> 63.0 kg/ha</p>
        <p><b>Phosphorus (P):</b> 223.0 mg/kg</p>
        <p><b>Potassium (K):</b> 198.6 mg/kg</p>
        <p><b>Organic Carbon (OC):</b> 0.28 %</p>
        <p><b>Coordinates:</b> 14.525292°N, 80.151919°E</p>
      ]]></description>
      <Point>
        <coordinates>80.151919,14.525292,0</coordinates>
      </Point>
    </Placemark>
    <Placemark>
      <name>Point_174</name>
      <styleUrl>#soil_point</styleUrl>
      <TimeSpan>
        <begin>2025-01-01</begin>
        <end>2026-12-30</end>
      </TimeSpan>
      <description><![CDATA[
        <h3>Soil Health Card Record</h3>
        <p><b>Point ID:</b> Point_174</p>
        <p><b>Validity Period:</b> 2025-01-01 to 2026-12-30</p>
        <p><b>Nitrogen (N):</b> 63.0 kg/ha</p>
        <p><b>Phosphorus (P):</b> 223.0 mg/kg</p>
        <p><b>Potassium (K):</b> 198.6 mg/kg</p>
        <p><b>Organic Carbon (OC):</b> 0.28 %</p>
        <p><b>Coordinates:</b> 14.525291°N, 80.151926°E</p>
      ]]></description>
      <Point>
        <coordinates>80.151926,14.525291,0</coordinates>
      </Point>
    </Placemark>
    <Placemark>
      <name>Point_175</name>
      <styleUrl>#soil_point</styleUrl>
      <TimeSpan>
        <begin>2025-01-01</begin>
        <end>2026-12-30</end>
      </TimeSpan>
      <description><![CDATA[
        <h3>Soil Health Card Record</h3>
        <p><b>Point ID:</b> Point_175</p>
        <p><b>Validity Period:</b> 2025-01-01 to 2026-12-30</p>
        <p><b>Nitrogen (N):</b> 63.0 kg/ha</p>
        <p><b>Phosphorus (P):</b> 223.0 mg/kg</p>
        <p><b>Potassium (K):</b> 198.6 mg/kg</p>
        <p><b>Organic Carbon (OC):</b> 0.28 %</p>
        <p><b>Coordinates:</b> 14.525289°N, 80.151937°E</p>
      ]]></description>
      <Point>
        <coordinates>80.151937,14.525289,0</coordinates>
      </Point>
    </Placemark>
    <Placemark>
      <name>Point_176</name>
      <styleUrl>#soil_point</styleUrl>
      <TimeSpan>
        <begin>2025-01-01</begin>
        <end>2026-12-30</end>
      </TimeSpan>
      <description><![CDATA[
        <h3>Soil Health Card Record</h3>
        <p><b>Point ID:</b> Point_176</p>
        <p><b>Validity Period:</b> 2025-01-01 to 2026-12-30</p>
        <p><b>Nitrogen (N):</b> 113.0 kg/ha</p>
        <p><b>Phosphorus (P):</b> 113.7 mg/kg</p>
        <p><b>Potassium (K):</b> 502.8 mg/kg</p>
        <p><b>Organic Carbon (OC):</b> 0.19 %</p>
        <p><b>Coordinates:</b> 14.521748°N, 80.149480°E</p>
      ]]></description>
      <Point>
        <coordinates>80.14948,14.521748,0</coordinates>
      </Point>
    </Placemark>
    <Placemark>
      <name>Point_177</name>
      <styleUrl>#soil_point</styleUrl>
      <TimeSpan>
        <begin>2025-01-01</begin>
        <end>2026-12-30</end>
      </TimeSpan>
      <description><![CDATA[
        <h3>Soil Health Card Record</h3>
        <p><b>Point ID:</b> Point_177</p>
        <p><b>Validity Period:</b> 2025-01-01 to 2026-12-30</p>
        <p><b>Nitrogen (N):</b> 138.0 kg/ha</p>
        <p><b>Phosphorus (P):</b> 133.6 mg/kg</p>
        <p><b>Potassium (K):</b> 235.9 mg/kg</p>
        <p><b>Organic Carbon (OC):</b> 0.09 %</p>
        <p><b>Coordinates:</b> 14.521844°N, 80.152434°E</p>
      ]]></description>
      <Point>
        <coordinates>80.152434,14.521844,0</coordinates>
      </Point>
    </Placemark>
    <Placemark>
      <name>Point_178</name>
      <styleUrl>#soil_point</styleUrl>
      <TimeSpan>
        <begin>2025-01-01</begin>
        <end>2026-12-30</end>
      </TimeSpan>
      <description><![CDATA[
        <h3>Soil Health Card Record</h3>
        <p><b>Point ID:</b> Point_178</p>
        <p><b>Validity Period:</b> 2025-01-01 to 2026-12-30</p>
        <p><b>Nitrogen (N):</b> 188.0 kg/ha</p>
        <p><b>Phosphorus (P):</b> 223.0 mg/kg</p>
        <p><b>Potassium (K):</b> 409.7 mg/kg</p>
        <p><b>Organic Carbon (OC):</b> 0.19 %</p>
        <p><b>Coordinates:</b> 14.520540°N, 80.154462°E</p>
      ]]></description>
      <Point>
        <coordinates>80.154462,14.52054,0</coordinates>
      </Point>
    </Placemark>
    <Placemark>
      <name>Point_179</name>
      <styleUrl>#soil_point</styleUrl>
      <TimeSpan>
        <begin>2025-01-01</begin>
        <end>2026-12-30</end>
      </TimeSpan>
      <description><![CDATA[
        <h3>Soil Health Card Record</h3>
        <p><b>Point ID:</b> Point_179</p>
        <p><b>Validity Period:</b> 2025-01-01 to 2026-12-30</p>
        <p><b>Nitrogen (N):</b> 63.0 kg/ha</p>
        <p><b>Phosphorus (P):</b> 120.6 mg/kg</p>
        <p><b>Potassium (K):</b> 509.0 mg/kg</p>
        <p><b>Organic Carbon (OC):</b> 0.19 %</p>
        <p><b>Coordinates:</b> 14.520178°N, 80.155899°E</p>
      ]]></description>
      <Point>
        <coordinates>80.155899,14.520178,0</coordinates>
      </Point>
    </Placemark>
    <Placemark>
      <name>Point_180</name>
      <styleUrl>#soil_point</styleUrl>
      <TimeSpan>
        <begin>2025-01-01</begin>
        <end>2026-12-30</end>
      </TimeSpan>
      <description><![CDATA[
        <h3>Soil Health Card Record</h3>
        <p><b>Point ID:</b> Point_180</p>
        <p><b>Validity Period:</b> 2025-01-01 to 2026-12-30</p>
        <p><b>Nitrogen (N):</b> 63.0 kg/ha</p>
        <p><b>Phosphorus (P):</b> 120.6 mg/kg</p>
        <p><b>Potassium (K):</b> 509.0 mg/kg</p>
        <p><b>Organic Carbon (OC):</b> 0.19 %</p>
        <p><b>Coordinates:</b> 14.519747°N, 80.155998°E</p>
      ]]></description>
      <Point>
        <coordinates>80.155998,14.519747,0</coordinates>
      </Point>
    </Placemark>
    <Placemark>
      <name>Point_181</name>
      <styleUrl>#soil_point</styleUrl>
      <TimeSpan>
        <begin>2025-01-01</begin>
        <end>2026-12-30</end>
      </TimeSpan>
      <description><![CDATA[
        <h3>Soil Health Card Record</h3>
        <p><b>Point ID:</b> Point_181</p>
        <p><b>Validity Period:</b> 2025-01-01 to 2026-12-30</p>
        <p><b>Nitrogen (N):</b> 113.0 kg/ha</p>
        <p><b>Phosphorus (P):</b> 223.0 mg/kg</p>
        <p><b>Potassium (K):</b> 167.6 mg/kg</p>
        <p><b>Organic Carbon (OC):</b> 0.19 %</p>
        <p><b>Coordinates:</b> 14.518699°N, 80.153981°E</p>
      ]]></description>
      <Point>
        <coordinates>80.153981,14.518699,0</coordinates>
      </Point>
    </Placemark>
    <Placemark>
      <name>Point_182</name>
      <styleUrl>#soil_point</styleUrl>
      <TimeSpan>
        <begin>2025-01-01</begin>
        <end>2026-12-30</end>
      </TimeSpan>
      <description><![CDATA[
        <h3>Soil Health Card Record</h3>
        <p><b>Point ID:</b> Point_182</p>
        <p><b>Validity Period:</b> 2025-01-01 to 2026-12-30</p>
        <p><b>Nitrogen (N):</b> 151.0 kg/ha</p>
        <p><b>Phosphorus (P):</b> 102.9 mg/kg</p>
        <p><b>Potassium (K):</b> 428.3 mg/kg</p>
        <p><b>Organic Carbon (OC):</b> 0.09 %</p>
        <p><b>Coordinates:</b> 14.518422°N, 80.152257°E</p>
      ]]></description>
      <Point>
        <coordinates>80.152257,14.518422,0</coordinates>
      </Point>
    </Placemark>
    <Placemark>
      <name>Point_183</name>
      <styleUrl>#soil_point</styleUrl>
      <TimeSpan>
        <begin>2025-01-01</begin>
        <end>2026-12-30</end>
      </TimeSpan>
      <description><![CDATA[
        <h3>Soil Health Card Record</h3>
        <p><b>Point ID:</b> Point_183</p>
        <p><b>Validity Period:</b> 2025-01-01 to 2026-12-30</p>
        <p><b>Nitrogen (N):</b> 151.0 kg/ha</p>
        <p><b>Phosphorus (P):</b> 102.9 mg/kg</p>
        <p><b>Potassium (K):</b> 428.3 mg/kg</p>
        <p><b>Organic Carbon (OC):</b> 0.09 %</p>
        <p><b>Coordinates:</b> 14.517765°N, 80.152662°E</p>
      ]]></description>
      <Point>
        <coordinates>80.152662,14.517765,0</coordinates>
      </Point>
    </Placemark>
    <Placemark>
      <name>Point_184</name>
      <styleUrl>#soil_point</styleUrl>
      <TimeSpan>
        <begin>2025-01-01</begin>
        <end>2026-12-30</end>
      </TimeSpan>
      <description><![CDATA[
        <h3>Soil Health Card Record</h3>
        <p><b>Point ID:</b> Point_184</p>
        <p><b>Validity Period:</b> 2025-01-01 to 2026-12-30</p>
        <p><b>Nitrogen (N):</b> 113.0 kg/ha</p>
        <p><b>Phosphorus (P):</b> 223.0 mg/kg</p>
        <p><b>Potassium (K):</b> 167.6 mg/kg</p>
        <p><b>Organic Carbon (OC):</b> 0.19 %</p>
        <p><b>Coordinates:</b> 14.517676°N, 80.153602°E</p>
      ]]></description>
      <Point>
        <coordinates>80.153602,14.517676,0</coordinates>
      </Point>
    </Placemark>
    <Placemark>
      <name>Point_185</name>
      <styleUrl>#soil_point</styleUrl>
      <TimeSpan>
        <begin>2025-01-01</begin>
        <end>2026-12-30</end>
      </TimeSpan>
      <description><![CDATA[
        <h3>Soil Health Card Record</h3>
        <p><b>Point ID:</b> Point_185</p>
        <p><b>Validity Period:</b> 2025-01-01 to 2026-12-30</p>
        <p><b>Nitrogen (N):</b> 113.0 kg/ha</p>
        <p><b>Phosphorus (P):</b> 168.2 mg/kg</p>
        <p><b>Potassium (K):</b> 62.1 mg/kg</p>
        <p><b>Organic Carbon (OC):</b> 0.09 %</p>
        <p><b>Coordinates:</b> 14.518038°N, 80.154637°E</p>
      ]]></description>
      <Point>
        <coordinates>80.154637,14.518038,0</coordinates>
      </Point>
    </Placemark>
    <Placemark>
      <name>Point_186</name>
      <styleUrl>#soil_point</styleUrl>
      <TimeSpan>
        <begin>2025-01-01</begin>
        <end>2026-12-30</end>
      </TimeSpan>
      <description><![CDATA[
        <h3>Soil Health Card Record</h3>
        <p><b>Point ID:</b> Point_186</p>
        <p><b>Validity Period:</b> 2025-01-01 to 2026-12-30</p>
        <p><b>Nitrogen (N):</b> 151.0 kg/ha</p>
        <p><b>Phosphorus (P):</b> 50.5 mg/kg</p>
        <p><b>Potassium (K):</b> 175.6 mg/kg</p>
        <p><b>Organic Carbon (OC):</b> 0.73 %</p>
        <p><b>Coordinates:</b> 14.904299°N, 79.860999°E</p>
      ]]></description>
      <Point>
        <coordinates>79.860999,14.904299,0</coordinates>
      </Point>
    </Placemark>
    <Placemark>
      <name>Point_187</name>
      <styleUrl>#soil_point</styleUrl>
      <TimeSpan>
        <begin>2025-01-01</begin>
        <end>2026-12-30</end>
      </TimeSpan>
      <description><![CDATA[
        <h3>Soil Health Card Record</h3>
        <p><b>Point ID:</b> Point_187</p>
        <p><b>Validity Period:</b> 2025-01-01 to 2026-12-30</p>
        <p><b>Nitrogen (N):</b> 176.0 kg/ha</p>
        <p><b>Phosphorus (P):</b> 1.8 mg/kg</p>
        <p><b>Potassium (K):</b> 91.3 mg/kg</p>
        <p><b>Organic Carbon (OC):</b> 0.8 %</p>
        <p><b>Coordinates:</b> 14.909742°N, 79.865957°E</p>
      ]]></description>
      <Point>
        <coordinates>79.865957,14.909742,0</coordinates>
      </Point>
    </Placemark>
    <Placemark>
      <name>Point_188</name>
      <styleUrl>#soil_point</styleUrl>
      <TimeSpan>
        <begin>2025-01-01</begin>
        <end>2026-12-30</end>
      </TimeSpan>
      <description><![CDATA[
        <h3>Soil Health Card Record</h3>
        <p><b>Point ID:</b> Point_188</p>
        <p><b>Validity Period:</b> 2025-01-01 to 2026-12-30</p>
        <p><b>Nitrogen (N):</b> 100.0 kg/ha</p>
        <p><b>Phosphorus (P):</b> 5.4 mg/kg</p>
        <p><b>Potassium (K):</b> 155.2 mg/kg</p>
        <p><b>Organic Carbon (OC):</b> 0.42 %</p>
        <p><b>Coordinates:</b> 14.937214°N, 79.605129°E</p>
      ]]></description>
      <Point>
        <coordinates>79.605129,14.937214,0</coordinates>
      </Point>
    </Placemark>
    <Placemark>
      <name>Point_189</name>
      <styleUrl>#soil_point</styleUrl>
      <TimeSpan>
        <begin>2025-01-01</begin>
        <end>2026-12-30</end>
      </TimeSpan>
      <description><![CDATA[
        <h3>Soil Health Card Record</h3>
        <p><b>Point ID:</b> Point_189</p>
        <p><b>Validity Period:</b> 2025-01-01 to 2026-12-30</p>
        <p><b>Nitrogen (N):</b> 138.0 kg/ha</p>
        <p><b>Phosphorus (P):</b> 10.8 mg/kg</p>
        <p><b>Potassium (K):</b> 347.6 mg/kg</p>
        <p><b>Organic Carbon (OC):</b> 0.19 %</p>
        <p><b>Coordinates:</b> 14.934833°N, 79.600446°E</p>
      ]]></description>
      <Point>
        <coordinates>79.600446,14.934833,0</coordinates>
      </Point>
    </Placemark>
    <Placemark>
      <name>Point_190</name>
      <styleUrl>#soil_point</styleUrl>
      <TimeSpan>
        <begin>2025-01-01</begin>
        <end>2026-12-30</end>
      </TimeSpan>
      <description><![CDATA[
        <h3>Soil Health Card Record</h3>
        <p><b>Point ID:</b> Point_190</p>
        <p><b>Validity Period:</b> 2025-01-01 to 2026-12-30</p>
        <p><b>Nitrogen (N):</b> 38.0 kg/ha</p>
        <p><b>Phosphorus (P):</b> 13.1 mg/kg</p>
        <p><b>Potassium (K):</b> 229.7 mg/kg</p>
        <p><b>Organic Carbon (OC):</b> 0.16 %</p>
        <p><b>Coordinates:</b> 14.936423°N, 79.604709°E</p>
      ]]></description>
      <Point>
        <coordinates>79.604709,14.936423,0</coordinates>
      </Point>
    </Placemark>
    <Placemark>
      <name>Point_191</name>
      <styleUrl>#soil_point</styleUrl>
      <TimeSpan>
        <begin>2025-01-01</begin>
        <end>2026-12-30</end>
      </TimeSpan>
      <description><![CDATA[
        <h3>Soil Health Card Record</h3>
        <p><b>Point ID:</b> Point_191</p>
        <p><b>Validity Period:</b> 2025-01-01 to 2026-12-30</p>
        <p><b>Nitrogen (N):</b> 38.0 kg/ha</p>
        <p><b>Phosphorus (P):</b> 13.1 mg/kg</p>
        <p><b>Potassium (K):</b> 229.7 mg/kg</p>
        <p><b>Organic Carbon (OC):</b> 0.16 %</p>
        <p><b>Coordinates:</b> 14.936273°N, 79.604893°E</p>
      ]]></description>
      <Point>
        <coordinates>79.604893,14.936273,0</coordinates>
      </Point>
    </Placemark>
    <Placemark>
      <name>Point_192</name>
      <styleUrl>#soil_point</styleUrl>
      <TimeSpan>
        <begin>2025-01-01</begin>
        <end>2026-12-30</end>
      </TimeSpan>
      <description><![CDATA[
        <h3>Soil Health Card Record</h3>
        <p><b>Point ID:</b> Point_192</p>
        <p><b>Validity Period:</b> 2025-01-01 to 2026-12-30</p>
        <p><b>Nitrogen (N):</b> 38.0 kg/ha</p>
        <p><b>Phosphorus (P):</b> 13.1 mg/kg</p>
        <p><b>Potassium (K):</b> 229.7 mg/kg</p>
        <p><b>Organic Carbon (OC):</b> 0.16 %</p>
        <p><b>Coordinates:</b> 14.936162°N, 79.604936°E</p>
      ]]></description>
      <Point>
        <coordinates>79.604936,14.936162,0</coordinates>
      </Point>
    </Placemark>
    <Placemark>
      <name>Point_193</name>
      <styleUrl>#soil_point</styleUrl>
      <TimeSpan>
        <begin>2025-01-01</begin>
        <end>2026-12-30</end>
      </TimeSpan>
      <description><![CDATA[
        <h3>Soil Health Card Record</h3>
        <p><b>Point ID:</b> Point_193</p>
        <p><b>Validity Period:</b> 2025-01-01 to 2026-12-30</p>
        <p><b>Nitrogen (N):</b> 38.0 kg/ha</p>
        <p><b>Phosphorus (P):</b> 13.1 mg/kg</p>
        <p><b>Potassium (K):</b> 229.7 mg/kg</p>
        <p><b>Organic Carbon (OC):</b> 0.16 %</p>
        <p><b>Coordinates:</b> 14.936153°N, 79.604962°E</p>
      ]]></description>
      <Point>
        <coordinates>79.604962,14.936153,0</coordinates>
      </Point>
    </Placemark>
    <Placemark>
      <name>Point_194</name>
      <styleUrl>#soil_point</styleUrl>
      <TimeSpan>
        <begin>2025-01-01</begin>
        <end>2026-12-30</end>
      </TimeSpan>
      <description><![CDATA[
        <h3>Soil Health Card Record</h3>
        <p><b>Point ID:</b> Point_194</p>
        <p><b>Validity Period:</b> 2025-01-01 to 2026-12-30</p>
        <p><b>Nitrogen (N):</b> 38.0 kg/ha</p>
        <p><b>Phosphorus (P):</b> 13.1 mg/kg</p>
        <p><b>Potassium (K):</b> 229.7 mg/kg</p>
        <p><b>Organic Carbon (OC):</b> 0.16 %</p>
        <p><b>Coordinates:</b> 14.936133°N, 79.604944°E</p>
      ]]></description>
      <Point>
        <coordinates>79.604944,14.936133,0</coordinates>
      </Point>
    </Placemark>
    <Placemark>
      <name>Point_195</name>
      <styleUrl>#soil_point</styleUrl>
      <TimeSpan>
        <begin>2025-01-01</begin>
        <end>2026-12-30</end>
      </TimeSpan>
      <description><![CDATA[
        <h3>Soil Health Card Record</h3>
        <p><b>Point ID:</b> Point_195</p>
        <p><b>Validity Period:</b> 2025-01-01 to 2026-12-30</p>
        <p><b>Nitrogen (N):</b> 38.0 kg/ha</p>
        <p><b>Phosphorus (P):</b> 13.1 mg/kg</p>
        <p><b>Potassium (K):</b> 229.7 mg/kg</p>
        <p><b>Organic Carbon (OC):</b> 0.16 %</p>
        <p><b>Coordinates:</b> 14.936124°N, 79.604920°E</p>
      ]]></description>
      <Point>
        <coordinates>79.60492,14.936124,0</coordinates>
      </Point>
    </Placemark>
    <Placemark>
      <name>Point_196</name>
      <styleUrl>#soil_point</styleUrl>
      <TimeSpan>
        <begin>2025-01-01</begin>
        <end>2026-12-30</end>
      </TimeSpan>
      <description><![CDATA[
        <h3>Soil Health Card Record</h3>
        <p><b>Point ID:</b> Point_196</p>
        <p><b>Validity Period:</b> 2025-01-01 to 2026-12-30</p>
        <p><b>Nitrogen (N):</b> 38.0 kg/ha</p>
        <p><b>Phosphorus (P):</b> 13.1 mg/kg</p>
        <p><b>Potassium (K):</b> 229.7 mg/kg</p>
        <p><b>Organic Carbon (OC):</b> 0.16 %</p>
        <p><b>Coordinates:</b> 14.936118°N, 79.604938°E</p>
      ]]></description>
      <Point>
        <coordinates>79.604938,14.936118,0</coordinates>
      </Point>
    </Placemark>
    <Placemark>
      <name>Point_197</name>
      <styleUrl>#soil_point</styleUrl>
      <TimeSpan>
        <begin>2025-01-01</begin>
        <end>2026-12-30</end>
      </TimeSpan>
      <description><![CDATA[
        <h3>Soil Health Card Record</h3>
        <p><b>Point ID:</b> Point_197</p>
        <p><b>Validity Period:</b> 2025-01-01 to 2026-12-30</p>
        <p><b>Nitrogen (N):</b> 38.0 kg/ha</p>
        <p><b>Phosphorus (P):</b> 13.1 mg/kg</p>
        <p><b>Potassium (K):</b> 229.7 mg/kg</p>
        <p><b>Organic Carbon (OC):</b> 0.16 %</p>
        <p><b>Coordinates:</b> 14.936113°N, 79.604965°E</p>
      ]]></description>
      <Point>
        <coordinates>79.604965,14.936113,0</coordinates>
      </Point>
    </Placemark>
    <Placemark>
      <name>Point_198</name>
      <styleUrl>#soil_point</styleUrl>
      <TimeSpan>
        <begin>2025-01-01</begin>
        <end>2026-12-30</end>
      </TimeSpan>
      <description><![CDATA[
        <h3>Soil Health Card Record</h3>
        <p><b>Point ID:</b> Point_198</p>
        <p><b>Validity Period:</b> 2025-01-01 to 2026-12-30</p>
        <p><b>Nitrogen (N):</b> 38.0 kg/ha</p>
        <p><b>Phosphorus (P):</b> 13.1 mg/kg</p>
        <p><b>Potassium (K):</b> 229.7 mg/kg</p>
        <p><b>Organic Carbon (OC):</b> 0.16 %</p>
        <p><b>Coordinates:</b> 14.936114°N, 79.605106°E</p>
      ]]></description>
      <Point>
        <coordinates>79.605106,14.936114,0</coordinates>
      </Point>
    </Placemark>
    <Placemark>
      <name>Point_199</name>
      <styleUrl>#soil_point</styleUrl>
      <TimeSpan>
        <begin>2025-01-01</begin>
        <end>2026-12-30</end>
      </TimeSpan>
      <description><![CDATA[
        <h3>Soil Health Card Record</h3>
        <p><b>Point ID:</b> Point_199</p>
        <p><b>Validity Period:</b> 2025-01-01 to 2026-12-30</p>
        <p><b>Nitrogen (N):</b> 38.0 kg/ha</p>
        <p><b>Phosphorus (P):</b> 13.1 mg/kg</p>
        <p><b>Potassium (K):</b> 229.7 mg/kg</p>
        <p><b>Organic Carbon (OC):</b> 0.16 %</p>
        <p><b>Coordinates:</b> 14.936063°N, 79.605054°E</p>
      ]]></description>
      <Point>
        <coordinates>79.605054,14.936063,0</coordinates>
      </Point>
    </Placemark>
    <Placemark>
      <name>Point_200</name>
      <styleUrl>#soil_point</styleUrl>
      <TimeSpan>
        <begin>2025-01-01</begin>
        <end>2026-12-30</end>
      </TimeSpan>
      <description><![CDATA[
        <h3>Soil Health Card Record</h3>
        <p><b>Point ID:</b> Point_200</p>
        <p><b>Validity Period:</b> 2025-01-01 to 2026-12-30</p>
        <p><b>Nitrogen (N):</b> 38.0 kg/ha</p>
        <p><b>Phosphorus (P):</b> 13.1 mg/kg</p>
        <p><b>Potassium (K):</b> 229.7 mg/kg</p>
        <p><b>Organic Carbon (OC):</b> 0.16 %</p>
        <p><b>Coordinates:</b> 14.936002°N, 79.605180°E</p>
      ]]></description>
      <Point>
        <coordinates>79.60518,14.936002,0</coordinates>
      </Point>
    </Placemark>
    <Placemark>
      <name>Point_201</name>
      <styleUrl>#soil_point</styleUrl>
      <TimeSpan>
        <begin>2025-01-01</begin>
        <end>2026-12-30</end>
      </TimeSpan>
      <description><![CDATA[
        <h3>Soil Health Card Record</h3>
        <p><b>Point ID:</b> Point_201</p>
        <p><b>Validity Period:</b> 2025-01-01 to 2026-12-30</p>
        <p><b>Nitrogen (N):</b> 38.0 kg/ha</p>
        <p><b>Phosphorus (P):</b> 13.1 mg/kg</p>
        <p><b>Potassium (K):</b> 229.7 mg/kg</p>
        <p><b>Organic Carbon (OC):</b> 0.16 %</p>
        <p><b>Coordinates:</b> 14.935972°N, 79.605148°E</p>
      ]]></description>
      <Point>
        <coordinates>79.605148,14.935972,0</coordinates>
      </Point>
    </Placemark>
    <Placemark>
      <name>Point_202</name>
      <styleUrl>#soil_point</styleUrl>
      <TimeSpan>
        <begin>2025-01-01</begin>
        <end>2026-12-30</end>
      </TimeSpan>
      <description><![CDATA[
        <h3>Soil Health Card Record</h3>
        <p><b>Point ID:</b> Point_202</p>
        <p><b>Validity Period:</b> 2025-01-01 to 2026-12-30</p>
        <p><b>Nitrogen (N):</b> 138.0 kg/ha</p>
        <p><b>Phosphorus (P):</b> 10.8 mg/kg</p>
        <p><b>Potassium (K):</b> 347.6 mg/kg</p>
        <p><b>Organic Carbon (OC):</b> 0.19 %</p>
        <p><b>Coordinates:</b> 14.934883°N, 79.601344°E</p>
      ]]></description>
      <Point>
        <coordinates>79.601344,14.934883,0</coordinates>
      </Point>
    </Placemark>
    <Placemark>
      <name>Point_203</name>
      <styleUrl>#soil_point</styleUrl>
      <TimeSpan>
        <begin>2025-01-01</begin>
        <end>2026-12-30</end>
      </TimeSpan>
      <description><![CDATA[
        <h3>Soil Health Card Record</h3>
        <p><b>Point ID:</b> Point_203</p>
        <p><b>Validity Period:</b> 2025-01-01 to 2026-12-30</p>
        <p><b>Nitrogen (N):</b> 138.0 kg/ha</p>
        <p><b>Phosphorus (P):</b> 10.8 mg/kg</p>
        <p><b>Potassium (K):</b> 347.6 mg/kg</p>
        <p><b>Organic Carbon (OC):</b> 0.19 %</p>
        <p><b>Coordinates:</b> 14.934555°N, 79.601017°E</p>
      ]]></description>
      <Point>
        <coordinates>79.601017,14.934555,0</coordinates>
      </Point>
    </Placemark>
    <Placemark>
      <name>Point_204</name>
      <styleUrl>#soil_point</styleUrl>
      <TimeSpan>
        <begin>2025-01-01</begin>
        <end>2026-12-30</end>
      </TimeSpan>
      <description><![CDATA[
        <h3>Soil Health Card Record</h3>
        <p><b>Point ID:</b> Point_204</p>
        <p><b>Validity Period:</b> 2025-01-01 to 2026-12-30</p>
        <p><b>Nitrogen (N):</b> 138.0 kg/ha</p>
        <p><b>Phosphorus (P):</b> 10.8 mg/kg</p>
        <p><b>Potassium (K):</b> 347.6 mg/kg</p>
        <p><b>Organic Carbon (OC):</b> 0.19 %</p>
        <p><b>Coordinates:</b> 14.934332°N, 79.601047°E</p>
      ]]></description>
      <Point>
        <coordinates>79.601047,14.934332,0</coordinates>
      </Point>
    </Placemark>
    <Placemark>
      <name>Point_205</name>
      <styleUrl>#soil_point</styleUrl>
      <TimeSpan>
        <begin>2025-01-01</begin>
        <end>2026-12-30</end>
      </TimeSpan>
      <description><![CDATA[
        <h3>Soil Health Card Record</h3>
        <p><b>Point ID:</b> Point_205</p>
        <p><b>Validity Period:</b> 2025-01-01 to 2026-12-30</p>
        <p><b>Nitrogen (N):</b> 138.0 kg/ha</p>
        <p><b>Phosphorus (P):</b> 10.8 mg/kg</p>
        <p><b>Potassium (K):</b> 347.6 mg/kg</p>
        <p><b>Organic Carbon (OC):</b> 0.19 %</p>
        <p><b>Coordinates:</b> 14.934267°N, 79.600898°E</p>
      ]]></description>
      <Point>
        <coordinates>79.600898,14.934267,0</coordinates>
      </Point>
    </Placemark>
    <Placemark>
      <name>Point_206</name>
      <styleUrl>#soil_point</styleUrl>
      <TimeSpan>
        <begin>2025-01-01</begin>
        <end>2026-12-30</end>
      </TimeSpan>
      <description><![CDATA[
        <h3>Soil Health Card Record</h3>
        <p><b>Point ID:</b> Point_206</p>
        <p><b>Validity Period:</b> 2025-01-01 to 2026-12-30</p>
        <p><b>Nitrogen (N):</b> 138.0 kg/ha</p>
        <p><b>Phosphorus (P):</b> 10.8 mg/kg</p>
        <p><b>Potassium (K):</b> 347.6 mg/kg</p>
        <p><b>Organic Carbon (OC):</b> 0.19 %</p>
        <p><b>Coordinates:</b> 14.934160°N, 79.601010°E</p>
      ]]></description>
      <Point>
        <coordinates>79.60101,14.93416,0</coordinates>
      </Point>
    </Placemark>
    <Placemark>
      <name>Point_207</name>
      <styleUrl>#soil_point</styleUrl>
      <TimeSpan>
        <begin>2025-01-01</begin>
        <end>2026-12-30</end>
      </TimeSpan>
      <description><![CDATA[
        <h3>Soil Health Card Record</h3>
        <p><b>Point ID:</b> Point_207</p>
        <p><b>Validity Period:</b> 2025-01-01 to 2026-12-30</p>
        <p><b>Nitrogen (N):</b> 163.0 kg/ha</p>
        <p><b>Phosphorus (P):</b> 10.8 mg/kg</p>
        <p><b>Potassium (K):</b> 142.8 mg/kg</p>
        <p><b>Organic Carbon (OC):</b> 0.19 %</p>
        <p><b>Coordinates:</b> 14.932695°N, 79.604479°E</p>
      ]]></description>
      <Point>
        <coordinates>79.604479,14.932695,0</coordinates>
      </Point>
    </Placemark>
    <Placemark>
      <name>Point_208</name>
      <styleUrl>#soil_point</styleUrl>
      <TimeSpan>
        <begin>2025-01-01</begin>
        <end>2026-12-30</end>
      </TimeSpan>
      <description><![CDATA[
        <h3>Soil Health Card Record</h3>
        <p><b>Point ID:</b> Point_208</p>
        <p><b>Validity Period:</b> 2025-01-01 to 2026-12-30</p>
        <p><b>Nitrogen (N):</b> 125.0 kg/ha</p>
        <p><b>Phosphorus (P):</b> 15.4 mg/kg</p>
        <p><b>Potassium (K):</b> 86.9 mg/kg</p>
        <p><b>Organic Carbon (OC):</b> 0.73 %</p>
        <p><b>Coordinates:</b> 14.932359°N, 79.603389°E</p>
      ]]></description>
      <Point>
        <coordinates>79.603389,14.932359,0</coordinates>
      </Point>
    </Placemark>
    <Placemark>
      <name>Point_209</name>
      <styleUrl>#soil_point</styleUrl>
      <TimeSpan>
        <begin>2025-01-01</begin>
        <end>2026-12-30</end>
      </TimeSpan>
      <description><![CDATA[
        <h3>Soil Health Card Record</h3>
        <p><b>Point ID:</b> Point_209</p>
        <p><b>Validity Period:</b> 2025-01-01 to 2026-12-30</p>
        <p><b>Nitrogen (N):</b> 163.0 kg/ha</p>
        <p><b>Phosphorus (P):</b> 10.8 mg/kg</p>
        <p><b>Potassium (K):</b> 142.8 mg/kg</p>
        <p><b>Organic Carbon (OC):</b> 0.19 %</p>
        <p><b>Coordinates:</b> 14.932178°N, 79.603687°E</p>
      ]]></description>
      <Point>
        <coordinates>79.603687,14.932178,0</coordinates>
      </Point>
    </Placemark>
    <Placemark>
      <name>Point_210</name>
      <styleUrl>#soil_point</styleUrl>
      <TimeSpan>
        <begin>2025-01-01</begin>
        <end>2026-12-30</end>
      </TimeSpan>
      <description><![CDATA[
        <h3>Soil Health Card Record</h3>
        <p><b>Point ID:</b> Point_210</p>
        <p><b>Validity Period:</b> 2025-01-01 to 2026-12-30</p>
        <p><b>Nitrogen (N):</b> 163.0 kg/ha</p>
        <p><b>Phosphorus (P):</b> 10.8 mg/kg</p>
        <p><b>Potassium (K):</b> 142.8 mg/kg</p>
        <p><b>Organic Carbon (OC):</b> 0.19 %</p>
        <p><b>Coordinates:</b> 14.931603°N, 79.604742°E</p>
      ]]></description>
      <Point>
        <coordinates>79.604742,14.931603,0</coordinates>
      </Point>
    </Placemark>
    <Placemark>
      <name>Point_211</name>
      <styleUrl>#soil_point</styleUrl>
      <TimeSpan>
        <begin>2025-01-01</begin>
        <end>2026-12-30</end>
      </TimeSpan>
      <description><![CDATA[
        <h3>Soil Health Card Record</h3>
        <p><b>Point ID:</b> Point_211</p>
        <p><b>Validity Period:</b> 2025-01-01 to 2026-12-30</p>
        <p><b>Nitrogen (N):</b> 125.0 kg/ha</p>
        <p><b>Phosphorus (P):</b> 15.4 mg/kg</p>
        <p><b>Potassium (K):</b> 86.9 mg/kg</p>
        <p><b>Organic Carbon (OC):</b> 0.73 %</p>
        <p><b>Coordinates:</b> 14.931603°N, 79.602428°E</p>
      ]]></description>
      <Point>
        <coordinates>79.602428,14.931603,0</coordinates>
      </Point>
    </Placemark>
    <Placemark>
      <name>Point_212</name>
      <styleUrl>#soil_point</styleUrl>
      <TimeSpan>
        <begin>2025-01-01</begin>
        <end>2026-12-30</end>
      </TimeSpan>
      <description><![CDATA[
        <h3>Soil Health Card Record</h3>
        <p><b>Point ID:</b> Point_212</p>
        <p><b>Validity Period:</b> 2025-01-01 to 2026-12-30</p>
        <p><b>Nitrogen (N):</b> 125.0 kg/ha</p>
        <p><b>Phosphorus (P):</b> 15.4 mg/kg</p>
        <p><b>Potassium (K):</b> 86.9 mg/kg</p>
        <p><b>Organic Carbon (OC):</b> 0.73 %</p>
        <p><b>Coordinates:</b> 14.931397°N, 79.602445°E</p>
      ]]></description>
      <Point>
        <coordinates>79.602445,14.931397,0</coordinates>
      </Point>
    </Placemark>
    <Placemark>
      <name>Point_213</name>
      <styleUrl>#soil_point</styleUrl>
      <TimeSpan>
        <begin>2025-01-01</begin>
        <end>2026-12-30</end>
      </TimeSpan>
      <description><![CDATA[
        <h3>Soil Health Card Record</h3>
        <p><b>Point ID:</b> Point_213</p>
        <p><b>Validity Period:</b> 2025-01-01 to 2026-12-30</p>
        <p><b>Nitrogen (N):</b> 138.0 kg/ha</p>
        <p><b>Phosphorus (P):</b> 10.8 mg/kg</p>
        <p><b>Potassium (K):</b> 223.5 mg/kg</p>
        <p><b>Organic Carbon (OC):</b> 0.16 %</p>
        <p><b>Coordinates:</b> 14.933592°N, 79.595534°E</p>
      ]]></description>
      <Point>
        <coordinates>79.595534,14.933592,0</coordinates>
      </Point>
    </Placemark>
    <Placemark>
      <name>Point_214</name>
      <styleUrl>#soil_point</styleUrl>
      <TimeSpan>
        <begin>2025-01-01</begin>
        <end>2026-12-30</end>
      </TimeSpan>
      <description><![CDATA[
        <h3>Soil Health Card Record</h3>
        <p><b>Point ID:</b> Point_214</p>
        <p><b>Validity Period:</b> 2025-01-01 to 2026-12-30</p>
        <p><b>Nitrogen (N):</b> 138.0 kg/ha</p>
        <p><b>Phosphorus (P):</b> 10.8 mg/kg</p>
        <p><b>Potassium (K):</b> 223.5 mg/kg</p>
        <p><b>Organic Carbon (OC):</b> 0.16 %</p>
        <p><b>Coordinates:</b> 14.932973°N, 79.595435°E</p>
      ]]></description>
      <Point>
        <coordinates>79.595435,14.932973,0</coordinates>
      </Point>
    </Placemark>
    <Placemark>
      <name>Point_215</name>
      <styleUrl>#soil_point</styleUrl>
      <TimeSpan>
        <begin>2025-01-01</begin>
        <end>2026-12-30</end>
      </TimeSpan>
      <description><![CDATA[
        <h3>Soil Health Card Record</h3>
        <p><b>Point ID:</b> Point_215</p>
        <p><b>Validity Period:</b> 2025-01-01 to 2026-12-30</p>
        <p><b>Nitrogen (N):</b> 138.0 kg/ha</p>
        <p><b>Phosphorus (P):</b> 10.8 mg/kg</p>
        <p><b>Potassium (K):</b> 223.5 mg/kg</p>
        <p><b>Organic Carbon (OC):</b> 0.16 %</p>
        <p><b>Coordinates:</b> 14.932743°N, 79.595409°E</p>
      ]]></description>
      <Point>
        <coordinates>79.595409,14.932743,0</coordinates>
      </Point>
    </Placemark>
    <Placemark>
      <name>Point_216</name>
      <styleUrl>#soil_point</styleUrl>
      <TimeSpan>
        <begin>2025-01-01</begin>
        <end>2026-12-30</end>
      </TimeSpan>
      <description><![CDATA[
        <h3>Soil Health Card Record</h3>
        <p><b>Point ID:</b> Point_216</p>
        <p><b>Validity Period:</b> 2025-01-01 to 2026-12-30</p>
        <p><b>Nitrogen (N):</b> 138.0 kg/ha</p>
        <p><b>Phosphorus (P):</b> 10.8 mg/kg</p>
        <p><b>Potassium (K):</b> 223.5 mg/kg</p>
        <p><b>Organic Carbon (OC):</b> 0.16 %</p>
        <p><b>Coordinates:</b> 14.932587°N, 79.595579°E</p>
      ]]></description>
      <Point>
        <coordinates>79.595579,14.932587,0</coordinates>
      </Point>
    </Placemark>
    <Placemark>
      <name>Point_217</name>
      <styleUrl>#soil_point</styleUrl>
      <TimeSpan>
        <begin>2025-01-01</begin>
        <end>2026-12-30</end>
      </TimeSpan>
      <description><![CDATA[
        <h3>Soil Health Card Record</h3>
        <p><b>Point ID:</b> Point_217</p>
        <p><b>Validity Period:</b> 2025-01-01 to 2026-12-30</p>
        <p><b>Nitrogen (N):</b> 163.0 kg/ha</p>
        <p><b>Phosphorus (P):</b> 10.8 mg/kg</p>
        <p><b>Potassium (K):</b> 142.8 mg/kg</p>
        <p><b>Organic Carbon (OC):</b> 0.19 %</p>
        <p><b>Coordinates:</b> 14.932702°N, 79.604464°E</p>
      ]]></description>
      <Point>
        <coordinates>79.604464,14.932702,0</coordinates>
      </Point>
    </Placemark>
    <Placemark>
      <name>Point_218</name>
      <styleUrl>#soil_point</styleUrl>
      <TimeSpan>
        <begin>2025-01-01</begin>
        <end>2026-12-30</end>
      </TimeSpan>
      <description><![CDATA[
        <h3>Soil Health Card Record</h3>
        <p><b>Point ID:</b> Point_218</p>
        <p><b>Validity Period:</b> 2025-01-01 to 2026-12-30</p>
        <p><b>Nitrogen (N):</b> 125.0 kg/ha</p>
        <p><b>Phosphorus (P):</b> 15.4 mg/kg</p>
        <p><b>Potassium (K):</b> 86.9 mg/kg</p>
        <p><b>Organic Carbon (OC):</b> 0.73 %</p>
        <p><b>Coordinates:</b> 14.932353°N, 79.603409°E</p>
      ]]></description>
      <Point>
        <coordinates>79.603409,14.932353,0</coordinates>
      </Point>
    </Placemark>
    <Placemark>
      <name>Point_219</name>
      <styleUrl>#soil_point</styleUrl>
      <TimeSpan>
        <begin>2025-01-01</begin>
        <end>2026-12-30</end>
      </TimeSpan>
      <description><![CDATA[
        <h3>Soil Health Card Record</h3>
        <p><b>Point ID:</b> Point_219</p>
        <p><b>Validity Period:</b> 2025-01-01 to 2026-12-30</p>
        <p><b>Nitrogen (N):</b> 163.0 kg/ha</p>
        <p><b>Phosphorus (P):</b> 10.8 mg/kg</p>
        <p><b>Potassium (K):</b> 142.8 mg/kg</p>
        <p><b>Organic Carbon (OC):</b> 0.19 %</p>
        <p><b>Coordinates:</b> 14.932188°N, 79.603613°E</p>
      ]]></description>
      <Point>
        <coordinates>79.603613,14.932188,0</coordinates>
      </Point>
    </Placemark>
    <Placemark>
      <name>Point_220</name>
      <styleUrl>#soil_point</styleUrl>
      <TimeSpan>
        <begin>2025-01-01</begin>
        <end>2026-12-30</end>
      </TimeSpan>
      <description><![CDATA[
        <h3>Soil Health Card Record</h3>
        <p><b>Point ID:</b> Point_220</p>
        <p><b>Validity Period:</b> 2025-01-01 to 2026-12-30</p>
        <p><b>Nitrogen (N):</b> 163.0 kg/ha</p>
        <p><b>Phosphorus (P):</b> 10.8 mg/kg</p>
        <p><b>Potassium (K):</b> 142.8 mg/kg</p>
        <p><b>Organic Carbon (OC):</b> 0.19 %</p>
        <p><b>Coordinates:</b> 14.931588°N, 79.604754°E</p>
      ]]></description>
      <Point>
        <coordinates>79.604754,14.931588,0</coordinates>
      </Point>
    </Placemark>
    <Placemark>
      <name>Point_221</name>
      <styleUrl>#soil_point</styleUrl>
      <TimeSpan>
        <begin>2025-01-01</begin>
        <end>2026-12-30</end>
      </TimeSpan>
      <description><![CDATA[
        <h3>Soil Health Card Record</h3>
        <p><b>Point ID:</b> Point_221</p>
        <p><b>Validity Period:</b> 2025-01-01 to 2026-12-30</p>
        <p><b>Nitrogen (N):</b> 125.0 kg/ha</p>
        <p><b>Phosphorus (P):</b> 15.4 mg/kg</p>
        <p><b>Potassium (K):</b> 86.9 mg/kg</p>
        <p><b>Organic Carbon (OC):</b> 0.73 %</p>
        <p><b>Coordinates:</b> 14.931432°N, 79.602430°E</p>
      ]]></description>
      <Point>
        <coordinates>79.60243,14.931432,0</coordinates>
      </Point>
    </Placemark>
    <Placemark>
      <name>Point_222</name>
      <styleUrl>#soil_point</styleUrl>
      <TimeSpan>
        <begin>2025-01-01</begin>
        <end>2026-12-30</end>
      </TimeSpan>
      <description><![CDATA[
        <h3>Soil Health Card Record</h3>
        <p><b>Point ID:</b> Point_222</p>
        <p><b>Validity Period:</b> 2025-01-01 to 2026-12-30</p>
        <p><b>Nitrogen (N):</b> 50.0 kg/ha</p>
        <p><b>Phosphorus (P):</b> 4.6 mg/kg</p>
        <p><b>Potassium (K):</b> 229.7 mg/kg</p>
        <p><b>Organic Carbon (OC):</b> 0.24 %</p>
        <p><b>Coordinates:</b> 14.927464°N, 79.605769°E</p>
      ]]></description>
      <Point>
        <coordinates>79.605769,14.927464,0</coordinates>
      </Point>
    </Placemark>
    <Placemark>
      <name>Point_223</name>
      <styleUrl>#soil_point</styleUrl>
      <TimeSpan>
        <begin>2025-01-01</begin>
        <end>2026-12-30</end>
      </TimeSpan>
      <description><![CDATA[
        <h3>Soil Health Card Record</h3>
        <p><b>Point ID:</b> Point_223</p>
        <p><b>Validity Period:</b> 2025-01-01 to 2026-12-30</p>
        <p><b>Nitrogen (N):</b> 50.0 kg/ha</p>
        <p><b>Phosphorus (P):</b> 4.6 mg/kg</p>
        <p><b>Potassium (K):</b> 229.7 mg/kg</p>
        <p><b>Organic Carbon (OC):</b> 0.24 %</p>
        <p><b>Coordinates:</b> 14.927164°N, 79.606016°E</p>
      ]]></description>
      <Point>
        <coordinates>79.606016,14.927164,0</coordinates>
      </Point>
    </Placemark>
    <Placemark>
      <name>Point_224</name>
      <styleUrl>#soil_point</styleUrl>
      <TimeSpan>
        <begin>2025-01-01</begin>
        <end>2026-12-30</end>
      </TimeSpan>
      <description><![CDATA[
        <h3>Soil Health Card Record</h3>
        <p><b>Point ID:</b> Point_224</p>
        <p><b>Validity Period:</b> 2025-01-01 to 2026-12-30</p>
        <p><b>Nitrogen (N):</b> 50.0 kg/ha</p>
        <p><b>Phosphorus (P):</b> 4.6 mg/kg</p>
        <p><b>Potassium (K):</b> 229.7 mg/kg</p>
        <p><b>Organic Carbon (OC):</b> 0.24 %</p>
        <p><b>Coordinates:</b> 14.926679°N, 79.605548°E</p>
      ]]></description>
      <Point>
        <coordinates>79.605548,14.926679,0</coordinates>
      </Point>
    </Placemark>
    <Placemark>
      <name>Point_225</name>
      <styleUrl>#soil_point</styleUrl>
      <TimeSpan>
        <begin>2025-01-01</begin>
        <end>2026-12-30</end>
      </TimeSpan>
      <description><![CDATA[
        <h3>Soil Health Card Record</h3>
        <p><b>Point ID:</b> Point_225</p>
        <p><b>Validity Period:</b> 2025-01-01 to 2026-12-30</p>
        <p><b>Nitrogen (N):</b> 50.0 kg/ha</p>
        <p><b>Phosphorus (P):</b> 4.6 mg/kg</p>
        <p><b>Potassium (K):</b> 229.7 mg/kg</p>
        <p><b>Organic Carbon (OC):</b> 0.24 %</p>
        <p><b>Coordinates:</b> 14.926506°N, 79.605437°E</p>
      ]]></description>
      <Point>
        <coordinates>79.605437,14.926506,0</coordinates>
      </Point>
    </Placemark>
    <Placemark>
      <name>Point_226</name>
      <styleUrl>#soil_point</styleUrl>
      <TimeSpan>
        <begin>2025-01-01</begin>
        <end>2026-12-30</end>
      </TimeSpan>
      <description><![CDATA[
        <h3>Soil Health Card Record</h3>
        <p><b>Point ID:</b> Point_226</p>
        <p><b>Validity Period:</b> 2025-01-01 to 2026-12-30</p>
        <p><b>Nitrogen (N):</b> 138.0 kg/ha</p>
        <p><b>Phosphorus (P):</b> 10.8 mg/kg</p>
        <p><b>Potassium (K):</b> 223.5 mg/kg</p>
        <p><b>Organic Carbon (OC):</b> 0.16 %</p>
        <p><b>Coordinates:</b> 14.933554°N, 79.595602°E</p>
      ]]></description>
      <Point>
        <coordinates>79.595602,14.933554,0</coordinates>
      </Point>
    </Placemark>
    <Placemark>
      <name>Point_227</name>
      <styleUrl>#soil_point</styleUrl>
      <TimeSpan>
        <begin>2025-01-01</begin>
        <end>2026-12-30</end>
      </TimeSpan>
      <description><![CDATA[
        <h3>Soil Health Card Record</h3>
        <p><b>Point ID:</b> Point_227</p>
        <p><b>Validity Period:</b> 2025-01-01 to 2026-12-30</p>
        <p><b>Nitrogen (N):</b> 125.0 kg/ha</p>
        <p><b>Phosphorus (P):</b> 9.2 mg/kg</p>
        <p><b>Potassium (K):</b> 291.7 mg/kg</p>
        <p><b>Organic Carbon (OC):</b> 0.31 %</p>
        <p><b>Coordinates:</b> 14.935438°N, 79.590798°E</p>
      ]]></description>
      <Point>
        <coordinates>79.590798,14.935438,0</coordinates>
      </Point>
    </Placemark>
    <Placemark>
      <name>Point_228</name>
      <styleUrl>#soil_point</styleUrl>
      <TimeSpan>
        <begin>2025-01-01</begin>
        <end>2026-12-30</end>
      </TimeSpan>
      <description><![CDATA[
        <h3>Soil Health Card Record</h3>
        <p><b>Point ID:</b> Point_228</p>
        <p><b>Validity Period:</b> 2025-01-01 to 2026-12-30</p>
        <p><b>Nitrogen (N):</b> 125.0 kg/ha</p>
        <p><b>Phosphorus (P):</b> 1.5 mg/kg</p>
        <p><b>Potassium (K):</b> 167.6 mg/kg</p>
        <p><b>Organic Carbon (OC):</b> 0.09 %</p>
        <p><b>Coordinates:</b> 14.928690°N, 79.589899°E</p>
      ]]></description>
      <Point>
        <coordinates>79.589899,14.92869,0</coordinates>
      </Point>
    </Placemark>
    <Placemark>
      <name>Point_229</name>
      <styleUrl>#soil_point</styleUrl>
      <TimeSpan>
        <begin>2025-01-01</begin>
        <end>2026-12-30</end>
      </TimeSpan>
      <description><![CDATA[
        <h3>Soil Health Card Record</h3>
        <p><b>Point ID:</b> Point_229</p>
        <p><b>Validity Period:</b> 2025-01-01 to 2026-12-30</p>
        <p><b>Nitrogen (N):</b> 125.0 kg/ha</p>
        <p><b>Phosphorus (P):</b> 1.5 mg/kg</p>
        <p><b>Potassium (K):</b> 167.6 mg/kg</p>
        <p><b>Organic Carbon (OC):</b> 0.09 %</p>
        <p><b>Coordinates:</b> 14.928682°N, 79.589888°E</p>
      ]]></description>
      <Point>
        <coordinates>79.589888,14.928682,0</coordinates>
      </Point>
    </Placemark>
    <Placemark>
      <name>Point_230</name>
      <styleUrl>#soil_point</styleUrl>
      <TimeSpan>
        <begin>2025-01-01</begin>
        <end>2026-12-30</end>
      </TimeSpan>
      <description><![CDATA[
        <h3>Soil Health Card Record</h3>
        <p><b>Point ID:</b> Point_230</p>
        <p><b>Validity Period:</b> 2025-01-01 to 2026-12-30</p>
        <p><b>Nitrogen (N):</b> 125.0 kg/ha</p>
        <p><b>Phosphorus (P):</b> 1.5 mg/kg</p>
        <p><b>Potassium (K):</b> 167.6 mg/kg</p>
        <p><b>Organic Carbon (OC):</b> 0.09 %</p>
        <p><b>Coordinates:</b> 14.928646°N, 79.589910°E</p>
      ]]></description>
      <Point>
        <coordinates>79.58991,14.928646,0</coordinates>
      </Point>
    </Placemark>
    <Placemark>
      <name>Point_231</name>
      <styleUrl>#soil_point</styleUrl>
      <TimeSpan>
        <begin>2025-01-01</begin>
        <end>2026-12-30</end>
      </TimeSpan>
      <description><![CDATA[
        <h3>Soil Health Card Record</h3>
        <p><b>Point ID:</b> Point_231</p>
        <p><b>Validity Period:</b> 2025-01-01 to 2026-12-30</p>
        <p><b>Nitrogen (N):</b> 125.0 kg/ha</p>
        <p><b>Phosphorus (P):</b> 1.5 mg/kg</p>
        <p><b>Potassium (K):</b> 167.6 mg/kg</p>
        <p><b>Organic Carbon (OC):</b> 0.09 %</p>
        <p><b>Coordinates:</b> 14.928616°N, 79.589933°E</p>
      ]]></description>
      <Point>
        <coordinates>79.589933,14.928616,0</coordinates>
      </Point>
    </Placemark>
    <Placemark>
      <name>Point_232</name>
      <styleUrl>#soil_point</styleUrl>
      <TimeSpan>
        <begin>2025-01-01</begin>
        <end>2026-12-30</end>
      </TimeSpan>
      <description><![CDATA[
        <h3>Soil Health Card Record</h3>
        <p><b>Point ID:</b> Point_232</p>
        <p><b>Validity Period:</b> 2025-01-01 to 2026-12-30</p>
        <p><b>Nitrogen (N):</b> 125.0 kg/ha</p>
        <p><b>Phosphorus (P):</b> 1.5 mg/kg</p>
        <p><b>Potassium (K):</b> 167.6 mg/kg</p>
        <p><b>Organic Carbon (OC):</b> 0.09 %</p>
        <p><b>Coordinates:</b> 14.928612°N, 79.589793°E</p>
      ]]></description>
      <Point>
        <coordinates>79.589793,14.928612,0</coordinates>
      </Point>
    </Placemark>
    <Placemark>
      <name>Point_233</name>
      <styleUrl>#soil_point</styleUrl>
      <TimeSpan>
        <begin>2025-01-01</begin>
        <end>2026-12-30</end>
      </TimeSpan>
      <description><![CDATA[
        <h3>Soil Health Card Record</h3>
        <p><b>Point ID:</b> Point_233</p>
        <p><b>Validity Period:</b> 2025-01-01 to 2026-12-30</p>
        <p><b>Nitrogen (N):</b> 125.0 kg/ha</p>
        <p><b>Phosphorus (P):</b> 1.5 mg/kg</p>
        <p><b>Potassium (K):</b> 167.6 mg/kg</p>
        <p><b>Organic Carbon (OC):</b> 0.09 %</p>
        <p><b>Coordinates:</b> 14.928592°N, 79.589593°E</p>
      ]]></description>
      <Point>
        <coordinates>79.589593,14.928592,0</coordinates>
      </Point>
    </Placemark>
    <Placemark>
      <name>Point_234</name>
      <styleUrl>#soil_point</styleUrl>
      <TimeSpan>
        <begin>2025-01-01</begin>
        <end>2026-12-30</end>
      </TimeSpan>
      <description><![CDATA[
        <h3>Soil Health Card Record</h3>
        <p><b>Point ID:</b> Point_234</p>
        <p><b>Validity Period:</b> 2025-01-01 to 2026-12-30</p>
        <p><b>Nitrogen (N):</b> 125.0 kg/ha</p>
        <p><b>Phosphorus (P):</b> 1.5 mg/kg</p>
        <p><b>Potassium (K):</b> 167.6 mg/kg</p>
        <p><b>Organic Carbon (OC):</b> 0.09 %</p>
        <p><b>Coordinates:</b> 14.928520°N, 79.589633°E</p>
      ]]></description>
      <Point>
        <coordinates>79.589633,14.92852,0</coordinates>
      </Point>
    </Placemark>
    <Placemark>
      <name>Point_235</name>
      <styleUrl>#soil_point</styleUrl>
      <TimeSpan>
        <begin>2025-01-01</begin>
        <end>2026-12-30</end>
      </TimeSpan>
      <description><![CDATA[
        <h3>Soil Health Card Record</h3>
        <p><b>Point ID:</b> Point_235</p>
        <p><b>Validity Period:</b> 2025-01-01 to 2026-12-30</p>
        <p><b>Nitrogen (N):</b> 125.0 kg/ha</p>
        <p><b>Phosphorus (P):</b> 1.5 mg/kg</p>
        <p><b>Potassium (K):</b> 167.6 mg/kg</p>
        <p><b>Organic Carbon (OC):</b> 0.09 %</p>
        <p><b>Coordinates:</b> 14.928486°N, 79.589508°E</p>
      ]]></description>
      <Point>
        <coordinates>79.589508,14.928486,0</coordinates>
      </Point>
    </Placemark>
    <Placemark>
      <name>Point_236</name>
      <styleUrl>#soil_point</styleUrl>
      <TimeSpan>
        <begin>2025-01-01</begin>
        <end>2026-12-30</end>
      </TimeSpan>
      <description><![CDATA[
        <h3>Soil Health Card Record</h3>
        <p><b>Point ID:</b> Point_236</p>
        <p><b>Validity Period:</b> 2025-01-01 to 2026-12-30</p>
        <p><b>Nitrogen (N):</b> 125.0 kg/ha</p>
        <p><b>Phosphorus (P):</b> 1.5 mg/kg</p>
        <p><b>Potassium (K):</b> 167.6 mg/kg</p>
        <p><b>Organic Carbon (OC):</b> 0.09 %</p>
        <p><b>Coordinates:</b> 14.928691°N, 79.589447°E</p>
      ]]></description>
      <Point>
        <coordinates>79.589447,14.928691,0</coordinates>
      </Point>
    </Placemark>
    <Placemark>
      <name>Point_237</name>
      <styleUrl>#soil_point</styleUrl>
      <TimeSpan>
        <begin>2025-01-01</begin>
        <end>2026-12-30</end>
      </TimeSpan>
      <description><![CDATA[
        <h3>Soil Health Card Record</h3>
        <p><b>Point ID:</b> Point_237</p>
        <p><b>Validity Period:</b> 2025-01-01 to 2026-12-30</p>
        <p><b>Nitrogen (N):</b> 125.0 kg/ha</p>
        <p><b>Phosphorus (P):</b> 1.5 mg/kg</p>
        <p><b>Potassium (K):</b> 167.6 mg/kg</p>
        <p><b>Organic Carbon (OC):</b> 0.09 %</p>
        <p><b>Coordinates:</b> 14.928630°N, 79.589482°E</p>
      ]]></description>
      <Point>
        <coordinates>79.589482,14.92863,0</coordinates>
      </Point>
    </Placemark>
    <Placemark>
      <name>Point_238</name>
      <styleUrl>#soil_point</styleUrl>
      <TimeSpan>
        <begin>2025-01-01</begin>
        <end>2026-12-30</end>
      </TimeSpan>
      <description><![CDATA[
        <h3>Soil Health Card Record</h3>
        <p><b>Point ID:</b> Point_238</p>
        <p><b>Validity Period:</b> 2025-01-01 to 2026-12-30</p>
        <p><b>Nitrogen (N):</b> 125.0 kg/ha</p>
        <p><b>Phosphorus (P):</b> 1.5 mg/kg</p>
        <p><b>Potassium (K):</b> 167.6 mg/kg</p>
        <p><b>Organic Carbon (OC):</b> 0.09 %</p>
        <p><b>Coordinates:</b> 14.928594°N, 79.589593°E</p>
      ]]></description>
      <Point>
        <coordinates>79.589593,14.928594,0</coordinates>
      </Point>
    </Placemark>
    <Placemark>
      <name>Point_239</name>
      <styleUrl>#soil_point</styleUrl>
      <TimeSpan>
        <begin>2025-01-01</begin>
        <end>2026-12-30</end>
      </TimeSpan>
      <description><![CDATA[
        <h3>Soil Health Card Record</h3>
        <p><b>Point ID:</b> Point_239</p>
        <p><b>Validity Period:</b> 2025-01-01 to 2026-12-30</p>
        <p><b>Nitrogen (N):</b> 125.0 kg/ha</p>
        <p><b>Phosphorus (P):</b> 1.5 mg/kg</p>
        <p><b>Potassium (K):</b> 167.6 mg/kg</p>
        <p><b>Organic Carbon (OC):</b> 0.09 %</p>
        <p><b>Coordinates:</b> 14.928679°N, 79.589889°E</p>
      ]]></description>
      <Point>
        <coordinates>79.589889,14.928679,0</coordinates>
      </Point>
    </Placemark>
    <Placemark>
      <name>Point_240</name>
      <styleUrl>#soil_point</styleUrl>
      <TimeSpan>
        <begin>2025-01-01</begin>
        <end>2026-12-30</end>
      </TimeSpan>
      <description><![CDATA[
        <h3>Soil Health Card Record</h3>
        <p><b>Point ID:</b> Point_240</p>
        <p><b>Validity Period:</b> 2025-01-01 to 2026-12-30</p>
        <p><b>Nitrogen (N):</b> 125.0 kg/ha</p>
        <p><b>Phosphorus (P):</b> 1.5 mg/kg</p>
        <p><b>Potassium (K):</b> 167.6 mg/kg</p>
        <p><b>Organic Carbon (OC):</b> 0.09 %</p>
        <p><b>Coordinates:</b> 14.928647°N, 79.589841°E</p>
      ]]></description>
      <Point>
        <coordinates>79.589841,14.928647,0</coordinates>
      </Point>
    </Placemark>
    <Placemark>
      <name>Point_241</name>
      <styleUrl>#soil_point</styleUrl>
      <TimeSpan>
        <begin>2025-01-01</begin>
        <end>2026-12-30</end>
      </TimeSpan>
      <description><![CDATA[
        <h3>Soil Health Card Record</h3>
        <p><b>Point ID:</b> Point_241</p>
        <p><b>Validity Period:</b> 2025-01-01 to 2026-12-30</p>
        <p><b>Nitrogen (N):</b> 50.0 kg/ha</p>
        <p><b>Phosphorus (P):</b> 4.6 mg/kg</p>
        <p><b>Potassium (K):</b> 229.7 mg/kg</p>
        <p><b>Organic Carbon (OC):</b> 0.24 %</p>
        <p><b>Coordinates:</b> 14.927429°N, 79.605745°E</p>
      ]]></description>
      <Point>
        <coordinates>79.605745,14.927429,0</coordinates>
      </Point>
    </Placemark>
    <Placemark>
      <name>Point_242</name>
      <styleUrl>#soil_point</styleUrl>
      <TimeSpan>
        <begin>2025-01-01</begin>
        <end>2026-12-30</end>
      </TimeSpan>
      <description><![CDATA[
        <h3>Soil Health Card Record</h3>
        <p><b>Point ID:</b> Point_242</p>
        <p><b>Validity Period:</b> 2025-01-01 to 2026-12-30</p>
        <p><b>Nitrogen (N):</b> 50.0 kg/ha</p>
        <p><b>Phosphorus (P):</b> 4.6 mg/kg</p>
        <p><b>Potassium (K):</b> 229.7 mg/kg</p>
        <p><b>Organic Carbon (OC):</b> 0.24 %</p>
        <p><b>Coordinates:</b> 14.927193°N, 79.606036°E</p>
      ]]></description>
      <Point>
        <coordinates>79.606036,14.927193,0</coordinates>
      </Point>
    </Placemark>
    <Placemark>
      <name>Point_243</name>
      <styleUrl>#soil_point</styleUrl>
      <TimeSpan>
        <begin>2025-01-01</begin>
        <end>2026-12-30</end>
      </TimeSpan>
      <description><![CDATA[
        <h3>Soil Health Card Record</h3>
        <p><b>Point ID:</b> Point_243</p>
        <p><b>Validity Period:</b> 2025-01-01 to 2026-12-30</p>
        <p><b>Nitrogen (N):</b> 50.0 kg/ha</p>
        <p><b>Phosphorus (P):</b> 4.6 mg/kg</p>
        <p><b>Potassium (K):</b> 229.7 mg/kg</p>
        <p><b>Organic Carbon (OC):</b> 0.24 %</p>
        <p><b>Coordinates:</b> 14.926652°N, 79.605528°E</p>
      ]]></description>
      <Point>
        <coordinates>79.605528,14.926652,0</coordinates>
      </Point>
    </Placemark>
    <Placemark>
      <name>Point_244</name>
      <styleUrl>#soil_point</styleUrl>
      <TimeSpan>
        <begin>2025-01-01</begin>
        <end>2026-12-30</end>
      </TimeSpan>
      <description><![CDATA[
        <h3>Soil Health Card Record</h3>
        <p><b>Point ID:</b> Point_244</p>
        <p><b>Validity Period:</b> 2025-01-01 to 2026-12-30</p>
        <p><b>Nitrogen (N):</b> 50.0 kg/ha</p>
        <p><b>Phosphorus (P):</b> 4.6 mg/kg</p>
        <p><b>Potassium (K):</b> 229.7 mg/kg</p>
        <p><b>Organic Carbon (OC):</b> 0.24 %</p>
        <p><b>Coordinates:</b> 14.926529°N, 79.605491°E</p>
      ]]></description>
      <Point>
        <coordinates>79.605491,14.926529,0</coordinates>
      </Point>
    </Placemark>
    <Placemark>
      <name>Point_245</name>
      <styleUrl>#soil_point</styleUrl>
      <TimeSpan>
        <begin>2025-01-01</begin>
        <end>2026-12-30</end>
      </TimeSpan>
      <description><![CDATA[
        <h3>Soil Health Card Record</h3>
        <p><b>Point ID:</b> Point_245</p>
        <p><b>Validity Period:</b> 2025-01-01 to 2026-12-30</p>
        <p><b>Nitrogen (N):</b> 176.0 kg/ha</p>
        <p><b>Phosphorus (P):</b> 2.3 mg/kg</p>
        <p><b>Potassium (K):</b> 155.2 mg/kg</p>
        <p><b>Organic Carbon (OC):</b> 0.31 %</p>
        <p><b>Coordinates:</b> 14.915923°N, 79.585342°E</p>
      ]]></description>
      <Point>
        <coordinates>79.585342,14.915923,0</coordinates>
      </Point>
    </Placemark>
    <Placemark>
      <name>Point_246</name>
      <styleUrl>#soil_point</styleUrl>
      <TimeSpan>
        <begin>2025-01-01</begin>
        <end>2026-12-30</end>
      </TimeSpan>
      <description><![CDATA[
        <h3>Soil Health Card Record</h3>
        <p><b>Point ID:</b> Point_246</p>
        <p><b>Validity Period:</b> 2025-01-01 to 2026-12-30</p>
        <p><b>Nitrogen (N):</b> 201.0 kg/ha</p>
        <p><b>Phosphorus (P):</b> 10.0 mg/kg</p>
        <p><b>Potassium (K):</b> 186.2 mg/kg</p>
        <p><b>Organic Carbon (OC):</b> 0.29 %</p>
        <p><b>Coordinates:</b> 14.917177°N, 79.584242°E</p>
      ]]></description>
      <Point>
        <coordinates>79.584242,14.917177,0</coordinates>
      </Point>
    </Placemark>
    <Placemark>
      <name>Point_247</name>
      <styleUrl>#soil_point</styleUrl>
      <TimeSpan>
        <begin>2025-01-01</begin>
        <end>2026-12-30</end>
      </TimeSpan>
      <description><![CDATA[
        <h3>Soil Health Card Record</h3>
        <p><b>Point ID:</b> Point_247</p>
        <p><b>Validity Period:</b> 2025-01-01 to 2026-12-30</p>
        <p><b>Nitrogen (N):</b> 201.0 kg/ha</p>
        <p><b>Phosphorus (P):</b> 10.0 mg/kg</p>
        <p><b>Potassium (K):</b> 186.2 mg/kg</p>
        <p><b>Organic Carbon (OC):</b> 0.29 %</p>
        <p><b>Coordinates:</b> 14.917047°N, 79.584616°E</p>
      ]]></description>
      <Point>
        <coordinates>79.584616,14.917047,0</coordinates>
      </Point>
    </Placemark>
    <Placemark>
      <name>Point_248</name>
      <styleUrl>#soil_point</styleUrl>
      <TimeSpan>
        <begin>2025-01-01</begin>
        <end>2026-12-30</end>
      </TimeSpan>
      <description><![CDATA[
        <h3>Soil Health Card Record</h3>
        <p><b>Point ID:</b> Point_248</p>
        <p><b>Validity Period:</b> 2025-01-01 to 2026-12-30</p>
        <p><b>Nitrogen (N):</b> 201.0 kg/ha</p>
        <p><b>Phosphorus (P):</b> 10.0 mg/kg</p>
        <p><b>Potassium (K):</b> 186.2 mg/kg</p>
        <p><b>Organic Carbon (OC):</b> 0.29 %</p>
        <p><b>Coordinates:</b> 14.917035°N, 79.584919°E</p>
      ]]></description>
      <Point>
        <coordinates>79.584919,14.917035,0</coordinates>
      </Point>
    </Placemark>
    <Placemark>
      <name>Point_249</name>
      <styleUrl>#soil_point</styleUrl>
      <TimeSpan>
        <begin>2025-01-01</begin>
        <end>2026-12-30</end>
      </TimeSpan>
      <description><![CDATA[
        <h3>Soil Health Card Record</h3>
        <p><b>Point ID:</b> Point_249</p>
        <p><b>Validity Period:</b> 2025-01-01 to 2026-12-30</p>
        <p><b>Nitrogen (N):</b> 201.0 kg/ha</p>
        <p><b>Phosphorus (P):</b> 10.0 mg/kg</p>
        <p><b>Potassium (K):</b> 186.2 mg/kg</p>
        <p><b>Organic Carbon (OC):</b> 0.29 %</p>
        <p><b>Coordinates:</b> 14.916998°N, 79.584972°E</p>
      ]]></description>
      <Point>
        <coordinates>79.584972,14.916998,0</coordinates>
      </Point>
    </Placemark>
    <Placemark>
      <name>Point_250</name>
      <styleUrl>#soil_point</styleUrl>
      <TimeSpan>
        <begin>2025-01-01</begin>
        <end>2026-12-30</end>
      </TimeSpan>
      <description><![CDATA[
        <h3>Soil Health Card Record</h3>
        <p><b>Point ID:</b> Point_250</p>
        <p><b>Validity Period:</b> 2025-01-01 to 2026-12-30</p>
        <p><b>Nitrogen (N):</b> 201.0 kg/ha</p>
        <p><b>Phosphorus (P):</b> 10.0 mg/kg</p>
        <p><b>Potassium (K):</b> 186.2 mg/kg</p>
        <p><b>Organic Carbon (OC):</b> 0.29 %</p>
        <p><b>Coordinates:</b> 14.916966°N, 79.584925°E</p>
      ]]></description>
      <Point>
        <coordinates>79.584925,14.916966,0</coordinates>
      </Point>
    </Placemark>
    <Placemark>
      <name>Point_251</name>
      <styleUrl>#soil_point</styleUrl>
      <TimeSpan>
        <begin>2025-01-01</begin>
        <end>2026-12-30</end>
      </TimeSpan>
      <description><![CDATA[
        <h3>Soil Health Card Record</h3>
        <p><b>Point ID:</b> Point_251</p>
        <p><b>Validity Period:</b> 2025-01-01 to 2026-12-30</p>
        <p><b>Nitrogen (N):</b> 201.0 kg/ha</p>
        <p><b>Phosphorus (P):</b> 10.0 mg/kg</p>
        <p><b>Potassium (K):</b> 186.2 mg/kg</p>
        <p><b>Organic Carbon (OC):</b> 0.29 %</p>
        <p><b>Coordinates:</b> 14.916913°N, 79.584955°E</p>
      ]]></description>
      <Point>
        <coordinates>79.584955,14.916913,0</coordinates>
      </Point>
    </Placemark>
    <Placemark>
      <name>Point_252</name>
      <styleUrl>#soil_point</styleUrl>
      <TimeSpan>
        <begin>2025-01-01</begin>
        <end>2026-12-30</end>
      </TimeSpan>
      <description><![CDATA[
        <h3>Soil Health Card Record</h3>
        <p><b>Point ID:</b> Point_252</p>
        <p><b>Validity Period:</b> 2025-01-01 to 2026-12-30</p>
        <p><b>Nitrogen (N):</b> 201.0 kg/ha</p>
        <p><b>Phosphorus (P):</b> 10.0 mg/kg</p>
        <p><b>Potassium (K):</b> 186.2 mg/kg</p>
        <p><b>Organic Carbon (OC):</b> 0.29 %</p>
        <p><b>Coordinates:</b> 14.916730°N, 79.584584°E</p>
      ]]></description>
      <Point>
        <coordinates>79.584584,14.91673,0</coordinates>
      </Point>
    </Placemark>
    <Placemark>
      <name>Point_253</name>
      <styleUrl>#soil_point</styleUrl>
      <TimeSpan>
        <begin>2025-01-01</begin>
        <end>2026-12-30</end>
      </TimeSpan>
      <description><![CDATA[
        <h3>Soil Health Card Record</h3>
        <p><b>Point ID:</b> Point_253</p>
        <p><b>Validity Period:</b> 2025-01-01 to 2026-12-30</p>
        <p><b>Nitrogen (N):</b> 201.0 kg/ha</p>
        <p><b>Phosphorus (P):</b> 10.0 mg/kg</p>
        <p><b>Potassium (K):</b> 186.2 mg/kg</p>
        <p><b>Organic Carbon (OC):</b> 0.29 %</p>
        <p><b>Coordinates:</b> 14.916707°N, 79.584854°E</p>
      ]]></description>
      <Point>
        <coordinates>79.584854,14.916707,0</coordinates>
      </Point>
    </Placemark>
    <Placemark>
      <name>Point_254</name>
      <styleUrl>#soil_point</styleUrl>
      <TimeSpan>
        <begin>2025-01-01</begin>
        <end>2026-12-30</end>
      </TimeSpan>
      <description><![CDATA[
        <h3>Soil Health Card Record</h3>
        <p><b>Point ID:</b> Point_254</p>
        <p><b>Validity Period:</b> 2025-01-01 to 2026-12-30</p>
        <p><b>Nitrogen (N):</b> 201.0 kg/ha</p>
        <p><b>Phosphorus (P):</b> 10.0 mg/kg</p>
        <p><b>Potassium (K):</b> 186.2 mg/kg</p>
        <p><b>Organic Carbon (OC):</b> 0.29 %</p>
        <p><b>Coordinates:</b> 14.916769°N, 79.585153°E</p>
      ]]></description>
      <Point>
        <coordinates>79.585153,14.916769,0</coordinates>
      </Point>
    </Placemark>
    <Placemark>
      <name>Point_255</name>
      <styleUrl>#soil_point</styleUrl>
      <TimeSpan>
        <begin>2025-01-01</begin>
        <end>2026-12-30</end>
      </TimeSpan>
      <description><![CDATA[
        <h3>Soil Health Card Record</h3>
        <p><b>Point ID:</b> Point_255</p>
        <p><b>Validity Period:</b> 2025-01-01 to 2026-12-30</p>
        <p><b>Nitrogen (N):</b> 201.0 kg/ha</p>
        <p><b>Phosphorus (P):</b> 10.0 mg/kg</p>
        <p><b>Potassium (K):</b> 186.2 mg/kg</p>
        <p><b>Organic Carbon (OC):</b> 0.29 %</p>
        <p><b>Coordinates:</b> 14.916800°N, 79.584948°E</p>
      ]]></description>
      <Point>
        <coordinates>79.584948,14.9168,0</coordinates>
      </Point>
    </Placemark>
    <Placemark>
      <name>Point_256</name>
      <styleUrl>#soil_point</styleUrl>
      <TimeSpan>
        <begin>2025-01-01</begin>
        <end>2026-12-30</end>
      </TimeSpan>
      <description><![CDATA[
        <h3>Soil Health Card Record</h3>
        <p><b>Point ID:</b> Point_256</p>
        <p><b>Validity Period:</b> 2025-01-01 to 2026-12-30</p>
        <p><b>Nitrogen (N):</b> 201.0 kg/ha</p>
        <p><b>Phosphorus (P):</b> 10.0 mg/kg</p>
        <p><b>Potassium (K):</b> 186.2 mg/kg</p>
        <p><b>Organic Carbon (OC):</b> 0.29 %</p>
        <p><b>Coordinates:</b> 14.916802°N, 79.585112°E</p>
      ]]></description>
      <Point>
        <coordinates>79.585112,14.916802,0</coordinates>
      </Point>
    </Placemark>
    <Placemark>
      <name>Point_257</name>
      <styleUrl>#soil_point</styleUrl>
      <TimeSpan>
        <begin>2025-01-01</begin>
        <end>2026-12-30</end>
      </TimeSpan>
      <description><![CDATA[
        <h3>Soil Health Card Record</h3>
        <p><b>Point ID:</b> Point_257</p>
        <p><b>Validity Period:</b> 2025-01-01 to 2026-12-30</p>
        <p><b>Nitrogen (N):</b> 201.0 kg/ha</p>
        <p><b>Phosphorus (P):</b> 10.0 mg/kg</p>
        <p><b>Potassium (K):</b> 186.2 mg/kg</p>
        <p><b>Organic Carbon (OC):</b> 0.29 %</p>
        <p><b>Coordinates:</b> 14.916777°N, 79.584735°E</p>
      ]]></description>
      <Point>
        <coordinates>79.584735,14.916777,0</coordinates>
      </Point>
    </Placemark>
    <Placemark>
      <name>Point_258</name>
      <styleUrl>#soil_point</styleUrl>
      <TimeSpan>
        <begin>2025-01-01</begin>
        <end>2026-12-30</end>
      </TimeSpan>
      <description><![CDATA[
        <h3>Soil Health Card Record</h3>
        <p><b>Point ID:</b> Point_258</p>
        <p><b>Validity Period:</b> 2025-01-01 to 2026-12-30</p>
        <p><b>Nitrogen (N):</b> 213.0 kg/ha</p>
        <p><b>Phosphorus (P):</b> 8.4 mg/kg</p>
        <p><b>Potassium (K):</b> 478.0 mg/kg</p>
        <p><b>Organic Carbon (OC):</b> 0.19 %</p>
        <p><b>Coordinates:</b> 14.801453°N, 80.000620°E</p>
      ]]></description>
      <Point>
        <coordinates>80.00062,14.801453,0</coordinates>
      </Point>
    </Placemark>
    <Placemark>
      <name>Point_259</name>
      <styleUrl>#soil_point</styleUrl>
      <TimeSpan>
        <begin>2025-01-01</begin>
        <end>2026-12-30</end>
      </TimeSpan>
      <description><![CDATA[
        <h3>Soil Health Card Record</h3>
        <p><b>Point ID:</b> Point_259</p>
        <p><b>Validity Period:</b> 2025-01-01 to 2026-12-30</p>
        <p><b>Nitrogen (N):</b> 238.0 kg/ha</p>
        <p><b>Phosphorus (P):</b> 1.5 mg/kg</p>
        <p><b>Potassium (K):</b> 596.0 mg/kg</p>
        <p><b>Organic Carbon (OC):</b> 0.13 %</p>
        <p><b>Coordinates:</b> 14.811309°N, 79.991580°E</p>
      ]]></description>
      <Point>
        <coordinates>79.99158,14.811309,0</coordinates>
      </Point>
    </Placemark>
    <Placemark>
      <name>Point_260</name>
      <styleUrl>#soil_point</styleUrl>
      <TimeSpan>
        <begin>2025-01-01</begin>
        <end>2026-12-30</end>
      </TimeSpan>
      <description><![CDATA[
        <h3>Soil Health Card Record</h3>
        <p><b>Point ID:</b> Point_260</p>
        <p><b>Validity Period:</b> 2025-01-01 to 2026-12-30</p>
        <p><b>Nitrogen (N):</b> 176.0 kg/ha</p>
        <p><b>Phosphorus (P):</b> 16.1 mg/kg</p>
        <p><b>Potassium (K):</b> 602.0 mg/kg</p>
        <p><b>Organic Carbon (OC):</b> 0.13 %</p>
        <p><b>Coordinates:</b> 14.828319°N, 79.994628°E</p>
      ]]></description>
      <Point>
        <coordinates>79.994628,14.828319,0</coordinates>
      </Point>
    </Placemark>
    <Placemark>
      <name>Point_261</name>
      <styleUrl>#soil_point</styleUrl>
      <TimeSpan>
        <begin>2025-01-01</begin>
        <end>2026-12-30</end>
      </TimeSpan>
      <description><![CDATA[
        <h3>Soil Health Card Record</h3>
        <p><b>Point ID:</b> Point_261</p>
        <p><b>Validity Period:</b> 2025-01-01 to 2026-12-30</p>
        <p><b>Nitrogen (N):</b> 151.0 kg/ha</p>
        <p><b>Phosphorus (P):</b> 10.0 mg/kg</p>
        <p><b>Potassium (K):</b> 130.4 mg/kg</p>
        <p><b>Organic Carbon (OC):</b> 0.08 %</p>
        <p><b>Coordinates:</b> 14.753878°N, 79.679921°E</p>
      ]]></description>
      <Point>
        <coordinates>79.679921,14.753878,0</coordinates>
      </Point>
    </Placemark>
    <Placemark>
      <name>Point_262</name>
      <styleUrl>#soil_point</styleUrl>
      <TimeSpan>
        <begin>2025-01-01</begin>
        <end>2026-12-30</end>
      </TimeSpan>
      <description><![CDATA[
        <h3>Soil Health Card Record</h3>
        <p><b>Point ID:</b> Point_262</p>
        <p><b>Validity Period:</b> 2025-01-01 to 2026-12-30</p>
        <p><b>Nitrogen (N):</b> 151.0 kg/ha</p>
        <p><b>Phosphorus (P):</b> 10.0 mg/kg</p>
        <p><b>Potassium (K):</b> 130.4 mg/kg</p>
        <p><b>Organic Carbon (OC):</b> 0.08 %</p>
        <p><b>Coordinates:</b> 14.753710°N, 79.680201°E</p>
      ]]></description>
      <Point>
        <coordinates>79.680201,14.75371,0</coordinates>
      </Point>
    </Placemark>
    <Placemark>
      <name>Point_263</name>
      <styleUrl>#soil_point</styleUrl>
      <TimeSpan>
        <begin>2025-01-01</begin>
        <end>2026-12-30</end>
      </TimeSpan>
      <description><![CDATA[
        <h3>Soil Health Card Record</h3>
        <p><b>Point ID:</b> Point_263</p>
        <p><b>Validity Period:</b> 2025-01-01 to 2026-12-30</p>
        <p><b>Nitrogen (N):</b> 151.0 kg/ha</p>
        <p><b>Phosphorus (P):</b> 10.0 mg/kg</p>
        <p><b>Potassium (K):</b> 130.4 mg/kg</p>
        <p><b>Organic Carbon (OC):</b> 0.08 %</p>
        <p><b>Coordinates:</b> 14.753333°N, 79.680527°E</p>
      ]]></description>
      <Point>
        <coordinates>79.680527,14.753333,0</coordinates>
      </Point>
    </Placemark>
    <Placemark>
      <name>Point_264</name>
      <styleUrl>#soil_point</styleUrl>
      <TimeSpan>
        <begin>2025-01-01</begin>
        <end>2026-12-30</end>
      </TimeSpan>
      <description><![CDATA[
        <h3>Soil Health Card Record</h3>
        <p><b>Point ID:</b> Point_264</p>
        <p><b>Validity Period:</b> 2025-01-01 to 2026-12-30</p>
        <p><b>Nitrogen (N):</b> 151.0 kg/ha</p>
        <p><b>Phosphorus (P):</b> 10.0 mg/kg</p>
        <p><b>Potassium (K):</b> 130.4 mg/kg</p>
        <p><b>Organic Carbon (OC):</b> 0.08 %</p>
        <p><b>Coordinates:</b> 14.753063°N, 79.679548°E</p>
      ]]></description>
      <Point>
        <coordinates>79.679548,14.753063,0</coordinates>
      </Point>
    </Placemark>
    <Placemark>
      <name>Point_265</name>
      <styleUrl>#soil_point</styleUrl>
      <TimeSpan>
        <begin>2025-01-01</begin>
        <end>2026-12-30</end>
      </TimeSpan>
      <description><![CDATA[
        <h3>Soil Health Card Record</h3>
        <p><b>Point ID:</b> Point_265</p>
        <p><b>Validity Period:</b> 2025-01-01 to 2026-12-30</p>
        <p><b>Nitrogen (N):</b> 163.0 kg/ha</p>
        <p><b>Phosphorus (P):</b> 11.5 mg/kg</p>
        <p><b>Potassium (K):</b> 99.3 mg/kg</p>
        <p><b>Organic Carbon (OC):</b> 0.06 %</p>
        <p><b>Coordinates:</b> 14.752280°N, 79.677464°E</p>
      ]]></description>
      <Point>
        <coordinates>79.677464,14.75228,0</coordinates>
      </Point>
    </Placemark>
    <Placemark>
      <name>Point_266</name>
      <styleUrl>#soil_point</styleUrl>
      <TimeSpan>
        <begin>2025-01-01</begin>
        <end>2026-12-30</end>
      </TimeSpan>
      <description><![CDATA[
        <h3>Soil Health Card Record</h3>
        <p><b>Point ID:</b> Point_266</p>
        <p><b>Validity Period:</b> 2025-01-01 to 2026-12-30</p>
        <p><b>Nitrogen (N):</b> 163.0 kg/ha</p>
        <p><b>Phosphorus (P):</b> 11.5 mg/kg</p>
        <p><b>Potassium (K):</b> 99.3 mg/kg</p>
        <p><b>Organic Carbon (OC):</b> 0.06 %</p>
        <p><b>Coordinates:</b> 14.752084°N, 79.677682°E</p>
      ]]></description>
      <Point>
        <coordinates>79.677682,14.752084,0</coordinates>
      </Point>
    </Placemark>
    <Placemark>
      <name>Point_267</name>
      <styleUrl>#soil_point</styleUrl>
      <TimeSpan>
        <begin>2025-01-01</begin>
        <end>2026-12-30</end>
      </TimeSpan>
      <description><![CDATA[
        <h3>Soil Health Card Record</h3>
        <p><b>Point ID:</b> Point_267</p>
        <p><b>Validity Period:</b> 2025-01-01 to 2026-12-30</p>
        <p><b>Nitrogen (N):</b> 151.0 kg/ha</p>
        <p><b>Phosphorus (P):</b> 14.16 mg/kg</p>
        <p><b>Potassium (K):</b> 111.7 mg/kg</p>
        <p><b>Organic Carbon (OC):</b> 0.42 %</p>
        <p><b>Coordinates:</b> 14.753860°N, 79.677962°E</p>
      ]]></description>
      <Point>
        <coordinates>79.677962,14.75386,0</coordinates>
      </Point>
    </Placemark>
    <Placemark>
      <name>Point_268</name>
      <styleUrl>#soil_point</styleUrl>
      <TimeSpan>
        <begin>2025-01-01</begin>
        <end>2026-12-30</end>
      </TimeSpan>
      <description><![CDATA[
        <h3>Soil Health Card Record</h3>
        <p><b>Point ID:</b> Point_268</p>
        <p><b>Validity Period:</b> 2025-01-01 to 2026-12-30</p>
        <p><b>Nitrogen (N):</b> 151.0 kg/ha</p>
        <p><b>Phosphorus (P):</b> 14.16 mg/kg</p>
        <p><b>Potassium (K):</b> 111.7 mg/kg</p>
        <p><b>Organic Carbon (OC):</b> 0.42 %</p>
        <p><b>Coordinates:</b> 14.753394°N, 79.678195°E</p>
      ]]></description>
      <Point>
        <coordinates>79.678195,14.753394,0</coordinates>
      </Point>
    </Placemark>
    <Placemark>
      <name>Point_269</name>
      <styleUrl>#soil_point</styleUrl>
      <TimeSpan>
        <begin>2025-01-01</begin>
        <end>2026-12-30</end>
      </TimeSpan>
      <description><![CDATA[
        <h3>Soil Health Card Record</h3>
        <p><b>Point ID:</b> Point_269</p>
        <p><b>Validity Period:</b> 2025-01-01 to 2026-12-30</p>
        <p><b>Nitrogen (N):</b> 138.0 kg/ha</p>
        <p><b>Phosphorus (P):</b> 18.4 mg/kg</p>
        <p><b>Potassium (K):</b> 434.5 mg/kg</p>
        <p><b>Organic Carbon (OC):</b> 0.5 %</p>
        <p><b>Coordinates:</b> 14.750755°N, 79.720132°E</p>
      ]]></description>
      <Point>
        <coordinates>79.720132,14.750755,0</coordinates>
      </Point>
    </Placemark>
    <Placemark>
      <name>Point_270</name>
      <styleUrl>#soil_point</styleUrl>
      <TimeSpan>
        <begin>2025-01-01</begin>
        <end>2026-12-30</end>
      </TimeSpan>
      <description><![CDATA[
        <h3>Soil Health Card Record</h3>
        <p><b>Point ID:</b> Point_270</p>
        <p><b>Validity Period:</b> 2025-01-01 to 2026-12-30</p>
        <p><b>Nitrogen (N):</b> 176.0 kg/ha</p>
        <p><b>Phosphorus (P):</b> 9.2 mg/kg</p>
        <p><b>Potassium (K):</b> 428.3 mg/kg</p>
        <p><b>Organic Carbon (OC):</b> 1.4 %</p>
        <p><b>Coordinates:</b> 14.754630°N, 79.727788°E</p>
      ]]></description>
      <Point>
        <coordinates>79.727788,14.75463,0</coordinates>
      </Point>
    </Placemark>
    <Placemark>
      <name>Point_271</name>
      <styleUrl>#soil_point</styleUrl>
      <TimeSpan>
        <begin>2025-01-01</begin>
        <end>2026-12-30</end>
      </TimeSpan>
      <description><![CDATA[
        <h3>Soil Health Card Record</h3>
        <p><b>Point ID:</b> Point_271</p>
        <p><b>Validity Period:</b> 2025-01-01 to 2026-12-30</p>
        <p><b>Nitrogen (N):</b> 238.0 kg/ha</p>
        <p><b>Phosphorus (P):</b> 7.7 mg/kg</p>
        <p><b>Potassium (K):</b> 273.1 mg/kg</p>
        <p><b>Organic Carbon (OC):</b> 0.1 %</p>
        <p><b>Coordinates:</b> 14.769188°N, 79.718227°E</p>
      ]]></description>
      <Point>
        <coordinates>79.718227,14.769188,0</coordinates>
      </Point>
    </Placemark>
    <Placemark>
      <name>Point_272</name>
      <styleUrl>#soil_point</styleUrl>
      <TimeSpan>
        <begin>2025-01-01</begin>
        <end>2026-12-30</end>
      </TimeSpan>
      <description><![CDATA[
        <h3>Soil Health Card Record</h3>
        <p><b>Point ID:</b> Point_272</p>
        <p><b>Validity Period:</b> 2025-01-01 to 2026-12-30</p>
        <p><b>Nitrogen (N):</b> 113.0 kg/ha</p>
        <p><b>Phosphorus (P):</b> 5.4 mg/kg</p>
        <p><b>Potassium (K):</b> 204.8 mg/kg</p>
        <p><b>Organic Carbon (OC):</b> 0.55 %</p>
        <p><b>Coordinates:</b> 14.765781°N, 79.701506°E</p>
      ]]></description>
      <Point>
        <coordinates>79.701506,14.765781,0</coordinates>
      </Point>
    </Placemark>
    <Placemark>
      <name>Point_273</name>
      <styleUrl>#soil_point</styleUrl>
      <TimeSpan>
        <begin>2025-01-01</begin>
        <end>2026-12-30</end>
      </TimeSpan>
      <description><![CDATA[
        <h3>Soil Health Card Record</h3>
        <p><b>Point ID:</b> Point_273</p>
        <p><b>Validity Period:</b> 2025-01-01 to 2026-12-30</p>
        <p><b>Nitrogen (N):</b> 113.0 kg/ha</p>
        <p><b>Phosphorus (P):</b> 6.9 mg/kg</p>
        <p><b>Potassium (K):</b> 322.8 mg/kg</p>
        <p><b>Organic Carbon (OC):</b> 0.46 %</p>
        <p><b>Coordinates:</b> 14.765781°N, 79.705291°E</p>
      ]]></description>
      <Point>
        <coordinates>79.705291,14.765781,0</coordinates>
      </Point>
    </Placemark>
    <Placemark>
      <name>Point_274</name>
      <styleUrl>#soil_point</styleUrl>
      <TimeSpan>
        <begin>2025-01-01</begin>
        <end>2026-12-30</end>
      </TimeSpan>
      <description><![CDATA[
        <h3>Soil Health Card Record</h3>
        <p><b>Point ID:</b> Point_274</p>
        <p><b>Validity Period:</b> 2025-01-01 to 2026-12-30</p>
        <p><b>Nitrogen (N):</b> 238.0 kg/ha</p>
        <p><b>Phosphorus (P):</b> 10.0 mg/kg</p>
        <p><b>Potassium (K):</b> 471.8 mg/kg</p>
        <p><b>Organic Carbon (OC):</b> 0.06 %</p>
        <p><b>Coordinates:</b> 14.764844°N, 79.708195°E</p>
      ]]></description>
      <Point>
        <coordinates>79.708195,14.764844,0</coordinates>
      </Point>
    </Placemark>
    <Placemark>
      <name>Point_275</name>
      <styleUrl>#soil_point</styleUrl>
      <TimeSpan>
        <begin>2025-01-01</begin>
        <end>2026-12-30</end>
      </TimeSpan>
      <description><![CDATA[
        <h3>Soil Health Card Record</h3>
        <p><b>Point ID:</b> Point_275</p>
        <p><b>Validity Period:</b> 2025-01-01 to 2026-12-30</p>
        <p><b>Nitrogen (N):</b> 88.0 kg/ha</p>
        <p><b>Phosphorus (P):</b> 1.5 mg/kg</p>
        <p><b>Potassium (K):</b> 285.5 mg/kg</p>
        <p><b>Organic Carbon (OC):</b> 0.54 %</p>
        <p><b>Coordinates:</b> 14.764163°N, 79.705027°E</p>
      ]]></description>
      <Point>
        <coordinates>79.705027,14.764163,0</coordinates>
      </Point>
    </Placemark>
    <Placemark>
      <name>Point_276</name>
      <styleUrl>#soil_point</styleUrl>
      <TimeSpan>
        <begin>2025-01-01</begin>
        <end>2026-12-30</end>
      </TimeSpan>
      <description><![CDATA[
        <h3>Soil Health Card Record</h3>
        <p><b>Point ID:</b> Point_276</p>
        <p><b>Validity Period:</b> 2025-01-01 to 2026-12-30</p>
        <p><b>Nitrogen (N):</b> 176.0 kg/ha</p>
        <p><b>Phosphorus (P):</b> 3.1 mg/kg</p>
        <p><b>Potassium (K):</b> 211.0 mg/kg</p>
        <p><b>Organic Carbon (OC):</b> 0.55 %</p>
        <p><b>Coordinates:</b> 14.764929°N, 79.697810°E</p>
      ]]></description>
      <Point>
        <coordinates>79.69781,14.764929,0</coordinates>
      </Point>
    </Placemark>
    <Placemark>
      <name>Point_277</name>
      <styleUrl>#soil_point</styleUrl>
      <TimeSpan>
        <begin>2025-01-01</begin>
        <end>2026-12-30</end>
      </TimeSpan>
      <description><![CDATA[
        <h3>Soil Health Card Record</h3>
        <p><b>Point ID:</b> Point_277</p>
        <p><b>Validity Period:</b> 2025-01-01 to 2026-12-30</p>
        <p><b>Nitrogen (N):</b> 201.0 kg/ha</p>
        <p><b>Phosphorus (P):</b> 2.8 mg/kg</p>
        <p><b>Potassium (K):</b> 99.3 mg/kg</p>
        <p><b>Organic Carbon (OC):</b> 0.35 %</p>
        <p><b>Coordinates:</b> 14.765014°N, 79.696138°E</p>
      ]]></description>
      <Point>
        <coordinates>79.696138,14.765014,0</coordinates>
      </Point>
    </Placemark>
    <Placemark>
      <name>Point_278</name>
      <styleUrl>#soil_point</styleUrl>
      <TimeSpan>
        <begin>2025-01-01</begin>
        <end>2026-12-30</end>
      </TimeSpan>
      <description><![CDATA[
        <h3>Soil Health Card Record</h3>
        <p><b>Point ID:</b> Point_278</p>
        <p><b>Validity Period:</b> 2025-01-01 to 2026-12-30</p>
        <p><b>Nitrogen (N):</b> 138.0 kg/ha</p>
        <p><b>Phosphorus (P):</b> 6.1 mg/kg</p>
        <p><b>Potassium (K):</b> 409.7 mg/kg</p>
        <p><b>Organic Carbon (OC):</b> 0.3 %</p>
        <p><b>Coordinates:</b> 14.763822°N, 79.700538°E</p>
      ]]></description>
      <Point>
        <coordinates>79.700538,14.763822,0</coordinates>
      </Point>
    </Placemark>
    <Placemark>
      <name>Point_279</name>
      <styleUrl>#soil_point</styleUrl>
      <TimeSpan>
        <begin>2025-01-01</begin>
        <end>2026-12-30</end>
      </TimeSpan>
      <description><![CDATA[
        <h3>Soil Health Card Record</h3>
        <p><b>Point ID:</b> Point_279</p>
        <p><b>Validity Period:</b> 2025-01-01 to 2026-12-30</p>
        <p><b>Nitrogen (N):</b> 88.0 kg/ha</p>
        <p><b>Phosphorus (P):</b> 1.5 mg/kg</p>
        <p><b>Potassium (K):</b> 285.5 mg/kg</p>
        <p><b>Organic Carbon (OC):</b> 0.54 %</p>
        <p><b>Coordinates:</b> 14.764503°N, 79.704587°E</p>
      ]]></description>
      <Point>
        <coordinates>79.704587,14.764503,0</coordinates>
      </Point>
    </Placemark>
    <Placemark>
      <name>Point_280</name>
      <styleUrl>#soil_point</styleUrl>
      <TimeSpan>
        <begin>2025-01-01</begin>
        <end>2026-12-30</end>
      </TimeSpan>
      <description><![CDATA[
        <h3>Soil Health Card Record</h3>
        <p><b>Point ID:</b> Point_280</p>
        <p><b>Validity Period:</b> 2025-01-01 to 2026-12-30</p>
        <p><b>Nitrogen (N):</b> 238.0 kg/ha</p>
        <p><b>Phosphorus (P):</b> 10.0 mg/kg</p>
        <p><b>Potassium (K):</b> 471.8 mg/kg</p>
        <p><b>Organic Carbon (OC):</b> 0.06 %</p>
        <p><b>Coordinates:</b> 14.764929°N, 79.708107°E</p>
      ]]></description>
      <Point>
        <coordinates>79.708107,14.764929,0</coordinates>
      </Point>
    </Placemark>
    <Placemark>
      <name>Point_281</name>
      <styleUrl>#soil_point</styleUrl>
      <TimeSpan>
        <begin>2025-01-01</begin>
        <end>2026-12-30</end>
      </TimeSpan>
      <description><![CDATA[
        <h3>Soil Health Card Record</h3>
        <p><b>Point ID:</b> Point_281</p>
        <p><b>Validity Period:</b> 2025-01-01 to 2026-12-30</p>
        <p><b>Nitrogen (N):</b> 38.0 kg/ha</p>
        <p><b>Phosphorus (P):</b> 4.6 mg/kg</p>
        <p><b>Potassium (K):</b> 111.7 mg/kg</p>
        <p><b>Organic Carbon (OC):</b> 0.1 %</p>
        <p><b>Coordinates:</b> 14.763992°N, 79.710747°E</p>
      ]]></description>
      <Point>
        <coordinates>79.710747,14.763992,0</coordinates>
      </Point>
    </Placemark>
    <Placemark>
      <name>Point_282</name>
      <styleUrl>#soil_point</styleUrl>
      <TimeSpan>
        <begin>2025-01-01</begin>
        <end>2026-12-30</end>
      </TimeSpan>
      <description><![CDATA[
        <h3>Soil Health Card Record</h3>
        <p><b>Point ID:</b> Point_282</p>
        <p><b>Validity Period:</b> 2025-01-01 to 2026-12-30</p>
        <p><b>Nitrogen (N):</b> 151.0 kg/ha</p>
        <p><b>Phosphorus (P):</b> 5.4 mg/kg</p>
        <p><b>Potassium (K):</b> 173.8 mg/kg</p>
        <p><b>Organic Carbon (OC):</b> 0.43 %</p>
        <p><b>Coordinates:</b> 14.762118°N, 79.711715°E</p>
      ]]></description>
      <Point>
        <coordinates>79.711715,14.762118,0</coordinates>
      </Point>
    </Placemark>
    <Placemark>
      <name>Point_283</name>
      <styleUrl>#soil_point</styleUrl>
      <TimeSpan>
        <begin>2025-01-01</begin>
        <end>2026-12-30</end>
      </TimeSpan>
      <description><![CDATA[
        <h3>Soil Health Card Record</h3>
        <p><b>Point ID:</b> Point_283</p>
        <p><b>Validity Period:</b> 2025-01-01 to 2026-12-30</p>
        <p><b>Nitrogen (N):</b> 151.0 kg/ha</p>
        <p><b>Phosphorus (P):</b> 6.1 mg/kg</p>
        <p><b>Potassium (K):</b> 285.5 mg/kg</p>
        <p><b>Organic Carbon (OC):</b> 0.19 %</p>
        <p><b>Coordinates:</b> 14.761778°N, 79.704763°E</p>
      ]]></description>
      <Point>
        <coordinates>79.704763,14.761778,0</coordinates>
      </Point>
    </Placemark>
    <Placemark>
      <name>Point_284</name>
      <styleUrl>#soil_point</styleUrl>
      <TimeSpan>
        <begin>2025-01-01</begin>
        <end>2026-12-30</end>
      </TimeSpan>
      <description><![CDATA[
        <h3>Soil Health Card Record</h3>
        <p><b>Point ID:</b> Point_284</p>
        <p><b>Validity Period:</b> 2025-01-01 to 2026-12-30</p>
        <p><b>Nitrogen (N):</b> 125.0 kg/ha</p>
        <p><b>Phosphorus (P):</b> 0.8 mg/kg</p>
        <p><b>Potassium (K):</b> 446.9 mg/kg</p>
        <p><b>Organic Carbon (OC):</b> 0.54 %</p>
        <p><b>Coordinates:</b> 14.759563°N, 79.711715°E</p>
      ]]></description>
      <Point>
        <coordinates>79.711715,14.759563,0</coordinates>
      </Point>
    </Placemark>
    <Placemark>
      <name>Point_285</name>
      <styleUrl>#soil_point</styleUrl>
      <TimeSpan>
        <begin>2025-01-01</begin>
        <end>2026-12-30</end>
      </TimeSpan>
      <description><![CDATA[
        <h3>Soil Health Card Record</h3>
        <p><b>Point ID:</b> Point_285</p>
        <p><b>Validity Period:</b> 2025-01-01 to 2026-12-30</p>
        <p><b>Nitrogen (N):</b> 163.0 kg/ha</p>
        <p><b>Phosphorus (P):</b> 4.6 mg/kg</p>
        <p><b>Potassium (K):</b> 446.9 mg/kg</p>
        <p><b>Organic Carbon (OC):</b> 0.43 %</p>
        <p><b>Coordinates:</b> 14.756678°N, 79.710659°E</p>
      ]]></description>
      <Point>
        <coordinates>79.710659,14.756678,0</coordinates>
      </Point>
    </Placemark>
    <Placemark>
      <name>Point_286</name>
      <styleUrl>#soil_point</styleUrl>
      <TimeSpan>
        <begin>2025-01-01</begin>
        <end>2026-12-30</end>
      </TimeSpan>
      <description><![CDATA[
        <h3>Soil Health Card Record</h3>
        <p><b>Point ID:</b> Point_286</p>
        <p><b>Validity Period:</b> 2025-01-01 to 2026-12-30</p>
        <p><b>Nitrogen (N):</b> 138.0 kg/ha</p>
        <p><b>Phosphorus (P):</b> 6.1 mg/kg</p>
        <p><b>Potassium (K):</b> 453.1 mg/kg</p>
        <p><b>Organic Carbon (OC):</b> 0.53 %</p>
        <p><b>Coordinates:</b> 14.755656°N, 79.712243°E</p>
      ]]></description>
      <Point>
        <coordinates>79.712243,14.755656,0</coordinates>
      </Point>
    </Placemark>
    <Placemark>
      <name>Point_287</name>
      <styleUrl>#soil_point</styleUrl>
      <TimeSpan>
        <begin>2025-01-01</begin>
        <end>2026-12-30</end>
      </TimeSpan>
      <description><![CDATA[
        <h3>Soil Health Card Record</h3>
        <p><b>Point ID:</b> Point_287</p>
        <p><b>Validity Period:</b> 2025-01-01 to 2026-12-30</p>
        <p><b>Nitrogen (N):</b> 163.0 kg/ha</p>
        <p><b>Phosphorus (P):</b> 6.1 mg/kg</p>
        <p><b>Potassium (K):</b> 105.5 mg/kg</p>
        <p><b>Organic Carbon (OC):</b> 1.21 %</p>
        <p><b>Coordinates:</b> 14.754464°N, 79.709867°E</p>
      ]]></description>
      <Point>
        <coordinates>79.709867,14.754464,0</coordinates>
      </Point>
    </Placemark>
    <Placemark>
      <name>Point_288</name>
      <styleUrl>#soil_point</styleUrl>
      <TimeSpan>
        <begin>2025-01-01</begin>
        <end>2026-12-30</end>
      </TimeSpan>
      <description><![CDATA[
        <h3>Soil Health Card Record</h3>
        <p><b>Point ID:</b> Point_288</p>
        <p><b>Validity Period:</b> 2025-01-01 to 2026-12-30</p>
        <p><b>Nitrogen (N):</b> 176.0 kg/ha</p>
        <p><b>Phosphorus (P):</b> 9.2 mg/kg</p>
        <p><b>Potassium (K):</b> 428.3 mg/kg</p>
        <p><b>Organic Carbon (OC):</b> 1.4 %</p>
        <p><b>Coordinates:</b> 14.754038°N, 79.727731°E</p>
      ]]></description>
      <Point>
        <coordinates>79.727731,14.754038,0</coordinates>
      </Point>
    </Placemark>
    <Placemark>
      <name>Point_289</name>
      <styleUrl>#soil_point</styleUrl>
      <TimeSpan>
        <begin>2025-01-01</begin>
        <end>2026-12-30</end>
      </TimeSpan>
      <description><![CDATA[
        <h3>Soil Health Card Record</h3>
        <p><b>Point ID:</b> Point_289</p>
        <p><b>Validity Period:</b> 2025-01-01 to 2026-12-30</p>
        <p><b>Nitrogen (N):</b> 188.0 kg/ha</p>
        <p><b>Phosphorus (P):</b> 7.7 mg/kg</p>
        <p><b>Potassium (K):</b> 260.7 mg/kg</p>
        <p><b>Organic Carbon (OC):</b> 0.44 %</p>
        <p><b>Coordinates:</b> 14.758297°N, 79.700714°E</p>
      ]]></description>
      <Point>
        <coordinates>79.700714,14.758297,0</coordinates>
      </Point>
    </Placemark>
    <Placemark>
      <name>Point_290</name>
      <styleUrl>#soil_point</styleUrl>
      <TimeSpan>
        <begin>2025-01-01</begin>
        <end>2026-12-30</end>
      </TimeSpan>
      <description><![CDATA[
        <h3>Soil Health Card Record</h3>
        <p><b>Point ID:</b> Point_290</p>
        <p><b>Validity Period:</b> 2025-01-01 to 2026-12-30</p>
        <p><b>Nitrogen (N):</b> 88.0 kg/ha</p>
        <p><b>Phosphorus (P):</b> 45.31 mg/kg</p>
        <p><b>Potassium (K):</b> 86.9 mg/kg</p>
        <p><b>Organic Carbon (OC):</b> 0.27 %</p>
        <p><b>Coordinates:</b> 14.785030°N, 79.497429°E</p>
      ]]></description>
      <Point>
        <coordinates>79.497429,14.78503,0</coordinates>
      </Point>
    </Placemark>
    <Placemark>
      <name>Point_291</name>
      <styleUrl>#soil_point</styleUrl>
      <TimeSpan>
        <begin>2025-01-01</begin>
        <end>2026-12-30</end>
      </TimeSpan>
      <description><![CDATA[
        <h3>Soil Health Card Record</h3>
        <p><b>Point ID:</b> Point_291</p>
        <p><b>Validity Period:</b> 2025-01-01 to 2026-12-30</p>
        <p><b>Nitrogen (N):</b> 100.0 kg/ha</p>
        <p><b>Phosphorus (P):</b> 16.9 mg/kg</p>
        <p><b>Potassium (K):</b> 248.3 mg/kg</p>
        <p><b>Organic Carbon (OC):</b> 0.39 %</p>
        <p><b>Coordinates:</b> 14.786381°N, 79.496330°E</p>
      ]]></description>
      <Point>
        <coordinates>79.49633,14.786381,0</coordinates>
      </Point>
    </Placemark>
    <Placemark>
      <name>Point_292</name>
      <styleUrl>#soil_point</styleUrl>
      <TimeSpan>
        <begin>2025-01-01</begin>
        <end>2026-12-30</end>
      </TimeSpan>
      <description><![CDATA[
        <h3>Soil Health Card Record</h3>
        <p><b>Point ID:</b> Point_292</p>
        <p><b>Validity Period:</b> 2025-01-01 to 2026-12-30</p>
        <p><b>Nitrogen (N):</b> 63.0 kg/ha</p>
        <p><b>Phosphorus (P):</b> 0.8 mg/kg</p>
        <p><b>Potassium (K):</b> 198.6 mg/kg</p>
        <p><b>Organic Carbon (OC):</b> 0.35 %</p>
        <p><b>Coordinates:</b> 14.784847°N, 79.495024°E</p>
      ]]></description>
      <Point>
        <coordinates>79.495024,14.784847,0</coordinates>
      </Point>
    </Placemark>
    <Placemark>
      <name>Point_293</name>
      <styleUrl>#soil_point</styleUrl>
      <TimeSpan>
        <begin>2025-01-01</begin>
        <end>2026-12-30</end>
      </TimeSpan>
      <description><![CDATA[
        <h3>Soil Health Card Record</h3>
        <p><b>Point ID:</b> Point_293</p>
        <p><b>Validity Period:</b> 2025-01-01 to 2026-12-30</p>
        <p><b>Nitrogen (N):</b> 25.0 kg/ha</p>
        <p><b>Phosphorus (P):</b> 26.1 mg/kg</p>
        <p><b>Potassium (K):</b> 149.0 mg/kg</p>
        <p><b>Organic Carbon (OC):</b> 0.41 %</p>
        <p><b>Coordinates:</b> 14.785344°N, 79.492269°E</p>
      ]]></description>
      <Point>
        <coordinates>79.492269,14.785344,0</coordinates>
      </Point>
    </Placemark>
    <Placemark>
      <name>Point_294</name>
      <styleUrl>#soil_point</styleUrl>
      <TimeSpan>
        <begin>2025-01-01</begin>
        <end>2026-12-30</end>
      </TimeSpan>
      <description><![CDATA[
        <h3>Soil Health Card Record</h3>
        <p><b>Point ID:</b> Point_294</p>
        <p><b>Validity Period:</b> 2025-01-01 to 2026-12-30</p>
        <p><b>Nitrogen (N):</b> 138.0 kg/ha</p>
        <p><b>Phosphorus (P):</b> 5.4 mg/kg</p>
        <p><b>Potassium (K):</b> 316.6 mg/kg</p>
        <p><b>Organic Carbon (OC):</b> 0.36 %</p>
        <p><b>Coordinates:</b> 14.786610°N, 79.492447°E</p>
      ]]></description>
      <Point>
        <coordinates>79.492447,14.78661,0</coordinates>
      </Point>
    </Placemark>
    <Placemark>
      <name>Point_295</name>
      <styleUrl>#soil_point</styleUrl>
      <TimeSpan>
        <begin>2025-01-01</begin>
        <end>2026-12-30</end>
      </TimeSpan>
      <description><![CDATA[
        <h3>Soil Health Card Record</h3>
        <p><b>Point ID:</b> Point_295</p>
        <p><b>Validity Period:</b> 2025-01-01 to 2026-12-30</p>
        <p><b>Nitrogen (N):</b> 138.0 kg/ha</p>
        <p><b>Phosphorus (P):</b> 5.4 mg/kg</p>
        <p><b>Potassium (K):</b> 316.6 mg/kg</p>
        <p><b>Organic Carbon (OC):</b> 0.36 %</p>
        <p><b>Coordinates:</b> 14.786552°N, 79.491495°E</p>
      ]]></description>
      <Point>
        <coordinates>79.491495,14.786552,0</coordinates>
      </Point>
    </Placemark>
    <Placemark>
      <name>Point_296</name>
      <styleUrl>#soil_point</styleUrl>
      <TimeSpan>
        <begin>2025-01-01</begin>
        <end>2026-12-30</end>
      </TimeSpan>
      <description><![CDATA[
        <h3>Soil Health Card Record</h3>
        <p><b>Point ID:</b> Point_296</p>
        <p><b>Validity Period:</b> 2025-01-01 to 2026-12-30</p>
        <p><b>Nitrogen (N):</b> 25.0 kg/ha</p>
        <p><b>Phosphorus (P):</b> 50.69 mg/kg</p>
        <p><b>Potassium (K):</b> 260.7 mg/kg</p>
        <p><b>Organic Carbon (OC):</b> 0.15 %</p>
        <p><b>Coordinates:</b> 14.785632°N, 79.490900°E</p>
      ]]></description>
      <Point>
        <coordinates>79.4909,14.785632,0</coordinates>
      </Point>
    </Placemark>
    <Placemark>
      <name>Point_297</name>
      <styleUrl>#soil_point</styleUrl>
      <TimeSpan>
        <begin>2025-01-01</begin>
        <end>2026-12-30</end>
      </TimeSpan>
      <description><![CDATA[
        <h3>Soil Health Card Record</h3>
        <p><b>Point ID:</b> Point_297</p>
        <p><b>Validity Period:</b> 2025-01-01 to 2026-12-30</p>
        <p><b>Nitrogen (N):</b> 25.0 kg/ha</p>
        <p><b>Phosphorus (P):</b> 26.1 mg/kg</p>
        <p><b>Potassium (K):</b> 149.0 mg/kg</p>
        <p><b>Organic Carbon (OC):</b> 0.41 %</p>
        <p><b>Coordinates:</b> 14.785459°N, 79.492090°E</p>
      ]]></description>
      <Point>
        <coordinates>79.49209,14.785459,0</coordinates>
      </Point>
    </Placemark>
    <Placemark>
      <name>Point_298</name>
      <styleUrl>#soil_point</styleUrl>
      <TimeSpan>
        <begin>2025-01-01</begin>
        <end>2026-12-30</end>
      </TimeSpan>
      <description><![CDATA[
        <h3>Soil Health Card Record</h3>
        <p><b>Point ID:</b> Point_298</p>
        <p><b>Validity Period:</b> 2025-01-01 to 2026-12-30</p>
        <p><b>Nitrogen (N):</b> 25.0 kg/ha</p>
        <p><b>Phosphorus (P):</b> 50.69 mg/kg</p>
        <p><b>Potassium (K):</b> 260.7 mg/kg</p>
        <p><b>Organic Carbon (OC):</b> 0.15 %</p>
        <p><b>Coordinates:</b> 14.784596°N, 79.491793°E</p>
      ]]></description>
      <Point>
        <coordinates>79.491793,14.784596,0</coordinates>
      </Point>
    </Placemark>
    <Placemark>
      <name>Point_299</name>
      <styleUrl>#soil_point</styleUrl>
      <TimeSpan>
        <begin>2025-01-01</begin>
        <end>2026-12-30</end>
      </TimeSpan>
      <description><![CDATA[
        <h3>Soil Health Card Record</h3>
        <p><b>Point ID:</b> Point_299</p>
        <p><b>Validity Period:</b> 2025-01-01 to 2026-12-30</p>
        <p><b>Nitrogen (N):</b> 13.0 kg/ha</p>
        <p><b>Phosphorus (P):</b> 36.1 mg/kg</p>
        <p><b>Potassium (K):</b> 130.4 mg/kg</p>
        <p><b>Organic Carbon (OC):</b> 0.24 %</p>
        <p><b>Coordinates:</b> 14.783330°N, 79.492805°E</p>
      ]]></description>
      <Point>
        <coordinates>79.492805,14.78333,0</coordinates>
      </Point>
    </Placemark>
    <Placemark>
      <name>Point_300</name>
      <styleUrl>#soil_point</styleUrl>
      <TimeSpan>
        <begin>2025-01-01</begin>
        <end>2026-12-30</end>
      </TimeSpan>
      <description><![CDATA[
        <h3>Soil Health Card Record</h3>
        <p><b>Point ID:</b> Point_300</p>
        <p><b>Validity Period:</b> 2025-01-01 to 2026-12-30</p>
        <p><b>Nitrogen (N):</b> 113.0 kg/ha</p>
        <p><b>Phosphorus (P):</b> 11.5 mg/kg</p>
        <p><b>Potassium (K):</b> 12.4 mg/kg</p>
        <p><b>Organic Carbon (OC):</b> 0.44 %</p>
        <p><b>Coordinates:</b> 14.782409°N, 79.494530°E</p>
      ]]></description>
      <Point>
        <coordinates>79.49453,14.782409,0</coordinates>
      </Point>
    </Placemark>
    <Placemark>
      <name>Point_301</name>
      <styleUrl>#soil_point</styleUrl>
      <TimeSpan>
        <begin>2025-01-01</begin>
        <end>2026-12-30</end>
      </TimeSpan>
      <description><![CDATA[
        <h3>Soil Health Card Record</h3>
        <p><b>Point ID:</b> Point_301</p>
        <p><b>Validity Period:</b> 2025-01-01 to 2026-12-30</p>
        <p><b>Nitrogen (N):</b> 151.0 kg/ha</p>
        <p><b>Phosphorus (P):</b> 31.5 mg/kg</p>
        <p><b>Potassium (K):</b> 397.3 mg/kg</p>
        <p><b>Organic Carbon (OC):</b> 0.15 %</p>
        <p><b>Coordinates:</b> 14.781086°N, 79.489769°E</p>
      ]]></description>
      <Point>
        <coordinates>79.489769,14.781086,0</coordinates>
      </Point>
    </Placemark>
    <Placemark>
      <name>Point_302</name>
      <styleUrl>#soil_point</styleUrl>
      <TimeSpan>
        <begin>2025-01-01</begin>
        <end>2026-12-30</end>
      </TimeSpan>
      <description><![CDATA[
        <h3>Soil Health Card Record</h3>
        <p><b>Point ID:</b> Point_302</p>
        <p><b>Validity Period:</b> 2025-01-01 to 2026-12-30</p>
        <p><b>Nitrogen (N):</b> 100.0 kg/ha</p>
        <p><b>Phosphorus (P):</b> 22.3 mg/kg</p>
        <p><b>Potassium (K):</b> 155.2 mg/kg</p>
        <p><b>Organic Carbon (OC):</b> 0.39 %</p>
        <p><b>Coordinates:</b> 14.781891°N, 79.482390°E</p>
      ]]></description>
      <Point>
        <coordinates>79.48239,14.781891,0</coordinates>
      </Point>
    </Placemark>
    <Placemark>
      <name>Point_303</name>
      <styleUrl>#soil_point</styleUrl>
      <TimeSpan>
        <begin>2025-01-01</begin>
        <end>2026-12-30</end>
      </TimeSpan>
      <description><![CDATA[
        <h3>Soil Health Card Record</h3>
        <p><b>Point ID:</b> Point_303</p>
        <p><b>Validity Period:</b> 2025-01-01 to 2026-12-30</p>
        <p><b>Nitrogen (N):</b> 50.0 kg/ha</p>
        <p><b>Phosphorus (P):</b> 16.9 mg/kg</p>
        <p><b>Potassium (K):</b> 111.7 mg/kg</p>
        <p><b>Organic Carbon (OC):</b> 0.53 %</p>
        <p><b>Coordinates:</b> 14.782582°N, 79.481140°E</p>
      ]]></description>
      <Point>
        <coordinates>79.48114,14.782582,0</coordinates>
      </Point>
    </Placemark>
    <Placemark>
      <name>Point_304</name>
      <styleUrl>#soil_point</styleUrl>
      <TimeSpan>
        <begin>2025-01-01</begin>
        <end>2026-12-30</end>
      </TimeSpan>
      <description><![CDATA[
        <h3>Soil Health Card Record</h3>
        <p><b>Point ID:</b> Point_304</p>
        <p><b>Validity Period:</b> 2025-01-01 to 2026-12-30</p>
        <p><b>Nitrogen (N):</b> 100.0 kg/ha</p>
        <p><b>Phosphorus (P):</b> 22.3 mg/kg</p>
        <p><b>Potassium (K):</b> 155.2 mg/kg</p>
        <p><b>Organic Carbon (OC):</b> 0.39 %</p>
        <p><b>Coordinates:</b> 14.781661°N, 79.482271°E</p>
      ]]></description>
      <Point>
        <coordinates>79.482271,14.781661,0</coordinates>
      </Point>
    </Placemark>
    <Placemark>
      <name>Point_305</name>
      <styleUrl>#soil_point</styleUrl>
      <TimeSpan>
        <begin>2025-01-01</begin>
        <end>2026-12-30</end>
      </TimeSpan>
      <description><![CDATA[
        <h3>Soil Health Card Record</h3>
        <p><b>Point ID:</b> Point_305</p>
        <p><b>Validity Period:</b> 2025-01-01 to 2026-12-30</p>
        <p><b>Nitrogen (N):</b> 100.0 kg/ha</p>
        <p><b>Phosphorus (P):</b> 59.1 mg/kg</p>
        <p><b>Potassium (K):</b> 62.1 mg/kg</p>
        <p><b>Organic Carbon (OC):</b> 0.21 %</p>
        <p><b>Coordinates:</b> 14.785862°N, 79.482093°E</p>
      ]]></description>
      <Point>
        <coordinates>79.482093,14.785862,0</coordinates>
      </Point>
    </Placemark>
    <Placemark>
      <name>Point_306</name>
      <styleUrl>#soil_point</styleUrl>
      <TimeSpan>
        <begin>2025-01-01</begin>
        <end>2026-12-30</end>
      </TimeSpan>
      <description><![CDATA[
        <h3>Soil Health Card Record</h3>
        <p><b>Point ID:</b> Point_306</p>
        <p><b>Validity Period:</b> 2025-01-01 to 2026-12-30</p>
        <p><b>Nitrogen (N):</b> 176.0 kg/ha</p>
        <p><b>Phosphorus (P):</b> 5.4 mg/kg</p>
        <p><b>Potassium (K):</b> 211.0 mg/kg</p>
        <p><b>Organic Carbon (OC):</b> 0.45 %</p>
        <p><b>Coordinates:</b> 14.784193°N, 79.478760°E</p>
      ]]></description>
      <Point>
        <coordinates>79.47876,14.784193,0</coordinates>
      </Point>
    </Placemark>
    <Placemark>
      <name>Point_307</name>
      <styleUrl>#soil_point</styleUrl>
      <TimeSpan>
        <begin>2025-01-01</begin>
        <end>2026-12-30</end>
      </TimeSpan>
      <description><![CDATA[
        <h3>Soil Health Card Record</h3>
        <p><b>Point ID:</b> Point_307</p>
        <p><b>Validity Period:</b> 2025-01-01 to 2026-12-30</p>
        <p><b>Nitrogen (N):</b> 38.0 kg/ha</p>
        <p><b>Phosphorus (P):</b> 9.2 mg/kg</p>
        <p><b>Potassium (K):</b> 117.9 mg/kg</p>
        <p><b>Organic Carbon (OC):</b> 0.24 %</p>
        <p><b>Coordinates:</b> 14.782870°N, 79.476320°E</p>
      ]]></description>
      <Point>
        <coordinates>79.47632,14.78287,0</coordinates>
      </Point>
    </Placemark>
    <Placemark>
      <name>Point_308</name>
      <styleUrl>#soil_point</styleUrl>
      <TimeSpan>
        <begin>2025-01-01</begin>
        <end>2026-12-30</end>
      </TimeSpan>
      <description><![CDATA[
        <h3>Soil Health Card Record</h3>
        <p><b>Point ID:</b> Point_308</p>
        <p><b>Validity Period:</b> 2025-01-01 to 2026-12-30</p>
        <p><b>Nitrogen (N):</b> 50.0 kg/ha</p>
        <p><b>Phosphorus (P):</b> 16.9 mg/kg</p>
        <p><b>Potassium (K):</b> 111.7 mg/kg</p>
        <p><b>Organic Carbon (OC):</b> 0.53 %</p>
        <p><b>Coordinates:</b> 14.782409°N, 79.480843°E</p>
      ]]></description>
      <Point>
        <coordinates>79.480843,14.782409,0</coordinates>
      </Point>
    </Placemark>
    <Placemark>
      <name>Point_309</name>
      <styleUrl>#soil_point</styleUrl>
      <TimeSpan>
        <begin>2025-01-01</begin>
        <end>2026-12-30</end>
      </TimeSpan>
      <description><![CDATA[
        <h3>Soil Health Card Record</h3>
        <p><b>Point ID:</b> Point_309</p>
        <p><b>Validity Period:</b> 2025-01-01 to 2026-12-30</p>
        <p><b>Nitrogen (N):</b> 38.0 kg/ha</p>
        <p><b>Phosphorus (P):</b> 11.5 mg/kg</p>
        <p><b>Potassium (K):</b> 130.4 mg/kg</p>
        <p><b>Organic Carbon (OC):</b> 0.27 %</p>
        <p><b>Coordinates:</b> 14.780626°N, 79.477451°E</p>
      ]]></description>
      <Point>
        <coordinates>79.477451,14.780626,0</coordinates>
      </Point>
    </Placemark>
    <Placemark>
      <name>Point_310</name>
      <styleUrl>#soil_point</styleUrl>
      <TimeSpan>
        <begin>2025-01-01</begin>
        <end>2026-12-30</end>
      </TimeSpan>
      <description><![CDATA[
        <h3>Soil Health Card Record</h3>
        <p><b>Point ID:</b> Point_310</p>
        <p><b>Validity Period:</b> 2025-01-01 to 2026-12-30</p>
        <p><b>Nitrogen (N):</b> 25.0 kg/ha</p>
        <p><b>Phosphorus (P):</b> 1.5 mg/kg</p>
        <p><b>Potassium (K):</b> 147.5 mg/kg</p>
        <p><b>Organic Carbon (OC):</b> 0.36 %</p>
        <p><b>Coordinates:</b> 15.111875°N, 79.716724°E</p>
      ]]></description>
      <Point>
        <coordinates>79.716724,15.111875,0</coordinates>
      </Point>
    </Placemark>
    <Placemark>
      <name>Point_311</name>
      <styleUrl>#soil_point</styleUrl>
      <TimeSpan>
        <begin>2025-01-01</begin>
        <end>2026-12-30</end>
      </TimeSpan>
      <description><![CDATA[
        <h3>Soil Health Card Record</h3>
        <p><b>Point ID:</b> Point_311</p>
        <p><b>Validity Period:</b> 2025-01-01 to 2026-12-30</p>
        <p><b>Nitrogen (N):</b> 113.0 kg/ha</p>
        <p><b>Phosphorus (P):</b> 13.1 mg/kg</p>
        <p><b>Potassium (K):</b> 316.0 mg/kg</p>
        <p><b>Organic Carbon (OC):</b> 0.56 %</p>
        <p><b>Coordinates:</b> 15.116177°N, 79.698258°E</p>
      ]]></description>
      <Point>
        <coordinates>79.698258,15.116177,0</coordinates>
      </Point>
    </Placemark>
    <Placemark>
      <name>Point_312</name>
      <styleUrl>#soil_point</styleUrl>
      <TimeSpan>
        <begin>2025-01-01</begin>
        <end>2026-12-30</end>
      </TimeSpan>
      <description><![CDATA[
        <h3>Soil Health Card Record</h3>
        <p><b>Point ID:</b> Point_312</p>
        <p><b>Validity Period:</b> 2025-01-01 to 2026-12-30</p>
        <p><b>Nitrogen (N):</b> 138.0 kg/ha</p>
        <p><b>Phosphorus (P):</b> 37.6 mg/kg</p>
        <p><b>Potassium (K):</b> 182.6 mg/kg</p>
        <p><b>Organic Carbon (OC):</b> 0.28 %</p>
        <p><b>Coordinates:</b> 15.086065°N, 79.722710°E</p>
      ]]></description>
      <Point>
        <coordinates>79.72271,15.086065,0</coordinates>
      </Point>
    </Placemark>
    <Placemark>
      <name>Point_313</name>
      <styleUrl>#soil_point</styleUrl>
      <TimeSpan>
        <begin>2025-01-01</begin>
        <end>2026-12-30</end>
      </TimeSpan>
      <description><![CDATA[
        <h3>Soil Health Card Record</h3>
        <p><b>Point ID:</b> Point_313</p>
        <p><b>Validity Period:</b> 2025-01-01 to 2026-12-30</p>
        <p><b>Nitrogen (N):</b> 151.0 kg/ha</p>
        <p><b>Phosphorus (P):</b> 63.0 mg/kg</p>
        <p><b>Potassium (K):</b> 259.9 mg/kg</p>
        <p><b>Organic Carbon (OC):</b> 0.28 %</p>
        <p><b>Coordinates:</b> 15.082991°N, 79.722200°E</p>
      ]]></description>
      <Point>
        <coordinates>79.7222,15.082991,0</coordinates>
      </Point>
    </Placemark>
    <Placemark>
      <name>Point_314</name>
      <styleUrl>#soil_point</styleUrl>
      <TimeSpan>
        <begin>2025-01-01</begin>
        <end>2026-12-30</end>
      </TimeSpan>
      <description><![CDATA[
        <h3>Soil Health Card Record</h3>
        <p><b>Point ID:</b> Point_314</p>
        <p><b>Validity Period:</b> 2025-01-01 to 2026-12-30</p>
        <p><b>Nitrogen (N):</b> 163.0 kg/ha</p>
        <p><b>Phosphorus (P):</b> 20.6 mg/kg</p>
        <p><b>Potassium (K):</b> 70.2 mg/kg</p>
        <p><b>Organic Carbon (OC):</b> 0.57 %</p>
        <p><b>Coordinates:</b> 14.915607°N, 79.885454°E</p>
      ]]></description>
      <Point>
        <coordinates>79.885454,14.915607,0</coordinates>
      </Point>
    </Placemark>
    <Placemark>
      <name>Point_315</name>
      <styleUrl>#soil_point</styleUrl>
      <TimeSpan>
        <begin>2025-01-01</begin>
        <end>2026-12-30</end>
      </TimeSpan>
      <description><![CDATA[
        <h3>Soil Health Card Record</h3>
        <p><b>Point ID:</b> Point_315</p>
        <p><b>Validity Period:</b> 2025-01-01 to 2026-12-30</p>
        <p><b>Nitrogen (N):</b> 176.0 kg/ha</p>
        <p><b>Phosphorus (P):</b> 3.5 mg/kg</p>
        <p><b>Potassium (K):</b> 305.0 mg/kg</p>
        <p><b>Organic Carbon (OC):</b> 0.32 %</p>
        <p><b>Coordinates:</b> 14.913226°N, 79.885116°E</p>
      ]]></description>
      <Point>
        <coordinates>79.885116,14.913226,0</coordinates>
      </Point>
    </Placemark>
    <Placemark>
      <name>Point_316</name>
      <styleUrl>#soil_point</styleUrl>
      <TimeSpan>
        <begin>2025-01-01</begin>
        <end>2026-12-30</end>
      </TimeSpan>
      <description><![CDATA[
        <h3>Soil Health Card Record</h3>
        <p><b>Point ID:</b> Point_316</p>
        <p><b>Validity Period:</b> 2025-01-01 to 2026-12-30</p>
        <p><b>Nitrogen (N):</b> 25.0 kg/ha</p>
        <p><b>Phosphorus (P):</b> 44.6 mg/kg</p>
        <p><b>Potassium (K):</b> 168.6 mg/kg</p>
        <p><b>Organic Carbon (OC):</b> 0.47 %</p>
        <p><b>Coordinates:</b> 14.907891°N, 79.887708°E</p>
      ]]></description>
      <Point>
        <coordinates>79.887708,14.907891,0</coordinates>
      </Point>
    </Placemark>
    <Placemark>
      <name>Point_317</name>
      <styleUrl>#soil_point</styleUrl>
      <TimeSpan>
        <begin>2025-01-01</begin>
        <end>2026-12-30</end>
      </TimeSpan>
      <description><![CDATA[
        <h3>Soil Health Card Record</h3>
        <p><b>Point ID:</b> Point_317</p>
        <p><b>Validity Period:</b> 2025-01-01 to 2026-12-30</p>
        <p><b>Nitrogen (N):</b> 163.0 kg/ha</p>
        <p><b>Phosphorus (P):</b> 9.4 mg/kg</p>
        <p><b>Potassium (K):</b> 126.4 mg/kg</p>
        <p><b>Organic Carbon (OC):</b> 0.8 %</p>
        <p><b>Coordinates:</b> 14.903972°N, 79.887483°E</p>
      ]]></description>
      <Point>
        <coordinates>79.887483,14.903972,0</coordinates>
      </Point>
    </Placemark>
    <Placemark>
      <name>Point_318</name>
      <styleUrl>#soil_point</styleUrl>
      <TimeSpan>
        <begin>2025-01-01</begin>
        <end>2026-12-30</end>
      </TimeSpan>
      <description><![CDATA[
        <h3>Soil Health Card Record</h3>
        <p><b>Point ID:</b> Point_318</p>
        <p><b>Validity Period:</b> 2025-01-01 to 2026-12-30</p>
        <p><b>Nitrogen (N):</b> 113.0 kg/ha</p>
        <p><b>Phosphorus (P):</b> 85.8 mg/kg</p>
        <p><b>Potassium (K):</b> 119.4 mg/kg</p>
        <p><b>Organic Carbon (OC):</b> 0.8 %</p>
        <p><b>Coordinates:</b> 14.900270°N, 79.888271°E</p>
      ]]></description>
      <Point>
        <coordinates>79.888271,14.90027,0</coordinates>
      </Point>
    </Placemark>
    <Placemark>
      <name>Point_319</name>
      <styleUrl>#soil_point</styleUrl>
      <TimeSpan>
        <begin>2025-01-01</begin>
        <end>2026-12-30</end>
      </TimeSpan>
      <description><![CDATA[
        <h3>Soil Health Card Record</h3>
        <p><b>Point ID:</b> Point_319</p>
        <p><b>Validity Period:</b> 2025-01-01 to 2026-12-30</p>
        <p><b>Nitrogen (N):</b> 38.0 kg/ha</p>
        <p><b>Phosphorus (P):</b> 2.9 mg/kg</p>
        <p><b>Potassium (K):</b> 119.4 mg/kg</p>
        <p><b>Organic Carbon (OC):</b> 0.65 %</p>
        <p><b>Coordinates:</b> 14.898855°N, 79.890525°E</p>
      ]]></description>
      <Point>
        <coordinates>79.890525,14.898855,0</coordinates>
      </Point>
    </Placemark>
    <Placemark>
      <name>Point_320</name>
      <styleUrl>#soil_point</styleUrl>
      <TimeSpan>
        <begin>2025-01-01</begin>
        <end>2026-12-30</end>
      </TimeSpan>
      <description><![CDATA[
        <h3>Soil Health Card Record</h3>
        <p><b>Point ID:</b> Point_320</p>
        <p><b>Validity Period:</b> 2025-01-01 to 2026-12-30</p>
        <p><b>Nitrogen (N):</b> 38.0 kg/ha</p>
        <p><b>Phosphorus (P):</b> 2.9 mg/kg</p>
        <p><b>Potassium (K):</b> 119.4 mg/kg</p>
        <p><b>Organic Carbon (OC):</b> 0.65 %</p>
        <p><b>Coordinates:</b> 14.899943°N, 79.891990°E</p>
      ]]></description>
      <Point>
        <coordinates>79.89199,14.899943,0</coordinates>
      </Point>
    </Placemark>
    <Placemark>
      <name>Point_321</name>
      <styleUrl>#soil_point</styleUrl>
      <TimeSpan>
        <begin>2025-01-01</begin>
        <end>2026-12-30</end>
      </TimeSpan>
      <description><![CDATA[
        <h3>Soil Health Card Record</h3>
        <p><b>Point ID:</b> Point_321</p>
        <p><b>Validity Period:</b> 2025-01-01 to 2026-12-30</p>
        <p><b>Nitrogen (N):</b> 50.0 kg/ha</p>
        <p><b>Phosphorus (P):</b> 6.5 mg/kg</p>
        <p><b>Potassium (K):</b> 77.3 mg/kg</p>
        <p><b>Organic Carbon (OC):</b> 0.87 %</p>
        <p><b>Coordinates:</b> 14.899508°N, 79.893794°E</p>
      ]]></description>
      <Point>
        <coordinates>79.893794,14.899508,0</coordinates>
      </Point>
    </Placemark>
    <Placemark>
      <name>Point_322</name>
      <styleUrl>#soil_point</styleUrl>
      <TimeSpan>
        <begin>2025-01-01</begin>
        <end>2026-12-30</end>
      </TimeSpan>
      <description><![CDATA[
        <h3>Soil Health Card Record</h3>
        <p><b>Point ID:</b> Point_322</p>
        <p><b>Validity Period:</b> 2025-01-01 to 2026-12-30</p>
        <p><b>Nitrogen (N):</b> 100.0 kg/ha</p>
        <p><b>Phosphorus (P):</b> 18.8 mg/kg</p>
        <p><b>Potassium (K):</b> 168.6 mg/kg</p>
        <p><b>Organic Carbon (OC):</b> 0.95 %</p>
        <p><b>Coordinates:</b> 14.899508°N, 79.896273°E</p>
      ]]></description>
      <Point>
        <coordinates>79.896273,14.899508,0</coordinates>
      </Point>
    </Placemark>
    <Placemark>
      <name>Point_323</name>
      <styleUrl>#soil_point</styleUrl>
      <TimeSpan>
        <begin>2025-01-01</begin>
        <end>2026-12-30</end>
      </TimeSpan>
      <description><![CDATA[
        <h3>Soil Health Card Record</h3>
        <p><b>Point ID:</b> Point_323</p>
        <p><b>Validity Period:</b> 2025-01-01 to 2026-12-30</p>
        <p><b>Nitrogen (N):</b> 125.0 kg/ha</p>
        <p><b>Phosphorus (P):</b> 8.8 mg/kg</p>
        <p><b>Potassium (K):</b> 273.9 mg/kg</p>
        <p><b>Organic Carbon (OC):</b> 0.71 %</p>
        <p><b>Coordinates:</b> 14.891141°N, 79.893262°E</p>
      ]]></description>
      <Point>
        <coordinates>79.893262,14.891141,0</coordinates>
      </Point>
    </Placemark>
    <Placemark>
      <name>Point_324</name>
      <styleUrl>#soil_point</styleUrl>
      <TimeSpan>
        <begin>2025-01-01</begin>
        <end>2026-12-30</end>
      </TimeSpan>
      <description><![CDATA[
        <h3>Soil Health Card Record</h3>
        <p><b>Point ID:</b> Point_324</p>
        <p><b>Validity Period:</b> 2025-01-01 to 2026-12-30</p>
        <p><b>Nitrogen (N):</b> 176.0 kg/ha</p>
        <p><b>Phosphorus (P):</b> 105.7 mg/kg</p>
        <p><b>Potassium (K):</b> 168.6 mg/kg</p>
        <p><b>Organic Carbon (OC):</b> 0.47 %</p>
        <p><b>Coordinates:</b> 14.886190°N, 79.899235°E</p>
      ]]></description>
      <Point>
        <coordinates>79.899235,14.88619,0</coordinates>
      </Point>
    </Placemark>
    <Placemark>
      <name>Point_325</name>
      <styleUrl>#soil_point</styleUrl>
      <TimeSpan>
        <begin>2025-01-01</begin>
        <end>2026-12-30</end>
      </TimeSpan>
      <description><![CDATA[
        <h3>Soil Health Card Record</h3>
        <p><b>Point ID:</b> Point_325</p>
        <p><b>Validity Period:</b> 2025-01-01 to 2026-12-30</p>
        <p><b>Nitrogen (N):</b> 138.0 kg/ha</p>
        <p><b>Phosphorus (P):</b> 0.6 mg/kg</p>
        <p><b>Potassium (K):</b> 49.2 mg/kg</p>
        <p><b>Organic Carbon (OC):</b> 0.65 %</p>
        <p><b>Coordinates:</b> 14.886953°N, 79.901602°E</p>
      ]]></description>
      <Point>
        <coordinates>79.901602,14.886953,0</coordinates>
      </Point>
    </Placemark>
    <Placemark>
      <name>Point_326</name>
      <styleUrl>#soil_point</styleUrl>
      <TimeSpan>
        <begin>2025-01-01</begin>
        <end>2026-12-30</end>
      </TimeSpan>
      <description><![CDATA[
        <h3>Soil Health Card Record</h3>
        <p><b>Point ID:</b> Point_326</p>
        <p><b>Validity Period:</b> 2025-01-01 to 2026-12-30</p>
        <p><b>Nitrogen (N):</b> 13.0 kg/ha</p>
        <p><b>Phosphorus (P):</b> 21.1 mg/kg</p>
        <p><b>Potassium (K):</b> 154.5 mg/kg</p>
        <p><b>Organic Carbon (OC):</b> 0.28 %</p>
        <p><b>Coordinates:</b> 14.885973°N, 79.903180°E</p>
      ]]></description>
      <Point>
        <coordinates>79.90318,14.885973,0</coordinates>
      </Point>
    </Placemark>
    <Placemark>
      <name>Point_327</name>
      <styleUrl>#soil_point</styleUrl>
      <TimeSpan>
        <begin>2025-01-01</begin>
        <end>2026-12-30</end>
      </TimeSpan>
      <description><![CDATA[
        <h3>Soil Health Card Record</h3>
        <p><b>Point ID:</b> Point_327</p>
        <p><b>Validity Period:</b> 2025-01-01 to 2026-12-30</p>
        <p><b>Nitrogen (N):</b> 88.0 kg/ha</p>
        <p><b>Phosphorus (P):</b> 20.0 mg/kg</p>
        <p><b>Potassium (K):</b> 49.2 mg/kg</p>
        <p><b>Organic Carbon (OC):</b> 0.58 %</p>
        <p><b>Coordinates:</b> 14.887388°N, 79.909152°E</p>
      ]]></description>
      <Point>
        <coordinates>79.909152,14.887388,0</coordinates>
      </Point>
    </Placemark>
    <Placemark>
      <name>Point_328</name>
      <styleUrl>#soil_point</styleUrl>
      <TimeSpan>
        <begin>2025-01-01</begin>
        <end>2026-12-30</end>
      </TimeSpan>
      <description><![CDATA[
        <h3>Soil Health Card Record</h3>
        <p><b>Point ID:</b> Point_328</p>
        <p><b>Validity Period:</b> 2025-01-01 to 2026-12-30</p>
        <p><b>Nitrogen (N):</b> 63.0 kg/ha</p>
        <p><b>Phosphorus (P):</b> 55.8 mg/kg</p>
        <p><b>Potassium (K):</b> 575.9 mg/kg</p>
        <p><b>Organic Carbon (OC):</b> 0.56 %</p>
        <p><b>Coordinates:</b> 14.883686°N, 79.907462°E</p>
      ]]></description>
      <Point>
        <coordinates>79.907462,14.883686,0</coordinates>
      </Point>
    </Placemark>
    <Placemark>
      <name>Point_329</name>
      <styleUrl>#soil_point</styleUrl>
      <TimeSpan>
        <begin>2025-01-01</begin>
        <end>2026-12-30</end>
      </TimeSpan>
      <description><![CDATA[
        <h3>Soil Health Card Record</h3>
        <p><b>Point ID:</b> Point_329</p>
        <p><b>Validity Period:</b> 2025-01-01 to 2026-12-30</p>
        <p><b>Nitrogen (N):</b> 138.0 kg/ha</p>
        <p><b>Phosphorus (P):</b> 63.4 mg/kg</p>
        <p><b>Potassium (K):</b> 407.3 mg/kg</p>
        <p><b>Organic Carbon (OC):</b> 0.66 %</p>
        <p><b>Coordinates:</b> 14.882706°N, 79.910505°E</p>
      ]]></description>
      <Point>
        <coordinates>79.910505,14.882706,0</coordinates>
      </Point>
    </Placemark>
    <Placemark>
      <name>Point_330</name>
      <styleUrl>#soil_point</styleUrl>
      <TimeSpan>
        <begin>2025-01-01</begin>
        <end>2026-12-30</end>
      </TimeSpan>
      <description><![CDATA[
        <h3>Soil Health Card Record</h3>
        <p><b>Point ID:</b> Point_330</p>
        <p><b>Validity Period:</b> 2025-01-01 to 2026-12-30</p>
        <p><b>Nitrogen (N):</b> 138.0 kg/ha</p>
        <p><b>Phosphorus (P):</b> 63.4 mg/kg</p>
        <p><b>Potassium (K):</b> 407.3 mg/kg</p>
        <p><b>Organic Carbon (OC):</b> 0.66 %</p>
        <p><b>Coordinates:</b> 14.881835°N, 79.912083°E</p>
      ]]></description>
      <Point>
        <coordinates>79.912083,14.881835,0</coordinates>
      </Point>
    </Placemark>
    <Placemark>
      <name>Point_331</name>
      <styleUrl>#soil_point</styleUrl>
      <TimeSpan>
        <begin>2025-01-01</begin>
        <end>2026-12-30</end>
      </TimeSpan>
      <description><![CDATA[
        <h3>Soil Health Card Record</h3>
        <p><b>Point ID:</b> Point_331</p>
        <p><b>Validity Period:</b> 2025-01-01 to 2026-12-30</p>
        <p><b>Nitrogen (N):</b> 163.0 kg/ha</p>
        <p><b>Phosphorus (P):</b> 13.5 mg/kg</p>
        <p><b>Potassium (K):</b> 105.3 mg/kg</p>
        <p><b>Organic Carbon (OC):</b> 0.11 %</p>
        <p><b>Coordinates:</b> 14.881508°N, 79.900024°E</p>
      ]]></description>
      <Point>
        <coordinates>79.900024,14.881508,0</coordinates>
      </Point>
    </Placemark>
    <Placemark>
      <name>Point_332</name>
      <styleUrl>#soil_point</styleUrl>
      <TimeSpan>
        <begin>2025-01-01</begin>
        <end>2026-12-30</end>
      </TimeSpan>
      <description><![CDATA[
        <h3>Soil Health Card Record</h3>
        <p><b>Point ID:</b> Point_332</p>
        <p><b>Validity Period:</b> 2025-01-01 to 2026-12-30</p>
        <p><b>Nitrogen (N):</b> 25.0 kg/ha</p>
        <p><b>Phosphorus (P):</b> 67.0 mg/kg</p>
        <p><b>Potassium (K):</b> 84.3 mg/kg</p>
        <p><b>Organic Carbon (OC):</b> 0.53 %</p>
        <p><b>Coordinates:</b> 14.882379°N, 79.903968°E</p>
      ]]></description>
      <Point>
        <coordinates>79.903968,14.882379,0</coordinates>
      </Point>
    </Placemark>
    <Placemark>
      <name>Point_333</name>
      <styleUrl>#soil_point</styleUrl>
      <TimeSpan>
        <begin>2025-01-01</begin>
        <end>2026-12-30</end>
      </TimeSpan>
      <description><![CDATA[
        <h3>Soil Health Card Record</h3>
        <p><b>Point ID:</b> Point_333</p>
        <p><b>Validity Period:</b> 2025-01-01 to 2026-12-30</p>
        <p><b>Nitrogen (N):</b> 63.0 kg/ha</p>
        <p><b>Phosphorus (P):</b> 55.8 mg/kg</p>
        <p><b>Potassium (K):</b> 575.9 mg/kg</p>
        <p><b>Organic Carbon (OC):</b> 0.56 %</p>
        <p><b>Coordinates:</b> 14.882053°N, 79.907687°E</p>
      ]]></description>
      <Point>
        <coordinates>79.907687,14.882053,0</coordinates>
      </Point>
    </Placemark>
    <Placemark>
      <name>Point_334</name>
      <styleUrl>#soil_point</styleUrl>
      <TimeSpan>
        <begin>2025-01-01</begin>
        <end>2026-12-30</end>
      </TimeSpan>
      <description><![CDATA[
        <h3>Soil Health Card Record</h3>
        <p><b>Point ID:</b> Point_334</p>
        <p><b>Validity Period:</b> 2025-01-01 to 2026-12-30</p>
        <p><b>Nitrogen (N):</b> 25.0 kg/ha</p>
        <p><b>Phosphorus (P):</b> 67.0 mg/kg</p>
        <p><b>Potassium (K):</b> 84.3 mg/kg</p>
        <p><b>Organic Carbon (OC):</b> 0.53 %</p>
        <p><b>Coordinates:</b> 14.880746°N, 79.904194°E</p>
      ]]></description>
      <Point>
        <coordinates>79.904194,14.880746,0</coordinates>
      </Point>
    </Placemark>
    <Placemark>
      <name>Point_335</name>
      <styleUrl>#soil_point</styleUrl>
      <TimeSpan>
        <begin>2025-01-01</begin>
        <end>2026-12-30</end>
      </TimeSpan>
      <description><![CDATA[
        <h3>Soil Health Card Record</h3>
        <p><b>Point ID:</b> Point_335</p>
        <p><b>Validity Period:</b> 2025-01-01 to 2026-12-30</p>
        <p><b>Nitrogen (N):</b> 213.0 kg/ha</p>
        <p><b>Phosphorus (P):</b> 11.7 mg/kg</p>
        <p><b>Potassium (K):</b> 280.9 mg/kg</p>
        <p><b>Organic Carbon (OC):</b> 0.34 %</p>
        <p><b>Coordinates:</b> 14.879766°N, 79.905433°E</p>
      ]]></description>
      <Point>
        <coordinates>79.905433,14.879766,0</coordinates>
      </Point>
    </Placemark>
    <Placemark>
      <name>Point_336</name>
      <styleUrl>#soil_point</styleUrl>
      <TimeSpan>
        <begin>2025-01-01</begin>
        <end>2026-12-30</end>
      </TimeSpan>
      <description><![CDATA[
        <h3>Soil Health Card Record</h3>
        <p><b>Point ID:</b> Point_336</p>
        <p><b>Validity Period:</b> 2025-01-01 to 2026-12-30</p>
        <p><b>Nitrogen (N):</b> 25.0 kg/ha</p>
        <p><b>Phosphorus (P):</b> 19.4 mg/kg</p>
        <p><b>Potassium (K):</b> 126.4 mg/kg</p>
        <p><b>Organic Carbon (OC):</b> 0.75 %</p>
        <p><b>Coordinates:</b> 14.876282°N, 79.901940°E</p>
      ]]></description>
      <Point>
        <coordinates>79.90194,14.876282,0</coordinates>
      </Point>
    </Placemark>
    <Placemark>
      <name>Point_337</name>
      <styleUrl>#soil_point</styleUrl>
      <TimeSpan>
        <begin>2025-01-01</begin>
        <end>2026-12-30</end>
      </TimeSpan>
      <description><![CDATA[
        <h3>Soil Health Card Record</h3>
        <p><b>Point ID:</b> Point_337</p>
        <p><b>Validity Period:</b> 2025-01-01 to 2026-12-30</p>
        <p><b>Nitrogen (N):</b> 63.0 kg/ha</p>
        <p><b>Phosphorus (P):</b> 11.5 mg/kg</p>
        <p><b>Potassium (K):</b> 111.7 mg/kg</p>
        <p><b>Organic Carbon (OC):</b> 0.41 %</p>
        <p><b>Coordinates:</b> 14.156669°N, 79.592833°E</p>
      ]]></description>
      <Point>
        <coordinates>79.592833,14.156669,0</coordinates>
      </Point>
    </Placemark>
    <Placemark>
      <name>Point_338</name>
      <styleUrl>#soil_point</styleUrl>
      <TimeSpan>
        <begin>2025-01-01</begin>
        <end>2026-12-30</end>
      </TimeSpan>
      <description><![CDATA[
        <h3>Soil Health Card Record</h3>
        <p><b>Point ID:</b> Point_338</p>
        <p><b>Validity Period:</b> 2025-01-01 to 2026-12-30</p>
        <p><b>Nitrogen (N):</b> 63.0 kg/ha</p>
        <p><b>Phosphorus (P):</b> 11.5 mg/kg</p>
        <p><b>Potassium (K):</b> 111.7 mg/kg</p>
        <p><b>Organic Carbon (OC):</b> 0.41 %</p>
        <p><b>Coordinates:</b> 14.156444°N, 79.593250°E</p>
      ]]></description>
      <Point>
        <coordinates>79.59325,14.156444,0</coordinates>
      </Point>
    </Placemark>
    <Placemark>
      <name>Point_339</name>
      <styleUrl>#soil_point</styleUrl>
      <TimeSpan>
        <begin>2025-01-01</begin>
        <end>2026-12-30</end>
      </TimeSpan>
      <description><![CDATA[
        <h3>Soil Health Card Record</h3>
        <p><b>Point ID:</b> Point_339</p>
        <p><b>Validity Period:</b> 2025-01-01 to 2026-12-30</p>
        <p><b>Nitrogen (N):</b> 201.0 kg/ha</p>
        <p><b>Phosphorus (P):</b> 9.2 mg/kg</p>
        <p><b>Potassium (K):</b> 68.3 mg/kg</p>
        <p><b>Organic Carbon (OC):</b> 0.38 %</p>
        <p><b>Coordinates:</b> 14.155740°N, 79.593975°E</p>
      ]]></description>
      <Point>
        <coordinates>79.593975,14.15574,0</coordinates>
      </Point>
    </Placemark>
    <Placemark>
      <name>Point_340</name>
      <styleUrl>#soil_point</styleUrl>
      <TimeSpan>
        <begin>2025-01-01</begin>
        <end>2026-12-30</end>
      </TimeSpan>
      <description><![CDATA[
        <h3>Soil Health Card Record</h3>
        <p><b>Point ID:</b> Point_340</p>
        <p><b>Validity Period:</b> 2025-01-01 to 2026-12-30</p>
        <p><b>Nitrogen (N):</b> 201.0 kg/ha</p>
        <p><b>Phosphorus (P):</b> 9.2 mg/kg</p>
        <p><b>Potassium (K):</b> 68.3 mg/kg</p>
        <p><b>Organic Carbon (OC):</b> 0.38 %</p>
        <p><b>Coordinates:</b> 14.155667°N, 79.594586°E</p>
      ]]></description>
      <Point>
        <coordinates>79.594586,14.155667,0</coordinates>
      </Point>
    </Placemark>
    <Placemark>
      <name>Point_341</name>
      <styleUrl>#soil_point</styleUrl>
      <TimeSpan>
        <begin>2025-01-01</begin>
        <end>2026-12-30</end>
      </TimeSpan>
      <description><![CDATA[
        <h3>Soil Health Card Record</h3>
        <p><b>Point ID:</b> Point_341</p>
        <p><b>Validity Period:</b> 2025-01-01 to 2026-12-30</p>
        <p><b>Nitrogen (N):</b> 201.0 kg/ha</p>
        <p><b>Phosphorus (P):</b> 9.2 mg/kg</p>
        <p><b>Potassium (K):</b> 68.3 mg/kg</p>
        <p><b>Organic Carbon (OC):</b> 0.38 %</p>
        <p><b>Coordinates:</b> 14.155398°N, 79.594032°E</p>
      ]]></description>
      <Point>
        <coordinates>79.594032,14.155398,0</coordinates>
      </Point>
    </Placemark>
    <Placemark>
      <name>Point_342</name>
      <styleUrl>#soil_point</styleUrl>
      <TimeSpan>
        <begin>2025-01-01</begin>
        <end>2026-12-30</end>
      </TimeSpan>
      <description><![CDATA[
        <h3>Soil Health Card Record</h3>
        <p><b>Point ID:</b> Point_342</p>
        <p><b>Validity Period:</b> 2025-01-01 to 2026-12-30</p>
        <p><b>Nitrogen (N):</b> 201.0 kg/ha</p>
        <p><b>Phosphorus (P):</b> 9.2 mg/kg</p>
        <p><b>Potassium (K):</b> 68.3 mg/kg</p>
        <p><b>Organic Carbon (OC):</b> 0.38 %</p>
        <p><b>Coordinates:</b> 14.155321°N, 79.594032°E</p>
      ]]></description>
      <Point>
        <coordinates>79.594032,14.155321,0</coordinates>
      </Point>
    </Placemark>
    <Placemark>
      <name>Point_343</name>
      <styleUrl>#soil_point</styleUrl>
      <TimeSpan>
        <begin>2025-01-01</begin>
        <end>2026-12-30</end>
      </TimeSpan>
      <description><![CDATA[
        <h3>Soil Health Card Record</h3>
        <p><b>Point ID:</b> Point_343</p>
        <p><b>Validity Period:</b> 2025-01-01 to 2026-12-30</p>
        <p><b>Nitrogen (N):</b> 201.0 kg/ha</p>
        <p><b>Phosphorus (P):</b> 9.2 mg/kg</p>
        <p><b>Potassium (K):</b> 68.3 mg/kg</p>
        <p><b>Organic Carbon (OC):</b> 0.38 %</p>
        <p><b>Coordinates:</b> 14.155272°N, 79.593924°E</p>
      ]]></description>
      <Point>
        <coordinates>79.593924,14.155272,0</coordinates>
      </Point>
    </Placemark>
    <Placemark>
      <name>Point_344</name>
      <styleUrl>#soil_point</styleUrl>
      <TimeSpan>
        <begin>2025-01-01</begin>
        <end>2026-12-30</end>
      </TimeSpan>
      <description><![CDATA[
        <h3>Soil Health Card Record</h3>
        <p><b>Point ID:</b> Point_344</p>
        <p><b>Validity Period:</b> 2025-01-01 to 2026-12-30</p>
        <p><b>Nitrogen (N):</b> 201.0 kg/ha</p>
        <p><b>Phosphorus (P):</b> 9.2 mg/kg</p>
        <p><b>Potassium (K):</b> 68.3 mg/kg</p>
        <p><b>Organic Carbon (OC):</b> 0.38 %</p>
        <p><b>Coordinates:</b> 14.155178°N, 79.593935°E</p>
      ]]></description>
      <Point>
        <coordinates>79.593935,14.155178,0</coordinates>
      </Point>
    </Placemark>
    <Placemark>
      <name>Point_345</name>
      <styleUrl>#soil_point</styleUrl>
      <TimeSpan>
        <begin>2025-01-01</begin>
        <end>2026-12-30</end>
      </TimeSpan>
      <description><![CDATA[
        <h3>Soil Health Card Record</h3>
        <p><b>Point ID:</b> Point_345</p>
        <p><b>Validity Period:</b> 2025-01-01 to 2026-12-30</p>
        <p><b>Nitrogen (N):</b> 201.0 kg/ha</p>
        <p><b>Phosphorus (P):</b> 9.2 mg/kg</p>
        <p><b>Potassium (K):</b> 68.3 mg/kg</p>
        <p><b>Organic Carbon (OC):</b> 0.38 %</p>
        <p><b>Coordinates:</b> 14.155091°N, 79.593601°E</p>
      ]]></description>
      <Point>
        <coordinates>79.593601,14.155091,0</coordinates>
      </Point>
    </Placemark>
    <Placemark>
      <name>Point_346</name>
      <styleUrl>#soil_point</styleUrl>
      <TimeSpan>
        <begin>2025-01-01</begin>
        <end>2026-12-30</end>
      </TimeSpan>
      <description><![CDATA[
        <h3>Soil Health Card Record</h3>
        <p><b>Point ID:</b> Point_346</p>
        <p><b>Validity Period:</b> 2025-01-01 to 2026-12-30</p>
        <p><b>Nitrogen (N):</b> 63.0 kg/ha</p>
        <p><b>Phosphorus (P):</b> 13.8 mg/kg</p>
        <p><b>Potassium (K):</b> 86.9 mg/kg</p>
        <p><b>Organic Carbon (OC):</b> 0.2 %</p>
        <p><b>Coordinates:</b> 14.154921°N, 79.595266°E</p>
      ]]></description>
      <Point>
        <coordinates>79.595266,14.154921,0</coordinates>
      </Point>
    </Placemark>
    <Placemark>
      <name>Point_347</name>
      <styleUrl>#soil_point</styleUrl>
      <TimeSpan>
        <begin>2025-01-01</begin>
        <end>2026-12-30</end>
      </TimeSpan>
      <description><![CDATA[
        <h3>Soil Health Card Record</h3>
        <p><b>Point ID:</b> Point_347</p>
        <p><b>Validity Period:</b> 2025-01-01 to 2026-12-30</p>
        <p><b>Nitrogen (N):</b> 201.0 kg/ha</p>
        <p><b>Phosphorus (P):</b> 9.2 mg/kg</p>
        <p><b>Potassium (K):</b> 68.3 mg/kg</p>
        <p><b>Organic Carbon (OC):</b> 0.38 %</p>
        <p><b>Coordinates:</b> 14.155030°N, 79.594603°E</p>
      ]]></description>
      <Point>
        <coordinates>79.594603,14.15503,0</coordinates>
      </Point>
    </Placemark>
    <Placemark>
      <name>Point_348</name>
      <styleUrl>#soil_point</styleUrl>
      <TimeSpan>
        <begin>2025-01-01</begin>
        <end>2026-12-30</end>
      </TimeSpan>
      <description><![CDATA[
        <h3>Soil Health Card Record</h3>
        <p><b>Point ID:</b> Point_348</p>
        <p><b>Validity Period:</b> 2025-01-01 to 2026-12-30</p>
        <p><b>Nitrogen (N):</b> 63.0 kg/ha</p>
        <p><b>Phosphorus (P):</b> 11.5 mg/kg</p>
        <p><b>Potassium (K):</b> 111.7 mg/kg</p>
        <p><b>Organic Carbon (OC):</b> 0.41 %</p>
        <p><b>Coordinates:</b> 14.157769°N, 79.593414°E</p>
      ]]></description>
      <Point>
        <coordinates>79.593414,14.157769,0</coordinates>
      </Point>
    </Placemark>
    <Placemark>
      <name>Point_349</name>
      <styleUrl>#soil_point</styleUrl>
      <TimeSpan>
        <begin>2025-01-01</begin>
        <end>2026-12-30</end>
      </TimeSpan>
      <description><![CDATA[
        <h3>Soil Health Card Record</h3>
        <p><b>Point ID:</b> Point_349</p>
        <p><b>Validity Period:</b> 2025-01-01 to 2026-12-30</p>
        <p><b>Nitrogen (N):</b> 125.0 kg/ha</p>
        <p><b>Phosphorus (P):</b> 30.0 mg/kg</p>
        <p><b>Potassium (K):</b> 105.5 mg/kg</p>
        <p><b>Organic Carbon (OC):</b> 0.25 %</p>
        <p><b>Coordinates:</b> 14.153857°N, 79.593158°E</p>
      ]]></description>
      <Point>
        <coordinates>79.593158,14.153857,0</coordinates>
      </Point>
    </Placemark>
    <Placemark>
      <name>Point_350</name>
      <styleUrl>#soil_point</styleUrl>
      <TimeSpan>
        <begin>2025-01-01</begin>
        <end>2026-12-30</end>
      </TimeSpan>
      <description><![CDATA[
        <h3>Soil Health Card Record</h3>
        <p><b>Point ID:</b> Point_350</p>
        <p><b>Validity Period:</b> 2025-01-01 to 2026-12-30</p>
        <p><b>Nitrogen (N):</b> 125.0 kg/ha</p>
        <p><b>Phosphorus (P):</b> 30.0 mg/kg</p>
        <p><b>Potassium (K):</b> 105.5 mg/kg</p>
        <p><b>Organic Carbon (OC):</b> 0.25 %</p>
        <p><b>Coordinates:</b> 14.154583°N, 79.592869°E</p>
      ]]></description>
      <Point>
        <coordinates>79.592869,14.154583,0</coordinates>
      </Point>
    </Placemark>
    <Placemark>
      <name>Point_351</name>
      <styleUrl>#soil_point</styleUrl>
      <TimeSpan>
        <begin>2025-01-01</begin>
        <end>2026-12-30</end>
      </TimeSpan>
      <description><![CDATA[
        <h3>Soil Health Card Record</h3>
        <p><b>Point ID:</b> Point_351</p>
        <p><b>Validity Period:</b> 2025-01-01 to 2026-12-30</p>
        <p><b>Nitrogen (N):</b> 125.0 kg/ha</p>
        <p><b>Phosphorus (P):</b> 30.0 mg/kg</p>
        <p><b>Potassium (K):</b> 105.5 mg/kg</p>
        <p><b>Organic Carbon (OC):</b> 0.25 %</p>
        <p><b>Coordinates:</b> 14.154372°N, 79.592756°E</p>
      ]]></description>
      <Point>
        <coordinates>79.592756,14.154372,0</coordinates>
      </Point>
    </Placemark>
    <Placemark>
      <name>Point_352</name>
      <styleUrl>#soil_point</styleUrl>
      <TimeSpan>
        <begin>2025-01-01</begin>
        <end>2026-12-30</end>
      </TimeSpan>
      <description><![CDATA[
        <h3>Soil Health Card Record</h3>
        <p><b>Point ID:</b> Point_352</p>
        <p><b>Validity Period:</b> 2025-01-01 to 2026-12-30</p>
        <p><b>Nitrogen (N):</b> 151.0 kg/ha</p>
        <p><b>Phosphorus (P):</b> 3.8 mg/kg</p>
        <p><b>Potassium (K):</b> 117.9 mg/kg</p>
        <p><b>Organic Carbon (OC):</b> 0.2 %</p>
        <p><b>Coordinates:</b> 14.154323°N, 79.593045°E</p>
      ]]></description>
      <Point>
        <coordinates>79.593045,14.154323,0</coordinates>
      </Point>
    </Placemark>
    <Placemark>
      <name>Point_353</name>
      <styleUrl>#soil_point</styleUrl>
      <TimeSpan>
        <begin>2025-01-01</begin>
        <end>2026-12-30</end>
      </TimeSpan>
      <description><![CDATA[
        <h3>Soil Health Card Record</h3>
        <p><b>Point ID:</b> Point_353</p>
        <p><b>Validity Period:</b> 2025-01-01 to 2026-12-30</p>
        <p><b>Nitrogen (N):</b> 151.0 kg/ha</p>
        <p><b>Phosphorus (P):</b> 3.8 mg/kg</p>
        <p><b>Potassium (K):</b> 117.9 mg/kg</p>
        <p><b>Organic Carbon (OC):</b> 0.2 %</p>
        <p><b>Coordinates:</b> 14.154142°N, 79.593045°E</p>
      ]]></description>
      <Point>
        <coordinates>79.593045,14.154142,0</coordinates>
      </Point>
    </Placemark>
    <Placemark>
      <name>Point_354</name>
      <styleUrl>#soil_point</styleUrl>
      <TimeSpan>
        <begin>2025-01-01</begin>
        <end>2026-12-30</end>
      </TimeSpan>
      <description><![CDATA[
        <h3>Soil Health Card Record</h3>
        <p><b>Point ID:</b> Point_354</p>
        <p><b>Validity Period:</b> 2025-01-01 to 2026-12-30</p>
        <p><b>Nitrogen (N):</b> 125.0 kg/ha</p>
        <p><b>Phosphorus (P):</b> 30.0 mg/kg</p>
        <p><b>Potassium (K):</b> 105.5 mg/kg</p>
        <p><b>Organic Carbon (OC):</b> 0.25 %</p>
        <p><b>Coordinates:</b> 14.153966°N, 79.592762°E</p>
      ]]></description>
      <Point>
        <coordinates>79.592762,14.153966,0</coordinates>
      </Point>
    </Placemark>
    <Placemark>
      <name>Point_355</name>
      <styleUrl>#soil_point</styleUrl>
      <TimeSpan>
        <begin>2025-01-01</begin>
        <end>2026-12-30</end>
      </TimeSpan>
      <description><![CDATA[
        <h3>Soil Health Card Record</h3>
        <p><b>Point ID:</b> Point_355</p>
        <p><b>Validity Period:</b> 2025-01-01 to 2026-12-30</p>
        <p><b>Nitrogen (N):</b> 125.0 kg/ha</p>
        <p><b>Phosphorus (P):</b> 30.0 mg/kg</p>
        <p><b>Potassium (K):</b> 105.5 mg/kg</p>
        <p><b>Organic Carbon (OC):</b> 0.25 %</p>
        <p><b>Coordinates:</b> 14.153873°N, 79.593130°E</p>
      ]]></description>
      <Point>
        <coordinates>79.59313,14.153873,0</coordinates>
      </Point>
    </Placemark>
    <Placemark>
      <name>Point_356</name>
      <styleUrl>#soil_point</styleUrl>
      <TimeSpan>
        <begin>2025-01-01</begin>
        <end>2026-12-30</end>
      </TimeSpan>
      <description><![CDATA[
        <h3>Soil Health Card Record</h3>
        <p><b>Point ID:</b> Point_356</p>
        <p><b>Validity Period:</b> 2025-01-01 to 2026-12-30</p>
        <p><b>Nitrogen (N):</b> 201.0 kg/ha</p>
        <p><b>Phosphorus (P):</b> 9.2 mg/kg</p>
        <p><b>Potassium (K):</b> 68.3 mg/kg</p>
        <p><b>Organic Carbon (OC):</b> 0.38 %</p>
        <p><b>Coordinates:</b> 14.155245°N, 79.594200°E</p>
      ]]></description>
      <Point>
        <coordinates>79.5942,14.155245,0</coordinates>
      </Point>
    </Placemark>
    <Placemark>
      <name>Point_357</name>
      <styleUrl>#soil_point</styleUrl>
      <TimeSpan>
        <begin>2025-01-01</begin>
        <end>2026-12-30</end>
      </TimeSpan>
      <description><![CDATA[
        <h3>Soil Health Card Record</h3>
        <p><b>Point ID:</b> Point_357</p>
        <p><b>Validity Period:</b> 2025-01-01 to 2026-12-30</p>
        <p><b>Nitrogen (N):</b> 113.0 kg/ha</p>
        <p><b>Phosphorus (P):</b> 5.9 mg/kg</p>
        <p><b>Potassium (K):</b> 35.1 mg/kg</p>
        <p><b>Organic Carbon (OC):</b> 0.97 %</p>
        <p><b>Coordinates:</b> 15.196752°N, 80.017182°E</p>
      ]]></description>
      <Point>
        <coordinates>80.017182,15.196752,0</coordinates>
      </Point>
    </Placemark>
    <Placemark>
      <name>Point_358</name>
      <styleUrl>#soil_point</styleUrl>
      <TimeSpan>
        <begin>2025-01-01</begin>
        <end>2026-12-30</end>
      </TimeSpan>
      <description><![CDATA[
        <h3>Soil Health Card Record</h3>
        <p><b>Point ID:</b> Point_358</p>
        <p><b>Validity Period:</b> 2025-01-01 to 2026-12-30</p>
        <p><b>Nitrogen (N):</b> 50.0 kg/ha</p>
        <p><b>Phosphorus (P):</b> 18.2 mg/kg</p>
        <p><b>Potassium (K):</b> 21.1 mg/kg</p>
        <p><b>Organic Carbon (OC):</b> 0.39 %</p>
        <p><b>Coordinates:</b> 15.199102°N, 80.024830°E</p>
      ]]></description>
      <Point>
        <coordinates>80.02483,15.199102,0</coordinates>
      </Point>
    </Placemark>
    <Placemark>
      <name>Point_359</name>
      <styleUrl>#soil_point</styleUrl>
      <TimeSpan>
        <begin>2025-01-01</begin>
        <end>2026-12-30</end>
      </TimeSpan>
      <description><![CDATA[
        <h3>Soil Health Card Record</h3>
        <p><b>Point ID:</b> Point_359</p>
        <p><b>Validity Period:</b> 2025-01-01 to 2026-12-30</p>
        <p><b>Nitrogen (N):</b> 213.0 kg/ha</p>
        <p><b>Phosphorus (P):</b> 45.2 mg/kg</p>
        <p><b>Potassium (K):</b> 42.1 mg/kg</p>
        <p><b>Organic Carbon (OC):</b> 0.34 %</p>
        <p><b>Coordinates:</b> 15.195822°N, 80.031415°E</p>
      ]]></description>
      <Point>
        <coordinates>80.031415,15.195822,0</coordinates>
      </Point>
    </Placemark>
    <Placemark>
      <name>Point_360</name>
      <styleUrl>#soil_point</styleUrl>
      <TimeSpan>
        <begin>2025-01-01</begin>
        <end>2026-12-30</end>
      </TimeSpan>
      <description><![CDATA[
        <h3>Soil Health Card Record</h3>
        <p><b>Point ID:</b> Point_360</p>
        <p><b>Validity Period:</b> 2025-01-01 to 2026-12-30</p>
        <p><b>Nitrogen (N):</b> 163.0 kg/ha</p>
        <p><b>Phosphorus (P):</b> 24.7 mg/kg</p>
        <p><b>Potassium (K):</b> 21.1 mg/kg</p>
        <p><b>Organic Carbon (OC):</b> 0.89 %</p>
        <p><b>Coordinates:</b> 15.189469°N, 80.048835°E</p>
      ]]></description>
      <Point>
        <coordinates>80.048835,15.189469,0</coordinates>
      </Point>
    </Placemark>
    <Placemark>
      <name>Point_361</name>
      <styleUrl>#soil_point</styleUrl>
      <TimeSpan>
        <begin>2025-01-01</begin>
        <end>2026-12-30</end>
      </TimeSpan>
      <description><![CDATA[
        <h3>Soil Health Card Record</h3>
        <p><b>Point ID:</b> Point_361</p>
        <p><b>Validity Period:</b> 2025-01-01 to 2026-12-30</p>
        <p><b>Nitrogen (N):</b> 151.0 kg/ha</p>
        <p><b>Phosphorus (P):</b> 4.1 mg/kg</p>
        <p><b>Potassium (K):</b> 28.1 mg/kg</p>
        <p><b>Organic Carbon (OC):</b> 0.79 %</p>
        <p><b>Coordinates:</b> 15.187829°N, 80.053084°E</p>
      ]]></description>
      <Point>
        <coordinates>80.053084,15.187829,0</coordinates>
      </Point>
    </Placemark>
    <Placemark>
      <name>Point_362</name>
      <styleUrl>#soil_point</styleUrl>
      <TimeSpan>
        <begin>2025-01-01</begin>
        <end>2026-12-30</end>
      </TimeSpan>
      <description><![CDATA[
        <h3>Soil Health Card Record</h3>
        <p><b>Point ID:</b> Point_362</p>
        <p><b>Validity Period:</b> 2025-01-01 to 2026-12-30</p>
        <p><b>Nitrogen (N):</b> 238.0 kg/ha</p>
        <p><b>Phosphorus (P):</b> 31.13 mg/kg</p>
        <p><b>Potassium (K):</b> 63.2 mg/kg</p>
        <p><b>Organic Carbon (OC):</b> 0.89 %</p>
        <p><b>Coordinates:</b> 15.189469°N, 80.035239°E</p>
      ]]></description>
      <Point>
        <coordinates>80.035239,15.189469,0</coordinates>
      </Point>
    </Placemark>
    <Placemark>
      <name>Point_363</name>
      <styleUrl>#soil_point</styleUrl>
      <TimeSpan>
        <begin>2025-01-01</begin>
        <end>2026-12-30</end>
      </TimeSpan>
      <description><![CDATA[
        <h3>Soil Health Card Record</h3>
        <p><b>Point ID:</b> Point_363</p>
        <p><b>Validity Period:</b> 2025-01-01 to 2026-12-30</p>
        <p><b>Nitrogen (N):</b> 401.0 kg/ha</p>
        <p><b>Phosphorus (P):</b> 36.42 mg/kg</p>
        <p><b>Potassium (K):</b> 49.2 mg/kg</p>
        <p><b>Organic Carbon (OC):</b> 0.78 %</p>
        <p><b>Coordinates:</b> 15.183525°N, 80.062219°E</p>
      ]]></description>
      <Point>
        <coordinates>80.062219,15.183525,0</coordinates>
      </Point>
    </Placemark>
    <Placemark>
      <name>Point_364</name>
      <styleUrl>#soil_point</styleUrl>
      <TimeSpan>
        <begin>2025-01-01</begin>
        <end>2026-12-30</end>
      </TimeSpan>
      <description><![CDATA[
        <h3>Soil Health Card Record</h3>
        <p><b>Point ID:</b> Point_364</p>
        <p><b>Validity Period:</b> 2025-01-01 to 2026-12-30</p>
        <p><b>Nitrogen (N):</b> 263.0 kg/ha</p>
        <p><b>Phosphorus (P):</b> 14.7 mg/kg</p>
        <p><b>Potassium (K):</b> 28.1 mg/kg</p>
        <p><b>Organic Carbon (OC):</b> 0.52 %</p>
        <p><b>Coordinates:</b> 15.179835°N, 80.070079°E</p>
      ]]></description>
      <Point>
        <coordinates>80.070079,15.179835,0</coordinates>
      </Point>
    </Placemark>
    <Placemark>
      <name>Point_365</name>
      <styleUrl>#soil_point</styleUrl>
      <TimeSpan>
        <begin>2025-01-01</begin>
        <end>2026-12-30</end>
      </TimeSpan>
      <description><![CDATA[
        <h3>Soil Health Card Record</h3>
        <p><b>Point ID:</b> Point_365</p>
        <p><b>Validity Period:</b> 2025-01-01 to 2026-12-30</p>
        <p><b>Nitrogen (N):</b> 201.0 kg/ha</p>
        <p><b>Phosphorus (P):</b> 10.0 mg/kg</p>
        <p><b>Potassium (K):</b> 49.2 mg/kg</p>
        <p><b>Organic Carbon (OC):</b> 0.53 %</p>
        <p><b>Coordinates:</b> 15.168356°N, 80.062856°E</p>
      ]]></description>
      <Point>
        <coordinates>80.062856,15.168356,0</coordinates>
      </Point>
    </Placemark>
    <Placemark>
      <name>Point_366</name>
      <styleUrl>#soil_point</styleUrl>
      <TimeSpan>
        <begin>2025-01-01</begin>
        <end>2026-12-30</end>
      </TimeSpan>
      <description><![CDATA[
        <h3>Soil Health Card Record</h3>
        <p><b>Point ID:</b> Point_366</p>
        <p><b>Validity Period:</b> 2025-01-01 to 2026-12-30</p>
        <p><b>Nitrogen (N):</b> 214.0 kg/ha</p>
        <p><b>Phosphorus (P):</b> 13.5 mg/kg</p>
        <p><b>Potassium (K):</b> 42.1 mg/kg</p>
        <p><b>Organic Carbon (OC):</b> 0.47 %</p>
        <p><b>Coordinates:</b> 15.192879°N, 80.036543°E</p>
      ]]></description>
      <Point>
        <coordinates>80.036543,15.192879,0</coordinates>
      </Point>
    </Placemark>
    <Placemark>
      <name>Point_367</name>
      <styleUrl>#soil_point</styleUrl>
      <TimeSpan>
        <begin>2025-01-01</begin>
        <end>2026-12-30</end>
      </TimeSpan>
      <description><![CDATA[
        <h3>Soil Health Card Record</h3>
        <p><b>Point ID:</b> Point_367</p>
        <p><b>Validity Period:</b> 2025-01-01 to 2026-12-30</p>
        <p><b>Nitrogen (N):</b> 88.0 kg/ha</p>
        <p><b>Phosphorus (P):</b> 11.2 mg/kg</p>
        <p><b>Potassium (K):</b> 42.1 mg/kg</p>
        <p><b>Organic Carbon (OC):</b> 0.27 %</p>
        <p><b>Coordinates:</b> 15.191632°N, 80.036484°E</p>
      ]]></description>
      <Point>
        <coordinates>80.036484,15.191632,0</coordinates>
      </Point>
    </Placemark>
    <Placemark>
      <name>Point_368</name>
      <styleUrl>#soil_point</styleUrl>
      <TimeSpan>
        <begin>2025-01-01</begin>
        <end>2026-12-30</end>
      </TimeSpan>
      <description><![CDATA[
        <h3>Soil Health Card Record</h3>
        <p><b>Point ID:</b> Point_368</p>
        <p><b>Validity Period:</b> 2025-01-01 to 2026-12-30</p>
        <p><b>Nitrogen (N):</b> 238.0 kg/ha</p>
        <p><b>Phosphorus (P):</b> 31.13 mg/kg</p>
        <p><b>Potassium (K):</b> 63.2 mg/kg</p>
        <p><b>Organic Carbon (OC):</b> 0.89 %</p>
        <p><b>Coordinates:</b> 15.189647°N, 80.034251°E</p>
      ]]></description>
      <Point>
        <coordinates>80.034251,15.189647,0</coordinates>
      </Point>
    </Placemark>
    <Placemark>
      <name>Point_369</name>
      <styleUrl>#soil_point</styleUrl>
      <TimeSpan>
        <begin>2025-01-01</begin>
        <end>2026-12-30</end>
      </TimeSpan>
      <description><![CDATA[
        <h3>Soil Health Card Record</h3>
        <p><b>Point ID:</b> Point_369</p>
        <p><b>Validity Period:</b> 2025-01-01 to 2026-12-30</p>
        <p><b>Nitrogen (N):</b> 401.0 kg/ha</p>
        <p><b>Phosphorus (P):</b> 11.2 mg/kg</p>
        <p><b>Potassium (K):</b> 56.2 mg/kg</p>
        <p><b>Organic Carbon (OC):</b> 0.43 %</p>
        <p><b>Coordinates:</b> 15.186415°N, 80.032723°E</p>
      ]]></description>
      <Point>
        <coordinates>80.032723,15.186415,0</coordinates>
      </Point>
    </Placemark>
    <Placemark>
      <name>Point_370</name>
      <styleUrl>#soil_point</styleUrl>
      <TimeSpan>
        <begin>2025-01-01</begin>
        <end>2026-12-30</end>
      </TimeSpan>
      <description><![CDATA[
        <h3>Soil Health Card Record</h3>
        <p><b>Point ID:</b> Point_370</p>
        <p><b>Validity Period:</b> 2025-01-01 to 2026-12-30</p>
        <p><b>Nitrogen (N):</b> 88.0 kg/ha</p>
        <p><b>Phosphorus (P):</b> 10.0 mg/kg</p>
        <p><b>Potassium (K):</b> 35.1 mg/kg</p>
        <p><b>Organic Carbon (OC):</b> 0.52 %</p>
        <p><b>Coordinates:</b> 15.182219°N, 80.032077°E</p>
      ]]></description>
      <Point>
        <coordinates>80.032077,15.182219,0</coordinates>
      </Point>
    </Placemark>
    <Placemark>
      <name>Point_371</name>
      <styleUrl>#soil_point</styleUrl>
      <TimeSpan>
        <begin>2025-01-01</begin>
        <end>2026-12-30</end>
      </TimeSpan>
      <description><![CDATA[
        <h3>Soil Health Card Record</h3>
        <p><b>Point ID:</b> Point_371</p>
        <p><b>Validity Period:</b> 2025-01-01 to 2026-12-30</p>
        <p><b>Nitrogen (N):</b> 339.0 kg/ha</p>
        <p><b>Phosphorus (P):</b> 7.0 mg/kg</p>
        <p><b>Potassium (K):</b> 38.1 mg/kg</p>
        <p><b>Organic Carbon (OC):</b> 0.98 %</p>
        <p><b>Coordinates:</b> 15.181879°N, 80.035074°E</p>
      ]]></description>
      <Point>
        <coordinates>80.035074,15.181879,0</coordinates>
      </Point>
    </Placemark>
    <Placemark>
      <name>Point_372</name>
      <styleUrl>#soil_point</styleUrl>
      <TimeSpan>
        <begin>2025-01-01</begin>
        <end>2026-12-30</end>
      </TimeSpan>
      <description><![CDATA[
        <h3>Soil Health Card Record</h3>
        <p><b>Point ID:</b> Point_372</p>
        <p><b>Validity Period:</b> 2025-01-01 to 2026-12-30</p>
        <p><b>Nitrogen (N):</b> 151.0 kg/ha</p>
        <p><b>Phosphorus (P):</b> 34.07 mg/kg</p>
        <p><b>Potassium (K):</b> 49.2 mg/kg</p>
        <p><b>Organic Carbon (OC):</b> 0.34 %</p>
        <p><b>Coordinates:</b> 15.180574°N, 80.037484°E</p>
      ]]></description>
      <Point>
        <coordinates>80.037484,15.180574,0</coordinates>
      </Point>
    </Placemark>
    <Placemark>
      <name>Point_373</name>
      <styleUrl>#soil_point</styleUrl>
      <TimeSpan>
        <begin>2025-01-01</begin>
        <end>2026-12-30</end>
      </TimeSpan>
      <description><![CDATA[
        <h3>Soil Health Card Record</h3>
        <p><b>Point ID:</b> Point_373</p>
        <p><b>Validity Period:</b> 2025-01-01 to 2026-12-30</p>
        <p><b>Nitrogen (N):</b> 188.0 kg/ha</p>
        <p><b>Phosphorus (P):</b> 4.1 mg/kg</p>
        <p><b>Potassium (K):</b> 35.1 mg/kg</p>
        <p><b>Organic Carbon (OC):</b> 0.43 %</p>
        <p><b>Coordinates:</b> 15.179610°N, 80.033663°E</p>
      ]]></description>
      <Point>
        <coordinates>80.033663,15.17961,0</coordinates>
      </Point>
    </Placemark>
    <Placemark>
      <name>Point_374</name>
      <styleUrl>#soil_point</styleUrl>
      <TimeSpan>
        <begin>2025-01-01</begin>
        <end>2026-12-30</end>
      </TimeSpan>
      <description><![CDATA[
        <h3>Soil Health Card Record</h3>
        <p><b>Point ID:</b> Point_374</p>
        <p><b>Validity Period:</b> 2025-01-01 to 2026-12-30</p>
        <p><b>Nitrogen (N):</b> 213.0 kg/ha</p>
        <p><b>Phosphorus (P):</b> 15.9 mg/kg</p>
        <p><b>Potassium (K):</b> 35.1 mg/kg</p>
        <p><b>Organic Carbon (OC):</b> 0.3 %</p>
        <p><b>Coordinates:</b> 15.178760°N, 80.030607°E</p>
      ]]></description>
      <Point>
        <coordinates>80.030607,15.17876,0</coordinates>
      </Point>
    </Placemark>
    <Placemark>
      <name>Point_375</name>
      <styleUrl>#soil_point</styleUrl>
      <TimeSpan>
        <begin>2025-01-01</begin>
        <end>2026-12-30</end>
      </TimeSpan>
      <description><![CDATA[
        <h3>Soil Health Card Record</h3>
        <p><b>Point ID:</b> Point_375</p>
        <p><b>Validity Period:</b> 2025-01-01 to 2026-12-30</p>
        <p><b>Nitrogen (N):</b> 163.0 kg/ha</p>
        <p><b>Phosphorus (P):</b> 20.0 mg/kg</p>
        <p><b>Potassium (K):</b> 35.1 mg/kg</p>
        <p><b>Organic Carbon (OC):</b> 0.26 %</p>
        <p><b>Coordinates:</b> 15.177909°N, 80.024613°E</p>
      ]]></description>
      <Point>
        <coordinates>80.024613,15.177909,0</coordinates>
      </Point>
    </Placemark>
    <Placemark>
      <name>Point_376</name>
      <styleUrl>#soil_point</styleUrl>
      <TimeSpan>
        <begin>2025-01-01</begin>
        <end>2026-12-30</end>
      </TimeSpan>
      <description><![CDATA[
        <h3>Soil Health Card Record</h3>
        <p><b>Point ID:</b> Point_376</p>
        <p><b>Validity Period:</b> 2025-01-01 to 2026-12-30</p>
        <p><b>Nitrogen (N):</b> 138.0 kg/ha</p>
        <p><b>Phosphorus (P):</b> 11.2 mg/kg</p>
        <p><b>Potassium (K):</b> 49.2 mg/kg</p>
        <p><b>Organic Carbon (OC):</b> 0.41 %</p>
        <p><b>Coordinates:</b> 15.177796°N, 80.021909°E</p>
      ]]></description>
      <Point>
        <coordinates>80.021909,15.177796,0</coordinates>
      </Point>
    </Placemark>
    <Placemark>
      <name>Point_377</name>
      <styleUrl>#soil_point</styleUrl>
      <TimeSpan>
        <begin>2025-01-01</begin>
        <end>2026-12-30</end>
      </TimeSpan>
      <description><![CDATA[
        <h3>Soil Health Card Record</h3>
        <p><b>Point ID:</b> Point_377</p>
        <p><b>Validity Period:</b> 2025-01-01 to 2026-12-30</p>
        <p><b>Nitrogen (N):</b> 113.0 kg/ha</p>
        <p><b>Phosphorus (P):</b> 45.2 mg/kg</p>
        <p><b>Potassium (K):</b> 49.2 mg/kg</p>
        <p><b>Organic Carbon (OC):</b> 0.36 %</p>
        <p><b>Coordinates:</b> 15.173373°N, 80.015738°E</p>
      ]]></description>
      <Point>
        <coordinates>80.015738,15.173373,0</coordinates>
      </Point>
    </Placemark>
    <Placemark>
      <name>Point_378</name>
      <styleUrl>#soil_point</styleUrl>
      <TimeSpan>
        <begin>2025-01-01</begin>
        <end>2026-12-30</end>
      </TimeSpan>
      <description><![CDATA[
        <h3>Soil Health Card Record</h3>
        <p><b>Point ID:</b> Point_378</p>
        <p><b>Validity Period:</b> 2025-01-01 to 2026-12-30</p>
        <p><b>Nitrogen (N):</b> 301.0 kg/ha</p>
        <p><b>Phosphorus (P):</b> 15.9 mg/kg</p>
        <p><b>Potassium (K):</b> 49.2 mg/kg</p>
        <p><b>Organic Carbon (OC):</b> 0.46 %</p>
        <p><b>Coordinates:</b> 15.143821°N, 80.005442°E</p>
      ]]></description>
      <Point>
        <coordinates>80.005442,15.143821,0</coordinates>
      </Point>
    </Placemark>
    <Placemark>
      <name>Point_379</name>
      <styleUrl>#soil_point</styleUrl>
      <TimeSpan>
        <begin>2025-01-01</begin>
        <end>2026-12-30</end>
      </TimeSpan>
      <description><![CDATA[
        <h3>Soil Health Card Record</h3>
        <p><b>Point ID:</b> Point_379</p>
        <p><b>Validity Period:</b> 2025-01-01 to 2026-12-30</p>
        <p><b>Nitrogen (N):</b> 63.0 kg/ha</p>
        <p><b>Phosphorus (P):</b> 13.1 mg/kg</p>
        <p><b>Potassium (K):</b> 49.7 mg/kg</p>
        <p><b>Organic Carbon (OC):</b> 0.3 %</p>
        <p><b>Coordinates:</b> 14.917555°N, 79.587977°E</p>
      ]]></description>
      <Point>
        <coordinates>79.587977,14.917555,0</coordinates>
      </Point>
    </Placemark>
    <Placemark>
      <name>Point_380</name>
      <styleUrl>#soil_point</styleUrl>
      <TimeSpan>
        <begin>2025-01-01</begin>
        <end>2026-12-30</end>
      </TimeSpan>
      <description><![CDATA[
        <h3>Soil Health Card Record</h3>
        <p><b>Point ID:</b> Point_380</p>
        <p><b>Validity Period:</b> 2025-01-01 to 2026-12-30</p>
        <p><b>Nitrogen (N):</b> 50.0 kg/ha</p>
        <p><b>Phosphorus (P):</b> 9.2 mg/kg</p>
        <p><b>Potassium (K):</b> 86.9 mg/kg</p>
        <p><b>Organic Carbon (OC):</b> 0.38 %</p>
        <p><b>Coordinates:</b> 14.916373°N, 79.587395°E</p>
      ]]></description>
      <Point>
        <coordinates>79.587395,14.916373,0</coordinates>
      </Point>
    </Placemark>
    <Placemark>
      <name>Point_381</name>
      <styleUrl>#soil_point</styleUrl>
      <TimeSpan>
        <begin>2025-01-01</begin>
        <end>2026-12-30</end>
      </TimeSpan>
      <description><![CDATA[
        <h3>Soil Health Card Record</h3>
        <p><b>Point ID:</b> Point_381</p>
        <p><b>Validity Period:</b> 2025-01-01 to 2026-12-30</p>
        <p><b>Nitrogen (N):</b> 100.0 kg/ha</p>
        <p><b>Phosphorus (P):</b> 6.9 mg/kg</p>
        <p><b>Potassium (K):</b> 434.0 mg/kg</p>
        <p><b>Organic Carbon (OC):</b> 0.15 %</p>
        <p><b>Coordinates:</b> 14.944903°N, 80.038315°E</p>
      ]]></description>
      <Point>
        <coordinates>80.038315,14.944903,0</coordinates>
      </Point>
    </Placemark>
    <Placemark>
      <name>Point_382</name>
      <styleUrl>#soil_point</styleUrl>
      <TimeSpan>
        <begin>2025-01-01</begin>
        <end>2026-12-30</end>
      </TimeSpan>
      <description><![CDATA[
        <h3>Soil Health Card Record</h3>
        <p><b>Point ID:</b> Point_382</p>
        <p><b>Validity Period:</b> 2025-01-01 to 2026-12-30</p>
        <p><b>Nitrogen (N):</b> 100.0 kg/ha</p>
        <p><b>Phosphorus (P):</b> 60.5 mg/kg</p>
        <p><b>Potassium (K):</b> 89.6 mg/kg</p>
        <p><b>Organic Carbon (OC):</b> 0.94 %</p>
        <p><b>Coordinates:</b> 14.919820°N, 79.815684°E</p>
      ]]></description>
      <Point>
        <coordinates>79.815684,14.91982,0</coordinates>
      </Point>
    </Placemark>
    <Placemark>
      <name>Point_383</name>
      <styleUrl>#soil_point</styleUrl>
      <TimeSpan>
        <begin>2025-01-01</begin>
        <end>2026-12-30</end>
      </TimeSpan>
      <description><![CDATA[
        <h3>Soil Health Card Record</h3>
        <p><b>Point ID:</b> Point_383</p>
        <p><b>Validity Period:</b> 2025-01-01 to 2026-12-30</p>
        <p><b>Nitrogen (N):</b> 276.0 kg/ha</p>
        <p><b>Phosphorus (P):</b> 1.8 mg/kg</p>
        <p><b>Potassium (K):</b> 28.1 mg/kg</p>
        <p><b>Organic Carbon (OC):</b> 0.14 %</p>
        <p><b>Coordinates:</b> 15.170278°N, 80.005474°E</p>
      ]]></description>
      <Point>
        <coordinates>80.005474,15.170278,0</coordinates>
      </Point>
    </Placemark>
    <Placemark>
      <name>Point_384</name>
      <styleUrl>#soil_point</styleUrl>
      <TimeSpan>
        <begin>2025-01-01</begin>
        <end>2026-12-30</end>
      </TimeSpan>
      <description><![CDATA[
        <h3>Soil Health Card Record</h3>
        <p><b>Point ID:</b> Point_384</p>
        <p><b>Validity Period:</b> 2025-01-01 to 2026-12-30</p>
        <p><b>Nitrogen (N):</b> 276.0 kg/ha</p>
        <p><b>Phosphorus (P):</b> 1.8 mg/kg</p>
        <p><b>Potassium (K):</b> 28.1 mg/kg</p>
        <p><b>Organic Carbon (OC):</b> 0.14 %</p>
        <p><b>Coordinates:</b> 15.170125°N, 80.005806°E</p>
      ]]></description>
      <Point>
        <coordinates>80.005806,15.170125,0</coordinates>
      </Point>
    </Placemark>
    <Placemark>
      <name>Point_385</name>
      <styleUrl>#soil_point</styleUrl>
      <TimeSpan>
        <begin>2025-01-01</begin>
        <end>2026-12-30</end>
      </TimeSpan>
      <description><![CDATA[
        <h3>Soil Health Card Record</h3>
        <p><b>Point ID:</b> Point_385</p>
        <p><b>Validity Period:</b> 2025-01-01 to 2026-12-30</p>
        <p><b>Nitrogen (N):</b> 276.0 kg/ha</p>
        <p><b>Phosphorus (P):</b> 1.8 mg/kg</p>
        <p><b>Potassium (K):</b> 28.1 mg/kg</p>
        <p><b>Organic Carbon (OC):</b> 0.14 %</p>
        <p><b>Coordinates:</b> 15.170049°N, 80.005490°E</p>
      ]]></description>
      <Point>
        <coordinates>80.00549,15.170049,0</coordinates>
      </Point>
    </Placemark>
    <Placemark>
      <name>Point_386</name>
      <styleUrl>#soil_point</styleUrl>
      <TimeSpan>
        <begin>2025-01-01</begin>
        <end>2026-12-30</end>
      </TimeSpan>
      <description><![CDATA[
        <h3>Soil Health Card Record</h3>
        <p><b>Point ID:</b> Point_386</p>
        <p><b>Validity Period:</b> 2025-01-01 to 2026-12-30</p>
        <p><b>Nitrogen (N):</b> 276.0 kg/ha</p>
        <p><b>Phosphorus (P):</b> 1.8 mg/kg</p>
        <p><b>Potassium (K):</b> 28.1 mg/kg</p>
        <p><b>Organic Carbon (OC):</b> 0.14 %</p>
        <p><b>Coordinates:</b> 15.169820°N, 80.005490°E</p>
      ]]></description>
      <Point>
        <coordinates>80.00549,15.16982,0</coordinates>
      </Point>
    </Placemark>
    <Placemark>
      <name>Point_387</name>
      <styleUrl>#soil_point</styleUrl>
      <TimeSpan>
        <begin>2025-01-01</begin>
        <end>2026-12-30</end>
      </TimeSpan>
      <description><![CDATA[
        <h3>Soil Health Card Record</h3>
        <p><b>Point ID:</b> Point_387</p>
        <p><b>Validity Period:</b> 2025-01-01 to 2026-12-30</p>
        <p><b>Nitrogen (N):</b> 276.0 kg/ha</p>
        <p><b>Phosphorus (P):</b> 1.8 mg/kg</p>
        <p><b>Potassium (K):</b> 28.1 mg/kg</p>
        <p><b>Organic Carbon (OC):</b> 0.14 %</p>
        <p><b>Coordinates:</b> 15.169774°N, 80.004984°E</p>
      ]]></description>
      <Point>
        <coordinates>80.004984,15.169774,0</coordinates>
      </Point>
    </Placemark>
    <Placemark>
      <name>Point_388</name>
      <styleUrl>#soil_point</styleUrl>
      <TimeSpan>
        <begin>2025-01-01</begin>
        <end>2026-12-30</end>
      </TimeSpan>
      <description><![CDATA[
        <h3>Soil Health Card Record</h3>
        <p><b>Point ID:</b> Point_388</p>
        <p><b>Validity Period:</b> 2025-01-01 to 2026-12-30</p>
        <p><b>Nitrogen (N):</b> 238.0 kg/ha</p>
        <p><b>Phosphorus (P):</b> 57.6 mg/kg</p>
        <p><b>Potassium (K):</b> 117.9 mg/kg</p>
        <p><b>Organic Carbon (OC):</b> 0.03 %</p>
        <p><b>Coordinates:</b> 14.532324°N, 80.113491°E</p>
      ]]></description>
      <Point>
        <coordinates>80.113491,14.532324,0</coordinates>
      </Point>
    </Placemark>
    <Placemark>
      <name>Point_389</name>
      <styleUrl>#soil_point</styleUrl>
      <TimeSpan>
        <begin>2025-01-01</begin>
        <end>2026-12-30</end>
      </TimeSpan>
      <description><![CDATA[
        <h3>Soil Health Card Record</h3>
        <p><b>Point ID:</b> Point_389</p>
        <p><b>Validity Period:</b> 2025-01-01 to 2026-12-30</p>
        <p><b>Nitrogen (N):</b> 213.0 kg/ha</p>
        <p><b>Phosphorus (P):</b> 16.1 mg/kg</p>
        <p><b>Potassium (K):</b> 173.8 mg/kg</p>
        <p><b>Organic Carbon (OC):</b> 0.19 %</p>
        <p><b>Coordinates:</b> 14.531629°N, 80.114266°E</p>
      ]]></description>
      <Point>
        <coordinates>80.114266,14.531629,0</coordinates>
      </Point>
    </Placemark>
    <Placemark>
      <name>Point_390</name>
      <styleUrl>#soil_point</styleUrl>
      <TimeSpan>
        <begin>2025-01-01</begin>
        <end>2026-12-30</end>
      </TimeSpan>
      <description><![CDATA[
        <h3>Soil Health Card Record</h3>
        <p><b>Point ID:</b> Point_390</p>
        <p><b>Validity Period:</b> 2025-01-01 to 2026-12-30</p>
        <p><b>Nitrogen (N):</b> 213.0 kg/ha</p>
        <p><b>Phosphorus (P):</b> 16.1 mg/kg</p>
        <p><b>Potassium (K):</b> 173.8 mg/kg</p>
        <p><b>Organic Carbon (OC):</b> 0.19 %</p>
        <p><b>Coordinates:</b> 14.531407°N, 80.114295°E</p>
      ]]></description>
      <Point>
        <coordinates>80.114295,14.531407,0</coordinates>
      </Point>
    </Placemark>
    <Placemark>
      <name>Point_391</name>
      <styleUrl>#soil_point</styleUrl>
      <TimeSpan>
        <begin>2025-01-01</begin>
        <end>2026-12-30</end>
      </TimeSpan>
      <description><![CDATA[
        <h3>Soil Health Card Record</h3>
        <p><b>Point ID:</b> Point_391</p>
        <p><b>Validity Period:</b> 2025-01-01 to 2026-12-30</p>
        <p><b>Nitrogen (N):</b> 213.0 kg/ha</p>
        <p><b>Phosphorus (P):</b> 16.1 mg/kg</p>
        <p><b>Potassium (K):</b> 173.8 mg/kg</p>
        <p><b>Organic Carbon (OC):</b> 0.19 %</p>
        <p><b>Coordinates:</b> 14.532439°N, 80.114495°E</p>
      ]]></description>
      <Point>
        <coordinates>80.114495,14.532439,0</coordinates>
      </Point>
    </Placemark>
    <Placemark>
      <name>Point_392</name>
      <styleUrl>#soil_point</styleUrl>
      <TimeSpan>
        <begin>2025-01-01</begin>
        <end>2026-12-30</end>
      </TimeSpan>
      <description><![CDATA[
        <h3>Soil Health Card Record</h3>
        <p><b>Point ID:</b> Point_392</p>
        <p><b>Validity Period:</b> 2025-01-01 to 2026-12-30</p>
        <p><b>Nitrogen (N):</b> 213.0 kg/ha</p>
        <p><b>Phosphorus (P):</b> 16.1 mg/kg</p>
        <p><b>Potassium (K):</b> 173.8 mg/kg</p>
        <p><b>Organic Carbon (OC):</b> 0.19 %</p>
        <p><b>Coordinates:</b> 14.532326°N, 80.114519°E</p>
      ]]></description>
      <Point>
        <coordinates>80.114519,14.532326,0</coordinates>
      </Point>
    </Placemark>
    <Placemark>
      <name>Point_393</name>
      <styleUrl>#soil_point</styleUrl>
      <TimeSpan>
        <begin>2025-01-01</begin>
        <end>2026-12-30</end>
      </TimeSpan>
      <description><![CDATA[
        <h3>Soil Health Card Record</h3>
        <p><b>Point ID:</b> Point_393</p>
        <p><b>Validity Period:</b> 2025-01-01 to 2026-12-30</p>
        <p><b>Nitrogen (N):</b> 226.0 kg/ha</p>
        <p><b>Phosphorus (P):</b> 4.6 mg/kg</p>
        <p><b>Potassium (K):</b> 621.0 mg/kg</p>
        <p><b>Organic Carbon (OC):</b> 0.1 %</p>
        <p><b>Coordinates:</b> 14.944241°N, 79.907596°E</p>
      ]]></description>
      <Point>
        <coordinates>79.907596,14.944241,0</coordinates>
      </Point>
    </Placemark>
    <Placemark>
      <name>Point_394</name>
      <styleUrl>#soil_point</styleUrl>
      <TimeSpan>
        <begin>2025-01-01</begin>
        <end>2026-12-30</end>
      </TimeSpan>
      <description><![CDATA[
        <h3>Soil Health Card Record</h3>
        <p><b>Point ID:</b> Point_394</p>
        <p><b>Validity Period:</b> 2025-01-01 to 2026-12-30</p>
        <p><b>Nitrogen (N):</b> 188.0 kg/ha</p>
        <p><b>Phosphorus (P):</b> 15.4 mg/kg</p>
        <p><b>Potassium (K):</b> 341.4 mg/kg</p>
        <p><b>Organic Carbon (OC):</b> 0.23 %</p>
        <p><b>Coordinates:</b> 14.173949°N, 79.553736°E</p>
      ]]></description>
      <Point>
        <coordinates>79.553736,14.173949,0</coordinates>
      </Point>
    </Placemark>
    <Placemark>
      <name>Point_395</name>
      <styleUrl>#soil_point</styleUrl>
      <TimeSpan>
        <begin>2025-01-01</begin>
        <end>2026-12-30</end>
      </TimeSpan>
      <description><![CDATA[
        <h3>Soil Health Card Record</h3>
        <p><b>Point ID:</b> Point_395</p>
        <p><b>Validity Period:</b> 2025-01-01 to 2026-12-30</p>
        <p><b>Nitrogen (N):</b> 188.0 kg/ha</p>
        <p><b>Phosphorus (P):</b> 15.4 mg/kg</p>
        <p><b>Potassium (K):</b> 341.4 mg/kg</p>
        <p><b>Organic Carbon (OC):</b> 0.23 %</p>
        <p><b>Coordinates:</b> 14.173948°N, 79.553757°E</p>
      ]]></description>
      <Point>
        <coordinates>79.553757,14.173948,0</coordinates>
      </Point>
    </Placemark>
    <Placemark>
      <name>Point_396</name>
      <styleUrl>#soil_point</styleUrl>
      <TimeSpan>
        <begin>2025-01-01</begin>
        <end>2026-12-30</end>
      </TimeSpan>
      <description><![CDATA[
        <h3>Soil Health Card Record</h3>
        <p><b>Point ID:</b> Point_396</p>
        <p><b>Validity Period:</b> 2025-01-01 to 2026-12-30</p>
        <p><b>Nitrogen (N):</b> 100.0 kg/ha</p>
        <p><b>Phosphorus (P):</b> 16.1 mg/kg</p>
        <p><b>Potassium (K):</b> 335.2 mg/kg</p>
        <p><b>Organic Carbon (OC):</b> 0.39 %</p>
        <p><b>Coordinates:</b> 14.173866°N, 79.553626°E</p>
      ]]></description>
      <Point>
        <coordinates>79.553626,14.173866,0</coordinates>
      </Point>
    </Placemark>
    <Placemark>
      <name>Point_397</name>
      <styleUrl>#soil_point</styleUrl>
      <TimeSpan>
        <begin>2025-01-01</begin>
        <end>2026-12-30</end>
      </TimeSpan>
      <description><![CDATA[
        <h3>Soil Health Card Record</h3>
        <p><b>Point ID:</b> Point_397</p>
        <p><b>Validity Period:</b> 2025-01-01 to 2026-12-30</p>
        <p><b>Nitrogen (N):</b> 100.0 kg/ha</p>
        <p><b>Phosphorus (P):</b> 16.1 mg/kg</p>
        <p><b>Potassium (K):</b> 335.2 mg/kg</p>
        <p><b>Organic Carbon (OC):</b> 0.39 %</p>
        <p><b>Coordinates:</b> 14.173833°N, 79.553674°E</p>
      ]]></description>
      <Point>
        <coordinates>79.553674,14.173833,0</coordinates>
      </Point>
    </Placemark>
    <Placemark>
      <name>Point_398</name>
      <styleUrl>#soil_point</styleUrl>
      <TimeSpan>
        <begin>2025-01-01</begin>
        <end>2026-12-30</end>
      </TimeSpan>
      <description><![CDATA[
        <h3>Soil Health Card Record</h3>
        <p><b>Point ID:</b> Point_398</p>
        <p><b>Validity Period:</b> 2025-01-01 to 2026-12-30</p>
        <p><b>Nitrogen (N):</b> 100.0 kg/ha</p>
        <p><b>Phosphorus (P):</b> 16.1 mg/kg</p>
        <p><b>Potassium (K):</b> 335.2 mg/kg</p>
        <p><b>Organic Carbon (OC):</b> 0.39 %</p>
        <p><b>Coordinates:</b> 14.173823°N, 79.553673°E</p>
      ]]></description>
      <Point>
        <coordinates>79.553673,14.173823,0</coordinates>
      </Point>
    </Placemark>
    <Placemark>
      <name>Point_399</name>
      <styleUrl>#soil_point</styleUrl>
      <TimeSpan>
        <begin>2025-01-01</begin>
        <end>2026-12-30</end>
      </TimeSpan>
      <description><![CDATA[
        <h3>Soil Health Card Record</h3>
        <p><b>Point ID:</b> Point_399</p>
        <p><b>Validity Period:</b> 2025-01-01 to 2026-12-30</p>
        <p><b>Nitrogen (N):</b> 100.0 kg/ha</p>
        <p><b>Phosphorus (P):</b> 16.1 mg/kg</p>
        <p><b>Potassium (K):</b> 335.2 mg/kg</p>
        <p><b>Organic Carbon (OC):</b> 0.39 %</p>
        <p><b>Coordinates:</b> 14.173820°N, 79.553662°E</p>
      ]]></description>
      <Point>
        <coordinates>79.553662,14.17382,0</coordinates>
      </Point>
    </Placemark>
    <Placemark>
      <name>Point_400</name>
      <styleUrl>#soil_point</styleUrl>
      <TimeSpan>
        <begin>2025-01-01</begin>
        <end>2026-12-30</end>
      </TimeSpan>
      <description><![CDATA[
        <h3>Soil Health Card Record</h3>
        <p><b>Point ID:</b> Point_400</p>
        <p><b>Validity Period:</b> 2025-01-01 to 2026-12-30</p>
        <p><b>Nitrogen (N):</b> 100.0 kg/ha</p>
        <p><b>Phosphorus (P):</b> 16.1 mg/kg</p>
        <p><b>Potassium (K):</b> 335.2 mg/kg</p>
        <p><b>Organic Carbon (OC):</b> 0.39 %</p>
        <p><b>Coordinates:</b> 14.173822°N, 79.553738°E</p>
      ]]></description>
      <Point>
        <coordinates>79.553738,14.173822,0</coordinates>
      </Point>
    </Placemark>
    <Placemark>
      <name>Point_401</name>
      <styleUrl>#soil_point</styleUrl>
      <TimeSpan>
        <begin>2025-01-01</begin>
        <end>2026-12-30</end>
      </TimeSpan>
      <description><![CDATA[
        <h3>Soil Health Card Record</h3>
        <p><b>Point ID:</b> Point_401</p>
        <p><b>Validity Period:</b> 2025-01-01 to 2026-12-30</p>
        <p><b>Nitrogen (N):</b> 100.0 kg/ha</p>
        <p><b>Phosphorus (P):</b> 16.1 mg/kg</p>
        <p><b>Potassium (K):</b> 335.2 mg/kg</p>
        <p><b>Organic Carbon (OC):</b> 0.39 %</p>
        <p><b>Coordinates:</b> 14.173820°N, 79.553661°E</p>
      ]]></description>
      <Point>
        <coordinates>79.553661,14.17382,0</coordinates>
      </Point>
    </Placemark>
    <Placemark>
      <name>Point_402</name>
      <styleUrl>#soil_point</styleUrl>
      <TimeSpan>
        <begin>2025-01-01</begin>
        <end>2026-12-30</end>
      </TimeSpan>
      <description><![CDATA[
        <h3>Soil Health Card Record</h3>
        <p><b>Point ID:</b> Point_402</p>
        <p><b>Validity Period:</b> 2025-01-01 to 2026-12-30</p>
        <p><b>Nitrogen (N):</b> 100.0 kg/ha</p>
        <p><b>Phosphorus (P):</b> 16.1 mg/kg</p>
        <p><b>Potassium (K):</b> 335.2 mg/kg</p>
        <p><b>Organic Carbon (OC):</b> 0.39 %</p>
        <p><b>Coordinates:</b> 14.173819°N, 79.553667°E</p>
      ]]></description>
      <Point>
        <coordinates>79.553667,14.173819,0</coordinates>
      </Point>
    </Placemark>
    <Placemark>
      <name>Point_403</name>
      <styleUrl>#soil_point</styleUrl>
      <TimeSpan>
        <begin>2025-01-01</begin>
        <end>2026-12-30</end>
      </TimeSpan>
      <description><![CDATA[
        <h3>Soil Health Card Record</h3>
        <p><b>Point ID:</b> Point_403</p>
        <p><b>Validity Period:</b> 2025-01-01 to 2026-12-30</p>
        <p><b>Nitrogen (N):</b> 100.0 kg/ha</p>
        <p><b>Phosphorus (P):</b> 16.1 mg/kg</p>
        <p><b>Potassium (K):</b> 335.2 mg/kg</p>
        <p><b>Organic Carbon (OC):</b> 0.39 %</p>
        <p><b>Coordinates:</b> 14.173811°N, 79.553658°E</p>
      ]]></description>
      <Point>
        <coordinates>79.553658,14.173811,0</coordinates>
      </Point>
    </Placemark>
    <Placemark>
      <name>Point_404</name>
      <styleUrl>#soil_point</styleUrl>
      <TimeSpan>
        <begin>2025-01-01</begin>
        <end>2026-12-30</end>
      </TimeSpan>
      <description><![CDATA[
        <h3>Soil Health Card Record</h3>
        <p><b>Point ID:</b> Point_404</p>
        <p><b>Validity Period:</b> 2025-01-01 to 2026-12-30</p>
        <p><b>Nitrogen (N):</b> 100.0 kg/ha</p>
        <p><b>Phosphorus (P):</b> 16.1 mg/kg</p>
        <p><b>Potassium (K):</b> 335.2 mg/kg</p>
        <p><b>Organic Carbon (OC):</b> 0.39 %</p>
        <p><b>Coordinates:</b> 14.173810°N, 79.553670°E</p>
      ]]></description>
      <Point>
        <coordinates>79.55367,14.17381,0</coordinates>
      </Point>
    </Placemark>
    <Placemark>
      <name>Point_405</name>
      <styleUrl>#soil_point</styleUrl>
      <TimeSpan>
        <begin>2025-01-01</begin>
        <end>2026-12-30</end>
      </TimeSpan>
      <description><![CDATA[
        <h3>Soil Health Card Record</h3>
        <p><b>Point ID:</b> Point_405</p>
        <p><b>Validity Period:</b> 2025-01-01 to 2026-12-30</p>
        <p><b>Nitrogen (N):</b> 100.0 kg/ha</p>
        <p><b>Phosphorus (P):</b> 16.1 mg/kg</p>
        <p><b>Potassium (K):</b> 335.2 mg/kg</p>
        <p><b>Organic Carbon (OC):</b> 0.39 %</p>
        <p><b>Coordinates:</b> 14.173805°N, 79.553691°E</p>
      ]]></description>
      <Point>
        <coordinates>79.553691,14.173805,0</coordinates>
      </Point>
    </Placemark>
    <Placemark>
      <name>Point_406</name>
      <styleUrl>#soil_point</styleUrl>
      <TimeSpan>
        <begin>2025-01-01</begin>
        <end>2026-12-30</end>
      </TimeSpan>
      <description><![CDATA[
        <h3>Soil Health Card Record</h3>
        <p><b>Point ID:</b> Point_406</p>
        <p><b>Validity Period:</b> 2025-01-01 to 2026-12-30</p>
        <p><b>Nitrogen (N):</b> 314.0 kg/ha</p>
        <p><b>Phosphorus (P):</b> 16.4 mg/kg</p>
        <p><b>Potassium (K):</b> 35.1 mg/kg</p>
        <p><b>Organic Carbon (OC):</b> 0.3 %</p>
        <p><b>Coordinates:</b> 15.169728°N, 80.004035°E</p>
      ]]></description>
      <Point>
        <coordinates>80.004035,15.169728,0</coordinates>
      </Point>
    </Placemark>
    <Placemark>
      <name>Point_407</name>
      <styleUrl>#soil_point</styleUrl>
      <TimeSpan>
        <begin>2025-01-01</begin>
        <end>2026-12-30</end>
      </TimeSpan>
      <description><![CDATA[
        <h3>Soil Health Card Record</h3>
        <p><b>Point ID:</b> Point_407</p>
        <p><b>Validity Period:</b> 2025-01-01 to 2026-12-30</p>
        <p><b>Nitrogen (N):</b> 301.0 kg/ha</p>
        <p><b>Phosphorus (P):</b> 28.2 mg/kg</p>
        <p><b>Potassium (K):</b> 28.1 mg/kg</p>
        <p><b>Organic Carbon (OC):</b> 0.24 %</p>
        <p><b>Coordinates:</b> 15.162735°N, 79.975129°E</p>
      ]]></description>
      <Point>
        <coordinates>79.975129,15.162735,0</coordinates>
      </Point>
    </Placemark>
    <Placemark>
      <name>Point_408</name>
      <styleUrl>#soil_point</styleUrl>
      <TimeSpan>
        <begin>2025-01-01</begin>
        <end>2026-12-30</end>
      </TimeSpan>
      <description><![CDATA[
        <h3>Soil Health Card Record</h3>
        <p><b>Point ID:</b> Point_408</p>
        <p><b>Validity Period:</b> 2025-01-01 to 2026-12-30</p>
        <p><b>Nitrogen (N):</b> 301.0 kg/ha</p>
        <p><b>Phosphorus (P):</b> 28.2 mg/kg</p>
        <p><b>Potassium (K):</b> 28.1 mg/kg</p>
        <p><b>Organic Carbon (OC):</b> 0.24 %</p>
        <p><b>Coordinates:</b> 15.162659°N, 79.975030°E</p>
      ]]></description>
      <Point>
        <coordinates>79.97503,15.162659,0</coordinates>
      </Point>
    </Placemark>
    <Placemark>
      <name>Point_409</name>
      <styleUrl>#soil_point</styleUrl>
      <TimeSpan>
        <begin>2025-01-01</begin>
        <end>2026-12-30</end>
      </TimeSpan>
      <description><![CDATA[
        <h3>Soil Health Card Record</h3>
        <p><b>Point ID:</b> Point_409</p>
        <p><b>Validity Period:</b> 2025-01-01 to 2026-12-30</p>
        <p><b>Nitrogen (N):</b> 301.0 kg/ha</p>
        <p><b>Phosphorus (P):</b> 28.2 mg/kg</p>
        <p><b>Potassium (K):</b> 28.1 mg/kg</p>
        <p><b>Organic Carbon (OC):</b> 0.24 %</p>
        <p><b>Coordinates:</b> 15.162625°N, 79.974843°E</p>
      ]]></description>
      <Point>
        <coordinates>79.974843,15.162625,0</coordinates>
      </Point>
    </Placemark>
    <Placemark>
      <name>Point_410</name>
      <styleUrl>#soil_point</styleUrl>
      <TimeSpan>
        <begin>2025-01-01</begin>
        <end>2026-12-30</end>
      </TimeSpan>
      <description><![CDATA[
        <h3>Soil Health Card Record</h3>
        <p><b>Point ID:</b> Point_410</p>
        <p><b>Validity Period:</b> 2025-01-01 to 2026-12-30</p>
        <p><b>Nitrogen (N):</b> 301.0 kg/ha</p>
        <p><b>Phosphorus (P):</b> 28.2 mg/kg</p>
        <p><b>Potassium (K):</b> 28.1 mg/kg</p>
        <p><b>Organic Carbon (OC):</b> 0.24 %</p>
        <p><b>Coordinates:</b> 15.162708°N, 79.974751°E</p>
      ]]></description>
      <Point>
        <coordinates>79.974751,15.162708,0</coordinates>
      </Point>
    </Placemark>
    <Placemark>
      <name>Point_411</name>
      <styleUrl>#soil_point</styleUrl>
      <TimeSpan>
        <begin>2025-01-01</begin>
        <end>2026-12-30</end>
      </TimeSpan>
      <description><![CDATA[
        <h3>Soil Health Card Record</h3>
        <p><b>Point ID:</b> Point_411</p>
        <p><b>Validity Period:</b> 2025-01-01 to 2026-12-30</p>
        <p><b>Nitrogen (N):</b> 301.0 kg/ha</p>
        <p><b>Phosphorus (P):</b> 28.2 mg/kg</p>
        <p><b>Potassium (K):</b> 28.1 mg/kg</p>
        <p><b>Organic Carbon (OC):</b> 0.24 %</p>
        <p><b>Coordinates:</b> 15.162706°N, 79.974808°E</p>
      ]]></description>
      <Point>
        <coordinates>79.974808,15.162706,0</coordinates>
      </Point>
    </Placemark>
    <Placemark>
      <name>Point_412</name>
      <styleUrl>#soil_point</styleUrl>
      <TimeSpan>
        <begin>2025-01-01</begin>
        <end>2026-12-30</end>
      </TimeSpan>
      <description><![CDATA[
        <h3>Soil Health Card Record</h3>
        <p><b>Point ID:</b> Point_412</p>
        <p><b>Validity Period:</b> 2025-01-01 to 2026-12-30</p>
        <p><b>Nitrogen (N):</b> 301.0 kg/ha</p>
        <p><b>Phosphorus (P):</b> 28.2 mg/kg</p>
        <p><b>Potassium (K):</b> 28.1 mg/kg</p>
        <p><b>Organic Carbon (OC):</b> 0.24 %</p>
        <p><b>Coordinates:</b> 15.162701°N, 79.974876°E</p>
      ]]></description>
      <Point>
        <coordinates>79.974876,15.162701,0</coordinates>
      </Point>
    </Placemark>
    <Placemark>
      <name>Point_413</name>
      <styleUrl>#soil_point</styleUrl>
      <TimeSpan>
        <begin>2025-01-01</begin>
        <end>2026-12-30</end>
      </TimeSpan>
      <description><![CDATA[
        <h3>Soil Health Card Record</h3>
        <p><b>Point ID:</b> Point_413</p>
        <p><b>Validity Period:</b> 2025-01-01 to 2026-12-30</p>
        <p><b>Nitrogen (N):</b> 301.0 kg/ha</p>
        <p><b>Phosphorus (P):</b> 28.2 mg/kg</p>
        <p><b>Potassium (K):</b> 28.1 mg/kg</p>
        <p><b>Organic Carbon (OC):</b> 0.24 %</p>
        <p><b>Coordinates:</b> 15.162674°N, 79.975020°E</p>
      ]]></description>
      <Point>
        <coordinates>79.97502,15.162674,0</coordinates>
      </Point>
    </Placemark>
    <Placemark>
      <name>Point_414</name>
      <styleUrl>#soil_point</styleUrl>
      <TimeSpan>
        <begin>2025-01-01</begin>
        <end>2026-12-30</end>
      </TimeSpan>
      <description><![CDATA[
        <h3>Soil Health Card Record</h3>
        <p><b>Point ID:</b> Point_414</p>
        <p><b>Validity Period:</b> 2025-01-01 to 2026-12-30</p>
        <p><b>Nitrogen (N):</b> 301.0 kg/ha</p>
        <p><b>Phosphorus (P):</b> 28.2 mg/kg</p>
        <p><b>Potassium (K):</b> 28.1 mg/kg</p>
        <p><b>Organic Carbon (OC):</b> 0.24 %</p>
        <p><b>Coordinates:</b> 15.162729°N, 79.974922°E</p>
      ]]></description>
      <Point>
        <coordinates>79.974922,15.162729,0</coordinates>
      </Point>
    </Placemark>
    <Placemark>
      <name>Point_415</name>
      <styleUrl>#soil_point</styleUrl>
      <TimeSpan>
        <begin>2025-01-01</begin>
        <end>2026-12-30</end>
      </TimeSpan>
      <description><![CDATA[
        <h3>Soil Health Card Record</h3>
        <p><b>Point ID:</b> Point_415</p>
        <p><b>Validity Period:</b> 2025-01-01 to 2026-12-30</p>
        <p><b>Nitrogen (N):</b> 301.0 kg/ha</p>
        <p><b>Phosphorus (P):</b> 28.2 mg/kg</p>
        <p><b>Potassium (K):</b> 28.1 mg/kg</p>
        <p><b>Organic Carbon (OC):</b> 0.24 %</p>
        <p><b>Coordinates:</b> 15.162706°N, 79.974952°E</p>
      ]]></description>
      <Point>
        <coordinates>79.974952,15.162706,0</coordinates>
      </Point>
    </Placemark>
    <Placemark>
      <name>Point_416</name>
      <styleUrl>#soil_point</styleUrl>
      <TimeSpan>
        <begin>2025-01-01</begin>
        <end>2026-12-30</end>
      </TimeSpan>
      <description><![CDATA[
        <h3>Soil Health Card Record</h3>
        <p><b>Point ID:</b> Point_416</p>
        <p><b>Validity Period:</b> 2025-01-01 to 2026-12-30</p>
        <p><b>Nitrogen (N):</b> 301.0 kg/ha</p>
        <p><b>Phosphorus (P):</b> 28.2 mg/kg</p>
        <p><b>Potassium (K):</b> 28.1 mg/kg</p>
        <p><b>Organic Carbon (OC):</b> 0.24 %</p>
        <p><b>Coordinates:</b> 15.162425°N, 79.975024°E</p>
      ]]></description>
      <Point>
        <coordinates>79.975024,15.162425,0</coordinates>
      </Point>
    </Placemark>
    <Placemark>
      <name>Point_417</name>
      <styleUrl>#soil_point</styleUrl>
      <TimeSpan>
        <begin>2025-01-01</begin>
        <end>2026-12-30</end>
      </TimeSpan>
      <description><![CDATA[
        <h3>Soil Health Card Record</h3>
        <p><b>Point ID:</b> Point_417</p>
        <p><b>Validity Period:</b> 2025-01-01 to 2026-12-30</p>
        <p><b>Nitrogen (N):</b> 301.0 kg/ha</p>
        <p><b>Phosphorus (P):</b> 28.2 mg/kg</p>
        <p><b>Potassium (K):</b> 28.1 mg/kg</p>
        <p><b>Organic Carbon (OC):</b> 0.24 %</p>
        <p><b>Coordinates:</b> 15.162359°N, 79.974975°E</p>
      ]]></description>
      <Point>
        <coordinates>79.974975,15.162359,0</coordinates>
      </Point>
    </Placemark>
    <Placemark>
      <name>Point_418</name>
      <styleUrl>#soil_point</styleUrl>
      <TimeSpan>
        <begin>2025-01-01</begin>
        <end>2026-12-30</end>
      </TimeSpan>
      <description><![CDATA[
        <h3>Soil Health Card Record</h3>
        <p><b>Point ID:</b> Point_418</p>
        <p><b>Validity Period:</b> 2025-01-01 to 2026-12-30</p>
        <p><b>Nitrogen (N):</b> 301.0 kg/ha</p>
        <p><b>Phosphorus (P):</b> 28.2 mg/kg</p>
        <p><b>Potassium (K):</b> 28.1 mg/kg</p>
        <p><b>Organic Carbon (OC):</b> 0.24 %</p>
        <p><b>Coordinates:</b> 15.162385°N, 79.974943°E</p>
      ]]></description>
      <Point>
        <coordinates>79.974943,15.162385,0</coordinates>
      </Point>
    </Placemark>
    <Placemark>
      <name>Point_419</name>
      <styleUrl>#soil_point</styleUrl>
      <TimeSpan>
        <begin>2025-01-01</begin>
        <end>2026-12-30</end>
      </TimeSpan>
      <description><![CDATA[
        <h3>Soil Health Card Record</h3>
        <p><b>Point ID:</b> Point_419</p>
        <p><b>Validity Period:</b> 2025-01-01 to 2026-12-30</p>
        <p><b>Nitrogen (N):</b> 151.0 kg/ha</p>
        <p><b>Phosphorus (P):</b> 6.5 mg/kg</p>
        <p><b>Potassium (K):</b> 168.6 mg/kg</p>
        <p><b>Organic Carbon (OC):</b> 0.34 %</p>
        <p><b>Coordinates:</b> 14.263750°N, 80.055505°E</p>
      ]]></description>
      <Point>
        <coordinates>80.055505,14.26375,0</coordinates>
      </Point>
    </Placemark>
    <Placemark>
      <name>Point_420</name>
      <styleUrl>#soil_point</styleUrl>
      <TimeSpan>
        <begin>2025-01-01</begin>
        <end>2026-12-30</end>
      </TimeSpan>
      <description><![CDATA[
        <h3>Soil Health Card Record</h3>
        <p><b>Point ID:</b> Point_420</p>
        <p><b>Validity Period:</b> 2025-01-01 to 2026-12-30</p>
        <p><b>Nitrogen (N):</b> 151.0 kg/ha</p>
        <p><b>Phosphorus (P):</b> 6.5 mg/kg</p>
        <p><b>Potassium (K):</b> 168.6 mg/kg</p>
        <p><b>Organic Carbon (OC):</b> 0.34 %</p>
        <p><b>Coordinates:</b> 14.263886°N, 80.055512°E</p>
      ]]></description>
      <Point>
        <coordinates>80.055512,14.263886,0</coordinates>
      </Point>
    </Placemark>
    <Placemark>
      <name>Point_421</name>
      <styleUrl>#soil_point</styleUrl>
      <TimeSpan>
        <begin>2025-01-01</begin>
        <end>2026-12-30</end>
      </TimeSpan>
      <description><![CDATA[
        <h3>Soil Health Card Record</h3>
        <p><b>Point ID:</b> Point_421</p>
        <p><b>Validity Period:</b> 2025-01-01 to 2026-12-30</p>
        <p><b>Nitrogen (N):</b> 151.0 kg/ha</p>
        <p><b>Phosphorus (P):</b> 6.5 mg/kg</p>
        <p><b>Potassium (K):</b> 168.6 mg/kg</p>
        <p><b>Organic Carbon (OC):</b> 0.34 %</p>
        <p><b>Coordinates:</b> 14.264031°N, 80.056111°E</p>
      ]]></description>
      <Point>
        <coordinates>80.056111,14.264031,0</coordinates>
      </Point>
    </Placemark>
    <Placemark>
      <name>Point_422</name>
      <styleUrl>#soil_point</styleUrl>
      <TimeSpan>
        <begin>2025-01-01</begin>
        <end>2026-12-30</end>
      </TimeSpan>
      <description><![CDATA[
        <h3>Soil Health Card Record</h3>
        <p><b>Point ID:</b> Point_422</p>
        <p><b>Validity Period:</b> 2025-01-01 to 2026-12-30</p>
        <p><b>Nitrogen (N):</b> 113.0 kg/ha</p>
        <p><b>Phosphorus (P):</b> 6.1 mg/kg</p>
        <p><b>Potassium (K):</b> 347.6 mg/kg</p>
        <p><b>Organic Carbon (OC):</b> 0.12 %</p>
        <p><b>Coordinates:</b> 14.938961°N, 79.768006°E</p>
      ]]></description>
      <Point>
        <coordinates>79.768006,14.938961,0</coordinates>
      </Point>
    </Placemark>
    <Placemark>
      <name>Point_423</name>
      <styleUrl>#soil_point</styleUrl>
      <TimeSpan>
        <begin>2025-01-01</begin>
        <end>2026-12-30</end>
      </TimeSpan>
      <description><![CDATA[
        <h3>Soil Health Card Record</h3>
        <p><b>Point ID:</b> Point_423</p>
        <p><b>Validity Period:</b> 2025-01-01 to 2026-12-30</p>
        <p><b>Nitrogen (N):</b> 125.0 kg/ha</p>
        <p><b>Phosphorus (P):</b> 14.6 mg/kg</p>
        <p><b>Potassium (K):</b> 552.4 mg/kg</p>
        <p><b>Organic Carbon (OC):</b> 0.16 %</p>
        <p><b>Coordinates:</b> 14.152696°N, 79.703033°E</p>
      ]]></description>
      <Point>
        <coordinates>79.703033,14.152696,0</coordinates>
      </Point>
    </Placemark>
    <Placemark>
      <name>Point_424</name>
      <styleUrl>#soil_point</styleUrl>
      <TimeSpan>
        <begin>2025-01-01</begin>
        <end>2026-12-30</end>
      </TimeSpan>
      <description><![CDATA[
        <h3>Soil Health Card Record</h3>
        <p><b>Point ID:</b> Point_424</p>
        <p><b>Validity Period:</b> 2025-01-01 to 2026-12-30</p>
        <p><b>Nitrogen (N):</b> 125.0 kg/ha</p>
        <p><b>Phosphorus (P):</b> 14.6 mg/kg</p>
        <p><b>Potassium (K):</b> 552.4 mg/kg</p>
        <p><b>Organic Carbon (OC):</b> 0.16 %</p>
        <p><b>Coordinates:</b> 14.152678°N, 79.703136°E</p>
      ]]></description>
      <Point>
        <coordinates>79.703136,14.152678,0</coordinates>
      </Point>
    </Placemark>
    <Placemark>
      <name>Point_425</name>
      <styleUrl>#soil_point</styleUrl>
      <TimeSpan>
        <begin>2025-01-01</begin>
        <end>2026-12-30</end>
      </TimeSpan>
      <description><![CDATA[
        <h3>Soil Health Card Record</h3>
        <p><b>Point ID:</b> Point_425</p>
        <p><b>Validity Period:</b> 2025-01-01 to 2026-12-30</p>
        <p><b>Nitrogen (N):</b> 125.0 kg/ha</p>
        <p><b>Phosphorus (P):</b> 14.6 mg/kg</p>
        <p><b>Potassium (K):</b> 552.4 mg/kg</p>
        <p><b>Organic Carbon (OC):</b> 0.16 %</p>
        <p><b>Coordinates:</b> 14.152551°N, 79.703039°E</p>
      ]]></description>
      <Point>
        <coordinates>79.703039,14.152551,0</coordinates>
      </Point>
    </Placemark>
    <Placemark>
      <name>Point_426</name>
      <styleUrl>#soil_point</styleUrl>
      <TimeSpan>
        <begin>2025-01-01</begin>
        <end>2026-12-30</end>
      </TimeSpan>
      <description><![CDATA[
        <h3>Soil Health Card Record</h3>
        <p><b>Point ID:</b> Point_426</p>
        <p><b>Validity Period:</b> 2025-01-01 to 2026-12-30</p>
        <p><b>Nitrogen (N):</b> 125.0 kg/ha</p>
        <p><b>Phosphorus (P):</b> 14.6 mg/kg</p>
        <p><b>Potassium (K):</b> 552.4 mg/kg</p>
        <p><b>Organic Carbon (OC):</b> 0.16 %</p>
        <p><b>Coordinates:</b> 14.152093°N, 79.702982°E</p>
      ]]></description>
      <Point>
        <coordinates>79.702982,14.152093,0</coordinates>
      </Point>
    </Placemark>
    <Placemark>
      <name>Point_427</name>
      <styleUrl>#soil_point</styleUrl>
      <TimeSpan>
        <begin>2025-01-01</begin>
        <end>2026-12-30</end>
      </TimeSpan>
      <description><![CDATA[
        <h3>Soil Health Card Record</h3>
        <p><b>Point ID:</b> Point_427</p>
        <p><b>Validity Period:</b> 2025-01-01 to 2026-12-30</p>
        <p><b>Nitrogen (N):</b> 125.0 kg/ha</p>
        <p><b>Phosphorus (P):</b> 14.6 mg/kg</p>
        <p><b>Potassium (K):</b> 552.4 mg/kg</p>
        <p><b>Organic Carbon (OC):</b> 0.16 %</p>
        <p><b>Coordinates:</b> 14.152016°N, 79.703198°E</p>
      ]]></description>
      <Point>
        <coordinates>79.703198,14.152016,0</coordinates>
      </Point>
    </Placemark>
    <Placemark>
      <name>Point_428</name>
      <styleUrl>#soil_point</styleUrl>
      <TimeSpan>
        <begin>2025-01-01</begin>
        <end>2026-12-30</end>
      </TimeSpan>
      <description><![CDATA[
        <h3>Soil Health Card Record</h3>
        <p><b>Point ID:</b> Point_428</p>
        <p><b>Validity Period:</b> 2025-01-01 to 2026-12-30</p>
        <p><b>Nitrogen (N):</b> 125.0 kg/ha</p>
        <p><b>Phosphorus (P):</b> 14.6 mg/kg</p>
        <p><b>Potassium (K):</b> 552.4 mg/kg</p>
        <p><b>Organic Carbon (OC):</b> 0.16 %</p>
        <p><b>Coordinates:</b> 14.151949°N, 79.702913°E</p>
      ]]></description>
      <Point>
        <coordinates>79.702913,14.151949,0</coordinates>
      </Point>
    </Placemark>
    <Placemark>
      <name>Point_429</name>
      <styleUrl>#soil_point</styleUrl>
      <TimeSpan>
        <begin>2025-01-01</begin>
        <end>2026-12-30</end>
      </TimeSpan>
      <description><![CDATA[
        <h3>Soil Health Card Record</h3>
        <p><b>Point ID:</b> Point_429</p>
        <p><b>Validity Period:</b> 2025-01-01 to 2026-12-30</p>
        <p><b>Nitrogen (N):</b> 125.0 kg/ha</p>
        <p><b>Phosphorus (P):</b> 14.6 mg/kg</p>
        <p><b>Potassium (K):</b> 552.4 mg/kg</p>
        <p><b>Organic Carbon (OC):</b> 0.16 %</p>
        <p><b>Coordinates:</b> 14.151833°N, 79.702873°E</p>
      ]]></description>
      <Point>
        <coordinates>79.702873,14.151833,0</coordinates>
      </Point>
    </Placemark>
    <Placemark>
      <name>Point_430</name>
      <styleUrl>#soil_point</styleUrl>
      <TimeSpan>
        <begin>2025-01-01</begin>
        <end>2026-12-30</end>
      </TimeSpan>
      <description><![CDATA[
        <h3>Soil Health Card Record</h3>
        <p><b>Point ID:</b> Point_430</p>
        <p><b>Validity Period:</b> 2025-01-01 to 2026-12-30</p>
        <p><b>Nitrogen (N):</b> 125.0 kg/ha</p>
        <p><b>Phosphorus (P):</b> 14.6 mg/kg</p>
        <p><b>Potassium (K):</b> 552.4 mg/kg</p>
        <p><b>Organic Carbon (OC):</b> 0.16 %</p>
        <p><b>Coordinates:</b> 14.151833°N, 79.703945°E</p>
      ]]></description>
      <Point>
        <coordinates>79.703945,14.151833,0</coordinates>
      </Point>
    </Placemark>
    <Placemark>
      <name>Point_431</name>
      <styleUrl>#soil_point</styleUrl>
      <TimeSpan>
        <begin>2025-01-01</begin>
        <end>2026-12-30</end>
      </TimeSpan>
      <description><![CDATA[
        <h3>Soil Health Card Record</h3>
        <p><b>Point ID:</b> Point_431</p>
        <p><b>Validity Period:</b> 2025-01-01 to 2026-12-30</p>
        <p><b>Nitrogen (N):</b> 125.0 kg/ha</p>
        <p><b>Phosphorus (P):</b> 14.6 mg/kg</p>
        <p><b>Potassium (K):</b> 552.4 mg/kg</p>
        <p><b>Organic Carbon (OC):</b> 0.16 %</p>
        <p><b>Coordinates:</b> 14.152413°N, 79.703614°E</p>
      ]]></description>
      <Point>
        <coordinates>79.703614,14.152413,0</coordinates>
      </Point>
    </Placemark>
    <Placemark>
      <name>Point_432</name>
      <styleUrl>#soil_point</styleUrl>
      <TimeSpan>
        <begin>2025-01-01</begin>
        <end>2026-12-30</end>
      </TimeSpan>
      <description><![CDATA[
        <h3>Soil Health Card Record</h3>
        <p><b>Point ID:</b> Point_432</p>
        <p><b>Validity Period:</b> 2025-01-01 to 2026-12-30</p>
        <p><b>Nitrogen (N):</b> 125.0 kg/ha</p>
        <p><b>Phosphorus (P):</b> 14.6 mg/kg</p>
        <p><b>Potassium (K):</b> 552.4 mg/kg</p>
        <p><b>Organic Carbon (OC):</b> 0.16 %</p>
        <p><b>Coordinates:</b> 14.152347°N, 79.703580°E</p>
      ]]></description>
      <Point>
        <coordinates>79.70358,14.152347,0</coordinates>
      </Point>
    </Placemark>
    <Placemark>
      <name>Point_433</name>
      <styleUrl>#soil_point</styleUrl>
      <TimeSpan>
        <begin>2025-01-01</begin>
        <end>2026-12-30</end>
      </TimeSpan>
      <description><![CDATA[
        <h3>Soil Health Card Record</h3>
        <p><b>Point ID:</b> Point_433</p>
        <p><b>Validity Period:</b> 2025-01-01 to 2026-12-30</p>
        <p><b>Nitrogen (N):</b> 125.0 kg/ha</p>
        <p><b>Phosphorus (P):</b> 14.6 mg/kg</p>
        <p><b>Potassium (K):</b> 552.4 mg/kg</p>
        <p><b>Organic Carbon (OC):</b> 0.16 %</p>
        <p><b>Coordinates:</b> 14.152270°N, 79.703438°E</p>
      ]]></description>
      <Point>
        <coordinates>79.703438,14.15227,0</coordinates>
      </Point>
    </Placemark>
    <Placemark>
      <name>Point_434</name>
      <styleUrl>#soil_point</styleUrl>
      <TimeSpan>
        <begin>2025-01-01</begin>
        <end>2026-12-30</end>
      </TimeSpan>
      <description><![CDATA[
        <h3>Soil Health Card Record</h3>
        <p><b>Point ID:</b> Point_434</p>
        <p><b>Validity Period:</b> 2025-01-01 to 2026-12-30</p>
        <p><b>Nitrogen (N):</b> 125.0 kg/ha</p>
        <p><b>Phosphorus (P):</b> 14.6 mg/kg</p>
        <p><b>Potassium (K):</b> 552.4 mg/kg</p>
        <p><b>Organic Carbon (OC):</b> 0.16 %</p>
        <p><b>Coordinates:</b> 14.152209°N, 79.703284°E</p>
      ]]></description>
      <Point>
        <coordinates>79.703284,14.152209,0</coordinates>
      </Point>
    </Placemark>
    <Placemark>
      <name>Point_435</name>
      <styleUrl>#soil_point</styleUrl>
      <TimeSpan>
        <begin>2025-01-01</begin>
        <end>2026-12-30</end>
      </TimeSpan>
      <description><![CDATA[
        <h3>Soil Health Card Record</h3>
        <p><b>Point ID:</b> Point_435</p>
        <p><b>Validity Period:</b> 2025-01-01 to 2026-12-30</p>
        <p><b>Nitrogen (N):</b> 138.0 kg/ha</p>
        <p><b>Phosphorus (P):</b> 18.4 mg/kg</p>
        <p><b>Potassium (K):</b> 161.5 mg/kg</p>
        <p><b>Organic Carbon (OC):</b> 0.19 %</p>
        <p><b>Coordinates:</b> 15.095407°N, 79.712649°E</p>
      ]]></description>
      <Point>
        <coordinates>79.712649,15.095407,0</coordinates>
      </Point>
    </Placemark>
    <Placemark>
      <name>Point_436</name>
      <styleUrl>#soil_point</styleUrl>
      <TimeSpan>
        <begin>2025-01-01</begin>
        <end>2026-12-30</end>
      </TimeSpan>
      <description><![CDATA[
        <h3>Soil Health Card Record</h3>
        <p><b>Point ID:</b> Point_436</p>
        <p><b>Validity Period:</b> 2025-01-01 to 2026-12-30</p>
        <p><b>Nitrogen (N):</b> 113.0 kg/ha</p>
        <p><b>Phosphorus (P):</b> 36.9 mg/kg</p>
        <p><b>Potassium (K):</b> 463.5 mg/kg</p>
        <p><b>Organic Carbon (OC):</b> 0.05 %</p>
        <p><b>Coordinates:</b> 15.092826°N, 79.714941°E</p>
      ]]></description>
      <Point>
        <coordinates>79.714941,15.092826,0</coordinates>
      </Point>
    </Placemark>
    <Placemark>
      <name>Point_437</name>
      <styleUrl>#soil_point</styleUrl>
      <TimeSpan>
        <begin>2025-01-01</begin>
        <end>2026-12-30</end>
      </TimeSpan>
      <description><![CDATA[
        <h3>Soil Health Card Record</h3>
        <p><b>Point ID:</b> Point_437</p>
        <p><b>Validity Period:</b> 2025-01-01 to 2026-12-30</p>
        <p><b>Nitrogen (N):</b> 63.0 kg/ha</p>
        <p><b>Phosphorus (P):</b> 79.2 mg/kg</p>
        <p><b>Potassium (K):</b> 168.6 mg/kg</p>
        <p><b>Organic Carbon (OC):</b> 0.47 %</p>
        <p><b>Coordinates:</b> 15.067255°N, 79.719653°E</p>
      ]]></description>
      <Point>
        <coordinates>79.719653,15.067255,0</coordinates>
      </Point>
    </Placemark>
    <Placemark>
      <name>Point_438</name>
      <styleUrl>#soil_point</styleUrl>
      <TimeSpan>
        <begin>2025-01-01</begin>
        <end>2026-12-30</end>
      </TimeSpan>
      <description><![CDATA[
        <h3>Soil Health Card Record</h3>
        <p><b>Point ID:</b> Point_438</p>
        <p><b>Validity Period:</b> 2025-01-01 to 2026-12-30</p>
        <p><b>Nitrogen (N):</b> 138.0 kg/ha</p>
        <p><b>Phosphorus (P):</b> 5.4 mg/kg</p>
        <p><b>Potassium (K):</b> 403.0 mg/kg</p>
        <p><b>Organic Carbon (OC):</b> 0.1 %</p>
        <p><b>Coordinates:</b> 14.958921°N, 79.956159°E</p>
      ]]></description>
      <Point>
        <coordinates>79.956159,14.958921,0</coordinates>
      </Point>
    </Placemark>
    <Placemark>
      <name>Point_439</name>
      <styleUrl>#soil_point</styleUrl>
      <TimeSpan>
        <begin>2025-01-01</begin>
        <end>2026-12-30</end>
      </TimeSpan>
      <description><![CDATA[
        <h3>Soil Health Card Record</h3>
        <p><b>Point ID:</b> Point_439</p>
        <p><b>Validity Period:</b> 2025-01-01 to 2026-12-30</p>
        <p><b>Nitrogen (N):</b> 50.0 kg/ha</p>
        <p><b>Phosphorus (P):</b> 5.4 mg/kg</p>
        <p><b>Potassium (K):</b> 335.0 mg/kg</p>
        <p><b>Organic Carbon (OC):</b> 0.42 %</p>
        <p><b>Coordinates:</b> 14.948214°N, 79.965062°E</p>
      ]]></description>
      <Point>
        <coordinates>79.965062,14.948214,0</coordinates>
      </Point>
    </Placemark>
    <Placemark>
      <name>Point_440</name>
      <styleUrl>#soil_point</styleUrl>
      <TimeSpan>
        <begin>2025-01-01</begin>
        <end>2026-12-30</end>
      </TimeSpan>
      <description><![CDATA[
        <h3>Soil Health Card Record</h3>
        <p><b>Point ID:</b> Point_440</p>
        <p><b>Validity Period:</b> 2025-01-01 to 2026-12-30</p>
        <p><b>Nitrogen (N):</b> 238.0 kg/ha</p>
        <p><b>Phosphorus (P):</b> 12.3 mg/kg</p>
        <p><b>Potassium (K):</b> 602.0 mg/kg</p>
        <p><b>Organic Carbon (OC):</b> 0.24 %</p>
        <p><b>Coordinates:</b> 14.948650°N, 79.960216°E</p>
      ]]></description>
      <Point>
        <coordinates>79.960216,14.94865,0</coordinates>
      </Point>
    </Placemark>
    <Placemark>
      <name>Point_441</name>
      <styleUrl>#soil_point</styleUrl>
      <TimeSpan>
        <begin>2025-01-01</begin>
        <end>2026-12-30</end>
      </TimeSpan>
      <description><![CDATA[
        <h3>Soil Health Card Record</h3>
        <p><b>Point ID:</b> Point_441</p>
        <p><b>Validity Period:</b> 2025-01-01 to 2026-12-30</p>
        <p><b>Nitrogen (N):</b> 201.0 kg/ha</p>
        <p><b>Phosphorus (P):</b> 13.8 mg/kg</p>
        <p><b>Potassium (K):</b> 379.0 mg/kg</p>
        <p><b>Organic Carbon (OC):</b> 0.97 %</p>
        <p><b>Coordinates:</b> 14.949521°N, 79.955370°E</p>
      ]]></description>
      <Point>
        <coordinates>79.95537,14.949521,0</coordinates>
      </Point>
    </Placemark>
    <Placemark>
      <name>Point_442</name>
      <styleUrl>#soil_point</styleUrl>
      <TimeSpan>
        <begin>2025-01-01</begin>
        <end>2026-12-30</end>
      </TimeSpan>
      <description><![CDATA[
        <h3>Soil Health Card Record</h3>
        <p><b>Point ID:</b> Point_442</p>
        <p><b>Validity Period:</b> 2025-01-01 to 2026-12-30</p>
        <p><b>Nitrogen (N):</b> 188.0 kg/ha</p>
        <p><b>Phosphorus (P):</b> 10.0 mg/kg</p>
        <p><b>Potassium (K):</b> 397.0 mg/kg</p>
        <p><b>Organic Carbon (OC):</b> 0.45 %</p>
        <p><b>Coordinates:</b> 14.959163°N, 80.007436°E</p>
      ]]></description>
      <Point>
        <coordinates>80.007436,14.959163,0</coordinates>
      </Point>
    </Placemark>
    <Placemark>
      <name>Point_443</name>
      <styleUrl>#soil_point</styleUrl>
      <TimeSpan>
        <begin>2025-01-01</begin>
        <end>2026-12-30</end>
      </TimeSpan>
      <description><![CDATA[
        <h3>Soil Health Card Record</h3>
        <p><b>Point ID:</b> Point_443</p>
        <p><b>Validity Period:</b> 2025-01-01 to 2026-12-30</p>
        <p><b>Nitrogen (N):</b> 238.0 kg/ha</p>
        <p><b>Phosphorus (P):</b> 16.1 mg/kg</p>
        <p><b>Potassium (K):</b> 478.0 mg/kg</p>
        <p><b>Organic Carbon (OC):</b> 0.18 %</p>
        <p><b>Coordinates:</b> 14.956986°N, 80.002703°E</p>
      ]]></description>
      <Point>
        <coordinates>80.002703,14.956986,0</coordinates>
      </Point>
    </Placemark>
    <Placemark>
      <name>Point_444</name>
      <styleUrl>#soil_point</styleUrl>
      <TimeSpan>
        <begin>2025-01-01</begin>
        <end>2026-12-30</end>
      </TimeSpan>
      <description><![CDATA[
        <h3>Soil Health Card Record</h3>
        <p><b>Point ID:</b> Point_444</p>
        <p><b>Validity Period:</b> 2025-01-01 to 2026-12-30</p>
        <p><b>Nitrogen (N):</b> 226.0 kg/ha</p>
        <p><b>Phosphorus (P):</b> 13.1 mg/kg</p>
        <p><b>Potassium (K):</b> 397.0 mg/kg</p>
        <p><b>Organic Carbon (OC):</b> 0.24 %</p>
        <p><b>Coordinates:</b> 14.957313°N, 79.998646°E</p>
      ]]></description>
      <Point>
        <coordinates>79.998646,14.957313,0</coordinates>
      </Point>
    </Placemark>
    <Placemark>
      <name>Point_445</name>
      <styleUrl>#soil_point</styleUrl>
      <TimeSpan>
        <begin>2025-01-01</begin>
        <end>2026-12-30</end>
      </TimeSpan>
      <description><![CDATA[
        <h3>Soil Health Card Record</h3>
        <p><b>Point ID:</b> Point_445</p>
        <p><b>Validity Period:</b> 2025-01-01 to 2026-12-30</p>
        <p><b>Nitrogen (N):</b> 213.0 kg/ha</p>
        <p><b>Phosphorus (P):</b> 3.8 mg/kg</p>
        <p><b>Potassium (K):</b> 397.0 mg/kg</p>
        <p><b>Organic Carbon (OC):</b> 0.42 %</p>
        <p><b>Coordinates:</b> 14.958401°N, 79.996167°E</p>
      ]]></description>
      <Point>
        <coordinates>79.996167,14.958401,0</coordinates>
      </Point>
    </Placemark>
    <Placemark>
      <name>Point_446</name>
      <styleUrl>#soil_point</styleUrl>
      <TimeSpan>
        <begin>2025-01-01</begin>
        <end>2026-12-30</end>
      </TimeSpan>
      <description><![CDATA[
        <h3>Soil Health Card Record</h3>
        <p><b>Point ID:</b> Point_446</p>
        <p><b>Validity Period:</b> 2025-01-01 to 2026-12-30</p>
        <p><b>Nitrogen (N):</b> 188.0 kg/ha</p>
        <p><b>Phosphorus (P):</b> 14.6 mg/kg</p>
        <p><b>Potassium (K):</b> 447.0 mg/kg</p>
        <p><b>Organic Carbon (OC):</b> 0.3 %</p>
        <p><b>Coordinates:</b> 14.956769°N, 79.993800°E</p>
      ]]></description>
      <Point>
        <coordinates>79.9938,14.956769,0</coordinates>
      </Point>
    </Placemark>
    <Placemark>
      <name>Point_447</name>
      <styleUrl>#soil_point</styleUrl>
      <TimeSpan>
        <begin>2025-01-01</begin>
        <end>2026-12-30</end>
      </TimeSpan>
      <description><![CDATA[
        <h3>Soil Health Card Record</h3>
        <p><b>Point ID:</b> Point_447</p>
        <p><b>Validity Period:</b> 2025-01-01 to 2026-12-30</p>
        <p><b>Nitrogen (N):</b> 238.0 kg/ha</p>
        <p><b>Phosphorus (P):</b> 14.6 mg/kg</p>
        <p><b>Potassium (K):</b> 521.0 mg/kg</p>
        <p><b>Organic Carbon (OC):</b> 0.22 %</p>
        <p><b>Coordinates:</b> 14.953721°N, 80.005859°E</p>
      ]]></description>
      <Point>
        <coordinates>80.005859,14.953721,0</coordinates>
      </Point>
    </Placemark>
    <Placemark>
      <name>Point_448</name>
      <styleUrl>#soil_point</styleUrl>
      <TimeSpan>
        <begin>2025-01-01</begin>
        <end>2026-12-30</end>
      </TimeSpan>
      <description><![CDATA[
        <h3>Soil Health Card Record</h3>
        <p><b>Point ID:</b> Point_448</p>
        <p><b>Validity Period:</b> 2025-01-01 to 2026-12-30</p>
        <p><b>Nitrogen (N):</b> 238.0 kg/ha</p>
        <p><b>Phosphorus (P):</b> 1.5 mg/kg</p>
        <p><b>Potassium (K):</b> 447.0 mg/kg</p>
        <p><b>Organic Carbon (OC):</b> 0.24 %</p>
        <p><b>Coordinates:</b> 14.951979°N, 80.006084°E</p>
      ]]></description>
      <Point>
        <coordinates>80.006084,14.951979,0</coordinates>
      </Point>
    </Placemark>
    <Placemark>
      <name>Point_449</name>
      <styleUrl>#soil_point</styleUrl>
      <TimeSpan>
        <begin>2025-01-01</begin>
        <end>2026-12-30</end>
      </TimeSpan>
      <description><![CDATA[
        <h3>Soil Health Card Record</h3>
        <p><b>Point ID:</b> Point_449</p>
        <p><b>Validity Period:</b> 2025-01-01 to 2026-12-30</p>
        <p><b>Nitrogen (N):</b> 226.0 kg/ha</p>
        <p><b>Phosphorus (P):</b> 2.3 mg/kg</p>
        <p><b>Potassium (K):</b> 397.0 mg/kg</p>
        <p><b>Organic Carbon (OC):</b> 0.3 %</p>
        <p><b>Coordinates:</b> 14.951108°N, 80.004844°E</p>
      ]]></description>
      <Point>
        <coordinates>80.004844,14.951108,0</coordinates>
      </Point>
    </Placemark>
    <Placemark>
      <name>Point_450</name>
      <styleUrl>#soil_point</styleUrl>
      <TimeSpan>
        <begin>2025-01-01</begin>
        <end>2026-12-30</end>
      </TimeSpan>
      <description><![CDATA[
        <h3>Soil Health Card Record</h3>
        <p><b>Point ID:</b> Point_450</p>
        <p><b>Validity Period:</b> 2025-01-01 to 2026-12-30</p>
        <p><b>Nitrogen (N):</b> 188.0 kg/ha</p>
        <p><b>Phosphorus (P):</b> 10.0 mg/kg</p>
        <p><b>Potassium (K):</b> 583.0 mg/kg</p>
        <p><b>Organic Carbon (OC):</b> 0.32 %</p>
        <p><b>Coordinates:</b> 14.958773°N, 79.962696°E</p>
      ]]></description>
      <Point>
        <coordinates>79.962696,14.958773,0</coordinates>
      </Point>
    </Placemark>
    <Placemark>
      <name>Point_451</name>
      <styleUrl>#soil_point</styleUrl>
      <TimeSpan>
        <begin>2025-01-01</begin>
        <end>2026-12-30</end>
      </TimeSpan>
      <description><![CDATA[
        <h3>Soil Health Card Record</h3>
        <p><b>Point ID:</b> Point_451</p>
        <p><b>Validity Period:</b> 2025-01-01 to 2026-12-30</p>
        <p><b>Nitrogen (N):</b> 226.0 kg/ha</p>
        <p><b>Phosphorus (P):</b> 1.5 mg/kg</p>
        <p><b>Potassium (K):</b> 354.0 mg/kg</p>
        <p><b>Organic Carbon (OC):</b> 0.33 %</p>
        <p><b>Coordinates:</b> 14.953875°N, 79.963146°E</p>
      ]]></description>
      <Point>
        <coordinates>79.963146,14.953875,0</coordinates>
      </Point>
    </Placemark>
    <Placemark>
      <name>Point_452</name>
      <styleUrl>#soil_point</styleUrl>
      <TimeSpan>
        <begin>2025-01-01</begin>
        <end>2026-12-30</end>
      </TimeSpan>
      <description><![CDATA[
        <h3>Soil Health Card Record</h3>
        <p><b>Point ID:</b> Point_452</p>
        <p><b>Validity Period:</b> 2025-01-01 to 2026-12-30</p>
        <p><b>Nitrogen (N):</b> 151.0 kg/ha</p>
        <p><b>Phosphorus (P):</b> 3.8 mg/kg</p>
        <p><b>Potassium (K):</b> 379.0 mg/kg</p>
        <p><b>Organic Carbon (OC):</b> 0.23 %</p>
        <p><b>Coordinates:</b> 14.946473°N, 79.954469°E</p>
      ]]></description>
      <Point>
        <coordinates>79.954469,14.946473,0</coordinates>
      </Point>
    </Placemark>
    <Placemark>
      <name>Point_453</name>
      <styleUrl>#soil_point</styleUrl>
      <TimeSpan>
        <begin>2025-01-01</begin>
        <end>2026-12-30</end>
      </TimeSpan>
      <description><![CDATA[
        <h3>Soil Health Card Record</h3>
        <p><b>Point ID:</b> Point_453</p>
        <p><b>Validity Period:</b> 2025-01-01 to 2026-12-30</p>
        <p><b>Nitrogen (N):</b> 201.0 kg/ha</p>
        <p><b>Phosphorus (P):</b> 15.4 mg/kg</p>
        <p><b>Potassium (K):</b> 621.0 mg/kg</p>
        <p><b>Organic Carbon (OC):</b> 0.32 %</p>
        <p><b>Coordinates:</b> 14.944187°N, 79.953116°E</p>
      ]]></description>
      <Point>
        <coordinates>79.953116,14.944187,0</coordinates>
      </Point>
    </Placemark>
    <Placemark>
      <name>Point_454</name>
      <styleUrl>#soil_point</styleUrl>
      <TimeSpan>
        <begin>2025-01-01</begin>
        <end>2026-12-30</end>
      </TimeSpan>
      <description><![CDATA[
        <h3>Soil Health Card Record</h3>
        <p><b>Point ID:</b> Point_454</p>
        <p><b>Validity Period:</b> 2025-01-01 to 2026-12-30</p>
        <p><b>Nitrogen (N):</b> 213.0 kg/ha</p>
        <p><b>Phosphorus (P):</b> 0.8 mg/kg</p>
        <p><b>Potassium (K):</b> 521.0 mg/kg</p>
        <p><b>Organic Carbon (OC):</b> 0.49 %</p>
        <p><b>Coordinates:</b> 14.963844°N, 80.002478°E</p>
      ]]></description>
      <Point>
        <coordinates>80.002478,14.963844,0</coordinates>
      </Point>
    </Placemark>
    <Placemark>
      <name>Point_455</name>
      <styleUrl>#soil_point</styleUrl>
      <TimeSpan>
        <begin>2025-01-01</begin>
        <end>2026-12-30</end>
      </TimeSpan>
      <description><![CDATA[
        <h3>Soil Health Card Record</h3>
        <p><b>Point ID:</b> Point_455</p>
        <p><b>Validity Period:</b> 2025-01-01 to 2026-12-30</p>
        <p><b>Nitrogen (N):</b> 289.0 kg/ha</p>
        <p><b>Phosphorus (P):</b> 18.1 mg/kg</p>
        <p><b>Potassium (K):</b> 379.0 mg/kg</p>
        <p><b>Organic Carbon (OC):</b> 0.35 %</p>
        <p><b>Coordinates:</b> 14.962211°N, 80.004393°E</p>
      ]]></description>
      <Point>
        <coordinates>80.004393,14.962211,0</coordinates>
      </Point>
    </Placemark>
    <Placemark>
      <name>Point_456</name>
      <styleUrl>#soil_point</styleUrl>
      <TimeSpan>
        <begin>2025-01-01</begin>
        <end>2026-12-30</end>
      </TimeSpan>
      <description><![CDATA[
        <h3>Soil Health Card Record</h3>
        <p><b>Point ID:</b> Point_456</p>
        <p><b>Validity Period:</b> 2025-01-01 to 2026-12-30</p>
        <p><b>Nitrogen (N):</b> 188.0 kg/ha</p>
        <p><b>Phosphorus (P):</b> 14.6 mg/kg</p>
        <p><b>Potassium (K):</b> 447.0 mg/kg</p>
        <p><b>Organic Carbon (OC):</b> 0.3 %</p>
        <p><b>Coordinates:</b> 14.958401°N, 79.993687°E</p>
      ]]></description>
      <Point>
        <coordinates>79.993687,14.958401,0</coordinates>
      </Point>
    </Placemark>
    <Placemark>
      <name>Point_457</name>
      <styleUrl>#soil_point</styleUrl>
      <TimeSpan>
        <begin>2025-01-01</begin>
        <end>2026-12-30</end>
      </TimeSpan>
      <description><![CDATA[
        <h3>Soil Health Card Record</h3>
        <p><b>Point ID:</b> Point_457</p>
        <p><b>Validity Period:</b> 2025-01-01 to 2026-12-30</p>
        <p><b>Nitrogen (N):</b> 238.0 kg/ha</p>
        <p><b>Phosphorus (P):</b> 14.6 mg/kg</p>
        <p><b>Potassium (K):</b> 521.0 mg/kg</p>
        <p><b>Organic Carbon (OC):</b> 0.22 %</p>
        <p><b>Coordinates:</b> 14.955353°N, 80.005971°E</p>
      ]]></description>
      <Point>
        <coordinates>80.005971,14.955353,0</coordinates>
      </Point>
    </Placemark>
    <Placemark>
      <name>Point_458</name>
      <styleUrl>#soil_point</styleUrl>
      <TimeSpan>
        <begin>2025-01-01</begin>
        <end>2026-12-30</end>
      </TimeSpan>
      <description><![CDATA[
        <h3>Soil Health Card Record</h3>
        <p><b>Point ID:</b> Point_458</p>
        <p><b>Validity Period:</b> 2025-01-01 to 2026-12-30</p>
        <p><b>Nitrogen (N):</b> 226.0 kg/ha</p>
        <p><b>Phosphorus (P):</b> 6.9 mg/kg</p>
        <p><b>Potassium (K):</b> 621.0 mg/kg</p>
        <p><b>Organic Carbon (OC):</b> 0.64 %</p>
        <p><b>Coordinates:</b> 14.953285°N, 80.008451°E</p>
      ]]></description>
      <Point>
        <coordinates>80.008451,14.953285,0</coordinates>
      </Point>
    </Placemark>
    <Placemark>
      <name>Point_459</name>
      <styleUrl>#soil_point</styleUrl>
      <TimeSpan>
        <begin>2025-01-01</begin>
        <end>2026-12-30</end>
      </TimeSpan>
      <description><![CDATA[
        <h3>Soil Health Card Record</h3>
        <p><b>Point ID:</b> Point_459</p>
        <p><b>Validity Period:</b> 2025-01-01 to 2026-12-30</p>
        <p><b>Nitrogen (N):</b> 75.0 kg/ha</p>
        <p><b>Phosphorus (P):</b> 49.15 mg/kg</p>
        <p><b>Potassium (K):</b> 210.7 mg/kg</p>
        <p><b>Organic Carbon (OC):</b> 0.25 %</p>
        <p><b>Coordinates:</b> 15.073525°N, 79.650755°E</p>
      ]]></description>
      <Point>
        <coordinates>79.650755,15.073525,0</coordinates>
      </Point>
    </Placemark>
    <Placemark>
      <name>Point_460</name>
      <styleUrl>#soil_point</styleUrl>
      <TimeSpan>
        <begin>2025-01-01</begin>
        <end>2026-12-30</end>
      </TimeSpan>
      <description><![CDATA[
        <h3>Soil Health Card Record</h3>
        <p><b>Point ID:</b> Point_460</p>
        <p><b>Validity Period:</b> 2025-01-01 to 2026-12-30</p>
        <p><b>Nitrogen (N):</b> 50.0 kg/ha</p>
        <p><b>Phosphorus (P):</b> 16.9 mg/kg</p>
        <p><b>Potassium (K):</b> 182.6 mg/kg</p>
        <p><b>Organic Carbon (OC):</b> 0.42 %</p>
        <p><b>Coordinates:</b> 15.059018°N, 79.664382°E</p>
      ]]></description>
      <Point>
        <coordinates>79.664382,15.059018,0</coordinates>
      </Point>
    </Placemark>
    <Placemark>
      <name>Point_461</name>
      <styleUrl>#soil_point</styleUrl>
      <TimeSpan>
        <begin>2025-01-01</begin>
        <end>2026-12-30</end>
      </TimeSpan>
      <description><![CDATA[
        <h3>Soil Health Card Record</h3>
        <p><b>Point ID:</b> Point_461</p>
        <p><b>Validity Period:</b> 2025-01-01 to 2026-12-30</p>
        <p><b>Nitrogen (N):</b> 38.0 kg/ha</p>
        <p><b>Phosphorus (P):</b> 22.3 mg/kg</p>
        <p><b>Potassium (K):</b> 112.4 mg/kg</p>
        <p><b>Organic Carbon (OC):</b> 0.6 %</p>
        <p><b>Coordinates:</b> 15.057420°N, 79.666038°E</p>
      ]]></description>
      <Point>
        <coordinates>79.666038,15.05742,0</coordinates>
      </Point>
    </Placemark>
    <Placemark>
      <name>Point_462</name>
      <styleUrl>#soil_point</styleUrl>
      <TimeSpan>
        <begin>2025-01-01</begin>
        <end>2026-12-30</end>
      </TimeSpan>
      <description><![CDATA[
        <h3>Soil Health Card Record</h3>
        <p><b>Point ID:</b> Point_462</p>
        <p><b>Validity Period:</b> 2025-01-01 to 2026-12-30</p>
        <p><b>Nitrogen (N):</b> 163.0 kg/ha</p>
        <p><b>Phosphorus (P):</b> 29.2 mg/kg</p>
        <p><b>Potassium (K):</b> 147.5 mg/kg</p>
        <p><b>Organic Carbon (OC):</b> 0.47 %</p>
        <p><b>Coordinates:</b> 15.055452°N, 79.661835°E</p>
      ]]></description>
      <Point>
        <coordinates>79.661835,15.055452,0</coordinates>
      </Point>
    </Placemark>
    <Placemark>
      <name>Point_463</name>
      <styleUrl>#soil_point</styleUrl>
      <TimeSpan>
        <begin>2025-01-01</begin>
        <end>2026-12-30</end>
      </TimeSpan>
      <description><![CDATA[
        <h3>Soil Health Card Record</h3>
        <p><b>Point ID:</b> Point_463</p>
        <p><b>Validity Period:</b> 2025-01-01 to 2026-12-30</p>
        <p><b>Nitrogen (N):</b> 213.0 kg/ha</p>
        <p><b>Phosphorus (P):</b> 34.6 mg/kg</p>
        <p><b>Potassium (K):</b> 196.6 mg/kg</p>
        <p><b>Organic Carbon (OC):</b> 0.06 %</p>
        <p><b>Coordinates:</b> 15.046600°N, 79.652665°E</p>
      ]]></description>
      <Point>
        <coordinates>79.652665,15.0466,0</coordinates>
      </Point>
    </Placemark>
    <Placemark>
      <name>Point_464</name>
      <styleUrl>#soil_point</styleUrl>
      <TimeSpan>
        <begin>2025-01-01</begin>
        <end>2026-12-30</end>
      </TimeSpan>
      <description><![CDATA[
        <h3>Soil Health Card Record</h3>
        <p><b>Point ID:</b> Point_464</p>
        <p><b>Validity Period:</b> 2025-01-01 to 2026-12-30</p>
        <p><b>Nitrogen (N):</b> 63.0 kg/ha</p>
        <p><b>Phosphorus (P):</b> 25.3 mg/kg</p>
        <p><b>Potassium (K):</b> 74.5 mg/kg</p>
        <p><b>Organic Carbon (OC):</b> 0.13 %</p>
        <p><b>Coordinates:</b> 14.533540°N, 80.107166°E</p>
      ]]></description>
      <Point>
        <coordinates>80.107166,14.53354,0</coordinates>
      </Point>
    </Placemark>
    <Placemark>
      <name>Point_465</name>
      <styleUrl>#soil_point</styleUrl>
      <TimeSpan>
        <begin>2025-01-01</begin>
        <end>2026-12-30</end>
      </TimeSpan>
      <description><![CDATA[
        <h3>Soil Health Card Record</h3>
        <p><b>Point ID:</b> Point_465</p>
        <p><b>Validity Period:</b> 2025-01-01 to 2026-12-30</p>
        <p><b>Nitrogen (N):</b> 63.0 kg/ha</p>
        <p><b>Phosphorus (P):</b> 36.9 mg/kg</p>
        <p><b>Potassium (K):</b> 180.0 mg/kg</p>
        <p><b>Organic Carbon (OC):</b> 0.08 %</p>
        <p><b>Coordinates:</b> 14.534429°N, 80.111032°E</p>
      ]]></description>
      <Point>
        <coordinates>80.111032,14.534429,0</coordinates>
      </Point>
    </Placemark>
    <Placemark>
      <name>Point_466</name>
      <styleUrl>#soil_point</styleUrl>
      <TimeSpan>
        <begin>2025-01-01</begin>
        <end>2026-12-30</end>
      </TimeSpan>
      <description><![CDATA[
        <h3>Soil Health Card Record</h3>
        <p><b>Point ID:</b> Point_466</p>
        <p><b>Validity Period:</b> 2025-01-01 to 2026-12-30</p>
        <p><b>Nitrogen (N):</b> 63.0 kg/ha</p>
        <p><b>Phosphorus (P):</b> 36.9 mg/kg</p>
        <p><b>Potassium (K):</b> 180.0 mg/kg</p>
        <p><b>Organic Carbon (OC):</b> 0.08 %</p>
        <p><b>Coordinates:</b> 14.534562°N, 80.111204°E</p>
      ]]></description>
      <Point>
        <coordinates>80.111204,14.534562,0</coordinates>
      </Point>
    </Placemark>
    <Placemark>
      <name>Point_467</name>
      <styleUrl>#soil_point</styleUrl>
      <TimeSpan>
        <begin>2025-01-01</begin>
        <end>2026-12-30</end>
      </TimeSpan>
      <description><![CDATA[
        <h3>Soil Health Card Record</h3>
        <p><b>Point ID:</b> Point_467</p>
        <p><b>Validity Period:</b> 2025-01-01 to 2026-12-30</p>
        <p><b>Nitrogen (N):</b> 238.0 kg/ha</p>
        <p><b>Phosphorus (P):</b> 57.6 mg/kg</p>
        <p><b>Potassium (K):</b> 117.9 mg/kg</p>
        <p><b>Organic Carbon (OC):</b> 0.03 %</p>
        <p><b>Coordinates:</b> 14.532280°N, 80.112744°E</p>
      ]]></description>
      <Point>
        <coordinates>80.112744,14.53228,0</coordinates>
      </Point>
    </Placemark>
    <Placemark>
      <name>Point_468</name>
      <styleUrl>#soil_point</styleUrl>
      <TimeSpan>
        <begin>2025-01-01</begin>
        <end>2026-12-30</end>
      </TimeSpan>
      <description><![CDATA[
        <h3>Soil Health Card Record</h3>
        <p><b>Point ID:</b> Point_468</p>
        <p><b>Validity Period:</b> 2025-01-01 to 2026-12-30</p>
        <p><b>Nitrogen (N):</b> 163.0 kg/ha</p>
        <p><b>Phosphorus (P):</b> 118.3 mg/kg</p>
        <p><b>Potassium (K):</b> 167.6 mg/kg</p>
        <p><b>Organic Carbon (OC):</b> 0.08 %</p>
        <p><b>Coordinates:</b> 14.530684°N, 80.116333°E</p>
      ]]></description>
      <Point>
        <coordinates>80.116333,14.530684,0</coordinates>
      </Point>
    </Placemark>
    <Placemark>
      <name>Point_469</name>
      <styleUrl>#soil_point</styleUrl>
      <TimeSpan>
        <begin>2025-01-01</begin>
        <end>2026-12-30</end>
      </TimeSpan>
      <description><![CDATA[
        <h3>Soil Health Card Record</h3>
        <p><b>Point ID:</b> Point_469</p>
        <p><b>Validity Period:</b> 2025-01-01 to 2026-12-30</p>
        <p><b>Nitrogen (N):</b> 113.0 kg/ha</p>
        <p><b>Phosphorus (P):</b> 34.6 mg/kg</p>
        <p><b>Potassium (K):</b> 204.8 mg/kg</p>
        <p><b>Organic Carbon (OC):</b> 0.13 %</p>
        <p><b>Coordinates:</b> 14.538162°N, 80.120114°E</p>
      ]]></description>
      <Point>
        <coordinates>80.120114,14.538162,0</coordinates>
      </Point>
    </Placemark>
    <Placemark>
      <name>Point_470</name>
      <styleUrl>#soil_point</styleUrl>
      <TimeSpan>
        <begin>2025-01-01</begin>
        <end>2026-12-30</end>
      </TimeSpan>
      <description><![CDATA[
        <h3>Soil Health Card Record</h3>
        <p><b>Point ID:</b> Point_470</p>
        <p><b>Validity Period:</b> 2025-01-01 to 2026-12-30</p>
        <p><b>Nitrogen (N):</b> 113.0 kg/ha</p>
        <p><b>Phosphorus (P):</b> 34.6 mg/kg</p>
        <p><b>Potassium (K):</b> 204.8 mg/kg</p>
        <p><b>Organic Carbon (OC):</b> 0.13 %</p>
        <p><b>Coordinates:</b> 14.538209°N, 80.120603°E</p>
      ]]></description>
      <Point>
        <coordinates>80.120603,14.538209,0</coordinates>
      </Point>
    </Placemark>
    <Placemark>
      <name>Point_471</name>
      <styleUrl>#soil_point</styleUrl>
      <TimeSpan>
        <begin>2025-01-01</begin>
        <end>2026-12-30</end>
      </TimeSpan>
      <description><![CDATA[
        <h3>Soil Health Card Record</h3>
        <p><b>Point ID:</b> Point_471</p>
        <p><b>Validity Period:</b> 2025-01-01 to 2026-12-30</p>
        <p><b>Nitrogen (N):</b> 113.0 kg/ha</p>
        <p><b>Phosphorus (P):</b> 34.6 mg/kg</p>
        <p><b>Potassium (K):</b> 204.8 mg/kg</p>
        <p><b>Organic Carbon (OC):</b> 0.13 %</p>
        <p><b>Coordinates:</b> 14.538251°N, 80.120726°E</p>
      ]]></description>
      <Point>
        <coordinates>80.120726,14.538251,0</coordinates>
      </Point>
    </Placemark>
    <Placemark>
      <name>Point_472</name>
      <styleUrl>#soil_point</styleUrl>
      <TimeSpan>
        <begin>2025-01-01</begin>
        <end>2026-12-30</end>
      </TimeSpan>
      <description><![CDATA[
        <h3>Soil Health Card Record</h3>
        <p><b>Point ID:</b> Point_472</p>
        <p><b>Validity Period:</b> 2025-01-01 to 2026-12-30</p>
        <p><b>Nitrogen (N):</b> 63.0 kg/ha</p>
        <p><b>Phosphorus (P):</b> 35.3 mg/kg</p>
        <p><b>Potassium (K):</b> 192.4 mg/kg</p>
        <p><b>Organic Carbon (OC):</b> 0.3 %</p>
        <p><b>Coordinates:</b> 14.541441°N, 80.127919°E</p>
      ]]></description>
      <Point>
        <coordinates>80.127919,14.541441,0</coordinates>
      </Point>
    </Placemark>
    <Placemark>
      <name>Point_473</name>
      <styleUrl>#soil_point</styleUrl>
      <TimeSpan>
        <begin>2025-01-01</begin>
        <end>2026-12-30</end>
      </TimeSpan>
      <description><![CDATA[
        <h3>Soil Health Card Record</h3>
        <p><b>Point ID:</b> Point_473</p>
        <p><b>Validity Period:</b> 2025-01-01 to 2026-12-30</p>
        <p><b>Nitrogen (N):</b> 63.0 kg/ha</p>
        <p><b>Phosphorus (P):</b> 35.3 mg/kg</p>
        <p><b>Potassium (K):</b> 192.4 mg/kg</p>
        <p><b>Organic Carbon (OC):</b> 0.3 %</p>
        <p><b>Coordinates:</b> 14.541415°N, 80.128008°E</p>
      ]]></description>
      <Point>
        <coordinates>80.128008,14.541415,0</coordinates>
      </Point>
    </Placemark>
    <Placemark>
      <name>Point_474</name>
      <styleUrl>#soil_point</styleUrl>
      <TimeSpan>
        <begin>2025-01-01</begin>
        <end>2026-12-30</end>
      </TimeSpan>
      <description><![CDATA[
        <h3>Soil Health Card Record</h3>
        <p><b>Point ID:</b> Point_474</p>
        <p><b>Validity Period:</b> 2025-01-01 to 2026-12-30</p>
        <p><b>Nitrogen (N):</b> 63.0 kg/ha</p>
        <p><b>Phosphorus (P):</b> 35.3 mg/kg</p>
        <p><b>Potassium (K):</b> 192.4 mg/kg</p>
        <p><b>Organic Carbon (OC):</b> 0.3 %</p>
        <p><b>Coordinates:</b> 14.541314°N, 80.128142°E</p>
      ]]></description>
      <Point>
        <coordinates>80.128142,14.541314,0</coordinates>
      </Point>
    </Placemark>
    <Placemark>
      <name>Point_475</name>
      <styleUrl>#soil_point</styleUrl>
      <TimeSpan>
        <begin>2025-01-01</begin>
        <end>2026-12-30</end>
      </TimeSpan>
      <description><![CDATA[
        <h3>Soil Health Card Record</h3>
        <p><b>Point ID:</b> Point_475</p>
        <p><b>Validity Period:</b> 2025-01-01 to 2026-12-30</p>
        <p><b>Nitrogen (N):</b> 88.0 kg/ha</p>
        <p><b>Phosphorus (P):</b> 13.8 mg/kg</p>
        <p><b>Potassium (K):</b> 279.3 mg/kg</p>
        <p><b>Organic Carbon (OC):</b> 0.05 %</p>
        <p><b>Coordinates:</b> 14.541626°N, 80.129479°E</p>
      ]]></description>
      <Point>
        <coordinates>80.129479,14.541626,0</coordinates>
      </Point>
    </Placemark>
    <Placemark>
      <name>Point_476</name>
      <styleUrl>#soil_point</styleUrl>
      <TimeSpan>
        <begin>2025-01-01</begin>
        <end>2026-12-30</end>
      </TimeSpan>
      <description><![CDATA[
        <h3>Soil Health Card Record</h3>
        <p><b>Point ID:</b> Point_476</p>
        <p><b>Validity Period:</b> 2025-01-01 to 2026-12-30</p>
        <p><b>Nitrogen (N):</b> 226.0 kg/ha</p>
        <p><b>Phosphorus (P):</b> 42.4 mg/kg</p>
        <p><b>Potassium (K):</b> 447.0 mg/kg</p>
        <p><b>Organic Carbon (OC):</b> 0.27 %</p>
        <p><b>Coordinates:</b> 14.855828°N, 79.994838°E</p>
      ]]></description>
      <Point>
        <coordinates>79.994838,14.855828,0</coordinates>
      </Point>
    </Placemark>
    <Placemark>
      <name>Point_477</name>
      <styleUrl>#soil_point</styleUrl>
      <TimeSpan>
        <begin>2025-01-01</begin>
        <end>2026-12-30</end>
      </TimeSpan>
      <description><![CDATA[
        <h3>Soil Health Card Record</h3>
        <p><b>Point ID:</b> Point_477</p>
        <p><b>Validity Period:</b> 2025-01-01 to 2026-12-30</p>
        <p><b>Nitrogen (N):</b> 151.0 kg/ha</p>
        <p><b>Phosphorus (P):</b> 16.9 mg/kg</p>
        <p><b>Potassium (K):</b> 323.0 mg/kg</p>
        <p><b>Organic Carbon (OC):</b> 0.25 %</p>
        <p><b>Coordinates:</b> 14.870078°N, 80.003037°E</p>
      ]]></description>
      <Point>
        <coordinates>80.003037,14.870078,0</coordinates>
      </Point>
    </Placemark>
    <Placemark>
      <name>Point_478</name>
      <styleUrl>#soil_point</styleUrl>
      <TimeSpan>
        <begin>2025-01-01</begin>
        <end>2026-12-30</end>
      </TimeSpan>
      <description><![CDATA[
        <h3>Soil Health Card Record</h3>
        <p><b>Point ID:</b> Point_478</p>
        <p><b>Validity Period:</b> 2025-01-01 to 2026-12-30</p>
        <p><b>Nitrogen (N):</b> 188.0 kg/ha</p>
        <p><b>Phosphorus (P):</b> 9.2 mg/kg</p>
        <p><b>Potassium (K):</b> 354.0 mg/kg</p>
        <p><b>Organic Carbon (OC):</b> 0.1 %</p>
        <p><b>Coordinates:</b> 14.868716°N, 79.998833°E</p>
      ]]></description>
      <Point>
        <coordinates>79.998833,14.868716,0</coordinates>
      </Point>
    </Placemark>
    <Placemark>
      <name>Point_479</name>
      <styleUrl>#soil_point</styleUrl>
      <TimeSpan>
        <begin>2025-01-01</begin>
        <end>2026-12-30</end>
      </TimeSpan>
      <description><![CDATA[
        <h3>Soil Health Card Record</h3>
        <p><b>Point ID:</b> Point_479</p>
        <p><b>Validity Period:</b> 2025-01-01 to 2026-12-30</p>
        <p><b>Nitrogen (N):</b> 251.0 kg/ha</p>
        <p><b>Phosphorus (P):</b> 36.9 mg/kg</p>
        <p><b>Potassium (K):</b> 366.0 mg/kg</p>
        <p><b>Organic Carbon (OC):</b> 0.18 %</p>
        <p><b>Coordinates:</b> 14.864551°N, 80.004614°E</p>
      ]]></description>
      <Point>
        <coordinates>80.004614,14.864551,0</coordinates>
      </Point>
    </Placemark>
    <Placemark>
      <name>Point_480</name>
      <styleUrl>#soil_point</styleUrl>
      <TimeSpan>
        <begin>2025-01-01</begin>
        <end>2026-12-30</end>
      </TimeSpan>
      <description><![CDATA[
        <h3>Soil Health Card Record</h3>
        <p><b>Point ID:</b> Point_480</p>
        <p><b>Validity Period:</b> 2025-01-01 to 2026-12-30</p>
        <p><b>Nitrogen (N):</b> 226.0 kg/ha</p>
        <p><b>Phosphorus (P):</b> 10.8 mg/kg</p>
        <p><b>Potassium (K):</b> 621.0 mg/kg</p>
        <p><b>Organic Carbon (OC):</b> 0.58 %</p>
        <p><b>Coordinates:</b> 14.862012°N, 79.992105°E</p>
      ]]></description>
      <Point>
        <coordinates>79.992105,14.862012,0</coordinates>
      </Point>
    </Placemark>
    <Placemark>
      <name>Point_481</name>
      <styleUrl>#soil_point</styleUrl>
      <TimeSpan>
        <begin>2025-01-01</begin>
        <end>2026-12-30</end>
      </TimeSpan>
      <description><![CDATA[
        <h3>Soil Health Card Record</h3>
        <p><b>Point ID:</b> Point_481</p>
        <p><b>Validity Period:</b> 2025-01-01 to 2026-12-30</p>
        <p><b>Nitrogen (N):</b> 301.0 kg/ha</p>
        <p><b>Phosphorus (P):</b> 139.0 mg/kg</p>
        <p><b>Potassium (K):</b> 366.0 mg/kg</p>
        <p><b>Organic Carbon (OC):</b> 0.16 %</p>
        <p><b>Coordinates:</b> 14.860184°N, 79.997782°E</p>
      ]]></description>
      <Point>
        <coordinates>79.997782,14.860184,0</coordinates>
      </Point>
    </Placemark>
    <Placemark>
      <name>Point_482</name>
      <styleUrl>#soil_point</styleUrl>
      <TimeSpan>
        <begin>2025-01-01</begin>
        <end>2026-12-30</end>
      </TimeSpan>
      <description><![CDATA[
        <h3>Soil Health Card Record</h3>
        <p><b>Point ID:</b> Point_482</p>
        <p><b>Validity Period:</b> 2025-01-01 to 2026-12-30</p>
        <p><b>Nitrogen (N):</b> 276.0 kg/ha</p>
        <p><b>Phosphorus (P):</b> 20.0 mg/kg</p>
        <p><b>Potassium (K):</b> 546.0 mg/kg</p>
        <p><b>Organic Carbon (OC):</b> 0.18 %</p>
        <p><b>Coordinates:</b> 14.858254°N, 79.995889°E</p>
      ]]></description>
      <Point>
        <coordinates>79.995889,14.858254,0</coordinates>
      </Point>
    </Placemark>
    <Placemark>
      <name>Point_483</name>
      <styleUrl>#soil_point</styleUrl>
      <TimeSpan>
        <begin>2025-01-01</begin>
        <end>2026-12-30</end>
      </TimeSpan>
      <description><![CDATA[
        <h3>Soil Health Card Record</h3>
        <p><b>Point ID:</b> Point_483</p>
        <p><b>Validity Period:</b> 2025-01-01 to 2026-12-30</p>
        <p><b>Nitrogen (N):</b> 226.0 kg/ha</p>
        <p><b>Phosphorus (P):</b> 2.9 mg/kg</p>
        <p><b>Potassium (K):</b> 35.1 mg/kg</p>
        <p><b>Organic Carbon (OC):</b> 0.71 %</p>
        <p><b>Coordinates:</b> 14.276761°N, 80.102039°E</p>
      ]]></description>
      <Point>
        <coordinates>80.102039,14.276761,0</coordinates>
      </Point>
    </Placemark>
    <Placemark>
      <name>Point_484</name>
      <styleUrl>#soil_point</styleUrl>
      <TimeSpan>
        <begin>2025-01-01</begin>
        <end>2026-12-30</end>
      </TimeSpan>
      <description><![CDATA[
        <h3>Soil Health Card Record</h3>
        <p><b>Point ID:</b> Point_484</p>
        <p><b>Validity Period:</b> 2025-01-01 to 2026-12-30</p>
        <p><b>Nitrogen (N):</b> 263.0 kg/ha</p>
        <p><b>Phosphorus (P):</b> 6.5 mg/kg</p>
        <p><b>Potassium (K):</b> 203.7 mg/kg</p>
        <p><b>Organic Carbon (OC):</b> 0.91 %</p>
        <p><b>Coordinates:</b> 14.277084°N, 80.098268°E</p>
      ]]></description>
      <Point>
        <coordinates>80.098268,14.277084,0</coordinates>
      </Point>
    </Placemark>
    <Placemark>
      <name>Point_485</name>
      <styleUrl>#soil_point</styleUrl>
      <TimeSpan>
        <begin>2025-01-01</begin>
        <end>2026-12-30</end>
      </TimeSpan>
      <description><![CDATA[
        <h3>Soil Health Card Record</h3>
        <p><b>Point ID:</b> Point_485</p>
        <p><b>Validity Period:</b> 2025-01-01 to 2026-12-30</p>
        <p><b>Nitrogen (N):</b> 251.0 kg/ha</p>
        <p><b>Phosphorus (P):</b> 27.6 mg/kg</p>
        <p><b>Potassium (K):</b> 63.2 mg/kg</p>
        <p><b>Organic Carbon (OC):</b> 0.53 %</p>
        <p><b>Coordinates:</b> 14.276664°N, 80.094731°E</p>
      ]]></description>
      <Point>
        <coordinates>80.094731,14.276664,0</coordinates>
      </Point>
    </Placemark>
    <Placemark>
      <name>Point_486</name>
      <styleUrl>#soil_point</styleUrl>
      <TimeSpan>
        <begin>2025-01-01</begin>
        <end>2026-12-30</end>
      </TimeSpan>
      <description><![CDATA[
        <h3>Soil Health Card Record</h3>
        <p><b>Point ID:</b> Point_486</p>
        <p><b>Validity Period:</b> 2025-01-01 to 2026-12-30</p>
        <p><b>Nitrogen (N):</b> 176.0 kg/ha</p>
        <p><b>Phosphorus (P):</b> 5.9 mg/kg</p>
        <p><b>Potassium (K):</b> 77.3 mg/kg</p>
        <p><b>Organic Carbon (OC):</b> 0.34 %</p>
        <p><b>Coordinates:</b> 14.277861°N, 80.093830°E</p>
      ]]></description>
      <Point>
        <coordinates>80.09383,14.277861,0</coordinates>
      </Point>
    </Placemark>
    <Placemark>
      <name>Point_487</name>
      <styleUrl>#soil_point</styleUrl>
      <TimeSpan>
        <begin>2025-01-01</begin>
        <end>2026-12-30</end>
      </TimeSpan>
      <description><![CDATA[
        <h3>Soil Health Card Record</h3>
        <p><b>Point ID:</b> Point_487</p>
        <p><b>Validity Period:</b> 2025-01-01 to 2026-12-30</p>
        <p><b>Nitrogen (N):</b> 100.0 kg/ha</p>
        <p><b>Phosphorus (P):</b> 19.4 mg/kg</p>
        <p><b>Potassium (K):</b> 70.2 mg/kg</p>
        <p><b>Organic Carbon (OC):</b> 0.13 %</p>
        <p><b>Coordinates:</b> 14.276632°N, 80.088457°E</p>
      ]]></description>
      <Point>
        <coordinates>80.088457,14.276632,0</coordinates>
      </Point>
    </Placemark>
    <Placemark>
      <name>Point_488</name>
      <styleUrl>#soil_point</styleUrl>
      <TimeSpan>
        <begin>2025-01-01</begin>
        <end>2026-12-30</end>
      </TimeSpan>
      <description><![CDATA[
        <h3>Soil Health Card Record</h3>
        <p><b>Point ID:</b> Point_488</p>
        <p><b>Validity Period:</b> 2025-01-01 to 2026-12-30</p>
        <p><b>Nitrogen (N):</b> 176.0 kg/ha</p>
        <p><b>Phosphorus (P):</b> 3.5 mg/kg</p>
        <p><b>Potassium (K):</b> 147.5 mg/kg</p>
        <p><b>Organic Carbon (OC):</b> 0.53 %</p>
        <p><b>Coordinates:</b> 14.279219°N, 80.090159°E</p>
      ]]></description>
      <Point>
        <coordinates>80.090159,14.279219,0</coordinates>
      </Point>
    </Placemark>
    <Placemark>
      <name>Point_489</name>
      <styleUrl>#soil_point</styleUrl>
      <TimeSpan>
        <begin>2025-01-01</begin>
        <end>2026-12-30</end>
      </TimeSpan>
      <description><![CDATA[
        <h3>Soil Health Card Record</h3>
        <p><b>Point ID:</b> Point_489</p>
        <p><b>Validity Period:</b> 2025-01-01 to 2026-12-30</p>
        <p><b>Nitrogen (N):</b> 201.0 kg/ha</p>
        <p><b>Phosphorus (P):</b> 0.6 mg/kg</p>
        <p><b>Potassium (K):</b> 56.2 mg/kg</p>
        <p><b>Organic Carbon (OC):</b> 0.9 %</p>
        <p><b>Coordinates:</b> 14.276955°N, 80.083919°E</p>
      ]]></description>
      <Point>
        <coordinates>80.083919,14.276955,0</coordinates>
      </Point>
    </Placemark>
    <Placemark>
      <name>Point_490</name>
      <styleUrl>#soil_point</styleUrl>
      <TimeSpan>
        <begin>2025-01-01</begin>
        <end>2026-12-30</end>
      </TimeSpan>
      <description><![CDATA[
        <h3>Soil Health Card Record</h3>
        <p><b>Point ID:</b> Point_490</p>
        <p><b>Validity Period:</b> 2025-01-01 to 2026-12-30</p>
        <p><b>Nitrogen (N):</b> 213.0 kg/ha</p>
        <p><b>Phosphorus (P):</b> 28.8 mg/kg</p>
        <p><b>Potassium (K):</b> 91.3 mg/kg</p>
        <p><b>Organic Carbon (OC):</b> 1.15 %</p>
        <p><b>Coordinates:</b> 14.277050°N, 80.080130°E</p>
      ]]></description>
      <Point>
        <coordinates>80.08013,14.27705,0</coordinates>
      </Point>
    </Placemark>
    <Placemark>
      <name>Point_491</name>
      <styleUrl>#soil_point</styleUrl>
      <TimeSpan>
        <begin>2025-01-01</begin>
        <end>2026-12-30</end>
      </TimeSpan>
      <description><![CDATA[
        <h3>Soil Health Card Record</h3>
        <p><b>Point ID:</b> Point_491</p>
        <p><b>Validity Period:</b> 2025-01-01 to 2026-12-30</p>
        <p><b>Nitrogen (N):</b> 213.0 kg/ha</p>
        <p><b>Phosphorus (P):</b> 28.8 mg/kg</p>
        <p><b>Potassium (K):</b> 91.3 mg/kg</p>
        <p><b>Organic Carbon (OC):</b> 1.15 %</p>
        <p><b>Coordinates:</b> 14.277099°N, 80.080144°E</p>
      ]]></description>
      <Point>
        <coordinates>80.080144,14.277099,0</coordinates>
      </Point>
    </Placemark>
    <Placemark>
      <name>Point_492</name>
      <styleUrl>#soil_point</styleUrl>
      <TimeSpan>
        <begin>2025-01-01</begin>
        <end>2026-12-30</end>
      </TimeSpan>
      <description><![CDATA[
        <h3>Soil Health Card Record</h3>
        <p><b>Point ID:</b> Point_492</p>
        <p><b>Validity Period:</b> 2025-01-01 to 2026-12-30</p>
        <p><b>Nitrogen (N):</b> 188.0 kg/ha</p>
        <p><b>Phosphorus (P):</b> 11.7 mg/kg</p>
        <p><b>Potassium (K):</b> 133.4 mg/kg</p>
        <p><b>Organic Carbon (OC):</b> 0.68 %</p>
        <p><b>Coordinates:</b> 14.279045°N, 80.080335°E</p>
      ]]></description>
      <Point>
        <coordinates>80.080335,14.279045,0</coordinates>
      </Point>
    </Placemark>
    <Placemark>
      <name>Point_493</name>
      <styleUrl>#soil_point</styleUrl>
      <TimeSpan>
        <begin>2025-01-01</begin>
        <end>2026-12-30</end>
      </TimeSpan>
      <description><![CDATA[
        <h3>Soil Health Card Record</h3>
        <p><b>Point ID:</b> Point_493</p>
        <p><b>Validity Period:</b> 2025-01-01 to 2026-12-30</p>
        <p><b>Nitrogen (N):</b> 125.0 kg/ha</p>
        <p><b>Phosphorus (P):</b> 2.9 mg/kg</p>
        <p><b>Potassium (K):</b> 154.5 mg/kg</p>
        <p><b>Organic Carbon (OC):</b> 0.91 %</p>
        <p><b>Coordinates:</b> 14.278858°N, 80.082348°E</p>
      ]]></description>
      <Point>
        <coordinates>80.082348,14.278858,0</coordinates>
      </Point>
    </Placemark>
    <Placemark>
      <name>Point_494</name>
      <styleUrl>#soil_point</styleUrl>
      <TimeSpan>
        <begin>2025-01-01</begin>
        <end>2026-12-30</end>
      </TimeSpan>
      <description><![CDATA[
        <h3>Soil Health Card Record</h3>
        <p><b>Point ID:</b> Point_494</p>
        <p><b>Validity Period:</b> 2025-01-01 to 2026-12-30</p>
        <p><b>Nitrogen (N):</b> 263.0 kg/ha</p>
        <p><b>Phosphorus (P):</b> 13.5 mg/kg</p>
        <p><b>Potassium (K):</b> 175.6 mg/kg</p>
        <p><b>Organic Carbon (OC):</b> 1.13 %</p>
        <p><b>Coordinates:</b> 14.281128°N, 80.081286°E</p>
      ]]></description>
      <Point>
        <coordinates>80.081286,14.281128,0</coordinates>
      </Point>
    </Placemark>
    <Placemark>
      <name>Point_495</name>
      <styleUrl>#soil_point</styleUrl>
      <TimeSpan>
        <begin>2025-01-01</begin>
        <end>2026-12-30</end>
      </TimeSpan>
      <description><![CDATA[
        <h3>Soil Health Card Record</h3>
        <p><b>Point ID:</b> Point_495</p>
        <p><b>Validity Period:</b> 2025-01-01 to 2026-12-30</p>
        <p><b>Nitrogen (N):</b> 263.0 kg/ha</p>
        <p><b>Phosphorus (P):</b> 13.5 mg/kg</p>
        <p><b>Potassium (K):</b> 175.6 mg/kg</p>
        <p><b>Organic Carbon (OC):</b> 1.13 %</p>
        <p><b>Coordinates:</b> 14.281983°N, 80.082436°E</p>
      ]]></description>
      <Point>
        <coordinates>80.082436,14.281983,0</coordinates>
      </Point>
    </Placemark>
    <Placemark>
      <name>Point_496</name>
      <styleUrl>#soil_point</styleUrl>
      <TimeSpan>
        <begin>2025-01-01</begin>
        <end>2026-12-30</end>
      </TimeSpan>
      <description><![CDATA[
        <h3>Soil Health Card Record</h3>
        <p><b>Point ID:</b> Point_496</p>
        <p><b>Validity Period:</b> 2025-01-01 to 2026-12-30</p>
        <p><b>Nitrogen (N):</b> 63.0 kg/ha</p>
        <p><b>Phosphorus (P):</b> 27.0 mg/kg</p>
        <p><b>Potassium (K):</b> 70.2 mg/kg</p>
        <p><b>Organic Carbon (OC):</b> 0.63 %</p>
        <p><b>Coordinates:</b> 14.286568°N, 80.097605°E</p>
      ]]></description>
      <Point>
        <coordinates>80.097605,14.286568,0</coordinates>
      </Point>
    </Placemark>
    <Placemark>
      <name>Point_497</name>
      <styleUrl>#soil_point</styleUrl>
      <TimeSpan>
        <begin>2025-01-01</begin>
        <end>2026-12-30</end>
      </TimeSpan>
      <description><![CDATA[
        <h3>Soil Health Card Record</h3>
        <p><b>Point ID:</b> Point_497</p>
        <p><b>Validity Period:</b> 2025-01-01 to 2026-12-30</p>
        <p><b>Nitrogen (N):</b> 63.0 kg/ha</p>
        <p><b>Phosphorus (P):</b> 27.0 mg/kg</p>
        <p><b>Potassium (K):</b> 70.2 mg/kg</p>
        <p><b>Organic Carbon (OC):</b> 0.63 %</p>
        <p><b>Coordinates:</b> 14.286703°N, 80.097016°E</p>
      ]]></description>
      <Point>
        <coordinates>80.097016,14.286703,0</coordinates>
      </Point>
    </Placemark>
    <Placemark>
      <name>Point_498</name>
      <styleUrl>#soil_point</styleUrl>
      <TimeSpan>
        <begin>2025-01-01</begin>
        <end>2026-12-30</end>
      </TimeSpan>
      <description><![CDATA[
        <h3>Soil Health Card Record</h3>
        <p><b>Point ID:</b> Point_498</p>
        <p><b>Validity Period:</b> 2025-01-01 to 2026-12-30</p>
        <p><b>Nitrogen (N):</b> 176.0 kg/ha</p>
        <p><b>Phosphorus (P):</b> 1.8 mg/kg</p>
        <p><b>Potassium (K):</b> 77.3 mg/kg</p>
        <p><b>Organic Carbon (OC):</b> 0.94 %</p>
        <p><b>Coordinates:</b> 14.289284°N, 80.095578°E</p>
      ]]></description>
      <Point>
        <coordinates>80.095578,14.289284,0</coordinates>
      </Point>
    </Placemark>
    <Placemark>
      <name>Point_499</name>
      <styleUrl>#soil_point</styleUrl>
      <TimeSpan>
        <begin>2025-01-01</begin>
        <end>2026-12-30</end>
      </TimeSpan>
      <description><![CDATA[
        <h3>Soil Health Card Record</h3>
        <p><b>Point ID:</b> Point_499</p>
        <p><b>Validity Period:</b> 2025-01-01 to 2026-12-30</p>
        <p><b>Nitrogen (N):</b> 176.0 kg/ha</p>
        <p><b>Phosphorus (P):</b> 1.8 mg/kg</p>
        <p><b>Potassium (K):</b> 77.3 mg/kg</p>
        <p><b>Organic Carbon (OC):</b> 0.94 %</p>
        <p><b>Coordinates:</b> 14.289233°N, 80.095582°E</p>
      ]]></description>
      <Point>
        <coordinates>80.095582,14.289233,0</coordinates>
      </Point>
    </Placemark>
    <Placemark>
      <name>Point_500</name>
      <styleUrl>#soil_point</styleUrl>
      <TimeSpan>
        <begin>2025-01-01</begin>
        <end>2026-12-30</end>
      </TimeSpan>
      <description><![CDATA[
        <h3>Soil Health Card Record</h3>
        <p><b>Point ID:</b> Point_500</p>
        <p><b>Validity Period:</b> 2025-01-01 to 2026-12-30</p>
        <p><b>Nitrogen (N):</b> 113.0 kg/ha</p>
        <p><b>Phosphorus (P):</b> 135.9 mg/kg</p>
        <p><b>Potassium (K):</b> 130.4 mg/kg</p>
        <p><b>Organic Carbon (OC):</b> 0.05 %</p>
        <p><b>Coordinates:</b> 14.517580°N, 80.158116°E</p>
      ]]></description>
      <Point>
        <coordinates>80.158116,14.51758,0</coordinates>
      </Point>
    </Placemark>
    <Placemark>
      <name>Point_501</name>
      <styleUrl>#soil_point</styleUrl>
      <TimeSpan>
        <begin>2025-01-01</begin>
        <end>2026-12-30</end>
      </TimeSpan>
      <description><![CDATA[
        <h3>Soil Health Card Record</h3>
        <p><b>Point ID:</b> Point_501</p>
        <p><b>Validity Period:</b> 2025-01-01 to 2026-12-30</p>
        <p><b>Nitrogen (N):</b> 138.0 kg/ha</p>
        <p><b>Phosphorus (P):</b> 178.2 mg/kg</p>
        <p><b>Potassium (K):</b> 484.2 mg/kg</p>
        <p><b>Organic Carbon (OC):</b> 0.19 %</p>
        <p><b>Coordinates:</b> 14.515335°N, 80.161871°E</p>
      ]]></description>
      <Point>
        <coordinates>80.161871,14.515335,0</coordinates>
      </Point>
    </Placemark>
    <Placemark>
      <name>Point_502</name>
      <styleUrl>#soil_point</styleUrl>
      <TimeSpan>
        <begin>2025-01-01</begin>
        <end>2026-12-30</end>
      </TimeSpan>
      <description><![CDATA[
        <h3>Soil Health Card Record</h3>
        <p><b>Point ID:</b> Point_502</p>
        <p><b>Validity Period:</b> 2025-01-01 to 2026-12-30</p>
        <p><b>Nitrogen (N):</b> 151.0 kg/ha</p>
        <p><b>Phosphorus (P):</b> 223.0 mg/kg</p>
        <p><b>Potassium (K):</b> 198.6 mg/kg</p>
        <p><b>Organic Carbon (OC):</b> 0.05 %</p>
        <p><b>Coordinates:</b> 14.514731°N, 80.162164°E</p>
      ]]></description>
      <Point>
        <coordinates>80.162164,14.514731,0</coordinates>
      </Point>
    </Placemark>
    <Placemark>
      <name>Point_503</name>
      <styleUrl>#soil_point</styleUrl>
      <TimeSpan>
        <begin>2025-01-01</begin>
        <end>2026-12-30</end>
      </TimeSpan>
      <description><![CDATA[
        <h3>Soil Health Card Record</h3>
        <p><b>Point ID:</b> Point_503</p>
        <p><b>Validity Period:</b> 2025-01-01 to 2026-12-30</p>
        <p><b>Nitrogen (N):</b> 151.0 kg/ha</p>
        <p><b>Phosphorus (P):</b> 223.0 mg/kg</p>
        <p><b>Potassium (K):</b> 198.6 mg/kg</p>
        <p><b>Organic Carbon (OC):</b> 0.05 %</p>
        <p><b>Coordinates:</b> 14.514328°N, 80.162089°E</p>
      ]]></description>
      <Point>
        <coordinates>80.162089,14.514328,0</coordinates>
      </Point>
    </Placemark>
    <Placemark>
      <name>Point_504</name>
      <styleUrl>#soil_point</styleUrl>
      <TimeSpan>
        <begin>2025-01-01</begin>
        <end>2026-12-30</end>
      </TimeSpan>
      <description><![CDATA[
        <h3>Soil Health Card Record</h3>
        <p><b>Point ID:</b> Point_504</p>
        <p><b>Validity Period:</b> 2025-01-01 to 2026-12-30</p>
        <p><b>Nitrogen (N):</b> 151.0 kg/ha</p>
        <p><b>Phosphorus (P):</b> 223.0 mg/kg</p>
        <p><b>Potassium (K):</b> 198.6 mg/kg</p>
        <p><b>Organic Carbon (OC):</b> 0.05 %</p>
        <p><b>Coordinates:</b> 14.514280°N, 80.162184°E</p>
      ]]></description>
      <Point>
        <coordinates>80.162184,14.51428,0</coordinates>
      </Point>
    </Placemark>
    <Placemark>
      <name>Point_505</name>
      <styleUrl>#soil_point</styleUrl>
      <TimeSpan>
        <begin>2025-01-01</begin>
        <end>2026-12-30</end>
      </TimeSpan>
      <description><![CDATA[
        <h3>Soil Health Card Record</h3>
        <p><b>Point ID:</b> Point_505</p>
        <p><b>Validity Period:</b> 2025-01-01 to 2026-12-30</p>
        <p><b>Nitrogen (N):</b> 151.0 kg/ha</p>
        <p><b>Phosphorus (P):</b> 223.0 mg/kg</p>
        <p><b>Potassium (K):</b> 198.6 mg/kg</p>
        <p><b>Organic Carbon (OC):</b> 0.05 %</p>
        <p><b>Coordinates:</b> 14.514032°N, 80.162269°E</p>
      ]]></description>
      <Point>
        <coordinates>80.162269,14.514032,0</coordinates>
      </Point>
    </Placemark>
    <Placemark>
      <name>Point_506</name>
      <styleUrl>#soil_point</styleUrl>
      <TimeSpan>
        <begin>2025-01-01</begin>
        <end>2026-12-30</end>
      </TimeSpan>
      <description><![CDATA[
        <h3>Soil Health Card Record</h3>
        <p><b>Point ID:</b> Point_506</p>
        <p><b>Validity Period:</b> 2025-01-01 to 2026-12-30</p>
        <p><b>Nitrogen (N):</b> 151.0 kg/ha</p>
        <p><b>Phosphorus (P):</b> 223.0 mg/kg</p>
        <p><b>Potassium (K):</b> 198.6 mg/kg</p>
        <p><b>Organic Carbon (OC):</b> 0.05 %</p>
        <p><b>Coordinates:</b> 14.514241°N, 80.162276°E</p>
      ]]></description>
      <Point>
        <coordinates>80.162276,14.514241,0</coordinates>
      </Point>
    </Placemark>
    <Placemark>
      <name>Point_507</name>
      <styleUrl>#soil_point</styleUrl>
      <TimeSpan>
        <begin>2025-01-01</begin>
        <end>2026-12-30</end>
      </TimeSpan>
      <description><![CDATA[
        <h3>Soil Health Card Record</h3>
        <p><b>Point ID:</b> Point_507</p>
        <p><b>Validity Period:</b> 2025-01-01 to 2026-12-30</p>
        <p><b>Nitrogen (N):</b> 201.0 kg/ha</p>
        <p><b>Phosphorus (P):</b> 223.0 mg/kg</p>
        <p><b>Potassium (K):</b> 99.3 mg/kg</p>
        <p><b>Organic Carbon (OC):</b> 0.28 %</p>
        <p><b>Coordinates:</b> 14.514491°N, 80.171652°E</p>
      ]]></description>
      <Point>
        <coordinates>80.171652,14.514491,0</coordinates>
      </Point>
    </Placemark>
    <Placemark>
      <name>Point_508</name>
      <styleUrl>#soil_point</styleUrl>
      <TimeSpan>
        <begin>2025-01-01</begin>
        <end>2026-12-30</end>
      </TimeSpan>
      <description><![CDATA[
        <h3>Soil Health Card Record</h3>
        <p><b>Point ID:</b> Point_508</p>
        <p><b>Validity Period:</b> 2025-01-01 to 2026-12-30</p>
        <p><b>Nitrogen (N):</b> 201.0 kg/ha</p>
        <p><b>Phosphorus (P):</b> 223.0 mg/kg</p>
        <p><b>Potassium (K):</b> 99.3 mg/kg</p>
        <p><b>Organic Carbon (OC):</b> 0.28 %</p>
        <p><b>Coordinates:</b> 14.514463°N, 80.171631°E</p>
      ]]></description>
      <Point>
        <coordinates>80.171631,14.514463,0</coordinates>
      </Point>
    </Placemark>
    <Placemark>
      <name>Point_509</name>
      <styleUrl>#soil_point</styleUrl>
      <TimeSpan>
        <begin>2025-01-01</begin>
        <end>2026-12-30</end>
      </TimeSpan>
      <description><![CDATA[
        <h3>Soil Health Card Record</h3>
        <p><b>Point ID:</b> Point_509</p>
        <p><b>Validity Period:</b> 2025-01-01 to 2026-12-30</p>
        <p><b>Nitrogen (N):</b> 201.0 kg/ha</p>
        <p><b>Phosphorus (P):</b> 223.0 mg/kg</p>
        <p><b>Potassium (K):</b> 99.3 mg/kg</p>
        <p><b>Organic Carbon (OC):</b> 0.28 %</p>
        <p><b>Coordinates:</b> 14.514444°N, 80.171646°E</p>
      ]]></description>
      <Point>
        <coordinates>80.171646,14.514444,0</coordinates>
      </Point>
    </Placemark>
    <Placemark>
      <name>Point_510</name>
      <styleUrl>#soil_point</styleUrl>
      <TimeSpan>
        <begin>2025-01-01</begin>
        <end>2026-12-30</end>
      </TimeSpan>
      <description><![CDATA[
        <h3>Soil Health Card Record</h3>
        <p><b>Point ID:</b> Point_510</p>
        <p><b>Validity Period:</b> 2025-01-01 to 2026-12-30</p>
        <p><b>Nitrogen (N):</b> 201.0 kg/ha</p>
        <p><b>Phosphorus (P):</b> 223.0 mg/kg</p>
        <p><b>Potassium (K):</b> 99.3 mg/kg</p>
        <p><b>Organic Carbon (OC):</b> 0.28 %</p>
        <p><b>Coordinates:</b> 14.514422°N, 80.171620°E</p>
      ]]></description>
      <Point>
        <coordinates>80.17162,14.514422,0</coordinates>
      </Point>
    </Placemark>
    <Placemark>
      <name>Point_511</name>
      <styleUrl>#soil_point</styleUrl>
      <TimeSpan>
        <begin>2025-01-01</begin>
        <end>2026-12-30</end>
      </TimeSpan>
      <description><![CDATA[
        <h3>Soil Health Card Record</h3>
        <p><b>Point ID:</b> Point_511</p>
        <p><b>Validity Period:</b> 2025-01-01 to 2026-12-30</p>
        <p><b>Nitrogen (N):</b> 201.0 kg/ha</p>
        <p><b>Phosphorus (P):</b> 223.0 mg/kg</p>
        <p><b>Potassium (K):</b> 99.3 mg/kg</p>
        <p><b>Organic Carbon (OC):</b> 0.28 %</p>
        <p><b>Coordinates:</b> 14.514463°N, 80.171676°E</p>
      ]]></description>
      <Point>
        <coordinates>80.171676,14.514463,0</coordinates>
      </Point>
    </Placemark>
    <Placemark>
      <name>Point_512</name>
      <styleUrl>#soil_point</styleUrl>
      <TimeSpan>
        <begin>2025-01-01</begin>
        <end>2026-12-30</end>
      </TimeSpan>
      <description><![CDATA[
        <h3>Soil Health Card Record</h3>
        <p><b>Point ID:</b> Point_512</p>
        <p><b>Validity Period:</b> 2025-01-01 to 2026-12-30</p>
        <p><b>Nitrogen (N):</b> 201.0 kg/ha</p>
        <p><b>Phosphorus (P):</b> 223.0 mg/kg</p>
        <p><b>Potassium (K):</b> 99.3 mg/kg</p>
        <p><b>Organic Carbon (OC):</b> 0.28 %</p>
        <p><b>Coordinates:</b> 14.514436°N, 80.171674°E</p>
      ]]></description>
      <Point>
        <coordinates>80.171674,14.514436,0</coordinates>
      </Point>
    </Placemark>
    <Placemark>
      <name>Point_513</name>
      <styleUrl>#soil_point</styleUrl>
      <TimeSpan>
        <begin>2025-01-01</begin>
        <end>2026-12-30</end>
      </TimeSpan>
      <description><![CDATA[
        <h3>Soil Health Card Record</h3>
        <p><b>Point ID:</b> Point_513</p>
        <p><b>Validity Period:</b> 2025-01-01 to 2026-12-30</p>
        <p><b>Nitrogen (N):</b> 201.0 kg/ha</p>
        <p><b>Phosphorus (P):</b> 223.0 mg/kg</p>
        <p><b>Potassium (K):</b> 99.3 mg/kg</p>
        <p><b>Organic Carbon (OC):</b> 0.28 %</p>
        <p><b>Coordinates:</b> 14.514995°N, 80.172180°E</p>
      ]]></description>
      <Point>
        <coordinates>80.17218,14.514995,0</coordinates>
      </Point>
    </Placemark>
    <Placemark>
      <name>Point_514</name>
      <styleUrl>#soil_point</styleUrl>
      <TimeSpan>
        <begin>2025-01-01</begin>
        <end>2026-12-30</end>
      </TimeSpan>
      <description><![CDATA[
        <h3>Soil Health Card Record</h3>
        <p><b>Point ID:</b> Point_514</p>
        <p><b>Validity Period:</b> 2025-01-01 to 2026-12-30</p>
        <p><b>Nitrogen (N):</b> 201.0 kg/ha</p>
        <p><b>Phosphorus (P):</b> 223.0 mg/kg</p>
        <p><b>Potassium (K):</b> 99.3 mg/kg</p>
        <p><b>Organic Carbon (OC):</b> 0.28 %</p>
        <p><b>Coordinates:</b> 14.514975°N, 80.172214°E</p>
      ]]></description>
      <Point>
        <coordinates>80.172214,14.514975,0</coordinates>
      </Point>
    </Placemark>
    <Placemark>
      <name>Point_515</name>
      <styleUrl>#soil_point</styleUrl>
      <TimeSpan>
        <begin>2025-01-01</begin>
        <end>2026-12-30</end>
      </TimeSpan>
      <description><![CDATA[
        <h3>Soil Health Card Record</h3>
        <p><b>Point ID:</b> Point_515</p>
        <p><b>Validity Period:</b> 2025-01-01 to 2026-12-30</p>
        <p><b>Nitrogen (N):</b> 100.0 kg/ha</p>
        <p><b>Phosphorus (P):</b> 12.3 mg/kg</p>
        <p><b>Potassium (K):</b> 235.9 mg/kg</p>
        <p><b>Organic Carbon (OC):</b> 3.0 %</p>
        <p><b>Coordinates:</b> 14.833557°N, 79.519049°E</p>
      ]]></description>
      <Point>
        <coordinates>79.519049,14.833557,0</coordinates>
      </Point>
    </Placemark>
    <Placemark>
      <name>Point_516</name>
      <styleUrl>#soil_point</styleUrl>
      <TimeSpan>
        <begin>2025-01-01</begin>
        <end>2026-12-30</end>
      </TimeSpan>
      <description><![CDATA[
        <h3>Soil Health Card Record</h3>
        <p><b>Point ID:</b> Point_516</p>
        <p><b>Validity Period:</b> 2025-01-01 to 2026-12-30</p>
        <p><b>Nitrogen (N):</b> 13.0 kg/ha</p>
        <p><b>Phosphorus (P):</b> 14.6 mg/kg</p>
        <p><b>Potassium (K):</b> 80.7 mg/kg</p>
        <p><b>Organic Carbon (OC):</b> 0.41 %</p>
        <p><b>Coordinates:</b> 14.846015°N, 79.530576°E</p>
      ]]></description>
      <Point>
        <coordinates>79.530576,14.846015,0</coordinates>
      </Point>
    </Placemark>
    <Placemark>
      <name>Point_517</name>
      <styleUrl>#soil_point</styleUrl>
      <TimeSpan>
        <begin>2025-01-01</begin>
        <end>2026-12-30</end>
      </TimeSpan>
      <description><![CDATA[
        <h3>Soil Health Card Record</h3>
        <p><b>Point ID:</b> Point_517</p>
        <p><b>Validity Period:</b> 2025-01-01 to 2026-12-30</p>
        <p><b>Nitrogen (N):</b> 88.0 kg/ha</p>
        <p><b>Phosphorus (P):</b> 23.8 mg/kg</p>
        <p><b>Potassium (K):</b> 173.8 mg/kg</p>
        <p><b>Organic Carbon (OC):</b> 0.24 %</p>
        <p><b>Coordinates:</b> 14.845105°N, 79.531826°E</p>
      ]]></description>
      <Point>
        <coordinates>79.531826,14.845105,0</coordinates>
      </Point>
    </Placemark>
    <Placemark>
      <name>Point_518</name>
      <styleUrl>#soil_point</styleUrl>
      <TimeSpan>
        <begin>2025-01-01</begin>
        <end>2026-12-30</end>
      </TimeSpan>
      <description><![CDATA[
        <h3>Soil Health Card Record</h3>
        <p><b>Point ID:</b> Point_518</p>
        <p><b>Validity Period:</b> 2025-01-01 to 2026-12-30</p>
        <p><b>Nitrogen (N):</b> 113.0 kg/ha</p>
        <p><b>Phosphorus (P):</b> 19.2 mg/kg</p>
        <p><b>Potassium (K):</b> 86.9 mg/kg</p>
        <p><b>Organic Carbon (OC):</b> 0.45 %</p>
        <p><b>Coordinates:</b> 14.842459°N, 79.532004°E</p>
      ]]></description>
      <Point>
        <coordinates>79.532004,14.842459,0</coordinates>
      </Point>
    </Placemark>
    <Placemark>
      <name>Point_519</name>
      <styleUrl>#soil_point</styleUrl>
      <TimeSpan>
        <begin>2025-01-01</begin>
        <end>2026-12-30</end>
      </TimeSpan>
      <description><![CDATA[
        <h3>Soil Health Card Record</h3>
        <p><b>Point ID:</b> Point_519</p>
        <p><b>Validity Period:</b> 2025-01-01 to 2026-12-30</p>
        <p><b>Nitrogen (N):</b> 50.0 kg/ha</p>
        <p><b>Phosphorus (P):</b> 26.1 mg/kg</p>
        <p><b>Potassium (K):</b> 62.1 mg/kg</p>
        <p><b>Organic Carbon (OC):</b> 0.48 %</p>
        <p><b>Coordinates:</b> 14.843092°N, 79.534980°E</p>
      ]]></description>
      <Point>
        <coordinates>79.53498,14.843092,0</coordinates>
      </Point>
    </Placemark>
    <Placemark>
      <name>Point_520</name>
      <styleUrl>#soil_point</styleUrl>
      <TimeSpan>
        <begin>2025-01-01</begin>
        <end>2026-12-30</end>
      </TimeSpan>
      <description><![CDATA[
        <h3>Soil Health Card Record</h3>
        <p><b>Point ID:</b> Point_520</p>
        <p><b>Validity Period:</b> 2025-01-01 to 2026-12-30</p>
        <p><b>Nitrogen (N):</b> 88.0 kg/ha</p>
        <p><b>Phosphorus (P):</b> 0.8 mg/kg</p>
        <p><b>Potassium (K):</b> 31.0 mg/kg</p>
        <p><b>Organic Carbon (OC):</b> 0.38 %</p>
        <p><b>Coordinates:</b> 14.843034°N, 79.536170°E</p>
      ]]></description>
      <Point>
        <coordinates>79.53617,14.843034,0</coordinates>
      </Point>
    </Placemark>
    <Placemark>
      <name>Point_521</name>
      <styleUrl>#soil_point</styleUrl>
      <TimeSpan>
        <begin>2025-01-01</begin>
        <end>2026-12-30</end>
      </TimeSpan>
      <description><![CDATA[
        <h3>Soil Health Card Record</h3>
        <p><b>Point ID:</b> Point_521</p>
        <p><b>Validity Period:</b> 2025-01-01 to 2026-12-30</p>
        <p><b>Nitrogen (N):</b> 88.0 kg/ha</p>
        <p><b>Phosphorus (P):</b> 0.8 mg/kg</p>
        <p><b>Potassium (K):</b> 31.0 mg/kg</p>
        <p><b>Organic Carbon (OC):</b> 0.38 %</p>
        <p><b>Coordinates:</b> 14.842171°N, 79.537182°E</p>
      ]]></description>
      <Point>
        <coordinates>79.537182,14.842171,0</coordinates>
      </Point>
    </Placemark>
    <Placemark>
      <name>Point_522</name>
      <styleUrl>#soil_point</styleUrl>
      <TimeSpan>
        <begin>2025-01-01</begin>
        <end>2026-12-30</end>
      </TimeSpan>
      <description><![CDATA[
        <h3>Soil Health Card Record</h3>
        <p><b>Point ID:</b> Point_522</p>
        <p><b>Validity Period:</b> 2025-01-01 to 2026-12-30</p>
        <p><b>Nitrogen (N):</b> 63.0 kg/ha</p>
        <p><b>Phosphorus (P):</b> 35.3 mg/kg</p>
        <p><b>Potassium (K):</b> 254.5 mg/kg</p>
        <p><b>Organic Carbon (OC):</b> 0.41 %</p>
        <p><b>Coordinates:</b> 14.841021°N, 79.536408°E</p>
      ]]></description>
      <Point>
        <coordinates>79.536408,14.841021,0</coordinates>
      </Point>
    </Placemark>
    <Placemark>
      <name>Point_523</name>
      <styleUrl>#soil_point</styleUrl>
      <TimeSpan>
        <begin>2025-01-01</begin>
        <end>2026-12-30</end>
      </TimeSpan>
      <description><![CDATA[
        <h3>Soil Health Card Record</h3>
        <p><b>Point ID:</b> Point_523</p>
        <p><b>Validity Period:</b> 2025-01-01 to 2026-12-30</p>
        <p><b>Nitrogen (N):</b> 125.0 kg/ha</p>
        <p><b>Phosphorus (P):</b> 13.8 mg/kg</p>
        <p><b>Potassium (K):</b> 117.9 mg/kg</p>
        <p><b>Organic Carbon (OC):</b> 0.12 %</p>
        <p><b>Coordinates:</b> 14.840100°N, 79.533909°E</p>
      ]]></description>
      <Point>
        <coordinates>79.533909,14.8401,0</coordinates>
      </Point>
    </Placemark>
    <Placemark>
      <name>Point_524</name>
      <styleUrl>#soil_point</styleUrl>
      <TimeSpan>
        <begin>2025-01-01</begin>
        <end>2026-12-30</end>
      </TimeSpan>
      <description><![CDATA[
        <h3>Soil Health Card Record</h3>
        <p><b>Point ID:</b> Point_524</p>
        <p><b>Validity Period:</b> 2025-01-01 to 2026-12-30</p>
        <p><b>Nitrogen (N):</b> 151.0 kg/ha</p>
        <p><b>Phosphorus (P):</b> 20.0 mg/kg</p>
        <p><b>Potassium (K):</b> 149.0 mg/kg</p>
        <p><b>Organic Carbon (OC):</b> 0.45 %</p>
        <p><b>Coordinates:</b> 14.839352°N, 79.532243°E</p>
      ]]></description>
      <Point>
        <coordinates>79.532243,14.839352,0</coordinates>
      </Point>
    </Placemark>
    <Placemark>
      <name>Point_525</name>
      <styleUrl>#soil_point</styleUrl>
      <TimeSpan>
        <begin>2025-01-01</begin>
        <end>2026-12-30</end>
      </TimeSpan>
      <description><![CDATA[
        <h3>Soil Health Card Record</h3>
        <p><b>Point ID:</b> Point_525</p>
        <p><b>Validity Period:</b> 2025-01-01 to 2026-12-30</p>
        <p><b>Nitrogen (N):</b> 125.0 kg/ha</p>
        <p><b>Phosphorus (P):</b> 13.8 mg/kg</p>
        <p><b>Potassium (K):</b> 117.9 mg/kg</p>
        <p><b>Organic Carbon (OC):</b> 0.12 %</p>
        <p><b>Coordinates:</b> 14.838662°N, 79.534087°E</p>
      ]]></description>
      <Point>
        <coordinates>79.534087,14.838662,0</coordinates>
      </Point>
    </Placemark>
    <Placemark>
      <name>Point_526</name>
      <styleUrl>#soil_point</styleUrl>
      <TimeSpan>
        <begin>2025-01-01</begin>
        <end>2026-12-30</end>
      </TimeSpan>
      <description><![CDATA[
        <h3>Soil Health Card Record</h3>
        <p><b>Point ID:</b> Point_526</p>
        <p><b>Validity Period:</b> 2025-01-01 to 2026-12-30</p>
        <p><b>Nitrogen (N):</b> 113.0 kg/ha</p>
        <p><b>Phosphorus (P):</b> 76.8 mg/kg</p>
        <p><b>Potassium (K):</b> 99.3 mg/kg</p>
        <p><b>Organic Carbon (OC):</b> 0.45 %</p>
        <p><b>Coordinates:</b> 14.836649°N, 79.538015°E</p>
      ]]></description>
      <Point>
        <coordinates>79.538015,14.836649,0</coordinates>
      </Point>
    </Placemark>
    <Placemark>
      <name>Point_527</name>
      <styleUrl>#soil_point</styleUrl>
      <TimeSpan>
        <begin>2025-01-01</begin>
        <end>2026-12-30</end>
      </TimeSpan>
      <description><![CDATA[
        <h3>Soil Health Card Record</h3>
        <p><b>Point ID:</b> Point_527</p>
        <p><b>Validity Period:</b> 2025-01-01 to 2026-12-30</p>
        <p><b>Nitrogen (N):</b> 88.0 kg/ha</p>
        <p><b>Phosphorus (P):</b> 23.0 mg/kg</p>
        <p><b>Potassium (K):</b> 55.9 mg/kg</p>
        <p><b>Organic Carbon (OC):</b> 0.45 %</p>
        <p><b>Coordinates:</b> 14.836591°N, 79.539741°E</p>
      ]]></description>
      <Point>
        <coordinates>79.539741,14.836591,0</coordinates>
      </Point>
    </Placemark>
    <Placemark>
      <name>Point_528</name>
      <styleUrl>#soil_point</styleUrl>
      <TimeSpan>
        <begin>2025-01-01</begin>
        <end>2026-12-30</end>
      </TimeSpan>
      <description><![CDATA[
        <h3>Soil Health Card Record</h3>
        <p><b>Point ID:</b> Point_528</p>
        <p><b>Validity Period:</b> 2025-01-01 to 2026-12-30</p>
        <p><b>Nitrogen (N):</b> 100.0 kg/ha</p>
        <p><b>Phosphorus (P):</b> 16.1 mg/kg</p>
        <p><b>Potassium (K):</b> 512.7 mg/kg</p>
        <p><b>Organic Carbon (OC):</b> 0.41 %</p>
        <p><b>Coordinates:</b> 15.047583°N, 79.668585°E</p>
      ]]></description>
      <Point>
        <coordinates>79.668585,15.047583,0</coordinates>
      </Point>
    </Placemark>
    <Placemark>
      <name>Point_529</name>
      <styleUrl>#soil_point</styleUrl>
      <TimeSpan>
        <begin>2025-01-01</begin>
        <end>2026-12-30</end>
      </TimeSpan>
      <description><![CDATA[
        <h3>Soil Health Card Record</h3>
        <p><b>Point ID:</b> Point_529</p>
        <p><b>Validity Period:</b> 2025-01-01 to 2026-12-30</p>
        <p><b>Nitrogen (N):</b> 25.0 kg/ha</p>
        <p><b>Phosphorus (P):</b> 27.6 mg/kg</p>
        <p><b>Potassium (K):</b> 526.7 mg/kg</p>
        <p><b>Organic Carbon (OC):</b> 0.21 %</p>
        <p><b>Coordinates:</b> 15.044387°N, 79.671132°E</p>
      ]]></description>
      <Point>
        <coordinates>79.671132,15.044387,0</coordinates>
      </Point>
    </Placemark>
    <Placemark>
      <name>Point_530</name>
      <styleUrl>#soil_point</styleUrl>
      <TimeSpan>
        <begin>2025-01-01</begin>
        <end>2026-12-30</end>
      </TimeSpan>
      <description><![CDATA[
        <h3>Soil Health Card Record</h3>
        <p><b>Point ID:</b> Point_530</p>
        <p><b>Validity Period:</b> 2025-01-01 to 2026-12-30</p>
        <p><b>Nitrogen (N):</b> 289.0 kg/ha</p>
        <p><b>Phosphorus (P):</b> 7.6 mg/kg</p>
        <p><b>Potassium (K):</b> 147.5 mg/kg</p>
        <p><b>Organic Carbon (OC):</b> 0.41 %</p>
        <p><b>Coordinates:</b> 14.262151°N, 80.058242°E</p>
      ]]></description>
      <Point>
        <coordinates>80.058242,14.262151,0</coordinates>
      </Point>
    </Placemark>
    <Placemark>
      <name>Point_531</name>
      <styleUrl>#soil_point</styleUrl>
      <TimeSpan>
        <begin>2025-01-01</begin>
        <end>2026-12-30</end>
      </TimeSpan>
      <description><![CDATA[
        <h3>Soil Health Card Record</h3>
        <p><b>Point ID:</b> Point_531</p>
        <p><b>Validity Period:</b> 2025-01-01 to 2026-12-30</p>
        <p><b>Nitrogen (N):</b> 226.0 kg/ha</p>
        <p><b>Phosphorus (P):</b> 20.0 mg/kg</p>
        <p><b>Potassium (K):</b> 126.4 mg/kg</p>
        <p><b>Organic Carbon (OC):</b> 0.12 %</p>
        <p><b>Coordinates:</b> 14.263299°N, 80.058622°E</p>
      ]]></description>
      <Point>
        <coordinates>80.058622,14.263299,0</coordinates>
      </Point>
    </Placemark>
    <Placemark>
      <name>Point_532</name>
      <styleUrl>#soil_point</styleUrl>
      <TimeSpan>
        <begin>2025-01-01</begin>
        <end>2026-12-30</end>
      </TimeSpan>
      <description><![CDATA[
        <h3>Soil Health Card Record</h3>
        <p><b>Point ID:</b> Point_532</p>
        <p><b>Validity Period:</b> 2025-01-01 to 2026-12-30</p>
        <p><b>Nitrogen (N):</b> 226.0 kg/ha</p>
        <p><b>Phosphorus (P):</b> 20.0 mg/kg</p>
        <p><b>Potassium (K):</b> 126.4 mg/kg</p>
        <p><b>Organic Carbon (OC):</b> 0.12 %</p>
        <p><b>Coordinates:</b> 14.263315°N, 80.058652°E</p>
      ]]></description>
      <Point>
        <coordinates>80.058652,14.263315,0</coordinates>
      </Point>
    </Placemark>
    <Placemark>
      <name>Point_533</name>
      <styleUrl>#soil_point</styleUrl>
      <TimeSpan>
        <begin>2025-01-01</begin>
        <end>2026-12-30</end>
      </TimeSpan>
      <description><![CDATA[
        <h3>Soil Health Card Record</h3>
        <p><b>Point ID:</b> Point_533</p>
        <p><b>Validity Period:</b> 2025-01-01 to 2026-12-30</p>
        <p><b>Nitrogen (N):</b> 226.0 kg/ha</p>
        <p><b>Phosphorus (P):</b> 20.0 mg/kg</p>
        <p><b>Potassium (K):</b> 126.4 mg/kg</p>
        <p><b>Organic Carbon (OC):</b> 0.12 %</p>
        <p><b>Coordinates:</b> 14.263366°N, 80.058693°E</p>
      ]]></description>
      <Point>
        <coordinates>80.058693,14.263366,0</coordinates>
      </Point>
    </Placemark>
    <Placemark>
      <name>Point_534</name>
      <styleUrl>#soil_point</styleUrl>
      <TimeSpan>
        <begin>2025-01-01</begin>
        <end>2026-12-30</end>
      </TimeSpan>
      <description><![CDATA[
        <h3>Soil Health Card Record</h3>
        <p><b>Point ID:</b> Point_534</p>
        <p><b>Validity Period:</b> 2025-01-01 to 2026-12-30</p>
        <p><b>Nitrogen (N):</b> 226.0 kg/ha</p>
        <p><b>Phosphorus (P):</b> 20.0 mg/kg</p>
        <p><b>Potassium (K):</b> 126.4 mg/kg</p>
        <p><b>Organic Carbon (OC):</b> 0.12 %</p>
        <p><b>Coordinates:</b> 14.263330°N, 80.059105°E</p>
      ]]></description>
      <Point>
        <coordinates>80.059105,14.26333,0</coordinates>
      </Point>
    </Placemark>
    <Placemark>
      <name>Point_535</name>
      <styleUrl>#soil_point</styleUrl>
      <TimeSpan>
        <begin>2025-01-01</begin>
        <end>2026-12-30</end>
      </TimeSpan>
      <description><![CDATA[
        <h3>Soil Health Card Record</h3>
        <p><b>Point ID:</b> Point_535</p>
        <p><b>Validity Period:</b> 2025-01-01 to 2026-12-30</p>
        <p><b>Nitrogen (N):</b> 176.0 kg/ha</p>
        <p><b>Phosphorus (P):</b> 0.6 mg/kg</p>
        <p><b>Potassium (K):</b> 35.1 mg/kg</p>
        <p><b>Organic Carbon (OC):</b> 0.12 %</p>
        <p><b>Coordinates:</b> 14.266408°N, 80.059528°E</p>
      ]]></description>
      <Point>
        <coordinates>80.059528,14.266408,0</coordinates>
      </Point>
    </Placemark>
    <Placemark>
      <name>Point_536</name>
      <styleUrl>#soil_point</styleUrl>
      <TimeSpan>
        <begin>2025-01-01</begin>
        <end>2026-12-30</end>
      </TimeSpan>
      <description><![CDATA[
        <h3>Soil Health Card Record</h3>
        <p><b>Point ID:</b> Point_536</p>
        <p><b>Validity Period:</b> 2025-01-01 to 2026-12-30</p>
        <p><b>Nitrogen (N):</b> 38.0 kg/ha</p>
        <p><b>Phosphorus (P):</b> 5.9 mg/kg</p>
        <p><b>Potassium (K):</b> 35.1 mg/kg</p>
        <p><b>Organic Carbon (OC):</b> 0.24 %</p>
        <p><b>Coordinates:</b> 14.269570°N, 80.058759°E</p>
      ]]></description>
      <Point>
        <coordinates>80.058759,14.26957,0</coordinates>
      </Point>
    </Placemark>
    <Placemark>
      <name>Point_537</name>
      <styleUrl>#soil_point</styleUrl>
      <TimeSpan>
        <begin>2025-01-01</begin>
        <end>2026-12-30</end>
      </TimeSpan>
      <description><![CDATA[
        <h3>Soil Health Card Record</h3>
        <p><b>Point ID:</b> Point_537</p>
        <p><b>Validity Period:</b> 2025-01-01 to 2026-12-30</p>
        <p><b>Nitrogen (N):</b> 38.0 kg/ha</p>
        <p><b>Phosphorus (P):</b> 5.9 mg/kg</p>
        <p><b>Potassium (K):</b> 35.1 mg/kg</p>
        <p><b>Organic Carbon (OC):</b> 0.24 %</p>
        <p><b>Coordinates:</b> 14.269542°N, 80.058817°E</p>
      ]]></description>
      <Point>
        <coordinates>80.058817,14.269542,0</coordinates>
      </Point>
    </Placemark>
    <Placemark>
      <name>Point_538</name>
      <styleUrl>#soil_point</styleUrl>
      <TimeSpan>
        <begin>2025-01-01</begin>
        <end>2026-12-30</end>
      </TimeSpan>
      <description><![CDATA[
        <h3>Soil Health Card Record</h3>
        <p><b>Point ID:</b> Point_538</p>
        <p><b>Validity Period:</b> 2025-01-01 to 2026-12-30</p>
        <p><b>Nitrogen (N):</b> 38.0 kg/ha</p>
        <p><b>Phosphorus (P):</b> 5.9 mg/kg</p>
        <p><b>Potassium (K):</b> 35.1 mg/kg</p>
        <p><b>Organic Carbon (OC):</b> 0.24 %</p>
        <p><b>Coordinates:</b> 14.269509°N, 80.058879°E</p>
      ]]></description>
      <Point>
        <coordinates>80.058879,14.269509,0</coordinates>
      </Point>
    </Placemark>
    <Placemark>
      <name>Point_539</name>
      <styleUrl>#soil_point</styleUrl>
      <TimeSpan>
        <begin>2025-01-01</begin>
        <end>2026-12-30</end>
      </TimeSpan>
      <description><![CDATA[
        <h3>Soil Health Card Record</h3>
        <p><b>Point ID:</b> Point_539</p>
        <p><b>Validity Period:</b> 2025-01-01 to 2026-12-30</p>
        <p><b>Nitrogen (N):</b> 38.0 kg/ha</p>
        <p><b>Phosphorus (P):</b> 5.9 mg/kg</p>
        <p><b>Potassium (K):</b> 35.1 mg/kg</p>
        <p><b>Organic Carbon (OC):</b> 0.24 %</p>
        <p><b>Coordinates:</b> 14.269495°N, 80.058937°E</p>
      ]]></description>
      <Point>
        <coordinates>80.058937,14.269495,0</coordinates>
      </Point>
    </Placemark>
    <Placemark>
      <name>Point_540</name>
      <styleUrl>#soil_point</styleUrl>
      <TimeSpan>
        <begin>2025-01-01</begin>
        <end>2026-12-30</end>
      </TimeSpan>
      <description><![CDATA[
        <h3>Soil Health Card Record</h3>
        <p><b>Point ID:</b> Point_540</p>
        <p><b>Validity Period:</b> 2025-01-01 to 2026-12-30</p>
        <p><b>Nitrogen (N):</b> 38.0 kg/ha</p>
        <p><b>Phosphorus (P):</b> 5.9 mg/kg</p>
        <p><b>Potassium (K):</b> 35.1 mg/kg</p>
        <p><b>Organic Carbon (OC):</b> 0.24 %</p>
        <p><b>Coordinates:</b> 14.269623°N, 80.059057°E</p>
      ]]></description>
      <Point>
        <coordinates>80.059057,14.269623,0</coordinates>
      </Point>
    </Placemark>
    <Placemark>
      <name>Point_541</name>
      <styleUrl>#soil_point</styleUrl>
      <TimeSpan>
        <begin>2025-01-01</begin>
        <end>2026-12-30</end>
      </TimeSpan>
      <description><![CDATA[
        <h3>Soil Health Card Record</h3>
        <p><b>Point ID:</b> Point_541</p>
        <p><b>Validity Period:</b> 2025-01-01 to 2026-12-30</p>
        <p><b>Nitrogen (N):</b> 151.0 kg/ha</p>
        <p><b>Phosphorus (P):</b> 8.8 mg/kg</p>
        <p><b>Potassium (K):</b> 105.3 mg/kg</p>
        <p><b>Organic Carbon (OC):</b> 0.16 %</p>
        <p><b>Coordinates:</b> 14.279313°N, 80.049809°E</p>
      ]]></description>
      <Point>
        <coordinates>80.049809,14.279313,0</coordinates>
      </Point>
    </Placemark>
    <Placemark>
      <name>Point_542</name>
      <styleUrl>#soil_point</styleUrl>
      <TimeSpan>
        <begin>2025-01-01</begin>
        <end>2026-12-30</end>
      </TimeSpan>
      <description><![CDATA[
        <h3>Soil Health Card Record</h3>
        <p><b>Point ID:</b> Point_542</p>
        <p><b>Validity Period:</b> 2025-01-01 to 2026-12-30</p>
        <p><b>Nitrogen (N):</b> 263.0 kg/ha</p>
        <p><b>Phosphorus (P):</b> 13.5 mg/kg</p>
        <p><b>Potassium (K):</b> 56.2 mg/kg</p>
        <p><b>Organic Carbon (OC):</b> 0.18 %</p>
        <p><b>Coordinates:</b> 14.281840°N, 80.049233°E</p>
      ]]></description>
      <Point>
        <coordinates>80.049233,14.28184,0</coordinates>
      </Point>
    </Placemark>
    <Placemark>
      <name>Point_543</name>
      <styleUrl>#soil_point</styleUrl>
      <TimeSpan>
        <begin>2025-01-01</begin>
        <end>2026-12-30</end>
      </TimeSpan>
      <description><![CDATA[
        <h3>Soil Health Card Record</h3>
        <p><b>Point ID:</b> Point_543</p>
        <p><b>Validity Period:</b> 2025-01-01 to 2026-12-30</p>
        <p><b>Nitrogen (N):</b> 301.0 kg/ha</p>
        <p><b>Phosphorus (P):</b> 29.4 mg/kg</p>
        <p><b>Potassium (K):</b> 35.1 mg/kg</p>
        <p><b>Organic Carbon (OC):</b> 0.12 %</p>
        <p><b>Coordinates:</b> 14.283765°N, 80.051839°E</p>
      ]]></description>
      <Point>
        <coordinates>80.051839,14.283765,0</coordinates>
      </Point>
    </Placemark>
    <Placemark>
      <name>Point_544</name>
      <styleUrl>#soil_point</styleUrl>
      <TimeSpan>
        <begin>2025-01-01</begin>
        <end>2026-12-30</end>
      </TimeSpan>
      <description><![CDATA[
        <h3>Soil Health Card Record</h3>
        <p><b>Point ID:</b> Point_544</p>
        <p><b>Validity Period:</b> 2025-01-01 to 2026-12-30</p>
        <p><b>Nitrogen (N):</b> 251.0 kg/ha</p>
        <p><b>Phosphorus (P):</b> 5.3 mg/kg</p>
        <p><b>Potassium (K):</b> 56.2 mg/kg</p>
        <p><b>Organic Carbon (OC):</b> 0.18 %</p>
        <p><b>Coordinates:</b> 14.287024°N, 80.052716°E</p>
      ]]></description>
      <Point>
        <coordinates>80.052716,14.287024,0</coordinates>
      </Point>
    </Placemark>
    <Placemark>
      <name>Point_545</name>
      <styleUrl>#soil_point</styleUrl>
      <TimeSpan>
        <begin>2025-01-01</begin>
        <end>2026-12-30</end>
      </TimeSpan>
      <description><![CDATA[
        <h3>Soil Health Card Record</h3>
        <p><b>Point ID:</b> Point_545</p>
        <p><b>Validity Period:</b> 2025-01-01 to 2026-12-30</p>
        <p><b>Nitrogen (N):</b> 251.0 kg/ha</p>
        <p><b>Phosphorus (P):</b> 5.3 mg/kg</p>
        <p><b>Potassium (K):</b> 56.2 mg/kg</p>
        <p><b>Organic Carbon (OC):</b> 0.18 %</p>
        <p><b>Coordinates:</b> 14.287180°N, 80.053140°E</p>
      ]]></description>
      <Point>
        <coordinates>80.05314,14.28718,0</coordinates>
      </Point>
    </Placemark>
    <Placemark>
      <name>Point_546</name>
      <styleUrl>#soil_point</styleUrl>
      <TimeSpan>
        <begin>2025-01-01</begin>
        <end>2026-12-30</end>
      </TimeSpan>
      <description><![CDATA[
        <h3>Soil Health Card Record</h3>
        <p><b>Point ID:</b> Point_546</p>
        <p><b>Validity Period:</b> 2025-01-01 to 2026-12-30</p>
        <p><b>Nitrogen (N):</b> 251.0 kg/ha</p>
        <p><b>Phosphorus (P):</b> 5.3 mg/kg</p>
        <p><b>Potassium (K):</b> 56.2 mg/kg</p>
        <p><b>Organic Carbon (OC):</b> 0.18 %</p>
        <p><b>Coordinates:</b> 14.287234°N, 80.053105°E</p>
      ]]></description>
      <Point>
        <coordinates>80.053105,14.287234,0</coordinates>
      </Point>
    </Placemark>
    <Placemark>
      <name>Point_547</name>
      <styleUrl>#soil_point</styleUrl>
      <TimeSpan>
        <begin>2025-01-01</begin>
        <end>2026-12-30</end>
      </TimeSpan>
      <description><![CDATA[
        <h3>Soil Health Card Record</h3>
        <p><b>Point ID:</b> Point_547</p>
        <p><b>Validity Period:</b> 2025-01-01 to 2026-12-30</p>
        <p><b>Nitrogen (N):</b> 138.0 kg/ha</p>
        <p><b>Phosphorus (P):</b> 10.0 mg/kg</p>
        <p><b>Potassium (K):</b> 77.3 mg/kg</p>
        <p><b>Organic Carbon (OC):</b> 0.31 %</p>
        <p><b>Coordinates:</b> 14.288771°N, 80.053383°E</p>
      ]]></description>
      <Point>
        <coordinates>80.053383,14.288771,0</coordinates>
      </Point>
    </Placemark>
    <Placemark>
      <name>Point_548</name>
      <styleUrl>#soil_point</styleUrl>
      <TimeSpan>
        <begin>2025-01-01</begin>
        <end>2026-12-30</end>
      </TimeSpan>
      <description><![CDATA[
        <h3>Soil Health Card Record</h3>
        <p><b>Point ID:</b> Point_548</p>
        <p><b>Validity Period:</b> 2025-01-01 to 2026-12-30</p>
        <p><b>Nitrogen (N):</b> 138.0 kg/ha</p>
        <p><b>Phosphorus (P):</b> 10.0 mg/kg</p>
        <p><b>Potassium (K):</b> 77.3 mg/kg</p>
        <p><b>Organic Carbon (OC):</b> 0.31 %</p>
        <p><b>Coordinates:</b> 14.288876°N, 80.053813°E</p>
      ]]></description>
      <Point>
        <coordinates>80.053813,14.288876,0</coordinates>
      </Point>
    </Placemark>
    <Placemark>
      <name>Point_549</name>
      <styleUrl>#soil_point</styleUrl>
      <TimeSpan>
        <begin>2025-01-01</begin>
        <end>2026-12-30</end>
      </TimeSpan>
      <description><![CDATA[
        <h3>Soil Health Card Record</h3>
        <p><b>Point ID:</b> Point_549</p>
        <p><b>Validity Period:</b> 2025-01-01 to 2026-12-30</p>
        <p><b>Nitrogen (N):</b> 138.0 kg/ha</p>
        <p><b>Phosphorus (P):</b> 10.0 mg/kg</p>
        <p><b>Potassium (K):</b> 77.3 mg/kg</p>
        <p><b>Organic Carbon (OC):</b> 0.31 %</p>
        <p><b>Coordinates:</b> 14.288959°N, 80.053743°E</p>
      ]]></description>
      <Point>
        <coordinates>80.053743,14.288959,0</coordinates>
      </Point>
    </Placemark>
    <Placemark>
      <name>Point_550</name>
      <styleUrl>#soil_point</styleUrl>
      <TimeSpan>
        <begin>2025-01-01</begin>
        <end>2026-12-30</end>
      </TimeSpan>
      <description><![CDATA[
        <h3>Soil Health Card Record</h3>
        <p><b>Point ID:</b> Point_550</p>
        <p><b>Validity Period:</b> 2025-01-01 to 2026-12-30</p>
        <p><b>Nitrogen (N):</b> 138.0 kg/ha</p>
        <p><b>Phosphorus (P):</b> 10.0 mg/kg</p>
        <p><b>Potassium (K):</b> 77.3 mg/kg</p>
        <p><b>Organic Carbon (OC):</b> 0.31 %</p>
        <p><b>Coordinates:</b> 14.288967°N, 80.053984°E</p>
      ]]></description>
      <Point>
        <coordinates>80.053984,14.288967,0</coordinates>
      </Point>
    </Placemark>
    <Placemark>
      <name>Point_551</name>
      <styleUrl>#soil_point</styleUrl>
      <TimeSpan>
        <begin>2025-01-01</begin>
        <end>2026-12-30</end>
      </TimeSpan>
      <description><![CDATA[
        <h3>Soil Health Card Record</h3>
        <p><b>Point ID:</b> Point_551</p>
        <p><b>Validity Period:</b> 2025-01-01 to 2026-12-30</p>
        <p><b>Nitrogen (N):</b> 138.0 kg/ha</p>
        <p><b>Phosphorus (P):</b> 10.0 mg/kg</p>
        <p><b>Potassium (K):</b> 77.3 mg/kg</p>
        <p><b>Organic Carbon (OC):</b> 0.31 %</p>
        <p><b>Coordinates:</b> 14.289140°N, 80.053914°E</p>
      ]]></description>
      <Point>
        <coordinates>80.053914,14.28914,0</coordinates>
      </Point>
    </Placemark>
    <Placemark>
      <name>Point_552</name>
      <styleUrl>#soil_point</styleUrl>
      <TimeSpan>
        <begin>2025-01-01</begin>
        <end>2026-12-30</end>
      </TimeSpan>
      <description><![CDATA[
        <h3>Soil Health Card Record</h3>
        <p><b>Point ID:</b> Point_552</p>
        <p><b>Validity Period:</b> 2025-01-01 to 2026-12-30</p>
        <p><b>Nitrogen (N):</b> 138.0 kg/ha</p>
        <p><b>Phosphorus (P):</b> 10.0 mg/kg</p>
        <p><b>Potassium (K):</b> 77.3 mg/kg</p>
        <p><b>Organic Carbon (OC):</b> 0.31 %</p>
        <p><b>Coordinates:</b> 14.289317°N, 80.054085°E</p>
      ]]></description>
      <Point>
        <coordinates>80.054085,14.289317,0</coordinates>
      </Point>
    </Placemark>
    <Placemark>
      <name>Point_553</name>
      <styleUrl>#soil_point</styleUrl>
      <TimeSpan>
        <begin>2025-01-01</begin>
        <end>2026-12-30</end>
      </TimeSpan>
      <description><![CDATA[
        <h3>Soil Health Card Record</h3>
        <p><b>Point ID:</b> Point_553</p>
        <p><b>Validity Period:</b> 2025-01-01 to 2026-12-30</p>
        <p><b>Nitrogen (N):</b> 276.0 kg/ha</p>
        <p><b>Phosphorus (P):</b> 7.0 mg/kg</p>
        <p><b>Potassium (K):</b> 56.2 mg/kg</p>
        <p><b>Organic Carbon (OC):</b> 0.14 %</p>
        <p><b>Coordinates:</b> 14.291693°N, 80.056201°E</p>
      ]]></description>
      <Point>
        <coordinates>80.056201,14.291693,0</coordinates>
      </Point>
    </Placemark>
    <Placemark>
      <name>Point_554</name>
      <styleUrl>#soil_point</styleUrl>
      <TimeSpan>
        <begin>2025-01-01</begin>
        <end>2026-12-30</end>
      </TimeSpan>
      <description><![CDATA[
        <h3>Soil Health Card Record</h3>
        <p><b>Point ID:</b> Point_554</p>
        <p><b>Validity Period:</b> 2025-01-01 to 2026-12-30</p>
        <p><b>Nitrogen (N):</b> 263.0 kg/ha</p>
        <p><b>Phosphorus (P):</b> 2.9 mg/kg</p>
        <p><b>Potassium (K):</b> 63.2 mg/kg</p>
        <p><b>Organic Carbon (OC):</b> 0.09 %</p>
        <p><b>Coordinates:</b> 14.290617°N, 80.057937°E</p>
      ]]></description>
      <Point>
        <coordinates>80.057937,14.290617,0</coordinates>
      </Point>
    </Placemark>
    <Placemark>
      <name>Point_555</name>
      <styleUrl>#soil_point</styleUrl>
      <TimeSpan>
        <begin>2025-01-01</begin>
        <end>2026-12-30</end>
      </TimeSpan>
      <description><![CDATA[
        <h3>Soil Health Card Record</h3>
        <p><b>Point ID:</b> Point_555</p>
        <p><b>Validity Period:</b> 2025-01-01 to 2026-12-30</p>
        <p><b>Nitrogen (N):</b> 289.0 kg/ha</p>
        <p><b>Phosphorus (P):</b> 17.6 mg/kg</p>
        <p><b>Potassium (K):</b> 56.2 mg/kg</p>
        <p><b>Organic Carbon (OC):</b> 0.38 %</p>
        <p><b>Coordinates:</b> 14.289395°N, 80.060751°E</p>
      ]]></description>
      <Point>
        <coordinates>80.060751,14.289395,0</coordinates>
      </Point>
    </Placemark>
    <Placemark>
      <name>Point_556</name>
      <styleUrl>#soil_point</styleUrl>
      <TimeSpan>
        <begin>2025-01-01</begin>
        <end>2026-12-30</end>
      </TimeSpan>
      <description><![CDATA[
        <h3>Soil Health Card Record</h3>
        <p><b>Point ID:</b> Point_556</p>
        <p><b>Validity Period:</b> 2025-01-01 to 2026-12-30</p>
        <p><b>Nitrogen (N):</b> 63.0 kg/ha</p>
        <p><b>Phosphorus (P):</b> nan mg/kg</p>
        <p><b>Potassium (K):</b> 13.5 mg/kg</p>
        <p><b>Organic Carbon (OC):</b> nan %</p>
        <p><b>Coordinates:</b> 13.500000°N, nan°E</p>
      ]]></description>
      <Point>
        <coordinates>nan,13.5,0</coordinates>
      </Point>
    </Placemark>
    <Placemark>
      <name>Point_557</name>
      <styleUrl>#soil_point</styleUrl>
      <TimeSpan>
        <begin>2025-01-01</begin>
        <end>2026-12-30</end>
      </TimeSpan>
      <description><![CDATA[
        <h3>Soil Health Card Record</h3>
        <p><b>Point ID:</b> Point_557</p>
        <p><b>Validity Period:</b> 2025-01-01 to 2026-12-30</p>
        <p><b>Nitrogen (N):</b> 151.0 kg/ha</p>
        <p><b>Phosphorus (P):</b> 8.4 mg/kg</p>
        <p><b>Potassium (K):</b> 198.6 mg/kg</p>
        <p><b>Organic Carbon (OC):</b> 0.22 %</p>
        <p><b>Coordinates:</b> 15.009502°N, 79.775871°E</p>
      ]]></description>
      <Point>
        <coordinates>79.775871,15.009502,0</coordinates>
      </Point>
    </Placemark>
    <Placemark>
      <name>Point_558</name>
      <styleUrl>#soil_point</styleUrl>
      <TimeSpan>
        <begin>2025-01-01</begin>
        <end>2026-12-30</end>
      </TimeSpan>
      <description><![CDATA[
        <h3>Soil Health Card Record</h3>
        <p><b>Point ID:</b> Point_558</p>
        <p><b>Validity Period:</b> 2025-01-01 to 2026-12-30</p>
        <p><b>Nitrogen (N):</b> 188.0 kg/ha</p>
        <p><b>Phosphorus (P):</b> 55.3 mg/kg</p>
        <p><b>Potassium (K):</b> 229.7 mg/kg</p>
        <p><b>Organic Carbon (OC):</b> 0.11 %</p>
        <p><b>Coordinates:</b> 15.036470°N, 79.720125°E</p>
      ]]></description>
      <Point>
        <coordinates>79.720125,15.03647,0</coordinates>
      </Point>
    </Placemark>
    <Placemark>
      <name>Point_559</name>
      <styleUrl>#soil_point</styleUrl>
      <TimeSpan>
        <begin>2025-01-01</begin>
        <end>2026-12-30</end>
      </TimeSpan>
      <description><![CDATA[
        <h3>Soil Health Card Record</h3>
        <p><b>Point ID:</b> Point_559</p>
        <p><b>Validity Period:</b> 2025-01-01 to 2026-12-30</p>
        <p><b>Nitrogen (N):</b> 50.0 kg/ha</p>
        <p><b>Phosphorus (P):</b> 29.2 mg/kg</p>
        <p><b>Potassium (K):</b> 149.0 mg/kg</p>
        <p><b>Organic Carbon (OC):</b> 0.22 %</p>
        <p><b>Coordinates:</b> 15.034682°N, 79.717137°E</p>
      ]]></description>
      <Point>
        <coordinates>79.717137,15.034682,0</coordinates>
      </Point>
    </Placemark>
    <Placemark>
      <name>Point_560</name>
      <styleUrl>#soil_point</styleUrl>
      <TimeSpan>
        <begin>2025-01-01</begin>
        <end>2026-12-30</end>
      </TimeSpan>
      <description><![CDATA[
        <h3>Soil Health Card Record</h3>
        <p><b>Point ID:</b> Point_560</p>
        <p><b>Validity Period:</b> 2025-01-01 to 2026-12-30</p>
        <p><b>Nitrogen (N):</b> 50.0 kg/ha</p>
        <p><b>Phosphorus (P):</b> 29.2 mg/kg</p>
        <p><b>Potassium (K):</b> 149.0 mg/kg</p>
        <p><b>Organic Carbon (OC):</b> 0.22 %</p>
        <p><b>Coordinates:</b> 15.035570°N, 79.719091°E</p>
      ]]></description>
      <Point>
        <coordinates>79.719091,15.03557,0</coordinates>
      </Point>
    </Placemark>
    <Placemark>
      <name>Point_561</name>
      <styleUrl>#soil_point</styleUrl>
      <TimeSpan>
        <begin>2025-01-01</begin>
        <end>2026-12-30</end>
      </TimeSpan>
      <description><![CDATA[
        <h3>Soil Health Card Record</h3>
        <p><b>Point ID:</b> Point_561</p>
        <p><b>Validity Period:</b> 2025-01-01 to 2026-12-30</p>
        <p><b>Nitrogen (N):</b> 50.0 kg/ha</p>
        <p><b>Phosphorus (P):</b> 32.3 mg/kg</p>
        <p><b>Potassium (K):</b> 235.9 mg/kg</p>
        <p><b>Organic Carbon (OC):</b> 0.19 %</p>
        <p><b>Coordinates:</b> 15.033018°N, 79.714264°E</p>
      ]]></description>
      <Point>
        <coordinates>79.714264,15.033018,0</coordinates>
      </Point>
    </Placemark>
    <Placemark>
      <name>Point_562</name>
      <styleUrl>#soil_point</styleUrl>
      <TimeSpan>
        <begin>2025-01-01</begin>
        <end>2026-12-30</end>
      </TimeSpan>
      <description><![CDATA[
        <h3>Soil Health Card Record</h3>
        <p><b>Point ID:</b> Point_562</p>
        <p><b>Validity Period:</b> 2025-01-01 to 2026-12-30</p>
        <p><b>Nitrogen (N):</b> 50.0 kg/ha</p>
        <p><b>Phosphorus (P):</b> 32.3 mg/kg</p>
        <p><b>Potassium (K):</b> 235.0 mg/kg</p>
        <p><b>Organic Carbon (OC):</b> 0.19 %</p>
        <p><b>Coordinates:</b> 15.032130°N, 79.712426°E</p>
      ]]></description>
      <Point>
        <coordinates>79.712426,15.03213,0</coordinates>
      </Point>
    </Placemark>
    <Placemark>
      <name>Point_563</name>
      <styleUrl>#soil_point</styleUrl>
      <TimeSpan>
        <begin>2025-01-01</begin>
        <end>2026-12-30</end>
      </TimeSpan>
      <description><![CDATA[
        <h3>Soil Health Card Record</h3>
        <p><b>Point ID:</b> Point_563</p>
        <p><b>Validity Period:</b> 2025-01-01 to 2026-12-30</p>
        <p><b>Nitrogen (N):</b> 100.0 kg/ha</p>
        <p><b>Phosphorus (P):</b> 10.0 mg/kg</p>
        <p><b>Potassium (K):</b> 167.6 mg/kg</p>
        <p><b>Organic Carbon (OC):</b> 0.18 %</p>
        <p><b>Coordinates:</b> 15.031242°N, 79.709323°E</p>
      ]]></description>
      <Point>
        <coordinates>79.709323,15.031242,0</coordinates>
      </Point>
    </Placemark>
    <Placemark>
      <name>Point_564</name>
      <styleUrl>#soil_point</styleUrl>
      <TimeSpan>
        <begin>2025-01-01</begin>
        <end>2026-12-30</end>
      </TimeSpan>
      <description><![CDATA[
        <h3>Soil Health Card Record</h3>
        <p><b>Point ID:</b> Point_564</p>
        <p><b>Validity Period:</b> 2025-01-01 to 2026-12-30</p>
        <p><b>Nitrogen (N):</b> 188.0 kg/ha</p>
        <p><b>Phosphorus (P):</b> 23.8 mg/kg</p>
        <p><b>Potassium (K):</b> 130.4 mg/kg</p>
        <p><b>Organic Carbon (OC):</b> 0.21 %</p>
        <p><b>Coordinates:</b> 15.022921°N, 79.721964°E</p>
      ]]></description>
      <Point>
        <coordinates>79.721964,15.022921,0</coordinates>
      </Point>
    </Placemark>
    <Placemark>
      <name>Point_565</name>
      <styleUrl>#soil_point</styleUrl>
      <TimeSpan>
        <begin>2025-01-01</begin>
        <end>2026-12-30</end>
      </TimeSpan>
      <description><![CDATA[
        <h3>Soil Health Card Record</h3>
        <p><b>Point ID:</b> Point_565</p>
        <p><b>Validity Period:</b> 2025-01-01 to 2026-12-30</p>
        <p><b>Nitrogen (N):</b> 151.0 kg/ha</p>
        <p><b>Phosphorus (P):</b> 34.6 mg/kg</p>
        <p><b>Potassium (K):</b> 155.2 mg/kg</p>
        <p><b>Organic Carbon (OC):</b> 0.06 %</p>
        <p><b>Coordinates:</b> 15.021256°N, 79.723113°E</p>
      ]]></description>
      <Point>
        <coordinates>79.723113,15.021256,0</coordinates>
      </Point>
    </Placemark>
    <Placemark>
      <name>Point_566</name>
      <styleUrl>#soil_point</styleUrl>
      <TimeSpan>
        <begin>2025-01-01</begin>
        <end>2026-12-30</end>
      </TimeSpan>
      <description><![CDATA[
        <h3>Soil Health Card Record</h3>
        <p><b>Point ID:</b> Point_566</p>
        <p><b>Validity Period:</b> 2025-01-01 to 2026-12-30</p>
        <p><b>Nitrogen (N):</b> 188.0 kg/ha</p>
        <p><b>Phosphorus (P):</b> 23.8 mg/kg</p>
        <p><b>Potassium (K):</b> 130.4 mg/kg</p>
        <p><b>Organic Carbon (OC):</b> 0.21 %</p>
        <p><b>Coordinates:</b> 15.021755°N, 79.721447°E</p>
      ]]></description>
      <Point>
        <coordinates>79.721447,15.021755,0</coordinates>
      </Point>
    </Placemark>
    <Placemark>
      <name>Point_567</name>
      <styleUrl>#soil_point</styleUrl>
      <TimeSpan>
        <begin>2025-01-01</begin>
        <end>2026-12-30</end>
      </TimeSpan>
      <description><![CDATA[
        <h3>Soil Health Card Record</h3>
        <p><b>Point ID:</b> Point_567</p>
        <p><b>Validity Period:</b> 2025-01-01 to 2026-12-30</p>
        <p><b>Nitrogen (N):</b> 151.0 kg/ha</p>
        <p><b>Phosphorus (P):</b> 8.4 mg/kg</p>
        <p><b>Potassium (K):</b> 198.6 mg/kg</p>
        <p><b>Organic Carbon (OC):</b> 0.22 %</p>
        <p><b>Coordinates:</b> 15.009650°N, 79.775296°E</p>
      ]]></description>
      <Point>
        <coordinates>79.775296,15.00965,0</coordinates>
      </Point>
    </Placemark>
    <Placemark>
      <name>Point_568</name>
      <styleUrl>#soil_point</styleUrl>
      <TimeSpan>
        <begin>2025-01-01</begin>
        <end>2026-12-30</end>
      </TimeSpan>
      <description><![CDATA[
        <h3>Soil Health Card Record</h3>
        <p><b>Point ID:</b> Point_568</p>
        <p><b>Validity Period:</b> 2025-01-01 to 2026-12-30</p>
        <p><b>Nitrogen (N):</b> 88.0 kg/ha</p>
        <p><b>Phosphorus (P):</b> 3.1 mg/kg</p>
        <p><b>Potassium (K):</b> 434.5 mg/kg</p>
        <p><b>Organic Carbon (OC):</b> 0.06 %</p>
        <p><b>Coordinates:</b> 15.011291°N, 79.693015°E</p>
      ]]></description>
      <Point>
        <coordinates>79.693015,15.011291,0</coordinates>
      </Point>
    </Placemark>
    <Placemark>
      <name>Point_569</name>
      <styleUrl>#soil_point</styleUrl>
      <TimeSpan>
        <begin>2025-01-01</begin>
        <end>2026-12-30</end>
      </TimeSpan>
      <description><![CDATA[
        <h3>Soil Health Card Record</h3>
        <p><b>Point ID:</b> Point_569</p>
        <p><b>Validity Period:</b> 2025-01-01 to 2026-12-30</p>
        <p><b>Nitrogen (N):</b> 38.0 kg/ha</p>
        <p><b>Phosphorus (P):</b> 23.0 mg/kg</p>
        <p><b>Potassium (K):</b> 254.5 mg/kg</p>
        <p><b>Organic Carbon (OC):</b> 0.25 %</p>
        <p><b>Coordinates:</b> 15.010292°N, 79.697037°E</p>
      ]]></description>
      <Point>
        <coordinates>79.697037,15.010292,0</coordinates>
      </Point>
    </Placemark>
    <Placemark>
      <name>Point_570</name>
      <styleUrl>#soil_point</styleUrl>
      <TimeSpan>
        <begin>2025-01-01</begin>
        <end>2026-12-30</end>
      </TimeSpan>
      <description><![CDATA[
        <h3>Soil Health Card Record</h3>
        <p><b>Point ID:</b> Point_570</p>
        <p><b>Validity Period:</b> 2025-01-01 to 2026-12-30</p>
        <p><b>Nitrogen (N):</b> 100.0 kg/ha</p>
        <p><b>Phosphorus (P):</b> 18.4 mg/kg</p>
        <p><b>Potassium (K):</b> 279.3 mg/kg</p>
        <p><b>Organic Carbon (OC):</b> 0.18 %</p>
        <p><b>Coordinates:</b> 15.007740°N, 79.695313°E</p>
      ]]></description>
      <Point>
        <coordinates>79.695313,15.00774,0</coordinates>
      </Point>
    </Placemark>
    <Placemark>
      <name>Point_571</name>
      <styleUrl>#soil_point</styleUrl>
      <TimeSpan>
        <begin>2025-01-01</begin>
        <end>2026-12-30</end>
      </TimeSpan>
      <description><![CDATA[
        <h3>Soil Health Card Record</h3>
        <p><b>Point ID:</b> Point_571</p>
        <p><b>Validity Period:</b> 2025-01-01 to 2026-12-30</p>
        <p><b>Nitrogen (N):</b> 113.0 kg/ha</p>
        <p><b>Phosphorus (P):</b> 23.0 mg/kg</p>
        <p><b>Potassium (K):</b> 186.2 mg/kg</p>
        <p><b>Organic Carbon (OC):</b> 0.1 %</p>
        <p><b>Coordinates:</b> 15.005853°N, 79.696003°E</p>
      ]]></description>
      <Point>
        <coordinates>79.696003,15.005853,0</coordinates>
      </Point>
    </Placemark>
    <Placemark>
      <name>Point_572</name>
      <styleUrl>#soil_point</styleUrl>
      <TimeSpan>
        <begin>2025-01-01</begin>
        <end>2026-12-30</end>
      </TimeSpan>
      <description><![CDATA[
        <h3>Soil Health Card Record</h3>
        <p><b>Point ID:</b> Point_572</p>
        <p><b>Validity Period:</b> 2025-01-01 to 2026-12-30</p>
        <p><b>Nitrogen (N):</b> 226.0 kg/ha</p>
        <p><b>Phosphorus (P):</b> 23.0 mg/kg</p>
        <p><b>Potassium (K):</b> 161.4 mg/kg</p>
        <p><b>Organic Carbon (OC):</b> 0.02 %</p>
        <p><b>Coordinates:</b> 15.005409°N, 79.693590°E</p>
      ]]></description>
      <Point>
        <coordinates>79.69359,15.005409,0</coordinates>
      </Point>
    </Placemark>
    <Placemark>
      <name>Point_573</name>
      <styleUrl>#soil_point</styleUrl>
      <TimeSpan>
        <begin>2025-01-01</begin>
        <end>2026-12-30</end>
      </TimeSpan>
      <description><![CDATA[
        <h3>Soil Health Card Record</h3>
        <p><b>Point ID:</b> Point_573</p>
        <p><b>Validity Period:</b> 2025-01-01 to 2026-12-30</p>
        <p><b>Nitrogen (N):</b> 201.0 kg/ha</p>
        <p><b>Phosphorus (P):</b> 26.9 mg/kg</p>
        <p><b>Potassium (K):</b> 223.5 mg/kg</p>
        <p><b>Organic Carbon (OC):</b> 0.31 %</p>
        <p><b>Coordinates:</b> 14.126984°N, 79.674958°E</p>
      ]]></description>
      <Point>
        <coordinates>79.674958,14.126984,0</coordinates>
      </Point>
    </Placemark>
    <Placemark>
      <name>Point_574</name>
      <styleUrl>#soil_point</styleUrl>
      <TimeSpan>
        <begin>2025-01-01</begin>
        <end>2026-12-30</end>
      </TimeSpan>
      <description><![CDATA[
        <h3>Soil Health Card Record</h3>
        <p><b>Point ID:</b> Point_574</p>
        <p><b>Validity Period:</b> 2025-01-01 to 2026-12-30</p>
        <p><b>Nitrogen (N):</b> 201.0 kg/ha</p>
        <p><b>Phosphorus (P):</b> 26.9 mg/kg</p>
        <p><b>Potassium (K):</b> 223.5 mg/kg</p>
        <p><b>Organic Carbon (OC):</b> 0.31 %</p>
        <p><b>Coordinates:</b> 14.126587°N, 79.675619°E</p>
      ]]></description>
      <Point>
        <coordinates>79.675619,14.126587,0</coordinates>
      </Point>
    </Placemark>
    <Placemark>
      <name>Point_575</name>
      <styleUrl>#soil_point</styleUrl>
      <TimeSpan>
        <begin>2025-01-01</begin>
        <end>2026-12-30</end>
      </TimeSpan>
      <description><![CDATA[
        <h3>Soil Health Card Record</h3>
        <p><b>Point ID:</b> Point_575</p>
        <p><b>Validity Period:</b> 2025-01-01 to 2026-12-30</p>
        <p><b>Nitrogen (N):</b> 163.0 kg/ha</p>
        <p><b>Phosphorus (P):</b> 12.3 mg/kg</p>
        <p><b>Potassium (K):</b> 86.9 mg/kg</p>
        <p><b>Organic Carbon (OC):</b> 0.45 %</p>
        <p><b>Coordinates:</b> 14.212202°N, 79.502550°E</p>
      ]]></description>
      <Point>
        <coordinates>79.50255,14.212202,0</coordinates>
      </Point>
    </Placemark>
    <Placemark>
      <name>Point_576</name>
      <styleUrl>#soil_point</styleUrl>
      <TimeSpan>
        <begin>2025-01-01</begin>
        <end>2026-12-30</end>
      </TimeSpan>
      <description><![CDATA[
        <h3>Soil Health Card Record</h3>
        <p><b>Point ID:</b> Point_576</p>
        <p><b>Validity Period:</b> 2025-01-01 to 2026-12-30</p>
        <p><b>Nitrogen (N):</b> 163.0 kg/ha</p>
        <p><b>Phosphorus (P):</b> 4.6 mg/kg</p>
        <p><b>Potassium (K):</b> 329.0 mg/kg</p>
        <p><b>Organic Carbon (OC):</b> 0.25 %</p>
        <p><b>Coordinates:</b> 14.221032°N, 79.490903°E</p>
      ]]></description>
      <Point>
        <coordinates>79.490903,14.221032,0</coordinates>
      </Point>
    </Placemark>
    <Placemark>
      <name>Point_577</name>
      <styleUrl>#soil_point</styleUrl>
      <TimeSpan>
        <begin>2025-01-01</begin>
        <end>2026-12-30</end>
      </TimeSpan>
      <description><![CDATA[
        <h3>Soil Health Card Record</h3>
        <p><b>Point ID:</b> Point_577</p>
        <p><b>Validity Period:</b> 2025-01-01 to 2026-12-30</p>
        <p><b>Nitrogen (N):</b> 100.0 kg/ha</p>
        <p><b>Phosphorus (P):</b> 13.8 mg/kg</p>
        <p><b>Potassium (K):</b> 558.7 mg/kg</p>
        <p><b>Organic Carbon (OC):</b> 0.56 %</p>
        <p><b>Coordinates:</b> 14.220985°N, 79.495281°E</p>
      ]]></description>
      <Point>
        <coordinates>79.495281,14.220985,0</coordinates>
      </Point>
    </Placemark>
    <Placemark>
      <name>Point_578</name>
      <styleUrl>#soil_point</styleUrl>
      <TimeSpan>
        <begin>2025-01-01</begin>
        <end>2026-12-30</end>
      </TimeSpan>
      <description><![CDATA[
        <h3>Soil Health Card Record</h3>
        <p><b>Point ID:</b> Point_578</p>
        <p><b>Validity Period:</b> 2025-01-01 to 2026-12-30</p>
        <p><b>Nitrogen (N):</b> 75.0 kg/ha</p>
        <p><b>Phosphorus (P):</b> 13.1 mg/kg</p>
        <p><b>Potassium (K):</b> 180.0 mg/kg</p>
        <p><b>Organic Carbon (OC):</b> 0.13 %</p>
        <p><b>Coordinates:</b> 14.223711°N, 79.490278°E</p>
      ]]></description>
      <Point>
        <coordinates>79.490278,14.223711,0</coordinates>
      </Point>
    </Placemark>
    <Placemark>
      <name>Point_579</name>
      <styleUrl>#soil_point</styleUrl>
      <TimeSpan>
        <begin>2025-01-01</begin>
        <end>2026-12-30</end>
      </TimeSpan>
      <description><![CDATA[
        <h3>Soil Health Card Record</h3>
        <p><b>Point ID:</b> Point_579</p>
        <p><b>Validity Period:</b> 2025-01-01 to 2026-12-30</p>
        <p><b>Nitrogen (N):</b> 75.0 kg/ha</p>
        <p><b>Phosphorus (P):</b> 13.1 mg/kg</p>
        <p><b>Potassium (K):</b> 180.0 mg/kg</p>
        <p><b>Organic Carbon (OC):</b> 0.13 %</p>
        <p><b>Coordinates:</b> 14.223555°N, 79.490169°E</p>
      ]]></description>
      <Point>
        <coordinates>79.490169,14.223555,0</coordinates>
      </Point>
    </Placemark>
    <Placemark>
      <name>Point_580</name>
      <styleUrl>#soil_point</styleUrl>
      <TimeSpan>
        <begin>2025-01-01</begin>
        <end>2026-12-30</end>
      </TimeSpan>
      <description><![CDATA[
        <h3>Soil Health Card Record</h3>
        <p><b>Point ID:</b> Point_580</p>
        <p><b>Validity Period:</b> 2025-01-01 to 2026-12-30</p>
        <p><b>Nitrogen (N):</b> 163.0 kg/ha</p>
        <p><b>Phosphorus (P):</b> 4.6 mg/kg</p>
        <p><b>Potassium (K):</b> 329.0 mg/kg</p>
        <p><b>Organic Carbon (OC):</b> 0.25 %</p>
        <p><b>Coordinates:</b> 14.222828°N, 79.490247°E</p>
      ]]></description>
      <Point>
        <coordinates>79.490247,14.222828,0</coordinates>
      </Point>
    </Placemark>
    <Placemark>
      <name>Point_581</name>
      <styleUrl>#soil_point</styleUrl>
      <TimeSpan>
        <begin>2025-01-01</begin>
        <end>2026-12-30</end>
      </TimeSpan>
      <description><![CDATA[
        <h3>Soil Health Card Record</h3>
        <p><b>Point ID:</b> Point_581</p>
        <p><b>Validity Period:</b> 2025-01-01 to 2026-12-30</p>
        <p><b>Nitrogen (N):</b> 163.0 kg/ha</p>
        <p><b>Phosphorus (P):</b> 4.6 mg/kg</p>
        <p><b>Potassium (K):</b> 329.0 mg/kg</p>
        <p><b>Organic Carbon (OC):</b> 0.25 %</p>
        <p><b>Coordinates:</b> 14.222495°N, 79.490513°E</p>
      ]]></description>
      <Point>
        <coordinates>79.490513,14.222495,0</coordinates>
      </Point>
    </Placemark>
    <Placemark>
      <name>Point_582</name>
      <styleUrl>#soil_point</styleUrl>
      <TimeSpan>
        <begin>2025-01-01</begin>
        <end>2026-12-30</end>
      </TimeSpan>
      <description><![CDATA[
        <h3>Soil Health Card Record</h3>
        <p><b>Point ID:</b> Point_582</p>
        <p><b>Validity Period:</b> 2025-01-01 to 2026-12-30</p>
        <p><b>Nitrogen (N):</b> 163.0 kg/ha</p>
        <p><b>Phosphorus (P):</b> 4.6 mg/kg</p>
        <p><b>Potassium (K):</b> 329.0 mg/kg</p>
        <p><b>Organic Carbon (OC):</b> 0.25 %</p>
        <p><b>Coordinates:</b> 14.222192°N, 79.490935°E</p>
      ]]></description>
      <Point>
        <coordinates>79.490935,14.222192,0</coordinates>
      </Point>
    </Placemark>
    <Placemark>
      <name>Point_583</name>
      <styleUrl>#soil_point</styleUrl>
      <TimeSpan>
        <begin>2025-01-01</begin>
        <end>2026-12-30</end>
      </TimeSpan>
      <description><![CDATA[
        <h3>Soil Health Card Record</h3>
        <p><b>Point ID:</b> Point_583</p>
        <p><b>Validity Period:</b> 2025-01-01 to 2026-12-30</p>
        <p><b>Nitrogen (N):</b> 163.0 kg/ha</p>
        <p><b>Phosphorus (P):</b> 4.6 mg/kg</p>
        <p><b>Potassium (K):</b> 329.0 mg/kg</p>
        <p><b>Organic Carbon (OC):</b> 0.25 %</p>
        <p><b>Coordinates:</b> 14.222055°N, 79.491044°E</p>
      ]]></description>
      <Point>
        <coordinates>79.491044,14.222055,0</coordinates>
      </Point>
    </Placemark>
    <Placemark>
      <name>Point_584</name>
      <styleUrl>#soil_point</styleUrl>
      <TimeSpan>
        <begin>2025-01-01</begin>
        <end>2026-12-30</end>
      </TimeSpan>
      <description><![CDATA[
        <h3>Soil Health Card Record</h3>
        <p><b>Point ID:</b> Point_584</p>
        <p><b>Validity Period:</b> 2025-01-01 to 2026-12-30</p>
        <p><b>Nitrogen (N):</b> 163.0 kg/ha</p>
        <p><b>Phosphorus (P):</b> 4.6 mg/kg</p>
        <p><b>Potassium (K):</b> 329.0 mg/kg</p>
        <p><b>Organic Carbon (OC):</b> 0.25 %</p>
        <p><b>Coordinates:</b> 14.221768°N, 79.491279°E</p>
      ]]></description>
      <Point>
        <coordinates>79.491279,14.221768,0</coordinates>
      </Point>
    </Placemark>
    <Placemark>
      <name>Point_585</name>
      <styleUrl>#soil_point</styleUrl>
      <TimeSpan>
        <begin>2025-01-01</begin>
        <end>2026-12-30</end>
      </TimeSpan>
      <description><![CDATA[
        <h3>Soil Health Card Record</h3>
        <p><b>Point ID:</b> Point_585</p>
        <p><b>Validity Period:</b> 2025-01-01 to 2026-12-30</p>
        <p><b>Nitrogen (N):</b> 163.0 kg/ha</p>
        <p><b>Phosphorus (P):</b> 4.6 mg/kg</p>
        <p><b>Potassium (K):</b> 329.0 mg/kg</p>
        <p><b>Organic Carbon (OC):</b> 0.25 %</p>
        <p><b>Coordinates:</b> 14.221662°N, 79.491623°E</p>
      ]]></description>
      <Point>
        <coordinates>79.491623,14.221662,0</coordinates>
      </Point>
    </Placemark>
    <Placemark>
      <name>Point_586</name>
      <styleUrl>#soil_point</styleUrl>
      <TimeSpan>
        <begin>2025-01-01</begin>
        <end>2026-12-30</end>
      </TimeSpan>
      <description><![CDATA[
        <h3>Soil Health Card Record</h3>
        <p><b>Point ID:</b> Point_586</p>
        <p><b>Validity Period:</b> 2025-01-01 to 2026-12-30</p>
        <p><b>Nitrogen (N):</b> 163.0 kg/ha</p>
        <p><b>Phosphorus (P):</b> 4.6 mg/kg</p>
        <p><b>Potassium (K):</b> 329.0 mg/kg</p>
        <p><b>Organic Carbon (OC):</b> 0.25 %</p>
        <p><b>Coordinates:</b> 14.221586°N, 79.491325°E</p>
      ]]></description>
      <Point>
        <coordinates>79.491325,14.221586,0</coordinates>
      </Point>
    </Placemark>
    <Placemark>
      <name>Point_587</name>
      <styleUrl>#soil_point</styleUrl>
      <TimeSpan>
        <begin>2025-01-01</begin>
        <end>2026-12-30</end>
      </TimeSpan>
      <description><![CDATA[
        <h3>Soil Health Card Record</h3>
        <p><b>Point ID:</b> Point_587</p>
        <p><b>Validity Period:</b> 2025-01-01 to 2026-12-30</p>
        <p><b>Nitrogen (N):</b> 163.0 kg/ha</p>
        <p><b>Phosphorus (P):</b> 4.6 mg/kg</p>
        <p><b>Potassium (K):</b> 329.0 mg/kg</p>
        <p><b>Organic Carbon (OC):</b> 0.25 %</p>
        <p><b>Coordinates:</b> 14.221510°N, 79.491544°E</p>
      ]]></description>
      <Point>
        <coordinates>79.491544,14.22151,0</coordinates>
      </Point>
    </Placemark>
    <Placemark>
      <name>Point_588</name>
      <styleUrl>#soil_point</styleUrl>
      <TimeSpan>
        <begin>2025-01-01</begin>
        <end>2026-12-30</end>
      </TimeSpan>
      <description><![CDATA[
        <h3>Soil Health Card Record</h3>
        <p><b>Point ID:</b> Point_588</p>
        <p><b>Validity Period:</b> 2025-01-01 to 2026-12-30</p>
        <p><b>Nitrogen (N):</b> 163.0 kg/ha</p>
        <p><b>Phosphorus (P):</b> 4.6 mg/kg</p>
        <p><b>Potassium (K):</b> 329.0 mg/kg</p>
        <p><b>Organic Carbon (OC):</b> 0.25 %</p>
        <p><b>Coordinates:</b> 14.221404°N, 79.490700°E</p>
      ]]></description>
      <Point>
        <coordinates>79.4907,14.221404,0</coordinates>
      </Point>
    </Placemark>
    <Placemark>
      <name>Point_589</name>
      <styleUrl>#soil_point</styleUrl>
      <TimeSpan>
        <begin>2025-01-01</begin>
        <end>2026-12-30</end>
      </TimeSpan>
      <description><![CDATA[
        <h3>Soil Health Card Record</h3>
        <p><b>Point ID:</b> Point_589</p>
        <p><b>Validity Period:</b> 2025-01-01 to 2026-12-30</p>
        <p><b>Nitrogen (N):</b> 163.0 kg/ha</p>
        <p><b>Phosphorus (P):</b> 4.6 mg/kg</p>
        <p><b>Potassium (K):</b> 329.0 mg/kg</p>
        <p><b>Organic Carbon (OC):</b> 0.25 %</p>
        <p><b>Coordinates:</b> 14.221374°N, 79.491263°E</p>
      ]]></description>
      <Point>
        <coordinates>79.491263,14.221374,0</coordinates>
      </Point>
    </Placemark>
    <Placemark>
      <name>Point_590</name>
      <styleUrl>#soil_point</styleUrl>
      <TimeSpan>
        <begin>2025-01-01</begin>
        <end>2026-12-30</end>
      </TimeSpan>
      <description><![CDATA[
        <h3>Soil Health Card Record</h3>
        <p><b>Point ID:</b> Point_590</p>
        <p><b>Validity Period:</b> 2025-01-01 to 2026-12-30</p>
        <p><b>Nitrogen (N):</b> 163.0 kg/ha</p>
        <p><b>Phosphorus (P):</b> 4.6 mg/kg</p>
        <p><b>Potassium (K):</b> 329.0 mg/kg</p>
        <p><b>Organic Carbon (OC):</b> 0.25 %</p>
        <p><b>Coordinates:</b> 14.221071°N, 79.490825°E</p>
      ]]></description>
      <Point>
        <coordinates>79.490825,14.221071,0</coordinates>
      </Point>
    </Placemark>
    <Placemark>
      <name>Point_591</name>
      <styleUrl>#soil_point</styleUrl>
      <TimeSpan>
        <begin>2025-01-01</begin>
        <end>2026-12-30</end>
      </TimeSpan>
      <description><![CDATA[
        <h3>Soil Health Card Record</h3>
        <p><b>Point ID:</b> Point_591</p>
        <p><b>Validity Period:</b> 2025-01-01 to 2026-12-30</p>
        <p><b>Nitrogen (N):</b> 201.0 kg/ha</p>
        <p><b>Phosphorus (P):</b> 20.7 mg/kg</p>
        <p><b>Potassium (K):</b> 167.6 mg/kg</p>
        <p><b>Organic Carbon (OC):</b> 0.25 %</p>
        <p><b>Coordinates:</b> 14.219931°N, 79.493345°E</p>
      ]]></description>
      <Point>
        <coordinates>79.493345,14.219931,0</coordinates>
      </Point>
    </Placemark>
    <Placemark>
      <name>Point_592</name>
      <styleUrl>#soil_point</styleUrl>
      <TimeSpan>
        <begin>2025-01-01</begin>
        <end>2026-12-30</end>
      </TimeSpan>
      <description><![CDATA[
        <h3>Soil Health Card Record</h3>
        <p><b>Point ID:</b> Point_592</p>
        <p><b>Validity Period:</b> 2025-01-01 to 2026-12-30</p>
        <p><b>Nitrogen (N):</b> 201.0 kg/ha</p>
        <p><b>Phosphorus (P):</b> 20.7 mg/kg</p>
        <p><b>Potassium (K):</b> 167.6 mg/kg</p>
        <p><b>Organic Carbon (OC):</b> 0.25 %</p>
        <p><b>Coordinates:</b> 14.219760°N, 79.493376°E</p>
      ]]></description>
      <Point>
        <coordinates>79.493376,14.21976,0</coordinates>
      </Point>
    </Placemark>
    <Placemark>
      <name>Point_593</name>
      <styleUrl>#soil_point</styleUrl>
      <TimeSpan>
        <begin>2025-01-01</begin>
        <end>2026-12-30</end>
      </TimeSpan>
      <description><![CDATA[
        <h3>Soil Health Card Record</h3>
        <p><b>Point ID:</b> Point_593</p>
        <p><b>Validity Period:</b> 2025-01-01 to 2026-12-30</p>
        <p><b>Nitrogen (N):</b> 138.0 kg/ha</p>
        <p><b>Phosphorus (P):</b> 31.5 mg/kg</p>
        <p><b>Potassium (K):</b> 136.6 mg/kg</p>
        <p><b>Organic Carbon (OC):</b> 0.25 %</p>
        <p><b>Coordinates:</b> 14.219775°N, 79.494642°E</p>
      ]]></description>
      <Point>
        <coordinates>79.494642,14.219775,0</coordinates>
      </Point>
    </Placemark>
    <Placemark>
      <name>Point_594</name>
      <styleUrl>#soil_point</styleUrl>
      <TimeSpan>
        <begin>2025-01-01</begin>
        <end>2026-12-30</end>
      </TimeSpan>
      <description><![CDATA[
        <h3>Soil Health Card Record</h3>
        <p><b>Point ID:</b> Point_594</p>
        <p><b>Validity Period:</b> 2025-01-01 to 2026-12-30</p>
        <p><b>Nitrogen (N):</b> 138.0 kg/ha</p>
        <p><b>Phosphorus (P):</b> 31.5 mg/kg</p>
        <p><b>Potassium (K):</b> 136.6 mg/kg</p>
        <p><b>Organic Carbon (OC):</b> 0.25 %</p>
        <p><b>Coordinates:</b> 14.219321°N, 79.494642°E</p>
      ]]></description>
      <Point>
        <coordinates>79.494642,14.219321,0</coordinates>
      </Point>
    </Placemark>
    <Placemark>
      <name>Point_595</name>
      <styleUrl>#soil_point</styleUrl>
      <TimeSpan>
        <begin>2025-01-01</begin>
        <end>2026-12-30</end>
      </TimeSpan>
      <description><![CDATA[
        <h3>Soil Health Card Record</h3>
        <p><b>Point ID:</b> Point_595</p>
        <p><b>Validity Period:</b> 2025-01-01 to 2026-12-30</p>
        <p><b>Nitrogen (N):</b> 113.0 kg/ha</p>
        <p><b>Phosphorus (P):</b> 10.0 mg/kg</p>
        <p><b>Potassium (K):</b> 372.4 mg/kg</p>
        <p><b>Organic Carbon (OC):</b> 0.64 %</p>
        <p><b>Coordinates:</b> 14.217731°N, 79.496878°E</p>
      ]]></description>
      <Point>
        <coordinates>79.496878,14.217731,0</coordinates>
      </Point>
    </Placemark>
    <Placemark>
      <name>Point_596</name>
      <styleUrl>#soil_point</styleUrl>
      <TimeSpan>
        <begin>2025-01-01</begin>
        <end>2026-12-30</end>
      </TimeSpan>
      <description><![CDATA[
        <h3>Soil Health Card Record</h3>
        <p><b>Point ID:</b> Point_596</p>
        <p><b>Validity Period:</b> 2025-01-01 to 2026-12-30</p>
        <p><b>Nitrogen (N):</b> 113.0 kg/ha</p>
        <p><b>Phosphorus (P):</b> 10.0 mg/kg</p>
        <p><b>Potassium (K):</b> 372.4 mg/kg</p>
        <p><b>Organic Carbon (OC):</b> 0.64 %</p>
        <p><b>Coordinates:</b> 14.217504°N, 79.496878°E</p>
      ]]></description>
      <Point>
        <coordinates>79.496878,14.217504,0</coordinates>
      </Point>
    </Placemark>
    <Placemark>
      <name>Point_597</name>
      <styleUrl>#soil_point</styleUrl>
      <TimeSpan>
        <begin>2025-01-01</begin>
        <end>2026-12-30</end>
      </TimeSpan>
      <description><![CDATA[
        <h3>Soil Health Card Record</h3>
        <p><b>Point ID:</b> Point_597</p>
        <p><b>Validity Period:</b> 2025-01-01 to 2026-12-30</p>
        <p><b>Nitrogen (N):</b> 138.0 kg/ha</p>
        <p><b>Phosphorus (P):</b> 9.2 mg/kg</p>
        <p><b>Potassium (K):</b> 155.2 mg/kg</p>
        <p><b>Organic Carbon (OC):</b> 0.25 %</p>
        <p><b>Coordinates:</b> 14.218321°N, 79.500052°E</p>
      ]]></description>
      <Point>
        <coordinates>79.500052,14.218321,0</coordinates>
      </Point>
    </Placemark>
    <Placemark>
      <name>Point_598</name>
      <styleUrl>#soil_point</styleUrl>
      <TimeSpan>
        <begin>2025-01-01</begin>
        <end>2026-12-30</end>
      </TimeSpan>
      <description><![CDATA[
        <h3>Soil Health Card Record</h3>
        <p><b>Point ID:</b> Point_598</p>
        <p><b>Validity Period:</b> 2025-01-01 to 2026-12-30</p>
        <p><b>Nitrogen (N):</b> 138.0 kg/ha</p>
        <p><b>Phosphorus (P):</b> 9.2 mg/kg</p>
        <p><b>Potassium (K):</b> 155.2 mg/kg</p>
        <p><b>Organic Carbon (OC):</b> 0.25 %</p>
        <p><b>Coordinates:</b> 14.217837°N, 79.500442°E</p>
      ]]></description>
      <Point>
        <coordinates>79.500442,14.217837,0</coordinates>
      </Point>
    </Placemark>
    <Placemark>
      <name>Point_599</name>
      <styleUrl>#soil_point</styleUrl>
      <TimeSpan>
        <begin>2025-01-01</begin>
        <end>2026-12-30</end>
      </TimeSpan>
      <description><![CDATA[
        <h3>Soil Health Card Record</h3>
        <p><b>Point ID:</b> Point_599</p>
        <p><b>Validity Period:</b> 2025-01-01 to 2026-12-30</p>
        <p><b>Nitrogen (N):</b> 138.0 kg/ha</p>
        <p><b>Phosphorus (P):</b> 9.2 mg/kg</p>
        <p><b>Potassium (K):</b> 155.2 mg/kg</p>
        <p><b>Organic Carbon (OC):</b> 0.25 %</p>
        <p><b>Coordinates:</b> 14.217620°N, 79.499958°E</p>
      ]]></description>
      <Point>
        <coordinates>79.499958,14.21762,0</coordinates>
      </Point>
    </Placemark>
    <Placemark>
      <name>Point_600</name>
      <styleUrl>#soil_point</styleUrl>
      <TimeSpan>
        <begin>2025-01-01</begin>
        <end>2026-12-30</end>
      </TimeSpan>
      <description><![CDATA[
        <h3>Soil Health Card Record</h3>
        <p><b>Point ID:</b> Point_600</p>
        <p><b>Validity Period:</b> 2025-01-01 to 2026-12-30</p>
        <p><b>Nitrogen (N):</b> 138.0 kg/ha</p>
        <p><b>Phosphorus (P):</b> 9.2 mg/kg</p>
        <p><b>Potassium (K):</b> 155.2 mg/kg</p>
        <p><b>Organic Carbon (OC):</b> 0.25 %</p>
        <p><b>Coordinates:</b> 14.217680°N, 79.500333°E</p>
      ]]></description>
      <Point>
        <coordinates>79.500333,14.21768,0</coordinates>
      </Point>
    </Placemark>
    <Placemark>
      <name>Point_601</name>
      <styleUrl>#soil_point</styleUrl>
      <TimeSpan>
        <begin>2025-01-01</begin>
        <end>2026-12-30</end>
      </TimeSpan>
      <description><![CDATA[
        <h3>Soil Health Card Record</h3>
        <p><b>Point ID:</b> Point_601</p>
        <p><b>Validity Period:</b> 2025-01-01 to 2026-12-30</p>
        <p><b>Nitrogen (N):</b> 138.0 kg/ha</p>
        <p><b>Phosphorus (P):</b> 9.2 mg/kg</p>
        <p><b>Potassium (K):</b> 155.2 mg/kg</p>
        <p><b>Organic Carbon (OC):</b> 0.25 %</p>
        <p><b>Coordinates:</b> 14.217680°N, 79.500739°E</p>
      ]]></description>
      <Point>
        <coordinates>79.500739,14.21768,0</coordinates>
      </Point>
    </Placemark>
    <Placemark>
      <name>Point_602</name>
      <styleUrl>#soil_point</styleUrl>
      <TimeSpan>
        <begin>2025-01-01</begin>
        <end>2026-12-30</end>
      </TimeSpan>
      <description><![CDATA[
        <h3>Soil Health Card Record</h3>
        <p><b>Point ID:</b> Point_602</p>
        <p><b>Validity Period:</b> 2025-01-01 to 2026-12-30</p>
        <p><b>Nitrogen (N):</b> 138.0 kg/ha</p>
        <p><b>Phosphorus (P):</b> 9.2 mg/kg</p>
        <p><b>Potassium (K):</b> 155.2 mg/kg</p>
        <p><b>Organic Carbon (OC):</b> 0.25 %</p>
        <p><b>Coordinates:</b> 14.217544°N, 79.500145°E</p>
      ]]></description>
      <Point>
        <coordinates>79.500145,14.217544,0</coordinates>
      </Point>
    </Placemark>
    <Placemark>
      <name>Point_603</name>
      <styleUrl>#soil_point</styleUrl>
      <TimeSpan>
        <begin>2025-01-01</begin>
        <end>2026-12-30</end>
      </TimeSpan>
      <description><![CDATA[
        <h3>Soil Health Card Record</h3>
        <p><b>Point ID:</b> Point_603</p>
        <p><b>Validity Period:</b> 2025-01-01 to 2026-12-30</p>
        <p><b>Nitrogen (N):</b> 25.0 kg/ha</p>
        <p><b>Phosphorus (P):</b> 9.2 mg/kg</p>
        <p><b>Potassium (K):</b> 142.8 mg/kg</p>
        <p><b>Organic Carbon (OC):</b> 0.44 %</p>
        <p><b>Coordinates:</b> 14.216438°N, 79.498191°E</p>
      ]]></description>
      <Point>
        <coordinates>79.498191,14.216438,0</coordinates>
      </Point>
    </Placemark>
    <Placemark>
      <name>Point_604</name>
      <styleUrl>#soil_point</styleUrl>
      <TimeSpan>
        <begin>2025-01-01</begin>
        <end>2026-12-30</end>
      </TimeSpan>
      <description><![CDATA[
        <h3>Soil Health Card Record</h3>
        <p><b>Point ID:</b> Point_604</p>
        <p><b>Validity Period:</b> 2025-01-01 to 2026-12-30</p>
        <p><b>Nitrogen (N):</b> 201.0 kg/ha</p>
        <p><b>Phosphorus (P):</b> 23.0 mg/kg</p>
        <p><b>Potassium (K):</b> 27.31 mg/kg</p>
        <p><b>Organic Carbon (OC):</b> 0.56 %</p>
        <p><b>Coordinates:</b> 14.216311°N, 79.497769°E</p>
      ]]></description>
      <Point>
        <coordinates>79.497769,14.216311,0</coordinates>
      </Point>
    </Placemark>
    <Placemark>
      <name>Point_605</name>
      <styleUrl>#soil_point</styleUrl>
      <TimeSpan>
        <begin>2025-01-01</begin>
        <end>2026-12-30</end>
      </TimeSpan>
      <description><![CDATA[
        <h3>Soil Health Card Record</h3>
        <p><b>Point ID:</b> Point_605</p>
        <p><b>Validity Period:</b> 2025-01-01 to 2026-12-30</p>
        <p><b>Nitrogen (N):</b> 25.0 kg/ha</p>
        <p><b>Phosphorus (P):</b> 9.2 mg/kg</p>
        <p><b>Potassium (K):</b> 142.8 mg/kg</p>
        <p><b>Organic Carbon (OC):</b> 0.44 %</p>
        <p><b>Coordinates:</b> 14.216387°N, 79.498113°E</p>
      ]]></description>
      <Point>
        <coordinates>79.498113,14.216387,0</coordinates>
      </Point>
    </Placemark>
    <Placemark>
      <name>Point_606</name>
      <styleUrl>#soil_point</styleUrl>
      <TimeSpan>
        <begin>2025-01-01</begin>
        <end>2026-12-30</end>
      </TimeSpan>
      <description><![CDATA[
        <h3>Soil Health Card Record</h3>
        <p><b>Point ID:</b> Point_606</p>
        <p><b>Validity Period:</b> 2025-01-01 to 2026-12-30</p>
        <p><b>Nitrogen (N):</b> 188.0 kg/ha</p>
        <p><b>Phosphorus (P):</b> 9.2 mg/kg</p>
        <p><b>Potassium (K):</b> 93.1 mg/kg</p>
        <p><b>Organic Carbon (OC):</b> 0.25 %</p>
        <p><b>Coordinates:</b> 14.215615°N, 79.499067°E</p>
      ]]></description>
      <Point>
        <coordinates>79.499067,14.215615,0</coordinates>
      </Point>
    </Placemark>
    <Placemark>
      <name>Point_607</name>
      <styleUrl>#soil_point</styleUrl>
      <TimeSpan>
        <begin>2025-01-01</begin>
        <end>2026-12-30</end>
      </TimeSpan>
      <description><![CDATA[
        <h3>Soil Health Card Record</h3>
        <p><b>Point ID:</b> Point_607</p>
        <p><b>Validity Period:</b> 2025-01-01 to 2026-12-30</p>
        <p><b>Nitrogen (N):</b> 188.0 kg/ha</p>
        <p><b>Phosphorus (P):</b> 9.2 mg/kg</p>
        <p><b>Potassium (K):</b> 93.1 mg/kg</p>
        <p><b>Organic Carbon (OC):</b> 0.25 %</p>
        <p><b>Coordinates:</b> 14.215600°N, 79.499426°E</p>
      ]]></description>
      <Point>
        <coordinates>79.499426,14.2156,0</coordinates>
      </Point>
    </Placemark>
    <Placemark>
      <name>Point_608</name>
      <styleUrl>#soil_point</styleUrl>
      <TimeSpan>
        <begin>2025-01-01</begin>
        <end>2026-12-30</end>
      </TimeSpan>
      <description><![CDATA[
        <h3>Soil Health Card Record</h3>
        <p><b>Point ID:</b> Point_608</p>
        <p><b>Validity Period:</b> 2025-01-01 to 2026-12-30</p>
        <p><b>Nitrogen (N):</b> 188.0 kg/ha</p>
        <p><b>Phosphorus (P):</b> 9.2 mg/kg</p>
        <p><b>Potassium (K):</b> 93.1 mg/kg</p>
        <p><b>Organic Carbon (OC):</b> 0.25 %</p>
        <p><b>Coordinates:</b> 14.215448°N, 79.499301°E</p>
      ]]></description>
      <Point>
        <coordinates>79.499301,14.215448,0</coordinates>
      </Point>
    </Placemark>
    <Placemark>
      <name>Point_609</name>
      <styleUrl>#soil_point</styleUrl>
      <TimeSpan>
        <begin>2025-01-01</begin>
        <end>2026-12-30</end>
      </TimeSpan>
      <description><![CDATA[
        <h3>Soil Health Card Record</h3>
        <p><b>Point ID:</b> Point_609</p>
        <p><b>Validity Period:</b> 2025-01-01 to 2026-12-30</p>
        <p><b>Nitrogen (N):</b> 50.0 kg/ha</p>
        <p><b>Phosphorus (P):</b> 16.1 mg/kg</p>
        <p><b>Potassium (K):</b> 316.0 mg/kg</p>
        <p><b>Organic Carbon (OC):</b> 0.56 %</p>
        <p><b>Coordinates:</b> 15.114088°N, 79.719399°E</p>
      ]]></description>
      <Point>
        <coordinates>79.719399,15.114088,0</coordinates>
      </Point>
    </Placemark>
    <Placemark>
      <name>Point_610</name>
      <styleUrl>#soil_point</styleUrl>
      <TimeSpan>
        <begin>2025-01-01</begin>
        <end>2026-12-30</end>
      </TimeSpan>
      <description><![CDATA[
        <h3>Soil Health Card Record</h3>
        <p><b>Point ID:</b> Point_610</p>
        <p><b>Validity Period:</b> 2025-01-01 to 2026-12-30</p>
        <p><b>Nitrogen (N):</b> 38.0 kg/ha</p>
        <p><b>Phosphorus (P):</b> 16.1 mg/kg</p>
        <p><b>Potassium (K):</b> 35.1 mg/kg</p>
        <p><b>Organic Carbon (OC):</b> 0.51 %</p>
        <p><b>Coordinates:</b> 15.118144°N, 79.700932°E</p>
      ]]></description>
      <Point>
        <coordinates>79.700932,15.118144,0</coordinates>
      </Point>
    </Placemark>
    <Placemark>
      <name>Point_611</name>
      <styleUrl>#soil_point</styleUrl>
      <TimeSpan>
        <begin>2025-01-01</begin>
        <end>2026-12-30</end>
      </TimeSpan>
      <description><![CDATA[
        <h3>Soil Health Card Record</h3>
        <p><b>Point ID:</b> Point_611</p>
        <p><b>Validity Period:</b> 2025-01-01 to 2026-12-30</p>
        <p><b>Nitrogen (N):</b> 301.0 kg/ha</p>
        <p><b>Phosphorus (P):</b> 20.7 mg/kg</p>
        <p><b>Potassium (K):</b> 93.1 mg/kg</p>
        <p><b>Organic Carbon (OC):</b> 0.19 %</p>
        <p><b>Coordinates:</b> 14.699124°N, 79.623424°E</p>
      ]]></description>
      <Point>
        <coordinates>79.623424,14.699124,0</coordinates>
      </Point>
    </Placemark>
    <Placemark>
      <name>Point_612</name>
      <styleUrl>#soil_point</styleUrl>
      <TimeSpan>
        <begin>2025-01-01</begin>
        <end>2026-12-30</end>
      </TimeSpan>
      <description><![CDATA[
        <h3>Soil Health Card Record</h3>
        <p><b>Point ID:</b> Point_612</p>
        <p><b>Validity Period:</b> 2025-01-01 to 2026-12-30</p>
        <p><b>Nitrogen (N):</b> 75.0 kg/ha</p>
        <p><b>Phosphorus (P):</b> 6.1 mg/kg</p>
        <p><b>Potassium (K):</b> 620.7 mg/kg</p>
        <p><b>Organic Carbon (OC):</b> 0.1 %</p>
        <p><b>Coordinates:</b> 14.188673°N, 79.573920°E</p>
      ]]></description>
      <Point>
        <coordinates>79.57392,14.188673,0</coordinates>
      </Point>
    </Placemark>
    <Placemark>
      <name>Point_613</name>
      <styleUrl>#soil_point</styleUrl>
      <TimeSpan>
        <begin>2025-01-01</begin>
        <end>2026-12-30</end>
      </TimeSpan>
      <description><![CDATA[
        <h3>Soil Health Card Record</h3>
        <p><b>Point ID:</b> Point_613</p>
        <p><b>Validity Period:</b> 2025-01-01 to 2026-12-30</p>
        <p><b>Nitrogen (N):</b> 75.0 kg/ha</p>
        <p><b>Phosphorus (P):</b> 6.1 mg/kg</p>
        <p><b>Potassium (K):</b> 620.7 mg/kg</p>
        <p><b>Organic Carbon (OC):</b> 0.1 %</p>
        <p><b>Coordinates:</b> 14.188494°N, 79.574253°E</p>
      ]]></description>
      <Point>
        <coordinates>79.574253,14.188494,0</coordinates>
      </Point>
    </Placemark>
    <Placemark>
      <name>Point_614</name>
      <styleUrl>#soil_point</styleUrl>
      <TimeSpan>
        <begin>2025-01-01</begin>
        <end>2026-12-30</end>
      </TimeSpan>
      <description><![CDATA[
        <h3>Soil Health Card Record</h3>
        <p><b>Point ID:</b> Point_614</p>
        <p><b>Validity Period:</b> 2025-01-01 to 2026-12-30</p>
        <p><b>Nitrogen (N):</b> 163.0 kg/ha</p>
        <p><b>Phosphorus (P):</b> 4.6 mg/kg</p>
        <p><b>Potassium (K):</b> 620.7 mg/kg</p>
        <p><b>Organic Carbon (OC):</b> 0.43 %</p>
        <p><b>Coordinates:</b> 14.195328°N, 79.576322°E</p>
      ]]></description>
      <Point>
        <coordinates>79.576322,14.195328,0</coordinates>
      </Point>
    </Placemark>
    <Placemark>
      <name>Point_615</name>
      <styleUrl>#soil_point</styleUrl>
      <TimeSpan>
        <begin>2025-01-01</begin>
        <end>2026-12-30</end>
      </TimeSpan>
      <description><![CDATA[
        <h3>Soil Health Card Record</h3>
        <p><b>Point ID:</b> Point_615</p>
        <p><b>Validity Period:</b> 2025-01-01 to 2026-12-30</p>
        <p><b>Nitrogen (N):</b> 163.0 kg/ha</p>
        <p><b>Phosphorus (P):</b> 4.6 mg/kg</p>
        <p><b>Potassium (K):</b> 620.7 mg/kg</p>
        <p><b>Organic Carbon (OC):</b> 0.43 %</p>
        <p><b>Coordinates:</b> 14.195041°N, 79.576156°E</p>
      ]]></description>
      <Point>
        <coordinates>79.576156,14.195041,0</coordinates>
      </Point>
    </Placemark>
    <Placemark>
      <name>Point_616</name>
      <styleUrl>#soil_point</styleUrl>
      <TimeSpan>
        <begin>2025-01-01</begin>
        <end>2026-12-30</end>
      </TimeSpan>
      <description><![CDATA[
        <h3>Soil Health Card Record</h3>
        <p><b>Point ID:</b> Point_616</p>
        <p><b>Validity Period:</b> 2025-01-01 to 2026-12-30</p>
        <p><b>Nitrogen (N):</b> 13.0 kg/ha</p>
        <p><b>Phosphorus (P):</b> 1.5 mg/kg</p>
        <p><b>Potassium (K):</b> 620.7 mg/kg</p>
        <p><b>Organic Carbon (OC):</b> 0.11 %</p>
        <p><b>Coordinates:</b> 14.195184°N, 79.579758°E</p>
      ]]></description>
      <Point>
        <coordinates>79.579758,14.195184,0</coordinates>
      </Point>
    </Placemark>
    <Placemark>
      <name>Point_617</name>
      <styleUrl>#soil_point</styleUrl>
      <TimeSpan>
        <begin>2025-01-01</begin>
        <end>2026-12-30</end>
      </TimeSpan>
      <description><![CDATA[
        <h3>Soil Health Card Record</h3>
        <p><b>Point ID:</b> Point_617</p>
        <p><b>Validity Period:</b> 2025-01-01 to 2026-12-30</p>
        <p><b>Nitrogen (N):</b> 13.0 kg/ha</p>
        <p><b>Phosphorus (P):</b> 1.5 mg/kg</p>
        <p><b>Potassium (K):</b> 620.7 mg/kg</p>
        <p><b>Organic Carbon (OC):</b> 0.11 %</p>
        <p><b>Coordinates:</b> 14.195023°N, 79.579574°E</p>
      ]]></description>
      <Point>
        <coordinates>79.579574,14.195023,0</coordinates>
      </Point>
    </Placemark>
    <Placemark>
      <name>Point_618</name>
      <styleUrl>#soil_point</styleUrl>
      <TimeSpan>
        <begin>2025-01-01</begin>
        <end>2026-12-30</end>
      </TimeSpan>
      <description><![CDATA[
        <h3>Soil Health Card Record</h3>
        <p><b>Point ID:</b> Point_618</p>
        <p><b>Validity Period:</b> 2025-01-01 to 2026-12-30</p>
        <p><b>Nitrogen (N):</b> 25.0 kg/ha</p>
        <p><b>Phosphorus (P):</b> 9.2 mg/kg</p>
        <p><b>Potassium (K):</b> 620.7 mg/kg</p>
        <p><b>Organic Carbon (OC):</b> 0.63 %</p>
        <p><b>Coordinates:</b> 14.193734°N, 79.577172°E</p>
      ]]></description>
      <Point>
        <coordinates>79.577172,14.193734,0</coordinates>
      </Point>
    </Placemark>
    <Placemark>
      <name>Point_619</name>
      <styleUrl>#soil_point</styleUrl>
      <TimeSpan>
        <begin>2025-01-01</begin>
        <end>2026-12-30</end>
      </TimeSpan>
      <description><![CDATA[
        <h3>Soil Health Card Record</h3>
        <p><b>Point ID:</b> Point_619</p>
        <p><b>Validity Period:</b> 2025-01-01 to 2026-12-30</p>
        <p><b>Nitrogen (N):</b> 151.0 kg/ha</p>
        <p><b>Phosphorus (P):</b> 9.2 mg/kg</p>
        <p><b>Potassium (K):</b> 620.7 mg/kg</p>
        <p><b>Organic Carbon (OC):</b> 0.2 %</p>
        <p><b>Coordinates:</b> 14.193824°N, 79.579555°E</p>
      ]]></description>
      <Point>
        <coordinates>79.579555,14.193824,0</coordinates>
      </Point>
    </Placemark>
    <Placemark>
      <name>Point_620</name>
      <styleUrl>#soil_point</styleUrl>
      <TimeSpan>
        <begin>2025-01-01</begin>
        <end>2026-12-30</end>
      </TimeSpan>
      <description><![CDATA[
        <h3>Soil Health Card Record</h3>
        <p><b>Point ID:</b> Point_620</p>
        <p><b>Validity Period:</b> 2025-01-01 to 2026-12-30</p>
        <p><b>Nitrogen (N):</b> 151.0 kg/ha</p>
        <p><b>Phosphorus (P):</b> 9.2 mg/kg</p>
        <p><b>Potassium (K):</b> 620.7 mg/kg</p>
        <p><b>Organic Carbon (OC):</b> 0.2 %</p>
        <p><b>Coordinates:</b> 14.193627°N, 79.579777°E</p>
      ]]></description>
      <Point>
        <coordinates>79.579777,14.193627,0</coordinates>
      </Point>
    </Placemark>
    <Placemark>
      <name>Point_621</name>
      <styleUrl>#soil_point</styleUrl>
      <TimeSpan>
        <begin>2025-01-01</begin>
        <end>2026-12-30</end>
      </TimeSpan>
      <description><![CDATA[
        <h3>Soil Health Card Record</h3>
        <p><b>Point ID:</b> Point_621</p>
        <p><b>Validity Period:</b> 2025-01-01 to 2026-12-30</p>
        <p><b>Nitrogen (N):</b> 188.0 kg/ha</p>
        <p><b>Phosphorus (P):</b> 13.1 mg/kg</p>
        <p><b>Potassium (K):</b> 620.7 mg/kg</p>
        <p><b>Organic Carbon (OC):</b> 0.2 %</p>
        <p><b>Coordinates:</b> 14.193376°N, 79.578336°E</p>
      ]]></description>
      <Point>
        <coordinates>79.578336,14.193376,0</coordinates>
      </Point>
    </Placemark>
    <Placemark>
      <name>Point_622</name>
      <styleUrl>#soil_point</styleUrl>
      <TimeSpan>
        <begin>2025-01-01</begin>
        <end>2026-12-30</end>
      </TimeSpan>
      <description><![CDATA[
        <h3>Soil Health Card Record</h3>
        <p><b>Point ID:</b> Point_622</p>
        <p><b>Validity Period:</b> 2025-01-01 to 2026-12-30</p>
        <p><b>Nitrogen (N):</b> 188.0 kg/ha</p>
        <p><b>Phosphorus (P):</b> 13.1 mg/kg</p>
        <p><b>Potassium (K):</b> 620.7 mg/kg</p>
        <p><b>Organic Carbon (OC):</b> 0.2 %</p>
        <p><b>Coordinates:</b> 14.192589°N, 79.577393°E</p>
      ]]></description>
      <Point>
        <coordinates>79.577393,14.192589,0</coordinates>
      </Point>
    </Placemark>
    <Placemark>
      <name>Point_623</name>
      <styleUrl>#soil_point</styleUrl>
      <TimeSpan>
        <begin>2025-01-01</begin>
        <end>2026-12-30</end>
      </TimeSpan>
      <description><![CDATA[
        <h3>Soil Health Card Record</h3>
        <p><b>Point ID:</b> Point_623</p>
        <p><b>Validity Period:</b> 2025-01-01 to 2026-12-30</p>
        <p><b>Nitrogen (N):</b> 188.0 kg/ha</p>
        <p><b>Phosphorus (P):</b> 13.1 mg/kg</p>
        <p><b>Potassium (K):</b> 620.7 mg/kg</p>
        <p><b>Organic Carbon (OC):</b> 0.2 %</p>
        <p><b>Coordinates:</b> 14.192625°N, 79.578206°E</p>
      ]]></description>
      <Point>
        <coordinates>79.578206,14.192625,0</coordinates>
      </Point>
    </Placemark>
    <Placemark>
      <name>Point_624</name>
      <styleUrl>#soil_point</styleUrl>
      <TimeSpan>
        <begin>2025-01-01</begin>
        <end>2026-12-30</end>
      </TimeSpan>
      <description><![CDATA[
        <h3>Soil Health Card Record</h3>
        <p><b>Point ID:</b> Point_624</p>
        <p><b>Validity Period:</b> 2025-01-01 to 2026-12-30</p>
        <p><b>Nitrogen (N):</b> 188.0 kg/ha</p>
        <p><b>Phosphorus (P):</b> 13.1 mg/kg</p>
        <p><b>Potassium (K):</b> 620.7 mg/kg</p>
        <p><b>Organic Carbon (OC):</b> 0.2 %</p>
        <p><b>Coordinates:</b> 14.192786°N, 79.579260°E</p>
      ]]></description>
      <Point>
        <coordinates>79.57926,14.192786,0</coordinates>
      </Point>
    </Placemark>
    <Placemark>
      <name>Point_625</name>
      <styleUrl>#soil_point</styleUrl>
      <TimeSpan>
        <begin>2025-01-01</begin>
        <end>2026-12-30</end>
      </TimeSpan>
      <description><![CDATA[
        <h3>Soil Health Card Record</h3>
        <p><b>Point ID:</b> Point_625</p>
        <p><b>Validity Period:</b> 2025-01-01 to 2026-12-30</p>
        <p><b>Nitrogen (N):</b> 188.0 kg/ha</p>
        <p><b>Phosphorus (P):</b> 0.8 mg/kg</p>
        <p><b>Potassium (K):</b> 620.7 mg/kg</p>
        <p><b>Organic Carbon (OC):</b> 0.56 %</p>
        <p><b>Coordinates:</b> 14.192911°N, 79.579611°E</p>
      ]]></description>
      <Point>
        <coordinates>79.579611,14.192911,0</coordinates>
      </Point>
    </Placemark>
    <Placemark>
      <name>Point_626</name>
      <styleUrl>#soil_point</styleUrl>
      <TimeSpan>
        <begin>2025-01-01</begin>
        <end>2026-12-30</end>
      </TimeSpan>
      <description><![CDATA[
        <h3>Soil Health Card Record</h3>
        <p><b>Point ID:</b> Point_626</p>
        <p><b>Validity Period:</b> 2025-01-01 to 2026-12-30</p>
        <p><b>Nitrogen (N):</b> 188.0 kg/ha</p>
        <p><b>Phosphorus (P):</b> 0.8 mg/kg</p>
        <p><b>Potassium (K):</b> 620.7 mg/kg</p>
        <p><b>Organic Carbon (OC):</b> 0.56 %</p>
        <p><b>Coordinates:</b> 14.192535°N, 79.579758°E</p>
      ]]></description>
      <Point>
        <coordinates>79.579758,14.192535,0</coordinates>
      </Point>
    </Placemark>
    <Placemark>
      <name>Point_627</name>
      <styleUrl>#soil_point</styleUrl>
      <TimeSpan>
        <begin>2025-01-01</begin>
        <end>2026-12-30</end>
      </TimeSpan>
      <description><![CDATA[
        <h3>Soil Health Card Record</h3>
        <p><b>Point ID:</b> Point_627</p>
        <p><b>Validity Period:</b> 2025-01-01 to 2026-12-30</p>
        <p><b>Nitrogen (N):</b> 13.0 kg/ha</p>
        <p><b>Phosphorus (P):</b> 81.4 mg/kg</p>
        <p><b>Potassium (K):</b> 133.4 mg/kg</p>
        <p><b>Organic Carbon (OC):</b> 0.47 %</p>
        <p><b>Coordinates:</b> 15.067378°N, 79.686924°E</p>
      ]]></description>
      <Point>
        <coordinates>79.686924,15.067378,0</coordinates>
      </Point>
    </Placemark>
    <Placemark>
      <name>Point_628</name>
      <styleUrl>#soil_point</styleUrl>
      <TimeSpan>
        <begin>2025-01-01</begin>
        <end>2026-12-30</end>
      </TimeSpan>
      <description><![CDATA[
        <h3>Soil Health Card Record</h3>
        <p><b>Point ID:</b> Point_628</p>
        <p><b>Validity Period:</b> 2025-01-01 to 2026-12-30</p>
        <p><b>Nitrogen (N):</b> 50.0 kg/ha</p>
        <p><b>Phosphorus (P):</b> 80.6 mg/kg</p>
        <p><b>Potassium (K):</b> 98.3 mg/kg</p>
        <p><b>Organic Carbon (OC):</b> 0.5 %</p>
        <p><b>Coordinates:</b> 15.068239°N, 79.672787°E</p>
      ]]></description>
      <Point>
        <coordinates>79.672787,15.068239,0</coordinates>
      </Point>
    </Placemark>
    <Placemark>
      <name>Point_629</name>
      <styleUrl>#soil_point</styleUrl>
      <TimeSpan>
        <begin>2025-01-01</begin>
        <end>2026-12-30</end>
      </TimeSpan>
      <description><![CDATA[
        <h3>Soil Health Card Record</h3>
        <p><b>Point ID:</b> Point_629</p>
        <p><b>Validity Period:</b> 2025-01-01 to 2026-12-30</p>
        <p><b>Nitrogen (N):</b> 113.0 kg/ha</p>
        <p><b>Phosphorus (P):</b> 27.6 mg/kg</p>
        <p><b>Potassium (K):</b> 491.6 mg/kg</p>
        <p><b>Organic Carbon (OC):</b> 0.19 %</p>
        <p><b>Coordinates:</b> 15.064919°N, 79.673806°E</p>
      ]]></description>
      <Point>
        <coordinates>79.673806,15.064919,0</coordinates>
      </Point>
    </Placemark>
    <Placemark>
      <name>Point_630</name>
      <styleUrl>#soil_point</styleUrl>
      <TimeSpan>
        <begin>2025-01-01</begin>
        <end>2026-12-30</end>
      </TimeSpan>
      <description><![CDATA[
        <h3>Soil Health Card Record</h3>
        <p><b>Point ID:</b> Point_630</p>
        <p><b>Validity Period:</b> 2025-01-01 to 2026-12-30</p>
        <p><b>Nitrogen (N):</b> 25.0 kg/ha</p>
        <p><b>Phosphorus (P):</b> 20.7 mg/kg</p>
        <p><b>Potassium (K):</b> 632.1 mg/kg</p>
        <p><b>Organic Carbon (OC):</b> 0.25 %</p>
        <p><b>Coordinates:</b> 15.061723°N, 79.671004°E</p>
      ]]></description>
      <Point>
        <coordinates>79.671004,15.061723,0</coordinates>
      </Point>
    </Placemark>
    <Placemark>
      <name>Point_631</name>
      <styleUrl>#soil_point</styleUrl>
      <TimeSpan>
        <begin>2025-01-01</begin>
        <end>2026-12-30</end>
      </TimeSpan>
      <description><![CDATA[
        <h3>Soil Health Card Record</h3>
        <p><b>Point ID:</b> Point_631</p>
        <p><b>Validity Period:</b> 2025-01-01 to 2026-12-30</p>
        <p><b>Nitrogen (N):</b> 63.0 kg/ha</p>
        <p><b>Phosphorus (P):</b> 14.6 mg/kg</p>
        <p><b>Potassium (K):</b> 463.5 mg/kg</p>
        <p><b>Organic Carbon (OC):</b> 0.19 %</p>
        <p><b>Coordinates:</b> 15.061846°N, 79.667311°E</p>
      ]]></description>
      <Point>
        <coordinates>79.667311,15.061846,0</coordinates>
      </Point>
    </Placemark>
    <Placemark>
      <name>Point_632</name>
      <styleUrl>#soil_point</styleUrl>
      <TimeSpan>
        <begin>2025-01-01</begin>
        <end>2026-12-30</end>
      </TimeSpan>
      <description><![CDATA[
        <h3>Soil Health Card Record</h3>
        <p><b>Point ID:</b> Point_632</p>
        <p><b>Validity Period:</b> 2025-01-01 to 2026-12-30</p>
        <p><b>Nitrogen (N):</b> 151.0 kg/ha</p>
        <p><b>Phosphorus (P):</b> 51.46 mg/kg</p>
        <p><b>Potassium (K):</b> 196.6 mg/kg</p>
        <p><b>Organic Carbon (OC):</b> 0.39 %</p>
        <p><b>Coordinates:</b> 15.064919°N, 79.665019°E</p>
      ]]></description>
      <Point>
        <coordinates>79.665019,15.064919,0</coordinates>
      </Point>
    </Placemark>
    <Placemark>
      <name>Point_633</name>
      <styleUrl>#soil_point</styleUrl>
      <TimeSpan>
        <begin>2025-01-01</begin>
        <end>2026-12-30</end>
      </TimeSpan>
      <description><![CDATA[
        <h3>Soil Health Card Record</h3>
        <p><b>Point ID:</b> Point_633</p>
        <p><b>Validity Period:</b> 2025-01-01 to 2026-12-30</p>
        <p><b>Nitrogen (N):</b> 88.0 kg/ha</p>
        <p><b>Phosphorus (P):</b> 76.8 mg/kg</p>
        <p><b>Potassium (K):</b> 98.3 mg/kg</p>
        <p><b>Organic Carbon (OC):</b> 0.15 %</p>
        <p><b>Coordinates:</b> 15.055560°N, 79.672031°E</p>
      ]]></description>
      <Point>
        <coordinates>79.672031,15.05556,0</coordinates>
      </Point>
    </Placemark>
    <Placemark>
      <name>Point_634</name>
      <styleUrl>#soil_point</styleUrl>
      <TimeSpan>
        <begin>2025-01-01</begin>
        <end>2026-12-30</end>
      </TimeSpan>
      <description><![CDATA[
        <h3>Soil Health Card Record</h3>
        <p><b>Point ID:</b> Point_634</p>
        <p><b>Validity Period:</b> 2025-01-01 to 2026-12-30</p>
        <p><b>Nitrogen (N):</b> 289.0 kg/ha</p>
        <p><b>Phosphorus (P):</b> 27.6 mg/kg</p>
        <p><b>Potassium (K):</b> 124.1 mg/kg</p>
        <p><b>Organic Carbon (OC):</b> 0.14 %</p>
        <p><b>Coordinates:</b> 14.719210°N, 79.589474°E</p>
      ]]></description>
      <Point>
        <coordinates>79.589474,14.71921,0</coordinates>
      </Point>
    </Placemark>
    <Placemark>
      <name>Point_635</name>
      <styleUrl>#soil_point</styleUrl>
      <TimeSpan>
        <begin>2025-01-01</begin>
        <end>2026-12-30</end>
      </TimeSpan>
      <description><![CDATA[
        <h3>Soil Health Card Record</h3>
        <p><b>Point ID:</b> Point_635</p>
        <p><b>Validity Period:</b> 2025-01-01 to 2026-12-30</p>
        <p><b>Nitrogen (N):</b> 426.0 kg/ha</p>
        <p><b>Phosphorus (P):</b> 26.1 mg/kg</p>
        <p><b>Potassium (K):</b> 111.7 mg/kg</p>
        <p><b>Organic Carbon (OC):</b> 0.12 %</p>
        <p><b>Coordinates:</b> 14.716609°N, 79.603583°E</p>
      ]]></description>
      <Point>
        <coordinates>79.603583,14.716609,0</coordinates>
      </Point>
    </Placemark>
    <Placemark>
      <name>Point_636</name>
      <styleUrl>#soil_point</styleUrl>
      <TimeSpan>
        <begin>2025-01-01</begin>
        <end>2026-12-30</end>
      </TimeSpan>
      <description><![CDATA[
        <h3>Soil Health Card Record</h3>
        <p><b>Point ID:</b> Point_636</p>
        <p><b>Validity Period:</b> 2025-01-01 to 2026-12-30</p>
        <p><b>Nitrogen (N):</b> 100.0 kg/ha</p>
        <p><b>Phosphorus (P):</b> 13.8 mg/kg</p>
        <p><b>Potassium (K):</b> 245.8 mg/kg</p>
        <p><b>Organic Carbon (OC):</b> 0.19 %</p>
        <p><b>Coordinates:</b> 15.108434°N, 79.713158°E</p>
      ]]></description>
      <Point>
        <coordinates>79.713158,15.108434,0</coordinates>
      </Point>
    </Placemark>
    <Placemark>
      <name>Point_637</name>
      <styleUrl>#soil_point</styleUrl>
      <TimeSpan>
        <begin>2025-01-01</begin>
        <end>2026-12-30</end>
      </TimeSpan>
      <description><![CDATA[
        <h3>Soil Health Card Record</h3>
        <p><b>Point ID:</b> Point_637</p>
        <p><b>Validity Period:</b> 2025-01-01 to 2026-12-30</p>
        <p><b>Nitrogen (N):</b> 151.0 kg/ha</p>
        <p><b>Phosphorus (P):</b> 50.69 mg/kg</p>
        <p><b>Potassium (K):</b> 192.4 mg/kg</p>
        <p><b>Organic Carbon (OC):</b> 0.24 %</p>
        <p><b>Coordinates:</b> 14.174629°N, 79.795675°E</p>
      ]]></description>
      <Point>
        <coordinates>79.795675,14.174629,0</coordinates>
      </Point>
    </Placemark>
    <Placemark>
      <name>Point_638</name>
      <styleUrl>#soil_point</styleUrl>
      <TimeSpan>
        <begin>2025-01-01</begin>
        <end>2026-12-30</end>
      </TimeSpan>
      <description><![CDATA[
        <h3>Soil Health Card Record</h3>
        <p><b>Point ID:</b> Point_638</p>
        <p><b>Validity Period:</b> 2025-01-01 to 2026-12-30</p>
        <p><b>Nitrogen (N):</b> 50.0 kg/ha</p>
        <p><b>Phosphorus (P):</b> 110.6 mg/kg</p>
        <p><b>Potassium (K):</b> 285.5 mg/kg</p>
        <p><b>Organic Carbon (OC):</b> 0.29 %</p>
        <p><b>Coordinates:</b> 14.185148°N, 79.775135°E</p>
      ]]></description>
      <Point>
        <coordinates>79.775135,14.185148,0</coordinates>
      </Point>
    </Placemark>
    <Placemark>
      <name>Point_639</name>
      <styleUrl>#soil_point</styleUrl>
      <TimeSpan>
        <begin>2025-01-01</begin>
        <end>2026-12-30</end>
      </TimeSpan>
      <description><![CDATA[
        <h3>Soil Health Card Record</h3>
        <p><b>Point ID:</b> Point_639</p>
        <p><b>Validity Period:</b> 2025-01-01 to 2026-12-30</p>
        <p><b>Nitrogen (N):</b> 2.1 kg/ha</p>
        <p><b>Phosphorus (P):</b> 139.8 mg/kg</p>
        <p><b>Potassium (K):</b> 242.1 mg/kg</p>
        <p><b>Organic Carbon (OC):</b> 0.49 %</p>
        <p><b>Coordinates:</b> 14.193935°N, 79.773062°E</p>
      ]]></description>
      <Point>
        <coordinates>79.773062,14.193935,0</coordinates>
      </Point>
    </Placemark>
    <Placemark>
      <name>Point_640</name>
      <styleUrl>#soil_point</styleUrl>
      <TimeSpan>
        <begin>2025-01-01</begin>
        <end>2026-12-30</end>
      </TimeSpan>
      <description><![CDATA[
        <h3>Soil Health Card Record</h3>
        <p><b>Point ID:</b> Point_640</p>
        <p><b>Validity Period:</b> 2025-01-01 to 2026-12-30</p>
        <p><b>Nitrogen (N):</b> 176.0 kg/ha</p>
        <p><b>Phosphorus (P):</b> 98.3 mg/kg</p>
        <p><b>Potassium (K):</b> 68.3 mg/kg</p>
        <p><b>Organic Carbon (OC):</b> 0.34 %</p>
        <p><b>Coordinates:</b> 14.192488°N, 79.772705°E</p>
      ]]></description>
      <Point>
        <coordinates>79.772705,14.192488,0</coordinates>
      </Point>
    </Placemark>
    <Placemark>
      <name>Point_641</name>
      <styleUrl>#soil_point</styleUrl>
      <TimeSpan>
        <begin>2025-01-01</begin>
        <end>2026-12-30</end>
      </TimeSpan>
      <description><![CDATA[
        <h3>Soil Health Card Record</h3>
        <p><b>Point ID:</b> Point_641</p>
        <p><b>Validity Period:</b> 2025-01-01 to 2026-12-30</p>
        <p><b>Nitrogen (N):</b> 176.0 kg/ha</p>
        <p><b>Phosphorus (P):</b> 98.3 mg/kg</p>
        <p><b>Potassium (K):</b> 68.3 mg/kg</p>
        <p><b>Organic Carbon (OC):</b> 0.34 %</p>
        <p><b>Coordinates:</b> 14.191628°N, 79.772533°E</p>
      ]]></description>
      <Point>
        <coordinates>79.772533,14.191628,0</coordinates>
      </Point>
    </Placemark>
    <Placemark>
      <name>Point_642</name>
      <styleUrl>#soil_point</styleUrl>
      <TimeSpan>
        <begin>2025-01-01</begin>
        <end>2026-12-30</end>
      </TimeSpan>
      <description><![CDATA[
        <h3>Soil Health Card Record</h3>
        <p><b>Point ID:</b> Point_642</p>
        <p><b>Validity Period:</b> 2025-01-01 to 2026-12-30</p>
        <p><b>Nitrogen (N):</b> 125.0 kg/ha</p>
        <p><b>Phosphorus (P):</b> 21.5 mg/kg</p>
        <p><b>Potassium (K):</b> 409.7 mg/kg</p>
        <p><b>Organic Carbon (OC):</b> 0.28 %</p>
        <p><b>Coordinates:</b> 14.200518°N, 79.783998°E</p>
      ]]></description>
      <Point>
        <coordinates>79.783998,14.200518,0</coordinates>
      </Point>
    </Placemark>
    <Placemark>
      <name>Point_643</name>
      <styleUrl>#soil_point</styleUrl>
      <TimeSpan>
        <begin>2025-01-01</begin>
        <end>2026-12-30</end>
      </TimeSpan>
      <description><![CDATA[
        <h3>Soil Health Card Record</h3>
        <p><b>Point ID:</b> Point_643</p>
        <p><b>Validity Period:</b> 2025-01-01 to 2026-12-30</p>
        <p><b>Nitrogen (N):</b> 138.0 kg/ha</p>
        <p><b>Phosphorus (P):</b> 116.0 mg/kg</p>
        <p><b>Potassium (K):</b> 446.9 mg/kg</p>
        <p><b>Organic Carbon (OC):</b> 0.33 %</p>
        <p><b>Coordinates:</b> 14.198978°N, 79.784397°E</p>
      ]]></description>
      <Point>
        <coordinates>79.784397,14.198978,0</coordinates>
      </Point>
    </Placemark>
    <Placemark>
      <name>Point_644</name>
      <styleUrl>#soil_point</styleUrl>
      <TimeSpan>
        <begin>2025-01-01</begin>
        <end>2026-12-30</end>
      </TimeSpan>
      <description><![CDATA[
        <h3>Soil Health Card Record</h3>
        <p><b>Point ID:</b> Point_644</p>
        <p><b>Validity Period:</b> 2025-01-01 to 2026-12-30</p>
        <p><b>Nitrogen (N):</b> 138.0 kg/ha</p>
        <p><b>Phosphorus (P):</b> 116.0 mg/kg</p>
        <p><b>Potassium (K):</b> 446.9 mg/kg</p>
        <p><b>Organic Carbon (OC):</b> 0.33 %</p>
        <p><b>Coordinates:</b> 14.198907°N, 79.784393°E</p>
      ]]></description>
      <Point>
        <coordinates>79.784393,14.198907,0</coordinates>
      </Point>
    </Placemark>
    <Placemark>
      <name>Point_645</name>
      <styleUrl>#soil_point</styleUrl>
      <TimeSpan>
        <begin>2025-01-01</begin>
        <end>2026-12-30</end>
      </TimeSpan>
      <description><![CDATA[
        <h3>Soil Health Card Record</h3>
        <p><b>Point ID:</b> Point_645</p>
        <p><b>Validity Period:</b> 2025-01-01 to 2026-12-30</p>
        <p><b>Nitrogen (N):</b> 138.0 kg/ha</p>
        <p><b>Phosphorus (P):</b> 116.0 mg/kg</p>
        <p><b>Potassium (K):</b> 446.9 mg/kg</p>
        <p><b>Organic Carbon (OC):</b> 0.33 %</p>
        <p><b>Coordinates:</b> 14.198919°N, 79.784478°E</p>
      ]]></description>
      <Point>
        <coordinates>79.784478,14.198919,0</coordinates>
      </Point>
    </Placemark>
    <Placemark>
      <name>Point_646</name>
      <styleUrl>#soil_point</styleUrl>
      <TimeSpan>
        <begin>2025-01-01</begin>
        <end>2026-12-30</end>
      </TimeSpan>
      <description><![CDATA[
        <h3>Soil Health Card Record</h3>
        <p><b>Point ID:</b> Point_646</p>
        <p><b>Validity Period:</b> 2025-01-01 to 2026-12-30</p>
        <p><b>Nitrogen (N):</b> 113.0 kg/ha</p>
        <p><b>Phosphorus (P):</b> 90.6 mg/kg</p>
        <p><b>Potassium (K):</b> 192.4 mg/kg</p>
        <p><b>Organic Carbon (OC):</b> 0.3 %</p>
        <p><b>Coordinates:</b> 14.189896°N, 79.787029°E</p>
      ]]></description>
      <Point>
        <coordinates>79.787029,14.189896,0</coordinates>
      </Point>
    </Placemark>
    <Placemark>
      <name>Point_647</name>
      <styleUrl>#soil_point</styleUrl>
      <TimeSpan>
        <begin>2025-01-01</begin>
        <end>2026-12-30</end>
      </TimeSpan>
      <description><![CDATA[
        <h3>Soil Health Card Record</h3>
        <p><b>Point ID:</b> Point_647</p>
        <p><b>Validity Period:</b> 2025-01-01 to 2026-12-30</p>
        <p><b>Nitrogen (N):</b> 50.0 kg/ha</p>
        <p><b>Phosphorus (P):</b> 112.9 mg/kg</p>
        <p><b>Potassium (K):</b> 235.9 mg/kg</p>
        <p><b>Organic Carbon (OC):</b> 0.23 %</p>
        <p><b>Coordinates:</b> 14.193455°N, 79.784149°E</p>
      ]]></description>
      <Point>
        <coordinates>79.784149,14.193455,0</coordinates>
      </Point>
    </Placemark>
    <Placemark>
      <name>Point_648</name>
      <styleUrl>#soil_point</styleUrl>
      <TimeSpan>
        <begin>2025-01-01</begin>
        <end>2026-12-30</end>
      </TimeSpan>
      <description><![CDATA[
        <h3>Soil Health Card Record</h3>
        <p><b>Point ID:</b> Point_648</p>
        <p><b>Validity Period:</b> 2025-01-01 to 2026-12-30</p>
        <p><b>Nitrogen (N):</b> 50.0 kg/ha</p>
        <p><b>Phosphorus (P):</b> 112.9 mg/kg</p>
        <p><b>Potassium (K):</b> 235.9 mg/kg</p>
        <p><b>Organic Carbon (OC):</b> 0.23 %</p>
        <p><b>Coordinates:</b> 14.193305°N, 79.784167°E</p>
      ]]></description>
      <Point>
        <coordinates>79.784167,14.193305,0</coordinates>
      </Point>
    </Placemark>
    <Placemark>
      <name>Point_649</name>
      <styleUrl>#soil_point</styleUrl>
      <TimeSpan>
        <begin>2025-01-01</begin>
        <end>2026-12-30</end>
      </TimeSpan>
      <description><![CDATA[
        <h3>Soil Health Card Record</h3>
        <p><b>Point ID:</b> Point_649</p>
        <p><b>Validity Period:</b> 2025-01-01 to 2026-12-30</p>
        <p><b>Nitrogen (N):</b> 50.0 kg/ha</p>
        <p><b>Phosphorus (P):</b> 112.9 mg/kg</p>
        <p><b>Potassium (K):</b> 235.9 mg/kg</p>
        <p><b>Organic Carbon (OC):</b> 0.23 %</p>
        <p><b>Coordinates:</b> 14.193191°N, 79.783996°E</p>
      ]]></description>
      <Point>
        <coordinates>79.783996,14.193191,0</coordinates>
      </Point>
    </Placemark>
    <Placemark>
      <name>Point_650</name>
      <styleUrl>#soil_point</styleUrl>
      <TimeSpan>
        <begin>2025-01-01</begin>
        <end>2026-12-30</end>
      </TimeSpan>
      <description><![CDATA[
        <h3>Soil Health Card Record</h3>
        <p><b>Point ID:</b> Point_650</p>
        <p><b>Validity Period:</b> 2025-01-01 to 2026-12-30</p>
        <p><b>Nitrogen (N):</b> 50.0 kg/ha</p>
        <p><b>Phosphorus (P):</b> 112.9 mg/kg</p>
        <p><b>Potassium (K):</b> 235.9 mg/kg</p>
        <p><b>Organic Carbon (OC):</b> 0.23 %</p>
        <p><b>Coordinates:</b> 14.192624°N, 79.785031°E</p>
      ]]></description>
      <Point>
        <coordinates>79.785031,14.192624,0</coordinates>
      </Point>
    </Placemark>
    <Placemark>
      <name>Point_651</name>
      <styleUrl>#soil_point</styleUrl>
      <TimeSpan>
        <begin>2025-01-01</begin>
        <end>2026-12-30</end>
      </TimeSpan>
      <description><![CDATA[
        <h3>Soil Health Card Record</h3>
        <p><b>Point ID:</b> Point_651</p>
        <p><b>Validity Period:</b> 2025-01-01 to 2026-12-30</p>
        <p><b>Nitrogen (N):</b> 151.0 kg/ha</p>
        <p><b>Phosphorus (P):</b> 82.2 mg/kg</p>
        <p><b>Potassium (K):</b> 248.3 mg/kg</p>
        <p><b>Organic Carbon (OC):</b> 0.52 %</p>
        <p><b>Coordinates:</b> 14.192380°N, 79.785445°E</p>
      ]]></description>
      <Point>
        <coordinates>79.785445,14.19238,0</coordinates>
      </Point>
    </Placemark>
    <Placemark>
      <name>Point_652</name>
      <styleUrl>#soil_point</styleUrl>
      <TimeSpan>
        <begin>2025-01-01</begin>
        <end>2026-12-30</end>
      </TimeSpan>
      <description><![CDATA[
        <h3>Soil Health Card Record</h3>
        <p><b>Point ID:</b> Point_652</p>
        <p><b>Validity Period:</b> 2025-01-01 to 2026-12-30</p>
        <p><b>Nitrogen (N):</b> 50.0 kg/ha</p>
        <p><b>Phosphorus (P):</b> 82.02 mg/kg</p>
        <p><b>Potassium (K):</b> 515.2 mg/kg</p>
        <p><b>Organic Carbon (OC):</b> 0.35 %</p>
        <p><b>Coordinates:</b> 14.194482°N, 79.789541°E</p>
      ]]></description>
      <Point>
        <coordinates>79.789541,14.194482,0</coordinates>
      </Point>
    </Placemark>
    <Placemark>
      <name>Point_653</name>
      <styleUrl>#soil_point</styleUrl>
      <TimeSpan>
        <begin>2025-01-01</begin>
        <end>2026-12-30</end>
      </TimeSpan>
      <description><![CDATA[
        <h3>Soil Health Card Record</h3>
        <p><b>Point ID:</b> Point_653</p>
        <p><b>Validity Period:</b> 2025-01-01 to 2026-12-30</p>
        <p><b>Nitrogen (N):</b> 50.0 kg/ha</p>
        <p><b>Phosphorus (P):</b> 82.02 mg/kg</p>
        <p><b>Potassium (K):</b> 515.2 mg/kg</p>
        <p><b>Organic Carbon (OC):</b> 0.35 %</p>
        <p><b>Coordinates:</b> 14.194392°N, 79.789667°E</p>
      ]]></description>
      <Point>
        <coordinates>79.789667,14.194392,0</coordinates>
      </Point>
    </Placemark>
    <Placemark>
      <name>Point_654</name>
      <styleUrl>#soil_point</styleUrl>
      <TimeSpan>
        <begin>2025-01-01</begin>
        <end>2026-12-30</end>
      </TimeSpan>
      <description><![CDATA[
        <h3>Soil Health Card Record</h3>
        <p><b>Point ID:</b> Point_654</p>
        <p><b>Validity Period:</b> 2025-01-01 to 2026-12-30</p>
        <p><b>Nitrogen (N):</b> 50.0 kg/ha</p>
        <p><b>Phosphorus (P):</b> 82.02 mg/kg</p>
        <p><b>Potassium (K):</b> 515.2 mg/kg</p>
        <p><b>Organic Carbon (OC):</b> 0.35 %</p>
        <p><b>Coordinates:</b> 14.194305°N, 79.789604°E</p>
      ]]></description>
      <Point>
        <coordinates>79.789604,14.194305,0</coordinates>
      </Point>
    </Placemark>
    <Placemark>
      <name>Point_655</name>
      <styleUrl>#soil_point</styleUrl>
      <TimeSpan>
        <begin>2025-01-01</begin>
        <end>2026-12-30</end>
      </TimeSpan>
      <description><![CDATA[
        <h3>Soil Health Card Record</h3>
        <p><b>Point ID:</b> Point_655</p>
        <p><b>Validity Period:</b> 2025-01-01 to 2026-12-30</p>
        <p><b>Nitrogen (N):</b> 50.0 kg/ha</p>
        <p><b>Phosphorus (P):</b> 82.02 mg/kg</p>
        <p><b>Potassium (K):</b> 515.2 mg/kg</p>
        <p><b>Organic Carbon (OC):</b> 0.35 %</p>
        <p><b>Coordinates:</b> 14.194348°N, 79.789964°E</p>
      ]]></description>
      <Point>
        <coordinates>79.789964,14.194348,0</coordinates>
      </Point>
    </Placemark>
    <Placemark>
      <name>Point_656</name>
      <styleUrl>#soil_point</styleUrl>
      <TimeSpan>
        <begin>2025-01-01</begin>
        <end>2026-12-30</end>
      </TimeSpan>
      <description><![CDATA[
        <h3>Soil Health Card Record</h3>
        <p><b>Point ID:</b> Point_656</p>
        <p><b>Validity Period:</b> 2025-01-01 to 2026-12-30</p>
        <p><b>Nitrogen (N):</b> 50.0 kg/ha</p>
        <p><b>Phosphorus (P):</b> 82.02 mg/kg</p>
        <p><b>Potassium (K):</b> 515.2 mg/kg</p>
        <p><b>Organic Carbon (OC):</b> 0.35 %</p>
        <p><b>Coordinates:</b> 14.193940°N, 79.789408°E</p>
      ]]></description>
      <Point>
        <coordinates>79.789408,14.19394,0</coordinates>
      </Point>
    </Placemark>
    <Placemark>
      <name>Point_657</name>
      <styleUrl>#soil_point</styleUrl>
      <TimeSpan>
        <begin>2025-01-01</begin>
        <end>2026-12-30</end>
      </TimeSpan>
      <description><![CDATA[
        <h3>Soil Health Card Record</h3>
        <p><b>Point ID:</b> Point_657</p>
        <p><b>Validity Period:</b> 2025-01-01 to 2026-12-30</p>
        <p><b>Nitrogen (N):</b> 50.0 kg/ha</p>
        <p><b>Phosphorus (P):</b> 82.02 mg/kg</p>
        <p><b>Potassium (K):</b> 515.2 mg/kg</p>
        <p><b>Organic Carbon (OC):</b> 0.35 %</p>
        <p><b>Coordinates:</b> 14.193898°N, 79.789362°E</p>
      ]]></description>
      <Point>
        <coordinates>79.789362,14.193898,0</coordinates>
      </Point>
    </Placemark>
    <Placemark>
      <name>Point_658</name>
      <styleUrl>#soil_point</styleUrl>
      <TimeSpan>
        <begin>2025-01-01</begin>
        <end>2026-12-30</end>
      </TimeSpan>
      <description><![CDATA[
        <h3>Soil Health Card Record</h3>
        <p><b>Point ID:</b> Point_658</p>
        <p><b>Validity Period:</b> 2025-01-01 to 2026-12-30</p>
        <p><b>Nitrogen (N):</b> 50.0 kg/ha</p>
        <p><b>Phosphorus (P):</b> 82.02 mg/kg</p>
        <p><b>Potassium (K):</b> 515.2 mg/kg</p>
        <p><b>Organic Carbon (OC):</b> 0.35 %</p>
        <p><b>Coordinates:</b> 14.193736°N, 79.789501°E</p>
      ]]></description>
      <Point>
        <coordinates>79.789501,14.193736,0</coordinates>
      </Point>
    </Placemark>
    <Placemark>
      <name>Point_659</name>
      <styleUrl>#soil_point</styleUrl>
      <TimeSpan>
        <begin>2025-01-01</begin>
        <end>2026-12-30</end>
      </TimeSpan>
      <description><![CDATA[
        <h3>Soil Health Card Record</h3>
        <p><b>Point ID:</b> Point_659</p>
        <p><b>Validity Period:</b> 2025-01-01 to 2026-12-30</p>
        <p><b>Nitrogen (N):</b> 13.0 kg/ha</p>
        <p><b>Phosphorus (P):</b> 1.5 mg/kg</p>
        <p><b>Potassium (K):</b> 260.7 mg/kg</p>
        <p><b>Organic Carbon (OC):</b> 0.46 %</p>
        <p><b>Coordinates:</b> 14.211261°N, 79.527182°E</p>
      ]]></description>
      <Point>
        <coordinates>79.527182,14.211261,0</coordinates>
      </Point>
    </Placemark>
    <Placemark>
      <name>Point_660</name>
      <styleUrl>#soil_point</styleUrl>
      <TimeSpan>
        <begin>2025-01-01</begin>
        <end>2026-12-30</end>
      </TimeSpan>
      <description><![CDATA[
        <h3>Soil Health Card Record</h3>
        <p><b>Point ID:</b> Point_660</p>
        <p><b>Validity Period:</b> 2025-01-01 to 2026-12-30</p>
        <p><b>Nitrogen (N):</b> 13.0 kg/ha</p>
        <p><b>Phosphorus (P):</b> 1.5 mg/kg</p>
        <p><b>Potassium (K):</b> 260.7 mg/kg</p>
        <p><b>Organic Carbon (OC):</b> 0.46 %</p>
        <p><b>Coordinates:</b> 14.210784°N, 79.527879°E</p>
      ]]></description>
      <Point>
        <coordinates>79.527879,14.210784,0</coordinates>
      </Point>
    </Placemark>
    <Placemark>
      <name>Point_661</name>
      <styleUrl>#soil_point</styleUrl>
      <TimeSpan>
        <begin>2025-01-01</begin>
        <end>2026-12-30</end>
      </TimeSpan>
      <description><![CDATA[
        <h3>Soil Health Card Record</h3>
        <p><b>Point ID:</b> Point_661</p>
        <p><b>Validity Period:</b> 2025-01-01 to 2026-12-30</p>
        <p><b>Nitrogen (N):</b> 13.0 kg/ha</p>
        <p><b>Phosphorus (P):</b> 1.5 mg/kg</p>
        <p><b>Potassium (K):</b> 260.7 mg/kg</p>
        <p><b>Organic Carbon (OC):</b> 0.46 %</p>
        <p><b>Coordinates:</b> 14.210643°N, 79.529015°E</p>
      ]]></description>
      <Point>
        <coordinates>79.529015,14.210643,0</coordinates>
      </Point>
    </Placemark>
    <Placemark>
      <name>Point_662</name>
      <styleUrl>#soil_point</styleUrl>
      <TimeSpan>
        <begin>2025-01-01</begin>
        <end>2026-12-30</end>
      </TimeSpan>
      <description><![CDATA[
        <h3>Soil Health Card Record</h3>
        <p><b>Point ID:</b> Point_662</p>
        <p><b>Validity Period:</b> 2025-01-01 to 2026-12-30</p>
        <p><b>Nitrogen (N):</b> 213.0 kg/ha</p>
        <p><b>Phosphorus (P):</b> 3.8 mg/kg</p>
        <p><b>Potassium (K):</b> 409.7 mg/kg</p>
        <p><b>Organic Carbon (OC):</b> 0.43 %</p>
        <p><b>Coordinates:</b> 14.210690°N, 79.529843°E</p>
      ]]></description>
      <Point>
        <coordinates>79.529843,14.21069,0</coordinates>
      </Point>
    </Placemark>
    <Placemark>
      <name>Point_663</name>
      <styleUrl>#soil_point</styleUrl>
      <TimeSpan>
        <begin>2025-01-01</begin>
        <end>2026-12-30</end>
      </TimeSpan>
      <description><![CDATA[
        <h3>Soil Health Card Record</h3>
        <p><b>Point ID:</b> Point_663</p>
        <p><b>Validity Period:</b> 2025-01-01 to 2026-12-30</p>
        <p><b>Nitrogen (N):</b> 213.0 kg/ha</p>
        <p><b>Phosphorus (P):</b> 3.8 mg/kg</p>
        <p><b>Potassium (K):</b> 409.7 mg/kg</p>
        <p><b>Organic Carbon (OC):</b> 0.43 %</p>
        <p><b>Coordinates:</b> 14.210407°N, 79.529664°E</p>
      ]]></description>
      <Point>
        <coordinates>79.529664,14.210407,0</coordinates>
      </Point>
    </Placemark>
    <Placemark>
      <name>Point_664</name>
      <styleUrl>#soil_point</styleUrl>
      <TimeSpan>
        <begin>2025-01-01</begin>
        <end>2026-12-30</end>
      </TimeSpan>
      <description><![CDATA[
        <h3>Soil Health Card Record</h3>
        <p><b>Point ID:</b> Point_664</p>
        <p><b>Validity Period:</b> 2025-01-01 to 2026-12-30</p>
        <p><b>Nitrogen (N):</b> 13.0 kg/ha</p>
        <p><b>Phosphorus (P):</b> 1.5 mg/kg</p>
        <p><b>Potassium (K):</b> 260.7 mg/kg</p>
        <p><b>Organic Carbon (OC):</b> 0.46 %</p>
        <p><b>Coordinates:</b> 14.209825°N, 79.528967°E</p>
      ]]></description>
      <Point>
        <coordinates>79.528967,14.209825,0</coordinates>
      </Point>
    </Placemark>
    <Placemark>
      <name>Point_665</name>
      <styleUrl>#soil_point</styleUrl>
      <TimeSpan>
        <begin>2025-01-01</begin>
        <end>2026-12-30</end>
      </TimeSpan>
      <description><![CDATA[
        <h3>Soil Health Card Record</h3>
        <p><b>Point ID:</b> Point_665</p>
        <p><b>Validity Period:</b> 2025-01-01 to 2026-12-30</p>
        <p><b>Nitrogen (N):</b> 113.0 kg/ha</p>
        <p><b>Phosphorus (P):</b> 9.2 mg/kg</p>
        <p><b>Potassium (K):</b> 322.8 mg/kg</p>
        <p><b>Organic Carbon (OC):</b> 0.23 %</p>
        <p><b>Coordinates:</b> 14.212576°N, 79.529405°E</p>
      ]]></description>
      <Point>
        <coordinates>79.529405,14.212576,0</coordinates>
      </Point>
    </Placemark>
    <Placemark>
      <name>Point_666</name>
      <styleUrl>#soil_point</styleUrl>
      <TimeSpan>
        <begin>2025-01-01</begin>
        <end>2026-12-30</end>
      </TimeSpan>
      <description><![CDATA[
        <h3>Soil Health Card Record</h3>
        <p><b>Point ID:</b> Point_666</p>
        <p><b>Validity Period:</b> 2025-01-01 to 2026-12-30</p>
        <p><b>Nitrogen (N):</b> 50.0 kg/ha</p>
        <p><b>Phosphorus (P):</b> 8.4 mg/kg</p>
        <p><b>Potassium (K):</b> 403.5 mg/kg</p>
        <p><b>Organic Carbon (OC):</b> 0.25 %</p>
        <p><b>Coordinates:</b> 14.197923°N, 79.569911°E</p>
      ]]></description>
      <Point>
        <coordinates>79.569911,14.197923,0</coordinates>
      </Point>
    </Placemark>
    <Placemark>
      <name>Point_667</name>
      <styleUrl>#soil_point</styleUrl>
      <TimeSpan>
        <begin>2025-01-01</begin>
        <end>2026-12-30</end>
      </TimeSpan>
      <description><![CDATA[
        <h3>Soil Health Card Record</h3>
        <p><b>Point ID:</b> Point_667</p>
        <p><b>Validity Period:</b> 2025-01-01 to 2026-12-30</p>
        <p><b>Nitrogen (N):</b> 38.0 kg/ha</p>
        <p><b>Phosphorus (P):</b> 13.1 mg/kg</p>
        <p><b>Potassium (K):</b> 620.7 mg/kg</p>
        <p><b>Organic Carbon (OC):</b> 0.16 %</p>
        <p><b>Coordinates:</b> 14.203980°N, 79.573126°E</p>
      ]]></description>
      <Point>
        <coordinates>79.573126,14.20398,0</coordinates>
      </Point>
    </Placemark>
    <Placemark>
      <name>Point_668</name>
      <styleUrl>#soil_point</styleUrl>
      <TimeSpan>
        <begin>2025-01-01</begin>
        <end>2026-12-30</end>
      </TimeSpan>
      <description><![CDATA[
        <h3>Soil Health Card Record</h3>
        <p><b>Point ID:</b> Point_668</p>
        <p><b>Validity Period:</b> 2025-01-01 to 2026-12-30</p>
        <p><b>Nitrogen (N):</b> 38.0 kg/ha</p>
        <p><b>Phosphorus (P):</b> 13.1 mg/kg</p>
        <p><b>Potassium (K):</b> 620.7 mg/kg</p>
        <p><b>Organic Carbon (OC):</b> 0.16 %</p>
        <p><b>Coordinates:</b> 14.203877°N, 79.573047°E</p>
      ]]></description>
      <Point>
        <coordinates>79.573047,14.203877,0</coordinates>
      </Point>
    </Placemark>
    <Placemark>
      <name>Point_669</name>
      <styleUrl>#soil_point</styleUrl>
      <TimeSpan>
        <begin>2025-01-01</begin>
        <end>2026-12-30</end>
      </TimeSpan>
      <description><![CDATA[
        <h3>Soil Health Card Record</h3>
        <p><b>Point ID:</b> Point_669</p>
        <p><b>Validity Period:</b> 2025-01-01 to 2026-12-30</p>
        <p><b>Nitrogen (N):</b> 138.0 kg/ha</p>
        <p><b>Phosphorus (P):</b> 13.8 mg/kg</p>
        <p><b>Potassium (K):</b> 620.7 mg/kg</p>
        <p><b>Organic Carbon (OC):</b> 0.56 %</p>
        <p><b>Coordinates:</b> 14.204253°N, 79.570096°E</p>
      ]]></description>
      <Point>
        <coordinates>79.570096,14.204253,0</coordinates>
      </Point>
    </Placemark>
    <Placemark>
      <name>Point_670</name>
      <styleUrl>#soil_point</styleUrl>
      <TimeSpan>
        <begin>2025-01-01</begin>
        <end>2026-12-30</end>
      </TimeSpan>
      <description><![CDATA[
        <h3>Soil Health Card Record</h3>
        <p><b>Point ID:</b> Point_670</p>
        <p><b>Validity Period:</b> 2025-01-01 to 2026-12-30</p>
        <p><b>Nitrogen (N):</b> 188.0 kg/ha</p>
        <p><b>Phosphorus (P):</b> 10.0 mg/kg</p>
        <p><b>Potassium (K):</b> 620.7 mg/kg</p>
        <p><b>Organic Carbon (OC):</b> 0.16 %</p>
        <p><b>Coordinates:</b> 14.205787°N, 79.566898°E</p>
      ]]></description>
      <Point>
        <coordinates>79.566898,14.205787,0</coordinates>
      </Point>
    </Placemark>
    <Placemark>
      <name>Point_671</name>
      <styleUrl>#soil_point</styleUrl>
      <TimeSpan>
        <begin>2025-01-01</begin>
        <end>2026-12-30</end>
      </TimeSpan>
      <description><![CDATA[
        <h3>Soil Health Card Record</h3>
        <p><b>Point ID:</b> Point_671</p>
        <p><b>Validity Period:</b> 2025-01-01 to 2026-12-30</p>
        <p><b>Nitrogen (N):</b> 188.0 kg/ha</p>
        <p><b>Phosphorus (P):</b> 10.0 mg/kg</p>
        <p><b>Potassium (K):</b> 620.7 mg/kg</p>
        <p><b>Organic Carbon (OC):</b> 0.16 %</p>
        <p><b>Coordinates:</b> 14.205731°N, 79.567131°E</p>
      ]]></description>
      <Point>
        <coordinates>79.567131,14.205731,0</coordinates>
      </Point>
    </Placemark>
    <Placemark>
      <name>Point_672</name>
      <styleUrl>#soil_point</styleUrl>
      <TimeSpan>
        <begin>2025-01-01</begin>
        <end>2026-12-30</end>
      </TimeSpan>
      <description><![CDATA[
        <h3>Soil Health Card Record</h3>
        <p><b>Point ID:</b> Point_672</p>
        <p><b>Validity Period:</b> 2025-01-01 to 2026-12-30</p>
        <p><b>Nitrogen (N):</b> 188.0 kg/ha</p>
        <p><b>Phosphorus (P):</b> 10.0 mg/kg</p>
        <p><b>Potassium (K):</b> 620.7 mg/kg</p>
        <p><b>Organic Carbon (OC):</b> 0.16 %</p>
        <p><b>Coordinates:</b> 14.205768°N, 79.567221°E</p>
      ]]></description>
      <Point>
        <coordinates>79.567221,14.205768,0</coordinates>
      </Point>
    </Placemark>
    <Placemark>
      <name>Point_673</name>
      <styleUrl>#soil_point</styleUrl>
      <TimeSpan>
        <begin>2025-01-01</begin>
        <end>2026-12-30</end>
      </TimeSpan>
      <description><![CDATA[
        <h3>Soil Health Card Record</h3>
        <p><b>Point ID:</b> Point_673</p>
        <p><b>Validity Period:</b> 2025-01-01 to 2026-12-30</p>
        <p><b>Nitrogen (N):</b> 188.0 kg/ha</p>
        <p><b>Phosphorus (P):</b> 10.0 mg/kg</p>
        <p><b>Potassium (K):</b> 620.7 mg/kg</p>
        <p><b>Organic Carbon (OC):</b> 0.16 %</p>
        <p><b>Coordinates:</b> 14.205739°N, 79.567221°E</p>
      ]]></description>
      <Point>
        <coordinates>79.567221,14.205739,0</coordinates>
      </Point>
    </Placemark>
    <Placemark>
      <name>Point_674</name>
      <styleUrl>#soil_point</styleUrl>
      <TimeSpan>
        <begin>2025-01-01</begin>
        <end>2026-12-30</end>
      </TimeSpan>
      <description><![CDATA[
        <h3>Soil Health Card Record</h3>
        <p><b>Point ID:</b> Point_674</p>
        <p><b>Validity Period:</b> 2025-01-01 to 2026-12-30</p>
        <p><b>Nitrogen (N):</b> 188.0 kg/ha</p>
        <p><b>Phosphorus (P):</b> 10.0 mg/kg</p>
        <p><b>Potassium (K):</b> 620.7 mg/kg</p>
        <p><b>Organic Carbon (OC):</b> 0.16 %</p>
        <p><b>Coordinates:</b> 14.205673°N, 79.567150°E</p>
      ]]></description>
      <Point>
        <coordinates>79.56715,14.205673,0</coordinates>
      </Point>
    </Placemark>
    <Placemark>
      <name>Point_675</name>
      <styleUrl>#soil_point</styleUrl>
      <TimeSpan>
        <begin>2025-01-01</begin>
        <end>2026-12-30</end>
      </TimeSpan>
      <description><![CDATA[
        <h3>Soil Health Card Record</h3>
        <p><b>Point ID:</b> Point_675</p>
        <p><b>Validity Period:</b> 2025-01-01 to 2026-12-30</p>
        <p><b>Nitrogen (N):</b> 188.0 kg/ha</p>
        <p><b>Phosphorus (P):</b> 10.0 mg/kg</p>
        <p><b>Potassium (K):</b> 620.7 mg/kg</p>
        <p><b>Organic Carbon (OC):</b> 0.16 %</p>
        <p><b>Coordinates:</b> 14.205527°N, 79.567583°E</p>
      ]]></description>
      <Point>
        <coordinates>79.567583,14.205527,0</coordinates>
      </Point>
    </Placemark>
    <Placemark>
      <name>Point_676</name>
      <styleUrl>#soil_point</styleUrl>
      <TimeSpan>
        <begin>2025-01-01</begin>
        <end>2026-12-30</end>
      </TimeSpan>
      <description><![CDATA[
        <h3>Soil Health Card Record</h3>
        <p><b>Point ID:</b> Point_676</p>
        <p><b>Validity Period:</b> 2025-01-01 to 2026-12-30</p>
        <p><b>Nitrogen (N):</b> 188.0 kg/ha</p>
        <p><b>Phosphorus (P):</b> 10.0 mg/kg</p>
        <p><b>Potassium (K):</b> 620.7 mg/kg</p>
        <p><b>Organic Carbon (OC):</b> 0.16 %</p>
        <p><b>Coordinates:</b> 14.205483°N, 79.567534°E</p>
      ]]></description>
      <Point>
        <coordinates>79.567534,14.205483,0</coordinates>
      </Point>
    </Placemark>
    <Placemark>
      <name>Point_677</name>
      <styleUrl>#soil_point</styleUrl>
      <TimeSpan>
        <begin>2025-01-01</begin>
        <end>2026-12-30</end>
      </TimeSpan>
      <description><![CDATA[
        <h3>Soil Health Card Record</h3>
        <p><b>Point ID:</b> Point_677</p>
        <p><b>Validity Period:</b> 2025-01-01 to 2026-12-30</p>
        <p><b>Nitrogen (N):</b> 188.0 kg/ha</p>
        <p><b>Phosphorus (P):</b> 10.0 mg/kg</p>
        <p><b>Potassium (K):</b> 620.7 mg/kg</p>
        <p><b>Organic Carbon (OC):</b> 0.16 %</p>
        <p><b>Coordinates:</b> 14.205465°N, 79.567602°E</p>
      ]]></description>
      <Point>
        <coordinates>79.567602,14.205465,0</coordinates>
      </Point>
    </Placemark>
    <Placemark>
      <name>Point_678</name>
      <styleUrl>#soil_point</styleUrl>
      <TimeSpan>
        <begin>2025-01-01</begin>
        <end>2026-12-30</end>
      </TimeSpan>
      <description><![CDATA[
        <h3>Soil Health Card Record</h3>
        <p><b>Point ID:</b> Point_678</p>
        <p><b>Validity Period:</b> 2025-01-01 to 2026-12-30</p>
        <p><b>Nitrogen (N):</b> 188.0 kg/ha</p>
        <p><b>Phosphorus (P):</b> 10.0 mg/kg</p>
        <p><b>Potassium (K):</b> 620.7 mg/kg</p>
        <p><b>Organic Carbon (OC):</b> 0.16 %</p>
        <p><b>Coordinates:</b> 14.205410°N, 79.567620°E</p>
      ]]></description>
      <Point>
        <coordinates>79.56762,14.20541,0</coordinates>
      </Point>
    </Placemark>
    <Placemark>
      <name>Point_679</name>
      <styleUrl>#soil_point</styleUrl>
      <TimeSpan>
        <begin>2025-01-01</begin>
        <end>2026-12-30</end>
      </TimeSpan>
      <description><![CDATA[
        <h3>Soil Health Card Record</h3>
        <p><b>Point ID:</b> Point_679</p>
        <p><b>Validity Period:</b> 2025-01-01 to 2026-12-30</p>
        <p><b>Nitrogen (N):</b> 188.0 kg/ha</p>
        <p><b>Phosphorus (P):</b> 10.0 mg/kg</p>
        <p><b>Potassium (K):</b> 620.7 mg/kg</p>
        <p><b>Organic Carbon (OC):</b> 0.16 %</p>
        <p><b>Coordinates:</b> 14.205392°N, 79.567549°E</p>
      ]]></description>
      <Point>
        <coordinates>79.567549,14.205392,0</coordinates>
      </Point>
    </Placemark>
    <Placemark>
      <name>Point_680</name>
      <styleUrl>#soil_point</styleUrl>
      <TimeSpan>
        <begin>2025-01-01</begin>
        <end>2026-12-30</end>
      </TimeSpan>
      <description><![CDATA[
        <h3>Soil Health Card Record</h3>
        <p><b>Point ID:</b> Point_680</p>
        <p><b>Validity Period:</b> 2025-01-01 to 2026-12-30</p>
        <p><b>Nitrogen (N):</b> 188.0 kg/ha</p>
        <p><b>Phosphorus (P):</b> 10.0 mg/kg</p>
        <p><b>Potassium (K):</b> 620.7 mg/kg</p>
        <p><b>Organic Carbon (OC):</b> 0.16 %</p>
        <p><b>Coordinates:</b> 14.205316°N, 79.567474°E</p>
      ]]></description>
      <Point>
        <coordinates>79.567474,14.205316,0</coordinates>
      </Point>
    </Placemark>
    <Placemark>
      <name>Point_681</name>
      <styleUrl>#soil_point</styleUrl>
      <TimeSpan>
        <begin>2025-01-01</begin>
        <end>2026-12-30</end>
      </TimeSpan>
      <description><![CDATA[
        <h3>Soil Health Card Record</h3>
        <p><b>Point ID:</b> Point_681</p>
        <p><b>Validity Period:</b> 2025-01-01 to 2026-12-30</p>
        <p><b>Nitrogen (N):</b> 188.0 kg/ha</p>
        <p><b>Phosphorus (P):</b> 10.0 mg/kg</p>
        <p><b>Potassium (K):</b> 620.7 mg/kg</p>
        <p><b>Organic Carbon (OC):</b> 0.16 %</p>
        <p><b>Coordinates:</b> 14.205316°N, 79.567696°E</p>
      ]]></description>
      <Point>
        <coordinates>79.567696,14.205316,0</coordinates>
      </Point>
    </Placemark>
    <Placemark>
      <name>Point_682</name>
      <styleUrl>#soil_point</styleUrl>
      <TimeSpan>
        <begin>2025-01-01</begin>
        <end>2026-12-30</end>
      </TimeSpan>
      <description><![CDATA[
        <h3>Soil Health Card Record</h3>
        <p><b>Point ID:</b> Point_682</p>
        <p><b>Validity Period:</b> 2025-01-01 to 2026-12-30</p>
        <p><b>Nitrogen (N):</b> 188.0 kg/ha</p>
        <p><b>Phosphorus (P):</b> 10.0 mg/kg</p>
        <p><b>Potassium (K):</b> 620.7 mg/kg</p>
        <p><b>Organic Carbon (OC):</b> 0.16 %</p>
        <p><b>Coordinates:</b> 14.205239°N, 79.567530°E</p>
      ]]></description>
      <Point>
        <coordinates>79.56753,14.205239,0</coordinates>
      </Point>
    </Placemark>
    <Placemark>
      <name>Point_683</name>
      <styleUrl>#soil_point</styleUrl>
      <TimeSpan>
        <begin>2025-01-01</begin>
        <end>2026-12-30</end>
      </TimeSpan>
      <description><![CDATA[
        <h3>Soil Health Card Record</h3>
        <p><b>Point ID:</b> Point_683</p>
        <p><b>Validity Period:</b> 2025-01-01 to 2026-12-30</p>
        <p><b>Nitrogen (N):</b> 188.0 kg/ha</p>
        <p><b>Phosphorus (P):</b> 10.0 mg/kg</p>
        <p><b>Potassium (K):</b> 620.7 mg/kg</p>
        <p><b>Organic Carbon (OC):</b> 0.16 %</p>
        <p><b>Coordinates:</b> 14.205214°N, 79.568050°E</p>
      ]]></description>
      <Point>
        <coordinates>79.56805,14.205214,0</coordinates>
      </Point>
    </Placemark>
    <Placemark>
      <name>Point_684</name>
      <styleUrl>#soil_point</styleUrl>
      <TimeSpan>
        <begin>2025-01-01</begin>
        <end>2026-12-30</end>
      </TimeSpan>
      <description><![CDATA[
        <h3>Soil Health Card Record</h3>
        <p><b>Point ID:</b> Point_684</p>
        <p><b>Validity Period:</b> 2025-01-01 to 2026-12-30</p>
        <p><b>Nitrogen (N):</b> 50.0 kg/ha</p>
        <p><b>Phosphorus (P):</b> 2.3 mg/kg</p>
        <p><b>Potassium (K):</b> 254.0 mg/kg</p>
        <p><b>Organic Carbon (OC):</b> 0.05 %</p>
        <p><b>Coordinates:</b> 14.859327°N, 79.576657°E</p>
      ]]></description>
      <Point>
        <coordinates>79.576657,14.859327,0</coordinates>
      </Point>
    </Placemark>
    <Placemark>
      <name>Point_685</name>
      <styleUrl>#soil_point</styleUrl>
      <TimeSpan>
        <begin>2025-01-01</begin>
        <end>2026-12-30</end>
      </TimeSpan>
      <description><![CDATA[
        <h3>Soil Health Card Record</h3>
        <p><b>Point ID:</b> Point_685</p>
        <p><b>Validity Period:</b> 2025-01-01 to 2026-12-30</p>
        <p><b>Nitrogen (N):</b> 88.0 kg/ha</p>
        <p><b>Phosphorus (P):</b> 46.85 mg/kg</p>
        <p><b>Potassium (K):</b> 62.1 mg/kg</p>
        <p><b>Organic Carbon (OC):</b> 0.21 %</p>
        <p><b>Coordinates:</b> 14.783670°N, 79.509273°E</p>
      ]]></description>
      <Point>
        <coordinates>79.509273,14.78367,0</coordinates>
      </Point>
    </Placemark>
    <Placemark>
      <name>Point_686</name>
      <styleUrl>#soil_point</styleUrl>
      <TimeSpan>
        <begin>2025-01-01</begin>
        <end>2026-12-30</end>
      </TimeSpan>
      <description><![CDATA[
        <h3>Soil Health Card Record</h3>
        <p><b>Point ID:</b> Point_686</p>
        <p><b>Validity Period:</b> 2025-01-01 to 2026-12-30</p>
        <p><b>Nitrogen (N):</b> 125.0 kg/ha</p>
        <p><b>Phosphorus (P):</b> 16.9 mg/kg</p>
        <p><b>Potassium (K):</b> 111.7 mg/kg</p>
        <p><b>Organic Carbon (OC):</b> 0.3 %</p>
        <p><b>Coordinates:</b> 14.829300°N, 79.520834°E</p>
      ]]></description>
      <Point>
        <coordinates>79.520834,14.8293,0</coordinates>
      </Point>
    </Placemark>
    <Placemark>
      <name>Point_687</name>
      <styleUrl>#soil_point</styleUrl>
      <TimeSpan>
        <begin>2025-01-01</begin>
        <end>2026-12-30</end>
      </TimeSpan>
      <description><![CDATA[
        <h3>Soil Health Card Record</h3>
        <p><b>Point ID:</b> Point_687</p>
        <p><b>Validity Period:</b> 2025-01-01 to 2026-12-30</p>
        <p><b>Nitrogen (N):</b> 38.0 kg/ha</p>
        <p><b>Phosphorus (P):</b> 9.2 mg/kg</p>
        <p><b>Potassium (K):</b> 62.1 mg/kg</p>
        <p><b>Organic Carbon (OC):</b> 0.24 %</p>
        <p><b>Coordinates:</b> 14.825964°N, 79.518692°E</p>
      ]]></description>
      <Point>
        <coordinates>79.518692,14.825964,0</coordinates>
      </Point>
    </Placemark>
    <Placemark>
      <name>Point_688</name>
      <styleUrl>#soil_point</styleUrl>
      <TimeSpan>
        <begin>2025-01-01</begin>
        <end>2026-12-30</end>
      </TimeSpan>
      <description><![CDATA[
        <h3>Soil Health Card Record</h3>
        <p><b>Point ID:</b> Point_688</p>
        <p><b>Validity Period:</b> 2025-01-01 to 2026-12-30</p>
        <p><b>Nitrogen (N):</b> 125.0 kg/ha</p>
        <p><b>Phosphorus (P):</b> 10.0 mg/kg</p>
        <p><b>Potassium (K):</b> 74.5 mg/kg</p>
        <p><b>Organic Carbon (OC):</b> 0.42 %</p>
        <p><b>Coordinates:</b> 14.819980°N, 79.525952°E</p>
      ]]></description>
      <Point>
        <coordinates>79.525952,14.81998,0</coordinates>
      </Point>
    </Placemark>
    <Placemark>
      <name>Point_689</name>
      <styleUrl>#soil_point</styleUrl>
      <TimeSpan>
        <begin>2025-01-01</begin>
        <end>2026-12-30</end>
      </TimeSpan>
      <description><![CDATA[
        <h3>Soil Health Card Record</h3>
        <p><b>Point ID:</b> Point_689</p>
        <p><b>Validity Period:</b> 2025-01-01 to 2026-12-30</p>
        <p><b>Nitrogen (N):</b> 100.0 kg/ha</p>
        <p><b>Phosphorus (P):</b> 29.2 mg/kg</p>
        <p><b>Potassium (K):</b> 99.3 mg/kg</p>
        <p><b>Organic Carbon (OC):</b> 0.23 %</p>
        <p><b>Coordinates:</b> 14.818600°N, 79.531546°E</p>
      ]]></description>
      <Point>
        <coordinates>79.531546,14.8186,0</coordinates>
      </Point>
    </Placemark>
    <Placemark>
      <name>Point_690</name>
      <styleUrl>#soil_point</styleUrl>
      <TimeSpan>
        <begin>2025-01-01</begin>
        <end>2026-12-30</end>
      </TimeSpan>
      <description><![CDATA[
        <h3>Soil Health Card Record</h3>
        <p><b>Point ID:</b> Point_690</p>
        <p><b>Validity Period:</b> 2025-01-01 to 2026-12-30</p>
        <p><b>Nitrogen (N):</b> 100.0 kg/ha</p>
        <p><b>Phosphorus (P):</b> 14.6 mg/kg</p>
        <p><b>Potassium (K):</b> 68.3 mg/kg</p>
        <p><b>Organic Carbon (OC):</b> 0.2 %</p>
        <p><b>Coordinates:</b> 14.815640°N, 79.526357°E</p>
      ]]></description>
      <Point>
        <coordinates>79.526357,14.81564,0</coordinates>
      </Point>
    </Placemark>
    <Placemark>
      <name>Point_691</name>
      <styleUrl>#soil_point</styleUrl>
      <TimeSpan>
        <begin>2025-01-01</begin>
        <end>2026-12-30</end>
      </TimeSpan>
      <description><![CDATA[
        <h3>Soil Health Card Record</h3>
        <p><b>Point ID:</b> Point_691</p>
        <p><b>Validity Period:</b> 2025-01-01 to 2026-12-30</p>
        <p><b>Nitrogen (N):</b> 88.0 kg/ha</p>
        <p><b>Phosphorus (P):</b> 28.4 mg/kg</p>
        <p><b>Potassium (K):</b> 99.3 mg/kg</p>
        <p><b>Organic Carbon (OC):</b> 0.39 %</p>
        <p><b>Coordinates:</b> 14.813972°N, 79.524810°E</p>
      ]]></description>
      <Point>
        <coordinates>79.52481,14.813972,0</coordinates>
      </Point>
    </Placemark>
    <Placemark>
      <name>Point_692</name>
      <styleUrl>#soil_point</styleUrl>
      <TimeSpan>
        <begin>2025-01-01</begin>
        <end>2026-12-30</end>
      </TimeSpan>
      <description><![CDATA[
        <h3>Soil Health Card Record</h3>
        <p><b>Point ID:</b> Point_692</p>
        <p><b>Validity Period:</b> 2025-01-01 to 2026-12-30</p>
        <p><b>Nitrogen (N):</b> 151.0 kg/ha</p>
        <p><b>Phosphorus (P):</b> 37.6 mg/kg</p>
        <p><b>Potassium (K):</b> 223.5 mg/kg</p>
        <p><b>Organic Carbon (OC):</b> 0.21 %</p>
        <p><b>Coordinates:</b> 14.811383°N, 79.523619°E</p>
      ]]></description>
      <Point>
        <coordinates>79.523619,14.811383,0</coordinates>
      </Point>
    </Placemark>
    <Placemark>
      <name>Point_693</name>
      <styleUrl>#soil_point</styleUrl>
      <TimeSpan>
        <begin>2025-01-01</begin>
        <end>2026-12-30</end>
      </TimeSpan>
      <description><![CDATA[
        <h3>Soil Health Card Record</h3>
        <p><b>Point ID:</b> Point_693</p>
        <p><b>Validity Period:</b> 2025-01-01 to 2026-12-30</p>
        <p><b>Nitrogen (N):</b> 88.0 kg/ha</p>
        <p><b>Phosphorus (P):</b> 8.4 mg/kg</p>
        <p><b>Potassium (K):</b> 198.6 mg/kg</p>
        <p><b>Organic Carbon (OC):</b> 0.23 %</p>
        <p><b>Coordinates:</b> 14.810750°N, 79.524631°E</p>
      ]]></description>
      <Point>
        <coordinates>79.524631,14.81075,0</coordinates>
      </Point>
    </Placemark>
    <Placemark>
      <name>Point_694</name>
      <styleUrl>#soil_point</styleUrl>
      <TimeSpan>
        <begin>2025-01-01</begin>
        <end>2026-12-30</end>
      </TimeSpan>
      <description><![CDATA[
        <h3>Soil Health Card Record</h3>
        <p><b>Point ID:</b> Point_694</p>
        <p><b>Validity Period:</b> 2025-01-01 to 2026-12-30</p>
        <p><b>Nitrogen (N):</b> 151.0 kg/ha</p>
        <p><b>Phosphorus (P):</b> 11.5 mg/kg</p>
        <p><b>Potassium (K):</b> 223.5 mg/kg</p>
        <p><b>Organic Carbon (OC):</b> 0.45 %</p>
        <p><b>Coordinates:</b> 14.809024°N, 79.526595°E</p>
      ]]></description>
      <Point>
        <coordinates>79.526595,14.809024,0</coordinates>
      </Point>
    </Placemark>
    <Placemark>
      <name>Point_695</name>
      <styleUrl>#soil_point</styleUrl>
      <TimeSpan>
        <begin>2025-01-01</begin>
        <end>2026-12-30</end>
      </TimeSpan>
      <description><![CDATA[
        <h3>Soil Health Card Record</h3>
        <p><b>Point ID:</b> Point_695</p>
        <p><b>Validity Period:</b> 2025-01-01 to 2026-12-30</p>
        <p><b>Nitrogen (N):</b> 75.0 kg/ha</p>
        <p><b>Phosphorus (P):</b> 4.6 mg/kg</p>
        <p><b>Potassium (K):</b> 49.7 mg/kg</p>
        <p><b>Organic Carbon (OC):</b> 0.45 %</p>
        <p><b>Coordinates:</b> 14.804191°N, 79.521953°E</p>
      ]]></description>
      <Point>
        <coordinates>79.521953,14.804191,0</coordinates>
      </Point>
    </Placemark>
    <Placemark>
      <name>Point_696</name>
      <styleUrl>#soil_point</styleUrl>
      <TimeSpan>
        <begin>2025-01-01</begin>
        <end>2026-12-30</end>
      </TimeSpan>
      <description><![CDATA[
        <h3>Soil Health Card Record</h3>
        <p><b>Point ID:</b> Point_696</p>
        <p><b>Validity Period:</b> 2025-01-01 to 2026-12-30</p>
        <p><b>Nitrogen (N):</b> 201.0 kg/ha</p>
        <p><b>Phosphorus (P):</b> 7.7 mg/kg</p>
        <p><b>Potassium (K):</b> 247.6 mg/kg</p>
        <p><b>Organic Carbon (OC):</b> 0.06 %</p>
        <p><b>Coordinates:</b> 14.963328°N, 79.732471°E</p>
      ]]></description>
      <Point>
        <coordinates>79.732471,14.963328,0</coordinates>
      </Point>
    </Placemark>
    <Placemark>
      <name>Point_697</name>
      <styleUrl>#soil_point</styleUrl>
      <TimeSpan>
        <begin>2025-01-01</begin>
        <end>2026-12-30</end>
      </TimeSpan>
      <description><![CDATA[
        <h3>Soil Health Card Record</h3>
        <p><b>Point ID:</b> Point_697</p>
        <p><b>Validity Period:</b> 2025-01-01 to 2026-12-30</p>
        <p><b>Nitrogen (N):</b> 125.0 kg/ha</p>
        <p><b>Phosphorus (P):</b> 27.6 mg/kg</p>
        <p><b>Potassium (K):</b> 471.8 mg/kg</p>
        <p><b>Organic Carbon (OC):</b> 0.08 %</p>
        <p><b>Coordinates:</b> 14.950213°N, 79.776471°E</p>
      ]]></description>
      <Point>
        <coordinates>79.776471,14.950213,0</coordinates>
      </Point>
    </Placemark>
    <Placemark>
      <name>Point_698</name>
      <styleUrl>#soil_point</styleUrl>
      <TimeSpan>
        <begin>2025-01-01</begin>
        <end>2026-12-30</end>
      </TimeSpan>
      <description><![CDATA[
        <h3>Soil Health Card Record</h3>
        <p><b>Point ID:</b> Point_698</p>
        <p><b>Validity Period:</b> 2025-01-01 to 2026-12-30</p>
        <p><b>Nitrogen (N):</b> 38.0 kg/ha</p>
        <p><b>Phosphorus (P):</b> 25.3 mg/kg</p>
        <p><b>Potassium (K):</b> 161.4 mg/kg</p>
        <p><b>Organic Carbon (OC):</b> 0.17 %</p>
        <p><b>Coordinates:</b> 14.966161°N, 79.757480°E</p>
      ]]></description>
      <Point>
        <coordinates>79.75748,14.966161,0</coordinates>
      </Point>
    </Placemark>
    <Placemark>
      <name>Point_699</name>
      <styleUrl>#soil_point</styleUrl>
      <TimeSpan>
        <begin>2025-01-01</begin>
        <end>2026-12-30</end>
      </TimeSpan>
      <description><![CDATA[
        <h3>Soil Health Card Record</h3>
        <p><b>Point ID:</b> Point_699</p>
        <p><b>Validity Period:</b> 2025-01-01 to 2026-12-30</p>
        <p><b>Nitrogen (N):</b> 201.0 kg/ha</p>
        <p><b>Phosphorus (P):</b> 7.7 mg/kg</p>
        <p><b>Potassium (K):</b> 247.6 mg/kg</p>
        <p><b>Organic Carbon (OC):</b> 0.06 %</p>
        <p><b>Coordinates:</b> 14.963681°N, 79.731474°E</p>
      ]]></description>
      <Point>
        <coordinates>79.731474,14.963681,0</coordinates>
      </Point>
    </Placemark>
    <Placemark>
      <name>Point_700</name>
      <styleUrl>#soil_point</styleUrl>
      <TimeSpan>
        <begin>2025-01-01</begin>
        <end>2026-12-30</end>
      </TimeSpan>
      <description><![CDATA[
        <h3>Soil Health Card Record</h3>
        <p><b>Point ID:</b> Point_700</p>
        <p><b>Validity Period:</b> 2025-01-01 to 2026-12-30</p>
        <p><b>Nitrogen (N):</b> 25.0 kg/ha</p>
        <p><b>Phosphorus (P):</b> 27.6 mg/kg</p>
        <p><b>Potassium (K):</b> 322.8 mg/kg</p>
        <p><b>Organic Carbon (OC):</b> 0.33 %</p>
        <p><b>Coordinates:</b> 14.161126°N, 79.553591°E</p>
      ]]></description>
      <Point>
        <coordinates>79.553591,14.161126,0</coordinates>
      </Point>
    </Placemark>
    <Placemark>
      <name>Point_701</name>
      <styleUrl>#soil_point</styleUrl>
      <TimeSpan>
        <begin>2025-01-01</begin>
        <end>2026-12-30</end>
      </TimeSpan>
      <description><![CDATA[
        <h3>Soil Health Card Record</h3>
        <p><b>Point ID:</b> Point_701</p>
        <p><b>Validity Period:</b> 2025-01-01 to 2026-12-30</p>
        <p><b>Nitrogen (N):</b> 25.0 kg/ha</p>
        <p><b>Phosphorus (P):</b> 27.6 mg/kg</p>
        <p><b>Potassium (K):</b> 322.8 mg/kg</p>
        <p><b>Organic Carbon (OC):</b> 0.33 %</p>
        <p><b>Coordinates:</b> 14.161130°N, 79.554204°E</p>
      ]]></description>
      <Point>
        <coordinates>79.554204,14.16113,0</coordinates>
      </Point>
    </Placemark>
    <Placemark>
      <name>Point_702</name>
      <styleUrl>#soil_point</styleUrl>
      <TimeSpan>
        <begin>2025-01-01</begin>
        <end>2026-12-30</end>
      </TimeSpan>
      <description><![CDATA[
        <h3>Soil Health Card Record</h3>
        <p><b>Point ID:</b> Point_702</p>
        <p><b>Validity Period:</b> 2025-01-01 to 2026-12-30</p>
        <p><b>Nitrogen (N):</b> 25.0 kg/ha</p>
        <p><b>Phosphorus (P):</b> 27.6 mg/kg</p>
        <p><b>Potassium (K):</b> 322.8 mg/kg</p>
        <p><b>Organic Carbon (OC):</b> 0.33 %</p>
        <p><b>Coordinates:</b> 14.161143°N, 79.554621°E</p>
      ]]></description>
      <Point>
        <coordinates>79.554621,14.161143,0</coordinates>
      </Point>
    </Placemark>
    <Placemark>
      <name>Point_703</name>
      <styleUrl>#soil_point</styleUrl>
      <TimeSpan>
        <begin>2025-01-01</begin>
        <end>2026-12-30</end>
      </TimeSpan>
      <description><![CDATA[
        <h3>Soil Health Card Record</h3>
        <p><b>Point ID:</b> Point_703</p>
        <p><b>Validity Period:</b> 2025-01-01 to 2026-12-30</p>
        <p><b>Nitrogen (N):</b> 25.0 kg/ha</p>
        <p><b>Phosphorus (P):</b> 27.6 mg/kg</p>
        <p><b>Potassium (K):</b> 322.8 mg/kg</p>
        <p><b>Organic Carbon (OC):</b> 0.33 %</p>
        <p><b>Coordinates:</b> 14.161028°N, 79.553656°E</p>
      ]]></description>
      <Point>
        <coordinates>79.553656,14.161028,0</coordinates>
      </Point>
    </Placemark>
    <Placemark>
      <name>Point_704</name>
      <styleUrl>#soil_point</styleUrl>
      <TimeSpan>
        <begin>2025-01-01</begin>
        <end>2026-12-30</end>
      </TimeSpan>
      <description><![CDATA[
        <h3>Soil Health Card Record</h3>
        <p><b>Point ID:</b> Point_704</p>
        <p><b>Validity Period:</b> 2025-01-01 to 2026-12-30</p>
        <p><b>Nitrogen (N):</b> 25.0 kg/ha</p>
        <p><b>Phosphorus (P):</b> 27.6 mg/kg</p>
        <p><b>Potassium (K):</b> 322.8 mg/kg</p>
        <p><b>Organic Carbon (OC):</b> 0.33 %</p>
        <p><b>Coordinates:</b> 14.160974°N, 79.553867°E</p>
      ]]></description>
      <Point>
        <coordinates>79.553867,14.160974,0</coordinates>
      </Point>
    </Placemark>
    <Placemark>
      <name>Point_705</name>
      <styleUrl>#soil_point</styleUrl>
      <TimeSpan>
        <begin>2025-01-01</begin>
        <end>2026-12-30</end>
      </TimeSpan>
      <description><![CDATA[
        <h3>Soil Health Card Record</h3>
        <p><b>Point ID:</b> Point_705</p>
        <p><b>Validity Period:</b> 2025-01-01 to 2026-12-30</p>
        <p><b>Nitrogen (N):</b> 25.0 kg/ha</p>
        <p><b>Phosphorus (P):</b> 27.6 mg/kg</p>
        <p><b>Potassium (K):</b> 322.8 mg/kg</p>
        <p><b>Organic Carbon (OC):</b> 0.33 %</p>
        <p><b>Coordinates:</b> 14.160964°N, 79.554355°E</p>
      ]]></description>
      <Point>
        <coordinates>79.554355,14.160964,0</coordinates>
      </Point>
    </Placemark>
    <Placemark>
      <name>Point_706</name>
      <styleUrl>#soil_point</styleUrl>
      <TimeSpan>
        <begin>2025-01-01</begin>
        <end>2026-12-30</end>
      </TimeSpan>
      <description><![CDATA[
        <h3>Soil Health Card Record</h3>
        <p><b>Point ID:</b> Point_706</p>
        <p><b>Validity Period:</b> 2025-01-01 to 2026-12-30</p>
        <p><b>Nitrogen (N):</b> 25.0 kg/ha</p>
        <p><b>Phosphorus (P):</b> 27.6 mg/kg</p>
        <p><b>Potassium (K):</b> 322.8 mg/kg</p>
        <p><b>Organic Carbon (OC):</b> 0.33 %</p>
        <p><b>Coordinates:</b> 14.160984°N, 79.554618°E</p>
      ]]></description>
      <Point>
        <coordinates>79.554618,14.160984,0</coordinates>
      </Point>
    </Placemark>
    <Placemark>
      <name>Point_707</name>
      <styleUrl>#soil_point</styleUrl>
      <TimeSpan>
        <begin>2025-01-01</begin>
        <end>2026-12-30</end>
      </TimeSpan>
      <description><![CDATA[
        <h3>Soil Health Card Record</h3>
        <p><b>Point ID:</b> Point_707</p>
        <p><b>Validity Period:</b> 2025-01-01 to 2026-12-30</p>
        <p><b>Nitrogen (N):</b> 25.0 kg/ha</p>
        <p><b>Phosphorus (P):</b> 27.6 mg/kg</p>
        <p><b>Potassium (K):</b> 322.8 mg/kg</p>
        <p><b>Organic Carbon (OC):</b> 0.33 %</p>
        <p><b>Coordinates:</b> 14.161061°N, 79.553753°E</p>
      ]]></description>
      <Point>
        <coordinates>79.553753,14.161061,0</coordinates>
      </Point>
    </Placemark>
    <Placemark>
      <name>Point_708</name>
      <styleUrl>#soil_point</styleUrl>
      <TimeSpan>
        <begin>2025-01-01</begin>
        <end>2026-12-30</end>
      </TimeSpan>
      <description><![CDATA[
        <h3>Soil Health Card Record</h3>
        <p><b>Point ID:</b> Point_708</p>
        <p><b>Validity Period:</b> 2025-01-01 to 2026-12-30</p>
        <p><b>Nitrogen (N):</b> 25.0 kg/ha</p>
        <p><b>Phosphorus (P):</b> 27.6 mg/kg</p>
        <p><b>Potassium (K):</b> 322.8 mg/kg</p>
        <p><b>Organic Carbon (OC):</b> 0.33 %</p>
        <p><b>Coordinates:</b> 14.161029°N, 79.554062°E</p>
      ]]></description>
      <Point>
        <coordinates>79.554062,14.161029,0</coordinates>
      </Point>
    </Placemark>
    <Placemark>
      <name>Point_709</name>
      <styleUrl>#soil_point</styleUrl>
      <TimeSpan>
        <begin>2025-01-01</begin>
        <end>2026-12-30</end>
      </TimeSpan>
      <description><![CDATA[
        <h3>Soil Health Card Record</h3>
        <p><b>Point ID:</b> Point_709</p>
        <p><b>Validity Period:</b> 2025-01-01 to 2026-12-30</p>
        <p><b>Nitrogen (N):</b> 25.0 kg/ha</p>
        <p><b>Phosphorus (P):</b> 27.6 mg/kg</p>
        <p><b>Potassium (K):</b> 322.8 mg/kg</p>
        <p><b>Organic Carbon (OC):</b> 0.33 %</p>
        <p><b>Coordinates:</b> 14.160973°N, 79.554688°E</p>
      ]]></description>
      <Point>
        <coordinates>79.554688,14.160973,0</coordinates>
      </Point>
    </Placemark>
    <Placemark>
      <name>Point_710</name>
      <styleUrl>#soil_point</styleUrl>
      <TimeSpan>
        <begin>2025-01-01</begin>
        <end>2026-12-30</end>
      </TimeSpan>
      <description><![CDATA[
        <h3>Soil Health Card Record</h3>
        <p><b>Point ID:</b> Point_710</p>
        <p><b>Validity Period:</b> 2025-01-01 to 2026-12-30</p>
        <p><b>Nitrogen (N):</b> 25.0 kg/ha</p>
        <p><b>Phosphorus (P):</b> 27.6 mg/kg</p>
        <p><b>Potassium (K):</b> 322.8 mg/kg</p>
        <p><b>Organic Carbon (OC):</b> 0.33 %</p>
        <p><b>Coordinates:</b> 14.160833°N, 79.553611°E</p>
      ]]></description>
      <Point>
        <coordinates>79.553611,14.160833,0</coordinates>
      </Point>
    </Placemark>
    <Placemark>
      <name>Point_711</name>
      <styleUrl>#soil_point</styleUrl>
      <TimeSpan>
        <begin>2025-01-01</begin>
        <end>2026-12-30</end>
      </TimeSpan>
      <description><![CDATA[
        <h3>Soil Health Card Record</h3>
        <p><b>Point ID:</b> Point_711</p>
        <p><b>Validity Period:</b> 2025-01-01 to 2026-12-30</p>
        <p><b>Nitrogen (N):</b> 25.0 kg/ha</p>
        <p><b>Phosphorus (P):</b> 27.6 mg/kg</p>
        <p><b>Potassium (K):</b> 322.8 mg/kg</p>
        <p><b>Organic Carbon (OC):</b> 0.33 %</p>
        <p><b>Coordinates:</b> 14.160770°N, 79.553551°E</p>
      ]]></description>
      <Point>
        <coordinates>79.553551,14.16077,0</coordinates>
      </Point>
    </Placemark>
    <Placemark>
      <name>Point_712</name>
      <styleUrl>#soil_point</styleUrl>
      <TimeSpan>
        <begin>2025-01-01</begin>
        <end>2026-12-30</end>
      </TimeSpan>
      <description><![CDATA[
        <h3>Soil Health Card Record</h3>
        <p><b>Point ID:</b> Point_712</p>
        <p><b>Validity Period:</b> 2025-01-01 to 2026-12-30</p>
        <p><b>Nitrogen (N):</b> 201.0 kg/ha</p>
        <p><b>Phosphorus (P):</b> 43.01 mg/kg</p>
        <p><b>Potassium (K):</b> 316.6 mg/kg</p>
        <p><b>Organic Carbon (OC):</b> 0.34 %</p>
        <p><b>Coordinates:</b> 14.171031°N, 79.557042°E</p>
      ]]></description>
      <Point>
        <coordinates>79.557042,14.171031,0</coordinates>
      </Point>
    </Placemark>
    <Placemark>
      <name>Point_713</name>
      <styleUrl>#soil_point</styleUrl>
      <TimeSpan>
        <begin>2025-01-01</begin>
        <end>2026-12-30</end>
      </TimeSpan>
      <description><![CDATA[
        <h3>Soil Health Card Record</h3>
        <p><b>Point ID:</b> Point_713</p>
        <p><b>Validity Period:</b> 2025-01-01 to 2026-12-30</p>
        <p><b>Nitrogen (N):</b> 201.0 kg/ha</p>
        <p><b>Phosphorus (P):</b> 43.01 mg/kg</p>
        <p><b>Potassium (K):</b> 316.6 mg/kg</p>
        <p><b>Organic Carbon (OC):</b> 0.34 %</p>
        <p><b>Coordinates:</b> 14.171006°N, 79.556968°E</p>
      ]]></description>
      <Point>
        <coordinates>79.556968,14.171006,0</coordinates>
      </Point>
    </Placemark>
    <Placemark>
      <name>Point_714</name>
      <styleUrl>#soil_point</styleUrl>
      <TimeSpan>
        <begin>2025-01-01</begin>
        <end>2026-12-30</end>
      </TimeSpan>
      <description><![CDATA[
        <h3>Soil Health Card Record</h3>
        <p><b>Point ID:</b> Point_714</p>
        <p><b>Validity Period:</b> 2025-01-01 to 2026-12-30</p>
        <p><b>Nitrogen (N):</b> 201.0 kg/ha</p>
        <p><b>Phosphorus (P):</b> 43.01 mg/kg</p>
        <p><b>Potassium (K):</b> 316.6 mg/kg</p>
        <p><b>Organic Carbon (OC):</b> 0.34 %</p>
        <p><b>Coordinates:</b> 14.170943°N, 79.557021°E</p>
      ]]></description>
      <Point>
        <coordinates>79.557021,14.170943,0</coordinates>
      </Point>
    </Placemark>
    <Placemark>
      <name>Point_715</name>
      <styleUrl>#soil_point</styleUrl>
      <TimeSpan>
        <begin>2025-01-01</begin>
        <end>2026-12-30</end>
      </TimeSpan>
      <description><![CDATA[
        <h3>Soil Health Card Record</h3>
        <p><b>Point ID:</b> Point_715</p>
        <p><b>Validity Period:</b> 2025-01-01 to 2026-12-30</p>
        <p><b>Nitrogen (N):</b> 201.0 kg/ha</p>
        <p><b>Phosphorus (P):</b> 43.01 mg/kg</p>
        <p><b>Potassium (K):</b> 316.6 mg/kg</p>
        <p><b>Organic Carbon (OC):</b> 0.34 %</p>
        <p><b>Coordinates:</b> 14.170938°N, 79.556973°E</p>
      ]]></description>
      <Point>
        <coordinates>79.556973,14.170938,0</coordinates>
      </Point>
    </Placemark>
    <Placemark>
      <name>Point_716</name>
      <styleUrl>#soil_point</styleUrl>
      <TimeSpan>
        <begin>2025-01-01</begin>
        <end>2026-12-30</end>
      </TimeSpan>
      <description><![CDATA[
        <h3>Soil Health Card Record</h3>
        <p><b>Point ID:</b> Point_716</p>
        <p><b>Validity Period:</b> 2025-01-01 to 2026-12-30</p>
        <p><b>Nitrogen (N):</b> 201.0 kg/ha</p>
        <p><b>Phosphorus (P):</b> 43.01 mg/kg</p>
        <p><b>Potassium (K):</b> 316.6 mg/kg</p>
        <p><b>Organic Carbon (OC):</b> 0.34 %</p>
        <p><b>Coordinates:</b> 14.170593°N, 79.556252°E</p>
      ]]></description>
      <Point>
        <coordinates>79.556252,14.170593,0</coordinates>
      </Point>
    </Placemark>
    <Placemark>
      <name>Point_717</name>
      <styleUrl>#soil_point</styleUrl>
      <TimeSpan>
        <begin>2025-01-01</begin>
        <end>2026-12-30</end>
      </TimeSpan>
      <description><![CDATA[
        <h3>Soil Health Card Record</h3>
        <p><b>Point ID:</b> Point_717</p>
        <p><b>Validity Period:</b> 2025-01-01 to 2026-12-30</p>
        <p><b>Nitrogen (N):</b> 201.0 kg/ha</p>
        <p><b>Phosphorus (P):</b> 43.01 mg/kg</p>
        <p><b>Potassium (K):</b> 316.6 mg/kg</p>
        <p><b>Organic Carbon (OC):</b> 0.34 %</p>
        <p><b>Coordinates:</b> 14.170509°N, 79.557003°E</p>
      ]]></description>
      <Point>
        <coordinates>79.557003,14.170509,0</coordinates>
      </Point>
    </Placemark>
    <Placemark>
      <name>Point_718</name>
      <styleUrl>#soil_point</styleUrl>
      <TimeSpan>
        <begin>2025-01-01</begin>
        <end>2026-12-30</end>
      </TimeSpan>
      <description><![CDATA[
        <h3>Soil Health Card Record</h3>
        <p><b>Point ID:</b> Point_718</p>
        <p><b>Validity Period:</b> 2025-01-01 to 2026-12-30</p>
        <p><b>Nitrogen (N):</b> 201.0 kg/ha</p>
        <p><b>Phosphorus (P):</b> 43.01 mg/kg</p>
        <p><b>Potassium (K):</b> 316.6 mg/kg</p>
        <p><b>Organic Carbon (OC):</b> 0.34 %</p>
        <p><b>Coordinates:</b> 14.170463°N, 79.556934°E</p>
      ]]></description>
      <Point>
        <coordinates>79.556934,14.170463,0</coordinates>
      </Point>
    </Placemark>
    <Placemark>
      <name>Point_719</name>
      <styleUrl>#soil_point</styleUrl>
      <TimeSpan>
        <begin>2025-01-01</begin>
        <end>2026-12-30</end>
      </TimeSpan>
      <description><![CDATA[
        <h3>Soil Health Card Record</h3>
        <p><b>Point ID:</b> Point_719</p>
        <p><b>Validity Period:</b> 2025-01-01 to 2026-12-30</p>
        <p><b>Nitrogen (N):</b> 201.0 kg/ha</p>
        <p><b>Phosphorus (P):</b> 43.01 mg/kg</p>
        <p><b>Potassium (K):</b> 316.6 mg/kg</p>
        <p><b>Organic Carbon (OC):</b> 0.34 %</p>
        <p><b>Coordinates:</b> 14.170463°N, 79.556864°E</p>
      ]]></description>
      <Point>
        <coordinates>79.556864,14.170463,0</coordinates>
      </Point>
    </Placemark>
    <Placemark>
      <name>Point_720</name>
      <styleUrl>#soil_point</styleUrl>
      <TimeSpan>
        <begin>2025-01-01</begin>
        <end>2026-12-30</end>
      </TimeSpan>
      <description><![CDATA[
        <h3>Soil Health Card Record</h3>
        <p><b>Point ID:</b> Point_720</p>
        <p><b>Validity Period:</b> 2025-01-01 to 2026-12-30</p>
        <p><b>Nitrogen (N):</b> 201.0 kg/ha</p>
        <p><b>Phosphorus (P):</b> 43.01 mg/kg</p>
        <p><b>Potassium (K):</b> 316.6 mg/kg</p>
        <p><b>Organic Carbon (OC):</b> 0.34 %</p>
        <p><b>Coordinates:</b> 14.170365°N, 79.556771°E</p>
      ]]></description>
      <Point>
        <coordinates>79.556771,14.170365,0</coordinates>
      </Point>
    </Placemark>
    <Placemark>
      <name>Point_721</name>
      <styleUrl>#soil_point</styleUrl>
      <TimeSpan>
        <begin>2025-01-01</begin>
        <end>2026-12-30</end>
      </TimeSpan>
      <description><![CDATA[
        <h3>Soil Health Card Record</h3>
        <p><b>Point ID:</b> Point_721</p>
        <p><b>Validity Period:</b> 2025-01-01 to 2026-12-30</p>
        <p><b>Nitrogen (N):</b> 201.0 kg/ha</p>
        <p><b>Phosphorus (P):</b> 43.01 mg/kg</p>
        <p><b>Potassium (K):</b> 316.6 mg/kg</p>
        <p><b>Organic Carbon (OC):</b> 0.34 %</p>
        <p><b>Coordinates:</b> 14.170371°N, 79.556892°E</p>
      ]]></description>
      <Point>
        <coordinates>79.556892,14.170371,0</coordinates>
      </Point>
    </Placemark>
    <Placemark>
      <name>Point_722</name>
      <styleUrl>#soil_point</styleUrl>
      <TimeSpan>
        <begin>2025-01-01</begin>
        <end>2026-12-30</end>
      </TimeSpan>
      <description><![CDATA[
        <h3>Soil Health Card Record</h3>
        <p><b>Point ID:</b> Point_722</p>
        <p><b>Validity Period:</b> 2025-01-01 to 2026-12-30</p>
        <p><b>Nitrogen (N):</b> 201.0 kg/ha</p>
        <p><b>Phosphorus (P):</b> 43.01 mg/kg</p>
        <p><b>Potassium (K):</b> 316.6 mg/kg</p>
        <p><b>Organic Carbon (OC):</b> 0.34 %</p>
        <p><b>Coordinates:</b> 14.170369°N, 79.556928°E</p>
      ]]></description>
      <Point>
        <coordinates>79.556928,14.170369,0</coordinates>
      </Point>
    </Placemark>
    <Placemark>
      <name>Point_723</name>
      <styleUrl>#soil_point</styleUrl>
      <TimeSpan>
        <begin>2025-01-01</begin>
        <end>2026-12-30</end>
      </TimeSpan>
      <description><![CDATA[
        <h3>Soil Health Card Record</h3>
        <p><b>Point ID:</b> Point_723</p>
        <p><b>Validity Period:</b> 2025-01-01 to 2026-12-30</p>
        <p><b>Nitrogen (N):</b> 201.0 kg/ha</p>
        <p><b>Phosphorus (P):</b> 43.01 mg/kg</p>
        <p><b>Potassium (K):</b> 316.6 mg/kg</p>
        <p><b>Organic Carbon (OC):</b> 0.34 %</p>
        <p><b>Coordinates:</b> 14.170342°N, 79.557010°E</p>
      ]]></description>
      <Point>
        <coordinates>79.55701,14.170342,0</coordinates>
      </Point>
    </Placemark>
    <Placemark>
      <name>Point_724</name>
      <styleUrl>#soil_point</styleUrl>
      <TimeSpan>
        <begin>2025-01-01</begin>
        <end>2026-12-30</end>
      </TimeSpan>
      <description><![CDATA[
        <h3>Soil Health Card Record</h3>
        <p><b>Point ID:</b> Point_724</p>
        <p><b>Validity Period:</b> 2025-01-01 to 2026-12-30</p>
        <p><b>Nitrogen (N):</b> 201.0 kg/ha</p>
        <p><b>Phosphorus (P):</b> 43.01 mg/kg</p>
        <p><b>Potassium (K):</b> 316.6 mg/kg</p>
        <p><b>Organic Carbon (OC):</b> 0.34 %</p>
        <p><b>Coordinates:</b> 14.170345°N, 79.557242°E</p>
      ]]></description>
      <Point>
        <coordinates>79.557242,14.170345,0</coordinates>
      </Point>
    </Placemark>
    <Placemark>
      <name>Point_725</name>
      <styleUrl>#soil_point</styleUrl>
      <TimeSpan>
        <begin>2025-01-01</begin>
        <end>2026-12-30</end>
      </TimeSpan>
      <description><![CDATA[
        <h3>Soil Health Card Record</h3>
        <p><b>Point ID:</b> Point_725</p>
        <p><b>Validity Period:</b> 2025-01-01 to 2026-12-30</p>
        <p><b>Nitrogen (N):</b> 201.0 kg/ha</p>
        <p><b>Phosphorus (P):</b> 43.01 mg/kg</p>
        <p><b>Potassium (K):</b> 316.6 mg/kg</p>
        <p><b>Organic Carbon (OC):</b> 0.34 %</p>
        <p><b>Coordinates:</b> 14.170323°N, 79.556988°E</p>
      ]]></description>
      <Point>
        <coordinates>79.556988,14.170323,0</coordinates>
      </Point>
    </Placemark>
    <Placemark>
      <name>Point_726</name>
      <styleUrl>#soil_point</styleUrl>
      <TimeSpan>
        <begin>2025-01-01</begin>
        <end>2026-12-30</end>
      </TimeSpan>
      <description><![CDATA[
        <h3>Soil Health Card Record</h3>
        <p><b>Point ID:</b> Point_726</p>
        <p><b>Validity Period:</b> 2025-01-01 to 2026-12-30</p>
        <p><b>Nitrogen (N):</b> 201.0 kg/ha</p>
        <p><b>Phosphorus (P):</b> 43.01 mg/kg</p>
        <p><b>Potassium (K):</b> 316.6 mg/kg</p>
        <p><b>Organic Carbon (OC):</b> 0.34 %</p>
        <p><b>Coordinates:</b> 14.170313°N, 79.557119°E</p>
      ]]></description>
      <Point>
        <coordinates>79.557119,14.170313,0</coordinates>
      </Point>
    </Placemark>
    <Placemark>
      <name>Point_727</name>
      <styleUrl>#soil_point</styleUrl>
      <TimeSpan>
        <begin>2025-01-01</begin>
        <end>2026-12-30</end>
      </TimeSpan>
      <description><![CDATA[
        <h3>Soil Health Card Record</h3>
        <p><b>Point ID:</b> Point_727</p>
        <p><b>Validity Period:</b> 2025-01-01 to 2026-12-30</p>
        <p><b>Nitrogen (N):</b> 201.0 kg/ha</p>
        <p><b>Phosphorus (P):</b> 43.01 mg/kg</p>
        <p><b>Potassium (K):</b> 316.6 mg/kg</p>
        <p><b>Organic Carbon (OC):</b> 0.34 %</p>
        <p><b>Coordinates:</b> 14.170294°N, 79.556918°E</p>
      ]]></description>
      <Point>
        <coordinates>79.556918,14.170294,0</coordinates>
      </Point>
    </Placemark>
    <Placemark>
      <name>Point_728</name>
      <styleUrl>#soil_point</styleUrl>
      <TimeSpan>
        <begin>2025-01-01</begin>
        <end>2026-12-30</end>
      </TimeSpan>
      <description><![CDATA[
        <h3>Soil Health Card Record</h3>
        <p><b>Point ID:</b> Point_728</p>
        <p><b>Validity Period:</b> 2025-01-01 to 2026-12-30</p>
        <p><b>Nitrogen (N):</b> 201.0 kg/ha</p>
        <p><b>Phosphorus (P):</b> 43.01 mg/kg</p>
        <p><b>Potassium (K):</b> 316.6 mg/kg</p>
        <p><b>Organic Carbon (OC):</b> 0.34 %</p>
        <p><b>Coordinates:</b> 14.170275°N, 79.556967°E</p>
      ]]></description>
      <Point>
        <coordinates>79.556967,14.170275,0</coordinates>
      </Point>
    </Placemark>
    <Placemark>
      <name>Point_729</name>
      <styleUrl>#soil_point</styleUrl>
      <TimeSpan>
        <begin>2025-01-01</begin>
        <end>2026-12-30</end>
      </TimeSpan>
      <description><![CDATA[
        <h3>Soil Health Card Record</h3>
        <p><b>Point ID:</b> Point_729</p>
        <p><b>Validity Period:</b> 2025-01-01 to 2026-12-30</p>
        <p><b>Nitrogen (N):</b> 201.0 kg/ha</p>
        <p><b>Phosphorus (P):</b> 43.01 mg/kg</p>
        <p><b>Potassium (K):</b> 316.6 mg/kg</p>
        <p><b>Organic Carbon (OC):</b> 0.34 %</p>
        <p><b>Coordinates:</b> 14.170278°N, 79.557050°E</p>
      ]]></description>
      <Point>
        <coordinates>79.55705,14.170278,0</coordinates>
      </Point>
    </Placemark>
    <Placemark>
      <name>Point_730</name>
      <styleUrl>#soil_point</styleUrl>
      <TimeSpan>
        <begin>2025-01-01</begin>
        <end>2026-12-30</end>
      </TimeSpan>
      <description><![CDATA[
        <h3>Soil Health Card Record</h3>
        <p><b>Point ID:</b> Point_730</p>
        <p><b>Validity Period:</b> 2025-01-01 to 2026-12-30</p>
        <p><b>Nitrogen (N):</b> 201.0 kg/ha</p>
        <p><b>Phosphorus (P):</b> 43.01 mg/kg</p>
        <p><b>Potassium (K):</b> 316.6 mg/kg</p>
        <p><b>Organic Carbon (OC):</b> 0.34 %</p>
        <p><b>Coordinates:</b> 14.170280°N, 79.557067°E</p>
      ]]></description>
      <Point>
        <coordinates>79.557067,14.17028,0</coordinates>
      </Point>
    </Placemark>
    <Placemark>
      <name>Point_731</name>
      <styleUrl>#soil_point</styleUrl>
      <TimeSpan>
        <begin>2025-01-01</begin>
        <end>2026-12-30</end>
      </TimeSpan>
      <description><![CDATA[
        <h3>Soil Health Card Record</h3>
        <p><b>Point ID:</b> Point_731</p>
        <p><b>Validity Period:</b> 2025-01-01 to 2026-12-30</p>
        <p><b>Nitrogen (N):</b> 201.0 kg/ha</p>
        <p><b>Phosphorus (P):</b> 43.01 mg/kg</p>
        <p><b>Potassium (K):</b> 316.6 mg/kg</p>
        <p><b>Organic Carbon (OC):</b> 0.34 %</p>
        <p><b>Coordinates:</b> 14.170260°N, 79.556908°E</p>
      ]]></description>
      <Point>
        <coordinates>79.556908,14.17026,0</coordinates>
      </Point>
    </Placemark>
    <Placemark>
      <name>Point_732</name>
      <styleUrl>#soil_point</styleUrl>
      <TimeSpan>
        <begin>2025-01-01</begin>
        <end>2026-12-30</end>
      </TimeSpan>
      <description><![CDATA[
        <h3>Soil Health Card Record</h3>
        <p><b>Point ID:</b> Point_732</p>
        <p><b>Validity Period:</b> 2025-01-01 to 2026-12-30</p>
        <p><b>Nitrogen (N):</b> 201.0 kg/ha</p>
        <p><b>Phosphorus (P):</b> 43.01 mg/kg</p>
        <p><b>Potassium (K):</b> 316.6 mg/kg</p>
        <p><b>Organic Carbon (OC):</b> 0.34 %</p>
        <p><b>Coordinates:</b> 14.170254°N, 79.556993°E</p>
      ]]></description>
      <Point>
        <coordinates>79.556993,14.170254,0</coordinates>
      </Point>
    </Placemark>
    <Placemark>
      <name>Point_733</name>
      <styleUrl>#soil_point</styleUrl>
      <TimeSpan>
        <begin>2025-01-01</begin>
        <end>2026-12-30</end>
      </TimeSpan>
      <description><![CDATA[
        <h3>Soil Health Card Record</h3>
        <p><b>Point ID:</b> Point_733</p>
        <p><b>Validity Period:</b> 2025-01-01 to 2026-12-30</p>
        <p><b>Nitrogen (N):</b> 201.0 kg/ha</p>
        <p><b>Phosphorus (P):</b> 43.01 mg/kg</p>
        <p><b>Potassium (K):</b> 316.6 mg/kg</p>
        <p><b>Organic Carbon (OC):</b> 0.34 %</p>
        <p><b>Coordinates:</b> 14.170256°N, 79.557019°E</p>
      ]]></description>
      <Point>
        <coordinates>79.557019,14.170256,0</coordinates>
      </Point>
    </Placemark>
    <Placemark>
      <name>Point_734</name>
      <styleUrl>#soil_point</styleUrl>
      <TimeSpan>
        <begin>2025-01-01</begin>
        <end>2026-12-30</end>
      </TimeSpan>
      <description><![CDATA[
        <h3>Soil Health Card Record</h3>
        <p><b>Point ID:</b> Point_734</p>
        <p><b>Validity Period:</b> 2025-01-01 to 2026-12-30</p>
        <p><b>Nitrogen (N):</b> 201.0 kg/ha</p>
        <p><b>Phosphorus (P):</b> 43.01 mg/kg</p>
        <p><b>Potassium (K):</b> 316.6 mg/kg</p>
        <p><b>Organic Carbon (OC):</b> 0.34 %</p>
        <p><b>Coordinates:</b> 14.170253°N, 79.557037°E</p>
      ]]></description>
      <Point>
        <coordinates>79.557037,14.170253,0</coordinates>
      </Point>
    </Placemark>
    <Placemark>
      <name>Point_735</name>
      <styleUrl>#soil_point</styleUrl>
      <TimeSpan>
        <begin>2025-01-01</begin>
        <end>2026-12-30</end>
      </TimeSpan>
      <description><![CDATA[
        <h3>Soil Health Card Record</h3>
        <p><b>Point ID:</b> Point_735</p>
        <p><b>Validity Period:</b> 2025-01-01 to 2026-12-30</p>
        <p><b>Nitrogen (N):</b> 201.0 kg/ha</p>
        <p><b>Phosphorus (P):</b> 43.01 mg/kg</p>
        <p><b>Potassium (K):</b> 316.6 mg/kg</p>
        <p><b>Organic Carbon (OC):</b> 0.34 %</p>
        <p><b>Coordinates:</b> 14.170224°N, 79.556705°E</p>
      ]]></description>
      <Point>
        <coordinates>79.556705,14.170224,0</coordinates>
      </Point>
    </Placemark>
    <Placemark>
      <name>Point_736</name>
      <styleUrl>#soil_point</styleUrl>
      <TimeSpan>
        <begin>2025-01-01</begin>
        <end>2026-12-30</end>
      </TimeSpan>
      <description><![CDATA[
        <h3>Soil Health Card Record</h3>
        <p><b>Point ID:</b> Point_736</p>
        <p><b>Validity Period:</b> 2025-01-01 to 2026-12-30</p>
        <p><b>Nitrogen (N):</b> 201.0 kg/ha</p>
        <p><b>Phosphorus (P):</b> 43.01 mg/kg</p>
        <p><b>Potassium (K):</b> 316.6 mg/kg</p>
        <p><b>Organic Carbon (OC):</b> 0.34 %</p>
        <p><b>Coordinates:</b> 14.170242°N, 79.556941°E</p>
      ]]></description>
      <Point>
        <coordinates>79.556941,14.170242,0</coordinates>
      </Point>
    </Placemark>
    <Placemark>
      <name>Point_737</name>
      <styleUrl>#soil_point</styleUrl>
      <TimeSpan>
        <begin>2025-01-01</begin>
        <end>2026-12-30</end>
      </TimeSpan>
      <description><![CDATA[
        <h3>Soil Health Card Record</h3>
        <p><b>Point ID:</b> Point_737</p>
        <p><b>Validity Period:</b> 2025-01-01 to 2026-12-30</p>
        <p><b>Nitrogen (N):</b> 201.0 kg/ha</p>
        <p><b>Phosphorus (P):</b> 43.01 mg/kg</p>
        <p><b>Potassium (K):</b> 316.6 mg/kg</p>
        <p><b>Organic Carbon (OC):</b> 0.34 %</p>
        <p><b>Coordinates:</b> 14.170243°N, 79.556991°E</p>
      ]]></description>
      <Point>
        <coordinates>79.556991,14.170243,0</coordinates>
      </Point>
    </Placemark>
    <Placemark>
      <name>Point_738</name>
      <styleUrl>#soil_point</styleUrl>
      <TimeSpan>
        <begin>2025-01-01</begin>
        <end>2026-12-30</end>
      </TimeSpan>
      <description><![CDATA[
        <h3>Soil Health Card Record</h3>
        <p><b>Point ID:</b> Point_738</p>
        <p><b>Validity Period:</b> 2025-01-01 to 2026-12-30</p>
        <p><b>Nitrogen (N):</b> 201.0 kg/ha</p>
        <p><b>Phosphorus (P):</b> 43.01 mg/kg</p>
        <p><b>Potassium (K):</b> 316.6 mg/kg</p>
        <p><b>Organic Carbon (OC):</b> 0.34 %</p>
        <p><b>Coordinates:</b> 14.170202°N, 79.556966°E</p>
      ]]></description>
      <Point>
        <coordinates>79.556966,14.170202,0</coordinates>
      </Point>
    </Placemark>
    <Placemark>
      <name>Point_739</name>
      <styleUrl>#soil_point</styleUrl>
      <TimeSpan>
        <begin>2025-01-01</begin>
        <end>2026-12-30</end>
      </TimeSpan>
      <description><![CDATA[
        <h3>Soil Health Card Record</h3>
        <p><b>Point ID:</b> Point_739</p>
        <p><b>Validity Period:</b> 2025-01-01 to 2026-12-30</p>
        <p><b>Nitrogen (N):</b> 201.0 kg/ha</p>
        <p><b>Phosphorus (P):</b> 43.01 mg/kg</p>
        <p><b>Potassium (K):</b> 316.6 mg/kg</p>
        <p><b>Organic Carbon (OC):</b> 0.34 %</p>
        <p><b>Coordinates:</b> 14.170201°N, 79.556983°E</p>
      ]]></description>
      <Point>
        <coordinates>79.556983,14.170201,0</coordinates>
      </Point>
    </Placemark>
    <Placemark>
      <name>Point_740</name>
      <styleUrl>#soil_point</styleUrl>
      <TimeSpan>
        <begin>2025-01-01</begin>
        <end>2026-12-30</end>
      </TimeSpan>
      <description><![CDATA[
        <h3>Soil Health Card Record</h3>
        <p><b>Point ID:</b> Point_740</p>
        <p><b>Validity Period:</b> 2025-01-01 to 2026-12-30</p>
        <p><b>Nitrogen (N):</b> 201.0 kg/ha</p>
        <p><b>Phosphorus (P):</b> 43.01 mg/kg</p>
        <p><b>Potassium (K):</b> 316.6 mg/kg</p>
        <p><b>Organic Carbon (OC):</b> 0.34 %</p>
        <p><b>Coordinates:</b> 14.170190°N, 79.556969°E</p>
      ]]></description>
      <Point>
        <coordinates>79.556969,14.17019,0</coordinates>
      </Point>
    </Placemark>
    <Placemark>
      <name>Point_741</name>
      <styleUrl>#soil_point</styleUrl>
      <TimeSpan>
        <begin>2025-01-01</begin>
        <end>2026-12-30</end>
      </TimeSpan>
      <description><![CDATA[
        <h3>Soil Health Card Record</h3>
        <p><b>Point ID:</b> Point_741</p>
        <p><b>Validity Period:</b> 2025-01-01 to 2026-12-30</p>
        <p><b>Nitrogen (N):</b> 201.0 kg/ha</p>
        <p><b>Phosphorus (P):</b> 43.01 mg/kg</p>
        <p><b>Potassium (K):</b> 316.6 mg/kg</p>
        <p><b>Organic Carbon (OC):</b> 0.34 %</p>
        <p><b>Coordinates:</b> 14.170157°N, 79.556976°E</p>
      ]]></description>
      <Point>
        <coordinates>79.556976,14.170157,0</coordinates>
      </Point>
    </Placemark>
    <Placemark>
      <name>Point_742</name>
      <styleUrl>#soil_point</styleUrl>
      <TimeSpan>
        <begin>2025-01-01</begin>
        <end>2026-12-30</end>
      </TimeSpan>
      <description><![CDATA[
        <h3>Soil Health Card Record</h3>
        <p><b>Point ID:</b> Point_742</p>
        <p><b>Validity Period:</b> 2025-01-01 to 2026-12-30</p>
        <p><b>Nitrogen (N):</b> 201.0 kg/ha</p>
        <p><b>Phosphorus (P):</b> 43.01 mg/kg</p>
        <p><b>Potassium (K):</b> 316.6 mg/kg</p>
        <p><b>Organic Carbon (OC):</b> 0.34 %</p>
        <p><b>Coordinates:</b> 14.170136°N, 79.557000°E</p>
      ]]></description>
      <Point>
        <coordinates>79.557,14.170136,0</coordinates>
      </Point>
    </Placemark>
    <Placemark>
      <name>Point_743</name>
      <styleUrl>#soil_point</styleUrl>
      <TimeSpan>
        <begin>2025-01-01</begin>
        <end>2026-12-30</end>
      </TimeSpan>
      <description><![CDATA[
        <h3>Soil Health Card Record</h3>
        <p><b>Point ID:</b> Point_743</p>
        <p><b>Validity Period:</b> 2025-01-01 to 2026-12-30</p>
        <p><b>Nitrogen (N):</b> 25.0 kg/ha</p>
        <p><b>Phosphorus (P):</b> 6.9 mg/kg</p>
        <p><b>Potassium (K):</b> 316.6 mg/kg</p>
        <p><b>Organic Carbon (OC):</b> 0.31 %</p>
        <p><b>Coordinates:</b> 14.185885°N, 79.555353°E</p>
      ]]></description>
      <Point>
        <coordinates>79.555353,14.185885,0</coordinates>
      </Point>
    </Placemark>
    <Placemark>
      <name>Point_744</name>
      <styleUrl>#soil_point</styleUrl>
      <TimeSpan>
        <begin>2025-01-01</begin>
        <end>2026-12-30</end>
      </TimeSpan>
      <description><![CDATA[
        <h3>Soil Health Card Record</h3>
        <p><b>Point ID:</b> Point_744</p>
        <p><b>Validity Period:</b> 2025-01-01 to 2026-12-30</p>
        <p><b>Nitrogen (N):</b> 125.0 kg/ha</p>
        <p><b>Phosphorus (P):</b> 12.9 mg/kg</p>
        <p><b>Potassium (K):</b> 252.8 mg/kg</p>
        <p><b>Organic Carbon (OC):</b> 0.65 %</p>
        <p><b>Coordinates:</b> 14.861701°N, 79.365534°E</p>
      ]]></description>
      <Point>
        <coordinates>79.365534,14.861701,0</coordinates>
      </Point>
    </Placemark>
    <Placemark>
      <name>Point_745</name>
      <styleUrl>#soil_point</styleUrl>
      <TimeSpan>
        <begin>2025-01-01</begin>
        <end>2026-12-30</end>
      </TimeSpan>
      <description><![CDATA[
        <h3>Soil Health Card Record</h3>
        <p><b>Point ID:</b> Point_745</p>
        <p><b>Validity Period:</b> 2025-01-01 to 2026-12-30</p>
        <p><b>Nitrogen (N):</b> 38.0 kg/ha</p>
        <p><b>Phosphorus (P):</b> 14.1 mg/kg</p>
        <p><b>Potassium (K):</b> 245.8 mg/kg</p>
        <p><b>Organic Carbon (OC):</b> 0.46 %</p>
        <p><b>Coordinates:</b> 14.858277°N, 79.365639°E</p>
      ]]></description>
      <Point>
        <coordinates>79.365639,14.858277,0</coordinates>
      </Point>
    </Placemark>
    <Placemark>
      <name>Point_746</name>
      <styleUrl>#soil_point</styleUrl>
      <TimeSpan>
        <begin>2025-01-01</begin>
        <end>2026-12-30</end>
      </TimeSpan>
      <description><![CDATA[
        <h3>Soil Health Card Record</h3>
        <p><b>Point ID:</b> Point_746</p>
        <p><b>Validity Period:</b> 2025-01-01 to 2026-12-30</p>
        <p><b>Nitrogen (N):</b> 176.0 kg/ha</p>
        <p><b>Phosphorus (P):</b> 97.5 mg/kg</p>
        <p><b>Potassium (K):</b> 186.2 mg/kg</p>
        <p><b>Organic Carbon (OC):</b> 0.3 %</p>
        <p><b>Coordinates:</b> 14.500388°N, 80.134653°E</p>
      ]]></description>
      <Point>
        <coordinates>80.134653,14.500388,0</coordinates>
      </Point>
    </Placemark>
    <Placemark>
      <name>Point_747</name>
      <styleUrl>#soil_point</styleUrl>
      <TimeSpan>
        <begin>2025-01-01</begin>
        <end>2026-12-30</end>
      </TimeSpan>
      <description><![CDATA[
        <h3>Soil Health Card Record</h3>
        <p><b>Point ID:</b> Point_747</p>
        <p><b>Validity Period:</b> 2025-01-01 to 2026-12-30</p>
        <p><b>Nitrogen (N):</b> 176.0 kg/ha</p>
        <p><b>Phosphorus (P):</b> 97.5 mg/kg</p>
        <p><b>Potassium (K):</b> 186.2 mg/kg</p>
        <p><b>Organic Carbon (OC):</b> 0.3 %</p>
        <p><b>Coordinates:</b> 14.500409°N, 80.134701°E</p>
      ]]></description>
      <Point>
        <coordinates>80.134701,14.500409,0</coordinates>
      </Point>
    </Placemark>
    <Placemark>
      <name>Point_748</name>
      <styleUrl>#soil_point</styleUrl>
      <TimeSpan>
        <begin>2025-01-01</begin>
        <end>2026-12-30</end>
      </TimeSpan>
      <description><![CDATA[
        <h3>Soil Health Card Record</h3>
        <p><b>Point ID:</b> Point_748</p>
        <p><b>Validity Period:</b> 2025-01-01 to 2026-12-30</p>
        <p><b>Nitrogen (N):</b> 151.0 kg/ha</p>
        <p><b>Phosphorus (P):</b> 23.8 mg/kg</p>
        <p><b>Potassium (K):</b> 142.8 mg/kg</p>
        <p><b>Organic Carbon (OC):</b> 0.19 %</p>
        <p><b>Coordinates:</b> 14.500704°N, 80.136651°E</p>
      ]]></description>
      <Point>
        <coordinates>80.136651,14.500704,0</coordinates>
      </Point>
    </Placemark>
    <Placemark>
      <name>Point_749</name>
      <styleUrl>#soil_point</styleUrl>
      <TimeSpan>
        <begin>2025-01-01</begin>
        <end>2026-12-30</end>
      </TimeSpan>
      <description><![CDATA[
        <h3>Soil Health Card Record</h3>
        <p><b>Point ID:</b> Point_749</p>
        <p><b>Validity Period:</b> 2025-01-01 to 2026-12-30</p>
        <p><b>Nitrogen (N):</b> 50.0 kg/ha</p>
        <p><b>Phosphorus (P):</b> 119.0 mg/kg</p>
        <p><b>Potassium (K):</b> 74.5 mg/kg</p>
        <p><b>Organic Carbon (OC):</b> 0.14 %</p>
        <p><b>Coordinates:</b> 14.501848°N, 80.138166°E</p>
      ]]></description>
      <Point>
        <coordinates>80.138166,14.501848,0</coordinates>
      </Point>
    </Placemark>
    <Placemark>
      <name>Point_750</name>
      <styleUrl>#soil_point</styleUrl>
      <TimeSpan>
        <begin>2025-01-01</begin>
        <end>2026-12-30</end>
      </TimeSpan>
      <description><![CDATA[
        <h3>Soil Health Card Record</h3>
        <p><b>Point ID:</b> Point_750</p>
        <p><b>Validity Period:</b> 2025-01-01 to 2026-12-30</p>
        <p><b>Nitrogen (N):</b> 63.0 kg/ha</p>
        <p><b>Phosphorus (P):</b> 31.5 mg/kg</p>
        <p><b>Potassium (K):</b> 186.2 mg/kg</p>
        <p><b>Organic Carbon (OC):</b> 0.3 %</p>
        <p><b>Coordinates:</b> 14.502618°N, 80.139189°E</p>
      ]]></description>
      <Point>
        <coordinates>80.139189,14.502618,0</coordinates>
      </Point>
    </Placemark>
    <Placemark>
      <name>Point_751</name>
      <styleUrl>#soil_point</styleUrl>
      <TimeSpan>
        <begin>2025-01-01</begin>
        <end>2026-12-30</end>
      </TimeSpan>
      <description><![CDATA[
        <h3>Soil Health Card Record</h3>
        <p><b>Point ID:</b> Point_751</p>
        <p><b>Validity Period:</b> 2025-01-01 to 2026-12-30</p>
        <p><b>Nitrogen (N):</b> 63.0 kg/ha</p>
        <p><b>Phosphorus (P):</b> 31.5 mg/kg</p>
        <p><b>Potassium (K):</b> 186.2 mg/kg</p>
        <p><b>Organic Carbon (OC):</b> 0.3 %</p>
        <p><b>Coordinates:</b> 14.501924°N, 80.139880°E</p>
      ]]></description>
      <Point>
        <coordinates>80.13988,14.501924,0</coordinates>
      </Point>
    </Placemark>
    <Placemark>
      <name>Point_752</name>
      <styleUrl>#soil_point</styleUrl>
      <TimeSpan>
        <begin>2025-01-01</begin>
        <end>2026-12-30</end>
      </TimeSpan>
      <description><![CDATA[
        <h3>Soil Health Card Record</h3>
        <p><b>Point ID:</b> Point_752</p>
        <p><b>Validity Period:</b> 2025-01-01 to 2026-12-30</p>
        <p><b>Nitrogen (N):</b> 138.0 kg/ha</p>
        <p><b>Phosphorus (P):</b> 98.3 mg/kg</p>
        <p><b>Potassium (K):</b> 68.3 mg/kg</p>
        <p><b>Organic Carbon (OC):</b> 0.3 %</p>
        <p><b>Coordinates:</b> 14.503072°N, 80.141273°E</p>
      ]]></description>
      <Point>
        <coordinates>80.141273,14.503072,0</coordinates>
      </Point>
    </Placemark>
    <Placemark>
      <name>Point_753</name>
      <styleUrl>#soil_point</styleUrl>
      <TimeSpan>
        <begin>2025-01-01</begin>
        <end>2026-12-30</end>
      </TimeSpan>
      <description><![CDATA[
        <h3>Soil Health Card Record</h3>
        <p><b>Point ID:</b> Point_753</p>
        <p><b>Validity Period:</b> 2025-01-01 to 2026-12-30</p>
        <p><b>Nitrogen (N):</b> 75.0 kg/ha</p>
        <p><b>Phosphorus (P):</b> 28.4 mg/kg</p>
        <p><b>Potassium (K):</b> 124.1 mg/kg</p>
        <p><b>Organic Carbon (OC):</b> 0.3 %</p>
        <p><b>Coordinates:</b> 14.505459°N, 80.142604°E</p>
      ]]></description>
      <Point>
        <coordinates>80.142604,14.505459,0</coordinates>
      </Point>
    </Placemark>
    <Placemark>
      <name>Point_754</name>
      <styleUrl>#soil_point</styleUrl>
      <TimeSpan>
        <begin>2025-01-01</begin>
        <end>2026-12-30</end>
      </TimeSpan>
      <description><![CDATA[
        <h3>Soil Health Card Record</h3>
        <p><b>Point ID:</b> Point_754</p>
        <p><b>Validity Period:</b> 2025-01-01 to 2026-12-30</p>
        <p><b>Nitrogen (N):</b> 188.0 kg/ha</p>
        <p><b>Phosphorus (P):</b> 51.46 mg/kg</p>
        <p><b>Potassium (K):</b> 124.1 mg/kg</p>
        <p><b>Organic Carbon (OC):</b> 0.22 %</p>
        <p><b>Coordinates:</b> 14.505834°N, 80.144894°E</p>
      ]]></description>
      <Point>
        <coordinates>80.144894,14.505834,0</coordinates>
      </Point>
    </Placemark>
    <Placemark>
      <name>Point_755</name>
      <styleUrl>#soil_point</styleUrl>
      <TimeSpan>
        <begin>2025-01-01</begin>
        <end>2026-12-30</end>
      </TimeSpan>
      <description><![CDATA[
        <h3>Soil Health Card Record</h3>
        <p><b>Point ID:</b> Point_755</p>
        <p><b>Validity Period:</b> 2025-01-01 to 2026-12-30</p>
        <p><b>Nitrogen (N):</b> 263.0 kg/ha</p>
        <p><b>Phosphorus (P):</b> 46.4 mg/kg</p>
        <p><b>Potassium (K):</b> 84.3 mg/kg</p>
        <p><b>Organic Carbon (OC):</b> 0.1 %</p>
        <p><b>Coordinates:</b> 14.309221°N, 80.017049°E</p>
      ]]></description>
      <Point>
        <coordinates>80.017049,14.309221,0</coordinates>
      </Point>
    </Placemark>
    <Placemark>
      <name>Point_756</name>
      <styleUrl>#soil_point</styleUrl>
      <TimeSpan>
        <begin>2025-01-01</begin>
        <end>2026-12-30</end>
      </TimeSpan>
      <description><![CDATA[
        <h3>Soil Health Card Record</h3>
        <p><b>Point ID:</b> Point_756</p>
        <p><b>Validity Period:</b> 2025-01-01 to 2026-12-30</p>
        <p><b>Nitrogen (N):</b> 138.0 kg/ha</p>
        <p><b>Phosphorus (P):</b> 12.9 mg/kg</p>
        <p><b>Potassium (K):</b> 147.5 mg/kg</p>
        <p><b>Organic Carbon (OC):</b> 1.05 %</p>
        <p><b>Coordinates:</b> 14.314856°N, 80.018874°E</p>
      ]]></description>
      <Point>
        <coordinates>80.018874,14.314856,0</coordinates>
      </Point>
    </Placemark>
    <Placemark>
      <name>Point_757</name>
      <styleUrl>#soil_point</styleUrl>
      <TimeSpan>
        <begin>2025-01-01</begin>
        <end>2026-12-30</end>
      </TimeSpan>
      <description><![CDATA[
        <h3>Soil Health Card Record</h3>
        <p><b>Point ID:</b> Point_757</p>
        <p><b>Validity Period:</b> 2025-01-01 to 2026-12-30</p>
        <p><b>Nitrogen (N):</b> 100.0 kg/ha</p>
        <p><b>Phosphorus (P):</b> 21.7 mg/kg</p>
        <p><b>Potassium (K):</b> 42.1 mg/kg</p>
        <p><b>Organic Carbon (OC):</b> 0.87 %</p>
        <p><b>Coordinates:</b> 14.316188°N, 80.021977°E</p>
      ]]></description>
      <Point>
        <coordinates>80.021977,14.316188,0</coordinates>
      </Point>
    </Placemark>
    <Placemark>
      <name>Point_758</name>
      <styleUrl>#soil_point</styleUrl>
      <TimeSpan>
        <begin>2025-01-01</begin>
        <end>2026-12-30</end>
      </TimeSpan>
      <description><![CDATA[
        <h3>Soil Health Card Record</h3>
        <p><b>Point ID:</b> Point_758</p>
        <p><b>Validity Period:</b> 2025-01-01 to 2026-12-30</p>
        <p><b>Nitrogen (N):</b> 88.0 kg/ha</p>
        <p><b>Phosphorus (P):</b> 8.2 mg/kg</p>
        <p><b>Potassium (K):</b> 42.1 mg/kg</p>
        <p><b>Organic Carbon (OC):</b> 0.63 %</p>
        <p><b>Coordinates:</b> 14.311743°N, 80.022889°E</p>
      ]]></description>
      <Point>
        <coordinates>80.022889,14.311743,0</coordinates>
      </Point>
    </Placemark>
    <Placemark>
      <name>Point_759</name>
      <styleUrl>#soil_point</styleUrl>
      <TimeSpan>
        <begin>2025-01-01</begin>
        <end>2026-12-30</end>
      </TimeSpan>
      <description><![CDATA[
        <h3>Soil Health Card Record</h3>
        <p><b>Point ID:</b> Point_759</p>
        <p><b>Validity Period:</b> 2025-01-01 to 2026-12-30</p>
        <p><b>Nitrogen (N):</b> 25.0 kg/ha</p>
        <p><b>Phosphorus (P):</b> 5.3 mg/kg</p>
        <p><b>Potassium (K):</b> 46.2 mg/kg</p>
        <p><b>Organic Carbon (OC):</b> 0.03 %</p>
        <p><b>Coordinates:</b> 14.313471°N, 80.025349°E</p>
      ]]></description>
      <Point>
        <coordinates>80.025349,14.313471,0</coordinates>
      </Point>
    </Placemark>
    <Placemark>
      <name>Point_760</name>
      <styleUrl>#soil_point</styleUrl>
      <TimeSpan>
        <begin>2025-01-01</begin>
        <end>2026-12-30</end>
      </TimeSpan>
      <description><![CDATA[
        <h3>Soil Health Card Record</h3>
        <p><b>Point ID:</b> Point_760</p>
        <p><b>Validity Period:</b> 2025-01-01 to 2026-12-30</p>
        <p><b>Nitrogen (N):</b> 238.0 kg/ha</p>
        <p><b>Phosphorus (P):</b> 37.0 mg/kg</p>
        <p><b>Potassium (K):</b> 70.2 mg/kg</p>
        <p><b>Organic Carbon (OC):</b> 0.53 %</p>
        <p><b>Coordinates:</b> 14.315922°N, 80.029364°E</p>
      ]]></description>
      <Point>
        <coordinates>80.029364,14.315922,0</coordinates>
      </Point>
    </Placemark>
    <Placemark>
      <name>Point_761</name>
      <styleUrl>#soil_point</styleUrl>
      <TimeSpan>
        <begin>2025-01-01</begin>
        <end>2026-12-30</end>
      </TimeSpan>
      <description><![CDATA[
        <h3>Soil Health Card Record</h3>
        <p><b>Point ID:</b> Point_761</p>
        <p><b>Validity Period:</b> 2025-01-01 to 2026-12-30</p>
        <p><b>Nitrogen (N):</b> 213.0 kg/ha</p>
        <p><b>Phosphorus (P):</b> 20.6 mg/kg</p>
        <p><b>Potassium (K):</b> 70.2 mg/kg</p>
        <p><b>Organic Carbon (OC):</b> 0.97 %</p>
        <p><b>Coordinates:</b> 14.314718°N, 80.031627°E</p>
      ]]></description>
      <Point>
        <coordinates>80.031627,14.314718,0</coordinates>
      </Point>
    </Placemark>
    <Placemark>
      <name>Point_762</name>
      <styleUrl>#soil_point</styleUrl>
      <TimeSpan>
        <begin>2025-01-01</begin>
        <end>2026-12-30</end>
      </TimeSpan>
      <description><![CDATA[
        <h3>Soil Health Card Record</h3>
        <p><b>Point ID:</b> Point_762</p>
        <p><b>Validity Period:</b> 2025-01-01 to 2026-12-30</p>
        <p><b>Nitrogen (N):</b> 188.0 kg/ha</p>
        <p><b>Phosphorus (P):</b> 10.6 mg/kg</p>
        <p><b>Potassium (K):</b> 119.4 mg/kg</p>
        <p><b>Organic Carbon (OC):</b> 0.3 %</p>
        <p><b>Coordinates:</b> 14.308151°N, 80.027490°E</p>
      ]]></description>
      <Point>
        <coordinates>80.02749,14.308151,0</coordinates>
      </Point>
    </Placemark>
    <Placemark>
      <name>Point_763</name>
      <styleUrl>#soil_point</styleUrl>
      <TimeSpan>
        <begin>2025-01-01</begin>
        <end>2026-12-30</end>
      </TimeSpan>
      <description><![CDATA[
        <h3>Soil Health Card Record</h3>
        <p><b>Point ID:</b> Point_763</p>
        <p><b>Validity Period:</b> 2025-01-01 to 2026-12-30</p>
        <p><b>Nitrogen (N):</b> 251.0 kg/ha</p>
        <p><b>Phosphorus (P):</b> 11.7 mg/kg</p>
        <p><b>Potassium (K):</b> 70.2 mg/kg</p>
        <p><b>Organic Carbon (OC):</b> 0.43 %</p>
        <p><b>Coordinates:</b> 14.307653°N, 80.029163°E</p>
      ]]></description>
      <Point>
        <coordinates>80.029163,14.307653,0</coordinates>
      </Point>
    </Placemark>
    <Placemark>
      <name>Point_764</name>
      <styleUrl>#soil_point</styleUrl>
      <TimeSpan>
        <begin>2025-01-01</begin>
        <end>2026-12-30</end>
      </TimeSpan>
      <description><![CDATA[
        <h3>Soil Health Card Record</h3>
        <p><b>Point ID:</b> Point_764</p>
        <p><b>Validity Period:</b> 2025-01-01 to 2026-12-30</p>
        <p><b>Nitrogen (N):</b> 251.0 kg/ha</p>
        <p><b>Phosphorus (P):</b> 11.7 mg/kg</p>
        <p><b>Potassium (K):</b> 70.2 mg/kg</p>
        <p><b>Organic Carbon (OC):</b> 0.43 %</p>
        <p><b>Coordinates:</b> 14.307747°N, 80.029163°E</p>
      ]]></description>
      <Point>
        <coordinates>80.029163,14.307747,0</coordinates>
      </Point>
    </Placemark>
    <Placemark>
      <name>Point_765</name>
      <styleUrl>#soil_point</styleUrl>
      <TimeSpan>
        <begin>2025-01-01</begin>
        <end>2026-12-30</end>
      </TimeSpan>
      <description><![CDATA[
        <h3>Soil Health Card Record</h3>
        <p><b>Point ID:</b> Point_765</p>
        <p><b>Validity Period:</b> 2025-01-01 to 2026-12-30</p>
        <p><b>Nitrogen (N):</b> 238.0 kg/ha</p>
        <p><b>Phosphorus (P):</b> 32.3 mg/kg</p>
        <p><b>Potassium (K):</b> 621.0 mg/kg</p>
        <p><b>Organic Carbon (OC):</b> 0.35 %</p>
        <p><b>Coordinates:</b> 14.844021°N, 80.022799°E</p>
      ]]></description>
      <Point>
        <coordinates>80.022799,14.844021,0</coordinates>
      </Point>
    </Placemark>
    <Placemark>
      <name>Point_766</name>
      <styleUrl>#soil_point</styleUrl>
      <TimeSpan>
        <begin>2025-01-01</begin>
        <end>2026-12-30</end>
      </TimeSpan>
      <description><![CDATA[
        <h3>Soil Health Card Record</h3>
        <p><b>Point ID:</b> Point_766</p>
        <p><b>Validity Period:</b> 2025-01-01 to 2026-12-30</p>
        <p><b>Nitrogen (N):</b> 289.0 kg/ha</p>
        <p><b>Phosphorus (P):</b> 36.9 mg/kg</p>
        <p><b>Potassium (K):</b> 354.0 mg/kg</p>
        <p><b>Organic Carbon (OC):</b> 0.25 %</p>
        <p><b>Coordinates:</b> 14.879720°N, 80.023956°E</p>
      ]]></description>
      <Point>
        <coordinates>80.023956,14.87972,0</coordinates>
      </Point>
    </Placemark>
    <Placemark>
      <name>Point_767</name>
      <styleUrl>#soil_point</styleUrl>
      <TimeSpan>
        <begin>2025-01-01</begin>
        <end>2026-12-30</end>
      </TimeSpan>
      <description><![CDATA[
        <h3>Soil Health Card Record</h3>
        <p><b>Point ID:</b> Point_767</p>
        <p><b>Validity Period:</b> 2025-01-01 to 2026-12-30</p>
        <p><b>Nitrogen (N):</b> 13.0 kg/ha</p>
        <p><b>Phosphorus (P):</b> 0.8 mg/kg</p>
        <p><b>Potassium (K):</b> 49.7 mg/kg</p>
        <p><b>Organic Carbon (OC):</b> 0.2 %</p>
        <p><b>Coordinates:</b> 14.156871°N, 79.594617°E</p>
      ]]></description>
      <Point>
        <coordinates>79.594617,14.156871,0</coordinates>
      </Point>
    </Placemark>
    <Placemark>
      <name>Point_768</name>
      <styleUrl>#soil_point</styleUrl>
      <TimeSpan>
        <begin>2025-01-01</begin>
        <end>2026-12-30</end>
      </TimeSpan>
      <description><![CDATA[
        <h3>Soil Health Card Record</h3>
        <p><b>Point ID:</b> Point_768</p>
        <p><b>Validity Period:</b> 2025-01-01 to 2026-12-30</p>
        <p><b>Nitrogen (N):</b> 25.0 kg/ha</p>
        <p><b>Phosphorus (P):</b> 5.9 mg/kg</p>
        <p><b>Potassium (K):</b> 358.2 mg/kg</p>
        <p><b>Organic Carbon (OC):</b> 0.69 %</p>
        <p><b>Coordinates:</b> 14.938393°N, 79.422085°E</p>
      ]]></description>
      <Point>
        <coordinates>79.422085,14.938393,0</coordinates>
      </Point>
    </Placemark>
    <Placemark>
      <name>Point_769</name>
      <styleUrl>#soil_point</styleUrl>
      <TimeSpan>
        <begin>2025-01-01</begin>
        <end>2026-12-30</end>
      </TimeSpan>
      <description><![CDATA[
        <h3>Soil Health Card Record</h3>
        <p><b>Point ID:</b> Point_769</p>
        <p><b>Validity Period:</b> 2025-01-01 to 2026-12-30</p>
        <p><b>Nitrogen (N):</b> 13.0 kg/ha</p>
        <p><b>Phosphorus (P):</b> 12.9 mg/kg</p>
        <p><b>Potassium (K):</b> 196.6 mg/kg</p>
        <p><b>Organic Carbon (OC):</b> 0.12 %</p>
        <p><b>Coordinates:</b> 14.937738°N, 79.418503°E</p>
      ]]></description>
      <Point>
        <coordinates>79.418503,14.937738,0</coordinates>
      </Point>
    </Placemark>
    <Placemark>
      <name>Point_770</name>
      <styleUrl>#soil_point</styleUrl>
      <TimeSpan>
        <begin>2025-01-01</begin>
        <end>2026-12-30</end>
      </TimeSpan>
      <description><![CDATA[
        <h3>Soil Health Card Record</h3>
        <p><b>Point ID:</b> Point_770</p>
        <p><b>Validity Period:</b> 2025-01-01 to 2026-12-30</p>
        <p><b>Nitrogen (N):</b> 63.0 kg/ha</p>
        <p><b>Phosphorus (P):</b> 10.0 mg/kg</p>
        <p><b>Potassium (K):</b> 126.4 mg/kg</p>
        <p><b>Organic Carbon (OC):</b> 0.35 %</p>
        <p><b>Coordinates:</b> 14.936809°N, 79.418940°E</p>
      ]]></description>
      <Point>
        <coordinates>79.41894,14.936809,0</coordinates>
      </Point>
    </Placemark>
    <Placemark>
      <name>Point_771</name>
      <styleUrl>#soil_point</styleUrl>
      <TimeSpan>
        <begin>2025-01-01</begin>
        <end>2026-12-30</end>
      </TimeSpan>
      <description><![CDATA[
        <h3>Soil Health Card Record</h3>
        <p><b>Point ID:</b> Point_771</p>
        <p><b>Validity Period:</b> 2025-01-01 to 2026-12-30</p>
        <p><b>Nitrogen (N):</b> 50.0 kg/ha</p>
        <p><b>Phosphorus (P):</b> 126.9 mg/kg</p>
        <p><b>Potassium (K):</b> 316.0 mg/kg</p>
        <p><b>Organic Carbon (OC):</b> 0.85 %</p>
        <p><b>Coordinates:</b> 14.936809°N, 79.421037°E</p>
      ]]></description>
      <Point>
        <coordinates>79.421037,14.936809,0</coordinates>
      </Point>
    </Placemark>
    <Placemark>
      <name>Point_772</name>
      <styleUrl>#soil_point</styleUrl>
      <TimeSpan>
        <begin>2025-01-01</begin>
        <end>2026-12-30</end>
      </TimeSpan>
      <description><![CDATA[
        <h3>Soil Health Card Record</h3>
        <p><b>Point ID:</b> Point_772</p>
        <p><b>Validity Period:</b> 2025-01-01 to 2026-12-30</p>
        <p><b>Nitrogen (N):</b> 50.0 kg/ha</p>
        <p><b>Phosphorus (P):</b> 126.9 mg/kg</p>
        <p><b>Potassium (K):</b> 316.0 mg/kg</p>
        <p><b>Organic Carbon (OC):</b> 0.85 %</p>
        <p><b>Coordinates:</b> 14.935712°N, 79.421998°E</p>
      ]]></description>
      <Point>
        <coordinates>79.421998,14.935712,0</coordinates>
      </Point>
    </Placemark>
    <Placemark>
      <name>Point_773</name>
      <styleUrl>#soil_point</styleUrl>
      <TimeSpan>
        <begin>2025-01-01</begin>
        <end>2026-12-30</end>
      </TimeSpan>
      <description><![CDATA[
        <h3>Soil Health Card Record</h3>
        <p><b>Point ID:</b> Point_773</p>
        <p><b>Validity Period:</b> 2025-01-01 to 2026-12-30</p>
        <p><b>Nitrogen (N):</b> 63.0 kg/ha</p>
        <p><b>Phosphorus (P):</b> 8.8 mg/kg</p>
        <p><b>Potassium (K):</b> 323.1 mg/kg</p>
        <p><b>Organic Carbon (OC):</b> 0.39 %</p>
        <p><b>Coordinates:</b> 14.936387°N, 79.418066°E</p>
      ]]></description>
      <Point>
        <coordinates>79.418066,14.936387,0</coordinates>
      </Point>
    </Placemark>
    <Placemark>
      <name>Point_774</name>
      <styleUrl>#soil_point</styleUrl>
      <TimeSpan>
        <begin>2025-01-01</begin>
        <end>2026-12-30</end>
      </TimeSpan>
      <description><![CDATA[
        <h3>Soil Health Card Record</h3>
        <p><b>Point ID:</b> Point_774</p>
        <p><b>Validity Period:</b> 2025-01-01 to 2026-12-30</p>
        <p><b>Nitrogen (N):</b> 63.0 kg/ha</p>
        <p><b>Phosphorus (P):</b> 8.8 mg/kg</p>
        <p><b>Potassium (K):</b> 323.1 mg/kg</p>
        <p><b>Organic Carbon (OC):</b> 0.39 %</p>
        <p><b>Coordinates:</b> 14.935712°N, 79.417018°E</p>
      ]]></description>
      <Point>
        <coordinates>79.417018,14.935712,0</coordinates>
      </Point>
    </Placemark>
    <Placemark>
      <name>Point_775</name>
      <styleUrl>#soil_point</styleUrl>
      <TimeSpan>
        <begin>2025-01-01</begin>
        <end>2026-12-30</end>
      </TimeSpan>
      <description><![CDATA[
        <h3>Soil Health Card Record</h3>
        <p><b>Point ID:</b> Point_775</p>
        <p><b>Validity Period:</b> 2025-01-01 to 2026-12-30</p>
        <p><b>Nitrogen (N):</b> 50.0 kg/ha</p>
        <p><b>Phosphorus (P):</b> 12.9 mg/kg</p>
        <p><b>Potassium (K):</b> 449.5 mg/kg</p>
        <p><b>Organic Carbon (OC):</b> 0.12 %</p>
        <p><b>Coordinates:</b> 14.935206°N, 79.417804°E</p>
      ]]></description>
      <Point>
        <coordinates>79.417804,14.935206,0</coordinates>
      </Point>
    </Placemark>
    <Placemark>
      <name>Point_776</name>
      <styleUrl>#soil_point</styleUrl>
      <TimeSpan>
        <begin>2025-01-01</begin>
        <end>2026-12-30</end>
      </TimeSpan>
      <description><![CDATA[
        <h3>Soil Health Card Record</h3>
        <p><b>Point ID:</b> Point_776</p>
        <p><b>Validity Period:</b> 2025-01-01 to 2026-12-30</p>
        <p><b>Nitrogen (N):</b> 50.0 kg/ha</p>
        <p><b>Phosphorus (P):</b> 12.9 mg/kg</p>
        <p><b>Potassium (K):</b> 449.5 mg/kg</p>
        <p><b>Organic Carbon (OC):</b> 0.12 %</p>
        <p><b>Coordinates:</b> 14.934277°N, 79.418765°E</p>
      ]]></description>
      <Point>
        <coordinates>79.418765,14.934277,0</coordinates>
      </Point>
    </Placemark>
    <Placemark>
      <name>Point_777</name>
      <styleUrl>#soil_point</styleUrl>
      <TimeSpan>
        <begin>2025-01-01</begin>
        <end>2026-12-30</end>
      </TimeSpan>
      <description><![CDATA[
        <h3>Soil Health Card Record</h3>
        <p><b>Point ID:</b> Point_777</p>
        <p><b>Validity Period:</b> 2025-01-01 to 2026-12-30</p>
        <p><b>Nitrogen (N):</b> 13.0 kg/ha</p>
        <p><b>Phosphorus (P):</b> 11.2 mg/kg</p>
        <p><b>Potassium (K):</b> 309.0 mg/kg</p>
        <p><b>Organic Carbon (OC):</b> 0.92 %</p>
        <p><b>Coordinates:</b> 14.934277°N, 79.417192°E</p>
      ]]></description>
      <Point>
        <coordinates>79.417192,14.934277,0</coordinates>
      </Point>
    </Placemark>
    <Placemark>
      <name>Point_778</name>
      <styleUrl>#soil_point</styleUrl>
      <TimeSpan>
        <begin>2025-01-01</begin>
        <end>2026-12-30</end>
      </TimeSpan>
      <description><![CDATA[
        <h3>Soil Health Card Record</h3>
        <p><b>Point ID:</b> Point_778</p>
        <p><b>Validity Period:</b> 2025-01-01 to 2026-12-30</p>
        <p><b>Nitrogen (N):</b> 38.0 kg/ha</p>
        <p><b>Phosphorus (P):</b> 6.5 mg/kg</p>
        <p><b>Potassium (K):</b> 133.4 mg/kg</p>
        <p><b>Organic Carbon (OC):</b> 0.42 %</p>
        <p><b>Coordinates:</b> 14.933349°N, 79.429949°E</p>
      ]]></description>
      <Point>
        <coordinates>79.429949,14.933349,0</coordinates>
      </Point>
    </Placemark>
    <Placemark>
      <name>Point_779</name>
      <styleUrl>#soil_point</styleUrl>
      <TimeSpan>
        <begin>2025-01-01</begin>
        <end>2026-12-30</end>
      </TimeSpan>
      <description><![CDATA[
        <h3>Soil Health Card Record</h3>
        <p><b>Point ID:</b> Point_779</p>
        <p><b>Validity Period:</b> 2025-01-01 to 2026-12-30</p>
        <p><b>Nitrogen (N):</b> 63.0 kg/ha</p>
        <p><b>Phosphorus (P):</b> 142.0 mg/kg</p>
        <p><b>Potassium (K):</b> 351.2 mg/kg</p>
        <p><b>Organic Carbon (OC):</b> 0.69 %</p>
        <p><b>Coordinates:</b> 14.928538°N, 79.433706°E</p>
      ]]></description>
      <Point>
        <coordinates>79.433706,14.928538,0</coordinates>
      </Point>
    </Placemark>
    <Placemark>
      <name>Point_780</name>
      <styleUrl>#soil_point</styleUrl>
      <TimeSpan>
        <begin>2025-01-01</begin>
        <end>2026-12-30</end>
      </TimeSpan>
      <description><![CDATA[
        <h3>Soil Health Card Record</h3>
        <p><b>Point ID:</b> Point_780</p>
        <p><b>Validity Period:</b> 2025-01-01 to 2026-12-30</p>
        <p><b>Nitrogen (N):</b> 38.0 kg/ha</p>
        <p><b>Phosphorus (P):</b> 10.0 mg/kg</p>
        <p><b>Potassium (K):</b> 14.0 mg/kg</p>
        <p><b>Organic Carbon (OC):</b> 0.46 %</p>
        <p><b>Coordinates:</b> 14.927271°N, 79.429599°E</p>
      ]]></description>
      <Point>
        <coordinates>79.429599,14.927271,0</coordinates>
      </Point>
    </Placemark>
    <Placemark>
      <name>Point_781</name>
      <styleUrl>#soil_point</styleUrl>
      <TimeSpan>
        <begin>2025-01-01</begin>
        <end>2026-12-30</end>
      </TimeSpan>
      <description><![CDATA[
        <h3>Soil Health Card Record</h3>
        <p><b>Point ID:</b> Point_781</p>
        <p><b>Validity Period:</b> 2025-01-01 to 2026-12-30</p>
        <p><b>Nitrogen (N):</b> 13.0 kg/ha</p>
        <p><b>Phosphorus (P):</b> 11.7 mg/kg</p>
        <p><b>Potassium (K):</b> 252.8 mg/kg</p>
        <p><b>Organic Carbon (OC):</b> 0.58 %</p>
        <p><b>Coordinates:</b> 14.926259°N, 79.433269°E</p>
      ]]></description>
      <Point>
        <coordinates>79.433269,14.926259,0</coordinates>
      </Point>
    </Placemark>
    <Placemark>
      <name>Point_782</name>
      <styleUrl>#soil_point</styleUrl>
      <TimeSpan>
        <begin>2025-01-01</begin>
        <end>2026-12-30</end>
      </TimeSpan>
      <description><![CDATA[
        <h3>Soil Health Card Record</h3>
        <p><b>Point ID:</b> Point_782</p>
        <p><b>Validity Period:</b> 2025-01-01 to 2026-12-30</p>
        <p><b>Nitrogen (N):</b> 38.0 kg/ha</p>
        <p><b>Phosphorus (P):</b> 10.6 mg/kg</p>
        <p><b>Potassium (K):</b> 280.9 mg/kg</p>
        <p><b>Organic Carbon (OC):</b> 0.46 %</p>
        <p><b>Coordinates:</b> 14.925330°N, 79.429250°E</p>
      ]]></description>
      <Point>
        <coordinates>79.42925,14.92533,0</coordinates>
      </Point>
    </Placemark>
    <Placemark>
      <name>Point_783</name>
      <styleUrl>#soil_point</styleUrl>
      <TimeSpan>
        <begin>2025-01-01</begin>
        <end>2026-12-30</end>
      </TimeSpan>
      <description><![CDATA[
        <h3>Soil Health Card Record</h3>
        <p><b>Point ID:</b> Point_783</p>
        <p><b>Validity Period:</b> 2025-01-01 to 2026-12-30</p>
        <p><b>Nitrogen (N):</b> 38.0 kg/ha</p>
        <p><b>Phosphorus (P):</b> 10.6 mg/kg</p>
        <p><b>Potassium (K):</b> 14.0 mg/kg</p>
        <p><b>Organic Carbon (OC):</b> 0.06 %</p>
        <p><b>Coordinates:</b> 14.924570°N, 79.432570°E</p>
      ]]></description>
      <Point>
        <coordinates>79.43257,14.92457,0</coordinates>
      </Point>
    </Placemark>
    <Placemark>
      <name>Point_784</name>
      <styleUrl>#soil_point</styleUrl>
      <TimeSpan>
        <begin>2025-01-01</begin>
        <end>2026-12-30</end>
      </TimeSpan>
      <description><![CDATA[
        <h3>Soil Health Card Record</h3>
        <p><b>Point ID:</b> Point_784</p>
        <p><b>Validity Period:</b> 2025-01-01 to 2026-12-30</p>
        <p><b>Nitrogen (N):</b> 75.0 kg/ha</p>
        <p><b>Phosphorus (P):</b> 11.2 mg/kg</p>
        <p><b>Potassium (K):</b> 133.4 mg/kg</p>
        <p><b>Organic Carbon (OC):</b> 0.92 %</p>
        <p><b>Coordinates:</b> 14.922460°N, 79.419639°E</p>
      ]]></description>
      <Point>
        <coordinates>79.419639,14.92246,0</coordinates>
      </Point>
    </Placemark>
    <Placemark>
      <name>Point_785</name>
      <styleUrl>#soil_point</styleUrl>
      <TimeSpan>
        <begin>2025-01-01</begin>
        <end>2026-12-30</end>
      </TimeSpan>
      <description><![CDATA[
        <h3>Soil Health Card Record</h3>
        <p><b>Point ID:</b> Point_785</p>
        <p><b>Validity Period:</b> 2025-01-01 to 2026-12-30</p>
        <p><b>Nitrogen (N):</b> 75.0 kg/ha</p>
        <p><b>Phosphorus (P):</b> 9.4 mg/kg</p>
        <p><b>Potassium (K):</b> 154.5 mg/kg</p>
        <p><b>Organic Carbon (OC):</b> 0.4 %</p>
        <p><b>Coordinates:</b> 14.920941°N, 79.421736°E</p>
      ]]></description>
      <Point>
        <coordinates>79.421736,14.920941,0</coordinates>
      </Point>
    </Placemark>
    <Placemark>
      <name>Point_786</name>
      <styleUrl>#soil_point</styleUrl>
      <TimeSpan>
        <begin>2025-01-01</begin>
        <end>2026-12-30</end>
      </TimeSpan>
      <description><![CDATA[
        <h3>Soil Health Card Record</h3>
        <p><b>Point ID:</b> Point_786</p>
        <p><b>Validity Period:</b> 2025-01-01 to 2026-12-30</p>
        <p><b>Nitrogen (N):</b> 188.0 kg/ha</p>
        <p><b>Phosphorus (P):</b> 12.3 mg/kg</p>
        <p><b>Potassium (K):</b> 372.2 mg/kg</p>
        <p><b>Organic Carbon (OC):</b> 0.15 %</p>
        <p><b>Coordinates:</b> 14.918746°N, 79.421299°E</p>
      ]]></description>
      <Point>
        <coordinates>79.421299,14.918746,0</coordinates>
      </Point>
    </Placemark>
    <Placemark>
      <name>Point_787</name>
      <styleUrl>#soil_point</styleUrl>
      <TimeSpan>
        <begin>2025-01-01</begin>
        <end>2026-12-30</end>
      </TimeSpan>
      <description><![CDATA[
        <h3>Soil Health Card Record</h3>
        <p><b>Point ID:</b> Point_787</p>
        <p><b>Validity Period:</b> 2025-01-01 to 2026-12-30</p>
        <p><b>Nitrogen (N):</b> 25.0 kg/ha</p>
        <p><b>Phosphorus (P):</b> 11.2 mg/kg</p>
        <p><b>Potassium (K):</b> 309.0 mg/kg</p>
        <p><b>Organic Carbon (OC):</b> 0.65 %</p>
        <p><b>Coordinates:</b> 14.918408°N, 79.425231°E</p>
      ]]></description>
      <Point>
        <coordinates>79.425231,14.918408,0</coordinates>
      </Point>
    </Placemark>
    <Placemark>
      <name>Point_788</name>
      <styleUrl>#soil_point</styleUrl>
      <TimeSpan>
        <begin>2025-01-01</begin>
        <end>2026-12-30</end>
      </TimeSpan>
      <description><![CDATA[
        <h3>Soil Health Card Record</h3>
        <p><b>Point ID:</b> Point_788</p>
        <p><b>Validity Period:</b> 2025-01-01 to 2026-12-30</p>
        <p><b>Nitrogen (N):</b> 188.0 kg/ha</p>
        <p><b>Phosphorus (P):</b> 11.7 mg/kg</p>
        <p><b>Potassium (K):</b> 105.3 mg/kg</p>
        <p><b>Organic Carbon (OC):</b> 0.28 %</p>
        <p><b>Coordinates:</b> 14.918155°N, 79.436764°E</p>
      ]]></description>
      <Point>
        <coordinates>79.436764,14.918155,0</coordinates>
      </Point>
    </Placemark>
    <Placemark>
      <name>Point_789</name>
      <styleUrl>#soil_point</styleUrl>
      <TimeSpan>
        <begin>2025-01-01</begin>
        <end>2026-12-30</end>
      </TimeSpan>
      <description><![CDATA[
        <h3>Soil Health Card Record</h3>
        <p><b>Point ID:</b> Point_789</p>
        <p><b>Validity Period:</b> 2025-01-01 to 2026-12-30</p>
        <p><b>Nitrogen (N):</b> 63.0 kg/ha</p>
        <p><b>Phosphorus (P):</b> 10.6 mg/kg</p>
        <p><b>Potassium (K):</b> 133.4 mg/kg</p>
        <p><b>Organic Carbon (OC):</b> 0.74 %</p>
        <p><b>Coordinates:</b> 14.914779°N, 79.424794°E</p>
      ]]></description>
      <Point>
        <coordinates>79.424794,14.914779,0</coordinates>
      </Point>
    </Placemark>
    <Placemark>
      <name>Point_790</name>
      <styleUrl>#soil_point</styleUrl>
      <TimeSpan>
        <begin>2025-01-01</begin>
        <end>2026-12-30</end>
      </TimeSpan>
      <description><![CDATA[
        <h3>Soil Health Card Record</h3>
        <p><b>Point ID:</b> Point_790</p>
        <p><b>Validity Period:</b> 2025-01-01 to 2026-12-30</p>
        <p><b>Nitrogen (N):</b> 25.0 kg/ha</p>
        <p><b>Phosphorus (P):</b> 3.5 mg/kg</p>
        <p><b>Potassium (K):</b> 379.2 mg/kg</p>
        <p><b>Organic Carbon (OC):</b> 0.3 %</p>
        <p><b>Coordinates:</b> 14.913344°N, 79.426629°E</p>
      ]]></description>
      <Point>
        <coordinates>79.426629,14.913344,0</coordinates>
      </Point>
    </Placemark>
    <Placemark>
      <name>Point_791</name>
      <styleUrl>#soil_point</styleUrl>
      <TimeSpan>
        <begin>2025-01-01</begin>
        <end>2026-12-30</end>
      </TimeSpan>
      <description><![CDATA[
        <h3>Soil Health Card Record</h3>
        <p><b>Point ID:</b> Point_791</p>
        <p><b>Validity Period:</b> 2025-01-01 to 2026-12-30</p>
        <p><b>Nitrogen (N):</b> 25.0 kg/ha</p>
        <p><b>Phosphorus (P):</b> 115.1 mg/kg</p>
        <p><b>Potassium (K):</b> 196.6 mg/kg</p>
        <p><b>Organic Carbon (OC):</b> 0.12 %</p>
        <p><b>Coordinates:</b> 14.913344°N, 79.422260°E</p>
      ]]></description>
      <Point>
        <coordinates>79.42226,14.913344,0</coordinates>
      </Point>
    </Placemark>
    <Placemark>
      <name>Point_792</name>
      <styleUrl>#soil_point</styleUrl>
      <TimeSpan>
        <begin>2025-01-01</begin>
        <end>2026-12-30</end>
      </TimeSpan>
      <description><![CDATA[
        <h3>Soil Health Card Record</h3>
        <p><b>Point ID:</b> Point_792</p>
        <p><b>Validity Period:</b> 2025-01-01 to 2026-12-30</p>
        <p><b>Nitrogen (N):</b> 13.0 kg/ha</p>
        <p><b>Phosphorus (P):</b> 11.7 mg/kg</p>
        <p><b>Potassium (K):</b> 259.9 mg/kg</p>
        <p><b>Organic Carbon (OC):</b> 0.4 %</p>
        <p><b>Coordinates:</b> 14.912415°N, 79.423920°E</p>
      ]]></description>
      <Point>
        <coordinates>79.42392,14.912415,0</coordinates>
      </Point>
    </Placemark>
    <Placemark>
      <name>Point_793</name>
      <styleUrl>#soil_point</styleUrl>
      <TimeSpan>
        <begin>2025-01-01</begin>
        <end>2026-12-30</end>
      </TimeSpan>
      <description><![CDATA[
        <h3>Soil Health Card Record</h3>
        <p><b>Point ID:</b> Point_793</p>
        <p><b>Validity Period:</b> 2025-01-01 to 2026-12-30</p>
        <p><b>Nitrogen (N):</b> 50.0 kg/ha</p>
        <p><b>Phosphorus (P):</b> 10.6 mg/kg</p>
        <p><b>Potassium (K):</b> 280.9 mg/kg</p>
        <p><b>Organic Carbon (OC):</b> 0.62 %</p>
        <p><b>Coordinates:</b> 14.911824°N, 79.417105°E</p>
      ]]></description>
      <Point>
        <coordinates>79.417105,14.911824,0</coordinates>
      </Point>
    </Placemark>
    <Placemark>
      <name>Point_794</name>
      <styleUrl>#soil_point</styleUrl>
      <TimeSpan>
        <begin>2025-01-01</begin>
        <end>2026-12-30</end>
      </TimeSpan>
      <description><![CDATA[
        <h3>Soil Health Card Record</h3>
        <p><b>Point ID:</b> Point_794</p>
        <p><b>Validity Period:</b> 2025-01-01 to 2026-12-30</p>
        <p><b>Nitrogen (N):</b> 63.0 kg/ha</p>
        <p><b>Phosphorus (P):</b> 11.7 mg/kg</p>
        <p><b>Potassium (K):</b> 77.3 mg/kg</p>
        <p><b>Organic Carbon (OC):</b> 0.63 %</p>
        <p><b>Coordinates:</b> 14.909207°N, 79.418853°E</p>
      ]]></description>
      <Point>
        <coordinates>79.418853,14.909207,0</coordinates>
      </Point>
    </Placemark>
    <Placemark>
      <name>Point_795</name>
      <styleUrl>#soil_point</styleUrl>
      <TimeSpan>
        <begin>2025-01-01</begin>
        <end>2026-12-30</end>
      </TimeSpan>
      <description><![CDATA[
        <h3>Soil Health Card Record</h3>
        <p><b>Point ID:</b> Point_795</p>
        <p><b>Validity Period:</b> 2025-01-01 to 2026-12-30</p>
        <p><b>Nitrogen (N):</b> 38.0 kg/ha</p>
        <p><b>Phosphorus (P):</b> 13.5 mg/kg</p>
        <p><b>Potassium (K):</b> 280.9 mg/kg</p>
        <p><b>Organic Carbon (OC):</b> 0.79 %</p>
        <p><b>Coordinates:</b> 14.941029°N, 79.459742°E</p>
      ]]></description>
      <Point>
        <coordinates>79.459742,14.941029,0</coordinates>
      </Point>
    </Placemark>
    <Placemark>
      <name>Point_796</name>
      <styleUrl>#soil_point</styleUrl>
      <TimeSpan>
        <begin>2025-01-01</begin>
        <end>2026-12-30</end>
      </TimeSpan>
      <description><![CDATA[
        <h3>Soil Health Card Record</h3>
        <p><b>Point ID:</b> Point_796</p>
        <p><b>Validity Period:</b> 2025-01-01 to 2026-12-30</p>
        <p><b>Nitrogen (N):</b> 63.0 kg/ha</p>
        <p><b>Phosphorus (P):</b> 8.2 mg/kg</p>
        <p><b>Potassium (K):</b> 182.6 mg/kg</p>
        <p><b>Organic Carbon (OC):</b> 0.02 %</p>
        <p><b>Coordinates:</b> 14.941536°N, 79.455636°E</p>
      ]]></description>
      <Point>
        <coordinates>79.455636,14.941536,0</coordinates>
      </Point>
    </Placemark>
    <Placemark>
      <name>Point_797</name>
      <styleUrl>#soil_point</styleUrl>
      <TimeSpan>
        <begin>2025-01-01</begin>
        <end>2026-12-30</end>
      </TimeSpan>
      <description><![CDATA[
        <h3>Soil Health Card Record</h3>
        <p><b>Point ID:</b> Point_797</p>
        <p><b>Validity Period:</b> 2025-01-01 to 2026-12-30</p>
        <p><b>Nitrogen (N):</b> 63.0 kg/ha</p>
        <p><b>Phosphorus (P):</b> 8.2 mg/kg</p>
        <p><b>Potassium (K):</b> 182.6 mg/kg</p>
        <p><b>Organic Carbon (OC):</b> 0.02 %</p>
        <p><b>Coordinates:</b> 14.941705°N, 79.454762°E</p>
      ]]></description>
      <Point>
        <coordinates>79.454762,14.941705,0</coordinates>
      </Point>
    </Placemark>
    <Placemark>
      <name>Point_798</name>
      <styleUrl>#soil_point</styleUrl>
      <TimeSpan>
        <begin>2025-01-01</begin>
        <end>2026-12-30</end>
      </TimeSpan>
      <description><![CDATA[
        <h3>Soil Health Card Record</h3>
        <p><b>Point ID:</b> Point_798</p>
        <p><b>Validity Period:</b> 2025-01-01 to 2026-12-30</p>
        <p><b>Nitrogen (N):</b> 50.0 kg/ha</p>
        <p><b>Phosphorus (P):</b> 12.9 mg/kg</p>
        <p><b>Potassium (K):</b> 330.1 mg/kg</p>
        <p><b>Organic Carbon (OC):</b> 0.99 %</p>
        <p><b>Coordinates:</b> 14.941873°N, 79.453015°E</p>
      ]]></description>
      <Point>
        <coordinates>79.453015,14.941873,0</coordinates>
      </Point>
    </Placemark>
    <Placemark>
      <name>Point_799</name>
      <styleUrl>#soil_point</styleUrl>
      <TimeSpan>
        <begin>2025-01-01</begin>
        <end>2026-12-30</end>
      </TimeSpan>
      <description><![CDATA[
        <h3>Soil Health Card Record</h3>
        <p><b>Point ID:</b> Point_799</p>
        <p><b>Validity Period:</b> 2025-01-01 to 2026-12-30</p>
        <p><b>Nitrogen (N):</b> 38.0 kg/ha</p>
        <p><b>Phosphorus (P):</b> 11.7 mg/kg</p>
        <p><b>Potassium (K):</b> 259.9 mg/kg</p>
        <p><b>Organic Carbon (OC):</b> 0.53 %</p>
        <p><b>Coordinates:</b> 14.939595°N, 79.451966°E</p>
      ]]></description>
      <Point>
        <coordinates>79.451966,14.939595,0</coordinates>
      </Point>
    </Placemark>
    <Placemark>
      <name>Point_800</name>
      <styleUrl>#soil_point</styleUrl>
      <TimeSpan>
        <begin>2025-01-01</begin>
        <end>2026-12-30</end>
      </TimeSpan>
      <description><![CDATA[
        <h3>Soil Health Card Record</h3>
        <p><b>Point ID:</b> Point_800</p>
        <p><b>Validity Period:</b> 2025-01-01 to 2026-12-30</p>
        <p><b>Nitrogen (N):</b> 63.0 kg/ha</p>
        <p><b>Phosphorus (P):</b> 11.7 mg/kg</p>
        <p><b>Potassium (K):</b> 175.6 mg/kg</p>
        <p><b>Organic Carbon (OC):</b> 0.12 %</p>
        <p><b>Coordinates:</b> 14.940017°N, 79.443753°E</p>
      ]]></description>
      <Point>
        <coordinates>79.443753,14.940017,0</coordinates>
      </Point>
    </Placemark>
    <Placemark>
      <name>Point_801</name>
      <styleUrl>#soil_point</styleUrl>
      <TimeSpan>
        <begin>2025-01-01</begin>
        <end>2026-12-30</end>
      </TimeSpan>
      <description><![CDATA[
        <h3>Soil Health Card Record</h3>
        <p><b>Point ID:</b> Point_801</p>
        <p><b>Validity Period:</b> 2025-01-01 to 2026-12-30</p>
        <p><b>Nitrogen (N):</b> 63.0 kg/ha</p>
        <p><b>Phosphorus (P):</b> 12.3 mg/kg</p>
        <p><b>Potassium (K):</b> 196.6 mg/kg</p>
        <p><b>Organic Carbon (OC):</b> 0.46 %</p>
        <p><b>Coordinates:</b> 14.939257°N, 79.441482°E</p>
      ]]></description>
      <Point>
        <coordinates>79.441482,14.939257,0</coordinates>
      </Point>
    </Placemark>
    <Placemark>
      <name>Point_802</name>
      <styleUrl>#soil_point</styleUrl>
      <TimeSpan>
        <begin>2025-01-01</begin>
        <end>2026-12-30</end>
      </TimeSpan>
      <description><![CDATA[
        <h3>Soil Health Card Record</h3>
        <p><b>Point ID:</b> Point_802</p>
        <p><b>Validity Period:</b> 2025-01-01 to 2026-12-30</p>
        <p><b>Nitrogen (N):</b> 63.0 kg/ha</p>
        <p><b>Phosphorus (P):</b> 12.3 mg/kg</p>
        <p><b>Potassium (K):</b> 196.6 mg/kg</p>
        <p><b>Organic Carbon (OC):</b> 0.46 %</p>
        <p><b>Coordinates:</b> 14.938835°N, 79.442181°E</p>
      ]]></description>
      <Point>
        <coordinates>79.442181,14.938835,0</coordinates>
      </Point>
    </Placemark>
    <Placemark>
      <name>Point_803</name>
      <styleUrl>#soil_point</styleUrl>
      <TimeSpan>
        <begin>2025-01-01</begin>
        <end>2026-12-30</end>
      </TimeSpan>
      <description><![CDATA[
        <h3>Soil Health Card Record</h3>
        <p><b>Point ID:</b> Point_803</p>
        <p><b>Validity Period:</b> 2025-01-01 to 2026-12-30</p>
        <p><b>Nitrogen (N):</b> 38.0 kg/ha</p>
        <p><b>Phosphorus (P):</b> 11.9 mg/kg</p>
        <p><b>Potassium (K):</b> 224.7 mg/kg</p>
        <p><b>Organic Carbon (OC):</b> 0.83 %</p>
        <p><b>Coordinates:</b> 14.936978°N, 79.443841°E</p>
      ]]></description>
      <Point>
        <coordinates>79.443841,14.936978,0</coordinates>
      </Point>
    </Placemark>
    <Placemark>
      <name>Point_804</name>
      <styleUrl>#soil_point</styleUrl>
      <TimeSpan>
        <begin>2025-01-01</begin>
        <end>2026-12-30</end>
      </TimeSpan>
      <description><![CDATA[
        <h3>Soil Health Card Record</h3>
        <p><b>Point ID:</b> Point_804</p>
        <p><b>Validity Period:</b> 2025-01-01 to 2026-12-30</p>
        <p><b>Nitrogen (N):</b> 75.0 kg/ha</p>
        <p><b>Phosphorus (P):</b> 12.3 mg/kg</p>
        <p><b>Potassium (K):</b> 491.6 mg/kg</p>
        <p><b>Organic Carbon (OC):</b> 0.7 %</p>
        <p><b>Coordinates:</b> 14.936894°N, 79.442530°E</p>
      ]]></description>
      <Point>
        <coordinates>79.44253,14.936894,0</coordinates>
      </Point>
    </Placemark>
    <Placemark>
      <name>Point_805</name>
      <styleUrl>#soil_point</styleUrl>
      <TimeSpan>
        <begin>2025-01-01</begin>
        <end>2026-12-30</end>
      </TimeSpan>
      <description><![CDATA[
        <h3>Soil Health Card Record</h3>
        <p><b>Point ID:</b> Point_805</p>
        <p><b>Validity Period:</b> 2025-01-01 to 2026-12-30</p>
        <p><b>Nitrogen (N):</b> 63.0 kg/ha</p>
        <p><b>Phosphorus (P):</b> 106.9 mg/kg</p>
        <p><b>Potassium (K):</b> 286.3 mg/kg</p>
        <p><b>Organic Carbon (OC):</b> 0.1 %</p>
        <p><b>Coordinates:</b> 14.933349°N, 79.444278°E</p>
      ]]></description>
      <Point>
        <coordinates>79.444278,14.933349,0</coordinates>
      </Point>
    </Placemark>
    <Placemark>
      <name>Point_806</name>
      <styleUrl>#soil_point</styleUrl>
      <TimeSpan>
        <begin>2025-01-01</begin>
        <end>2026-12-30</end>
      </TimeSpan>
      <description><![CDATA[
        <h3>Soil Health Card Record</h3>
        <p><b>Point ID:</b> Point_806</p>
        <p><b>Validity Period:</b> 2025-01-01 to 2026-12-30</p>
        <p><b>Nitrogen (N):</b> 25.0 kg/ha</p>
        <p><b>Phosphorus (P):</b> 13.5 mg/kg</p>
        <p><b>Potassium (K):</b> 287.6 mg/kg</p>
        <p><b>Organic Carbon (OC):</b> 1.24 %</p>
        <p><b>Coordinates:</b> 14.933771°N, 79.447248°E</p>
      ]]></description>
      <Point>
        <coordinates>79.447248,14.933771,0</coordinates>
      </Point>
    </Placemark>
    <Placemark>
      <name>Point_807</name>
      <styleUrl>#soil_point</styleUrl>
      <TimeSpan>
        <begin>2025-01-01</begin>
        <end>2026-12-30</end>
      </TimeSpan>
      <description><![CDATA[
        <h3>Soil Health Card Record</h3>
        <p><b>Point ID:</b> Point_807</p>
        <p><b>Validity Period:</b> 2025-01-01 to 2026-12-30</p>
        <p><b>Nitrogen (N):</b> 63.0 kg/ha</p>
        <p><b>Phosphorus (P):</b> 12.9 mg/kg</p>
        <p><b>Potassium (K):</b> 196.6 mg/kg</p>
        <p><b>Organic Carbon (OC):</b> 0.39 %</p>
        <p><b>Coordinates:</b> 14.933602°N, 79.449083°E</p>
      ]]></description>
      <Point>
        <coordinates>79.449083,14.933602,0</coordinates>
      </Point>
    </Placemark>
    <Placemark>
      <name>Point_808</name>
      <styleUrl>#soil_point</styleUrl>
      <TimeSpan>
        <begin>2025-01-01</begin>
        <end>2026-12-30</end>
      </TimeSpan>
      <description><![CDATA[
        <h3>Soil Health Card Record</h3>
        <p><b>Point ID:</b> Point_808</p>
        <p><b>Validity Period:</b> 2025-01-01 to 2026-12-30</p>
        <p><b>Nitrogen (N):</b> 13.0 kg/ha</p>
        <p><b>Phosphorus (P):</b> 10.0 mg/kg</p>
        <p><b>Potassium (K):</b> 196.6 mg/kg</p>
        <p><b>Organic Carbon (OC):</b> 1.07 %</p>
        <p><b>Coordinates:</b> 14.932589°N, 79.450306°E</p>
      ]]></description>
      <Point>
        <coordinates>79.450306,14.932589,0</coordinates>
      </Point>
    </Placemark>
    <Placemark>
      <name>Point_809</name>
      <styleUrl>#soil_point</styleUrl>
      <TimeSpan>
        <begin>2025-01-01</begin>
        <end>2026-12-30</end>
      </TimeSpan>
      <description><![CDATA[
        <h3>Soil Health Card Record</h3>
        <p><b>Point ID:</b> Point_809</p>
        <p><b>Validity Period:</b> 2025-01-01 to 2026-12-30</p>
        <p><b>Nitrogen (N):</b> 13.0 kg/ha</p>
        <p><b>Phosphorus (P):</b> 10.0 mg/kg</p>
        <p><b>Potassium (K):</b> 196.6 mg/kg</p>
        <p><b>Organic Carbon (OC):</b> 1.07 %</p>
        <p><b>Coordinates:</b> 14.931914°N, 79.450831°E</p>
      ]]></description>
      <Point>
        <coordinates>79.450831,14.931914,0</coordinates>
      </Point>
    </Placemark>
    <Placemark>
      <name>Point_810</name>
      <styleUrl>#soil_point</styleUrl>
      <TimeSpan>
        <begin>2025-01-01</begin>
        <end>2026-12-30</end>
      </TimeSpan>
      <description><![CDATA[
        <h3>Soil Health Card Record</h3>
        <p><b>Point ID:</b> Point_810</p>
        <p><b>Validity Period:</b> 2025-01-01 to 2026-12-30</p>
        <p><b>Nitrogen (N):</b> 63.0 kg/ha</p>
        <p><b>Phosphorus (P):</b> 12.3 mg/kg</p>
        <p><b>Potassium (K):</b> 196.6 mg/kg</p>
        <p><b>Organic Carbon (OC):</b> 0.46 %</p>
        <p><b>Coordinates:</b> 14.927525°N, 79.453976°E</p>
      ]]></description>
      <Point>
        <coordinates>79.453976,14.927525,0</coordinates>
      </Point>
    </Placemark>
    <Placemark>
      <name>Point_811</name>
      <styleUrl>#soil_point</styleUrl>
      <TimeSpan>
        <begin>2025-01-01</begin>
        <end>2026-12-30</end>
      </TimeSpan>
      <description><![CDATA[
        <h3>Soil Health Card Record</h3>
        <p><b>Point ID:</b> Point_811</p>
        <p><b>Validity Period:</b> 2025-01-01 to 2026-12-30</p>
        <p><b>Nitrogen (N):</b> 63.0 kg/ha</p>
        <p><b>Phosphorus (P):</b> 12.3 mg/kg</p>
        <p><b>Potassium (K):</b> 196.6 mg/kg</p>
        <p><b>Organic Carbon (OC):</b> 0.46 %</p>
        <p><b>Coordinates:</b> 14.926512°N, 79.454413°E</p>
      ]]></description>
      <Point>
        <coordinates>79.454413,14.926512,0</coordinates>
      </Point>
    </Placemark>
    <Placemark>
      <name>Point_812</name>
      <styleUrl>#soil_point</styleUrl>
      <TimeSpan>
        <begin>2025-01-01</begin>
        <end>2026-12-30</end>
      </TimeSpan>
      <description><![CDATA[
        <h3>Soil Health Card Record</h3>
        <p><b>Point ID:</b> Point_812</p>
        <p><b>Validity Period:</b> 2025-01-01 to 2026-12-30</p>
        <p><b>Nitrogen (N):</b> 38.0 kg/ha</p>
        <p><b>Phosphorus (P):</b> 12.9 mg/kg</p>
        <p><b>Potassium (K):</b> 161.5 mg/kg</p>
        <p><b>Organic Carbon (OC):</b> 0.35 %</p>
        <p><b>Coordinates:</b> 14.923557°N, 79.475207°E</p>
      ]]></description>
      <Point>
        <coordinates>79.475207,14.923557,0</coordinates>
      </Point>
    </Placemark>
    <Placemark>
      <name>Point_813</name>
      <styleUrl>#soil_point</styleUrl>
      <TimeSpan>
        <begin>2025-01-01</begin>
        <end>2026-12-30</end>
      </TimeSpan>
      <description><![CDATA[
        <h3>Soil Health Card Record</h3>
        <p><b>Point ID:</b> Point_813</p>
        <p><b>Validity Period:</b> 2025-01-01 to 2026-12-30</p>
        <p><b>Nitrogen (N):</b> 38.0 kg/ha</p>
        <p><b>Phosphorus (P):</b> 2.9 mg/kg</p>
        <p><b>Potassium (K):</b> 161.5 mg/kg</p>
        <p><b>Organic Carbon (OC):</b> 0.35 %</p>
        <p><b>Coordinates:</b> 14.923452°N, 79.475592°E</p>
      ]]></description>
      <Point>
        <coordinates>79.475592,14.923452,0</coordinates>
      </Point>
    </Placemark>
    <Placemark>
      <name>Point_814</name>
      <styleUrl>#soil_point</styleUrl>
      <TimeSpan>
        <begin>2025-01-01</begin>
        <end>2026-12-30</end>
      </TimeSpan>
      <description><![CDATA[
        <h3>Soil Health Card Record</h3>
        <p><b>Point ID:</b> Point_814</p>
        <p><b>Validity Period:</b> 2025-01-01 to 2026-12-30</p>
        <p><b>Nitrogen (N):</b> 100.0 kg/ha</p>
        <p><b>Phosphorus (P):</b> 26.9 mg/kg</p>
        <p><b>Potassium (K):</b> 223.0 mg/kg</p>
        <p><b>Organic Carbon (OC):</b> 0.1 %</p>
        <p><b>Coordinates:</b> 14.403007°N, 80.091723°E</p>
      ]]></description>
      <Point>
        <coordinates>80.091723,14.403007,0</coordinates>
      </Point>
    </Placemark>
    <Placemark>
      <name>Point_815</name>
      <styleUrl>#soil_point</styleUrl>
      <TimeSpan>
        <begin>2025-01-01</begin>
        <end>2026-12-30</end>
      </TimeSpan>
      <description><![CDATA[
        <h3>Soil Health Card Record</h3>
        <p><b>Point ID:</b> Point_815</p>
        <p><b>Validity Period:</b> 2025-01-01 to 2026-12-30</p>
        <p><b>Nitrogen (N):</b> 100.0 kg/ha</p>
        <p><b>Phosphorus (P):</b> 26.9 mg/kg</p>
        <p><b>Potassium (K):</b> 223.0 mg/kg</p>
        <p><b>Organic Carbon (OC):</b> 0.1 %</p>
        <p><b>Coordinates:</b> 14.403496°N, 80.091592°E</p>
      ]]></description>
      <Point>
        <coordinates>80.091592,14.403496,0</coordinates>
      </Point>
    </Placemark>
    <Placemark>
      <name>Point_816</name>
      <styleUrl>#soil_point</styleUrl>
      <TimeSpan>
        <begin>2025-01-01</begin>
        <end>2026-12-30</end>
      </TimeSpan>
      <description><![CDATA[
        <h3>Soil Health Card Record</h3>
        <p><b>Point ID:</b> Point_816</p>
        <p><b>Validity Period:</b> 2025-01-01 to 2026-12-30</p>
        <p><b>Nitrogen (N):</b> 38.0 kg/ha</p>
        <p><b>Phosphorus (P):</b> 29.2 mg/kg</p>
        <p><b>Potassium (K):</b> 130.0 mg/kg</p>
        <p><b>Organic Carbon (OC):</b> 0.14 %</p>
        <p><b>Coordinates:</b> 14.399803°N, 80.099143°E</p>
      ]]></description>
      <Point>
        <coordinates>80.099143,14.399803,0</coordinates>
      </Point>
    </Placemark>
    <Placemark>
      <name>Point_817</name>
      <styleUrl>#soil_point</styleUrl>
      <TimeSpan>
        <begin>2025-01-01</begin>
        <end>2026-12-30</end>
      </TimeSpan>
      <description><![CDATA[
        <h3>Soil Health Card Record</h3>
        <p><b>Point ID:</b> Point_817</p>
        <p><b>Validity Period:</b> 2025-01-01 to 2026-12-30</p>
        <p><b>Nitrogen (N):</b> 138.0 kg/ha</p>
        <p><b>Phosphorus (P):</b> 53.76 mg/kg</p>
        <p><b>Potassium (K):</b> 143.0 mg/kg</p>
        <p><b>Organic Carbon (OC):</b> 0.43 %</p>
        <p><b>Coordinates:</b> 14.400168°N, 80.099331°E</p>
      ]]></description>
      <Point>
        <coordinates>80.099331,14.400168,0</coordinates>
      </Point>
    </Placemark>
    <Placemark>
      <name>Point_818</name>
      <styleUrl>#soil_point</styleUrl>
      <TimeSpan>
        <begin>2025-01-01</begin>
        <end>2026-12-30</end>
      </TimeSpan>
      <description><![CDATA[
        <h3>Soil Health Card Record</h3>
        <p><b>Point ID:</b> Point_818</p>
        <p><b>Validity Period:</b> 2025-01-01 to 2026-12-30</p>
        <p><b>Nitrogen (N):</b> 138.0 kg/ha</p>
        <p><b>Phosphorus (P):</b> 53.76 mg/kg</p>
        <p><b>Potassium (K):</b> 143.0 mg/kg</p>
        <p><b>Organic Carbon (OC):</b> 0.43 %</p>
        <p><b>Coordinates:</b> 14.401355°N, 80.099001°E</p>
      ]]></description>
      <Point>
        <coordinates>80.099001,14.401355,0</coordinates>
      </Point>
    </Placemark>
    <Placemark>
      <name>Point_819</name>
      <styleUrl>#soil_point</styleUrl>
      <TimeSpan>
        <begin>2025-01-01</begin>
        <end>2026-12-30</end>
      </TimeSpan>
      <description><![CDATA[
        <h3>Soil Health Card Record</h3>
        <p><b>Point ID:</b> Point_819</p>
        <p><b>Validity Period:</b> 2025-01-01 to 2026-12-30</p>
        <p><b>Nitrogen (N):</b> 25.0 kg/ha</p>
        <p><b>Phosphorus (P):</b> 49.15 mg/kg</p>
        <p><b>Potassium (K):</b> 254.0 mg/kg</p>
        <p><b>Organic Carbon (OC):</b> 0.12 %</p>
        <p><b>Coordinates:</b> 14.406439°N, 80.109782°E</p>
      ]]></description>
      <Point>
        <coordinates>80.109782,14.406439,0</coordinates>
      </Point>
    </Placemark>
    <Placemark>
      <name>Point_820</name>
      <styleUrl>#soil_point</styleUrl>
      <TimeSpan>
        <begin>2025-01-01</begin>
        <end>2026-12-30</end>
      </TimeSpan>
      <description><![CDATA[
        <h3>Soil Health Card Record</h3>
        <p><b>Point ID:</b> Point_820</p>
        <p><b>Validity Period:</b> 2025-01-01 to 2026-12-30</p>
        <p><b>Nitrogen (N):</b> 25.0 kg/ha</p>
        <p><b>Phosphorus (P):</b> 23.8 mg/kg</p>
        <p><b>Potassium (K):</b> 236.0 mg/kg</p>
        <p><b>Organic Carbon (OC):</b> 0.1 %</p>
        <p><b>Coordinates:</b> 14.406631°N, 80.110828°E</p>
      ]]></description>
      <Point>
        <coordinates>80.110828,14.406631,0</coordinates>
      </Point>
    </Placemark>
    <Placemark>
      <name>Point_821</name>
      <styleUrl>#soil_point</styleUrl>
      <TimeSpan>
        <begin>2025-01-01</begin>
        <end>2026-12-30</end>
      </TimeSpan>
      <description><![CDATA[
        <h3>Soil Health Card Record</h3>
        <p><b>Point ID:</b> Point_821</p>
        <p><b>Validity Period:</b> 2025-01-01 to 2026-12-30</p>
        <p><b>Nitrogen (N):</b> 38.0 kg/ha</p>
        <p><b>Phosphorus (P):</b> 14.6 mg/kg</p>
        <p><b>Potassium (K):</b> 137.0 mg/kg</p>
        <p><b>Organic Carbon (OC):</b> 0.15 %</p>
        <p><b>Coordinates:</b> 14.408177°N, 80.110278°E</p>
      ]]></description>
      <Point>
        <coordinates>80.110278,14.408177,0</coordinates>
      </Point>
    </Placemark>
    <Placemark>
      <name>Point_822</name>
      <styleUrl>#soil_point</styleUrl>
      <TimeSpan>
        <begin>2025-01-01</begin>
        <end>2026-12-30</end>
      </TimeSpan>
      <description><![CDATA[
        <h3>Soil Health Card Record</h3>
        <p><b>Point ID:</b> Point_822</p>
        <p><b>Validity Period:</b> 2025-01-01 to 2026-12-30</p>
        <p><b>Nitrogen (N):</b> 38.0 kg/ha</p>
        <p><b>Phosphorus (P):</b> 14.6 mg/kg</p>
        <p><b>Potassium (K):</b> 137.0 mg/kg</p>
        <p><b>Organic Carbon (OC):</b> 0.15 %</p>
        <p><b>Coordinates:</b> 14.408529°N, 80.110993°E</p>
      ]]></description>
      <Point>
        <coordinates>80.110993,14.408529,0</coordinates>
      </Point>
    </Placemark>
    <Placemark>
      <name>Point_823</name>
      <styleUrl>#soil_point</styleUrl>
      <TimeSpan>
        <begin>2025-01-01</begin>
        <end>2026-12-30</end>
      </TimeSpan>
      <description><![CDATA[
        <h3>Soil Health Card Record</h3>
        <p><b>Point ID:</b> Point_823</p>
        <p><b>Validity Period:</b> 2025-01-01 to 2026-12-30</p>
        <p><b>Nitrogen (N):</b> 138.0 kg/ha</p>
        <p><b>Phosphorus (P):</b> 23.8 mg/kg</p>
        <p><b>Potassium (K):</b> 317.0 mg/kg</p>
        <p><b>Organic Carbon (OC):</b> 0.12 %</p>
        <p><b>Coordinates:</b> 14.407355°N, 80.088475°E</p>
      ]]></description>
      <Point>
        <coordinates>80.088475,14.407355,0</coordinates>
      </Point>
    </Placemark>
    <Placemark>
      <name>Point_824</name>
      <styleUrl>#soil_point</styleUrl>
      <TimeSpan>
        <begin>2025-01-01</begin>
        <end>2026-12-30</end>
      </TimeSpan>
      <description><![CDATA[
        <h3>Soil Health Card Record</h3>
        <p><b>Point ID:</b> Point_824</p>
        <p><b>Validity Period:</b> 2025-01-01 to 2026-12-30</p>
        <p><b>Nitrogen (N):</b> 100.0 kg/ha</p>
        <p><b>Phosphorus (P):</b> 10.0 mg/kg</p>
        <p><b>Potassium (K):</b> 112.0 mg/kg</p>
        <p><b>Organic Carbon (OC):</b> 0.2 %</p>
        <p><b>Coordinates:</b> 14.416032°N, 80.093699°E</p>
      ]]></description>
      <Point>
        <coordinates>80.093699,14.416032,0</coordinates>
      </Point>
    </Placemark>
    <Placemark>
      <name>Point_825</name>
      <styleUrl>#soil_point</styleUrl>
      <TimeSpan>
        <begin>2025-01-01</begin>
        <end>2026-12-30</end>
      </TimeSpan>
      <description><![CDATA[
        <h3>Soil Health Card Record</h3>
        <p><b>Point ID:</b> Point_825</p>
        <p><b>Validity Period:</b> 2025-01-01 to 2026-12-30</p>
        <p><b>Nitrogen (N):</b> 63.0 kg/ha</p>
        <p><b>Phosphorus (P):</b> 52.3 mg/kg</p>
        <p><b>Potassium (K):</b> 192.0 mg/kg</p>
        <p><b>Organic Carbon (OC):</b> 0.1 %</p>
        <p><b>Coordinates:</b> 14.415212°N, 80.092385°E</p>
      ]]></description>
      <Point>
        <coordinates>80.092385,14.415212,0</coordinates>
      </Point>
    </Placemark>
    <Placemark>
      <name>Point_826</name>
      <styleUrl>#soil_point</styleUrl>
      <TimeSpan>
        <begin>2025-01-01</begin>
        <end>2026-12-30</end>
      </TimeSpan>
      <description><![CDATA[
        <h3>Soil Health Card Record</h3>
        <p><b>Point ID:</b> Point_826</p>
        <p><b>Validity Period:</b> 2025-01-01 to 2026-12-30</p>
        <p><b>Nitrogen (N):</b> 63.0 kg/ha</p>
        <p><b>Phosphorus (P):</b> 52.3 mg/kg</p>
        <p><b>Potassium (K):</b> 192.0 mg/kg</p>
        <p><b>Organic Carbon (OC):</b> 0.1 %</p>
        <p><b>Coordinates:</b> 14.414895°N, 80.092064°E</p>
      ]]></description>
      <Point>
        <coordinates>80.092064,14.414895,0</coordinates>
      </Point>
    </Placemark>
    <Placemark>
      <name>Point_827</name>
      <styleUrl>#soil_point</styleUrl>
      <TimeSpan>
        <begin>2025-01-01</begin>
        <end>2026-12-30</end>
      </TimeSpan>
      <description><![CDATA[
        <h3>Soil Health Card Record</h3>
        <p><b>Point ID:</b> Point_827</p>
        <p><b>Validity Period:</b> 2025-01-01 to 2026-12-30</p>
        <p><b>Nitrogen (N):</b> 188.0 kg/ha</p>
        <p><b>Phosphorus (P):</b> 13.8 mg/kg</p>
        <p><b>Potassium (K):</b> 161.0 mg/kg</p>
        <p><b>Organic Carbon (OC):</b> 0.18 %</p>
        <p><b>Coordinates:</b> 14.411292°N, 80.090597°E</p>
      ]]></description>
      <Point>
        <coordinates>80.090597,14.411292,0</coordinates>
      </Point>
    </Placemark>
    <Placemark>
      <name>Point_828</name>
      <styleUrl>#soil_point</styleUrl>
      <TimeSpan>
        <begin>2025-01-01</begin>
        <end>2026-12-30</end>
      </TimeSpan>
      <description><![CDATA[
        <h3>Soil Health Card Record</h3>
        <p><b>Point ID:</b> Point_828</p>
        <p><b>Validity Period:</b> 2025-01-01 to 2026-12-30</p>
        <p><b>Nitrogen (N):</b> 188.0 kg/ha</p>
        <p><b>Phosphorus (P):</b> 13.8 mg/kg</p>
        <p><b>Potassium (K):</b> 161.0 mg/kg</p>
        <p><b>Organic Carbon (OC):</b> 0.18 %</p>
        <p><b>Coordinates:</b> 14.411035°N, 80.090551°E</p>
      ]]></description>
      <Point>
        <coordinates>80.090551,14.411035,0</coordinates>
      </Point>
    </Placemark>
    <Placemark>
      <name>Point_829</name>
      <styleUrl>#soil_point</styleUrl>
      <TimeSpan>
        <begin>2025-01-01</begin>
        <end>2026-12-30</end>
      </TimeSpan>
      <description><![CDATA[
        <h3>Soil Health Card Record</h3>
        <p><b>Point ID:</b> Point_829</p>
        <p><b>Validity Period:</b> 2025-01-01 to 2026-12-30</p>
        <p><b>Nitrogen (N):</b> 188.0 kg/ha</p>
        <p><b>Phosphorus (P):</b> 13.8 mg/kg</p>
        <p><b>Potassium (K):</b> 161.0 mg/kg</p>
        <p><b>Organic Carbon (OC):</b> 0.18 %</p>
        <p><b>Coordinates:</b> 14.410902°N, 80.090857°E</p>
      ]]></description>
      <Point>
        <coordinates>80.090857,14.410902,0</coordinates>
      </Point>
    </Placemark>
    <Placemark>
      <name>Point_830</name>
      <styleUrl>#soil_point</styleUrl>
      <TimeSpan>
        <begin>2025-01-01</begin>
        <end>2026-12-30</end>
      </TimeSpan>
      <description><![CDATA[
        <h3>Soil Health Card Record</h3>
        <p><b>Point ID:</b> Point_830</p>
        <p><b>Validity Period:</b> 2025-01-01 to 2026-12-30</p>
        <p><b>Nitrogen (N):</b> 188.0 kg/ha</p>
        <p><b>Phosphorus (P):</b> 13.8 mg/kg</p>
        <p><b>Potassium (K):</b> 161.0 mg/kg</p>
        <p><b>Organic Carbon (OC):</b> 0.18 %</p>
        <p><b>Coordinates:</b> 14.411020°N, 80.091483°E</p>
      ]]></description>
      <Point>
        <coordinates>80.091483,14.41102,0</coordinates>
      </Point>
    </Placemark>
    <Placemark>
      <name>Point_831</name>
      <styleUrl>#soil_point</styleUrl>
      <TimeSpan>
        <begin>2025-01-01</begin>
        <end>2026-12-30</end>
      </TimeSpan>
      <description><![CDATA[
        <h3>Soil Health Card Record</h3>
        <p><b>Point ID:</b> Point_831</p>
        <p><b>Validity Period:</b> 2025-01-01 to 2026-12-30</p>
        <p><b>Nitrogen (N):</b> 25.0 kg/ha</p>
        <p><b>Phosphorus (P):</b> 43.78 mg/kg</p>
        <p><b>Potassium (K):</b> 261.0 mg/kg</p>
        <p><b>Organic Carbon (OC):</b> 0.21 %</p>
        <p><b>Coordinates:</b> 14.414483°N, 80.095930°E</p>
      ]]></description>
      <Point>
        <coordinates>80.09593,14.414483,0</coordinates>
      </Point>
    </Placemark>
    <Placemark>
      <name>Point_832</name>
      <styleUrl>#soil_point</styleUrl>
      <TimeSpan>
        <begin>2025-01-01</begin>
        <end>2026-12-30</end>
      </TimeSpan>
      <description><![CDATA[
        <h3>Soil Health Card Record</h3>
        <p><b>Point ID:</b> Point_832</p>
        <p><b>Validity Period:</b> 2025-01-01 to 2026-12-30</p>
        <p><b>Nitrogen (N):</b> 3.0 kg/ha</p>
        <p><b>Phosphorus (P):</b> 25.3 mg/kg</p>
        <p><b>Potassium (K):</b> 174.0 mg/kg</p>
        <p><b>Organic Carbon (OC):</b> 0.24 %</p>
        <p><b>Coordinates:</b> 14.413885°N, 80.097779°E</p>
      ]]></description>
      <Point>
        <coordinates>80.097779,14.413885,0</coordinates>
      </Point>
    </Placemark>
    <Placemark>
      <name>Point_833</name>
      <styleUrl>#soil_point</styleUrl>
      <TimeSpan>
        <begin>2025-01-01</begin>
        <end>2026-12-30</end>
      </TimeSpan>
      <description><![CDATA[
        <h3>Soil Health Card Record</h3>
        <p><b>Point ID:</b> Point_833</p>
        <p><b>Validity Period:</b> 2025-01-01 to 2026-12-30</p>
        <p><b>Nitrogen (N):</b> 75.0 kg/ha</p>
        <p><b>Phosphorus (P):</b> 67.6 mg/kg</p>
        <p><b>Potassium (K):</b> 168.0 mg/kg</p>
        <p><b>Organic Carbon (OC):</b> 0.18 %</p>
        <p><b>Coordinates:</b> 14.413494°N, 80.097534°E</p>
      ]]></description>
      <Point>
        <coordinates>80.097534,14.413494,0</coordinates>
      </Point>
    </Placemark>
    <Placemark>
      <name>Point_834</name>
      <styleUrl>#soil_point</styleUrl>
      <TimeSpan>
        <begin>2025-01-01</begin>
        <end>2026-12-30</end>
      </TimeSpan>
      <description><![CDATA[
        <h3>Soil Health Card Record</h3>
        <p><b>Point ID:</b> Point_834</p>
        <p><b>Validity Period:</b> 2025-01-01 to 2026-12-30</p>
        <p><b>Nitrogen (N):</b> 75.0 kg/ha</p>
        <p><b>Phosphorus (P):</b> 67.6 mg/kg</p>
        <p><b>Potassium (K):</b> 168.0 mg/kg</p>
        <p><b>Organic Carbon (OC):</b> 0.18 %</p>
        <p><b>Coordinates:</b> 14.413435°N, 80.097886°E</p>
      ]]></description>
      <Point>
        <coordinates>80.097886,14.413435,0</coordinates>
      </Point>
    </Placemark>
    <Placemark>
      <name>Point_835</name>
      <styleUrl>#soil_point</styleUrl>
      <TimeSpan>
        <begin>2025-01-01</begin>
        <end>2026-12-30</end>
      </TimeSpan>
      <description><![CDATA[
        <h3>Soil Health Card Record</h3>
        <p><b>Point ID:</b> Point_835</p>
        <p><b>Validity Period:</b> 2025-01-01 to 2026-12-30</p>
        <p><b>Nitrogen (N):</b> 75.0 kg/ha</p>
        <p><b>Phosphorus (P):</b> 67.6 mg/kg</p>
        <p><b>Potassium (K):</b> 168.0 mg/kg</p>
        <p><b>Organic Carbon (OC):</b> 0.18 %</p>
        <p><b>Coordinates:</b> 14.412897°N, 80.097688°E</p>
      ]]></description>
      <Point>
        <coordinates>80.097688,14.412897,0</coordinates>
      </Point>
    </Placemark>
    <Placemark>
      <name>Point_836</name>
      <styleUrl>#soil_point</styleUrl>
      <TimeSpan>
        <begin>2025-01-01</begin>
        <end>2026-12-30</end>
      </TimeSpan>
      <description><![CDATA[
        <h3>Soil Health Card Record</h3>
        <p><b>Point ID:</b> Point_836</p>
        <p><b>Validity Period:</b> 2025-01-01 to 2026-12-30</p>
        <p><b>Nitrogen (N):</b> 25.0 kg/ha</p>
        <p><b>Phosphorus (P):</b> 22.3 mg/kg</p>
        <p><b>Potassium (K):</b> 270.0 mg/kg</p>
        <p><b>Organic Carbon (OC):</b> 0.18 %</p>
        <p><b>Coordinates:</b> 14.411008°N, 80.100217°E</p>
      ]]></description>
      <Point>
        <coordinates>80.100217,14.411008,0</coordinates>
      </Point>
    </Placemark>
    <Placemark>
      <name>Point_837</name>
      <styleUrl>#soil_point</styleUrl>
      <TimeSpan>
        <begin>2025-01-01</begin>
        <end>2026-12-30</end>
      </TimeSpan>
      <description><![CDATA[
        <h3>Soil Health Card Record</h3>
        <p><b>Point ID:</b> Point_837</p>
        <p><b>Validity Period:</b> 2025-01-01 to 2026-12-30</p>
        <p><b>Nitrogen (N):</b> 151.0 kg/ha</p>
        <p><b>Phosphorus (P):</b> 17.7 mg/kg</p>
        <p><b>Potassium (K):</b> 62.0 mg/kg</p>
        <p><b>Organic Carbon (OC):</b> 0.12 %</p>
        <p><b>Coordinates:</b> 14.409095°N, 80.098810°E</p>
      ]]></description>
      <Point>
        <coordinates>80.09881,14.409095,0</coordinates>
      </Point>
    </Placemark>
    <Placemark>
      <name>Point_838</name>
      <styleUrl>#soil_point</styleUrl>
      <TimeSpan>
        <begin>2025-01-01</begin>
        <end>2026-12-30</end>
      </TimeSpan>
      <description><![CDATA[
        <h3>Soil Health Card Record</h3>
        <p><b>Point ID:</b> Point_838</p>
        <p><b>Validity Period:</b> 2025-01-01 to 2026-12-30</p>
        <p><b>Nitrogen (N):</b> 151.0 kg/ha</p>
        <p><b>Phosphorus (P):</b> 17.7 mg/kg</p>
        <p><b>Potassium (K):</b> 62.0 mg/kg</p>
        <p><b>Organic Carbon (OC):</b> 0.12 %</p>
        <p><b>Coordinates:</b> 14.409208°N, 80.098669°E</p>
      ]]></description>
      <Point>
        <coordinates>80.098669,14.409208,0</coordinates>
      </Point>
    </Placemark>
    <Placemark>
      <name>Point_839</name>
      <styleUrl>#soil_point</styleUrl>
      <TimeSpan>
        <begin>2025-01-01</begin>
        <end>2026-12-30</end>
      </TimeSpan>
      <description><![CDATA[
        <h3>Soil Health Card Record</h3>
        <p><b>Point ID:</b> Point_839</p>
        <p><b>Validity Period:</b> 2025-01-01 to 2026-12-30</p>
        <p><b>Nitrogen (N):</b> 151.0 kg/ha</p>
        <p><b>Phosphorus (P):</b> 17.7 mg/kg</p>
        <p><b>Potassium (K):</b> 62.0 mg/kg</p>
        <p><b>Organic Carbon (OC):</b> 0.12 %</p>
        <p><b>Coordinates:</b> 14.409288°N, 80.098493°E</p>
      ]]></description>
      <Point>
        <coordinates>80.098493,14.409288,0</coordinates>
      </Point>
    </Placemark>
    <Placemark>
      <name>Point_840</name>
      <styleUrl>#soil_point</styleUrl>
      <TimeSpan>
        <begin>2025-01-01</begin>
        <end>2026-12-30</end>
      </TimeSpan>
      <description><![CDATA[
        <h3>Soil Health Card Record</h3>
        <p><b>Point ID:</b> Point_840</p>
        <p><b>Validity Period:</b> 2025-01-01 to 2026-12-30</p>
        <p><b>Nitrogen (N):</b> 151.0 kg/ha</p>
        <p><b>Phosphorus (P):</b> 17.7 mg/kg</p>
        <p><b>Potassium (K):</b> 62.0 mg/kg</p>
        <p><b>Organic Carbon (OC):</b> 0.12 %</p>
        <p><b>Coordinates:</b> 14.409424°N, 80.098353°E</p>
      ]]></description>
      <Point>
        <coordinates>80.098353,14.409424,0</coordinates>
      </Point>
    </Placemark>
    <Placemark>
      <name>Point_841</name>
      <styleUrl>#soil_point</styleUrl>
      <TimeSpan>
        <begin>2025-01-01</begin>
        <end>2026-12-30</end>
      </TimeSpan>
      <description><![CDATA[
        <h3>Soil Health Card Record</h3>
        <p><b>Point ID:</b> Point_841</p>
        <p><b>Validity Period:</b> 2025-01-01 to 2026-12-30</p>
        <p><b>Nitrogen (N):</b> 151.0 kg/ha</p>
        <p><b>Phosphorus (P):</b> 17.7 mg/kg</p>
        <p><b>Potassium (K):</b> 62.0 mg/kg</p>
        <p><b>Organic Carbon (OC):</b> 0.12 %</p>
        <p><b>Coordinates:</b> 14.409640°N, 80.098529°E</p>
      ]]></description>
      <Point>
        <coordinates>80.098529,14.40964,0</coordinates>
      </Point>
    </Placemark>
    <Placemark>
      <name>Point_842</name>
      <styleUrl>#soil_point</styleUrl>
      <TimeSpan>
        <begin>2025-01-01</begin>
        <end>2026-12-30</end>
      </TimeSpan>
      <description><![CDATA[
        <h3>Soil Health Card Record</h3>
        <p><b>Point ID:</b> Point_842</p>
        <p><b>Validity Period:</b> 2025-01-01 to 2026-12-30</p>
        <p><b>Nitrogen (N):</b> 25.0 kg/ha</p>
        <p><b>Phosphorus (P):</b> 23.8 mg/kg</p>
        <p><b>Potassium (K):</b> 236.0 mg/kg</p>
        <p><b>Organic Carbon (OC):</b> 0.1 %</p>
        <p><b>Coordinates:</b> 14.406405°N, 80.109845°E</p>
      ]]></description>
      <Point>
        <coordinates>80.109845,14.406405,0</coordinates>
      </Point>
    </Placemark>
    <Placemark>
      <name>Point_843</name>
      <styleUrl>#soil_point</styleUrl>
      <TimeSpan>
        <begin>2025-01-01</begin>
        <end>2026-12-30</end>
      </TimeSpan>
      <description><![CDATA[
        <h3>Soil Health Card Record</h3>
        <p><b>Point ID:</b> Point_843</p>
        <p><b>Validity Period:</b> 2025-01-01 to 2026-12-30</p>
        <p><b>Nitrogen (N):</b> 25.0 kg/ha</p>
        <p><b>Phosphorus (P):</b> 23.8 mg/kg</p>
        <p><b>Potassium (K):</b> 236.0 mg/kg</p>
        <p><b>Organic Carbon (OC):</b> 0.1 %</p>
        <p><b>Coordinates:</b> 14.406768°N, 80.110803°E</p>
      ]]></description>
      <Point>
        <coordinates>80.110803,14.406768,0</coordinates>
      </Point>
    </Placemark>
    <Placemark>
      <name>Point_844</name>
      <styleUrl>#soil_point</styleUrl>
      <TimeSpan>
        <begin>2025-01-01</begin>
        <end>2026-12-30</end>
      </TimeSpan>
      <description><![CDATA[
        <h3>Soil Health Card Record</h3>
        <p><b>Point ID:</b> Point_844</p>
        <p><b>Validity Period:</b> 2025-01-01 to 2026-12-30</p>
        <p><b>Nitrogen (N):</b> 38.0 kg/ha</p>
        <p><b>Phosphorus (P):</b> 14.6 mg/kg</p>
        <p><b>Potassium (K):</b> 137.0 mg/kg</p>
        <p><b>Organic Carbon (OC):</b> 0.15 %</p>
        <p><b>Coordinates:</b> 14.408048°N, 80.110094°E</p>
      ]]></description>
      <Point>
        <coordinates>80.110094,14.408048,0</coordinates>
      </Point>
    </Placemark>
    <Placemark>
      <name>Point_845</name>
      <styleUrl>#soil_point</styleUrl>
      <TimeSpan>
        <begin>2025-01-01</begin>
        <end>2026-12-30</end>
      </TimeSpan>
      <description><![CDATA[
        <h3>Soil Health Card Record</h3>
        <p><b>Point ID:</b> Point_845</p>
        <p><b>Validity Period:</b> 2025-01-01 to 2026-12-30</p>
        <p><b>Nitrogen (N):</b> 38.0 kg/ha</p>
        <p><b>Phosphorus (P):</b> 14.6 mg/kg</p>
        <p><b>Potassium (K):</b> 137.0 mg/kg</p>
        <p><b>Organic Carbon (OC):</b> 0.15 %</p>
        <p><b>Coordinates:</b> 14.408689°N, 80.110975°E</p>
      ]]></description>
      <Point>
        <coordinates>80.110975,14.408689,0</coordinates>
      </Point>
    </Placemark>
    <Placemark>
      <name>Point_846</name>
      <styleUrl>#soil_point</styleUrl>
      <TimeSpan>
        <begin>2025-01-01</begin>
        <end>2026-12-30</end>
      </TimeSpan>
      <description><![CDATA[
        <h3>Soil Health Card Record</h3>
        <p><b>Point ID:</b> Point_846</p>
        <p><b>Validity Period:</b> 2025-01-01 to 2026-12-30</p>
        <p><b>Nitrogen (N):</b> 25.0 kg/ha</p>
        <p><b>Phosphorus (P):</b> 22.3 mg/kg</p>
        <p><b>Potassium (K):</b> 270.0 mg/kg</p>
        <p><b>Organic Carbon (OC):</b> 0.18 %</p>
        <p><b>Coordinates:</b> 14.411061°N, 80.100205°E</p>
      ]]></description>
      <Point>
        <coordinates>80.100205,14.411061,0</coordinates>
      </Point>
    </Placemark>
    <Placemark>
      <name>Point_847</name>
      <styleUrl>#soil_point</styleUrl>
      <TimeSpan>
        <begin>2025-01-01</begin>
        <end>2026-12-30</end>
      </TimeSpan>
      <description><![CDATA[
        <h3>Soil Health Card Record</h3>
        <p><b>Point ID:</b> Point_847</p>
        <p><b>Validity Period:</b> 2025-01-01 to 2026-12-30</p>
        <p><b>Nitrogen (N):</b> 38.0 kg/ha</p>
        <p><b>Phosphorus (P):</b> 28.4 mg/kg</p>
        <p><b>Potassium (K):</b> 646.1 mg/kg</p>
        <p><b>Organic Carbon (OC):</b> 0.51 %</p>
        <p><b>Coordinates:</b> 15.081372°N, 79.785230°E</p>
      ]]></description>
      <Point>
        <coordinates>79.78523,15.081372,0</coordinates>
      </Point>
    </Placemark>
    <Placemark>
      <name>Point_848</name>
      <styleUrl>#soil_point</styleUrl>
      <TimeSpan>
        <begin>2025-01-01</begin>
        <end>2026-12-30</end>
      </TimeSpan>
      <description><![CDATA[
        <h3>Soil Health Card Record</h3>
        <p><b>Point ID:</b> Point_848</p>
        <p><b>Validity Period:</b> 2025-01-01 to 2026-12-30</p>
        <p><b>Nitrogen (N):</b> 50.0 kg/ha</p>
        <p><b>Phosphorus (P):</b> 43.78 mg/kg</p>
        <p><b>Potassium (K):</b> 561.9 mg/kg</p>
        <p><b>Organic Carbon (OC):</b> 0.31 %</p>
        <p><b>Coordinates:</b> 15.075071°N, 79.783124°E</p>
      ]]></description>
      <Point>
        <coordinates>79.783124,15.075071,0</coordinates>
      </Point>
    </Placemark>
    <Placemark>
      <name>Point_849</name>
      <styleUrl>#soil_point</styleUrl>
      <TimeSpan>
        <begin>2025-01-01</begin>
        <end>2026-12-30</end>
      </TimeSpan>
      <description><![CDATA[
        <h3>Soil Health Card Record</h3>
        <p><b>Point ID:</b> Point_849</p>
        <p><b>Validity Period:</b> 2025-01-01 to 2026-12-30</p>
        <p><b>Nitrogen (N):</b> 163.0 kg/ha</p>
        <p><b>Phosphorus (P):</b> 6.1 mg/kg</p>
        <p><b>Potassium (K):</b> 512.7 mg/kg</p>
        <p><b>Organic Carbon (OC):</b> 0.47 %</p>
        <p><b>Coordinates:</b> 15.072530°N, 79.781124°E</p>
      ]]></description>
      <Point>
        <coordinates>79.781124,15.07253,0</coordinates>
      </Point>
    </Placemark>
    <Placemark>
      <name>Point_850</name>
      <styleUrl>#soil_point</styleUrl>
      <TimeSpan>
        <begin>2025-01-01</begin>
        <end>2026-12-30</end>
      </TimeSpan>
      <description><![CDATA[
        <h3>Soil Health Card Record</h3>
        <p><b>Point ID:</b> Point_850</p>
        <p><b>Validity Period:</b> 2025-01-01 to 2026-12-30</p>
        <p><b>Nitrogen (N):</b> 50.0 kg/ha</p>
        <p><b>Phosphorus (P):</b> 43.78 mg/kg</p>
        <p><b>Potassium (K):</b> 561.9 mg/kg</p>
        <p><b>Organic Carbon (OC):</b> 0.31 %</p>
        <p><b>Coordinates:</b> 15.074461°N, 79.782948°E</p>
      ]]></description>
      <Point>
        <coordinates>79.782948,15.074461,0</coordinates>
      </Point>
    </Placemark>
    <Placemark>
      <name>Point_851</name>
      <styleUrl>#soil_point</styleUrl>
      <TimeSpan>
        <begin>2025-01-01</begin>
        <end>2026-12-30</end>
      </TimeSpan>
      <description><![CDATA[
        <h3>Soil Health Card Record</h3>
        <p><b>Point ID:</b> Point_851</p>
        <p><b>Validity Period:</b> 2025-01-01 to 2026-12-30</p>
        <p><b>Nitrogen (N):</b> 13.0 kg/ha</p>
        <p><b>Phosphorus (P):</b> 46.08 mg/kg</p>
        <p><b>Potassium (K):</b> 192.4 mg/kg</p>
        <p><b>Organic Carbon (OC):</b> 0.3 %</p>
        <p><b>Coordinates:</b> 14.945627°N, 79.686482°E</p>
      ]]></description>
      <Point>
        <coordinates>79.686482,14.945627,0</coordinates>
      </Point>
    </Placemark>
    <Placemark>
      <name>Point_852</name>
      <styleUrl>#soil_point</styleUrl>
      <TimeSpan>
        <begin>2025-01-01</begin>
        <end>2026-12-30</end>
      </TimeSpan>
      <description><![CDATA[
        <h3>Soil Health Card Record</h3>
        <p><b>Point ID:</b> Point_852</p>
        <p><b>Validity Period:</b> 2025-01-01 to 2026-12-30</p>
        <p><b>Nitrogen (N):</b> 100.0 kg/ha</p>
        <p><b>Phosphorus (P):</b> 22.3 mg/kg</p>
        <p><b>Potassium (K):</b> 43.0 mg/kg</p>
        <p><b>Organic Carbon (OC):</b> 0.36 %</p>
        <p><b>Coordinates:</b> 14.395876°N, 80.090111°E</p>
      ]]></description>
      <Point>
        <coordinates>80.090111,14.395876,0</coordinates>
      </Point>
    </Placemark>
    <Placemark>
      <name>Point_853</name>
      <styleUrl>#soil_point</styleUrl>
      <TimeSpan>
        <begin>2025-01-01</begin>
        <end>2026-12-30</end>
      </TimeSpan>
      <description><![CDATA[
        <h3>Soil Health Card Record</h3>
        <p><b>Point ID:</b> Point_853</p>
        <p><b>Validity Period:</b> 2025-01-01 to 2026-12-30</p>
        <p><b>Nitrogen (N):</b> 88.0 kg/ha</p>
        <p><b>Phosphorus (P):</b> 0.8 mg/kg</p>
        <p><b>Potassium (K):</b> 310.4 mg/kg</p>
        <p><b>Organic Carbon (OC):</b> 0.36 %</p>
        <p><b>Coordinates:</b> 14.858843°N, 79.517073°E</p>
      ]]></description>
      <Point>
        <coordinates>79.517073,14.858843,0</coordinates>
      </Point>
    </Placemark>
    <Placemark>
      <name>Point_854</name>
      <styleUrl>#soil_point</styleUrl>
      <TimeSpan>
        <begin>2025-01-01</begin>
        <end>2026-12-30</end>
      </TimeSpan>
      <description><![CDATA[
        <h3>Soil Health Card Record</h3>
        <p><b>Point ID:</b> Point_854</p>
        <p><b>Validity Period:</b> 2025-01-01 to 2026-12-30</p>
        <p><b>Nitrogen (N):</b> 75.0 kg/ha</p>
        <p><b>Phosphorus (P):</b> 5.4 mg/kg</p>
        <p><b>Potassium (K):</b> 93.1 mg/kg</p>
        <p><b>Organic Carbon (OC):</b> 0.05 %</p>
        <p><b>Coordinates:</b> 14.858095°N, 79.515823°E</p>
      ]]></description>
      <Point>
        <coordinates>79.515823,14.858095,0</coordinates>
      </Point>
    </Placemark>
    <Placemark>
      <name>Point_855</name>
      <styleUrl>#soil_point</styleUrl>
      <TimeSpan>
        <begin>2025-01-01</begin>
        <end>2026-12-30</end>
      </TimeSpan>
      <description><![CDATA[
        <h3>Soil Health Card Record</h3>
        <p><b>Point ID:</b> Point_855</p>
        <p><b>Validity Period:</b> 2025-01-01 to 2026-12-30</p>
        <p><b>Nitrogen (N):</b> 88.0 kg/ha</p>
        <p><b>Phosphorus (P):</b> 11.5 mg/kg</p>
        <p><b>Potassium (K):</b> 149.0 mg/kg</p>
        <p><b>Organic Carbon (OC):</b> 0.3 %</p>
        <p><b>Coordinates:</b> 14.857750°N, 79.517668°E</p>
      ]]></description>
      <Point>
        <coordinates>79.517668,14.85775,0</coordinates>
      </Point>
    </Placemark>
    <Placemark>
      <name>Point_856</name>
      <styleUrl>#soil_point</styleUrl>
      <TimeSpan>
        <begin>2025-01-01</begin>
        <end>2026-12-30</end>
      </TimeSpan>
      <description><![CDATA[
        <h3>Soil Health Card Record</h3>
        <p><b>Point ID:</b> Point_856</p>
        <p><b>Validity Period:</b> 2025-01-01 to 2026-12-30</p>
        <p><b>Nitrogen (N):</b> 63.0 kg/ha</p>
        <p><b>Phosphorus (P):</b> 1.5 mg/kg</p>
        <p><b>Potassium (K):</b> 124.1 mg/kg</p>
        <p><b>Organic Carbon (OC):</b> 0.45 %</p>
        <p><b>Coordinates:</b> 14.849812°N, 79.513199°E</p>
      ]]></description>
      <Point>
        <coordinates>79.513199,14.849812,0</coordinates>
      </Point>
    </Placemark>
    <Placemark>
      <name>Point_857</name>
      <styleUrl>#soil_point</styleUrl>
      <TimeSpan>
        <begin>2025-01-01</begin>
        <end>2026-12-30</end>
      </TimeSpan>
      <description><![CDATA[
        <h3>Soil Health Card Record</h3>
        <p><b>Point ID:</b> Point_857</p>
        <p><b>Validity Period:</b> 2025-01-01 to 2026-12-30</p>
        <p><b>Nitrogen (N):</b> 75.0 kg/ha</p>
        <p><b>Phosphorus (P):</b> 60.7 mg/kg</p>
        <p><b>Potassium (K):</b> 25.0 mg/kg</p>
        <p><b>Organic Carbon (OC):</b> 0.34 %</p>
        <p><b>Coordinates:</b> 14.391189°N, 80.035932°E</p>
      ]]></description>
      <Point>
        <coordinates>80.035932,14.391189,0</coordinates>
      </Point>
    </Placemark>
    <Placemark>
      <name>Point_858</name>
      <styleUrl>#soil_point</styleUrl>
      <TimeSpan>
        <begin>2025-01-01</begin>
        <end>2026-12-30</end>
      </TimeSpan>
      <description><![CDATA[
        <h3>Soil Health Card Record</h3>
        <p><b>Point ID:</b> Point_858</p>
        <p><b>Validity Period:</b> 2025-01-01 to 2026-12-30</p>
        <p><b>Nitrogen (N):</b> 75.0 kg/ha</p>
        <p><b>Phosphorus (P):</b> 60.7 mg/kg</p>
        <p><b>Potassium (K):</b> 25.0 mg/kg</p>
        <p><b>Organic Carbon (OC):</b> 0.34 %</p>
        <p><b>Coordinates:</b> 14.390564°N, 80.034900°E</p>
      ]]></description>
      <Point>
        <coordinates>80.0349,14.390564,0</coordinates>
      </Point>
    </Placemark>
    <Placemark>
      <name>Point_859</name>
      <styleUrl>#soil_point</styleUrl>
      <TimeSpan>
        <begin>2025-01-01</begin>
        <end>2026-12-30</end>
      </TimeSpan>
      <description><![CDATA[
        <h3>Soil Health Card Record</h3>
        <p><b>Point ID:</b> Point_859</p>
        <p><b>Validity Period:</b> 2025-01-01 to 2026-12-30</p>
        <p><b>Nitrogen (N):</b> 75.0 kg/ha</p>
        <p><b>Phosphorus (P):</b> 60.7 mg/kg</p>
        <p><b>Potassium (K):</b> 25.0 mg/kg</p>
        <p><b>Organic Carbon (OC):</b> 0.34 %</p>
        <p><b>Coordinates:</b> 14.390427°N, 80.035051°E</p>
      ]]></description>
      <Point>
        <coordinates>80.035051,14.390427,0</coordinates>
      </Point>
    </Placemark>
    <Placemark>
      <name>Point_860</name>
      <styleUrl>#soil_point</styleUrl>
      <TimeSpan>
        <begin>2025-01-01</begin>
        <end>2026-12-30</end>
      </TimeSpan>
      <description><![CDATA[
        <h3>Soil Health Card Record</h3>
        <p><b>Point ID:</b> Point_860</p>
        <p><b>Validity Period:</b> 2025-01-01 to 2026-12-30</p>
        <p><b>Nitrogen (N):</b> 113.0 kg/ha</p>
        <p><b>Phosphorus (P):</b> 16.9 mg/kg</p>
        <p><b>Potassium (K):</b> 12.0 mg/kg</p>
        <p><b>Organic Carbon (OC):</b> 0.25 %</p>
        <p><b>Coordinates:</b> 14.390169°N, 80.036942°E</p>
      ]]></description>
      <Point>
        <coordinates>80.036942,14.390169,0</coordinates>
      </Point>
    </Placemark>
    <Placemark>
      <name>Point_861</name>
      <styleUrl>#soil_point</styleUrl>
      <TimeSpan>
        <begin>2025-01-01</begin>
        <end>2026-12-30</end>
      </TimeSpan>
      <description><![CDATA[
        <h3>Soil Health Card Record</h3>
        <p><b>Point ID:</b> Point_861</p>
        <p><b>Validity Period:</b> 2025-01-01 to 2026-12-30</p>
        <p><b>Nitrogen (N):</b> 138.0 kg/ha</p>
        <p><b>Phosphorus (P):</b> 13.1 mg/kg</p>
        <p><b>Potassium (K):</b> 25.0 mg/kg</p>
        <p><b>Organic Carbon (OC):</b> 0.2 %</p>
        <p><b>Coordinates:</b> 14.391051°N, 80.038095°E</p>
      ]]></description>
      <Point>
        <coordinates>80.038095,14.391051,0</coordinates>
      </Point>
    </Placemark>
    <Placemark>
      <name>Point_862</name>
      <styleUrl>#soil_point</styleUrl>
      <TimeSpan>
        <begin>2025-01-01</begin>
        <end>2026-12-30</end>
      </TimeSpan>
      <description><![CDATA[
        <h3>Soil Health Card Record</h3>
        <p><b>Point ID:</b> Point_862</p>
        <p><b>Validity Period:</b> 2025-01-01 to 2026-12-30</p>
        <p><b>Nitrogen (N):</b> 151.0 kg/ha</p>
        <p><b>Phosphorus (P):</b> 16.9 mg/kg</p>
        <p><b>Potassium (K):</b> 31.0 mg/kg</p>
        <p><b>Organic Carbon (OC):</b> 0.27 %</p>
        <p><b>Coordinates:</b> 14.391096°N, 80.039920°E</p>
      ]]></description>
      <Point>
        <coordinates>80.03992,14.391096,0</coordinates>
      </Point>
    </Placemark>
    <Placemark>
      <name>Point_863</name>
      <styleUrl>#soil_point</styleUrl>
      <TimeSpan>
        <begin>2025-01-01</begin>
        <end>2026-12-30</end>
      </TimeSpan>
      <description><![CDATA[
        <h3>Soil Health Card Record</h3>
        <p><b>Point ID:</b> Point_863</p>
        <p><b>Validity Period:</b> 2025-01-01 to 2026-12-30</p>
        <p><b>Nitrogen (N):</b> 113.0 kg/ha</p>
        <p><b>Phosphorus (P):</b> 16.9 mg/kg</p>
        <p><b>Potassium (K):</b> 12.0 mg/kg</p>
        <p><b>Organic Carbon (OC):</b> 0.25 %</p>
        <p><b>Coordinates:</b> 14.389194°N, 80.037035°E</p>
      ]]></description>
      <Point>
        <coordinates>80.037035,14.389194,0</coordinates>
      </Point>
    </Placemark>
    <Placemark>
      <name>Point_864</name>
      <styleUrl>#soil_point</styleUrl>
      <TimeSpan>
        <begin>2025-01-01</begin>
        <end>2026-12-30</end>
      </TimeSpan>
      <description><![CDATA[
        <h3>Soil Health Card Record</h3>
        <p><b>Point ID:</b> Point_864</p>
        <p><b>Validity Period:</b> 2025-01-01 to 2026-12-30</p>
        <p><b>Nitrogen (N):</b> 113.0 kg/ha</p>
        <p><b>Phosphorus (P):</b> 16.9 mg/kg</p>
        <p><b>Potassium (K):</b> 12.0 mg/kg</p>
        <p><b>Organic Carbon (OC):</b> 0.25 %</p>
        <p><b>Coordinates:</b> 14.389133°N, 80.037049°E</p>
      ]]></description>
      <Point>
        <coordinates>80.037049,14.389133,0</coordinates>
      </Point>
    </Placemark>
    <Placemark>
      <name>Point_865</name>
      <styleUrl>#soil_point</styleUrl>
      <TimeSpan>
        <begin>2025-01-01</begin>
        <end>2026-12-30</end>
      </TimeSpan>
      <description><![CDATA[
        <h3>Soil Health Card Record</h3>
        <p><b>Point ID:</b> Point_865</p>
        <p><b>Validity Period:</b> 2025-01-01 to 2026-12-30</p>
        <p><b>Nitrogen (N):</b> 113.0 kg/ha</p>
        <p><b>Phosphorus (P):</b> 16.9 mg/kg</p>
        <p><b>Potassium (K):</b> 12.0 mg/kg</p>
        <p><b>Organic Carbon (OC):</b> 0.25 %</p>
        <p><b>Coordinates:</b> 14.389058°N, 80.037214°E</p>
      ]]></description>
      <Point>
        <coordinates>80.037214,14.389058,0</coordinates>
      </Point>
    </Placemark>
    <Placemark>
      <name>Point_866</name>
      <styleUrl>#soil_point</styleUrl>
      <TimeSpan>
        <begin>2025-01-01</begin>
        <end>2026-12-30</end>
      </TimeSpan>
      <description><![CDATA[
        <h3>Soil Health Card Record</h3>
        <p><b>Point ID:</b> Point_866</p>
        <p><b>Validity Period:</b> 2025-01-01 to 2026-12-30</p>
        <p><b>Nitrogen (N):</b> 125.0 kg/ha</p>
        <p><b>Phosphorus (P):</b> 24.6 mg/kg</p>
        <p><b>Potassium (K):</b> 99.0 mg/kg</p>
        <p><b>Organic Carbon (OC):</b> 0.23 %</p>
        <p><b>Coordinates:</b> 14.389337°N, 80.038625°E</p>
      ]]></description>
      <Point>
        <coordinates>80.038625,14.389337,0</coordinates>
      </Point>
    </Placemark>
    <Placemark>
      <name>Point_867</name>
      <styleUrl>#soil_point</styleUrl>
      <TimeSpan>
        <begin>2025-01-01</begin>
        <end>2026-12-30</end>
      </TimeSpan>
      <description><![CDATA[
        <h3>Soil Health Card Record</h3>
        <p><b>Point ID:</b> Point_867</p>
        <p><b>Validity Period:</b> 2025-01-01 to 2026-12-30</p>
        <p><b>Nitrogen (N):</b> 125.0 kg/ha</p>
        <p><b>Phosphorus (P):</b> 24.6 mg/kg</p>
        <p><b>Potassium (K):</b> 99.0 mg/kg</p>
        <p><b>Organic Carbon (OC):</b> 0.23 %</p>
        <p><b>Coordinates:</b> 14.389566°N, 80.039031°E</p>
      ]]></description>
      <Point>
        <coordinates>80.039031,14.389566,0</coordinates>
      </Point>
    </Placemark>
    <Placemark>
      <name>Point_868</name>
      <styleUrl>#soil_point</styleUrl>
      <TimeSpan>
        <begin>2025-01-01</begin>
        <end>2026-12-30</end>
      </TimeSpan>
      <description><![CDATA[
        <h3>Soil Health Card Record</h3>
        <p><b>Point ID:</b> Point_868</p>
        <p><b>Validity Period:</b> 2025-01-01 to 2026-12-30</p>
        <p><b>Nitrogen (N):</b> 125.0 kg/ha</p>
        <p><b>Phosphorus (P):</b> 24.6 mg/kg</p>
        <p><b>Potassium (K):</b> 99.0 mg/kg</p>
        <p><b>Organic Carbon (OC):</b> 0.23 %</p>
        <p><b>Coordinates:</b> 14.389453°N, 80.039055°E</p>
      ]]></description>
      <Point>
        <coordinates>80.039055,14.389453,0</coordinates>
      </Point>
    </Placemark>
    <Placemark>
      <name>Point_869</name>
      <styleUrl>#soil_point</styleUrl>
      <TimeSpan>
        <begin>2025-01-01</begin>
        <end>2026-12-30</end>
      </TimeSpan>
      <description><![CDATA[
        <h3>Soil Health Card Record</h3>
        <p><b>Point ID:</b> Point_869</p>
        <p><b>Validity Period:</b> 2025-01-01 to 2026-12-30</p>
        <p><b>Nitrogen (N):</b> 125.0 kg/ha</p>
        <p><b>Phosphorus (P):</b> 24.6 mg/kg</p>
        <p><b>Potassium (K):</b> 99.0 mg/kg</p>
        <p><b>Organic Carbon (OC):</b> 0.23 %</p>
        <p><b>Coordinates:</b> 14.389325°N, 80.039722°E</p>
      ]]></description>
      <Point>
        <coordinates>80.039722,14.389325,0</coordinates>
      </Point>
    </Placemark>
    <Placemark>
      <name>Point_870</name>
      <styleUrl>#soil_point</styleUrl>
      <TimeSpan>
        <begin>2025-01-01</begin>
        <end>2026-12-30</end>
      </TimeSpan>
      <description><![CDATA[
        <h3>Soil Health Card Record</h3>
        <p><b>Point ID:</b> Point_870</p>
        <p><b>Validity Period:</b> 2025-01-01 to 2026-12-30</p>
        <p><b>Nitrogen (N):</b> 125.0 kg/ha</p>
        <p><b>Phosphorus (P):</b> 24.6 mg/kg</p>
        <p><b>Potassium (K):</b> 99.0 mg/kg</p>
        <p><b>Organic Carbon (OC):</b> 0.23 %</p>
        <p><b>Coordinates:</b> 14.389397°N, 80.039746°E</p>
      ]]></description>
      <Point>
        <coordinates>80.039746,14.389397,0</coordinates>
      </Point>
    </Placemark>
    <Placemark>
      <name>Point_871</name>
      <styleUrl>#soil_point</styleUrl>
      <TimeSpan>
        <begin>2025-01-01</begin>
        <end>2026-12-30</end>
      </TimeSpan>
      <description><![CDATA[
        <h3>Soil Health Card Record</h3>
        <p><b>Point ID:</b> Point_871</p>
        <p><b>Validity Period:</b> 2025-01-01 to 2026-12-30</p>
        <p><b>Nitrogen (N):</b> 63.0 kg/ha</p>
        <p><b>Phosphorus (P):</b> 22.3 mg/kg</p>
        <p><b>Potassium (K):</b> 428.0 mg/kg</p>
        <p><b>Organic Carbon (OC):</b> 0.36 %</p>
        <p><b>Coordinates:</b> 14.385525°N, 80.038929°E</p>
      ]]></description>
      <Point>
        <coordinates>80.038929,14.385525,0</coordinates>
      </Point>
    </Placemark>
    <Placemark>
      <name>Point_872</name>
      <styleUrl>#soil_point</styleUrl>
      <TimeSpan>
        <begin>2025-01-01</begin>
        <end>2026-12-30</end>
      </TimeSpan>
      <description><![CDATA[
        <h3>Soil Health Card Record</h3>
        <p><b>Point ID:</b> Point_872</p>
        <p><b>Validity Period:</b> 2025-01-01 to 2026-12-30</p>
        <p><b>Nitrogen (N):</b> 63.0 kg/ha</p>
        <p><b>Phosphorus (P):</b> 22.3 mg/kg</p>
        <p><b>Potassium (K):</b> 428.0 mg/kg</p>
        <p><b>Organic Carbon (OC):</b> 0.36 %</p>
        <p><b>Coordinates:</b> 14.385509°N, 80.038873°E</p>
      ]]></description>
      <Point>
        <coordinates>80.038873,14.385509,0</coordinates>
      </Point>
    </Placemark>
    <Placemark>
      <name>Point_873</name>
      <styleUrl>#soil_point</styleUrl>
      <TimeSpan>
        <begin>2025-01-01</begin>
        <end>2026-12-30</end>
      </TimeSpan>
      <description><![CDATA[
        <h3>Soil Health Card Record</h3>
        <p><b>Point ID:</b> Point_873</p>
        <p><b>Validity Period:</b> 2025-01-01 to 2026-12-30</p>
        <p><b>Nitrogen (N):</b> 63.0 kg/ha</p>
        <p><b>Phosphorus (P):</b> 22.3 mg/kg</p>
        <p><b>Potassium (K):</b> 428.0 mg/kg</p>
        <p><b>Organic Carbon (OC):</b> 0.36 %</p>
        <p><b>Coordinates:</b> 14.385144°N, 80.038909°E</p>
      ]]></description>
      <Point>
        <coordinates>80.038909,14.385144,0</coordinates>
      </Point>
    </Placemark>
    <Placemark>
      <name>Point_874</name>
      <styleUrl>#soil_point</styleUrl>
      <TimeSpan>
        <begin>2025-01-01</begin>
        <end>2026-12-30</end>
      </TimeSpan>
      <description><![CDATA[
        <h3>Soil Health Card Record</h3>
        <p><b>Point ID:</b> Point_874</p>
        <p><b>Validity Period:</b> 2025-01-01 to 2026-12-30</p>
        <p><b>Nitrogen (N):</b> 63.0 kg/ha</p>
        <p><b>Phosphorus (P):</b> 22.3 mg/kg</p>
        <p><b>Potassium (K):</b> 428.0 mg/kg</p>
        <p><b>Organic Carbon (OC):</b> 0.36 %</p>
        <p><b>Coordinates:</b> 14.384898°N, 80.038859°E</p>
      ]]></description>
      <Point>
        <coordinates>80.038859,14.384898,0</coordinates>
      </Point>
    </Placemark>
    <Placemark>
      <name>Point_875</name>
      <styleUrl>#soil_point</styleUrl>
      <TimeSpan>
        <begin>2025-01-01</begin>
        <end>2026-12-30</end>
      </TimeSpan>
      <description><![CDATA[
        <h3>Soil Health Card Record</h3>
        <p><b>Point ID:</b> Point_875</p>
        <p><b>Validity Period:</b> 2025-01-01 to 2026-12-30</p>
        <p><b>Nitrogen (N):</b> 75.0 kg/ha</p>
        <p><b>Phosphorus (P):</b> 39.94 mg/kg</p>
        <p><b>Potassium (K):</b> 478.0 mg/kg</p>
        <p><b>Organic Carbon (OC):</b> 0.2 %</p>
        <p><b>Coordinates:</b> 14.384083°N, 80.038939°E</p>
      ]]></description>
      <Point>
        <coordinates>80.038939,14.384083,0</coordinates>
      </Point>
    </Placemark>
    <Placemark>
      <name>Point_876</name>
      <styleUrl>#soil_point</styleUrl>
      <TimeSpan>
        <begin>2025-01-01</begin>
        <end>2026-12-30</end>
      </TimeSpan>
      <description><![CDATA[
        <h3>Soil Health Card Record</h3>
        <p><b>Point ID:</b> Point_876</p>
        <p><b>Validity Period:</b> 2025-01-01 to 2026-12-30</p>
        <p><b>Nitrogen (N):</b> 201.0 kg/ha</p>
        <p><b>Phosphorus (P):</b> 33.8 mg/kg</p>
        <p><b>Potassium (K):</b> 478.0 mg/kg</p>
        <p><b>Organic Carbon (OC):</b> 0.11 %</p>
        <p><b>Coordinates:</b> 14.395955°N, 80.038608°E</p>
      ]]></description>
      <Point>
        <coordinates>80.038608,14.395955,0</coordinates>
      </Point>
    </Placemark>
    <Placemark>
      <name>Point_877</name>
      <styleUrl>#soil_point</styleUrl>
      <TimeSpan>
        <begin>2025-01-01</begin>
        <end>2026-12-30</end>
      </TimeSpan>
      <description><![CDATA[
        <h3>Soil Health Card Record</h3>
        <p><b>Point ID:</b> Point_877</p>
        <p><b>Validity Period:</b> 2025-01-01 to 2026-12-30</p>
        <p><b>Nitrogen (N):</b> 201.0 kg/ha</p>
        <p><b>Phosphorus (P):</b> 33.8 mg/kg</p>
        <p><b>Potassium (K):</b> 478.0 mg/kg</p>
        <p><b>Organic Carbon (OC):</b> 0.11 %</p>
        <p><b>Coordinates:</b> 14.395817°N, 80.038732°E</p>
      ]]></description>
      <Point>
        <coordinates>80.038732,14.395817,0</coordinates>
      </Point>
    </Placemark>
    <Placemark>
      <name>Point_878</name>
      <styleUrl>#soil_point</styleUrl>
      <TimeSpan>
        <begin>2025-01-01</begin>
        <end>2026-12-30</end>
      </TimeSpan>
      <description><![CDATA[
        <h3>Soil Health Card Record</h3>
        <p><b>Point ID:</b> Point_878</p>
        <p><b>Validity Period:</b> 2025-01-01 to 2026-12-30</p>
        <p><b>Nitrogen (N):</b> 201.0 kg/ha</p>
        <p><b>Phosphorus (P):</b> 33.8 mg/kg</p>
        <p><b>Potassium (K):</b> 478.0 mg/kg</p>
        <p><b>Organic Carbon (OC):</b> 0.11 %</p>
        <p><b>Coordinates:</b> 14.395685°N, 80.038677°E</p>
      ]]></description>
      <Point>
        <coordinates>80.038677,14.395685,0</coordinates>
      </Point>
    </Placemark>
    <Placemark>
      <name>Point_879</name>
      <styleUrl>#soil_point</styleUrl>
      <TimeSpan>
        <begin>2025-01-01</begin>
        <end>2026-12-30</end>
      </TimeSpan>
      <description><![CDATA[
        <h3>Soil Health Card Record</h3>
        <p><b>Point ID:</b> Point_879</p>
        <p><b>Validity Period:</b> 2025-01-01 to 2026-12-30</p>
        <p><b>Nitrogen (N):</b> 113.0 kg/ha</p>
        <p><b>Phosphorus (P):</b> 33.0 mg/kg</p>
        <p><b>Potassium (K):</b> 25.0 mg/kg</p>
        <p><b>Organic Carbon (OC):</b> 0.24 %</p>
        <p><b>Coordinates:</b> 14.393897°N, 80.039378°E</p>
      ]]></description>
      <Point>
        <coordinates>80.039378,14.393897,0</coordinates>
      </Point>
    </Placemark>
    <Placemark>
      <name>Point_880</name>
      <styleUrl>#soil_point</styleUrl>
      <TimeSpan>
        <begin>2025-01-01</begin>
        <end>2026-12-30</end>
      </TimeSpan>
      <description><![CDATA[
        <h3>Soil Health Card Record</h3>
        <p><b>Point ID:</b> Point_880</p>
        <p><b>Validity Period:</b> 2025-01-01 to 2026-12-30</p>
        <p><b>Nitrogen (N):</b> 201.0 kg/ha</p>
        <p><b>Phosphorus (P):</b> 22.3 mg/kg</p>
        <p><b>Potassium (K):</b> 50.0 mg/kg</p>
        <p><b>Organic Carbon (OC):</b> 0.39 %</p>
        <p><b>Coordinates:</b> 14.395287°N, 80.040551°E</p>
      ]]></description>
      <Point>
        <coordinates>80.040551,14.395287,0</coordinates>
      </Point>
    </Placemark>
    <Placemark>
      <name>Point_881</name>
      <styleUrl>#soil_point</styleUrl>
      <TimeSpan>
        <begin>2025-01-01</begin>
        <end>2026-12-30</end>
      </TimeSpan>
      <description><![CDATA[
        <h3>Soil Health Card Record</h3>
        <p><b>Point ID:</b> Point_881</p>
        <p><b>Validity Period:</b> 2025-01-01 to 2026-12-30</p>
        <p><b>Nitrogen (N):</b> 201.0 kg/ha</p>
        <p><b>Phosphorus (P):</b> 22.3 mg/kg</p>
        <p><b>Potassium (K):</b> 50.0 mg/kg</p>
        <p><b>Organic Carbon (OC):</b> 0.39 %</p>
        <p><b>Coordinates:</b> 14.394827°N, 80.041148°E</p>
      ]]></description>
      <Point>
        <coordinates>80.041148,14.394827,0</coordinates>
      </Point>
    </Placemark>
    <Placemark>
      <name>Point_882</name>
      <styleUrl>#soil_point</styleUrl>
      <TimeSpan>
        <begin>2025-01-01</begin>
        <end>2026-12-30</end>
      </TimeSpan>
      <description><![CDATA[
        <h3>Soil Health Card Record</h3>
        <p><b>Point ID:</b> Point_882</p>
        <p><b>Validity Period:</b> 2025-01-01 to 2026-12-30</p>
        <p><b>Nitrogen (N):</b> 50.0 kg/ha</p>
        <p><b>Phosphorus (P):</b> 15.4 mg/kg</p>
        <p><b>Potassium (K):</b> 130.0 mg/kg</p>
        <p><b>Organic Carbon (OC):</b> 0.36 %</p>
        <p><b>Coordinates:</b> 14.392498°N, 80.041456°E</p>
      ]]></description>
      <Point>
        <coordinates>80.041456,14.392498,0</coordinates>
      </Point>
    </Placemark>
    <Placemark>
      <name>Point_883</name>
      <styleUrl>#soil_point</styleUrl>
      <TimeSpan>
        <begin>2025-01-01</begin>
        <end>2026-12-30</end>
      </TimeSpan>
      <description><![CDATA[
        <h3>Soil Health Card Record</h3>
        <p><b>Point ID:</b> Point_883</p>
        <p><b>Validity Period:</b> 2025-01-01 to 2026-12-30</p>
        <p><b>Nitrogen (N):</b> 151.0 kg/ha</p>
        <p><b>Phosphorus (P):</b> 12.3 mg/kg</p>
        <p><b>Potassium (K):</b> 19.0 mg/kg</p>
        <p><b>Organic Carbon (OC):</b> 0.3 %</p>
        <p><b>Coordinates:</b> 14.390691°N, 80.044918°E</p>
      ]]></description>
      <Point>
        <coordinates>80.044918,14.390691,0</coordinates>
      </Point>
    </Placemark>
    <Placemark>
      <name>Point_884</name>
      <styleUrl>#soil_point</styleUrl>
      <TimeSpan>
        <begin>2025-01-01</begin>
        <end>2026-12-30</end>
      </TimeSpan>
      <description><![CDATA[
        <h3>Soil Health Card Record</h3>
        <p><b>Point ID:</b> Point_884</p>
        <p><b>Validity Period:</b> 2025-01-01 to 2026-12-30</p>
        <p><b>Nitrogen (N):</b> 151.0 kg/ha</p>
        <p><b>Phosphorus (P):</b> 12.3 mg/kg</p>
        <p><b>Potassium (K):</b> 19.0 mg/kg</p>
        <p><b>Organic Carbon (OC):</b> 0.3 %</p>
        <p><b>Coordinates:</b> 14.391492°N, 80.044168°E</p>
      ]]></description>
      <Point>
        <coordinates>80.044168,14.391492,0</coordinates>
      </Point>
    </Placemark>
    <Placemark>
      <name>Point_885</name>
      <styleUrl>#soil_point</styleUrl>
      <TimeSpan>
        <begin>2025-01-01</begin>
        <end>2026-12-30</end>
      </TimeSpan>
      <description><![CDATA[
        <h3>Soil Health Card Record</h3>
        <p><b>Point ID:</b> Point_885</p>
        <p><b>Validity Period:</b> 2025-01-01 to 2026-12-30</p>
        <p><b>Nitrogen (N):</b> 75.0 kg/ha</p>
        <p><b>Phosphorus (P):</b> 9.2 mg/kg</p>
        <p><b>Potassium (K):</b> 31.0 mg/kg</p>
        <p><b>Organic Carbon (OC):</b> 0.3 %</p>
        <p><b>Coordinates:</b> 14.392238°N, 80.044591°E</p>
      ]]></description>
      <Point>
        <coordinates>80.044591,14.392238,0</coordinates>
      </Point>
    </Placemark>
    <Placemark>
      <name>Point_886</name>
      <styleUrl>#soil_point</styleUrl>
      <TimeSpan>
        <begin>2025-01-01</begin>
        <end>2026-12-30</end>
      </TimeSpan>
      <description><![CDATA[
        <h3>Soil Health Card Record</h3>
        <p><b>Point ID:</b> Point_886</p>
        <p><b>Validity Period:</b> 2025-01-01 to 2026-12-30</p>
        <p><b>Nitrogen (N):</b> 75.0 kg/ha</p>
        <p><b>Phosphorus (P):</b> 9.2 mg/kg</p>
        <p><b>Potassium (K):</b> 31.0 mg/kg</p>
        <p><b>Organic Carbon (OC):</b> 0.3 %</p>
        <p><b>Coordinates:</b> 14.392398°N, 80.043899°E</p>
      ]]></description>
      <Point>
        <coordinates>80.043899,14.392398,0</coordinates>
      </Point>
    </Placemark>
    <Placemark>
      <name>Point_887</name>
      <styleUrl>#soil_point</styleUrl>
      <TimeSpan>
        <begin>2025-01-01</begin>
        <end>2026-12-30</end>
      </TimeSpan>
      <description><![CDATA[
        <h3>Soil Health Card Record</h3>
        <p><b>Point ID:</b> Point_887</p>
        <p><b>Validity Period:</b> 2025-01-01 to 2026-12-30</p>
        <p><b>Nitrogen (N):</b> 125.0 kg/ha</p>
        <p><b>Phosphorus (P):</b> 34.6 mg/kg</p>
        <p><b>Potassium (K):</b> 31.0 mg/kg</p>
        <p><b>Organic Carbon (OC):</b> 0.39 %</p>
        <p><b>Coordinates:</b> 14.394000°N, 80.044100°E</p>
      ]]></description>
      <Point>
        <coordinates>80.0441,14.394,0</coordinates>
      </Point>
    </Placemark>
    <Placemark>
      <name>Point_888</name>
      <styleUrl>#soil_point</styleUrl>
      <TimeSpan>
        <begin>2025-01-01</begin>
        <end>2026-12-30</end>
      </TimeSpan>
      <description><![CDATA[
        <h3>Soil Health Card Record</h3>
        <p><b>Point ID:</b> Point_888</p>
        <p><b>Validity Period:</b> 2025-01-01 to 2026-12-30</p>
        <p><b>Nitrogen (N):</b> 125.0 kg/ha</p>
        <p><b>Phosphorus (P):</b> 34.6 mg/kg</p>
        <p><b>Potassium (K):</b> 31.0 mg/kg</p>
        <p><b>Organic Carbon (OC):</b> 0.39 %</p>
        <p><b>Coordinates:</b> 14.394030°N, 80.043610°E</p>
      ]]></description>
      <Point>
        <coordinates>80.04361,14.39403,0</coordinates>
      </Point>
    </Placemark>
    <Placemark>
      <name>Point_889</name>
      <styleUrl>#soil_point</styleUrl>
      <TimeSpan>
        <begin>2025-01-01</begin>
        <end>2026-12-30</end>
      </TimeSpan>
      <description><![CDATA[
        <h3>Soil Health Card Record</h3>
        <p><b>Point ID:</b> Point_889</p>
        <p><b>Validity Period:</b> 2025-01-01 to 2026-12-30</p>
        <p><b>Nitrogen (N):</b> 138.0 kg/ha</p>
        <p><b>Phosphorus (P):</b> 23.8 mg/kg</p>
        <p><b>Potassium (K):</b> 341.0 mg/kg</p>
        <p><b>Organic Carbon (OC):</b> 0.12 %</p>
        <p><b>Coordinates:</b> 14.395297°N, 80.043264°E</p>
      ]]></description>
      <Point>
        <coordinates>80.043264,14.395297,0</coordinates>
      </Point>
    </Placemark>
    <Placemark>
      <name>Point_890</name>
      <styleUrl>#soil_point</styleUrl>
      <TimeSpan>
        <begin>2025-01-01</begin>
        <end>2026-12-30</end>
      </TimeSpan>
      <description><![CDATA[
        <h3>Soil Health Card Record</h3>
        <p><b>Point ID:</b> Point_890</p>
        <p><b>Validity Period:</b> 2025-01-01 to 2026-12-30</p>
        <p><b>Nitrogen (N):</b> 176.0 kg/ha</p>
        <p><b>Phosphorus (P):</b> 17.7 mg/kg</p>
        <p><b>Potassium (K):</b> 527.0 mg/kg</p>
        <p><b>Organic Carbon (OC):</b> 0.11 %</p>
        <p><b>Coordinates:</b> 14.395886°N, 80.044014°E</p>
      ]]></description>
      <Point>
        <coordinates>80.044014,14.395886,0</coordinates>
      </Point>
    </Placemark>
    <Placemark>
      <name>Point_891</name>
      <styleUrl>#soil_point</styleUrl>
      <TimeSpan>
        <begin>2025-01-01</begin>
        <end>2026-12-30</end>
      </TimeSpan>
      <description><![CDATA[
        <h3>Soil Health Card Record</h3>
        <p><b>Point ID:</b> Point_891</p>
        <p><b>Validity Period:</b> 2025-01-01 to 2026-12-30</p>
        <p><b>Nitrogen (N):</b> 176.0 kg/ha</p>
        <p><b>Phosphorus (P):</b> 17.7 mg/kg</p>
        <p><b>Potassium (K):</b> 527.0 mg/kg</p>
        <p><b>Organic Carbon (OC):</b> 0.11 %</p>
        <p><b>Coordinates:</b> 14.396046°N, 80.044322°E</p>
      ]]></description>
      <Point>
        <coordinates>80.044322,14.396046,0</coordinates>
      </Point>
    </Placemark>
    <Placemark>
      <name>Point_892</name>
      <styleUrl>#soil_point</styleUrl>
      <TimeSpan>
        <begin>2025-01-01</begin>
        <end>2026-12-30</end>
      </TimeSpan>
      <description><![CDATA[
        <h3>Soil Health Card Record</h3>
        <p><b>Point ID:</b> Point_892</p>
        <p><b>Validity Period:</b> 2025-01-01 to 2026-12-30</p>
        <p><b>Nitrogen (N):</b> 176.0 kg/ha</p>
        <p><b>Phosphorus (P):</b> 17.7 mg/kg</p>
        <p><b>Potassium (K):</b> 527.0 mg/kg</p>
        <p><b>Organic Carbon (OC):</b> 0.11 %</p>
        <p><b>Coordinates:</b> 14.396027°N, 80.044611°E</p>
      ]]></description>
      <Point>
        <coordinates>80.044611,14.396027,0</coordinates>
      </Point>
    </Placemark>
    <Placemark>
      <name>Point_893</name>
      <styleUrl>#soil_point</styleUrl>
      <TimeSpan>
        <begin>2025-01-01</begin>
        <end>2026-12-30</end>
      </TimeSpan>
      <description><![CDATA[
        <h3>Soil Health Card Record</h3>
        <p><b>Point ID:</b> Point_893</p>
        <p><b>Validity Period:</b> 2025-01-01 to 2026-12-30</p>
        <p><b>Nitrogen (N):</b> 213.0 kg/ha</p>
        <p><b>Phosphorus (P):</b> 38.4 mg/kg</p>
        <p><b>Potassium (K):</b> 199.0 mg/kg</p>
        <p><b>Organic Carbon (OC):</b> 0.35 %</p>
        <p><b>Coordinates:</b> 14.394638°N, 80.047701°E</p>
      ]]></description>
      <Point>
        <coordinates>80.047701,14.394638,0</coordinates>
      </Point>
    </Placemark>
    <Placemark>
      <name>Point_894</name>
      <styleUrl>#soil_point</styleUrl>
      <TimeSpan>
        <begin>2025-01-01</begin>
        <end>2026-12-30</end>
      </TimeSpan>
      <description><![CDATA[
        <h3>Soil Health Card Record</h3>
        <p><b>Point ID:</b> Point_894</p>
        <p><b>Validity Period:</b> 2025-01-01 to 2026-12-30</p>
        <p><b>Nitrogen (N):</b> 213.0 kg/ha</p>
        <p><b>Phosphorus (P):</b> 38.4 mg/kg</p>
        <p><b>Potassium (K):</b> 199.0 mg/kg</p>
        <p><b>Organic Carbon (OC):</b> 0.35 %</p>
        <p><b>Coordinates:</b> 14.394927°N, 80.047812°E</p>
      ]]></description>
      <Point>
        <coordinates>80.047812,14.394927,0</coordinates>
      </Point>
    </Placemark>
    <Placemark>
      <name>Point_895</name>
      <styleUrl>#soil_point</styleUrl>
      <TimeSpan>
        <begin>2025-01-01</begin>
        <end>2026-12-30</end>
      </TimeSpan>
      <description><![CDATA[
        <h3>Soil Health Card Record</h3>
        <p><b>Point ID:</b> Point_895</p>
        <p><b>Validity Period:</b> 2025-01-01 to 2026-12-30</p>
        <p><b>Nitrogen (N):</b> 213.0 kg/ha</p>
        <p><b>Phosphorus (P):</b> 38.4 mg/kg</p>
        <p><b>Potassium (K):</b> 199.0 mg/kg</p>
        <p><b>Organic Carbon (OC):</b> 0.35 %</p>
        <p><b>Coordinates:</b> 14.395122°N, 80.047895°E</p>
      ]]></description>
      <Point>
        <coordinates>80.047895,14.395122,0</coordinates>
      </Point>
    </Placemark>
    <Placemark>
      <name>Point_896</name>
      <styleUrl>#soil_point</styleUrl>
      <TimeSpan>
        <begin>2025-01-01</begin>
        <end>2026-12-30</end>
      </TimeSpan>
      <description><![CDATA[
        <h3>Soil Health Card Record</h3>
        <p><b>Point ID:</b> Point_896</p>
        <p><b>Validity Period:</b> 2025-01-01 to 2026-12-30</p>
        <p><b>Nitrogen (N):</b> 213.0 kg/ha</p>
        <p><b>Phosphorus (P):</b> 38.4 mg/kg</p>
        <p><b>Potassium (K):</b> 199.0 mg/kg</p>
        <p><b>Organic Carbon (OC):</b> 0.35 %</p>
        <p><b>Coordinates:</b> 14.395256°N, 80.048005°E</p>
      ]]></description>
      <Point>
        <coordinates>80.048005,14.395256,0</coordinates>
      </Point>
    </Placemark>
    <Placemark>
      <name>Point_897</name>
      <styleUrl>#soil_point</styleUrl>
      <TimeSpan>
        <begin>2025-01-01</begin>
        <end>2026-12-30</end>
      </TimeSpan>
      <description><![CDATA[
        <h3>Soil Health Card Record</h3>
        <p><b>Point ID:</b> Point_897</p>
        <p><b>Validity Period:</b> 2025-01-01 to 2026-12-30</p>
        <p><b>Nitrogen (N):</b> 213.0 kg/ha</p>
        <p><b>Phosphorus (P):</b> 38.4 mg/kg</p>
        <p><b>Potassium (K):</b> 199.0 mg/kg</p>
        <p><b>Organic Carbon (OC):</b> 0.35 %</p>
        <p><b>Coordinates:</b> 14.395438°N, 80.048323°E</p>
      ]]></description>
      <Point>
        <coordinates>80.048323,14.395438,0</coordinates>
      </Point>
    </Placemark>
    <Placemark>
      <name>Point_898</name>
      <styleUrl>#soil_point</styleUrl>
      <TimeSpan>
        <begin>2025-01-01</begin>
        <end>2026-12-30</end>
      </TimeSpan>
      <description><![CDATA[
        <h3>Soil Health Card Record</h3>
        <p><b>Point ID:</b> Point_898</p>
        <p><b>Validity Period:</b> 2025-01-01 to 2026-12-30</p>
        <p><b>Nitrogen (N):</b> 213.0 kg/ha</p>
        <p><b>Phosphorus (P):</b> 38.4 mg/kg</p>
        <p><b>Potassium (K):</b> 199.0 mg/kg</p>
        <p><b>Organic Carbon (OC):</b> 0.35 %</p>
        <p><b>Coordinates:</b> 14.395331°N, 80.048613°E</p>
      ]]></description>
      <Point>
        <coordinates>80.048613,14.395331,0</coordinates>
      </Point>
    </Placemark>
    <Placemark>
      <name>Point_899</name>
      <styleUrl>#soil_point</styleUrl>
      <TimeSpan>
        <begin>2025-01-01</begin>
        <end>2026-12-30</end>
      </TimeSpan>
      <description><![CDATA[
        <h3>Soil Health Card Record</h3>
        <p><b>Point ID:</b> Point_899</p>
        <p><b>Validity Period:</b> 2025-01-01 to 2026-12-30</p>
        <p><b>Nitrogen (N):</b> 63.0 kg/ha</p>
        <p><b>Phosphorus (P):</b> 21.5 mg/kg</p>
        <p><b>Potassium (K):</b> 12.0 mg/kg</p>
        <p><b>Organic Carbon (OC):</b> 0.45 %</p>
        <p><b>Coordinates:</b> 14.399733°N, 80.054498°E</p>
      ]]></description>
      <Point>
        <coordinates>80.054498,14.399733,0</coordinates>
      </Point>
    </Placemark>
    <Placemark>
      <name>Point_900</name>
      <styleUrl>#soil_point</styleUrl>
      <TimeSpan>
        <begin>2025-01-01</begin>
        <end>2026-12-30</end>
      </TimeSpan>
      <description><![CDATA[
        <h3>Soil Health Card Record</h3>
        <p><b>Point ID:</b> Point_900</p>
        <p><b>Validity Period:</b> 2025-01-01 to 2026-12-30</p>
        <p><b>Nitrogen (N):</b> 63.0 kg/ha</p>
        <p><b>Phosphorus (P):</b> 21.5 mg/kg</p>
        <p><b>Potassium (K):</b> 12.0 mg/kg</p>
        <p><b>Organic Carbon (OC):</b> 0.45 %</p>
        <p><b>Coordinates:</b> 14.399807°N, 80.054115°E</p>
      ]]></description>
      <Point>
        <coordinates>80.054115,14.399807,0</coordinates>
      </Point>
    </Placemark>
    <Placemark>
      <name>Point_901</name>
      <styleUrl>#soil_point</styleUrl>
      <TimeSpan>
        <begin>2025-01-01</begin>
        <end>2026-12-30</end>
      </TimeSpan>
      <description><![CDATA[
        <h3>Soil Health Card Record</h3>
        <p><b>Point ID:</b> Point_901</p>
        <p><b>Validity Period:</b> 2025-01-01 to 2026-12-30</p>
        <p><b>Nitrogen (N):</b> 163.0 kg/ha</p>
        <p><b>Phosphorus (P):</b> 16.9 mg/kg</p>
        <p><b>Potassium (K):</b> 43.0 mg/kg</p>
        <p><b>Organic Carbon (OC):</b> 0.27 %</p>
        <p><b>Coordinates:</b> 14.402703°N, 80.054677°E</p>
      ]]></description>
      <Point>
        <coordinates>80.054677,14.402703,0</coordinates>
      </Point>
    </Placemark>
    <Placemark>
      <name>Point_902</name>
      <styleUrl>#soil_point</styleUrl>
      <TimeSpan>
        <begin>2025-01-01</begin>
        <end>2026-12-30</end>
      </TimeSpan>
      <description><![CDATA[
        <h3>Soil Health Card Record</h3>
        <p><b>Point ID:</b> Point_902</p>
        <p><b>Validity Period:</b> 2025-01-01 to 2026-12-30</p>
        <p><b>Nitrogen (N):</b> 163.0 kg/ha</p>
        <p><b>Phosphorus (P):</b> 26.1 mg/kg</p>
        <p><b>Potassium (K):</b> 12.0 mg/kg</p>
        <p><b>Organic Carbon (OC):</b> 0.35 %</p>
        <p><b>Coordinates:</b> 14.405087°N, 80.050199°E</p>
      ]]></description>
      <Point>
        <coordinates>80.050199,14.405087,0</coordinates>
      </Point>
    </Placemark>
    <Placemark>
      <name>Point_903</name>
      <styleUrl>#soil_point</styleUrl>
      <TimeSpan>
        <begin>2025-01-01</begin>
        <end>2026-12-30</end>
      </TimeSpan>
      <description><![CDATA[
        <h3>Soil Health Card Record</h3>
        <p><b>Point ID:</b> Point_903</p>
        <p><b>Validity Period:</b> 2025-01-01 to 2026-12-30</p>
        <p><b>Nitrogen (N):</b> 163.0 kg/ha</p>
        <p><b>Phosphorus (P):</b> 26.1 mg/kg</p>
        <p><b>Potassium (K):</b> 12.0 mg/kg</p>
        <p><b>Organic Carbon (OC):</b> 0.35 %</p>
        <p><b>Coordinates:</b> 14.405522°N, 80.050045°E</p>
      ]]></description>
      <Point>
        <coordinates>80.050045,14.405522,0</coordinates>
      </Point>
    </Placemark>
    <Placemark>
      <name>Point_904</name>
      <styleUrl>#soil_point</styleUrl>
      <TimeSpan>
        <begin>2025-01-01</begin>
        <end>2026-12-30</end>
      </TimeSpan>
      <description><![CDATA[
        <h3>Soil Health Card Record</h3>
        <p><b>Point ID:</b> Point_904</p>
        <p><b>Validity Period:</b> 2025-01-01 to 2026-12-30</p>
        <p><b>Nitrogen (N):</b> 163.0 kg/ha</p>
        <p><b>Phosphorus (P):</b> 26.1 mg/kg</p>
        <p><b>Potassium (K):</b> 12.0 mg/kg</p>
        <p><b>Organic Carbon (OC):</b> 0.35 %</p>
        <p><b>Coordinates:</b> 14.406091°N, 80.050786°E</p>
      ]]></description>
      <Point>
        <coordinates>80.050786,14.406091,0</coordinates>
      </Point>
    </Placemark>
    <Placemark>
      <name>Point_905</name>
      <styleUrl>#soil_point</styleUrl>
      <TimeSpan>
        <begin>2025-01-01</begin>
        <end>2026-12-30</end>
      </TimeSpan>
      <description><![CDATA[
        <h3>Soil Health Card Record</h3>
        <p><b>Point ID:</b> Point_905</p>
        <p><b>Validity Period:</b> 2025-01-01 to 2026-12-30</p>
        <p><b>Nitrogen (N):</b> 176.0 kg/ha</p>
        <p><b>Phosphorus (P):</b> 32.3 mg/kg</p>
        <p><b>Potassium (K):</b> 37.0 mg/kg</p>
        <p><b>Organic Carbon (OC):</b> 0.45 %</p>
        <p><b>Coordinates:</b> 14.407813°N, 80.049023°E</p>
      ]]></description>
      <Point>
        <coordinates>80.049023,14.407813,0</coordinates>
      </Point>
    </Placemark>
    <Placemark>
      <name>Point_906</name>
      <styleUrl>#soil_point</styleUrl>
      <TimeSpan>
        <begin>2025-01-01</begin>
        <end>2026-12-30</end>
      </TimeSpan>
      <description><![CDATA[
        <h3>Soil Health Card Record</h3>
        <p><b>Point ID:</b> Point_906</p>
        <p><b>Validity Period:</b> 2025-01-01 to 2026-12-30</p>
        <p><b>Nitrogen (N):</b> 138.0 kg/ha</p>
        <p><b>Phosphorus (P):</b> 22.3 mg/kg</p>
        <p><b>Potassium (K):</b> 19.0 mg/kg</p>
        <p><b>Organic Carbon (OC):</b> 0.26 %</p>
        <p><b>Coordinates:</b> 14.401397°N, 80.045914°E</p>
      ]]></description>
      <Point>
        <coordinates>80.045914,14.401397,0</coordinates>
      </Point>
    </Placemark>
    <Placemark>
      <name>Point_907</name>
      <styleUrl>#soil_point</styleUrl>
      <TimeSpan>
        <begin>2025-01-01</begin>
        <end>2026-12-30</end>
      </TimeSpan>
      <description><![CDATA[
        <h3>Soil Health Card Record</h3>
        <p><b>Point ID:</b> Point_907</p>
        <p><b>Validity Period:</b> 2025-01-01 to 2026-12-30</p>
        <p><b>Nitrogen (N):</b> 125.0 kg/ha</p>
        <p><b>Phosphorus (P):</b> 23.0 mg/kg</p>
        <p><b>Potassium (K):</b> 354.0 mg/kg</p>
        <p><b>Organic Carbon (OC):</b> 0.39 %</p>
        <p><b>Coordinates:</b> 14.407988°N, 80.039290°E</p>
      ]]></description>
      <Point>
        <coordinates>80.03929,14.407988,0</coordinates>
      </Point>
    </Placemark>
    <Placemark>
      <name>Point_908</name>
      <styleUrl>#soil_point</styleUrl>
      <TimeSpan>
        <begin>2025-01-01</begin>
        <end>2026-12-30</end>
      </TimeSpan>
      <description><![CDATA[
        <h3>Soil Health Card Record</h3>
        <p><b>Point ID:</b> Point_908</p>
        <p><b>Validity Period:</b> 2025-01-01 to 2026-12-30</p>
        <p><b>Nitrogen (N):</b> 125.0 kg/ha</p>
        <p><b>Phosphorus (P):</b> 23.0 mg/kg</p>
        <p><b>Potassium (K):</b> 354.0 mg/kg</p>
        <p><b>Organic Carbon (OC):</b> 0.39 %</p>
        <p><b>Coordinates:</b> 14.408214°N, 80.038581°E</p>
      ]]></description>
      <Point>
        <coordinates>80.038581,14.408214,0</coordinates>
      </Point>
    </Placemark>
    <Placemark>
      <name>Point_909</name>
      <styleUrl>#soil_point</styleUrl>
      <TimeSpan>
        <begin>2025-01-01</begin>
        <end>2026-12-30</end>
      </TimeSpan>
      <description><![CDATA[
        <h3>Soil Health Card Record</h3>
        <p><b>Point ID:</b> Point_909</p>
        <p><b>Validity Period:</b> 2025-01-01 to 2026-12-30</p>
        <p><b>Nitrogen (N):</b> 176.0 kg/ha</p>
        <p><b>Phosphorus (P):</b> 20.7 mg/kg</p>
        <p><b>Potassium (K):</b> 515.0 mg/kg</p>
        <p><b>Organic Carbon (OC):</b> 0.26 %</p>
        <p><b>Coordinates:</b> 14.408822°N, 80.041498°E</p>
      ]]></description>
      <Point>
        <coordinates>80.041498,14.408822,0</coordinates>
      </Point>
    </Placemark>
    <Placemark>
      <name>Point_910</name>
      <styleUrl>#soil_point</styleUrl>
      <TimeSpan>
        <begin>2025-01-01</begin>
        <end>2026-12-30</end>
      </TimeSpan>
      <description><![CDATA[
        <h3>Soil Health Card Record</h3>
        <p><b>Point ID:</b> Point_910</p>
        <p><b>Validity Period:</b> 2025-01-01 to 2026-12-30</p>
        <p><b>Nitrogen (N):</b> 176.0 kg/ha</p>
        <p><b>Phosphorus (P):</b> 20.7 mg/kg</p>
        <p><b>Potassium (K):</b> 515.0 mg/kg</p>
        <p><b>Organic Carbon (OC):</b> 0.26 %</p>
        <p><b>Coordinates:</b> 14.409049°N, 80.041852°E</p>
      ]]></description>
      <Point>
        <coordinates>80.041852,14.409049,0</coordinates>
      </Point>
    </Placemark>
    <Placemark>
      <name>Point_911</name>
      <styleUrl>#soil_point</styleUrl>
      <TimeSpan>
        <begin>2025-01-01</begin>
        <end>2026-12-30</end>
      </TimeSpan>
      <description><![CDATA[
        <h3>Soil Health Card Record</h3>
        <p><b>Point ID:</b> Point_911</p>
        <p><b>Validity Period:</b> 2025-01-01 to 2026-12-30</p>
        <p><b>Nitrogen (N):</b> 176.0 kg/ha</p>
        <p><b>Phosphorus (P):</b> 20.7 mg/kg</p>
        <p><b>Potassium (K):</b> 515.0 mg/kg</p>
        <p><b>Organic Carbon (OC):</b> 0.26 %</p>
        <p><b>Coordinates:</b> 14.409709°N, 80.041907°E</p>
      ]]></description>
      <Point>
        <coordinates>80.041907,14.409709,0</coordinates>
      </Point>
    </Placemark>
    <Placemark>
      <name>Point_912</name>
      <styleUrl>#soil_point</styleUrl>
      <TimeSpan>
        <begin>2025-01-01</begin>
        <end>2026-12-30</end>
      </TimeSpan>
      <description><![CDATA[
        <h3>Soil Health Card Record</h3>
        <p><b>Point ID:</b> Point_912</p>
        <p><b>Validity Period:</b> 2025-01-01 to 2026-12-30</p>
        <p><b>Nitrogen (N):</b> 176.0 kg/ha</p>
        <p><b>Phosphorus (P):</b> 20.7 mg/kg</p>
        <p><b>Potassium (K):</b> 515.0 mg/kg</p>
        <p><b>Organic Carbon (OC):</b> 0.26 %</p>
        <p><b>Coordinates:</b> 14.409936°N, 80.041907°E</p>
      ]]></description>
      <Point>
        <coordinates>80.041907,14.409936,0</coordinates>
      </Point>
    </Placemark>
    <Placemark>
      <name>Point_913</name>
      <styleUrl>#soil_point</styleUrl>
      <TimeSpan>
        <begin>2025-01-01</begin>
        <end>2026-12-30</end>
      </TimeSpan>
      <description><![CDATA[
        <h3>Soil Health Card Record</h3>
        <p><b>Point ID:</b> Point_913</p>
        <p><b>Validity Period:</b> 2025-01-01 to 2026-12-30</p>
        <p><b>Nitrogen (N):</b> 188.0 kg/ha</p>
        <p><b>Phosphorus (P):</b> 46.08 mg/kg</p>
        <p><b>Potassium (K):</b> 602.0 mg/kg</p>
        <p><b>Organic Carbon (OC):</b> 0.27 %</p>
        <p><b>Coordinates:</b> 14.410833°N, 80.041988°E</p>
      ]]></description>
      <Point>
        <coordinates>80.041988,14.410833,0</coordinates>
      </Point>
    </Placemark>
    <Placemark>
      <name>Point_914</name>
      <styleUrl>#soil_point</styleUrl>
      <TimeSpan>
        <begin>2025-01-01</begin>
        <end>2026-12-30</end>
      </TimeSpan>
      <description><![CDATA[
        <h3>Soil Health Card Record</h3>
        <p><b>Point ID:</b> Point_914</p>
        <p><b>Validity Period:</b> 2025-01-01 to 2026-12-30</p>
        <p><b>Nitrogen (N):</b> 63.0 kg/ha</p>
        <p><b>Phosphorus (P):</b> 30.0 mg/kg</p>
        <p><b>Potassium (K):</b> 341.0 mg/kg</p>
        <p><b>Organic Carbon (OC):</b> 0.23 %</p>
        <p><b>Coordinates:</b> 14.411007°N, 80.041634°E</p>
      ]]></description>
      <Point>
        <coordinates>80.041634,14.411007,0</coordinates>
      </Point>
    </Placemark>
    <Placemark>
      <name>Point_915</name>
      <styleUrl>#soil_point</styleUrl>
      <TimeSpan>
        <begin>2025-01-01</begin>
        <end>2026-12-30</end>
      </TimeSpan>
      <description><![CDATA[
        <h3>Soil Health Card Record</h3>
        <p><b>Point ID:</b> Point_915</p>
        <p><b>Validity Period:</b> 2025-01-01 to 2026-12-30</p>
        <p><b>Nitrogen (N):</b> 63.0 kg/ha</p>
        <p><b>Phosphorus (P):</b> 20.7 mg/kg</p>
        <p><b>Potassium (K):</b> 31.0 mg/kg</p>
        <p><b>Organic Carbon (OC):</b> 0.15 %</p>
        <p><b>Coordinates:</b> 14.392788°N, 80.056896°E</p>
      ]]></description>
      <Point>
        <coordinates>80.056896,14.392788,0</coordinates>
      </Point>
    </Placemark>
    <Placemark>
      <name>Point_916</name>
      <styleUrl>#soil_point</styleUrl>
      <TimeSpan>
        <begin>2025-01-01</begin>
        <end>2026-12-30</end>
      </TimeSpan>
      <description><![CDATA[
        <h3>Soil Health Card Record</h3>
        <p><b>Point ID:</b> Point_916</p>
        <p><b>Validity Period:</b> 2025-01-01 to 2026-12-30</p>
        <p><b>Nitrogen (N):</b> 63.0 kg/ha</p>
        <p><b>Phosphorus (P):</b> 21.5 mg/kg</p>
        <p><b>Potassium (K):</b> 12.0 mg/kg</p>
        <p><b>Organic Carbon (OC):</b> 0.45 %</p>
        <p><b>Coordinates:</b> 14.399818°N, 80.054014°E</p>
      ]]></description>
      <Point>
        <coordinates>80.054014,14.399818,0</coordinates>
      </Point>
    </Placemark>
    <Placemark>
      <name>Point_917</name>
      <styleUrl>#soil_point</styleUrl>
      <TimeSpan>
        <begin>2025-01-01</begin>
        <end>2026-12-30</end>
      </TimeSpan>
      <description><![CDATA[
        <h3>Soil Health Card Record</h3>
        <p><b>Point ID:</b> Point_917</p>
        <p><b>Validity Period:</b> 2025-01-01 to 2026-12-30</p>
        <p><b>Nitrogen (N):</b> 63.0 kg/ha</p>
        <p><b>Phosphorus (P):</b> 21.5 mg/kg</p>
        <p><b>Potassium (K):</b> 12.0 mg/kg</p>
        <p><b>Organic Carbon (OC):</b> 0.45 %</p>
        <p><b>Coordinates:</b> 14.399759°N, 80.054582°E</p>
      ]]></description>
      <Point>
        <coordinates>80.054582,14.399759,0</coordinates>
      </Point>
    </Placemark>
    <Placemark>
      <name>Point_918</name>
      <styleUrl>#soil_point</styleUrl>
      <TimeSpan>
        <begin>2025-01-01</begin>
        <end>2026-12-30</end>
      </TimeSpan>
      <description><![CDATA[
        <h3>Soil Health Card Record</h3>
        <p><b>Point ID:</b> Point_918</p>
        <p><b>Validity Period:</b> 2025-01-01 to 2026-12-30</p>
        <p><b>Nitrogen (N):</b> 13.0 kg/ha</p>
        <p><b>Phosphorus (P):</b> 48.38 mg/kg</p>
        <p><b>Potassium (K):</b> 119.4 mg/kg</p>
        <p><b>Organic Carbon (OC):</b> 0.19 %</p>
        <p><b>Coordinates:</b> 15.105856°N, 79.804810°E</p>
      ]]></description>
      <Point>
        <coordinates>79.80481,15.105856,0</coordinates>
      </Point>
    </Placemark>
    <Placemark>
      <name>Point_919</name>
      <styleUrl>#soil_point</styleUrl>
      <TimeSpan>
        <begin>2025-01-01</begin>
        <end>2026-12-30</end>
      </TimeSpan>
      <description><![CDATA[
        <h3>Soil Health Card Record</h3>
        <p><b>Point ID:</b> Point_919</p>
        <p><b>Validity Period:</b> 2025-01-01 to 2026-12-30</p>
        <p><b>Nitrogen (N):</b> 151.0 kg/ha</p>
        <p><b>Phosphorus (P):</b> 31.5 mg/kg</p>
        <p><b>Potassium (K):</b> 147.5 mg/kg</p>
        <p><b>Organic Carbon (OC):</b> 0.25 %</p>
        <p><b>Coordinates:</b> 15.106715°N, 79.802074°E</p>
      ]]></description>
      <Point>
        <coordinates>79.802074,15.106715,0</coordinates>
      </Point>
    </Placemark>
    <Placemark>
      <name>Point_920</name>
      <styleUrl>#soil_point</styleUrl>
      <TimeSpan>
        <begin>2025-01-01</begin>
        <end>2026-12-30</end>
      </TimeSpan>
      <description><![CDATA[
        <h3>Soil Health Card Record</h3>
        <p><b>Point ID:</b> Point_920</p>
        <p><b>Validity Period:</b> 2025-01-01 to 2026-12-30</p>
        <p><b>Nitrogen (N):</b> 63.0 kg/ha</p>
        <p><b>Phosphorus (P):</b> 6.9 mg/kg</p>
        <p><b>Potassium (K):</b> 295.0 mg/kg</p>
        <p><b>Organic Carbon (OC):</b> 0.37 %</p>
        <p><b>Coordinates:</b> 15.106614°N, 79.799653°E</p>
      ]]></description>
      <Point>
        <coordinates>79.799653,15.106614,0</coordinates>
      </Point>
    </Placemark>
    <Placemark>
      <name>Point_921</name>
      <styleUrl>#soil_point</styleUrl>
      <TimeSpan>
        <begin>2025-01-01</begin>
        <end>2026-12-30</end>
      </TimeSpan>
      <description><![CDATA[
        <h3>Soil Health Card Record</h3>
        <p><b>Point ID:</b> Point_921</p>
        <p><b>Validity Period:</b> 2025-01-01 to 2026-12-30</p>
        <p><b>Nitrogen (N):</b> 63.0 kg/ha</p>
        <p><b>Phosphorus (P):</b> 37.6 mg/kg</p>
        <p><b>Potassium (K):</b> 203.7 mg/kg</p>
        <p><b>Organic Carbon (OC):</b> 0.39 %</p>
        <p><b>Coordinates:</b> 15.105496°N, 79.790494°E</p>
      ]]></description>
      <Point>
        <coordinates>79.790494,15.105496,0</coordinates>
      </Point>
    </Placemark>
    <Placemark>
      <name>Point_922</name>
      <styleUrl>#soil_point</styleUrl>
      <TimeSpan>
        <begin>2025-01-01</begin>
        <end>2026-12-30</end>
      </TimeSpan>
      <description><![CDATA[
        <h3>Soil Health Card Record</h3>
        <p><b>Point ID:</b> Point_922</p>
        <p><b>Validity Period:</b> 2025-01-01 to 2026-12-30</p>
        <p><b>Nitrogen (N):</b> 100.0 kg/ha</p>
        <p><b>Phosphorus (P):</b> 30.7 mg/kg</p>
        <p><b>Potassium (K):</b> 470.6 mg/kg</p>
        <p><b>Organic Carbon (OC):</b> 0.32 %</p>
        <p><b>Coordinates:</b> 15.110272°N, 79.799021°E</p>
      ]]></description>
      <Point>
        <coordinates>79.799021,15.110272,0</coordinates>
      </Point>
    </Placemark>
    <Placemark>
      <name>Point_923</name>
      <styleUrl>#soil_point</styleUrl>
      <TimeSpan>
        <begin>2025-01-01</begin>
        <end>2026-12-30</end>
      </TimeSpan>
      <description><![CDATA[
        <h3>Soil Health Card Record</h3>
        <p><b>Point ID:</b> Point_923</p>
        <p><b>Validity Period:</b> 2025-01-01 to 2026-12-30</p>
        <p><b>Nitrogen (N):</b> 113.0 kg/ha</p>
        <p><b>Phosphorus (P):</b> 129.8 mg/kg</p>
        <p><b>Potassium (K):</b> 133.4 mg/kg</p>
        <p><b>Organic Carbon (OC):</b> 0.38 %</p>
        <p><b>Coordinates:</b> 15.109005°N, 79.797442°E</p>
      ]]></description>
      <Point>
        <coordinates>79.797442,15.109005,0</coordinates>
      </Point>
    </Placemark>
    <Placemark>
      <name>Point_924</name>
      <styleUrl>#soil_point</styleUrl>
      <TimeSpan>
        <begin>2025-01-01</begin>
        <end>2026-12-30</end>
      </TimeSpan>
      <description><![CDATA[
        <h3>Soil Health Card Record</h3>
        <p><b>Point ID:</b> Point_924</p>
        <p><b>Validity Period:</b> 2025-01-01 to 2026-12-30</p>
        <p><b>Nitrogen (N):</b> 176.0 kg/ha</p>
        <p><b>Phosphorus (P):</b> 63.7 mg/kg</p>
        <p><b>Potassium (K):</b> 119.4 mg/kg</p>
        <p><b>Organic Carbon (OC):</b> 0.17 %</p>
        <p><b>Coordinates:</b> 15.109717°N, 79.788493°E</p>
      ]]></description>
      <Point>
        <coordinates>79.788493,15.109717,0</coordinates>
      </Point>
    </Placemark>
    <Placemark>
      <name>Point_925</name>
      <styleUrl>#soil_point</styleUrl>
      <TimeSpan>
        <begin>2025-01-01</begin>
        <end>2026-12-30</end>
      </TimeSpan>
      <description><![CDATA[
        <h3>Soil Health Card Record</h3>
        <p><b>Point ID:</b> Point_925</p>
        <p><b>Validity Period:</b> 2025-01-01 to 2026-12-30</p>
        <p><b>Nitrogen (N):</b> 13.0 kg/ha</p>
        <p><b>Phosphorus (P):</b> 26.9 mg/kg</p>
        <p><b>Potassium (K):</b> 161.5 mg/kg</p>
        <p><b>Organic Carbon (OC):</b> 0.38 %</p>
        <p><b>Coordinates:</b> 15.114391°N, 79.775228°E</p>
      ]]></description>
      <Point>
        <coordinates>79.775228,15.114391,0</coordinates>
      </Point>
    </Placemark>
    <Placemark>
      <name>Point_926</name>
      <styleUrl>#soil_point</styleUrl>
      <TimeSpan>
        <begin>2025-01-01</begin>
        <end>2026-12-30</end>
      </TimeSpan>
      <description><![CDATA[
        <h3>Soil Health Card Record</h3>
        <p><b>Point ID:</b> Point_926</p>
        <p><b>Validity Period:</b> 2025-01-01 to 2026-12-30</p>
        <p><b>Nitrogen (N):</b> 38.0 kg/ha</p>
        <p><b>Phosphorus (P):</b> 38.4 mg/kg</p>
        <p><b>Potassium (K):</b> 84.3 mg/kg</p>
        <p><b>Organic Carbon (OC):</b> 0.16 %</p>
        <p><b>Coordinates:</b> 15.084900°N, 79.788388°E</p>
      ]]></description>
      <Point>
        <coordinates>79.788388,15.0849,0</coordinates>
      </Point>
    </Placemark>
    <Placemark>
      <name>Point_927</name>
      <styleUrl>#soil_point</styleUrl>
      <TimeSpan>
        <begin>2025-01-01</begin>
        <end>2026-12-30</end>
      </TimeSpan>
      <description><![CDATA[
        <h3>Soil Health Card Record</h3>
        <p><b>Point ID:</b> Point_927</p>
        <p><b>Validity Period:</b> 2025-01-01 to 2026-12-30</p>
        <p><b>Nitrogen (N):</b> 125.0 kg/ha</p>
        <p><b>Phosphorus (P):</b> 46.08 mg/kg</p>
        <p><b>Potassium (K):</b> 384.9 mg/kg</p>
        <p><b>Organic Carbon (OC):</b> 0.25 %</p>
        <p><b>Coordinates:</b> 14.132998°N, 79.675209°E</p>
      ]]></description>
      <Point>
        <coordinates>79.675209,14.132998,0</coordinates>
      </Point>
    </Placemark>
    <Placemark>
      <name>Point_928</name>
      <styleUrl>#soil_point</styleUrl>
      <TimeSpan>
        <begin>2025-01-01</begin>
        <end>2026-12-30</end>
      </TimeSpan>
      <description><![CDATA[
        <h3>Soil Health Card Record</h3>
        <p><b>Point ID:</b> Point_928</p>
        <p><b>Validity Period:</b> 2025-01-01 to 2026-12-30</p>
        <p><b>Nitrogen (N):</b> 125.0 kg/ha</p>
        <p><b>Phosphorus (P):</b> 46.08 mg/kg</p>
        <p><b>Potassium (K):</b> 384.9 mg/kg</p>
        <p><b>Organic Carbon (OC):</b> 0.25 %</p>
        <p><b>Coordinates:</b> 14.132485°N, 79.674184°E</p>
      ]]></description>
      <Point>
        <coordinates>79.674184,14.132485,0</coordinates>
      </Point>
    </Placemark>
    <Placemark>
      <name>Point_929</name>
      <styleUrl>#soil_point</styleUrl>
      <TimeSpan>
        <begin>2025-01-01</begin>
        <end>2026-12-30</end>
      </TimeSpan>
      <description><![CDATA[
        <h3>Soil Health Card Record</h3>
        <p><b>Point ID:</b> Point_929</p>
        <p><b>Validity Period:</b> 2025-01-01 to 2026-12-30</p>
        <p><b>Nitrogen (N):</b> 201.0 kg/ha</p>
        <p><b>Phosphorus (P):</b> 26.9 mg/kg</p>
        <p><b>Potassium (K):</b> 223.5 mg/kg</p>
        <p><b>Organic Carbon (OC):</b> 0.31 %</p>
        <p><b>Coordinates:</b> 14.128248°N, 79.674913°E</p>
      ]]></description>
      <Point>
        <coordinates>79.674913,14.128248,0</coordinates>
      </Point>
    </Placemark>
    <Placemark>
      <name>Point_930</name>
      <styleUrl>#soil_point</styleUrl>
      <TimeSpan>
        <begin>2025-01-01</begin>
        <end>2026-12-30</end>
      </TimeSpan>
      <description><![CDATA[
        <h3>Soil Health Card Record</h3>
        <p><b>Point ID:</b> Point_930</p>
        <p><b>Validity Period:</b> 2025-01-01 to 2026-12-30</p>
        <p><b>Nitrogen (N):</b> 201.0 kg/ha</p>
        <p><b>Phosphorus (P):</b> 26.9 mg/kg</p>
        <p><b>Potassium (K):</b> 223.5 mg/kg</p>
        <p><b>Organic Carbon (OC):</b> 0.31 %</p>
        <p><b>Coordinates:</b> 14.127690°N, 79.674867°E</p>
      ]]></description>
      <Point>
        <coordinates>79.674867,14.12769,0</coordinates>
      </Point>
    </Placemark>
    <Placemark>
      <name>Point_931</name>
      <styleUrl>#soil_point</styleUrl>
      <TimeSpan>
        <begin>2025-01-01</begin>
        <end>2026-12-30</end>
      </TimeSpan>
      <description><![CDATA[
        <h3>Soil Health Card Record</h3>
        <p><b>Point ID:</b> Point_931</p>
        <p><b>Validity Period:</b> 2025-01-01 to 2026-12-30</p>
        <p><b>Nitrogen (N):</b> 113.0 kg/ha</p>
        <p><b>Phosphorus (P):</b> 79.1 mg/kg</p>
        <p><b>Potassium (K):</b> 589.7 mg/kg</p>
        <p><b>Organic Carbon (OC):</b> 0.18 %</p>
        <p><b>Coordinates:</b> 14.127094°N, 79.672796°E</p>
      ]]></description>
      <Point>
        <coordinates>79.672796,14.127094,0</coordinates>
      </Point>
    </Placemark>
    <Placemark>
      <name>Point_932</name>
      <styleUrl>#soil_point</styleUrl>
      <TimeSpan>
        <begin>2025-01-01</begin>
        <end>2026-12-30</end>
      </TimeSpan>
      <description><![CDATA[
        <h3>Soil Health Card Record</h3>
        <p><b>Point ID:</b> Point_932</p>
        <p><b>Validity Period:</b> 2025-01-01 to 2026-12-30</p>
        <p><b>Nitrogen (N):</b> 113.0 kg/ha</p>
        <p><b>Phosphorus (P):</b> 79.1 mg/kg</p>
        <p><b>Potassium (K):</b> 589.7 mg/kg</p>
        <p><b>Organic Carbon (OC):</b> 0.18 %</p>
        <p><b>Coordinates:</b> 14.126829°N, 79.673501°E</p>
      ]]></description>
      <Point>
        <coordinates>79.673501,14.126829,0</coordinates>
      </Point>
    </Placemark>
    <Placemark>
      <name>Point_933</name>
      <styleUrl>#soil_point</styleUrl>
      <TimeSpan>
        <begin>2025-01-01</begin>
        <end>2026-12-30</end>
      </TimeSpan>
      <description><![CDATA[
        <h3>Soil Health Card Record</h3>
        <p><b>Point ID:</b> Point_933</p>
        <p><b>Validity Period:</b> 2025-01-01 to 2026-12-30</p>
        <p><b>Nitrogen (N):</b> 50.0 kg/ha</p>
        <p><b>Phosphorus (P):</b> 75.3 mg/kg</p>
        <p><b>Potassium (K):</b> 397.3 mg/kg</p>
        <p><b>Organic Carbon (OC):</b> 0.25 %</p>
        <p><b>Coordinates:</b> 14.125196°N, 79.669676°E</p>
      ]]></description>
      <Point>
        <coordinates>79.669676,14.125196,0</coordinates>
      </Point>
    </Placemark>
    <Placemark>
      <name>Point_934</name>
      <styleUrl>#soil_point</styleUrl>
      <TimeSpan>
        <begin>2025-01-01</begin>
        <end>2026-12-30</end>
      </TimeSpan>
      <description><![CDATA[
        <h3>Soil Health Card Record</h3>
        <p><b>Point ID:</b> Point_934</p>
        <p><b>Validity Period:</b> 2025-01-01 to 2026-12-30</p>
        <p><b>Nitrogen (N):</b> 113.0 kg/ha</p>
        <p><b>Phosphorus (P):</b> 23.8 mg/kg</p>
        <p><b>Potassium (K):</b> 463.5 mg/kg</p>
        <p><b>Organic Carbon (OC):</b> 0.33 %</p>
        <p><b>Coordinates:</b> 14.124534°N, 79.672067°E</p>
      ]]></description>
      <Point>
        <coordinates>79.672067,14.124534,0</coordinates>
      </Point>
    </Placemark>
    <Placemark>
      <name>Point_935</name>
      <styleUrl>#soil_point</styleUrl>
      <TimeSpan>
        <begin>2025-01-01</begin>
        <end>2026-12-30</end>
      </TimeSpan>
      <description><![CDATA[
        <h3>Soil Health Card Record</h3>
        <p><b>Point ID:</b> Point_935</p>
        <p><b>Validity Period:</b> 2025-01-01 to 2026-12-30</p>
        <p><b>Nitrogen (N):</b> 138.0 kg/ha</p>
        <p><b>Phosphorus (P):</b> 55.3 mg/kg</p>
        <p><b>Potassium (K):</b> 403.5 mg/kg</p>
        <p><b>Organic Carbon (OC):</b> 0.1 %</p>
        <p><b>Coordinates:</b> 14.124579°N, 79.681561°E</p>
      ]]></description>
      <Point>
        <coordinates>79.681561,14.124579,0</coordinates>
      </Point>
    </Placemark>
    <Placemark>
      <name>Point_936</name>
      <styleUrl>#soil_point</styleUrl>
      <TimeSpan>
        <begin>2025-01-01</begin>
        <end>2026-12-30</end>
      </TimeSpan>
      <description><![CDATA[
        <h3>Soil Health Card Record</h3>
        <p><b>Point ID:</b> Point_936</p>
        <p><b>Validity Period:</b> 2025-01-01 to 2026-12-30</p>
        <p><b>Nitrogen (N):</b> 138.0 kg/ha</p>
        <p><b>Phosphorus (P):</b> 55.3 mg/kg</p>
        <p><b>Potassium (K):</b> 403.5 mg/kg</p>
        <p><b>Organic Carbon (OC):</b> 0.1 %</p>
        <p><b>Coordinates:</b> 14.124512°N, 79.681811°E</p>
      ]]></description>
      <Point>
        <coordinates>79.681811,14.124512,0</coordinates>
      </Point>
    </Placemark>
    <Placemark>
      <name>Point_937</name>
      <styleUrl>#soil_point</styleUrl>
      <TimeSpan>
        <begin>2025-01-01</begin>
        <end>2026-12-30</end>
      </TimeSpan>
      <description><![CDATA[
        <h3>Soil Health Card Record</h3>
        <p><b>Point ID:</b> Point_937</p>
        <p><b>Validity Period:</b> 2025-01-01 to 2026-12-30</p>
        <p><b>Nitrogen (N):</b> 63.0 kg/ha</p>
        <p><b>Phosphorus (P):</b> 75.3 mg/kg</p>
        <p><b>Potassium (K):</b> 182.6 mg/kg</p>
        <p><b>Organic Carbon (OC):</b> 0.21 %</p>
        <p><b>Coordinates:</b> 15.112367°N, 79.707937°E</p>
      ]]></description>
      <Point>
        <coordinates>79.707937,15.112367,0</coordinates>
      </Point>
    </Placemark>
    <Placemark>
      <name>Point_938</name>
      <styleUrl>#soil_point</styleUrl>
      <TimeSpan>
        <begin>2025-01-01</begin>
        <end>2026-12-30</end>
      </TimeSpan>
      <description><![CDATA[
        <h3>Soil Health Card Record</h3>
        <p><b>Point ID:</b> Point_938</p>
        <p><b>Validity Period:</b> 2025-01-01 to 2026-12-30</p>
        <p><b>Nitrogen (N):</b> 213.0 kg/ha</p>
        <p><b>Phosphorus (P):</b> 24.6 mg/kg</p>
        <p><b>Potassium (K):</b> 147.5 mg/kg</p>
        <p><b>Organic Carbon (OC):</b> 0.38 %</p>
        <p><b>Coordinates:</b> 15.114702°N, 79.700550°E</p>
      ]]></description>
      <Point>
        <coordinates>79.70055,15.114702,0</coordinates>
      </Point>
    </Placemark>
    <Placemark>
      <name>Point_939</name>
      <styleUrl>#soil_point</styleUrl>
      <TimeSpan>
        <begin>2025-01-01</begin>
        <end>2026-12-30</end>
      </TimeSpan>
      <description><![CDATA[
        <h3>Soil Health Card Record</h3>
        <p><b>Point ID:</b> Point_939</p>
        <p><b>Validity Period:</b> 2025-01-01 to 2026-12-30</p>
        <p><b>Nitrogen (N):</b> 13.0 kg/ha</p>
        <p><b>Phosphorus (P):</b> 6.1 mg/kg</p>
        <p><b>Potassium (K):</b> 161.0 mg/kg</p>
        <p><b>Organic Carbon (OC):</b> 0.45 %</p>
        <p><b>Coordinates:</b> 14.865904°N, 79.580472°E</p>
      ]]></description>
      <Point>
        <coordinates>79.580472,14.865904,0</coordinates>
      </Point>
    </Placemark>
    <Placemark>
      <name>Point_940</name>
      <styleUrl>#soil_point</styleUrl>
      <TimeSpan>
        <begin>2025-01-01</begin>
        <end>2026-12-30</end>
      </TimeSpan>
      <description><![CDATA[
        <h3>Soil Health Card Record</h3>
        <p><b>Point ID:</b> Point_940</p>
        <p><b>Validity Period:</b> 2025-01-01 to 2026-12-30</p>
        <p><b>Nitrogen (N):</b> 75.0 kg/ha</p>
        <p><b>Phosphorus (P):</b> 1.5 mg/kg</p>
        <p><b>Potassium (K):</b> 62.0 mg/kg</p>
        <p><b>Organic Carbon (OC):</b> 0.44 %</p>
        <p><b>Coordinates:</b> 14.864243°N, 79.579885°E</p>
      ]]></description>
      <Point>
        <coordinates>79.579885,14.864243,0</coordinates>
      </Point>
    </Placemark>
    <Placemark>
      <name>Point_941</name>
      <styleUrl>#soil_point</styleUrl>
      <TimeSpan>
        <begin>2025-01-01</begin>
        <end>2026-12-30</end>
      </TimeSpan>
      <description><![CDATA[
        <h3>Soil Health Card Record</h3>
        <p><b>Point ID:</b> Point_941</p>
        <p><b>Validity Period:</b> 2025-01-01 to 2026-12-30</p>
        <p><b>Nitrogen (N):</b> 63.0 kg/ha</p>
        <p><b>Phosphorus (P):</b> 13.8 mg/kg</p>
        <p><b>Potassium (K):</b> 199.0 mg/kg</p>
        <p><b>Organic Carbon (OC):</b> 0.09 %</p>
        <p><b>Coordinates:</b> 14.864338°N, 79.577831°E</p>
      ]]></description>
      <Point>
        <coordinates>79.577831,14.864338,0</coordinates>
      </Point>
    </Placemark>
    <Placemark>
      <name>Point_942</name>
      <styleUrl>#soil_point</styleUrl>
      <TimeSpan>
        <begin>2025-01-01</begin>
        <end>2026-12-30</end>
      </TimeSpan>
      <description><![CDATA[
        <h3>Soil Health Card Record</h3>
        <p><b>Point ID:</b> Point_942</p>
        <p><b>Validity Period:</b> 2025-01-01 to 2026-12-30</p>
        <p><b>Nitrogen (N):</b> 151.0 kg/ha</p>
        <p><b>Phosphorus (P):</b> 9.2 mg/kg</p>
        <p><b>Potassium (K):</b> 111.7 mg/kg</p>
        <p><b>Organic Carbon (OC):</b> 0.3 %</p>
        <p><b>Coordinates:</b> 14.864054°N, 79.576559°E</p>
      ]]></description>
      <Point>
        <coordinates>79.576559,14.864054,0</coordinates>
      </Point>
    </Placemark>
    <Placemark>
      <name>Point_943</name>
      <styleUrl>#soil_point</styleUrl>
      <TimeSpan>
        <begin>2025-01-01</begin>
        <end>2026-12-30</end>
      </TimeSpan>
      <description><![CDATA[
        <h3>Soil Health Card Record</h3>
        <p><b>Point ID:</b> Point_943</p>
        <p><b>Validity Period:</b> 2025-01-01 to 2026-12-30</p>
        <p><b>Nitrogen (N):</b> 88.0 kg/ha</p>
        <p><b>Phosphorus (P):</b> 16.9 mg/kg</p>
        <p><b>Potassium (K):</b> 192.4 mg/kg</p>
        <p><b>Organic Carbon (OC):</b> 0.26 %</p>
        <p><b>Coordinates:</b> 14.863865°N, 79.574798°E</p>
      ]]></description>
      <Point>
        <coordinates>79.574798,14.863865,0</coordinates>
      </Point>
    </Placemark>
    <Placemark>
      <name>Point_944</name>
      <styleUrl>#soil_point</styleUrl>
      <TimeSpan>
        <begin>2025-01-01</begin>
        <end>2026-12-30</end>
      </TimeSpan>
      <description><![CDATA[
        <h3>Soil Health Card Record</h3>
        <p><b>Point ID:</b> Point_944</p>
        <p><b>Validity Period:</b> 2025-01-01 to 2026-12-30</p>
        <p><b>Nitrogen (N):</b> 100.0 kg/ha</p>
        <p><b>Phosphorus (P):</b> 7.7 mg/kg</p>
        <p><b>Potassium (K):</b> 142.8 mg/kg</p>
        <p><b>Organic Carbon (OC):</b> 0.23 %</p>
        <p><b>Coordinates:</b> 14.863582°N, 79.572939°E</p>
      ]]></description>
      <Point>
        <coordinates>79.572939,14.863582,0</coordinates>
      </Point>
    </Placemark>
    <Placemark>
      <name>Point_945</name>
      <styleUrl>#soil_point</styleUrl>
      <TimeSpan>
        <begin>2025-01-01</begin>
        <end>2026-12-30</end>
      </TimeSpan>
      <description><![CDATA[
        <h3>Soil Health Card Record</h3>
        <p><b>Point ID:</b> Point_945</p>
        <p><b>Validity Period:</b> 2025-01-01 to 2026-12-30</p>
        <p><b>Nitrogen (N):</b> 100.0 kg/ha</p>
        <p><b>Phosphorus (P):</b> 7.7 mg/kg</p>
        <p><b>Potassium (K):</b> 142.8 mg/kg</p>
        <p><b>Organic Carbon (OC):</b> 0.23 %</p>
        <p><b>Coordinates:</b> 14.863109°N, 79.572156°E</p>
      ]]></description>
      <Point>
        <coordinates>79.572156,14.863109,0</coordinates>
      </Point>
    </Placemark>
    <Placemark>
      <name>Point_946</name>
      <styleUrl>#soil_point</styleUrl>
      <TimeSpan>
        <begin>2025-01-01</begin>
        <end>2026-12-30</end>
      </TimeSpan>
      <description><![CDATA[
        <h3>Soil Health Card Record</h3>
        <p><b>Point ID:</b> Point_946</p>
        <p><b>Validity Period:</b> 2025-01-01 to 2026-12-30</p>
        <p><b>Nitrogen (N):</b> 113.0 kg/ha</p>
        <p><b>Phosphorus (P):</b> 3.8 mg/kg</p>
        <p><b>Potassium (K):</b> 24.8 mg/kg</p>
        <p><b>Organic Carbon (OC):</b> 0.21 %</p>
        <p><b>Coordinates:</b> 14.862069°N, 79.571863°E</p>
      ]]></description>
      <Point>
        <coordinates>79.571863,14.862069,0</coordinates>
      </Point>
    </Placemark>
    <Placemark>
      <name>Point_947</name>
      <styleUrl>#soil_point</styleUrl>
      <TimeSpan>
        <begin>2025-01-01</begin>
        <end>2026-12-30</end>
      </TimeSpan>
      <description><![CDATA[
        <h3>Soil Health Card Record</h3>
        <p><b>Point ID:</b> Point_947</p>
        <p><b>Validity Period:</b> 2025-01-01 to 2026-12-30</p>
        <p><b>Nitrogen (N):</b> 100.0 kg/ha</p>
        <p><b>Phosphorus (P):</b> 7.7 mg/kg</p>
        <p><b>Potassium (K):</b> 242.0 mg/kg</p>
        <p><b>Organic Carbon (OC):</b> 0.16 %</p>
        <p><b>Coordinates:</b> 14.861029°N, 79.572352°E</p>
      ]]></description>
      <Point>
        <coordinates>79.572352,14.861029,0</coordinates>
      </Point>
    </Placemark>
    <Placemark>
      <name>Point_948</name>
      <styleUrl>#soil_point</styleUrl>
      <TimeSpan>
        <begin>2025-01-01</begin>
        <end>2026-12-30</end>
      </TimeSpan>
      <description><![CDATA[
        <h3>Soil Health Card Record</h3>
        <p><b>Point ID:</b> Point_948</p>
        <p><b>Validity Period:</b> 2025-01-01 to 2026-12-30</p>
        <p><b>Nitrogen (N):</b> 100.0 kg/ha</p>
        <p><b>Phosphorus (P):</b> 7.7 mg/kg</p>
        <p><b>Potassium (K):</b> 242.0 mg/kg</p>
        <p><b>Organic Carbon (OC):</b> 0.16 %</p>
        <p><b>Coordinates:</b> 14.860934°N, 79.573917°E</p>
      ]]></description>
      <Point>
        <coordinates>79.573917,14.860934,0</coordinates>
      </Point>
    </Placemark>
    <Placemark>
      <name>Point_949</name>
      <styleUrl>#soil_point</styleUrl>
      <TimeSpan>
        <begin>2025-01-01</begin>
        <end>2026-12-30</end>
      </TimeSpan>
      <description><![CDATA[
        <h3>Soil Health Card Record</h3>
        <p><b>Point ID:</b> Point_949</p>
        <p><b>Validity Period:</b> 2025-01-01 to 2026-12-30</p>
        <p><b>Nitrogen (N):</b> 100.0 kg/ha</p>
        <p><b>Phosphorus (P):</b> 7.7 mg/kg</p>
        <p><b>Potassium (K):</b> 242.0 mg/kg</p>
        <p><b>Organic Carbon (OC):</b> 0.16 %</p>
        <p><b>Coordinates:</b> 14.860178°N, 79.572645°E</p>
      ]]></description>
      <Point>
        <coordinates>79.572645,14.860178,0</coordinates>
      </Point>
    </Placemark>
    <Placemark>
      <name>Point_950</name>
      <styleUrl>#soil_point</styleUrl>
      <TimeSpan>
        <begin>2025-01-01</begin>
        <end>2026-12-30</end>
      </TimeSpan>
      <description><![CDATA[
        <h3>Soil Health Card Record</h3>
        <p><b>Point ID:</b> Point_950</p>
        <p><b>Validity Period:</b> 2025-01-01 to 2026-12-30</p>
        <p><b>Nitrogen (N):</b> 38.0 kg/ha</p>
        <p><b>Phosphorus (P):</b> 19.2 mg/kg</p>
        <p><b>Potassium (K):</b> 621.0 mg/kg</p>
        <p><b>Organic Carbon (OC):</b> 0.21 %</p>
        <p><b>Coordinates:</b> 14.859421°N, 79.574798°E</p>
      ]]></description>
      <Point>
        <coordinates>79.574798,14.859421,0</coordinates>
      </Point>
    </Placemark>
    <Placemark>
      <name>Point_951</name>
      <styleUrl>#soil_point</styleUrl>
      <TimeSpan>
        <begin>2025-01-01</begin>
        <end>2026-12-30</end>
      </TimeSpan>
      <description><![CDATA[
        <h3>Soil Health Card Record</h3>
        <p><b>Point ID:</b> Point_951</p>
        <p><b>Validity Period:</b> 2025-01-01 to 2026-12-30</p>
        <p><b>Nitrogen (N):</b> 50.0 kg/ha</p>
        <p><b>Phosphorus (P):</b> 2.3 mg/kg</p>
        <p><b>Potassium (K):</b> 254.0 mg/kg</p>
        <p><b>Organic Carbon (OC):</b> 0.05 %</p>
        <p><b>Coordinates:</b> 14.858571°N, 79.576755°E</p>
      ]]></description>
      <Point>
        <coordinates>79.576755,14.858571,0</coordinates>
      </Point>
    </Placemark>
    <Placemark>
      <name>Point_952</name>
      <styleUrl>#soil_point</styleUrl>
      <TimeSpan>
        <begin>2025-01-01</begin>
        <end>2026-12-30</end>
      </TimeSpan>
      <description><![CDATA[
        <h3>Soil Health Card Record</h3>
        <p><b>Point ID:</b> Point_952</p>
        <p><b>Validity Period:</b> 2025-01-01 to 2026-12-30</p>
        <p><b>Nitrogen (N):</b> 50.0 kg/ha</p>
        <p><b>Phosphorus (P):</b> 2.3 mg/kg</p>
        <p><b>Potassium (K):</b> 254.0 mg/kg</p>
        <p><b>Organic Carbon (OC):</b> 0.05 %</p>
        <p><b>Coordinates:</b> 14.858571°N, 79.577342°E</p>
      ]]></description>
      <Point>
        <coordinates>79.577342,14.858571,0</coordinates>
      </Point>
    </Placemark>
    <Placemark>
      <name>Point_953</name>
      <styleUrl>#soil_point</styleUrl>
      <TimeSpan>
        <begin>2025-01-01</begin>
        <end>2026-12-30</end>
      </TimeSpan>
      <description><![CDATA[
        <h3>Soil Health Card Record</h3>
        <p><b>Point ID:</b> Point_953</p>
        <p><b>Validity Period:</b> 2025-01-01 to 2026-12-30</p>
        <p><b>Nitrogen (N):</b> 151.0 kg/ha</p>
        <p><b>Phosphorus (P):</b> 16.1 mg/kg</p>
        <p><b>Potassium (K):</b> 80.7 mg/kg</p>
        <p><b>Organic Carbon (OC):</b> 0.21 %</p>
        <p><b>Coordinates:</b> 14.857530°N, 79.576265°E</p>
      ]]></description>
      <Point>
        <coordinates>79.576265,14.85753,0</coordinates>
      </Point>
    </Placemark>
    <Placemark>
      <name>Point_954</name>
      <styleUrl>#soil_point</styleUrl>
      <TimeSpan>
        <begin>2025-01-01</begin>
        <end>2026-12-30</end>
      </TimeSpan>
      <description><![CDATA[
        <h3>Soil Health Card Record</h3>
        <p><b>Point ID:</b> Point_954</p>
        <p><b>Validity Period:</b> 2025-01-01 to 2026-12-30</p>
        <p><b>Nitrogen (N):</b> 100.0 kg/ha</p>
        <p><b>Phosphorus (P):</b> 4.6 mg/kg</p>
        <p><b>Potassium (K):</b> 304.2 mg/kg</p>
        <p><b>Organic Carbon (OC):</b> 0.09 %</p>
        <p><b>Coordinates:</b> 14.857814°N, 79.579005°E</p>
      ]]></description>
      <Point>
        <coordinates>79.579005,14.857814,0</coordinates>
      </Point>
    </Placemark>
    <Placemark>
      <name>Point_955</name>
      <styleUrl>#soil_point</styleUrl>
      <TimeSpan>
        <begin>2025-01-01</begin>
        <end>2026-12-30</end>
      </TimeSpan>
      <description><![CDATA[
        <h3>Soil Health Card Record</h3>
        <p><b>Point ID:</b> Point_955</p>
        <p><b>Validity Period:</b> 2025-01-01 to 2026-12-30</p>
        <p><b>Nitrogen (N):</b> 100.0 kg/ha</p>
        <p><b>Phosphorus (P):</b> 4.6 mg/kg</p>
        <p><b>Potassium (K):</b> 304.2 mg/kg</p>
        <p><b>Organic Carbon (OC):</b> 0.09 %</p>
        <p><b>Coordinates:</b> 14.858476°N, 79.579885°E</p>
      ]]></description>
      <Point>
        <coordinates>79.579885,14.858476,0</coordinates>
      </Point>
    </Placemark>
    <Placemark>
      <name>Point_956</name>
      <styleUrl>#soil_point</styleUrl>
      <TimeSpan>
        <begin>2025-01-01</begin>
        <end>2026-12-30</end>
      </TimeSpan>
      <description><![CDATA[
        <h3>Soil Health Card Record</h3>
        <p><b>Point ID:</b> Point_956</p>
        <p><b>Validity Period:</b> 2025-01-01 to 2026-12-30</p>
        <p><b>Nitrogen (N):</b> 100.0 kg/ha</p>
        <p><b>Phosphorus (P):</b> 4.6 mg/kg</p>
        <p><b>Potassium (K):</b> 304.2 mg/kg</p>
        <p><b>Organic Carbon (OC):</b> 0.09 %</p>
        <p><b>Coordinates:</b> 14.858381°N, 79.580570°E</p>
      ]]></description>
      <Point>
        <coordinates>79.58057,14.858381,0</coordinates>
      </Point>
    </Placemark>
    <Placemark>
      <name>Point_957</name>
      <styleUrl>#soil_point</styleUrl>
      <TimeSpan>
        <begin>2025-01-01</begin>
        <end>2026-12-30</end>
      </TimeSpan>
      <description><![CDATA[
        <h3>Soil Health Card Record</h3>
        <p><b>Point ID:</b> Point_957</p>
        <p><b>Validity Period:</b> 2025-01-01 to 2026-12-30</p>
        <p><b>Nitrogen (N):</b> 100.0 kg/ha</p>
        <p><b>Phosphorus (P):</b> 6.1 mg/kg</p>
        <p><b>Potassium (K):</b> 155.2 mg/kg</p>
        <p><b>Organic Carbon (OC):</b> 0.11 %</p>
        <p><b>Coordinates:</b> 14.858003°N, 79.581744°E</p>
      ]]></description>
      <Point>
        <coordinates>79.581744,14.858003,0</coordinates>
      </Point>
    </Placemark>
    <Placemark>
      <name>Point_958</name>
      <styleUrl>#soil_point</styleUrl>
      <TimeSpan>
        <begin>2025-01-01</begin>
        <end>2026-12-30</end>
      </TimeSpan>
      <description><![CDATA[
        <h3>Soil Health Card Record</h3>
        <p><b>Point ID:</b> Point_958</p>
        <p><b>Validity Period:</b> 2025-01-01 to 2026-12-30</p>
        <p><b>Nitrogen (N):</b> 125.0 kg/ha</p>
        <p><b>Phosphorus (P):</b> 0.8 mg/kg</p>
        <p><b>Potassium (K):</b> 279.3 mg/kg</p>
        <p><b>Organic Carbon (OC):</b> 0.21 %</p>
        <p><b>Coordinates:</b> 14.861218°N, 79.582038°E</p>
      ]]></description>
      <Point>
        <coordinates>79.582038,14.861218,0</coordinates>
      </Point>
    </Placemark>
    <Placemark>
      <name>Point_959</name>
      <styleUrl>#soil_point</styleUrl>
      <TimeSpan>
        <begin>2025-01-01</begin>
        <end>2026-12-30</end>
      </TimeSpan>
      <description><![CDATA[
        <h3>Soil Health Card Record</h3>
        <p><b>Point ID:</b> Point_959</p>
        <p><b>Validity Period:</b> 2025-01-01 to 2026-12-30</p>
        <p><b>Nitrogen (N):</b> 25.0 kg/ha</p>
        <p><b>Phosphorus (P):</b> 5.4 mg/kg</p>
        <p><b>Potassium (K):</b> 99.3 mg/kg</p>
        <p><b>Organic Carbon (OC):</b> 0.25 %</p>
        <p><b>Coordinates:</b> 14.858760°N, 79.582821°E</p>
      ]]></description>
      <Point>
        <coordinates>79.582821,14.85876,0</coordinates>
      </Point>
    </Placemark>
    <Placemark>
      <name>Point_960</name>
      <styleUrl>#soil_point</styleUrl>
      <TimeSpan>
        <begin>2025-01-01</begin>
        <end>2026-12-30</end>
      </TimeSpan>
      <description><![CDATA[
        <h3>Soil Health Card Record</h3>
        <p><b>Point ID:</b> Point_960</p>
        <p><b>Validity Period:</b> 2025-01-01 to 2026-12-30</p>
        <p><b>Nitrogen (N):</b> 25.0 kg/ha</p>
        <p><b>Phosphorus (P):</b> 5.4 mg/kg</p>
        <p><b>Potassium (K):</b> 99.3 mg/kg</p>
        <p><b>Organic Carbon (OC):</b> 0.25 %</p>
        <p><b>Coordinates:</b> 14.858760°N, 79.582821°E</p>
      ]]></description>
      <Point>
        <coordinates>79.582821,14.85876,0</coordinates>
      </Point>
    </Placemark>
    <Placemark>
      <name>Point_961</name>
      <styleUrl>#soil_point</styleUrl>
      <TimeSpan>
        <begin>2025-01-01</begin>
        <end>2026-12-30</end>
      </TimeSpan>
      <description><![CDATA[
        <h3>Soil Health Card Record</h3>
        <p><b>Point ID:</b> Point_961</p>
        <p><b>Validity Period:</b> 2025-01-01 to 2026-12-30</p>
        <p><b>Nitrogen (N):</b> 63.0 kg/ha</p>
        <p><b>Phosphorus (P):</b> 15.4 mg/kg</p>
        <p><b>Potassium (K):</b> 428.3 mg/kg</p>
        <p><b>Organic Carbon (OC):</b> 0.05 %</p>
        <p><b>Coordinates:</b> 14.853465°N, 79.584973°E</p>
      ]]></description>
      <Point>
        <coordinates>79.584973,14.853465,0</coordinates>
      </Point>
    </Placemark>
    <Placemark>
      <name>Point_962</name>
      <styleUrl>#soil_point</styleUrl>
      <TimeSpan>
        <begin>2025-01-01</begin>
        <end>2026-12-30</end>
      </TimeSpan>
      <description><![CDATA[
        <h3>Soil Health Card Record</h3>
        <p><b>Point ID:</b> Point_962</p>
        <p><b>Validity Period:</b> 2025-01-01 to 2026-12-30</p>
        <p><b>Nitrogen (N):</b> 50.0 kg/ha</p>
        <p><b>Phosphorus (P):</b> 34.6 mg/kg</p>
        <p><b>Potassium (K):</b> 105.5 mg/kg</p>
        <p><b>Organic Carbon (OC):</b> 0.22 %</p>
        <p><b>Coordinates:</b> 14.852046°N, 79.582821°E</p>
      ]]></description>
      <Point>
        <coordinates>79.582821,14.852046,0</coordinates>
      </Point>
    </Placemark>
    <Placemark>
      <name>Point_963</name>
      <styleUrl>#soil_point</styleUrl>
      <TimeSpan>
        <begin>2025-01-01</begin>
        <end>2026-12-30</end>
      </TimeSpan>
      <description><![CDATA[
        <h3>Soil Health Card Record</h3>
        <p><b>Point ID:</b> Point_963</p>
        <p><b>Validity Period:</b> 2025-01-01 to 2026-12-30</p>
        <p><b>Nitrogen (N):</b> 63.0 kg/ha</p>
        <p><b>Phosphorus (P):</b> 154.0 mg/kg</p>
        <p><b>Potassium (K):</b> 428.3 mg/kg</p>
        <p><b>Organic Carbon (OC):</b> 0.05 %</p>
        <p><b>Coordinates:</b> 14.851857°N, 79.585756°E</p>
      ]]></description>
      <Point>
        <coordinates>79.585756,14.851857,0</coordinates>
      </Point>
    </Placemark>
    <Placemark>
      <name>Point_964</name>
      <styleUrl>#soil_point</styleUrl>
      <TimeSpan>
        <begin>2025-01-01</begin>
        <end>2026-12-30</end>
      </TimeSpan>
      <description><![CDATA[
        <h3>Soil Health Card Record</h3>
        <p><b>Point ID:</b> Point_964</p>
        <p><b>Validity Period:</b> 2025-01-01 to 2026-12-30</p>
        <p><b>Nitrogen (N):</b> 88.0 kg/ha</p>
        <p><b>Phosphorus (P):</b> 544.0 mg/kg</p>
        <p><b>Potassium (K):</b> 347.6 mg/kg</p>
        <p><b>Organic Carbon (OC):</b> 0.27 %</p>
        <p><b>Coordinates:</b> 14.850153°N, 79.619755°E</p>
      ]]></description>
      <Point>
        <coordinates>79.619755,14.850153,0</coordinates>
      </Point>
    </Placemark>
    <Placemark>
      <name>Point_965</name>
      <styleUrl>#soil_point</styleUrl>
      <TimeSpan>
        <begin>2025-01-01</begin>
        <end>2026-12-30</end>
      </TimeSpan>
      <description><![CDATA[
        <h3>Soil Health Card Record</h3>
        <p><b>Point ID:</b> Point_965</p>
        <p><b>Validity Period:</b> 2025-01-01 to 2026-12-30</p>
        <p><b>Nitrogen (N):</b> 75.0 kg/ha</p>
        <p><b>Phosphorus (P):</b> 37.6 mg/kg</p>
        <p><b>Potassium (K):</b> 192.4 mg/kg</p>
        <p><b>Organic Carbon (OC):</b> 0.23 %</p>
        <p><b>Coordinates:</b> 14.849840°N, 79.620375°E</p>
      ]]></description>
      <Point>
        <coordinates>79.620375,14.84984,0</coordinates>
      </Point>
    </Placemark>
    <Placemark>
      <name>Point_966</name>
      <styleUrl>#soil_point</styleUrl>
      <TimeSpan>
        <begin>2025-01-01</begin>
        <end>2026-12-30</end>
      </TimeSpan>
      <description><![CDATA[
        <h3>Soil Health Card Record</h3>
        <p><b>Point ID:</b> Point_966</p>
        <p><b>Validity Period:</b> 2025-01-01 to 2026-12-30</p>
        <p><b>Nitrogen (N):</b> 75.0 kg/ha</p>
        <p><b>Phosphorus (P):</b> 37.6 mg/kg</p>
        <p><b>Potassium (K):</b> 192.4 mg/kg</p>
        <p><b>Organic Carbon (OC):</b> 0.23 %</p>
        <p><b>Coordinates:</b> 14.849580°N, 79.620240°E</p>
      ]]></description>
      <Point>
        <coordinates>79.62024,14.84958,0</coordinates>
      </Point>
    </Placemark>
    <Placemark>
      <name>Point_967</name>
      <styleUrl>#soil_point</styleUrl>
      <TimeSpan>
        <begin>2025-01-01</begin>
        <end>2026-12-30</end>
      </TimeSpan>
      <description><![CDATA[
        <h3>Soil Health Card Record</h3>
        <p><b>Point ID:</b> Point_967</p>
        <p><b>Validity Period:</b> 2025-01-01 to 2026-12-30</p>
        <p><b>Nitrogen (N):</b> 75.0 kg/ha</p>
        <p><b>Phosphorus (P):</b> 37.6 mg/kg</p>
        <p><b>Potassium (K):</b> 192.4 mg/kg</p>
        <p><b>Organic Carbon (OC):</b> 0.23 %</p>
        <p><b>Coordinates:</b> 14.849006°N, 79.619188°E</p>
      ]]></description>
      <Point>
        <coordinates>79.619188,14.849006,0</coordinates>
      </Point>
    </Placemark>
    <Placemark>
      <name>Point_968</name>
      <styleUrl>#soil_point</styleUrl>
      <TimeSpan>
        <begin>2025-01-01</begin>
        <end>2026-12-30</end>
      </TimeSpan>
      <description><![CDATA[
        <h3>Soil Health Card Record</h3>
        <p><b>Point ID:</b> Point_968</p>
        <p><b>Validity Period:</b> 2025-01-01 to 2026-12-30</p>
        <p><b>Nitrogen (N):</b> 13.0 kg/ha</p>
        <p><b>Phosphorus (P):</b> 3.8 mg/kg</p>
        <p><b>Potassium (K):</b> 217.3 mg/kg</p>
        <p><b>Organic Carbon (OC):</b> 0.2 %</p>
        <p><b>Coordinates:</b> 14.845277°N, 79.619188°E</p>
      ]]></description>
      <Point>
        <coordinates>79.619188,14.845277,0</coordinates>
      </Point>
    </Placemark>
    <Placemark>
      <name>Point_969</name>
      <styleUrl>#soil_point</styleUrl>
      <TimeSpan>
        <begin>2025-01-01</begin>
        <end>2026-12-30</end>
      </TimeSpan>
      <description><![CDATA[
        <h3>Soil Health Card Record</h3>
        <p><b>Point ID:</b> Point_969</p>
        <p><b>Validity Period:</b> 2025-01-01 to 2026-12-30</p>
        <p><b>Nitrogen (N):</b> 13.0 kg/ha</p>
        <p><b>Phosphorus (P):</b> 3.8 mg/kg</p>
        <p><b>Potassium (K):</b> 217.3 mg/kg</p>
        <p><b>Organic Carbon (OC):</b> 0.2 %</p>
        <p><b>Coordinates:</b> 14.844402°N, 79.618837°E</p>
      ]]></description>
      <Point>
        <coordinates>79.618837,14.844402,0</coordinates>
      </Point>
    </Placemark>
    <Placemark>
      <name>Point_970</name>
      <styleUrl>#soil_point</styleUrl>
      <TimeSpan>
        <begin>2025-01-01</begin>
        <end>2026-12-30</end>
      </TimeSpan>
      <description><![CDATA[
        <h3>Soil Health Card Record</h3>
        <p><b>Point ID:</b> Point_970</p>
        <p><b>Validity Period:</b> 2025-01-01 to 2026-12-30</p>
        <p><b>Nitrogen (N):</b> 100.0 kg/ha</p>
        <p><b>Phosphorus (P):</b> 23.0 mg/kg</p>
        <p><b>Potassium (K):</b> 167.6 mg/kg</p>
        <p><b>Organic Carbon (OC):</b> 0.41 %</p>
        <p><b>Coordinates:</b> 14.836419°N, 79.558784°E</p>
      ]]></description>
      <Point>
        <coordinates>79.558784,14.836419,0</coordinates>
      </Point>
    </Placemark>
    <Placemark>
      <name>Point_971</name>
      <styleUrl>#soil_point</styleUrl>
      <TimeSpan>
        <begin>2025-01-01</begin>
        <end>2026-12-30</end>
      </TimeSpan>
      <description><![CDATA[
        <h3>Soil Health Card Record</h3>
        <p><b>Point ID:</b> Point_971</p>
        <p><b>Validity Period:</b> 2025-01-01 to 2026-12-30</p>
        <p><b>Nitrogen (N):</b> 50.0 kg/ha</p>
        <p><b>Phosphorus (P):</b> 24.6 mg/kg</p>
        <p><b>Potassium (K):</b> 31.0 mg/kg</p>
        <p><b>Organic Carbon (OC):</b> 0.13 %</p>
        <p><b>Coordinates:</b> 14.836246°N, 79.561046°E</p>
      ]]></description>
      <Point>
        <coordinates>79.561046,14.836246,0</coordinates>
      </Point>
    </Placemark>
    <Placemark>
      <name>Point_972</name>
      <styleUrl>#soil_point</styleUrl>
      <TimeSpan>
        <begin>2025-01-01</begin>
        <end>2026-12-30</end>
      </TimeSpan>
      <description><![CDATA[
        <h3>Soil Health Card Record</h3>
        <p><b>Point ID:</b> Point_972</p>
        <p><b>Validity Period:</b> 2025-01-01 to 2026-12-30</p>
        <p><b>Nitrogen (N):</b> 100.0 kg/ha</p>
        <p><b>Phosphorus (P):</b> 23.8 mg/kg</p>
        <p><b>Potassium (K):</b> 130.4 mg/kg</p>
        <p><b>Organic Carbon (OC):</b> 0.21 %</p>
        <p><b>Coordinates:</b> 14.836419°N, 79.562772°E</p>
      ]]></description>
      <Point>
        <coordinates>79.562772,14.836419,0</coordinates>
      </Point>
    </Placemark>
    <Placemark>
      <name>Point_973</name>
      <styleUrl>#soil_point</styleUrl>
      <TimeSpan>
        <begin>2025-01-01</begin>
        <end>2026-12-30</end>
      </TimeSpan>
      <description><![CDATA[
        <h3>Soil Health Card Record</h3>
        <p><b>Point ID:</b> Point_973</p>
        <p><b>Validity Period:</b> 2025-01-01 to 2026-12-30</p>
        <p><b>Nitrogen (N):</b> 63.0 kg/ha</p>
        <p><b>Phosphorus (P):</b> 13.1 mg/kg</p>
        <p><b>Potassium (K):</b> 484.2 mg/kg</p>
        <p><b>Organic Carbon (OC):</b> 0.42 %</p>
        <p><b>Coordinates:</b> 14.835901°N, 79.568842°E</p>
      ]]></description>
      <Point>
        <coordinates>79.568842,14.835901,0</coordinates>
      </Point>
    </Placemark>
  </Document>
</kml>