Village,Latitude,Longitude,Feature_ID,N,P,K,OC,B1,B2,B3,B4,B5,B6,B7,B8,B8A,B9,B11,B12,NDVI,NDRE,EVI,SAVI,SWIR_Ratio,Elevation_m,Slope_deg,Aspect_deg,Hillshade,Soil_Moisture_0_7cm,Soil_Temp_0_7cm_K,LST_K,Precipitation_Mean_m,Clay_Fraction_g_kg,Silt_Fraction_g_kg,Sand_Fraction_g_kg
Vemulachedu,14.124534,79.672067,28_515_shc_2025-26.7014,113.0,23.8,463.5,0.33,0.0571999996900558,0.0764250010251998,0.1120999976992607,0.1206749975681305,0.1790666729211807,0.2765333354473114,0.3093000054359436,0.3163000047206878,0.3402999937534332,0.3305999934673309,0.3242999911308288,0.2311999946832656,0.4476800858974457,0.2770338356494903,0.3333390294085825,0.3131753888972859,1.0252923965454102,31,2,180,180,0.1995931257281387,303.5830048008969,302.8500899933932,0.0008257483556553,319,299,382
Palur,14.126984,79.674958,28_515_shc_2025-26.4697,238.0,6.9,273.1,0.34,0.05582857131958,0.0493000000715255,0.0814333334565162,0.0767000019550323,0.147499993443489,0.2548500001430511,0.2876000106334686,0.3057000041007995,0.3130249977111816,0.3111000061035156,0.2704666554927826,0.1834000051021576,0.598849356174469,0.3490732908248901,0.4100562254004167,0.3892792394166378,0.8847453594207764,33,1,226,183,0.1995931257281387,303.5830048008969,302.8500899933932,0.0008257483556553,329,287,384
Vemulachedu,14.127094,79.672796,28_515_shc_2025-26.7024,88.0,29.2,471.8,0.52,0.0671200007200241,0.0891000032424926,0.1298750042915344,0.1429333388805389,0.2079000025987625,0.2681333422660827,0.2980749905109405,0.3176000118255615,0.3348999917507171,0.3273999989032745,0.3740000128746032,0.2666000127792358,0.3792704045772552,0.2087535858154297,0.2897685234004047,0.2727651353541595,1.1775819063186646,33,3,314,186,0.1995931257281387,303.5830048008969,302.8500899933932,0.0008257483556553,325,291,384
Cheekavolu,14.128,79.832,28_515_shc_2025-26.8423,176.0,23.8,533.8,0.16,0.0643500015139579,0.0957000032067298,0.1257500052452087,0.1362999975681305,0.1580999940633773,0.219200000166893,0.2448499947786331,0.2574500143527984,0.2640999853610992,0.2745000123977661,0.2632499933242798,0.2080499976873397,0.3076825737953186,0.2390807867050171,0.2231123737611951,0.2033286967867245,1.0225285291671753,23,2,333,183,0.2217649827923691,303.5035820007324,302.7622721822638,0.0008850223594717,347,307,346
Vemulachedu,14.128,79.832,28_515_shc_2025-26.1918,100.0,10.0,285.5,0.27,0.0643500015139579,0.0957000032067298,0.1257500052452087,0.1362999975681305,0.1580999940633773,0.219200000166893,0.2448499947786331,0.2574500143527984,0.2640999853610992,0.2745000123977661,0.2632499933242798,0.2080499976873397,0.3076825737953186,0.2390807867050171,0.2231123737611951,0.2033286967867245,1.0225285291671753,23,2,333,183,0.2217649827923691,303.5035820007324,302.7622721822638,0.0008850223594717,347,307,346
Cheekavolu,14.128,79.832,28_515_shc_2025-26.8430,151.0,91.4,360.0,0.2,0.0643500015139579,0.0957000032067298,0.1257500052452087,0.1362999975681305,0.1580999940633773,0.219200000166893,0.2448499947786331,0.2574500143527984,0.2640999853610992,0.2745000123977661,0.2632499933242798,0.2080499976873397,0.3076825737953186,0.2390807867050171,0.2231123737611951,0.2033286967867245,1.0225285291671753,23,2,333,183,0.2217649827923691,303.5035820007324,302.7622721822638,0.0008850223594717,347,307,346
Cheekavolu,14.128,79.832,28_515_shc_2025-26.8439,50.0,35.3,378.6,0.13,0.0643500015139579,0.0957000032067298,0.1257500052452087,0.1362999975681305,0.1580999940633773,0.219200000166893,0.2448499947786331,0.2574500143527984,0.2640999853610992,0.2745000123977661,0.2632499933242798,0.2080499976873397,0.3076825737953186,0.2390807867050171,0.2231123737611951,0.2033286967867245,1.0225285291671753,23,2,333,183,0.2217649827923691,303.5035820007324,302.7622721822638,0.0008850223594717,347,307,346
Vemulachedu,14.132998,79.675209,28_515_shc_2025-26.7019,138.0,34.6,353.8,0.34,0.0438666678965091,0.0472999997437,0.0753000006079673,0.0737999975681305,0.1298999935388565,0.2258999943733215,0.2574000060558319,0.2687999904155731,0.2852999866008758,0.2846666574478149,0.2514666616916656,0.1604000031948089,0.5691768527030945,0.3483822345733642,0.3592880496104839,0.3471397975818878,0.9355158805847168,37,1,226,183,0.1995931257281387,303.5830048008969,302.8500899933932,0.0008257483556553,342,270,388
Ananthamadugu,14.148,79.712,28_515_shc_2025-26.1862,100.0,0.8,155.2,0.2,0.0558166652917861,0.0686666667461395,0.0970333367586135,0.1218333318829536,0.170933336019516,0.2312500029802322,0.2622199952602386,0.2632000148296356,0.2915000021457672,0.2876999974250793,0.3244999945163727,0.2377000004053115,0.3671543896198272,0.2125307321548462,0.2389242198790838,0.23959551943175,1.2329026460647583,28,3,161,177,0.1995931257281387,303.5830048008969,302.8500899933932,0.0008257483556553,313,320,367
Ananthamadugu,14.152,79.738,28_515_shc_2025-26.8321,63.0,38.4,304.2,0.1,0.0627999976277351,0.0700500011444091,0.1025499999523162,0.1054999977350235,0.1716500073671341,0.2693249881267547,0.3268499970436096,0.3414500057697296,0.3625999987125397,0.3177500069141388,0.2658999860286712,0.1730750054121017,0.5279114246368408,0.3309296369552612,0.4070700459010168,0.3737525853974852,0.7787376642227173,18,2,180,180,0.2105170132821066,303.8115975229364,303.0659317217375,0.0008190243098064,310,322,368
Thippireddipalle,14.152696,79.703033,28_515_shc_2025-26.6815,125.0,20.7,111.7,0.1,0.0558333322405815,0.0658499971032142,0.096450001001358,0.1052000001072883,0.1522500067949295,0.24651999771595,0.2767750024795532,0.2834500074386596,0.3086000084877014,0.298633337020874,0.2899250090122223,0.2001666724681854,0.4586388766765594,0.301124632358551,0.3136492470511395,0.3008777457116403,1.022843599319458,33,1,90,177,0.2105170132821066,303.8115975229364,303.0659317217375,0.0008190243098064,319,318,363
Lingasamudram,14.152696,79.703033,28_515_shc_2025-26.7066,113.0,10.0,329.0,0.46,0.0558333322405815,0.0658499971032142,0.096450001001358,0.1052000001072883,0.1522500067949295,0.24651999771595,0.2767750024795532,0.2834500074386596,0.3086000084877014,0.298633337020874,0.2899250090122223,0.2001666724681854,0.4586388766765594,0.301124632358551,0.3136492470511395,0.3008777457116403,1.022843599319458,33,1,90,177,0.2105170132821066,303.8115975229364,303.0659317217375,0.0008190243098064,319,318,363
Samudralavari Khandrika,14.152696,79.703033,28_515_shc_2025-26.6804,13.0,10.0,403.5,0.1,0.0558333322405815,0.0658499971032142,0.096450001001358,0.1052000001072883,0.1522500067949295,0.24651999771595,0.2767750024795532,0.2834500074386596,0.3086000084877014,0.298633337020874,0.2899250090122223,0.2001666724681854,0.4586388766765594,0.301124632358551,0.3136492470511395,0.3008777457116403,1.022843599319458,33,1,90,177,0.2105170132821066,303.8115975229364,303.0659317217375,0.0008190243098064,319,318,363
Jorepalle,14.155,79.595,28_515_shc_2025-26.2284,151.0,18.4,136.6,0.46,0.0583500005304813,0.0447250008583068,0.0648166686296463,0.0604749992489814,0.1115999966859817,0.225150004029274,0.2639875113964081,0.2619000077247619,0.2977833449840545,0.3666499853134155,0.2254499942064285,0.136350005865097,0.624815821647644,0.4024096727371216,0.3905666953873083,0.3673962731740914,0.860824704170227,58,2,116,174,0.1918115448533442,303.7188754834627,302.9800456197638,0.0007555945000877,331,273,396
Jorepalle Akkamambapuram,14.155398,79.594032,28_515_shc_2025-26.2313,50.0,11.5,204.8,0.25,0.0840769261121749,0.094760000705719,0.1260833293199539,0.159850001335144,0.209525004029274,0.251714289188385,0.279449999332428,0.2640833258628845,0.3046300113201141,0.3147400021553039,0.3702499866485595,0.320250004529953,0.2458719760179519,0.1151971295475959,0.1722883858586746,0.1692221529293313,1.402019500732422,59,1,0,180,0.1918115448533442,303.7188754834627,302.9800456197638,0.0007555945000877,331,271,398
Jorepalle Akkamambapuram,14.155667,79.594586,28_515_shc_2025-26.2263,100.0,19.2,105.5,0.48,0.062899999320507,0.0516249984502792,0.0750111117959022,0.0812333300709724,0.1466708332300186,0.2520250082015991,0.2921499907970428,0.2939000129699707,0.330866664648056,0.349824994802475,0.3052999973297119,0.2022500038146972,0.5669095516204834,0.3341782093048095,0.3813657113995688,0.3645159070731155,1.038788676261902,60,3,303,189,0.1918115448533442,303.7188754834627,302.9800456197638,0.0007555945000877,331,273,396
Jorepalle,14.15574,79.593975,28_515_shc_2025-26.2261,125.0,30.0,105.5,0.25,0.0793600007891655,0.1628199964761734,0.2060000002384185,0.2581374943256378,0.2357500046491623,0.278983324766159,0.3100166618824005,0.3476392924785614,0.3403375148773193,0.3193714320659637,0.3989000022411346,0.3465666770935058,0.1477471590042114,0.1917918026447296,0.1335597131859124,0.1214103052546332,1.147453784942627,58,1,46,177,0.1918115448533442,303.7188754834627,302.9800456197638,0.0007555945000877,331,271,398
Jorepalle,14.15574,79.593975,28_515_shc_2025-26.2267,163.0,10.0,49.7,0.27,0.0793600007891655,0.1628199964761734,0.2060000002384185,0.2581374943256378,0.2357500046491623,0.278983324766159,0.3100166618824005,0.3476392924785614,0.3403375148773193,0.3193714320659637,0.3989000022411346,0.3465666770935058,0.1477471590042114,0.1917918026447296,0.1335597131859124,0.1214103052546332,1.147453784942627,58,1,46,177,0.1918115448533442,303.7188754834627,302.9800456197638,0.0007555945000877,331,271,398
Jorepalle Akkamambapuram,14.15574,79.593975,28_515_shc_2025-26.2315,50.0,18.4,372.4,0.11,0.0793600007891655,0.1628199964761734,0.2060000002384185,0.2581374943256378,0.2357500046491623,0.278983324766159,0.3100166618824005,0.3476392924785614,0.3403375148773193,0.3193714320659637,0.3989000022411346,0.3465666770935058,0.1477471590042114,0.1917918026447296,0.1335597131859124,0.1214103052546332,1.147453784942627,58,1,46,177,0.1918115448533442,303.7188754834627,302.9800456197638,0.0007555945000877,331,271,398
Thatipalle,14.156444,79.59325,28_515_shc_2025-26.9401,13.0,0.8,49.7,0.2,0.0604625009000301,0.0717615410685539,0.0992777794599533,0.1090874969959259,0.1600749939680099,0.2559666633605957,0.2990500032901764,0.2864400148391723,0.3296666741371155,0.3469125032424927,0.2851499915122986,0.176949992775917,0.4483948945999145,0.2830028533935547,0.3160792783279362,0.2970637677224773,0.9954963326454164,59,3,19,177,0.1918115448533442,303.7188754834627,302.9800456197638,0.0007555945000877,331,271,398
Jorepalle,14.158,79.592,28_515_shc_2025-26.2057,100.0,3.1,273.1,0.34,0.0533600002527236,0.0650250017642974,0.09375,0.0991000011563301,0.1648000031709671,0.2753666639328003,0.3359708189964294,0.3551666736602783,0.3824999928474426,0.3794299960136413,0.2065999954938888,0.1201499998569488,0.5636923909187317,0.3661132156848907,0.4378467975938312,0.4025080398304163,0.5816987156867981,54,1,270,183,0.1918115448533442,303.7188754834627,302.9800456197638,0.0007555945000877,336,264,399
Jorepalle,14.158,79.592,28_515_shc_2025-26.2254,50.0,10.8,49.7,0.41,0.0533600002527236,0.0650250017642974,0.09375,0.0991000011563301,0.1648000031709671,0.2753666639328003,0.3359708189964294,0.3551666736602783,0.3824999928474426,0.3794299960136413,0.2065999954938888,0.1201499998569488,0.5636923909187317,0.3661132156848907,0.4378467975938312,0.4025080398304163,0.5816987156867981,54,1,270,183,0.1918115448533442,303.7188754834627,302.9800456197638,0.0007555945000877,336,264,399
Molakalapundla,14.162,79.742,28_515_shc_2025-26.2177,176.0,4.6,614.5,0.22,0.0445600003004074,0.0560214295983314,0.0836428552865982,0.0836666673421859,0.1185199990868568,0.2128714323043823,0.2552714347839355,0.263616681098938,0.2854500114917755,0.2787833213806152,0.2365571409463882,0.142383337020874,0.5181648135185242,0.3796983957290649,0.3343662272927576,0.3185770393478759,0.8973526954650879,19,3,19,177,0.2105170132821066,303.8115975229364,303.0659317217375,0.0008190243098064,313,334,353
Molakalapundla,14.162,79.742,28_515_shc_2025-26.2080,138.0,19.2,391.1,0.08,0.0445600003004074,0.0560214295983314,0.0836428552865982,0.0836666673421859,0.1185199990868568,0.2128714323043823,0.2552714347839355,0.263616681098938,0.2854500114917755,0.2787833213806152,0.2365571409463882,0.142383337020874,0.5181648135185242,0.3796983957290649,0.3343662272927576,0.3185770393478759,0.8973526954650879,19,3,19,177,0.2105170132821066,303.8115975229364,303.0659317217375,0.0008190243098064,313,334,353
Molakalapundla,14.162,79.742,28_515_shc_2025-26.2207,138.0,25.3,335.2,0.11,0.0445600003004074,0.0560214295983314,0.0836428552865982,0.0836666673421859,0.1185199990868568,0.2128714323043823,0.2552714347839355,0.263616681098938,0.2854500114917755,0.2787833213806152,0.2365571409463882,0.142383337020874,0.5181648135185242,0.3796983957290649,0.3343662272927576,0.3185770393478759,0.8973526954650879,19,3,19,177,0.2105170132821066,303.8115975229364,303.0659317217375,0.0008190243098064,313,334,353
Kambhalapalle,14.171031,79.557042,28_515_shc_2025-26.575,50.0,19.2,105.5,0.31,0.0554499998688697,0.0659999996423721,0.0965000018477439,0.0829000025987625,0.1421999931335449,0.2823500037193298,0.3252499997615814,0.3378500044345855,0.3568499982357025,0.3470000028610229,0.2558499872684479,0.1577499955892563,0.6059417724609375,0.4075617492198944,0.475564255765561,0.4153407546375221,0.7572886943817139,68,4,116,168,0.1918115448533442,303.7188754834627,302.9800456197638,0.0007555945000877,345,255,401
Siddavaram,14.171091,79.555352,28_515_shc_2025-26.11678,25.0,21.5,322.8,0.35,0.063400000333786,0.1389999985694885,0.1650000065565109,0.19480000436306,0.2089000046253204,0.2421000003814697,0.2714000046253204,0.2809999883174896,0.2901000082492828,0.2865000069141388,0.3508999943733215,0.3059000074863434,0.1811685264110565,0.1471728682518005,0.1531300760487572,0.1325066375297399,1.2487545013427734,68,2,207,183,0.1918115448533442,303.7188754834627,302.9800456197638,0.0007555945000877,342,250,408
Siddavaram,14.171091,79.555352,28_515_shc_2025-26.572,13.0,21.5,378.6,0.39,0.063400000333786,0.1389999985694885,0.1650000065565109,0.19480000436306,0.2089000046253204,0.2421000003814697,0.2714000046253204,0.2809999883174896,0.2901000082492828,0.2865000069141388,0.3508999943733215,0.3059000074863434,0.1811685264110565,0.1471728682518005,0.1531300760487572,0.1325066375297399,1.2487545013427734,68,2,207,183,0.1918115448533442,303.7188754834627,302.9800456197638,0.0007555945000877,342,250,408
Kambhalapalle,14.171091,79.555352,28_515_shc_2025-26.574,13.0,15.4,117.9,0.33,0.063400000333786,0.1389999985694885,0.1650000065565109,0.19480000436306,0.2089000046253204,0.2421000003814697,0.2714000046253204,0.2809999883174896,0.2901000082492828,0.2865000069141388,0.3508999943733215,0.3059000074863434,0.1811685264110565,0.1471728682518005,0.1531300760487572,0.1325066375297399,1.2487545013427734,68,2,207,183,0.1918115448533442,303.7188754834627,302.9800456197638,0.0007555945000877,342,250,408
Siddavaram,14.171091,79.555352,28_515_shc_2025-26.9208,201.0,6.1,341.4,0.21,0.063400000333786,0.1389999985694885,0.1650000065565109,0.19480000436306,0.2089000046253204,0.2421000003814697,0.2714000046253204,0.2809999883174896,0.2901000082492828,0.2865000069141388,0.3508999943733215,0.3059000074863434,0.1811685264110565,0.1471728682518005,0.1531300760487572,0.1325066375297399,1.2487545013427734,68,2,207,183,0.1918115448533442,303.7188754834627,302.9800456197638,0.0007555945000877,342,250,408
Siddavaram,14.171091,79.555352,28_515_shc_2025-26.11677,201.0,10.8,322.8,0.21,0.063400000333786,0.1389999985694885,0.1650000065565109,0.19480000436306,0.2089000046253204,0.2421000003814697,0.2714000046253204,0.2809999883174896,0.2901000082492828,0.2865000069141388,0.3508999943733215,0.3059000074863434,0.1811685264110565,0.1471728682518005,0.1531300760487572,0.1325066375297399,1.2487545013427734,68,2,207,183,0.1918115448533442,303.7188754834627,302.9800456197638,0.0007555945000877,342,250,408
Kambhalapalle,14.171091,79.555352,28_515_shc_2025-26.11684,38.0,15.4,68.3,0.21,0.063400000333786,0.1389999985694885,0.1650000065565109,0.19480000436306,0.2089000046253204,0.2421000003814697,0.2714000046253204,0.2809999883174896,0.2901000082492828,0.2865000069141388,0.3508999943733215,0.3059000074863434,0.1811685264110565,0.1471728682518005,0.1531300760487572,0.1325066375297399,1.2487545013427734,68,2,207,183,0.1918115448533442,303.7188754834627,302.9800456197638,0.0007555945000877,342,250,408
Bandepalle,14.171091,79.555352,28_515_shc_2025-26.11687,13.0,12.3,316.6,0.31,0.063400000333786,0.1389999985694885,0.1650000065565109,0.19480000436306,0.2089000046253204,0.2421000003814697,0.2714000046253204,0.2809999883174896,0.2901000082492828,0.2865000069141388,0.3508999943733215,0.3059000074863434,0.1811685264110565,0.1471728682518005,0.1531300760487572,0.1325066375297399,1.2487545013427734,68,2,207,183,0.1918115448533442,303.7188754834627,302.9800456197638,0.0007555945000877,342,250,408
Siddavaram,14.171091,79.555352,28_515_shc_2025-26.9214,50.0,13.1,366.2,0.31,0.063400000333786,0.1389999985694885,0.1650000065565109,0.19480000436306,0.2089000046253204,0.2421000003814697,0.2714000046253204,0.2809999883174896,0.2901000082492828,0.2865000069141388,0.3508999943733215,0.3059000074863434,0.1811685264110565,0.1471728682518005,0.1531300760487572,0.1325066375297399,1.2487545013427734,68,2,207,183,0.1918115448533442,303.7188754834627,302.9800456197638,0.0007555945000877,342,250,408
Siddavaram,14.171091,79.555352,28_515_shc_2025-26.9226,63.0,69.9,384.9,0.31,0.063400000333786,0.1389999985694885,0.1650000065565109,0.19480000436306,0.2089000046253204,0.2421000003814697,0.2714000046253204,0.2809999883174896,0.2901000082492828,0.2865000069141388,0.3508999943733215,0.3059000074863434,0.1811685264110565,0.1471728682518005,0.1531300760487572,0.1325066375297399,1.2487545013427734,68,2,207,183,0.1918115448533442,303.7188754834627,302.9800456197638,0.0007555945000877,342,250,408
Baddevolu,14.172,79.918,28_515_shc_2024-25.4984,50.0,3.1,484.0,0.32,0.0736000016331672,0.0829999968409538,0.1180000007152557,0.1395999938249588,0.1863999962806701,0.3066000044345855,0.354200005531311,0.3684000074863434,0.3948000073432922,0.3849000036716461,0.290800005197525,0.1889999955892563,0.4503937363624573,0.3280461728572845,0.3612251571040323,0.340476210362708,0.7893593907356262,8,1,134,177,0.2627870660079153,303.65991338094074,302.86739827875505,0.0009282263177166,330,330,340
Kambhalapalle,14.173949,79.553736,28_515_shc_2025-26.699,75.0,17.7,86.9,0.23,0.095100000500679,0.1317999958992004,0.1580999940633773,0.1915999948978424,0.2158000022172927,0.2331999987363815,0.2538999915122986,0.2667999863624573,0.2698999941349029,0.273499995470047,0.3508000075817108,0.3239000141620636,0.1640488505363464,0.1056775525212287,0.1316618673844437,0.1176961492096336,1.314842700958252,74,1,134,177,0.1918115448533442,303.7188754834627,302.9800456197638,0.0007555945000877,336,252,412
Ramasagaram,14.175,79.795,28_515_shc_2025-26.5262,151.0,50.69,192.4,0.24,0.0553000010550022,0.0706750005483627,0.1062999963760376,0.1054000034928321,0.1748500019311905,0.2725000083446502,0.3307999968528747,0.3296000063419342,0.3591000139713287,0.3680999875068664,0.2876499891281128,0.1740999966859817,0.5154023170471191,0.3067697584629059,0.3914276971215793,0.3596791451725055,0.8727244734764099,13,2,207,183,0.2614608563874897,303.54699191712496,302.76878688209933,0.0008863091853354,338,334,329
Vemulachedu,14.178,79.742,28_515_shc_2025-26.8366,13.0,16.1,415.9,0.37,0.082175001502037,0.099150002002716,0.1234500035643577,0.1430249959230423,0.1852999925613403,0.2261166721582412,0.2511624991893768,0.255825012922287,0.2718499898910522,0.2862333357334137,0.3122499883174896,0.259550005197525,0.2828131318092346,0.1598753631114959,0.2057868777785063,0.1882405560814566,1.2205607891082764,28,2,27,177,0.2105170132821066,303.8115975229364,303.0659317217375,0.0008190243098064,320,311,369
Ananthamadugu,14.178,79.742,28_515_shc_2025-26.8302,163.0,0.8,521.4,0.18,0.082175001502037,0.099150002002716,0.1234500035643577,0.1430249959230423,0.1852999925613403,0.2261166721582412,0.2511624991893768,0.255825012922287,0.2718499898910522,0.2862333357334137,0.3122499883174896,0.259550005197525,0.2828131318092346,0.1598753631114959,0.2057868777785063,0.1882405560814566,1.2205607891082764,28,2,27,177,0.2105170132821066,303.8115975229364,303.0659317217375,0.0008190243098064,320,311,369
Devaravemur,14.178,79.742,28_515_shc_2025-26.9306,138.0,6.9,186.2,0.05,0.082175001502037,0.099150002002716,0.1234500035643577,0.1430249959230423,0.1852999925613403,0.2261166721582412,0.2511624991893768,0.255825012922287,0.2718499898910522,0.2862333357334137,0.3122499883174896,0.259550005197525,0.2828131318092346,0.1598753631114959,0.2057868777785063,0.1882405560814566,1.2205607891082764,28,2,27,177,0.2105170132821066,303.8115975229364,303.0659317217375,0.0008190243098064,320,311,369
Ananthamadugu,14.178,79.742,28_515_shc_2025-26.8353,163.0,1.5,186.2,0.22,0.082175001502037,0.099150002002716,0.1234500035643577,0.1430249959230423,0.1852999925613403,0.2261166721582412,0.2511624991893768,0.255825012922287,0.2718499898910522,0.2862333357334137,0.3122499883174896,0.259550005197525,0.2828131318092346,0.1598753631114959,0.2057868777785063,0.1882405560814566,1.2205607891082764,28,2,27,177,0.2105170132821066,303.8115975229364,303.0659317217375,0.0008190243098064,320,311,369
Devaravemur,14.178,79.742,28_515_shc_2025-26.8355,226.0,3.8,37.2,0.1,0.082175001502037,0.099150002002716,0.1234500035643577,0.1430249959230423,0.1852999925613403,0.2261166721582412,0.2511624991893768,0.255825012922287,0.2718499898910522,0.2862333357334137,0.3122499883174896,0.259550005197525,0.2828131318092346,0.1598753631114959,0.2057868777785063,0.1882405560814566,1.2205607891082764,28,2,27,177,0.2105170132821066,303.8115975229364,303.0659317217375,0.0008190243098064,320,311,369
Ananthamadugu,14.178,79.742,28_515_shc_2025-26.9397,88.0,11.5,583.5,0.18,0.082175001502037,0.099150002002716,0.1234500035643577,0.1430249959230423,0.1852999925613403,0.2261166721582412,0.2511624991893768,0.255825012922287,0.2718499898910522,0.2862333357334137,0.3122499883174896,0.259550005197525,0.2828131318092346,0.1598753631114959,0.2057868777785063,0.1882405560814566,1.2205607891082764,28,2,27,177,0.2105170132821066,303.8115975229364,303.0659317217375,0.0008190243098064,320,311,369
Ananthamadugu,14.178,79.742,28_515_shc_2025-26.2271,88.0,7.5,192.4,0.11,0.082175001502037,0.099150002002716,0.1234500035643577,0.1430249959230423,0.1852999925613403,0.2261166721582412,0.2511624991893768,0.255825012922287,0.2718499898910522,0.2862333357334137,0.3122499883174896,0.259550005197525,0.2828131318092346,0.1598753631114959,0.2057868777785063,0.1882405560814566,1.2205607891082764,28,2,27,177,0.2105170132821066,303.8115975229364,303.0659317217375,0.0008190243098064,320,311,369
Devaravemur,14.178,79.742,28_515_shc_2025-26.9196,113.0,0.8,273.1,0.27,0.082175001502037,0.099150002002716,0.1234500035643577,0.1430249959230423,0.1852999925613403,0.2261166721582412,0.2511624991893768,0.255825012922287,0.2718499898910522,0.2862333357334137,0.3122499883174896,0.259550005197525,0.2828131318092346,0.1598753631114959,0.2057868777785063,0.1882405560814566,1.2205607891082764,28,2,27,177,0.2105170132821066,303.8115975229364,303.0659317217375,0.0008190243098064,320,311,369
Ramasagaram,14.185,79.775,28_515_shc_2025-26.1748,50.0,110.6,285.5,0.29,0.0421333350241184,0.0368000008165836,0.0558249987661838,0.0464500002562999,0.0872749984264373,0.2226500064134597,0.2804499864578247,0.2887666523456573,0.3084500133991241,0.3183499872684479,0.1774999946355819,0.1097666695713996,0.7228658199310303,0.5358226895332336,0.4690726092497609,0.4351864597068311,0.6146831512451172,18,1,226,183,0.2614608563874897,303.54699191712496,302.76878688209933,0.0008863091853354,321,355,325
Ramasagaram,14.189896,79.787029,28_515_shc_2025-26.2216,113.0,90.6,192.4,0.3,0.0653249993920326,0.1133166700601577,0.1401499956846237,0.1558333337306976,0.1713999956846237,0.2531749904155731,0.2837166786193847,0.2822000086307525,0.3007999956607818,0.2971666753292084,0.2965500056743622,0.2377250045537948,0.2884864211082458,0.2442681044340133,0.2310472569327644,0.2020717215369979,1.0508503913879397,21,1,90,177,0.2614608563874897,303.54699191712496,302.76878688209933,0.0008863091853354,333,331,336
Ramasagaram,14.192,79.772,28_515_shc_2025-26.4175,125.0,33.8,167.6,0.21,0.0472166649997234,0.0668599978089332,0.0974500030279159,0.1015499979257583,0.1628749966621399,0.2502000033855438,0.2785499989986419,0.2892999947071075,0.3066500127315521,0.3116750121116638,0.3005000054836273,0.2188500016927719,0.4803633093833923,0.2795930802822113,0.3359517534923986,0.3161306589223783,1.0387141704559326,20,0,0,180,0.2614608563874897,303.54699191712496,302.76878688209933,0.0008863091853354,327,328,345
Ramasagaram,14.192,79.788,28_515_shc_2025-26.9373,201.0,139.8,242.1,0.49,0.0555374994874,0.0597000010311603,0.0829999968409538,0.0823583304882049,0.1397999972105026,0.2567833364009857,0.2919250130653381,0.3076333403587341,0.3255249857902527,0.3100199997425079,0.2754666805267334,0.1742500066757202,0.5776405930519104,0.3751024603843689,0.4159332848067976,0.3796805362057237,0.8954383134841919,21,2,90,174,0.2614608563874897,303.54699191712496,302.76878688209933,0.0008863091853354,345,306,349
Ramasagaram,14.192,79.788,28_515_shc_2025-26.1863,13.0,61.4,378.6,0.2,0.0555374994874,0.0597000010311603,0.0829999968409538,0.0823583304882049,0.1397999972105026,0.2567833364009857,0.2919250130653381,0.3076333403587341,0.3255249857902527,0.3100199997425079,0.2754666805267334,0.1742500066757202,0.5776405930519104,0.3751024603843689,0.4159332848067976,0.3796805362057237,0.8954383134841919,21,2,90,174,0.2614608563874897,303.54699191712496,302.76878688209933,0.0008863091853354,345,306,349
Ramasagaram,14.192,79.788,28_515_shc_2025-26.5338,13.0,144.4,273.1,0.16,0.0555374994874,0.0597000010311603,0.0829999968409538,0.0823583304882049,0.1397999972105026,0.2567833364009857,0.2919250130653381,0.3076333403587341,0.3255249857902527,0.3100199997425079,0.2754666805267334,0.1742500066757202,0.5776405930519104,0.3751024603843689,0.4159332848067976,0.3796805362057237,0.8954383134841919,21,2,90,174,0.2614608563874897,303.54699191712496,302.76878688209933,0.0008863091853354,345,306,349
Ramasagaram,14.193455,79.784149,28_515_shc_2025-26.5097,151.0,82.2,248.3,0.52,0.0685230791568756,0.0505300015211105,0.0756666660308837,0.0821428596973419,0.1456200033426284,0.2442833334207534,0.2824749946594238,0.2826600074768066,0.3166833221912384,0.3149999976158142,0.2902333438396454,0.1927600055932998,0.5496588945388794,0.3199775815010071,0.3589529094572649,0.3477968599387503,1.026793122291565,24,0,0,180,0.2614608563874897,303.54699191712496,302.76878688209933,0.0008863091853354,340,308,352
Puligilapadu,14.193734,79.577172,28_515_shc_2025-26.1685,188.0,13.1,620.7,0.2,0.0615000016987323,0.0833000019192695,0.1230000033974647,0.1669500023126602,0.2094333320856094,0.2511000037193298,0.2730999886989593,0.2861000001430511,0.3079000115394592,0.3067750036716461,0.4323999881744385,0.3445999920368194,0.2629952430725097,0.1547154635190963,0.1791136734573441,0.1875295066209202,1.5113595724105835,80,2,296,186,0.1918115448533442,303.7188754834627,302.9800456197638,0.0007555945000877,328,275,397
Puligilapadu,14.193824,79.579555,28_515_shc_2025-26.4945,163.0,12.3,620.7,0.44,0.0592000000178813,0.0764999985694885,0.1132000014185905,0.1454499959945678,0.1879333406686782,0.2487999945878982,0.2741333246231079,0.2820333242416382,0.3052999973297119,0.3079499900341034,0.3890999853610992,0.313400000333786,0.3195056319236755,0.2002269327640533,0.2159784472456661,0.2208934520983397,1.3796241283416748,79,2,0,180,0.1918115448533442,303.7188754834627,302.9800456197638,0.0007555945000877,328,275,397
Ramasagaram,14.193935,79.773062,28_515_shc_2025-26.9336,2.1,139.8,242.1,0.49,0.0498333349823951,0.063400000333786,0.0846333354711532,0.0963250026106834,0.112575002014637,0.2098599970340728,0.2559633255004883,0.2474000006914138,0.2784999907016754,0.2471749931573867,0.2126999944448471,0.1566500067710876,0.4395228624343872,0.3745398819446563,0.2797996009378883,0.2685857314103522,0.8597412705421448,21,2,0,180,0.2614608563874897,303.54699191712496,302.76878688209933,0.0008863091853354,333,322,345
Puligilapadu,14.195023,79.579574,28_515_shc_2025-26.4669,88.0,1.5,620.7,0.23,0.063799999654293,0.0995000004768371,0.1272000074386596,0.1438000053167343,0.1798000037670135,0.2313999980688095,0.2550500035285949,0.2456499934196472,0.2748000025749206,0.2915500104427337,0.322299987077713,0.2820000052452087,0.2615226209163666,0.1547772735357284,0.1869218662405633,0.1717634295029656,1.312029242515564,79,2,90,174,0.1918115448533442,303.7188754834627,302.9800456197638,0.0007555945000877,328,275,397
Puligilapadu,14.195328,79.576322,28_515_shc_2025-26.4723,25.0,9.2,620.7,0.63,0.0420833341777324,0.0576833337545394,0.0925000011920929,0.1044666692614555,0.1707666665315628,0.2486499994993209,0.2748500108718872,0.2818000018596649,0.3042500019073486,0.2958750128746032,0.3334166705608368,0.246749997138977,0.4590955972671509,0.2453413903713226,0.3003664203048759,0.3001353966756147,1.1831676959991455,80,4,207,186,0.1918115448533442,303.7188754834627,302.9800456197638,0.0007555945000877,354,254,392
Raviguntapalle,14.197923,79.569911,28_515_shc_2025-26.1999,50.0,8.4,403.5,0.25,0.0544000007212162,0.094200000166893,0.1288000047206878,0.1568000018596649,0.1756000071763992,0.2207999974489212,0.2418999969959259,0.2451000064611435,0.2610999941825866,0.2680999934673309,0.3239000141620636,0.2687000036239624,0.2197064012289047,0.1652008444070816,0.1492159044622243,0.1468566422887813,1.3215014934539795,87,1,314,183,0.1918115448533442,303.7188754834627,302.9800456197638,0.0007555945000877,354,265,381
Chaganam,14.202,79.682,28_515_shc_2025-26.7095,113.0,75.3,279.3,0.11,0.0476000010967254,0.060199998319149,0.0862250030040741,0.1118000000715255,0.1605000048875808,0.2294333279132843,0.2550249993801117,0.2628499865531921,0.2918800115585327,0.2921999990940094,0.323199987411499,0.2254666686058044,0.4031762778759002,0.241762101650238,0.2547818819343191,0.2590464565109693,1.2295986413955688,73,2,270,186,0.2105170132821066,303.8115975229364,303.0659317217375,0.0008190243098064,299,317,384
Manubolu,14.202,79.872,28_515_shc_2024-25.8448,151.0,11.5,161.4,0.13,0.0706999972462654,0.0549999997019767,0.0745000019669532,0.0684999972581863,0.1187499985098838,0.1983499974012375,0.2191500067710876,0.1887499988079071,0.2353000044822693,0.2610000073909759,0.2032500058412552,0.137700006365776,0.4674441218376159,0.2276422828435897,0.253211208907753,0.2381974291999043,1.076821208000183,15,1,226,183,0.2627870660079153,303.65991338094074,302.86739827875505,0.0009282263177166,348,322,330
Raviguntapalle,14.20398,79.573126,28_515_shc_2025-26.5026,38.0,13.1,620.7,0.16,0.0582499988377094,0.0777499973773956,0.1182999983429908,0.1418000012636184,0.1915999948978424,0.2364999949932098,0.2543500065803528,0.2657000124454498,0.28575000166893,0.2822000086307525,0.3738499879837036,0.292600005865097,0.3040491044521332,0.1620380878448486,0.202005393289725,0.2047934038184245,1.4070378541946411,83,3,226,186,0.1918115448533442,303.7188754834627,302.9800456197638,0.0007555945000877,325,295,380
Raviguntapalle,14.205787,79.566898,28_515_shc_2025-26.1699,188.0,10.0,620.7,0.16,0.0542499981820583,0.0564999990165233,0.0872500017285347,0.096400000154972,0.1799499988555908,0.2460999935865402,0.2892999947071075,0.2797499895095825,0.3219499886035919,0.3134999871253967,0.3594500124454498,0.2635999917984009,0.4874384999275207,0.2170980870723724,0.3195586824348894,0.3139017146336012,1.2848973274230957,81,3,108,171,0.1918115448533442,303.7188754834627,302.9800456197638,0.0007555945000877,321,301,379
Raviguntapalle,14.205787,79.566898,28_515_shc_2025-26.4903,100.0,11.5,620.7,0.19,0.0542499981820583,0.0564999990165233,0.0872500017285347,0.096400000154972,0.1799499988555908,0.2460999935865402,0.2892999947071075,0.2797499895095825,0.3219499886035919,0.3134999871253967,0.3594500124454498,0.2635999917984009,0.4874384999275207,0.2170980870723724,0.3195586824348894,0.3139017146336012,1.2848973274230957,81,3,108,171,0.1918115448533442,303.7188754834627,302.9800456197638,0.0007555945000877,321,301,379
Raviguntapalle,14.205787,79.566898,28_515_shc_2025-26.5154,151.0,9.2,620.7,0.43,0.0542499981820583,0.0564999990165233,0.0872500017285347,0.096400000154972,0.1799499988555908,0.2460999935865402,0.2892999947071075,0.2797499895095825,0.3219499886035919,0.3134999871253967,0.3594500124454498,0.2635999917984009,0.4874384999275207,0.2170980870723724,0.3195586824348894,0.3139017146336012,1.2848973274230957,81,3,108,171,0.1918115448533442,303.7188754834627,302.9800456197638,0.0007555945000877,321,301,379
Raviguntapalle,14.205787,79.566898,28_515_shc_2025-26.5023,113.0,12.3,620.7,0.56,0.0542499981820583,0.0564999990165233,0.0872500017285347,0.096400000154972,0.1799499988555908,0.2460999935865402,0.2892999947071075,0.2797499895095825,0.3219499886035919,0.3134999871253967,0.3594500124454498,0.2635999917984009,0.4874384999275207,0.2170980870723724,0.3195586824348894,0.3139017146336012,1.2848973274230957,81,3,108,171,0.1918115448533442,303.7188754834627,302.9800456197638,0.0007555945000877,321,301,379
Raviguntapalle,14.205787,79.566898,28_515_shc_2025-26.5215,88.0,3.8,403.5,0.3,0.0542499981820583,0.0564999990165233,0.0872500017285347,0.096400000154972,0.1799499988555908,0.2460999935865402,0.2892999947071075,0.2797499895095825,0.3219499886035919,0.3134999871253967,0.3594500124454498,0.2635999917984009,0.4874384999275207,0.2170980870723724,0.3195586824348894,0.3139017146336012,1.2848973274230957,81,3,108,171,0.1918115448533442,303.7188754834627,302.9800456197638,0.0007555945000877,321,301,379
Pangili,14.212,79.502,28_515_shc_2025-26.5243,88.0,14.6,173.8,0.35,0.0549999997019767,0.0685999989509582,0.1070000007748603,0.1337999999523162,0.1794999986886978,0.2390999943017959,0.2583000063896179,0.2630000114440918,0.2847000062465668,0.26910001039505,0.3316999971866607,0.2653999924659729,0.3256048560142517,0.1887005865573883,0.208212482929175,0.2161017113903657,1.261216640472412,105,2,90,174,0.1843304550438596,303.1653958370811,302.3943265613757,0.0007541597195407,316,264,419
Rapur,14.212,79.528,28_515_shc_2025-26.10925,138.0,13.1,335.2,0.63,0.061099998652935,0.0662000030279159,0.1008000001311302,0.1187999993562698,0.1517000049352646,0.2360000014305114,0.2833000123500824,0.3034000098705292,0.3165999948978424,0.3416999876499176,0.2687999904155731,0.1886000037193298,0.437233567237854,0.3333333432674408,0.3036783782045458,0.3002602613326263,0.8859590888023376,86,1,314,183,0.1843304550438596,303.1653958370811,302.3943265613757,0.0007541597195407,332,254,414
Rapur,14.212,79.528,28_515_shc_2025-26.10926,226.0,20.7,378.6,0.44,0.061099998652935,0.0662000030279159,0.1008000001311302,0.1187999993562698,0.1517000049352646,0.2360000014305114,0.2833000123500824,0.3034000098705292,0.3165999948978424,0.3416999876499176,0.2687999904155731,0.1886000037193298,0.437233567237854,0.3333333432674408,0.3036783782045458,0.3002602613326263,0.8859590888023376,86,1,314,183,0.1843304550438596,303.1653958370811,302.3943265613757,0.0007541597195407,332,254,414
Pangili,14.215615,79.499067,28_515_shc_2025-26.5445,75.0,6.9,49.7,0.13,0.0584999993443489,0.070200003683567,0.1059999987483024,0.1140000000596046,0.1696999967098236,0.2397000044584274,0.2741000056266784,0.2836999893188476,0.2957000136375427,0.3088999986648559,0.2924999892711639,0.2096000015735626,0.426703542470932,0.2514336109161377,0.2943727340547005,0.2835579669162181,1.0310187339782717,108,3,0,180,0.1843304550438596,303.1653958370811,302.3943265613757,0.0007541597195407,322,261,418
Pangili,14.216311,79.497769,28_515_shc_2025-26.6902,188.0,13.1,80.7,0.43,0.0671000033617019,0.0800999999046325,0.1181999966502189,0.1506000012159347,0.1825000047683715,0.2635000050067901,0.3104000091552734,0.3244999945163727,0.3409000039100647,0.3327000141143799,0.3501000106334686,0.2508000135421753,0.3660281896591186,0.2800788879394531,0.2671521077678054,0.267511015375153,1.078890681266785,109,1,0,180,0.1843304550438596,303.1653958370811,302.3943265613757,0.0007541597195407,315,267,417
Pangili,14.216311,79.497769,28_515_shc_2025-26.6901,151.0,3.8,74.5,0.13,0.0671000033617019,0.0800999999046325,0.1181999966502189,0.1506000012159347,0.1825000047683715,0.2635000050067901,0.3104000091552734,0.3244999945163727,0.3409000039100647,0.3327000141143799,0.3501000106334686,0.2508000135421753,0.3660281896591186,0.2800788879394531,0.2671521077678054,0.267511015375153,1.078890681266785,109,1,0,180,0.1843304550438596,303.1653958370811,302.3943265613757,0.0007541597195407,315,267,417
Pangili,14.217731,79.496878,28_515_shc_2025-26.2231,201.0,23.0,27.31,0.56,0.0663999989628791,0.0807000026106834,0.1151999980211258,0.1456000059843063,0.1949999928474426,0.2439000010490417,0.2737999856472015,0.2863999903202057,0.3055999875068664,0.3050999939441681,0.3641000092029571,0.2714999914169311,0.3259258866310119,0.1898629069328308,0.2264029325197575,0.226609417748156,1.2712990045547483,111,1,270,183,0.1843304550438596,303.1653958370811,302.3943265613757,0.0007541597195407,315,267,417
Pangili,14.217731,79.496878,28_515_shc_2025-26.2351,100.0,6.1,155.2,0.25,0.0663999989628791,0.0807000026106834,0.1151999980211258,0.1456000059843063,0.1949999928474426,0.2439000010490417,0.2737999856472015,0.2863999903202057,0.3055999875068664,0.3050999939441681,0.3641000092029571,0.2714999914169311,0.3259258866310119,0.1898629069328308,0.2264029325197575,0.226609417748156,1.2712990045547483,111,1,270,183,0.1843304550438596,303.1653958370811,302.3943265613757,0.0007541597195407,315,267,417
Pangili,14.218321,79.500052,28_515_shc_2025-26.1813,138.0,9.2,155.2,0.25,0.0579000003635883,0.0750000029802322,0.1114000007510185,0.1433999985456466,0.1885000020265579,0.2527999877929687,0.2903999984264374,0.3100999891757965,0.3237000107765198,0.3233999907970428,0.3433000147342682,0.2469999939203262,0.3675854504108429,0.2438828498125076,0.2591728777582421,0.2622443515104425,1.1070623397827148,106,4,104,168,0.1843304550438596,303.1653958370811,302.3943265613757,0.0007541597195407,325,259,416
Pangili,14.219931,79.493345,28_515_shc_2025-26.1481,151.0,17.7,93.1,0.25,0.066500000655651,0.0617999993264675,0.0905999988317489,0.1063999980688095,0.1636999994516372,0.2407000064849853,0.2858000099658966,0.294400006532669,0.3206000030040741,0.3632000088691711,0.3224000036716461,0.214599996805191,0.4690618813037872,0.2853088974952698,0.3198802294702254,0.3130550746617152,1.0951086282730105,112,1,90,177,0.1843304550438596,303.1653958370811,302.3943265613757,0.0007541597195407,323,257,419
Pangili,14.222,79.492,28_515_shc_2025-26.4498,138.0,8.4,74.5,0.45,0.0732000023126602,0.0991000011563301,0.1319999992847442,0.1735000014305114,0.2160000056028366,0.2524000108242035,0.2777999937534332,0.2879999876022339,0.3106000125408172,0.3086999952793121,0.4320000112056732,0.356000006198883,0.248103991150856,0.1428571045398712,0.1805139320090901,0.1786271255503201,1.5000001192092896,110,1,0,180,0.1843304550438596,303.1653958370811,302.3943265613757,0.0007541597195407,322,256,422
Veerayapalem,14.222,79.598,28_515_shc_2025-26.2053,50.0,12.3,415.9,0.38,0.0485600009560585,0.0662799999117851,0.0957999974489212,0.1352500021457672,0.1738999933004379,0.2161000072956085,0.2319333404302597,0.2433499991893768,0.2574000060558319,0.2784333229064941,0.3584666550159454,0.2816999852657318,0.2855256199836731,0.1664469987154007,0.1734873955392677,0.1845549684942032,1.4730497598648071,79,2,64,174,0.1918115448533442,303.7188754834627,302.9800456197638,0.0007555945000877,323,261,416
Pangili,14.223711,79.490278,28_515_shc_2025-26.4506,151.0,7.7,111.7,0.25,0.0562000013887882,0.0568999983370304,0.0829999968409538,0.090499997138977,0.1404999941587448,0.225500002503395,0.2556999921798706,0.2660999894142151,0.2937999963760376,0.3039999902248382,0.3235999941825866,0.2185000032186508,0.4924284815788269,0.3089030981063843,0.3175751333168388,0.3074947379730092,1.2160842418670654,109,1,180,180,0.1843304550438596,303.1653958370811,302.3943265613757,0.0007541597195407,335,251,414
Veerayapalem,14.225,79.595,28_515_shc_2025-26.2126,75.0,5.4,403.5,0.43,0.0465000011026859,0.0502333343029022,0.0807999968528747,0.0718000009655952,0.13680000603199,0.2309000045061111,0.2615000009536743,0.2777000069618225,0.2865000069141388,0.2786999940872192,0.2806999981403351,0.1846333295106887,0.5891273021697998,0.339927613735199,0.386521503939199,0.3635668111974042,1.010802984237671,80,3,90,171,0.1918115448533442,303.7188754834627,302.9800456197638,0.0007555945000877,325,255,419
Bojjanapalle,14.228,79.568,28_515_shc_2025-26.9298,201.0,0.8,620.7,0.25,0.0399999991059303,0.0509499981999397,0.0758000016212463,0.0876500010490417,0.1280499994754791,0.2112500071525573,0.2404000014066696,0.2337500005960464,0.2671999931335449,0.2582499980926513,0.2556000053882599,0.1683499962091446,0.4545737504959106,0.2921503484249115,0.2651494480760174,0.2668005830065699,1.0934759378433228,98,3,180,180,0.1918115448533442,303.7188754834627,302.9800456197638,0.0007555945000877,345,276,380
Bojjanapalle,14.228,79.572,28_515_shc_2025-26.4814,201.0,0.8,620.7,0.25,0.0533000007271766,0.0776000022888183,0.1206500008702278,0.1880999952554702,0.2266999930143356,0.2638500034809112,0.2827500104904175,0.2871499955654144,0.3098500072956085,0.2934499979019165,0.4075999855995178,0.3262499868869781,0.2084166258573532,0.117641344666481,0.1350374955887686,0.1523455543330568,1.4194670915603638,96,2,244,186,0.1918115448533442,303.7188754834627,302.9800456197638,0.0007555945000877,357,252,391
Gilakapadu,14.235,79.605,28_515_shc_2025-26.2061,50.0,19.2,620.7,0.33,0.0567625015974044,0.0790999978780746,0.1131708323955535,0.1201250031590461,0.1584250032901764,0.2514800131320953,0.2837249934673309,0.3180499970912933,0.3064500093460083,0.2947250008583069,0.294950008392334,0.2029750049114227,0.4517030715942383,0.3350123167037964,0.3423004903951372,0.3164521446629363,0.9273699522018432,77,2,333,183,0.1918115448533442,303.7188754834627,302.9800456197638,0.0007555945000877,311,262,427
Gandurupalle,14.255,79.595,28_515_shc_2025-26.4855,75.0,3.8,620.7,0.46,0.0457111112773418,0.0501833334565162,0.0842249989509582,0.0858833342790603,0.1543333381414413,0.2580499947071075,0.2921000123023987,0.3086499869823456,0.3145500123500824,0.3088000118732452,0.270900011062622,0.1974499970674514,0.564633309841156,0.3333092927932739,0.384723855371078,0.3735467099020233,0.877693235874176,83,3,46,174,0.1958327711674205,303.89847303691664,302.9325795424612,0.0007825753812462,320,282,398
Gandurupalle,14.255,79.595,28_515_shc_2025-26.4904,213.0,23.0,620.7,0.34,0.0457111112773418,0.0501833334565162,0.0842249989509582,0.0858833342790603,0.1543333381414413,0.2580499947071075,0.2921000123023987,0.3086499869823456,0.3145500123500824,0.3088000118732452,0.270900011062622,0.1974499970674514,0.564633309841156,0.3333092927932739,0.384723855371078,0.3735467099020233,0.877693235874176,83,3,46,174,0.1958327711674205,303.89847303691664,302.9325795424612,0.0007825753812462,320,282,398
Narikellapalle,14.262,80.058,28_515_shc_2025-26.7496,226.0,21.1,77.3,0.47,0.0846000015735626,0.1177000030875206,0.1580999940633773,0.2104000002145767,0.2381000071763992,0.3007000088691711,0.329800009727478,0.3287999927997589,0.3565999865531921,0.3470999896526336,0.3957999944686889,0.3521000146865845,0.2195845544338226,0.1599929183721542,0.1732564526321399,0.1709006832867861,1.2037713527679443,8,3,215,186,0.107494688870614,303.55635492425216,302.62925837332745,0.0009839414193651,328,340,332
Orupalle @ Turimerla,14.265,79.735,28_515_shc_2025-26.2074,226.0,11.5,298.0,0.44,0.0474000014364719,0.0401199981570243,0.0596166662871837,0.0498999990522861,0.1084000021219253,0.2358999997377395,0.2859333455562591,0.2825999855995178,0.3115499913692474,0.3073000013828277,0.2003500014543533,0.1218999996781349,0.6998496055603027,0.4455242753028869,0.454101919610317,0.4192792627700034,0.7089526057243347,38,4,346,183,0.231649499190481,303.68225010654385,302.9440113201476,0.0008498368092997,325,257,418
Nellepalle,14.268,79.578,28_515_shc_2025-26.11193,113.0,44.54,322.8,0.26,0.0581000000238418,0.0824000015854835,0.1110000014305114,0.1307000070810318,0.1464000046253204,0.2372000068426132,0.2651000022888183,0.2734000086784363,0.2967999875545501,0.2906999886035919,0.2931999862194061,0.2061000019311905,0.3531304001808166,0.3025250136852264,0.2478118882058008,0.2367547822862263,1.072421312332153,93,3,288,189,0.1958327711674205,303.89847303691664,302.9325795424612,0.0007825753812462,311,295,393
Vepinapiakkmambapuram,14.268,79.602,28_515_shc_2025-26.1496,75.0,23.8,571.1,0.33,0.0557500012218952,0.0572500005364418,0.0912041664123535,0.0882999971508979,0.1906999945640564,0.2688499987125397,0.2997750043869018,0.328249990940094,0.3276500105857849,0.3192999958992004,0.3207666575908661,0.2464500069618225,0.5760412812232971,0.2650544345378876,0.419882056551784,0.3926954289023043,0.9772023558616638,78,2,333,183,0.1958327711674205,303.89847303691664,302.9325795424612,0.0007825753812462,308,298,394
Nayanipalle,14.268,79.602,28_515_shc_2025-26.11123,88.0,11.5,440.7,0.34,0.0557500012218952,0.0572500005364418,0.0912041664123535,0.0882999971508979,0.1906999945640564,0.2688499987125397,0.2997750043869018,0.328249990940094,0.3276500105857849,0.3192999958992004,0.3207666575908661,0.2464500069618225,0.5760412812232971,0.2650544345378876,0.419882056551784,0.3926954289023043,0.9772023558616638,78,2,333,183,0.1958327711674205,303.89847303691664,302.9325795424612,0.0007825753812462,308,298,394
Vepinapiakkmambapuram,14.268,79.602,28_515_shc_2025-26.11671,138.0,16.9,515.2,0.47,0.0557500012218952,0.0572500005364418,0.0912041664123535,0.0882999971508979,0.1906999945640564,0.2688499987125397,0.2997750043869018,0.328249990940094,0.3276500105857849,0.3192999958992004,0.3207666575908661,0.2464500069618225,0.5760412812232971,0.2650544345378876,0.419882056551784,0.3926954289023043,0.9772023558616638,78,2,333,183,0.1958327711674205,303.89847303691664,302.9325795424612,0.0007825753812462,308,298,394
Munagala Venkatapuram,14.268,79.602,28_515_shc_2025-26.11117,138.0,4.6,571.1,0.34,0.0557500012218952,0.0572500005364418,0.0912041664123535,0.0882999971508979,0.1906999945640564,0.2688499987125397,0.2997750043869018,0.328249990940094,0.3276500105857849,0.3192999958992004,0.3207666575908661,0.2464500069618225,0.5760412812232971,0.2650544345378876,0.419882056551784,0.3926954289023043,0.9772023558616638,78,2,333,183,0.1958327711674205,303.89847303691664,302.9325795424612,0.0007825753812462,308,298,394
Munagala Venkatapuram,14.268,79.602,28_515_shc_2025-26.11108,188.0,14.6,521.4,0.2,0.0557500012218952,0.0572500005364418,0.0912041664123535,0.0882999971508979,0.1906999945640564,0.2688499987125397,0.2997750043869018,0.328249990940094,0.3276500105857849,0.3192999958992004,0.3207666575908661,0.2464500069618225,0.5760412812232971,0.2650544345378876,0.419882056551784,0.3926954289023043,0.9772023558616638,78,2,333,183,0.1958327711674205,303.89847303691664,302.9325795424612,0.0007825753812462,308,298,394
Vepinapiakkmambapuram,14.268,79.602,28_515_shc_2025-26.7049,125.0,24.6,595.9,0.26,0.0557500012218952,0.0572500005364418,0.0912041664123535,0.0882999971508979,0.1906999945640564,0.2688499987125397,0.2997750043869018,0.328249990940094,0.3276500105857849,0.3192999958992004,0.3207666575908661,0.2464500069618225,0.5760412812232971,0.2650544345378876,0.419882056551784,0.3926954289023043,0.9772023558616638,78,2,333,183,0.1958327711674205,303.89847303691664,302.9325795424612,0.0007825753812462,308,298,394
Vepinapiakkmambapuram,14.268,79.602,28_515_shc_2025-26.8306,213.0,43.78,620.7,0.23,0.0557500012218952,0.0572500005364418,0.0912041664123535,0.0882999971508979,0.1906999945640564,0.2688499987125397,0.2997750043869018,0.328249990940094,0.3276500105857849,0.3192999958992004,0.3207666575908661,0.2464500069618225,0.5760412812232971,0.2650544345378876,0.419882056551784,0.3926954289023043,0.9772023558616638,78,2,333,183,0.1958327711674205,303.89847303691664,302.9325795424612,0.0007825753812462,308,298,394
Sankurathripalle,14.272,79.618,28_515_shc_2025-26.4911,201.0,2.3,521.4,0.34,0.0877749994397163,0.0908500030636787,0.1357499957084655,0.1580000072717666,0.2385833263397216,0.2741083204746246,0.2942250072956085,0.287283331155777,0.3097083270549774,0.3310500085353851,0.3996666669845581,0.3090249896049499,0.2903394699096679,0.0926090404391288,0.2079970220468946,0.2051501152539143,1.391193389892578,71,0,0,180,0.1958327711674205,303.89847303691664,302.9325795424612,0.0007825753812462,288,317,395
Vadlapudi,14.275,79.845,28_515_shc_2024-25.9807,176.0,14.7,147.5,0.5,0.0625733360648155,0.096450001001358,0.1360000073909759,0.1692499965429306,0.1718000024557113,0.2251999974250793,0.2571666538715362,0.3278000056743622,0.2788499891757965,0.2812899947166443,0.2712999880313873,0.1983499974012375,0.3189820051193237,0.3122498095035553,0.2446872715423163,0.2385286727528804,0.8276387453079224,13,3,161,177,0.2658455162717585,303.5789058082982,302.8281644520007,0.0009145677052484,325,368,308
Krishnapatnam,14.276189,80.046718,28_515_shc_2025-26.8875,289.0,12.3,168.6,0.18,0.0834000036120414,0.1066000014543533,0.1428000032901764,0.1737000048160553,0.2370000034570694,0.2976999878883362,0.375,0.3837999999523163,0.4253000020980835,0.4162000119686126,0.3849000036716461,0.2854999899864197,0.3768609762191772,0.2364690601825714,0.3229326664905737,0.2980141761544673,1.00286602973938,6,6,40,168,0.2152342879981325,303.2441376133969,302.1511924810577,0.0009509601238711,321,352,327
Krishnapatnam,14.276189,80.046718,28_515_shc_2025-26.8871,213.0,1.8,154.5,0.92,0.0834000036120414,0.1066000014543533,0.1428000032901764,0.1737000048160553,0.2370000034570694,0.2976999878883362,0.375,0.3837999999523163,0.4253000020980835,0.4162000119686126,0.3849000036716461,0.2854999899864197,0.3768609762191772,0.2364690601825714,0.3229326664905737,0.2980141761544673,1.00286602973938,6,6,40,168,0.2152342879981325,303.2441376133969,302.1511924810577,0.0009509601238711,321,352,327
Muthukur,14.276632,80.088457,28_515_shc_2025-26.2691,100.0,19.4,70.2,0.13,0.080733336508274,0.1096500009298324,0.1411499977111816,0.165350005030632,0.1844000071287155,0.2242500036954879,0.2488999962806701,0.267300009727478,0.2730999886989593,0.2459000051021576,0.3136333227157593,0.2755999863147735,0.2356408238410949,0.1835288852453231,0.1773629588213272,0.1639682674373101,1.1733382940292358,8,2,153,177,0.107494688870614,303.55635492425216,302.62925837332745,0.0009839414193651,312,350,338
Muthukur,14.276664,80.094731,28_515_shc_2025-26.7432,63.0,16.4,154.5,0.9,0.0944250002503395,0.1228749975562095,0.1659000068902969,0.1845500022172927,0.2248000055551529,0.3548499941825866,0.3789499998092651,0.3799000084400177,0.4124999940395355,0.3816249966621399,0.3711499869823456,0.3023000061511993,0.3460891246795654,0.2564908266067505,0.3119336392089128,0.2752830160179537,0.9769675731658936,3,4,226,189,0.107494688870614,303.55635492425216,302.62925837332745,0.0009839414193651,321,352,327
Muthukur,14.276761,80.102039,28_515_shc_2025-26.7313,226.0,2.9,35.1,0.71,0.059749998152256,0.0658142864704132,0.0845249965786933,0.0867400020360946,0.1260499954223632,0.2080000042915344,0.2342499941587448,0.2106499969959259,0.2526666522026062,0.2318571358919143,0.2451000064611435,0.1783899962902069,0.4166582524776459,0.2512622475624084,0.2503266891537034,0.2330917025111612,1.1635414361953735,8,6,288,198,0.107494688870614,303.55635492425216,302.62925837332745,0.0009839414193651,318,363,318
Muthukur,14.27705,80.08013,28_515_shc_2025-26.2542,213.0,28.8,91.3,1.15,0.0797333344817161,0.0768250003457069,0.1086999997496604,0.1203000023961067,0.1985999941825866,0.2584500014781952,0.2980999946594238,0.2816999852657318,0.3290333449840545,0.3334249854087829,0.3226000070571899,0.2304999977350235,0.4014925062656402,0.1730168461799621,0.282699099186861,0.2684035228559242,1.1451900005340576,6,1,270,183,0.107494688870614,303.55635492425216,302.62925837332745,0.0009839414193651,334,333,333
Muthukur,14.277084,80.098268,28_515_shc_2025-26.7426,263.0,6.5,203.7,0.91,0.0813874974846839,0.104324996471405,0.1425999999046325,0.1611000001430511,0.2281000018119812,0.2912999987602234,0.3181749880313873,0.3181000053882599,0.3488666713237762,0.3257714211940765,0.3720999956130981,0.3016499876976013,0.3276293873786926,0.1647748053073883,0.2612725835641419,0.2405024576567802,1.1697579622268677,6,3,90,171,0.107494688870614,303.55635492425216,302.62925837332745,0.0009839414193651,329,347,324
Griddalur,14.278,79.738,28_515_shc_2025-26.4195,213.0,7.7,223.5,0.11,0.0502666682004928,0.0476250015199184,0.0671666637063026,0.0590750016272068,0.0948999971151351,0.1509499996900558,0.176949992775917,0.1512333303689956,0.1840499937534332,0.2547000050544739,0.1578000038862228,0.0942500010132789,0.4382057785987854,0.2288732379674911,0.2006065813131173,0.194616178475888,1.0434207916259766,28,2,27,177,0.231649499190481,303.68225010654385,302.9440113201476,0.0008498368092997,299,327,374
Orupalle @ Turimerla,14.278,79.742,28_515_shc_2025-26.5405,63.0,1.5,279.3,0.1,0.0475249998271465,0.0454199984669685,0.064300000667572,0.0467000007629394,0.1175500005483627,0.2346999943256378,0.2878499925136566,0.2877500057220459,0.3093500137329101,0.3113833367824554,0.1981000006198883,0.1084999963641166,0.7207355499267578,0.4199358522891998,0.4910168676728313,0.4333093709972493,0.6884447932243347,32,1,314,183,0.231649499190481,303.68225010654385,302.9440113201476,0.0008498368092997,316,309,375
Akkampeta,14.278,79.828,28_515_shc_2024-25.984,113.0,6.1,347.6,0.12,0.0648500025272369,0.0735799968242645,0.1093199998140335,0.129050001502037,0.1814499944448471,0.2535000145435333,0.2860499918460846,0.2885499894618988,0.3231750130653381,0.3369500041007995,0.3140499889850616,0.2375749945640564,0.3819444179534912,0.2278723418712616,0.2638980569270699,0.2607345077330061,1.0883729457855225,20,1,46,177,0.2658455162717585,303.5789058082982,302.8281644520007,0.0009145677052484,347,326,328
Muthukur,14.278858,80.082348,28_515_shc_2025-26.5802,213.0,38.77,182.6,0.29,0.0834250003099441,0.1225000023841857,0.1538500040769577,0.1816000044345855,0.2125000059604644,0.2508000135421753,0.2745999991893768,0.2669000029563904,0.2955000102519989,0.260019987821579,0.3330999910831451,0.2885999977588653,0.1901895105838775,0.1134751662611961,0.1483220271756135,0.1348972027260782,1.2480329275131226,11,5,270,195,0.107494688870614,303.55635492425216,302.62925837332745,0.0009839414193651,336,332,331
Muthukur,14.278858,80.082348,28_515_shc_2025-26.7498,125.0,2.9,154.5,0.91,0.0834250003099441,0.1225000023841857,0.1538500040769577,0.1816000044345855,0.2125000059604644,0.2508000135421753,0.2745999991893768,0.2669000029563904,0.2955000102519989,0.260019987821579,0.3330999910831451,0.2885999977588653,0.1901895105838775,0.1134751662611961,0.1483220271756135,0.1348972027260782,1.2480329275131226,11,5,270,195,0.107494688870614,303.55635492425216,302.62925837332745,0.0009839414193651,336,332,331
Muthukur,14.281128,80.081286,28_515_shc_2025-26.9807,176.0,14.7,147.5,0.5,0.0744099989533424,0.0798199996352195,0.0995666682720184,0.097800001502037,0.1628500074148178,0.249633327126503,0.2915500104427337,0.2826200127601623,0.3139714300632477,0.3029375076293945,0.2045000046491623,0.1220000013709068,0.485831469297409,0.2688620984554291,0.3635984633207862,0.3148838195364168,0.7235864400863647,4,1,46,177,0.107494688870614,303.55635492425216,302.62925837332745,0.0009839414193651,338,340,322
Narikellapalle,14.28184,80.049233,28_515_shc_2025-26.5768,439.0,6.5,35.1,0.06,0.0685499981045723,0.0833500027656555,0.1060499995946884,0.1004500016570091,0.1647499948740005,0.2710500061511993,0.330949991941452,0.332500010728836,0.3657000064849853,0.3630000054836273,0.24269999563694,0.1589999943971634,0.5359741449356079,0.3373554944992065,0.4428181766015229,0.3730907433267552,0.7299247980117798,5,1,226,183,0.2152342879981325,303.2441376133969,302.1511924810577,0.0009509601238711,312,348,340
Narikellapalle,14.283765,80.051839,28_515_shc_2025-26.5565,301.0,29.4,35.1,0.12,0.069750003516674,0.1022000014781951,0.1397999972105026,0.1488000005483627,0.2079499959945678,0.2890500128269195,0.3208999931812286,0.3310000002384186,0.3560999929904938,0.332500010728836,0.2422000020742416,0.1455000042915344,0.3797415494918823,0.2283143252134323,0.3125643323869209,0.2789344757252738,0.7317220568656921,9,1,134,177,0.107494688870614,303.55635492425216,302.62925837332745,0.0009839414193651,311,351,338
Narikellapalle,14.283765,80.051839,28_515_shc_2025-26.5577,238.0,12.3,105.3,0.27,0.069750003516674,0.1022000014781951,0.1397999972105026,0.1488000005483627,0.2079499959945678,0.2890500128269195,0.3208999931812286,0.3310000002384186,0.3560999929904938,0.332500010728836,0.2422000020742416,0.1455000042915344,0.3797415494918823,0.2283143252134323,0.3125643323869209,0.2789344757252738,0.7317220568656921,9,1,134,177,0.107494688870614,303.55635492425216,302.62925837332745,0.0009839414193651,311,351,338
Narikellapalle,14.283765,80.051839,28_515_shc_2025-26.5767,276.0,37.59,35.1,0.06,0.069750003516674,0.1022000014781951,0.1397999972105026,0.1488000005483627,0.2079499959945678,0.2890500128269195,0.3208999931812286,0.3310000002384186,0.3560999929904938,0.332500010728836,0.2422000020742416,0.1455000042915344,0.3797415494918823,0.2283143252134323,0.3125643323869209,0.2789344757252738,0.7317220568656921,9,1,134,177,0.107494688870614,303.55635492425216,302.62925837332745,0.0009839414193651,311,351,338
Muthukur,14.285,80.085,28_515_shc_2025-26.8780,100.0,12.9,224.7,0.85,0.0791666656732559,0.1049999967217445,0.1331499963998794,0.1702000051736831,0.2104000002145767,0.2486999928951263,0.2823666632175445,0.2894200086593628,0.3075166642665863,0.2979199886322021,0.3040750026702881,0.2079000025987625,0.2593881785869598,0.1580969244241714,0.1956838569081893,0.1863550182891789,1.0506356954574585,3,3,314,186,0.107494688870614,303.55635492425216,302.62925837332745,0.0009839414193651,326,363,310
Muthukur,14.286568,80.097605,28_515_shc_2025-26.10633,25.0,15.3,133.4,0.98,0.0717500001192092,0.1024499982595443,0.1264500021934509,0.1402833312749862,0.1547500044107437,0.2080000042915344,0.2310249954462051,0.240633338689804,0.2514333426952362,0.241249993443489,0.2726166546344757,0.2187249958515167,0.2634434700012207,0.217215359210968,0.1909307251346438,0.1708731554918164,1.1329131126403809,5,3,35,174,0.107494688870614,303.55635492425216,302.62925837332745,0.0009839414193651,324,359,317
Narikellapalle,14.287024,80.052716,28_515_shc_2025-26.5739,201.0,1.8,56.2,0.07,0.066600002348423,0.0888999998569488,0.1234999969601631,0.1371999979019165,0.1675000041723251,0.2445999979972839,0.2786000072956085,0.3066000044345855,0.3021000027656555,0.2662000060081482,0.2759999930858612,0.2030999958515167,0.3817034959793091,0.2933980226516723,0.2894638039584259,0.2692307789467528,0.9001956582069397,11,3,19,177,0.107494688870614,303.55635492425216,302.62925837332745,0.0009839414193651,311,353,336
Griddalur,14.288,79.732,28_515_shc_2025-26.4203,238.0,19.2,273.1,0.18,0.0984111130237579,0.0449666678905487,0.0643666684627533,0.0533545464277267,0.099370002746582,0.2640599906444549,0.3154124915599823,0.318450003862381,0.3409000039100647,0.333979994058609,0.2170100063085556,0.1191333308815956,0.712996780872345,0.5243406295776367,0.509278993232555,0.4561150615922558,0.6814570426940918,36,1,46,177,0.231649499190481,303.68225010654385,302.9440113201476,0.0008498368092997,313,307,380
Orupalle,14.288,79.732,28_515_shc_2025-26.5102,125.0,88.3,161.4,0.27,0.0984111130237579,0.0449666678905487,0.0643666684627533,0.0533545464277267,0.099370002746582,0.2640599906444549,0.3154124915599823,0.318450003862381,0.3409000039100647,0.333979994058609,0.2170100063085556,0.1191333308815956,0.712996780872345,0.5243406295776367,0.509278993232555,0.4561150615922558,0.6814570426940918,36,1,46,177,0.231649499190481,303.68225010654385,302.9440113201476,0.0008498368092997,313,307,380
Muthukur,14.288,80.088,28_515_shc_2025-26.11286,151.0,2.9,77.3,1.08,0.0406571440398693,0.0342749990522861,0.0419666655361652,0.0321400016546249,0.03592000156641,0.0301399994641542,0.0301249995827674,0.028314284980297,0.0262333340942859,0.137700006365776,0.0399199984967708,0.0265399999916553,-0.0632828027009964,-0.1184058710932731,-0.0099205196702438,-0.0102391491123162,1.4098889827728271,6,1,90,177,0.107494688870614,303.55635492425216,302.62925837332745,0.0009839414193651,331,369,301
Narikellapalle,14.290617,80.057937,28_515_shc_2025-26.2441,263.0,2.9,63.2,0.09,0.0547499991953372,0.0614000000059604,0.0890500023961067,0.0793000012636184,0.1420000046491623,0.2521499991416931,0.3118999898433685,0.3332499861717224,0.3390499949455261,0.350849986076355,0.2276999950408935,0.1413500010967254,0.6155617237091064,0.4024197459220886,0.4707834082771017,0.4174291629028667,0.6832708120346069,6,2,296,186,0.107494688870614,303.55635492425216,302.62925837332745,0.0009839414193651,312,354,334
Narikellapalle,14.291693,80.056201,28_515_shc_2025-26.5825,276.0,7.0,56.2,0.14,0.0848999992012977,0.1176000013947486,0.1601999998092651,0.1953999996185302,0.2067999988794326,0.2721000015735626,0.3057000041007995,0.324999988079071,0.3321999907493591,0.334199994802475,0.3257000148296356,0.25,0.2490391880273819,0.2222639918327331,0.2005695035901165,0.1905135094419681,1.0021538734436035,7,2,0,180,0.107494688870614,303.55635492425216,302.62925837332745,0.0009839414193651,319,347,334
Akilavalasa,14.292,79.502,28_515_shc_2025-26.4919,113.0,6.9,620.7,0.25,0.061099998652935,0.0680999979376792,0.0970000028610229,0.1002999991178512,0.1605000048875808,0.2195000052452087,0.2538000047206878,0.2680000066757202,0.2782999873161316,0.2667999863624573,0.2910000085830688,0.2124000042676925,0.4553353488445282,0.2508751451969147,0.3084875565259447,0.2897040304714758,1.0858209133148191,102,3,134,174,0.1715191288998252,303.3423892238684,302.68293932864543,0.0007849667291325,330,260,409
Akilavalasa,14.292,79.502,28_515_shc_2025-26.5088,138.0,5.4,620.7,0.44,0.061099998652935,0.0680999979376792,0.0970000028610229,0.1002999991178512,0.1605000048875808,0.2195000052452087,0.2538000047206878,0.2680000066757202,0.2782999873161316,0.2667999863624573,0.2910000085830688,0.2124000042676925,0.4553353488445282,0.2508751451969147,0.3084875565259447,0.2897040304714758,1.0858209133148191,102,3,134,174,0.1715191288998252,303.3423892238684,302.68293932864543,0.0007849667291325,330,260,409
Akilavalasa,14.292,79.502,28_515_shc_2025-26.5092,125.0,1.5,620.7,0.34,0.061099998652935,0.0680999979376792,0.0970000028610229,0.1002999991178512,0.1605000048875808,0.2195000052452087,0.2538000047206878,0.2680000066757202,0.2782999873161316,0.2667999863624573,0.2910000085830688,0.2124000042676925,0.4553353488445282,0.2508751451969147,0.3084875565259447,0.2897040304714758,1.0858209133148191,102,3,134,174,0.1715191288998252,303.3423892238684,302.68293932864543,0.0007849667291325,330,260,409
Devaravemur,14.292,79.752,28_515_shc_2023-24.5034,63.0,19.2,465.0,0.16,0.054166667163372,0.0710666701197624,0.098300002515316,0.1067000031471252,0.1500333398580551,0.2319999933242797,0.2687000036239624,0.2689666748046875,0.294050008058548,0.301800012588501,0.2725000083446502,0.1844999939203262,0.4319432079792022,0.2838504314422607,0.2947801953346244,0.2779596547577405,1.0131367444992063,26,2,116,174,0.2658455162717585,303.5789058082982,302.8281644520007,0.0009145677052484,322,337,341
Muthukur,14.292,80.098,28_515_shc_2025-26.7408,263.0,2.3,217.7,0.23,0.0882999971508979,0.1098999977111816,0.1415999978780746,0.1825000047683715,0.214599996805191,0.2592999935150146,0.2884500026702881,0.2942500114440918,0.3165000081062317,0.3106400072574615,0.3713999986648559,0.3132500052452087,0.2343995869159698,0.1565294563770294,0.1785143811339461,0.1716150573138239,1.2621920108795166,4,3,341,183,0.107494688870614,303.55635492425216,302.62925837332745,0.0009839414193651,313,361,326
Muthukur,14.292,80.098,28_515_shc_2025-26.165,176.0,12.3,91.3,1.06,0.0882999971508979,0.1098999977111816,0.1415999978780746,0.1825000047683715,0.214599996805191,0.2592999935150146,0.2884500026702881,0.2942500114440918,0.3165000081062317,0.3106400072574615,0.3713999986648559,0.3132500052452087,0.2343995869159698,0.1565294563770294,0.1785143811339461,0.1716150573138239,1.2621920108795166,4,3,341,183,0.107494688870614,303.55635492425216,302.62925837332745,0.0009839414193651,313,361,326
Muthukur,14.292,80.102,28_515_shc_2025-26.11238,13.0,15.3,126.4,0.88,0.0553428567945957,0.0510666668415069,0.0692000016570091,0.061099998652935,0.1325999945402145,0.2210499942302703,0.2547250092029571,0.2610250115394592,0.2782999873161316,0.2551499903202057,0.2721000015735626,0.1851000040769577,0.6206441521644592,0.326262354850769,0.4015768053466868,0.3647711912566757,1.0424288511276243,2,1,180,180,0.107494688870614,303.55635492425216,302.62925837332745,0.0009839414193651,330,357,313
Jorepalle Akkamambapuram,14.298,79.632,28_515_shc_2025-26.7030,188.0,22.3,80.7,0.09,0.0435499995946884,0.0652500018477439,0.0959333330392837,0.1239333301782608,0.169400006532669,0.2289000004529953,0.2587999999523163,0.2648000121116638,0.2842499911785126,0.2776333391666412,0.3345000147819519,0.2427999973297119,0.3623735606670379,0.219714418053627,0.2318373362039292,0.2377541303397771,1.263217568397522,76,2,27,177,0.1958327711674205,303.89847303691664,302.9325795424612,0.0007825753812462,314,266,420
Devaravemur,14.302,79.758,28_515_shc_2025-26.7074,176.0,7.7,279.3,0.25,0.0516000017523765,0.0613499991595745,0.0926000028848648,0.0794999971985817,0.1373499929904937,0.2836999893188476,0.3244999945163727,0.3439500033855438,0.3495999872684479,0.3055399954319,0.2383500039577484,0.1586499959230423,0.6245129704475403,0.4292541146278381,0.4858266264408586,0.4295576468996996,0.6929786205291748,32,1,314,183,0.2658455162717585,303.5789058082982,302.8281644520007,0.0009145677052484,320,326,353
Devaravemur,14.302,79.758,28_515_shc_2025-26.7063,50.0,3.8,142.8,0.18,0.0516000017523765,0.0613499991595745,0.0926000028848648,0.0794999971985817,0.1373499929904937,0.2836999893188476,0.3244999945163727,0.3439500033855438,0.3495999872684479,0.3055399954319,0.2383500039577484,0.1586499959230423,0.6245129704475403,0.4292541146278381,0.4858266264408586,0.4295576468996996,0.6929786205291748,32,1,314,183,0.2658455162717585,303.5789058082982,302.8281644520007,0.0009145677052484,320,326,353
Mollur,14.302,80.078,28_515_shc_2025-26.6031,188.0,4.7,84.3,0.16,0.0832500010728836,0.0983999967575073,0.1267250031232834,0.1243999972939491,0.1994999945163726,0.2755799889564514,0.3502666652202606,0.3558624982833862,0.3722666800022125,0.3560500144958496,0.2779749929904938,0.168500006198883,0.4819499850273132,0.2815503478050232,0.4241531595081802,0.3541844690076329,0.781130313873291,9,1,180,180,0.107494688870614,303.55635492425216,302.62925837332745,0.0009839414193651,327,344,329
Survepalle Bit - V,14.308,80.028,28_515_shc_2025-26.11488,188.0,10.6,119.4,0.3,0.0785999968647956,0.0988999977707862,0.1392000019550323,0.1659999936819076,0.2129999995231628,0.2887000143527984,0.325899988412857,0.3524999916553497,0.3626999855041504,0.3799000084400177,0.3368000090122223,0.2389000058174133,0.3596914112567901,0.2466843426227569,0.2901820466804862,0.274668631308354,0.9554610252380372,7,1,270,183,0.2152342879981325,303.2441376133969,302.1511924810577,0.0009509601238711,335,347,318
Valluru,14.308,80.062,28_515_shc_2025-26.10649,125.0,11.7,91.3,0.52,0.0706499963998794,0.0710000023245811,0.1004500016570091,0.099600002169609,0.1555500030517578,0.2435500025749206,0.2782999873161316,0.2671999931335449,0.3040499985218048,0.2820999920368194,0.2648999989032745,0.190650001168251,0.4569247364997864,0.2641040682792663,0.3144937183504633,0.2900322886572921,0.9913922548294068,10,3,226,186,0.107494688870614,303.55635492425216,302.62925837332745,0.0009839414193651,315,344,341
Mollur,14.308,80.062,28_515_shc_2025-26.7443,63.0,22.3,70.2,0.34,0.0706499963998794,0.0710000023245811,0.1004500016570091,0.099600002169609,0.1555500030517578,0.2435500025749206,0.2782999873161316,0.2671999931335449,0.3040499985218048,0.2820999920368194,0.2648999989032745,0.190650001168251,0.4569247364997864,0.2641040682792663,0.3144937183504633,0.2900322886572921,0.9913922548294068,10,3,226,186,0.107494688870614,303.55635492425216,302.62925837332745,0.0009839414193651,315,344,341
Mollur,14.308,80.078,28_515_shc_2025-26.8811,188.0,5.3,35.1,0.22,0.0409888885915279,0.0513882339000701,0.0719555541872978,0.0566333346068859,0.107412502169609,0.2128333300352096,0.2437749952077865,0.2516500055789947,0.2736000120639801,0.2679333388805389,0.1551499962806701,0.0852333307266235,0.6325890421867371,0.4017058312892914,0.4042505897339754,0.3619089889826151,0.6165308952331543,8,2,90,174,0.107494688870614,303.55635492425216,302.62925837332745,0.0009839414193651,321,344,335
Mollur,14.308,80.078,28_515_shc_2025-26.8810,201.0,11.2,56.2,0.4,0.0409888885915279,0.0513882339000701,0.0719555541872978,0.0566333346068859,0.107412502169609,0.2128333300352096,0.2437749952077865,0.2516500055789947,0.2736000120639801,0.2679333388805389,0.1551499962806701,0.0852333307266235,0.6325890421867371,0.4017058312892914,0.4042505897339754,0.3619089889826151,0.6165308952331543,8,2,90,174,0.107494688870614,303.55635492425216,302.62925837332745,0.0009839414193651,321,344,335
Muthukur,14.308,80.098,28_515_shc_2025-26.5650,151.0,12.9,49.2,0.49,0.087666667997837,0.0922000035643577,0.1279750019311905,0.1379500031471252,0.2118666619062423,0.3303000032901764,0.3632999956607818,0.3582000136375427,0.3948000073432922,0.3646749854087829,0.3251999914646148,0.2409999966621399,0.4439181685447693,0.2566951513290405,0.3684589293987866,0.3316518698679513,0.9078726172447203,7,1,180,180,0.107494688870614,303.55635492425216,302.62925837332745,0.0009839414193651,332,337,331
Survepalle Bit - V,14.309221,80.017049,28_515_shc_2025-26.136,263.0,46.4,84.3,0.1,0.0512499995529651,0.0599000006914138,0.0930000022053718,0.0869999974966049,0.1523499935865402,0.2638500034809112,0.3171499967575073,0.3314999938011169,0.3533500134944916,0.3373500108718872,0.1518000066280365,0.0772999972105026,0.5842294096946716,0.3702593743801117,0.4352857413245064,0.3992923221900064,0.4579185843467712,6,1,90,177,0.2152342879981325,303.2441376133969,302.1511924810577,0.0009509601238711,316,345,340
Survepalle Bit - V,14.311743,80.022889,28_515_shc_2025-26.144,489.0,4.1,49.2,0.27,0.0682500004768371,0.0802500024437904,0.1142999976873397,0.1320499926805496,0.190650001168251,0.3006500005722046,0.3581500053405761,0.3668000102043152,0.3987999856472015,0.3992500007152557,0.2779499888420105,0.165800005197525,0.470582365989685,0.3159924745559692,0.3768723616832242,0.3525304352692052,0.7577698230743408,8,1,0,180,0.2152342879981325,303.2441376133969,302.1511924810577,0.0009509601238711,339,332,330
Survepalle Bit - V,14.311743,80.022889,28_515_shc_2025-26.237,88.0,8.2,42.1,0.63,0.0682500004768371,0.0802500024437904,0.1142999976873397,0.1320499926805496,0.190650001168251,0.3006500005722046,0.3581500053405761,0.3668000102043152,0.3987999856472015,0.3992500007152557,0.2779499888420105,0.165800005197525,0.470582365989685,0.3159924745559692,0.3768723616832242,0.3525304352692052,0.7577698230743408,8,1,0,180,0.2152342879981325,303.2441376133969,302.1511924810577,0.0009509601238711,339,332,330
Mollur,14.312,80.082,28_515_shc_2025-26.10632,351.0,4.1,105.3,0.42,0.0590800009667873,0.0848999992012977,0.1205333322286605,0.1040500029921531,0.184125006198883,0.2642500102519989,0.3169000148773193,0.3474666774272918,0.3511399924755096,0.3312999904155731,0.244499996304512,0.1490499973297119,0.53910893201828,0.3072690367698669,0.4558307663590582,0.3837294912074002,0.7036646008491516,8,1,270,183,0.107494688870614,303.55635492425216,302.62925837332745,0.0009839414193651,327,342,331
Survepalle Bit - V,14.314718,80.031627,28_515_shc_2025-26.159,213.0,20.6,70.2,0.97,0.0734999999403953,0.0852999985218048,0.1099999994039535,0.1067999973893165,0.1709000021219253,0.275299996137619,0.3283999860286712,0.3504000008106231,0.3671999871730804,0.3375999927520752,0.2377000004053115,0.1456000059843063,0.5328084230422974,0.3443314731121063,0.450627111806419,0.3817384097566987,0.678367555141449,6,1,180,180,0.2152342879981325,303.2441376133969,302.1511924810577,0.0009509601238711,324,346,330
Survepalle Bit - V,14.314856,80.018874,28_515_shc_2025-26.153,401.0,10.6,70.2,0.08,0.065200001001358,0.089599996805191,0.1190000027418136,0.1194000020623207,0.2173999994993209,0.3127000033855438,0.3587000072002411,0.3713000118732452,0.4056999981403351,0.3641000092029571,0.3368000090122223,0.2188999950885772,0.5133482813835144,0.2614234983921051,0.4448329470104537,0.3813970015154978,0.9070832133293152,9,0,0,180,0.2152342879981325,303.2441376133969,302.1511924810577,0.0009509601238711,322,339,339
Survepalle Bit - V,14.316188,80.021977,28_515_shc_2025-26.9710,100.0,21.7,42.1,0.87,0.0685999989509582,0.0803000032901763,0.1289999932050705,0.1376000046730041,0.2236000001430511,0.3140000104904175,0.3637999892234802,0.3727999925613403,0.4101000130176544,0.3876999914646148,0.2745999991893768,0.1755000054836273,0.4608150124549866,0.2501676678657532,0.3683864118176463,0.349168629056002,0.7365880012512207,7,1,0,180,0.2152342879981325,303.2441376133969,302.1511924810577,0.0009509601238711,340,328,333
Mamidipudi,14.318,80.098,28_515_shc_2025-26.326,75.0,24.1,105.3,0.35,0.0754500031471252,0.0743187516927719,0.1106199994683265,0.1185333356261253,0.1639750003814697,0.2335249930620193,0.2624000012874603,0.2851499915122986,0.2887249886989593,0.3224666714668274,0.2831000089645386,0.2038999944925308,0.4127409756183624,0.2698023915290832,0.2894742194269956,0.2765625704533741,0.992810845375061,11,3,46,174,0.107494688870614,303.55635492425216,302.62925837332745,0.0009839414193651,317,358,325
Mamidipudi,14.318,80.098,28_515_shc_2025-26.5675,75.0,8.2,217.7,0.68,0.0754500031471252,0.0743187516927719,0.1106199994683265,0.1185333356261253,0.1639750003814697,0.2335249930620193,0.2624000012874603,0.2851499915122986,0.2887249886989593,0.3224666714668274,0.2831000089645386,0.2038999944925308,0.4127409756183624,0.2698023915290832,0.2894742194269956,0.2765625704533741,0.992810845375061,11,3,46,174,0.107494688870614,303.55635492425216,302.62925837332745,0.0009839414193651,317,358,325
Degapudi,14.322,79.718,28_515_shc_2023-24.5463,276.0,23.8,341.4,0.16,0.0553000010550022,0.0785999968647956,0.1115000024437904,0.1101666688919067,0.1805000007152557,0.2725499868392944,0.3195500075817108,0.3294000029563904,0.3508666753768921,0.3229750096797943,0.2843500077724457,0.1859000027179718,0.4987487494945526,0.2920180559158325,0.3912365761877648,0.3500017731044229,0.8632361888885498,33,0,0,180,0.231649499190481,303.68225010654385,302.9440113201476,0.0008498368092997,343,259,398
Mamidipudi,14.322,80.082,28_515_shc_2025-26.2537,13.0,9.4,196.6,0.29,0.0645999982953071,0.0808571428060531,0.1142999976873397,0.123999997973442,0.1643500030040741,0.256933331489563,0.3152999877929687,0.3350000083446502,0.3443666696548462,0.3422000110149383,0.2319999933242797,0.1367000043392181,0.4596950113773346,0.3417442739009857,0.3582169373400034,0.3300312966336226,0.692537248134613,6,6,52,165,0.107494688870614,303.55635492425216,302.62925837332745,0.0009839414193651,320,374,306
Survepalle Bit-I,14.325,79.955,28_515_shc_2023-24.7533,50.0,119.0,74.5,0.14,0.0636000037193298,0.0600499995052814,0.089599996805191,0.1063999980688095,0.1815000027418136,0.2412000000476837,0.2696000039577484,0.2134000062942505,0.2813499867916107,0.2990500032901764,0.327349990606308,0.2288500070571899,0.3345841467380523,0.080779954791069,0.1908771577970039,0.1957794724127395,1.5339736938476562,17,1,270,183,0.2152342879981325,303.2441376133969,302.1511924810577,0.0009509601238711,354,335,312
Valluru,14.328,80.058,28_515_shc_2025-26.10646,13.0,16.4,77.3,0.71,0.0649999976158142,0.0786999985575676,0.1136000007390976,0.0904000028967857,0.1708000004291534,0.2587999999523163,0.3131000101566314,0.3257000148296356,0.3492000102996826,0.3535000085830688,0.244499996304512,0.1489000022411346,0.5654890537261963,0.3119839131832123,0.4603435536441596,0.3852745454314331,0.750690758228302,10,2,244,186,0.107494688870614,303.55635492425216,302.62925837332745,0.0009839414193651,331,348,321
Valluru,14.328,80.058,28_515_shc_2025-26.10650,125.0,15.9,231.8,0.42,0.0649999976158142,0.0786999985575676,0.1136000007390976,0.0904000028967857,0.1708000004291534,0.2587999999523163,0.3131000101566314,0.3257000148296356,0.3492000102996826,0.3535000085830688,0.244499996304512,0.1489000022411346,0.5654890537261963,0.3119839131832123,0.4603435536441596,0.3852745454314331,0.750690758228302,10,2,244,186,0.107494688870614,303.55635492425216,302.62925837332745,0.0009839414193651,331,348,321
Mamidipudi,14.328,80.078,28_515_shc_2025-26.11408,50.0,2.3,280.9,0.48,0.0793000012636184,0.1152833327651023,0.1509499996900558,0.1715900003910064,0.189383327960968,0.2776499986648559,0.3142833411693573,0.3365333378314972,0.3472999930381775,0.3130750060081482,0.3213666677474975,0.2346999943256378,0.3246127963066101,0.2797971963882446,0.2746403798228746,0.2454213654025425,0.9549326300621032,9,2,27,177,0.107494688870614,303.55635492425216,302.62925837332745,0.0009839414193651,328,353,319
Mamidipudi,14.328,80.082,28_515_shc_2025-26.10607,226.0,1.2,147.5,0.4,0.0632999986410141,0.0687500014901161,0.0958999991416931,0.0878999978303909,0.1542000025510788,0.2682571411132812,0.3024600148200989,0.3076499998569488,0.3331666588783264,0.3497999906539917,0.2749249935150146,0.1806000024080276,0.5555555820465088,0.332250714302063,0.4163745686185469,0.3680699055229273,0.8936290740966797,6,2,64,174,0.107494688870614,303.55635492425216,302.62925837332745,0.0009839414193651,324,378,298
Valluru,14.332,80.058,28_515_shc_2025-26.10652,88.0,4.1,119.4,0.71,0.062899999320507,0.0763999968767166,0.1054999977350235,0.0920000001788139,0.165800005197525,0.2603999972343445,0.3073999881744385,0.3181000053882599,0.3425000011920929,0.3411999940872192,0.193900004029274,0.1118000000715255,0.5513289570808411,0.3147344291210174,0.4357798165137615,0.3726513633002871,0.6095567345619202,7,6,180,180,0.107494688870614,303.55635492425216,302.62925837332745,0.0009839414193651,342,344,314
Valluru,14.332,80.058,28_515_shc_2025-26.10638,226.0,15.9,161.5,0.65,0.062899999320507,0.0763999968767166,0.1054999977350235,0.0920000001788139,0.165800005197525,0.2603999972343445,0.3073999881744385,0.3181000053882599,0.3425000011920929,0.3411999940872192,0.193900004029274,0.1118000000715255,0.5513289570808411,0.3147344291210174,0.4357798165137615,0.3726513633002871,0.6095567345619202,7,6,180,180,0.107494688870614,303.55635492425216,302.62925837332745,0.0009839414193651,342,344,314
Nelaturu,14.335,80.125,28_515_shc_2025-26.11224,213.0,23.5,140.5,1.24,0.088079996407032,0.112955555319786,0.1469600051641464,0.1782000064849853,0.2214999943971634,0.2716333270072937,0.3100000023841858,0.30621999502182,0.3467000126838684,0.33928182721138,0.3568333387374878,0.2670666575431824,0.2642747759819031,0.1605396866798401,0.2094220616994467,0.1950691600245025,1.165284276008606,4,2,90,174,0.107494688870614,303.55635492425216,302.62925837332745,0.0009839414193651,310,362,329
Kanupuru Bit - I,14.338,79.872,28_515_shc_2023-24.7538,50.0,26.9,577.3,0.22,0.0533666685223579,0.0765250027179718,0.1039500012993812,0.1083000004291534,0.1503500044345855,0.2501499950885772,0.2953999936580658,0.3163500130176544,0.3235999941825866,0.3173600137233734,0.2623000144958496,0.1617500036954879,0.4899328947067261,0.3556888699531555,0.3735960086995371,0.3375060988962005,0.8291449546813965,28,1,226,183,0.2175651684141995,303.6593908343399,302.81715670803135,0.0009489460091127,340,342,319
Pynampuram,14.338,80.098,28_515_shc_2025-26.11271,477.0,14.1,91.3,0.55,0.0763454511761665,0.09136363863945,0.1304111182689666,0.1615999937057495,0.2328699976205825,0.2884527742862701,0.3387750089168548,0.3273999989032745,0.3684499859809875,0.3654749989509582,0.3895500004291534,0.2833000123500824,0.3390593230724334,0.1687222272157669,0.2571702699542094,0.251466137163668,1.1898289918899536,11,3,72,171,0.107494688870614,303.55635492425216,302.62925837332745,0.0009839414193651,320,344,336
Gonupalle,14.342,79.472,28_515_shc_2025-26.4982,75.0,0.8,620.7,0.2,0.0537000000476837,0.0649000033736229,0.0923999994993209,0.1044000014662742,0.1431500017642974,0.2380499988794326,0.2739999890327453,0.293749988079071,0.3062500059604645,0.3066999912261963,0.26460000872612,0.1811500042676925,0.4755745232105255,0.3447012901306152,0.3302462508158169,0.3162333499140518,0.9007660150527954,101,1,0,180,0.1715191288998252,303.3423892238684,302.68293932864543,0.0007849667291325,322,265,413
Brahmadevam,14.342,80.062,28_515_shc_2025-26.10675,63.0,3.5,98.3,0.73,0.0658000037074089,0.0798000022768974,0.1172000020742416,0.1381999999284744,0.1958000063896179,0.2757999897003174,0.3156999945640564,0.3269000053405761,0.3569999933242798,0.3567000031471252,0.3386000096797943,0.2295999974012375,0.4057192206382751,0.2508130669593811,0.3028698107439386,0.2932856766892711,1.0357908010482788,8,2,153,177,0.107494688870614,303.55635492425216,302.62925837332745,0.0009839414193651,340,330,330
Brahmadevam,14.348,80.068,28_515_shc_2025-26.10687,188.0,8.2,28.1,0.65,0.0621000006794929,0.0641999989748001,0.0949999988079071,0.0901999995112419,0.1515000015497207,0.2635999917984009,0.325899988412857,0.3188000023365021,0.3472999930381775,0.2619000077247619,0.2173999994993209,0.1318999975919723,0.5589241981506348,0.3557303845882416,0.4145810693670993,0.3772277266676238,0.6819322109222412,9,2,90,174,0.107494688870614,303.55635492425216,302.62925837332745,0.0009839414193651,345,341,313
Pidatapolur,14.348,80.082,28_515_shc_2025-26.7394,163.0,5.3,105.3,0.6,0.0602714270353317,0.0601399987936019,0.0895738080143928,0.0799399986863136,0.1462666690349578,0.287200003862381,0.3323333263397217,0.380866676568985,0.3616999983787536,0.3348875045776367,0.2091833353042602,0.1167000010609626,0.6530432105064392,0.4450486898422241,0.5337636172796258,0.4698031648292482,0.5492298007011414,8,1,0,180,0.107494688870614,303.55635492425216,302.62925837332745,0.0009839414193651,337,356,307
Pynampuram,14.348,80.108,28_515_shc_2025-26.11468,213.0,17.6,224.7,0.65,0.0842124968767166,0.1076499968767166,0.1488499939441681,0.1903000026941299,0.2323749959468841,0.2803333401679992,0.3191833198070526,0.33160001039505,0.3591249883174896,0.364650011062622,0.3845750093460083,0.2864499986171722,0.2707415223121643,0.175938680768013,0.2120316373727971,0.2074077784877017,1.1597557067871094,4,3,314,186,0.107494688870614,303.55635492425216,302.62925837332745,0.0009839414193651,331,344,326
Pynampuram,14.348,80.108,28_515_shc_2025-26.11472,289.0,20.0,119.4,0.98,0.0842124968767166,0.1076499968767166,0.1488499939441681,0.1903000026941299,0.2323749959468841,0.2803333401679992,0.3191833198070526,0.33160001039505,0.3591249883174896,0.364650011062622,0.3845750093460083,0.2864499986171722,0.2707415223121643,0.175938680768013,0.2120316373727971,0.2074077784877017,1.1597557067871094,4,3,314,186,0.107494688870614,303.55635492425216,302.62925837332745,0.0009839414193651,331,344,326
Pidatapolur,14.352,80.082,28_515_shc_2025-26.7399,188.0,10.0,105.3,0.86,0.0708333328366279,0.0810000002384185,0.1054499968886375,0.1045999974012374,0.179649993777275,0.2610250115394592,0.3073333203792572,0.3075999915599823,0.3424000144004822,0.3433083295822143,0.2400750070810318,0.1511500030755996,0.4924793839454651,0.2625962197780609,0.3822399602821252,0.3338083697905661,0.7804779410362244,3,3,161,177,0.1092869273403234,303.56803940890126,302.5976914188318,0.0009679273787539,347,357,297
Pynampuram,14.352,80.108,28_515_shc_2025-26.7386,151.0,13.5,175.6,0.71,0.0828249976038932,0.1064200028777122,0.146599993109703,0.1914000064134597,0.2336499989032745,0.2801750004291534,0.3172749876976013,0.3332000076770782,0.3587799966335296,0.3577199876308441,0.3858999907970428,0.2838000059127807,0.2703011631965637,0.1756196618080139,0.2105794635920621,0.2075932061002613,1.1581631898880005,6,0,0,180,0.1092869273403234,303.56803940890126,302.5976914188318,0.0009679273787539,332,341,327
Pynampuram,14.352,80.112,28_515_shc_2025-26.7400,263.0,8.2,105.3,0.94,0.0739761888980865,0.0798199996352195,0.1106666699051857,0.1278333365917205,0.2101999968290329,0.2667500078678131,0.3138000071048736,0.3055333197116852,0.3480333387851715,0.3682399988174438,0.3615500032901764,0.2548500001430511,0.4100453555583954,0.1848500370979309,0.3014145998812407,0.2855790625043504,1.1833406686782837,8,3,314,186,0.1092869273403234,303.56803940890126,302.5976914188318,0.0009679273787539,331,342,327
Pynampuram,14.352,80.112,28_515_shc_2025-26.10619,314.0,8.2,126.4,0.83,0.0739761888980865,0.0798199996352195,0.1106666699051857,0.1278333365917205,0.2101999968290329,0.2667500078678131,0.3138000071048736,0.3055333197116852,0.3480333387851715,0.3682399988174438,0.3615500032901764,0.2548500001430511,0.4100453555583954,0.1848500370979309,0.3014145998812407,0.2855790625043504,1.1833406686782837,8,3,314,186,0.1092869273403234,303.56803940890126,302.5976914188318,0.0009679273787539,331,342,327
Ananthapuram,14.358,80.108,28_515_shc_2025-26.9968,163.0,23.8,199.0,0.13,0.075374998152256,0.0920166671276092,0.1315000057220459,0.147049993276596,0.2093142867088318,0.3068333268165588,0.3486500084400177,0.3648833334445953,0.3939250111579895,0.3865000009536743,0.3614000082015991,0.2366999983787536,0.4255111515522003,0.2709329426288605,0.3497514216654179,0.3228967775087669,0.990453600883484,8,5,46,168,0.1092869273403234,303.56803940890126,302.5976914188318,0.0009679273787539,311,366,323
Penubarthi,14.368,80.042,28_515_shc_2024-25.8089,151.0,33.0,105.3,0.27,0.0522000007331371,0.0505499988794326,0.0804499983787536,0.0608000010251998,0.138600006699562,0.2874000072479248,0.3467499911785126,0.3467499911785126,0.3937000036239624,0.3743999898433685,0.1917999982833862,0.1064999997615814,0.7016316652297974,0.4288657307624817,0.5365217346619013,0.4726185762929198,0.5531362891197205,11,1,46,177,0.1735557087680749,303.44059800265126,302.66511706302043,0.0009716185118779,344,330,327
Varigonda,14.375,80.055,28_515_shc_2025-26.6794,50.0,32.3,12.0,0.41,0.0766000002622604,0.0873000025749206,0.1201499998569488,0.1454000025987625,0.2149499952793121,0.2995499968528747,0.3515999913215637,0.3474000096321106,0.3917999863624573,0.3948000073432922,0.3668499886989593,0.2540499866008758,0.4099026024341583,0.2355294972658157,0.3226734070320265,0.305197428300958,1.0559872388839722,10,2,90,174,0.1092869273403234,303.56803940890126,302.5976914188318,0.0009679273787539,333,343,324
Prabagiripatnam,14.382,79.728,28_515_shc_2023-24.6694,201.0,35.3,316.6,0.44,0.0805666670203208,0.0681823566555976,0.0916611105203628,0.0981523841619491,0.1640428602695465,0.2362333387136459,0.2674533426761627,0.2522200047969818,0.2988923192024231,0.3435203731060028,0.3224000036716461,0.2280333340167999,0.4397253394126892,0.2118304371833801,0.2896516136686936,0.2717649749134906,1.2782491445541382,49,5,281,195,0.2022132204290022,303.61117520248683,302.8161758623625,0.0008848388521618,298,313,389
Eduru - I,14.382,80.118,28_515_shc_2025-26.7734,88.0,63.0,192.0,0.11,0.0722142830491066,0.0968599990010261,0.1277599930763244,0.1518333405256271,0.186499997973442,0.2527500092983246,0.292600005865097,0.2953333258628845,0.3201999962329864,0.3169625103473663,0.348125010728836,0.2453333288431167,0.3209094107151031,0.2258733958005905,0.2424177263139718,0.2272567074458194,1.178752899169922,9,2,64,174,0.1092869273403234,303.56803940890126,302.5976914188318,0.0009679273787539,320,336,344
Eduru - I,14.382,80.118,28_515_shc_2025-26.6705,151.0,48.38,105.0,0.26,0.0722142830491066,0.0968599990010261,0.1277599930763244,0.1518333405256271,0.186499997973442,0.2527500092983246,0.292600005865097,0.2953333258628845,0.3201999962329864,0.3169625103473663,0.348125010728836,0.2453333288431167,0.3209094107151031,0.2258733958005905,0.2424177263139718,0.2272567074458194,1.178752899169922,9,2,64,174,0.1092869273403234,303.56803940890126,302.5976914188318,0.0009679273787539,320,336,344
Eduru - I,14.382,80.118,28_515_shc_2025-26.6792,88.0,34.6,329.0,0.16,0.0722142830491066,0.0968599990010261,0.1277599930763244,0.1518333405256271,0.186499997973442,0.2527500092983246,0.292600005865097,0.2953333258628845,0.3201999962329864,0.3169625103473663,0.348125010728836,0.2453333288431167,0.3209094107151031,0.2258733958005905,0.2424177263139718,0.2272567074458194,1.178752899169922,9,2,64,174,0.1092869273403234,303.56803940890126,302.5976914188318,0.0009679273787539,320,336,344
Tegacherla,14.385,79.415,28_515_shc_2025-26.2038,50.0,10.0,304.2,0.11,0.0458000004291534,0.0565249994397163,0.0851999968290329,0.0838999971747398,0.1481000036001205,0.2695833444595337,0.3373999893665313,0.3454000055789947,0.3780499994754791,0.3560900092124939,0.2329500019550323,0.1340000033378601,0.6091311573982239,0.3997973501682281,0.4588162186179725,0.4220919094415724,0.6744354367256165,127,2,153,177,0.1908971217640659,303.37220864546924,302.636809600027,0.0007719350810813,330,264,405
Thotapalle,14.385,80.105,28_515_shc_2025-26.3914,163.0,40.7,199.0,0.21,0.079681821167469,0.1003222241997718,0.1393499970436096,0.1703249961137771,0.2204000055789947,0.3101444542407989,0.3686714172363281,0.3886090815067291,0.4125666618347168,0.4021174013614654,0.3527750074863434,0.2496999949216842,0.390536367893219,0.2762012481689453,0.3291093823748531,0.3092035047405176,0.907788872718811,8,4,244,192,0.1092869273403234,303.56803940890126,302.5976914188318,0.0009679273787539,321,334,344
Koduru Khandrika,14.388,80.142,28_515_shc_2025-26.10115,38.0,22.3,335.0,0.1,0.0747761875391006,0.089966669678688,0.1261399984359741,0.1513333320617675,0.2057500034570694,0.2790142893791199,0.3257499933242798,0.3419333398342132,0.3650583326816559,0.3521651923656463,0.3452000021934509,0.2379916608333587,0.3864035904407501,0.2486534267663955,0.3025044872699177,0.2878381201625671,1.0095535516738892,5,0,0,180,0.1092869273403234,303.56803940890126,302.5976914188318,0.0009679273787539,316,363,321
Varigonda,14.390169,80.036942,28_515_shc_2025-26.3204,138.0,13.1,25.0,0.2,0.0825800001621246,0.1159999966621398,0.1468500047922134,0.1634666621685028,0.2019000053405761,0.2529428601264953,0.2802999913692474,0.2901250123977661,0.309374988079071,0.3227333426475525,0.3378500044345855,0.2757250070571899,0.2792342901229858,0.1793100088834762,0.2260262849280482,0.1992336242137482,1.164497971534729,12,1,134,177,0.1735557087680749,303.44059800265126,302.66511706302043,0.0009716185118779,342,328,330
Varigonda,14.390169,80.036942,28_515_shc_2025-26.8197,50.0,13.1,12.0,0.53,0.0825800001621246,0.1159999966621398,0.1468500047922134,0.1634666621685028,0.2019000053405761,0.2529428601264953,0.2802999913692474,0.2901250123977661,0.309374988079071,0.3227333426475525,0.3378500044345855,0.2757250070571899,0.2792342901229858,0.1793100088834762,0.2260262849280482,0.1992336242137482,1.164497971534729,12,1,134,177,0.1735557087680749,303.44059800265126,302.66511706302043,0.0009716185118779,342,328,330
Varigonda,14.390169,80.036942,28_515_shc_2025-26.982,113.0,16.9,12.0,0.25,0.0825800001621246,0.1159999966621398,0.1468500047922134,0.1634666621685028,0.2019000053405761,0.2529428601264953,0.2802999913692474,0.2901250123977661,0.309374988079071,0.3227333426475525,0.3378500044345855,0.2757250070571899,0.2792342901229858,0.1793100088834762,0.2260262849280482,0.1992336242137482,1.164497971534729,12,1,134,177,0.1735557087680749,303.44059800265126,302.66511706302043,0.0009716185118779,342,328,330
Varigonda,14.390691,80.044918,28_515_shc_2025-26.3604,151.0,27.6,19.0,0.42,0.0696000009775161,0.0938249975442886,0.1275666654109954,0.1609500050544738,0.2177166640758514,0.3050499856472015,0.3823499977588653,0.3925749957561493,0.4156000018119812,0.4100125133991241,0.3674499988555908,0.2436500042676925,0.4184544384479522,0.286516010761261,0.3499739126398934,0.3297857058780581,0.9359995126724244,9,1,270,183,0.1735557087680749,303.44059800265126,302.66511706302043,0.0009716185118779,342,324,334
Varigonda,14.391096,80.03992,28_515_shc_2025-26.11616,50.0,15.4,130.0,0.36,0.0604666657745838,0.0775875002145767,0.1176000013947486,0.1177000030875206,0.1912750005722046,0.283133327960968,0.3314250111579895,0.337799996137619,0.3623499870300293,0.3811857104301452,0.3048999905586242,0.1877499967813491,0.4832052588462829,0.2769456207752228,0.3763438409559393,0.3455258920385996,0.9026050567626952,13,2,90,174,0.1735557087680749,303.44059800265126,302.66511706302043,0.0009716185118779,342,326,333
Varigonda,14.391189,80.035932,28_515_shc_2025-26.11051,151.0,56.83,552.0,0.24,0.0869000032544136,0.146599993109703,0.1746000051498413,0.209999993443489,0.2161000072956085,0.2448000013828277,0.2686749994754791,0.2939000129699707,0.293500006198883,0.2991699874401092,0.3510999977588653,0.2926999926567077,0.1665013283491134,0.1525490283966064,0.1442175778096304,0.1253611201172666,1.194623947143555,14,0,0,180,0.1735557087680749,303.44059800265126,302.66511706302043,0.0009716185118779,342,328,330
Varigonda,14.391492,80.044168,28_515_shc_2025-26.3305,75.0,9.2,31.0,0.3,0.0603833347558975,0.085466668009758,0.1248750016093254,0.1325999945402145,0.2144999951124191,0.2918333411216736,0.3658249974250793,0.374266654253006,0.3932666778564453,0.382999986410141,0.3407999873161316,0.2093500047922134,0.4767854809761047,0.2713581919670105,0.3951728978634671,0.3600278050759366,0.9105806946754456,13,5,111,165,0.1735557087680749,303.44059800265126,302.66511706302043,0.0009716185118779,342,324,334
Tegacherla,14.392,79.418,28_515_shc_2025-26.10370,163.0,24.6,372.4,0.27,0.0720312520861625,0.0640000030398368,0.102860003709793,0.0942666679620742,0.1712000072002411,0.2861666679382324,0.3173333406448364,0.3318333327770233,0.34293332695961,0.308763325214386,0.2929666638374328,0.2180400043725967,0.5575373768806458,0.3193293809890747,0.4190085378971137,0.3847856569895577,0.8828729391098022,121,3,19,177,0.1908971217640659,303.37220864546924,302.636809600027,0.0007719350810813,351,252,397
Tegacherla,14.392,79.418,28_515_shc_2025-26.10361,13.0,17.7,366.2,0.27,0.0720312520861625,0.0640000030398368,0.102860003709793,0.0942666679620742,0.1712000072002411,0.2861666679382324,0.3173333406448364,0.3318333327770233,0.34293332695961,0.308763325214386,0.2929666638374328,0.2180400043725967,0.5575373768806458,0.3193293809890747,0.4190085378971137,0.3847856569895577,0.8828729391098022,121,3,19,177,0.1908971217640659,303.37220864546924,302.636809600027,0.0007719350810813,351,252,397
Tegacherla,14.392,79.418,28_515_shc_2025-26.10381,188.0,33.0,289.0,0.26,0.0720312520861625,0.0640000030398368,0.102860003709793,0.0942666679620742,0.1712000072002411,0.2861666679382324,0.3173333406448364,0.3318333327770233,0.34293332695961,0.308763325214386,0.2929666638374328,0.2180400043725967,0.5575373768806458,0.3193293809890747,0.4190085378971137,0.3847856569895577,0.8828729391098022,121,3,19,177,0.1908971217640659,303.37220864546924,302.636809600027,0.0007719350810813,351,252,397
Varigonda,14.392788,80.056896,28_515_shc_2025-26.3145,63.0,20.7,31.0,0.15,0.0604000017046928,0.0759999975562095,0.1068499982357025,0.129950001835823,0.1821500062942505,0.3103500008583069,0.3606500029563904,0.3738999962806701,0.4152500033378601,0.3922500014305115,0.2682999968528747,0.1687500029802322,0.4841718673706054,0.3448430597782135,0.3851193333188973,0.3645215842544698,0.7175715565681458,11,1,46,177,0.1092869273403234,303.56803940890126,302.5976914188318,0.0009679273787539,342,336,322
Varigonda,14.394,80.0441,28_515_shc_2025-26.11050,163.0,35.3,521.0,0.16,0.0692000016570091,0.0908000022172927,0.1257333308458328,0.12219999730587,0.2272499948740005,0.3072666525840759,0.3722666800022125,0.3900666534900665,0.4142000079154968,0.4101000130176544,0.3174999952316284,0.208199992775917,0.5229047536849976,0.2637490034103393,0.4643154260462032,0.3969309706690058,0.8139634132385254,12,3,314,186,0.1735557087680749,303.44059800265126,302.66511706302043,0.0009716185118779,331,345,324
Varigonda,14.394638,80.047701,28_515_shc_2025-26.1409,213.0,38.4,199.0,0.35,0.0518999993801116,0.0614000000059604,0.0869000032544136,0.0850000008940696,0.1395333260297775,0.2918750047683716,0.3499999940395355,0.3686000108718872,0.3959249854087829,0.3848333358764648,0.2057999968528747,0.1084000021219253,0.6252204775810242,0.450800359249115,0.4999647534372143,0.4460990034793883,0.5583288073539734,8,1,180,180,0.1735557087680749,303.44059800265126,302.66511706302043,0.0009716185118779,333,341,326
Varigonda,14.394638,80.047701,28_515_shc_2025-26.9140,125.0,24.6,143.0,0.45,0.0518999993801116,0.0614000000059604,0.0869000032544136,0.0850000008940696,0.1395333260297775,0.2918750047683716,0.3499999940395355,0.3686000108718872,0.3959249854087829,0.3848333358764648,0.2057999968528747,0.1084000021219253,0.6252204775810242,0.450800359249115,0.4999647534372143,0.4460990034793883,0.5583288073539734,8,1,180,180,0.1735557087680749,303.44059800265126,302.66511706302043,0.0009716185118779,333,341,326
Marupuru,14.402,79.802,28_515_shc_2024-25.9566,213.0,90.6,453.0,0.13,0.083878569304943,0.0838411748409271,0.1073166653513908,0.128803476691246,0.1655266731977462,0.2287666648626327,0.2595374882221222,0.2444444447755813,0.2836624979972839,0.2914749979972839,0.2989545464515686,0.2321625053882599,0.3098234832286834,0.1924959272146225,0.2082185661128627,0.1986394102549173,1.2229958772659302,49,1,90,177,0.2057650382058662,303.58936958982235,302.8231103127463,0.0009457851380784,336,296,368
T.P.Gudur Bit-II,14.402,80.072,28_515_shc_2025-26.7843,88.0,1.5,596.0,0.48,0.063799999654293,0.0760666653513908,0.1128249987959861,0.097750000655651,0.197174996137619,0.3205375075340271,0.3828166723251343,0.3901000022888183,0.4216416776180267,0.4079599976539612,0.2481666654348373,0.1437000036239624,0.5992620587348938,0.3285087943077087,0.5197887744263733,0.4439186122818709,0.6361616849899292,11,2,116,174,0.1092869273403234,303.56803940890126,302.5976914188318,0.0009679273787539,349,328,323
Varigonda,14.402703,80.054677,28_515_shc_2025-26.10864,163.0,16.9,43.0,0.27,0.0502624996006488,0.0614466667175293,0.1008199974894523,0.0865999981760978,0.1659500002861023,0.3060500025749206,0.3707000017166137,0.3785249888896942,0.4171499907970428,0.4183000028133392,0.2168000042438507,0.1068625003099441,0.6276269555091858,0.3904219567775726,0.5077751217936869,0.4537106508885196,0.5727494955062866,9,1,0,180,0.1092869273403234,303.56803940890126,302.5976914188318,0.0009679273787539,358,328,314
Thotapalle,14.403007,80.091723,28_515_shc_2025-26.1460,113.0,38.4,136.0,0.05,0.0566333346068859,0.0721777752041816,0.1073142886161804,0.1030833348631858,0.1697999984025955,0.2834769189357757,0.3459500074386596,0.3415000140666961,0.3775799870491028,0.3538666665554046,0.2208600044250488,0.130400002002716,0.5362699031829834,0.3358106911182403,0.4201421617476446,0.3786061009972478,0.6467349529266357,10,1,270,183,0.1092869273403234,303.56803940890126,302.5976914188318,0.0009679273787539,337,340,323
Thotapalle,14.406439,80.109782,28_515_shc_2025-26.3495,75.0,29.2,56.0,0.24,0.0784125030040741,0.1075333356857299,0.131850004196167,0.123999997973442,0.1859499961137771,0.3104545474052429,0.3809666633605957,0.3930714428424835,0.4101249873638153,0.4004999995231628,0.2360749989748001,0.1392333358526229,0.5203757882118225,0.3577094674110412,0.5055561885518277,0.3968326620003961,0.6005905866622925,8,2,270,186,0.1092869273403234,303.56803940890126,302.5976914188318,0.0009679273787539,321,345,334
Thotapalle,14.407355,80.088475,28_515_shc_2025-26.3167,138.0,23.8,317.0,0.12,0.075374998152256,0.0985499992966651,0.1286615431308746,0.1330000013113021,0.2258458286523819,0.3169058859348297,0.3717125058174133,0.3771333396434784,0.4095785617828369,0.4109454452991485,0.3348333239555359,0.2191250026226043,0.4785676896572113,0.2509000599384308,0.4250207491106887,0.3625264038430126,0.8878380656242371,10,3,314,186,0.1092869273403234,303.56803940890126,302.5976914188318,0.0009679273787539,349,327,324
Varigonda,14.407813,80.049023,28_515_shc_2025-26.10865,176.0,32.3,37.0,0.45,0.0644000023603439,0.0853333324193954,0.1173499971628189,0.1542000025510788,0.2044499963521957,0.2902500033378601,0.3369333446025848,0.3476000130176544,0.3835000097751617,0.3811500072479248,0.3625999987125397,0.2449000030755996,0.3854125142097473,0.259306252002716,0.2961171091067097,0.289578769406557,1.0431530475616455,11,1,314,183,0.1735557087680749,303.44059800265126,302.66511706302043,0.0009716185118779,347,340,313
Varigonda,14.407988,80.03929,28_515_shc_2025-26.10725,238.0,17.7,472.0,0.36,0.0559000000357627,0.0707999989390373,0.099150002002716,0.1023999974131584,0.165800005197525,0.2944999933242798,0.3786500096321106,0.3799999952316284,0.4113000035285949,0.4050428569316864,0.1944999992847442,0.1032499969005584,0.5754560828208923,0.3924514353275299,0.4742380759837189,0.4238599346959336,0.5118421316146851,15,3,72,171,0.1735557087680749,303.44059800265126,302.66511706302043,0.0009716185118779,332,326,342
T.P.Gudur Bit-II,14.408,80.058,28_515_shc_2025-26.6679,38.0,9.2,422.0,0.23,0.0630000010132789,0.0885500013828277,0.1264999955892563,0.1273999959230423,0.2083999961614608,0.3015333414077759,0.3529500067234039,0.3540000021457672,0.4002000093460083,0.3892333209514618,0.2625499963760376,0.1627999991178512,0.4707104563713074,0.2588904798030853,0.3895411997660816,0.3463419706571629,0.7416666746139526,12,3,288,189,0.1092869273403234,303.56803940890126,302.5976914188318,0.0009679273787539,359,321,319
Koduru -II,14.408,80.142,28_515_shc_2025-26.1128,50.0,44.54,186.0,0.22,0.0633874982595443,0.0742224976420402,0.1081428602337837,0.0968333333730697,0.1608666628599167,0.2667799890041351,0.3079499900341034,0.3267750144004822,0.340499997138977,0.3537533283233642,0.2674750089645386,0.1627500057220459,0.542816698551178,0.3402259349822998,0.4254692692124198,0.3734402383570524,0.8185295462608337,6,1,314,183,0.1092869273403234,303.56803940890126,302.5976914188318,0.0009679273787539,311,360,329
Koduru -II,14.408,80.142,28_515_shc_2025-26.3978,75.0,40.7,143.0,0.3,0.0633874982595443,0.0742224976420402,0.1081428602337837,0.0968333333730697,0.1608666628599167,0.2667799890041351,0.3079499900341034,0.3267750144004822,0.340499997138977,0.3537533283233642,0.2674750089645386,0.1627500057220459,0.542816698551178,0.3402259349822998,0.4254692692124198,0.3734402383570524,0.8185295462608337,6,1,314,183,0.1092869273403234,303.56803940890126,302.5976914188318,0.0009679273787539,311,360,329
Varigonda,14.408822,80.041498,28_515_shc_2025-26.10742,176.0,20.7,515.0,0.26,0.0552200004458427,0.0807999968528747,0.0986000001430511,0.0986000001430511,0.1535000056028366,0.2425000071525573,0.2849999964237213,0.2967000007629394,0.3115000128746032,0.31413334608078,0.2030999958515167,0.1152999997138977,0.5011383891105652,0.3180808424949646,0.3862200669168221,0.3318999225166248,0.6845298409461975,10,1,0,180,0.1735557087680749,303.44059800265126,302.66511706302043,0.0009716185118779,326,344,330
Varigonda,14.412,80.042,28_515_shc_2025-26.10759,63.0,30.0,341.0,0.23,0.0562999993562698,0.0646599978208541,0.0962999984622001,0.0876500010490417,0.155699998140335,0.2830375134944916,0.3379999995231628,0.3418999910354614,0.3769142925739288,0.3652666807174682,0.1985500007867813,0.1128333359956741,0.591898500919342,0.3741961419582367,0.4596485292556202,0.4102791546739743,0.580725371837616,12,1,90,177,0.1735557087680749,303.44059800265126,302.66511706302043,0.0009716185118779,326,344,329
Koduru -II,14.412,80.138,28_515_shc_2025-26.1371,63.0,34.6,341.0,0.09,0.0595600008964538,0.1004500016570091,0.1455624997615814,0.1686333268880844,0.2433400005102157,0.3142000138759613,0.3375749886035919,0.3339214324951172,0.3770909011363983,0.3382000029087066,0.3963350057601928,0.3173624873161316,0.3288957178592682,0.1569157838821411,0.259504005438377,0.2473003654813664,1.1869109869003296,8,1,134,177,0.1092869273403234,303.56803940890126,302.5976914188318,0.0009679273787539,325,342,333
Thotapalle,14.413885,80.097779,28_515_shc_2025-26.21,75.0,67.6,168.0,0.18,0.0494000017642974,0.0593857131898403,0.0929000005125999,0.0671999976038932,0.1284333318471908,0.3000333309173584,0.3495000004768371,0.3492799997329712,0.3842250108718872,0.3844999969005584,0.1943999975919723,0.1024999991059303,0.677295446395874,0.4622995555400848,0.5395202704292676,0.4616794740999606,0.5565735101699829,7,1,180,180,0.1092869273403234,303.56803940890126,302.5976914188318,0.0009679273787539,338,338,324
Thotapalle,14.413885,80.097779,28_515_shc_2025-26.23,3.0,25.3,174.0,0.24,0.0494000017642974,0.0593857131898403,0.0929000005125999,0.0671999976038932,0.1284333318471908,0.3000333309173584,0.3495000004768371,0.3492799997329712,0.3842250108718872,0.3844999969005584,0.1943999975919723,0.1024999991059303,0.677295446395874,0.4622995555400848,0.5395202704292676,0.4616794740999606,0.5565735101699829,7,1,180,180,0.1092869273403234,303.56803940890126,302.5976914188318,0.0009679273787539,338,338,324
Thotapalle,14.414483,80.09593,28_515_shc_2025-26.28,50.0,13.8,236.0,0.2,0.0518999993801116,0.0575749985873699,0.0947799980640411,0.0656749978661537,0.1437166631221771,0.317166656255722,0.3652600049972534,0.3693333268165588,0.4006571471691131,0.4119666814804077,0.202000007033348,0.0982857123017311,0.6980517506599426,0.4397557079792022,0.570112988619572,0.4871480621096862,0.5469314455986023,8,1,180,180,0.1092869273403234,303.56803940890126,302.5976914188318,0.0009679273787539,338,333,329
Thotapalle,14.416032,80.093699,28_515_shc_2025-26.11015,63.0,52.3,192.0,0.1,0.0483999997377395,0.0600749999284744,0.0946199968457222,0.0653833299875259,0.1541166603565216,0.3307999968528747,0.3968833386898041,0.4063200056552887,0.4318000078201294,0.4359000027179718,0.2166499942541122,0.1082499995827674,0.7227777242660522,0.45001220703125,0.6322739927245973,0.5262974765475436,0.5332003831863403,8,2,270,186,0.1092869273403234,303.56803940890126,302.5976914188318,0.0009679273787539,339,329,332
Thotapalle,14.416032,80.093699,28_515_shc_2025-26.11016,75.0,39.94,74.0,0.25,0.0483999997377395,0.0600749999284744,0.0946199968457222,0.0653833299875259,0.1541166603565216,0.3307999968528747,0.3968833386898041,0.4063200056552887,0.4318000078201294,0.4359000027179718,0.2166499942541122,0.1082499995827674,0.7227777242660522,0.45001220703125,0.6322739927245973,0.5262974765475436,0.5332003831863403,8,2,270,186,0.1092869273403234,303.56803940890126,302.5976914188318,0.0009679273787539,339,329,332
Nernoor,14.418,79.588,28_515_shc_2025-26.4906,138.0,13.1,372.4,0.41,0.0459600016474723,0.0703083351254463,0.0971499979496002,0.1251333355903625,0.1490249931812286,0.1899400055408477,0.2108500003814697,0.2149749994277954,0.2382999956607818,0.2335666716098785,0.2594999969005584,0.2035000026226043,0.2641560137271881,0.1811813414096832,0.1561418248074633,0.1604108543372999,1.2071170806884766,94,4,256,192,0.2140392504240337,303.5104093718947,302.16999987552043,0.0008268049962603,294,311,395
Peduru,14.418,80.082,28_515_shc_2025-26.6524,75.0,13.1,112.0,0.27,0.068800002336502,0.0759857147932052,0.1077909097075462,0.0955666676163673,0.1701714247465133,0.2681500017642975,0.3140000104904175,0.3300249874591827,0.3394500017166137,0.3453499972820282,0.17773999273777,0.1031333357095718,0.5508996844291687,0.3195815980434418,0.439543814093458,0.379959648334899,0.5385652780532837,10,2,180,180,0.1092869273403234,303.56803940890126,302.5976914188318,0.0009679273787539,328,327,345
Chinna Cherukur,14.418031,80.039208,28_515_shc_2025-26.7832,75.0,29.1,571.0,0.45,0.047749999910593,0.062399998307228,0.0956125035881996,0.09094999730587,0.1590500026941299,0.2818333208560943,0.326200008392334,0.3245833218097687,0.3658750057220459,0.3412500023841858,0.211899995803833,0.125450000166893,0.5622493028640747,0.3422702848911285,0.4165230404016006,0.3827823405644764,0.6528369784355164,15,3,199,183,0.1735557087680749,303.44059800265126,302.66511706302043,0.0009716185118779,323,341,336
Yeturu,14.425,79.635,28_515_shc_2025-26.8273,226.0,3.1,378.6,0.65,0.0549749992787838,0.0600857138633728,0.0918333306908607,0.0837249979376792,0.1618714332580566,0.2836500108242035,0.3260500133037567,0.3192285597324371,0.3608874976634979,0.3724600076675415,0.2822250127792358,0.1671666651964187,0.5844434499740601,0.3270778059959411,0.4294577107653723,0.3912220508922281,0.8840844631195068,79,1,270,183,0.2140392504240337,303.5104093718947,302.16999987552043,0.0008268049962603,279,326,395
Peduru,14.428,80.088,28_515_shc_2025-26.10731,88.0,4.6,155.0,0.2,0.0575999990105629,0.0641499981284141,0.0990599989891052,0.0891249999403953,0.1651999950408935,0.2919444441795349,0.34825000166893,0.3587000072002411,0.3804999887943268,0.3687785565853119,0.1772083342075348,0.095550000667572,0.601965069770813,0.3693453073501587,0.4771830196210278,0.4266214837585205,0.4940293431282043,9,2,90,174,0.1092869273403234,303.56803940890126,302.5976914188318,0.0009679273787539,345,321,334
Peduru,14.428,80.088,28_515_shc_2025-26.10736,113.0,19.2,62.0,0.21,0.0575999990105629,0.0641499981284141,0.0990599989891052,0.0891249999403953,0.1651999950408935,0.2919444441795349,0.34825000166893,0.3587000072002411,0.3804999887943268,0.3687785565853119,0.1772083342075348,0.095550000667572,0.601965069770813,0.3693453073501587,0.4771830196210278,0.4266214837585205,0.4940293431282043,9,2,90,174,0.1092869273403234,303.56803940890126,302.5976914188318,0.0009679273787539,345,321,334
Peduru,14.428,80.088,28_515_shc_2025-26.10717,138.0,9.2,112.0,0.24,0.0575999990105629,0.0641499981284141,0.0990599989891052,0.0891249999403953,0.1651999950408935,0.2919444441795349,0.34825000166893,0.3587000072002411,0.3804999887943268,0.3687785565853119,0.1772083342075348,0.095550000667572,0.601965069770813,0.3693453073501587,0.4771830196210278,0.4266214837585205,0.4940293431282043,9,2,90,174,0.1092869273403234,303.56803940890126,302.5976914188318,0.0009679273787539,345,321,334
Koduru-I,14.428,80.142,28_515_shc_2025-26.3228,13.0,30.0,199.0,0.39,0.060169231146574,0.0603333339095115,0.0834399983286857,0.0604222230613231,0.1156666651368141,0.1347499936819076,0.1542499959468841,0.0804499983787536,0.1465857177972793,0.2166666686534881,0.111442856490612,0.0800090879201889,0.1421698033809662,-0.1795699894428253,0.0505505106996331,0.046876213340376,1.3852437734603882,7,5,126,168,0.1092869273403234,303.56803940890126,302.5976914188318,0.0009679273787539,367,315,317
Koduru-I,14.432,80.132,28_515_shc_2025-26.4089,75.0,22.3,99.0,0.46,0.0732600018382072,0.0751999989151954,0.1113380938768386,0.1064333319664001,0.168216660618782,0.227400004863739,0.2574500143527984,0.2457000017166137,0.2742714285850525,0.2648000121116638,0.2321999967098236,0.1603499948978424,0.395494133234024,0.1871955096721649,0.263702699341171,0.2451494342116997,0.9450549483299256,6,2,153,177,0.1092869273403234,303.56803940890126,302.5976914188318,0.0009679273787539,363,316,321
Koduru-I,14.432,80.132,28_515_shc_2025-26.1152,75.0,29.2,62.0,0.4,0.0732600018382072,0.0751999989151954,0.1113380938768386,0.1064333319664001,0.168216660618782,0.227400004863739,0.2574500143527984,0.2457000017166137,0.2742714285850525,0.2648000121116638,0.2321999967098236,0.1603499948978424,0.395494133234024,0.1871955096721649,0.263702699341171,0.2451494342116997,0.9450549483299256,6,2,153,177,0.1092869273403234,303.56803940890126,302.5976914188318,0.0009679273787539,363,316,321
Koduru-I,14.432,80.148,28_515_shc_2025-26.8979,125.0,3.8,124.0,0.25,0.081266663968563,0.0958499982953071,0.1412999927997589,0.1617999970912933,0.2143500000238418,0.2760500013828277,0.338699996471405,0.358474999666214,0.3680500090122223,0.3735666573047638,0.3267000019550323,0.2411749958992004,0.378021240234375,0.251603901386261,0.3053201117512143,0.2891499887774842,0.9113606214523317,7,3,161,177,0.1092869273403234,303.56803940890126,302.5976914188318,0.0009679273787539,337,333,329
Koduru-I,14.432,80.148,28_515_shc_2025-26.8909,100.0,19.2,174.0,0.17,0.081266663968563,0.0958499982953071,0.1412999927997589,0.1617999970912933,0.2143500000238418,0.2760500013828277,0.338699996471405,0.358474999666214,0.3680500090122223,0.3735666573047638,0.3267000019550323,0.2411749958992004,0.378021240234375,0.251603901386261,0.3053201117512143,0.2891499887774842,0.9113606214523317,7,3,161,177,0.1092869273403234,303.56803940890126,302.5976914188318,0.0009679273787539,337,333,329
Koduru-I,14.432,80.148,28_515_shc_2025-26.8987,113.0,7.7,161.0,0.1,0.081266663968563,0.0958499982953071,0.1412999927997589,0.1617999970912933,0.2143500000238418,0.2760500013828277,0.338699996471405,0.358474999666214,0.3680500090122223,0.3735666573047638,0.3267000019550323,0.2411749958992004,0.378021240234375,0.251603901386261,0.3053201117512143,0.2891499887774842,0.9113606214523317,7,3,161,177,0.1092869273403234,303.56803940890126,302.5976914188318,0.0009679273787539,337,333,329
Koduru-I,14.432,80.148,28_515_shc_2025-26.8980,213.0,10.8,180.0,0.25,0.081266663968563,0.0958499982953071,0.1412999927997589,0.1617999970912933,0.2143500000238418,0.2760500013828277,0.338699996471405,0.358474999666214,0.3680500090122223,0.3735666573047638,0.3267000019550323,0.2411749958992004,0.378021240234375,0.251603901386261,0.3053201117512143,0.2891499887774842,0.9113606214523317,7,3,161,177,0.1092869273403234,303.56803940890126,302.5976914188318,0.0009679273787539,337,333,329
Koduru-I,14.432,80.148,28_515_shc_2025-26.10236,13.0,10.0,136.0,0.3,0.081266663968563,0.0958499982953071,0.1412999927997589,0.1617999970912933,0.2143500000238418,0.2760500013828277,0.338699996471405,0.358474999666214,0.3680500090122223,0.3735666573047638,0.3267000019550323,0.2411749958992004,0.378021240234375,0.251603901386261,0.3053201117512143,0.2891499887774842,0.9113606214523317,7,3,161,177,0.1092869273403234,303.56803940890126,302.5976914188318,0.0009679273787539,337,333,329
Narukur,14.435,80.065,28_515_shc_2025-26.1103,75.0,22.3,174.0,0.39,0.0505499988794326,0.0597666651010513,0.0901800021529197,0.1022000014781951,0.1444000005722046,0.2662999927997589,0.3112500011920929,0.3276199996471405,0.3522333204746246,0.3508749902248382,0.2010499984025955,0.1162000000476837,0.5244520902633667,0.3881615102291107,0.3775702230202835,0.3636510258374615,0.6136682629585266,15,1,90,177,0.1092869273403234,303.56803940890126,302.5976914188318,0.0009679273787539,364,305,331
Chittaluru,14.438,79.588,28_515_shc_2025-26.4409,163.0,7.7,415.9,0.33,0.0334928557276725,0.0446052625775337,0.0775400027632713,0.0800444409251213,0.1448999941349029,0.2242142856121063,0.2516769170761108,0.259799987077713,0.2754899859428406,0.2790466547012329,0.247842863202095,0.1726000010967254,0.5289347767829895,0.2839139997959137,0.3197297619829347,0.3210515069678805,0.9539756774902344,86,1,0,180,0.2140392504240337,303.5104093718947,302.16999987552043,0.0008268049962603,317,291,392
Peduru,14.438,80.072,28_515_shc_2025-26.7992,38.0,27.6,317.0,0.12,0.0759785696864128,0.0877624973654747,0.1101666688919067,0.1112333312630653,0.1772624999284744,0.2473714351654052,0.2827833294868469,0.3197500109672546,0.3178222179412842,0.3459500074386596,0.2441833317279815,0.1777999997138977,0.4838160872459411,0.286687970161438,0.3922638526863189,0.3359619934842026,0.763669490814209,14,3,270,189,0.1092869273403234,303.56803940890126,302.5976914188318,0.0009679273787539,370,305,325
Peduru,14.438,80.072,28_515_shc_2025-26.1334,13.0,15.4,62.0,0.18,0.0759785696864128,0.0877624973654747,0.1101666688919067,0.1112333312630653,0.1772624999284744,0.2473714351654052,0.2827833294868469,0.3197500109672546,0.3178222179412842,0.3459500074386596,0.2441833317279815,0.1777999997138977,0.4838160872459411,0.286687970161438,0.3922638526863189,0.3359619934842026,0.763669490814209,14,3,270,189,0.1092869273403234,303.56803940890126,302.5976914188318,0.0009679273787539,370,305,325
Chinna Cherukur,14.438297,80.053586,28_515_shc_2025-26.6785,75.0,30.0,614.0,0.41,0.0606000013649463,0.0806000009179115,0.1172000020742416,0.1049999967217445,0.1934999972581863,0.3017500042915344,0.3460333347320556,0.357966661453247,0.3880400061607361,0.3500166535377502,0.2296999990940094,0.1348000019788742,0.5464036464691162,0.2982349991798401,0.4571246214945785,0.3940427156807122,0.6416798830032349,15,3,215,186,0.1092869273403234,303.56803940890126,302.5976914188318,0.0009679273787539,336,331,333
Chinna Cherukur,14.439262,80.056716,28_515_shc_2025-26.8137,113.0,18.4,354.0,0.1,0.0506750009953975,0.0643666684627533,0.1000000014901161,0.0991749987006187,0.1630333364009857,0.282966673374176,0.3338249921798706,0.3499000072479248,0.3729999959468841,0.3635500073432922,0.1994999945163726,0.1064333319664001,0.558314323425293,0.3643098473548889,0.4286776961960765,0.396267429300893,0.5701628923416138,12,7,24,171,0.1092869273403234,303.56803940890126,302.5976914188318,0.0009679273787539,345,323,332
Chinna Cherukur,14.442,80.058,28_515_shc_2025-26.3440,125.0,20.0,552.0,0.15,0.0511000007390975,0.0653999969363212,0.0916000008583068,0.090499997138977,0.1614499986171722,0.2883999943733215,0.3343499898910522,0.3538999855518341,0.3774999976158142,0.3681666553020477,0.1775999963283538,0.0944000035524368,0.5927092432975769,0.3734355270862579,0.4682167058276421,0.4183608533045029,0.5018366575241089,12,1,90,177,0.1092869273403234,303.56803940890126,302.5976914188318,0.0009679273787539,338,328,334
Chinna Cherukur,14.442,80.058,28_515_shc_2025-26.3444,176.0,19.2,527.0,0.24,0.0511000007390975,0.0653999969363212,0.0916000008583068,0.090499997138977,0.1614499986171722,0.2883999943733215,0.3343499898910522,0.3538999855518341,0.3774999976158142,0.3681666553020477,0.1775999963283538,0.0944000035524368,0.5927092432975769,0.3734355270862579,0.4682167058276421,0.4183608533045029,0.5018366575241089,12,1,90,177,0.1092869273403234,303.56803940890126,302.5976914188318,0.0009679273787539,338,328,334
Chinna Cherukur,14.442,80.058,28_515_shc_2025-26.8124,138.0,23.8,571.0,0.1,0.0511000007390975,0.0653999969363212,0.0916000008583068,0.090499997138977,0.1614499986171722,0.2883999943733215,0.3343499898910522,0.3538999855518341,0.3774999976158142,0.3681666553020477,0.1775999963283538,0.0944000035524368,0.5927092432975769,0.3734355270862579,0.4682167058276421,0.4183608533045029,0.5018366575241089,12,1,90,177,0.1092869273403234,303.56803940890126,302.5976914188318,0.0009679273787539,338,328,334
Mungaladoruvu,14.442,80.098,28_515_shc_2025-26.7784,176.0,13.8,99.0,0.1,0.0665225833654403,0.0514096766710281,0.0747448280453682,0.0529066659510135,0.0842999964952468,0.0741681829094886,0.0764363631606102,0.0576111115515232,0.0679357126355171,0.1872440427541732,0.0599533319473266,0.0413764715194702,0.0425673201680183,-0.1880676299333572,0.0118861739979629,0.0115584978207045,1.0406557321548462,11,1,226,183,0.1092869273403234,303.56803940890126,302.5976914188318,0.0009679273787539,354,325,321
Amulur (South),14.442,80.108,28_515_shc_2025-26.69,238.0,43.01,552.0,0.14,0.0684689655900001,0.0843368396162986,0.1037777811288833,0.0997083336114883,0.1422625035047531,0.220550000667572,0.251800000667572,0.2638777792453766,0.2752666771411896,0.2537956535816192,0.2434428632259369,0.1774599999189376,0.4515283703804016,0.2994415462017059,0.333785880624495,0.2851529972340439,0.922559142112732,13,3,199,183,0.1092869273403234,303.56803940890126,302.5976914188318,0.0009679273787539,346,334,320
Amulur (South),14.442,80.108,28_515_shc_2025-26.59,13.0,38.4,379.0,0.17,0.0684689655900001,0.0843368396162986,0.1037777811288833,0.0997083336114883,0.1422625035047531,0.220550000667572,0.251800000667572,0.2638777792453766,0.2752666771411896,0.2537956535816192,0.2434428632259369,0.1774599999189376,0.4515283703804016,0.2994415462017059,0.333785880624495,0.2851529972340439,0.922559142112732,13,3,199,183,0.1092869273403234,303.56803940890126,302.5976914188318,0.0009679273787539,346,334,320
Amulur (South),14.442,80.108,28_515_shc_2025-26.10167,176.0,32.3,528.0,0.24,0.0684689655900001,0.0843368396162986,0.1037777811288833,0.0997083336114883,0.1422625035047531,0.220550000667572,0.251800000667572,0.2638777792453766,0.2752666771411896,0.2537956535816192,0.2434428632259369,0.1774599999189376,0.4515283703804016,0.2994415462017059,0.333785880624495,0.2851529972340439,0.922559142112732,13,3,199,183,0.1092869273403234,303.56803940890126,302.5976914188318,0.0009679273787539,346,334,320
Mungaladoruvu,14.442,80.108,28_515_shc_2025-26.41,100.0,22.3,571.0,0.14,0.0684689655900001,0.0843368396162986,0.1037777811288833,0.0997083336114883,0.1422625035047531,0.220550000667572,0.251800000667572,0.2638777792453766,0.2752666771411896,0.2537956535816192,0.2434428632259369,0.1774599999189376,0.4515283703804016,0.2994415462017059,0.333785880624495,0.2851529972340439,0.922559142112732,13,3,199,183,0.1092869273403234,303.56803940890126,302.5976914188318,0.0009679273787539,346,334,320
Amulur (South),14.442,80.108,28_515_shc_2025-26.66,201.0,15.4,590.0,0.2,0.0684689655900001,0.0843368396162986,0.1037777811288833,0.0997083336114883,0.1422625035047531,0.220550000667572,0.251800000667572,0.2638777792453766,0.2752666771411896,0.2537956535816192,0.2434428632259369,0.1774599999189376,0.4515283703804016,0.2994415462017059,0.333785880624495,0.2851529972340439,0.922559142112732,13,3,199,183,0.1092869273403234,303.56803940890126,302.5976914188318,0.0009679273787539,346,334,320
Amulur (South),14.442,80.108,28_515_shc_2025-26.75,13.0,30.0,534.0,0.14,0.0684689655900001,0.0843368396162986,0.1037777811288833,0.0997083336114883,0.1422625035047531,0.220550000667572,0.251800000667572,0.2638777792453766,0.2752666771411896,0.2537956535816192,0.2434428632259369,0.1774599999189376,0.4515283703804016,0.2994415462017059,0.333785880624495,0.2851529972340439,0.922559142112732,13,3,199,183,0.1092869273403234,303.56803940890126,302.5976914188318,0.0009679273787539,346,334,320
Amulur (South),14.442,80.108,28_515_shc_2025-26.11088,25.0,20.0,540.0,0.23,0.0684689655900001,0.0843368396162986,0.1037777811288833,0.0997083336114883,0.1422625035047531,0.220550000667572,0.251800000667572,0.2638777792453766,0.2752666771411896,0.2537956535816192,0.2434428632259369,0.1774599999189376,0.4515283703804016,0.2994415462017059,0.333785880624495,0.2851529972340439,0.922559142112732,13,3,199,183,0.1092869273403234,303.56803940890126,302.5976914188318,0.0009679273787539,346,334,320
Yeturu,14.445,79.645,28_515_shc_2025-26.8331,238.0,2.3,329.0,0.26,0.0528714284300804,0.0723333358764648,0.1102500036358833,0.1042666658759117,0.1751500070095062,0.2857599854469299,0.350685715675354,0.3617750108242035,0.3856500089168548,0.3577199876308441,0.2354999929666519,0.1451999992132187,0.552543580532074,0.3475811183452606,0.4455547145325262,0.3998404279428865,0.6509570479393005,64,0,0,180,0.2140392504240337,303.5104093718947,302.16999987552043,0.0008268049962603,317,284,400
Chinna Cherukur,14.445,80.055,28_515_shc_2025-26.3166,113.0,39.17,534.0,0.21,0.0496999993920326,0.0696000009775161,0.097800001502037,0.1221249997615814,0.1629000008106231,0.2687999904155731,0.3269999921321869,0.3422666788101196,0.3663249909877777,0.3629499971866607,0.2049999982118606,0.1267500072717666,0.4740431308746338,0.3550643622875213,0.3543775210115751,0.3424049853497948,0.5989481806755066,15,2,64,174,0.1092869273403234,303.56803940890126,302.5976914188318,0.0009679273787539,338,319,343
Mungaladoruvu,14.448,80.092,28_515_shc_2025-26.7744,63.0,17.7,62.0,0.25,0.0981666669249534,0.1253000050783157,0.1533333361148834,0.1691000014543533,0.1880400031805038,0.2276888936758041,0.2450333386659622,0.2507250010967254,0.2669999897480011,0.2723333239555359,0.3157333433628082,0.27033331990242,0.1944262534379959,0.1428669095039367,0.1539426312785359,0.1331095579311121,1.2592813968658447,17,1,46,177,0.1092869273403234,303.56803940890126,302.5976914188318,0.0009679273787539,363,321,316
Mungaladoruvu,14.448,80.092,28_515_shc_2025-26.7772,226.0,8.4,87.0,0.21,0.0981666669249534,0.1253000050783157,0.1533333361148834,0.1691000014543533,0.1880400031805038,0.2276888936758041,0.2450333386659622,0.2507250010967254,0.2669999897480011,0.2723333239555359,0.3157333433628082,0.27033331990242,0.1944262534379959,0.1428669095039367,0.1539426312785359,0.1331095579311121,1.2592813968658447,17,1,46,177,0.1092869273403234,303.56803940890126,302.5976914188318,0.0009679273787539,363,321,316
Cheepinapi,14.452,79.482,28_515_shc_2024-25.1994,151.0,3.1,434.5,0.49,0.0488733351230621,0.0483499988913536,0.0684727281332016,0.067280001938343,0.1000199988484382,0.2353799939155578,0.2801750004291534,0.2902199923992157,0.3035333454608917,0.2867000102996826,0.2161333262920379,0.1180799975991249,0.6236083507537842,0.4873923659324646,0.4186587827340005,0.3899824931773317,0.7447223663330078,95,6,320,192,0.1938753295363041,303.77507065890126,303.051664486266,0.0008153751112174,335,267,398
Chittaluru,14.452,79.582,28_515_shc_2025-26.1952,113.0,1.5,136.6,0.33,0.0534499995410442,0.0694999992847442,0.0967999994754791,0.1291999965906143,0.1495428532361984,0.1670500040054321,0.1825200021266937,0.1842875033617019,0.2022571414709091,0.2021166682243347,0.2328999936580658,0.1977333277463913,0.1757247298955917,0.1040787622332573,0.0957552337850644,0.1015765579206503,1.2637861967086792,95,3,341,183,0.1974915621573464,303.7611846254583,303.0272718396103,0.0008507865888087,317,277,406
Allipuram (Part),14.452,80.038,28_515_shc_2023-24.6417,100.0,6.1,266.9,0.08,0.0837199985980987,0.1085999980568885,0.1414666622877121,0.1724250018596649,0.2347999960184097,0.2727600038051605,0.3018999993801117,0.3000000119209289,0.3244000077247619,0.2745499908924103,0.3523249924182892,0.2940999865531921,0.2700428664684295,0.1219147592782974,0.2098204119949663,0.1967889681775224,1.1744165420532229,18,4,194,183,0.1716928649366947,303.6780483178925,302.89869967678135,0.000984645362903,347,335,318
Indukurpet Bit - II,14.452,80.088,28_515_shc_2025-26.5672,188.0,83.7,260.7,0.59,0.0556666664779186,0.069700002670288,0.0970999971032142,0.0964666679501533,0.1514166593551635,0.2727363705635071,0.329025000333786,0.3369750082492828,0.3680999875068664,0.3271166682243347,0.192271426320076,0.1003499999642372,0.5548804998397827,0.3799375891685486,0.4316296207947161,0.3864863972193318,0.5705806612968445,13,1,226,183,0.1355807321113452,303.735802566796,302.7936206951476,0.0009718836360297,357,325,319
Mungaladoruvu,14.452,80.132,28_515_shc_2025-26.11496,100.0,16.1,136.0,0.12,0.0921466648578643,0.1505133360624313,0.1781764775514602,0.2049214243888855,0.2209272682666778,0.2553285658359527,0.2804666757583618,0.2796750068664551,0.3000657260417938,0.292354553937912,0.3351454436779022,0.279069036245346,0.1542594581842422,0.117354117333889,0.1353884724184433,0.1138846030280552,1.1983388662338257,13,2,296,186,0.1355807321113452,303.735802566796,302.7936206951476,0.0009718836360297,321,335,344
Potlapudi,14.452,80.132,28_515_shc_2025-26.8976,75.0,17.7,124.0,0.38,0.0921466648578643,0.1505133360624313,0.1781764775514602,0.2049214243888855,0.2209272682666778,0.2553285658359527,0.2804666757583618,0.2796750068664551,0.3000657260417938,0.292354553937912,0.3351454436779022,0.279069036245346,0.1542594581842422,0.117354117333889,0.1353884724184433,0.1138846030280552,1.1983388662338257,13,2,296,186,0.1355807321113452,303.735802566796,302.7936206951476,0.0009718836360297,321,335,344
Vilukanipalle,14.452,80.132,28_515_shc_2025-26.694,151.0,30.7,87.0,0.1,0.0921466648578643,0.1505133360624313,0.1781764775514602,0.2049214243888855,0.2209272682666778,0.2553285658359527,0.2804666757583618,0.2796750068664551,0.3000657260417938,0.292354553937912,0.3351454436779022,0.279069036245346,0.1542594581842422,0.117354117333889,0.1353884724184433,0.1138846030280552,1.1983388662338257,13,2,296,186,0.1355807321113452,303.735802566796,302.7936206951476,0.0009718836360297,321,335,344
Indukurpet Bit - II,14.455,80.085,28_515_shc_2025-26.2603,188.0,49.92,155.2,0.52,0.0605428554117679,0.072085715830326,0.1023999974131584,0.0951500013470649,0.1742333322763443,0.285914272069931,0.3466799855232239,0.3637857139110565,0.3899571299552917,0.3811999857425689,0.210899993777275,0.1021500006318092,0.5853449702262878,0.3523153662681579,0.4817565542096225,0.420209157333891,0.5797368884086609,13,0,0,180,0.1355807321113452,303.735802566796,302.7936206951476,0.0009718836360297,352,329,319
Chittaluru,14.462,79.578,28_515_shc_2025-26.4797,75.0,12.3,260.7,0.48,0.0516666658222675,0.0628499984741211,0.0899712517857551,0.123999997973442,0.1450999975204467,0.1641916632652282,0.1802999973297119,0.177683338522911,0.1998250037431717,0.2107625007629394,0.2271333336830139,0.1882999986410141,0.1779459863901138,0.1009449288249015,0.0925378058410305,0.100444910301026,1.278304100036621,88,1,270,183,0.1974915621573464,303.7611846254583,303.0272718396103,0.0008507865888087,336,268,397
Chittaluru,14.465,79.585,28_515_shc_2025-26.4361,289.0,8.4,167.6,0.33,0.0388999991118907,0.040766667574644,0.0706000030040741,0.0734499990940094,0.1330666691064834,0.2389499992132187,0.2727999985218048,0.2889187633991241,0.3009400069713592,0.2951250076293945,0.2690500020980835,0.1769333332777023,0.5946118831634521,0.369330495595932,0.3783157052407088,0.3747853128669484,0.93123060464859,82,2,270,186,0.1974915621573464,303.7611846254583,303.0272718396103,0.0008507865888087,332,261,406
Indukurpet Bit - I,14.472,80.138,28_515_shc_2025-26.8772,63.0,63.0,167.6,0.41,0.0599000006914138,0.0661666691303253,0.1022000014781951,0.092299997806549,0.1589999943971634,0.2842749953269958,0.3475750088691711,0.3378666639328003,0.3741999864578247,0.3762750029563904,0.1928499937057495,0.109825000166893,0.5708640217781067,0.3599892854690552,0.4399522344133805,0.3960043015308536,0.570787250995636,7,2,64,174,0.1355807321113452,303.735802566796,302.7936206951476,0.0009718836360297,329,321,350
Chittaluru,14.475,79.595,28_515_shc_2025-26.4314,163.0,1.5,130.4,0.13,0.0315000005066394,0.0439000017940998,0.0729999989271164,0.0923999994993209,0.1379999965429306,0.2036000043153762,0.2243999987840652,0.2291000038385391,0.2465000003576278,0.2404000014066696,0.2707000076770782,0.2063000053167343,0.4251944124698639,0.2481612861156463,0.2350008690486903,0.2496043891365583,1.1815800666809082,74,3,46,174,0.1974915621573464,303.7611846254583,303.0272718396103,0.0008507865888087,319,274,407
Vavileru,14.478,79.618,28_515_shc_2025-26.5473,151.0,13.1,180.0,0.71,0.0497500002384185,0.0790499970316886,0.1263999938964843,0.1817999929189682,0.2173500061035156,0.2567999958992004,0.2777499854564667,0.2910000085830688,0.3097000122070312,0.3030000030994415,0.3973000049591064,0.3082500100135803,0.2309644967317581,0.1448805034160614,0.1526056379874513,0.1683799581036575,1.3652920722961426,69,1,314,183,0.1974915621573464,303.7611846254583,303.0272718396103,0.0008507865888087,338,251,411
Vavileru,14.478,79.618,28_515_shc_2025-26.5238,163.0,3.1,192.4,0.24,0.0497500002384185,0.0790499970316886,0.1263999938964843,0.1817999929189682,0.2173500061035156,0.2567999958992004,0.2777499854564667,0.2910000085830688,0.3097000122070312,0.3030000030994415,0.3973000049591064,0.3082500100135803,0.2309644967317581,0.1448805034160614,0.1526056379874513,0.1683799581036575,1.3652920722961426,69,1,314,183,0.1974915621573464,303.7611846254583,303.0272718396103,0.0008507865888087,338,251,411
Vavileru,14.478,79.618,28_515_shc_2025-26.5491,125.0,4.6,62.1,0.48,0.0497500002384185,0.0790499970316886,0.1263999938964843,0.1817999929189682,0.2173500061035156,0.2567999958992004,0.2777499854564667,0.2910000085830688,0.3097000122070312,0.3030000030994415,0.3973000049591064,0.3082500100135803,0.2309644967317581,0.1448805034160614,0.1526056379874513,0.1683799581036575,1.3652920722961426,69,1,314,183,0.1974915621573464,303.7611846254583,303.0272718396103,0.0008507865888087,338,251,411
Vavileru,14.478,79.618,28_515_shc_2025-26.7067,151.0,11.5,248.3,0.34,0.0497500002384185,0.0790499970316886,0.1263999938964843,0.1817999929189682,0.2173500061035156,0.2567999958992004,0.2777499854564667,0.2910000085830688,0.3097000122070312,0.3030000030994415,0.3973000049591064,0.3082500100135803,0.2309644967317581,0.1448805034160614,0.1526056379874513,0.1683799581036575,1.3652920722961426,69,1,314,183,0.1974915621573464,303.7611846254583,303.0272718396103,0.0008507865888087,338,251,411
Vavileru,14.478,79.632,28_515_shc_2025-26.5416,226.0,7.7,93.1,0.08,0.0483000017702579,0.0776999965310096,0.1162000000476837,0.1650000065565109,0.2037999927997589,0.2456000000238418,0.2703000009059906,0.2795000076293945,0.3046000003814697,0.3104499876499176,0.3700999915599823,0.2768000066280365,0.2575927972793579,0.1566315293312072,0.1697050483451225,0.1818422435465627,1.3241502046585083,68,0,0,180,0.1974915621573464,303.7611846254583,303.0272718396103,0.0008507865888087,344,245,411
Vavileru,14.478,79.638,28_515_shc_2025-26.2124,151.0,5.4,446.9,0.41,0.0419000014662742,0.0494285710155963,0.0833000019192695,0.0717749968171119,0.1540250033140182,0.2479999959468841,0.2795000076293945,0.2867200076580047,0.3104666769504547,0.3164142966270447,0.2721000015735626,0.1738000065088272,0.5995760560035706,0.3010697960853576,0.3990348273359606,0.3755613190299984,0.9490094780921936,71,2,333,183,0.1974915621573464,303.7611846254583,303.0272718396103,0.0008507865888087,334,262,405
Lebur Bit - II,14.478,80.052,28_515_shc_2025-26.5592,163.0,96.0,229.7,0.13,0.0590000003576278,0.0847000032663345,0.1243000030517578,0.181999996304512,0.2111999988555908,0.2450000047683715,0.2680000066757202,0.2754000127315521,0.2913999855518341,0.3089999854564667,0.377700001001358,0.3210999965667724,0.2041976749897003,0.1319359093904495,0.1348035941706457,0.1463338451204075,1.3714596033096311,12,3,134,174,0.1355807321113452,303.735802566796,302.7936206951476,0.0009718836360297,337,318,345
Indukurpet Bit - I,14.478,80.118,28_515_shc_2025-26.2521,151.0,19.2,248.3,0.41,0.0576249994337558,0.0493000000715255,0.0729250013828277,0.061099998652935,0.1040999963879585,0.1476999968290329,0.1731666624546051,0.193800002336502,0.1829999983310699,0.1827799975872039,0.1374000012874603,0.0833000019192695,0.5205963253974915,0.3011077642440796,0.2786293293237802,0.263677315226465,0.7089783549308777,13,5,259,195,0.1355807321113452,303.735802566796,302.7936206951476,0.0009718836360297,328,329,343
Indukurpet Bit - I,14.478,80.118,28_515_shc_2025-26.5880,138.0,54.53,136.6,0.32,0.0576249994337558,0.0493000000715255,0.0729250013828277,0.061099998652935,0.1040999963879585,0.1476999968290329,0.1731666624546051,0.193800002336502,0.1829999983310699,0.1827799975872039,0.1374000012874603,0.0833000019192695,0.5205963253974915,0.3011077642440796,0.2786293293237802,0.263677315226465,0.7089783549308777,13,5,259,195,0.1355807321113452,303.735802566796,302.7936206951476,0.0009718836360297,328,329,343
Indukurpet Bit - I,14.478,80.118,28_515_shc_2025-26.5889,63.0,23.0,279.3,0.22,0.0576249994337558,0.0493000000715255,0.0729250013828277,0.061099998652935,0.1040999963879585,0.1476999968290329,0.1731666624546051,0.193800002336502,0.1829999983310699,0.1827799975872039,0.1374000012874603,0.0833000019192695,0.5205963253974915,0.3011077642440796,0.2786293293237802,0.263677315226465,0.7089783549308777,13,5,259,195,0.1355807321113452,303.735802566796,302.7936206951476,0.0009718836360297,328,329,343
Indukurpet Bit - I,14.478,80.122,28_515_shc_2025-26.5792,163.0,26.1,117.9,0.25,0.0637200027704238,0.0750666633248329,0.103333331644535,0.1032999977469444,0.1582999974489212,0.2800000011920929,0.3576857149600982,0.3709833323955536,0.3958199918270111,0.3770999908447265,0.1572999954223632,0.0833249986171722,0.5643954277038574,0.4018326699733734,0.468704400749186,0.412123444536598,0.4240082502365112,8,1,134,177,0.1355807321113452,303.735802566796,302.7936206951476,0.0009718836360297,328,326,346
Kalayapalem,14.482,79.532,28_515_shc_2025-26.4464,113.0,22.3,384.9,0.37,0.034850001335144,0.0493000000715255,0.0760999992489814,0.0720999985933303,0.1216999962925911,0.2317000031471252,0.2664999961853027,0.2829000055789947,0.3048999905586242,0.296750009059906,0.1611000001430511,0.09740000218153,0.593802809715271,0.3984182178974151,0.3916032092101943,0.3698245718543487,0.5694591403007507,64,0,0,180,0.1938753295363041,303.77507065890126,303.051664486266,0.0008153751112174,328,291,381
Jonnawada,14.482,79.898,28_515_shc_2025-26.11138,75.0,2.3,347.0,0.16,0.0403000004589557,0.0526500009000301,0.0747166648507118,0.0766500011086463,0.1367499977350235,0.2468499988317489,0.2846499979496002,0.2914249897003174,0.3269999921321869,0.3303999900817871,0.1714999973773956,0.0901499986648559,0.5835087895393372,0.3612424731254577,0.395840226764817,0.371122871063572,0.5884876251220703,24,2,296,186,0.1992099494264836,303.7269064250745,302.9264417614853,0.0009997937483718,340,348,312
Jonnawada,14.482,79.898,28_515_shc_2025-26.11137,151.0,13.8,360.0,0.32,0.0403000004589557,0.0526500009000301,0.0747166648507118,0.0766500011086463,0.1367499977350235,0.2468499988317489,0.2846499979496002,0.2914249897003174,0.3269999921321869,0.3303999900817871,0.1714999973773956,0.0901499986648559,0.5835087895393372,0.3612424731254577,0.395840226764817,0.371122871063572,0.5884876251220703,24,2,296,186,0.1992099494264836,303.7269064250745,302.9264417614853,0.0009997937483718,340,348,312
Lebur Bit - II,14.485,80.075,28_515_shc_2025-26.5887,25.0,22.3,167.6,0.28,0.0537399984896183,0.0689142867922782,0.0997571423649787,0.100271426141262,0.1422999948263168,0.2240599989891052,0.2522333264350891,0.2596666812896728,0.2714666724205017,0.2827000021934509,0.2523599863052368,0.1730999946594238,0.4428407251834869,0.2919811308383941,0.2963975371319443,0.2780349895609419,0.9718612432479858,16,0,0,180,0.1355807321113452,303.735802566796,302.7936206951476,0.0009718836360297,349,325,326
Jonnawada,14.488,79.882,28_515_shc_2025-26.1864,289.0,19.2,397.0,0.63,0.0358499996364116,0.046399999409914,0.0693499967455864,0.0675999969244003,0.1371999979019165,0.2451499998569488,0.2898333370685577,0.2624000012874603,0.3172500133514404,0.3340249955654144,0.2243999987840652,0.1374000012874603,0.5903030633926392,0.3133133351802826,0.3689394057637271,0.3520482014145798,0.855182945728302,26,1,90,177,0.1992099494264836,303.7269064250745,302.9264417614853,0.0009997937483718,338,347,315
Kakivaya,14.492,79.482,28_515_shc_2025-26.8259,213.0,15.4,335.2,0.25,0.0273000001907348,0.0370000004768371,0.068350002169609,0.0553000010550022,0.1228000000119209,0.246299996972084,0.2791500091552734,0.2923499941825866,0.3143999874591827,0.301250010728836,0.2350499927997589,0.1372999995946884,0.6818639039993286,0.4084065854549408,0.4400735040041621,0.419483267491451,0.804002046585083,71,2,333,183,0.1938753295363041,303.77507065890126,303.051664486266,0.0008153751112174,342,252,407
Kakivaya,14.492,79.482,28_515_shc_2025-26.8265,113.0,19.2,384.9,0.54,0.0273000001907348,0.0370000004768371,0.068350002169609,0.0553000010550022,0.1228000000119209,0.246299996972084,0.2791500091552734,0.2923499941825866,0.3143999874591827,0.301250010728836,0.2350499927997589,0.1372999995946884,0.6818639039993286,0.4084065854549408,0.4400735040041621,0.419483267491451,0.804002046585083,71,2,333,183,0.1938753295363041,303.77507065890126,303.051664486266,0.0008153751112174,342,252,407
Kalayapalem,14.492,79.542,28_515_shc_2025-26.7179,251.0,16.9,496.6,0.49,0.0399999991059303,0.0520000010728836,0.0804499983787536,0.0931499972939491,0.145249992609024,0.24269999563694,0.3036499917507171,0.3098500072956085,0.3403500020503998,0.3380500078201294,0.210899993777275,0.1273500025272369,0.5377171635627747,0.3616787791252136,0.3663567413204186,0.3599667921931348,0.6806519031524658,59,1,314,183,0.1938753295363041,303.77507065890126,303.051664486266,0.0008153751112174,333,289,378
Damaramadugu,14.492,79.928,28_515_shc_2025-26.2029,138.0,14.6,441.0,0.32,0.0357999987900257,0.0359000004827976,0.063400000333786,0.0432999990880489,0.0930000022053718,0.1641000062227249,0.1897000074386596,0.2018000036478042,0.1970999985933303,0.2854999899864197,0.1492999941110611,0.0958999991416931,0.6466748118400574,0.3690637648105621,0.3323269285099761,0.319084694627116,0.7398414015769958,23,2,180,180,0.1992099494264836,303.7269064250745,302.9264417614853,0.0009997937483718,352,321,327
Damaramadugu,14.492,79.932,28_515_shc_2025-26.8317,113.0,0.8,310.0,0.13,0.0505499988794326,0.0574500001966953,0.0974999964237213,0.0821499973535537,0.1601500064134597,0.2694999873638153,0.2973499894142151,0.3050000071525574,0.3333500027656555,0.3159500062465668,0.2379000037908554,0.1410499960184097,0.575616717338562,0.3114049136638641,0.4075456035222605,0.3767964977744671,0.7799999713897705,25,1,134,177,0.1992099494264836,303.7269064250745,302.9264417614853,0.0009997937483718,355,325,320
Pallipadu,14.492,80.032,28_515_shc_2025-26.7485,201.0,246.52,322.8,0.09,0.065650001168251,0.0873500034213066,0.1243000030517578,0.1423999965190887,0.2019499987363815,0.2415499985218048,0.2672500014305115,0.2831000089645386,0.2906999886035919,0.3095000088214874,0.3317500054836273,0.2860499918460846,0.3306698203086853,0.1673023551702499,0.2372881625979165,0.2280389167127977,1.1718473434448242,16,2,296,186,0.1716928649366947,303.6780483178925,302.89869967678135,0.000984645362903,355,310,335
Lebur Bit ? I,14.495,80.095,28_515_shc_2025-26.5718,63.0,75.3,111.7,0.18,0.0680800005793571,0.0801500007510185,0.1089000031352043,0.1040000021457672,0.1588166654109954,0.2912999987602234,0.3381499946117401,0.3518708348274231,0.3697249889373779,0.3716199994087219,0.2035499960184097,0.1107499971985817,0.5437303781509399,0.3780279755592346,0.450757560227531,0.3889712235596869,0.5784792900085449,9,2,90,174,0.1355807321113452,303.735802566796,302.7936206951476,0.0009718836360297,332,329,338
Nagulavellaturu,14.498,79.528,28_515_shc_2025-26.4738,176.0,9.2,335.2,0.61,0.0518999993801116,0.0739500001072883,0.1074000000953674,0.1331499963998794,0.1657000035047531,0.2115499973297119,0.2375500053167343,0.2547999918460846,0.2663500010967254,0.2775500118732452,0.2862499952316284,0.2165499925613403,0.3135713338851928,0.2118905782699585,0.2028751028569179,0.2055014309192848,1.1234301328659058,57,1,0,180,0.1938753295363041,303.77507065890126,303.051664486266,0.0008153751112174,337,280,383
Penuballe,14.498,79.868,28_515_shc_2025-26.4922,63.0,20.0,335.0,0.57,0.0579999983310699,0.0687333345413208,0.0969666689634323,0.1023999974131584,0.1633999943733215,0.2621999979019165,0.2984333336353302,0.3160666525363922,0.3311499953269958,0.322825014591217,0.235358327627182,0.1385499984025955,0.5105942487716675,0.3184093534946441,0.3775118276675764,0.348951137967236,0.744647741317749,29,1,0,180,0.1992099494264836,303.7269064250745,302.9264417614853,0.0009997937483718,350,333,317
Sreerangaraja -Puram,14.498,79.912,28_515_shc_2025-26.5050,38.0,7.7,385.0,0.27,0.0587499998509883,0.0718000009655952,0.1024999991059303,0.101400002837181,0.1641499996185302,0.2703999876976013,0.2993499934673309,0.2985999882221222,0.3291999995708465,0.3234499990940094,0.2001499980688095,0.1098499968647956,0.4929999709129333,0.290545642375946,0.3602484210315534,0.328666645573245,0.6702947020530701,23,1,0,180,0.1992099494264836,303.7269064250745,302.9264417614853,0.0009997937483718,351,320,329
Sreerangaraja -Puram,14.498,79.912,28_515_shc_2025-26.5030,63.0,0.8,484.0,0.11,0.0587499998509883,0.0718000009655952,0.1024999991059303,0.101400002837181,0.1641499996185302,0.2703999876976013,0.2993499934673309,0.2985999882221222,0.3291999995708465,0.3234499990940094,0.2001499980688095,0.1098499968647956,0.4929999709129333,0.290545642375946,0.3602484210315534,0.328666645573245,0.6702947020530701,23,1,0,180,0.1992099494264836,303.7269064250745,302.9264417614853,0.0009997937483718,351,320,329
Padugupadu,14.498,80.002,28_515_shc_2024-25.7436,88.0,20.0,49.2,0.58,0.0544000007212162,0.0432000011205673,0.0806500017642974,0.0590999983251094,0.1419000029563903,0.2703500092029571,0.3176499903202057,0.3373000025749206,0.3364000022411346,0.3458999991416931,0.2396499961614608,0.1544499993324279,0.7018163800239563,0.4077629446983337,0.508443613347423,0.4655287884378924,0.710495114326477,20,2,116,174,0.1716928649366947,303.6780483178925,302.89869967678135,0.000984645362903,332,333,335
Pallipadu,14.498,80.068,28_515_shc_2025-26.7538,50.0,26.9,577.3,0.22,0.0389499999582767,0.0623000003397464,0.0865999981760978,0.0886000022292137,0.1216000020503997,0.1911499947309494,0.2179500013589859,0.2110500037670135,0.2363000065088272,0.2730999886989593,0.2224500030279159,0.14894999563694,0.4086434245109558,0.2689012587070465,0.2400227382323666,0.2296942423927979,1.0540156364440918,15,4,0,180,0.1355807321113452,303.735802566796,302.7936206951476,0.0009718836360297,322,333,346
Punnur,14.498,80.102,28_515_shc_2025-26.5699,151.0,52.99,167.6,0.4,0.0512199997901916,0.050000000745058,0.0793000012636184,0.061549998819828,0.1337999999523162,0.2964749932289123,0.3971999883651733,0.3673999905586242,0.4201000034809112,0.3871000111103058,0.1809333264827728,0.0875499993562698,0.7130201458930969,0.4660813808441162,0.5615223557042245,0.4938640323524352,0.4924696087837219,10,2,90,174,0.1355807321113452,303.735802566796,302.7936206951476,0.0009718836360297,331,320,349
Punnur,14.498,80.102,28_515_shc_2025-26.2414,176.0,103.7,204.8,0.49,0.0512199997901916,0.050000000745058,0.0793000012636184,0.061549998819828,0.1337999999523162,0.2964749932289123,0.3971999883651733,0.3673999905586242,0.4201000034809112,0.3871000111103058,0.1809333264827728,0.0875499993562698,0.7130201458930969,0.4660813808441162,0.5615223557042245,0.4938640323524352,0.4924696087837219,10,2,90,174,0.1355807321113452,303.735802566796,302.7936206951476,0.0009718836360297,331,320,349
Somarajupalle,14.501924,80.13988,28_515_shc_2025-26.7530,138.0,98.3,68.3,0.3,0.0522000007331371,0.0599500015377998,0.0916400030255317,0.0648666694760322,0.0878285691142082,0.0675249993801117,0.0732749998569488,0.0616750009357929,0.0594916678965091,0.1309833377599716,0.0426499992609024,0.03125,-0.025222273543477,-0.1749360710382461,-0.0079692097884875,-0.0076411562653321,0.6915281414985657,7,0,0,180,0.1355807321113452,303.735802566796,302.7936206951476,0.0009718836360297,346,338,316
Paderu,14.502,79.618,28_515_shc_2025-26.4289,263.0,1.5,55.9,0.71,0.0355000011622905,0.0571999996900558,0.0847999975085258,0.0851999968290329,0.1425999999046325,0.264299988746643,0.3160000145435333,0.3328000009059906,0.3598000109195709,0.3463999927043915,0.1915999948978424,0.1132000014185905,0.5923445224761963,0.4000841379165649,0.4374558424749896,0.4045751710585945,0.5757211446762085,58,1,180,180,0.1974915621573464,303.7611846254583,303.0272718396103,0.0008507865888087,329,291,380
Minagallu,14.502,79.858,28_515_shc_2025-26.4207,63.0,15.4,416.0,0.57,0.0526250004768371,0.0703416690230369,0.099733330309391,0.1074000000953674,0.1665000021457672,0.274399995803833,0.3257000148296356,0.3343499898910522,0.377700001001358,0.3583750128746032,0.2013333290815353,0.1136249974370002,0.5137521028518677,0.3351302444934845,0.3909728998681405,0.3614812724324385,0.6021634340286255,27,3,46,174,0.1992099494264836,303.7269064250745,302.9264417614853,0.0009997937483718,351,329,319
Somarajupalle,14.502,80.138,28_515_shc_2025-26.7533,50.0,119.0,74.5,0.14,0.0562399998307228,0.068570002913475,0.0984999984502792,0.083975002169609,0.1473428606986999,0.2442400008440017,0.2774499952793121,0.3143750131130218,0.2954500019550323,0.2888083457946777,0.2396000027656555,0.1513749957084655,0.5783858299255371,0.3617623746395111,0.4417347486238567,0.3847053047651917,0.762147068977356,10,2,180,180,0.1355807321113452,303.735802566796,302.7936206951476,0.0009718836360297,349,328,324
Somarajupalle,14.502618,80.139189,28_515_shc_2025-26.2546,63.0,31.5,186.2,0.3,0.0520111098885536,0.0612333342432975,0.0890000015497207,0.0694333314895629,0.1151333302259445,0.1027600020170211,0.1109333336353302,0.0918571427464485,0.084516666829586,0.1559374928474426,0.048225000500679,0.0317500010132789,0.1390275061130523,-0.1124505251646041,0.053430373101729,0.0508637553326132,0.5250000357627869,8,3,134,174,0.1355807321113452,303.735802566796,302.7936206951476,0.0009718836360297,350,331,319
Somarajupalle,14.505459,80.142604,28_515_shc_2025-26.7468,75.0,28.4,124.1,0.3,0.0566000007092952,0.0800333321094513,0.1208146139979362,0.1428000032901764,0.1816200017929077,0.2279800027608871,0.2478999942541122,0.2694399952888489,0.2641444504261017,0.2508400082588196,0.2774833440780639,0.2226250022649765,0.3071996569633484,0.1946969181299209,0.2074718543201399,0.2082346622532501,1.0298521518707275,9,1,226,183,0.1355807321113452,303.735802566796,302.7936206951476,0.0009718836360297,355,329,315
Chejerla,14.508,79.572,28_515_shc_2025-26.4297,151.0,223.0,446.9,0.38,0.0377999991178512,0.0478999987244606,0.0728000029921531,0.0790000036358833,0.1253000050783157,0.2175000011920929,0.2513000071048736,0.2533999979496002,0.2766000032424927,0.3003000020980835,0.168500006198883,0.1030000001192092,0.5246690511703491,0.3382624685764313,0.3186784902510626,0.3142719737773934,0.6649566292762756,54,4,46,171,0.1974915621573464,303.7611846254583,303.0272718396103,0.0008507865888087,323,301,375
Paderu,14.508,79.628,28_515_shc_2025-26.8351,251.0,49.92,62.1,0.39,0.0292000006884336,0.0428999997675418,0.0707999989390373,0.0671999976038932,0.124499998986721,0.2477000057697296,0.2806999981403351,0.2809999883174896,0.3111000061035156,0.3043999969959259,0.2205999940633773,0.1330000013113021,0.6140149235725403,0.3859432637691498,0.3923079645662148,0.3780947788180218,0.7850533723831177,61,1,270,183,0.1974915621573464,303.7611846254583,303.0272718396103,0.0008507865888087,353,293,354
Pallipadu,14.512,80.062,28_515_shc_2025-26.2709,63.0,16.1,335.2,0.3,0.050500001758337,0.0648000016808509,0.0926999971270561,0.0872000008821487,0.1516000032424926,0.2481999993324279,0.2973000109195709,0.3059999942779541,0.3260999917984009,0.3115000128746032,0.1860000044107437,0.1046999990940094,0.5564597845077515,0.337412565946579,0.4072364419282747,0.3674428928259,0.6078431606292725,12,1,270,183,0.1355807321113452,303.735802566796,302.7936206951476,0.0009718836360297,327,338,336
Penuballe,14.518,79.892,28_515_shc_2025-26.4869,138.0,0.8,472.0,0.11,0.0721874982118606,0.0840833336114883,0.119439996778965,0.1226600036025047,0.1853249967098236,0.3028999865055084,0.3335500061511993,0.3486000001430511,0.3587000072002411,0.3422000110149383,0.287075012922287,0.1975666731595993,0.4794380962848663,0.3058013916015625,0.388497411307161,0.3489384855794031,0.8235083818435669,25,3,215,186,0.1992099494264836,303.7269064250745,302.9264417614853,0.0009997937483718,357,321,323
Gangapatnam,14.521748,80.14948,28_515_shc_2025-26.2674,113.0,113.7,502.8,0.19,0.0615799985826015,0.0672599971294403,0.0984750017523765,0.0942500010132789,0.1513999998569488,0.2565666735172272,0.2937999963760376,0.3154666721820831,0.319599986076355,0.3139666616916656,0.256974995136261,0.1765999943017959,0.5399259924888611,0.3514208197593689,0.4017689563853445,0.3647564307991381,0.8145868182182312,7,3,270,189,0.1355807321113452,303.735802566796,302.7936206951476,0.0009718836360297,350,332,317
Gollapalle,14.522,79.608,28_515_shc_2025-26.5011,151.0,5.4,515.2,0.27,0.0505999997258186,0.0711999982595443,0.097800001502037,0.1177000030875206,0.1676999926567077,0.2698999941349029,0.3104000091552734,0.3292999863624573,0.3553999960422516,0.356900006532669,0.265500009059906,0.1909999996423721,0.47337806224823,0.3251509070396423,0.35231432025739,0.3351636520046346,0.8062557578086853,59,3,90,171,0.1974915621573464,303.7611846254583,303.0272718396103,0.0008507865888087,327,288,386
Annareddipalem,14.522,79.832,28_515_shc_2025-26.10176,163.0,26.1,391.1,0.16,0.0463625006377697,0.0554499998688697,0.0850500017404556,0.0773250013589859,0.1403499990701675,0.2437999993562698,0.2722666561603546,0.2850833237171173,0.302700012922287,0.3080624938011169,0.1812666654586792,0.1046499982476234,0.5732713937759399,0.340202122926712,0.3895979892975033,0.3613572300681312,0.6358374953269958,35,2,333,183,0.2049597355357387,303.6274640936601,302.8602839352792,0.000958808710072,323,333,344
Annareddipalem,14.522,79.832,28_515_shc_2025-26.1417,188.0,9.2,502.8,0.25,0.0463625006377697,0.0554499998688697,0.0850500017404556,0.0773250013589859,0.1403499990701675,0.2437999993562698,0.2722666561603546,0.2850833237171173,0.302700012922287,0.3080624938011169,0.1812666654586792,0.1046499982476234,0.5732713937759399,0.340202122926712,0.3895979892975033,0.3613572300681312,0.6358374953269958,35,2,333,183,0.2049597355357387,303.6274640936601,302.8602839352792,0.000958808710072,323,333,344
Annareddipalem,14.522,79.832,28_515_shc_2025-26.10690,188.0,17.7,422.1,0.16,0.0463625006377697,0.0554499998688697,0.0850500017404556,0.0773250013589859,0.1403499990701675,0.2437999993562698,0.2722666561603546,0.2850833237171173,0.302700012922287,0.3080624938011169,0.1812666654586792,0.1046499982476234,0.5732713937759399,0.340202122926712,0.3895979892975033,0.3613572300681312,0.6358374953269958,35,2,333,183,0.2049597355357387,303.6274640936601,302.8602839352792,0.000958808710072,323,333,344
Annareddipalem,14.522,79.842,28_515_shc_2025-26.7835,188.0,6.1,415.9,0.32,0.0451833344995975,0.0540999993681907,0.0856700018048286,0.0957499966025352,0.1473000049591064,0.2472500056028366,0.2791000008583069,0.2907750010490417,0.3053333461284637,0.3071500062942505,0.2392999976873397,0.1476333290338516,0.5045598745346069,0.3275124132633209,0.3340556112382695,0.3299822424011704,0.8229730725288391,28,3,314,186,0.2049597355357387,303.6274640936601,302.8602839352792,0.000958808710072,346,327,328
Annareddipalem,14.522,79.842,28_515_shc_2025-26.7925,75.0,39.17,620.7,0.28,0.0451833344995975,0.0540999993681907,0.0856700018048286,0.0957499966025352,0.1473000049591064,0.2472500056028366,0.2791000008583069,0.2907750010490417,0.3053333461284637,0.3071500062942505,0.2392999976873397,0.1476333290338516,0.5045598745346069,0.3275124132633209,0.3340556112382695,0.3299822424011704,0.8229730725288391,28,3,314,186,0.2049597355357387,303.6274640936601,302.8602839352792,0.000958808710072,346,327,328
Panchedu,14.522,79.868,28_515_shc_2025-26.1968,213.0,9.2,515.0,0.13,0.0481666661798954,0.0576499998569488,0.0913000032305717,0.0750000029802322,0.1437499970197677,0.2657000124454498,0.3088000118732452,0.3239000141620636,0.3413499891757965,0.3381333351135254,0.2228499948978424,0.120849996805191,0.6239659190177917,0.3852240145206451,0.463837805925322,0.4153409830379898,0.6880209445953369,28,0,0,180,0.1992099494264836,303.7269064250745,302.9264417614853,0.0009997937483718,348,321,331
Panchedu,14.525,79.855,28_515_shc_2025-26.2081,113.0,6.9,347.0,0.11,0.0597000010311603,0.06615000218153,0.096400000154972,0.0922000035643577,0.1474000066518783,0.252700001001358,0.3073000013828277,0.3129999935626983,0.3343000113964081,0.3148750066757202,0.1955000013113021,0.1080500036478042,0.5449160933494568,0.3596872091293335,0.4028976337536243,0.3658859766335404,0.6246006488800049,31,3,303,189,0.1992099494264836,303.7269064250745,302.9264417614853,0.0009997937483718,361,314,325
Rebala,14.525,79.915,28_515_shc_2025-26.1684,13.0,9.2,490.0,0.61,0.0423000007867813,0.0394000001251697,0.0517500005662441,0.0360666662454605,0.0640333369374275,0.0648000016808509,0.0609499998390674,0.0577999986708164,0.0517750009894371,0.1946000009775161,0.0373000018298625,0.032159999012947,0.2315340787172317,-0.0511628314852714,0.055515818258505,0.0548944747431307,0.6453287601470947,23,2,27,177,0.1992099494264836,303.7269064250745,302.9264417614853,0.0009997937483718,369,329,303
Rebala,14.525,79.915,28_515_shc_2025-26.4941,138.0,6.9,397.0,0.63,0.0423000007867813,0.0394000001251697,0.0517500005662441,0.0360666662454605,0.0640333369374275,0.0648000016808509,0.0609499998390674,0.0577999986708164,0.0517750009894371,0.1946000009775161,0.0373000018298625,0.032159999012947,0.2315340787172317,-0.0511628314852714,0.055515818258505,0.0548944747431307,0.6453287601470947,23,2,27,177,0.1992099494264836,303.7269064250745,302.9264417614853,0.0009997937483718,369,329,303
Lebur Bit ? I,14.525,80.075,28_515_shc_2025-26.5643,326.0,192.0,546.2,0.22,0.0493500009179115,0.0478200018405914,0.0653399974107742,0.0472000017762184,0.0912749990820884,0.1348499953746795,0.1480666697025299,0.1299999952316284,0.1353749930858612,0.1932999938726425,0.0755750015377998,0.0479333326220512,0.4672685861587524,0.1750084608793258,0.1962922433192125,0.1834022308503877,0.5813462138175964,11,1,90,177,0.1355807321113452,303.735802566796,302.7936206951476,0.0009718836360297,323,353,324
Gangapatnam,14.526124,80.147189,28_515_shc_2025-26.2707,113.0,96.8,186.2,0.09,0.0479749999940395,0.0705666691064834,0.099200002849102,0.0815500020980835,0.1435000002384185,0.2542333304882049,0.3039250075817108,0.3252333402633667,0.3311666548252105,0.2847425043582916,0.1835999935865402,0.1023000031709671,0.59904944896698,0.3877115845680237,0.4739875862663122,0.4031007079331901,0.5645177364349365,9,4,0,180,0.1355807321113452,303.735802566796,302.7936206951476,0.0009718836360297,362,311,327
Yanamadala,14.528,79.518,28_515_shc_2025-26.5319,113.0,109.8,353.8,0.5,0.045899998396635,0.0806500017642974,0.123549997806549,0.1513999998569488,0.185149997472763,0.2493000030517578,0.2811500132083893,0.2940999865531921,0.3133000135421753,0.3285999894142151,0.3346500098705292,0.2532500028610229,0.3203142285346985,0.2273343652486801,0.2233001942819515,0.2263881365636676,1.1378782987594604,54,2,27,177,0.1938753295363041,303.77507065890126,303.051664486266,0.0008153751112174,336,258,406
Yanamadala,14.528,79.522,28_515_shc_2025-26.5492,75.0,48.38,347.6,0.33,0.0474999994039535,0.0610500015318393,0.0894000008702278,0.098750002682209,0.1518999934196472,0.2131000012159347,0.2391500025987625,0.2327000051736831,0.2617000043392181,0.2653500139713287,0.2764500081539154,0.196600005030632,0.4041333496570587,0.2100884318351745,0.2449125144599097,0.2416561450944574,1.188010334968567,57,4,90,168,0.1938753295363041,303.77507065890126,303.051664486266,0.0008153751112174,338,265,397
Yanamadala,14.528,79.522,28_515_shc_2025-26.5474,63.0,149.0,347.6,0.18,0.0474999994039535,0.0610500015318393,0.0894000008702278,0.098750002682209,0.1518999934196472,0.2131000012159347,0.2391500025987625,0.2327000051736831,0.2617000043392181,0.2653500139713287,0.2764500081539154,0.196600005030632,0.4041333496570587,0.2100884318351745,0.2449125144599097,0.2416561450944574,1.188010334968567,57,4,90,168,0.1938753295363041,303.77507065890126,303.051664486266,0.0008153751112174,338,265,397
Thatiparthi,14.528,79.768,28_515_shc_2025-26.1960,210.0,10.0,125.0,0.5,0.0515000000596046,0.0678000003099441,0.091399997472763,0.1081200018525123,0.1550499945878982,0.2153500020503997,0.249099999666214,0.258899986743927,0.2809999883174896,0.2673999965190887,0.2393999993801117,0.170300006866455,0.4108222723007202,0.25087571144104,0.2694193231685989,0.2608590116858244,0.9246813654899596,32,3,226,186,0.2049597355357387,303.6274640936601,302.8602839352792,0.000958808710072,359,309,333
Kavetipalem,14.528,79.862,28_515_shc_2025-26.4984,50.0,3.1,484.0,0.32,0.0533250011503696,0.0652500018477439,0.0988000035285949,0.1025499999523162,0.1568499952554702,0.2464500069618225,0.2764750123023987,0.2958999872207641,0.3127000033855438,0.3116500079631805,0.1883500069379806,0.1107499971985817,0.4852553606033325,0.3071231245994568,0.3399679829263234,0.3228059269222299,0.6365326642990112,27,1,314,183,0.1992099494264836,303.7269064250745,302.9264417614853,0.0009997937483718,353,317,330
Kavetipalem,14.528,79.862,28_515_shc_2025-26.6856,301.0,2.3,521.0,0.44,0.0533250011503696,0.0652500018477439,0.0988000035285949,0.1025499999523162,0.1568499952554702,0.2464500069618225,0.2764750123023987,0.2958999872207641,0.3127000033855438,0.3116500079631805,0.1883500069379806,0.1107499971985817,0.4852553606033325,0.3071231245994568,0.3399679829263234,0.3228059269222299,0.6365326642990112,27,1,314,183,0.1992099494264836,303.7269064250745,302.9264417614853,0.0009997937483718,353,317,330
Kavetipalem,14.528,79.862,28_515_shc_2025-26.5185,176.0,6.1,484.0,0.24,0.0533250011503696,0.0652500018477439,0.0988000035285949,0.1025499999523162,0.1568499952554702,0.2464500069618225,0.2764750123023987,0.2958999872207641,0.3127000033855438,0.3116500079631805,0.1883500069379806,0.1107499971985817,0.4852553606033325,0.3071231245994568,0.3399679829263234,0.3228059269222299,0.6365326642990112,27,1,314,183,0.1992099494264836,303.7269064250745,302.9264417614853,0.0009997937483718,353,317,330
Cherlopalem,14.528,80.018,28_515_shc_2023-24.7437,38.0,14.7,35.1,0.76,0.0462500005960464,0.0524500012397766,0.0922000035643577,0.0816000029444694,0.154799997806549,0.2861000001430511,0.3265500068664551,0.3323000073432922,0.3682999908924103,0.3497999906539917,0.1981000006198883,0.1058000028133392,0.6057018637657166,0.3644015789031982,0.4387392618985879,0.4114782824871907,0.5961480736732483,17,2,207,183,0.1716928649366947,303.6780483178925,302.89869967678135,0.000984645362903,371,316,313
Pelleru,14.532,79.658,28_515_shc_2025-26.4635,113.0,9.2,6.2,0.41,0.0415499992668628,0.061099998652935,0.092299997806549,0.0883666649460792,0.1531500071287155,0.2888000011444092,0.3552500009536743,0.3721500039100647,0.392520010471344,0.3739500045776367,0.2255333364009857,0.121799997985363,0.6162281632423401,0.4169045984745025,0.4912806215617826,0.4431729528993018,0.6060280203819275,58,2,64,174,0.2018329218814247,303.7323888812149,302.9459944273296,0.0008989876287896,311,325,363
Pelleru,14.532,79.658,28_515_shc_2025-26.4633,50.0,20.7,62.1,0.38,0.0415499992668628,0.061099998652935,0.092299997806549,0.0883666649460792,0.1531500071287155,0.2888000011444092,0.3552500009536743,0.3721500039100647,0.392520010471344,0.3739500045776367,0.2255333364009857,0.121799997985363,0.6162281632423401,0.4169045984745025,0.4912806215617826,0.4431729528993018,0.6060280203819275,58,2,64,174,0.2018329218814247,303.7323888812149,302.9459944273296,0.0008989876287896,311,325,363
Annareddipalem,14.532,79.832,28_515_shc_2025-26.603,75.0,20.0,366.2,0.32,0.048624999821186,0.0646428540349006,0.1014999970793724,0.1158000007271766,0.1724999994039535,0.2390500009059906,0.2737999856472015,0.2687000036239624,0.3000666797161102,0.3194000124931335,0.2684000134468078,0.2009000033140182,0.3976593017578125,0.218041718006134,0.2585078370225019,0.2592990426420943,0.9988835453987122,31,0,0,180,0.2049597355357387,303.6274640936601,302.8602839352792,0.000958808710072,350,310,340
Annareddipalem,14.532,79.838,28_515_shc_2025-26.6707,163.0,6.1,459.3,0.16,0.050500001758337,0.0689666643738746,0.0966000035405159,0.1062333360314369,0.1633999943733215,0.2562499940395355,0.2973000109195709,0.2946999967098236,0.3267000019550323,0.3203000128269195,0.2309499979019165,0.1379999965429306,0.4700698256492615,0.2866186499595642,0.3330152607513709,0.3137856939507518,0.7836782932281494,30,2,90,174,0.2049597355357387,303.6274640936601,302.8602839352792,0.000958808710072,345,341,315
Annareddipalem,14.532,79.842,28_515_shc_2025-26.672,75.0,18.4,620.7,0.16,0.0520666651427745,0.0675333365797996,0.0970000028610229,0.0951666682958602,0.1591666638851165,0.2723000049591064,0.3139500021934509,0.3244999945163727,0.3470999896526336,0.345550000667572,0.2001499980688095,0.1180000007152557,0.5464654564857483,0.3418332040309906,0.4127669717999516,0.3740485582883442,0.6167950630187988,31,1,180,180,0.2049597355357387,303.6274640936601,302.8602839352792,0.000958808710072,350,334,316
Annareddipalem,14.532,79.842,28_515_shc_2025-26.609,100.0,19.2,403.5,0.28,0.0520666651427745,0.0675333365797996,0.0970000028610229,0.0951666682958602,0.1591666638851165,0.2723000049591064,0.3139500021934509,0.3244999945163727,0.3470999896526336,0.345550000667572,0.2001499980688095,0.1180000007152557,0.5464654564857483,0.3418332040309906,0.4127669717999516,0.3740485582883442,0.6167950630187988,31,1,180,180,0.2049597355357387,303.6274640936601,302.8602839352792,0.000958808710072,350,334,316
Annareddipalem,14.532,79.848,28_515_shc_2025-26.6507,113.0,20.0,378.6,0.13,0.0457333326339721,0.0750999972224235,0.1121999993920326,0.1086499989032745,0.1645999997854232,0.2720000147819519,0.3313499987125397,0.3253999948501587,0.3655000030994415,0.3644666671752929,0.2382999956607818,0.1370999962091446,0.49936643242836,0.3281632661819458,0.3832077977294968,0.3480809336701858,0.7323294281959534,27,2,90,174,0.2049597355357387,303.6274640936601,302.8602839352792,0.000958808710072,358,322,320
Nagamambapuram,14.532,79.918,28_515_shc_2025-26.5190,201.0,7.7,528.0,0.46,0.0529999993741512,0.0732333362102508,0.1027999967336654,0.101000003516674,0.151199996471405,0.2545999884605407,0.2947500050067901,0.3075999915599823,0.3319000005722046,0.3098500072956085,0.1818999946117401,0.1010999977588653,0.5056289434432983,0.3408892750740051,0.3785685296909966,0.3410741621661762,0.5913524031639099,21,2,207,183,0.1992099494264836,303.7269064250745,302.9264417614853,0.0009997937483718,378,321,302
Nagamambapuram,14.532,79.918,28_515_shc_2025-26.1725,151.0,7.7,441.0,0.34,0.0529999993741512,0.0732333362102508,0.1027999967336654,0.101000003516674,0.151199996471405,0.2545999884605407,0.2947500050067901,0.3075999915599823,0.3319000005722046,0.3098500072956085,0.1818999946117401,0.1010999977588653,0.5056289434432983,0.3408892750740051,0.3785685296909966,0.3410741621661762,0.5913524031639099,21,2,207,183,0.1992099494264836,303.7269064250745,302.9264417614853,0.0009997937483718,378,321,302
Nagamambapuram,14.532,79.918,28_515_shc_2025-26.5222,251.0,12.3,453.0,0.38,0.0529999993741512,0.0732333362102508,0.1027999967336654,0.101000003516674,0.151199996471405,0.2545999884605407,0.2947500050067901,0.3075999915599823,0.3319000005722046,0.3098500072956085,0.1818999946117401,0.1010999977588653,0.5056289434432983,0.3408892750740051,0.3785685296909966,0.3410741621661762,0.5913524031639099,21,2,207,183,0.1992099494264836,303.7269064250745,302.9264417614853,0.0009997937483718,378,321,302
Mudivarthi Palem,14.532324,80.113491,28_515_shc_2025-26.2637,238.0,57.6,117.9,0.03,0.05180000141263,0.0574666671454906,0.0868749991059303,0.0676499977707862,0.1419499963521957,0.2995857000350952,0.3704000115394592,0.3522000014781952,0.402999997138977,0.3848200142383575,0.1850000023841858,0.0987333357334137,0.677742063999176,0.4254781007766723,0.5360372372623089,0.4640158785775918,0.5252697467803955,8,3,161,177,0.1355807321113452,303.735802566796,302.7936206951476,0.0009718836360297,363,328,309
Chejerla,14.538,79.568,28_515_shc_2025-26.5320,138.0,21.5,360.0,0.52,0.0370999984443187,0.0527999997138977,0.0716999992728233,0.06700000166893,0.1231999993324279,0.2345000058412552,0.2815999984741211,0.3007999956607818,0.3115000128746032,0.3233000040054321,0.1606999933719635,0.0826999992132186,0.6356715559959412,0.4188679158687591,0.4472757740142907,0.4041253653686435,0.5342420339584351,51,1,0,180,0.1974915621573464,303.7611846254583,303.0272718396103,0.0008507865888087,335,318,347
Chejerla,14.538,79.568,28_515_shc_2025-26.5056,13.0,11.5,378.6,0.21,0.0370999984443187,0.0527999997138977,0.0716999992728233,0.06700000166893,0.1231999993324279,0.2345000058412552,0.2815999984741211,0.3007999956607818,0.3115000128746032,0.3233000040054321,0.1606999933719635,0.0826999992132186,0.6356715559959412,0.4188679158687591,0.4472757740142907,0.4041253653686435,0.5342420339584351,51,1,0,180,0.1974915621573464,303.7611846254583,303.0272718396103,0.0008507865888087,335,318,347
Chejerla,14.538,79.568,28_515_shc_2025-26.5028,138.0,3.8,415.9,0.2,0.0370999984443187,0.0527999997138977,0.0716999992728233,0.06700000166893,0.1231999993324279,0.2345000058412552,0.2815999984741211,0.3007999956607818,0.3115000128746032,0.3233000040054321,0.1606999933719635,0.0826999992132186,0.6356715559959412,0.4188679158687591,0.4472757740142907,0.4041253653686435,0.5342420339584351,51,1,0,180,0.1974915621573464,303.7611846254583,303.0272718396103,0.0008507865888087,335,318,347
Chejerla,14.538,79.568,28_515_shc_2025-26.5290,88.0,13.1,353.8,0.18,0.0370999984443187,0.0527999997138977,0.0716999992728233,0.06700000166893,0.1231999993324279,0.2345000058412552,0.2815999984741211,0.3007999956607818,0.3115000128746032,0.3233000040054321,0.1606999933719635,0.0826999992132186,0.6356715559959412,0.4188679158687591,0.4472757740142907,0.4041253653686435,0.5342420339584351,51,1,0,180,0.1974915621573464,303.7611846254583,303.0272718396103,0.0008507865888087,335,318,347
Chejerla,14.538,79.568,28_515_shc_2025-26.5029,163.0,10.8,372.4,0.35,0.0370999984443187,0.0527999997138977,0.0716999992728233,0.06700000166893,0.1231999993324279,0.2345000058412552,0.2815999984741211,0.3007999956607818,0.3115000128746032,0.3233000040054321,0.1606999933719635,0.0826999992132186,0.6356715559959412,0.4188679158687591,0.4472757740142907,0.4041253653686435,0.5342420339584351,51,1,0,180,0.1974915621573464,303.7611846254583,303.0272718396103,0.0008507865888087,335,318,347
Thimmayapalem,14.538,79.582,28_515_shc_2025-26.4924,138.0,13.1,6.2,0.16,0.0428999997675418,0.0568000003695488,0.0799999982118606,0.0886000022292137,0.1297000050544738,0.2128999978303909,0.2712000012397766,0.2786000072956085,0.2971999943256378,0.3016000092029571,0.2128999978303909,0.1263999938964843,0.5174291729927063,0.3646828234195709,0.3431585078194615,0.3286439165928475,0.7641779780387878,47,1,46,177,0.1974915621573464,303.7611846254583,303.0272718396103,0.0008507865888087,314,318,368
Mudivarthi Palem,14.538162,80.120114,28_515_shc_2025-26.5624,100.0,23.8,155.2,0.04,0.0711750015616417,0.0953333303332328,0.1338499933481216,0.1510500013828277,0.1806000024080276,0.2670499980449676,0.3012000024318695,0.3307999968528747,0.3327000141143799,0.3149600028991699,0.3172000050544739,0.2430800050497055,0.3730413913726806,0.293703556060791,0.2952335460953514,0.2746091497576644,0.9588875770568848,12,3,72,171,0.1355807321113452,303.735802566796,302.7936206951476,0.0009718836360297,360,311,329
Mudivarthi Palem,14.541441,80.127919,28_515_shc_2025-26.5730,63.0,58.4,117.9,0.21,0.0609333328902721,0.0771500021219253,0.1129999980330467,0.11387500166893,0.1671999990940094,0.2632499933242798,0.3020200133323669,0.3097800016403198,0.3292999863624573,0.3383499979972839,0.2528499960899353,0.1747999936342239,0.4624163508415222,0.2989223897457123,0.3462675127730466,0.3181463846395664,0.8162243962287903,7,0,0,180,0.1355807321113452,303.735802566796,302.7936206951476,0.0009718836360297,351,316,333
Mudivarthi Palem,14.541441,80.127919,28_515_shc_2025-26.5731,13.0,27.6,124.1,0.09,0.0609333328902721,0.0771500021219253,0.1129999980330467,0.11387500166893,0.1671999990940094,0.2632499933242798,0.3020200133323669,0.3097800016403198,0.3292999863624573,0.3383499979972839,0.2528499960899353,0.1747999936342239,0.4624163508415222,0.2989223897457123,0.3462675127730466,0.3181463846395664,0.8162243962287903,7,0,0,180,0.1355807321113452,303.735802566796,302.7936206951476,0.0009718836360297,351,316,333
Chejerla,14.542,79.562,28_515_shc_2025-26.8292,213.0,67.6,347.6,0.34,0.0384499989449977,0.0627000033855438,0.0868000015616417,0.0947000011801719,0.1466500014066696,0.2364999949932098,0.2879500091075897,0.2899500131607055,0.3167000114917755,0.3127500116825104,0.1929499953985214,0.1193500012159347,0.5076043009757996,0.3282180726528168,0.3517004335777329,0.3310631472594408,0.6654595136642456,50,1,134,177,0.1974915621573464,303.7611846254583,303.0272718396103,0.0008507865888087,318,326,356
Chejerla,14.542,79.568,28_515_shc_2025-26.8471,151.0,55.3,353.8,0.39,0.0452000014483928,0.0555999986827373,0.0777999982237815,0.0689999982714653,0.1370999962091446,0.2434999942779541,0.3113000094890594,0.3142000138759613,0.3395000100135803,0.3332000076770782,0.1583999991416931,0.0935000032186508,0.6398747563362122,0.3924219310283661,0.4675107022223707,0.4164402381658365,0.5041374564170837,51,1,180,180,0.1974915621573464,303.7611846254583,303.0272718396103,0.0008507865888087,342,313,345
Perumallapadu,14.542,79.612,28_515_shc_2025-26.9265,138.0,48.38,360.0,0.58,0.0467000007629394,0.0489000007510185,0.0711999982595443,0.0636000037193298,0.1167000010609626,0.2173999994993209,0.2617000043392181,0.2685999870300293,0.2849000096321106,0.2860000133514404,0.1972000002861023,0.1106999963521957,0.6170980930328369,0.3942382335662842,0.3993143143822877,0.3695024974575632,0.7341772317886353,49,2,244,186,0.1974915621573464,303.7611846254583,303.0272718396103,0.0008507865888087,331,324,346
Duvvuru,14.542,79.848,28_515_shc_2025-26.3552,113.0,10.0,335.2,0.2,0.0409125015139579,0.0562499985098838,0.0879285708069801,0.0951571464538574,0.1235624998807907,0.1967000067234039,0.2205666601657867,0.2278999984264373,0.2400874942541122,0.1911636292934417,0.1885000020265579,0.127333328127861,0.4108958840370178,0.2968666553497314,0.2410057146176628,0.2419203565602107,0.8271171450614929,32,1,180,180,0.2049597355357387,303.6274640936601,302.8602839352792,0.000958808710072,339,339,322
Chejerla,14.545,79.565,28_515_shc_2025-26.5044,213.0,27.6,459.3,0.09,0.0315000005066394,0.0441000014543533,0.0690999999642372,0.0644999966025352,0.1141000017523765,0.2222000062465667,0.2666000127792358,0.2698000073432922,0.2985999882221222,0.2878000140190124,0.1515000015497207,0.091399997472763,0.6141190528869629,0.4055743813514709,0.3870517975351251,0.3691118478421237,0.5615270733833313,53,1,270,183,0.1974915621573464,303.7611846254583,303.0272718396103,0.0008507865888087,327,314,358
Chejerla,14.545,79.575,28_515_shc_2025-26.4690,251.0,23.0,428.3,0.65,0.0234500002115964,0.0359999984502792,0.0618500001728534,0.0502500012516975,0.101400002837181,0.2208500057458877,0.2779499888420105,0.2971000075340271,0.3093500137329101,0.2960500121116638,0.1568000018596649,0.0843499973416328,0.7106664776802063,0.4910915791988373,0.4644927015799655,0.4369800030498712,0.5277684330940247,51,1,314,183,0.1974915621573464,303.7611846254583,303.0272718396103,0.0008507865888087,323,324,353
Thimmayapalem,14.545,79.585,28_515_shc_2025-26.4908,113.0,2.3,6.2,0.49,0.0350000001490116,0.0489999987185001,0.0772000029683113,0.0759999975562095,0.1352999955415725,0.2520000040531158,0.3016000092029571,0.3120000064373016,0.3544999957084656,0.3495000004768371,0.1708000004291534,0.0917000025510788,0.6082474589347839,0.395036906003952,0.4212781303955155,0.3986486618576916,0.5474358797073364,49,1,180,180,0.1974915621573464,303.7611846254583,303.0272718396103,0.0008507865888087,319,313,367
Thimmayapalem,14.545,79.585,28_515_shc_2025-26.4665,151.0,3.1,62.1,0.41,0.0350000001490116,0.0489999987185001,0.0772000029683113,0.0759999975562095,0.1352999955415725,0.2520000040531158,0.3016000092029571,0.3120000064373016,0.3544999957084656,0.3495000004768371,0.1708000004291534,0.0917000025510788,0.6082474589347839,0.395036906003952,0.4212781303955155,0.3986486618576916,0.5474358797073364,49,1,180,180,0.1974915621573464,303.7611846254583,303.0272718396103,0.0008507865888087,319,313,367
Duvvuru,14.545,79.855,28_515_shc_2025-26.3979,63.0,41.47,490.4,0.13,0.0487250015139579,0.0802500024437904,0.1150249987840652,0.1414999961853027,0.1755000054836273,0.2675999999046325,0.3264999985694885,0.3378333449363708,0.3661749958992004,0.3396428525447845,0.1964499950408935,0.1133999973535537,0.4095966815948486,0.31623375415802,0.309682198405931,0.3007147931768547,0.5814996957778931,27,1,90,177,0.1992099494264836,303.7269064250745,302.9264417614853,0.0009997937483718,337,336,327
Duvvuru,14.548,79.842,28_515_shc_2025-26.986,163.0,10.0,397.3,0.27,0.0478999987244606,0.0557750016450881,0.0834333300590515,0.0750999972224235,0.1378500014543533,0.2533999979496002,0.2856999933719635,0.2851999998092651,0.3206000030040741,0.3173500001430511,0.2019333392381668,0.1124000027775764,0.5831251740455627,0.3483039736747741,0.3986755229982666,0.3663257061113927,0.7080411911010742,27,3,0,180,0.2049597355357387,303.6274640936601,302.8602839352792,0.000958808710072,340,324,336
Pelleru,14.552,79.672,28_515_shc_2025-26.2360,13.0,10.0,229.7,0.39,0.0425999984145164,0.0578499995172023,0.0849833339452743,0.0894000008702278,0.1579499989748001,0.2547749876976013,0.3039999902248382,0.3145500123500824,0.3458499908447265,0.3284499943256378,0.2163500040769577,0.124049998819828,0.5573709607124329,0.331428587436676,0.3972090540598139,0.3736102796399558,0.6878079771995544,48,1,314,183,0.2020711062247293,303.66259892781574,302.88237652025725,0.0008888342607273,326,300,374
Vavveru,14.552,79.872,28_515_shc_2025-26.1849,113.0,2.3,172.0,0.49,0.0485749989748001,0.0685499981045723,0.0999500006437301,0.0993999987840652,0.1664499938488006,0.2408999949693679,0.2794333398342132,0.2861000001430511,0.3184249997138977,0.3087500035762787,0.2215999960899353,0.1343999952077865,0.4843060970306396,0.2643907070159912,0.3410980184439486,0.3162620015559471,0.7745543122291565,29,5,38,171,0.1991972672311883,303.4325028135065,302.0515488407068,0.0009806172171236,351,321,328
Vavveru,14.552,79.872,28_515_shc_2025-26.7112,63.0,0.8,422.0,0.41,0.0485749989748001,0.0685499981045723,0.0999500006437301,0.0993999987840652,0.1664499938488006,0.2408999949693679,0.2794333398342132,0.2861000001430511,0.3184249997138977,0.3087500035762787,0.2215999960899353,0.1343999952077865,0.4843060970306396,0.2643907070159912,0.3410980184439486,0.3162620015559471,0.7745543122291565,29,5,38,171,0.1991972672311883,303.4325028135065,302.0515488407068,0.0009806172171236,351,321,328
Vavveru,14.552,79.872,28_515_shc_2025-26.1850,151.0,8.4,403.0,0.55,0.0485749989748001,0.0685499981045723,0.0999500006437301,0.0993999987840652,0.1664499938488006,0.2408999949693679,0.2794333398342132,0.2861000001430511,0.3184249997138977,0.3087500035762787,0.2215999960899353,0.1343999952077865,0.4843060970306396,0.2643907070159912,0.3410980184439486,0.3162620015559471,0.7745543122291565,29,5,38,171,0.1991972672311883,303.4325028135065,302.0515488407068,0.0009806172171236,351,321,328
Vavveru,14.552,79.882,28_515_shc_2025-26.4545,38.0,0.8,465.0,0.38,0.0453249998390674,0.0608499981462955,0.0926000028848648,0.1072999984025955,0.1574600040912628,0.2263000011444091,0.2616499960422516,0.2724500000476837,0.2931500077247619,0.2974166572093963,0.1935999989509582,0.1060499995946884,0.4348913729190826,0.2674745619297027,0.2828153115012843,0.2815856810503114,0.7105891108512878,27,1,0,180,0.1991972672311883,303.4325028135065,302.0515488407068,0.0009806172171236,360,316,324
Pelleru,14.555,79.655,28_515_shc_2025-26.8246,163.0,8.4,248.3,0.5,0.0342999994754791,0.0529733337461948,0.0804750025272369,0.0561500005424022,0.1424199938774109,0.2826857268810272,0.3583999872207641,0.3709250092506408,0.385699987411499,0.3709799945354461,0.2070250064134597,0.1089333370327949,0.7370485067367554,0.4451295137405395,0.6004750127780633,0.5093034631229697,0.5581316947937012,41,2,27,177,0.2020711062247293,303.66259892781574,302.88237652025725,0.0008888342607273,321,311,368
Duvvuru,14.555,79.825,28_515_shc_2025-26.3793,188.0,3.8,602.1,0.35,0.0367249995470047,0.0364333316683769,0.064980000257492,0.0446400009095668,0.1076000034809112,0.2298000007867813,0.2713600099086761,0.2864499986171722,0.295549988746643,0.3000000119209289,0.1823499947786331,0.0954499989748001,0.7303451895713806,0.4538764059543609,0.4719017255148134,0.4364328734167835,0.6365857720375061,31,0,0,180,0.2007670486182497,303.70354173894515,302.8499572151585,0.0009395168291107,323,339,339
Pelleru,14.558,79.652,28_515_shc_2025-26.5288,138.0,13.1,31.0,0.34,0.0322999991476535,0.0509999990463256,0.0797000005841255,0.0747999995946884,0.1376000046730041,0.2396000027656555,0.2763000130653381,0.298799991607666,0.3172000050544739,0.2818999886512756,0.1878000050783157,0.1076999977231025,0.599571704864502,0.3693858683109283,0.4102263435196323,0.384615374774698,0.6285141110420227,43,0,0,180,0.2020711062247293,303.66259892781574,302.88237652025725,0.0008888342607273,316,309,375
Pelleru,14.558,79.652,28_515_shc_2025-26.5296,151.0,17.7,136.6,1.2,0.0322999991476535,0.0509999990463256,0.0797000005841255,0.0747999995946884,0.1376000046730041,0.2396000027656555,0.2763000130653381,0.298799991607666,0.3172000050544739,0.2818999886512756,0.1878000050783157,0.1076999977231025,0.599571704864502,0.3693858683109283,0.4102263435196323,0.384615374774698,0.6285141110420227,43,0,0,180,0.2020711062247293,303.66259892781574,302.88237652025725,0.0008888342607273,316,309,375
Duvvuru,14.558,79.822,28_515_shc_2025-26.7956,125.0,2.3,564.9,0.27,0.0407555550336837,0.0603142865002155,0.0912500023841857,0.0945250019431114,0.1492999941110611,0.219650000333786,0.2472500056028366,0.2576000094413757,0.2648000121116638,0.2050999999046325,0.2202333360910415,0.145699992775917,0.4631167948246002,0.266158789396286,0.2970632731777666,0.2870617667353328,0.854943037033081,32,2,0,180,0.2007670486182497,303.70354173894515,302.8499572151585,0.0009395168291107,335,327,338
Pelleru,14.562,79.652,28_515_shc_2025-26.10390,138.0,14.6,285.5,0.14,0.045499999076128,0.0717500001192092,0.1040000021457672,0.1168500036001205,0.1741999983787536,0.2737999856472015,0.3169499933719635,0.3282000124454498,0.3605499863624573,0.3550499975681305,0.3219499886035919,0.209099993109703,0.4748904705047607,0.3065286874771118,0.3543346759209237,0.3354584496961766,0.9809566736221312,44,1,46,177,0.2020711062247293,303.66259892781574,302.88237652025725,0.0008888342607273,313,309,379
Padamatipalem,14.562,79.788,28_515_shc_2025-26.6491,163.0,19.2,471.8,0.22,0.0620333328843116,0.0597999989986419,0.0893666669726371,0.1123333349823951,0.1573333293199539,0.209099993109703,0.2339999973773956,0.2547999918460846,0.2727000117301941,0.3526000082492828,0.3695499897003174,0.2700499892234802,0.3880515396595001,0.2364930361509323,0.2406043639353367,0.2464442072329718,1.4503532648086548,34,2,207,183,0.2007670486182497,303.70354173894515,302.8499572151585,0.0009395168291107,330,340,330
Duvvuru,14.562,79.822,28_515_shc_2025-26.3395,88.0,0.8,409.7,0.35,0.049100000411272,0.0654499977827072,0.0969166681170463,0.1094999983906745,0.1624999940395355,0.2313333302736282,0.2551999986171722,0.2707400023937225,0.2807500064373016,0.2597799897193908,0.2838999927043915,0.1941999942064285,0.424047976732254,0.2498384416103363,0.2805413225178834,0.2747659794931453,1.0486074686050415,32,3,270,189,0.2007670486182497,303.70354173894515,302.8499572151585,0.0009395168291107,329,345,325
Mamuduru,14.565,79.685,28_515_shc_2025-26.1957,176.0,9.2,583.5,0.28,0.0346000008285045,0.0374250002205371,0.0553000010550022,0.0382499992847442,0.0874250009655952,0.2091500014066696,0.2685000002384186,0.2777499854564667,0.297733336687088,0.3041999936103821,0.146139994263649,0.0738333314657211,0.7579113841056824,0.5211884379386902,0.4881528462113564,0.440257335754139,0.5261566042900085,41,1,314,183,0.2020711062247293,303.66259892781574,302.88237652025725,0.0008888342607273,324,311,365
Padamatipalem,14.568,79.792,28_515_shc_2025-26.3695,113.0,16.9,322.8,0.2,0.051350001245737,0.0471500009298324,0.0742250010371208,0.0682249963283538,0.1388999968767166,0.2119666635990142,0.2433000057935714,0.2381999939680099,0.2632000148296356,0.2930249869823456,0.2286500036716461,0.1605499982833862,0.5547034740447998,0.2633253633975982,0.3284096880461958,0.3161639328237888,0.9599076509475708,36,2,296,186,0.2007670486182497,303.70354173894515,302.8499572151585,0.0009395168291107,349,314,337
Padamatipalem,14.568,79.808,28_515_shc_2025-26.52,25.0,39.17,446.9,0.24,0.0910625010728836,0.0791750028729438,0.0999500006437301,0.101400002837181,0.1681666672229766,0.2370000034570694,0.2721999883651733,0.2648000121116638,0.293966680765152,0.2757666707038879,0.2513499855995178,0.1921000033617019,0.446204274892807,0.2231888771057129,0.3192934281158079,0.2829600665917778,0.9492068290710448,33,1,226,183,0.2007670486182497,303.70354173894515,302.8499572151585,0.0009395168291107,355,296,349
Padamatipalem,14.568,79.808,28_515_shc_2025-26.626,75.0,61.4,403.5,0.25,0.0910625010728836,0.0791750028729438,0.0999500006437301,0.101400002837181,0.1681666672229766,0.2370000034570694,0.2721999883651733,0.2648000121116638,0.293966680765152,0.2757666707038879,0.2513499855995178,0.1921000033617019,0.446204274892807,0.2231888771057129,0.3192934281158079,0.2829600665917778,0.9492068290710448,33,1,226,183,0.2007670486182497,303.70354173894515,302.8499572151585,0.0009395168291107,355,296,349
Padamatipalem,14.568,79.808,28_515_shc_2025-26.4059,151.0,13.8,403.5,0.25,0.0910625010728836,0.0791750028729438,0.0999500006437301,0.101400002837181,0.1681666672229766,0.2370000034570694,0.2721999883651733,0.2648000121116638,0.293966680765152,0.2757666707038879,0.2513499855995178,0.1921000033617019,0.446204274892807,0.2231888771057129,0.3192934281158079,0.2829600665917778,0.9492068290710448,33,1,226,183,0.2007670486182497,303.70354173894515,302.8499572151585,0.0009395168291107,355,296,349
Mamuduru,14.572,79.702,28_515_shc_2025-26.1749,176.0,33.0,422.1,0.14,0.0540999993681907,0.0670749992132186,0.1057535707950592,0.1230499967932701,0.1691499948501587,0.2389499992132187,0.2698499858379364,0.2835749983787536,0.2977666556835174,0.2871666550636291,0.2499749958515167,0.1736499965190887,0.3947740495204925,0.2527472674846649,0.2642278147676289,0.2655866578358984,0.8815128207206726,40,1,0,180,0.2020711062247293,303.66259892781574,302.88237652025725,0.0008888342607273,343,292,365
Padamatipalem,14.572,79.798,28_515_shc_2025-26.10037,163.0,15.4,620.7,0.22,0.0423999987542629,0.0491666682064533,0.0834499970078468,0.0747499987483024,0.1457500010728836,0.2774625122547149,0.3187499940395355,0.3333249986171722,0.3608500063419342,0.3460499942302704,0.2013999968767166,0.1024999991059303,0.63364577293396,0.3915357589721679,0.4574686474698653,0.4271260643984023,0.6042150855064392,33,1,46,177,0.2007670486182497,303.70354173894515,302.8499572151585,0.0009395168291107,342,332,326
Padamatipalem,14.572,79.798,28_515_shc_2025-26.11831,75.0,86.8,620.7,0.32,0.0423999987542629,0.0491666682064533,0.0834499970078468,0.0747499987483024,0.1457500010728836,0.2774625122547149,0.3187499940395355,0.3333249986171722,0.3608500063419342,0.3460499942302704,0.2013999968767166,0.1024999991059303,0.63364577293396,0.3915357589721679,0.4574686474698653,0.4271260643984023,0.6042150855064392,33,1,46,177,0.2007670486182497,303.70354173894515,302.8499572151585,0.0009395168291107,342,332,326
Padamatipalem,14.572,79.808,28_515_shc_2025-26.10139,138.0,1.5,397.3,0.2,0.0423333346843719,0.0524000003933906,0.0850000008940696,0.0816999971866607,0.1471499949693679,0.264299988746643,0.3092666566371918,0.3275666534900665,0.3510000109672546,0.3528000116348266,0.1959500014781952,0.1029499992728233,0.6007493138313293,0.3800512552261352,0.4314156622124881,0.405601573730464,0.5981988906860352,33,2,116,174,0.2007670486182497,303.70354173894515,302.8499572151585,0.0009395168291107,339,331,330
Padamatipalem,14.572,79.808,28_515_shc_2025-26.10135,188.0,2.3,403.5,0.2,0.0423333346843719,0.0524000003933906,0.0850000008940696,0.0816999971866607,0.1471499949693679,0.264299988746643,0.3092666566371918,0.3275666534900665,0.3510000109672546,0.3528000116348266,0.1959500014781952,0.1029499992728233,0.6007493138313293,0.3800512552261352,0.4314156622124881,0.405601573730464,0.5981988906860352,33,2,116,174,0.2007670486182497,303.70354173894515,302.8499572151585,0.0009395168291107,339,331,330
Vidavalur,14.572,80.072,28_515_shc_2024-25.11364,88.0,62.8,112.4,0.62,0.0833545476198196,0.0986083298921585,0.1369124948978424,0.1312000006437301,0.1815250068902969,0.2604333460330963,0.2953857183456421,0.3070999979972839,0.3205916583538055,0.3382999897003174,0.2743000090122223,0.199750006198883,0.4013232886791229,0.2569966614246368,0.324601617953775,0.2812000388068608,0.8931944370269775,10,2,180,180,0.1415241643002158,303.6907778957434,302.77452204520245,0.000962429601867,346,315,339
Sangam,14.578,79.758,28_515_shc_2025-26.1010,151.0,10.8,378.6,0.35,0.0645600035786628,0.0839999988675117,0.1328999996185302,0.1759999990463256,0.2294999957084655,0.3286666572093963,0.3578416705131531,0.3692666590213775,0.386474996805191,0.3928749859333038,0.4016999900341034,0.3325499892234802,0.354444295167923,0.2334242612123489,0.2691336391525673,0.2773454866516948,1.087831735610962,39,10,111,151,0.2007670486182497,303.70354173894515,302.8499572151585,0.0009395168291107,332,318,349
Sangam,14.578,79.758,28_515_shc_2025-26.3381,88.0,12.3,453.1,0.26,0.0645600035786628,0.0839999988675117,0.1328999996185302,0.1759999990463256,0.2294999957084655,0.3286666572093963,0.3578416705131531,0.3692666590213775,0.386474996805191,0.3928749859333038,0.4016999900341034,0.3325499892234802,0.354444295167923,0.2334242612123489,0.2691336391525673,0.2773454866516948,1.087831735610962,39,10,111,151,0.2007670486182497,303.70354173894515,302.8499572151585,0.0009395168291107,332,318,349
Sangam,14.578,79.758,28_515_shc_2025-26.1012,138.0,9.2,502.8,0.03,0.0645600035786628,0.0839999988675117,0.1328999996185302,0.1759999990463256,0.2294999957084655,0.3286666572093963,0.3578416705131531,0.3692666590213775,0.386474996805191,0.3928749859333038,0.4016999900341034,0.3325499892234802,0.354444295167923,0.2334242612123489,0.2691336391525673,0.2773454866516948,1.087831735610962,39,10,111,151,0.2007670486182497,303.70354173894515,302.8499572151585,0.0009395168291107,332,318,349
Padamatipalem,14.585,79.805,28_515_shc_2025-26.7847,38.0,24.6,360.6,0.2,0.0448333323001861,0.0627499967813491,0.0932666659355163,0.1141749992966651,0.1687999963760376,0.2349666655063629,0.2692500054836273,0.2777999937534332,0.2919333279132843,0.2874999940395355,0.1977500021457672,0.1156375035643577,0.4174373149871826,0.2440662831068039,0.2741292247440349,0.2751618527397066,0.7118430733680725,34,3,252,189,0.2007670486182497,303.70354173894515,302.8499572151585,0.0009395168291107,344,320,336
Bodduvaripalem,14.588,79.982,28_515_shc_2024-25.6668,163.0,43.01,384.9,0.18,0.067500002682209,0.098750002682209,0.1315499991178512,0.162650004029274,0.1651500016450882,0.1907999962568283,0.2079000025987625,0.2014500051736831,0.210899993777275,0.2291499972343444,0.2211499959230423,0.1773499995470047,0.1065641343593597,0.0990180075168609,0.0675146616350911,0.0673533168577295,1.0977909564971924,16,6,261,198,0.2006610401889734,303.3943483453048,302.67723414772433,0.0009681565295501,344,334,322
Sangam,14.592,79.728,28_515_shc_2025-26.3174,151.0,17.7,620.7,0.19,0.0524999983608722,0.0575666651129722,0.0882000029087066,0.1057000011205673,0.1961833387613296,0.2690249979496002,0.2952125072479248,0.2983500063419342,0.3154000043869018,0.3114500045776367,0.3293499946594238,0.2526400089263916,0.4767974317073822,0.2065920680761337,0.3209121835828191,0.3196449371679658,1.1039047241210938,37,3,237,189,0.2020711062247293,303.66259892781574,302.88237652025725,0.0008888342607273,350,323,327
Sangam,14.592,79.728,28_515_shc_2025-26.1469,38.0,50.69,360.0,0.1,0.0524999983608722,0.0575666651129722,0.0882000029087066,0.1057000011205673,0.1961833387613296,0.2690249979496002,0.2952125072479248,0.2983500063419342,0.3154000043869018,0.3114500045776367,0.3293499946594238,0.2526400089263916,0.4767974317073822,0.2065920680761337,0.3209121835828191,0.3196449371679658,1.1039047241210938,37,3,237,189,0.2020711062247293,303.66259892781574,302.88237652025725,0.0008888342607273,350,323,327
Tharunavaya,14.592,79.778,28_515_shc_2025-26.641,113.0,53.46,540.0,1.34,0.0493500009179115,0.0623500011861324,0.0886500030755996,0.0975999981164932,0.1586000025272369,0.2540499866008758,0.2893750071525574,0.2933916747570038,0.3334999978542328,0.3351500034332275,0.2265499979257583,0.1332499980926513,0.5007566213607788,0.2982171475887298,0.3468122121348291,0.3296186977972616,0.7721759676933289,37,1,180,180,0.2007670486182497,303.70354173894515,302.8499572151585,0.0009395168291107,340,318,342
Tharunavaya,14.592,79.782,28_515_shc_2025-26.8001,88.0,11.5,558.7,0.32,0.0401999987661838,0.0505499988794326,0.0891000032424926,0.0766500011086463,0.1421499997377395,0.2908749878406524,0.3310999870300293,0.3418999910354614,0.3776749968528747,0.3582499921321869,0.2179999947547912,0.1098499968647956,0.6337354779243469,0.4126639664173126,0.4661113550021446,0.4331555041021669,0.6376133561134338,34,0,0,180,0.2007670486182497,303.70354173894515,302.8499572151585,0.0009395168291107,348,313,339
Gandavaram,14.595,79.955,28_515_shc_2024-25.10156,151.0,36.9,335.2,0.64,0.0436999984085559,0.0538999997079372,0.0998999997973442,0.0953999981284141,0.1539999991655349,0.305400013923645,0.3707999885082245,0.3691999912261963,0.4025000035762787,0.3923999965190887,0.196600005030632,0.0961000025272369,0.5893241763114929,0.4113149642944336,0.4452466846687917,0.4257723348322471,0.5325027108192444,14,3,215,186,0.2006610401889734,303.3943483453048,302.67723414772433,0.0009681565295501,334,339,327
Tharunavaya,14.602,79.792,28_515_shc_2025-26.10026,100.0,18.4,409.7,0.11,0.0516499988734722,0.072624996304512,0.1063999980688095,0.1331000030040741,0.1864500045776367,0.2659499943256378,0.3117333352565765,0.3296749889850616,0.3511750102043152,0.342974990606308,0.3022499978542328,0.2113000005483627,0.4247744381427765,0.277500569820404,0.3103317335960234,0.3062631263014865,0.9168120622634888,39,3,19,177,0.2007670486182497,303.70354173894515,302.8499572151585,0.0009395168291107,328,329,343
Bodduvaripalem,14.602,79.982,28_515_shc_2024-25.10550,226.0,24.6,621.0,0.2,0.0705000013113021,0.1185500025749206,0.1351999938488006,0.161200001835823,0.2170500010251999,0.2361499965190887,0.2543500065803528,0.2569000124931335,0.2617000043392181,0.2141000032424926,0.3246999979019165,0.2827500104904175,0.2288926243782043,0.084080621600151,0.1792168586612126,0.1563555317999718,1.2639158964157104,13,2,90,174,0.2006610401889734,303.3943483453048,302.67723414772433,0.0009681565295501,318,350,331
Kolagatla,14.605,79.715,28_515_shc_2025-26.3706,163.0,45.31,391.1,0.6,0.0439000017940998,0.0540999993681907,0.0863500013947486,0.080366663634777,0.1411000043153762,0.2558749914169311,0.2967666685581207,0.3081499934196472,0.3301500082015991,0.3328000009059906,0.1781000047922134,0.0929500013589859,0.5862897634506226,0.3718419373035431,0.4112800322847018,0.384545401557257,0.5779653191566467,39,2,244,186,0.2020711062247293,303.66259892781574,302.88237652025725,0.0008888342607273,312,325,362
Tharunavaya,14.608,79.772,28_515_shc_2025-26.1235,138.0,16.9,422.1,0.37,0.0421999990940094,0.0477200001478195,0.0769999995827674,0.0739500001072883,0.147375002503395,0.2430499941110611,0.2783333361148834,0.2901749908924103,0.314300000667572,0.3028999865055084,0.220550000667572,0.1254999935626983,0.5938208103179932,0.326362669467926,0.392857777738286,0.3753363107835357,0.760058581829071,43,1,226,183,0.2007670486182497,303.70354173894515,302.8499572151585,0.0009395168291107,330,313,357
Tharunavaya,14.608,79.772,28_515_shc_2025-26.6329,50.0,75.3,415.9,0.42,0.0421999990940094,0.0477200001478195,0.0769999995827674,0.0739500001072883,0.147375002503395,0.2430499941110611,0.2783333361148834,0.2901749908924103,0.314300000667572,0.3028999865055084,0.220550000667572,0.1254999935626983,0.5938208103179932,0.326362669467926,0.392857777738286,0.3753363107835357,0.760058581829071,43,1,226,183,0.2007670486182497,303.70354173894515,302.8499572151585,0.0009395168291107,330,313,357
Munulapudi,14.608,79.888,28_515_shc_2025-26.2108,113.0,3.1,410.0,0.41,0.0430900007486343,0.0591857135295867,0.0889599993824958,0.1022000014781951,0.1539250016212463,0.2261500060558319,0.2685999870300293,0.2678500115871429,0.3016666769981384,0.2868750095367431,0.2078499943017959,0.1307500004768371,0.4476422071456909,0.2701084911823272,0.2881556966834856,0.2855870483674849,0.7759939432144165,35,2,153,177,0.1991972672311883,303.4325028135065,302.0515488407068,0.0009806172171236,353,302,345
Munulapudi,14.608,79.888,28_515_shc_2025-26.1491,75.0,0.8,397.0,0.55,0.0430900007486343,0.0591857135295867,0.0889599993824958,0.1022000014781951,0.1539250016212463,0.2261500060558319,0.2685999870300293,0.2678500115871429,0.3016666769981384,0.2868750095367431,0.2078499943017959,0.1307500004768371,0.4476422071456909,0.2701084911823272,0.2881556966834856,0.2855870483674849,0.7759939432144165,35,2,153,177,0.1991972672311883,303.4325028135065,302.0515488407068,0.0009806172171236,353,302,345
Munulapudi,14.608,79.888,28_515_shc_2025-26.2103,251.0,0.8,441.0,0.55,0.0430900007486343,0.0591857135295867,0.0889599993824958,0.1022000014781951,0.1539250016212463,0.2261500060558319,0.2685999870300293,0.2678500115871429,0.3016666769981384,0.2868750095367431,0.2078499943017959,0.1307500004768371,0.4476422071456909,0.2701084911823272,0.2881556966834856,0.2855870483674849,0.7759939432144165,35,2,153,177,0.1991972672311883,303.4325028135065,302.0515488407068,0.0009806172171236,353,302,345
Munulapudi,14.608,79.892,28_515_shc_2025-26.4306,113.0,1.5,323.0,0.52,0.0397333316504955,0.060649998486042,0.0901999995112419,0.0926000028848648,0.1432999968528747,0.2486499994993209,0.2824000120162964,0.288100004196167,0.3192999958992004,0.3129000067710876,0.1867499947547912,0.096400000154972,0.5135276913642883,0.3356513977050781,0.3519161821786585,0.3329737704202968,0.6482123732566833,31,1,46,177,0.1991972672311883,303.4325028135065,302.0515488407068,0.0009806172171236,351,319,329
Varini,14.608,80.142,28_515_shc_2024-25.2978,238.0,10.0,348.0,0.1,0.0758000016212463,0.1023999974131584,0.1477999985218048,0.2016000002622604,0.2408999949693679,0.3102999925613403,0.3336000144481659,0.3391999900341034,0.3637000024318695,0.3875666558742523,0.4451999962329864,0.3797000050544739,0.2544378638267517,0.1694535315036773,0.1931715927128176,0.1983089801903176,1.3125,7,3,237,189,0.1415241643002158,303.6907778957434,302.77452204520245,0.000962429601867,355,338,307
Peramana,14.612,79.702,28_515_shc_2025-26.8128,25.0,1.5,521.4,0.64,0.0544999986886978,0.1045499965548515,0.1343500018119812,0.1518999934196472,0.175925001502037,0.2404875010251999,0.2660500109195709,0.2592000067234039,0.287137508392334,0.3286666572093963,0.2813999950885772,0.2124333381652832,0.2610071003437042,0.1913817971944809,0.1934762866970316,0.1766546152237563,1.0856480598449707,40,1,0,180,0.2020711062247293,303.66259892781574,302.88237652025725,0.0008888342607273,321,311,369
Vangallu,14.618,79.822,28_515_shc_2025-26.3691,113.0,63.0,353.8,0.47,0.0639666691422462,0.0755999982357025,0.1039000004529953,0.1285333335399627,0.1941999942064285,0.2852500081062317,0.3339999914169311,0.34456667304039,0.378600001335144,0.3885000050067901,0.3479000031948089,0.2658500075340271,0.4566335678100586,0.279094249010086,0.3487183402805109,0.3330079201102983,1.0096739530563354,36,1,180,180,0.2007670486182497,303.70354173894515,302.8499572151585,0.0009395168291107,330,317,353
Vangallu,14.618,79.828,28_515_shc_2025-26.1355,163.0,18.4,310.4,0.13,0.0495333336293697,0.06700000166893,0.0978666692972183,0.0970000028610229,0.18019999563694,0.2836000025272369,0.3253999948501587,0.3364000022411346,0.3693499863147735,0.3546000123023987,0.2691999971866607,0.1818999946117401,0.5523765683174133,0.3023616075515747,0.4226993400224276,0.384722516720862,0.800237774848938,35,1,270,183,0.2007670486182497,303.70354173894515,302.8499572151585,0.0009395168291107,328,318,354
Vangallu,14.618,79.828,28_515_shc_2025-26.8157,25.0,33.8,384.9,0.25,0.0495333336293697,0.06700000166893,0.0978666692972183,0.0970000028610229,0.18019999563694,0.2836000025272369,0.3253999948501587,0.3364000022411346,0.3693499863147735,0.3546000123023987,0.2691999971866607,0.1818999946117401,0.5523765683174133,0.3023616075515747,0.4226993400224276,0.384722516720862,0.800237774848938,35,1,270,183,0.2007670486182497,303.70354173894515,302.8499572151585,0.0009395168291107,328,318,354
Vangallu,14.618,79.828,28_515_shc_2025-26.8174,138.0,38.4,335.2,0.25,0.0495333336293697,0.06700000166893,0.0978666692972183,0.0970000028610229,0.18019999563694,0.2836000025272369,0.3253999948501587,0.3364000022411346,0.3693499863147735,0.3546000123023987,0.2691999971866607,0.1818999946117401,0.5523765683174133,0.3023616075515747,0.4226993400224276,0.384722516720862,0.800237774848938,35,1,270,183,0.2007670486182497,303.70354173894515,302.8499572151585,0.0009395168291107,328,318,354
Jangala Khandrika,14.618,79.832,28_515_shc_2025-26.3421,63.0,0.8,378.6,0.22,0.0487749986350536,0.0626000016927719,0.0982000008225441,0.1139333322644233,0.1773499995470047,0.2608250081539154,0.297650009393692,0.3034999966621399,0.3312000036239624,0.3307499885559082,0.273250013589859,0.1762499958276748,0.4541244208812713,0.2623479068279266,0.312280355827677,0.3099407745838889,0.9003295302391052,35,1,46,177,0.2007670486182497,303.70354173894515,302.8499572151585,0.0009395168291107,333,314,353
Jangala Khandrika,14.618,79.832,28_515_shc_2025-26.3375,25.0,70.7,198.6,0.16,0.0487749986350536,0.0626000016927719,0.0982000008225441,0.1139333322644233,0.1773499995470047,0.2608250081539154,0.297650009393692,0.3034999966621399,0.3312000036239624,0.3307499885559082,0.273250013589859,0.1762499958276748,0.4541244208812713,0.2623479068279266,0.312280355827677,0.3099407745838889,0.9003295302391052,35,1,46,177,0.2007670486182497,303.70354173894515,302.8499572151585,0.0009395168291107,333,314,353
Jangala Khandrika,14.618,79.832,28_515_shc_2025-26.3441,100.0,23.0,397.3,0.25,0.0487749986350536,0.0626000016927719,0.0982000008225441,0.1139333322644233,0.1773499995470047,0.2608250081539154,0.297650009393692,0.3034999966621399,0.3312000036239624,0.3307499885559082,0.273250013589859,0.1762499958276748,0.4541244208812713,0.2623479068279266,0.312280355827677,0.3099407745838889,0.9003295302391052,35,1,46,177,0.2007670486182497,303.70354173894515,302.8499572151585,0.0009395168291107,333,314,353
Munulapudi,14.618,79.892,28_515_shc_2025-26.4242,113.0,11.5,453.0,0.68,0.046399999409914,0.0634199976921081,0.0965500026941299,0.1115999966859817,0.1648200005292892,0.2313666641712188,0.2585000097751617,0.267300009727478,0.2888500094413757,0.2775999903678894,0.289000004529953,0.1955000013113021,0.4109264016151428,0.2371563613414764,0.2663815436772841,0.2657299099533466,1.0811821222305298,35,4,314,189,0.1991972672311883,303.4325028135065,302.0515488407068,0.0009806172171236,334,327,339
Talupurupadu,14.622,79.762,28_515_shc_2025-26.3434,113.0,16.1,285.5,0.16,0.0427000001072883,0.0457727275788784,0.0713142827153205,0.0721200034022331,0.1263222247362136,0.2171142846345901,0.2477999925613403,0.2515749931335449,0.2733166813850403,0.2775749862194061,0.2399999946355819,0.149399995803833,0.554395318031311,0.3314466476440429,0.3345545284373677,0.3267987370678116,0.9539898633956908,44,3,325,186,0.2007670486182497,303.70354173894515,302.8499572151585,0.0009395168291107,325,278,397
Talupurupadu,14.622,79.788,28_515_shc_2025-26.8065,100.0,33.0,378.6,0.13,0.0380799993872642,0.0456999987363815,0.0757500007748603,0.066600002348423,0.1334999948740005,0.2567000091075897,0.2967000007629394,0.3111999928951263,0.34825000166893,0.3301500082015991,0.1823000013828277,0.0889500007033348,0.6474325060844421,0.3995952308177948,0.4469865640934956,0.417976746192915,0.5857969522476196,35,1,134,177,0.2007670486182497,303.70354173894515,302.8499572151585,0.0009395168291107,339,302,359
Talupurupadu,14.622,79.788,28_515_shc_2025-26.8084,100.0,31.5,446.9,0.16,0.0380799993872642,0.0456999987363815,0.0757500007748603,0.066600002348423,0.1334999948740005,0.2567000091075897,0.2967000007629394,0.3111999928951263,0.34825000166893,0.3301500082015991,0.1823000013828277,0.0889500007033348,0.6474325060844421,0.3995952308177948,0.4469865640934956,0.417976746192915,0.5857969522476196,35,1,134,177,0.2007670486182497,303.70354173894515,302.8499572151585,0.0009395168291107,339,302,359
Peramana,14.625,79.725,28_515_shc_2025-26.3587,188.0,3.8,353.8,0.67,0.0439000017940998,0.0566999986767768,0.0903000012040138,0.0975999981164932,0.1524166613817215,0.2400999963283538,0.2871249914169311,0.2873499989509582,0.319350004196167,0.3134399950504303,0.197050005197525,0.1132000014185905,0.4929211735725403,0.3068293929100036,0.3276749346418955,0.3216283430644536,0.6857491135597229,37,3,161,177,0.2020711062247293,303.66259892781574,302.88237652025725,0.0008888342607273,340,305,356
Vangallu,14.625,79.825,28_515_shc_2025-26.10096,113.0,4.6,378.6,0.22,0.0456999987363815,0.0641666650772094,0.0954166650772094,0.1098999977111816,0.1616999953985214,0.2372999936342239,0.2754999995231628,0.2632400095462799,0.3052000105381012,0.3079000115394592,0.2777000069618225,0.1967500001192093,0.4109449684619903,0.2389514148235321,0.2659585729960265,0.2634285633928405,1.0549308061599731,35,1,226,183,0.2007670486182497,303.70354173894515,302.8499572151585,0.0009395168291107,325,339,336
Jangala Khandrika,14.625,79.835,28_515_shc_2025-26.3423,88.0,122.1,348.9,0.22,0.0391874983906745,0.0466599985957145,0.0697333365678787,0.068400003015995,0.1148666664958,0.1972916722297668,0.2275750041007995,0.2404499948024749,0.2518999874591827,0.2616649866104126,0.2284999936819076,0.1365499943494796,0.5570665001869202,0.3534405827522278,0.3306364606958212,0.3190640889853098,0.9503015279769896,35,2,27,177,0.2007670486182497,303.70354173894515,302.8499572151585,0.0009395168291107,334,315,352
Jangala Khandrika,14.625,79.835,28_515_shc_2025-26.3455,113.0,9.2,415.9,0.32,0.0391874983906745,0.0466599985957145,0.0697333365678787,0.068400003015995,0.1148666664958,0.1972916722297668,0.2275750041007995,0.2404499948024749,0.2518999874591827,0.2616649866104126,0.2284999936819076,0.1365499943494796,0.5570665001869202,0.3534405827522278,0.3306364606958212,0.3190640889853098,0.9503015279769896,35,2,27,177,0.2007670486182497,303.70354173894515,302.8499572151585,0.0009395168291107,334,315,352
North Amuluru,14.628,80.048,28_515_shc_2023-24.5062,238.0,29.4,224.7,0.69,0.0410999990999698,0.0557000003755092,0.0993999987840652,0.0952000021934509,0.176499992609024,0.2928000092506408,0.3458000123500824,0.3522999882698059,0.3811999857425689,0.3853000104427337,0.1935999989509582,0.1027999967336654,0.5745251178741455,0.3324508368968963,0.4268636664668361,0.4070184517109898,0.5495316386222839,4,2,116,174,0.2006610401889734,303.3943483453048,302.67723414772433,0.0009681565295501,357,315,328
Ponguru,14.632,79.412,28_515_shc_2025-26.1079,389.0,61.4,105.3,0.33,0.0333499982953071,0.0402499996125698,0.0734999999403953,0.0798500031232833,0.1428000032901764,0.2287999987602234,0.2563500106334686,0.2793000042438507,0.2752499878406524,0.2797499895095825,0.2562499940395355,0.1976500004529953,0.555338978767395,0.323383092880249,0.342338781647081,0.3482220789331924,0.917472243309021,89,1,180,180,0.3016855005632367,303.6860792595044,302.62545920254894,0.0007985327628266,348,249,403
Kondameeda Konduru,14.632,79.688,28_515_shc_2025-26.4978,163.0,17.7,142.8,0.35,0.0538999997079372,0.0816000029444694,0.1187999993562698,0.1469999998807907,0.2078499943017959,0.2937000095844269,0.3471499979496002,0.3576000034809112,0.3898749947547912,0.3815999925136566,0.3650999963283539,0.2479500025510788,0.4173602759838104,0.2648333311080932,0.3234824374842047,0.3144535181595479,1.0209730863571167,40,1,134,177,0.2020711062247293,303.66259892781574,302.88237652025725,0.0008888342607273,323,313,363
Kaligiri Konduru,14.638,79.848,28_515_shc_2025-26.1251,88.0,38.4,360.0,0.35,0.0460000000894069,0.0722000002861023,0.101000003516674,0.1146500036120414,0.1540666669607162,0.225500002503395,0.251800000667572,0.2693000137805938,0.2836999893188476,0.272133320569992,0.2638500034809112,0.1811999976634979,0.4027868211269378,0.2721833288669586,0.2730981255388014,0.2624300137886521,0.979762315750122,35,2,116,174,0.2007670486182497,303.70354173894515,302.8499572151585,0.0009395168291107,327,301,372
Korimerla,14.642,79.748,28_515_shc_2025-26.6474,50.0,23.8,509.0,0.16,0.0453333333134651,0.0561666674911975,0.0883999988436698,0.1071999967098236,0.1597999930381775,0.2390999943017959,0.27033331990242,0.2741333246231079,0.3034666776657104,0.2898499965667724,0.2626000046730041,0.1729499995708465,0.4377622306346893,0.2634813487529754,0.2789505906164353,0.2841149719509307,0.9579280614852904,46,2,90,174,0.2020711062247293,303.66259892781574,302.88237652025725,0.0008888342607273,310,328,362
Marripadu,14.642,79.822,28_515_shc_2025-26.8167,88.0,15.1,478.0,0.53,0.058783333748579,0.0863000005483627,0.12301667034626,0.1588000059127807,0.2143666595220565,0.2825399935245514,0.3169000148773193,0.3278000056743622,0.3638833463191986,0.3261624872684479,0.3730500042438507,0.2759000062942505,0.3473078310489654,0.2092222869396209,0.2586708236588724,0.2569430333115107,1.1380414962768557,36,2,333,183,0.2007670486182497,303.70354173894515,302.8499572151585,0.0009395168291107,317,334,349
Pallavolu,14.645,79.365,28_515_shc_2025-26.4113,213.0,80.6,119.4,0.65,0.0398500002920627,0.0474000014364719,0.0755999982357025,0.0715000033378601,0.1333999931812286,0.2440000027418136,0.2782999873161316,0.2773000001907348,0.3070000112056732,0.315200001001358,0.2474000006914138,0.163450002670288,0.5900229215621948,0.3503774404525757,0.380885392756122,0.3636899081008456,0.8921745419502258,93,1,134,177,0.3016855005632367,303.6860792595044,302.62545920254894,0.0007985327628266,351,254,394
Ponguru,14.648,79.402,28_515_shc_2025-26.3959,125.0,8.4,287.9,0.72,0.0359999984502792,0.0454000011086463,0.0733999982476234,0.0728000029921531,0.1231999993324279,0.2273000031709671,0.2599999904632568,0.2614000141620636,0.2887000143527984,0.2766000032424927,0.241799995303154,0.1541000008583068,0.5643327236175537,0.3593344092369079,0.3472785001543058,0.3391273207113426,0.9250190854072572,100,1,134,177,0.3016855005632367,303.6860792595044,302.62545920254894,0.0007985327628266,316,294,391
Hasanapuram,14.652,79.758,28_515_shc_2025-26.8284,163.0,20.7,93.1,0.14,0.0441749989986419,0.0439999997615814,0.0715000033378601,0.0577500015497207,0.117566667497158,0.2351666688919067,0.2798250019550323,0.2626666724681854,0.309374988079071,0.3208333253860473,0.2336000055074691,0.1346500068902969,0.6395318508148193,0.3816078007221222,0.4004886023708537,0.3746571908056909,0.8893401026725769,49,2,333,183,0.2593893419232285,303.7176119486491,302.929748367845,0.0009265439840724,326,319,355
Thurimerla,14.652,79.902,28_515_shc_2025-26.3727,201.0,16.1,70.2,0.53,0.0505499988794326,0.0697750002145767,0.1045499965548515,0.1243999972939491,0.1759999990463256,0.245275005698204,0.275950014591217,0.2711666524410248,0.3034000098705292,0.321233332157135,0.2601499855518341,0.1585499942302703,0.3710289001464844,0.2128214389085769,0.2455516965773969,0.2458219974870242,0.9593730568885804,28,1,180,180,0.2028585065875137,303.5705836112039,302.64124267979673,0.0009596655283724,349,317,334
Thurimerla,14.652,79.902,28_515_shc_2025-26.3716,188.0,9.2,42.1,0.88,0.0505499988794326,0.0697750002145767,0.1045499965548515,0.1243999972939491,0.1759999990463256,0.245275005698204,0.275950014591217,0.2711666524410248,0.3034000098705292,0.321233332157135,0.2601499855518341,0.1585499942302703,0.3710289001464844,0.2128214389085769,0.2455516965773969,0.2458219974870242,0.9593730568885804,28,1,180,180,0.2028585065875137,303.5705836112039,302.64124267979673,0.0009596655283724,349,317,334
Dagadarthi,14.652,79.918,28_515_shc_2025-26.3114,213.0,58.4,140.5,0.05,0.0459600016474723,0.0689666643738746,0.1034333333373069,0.1126333326101303,0.1753499954938888,0.2668499946594238,0.3048000037670135,0.3060500025749206,0.3348999917507171,0.3300999999046325,0.2411500066518783,0.1509000062942505,0.4619641005992889,0.2714998126029968,0.3301527173406917,0.3158052332458446,0.7879431843757629,25,2,180,180,0.2028585065875137,303.5705836112039,302.64124267979673,0.0009596655283724,348,333,319
Dagadarthi,14.652,79.928,28_515_shc_2025-26.9989,188.0,56.83,330.1,0.45,0.0458500012755394,0.0662499964237213,0.0998750030994415,0.1030000001192092,0.1655499935150146,0.2609666585922241,0.2979333400726318,0.3215999901294708,0.3373500108718872,0.3129999935626983,0.2294500023126602,0.1299999952316284,0.5148375034332275,0.3203325569629669,0.3787970460992329,0.3546398317906108,0.7134639620780945,23,1,46,177,0.2028585065875137,303.5705836112039,302.64124267979673,0.0009596655283724,340,346,314
Chennuru,14.662,79.882,28_515_shc_2025-26.4076,25.0,99.8,112.4,0.21,0.048480000346899,0.0694999992847442,0.1045999974012374,0.1305000036954879,0.1738999933004379,0.2258999943733215,0.2438499927520752,0.2615000009536743,0.2785249948501587,0.2851000130176544,0.2842999994754791,0.2070000022649765,0.3341836631298065,0.2011943310499191,0.2150008120924821,0.220291474061781,1.0871893167495728,31,4,134,171,0.2028585065875137,303.5705836112039,302.64124267979673,0.0009596655283724,334,341,325
Katrayapadu,14.662,79.898,28_515_shc_2025-26.3283,188.0,109.2,35.1,0.42,0.0401000007987022,0.0553999990224838,0.0805500000715255,0.0773999989032745,0.1442500054836273,0.2461249977350235,0.272433340549469,0.2886500060558319,0.3136999905109405,0.3086000084877014,0.1847666651010513,0.093299999833107,0.5771069526672363,0.3335643112659454,0.3948450638807836,0.3658853517861228,0.640106201171875,26,4,116,168,0.2028585065875137,303.5705836112039,302.64124267979673,0.0009596655283724,328,330,342
Anumasamudram,14.665916,79.677545,28_515_shc_2025-26.7286,201.0,9.94,105.5,0.26,0.0441999994218349,0.0776000022888183,0.1106000021100044,0.1439999938011169,0.1930000036954879,0.2973000109195709,0.3479999899864197,0.3718000054359436,0.3912999927997589,0.3467999994754791,0.2953999936580658,0.2107000052928924,0.4416440725326538,0.3165722489356994,0.3443584749874748,0.3363851326135868,0.7945131659507751,42,2,333,183,0.272616704305013,303.703087723046,302.9662409665292,0.0008955459486812,316,311,373
Ponguru,14.668,79.388,28_515_shc_2025-26.3665,176.0,38.4,133.4,0.38,0.0478999987244606,0.0597000010311603,0.0958499982953071,0.1181999966502189,0.1657000035047531,0.2075500041246414,0.2350499927997589,0.2281499952077865,0.2583000063896179,0.2576499879360199,0.3057999908924103,0.258899986743927,0.3174534440040588,0.158562883734703,0.184529405487458,0.1948661894286652,1.3403462171554563,109,2,180,180,0.2798453883120888,303.5572029916864,302.8543645959151,0.0008198980527502,301,319,380
Chennuru,14.668,79.878,28_515_shc_2025-26.10002,201.0,77.6,126.4,0.74,0.0379749983549118,0.049880001693964,0.0746000036597251,0.0887833312153816,0.1495999991893768,0.2101749926805496,0.241249993443489,0.2164500057697296,0.2529999911785126,0.2765249907970428,0.2371000051498413,0.1745666712522506,0.4182592630386352,0.182625338435173,0.2321127893132572,0.2378192792520496,1.095403075218201,35,2,27,177,0.2028585065875137,303.5705836112039,302.64124267979673,0.0009596655283724,335,308,357
Chennuru,14.668,79.878,28_515_shc_2025-26.3123,163.0,76.8,126.4,0.19,0.0379749983549118,0.049880001693964,0.0746000036597251,0.0887833312153816,0.1495999991893768,0.2101749926805496,0.241249993443489,0.2164500057697296,0.2529999911785126,0.2765249907970428,0.2371000051498413,0.1745666712522506,0.4182592630386352,0.182625338435173,0.2321127893132572,0.2378192792520496,1.095403075218201,35,2,27,177,0.2028585065875137,303.5705836112039,302.64124267979673,0.0009596655283724,335,308,357
Chennuru,14.668,79.878,28_515_shc_2025-26.1002,151.0,66.8,126.4,1.07,0.0379749983549118,0.049880001693964,0.0746000036597251,0.0887833312153816,0.1495999991893768,0.2101749926805496,0.241249993443489,0.2164500057697296,0.2529999911785126,0.2765249907970428,0.2371000051498413,0.1745666712522506,0.4182592630386352,0.182625338435173,0.2321127893132572,0.2378192792520496,1.095403075218201,35,2,27,177,0.2028585065875137,303.5705836112039,302.64124267979673,0.0009596655283724,335,308,357
Chennuru,14.668,79.878,28_515_shc_2025-26.10213,188.0,14.6,161.5,0.15,0.0379749983549118,0.049880001693964,0.0746000036597251,0.0887833312153816,0.1495999991893768,0.2101749926805496,0.241249993443489,0.2164500057697296,0.2529999911785126,0.2765249907970428,0.2371000051498413,0.1745666712522506,0.4182592630386352,0.182625338435173,0.2321127893132572,0.2378192792520496,1.095403075218201,35,2,27,177,0.2028585065875137,303.5705836112039,302.64124267979673,0.0009596655283724,335,308,357
Chennuru,14.668,79.878,28_515_shc_2025-26.3121,38.0,97.5,112.4,0.75,0.0379749983549118,0.049880001693964,0.0746000036597251,0.0887833312153816,0.1495999991893768,0.2101749926805496,0.241249993443489,0.2164500057697296,0.2529999911785126,0.2765249907970428,0.2371000051498413,0.1745666712522506,0.4182592630386352,0.182625338435173,0.2321127893132572,0.2378192792520496,1.095403075218201,35,2,27,177,0.2028585065875137,303.5705836112039,302.64124267979673,0.0009596655283724,335,308,357
Dagadarthi,14.668,79.922,28_515_shc_2025-26.1138,38.0,49.15,702.3,0.79,0.0570750012993812,0.0937430560588836,0.1396500021219253,0.1857066601514816,0.1890500038862228,0.2377166599035263,0.2702000141143799,0.2715285718441009,0.2832666635513305,0.3123500049114227,0.3191333413124084,0.2515999972820282,0.1876974999904632,0.179076001048088,0.127506589820386,0.1344840465917191,1.1753214597702026,27,0,0,180,0.2028585065875137,303.5705836112039,302.64124267979673,0.0009596655283724,355,303,342
Dagadarthi,14.668,79.922,28_515_shc_2025-26.3998,176.0,65.3,133.4,0.41,0.0570750012993812,0.0937430560588836,0.1396500021219253,0.1857066601514816,0.1890500038862228,0.2377166599035263,0.2702000141143799,0.2715285718441009,0.2832666635513305,0.3123500049114227,0.3191333413124084,0.2515999972820282,0.1876974999904632,0.179076001048088,0.127506589820386,0.1344840465917191,1.1753214597702026,27,0,0,180,0.2028585065875137,303.5705836112039,302.64124267979673,0.0009596655283724,355,303,342
Chiramana,14.669867,79.722879,28_515_shc_2025-26.1828,326.0,20.7,329.0,0.28,0.0772999972105026,0.0944399982690811,0.1284333318471908,0.1747000068426132,0.2182500064373016,0.2551166713237762,0.2804999947547912,0.2903999984264374,0.315075010061264,0.3109999895095825,0.3797666728496551,0.2935500144958496,0.2487636804580688,0.1418460458517074,0.1774213148815108,0.1798259107120758,1.3077365159988403,48,4,296,192,0.272616704305013,303.703087723046,302.9662409665292,0.0008955459486812,312,299,389
Ponugodu,14.672,79.628,28_515_shc_2025-26.9316,201.0,22.3,80.7,0.27,0.0458000004291534,0.0683000013232231,0.0979999974370002,0.1326999962329864,0.1573999971151352,0.1770000010728836,0.1922000050544738,0.2039999961853027,0.2177000045776367,0.2254000008106231,0.2610000073909759,0.2215999960899353,0.2117612212896347,0.128942996263504,0.1197956949052591,0.1278235937583315,1.279411792755127,71,1,314,183,0.201482237431041,303.6560756616425,302.924711361266,0.0008683114439793,320,296,384
Ponugodu,14.672,79.628,28_515_shc_2025-26.483,226.0,18.4,80.7,0.33,0.0458000004291534,0.0683000013232231,0.0979999974370002,0.1326999962329864,0.1573999971151352,0.1770000010728836,0.1922000050544738,0.2039999961853027,0.2177000045776367,0.2254000008106231,0.2610000073909759,0.2215999960899353,0.2117612212896347,0.128942996263504,0.1197956949052591,0.1278235937583315,1.279411792755127,71,1,314,183,0.201482237431041,303.6560756616425,302.924711361266,0.0008683114439793,320,296,384
Anumasamudram,14.678559,79.666517,28_515_shc_2025-26.5003,351.0,8.4,130.4,0.34,0.0456000007688999,0.0608000010251998,0.0934000015258789,0.1111999973654747,0.1722999960184097,0.2772000133991241,0.3095999956130981,0.3185999989509582,0.3612000048160553,0.319599986076355,0.2998000085353851,0.2018000036478042,0.4825500249862671,0.29802405834198,0.3389332019106351,0.3345880873421197,0.9409918785095216,47,0,0,180,0.272616704305013,303.703087723046,302.9662409665292,0.0008955459486812,322,302,376
Chiramana,14.682,79.732,28_515_shc_2025-26.5090,251.0,25.3,341.4,0.17,0.0490249991416931,0.0368166677653789,0.0484363622963428,0.0442874990403652,0.0914999991655349,0.190566673874855,0.2341500073671341,0.2329799979925155,0.2669399976730346,0.2932499945163727,0.1934999972581863,0.1233000010251998,0.6805431842803955,0.4360207021236419,0.3858489862063292,0.3641458693547456,0.8305433988571167,54,2,64,174,0.272616704305013,303.703087723046,302.9662409665292,0.0008955459486812,300,303,397
Velupodu,14.682,79.912,28_515_shc_2025-26.1056,213.0,10.0,323.1,0.55,0.0516000017523765,0.0684999972581863,0.103785715997219,0.1256999969482422,0.1719499975442886,0.2529500126838684,0.2892999947071075,0.3061999976634979,0.3197333216667175,0.344650000333786,0.2554750144481659,0.1736499965190887,0.4179208278656006,0.2807696461677551,0.2917596106504287,0.2905354680098339,0.8343403339385986,27,3,35,174,0.2028585065875137,303.5705836112039,302.64124267979673,0.0009596655283724,336,321,343
Velupodu,14.682,79.912,28_515_shc_2025-26.3318,100.0,26.1,498.6,0.64,0.0516000017523765,0.0684999972581863,0.103785715997219,0.1256999969482422,0.1719499975442886,0.2529500126838684,0.2892999947071075,0.3061999976634979,0.3197333216667175,0.344650000333786,0.2554750144481659,0.1736499965190887,0.4179208278656006,0.2807696461677551,0.2917596106504287,0.2905354680098339,0.8343403339385986,27,3,35,174,0.2028585065875137,303.5705836112039,302.64124267979673,0.0009596655283724,336,321,343
Manubolupadu,14.688,79.888,28_515_shc_2025-26.10231,163.0,10.0,161.5,0.62,0.0555800013244152,0.0595000013709068,0.0858450010418891,0.0846000015735626,0.1357499957084655,0.1570499986410141,0.1721500009298324,0.1211535707116127,0.1742749959230423,0.1703333407640457,0.178749993443489,0.12134999781847,0.1776570379734039,-0.0568167455494403,0.0772800397169878,0.0776905082173919,1.4754000902175903,36,3,314,186,0.2028585065875137,303.5705836112039,302.64124267979673,0.0009596655283724,329,307,364
Dagadarthi,14.688,79.912,28_515_shc_2024-25.6196,176.0,69.9,329.0,0.23,0.0548333339393138,0.0571749992668628,0.0855833366513252,0.1092416644096374,0.1659766733646392,0.225600004196167,0.2475499957799911,0.2568666636943817,0.2735666632652282,0.2602333426475525,0.3373500108718872,0.2331749945878982,0.4032276570796966,0.2149495631456375,0.2487775290726923,0.2556695181673878,1.3133273124694824,37,8,21,171,0.2028585065875137,303.5705836112039,302.64124267979673,0.0009596655283724,324,313,363
Pedabbipuram,14.692,79.678,28_515_shc_2025-26.5456,213.0,16.1,136.6,0.23,0.0988999977707862,0.1481000036001205,0.1666000038385391,0.193800002336502,0.2115000039339065,0.2337000072002411,0.2637999951839447,0.2517000138759613,0.2851999998092651,0.2644000053405761,0.3248000144958496,0.2992999851703644,0.1299663484096527,0.0867875814437866,0.1110259089161136,0.0918561774933621,1.2904250621795654,48,4,284,192,0.272616704305013,303.703087723046,302.9662409665292,0.0008955459486812,310,315,374
Zuvvalaguntapalle,14.692,79.782,28_515_shc_2025-26.10336,38.0,20.7,99.2,0.34,0.0449041649699211,0.0504404753446579,0.0819524973630905,0.0754000023007392,0.1483500003814697,0.2646499872207641,0.3089500069618225,0.3373333215713501,0.3371999859809875,0.3122000098228454,0.2469000071287155,0.1590500026941299,0.6346309185028076,0.3891081213951111,0.4639503232538352,0.4304652505061569,0.7319170236587524,62,0,0,180,0.2593893419232285,303.7176119486491,302.929748367845,0.0009265439840724,312,326,362
Velupodu,14.692,79.908,28_515_shc_2025-26.968,213.0,27.6,105.3,0.98,0.0555250011384487,0.0684999972581863,0.09825000166893,0.1054000034928321,0.1792333275079727,0.278899997472763,0.3055000007152557,0.3158000111579895,0.338450014591217,0.3375999927520752,0.2956333458423614,0.1933999955654144,0.4995251595973968,0.2758737206459045,0.3666910661550607,0.3425966201459118,0.9361410140991212,31,2,180,180,0.2028585065875137,303.5705836112039,302.64124267979673,0.0009596655283724,335,307,358
Nandavaram,14.695,79.465,28_515_shc_2025-26.6453,201.0,8.4,147.5,0.44,0.0531999990344047,0.0731000006198883,0.1072999984025955,0.1431999951601028,0.1789499968290329,0.2434500008821487,0.2802500128746032,0.2781000137329101,0.3115499913692474,0.3123500049114227,0.3034499883651733,0.2441000044345855,0.3201994299888611,0.2169347256422042,0.2122337564376688,0.2196353260675037,1.0911542177200315,83,2,64,174,0.2050713990864,303.62899318494294,302.9138749440511,0.0008447447872946,294,264,443
Nandavaram,14.698,79.468,28_515_shc_2025-26.8156,289.0,24.6,217.7,1.02,0.0625500008463859,0.0729999989271164,0.1061000004410743,0.1315000057220459,0.1851000040769577,0.2576000094413757,0.2960000038146972,0.3094500005245209,0.3377000093460083,0.3285500109195709,0.3429499864578247,0.2676999866962433,0.4035604894161224,0.2514407038688659,0.286840307359848,0.2836760618860843,1.1082565784454346,84,1,0,180,0.2050713990864,303.62899318494294,302.9138749440511,0.0008447447872946,287,272,440
Chiramana,14.698,79.722,28_515_shc_2025-26.4983,113.0,24.6,577.3,0.46,0.0481666661798954,0.0557250007987022,0.0900250002741813,0.0781999975442886,0.1476999968290329,0.2748833298683166,0.3281624913215637,0.3470500111579895,0.369174987077713,0.3551374971866607,0.2001499980688095,0.1063499972224235,0.6322163343429565,0.4029307961463928,0.4806686907487353,0.4358551922481688,0.5767180323600769,46,2,296,186,0.272616704305013,303.703087723046,302.9662409665292,0.0008955459486812,302,319,379
Kothapalle Kowrugunta,14.698,80.002,28_515_shc_2025-26.1154,151.0,11.5,77.3,0.78,0.0604000017046928,0.0764999985694885,0.1158000007271766,0.1096000000834465,0.1875,0.3134999871253967,0.3657000064849853,0.3740000128746032,0.4079000055789947,0.3991999924182892,0.2233999967575073,0.1262000054121017,0.5467328429222107,0.3321460485458374,0.4534074294673015,0.4032127022792648,0.5973261594772339,11,2,333,183,0.2012444211725603,303.67025295056794,302.8139229155423,0.0009555819147769,328,335,338
Kothapalle Kowrugunta,14.698,80.002,28_515_shc_2025-26.4114,50.0,13.8,140.5,0.4,0.0604000017046928,0.0764999985694885,0.1158000007271766,0.1096000000834465,0.1875,0.3134999871253967,0.3657000064849853,0.3740000128746032,0.4079000055789947,0.3991999924182892,0.2233999967575073,0.1262000054121017,0.5467328429222107,0.3321460485458374,0.4534074294673015,0.4032127022792648,0.5973261594772339,11,2,333,183,0.2012444211725603,303.67025295056794,302.8139229155423,0.0009555819147769,328,335,338
Kothapalle Kowrugunta,14.698,80.002,28_515_shc_2025-26.4083,201.0,59.9,19.4,0.84,0.0604000017046928,0.0764999985694885,0.1158000007271766,0.1096000000834465,0.1875,0.3134999871253967,0.3657000064849853,0.3740000128746032,0.4079000055789947,0.3991999924182892,0.2233999967575073,0.1262000054121017,0.5467328429222107,0.3321460485458374,0.4534074294673015,0.4032127022792648,0.5973261594772339,11,2,333,183,0.2012444211725603,303.67025295056794,302.8139229155423,0.0009555819147769,328,335,338
Kothapalle Kowrugunta,14.698,80.002,28_515_shc_2025-26.1157,238.0,7.7,182.6,0.62,0.0604000017046928,0.0764999985694885,0.1158000007271766,0.1096000000834465,0.1875,0.3134999871253967,0.3657000064849853,0.3740000128746032,0.4079000055789947,0.3991999924182892,0.2233999967575073,0.1262000054121017,0.5467328429222107,0.3321460485458374,0.4534074294673015,0.4032127022792648,0.5973261594772339,11,2,333,183,0.2012444211725603,303.67025295056794,302.8139229155423,0.0009555819147769,328,335,338
Chiramana,14.702,79.732,28_515_shc_2025-26.1772,276.0,16.1,384.9,0.13,0.0459400005638599,0.0501666665077209,0.0742499977350235,0.0958250015974044,0.1412999927997589,0.2092500030994415,0.2312500029802322,0.2480666637420654,0.2635999917984009,0.2727499902248382,0.2757999897003174,0.1915999948978424,0.4427023828029632,0.2742059826850891,0.2630722438283279,0.2706064090882195,1.1117979288101196,50,1,270,183,0.272616704305013,303.703087723046,302.9662409665292,0.0008955459486812,304,312,384
Chiramana,14.702,79.732,28_515_shc_2025-26.6918,63.0,5.4,335.2,0.14,0.0459400005638599,0.0501666665077209,0.0742499977350235,0.0958250015974044,0.1412999927997589,0.2092500030994415,0.2312500029802322,0.2480666637420654,0.2635999917984009,0.2727499902248382,0.2757999897003174,0.1915999948978424,0.4427023828029632,0.2742059826850891,0.2630722438283279,0.2706064090882195,1.1117979288101196,50,1,270,183,0.272616704305013,303.703087723046,302.9662409665292,0.0008955459486812,304,312,384
Chiramana,14.702,79.732,28_515_shc_2025-26.5428,326.0,16.9,335.2,0.73,0.0459400005638599,0.0501666665077209,0.0742499977350235,0.0958250015974044,0.1412999927997589,0.2092500030994415,0.2312500029802322,0.2480666637420654,0.2635999917984009,0.2727499902248382,0.2757999897003174,0.1915999948978424,0.4427023828029632,0.2742059826850891,0.2630722438283279,0.2706064090882195,1.1117979288101196,50,1,270,183,0.272616704305013,303.703087723046,302.9662409665292,0.0008955459486812,304,312,384
Akbarabad,14.702,79.778,28_515_shc_2025-26.11689,113.0,10.0,397.3,0.3,0.0480500012636184,0.0614000000059604,0.0920500010251998,0.1191999986767768,0.1500499993562698,0.1805000007152557,0.1987999975681305,0.2082249969244003,0.2261666655540466,0.2337333261966705,0.2632000148296356,0.2122499942779541,0.2718943357467651,0.162375271320343,0.1521352750835622,0.1613892474621359,1.2640173435211182,67,2,153,177,0.2593893419232285,303.7176119486491,302.929748367845,0.0009265439840724,299,346,355
Kunalammapadu,14.702,79.778,28_515_shc_2025-26.10958,100.0,14.6,602.1,0.19,0.0480500012636184,0.0614000000059604,0.0920500010251998,0.1191999986767768,0.1500499993562698,0.1805000007152557,0.1987999975681305,0.2082249969244003,0.2261666655540466,0.2337333261966705,0.2632000148296356,0.2122499942779541,0.2718943357467651,0.162375271320343,0.1521352750835622,0.1613892474621359,1.2640173435211182,67,2,153,177,0.2593893419232285,303.7176119486491,302.929748367845,0.0009265439840724,299,346,355
Kunalammapadu,14.702,79.788,28_515_shc_2025-26.10919,188.0,10.8,620.7,0.08,0.0351000018417835,0.0324500016868114,0.05180000141263,0.0464500002562999,0.1050499975681305,0.2468499988317489,0.309249997138977,0.3312999904155731,0.3369799852371216,0.3255000114440918,0.2066999971866607,0.1198000013828277,0.7540701627731323,0.5185058116912842,0.5210829497363272,0.4867843802673838,0.6239058375358582,60,3,0,180,0.2593893419232285,303.7176119486491,302.929748367845,0.0009265439840724,299,355,346
Kunalammapadu,14.702,79.788,28_515_shc_2025-26.10953,188.0,25.3,577.3,0.18,0.0351000018417835,0.0324500016868114,0.05180000141263,0.0464500002562999,0.1050499975681305,0.2468499988317489,0.309249997138977,0.3312999904155731,0.3369799852371216,0.3255000114440918,0.2066999971866607,0.1198000013828277,0.7540701627731323,0.5185058116912842,0.5210829497363272,0.4867843802673838,0.6239058375358582,60,3,0,180,0.2593893419232285,303.7176119486491,302.929748367845,0.0009265439840724,299,355,346
Kunalammapadu,14.705,79.785,28_515_shc_2025-26.10963,176.0,14.6,620.7,0.06,0.034350000321865,0.0405857153236866,0.0669799968600273,0.0988142862915992,0.1429399996995926,0.2138999998569488,0.2465499937534332,0.2551000118255615,0.2770000100135803,0.2750999927520752,0.2400333285331726,0.1749999970197677,0.4415920078754425,0.2817807495594024,0.2531200569679547,0.2745340941331547,0.940938115119934,63,2,180,180,0.2593893419232285,303.7176119486491,302.929748367845,0.0009265439840724,300,351,349
Katrayapadu,14.705,79.865,28_515_shc_2025-26.3517,213.0,41.47,70.2,0.74,0.0498749986290931,0.0654499977827072,0.1077750027179718,0.1364874988794326,0.1601833403110504,0.1899400055408477,0.210099995136261,0.2271333336830139,0.2185499966144561,0.2111624926328659,0.2402500063180923,0.178849995136261,0.2492866963148117,0.1728559583425521,0.1457156726524185,0.1574403338580189,1.057748794555664,38,2,90,174,0.2028585065875137,303.5705836112039,302.64124267979673,0.0009596655283724,322,301,376
Nandavaram,14.708,79.478,28_515_shc_2025-26.6423,314.0,54.53,133.4,0.24,0.0441999994218349,0.0659999996423721,0.093699999153614,0.1088000014424324,0.1401000022888183,0.2596000134944916,0.3003999888896942,0.335999995470047,0.3454999923706054,0.3452000021934509,0.209099993109703,0.1440999954938888,0.5107913613319397,0.4114681780338287,0.3802383066547136,0.3607112533394637,0.6223214268684387,83,2,270,186,0.2050713990864,303.62899318494294,302.9138749440511,0.0008447447872946,296,273,430
Nandavaram,14.708,79.478,28_515_shc_2025-26.1204,339.0,33.0,147.5,0.72,0.0441999994218349,0.0659999996423721,0.093699999153614,0.1088000014424324,0.1401000022888183,0.2596000134944916,0.3003999888896942,0.335999995470047,0.3454999923706054,0.3452000021934509,0.209099993109703,0.1440999954938888,0.5107913613319397,0.4114681780338287,0.3802383066547136,0.3607112533394637,0.6223214268684387,83,2,270,186,0.2050713990864,303.62899318494294,302.9138749440511,0.0008447447872946,296,273,430
Kakarlapadu,14.708,79.692,28_515_shc_2025-26.1887,213.0,10.8,136.6,0.14,0.0518749989569187,0.0710000023245811,0.1096000000834465,0.1136000007390976,0.1872999966144561,0.3100000023841858,0.3594000041484833,0.367900013923645,0.4029000103473663,0.388399988412857,0.2917999923229217,0.1861000061035156,0.5281412601470947,0.3252882063388824,0.4190837393369735,0.3886398513278604,0.7931502461433411,44,3,46,174,0.272616704305013,303.703087723046,302.9662409665292,0.0008955459486812,324,294,382
Manubolupadu,14.708,79.842,28_515_shc_2025-26.11035,188.0,9.2,119.4,0.4,0.0469041652977466,0.0545946434140205,0.0850666686892509,0.1048374995589256,0.1421499997377395,0.2252999991178512,0.2597199976444244,0.2689499855041504,0.2779333293437958,0.2931571304798126,0.2262499928474426,0.1391499936580658,0.4390529096126556,0.3084407448768616,0.2756311972128956,0.2817260868643214,0.8412344455718994,49,2,90,174,0.2593893419232285,303.7176119486491,302.929748367845,0.0009265439840724,315,343,342
Manubolupadu,14.708,79.842,28_515_shc_2025-26.1388,176.0,25.3,126.4,0.8,0.0469041652977466,0.0545946434140205,0.0850666686892509,0.1048374995589256,0.1421499997377395,0.2252999991178512,0.2597199976444244,0.2689499855041504,0.2779333293437958,0.2931571304798126,0.2262499928474426,0.1391499936580658,0.4390529096126556,0.3084407448768616,0.2756311972128956,0.2817260868643214,0.8412344455718994,49,2,90,174,0.2593893419232285,303.7176119486491,302.929748367845,0.0009265439840724,315,343,342
Manubolupadu,14.708,79.842,28_515_shc_2025-26.3815,151.0,15.4,154.5,0.37,0.0469041652977466,0.0545946434140205,0.0850666686892509,0.1048374995589256,0.1421499997377395,0.2252999991178512,0.2597199976444244,0.2689499855041504,0.2779333293437958,0.2931571304798126,0.2262499928474426,0.1391499936580658,0.4390529096126556,0.3084407448768616,0.2756311972128956,0.2817260868643214,0.8412344455718994,49,2,90,174,0.2593893419232285,303.7176119486491,302.929748367845,0.0009265439840724,315,343,342
Katrayapadu,14.708,79.888,28_515_shc_2025-26.11025,113.0,10.8,70.2,0.48,0.0530333332717418,0.0713333338499069,0.1061000004410743,0.1156499981880188,0.1857166737318039,0.3012999892234802,0.3392499983310699,0.3570500016212463,0.382750004529953,0.3630000054836273,0.264849990606308,0.1688999980688095,0.5106832981109619,0.3156666457653045,0.398100210302524,0.3722627790900019,0.7417728304862976,36,2,116,174,0.2028585065875137,303.5705836112039,302.64124267979673,0.0009596655283724,342,303,354
Damavaram,14.708,79.968,28_515_shc_2025-26.6723,138.0,23.0,12.4,1.09,0.0403000004589557,0.0542499981820583,0.0892999991774559,0.093649998307228,0.1578499972820282,0.2834500074386596,0.3231500089168548,0.336899995803833,0.3483000099658966,0.3456999957561493,0.2658500075340271,0.1520500034093856,0.5649750232696533,0.3618999421596527,0.4076109684027502,0.3921068169942512,0.7891066074371338,12,1,0,180,0.2012444211725603,303.67025295056794,302.8139229155423,0.0009555819147769,333,328,339
Damavaram,14.708,79.968,28_515_shc_2025-26.1269,151.0,23.0,119.4,0.26,0.0403000004589557,0.0542499981820583,0.0892999991774559,0.093649998307228,0.1578499972820282,0.2834500074386596,0.3231500089168548,0.336899995803833,0.3483000099658966,0.3456999957561493,0.2658500075340271,0.1520500034093856,0.5649750232696533,0.3618999421596527,0.4076109684027502,0.3921068169942512,0.7891066074371338,12,1,0,180,0.2012444211725603,303.67025295056794,302.8139229155423,0.0009555819147769,333,328,339
Damavaram,14.708,79.968,28_515_shc_2025-26.6721,176.0,22.3,70.2,0.91,0.0403000004589557,0.0542499981820583,0.0892999991774559,0.093649998307228,0.1578499972820282,0.2834500074386596,0.3231500089168548,0.336899995803833,0.3483000099658966,0.3456999957561493,0.2658500075340271,0.1520500034093856,0.5649750232696533,0.3618999421596527,0.4076109684027502,0.3921068169942512,0.7891066074371338,12,1,0,180,0.2012444211725603,303.67025295056794,302.8139229155423,0.0009555819147769,333,328,339
Nandavaram,14.712,79.482,28_515_shc_2025-26.6420,276.0,47.62,49.2,0.23,0.0562999993562698,0.0816000029444694,0.1158000007271766,0.12950000166893,0.1703999936580658,0.2714000046253204,0.3280999958515167,0.3364000022411346,0.3677000105381012,0.3506999909877777,0.2922999858856201,0.2055999934673309,0.4440867006778717,0.3275454044342041,0.3445117922050427,0.3213065530613702,0.8689060211181641,77,1,0,180,0.2050713990864,303.62899318494294,302.9138749440511,0.0008447447872946,311,268,421
Anumasamudrampeta,14.712,79.678,28_515_shc_2025-26.94,125.0,14.6,155.2,0.13,0.0529999993741512,0.0727000012993812,0.1099999994039535,0.1289999932050705,0.1756000071763992,0.2717500030994415,0.308349996805191,0.3137499988079071,0.3465000092983246,0.3393000066280365,0.3136500120162964,0.2368000000715255,0.417278379201889,0.2823132574558258,0.2994327581781977,0.293953869798007,0.999681293964386,46,1,0,180,0.272616704305013,303.703087723046,302.9662409665292,0.0008955459486812,314,309,377
Rajavolu,14.716609,79.603583,28_515_shc_2025-26.1880,263.0,39.94,142.8,0.24,0.067900002002716,0.0678000003099441,0.0979000031948089,0.1316000074148178,0.1749999970197677,0.2272000014781952,0.2565000057220459,0.2381999939680099,0.2802000045776367,0.2917999923229217,0.328900009393692,0.2443999946117401,0.2882638871669769,0.152952566742897,0.1754097018660028,0.18383534096985,1.380772590637207,74,1,90,177,0.201482237431041,303.6560756616425,302.924711361266,0.0008683114439793,296,288,416
Rajavolu,14.718,79.588,28_515_shc_2025-26.9192,201.0,22.3,74.5,0.14,0.0515000000596046,0.0700000002980232,0.0984999984502792,0.1354999989271164,0.16805000603199,0.1976000070571899,0.2197500020265579,0.2212499976158142,0.2475000023841858,0.2569499909877777,0.3089500069618225,0.2635000050067901,0.2403644025325775,0.1366555094718933,0.1420407475847215,0.1501313084937975,1.3963842391967771,81,1,226,183,0.201482237431041,303.6560756616425,302.924711361266,0.0008683114439793,302,282,416
Pandipadu,14.722,79.682,28_515_shc_2025-26.10306,138.0,0.8,55.9,0.75,0.0555000007152557,0.0847999975085258,0.1031000018119812,0.1242500022053718,0.1635999977588653,0.2748000025749206,0.3329499959945678,0.3474499881267547,0.3781499862670898,0.3626999855041504,0.248099997639656,0.1564999967813491,0.4731820821762085,0.3597495257854461,0.3829918371436012,0.3445507689751441,0.714059591293335,45,2,64,174,0.272616704305013,303.703087723046,302.9662409665292,0.0008955459486812,317,308,375
Pandipadu,14.722,79.682,28_515_shc_2025-26.10363,63.0,30.7,68.3,0.65,0.0555000007152557,0.0847999975085258,0.1031000018119812,0.1242500022053718,0.1635999977588653,0.2748000025749206,0.3329499959945678,0.3474499881267547,0.3781499862670898,0.3626999855041504,0.248099997639656,0.1564999967813491,0.4731820821762085,0.3597495257854461,0.3829918371436012,0.3445507689751441,0.714059591293335,45,2,64,174,0.272616704305013,303.703087723046,302.9662409665292,0.0008955459486812,317,308,375
Katrayapadu,14.722,79.888,28_515_shc_2025-26.7771,201.0,30.0,245.8,0.33,0.0550333335995674,0.0668499991297721,0.099200002849102,0.1172000020742416,0.169400006532669,0.2684000134468078,0.296099990606308,0.3005000054836273,0.3228999972343445,0.3571333289146423,0.2809999883174896,0.1844000071287155,0.4388316869735718,0.2789955139160156,0.3050272085359586,0.299607718044767,0.9351081252098083,41,7,319,195,0.2028585065875137,303.5705836112039,302.64124267979673,0.0009596655283724,353,303,344
Katrayapadu,14.722,79.888,28_515_shc_2025-26.3291,113.0,20.7,42.1,0.27,0.0550333335995674,0.0668499991297721,0.099200002849102,0.1172000020742416,0.169400006532669,0.2684000134468078,0.296099990606308,0.3005000054836273,0.3228999972343445,0.3571333289146423,0.2809999883174896,0.1844000071287155,0.4388316869735718,0.2789955139160156,0.3050272085359586,0.299607718044767,0.9351081252098083,41,7,319,195,0.2028585065875137,303.5705836112039,302.64124267979673,0.0009596655283724,353,303,344
Katrayapadu,14.722,79.888,28_515_shc_2025-26.6727,151.0,15.4,84.3,0.68,0.0550333335995674,0.0668499991297721,0.099200002849102,0.1172000020742416,0.169400006532669,0.2684000134468078,0.296099990606308,0.3005000054836273,0.3228999972343445,0.3571333289146423,0.2809999883174896,0.1844000071287155,0.4388316869735718,0.2789955139160156,0.3050272085359586,0.299607718044767,0.9351081252098083,41,7,319,195,0.2028585065875137,303.5705836112039,302.64124267979673,0.0009596655283724,353,303,344
Katrayapadu,14.722,79.888,28_515_shc_2025-26.6722,13.0,49.92,91.3,0.11,0.0550333335995674,0.0668499991297721,0.099200002849102,0.1172000020742416,0.169400006532669,0.2684000134468078,0.296099990606308,0.3005000054836273,0.3228999972343445,0.3571333289146423,0.2809999883174896,0.1844000071287155,0.4388316869735718,0.2789955139160156,0.3050272085359586,0.299607718044767,0.9351081252098083,41,7,319,195,0.2028585065875137,303.5705836112039,302.64124267979673,0.0009596655283724,353,303,344
Akbarabad,14.728,79.658,28_515_shc_2025-26.5054,100.0,22.3,161.4,0.23,0.0489000007510185,0.0612000003457069,0.0926999971270561,0.1151999980211258,0.1398999989032745,0.1402000039815902,0.1537999957799911,0.1597000062465667,0.1416999995708465,0.2046999931335449,0.1392000019550323,0.1089999973773956,0.1618770807981491,0.0660881400108337,0.0799267341192317,0.0861401625636104,0.871634304523468,61,1,134,177,0.272616704305013,303.703087723046,302.9662409665292,0.0008955459486812,318,288,395
Katrayapadu,14.728,79.888,28_515_shc_2025-26.3844,176.0,28.4,42.1,0.44,0.0518749989569187,0.063799999654293,0.1033999994397163,0.1132000014185905,0.1872999966144561,0.2743000090122223,0.3107799887657165,0.3145000040531158,0.3460749983787536,0.3329333364963531,0.2834999859333038,0.1817999929189682,0.4706569910049438,0.2534874677658081,0.3321343727243924,0.3254823781080564,0.9014307856559752,38,3,0,180,0.2028585065875137,303.5705836112039,302.64124267979673,0.0009596655283724,339,293,368
Katrayapadu,14.728,79.888,28_515_shc_2025-26.3841,188.0,14.6,70.2,0.41,0.0518749989569187,0.063799999654293,0.1033999994397163,0.1132000014185905,0.1872999966144561,0.2743000090122223,0.3107799887657165,0.3145000040531158,0.3460749983787536,0.3329333364963531,0.2834999859333038,0.1817999929189682,0.4706569910049438,0.2534874677658081,0.3321343727243924,0.3254823781080564,0.9014307856559752,38,3,0,180,0.2028585065875137,303.5705836112039,302.64124267979673,0.0009596655283724,339,293,368
Katrayapadu,14.728,79.888,28_515_shc_2025-26.3856,226.0,28.4,56.2,0.14,0.0518749989569187,0.063799999654293,0.1033999994397163,0.1132000014185905,0.1872999966144561,0.2743000090122223,0.3107799887657165,0.3145000040531158,0.3460749983787536,0.3329333364963531,0.2834999859333038,0.1817999929189682,0.4706569910049438,0.2534874677658081,0.3321343727243924,0.3254823781080564,0.9014307856559752,38,3,0,180,0.2028585065875137,303.5705836112039,302.64124267979673,0.0009596655283724,339,293,368
Katrayapadu,14.728,79.888,28_515_shc_2025-26.6717,138.0,32.3,56.2,0.16,0.0518749989569187,0.063799999654293,0.1033999994397163,0.1132000014185905,0.1872999966144561,0.2743000090122223,0.3107799887657165,0.3145000040531158,0.3460749983787536,0.3329333364963531,0.2834999859333038,0.1817999929189682,0.4706569910049438,0.2534874677658081,0.3321343727243924,0.3254823781080564,0.9014307856559752,38,3,0,180,0.2028585065875137,303.5705836112039,302.64124267979673,0.0009596655283724,339,293,368
Katrayapadu,14.728,79.888,28_515_shc_2025-26.3572,188.0,16.1,147.5,0.27,0.0518749989569187,0.063799999654293,0.1033999994397163,0.1132000014185905,0.1872999966144561,0.2743000090122223,0.3107799887657165,0.3145000040531158,0.3460749983787536,0.3329333364963531,0.2834999859333038,0.1817999929189682,0.4706569910049438,0.2534874677658081,0.3321343727243924,0.3254823781080564,0.9014307856559752,38,3,0,180,0.2028585065875137,303.5705836112039,302.64124267979673,0.0009596655283724,339,293,368
Dubagunta,14.732,79.578,28_515_shc_2025-26.10907,238.0,14.6,366.2,0.35,0.0333999991416931,0.0430999994277954,0.0687000006437301,0.0649999976158142,0.1206000000238418,0.2427999973297119,0.2818000018596649,0.2973999977111816,0.3120999932289123,0.2903000116348266,0.2137999981641769,0.1420000046491623,0.6412803530693054,0.4229665100574493,0.4259062459979379,0.4042207815769672,0.7188971042633057,85,1,314,183,0.201482237431041,303.6560756616425,302.924711361266,0.0008683114439793,311,292,397
Pedabbipuram,14.732,79.662,28_515_shc_2025-26.10945,238.0,3.8,155.2,0.5,0.0511000007390975,0.06700000166893,0.0989999994635582,0.1162000000476837,0.1747000068426132,0.2685000002384186,0.3217999935150146,0.3312999904155731,0.3628000020980835,0.3057000041007995,0.2340999990701675,0.1455000042915344,0.4806703925132751,0.3094861209392547,0.35239186343857,0.3405276926642314,0.7066103219985962,55,2,27,177,0.272616704305013,303.703087723046,302.9662409665292,0.0008955459486812,321,287,392
Velpulagunta,14.732,79.778,28_515_shc_2025-26.8400,226.0,28.4,378.6,0.18,0.0362545438110828,0.0562124997377395,0.0868000015616417,0.1071999967098236,0.154119998216629,0.2128400057554245,0.2387000024318695,0.2407799959182739,0.267549991607666,0.2768999934196472,0.2492000013589859,0.1805499941110611,0.3838726282119751,0.2194479554891586,0.2283596437070682,0.236290950912273,1.034969687461853,72,0,0,180,0.2593893419232285,303.7176119486491,302.929748367845,0.0009265439840724,285,336,379
Velpulagunta,14.732,79.778,28_515_shc_2025-26.11171,138.0,3.1,391.1,0.23,0.0362545438110828,0.0562124997377395,0.0868000015616417,0.1071999967098236,0.154119998216629,0.2128400057554245,0.2387000024318695,0.2407799959182739,0.267549991607666,0.2768999934196472,0.2492000013589859,0.1805499941110611,0.3838726282119751,0.2194479554891586,0.2283596437070682,0.236290950912273,1.034969687461853,72,0,0,180,0.2593893419232285,303.7176119486491,302.929748367845,0.0009265439840724,285,336,379
Pedabbipuram,14.735,79.645,28_515_shc_2025-26.2352,100.0,19.2,93.1,0.38,0.0401999987661838,0.0472999997437,0.0732999965548515,0.0837000012397766,0.1429000049829483,0.2333000004291534,0.2754999995231628,0.2538999915122986,0.3025999963283539,0.2964000105857849,0.255400002002716,0.1645999997854232,0.5041468739509583,0.2797378599643707,0.3036357622408162,0.3047994121513206,1.0059078931808472,65,2,244,186,0.201482237431041,303.6560756616425,302.924711361266,0.0008683114439793,294,295,411
Kakarlapadu,14.735,79.705,28_515_shc_2025-26.9231,188.0,4.6,372.4,0.34,0.0559000000357627,0.0821999981999397,0.1160999983549118,0.1669999957084655,0.2131000012159347,0.2978000044822693,0.3481000065803528,0.3680571317672729,0.3936666548252105,0.3925999999046325,0.3010999858379364,0.2680000066757202,0.3757676184177398,0.2666355073451996,0.2866418404922168,0.2913710712989416,0.8180794715881348,47,1,90,177,0.272616704305013,303.703087723046,302.9662409665292,0.0008955459486812,309,303,388
Anumasamudrampeta,14.738,79.662,28_515_shc_2025-26.9275,188.0,19.2,136.6,0.48,0.0546999983489513,0.0719999969005584,0.1094999983906745,0.133200004696846,0.197500005364418,0.2676999866962433,0.3043000102043152,0.3091000020503998,0.3456999957561493,0.3456000089645386,0.3379000127315521,0.2345999926328659,0.3976938724517822,0.2202921360731125,0.2803991445443466,0.280006361181215,1.0931737422943115,58,3,215,186,0.272616704305013,303.703087723046,302.9662409665292,0.0008955459486812,304,308,388
Pedabbipuram,14.738,79.662,28_515_shc_2025-26.9279,163.0,16.1,242.1,0.38,0.0546999983489513,0.0719999969005584,0.1094999983906745,0.133200004696846,0.197500005364418,0.2676999866962433,0.3043000102043152,0.3091000020503998,0.3456999957561493,0.3456000089645386,0.3379000127315521,0.2345999926328659,0.3976938724517822,0.2202921360731125,0.2803991445443466,0.280006361181215,1.0931737422943115,58,3,215,186,0.272616704305013,303.703087723046,302.9662409665292,0.0008955459486812,304,308,388
Bodagudipadu,14.742,79.862,28_515_shc_2025-26.3540,13.0,24.6,70.2,0.73,0.0456999987363815,0.0632499977946281,0.097350001335144,0.1031500026583671,0.1570000052452087,0.267300009727478,0.3036666810512543,0.3077499866485595,0.338699996471405,0.3145000040531158,0.2777999937534332,0.164900004863739,0.4979313313961029,0.3243679106235504,0.3522059893853385,0.3369195077264174,0.90268075466156,36,2,0,180,0.2028585065875137,303.5705836112039,302.64124267979673,0.0009596655283724,326,303,371
Bodagudipadu,14.742,79.862,28_515_shc_2025-26.3543,163.0,13.8,70.2,0.35,0.0456999987363815,0.0632499977946281,0.097350001335144,0.1031500026583671,0.1570000052452087,0.267300009727478,0.3036666810512543,0.3077499866485595,0.338699996471405,0.3145000040531158,0.2777999937534332,0.164900004863739,0.4979313313961029,0.3243679106235504,0.3522059893853385,0.3369195077264174,0.90268075466156,36,2,0,180,0.2028585065875137,303.5705836112039,302.64124267979673,0.0009596655283724,326,303,371
Nallagonda,14.748,79.468,28_515_shc_2025-26.9579,113.0,7.7,422.1,0.53,0.0585500001907348,0.0816999971866607,0.1110500022768974,0.1415999978780746,0.1964000016450882,0.2398000061511993,0.2626000046730041,0.2716000080108642,0.2984000146389007,0.2853499948978424,0.3453499972820282,0.2553499937057495,0.3146176338195801,0.1606837660074234,0.2154529628446373,0.2135348378686934,1.2715389728546145,93,2,333,183,0.2050713990864,303.62899318494294,302.9138749440511,0.0008447447872946,309,276,415
Nallagonda,14.748,79.468,28_515_shc_2025-26.9584,38.0,3.1,378.6,0.21,0.0585500001907348,0.0816999971866607,0.1110500022768974,0.1415999978780746,0.1964000016450882,0.2398000061511993,0.2626000046730041,0.2716000080108642,0.2984000146389007,0.2853499948978424,0.3453499972820282,0.2553499937057495,0.3146176338195801,0.1606837660074234,0.2154529628446373,0.2135348378686934,1.2715389728546145,93,2,333,183,0.2050713990864,303.62899318494294,302.9138749440511,0.0008447447872946,309,276,415
Nallagonda,14.752,79.478,28_515_shc_2025-26.11318,151.0,16.1,235.9,0.39,0.0392500013113021,0.0375499986112117,0.0615999996662139,0.0547499991953372,0.1027999967336654,0.2110999971628189,0.2406499981880188,0.243149995803833,0.2644000053405761,0.259799987077713,0.2293500006198883,0.1484500020742416,0.6324269771575928,0.4056944847106933,0.3651091963435529,0.3541797176136558,0.9432449340820312,93,1,270,183,0.2094393947668243,303.5029780739232,302.786193680345,0.0008552319701651,320,281,399
Gudipadu,14.752,79.678,28_515_shc_2025-26.7277,163.0,11.5,99.3,0.06,0.0401999987661838,0.0526000000536441,0.0864000022411346,0.0850000008940696,0.1495999991893768,0.2293999940156936,0.2527999877929687,0.2705999910831451,0.2811999917030334,0.2763000130653381,0.2504999935626983,0.1639000028371811,0.5219347476959229,0.2879581153392792,0.3347521656421296,0.3253856801006459,0.9257206320762634,58,1,314,183,0.3206887161522581,303.6685867978815,302.9485814613208,0.000905926820365,312,301,388
Gumparlapadu,14.752,79.718,28_515_shc_2024-25.11754,226.0,106.8,583.0,0.35,0.0547125004231929,0.0597000010311603,0.0922250002622604,0.1031749993562698,0.1568000018596649,0.2632000148296356,0.2964666783809662,0.303600013256073,0.3263083398342132,0.327239990234375,0.2805750072002411,0.1923166662454605,0.4927171170711517,0.3188531994819641,0.3397264453085399,0.3315458814679876,0.9241600632667542,57,1,180,180,0.3206887161522581,303.6685867978815,302.9485814613208,0.000905926820365,312,309,380
Gudipadu,14.753063,79.679548,28_515_shc_2025-26.8296,188.0,19.2,117.9,0.27,0.0278999991714954,0.0359000004827976,0.0595999993383884,0.0397999994456768,0.0998999997973442,0.2164999991655349,0.2504000067710876,0.2474000006914138,0.2687999904155731,0.2632000148296356,0.1784999966621399,0.0982000008225441,0.722841203212738,0.4247048795223236,0.4264760308822602,0.3955792705975297,0.7215036153793335,56,2,27,177,0.3206887161522581,303.6685867978815,302.9485814613208,0.000905926820365,303,308,390
Gumparlapadu,14.75463,79.727788,28_515_shc_2025-26.2291,176.0,9.2,428.3,1.4,0.0476800017058849,0.0680250003933906,0.0993285700678825,0.1272142827510833,0.1586399972438812,0.2052571475505828,0.2313600033521652,0.2179999947547912,0.2520500123500824,0.261988878250122,0.2662416696548462,0.2085600048303604,0.2629836499691009,0.1576040685176849,0.1542822102648863,0.1611172120842638,1.2212921380996704,59,3,215,186,0.3206887161522581,303.6685867978815,302.9485814613208,0.000905926820365,315,313,373
Gumparlapadu,14.756678,79.710659,28_515_shc_2025-26.4354,138.0,6.1,453.1,0.53,0.0612999983131885,0.0856999978423118,0.1215000003576278,0.1369999945163726,0.1860000044107437,0.2723000049591064,0.3075500130653381,0.314300000667572,0.3429000079631805,0.3445000052452087,0.3136000037193298,0.2398000061511993,0.3928650617599487,0.2564461231231689,0.2967761508765759,0.2795648171693458,0.9977728128433228,50,2,296,186,0.3206887161522581,303.6685867978815,302.9485814613208,0.000905926820365,312,307,382
Gumparlapadu,14.758,79.732,28_515_shc_2025-26.10272,176.0,5.7,142.8,0.19,0.0496666654944419,0.0732833370566368,0.1112750023603439,0.1512500047683715,0.1969166696071624,0.2527999877929687,0.2820416688919067,0.2948000133037567,0.3133749961853027,0.3019333481788635,0.3595166802406311,0.2727749943733215,0.3218249082565307,0.1990645229816436,0.217147968173255,0.2276042584322016,1.2195273637771606,63,1,134,177,0.3206887161522581,303.6685867978815,302.9485814613208,0.000905926820365,306,312,382
Gumparlapadu,14.759563,79.711715,28_515_shc_2025-26.11669,125.0,0.8,446.9,0.54,0.0510249994695186,0.0723000019788742,0.1155142858624458,0.1472000032663345,0.2081000059843063,0.286650002002716,0.3138749897480011,0.3205333352088928,0.3655999898910522,0.3630749881267547,0.36489999294281,0.2562499940395355,0.3705815076828003,0.2126867920160293,0.2608111194575291,0.2686690512527931,1.1384150981903076,54,4,314,189,0.3206887161522581,303.6685867978815,302.9485814613208,0.000905926820365,312,307,382
Gumparlapadu,14.761778,79.704763,28_515_shc_2025-26.5206,163.0,2.3,260.7,0.35,0.0485000014305114,0.0582000017166137,0.090999998152256,0.1050999984145164,0.1859000027179718,0.2619499862194061,0.2962499856948852,0.2955000102519989,0.3237000107765198,0.3447000086307525,0.3206999897956848,0.2180500030517578,0.4752870798110962,0.2276693135499954,0.3195488946506402,0.3171219353851672,1.085279107093811,49,1,46,177,0.3206887161522581,303.6685867978815,302.9485814613208,0.000905926820365,309,299,392
Gumparlapadu,14.762,79.712,28_515_shc_2025-26.11695,125.0,13.8,248.3,0.05,0.0504299998283386,0.0678249970078468,0.1032142862677574,0.1275999993085861,0.1784999966621399,0.2561799883842468,0.2796599864959717,0.2798333466053009,0.3079999983310699,0.3173500001430511,0.2728999853134155,0.1949999928474426,0.3736398816108703,0.221090942621231,0.2476553716102278,0.2516438501773352,0.9752232432365416,51,1,270,183,0.3206887161522581,303.6685867978815,302.9485814613208,0.000905926820365,300,300,400
Gumparlapadu,14.762,79.712,28_515_shc_2025-26.11670,151.0,5.4,173.8,0.43,0.0504299998283386,0.0678249970078468,0.1032142862677574,0.1275999993085861,0.1784999966621399,0.2561799883842468,0.2796599864959717,0.2798333466053009,0.3079999983310699,0.3173500001430511,0.2728999853134155,0.1949999928474426,0.3736398816108703,0.221090942621231,0.2476553716102278,0.2516438501773352,0.9752232432365416,51,1,270,183,0.3206887161522581,303.6685867978815,302.9485814613208,0.000905926820365,300,300,400
Krishnapadu,14.762,79.828,28_515_shc_2025-26.11237,401.0,17.0,266.9,0.89,0.0458000004291534,0.0536499992012977,0.0856499969959259,0.1027500033378601,0.1611000001430511,0.242249995470047,0.2672500014305115,0.2723000049591064,0.2845999896526336,0.3244749903678894,0.2849166691303253,0.1956499963998794,0.4520730376243591,0.2565759122371673,0.2851640649341349,0.2906405348499339,1.04633367061615,45,1,134,177,0.2891266806083813,303.6996526216206,302.9402292820445,0.0009324726181501,310,309,380
Gumparlapadu,14.763992,79.710747,28_515_shc_2025-26.5213,238.0,0.8,180.0,0.18,0.046629998832941,0.0628750026226043,0.0944999977946281,0.1053000018000602,0.1682250052690506,0.2583749890327453,0.2923333346843719,0.2905249893665313,0.3294333219528198,0.3205499947071075,0.2873499989509582,0.1934500038623809,0.4679466784000397,0.2665939629077911,0.3191855835404755,0.3101470533746683,0.9890715479850768,54,1,270,183,0.3206887161522581,303.6685867978815,302.9485814613208,0.000905926820365,304,309,387
Gumparlapadu,14.764503,79.70221,28_515_shc_2025-26.5494,113.0,5.4,204.8,0.55,0.0491999983787536,0.0745000019669532,0.1119000017642974,0.1516000032424926,0.1918999999761581,0.2666000127792358,0.3088000118732452,0.3206000030040741,0.3479999899864197,0.3502250015735626,0.3573000133037567,0.2558000087738037,0.3578991889953613,0.2511219680309295,0.2527745355564632,0.2607488150726056,1.1144728660583496,53,0,0,180,0.3206887161522581,303.6685867978815,302.9485814613208,0.000905926820365,322,287,391
Gumparlapadu,14.764844,79.708195,28_515_shc_2025-26.9346,188.0,10.8,167.6,0.64,0.0614000000059604,0.0890000015497207,0.1240999996662139,0.1546999961137771,0.2130499929189682,0.2919999957084656,0.3366999924182892,0.3522999882698059,0.3784500062465668,0.3826999962329864,0.367000013589859,0.2513000071048736,0.3897435963153839,0.2463075965642929,0.3062616210064696,0.2943396155219198,1.0417258739471436,51,4,270,192,0.3206887161522581,303.6685867978815,302.9485814613208,0.000905926820365,299,318,383
Gumparlapadu,14.764929,79.69781,28_515_shc_2025-26.9334,176.0,3.1,211.0,0.55,0.0563500002026557,0.0777999982237815,0.1191999986767768,0.1560000032186508,0.2104000002145767,0.2860000133514404,0.3192999958992004,0.3280999958515167,0.3546999990940094,0.3478499948978424,0.3646000027656555,0.2578000128269195,0.3555050492286682,0.2185700982809066,0.2560097431213328,0.2623208913659317,1.1112465858459473,53,1,134,177,0.3206887161522581,303.6685867978815,302.9485814613208,0.000905926820365,319,295,387
Gumparlapadu,14.769188,79.718227,28_515_shc_2025-26.9392,238.0,7.7,273.1,0.1,0.0395000018179416,0.0494999997317791,0.0845333337783813,0.1127000004053115,0.16075000166893,0.2549999952316284,0.2791999876499176,0.2736499905586242,0.2915500104427337,0.2765249907970428,0.2924500107765198,0.2273000031709671,0.4165911674499511,0.259898692369461,0.2548935617998235,0.2723810996685532,1.0687010288238523,56,8,244,204,0.3206887161522581,303.6685867978815,302.9485814613208,0.000905926820365,305,330,365
Sankavaram,14.772,79.512,28_515_shc_2025-26.10974,50.0,36.1,80.7,0.08,0.0524999983608722,0.0804999992251396,0.1108999997377395,0.1413999944925308,0.1635999977588653,0.2428999990224838,0.2707999944686889,0.2741999924182892,0.3030000030994415,0.2985999882221222,0.3066000044345855,0.2117999941110611,0.3195380270481109,0.2526267766952514,0.2185864321193656,0.2175622539715476,1.118161916732788,84,1,90,177,0.2094393947668243,303.5029780739232,302.786193680345,0.0008552319701651,330,276,394
Gundemadakala,14.780626,79.477451,28_515_shc_2025-26.8540,38.0,11.5,130.4,0.27,0.0441999994218349,0.0678000003099441,0.0982000008225441,0.1058000028133392,0.1554999947547912,0.2495000064373016,0.2799000144004822,0.2829999923706054,0.3100000023841858,0.303299993276596,0.276199996471405,0.1995999962091446,0.4557612836360931,0.2907639741897583,0.3143404326374973,0.2990548894871334,0.9759717583656312,84,2,27,177,0.2094393947668243,303.5029780739232,302.786193680345,0.0008552319701651,304,271,425
Gundemadakala,14.782,79.482,28_515_shc_2025-26.7715,100.0,22.3,155.2,0.39,0.0318999998271465,0.0555999986827373,0.0857999995350837,0.0834999978542327,0.126800000667572,0.2560999989509582,0.2922999858856201,0.3003000020980835,0.3235000073909759,0.334199994802475,0.2515999972820282,0.1411000043153762,0.5648775696754456,0.4062280356884002,0.3915336350219259,0.3679565584785264,0.8378288149833679,83,1,226,183,0.2094393947668243,303.5029780739232,302.786193680345,0.0008552319701651,300,275,425
Gundemadakala,14.782,79.482,28_515_shc_2025-26.846,50.0,16.9,111.7,0.53,0.0318999998271465,0.0555999986827373,0.0857999995350837,0.0834999978542327,0.126800000667572,0.2560999989509582,0.2922999858856201,0.3003000020980835,0.3235000073909759,0.334199994802475,0.2515999972820282,0.1411000043153762,0.5648775696754456,0.4062280356884002,0.3915336350219259,0.3679565584785264,0.8378288149833679,83,1,226,183,0.2094393947668243,303.5029780739232,302.786193680345,0.0008552319701651,300,275,425
Gundemadakala,14.782582,79.48114,28_515_shc_2025-26.847,63.0,3.8,80.7,0.19,0.0524000003933906,0.0551999993622303,0.0778999999165535,0.0631000027060508,0.1464000046253204,0.2345999926328659,0.267300009727478,0.2869000136852264,0.2975000143051147,0.3041000068187713,0.2978000044822693,0.1990000009536743,0.6394285559654236,0.3242557048797607,0.4470635333061817,0.3949411882296151,1.037992238998413,83,1,90,177,0.2094393947668243,303.5029780739232,302.786193680345,0.0008552319701651,301,275,424
Gundemadakala,14.78287,79.47632,28_515_shc_2025-26.8543,38.0,9.2,117.9,0.24,0.0439999997615814,0.0604999996721744,0.0866999998688697,0.0938000008463859,0.1644999980926513,0.257999986410141,0.289900004863739,0.3034999966621399,0.3222000002861023,0.3109999895095825,0.3115000128746032,0.2029999941587448,0.5278127193450928,0.2970085442066192,0.371137296365385,0.3505516489435208,1.0263592004776,82,1,134,177,0.2094393947668243,303.5029780739232,302.786193680345,0.0008552319701651,302,274,424
Gundemadakala,14.78333,79.492805,28_515_shc_2025-26.10598,113.0,11.5,12.4,0.44,0.0443000011146068,0.062899999320507,0.095100000500679,0.1124000027775764,0.1466999948024749,0.1793999969959259,0.1955000013113021,0.19930000603199,0.2143000066280365,0.2524000108242035,0.2334000021219253,0.1977999955415725,0.2787937223911285,0.1520231515169143,0.154962733213777,0.1605888917911813,1.1710988283157349,97,2,296,186,0.2094393947668243,303.5029780739232,302.786193680345,0.0008552319701651,305,274,421
Sankavaram,14.78367,79.509273,28_515_shc_2025-26.6170,88.0,46.85,62.1,0.21,0.0494999997317791,0.0644999966025352,0.1006999984383583,0.1028999984264373,0.1586000025272369,0.1991000026464462,0.219200000166893,0.2173999994993209,0.2410999983549118,0.2377000004053115,0.2307000011205673,0.1838999986648559,0.3574773669242859,0.1563829630613327,0.2118722470596505,0.2093746215331207,1.0611776113510132,94,3,35,174,0.2094393947668243,303.5029780739232,302.786193680345,0.0008552319701651,298,292,410
Chouta Bheemavaram,14.784418,79.723288,28_515_shc_2025-26.5307,113.0,14.6,229.7,0.14,0.0617999993264675,0.0621583350002765,0.0970999971032142,0.1159666702151298,0.159400001168251,0.2414499968290329,0.2659333348274231,0.2732000052928924,0.290066659450531,0.290149986743927,0.2681399881839752,0.2020999938249588,0.4040257036685943,0.2630605697631836,0.2615651214048005,0.2652483601928646,0.9814786911010742,64,3,314,186,0.3206887161522581,303.6685867978815,302.9485814613208,0.000905926820365,316,293,391
Gundemadakala,14.784596,79.491793,28_515_shc_2025-26.10593,13.0,36.1,130.4,0.24,0.0427000001072883,0.0597999989986419,0.0877000018954277,0.1070000007748603,0.1476999968290329,0.2093999981880188,0.2356999963521957,0.2442999929189682,0.2657999992370605,0.2730000019073486,0.2777000069618225,0.1897000074386596,0.3908340334892273,0.2464285641908645,0.238732771698365,0.2419241040077253,1.1367172002792358,91,4,166,177,0.2094393947668243,303.5029780739232,302.786193680345,0.0008552319701651,310,274,416
Gundemadakala,14.785,79.495,28_515_shc_2025-26.10566,63.0,0.8,198.6,0.35,0.0553999990224838,0.068400003015995,0.1054000034928321,0.1129999980330467,0.1682000011205673,0.2370000034570694,0.2592000067234039,0.2587999999523163,0.2881999909877777,0.2725000083446502,0.2637999951839447,0.2048999965190887,0.3921463191509247,0.2121779769659042,0.2560050664577231,0.2508602929390878,1.0193198919296265,94,1,90,177,0.2094393947668243,303.5029780739232,302.786193680345,0.0008552319701651,296,281,423
Chamadala,14.785,79.905,28_515_shc_2025-26.5931,401.0,8.8,91.3,0.36,0.046399999409914,0.0722000002861023,0.1099999994039535,0.1543000042438507,0.1940000057220459,0.2610000073909759,0.2935500144958496,0.3158999979496002,0.329233318567276,0.3155499994754791,0.328000009059906,0.2215999960899353,0.343683511018753,0.2390664666891098,0.2376190914074482,0.2498453824063086,1.038303256034851,23,2,116,174,0.2060362832588061,303.6895057945921,302.84448332535595,0.0009514299679405,311,315,375
Chamadala,14.785,79.905,28_515_shc_2025-26.5926,100.0,11.2,56.2,0.34,0.046399999409914,0.0722000002861023,0.1099999994039535,0.1543000042438507,0.1940000057220459,0.2610000073909759,0.2935500144958496,0.3158999979496002,0.329233318567276,0.3155499994754791,0.328000009059906,0.2215999960899353,0.343683511018753,0.2390664666891098,0.2376190914074482,0.2498453824063086,1.038303256034851,23,2,116,174,0.2060362832588061,303.6895057945921,302.84448332535595,0.0009514299679405,311,315,375
Gundemadakala,14.78503,79.497429,28_515_shc_2025-26.10594,88.0,45.31,86.9,0.27,0.0452999994158744,0.0560000017285347,0.0746000036597251,0.0891999974846839,0.139500007033348,0.2173999994993209,0.2466000020503997,0.2524000108242035,0.2831999957561493,0.2612000107765198,0.2630999982357025,0.1671999990940094,0.4777517914772033,0.2880837023258209,0.2983328740052516,0.290874545618388,1.0423929691314695,94,1,180,180,0.2094393947668243,303.5029780739232,302.786193680345,0.0008552319701651,294,285,421
Gundemadakala,14.785344,79.492269,28_515_shc_2025-26.10560,88.0,20.0,223.5,0.27,0.0474999994039535,0.0555999986827373,0.0803000032901763,0.089599996805191,0.1371999979019165,0.2066999971866607,0.2322999984025955,0.241799995303154,0.2617999911308288,0.2619999945163727,0.2538999915122986,0.1735000014305114,0.4592637419700622,0.2759894430637359,0.2792865532524026,0.2745970650877672,1.0500413179397583,93,0,0,180,0.2094393947668243,303.5029780739232,302.786193680345,0.0008552319701651,299,275,426
Gundemadakala,14.785862,79.482093,28_515_shc_2025-26.7690,50.0,13.1,68.3,0.21,0.0445999987423419,0.0513999983668327,0.0790000036358833,0.0750000029802322,0.1354999989271164,0.2649999856948852,0.3059000074863434,0.3197999894618988,0.335999995470047,0.3255000114440918,0.2666000127792358,0.1615999937057495,0.6200607419013977,0.4047880470752716,0.4421006700444336,0.4103710134376734,0.8336461186408997,86,5,306,192,0.2094393947668243,303.5029780739232,302.786193680345,0.0008552319701651,300,273,427
Gudipadu,14.788,79.652,28_515_shc_2025-26.2129,238.0,3.8,620.7,0.18,0.0350000001490116,0.0498000010848045,0.0795999988913536,0.0790000036358833,0.1427000015974044,0.2396000027656555,0.2759000062942505,0.2788000106811523,0.3012999892234802,0.2906999886035919,0.2533999979496002,0.1524000018835067,0.558412492275238,0.322894424200058,0.36214022242535,0.3493821468475016,0.9088951945304872,67,2,333,183,0.3206887161522581,303.6685867978815,302.9485814613208,0.000905926820365,310,289,402
Gudipadu,14.788,79.652,28_515_shc_2025-26.2132,188.0,4.6,564.9,0.1,0.0350000001490116,0.0498000010848045,0.0795999988913536,0.0790000036358833,0.1427000015974044,0.2396000027656555,0.2759000062942505,0.2788000106811523,0.3012999892234802,0.2906999886035919,0.2533999979496002,0.1524000018835067,0.558412492275238,0.322894424200058,0.36214022242535,0.3493821468475016,0.9088951945304872,67,2,333,183,0.3206887161522581,303.6685867978815,302.9485814613208,0.000905926820365,310,289,402
Gudipadu,14.788,79.652,28_515_shc_2025-26.2353,238.0,16.9,620.7,0.29,0.0350000001490116,0.0498000010848045,0.0795999988913536,0.0790000036358833,0.1427000015974044,0.2396000027656555,0.2759000062942505,0.2788000106811523,0.3012999892234802,0.2906999886035919,0.2533999979496002,0.1524000018835067,0.558412492275238,0.322894424200058,0.36214022242535,0.3493821468475016,0.9088951945304872,67,2,333,183,0.3206887161522581,303.6685867978815,302.9485814613208,0.000905926820365,310,289,402
Chamadala,14.792,79.898,28_515_shc_2025-26.8704,25.0,14.7,84.3,0.91,0.0566749982535839,0.0688999965786933,0.1053249984979629,0.1375000029802322,0.179075002670288,0.2610374987125397,0.2970499992370605,0.3241333365440368,0.3382333219051361,0.3325499892234802,0.3088249862194061,0.2383500039577484,0.4042891263961792,0.2882669568061828,0.2858295052508746,0.2911192747167037,0.9527714252471924,19,1,0,180,0.2060362832588061,303.6895057945921,302.84448332535595,0.0009514299679405,305,326,369
Chamadala,14.798,79.898,28_515_shc_2025-26.8706,188.0,9.4,245.8,0.4,0.0528666675090789,0.0685874968767166,0.0958499982953071,0.1183499991893768,0.1640374958515167,0.2374749928712844,0.2630499899387359,0.2658250033855438,0.2954500019550323,0.2887000143527984,0.2542499899864197,0.154349997639656,0.3838745355606079,0.2367908507585525,0.2522632740456728,0.2501908622727727,0.9564562439918518,16,0,0,180,0.2060362832588061,303.6895057945921,302.84448332535595,0.0009514299679405,311,324,365
Gowravaram,14.801453,80.00062,28_515_shc_2025-26.6144,188.0,53.76,571.0,0.19,0.0666999965906143,0.0922000035643577,0.1348000019788742,0.1715999990701675,0.2220000028610229,0.3201000094413757,0.3714999854564667,0.3779000043869018,0.4182499945163727,0.4061999917030334,0.3553000092506408,0.2442499995231628,0.3754322230815887,0.2598766386508941,0.3005536256904012,0.2948546993385119,0.940195858478546,8,1,46,177,0.1422053889224404,303.64248516685086,302.84418350353576,0.0009584558572739,322,343,335
Sankavaram,14.804191,79.521953,28_515_shc_2025-26.832,75.0,4.6,49.7,0.45,0.032999999821186,0.0368999987840652,0.0531000010669231,0.0940999984741211,0.1190999969840049,0.1328999996185302,0.1456000059843063,0.1521999984979629,0.1553000062704086,0.1806000024080276,0.2428999990224838,0.2084999978542328,0.235891193151474,0.1220051646232605,0.1008645534632229,0.1167760959257014,1.5959264039993286,105,1,0,180,0.2094393947668243,303.5029780739232,302.786193680345,0.0008552319701651,315,270,414
Sankavaram,14.811383,79.523619,28_515_shc_2025-26.835,151.0,37.6,223.5,0.21,0.0342000015079975,0.0494999997317791,0.0771000012755394,0.0903000012040138,0.1335999965667724,0.2249000072479248,0.2563999891281128,0.2750999927520752,0.2876999974250793,0.2813999950885772,0.265500009059906,0.1735000014305114,0.5057471394538879,0.3462197184562683,0.3195794128834011,0.3203142931107501,0.9651036858558656,113,2,116,174,0.2094393947668243,303.5029780739232,302.786193680345,0.0008552319701651,314,272,414
Chamadala,14.812,79.912,28_515_shc_2025-26.11251,25.0,16.4,175.6,0.46,0.0506624989211559,0.0682923048734664,0.0999777764081955,0.1224749982357025,0.1659571379423141,0.233966663479805,0.2630800008773803,0.2575541734695434,0.2886166572570801,0.307449996471405,0.2694833278656006,0.1932000070810318,0.3554442226886749,0.2162800282239914,0.2281416218070432,0.2302409617378296,1.0463171005249023,16,3,314,186,0.2060362832588061,303.6895057945921,302.84448332535595,0.0009514299679405,318,345,338
Brahmanakraka,14.818,79.912,28_515_shc_2025-26.7333,38.0,32.89,133.4,0.56,0.0507791675627231,0.0715250000357627,0.1027399972081184,0.1192750036716461,0.177766665816307,0.273499995470047,0.3131999969482422,0.3243333399295807,0.3532499969005584,0.3407166600227356,0.3000000119209289,0.1934500038623809,0.4622508585453033,0.2919073402881622,0.3409579007242226,0.3259694623015009,0.9249743223190308,14,3,0,180,0.2060362832588061,303.6895057945921,302.84448332535595,0.0009514299679405,315,341,345
Brahmanakraka,14.818,79.912,28_515_shc_2025-26.10664,125.0,1.2,105.3,0.21,0.0507791675627231,0.0715250000357627,0.1027399972081184,0.1192750036716461,0.177766665816307,0.273499995470047,0.3131999969482422,0.3243333399295807,0.3532499969005584,0.3407166600227356,0.3000000119209289,0.1934500038623809,0.4622508585453033,0.2919073402881622,0.3409579007242226,0.3259694623015009,0.9249743223190308,14,3,0,180,0.2060362832588061,303.6895057945921,302.84448332535595,0.0009514299679405,315,341,345
Sankavaram,14.8186,79.531546,28_515_shc_2025-26.7646,100.0,29.2,99.3,0.23,0.0423999987542629,0.0526000000536441,0.0763999968767166,0.0910999998450279,0.1312000006437301,0.1835999935865402,0.2010000050067901,0.2070000022649765,0.2239000052213668,0.2309000045061111,0.2736999988555908,0.1932000070810318,0.3887957036495209,0.2241277396678924,0.2131925582010174,0.2178298498562848,1.3222222328186035,130,4,270,192,0.2094393947668243,303.5029780739232,302.786193680345,0.0008552319701651,308,268,424
Gowravaram,14.828319,79.994628,28_515_shc_2025-26.513,176.0,16.1,602.0,0.13,0.0566000007092952,0.0939500033855438,0.1261000037193298,0.1642500013113021,0.1802999973297119,0.2578999996185303,0.289000004529953,0.2868500053882599,0.3230499923229217,0.3440000116825104,0.3389500081539154,0.2398000061511993,0.2717801034450531,0.2280852198600769,0.1955062351910962,0.1933550676270027,1.1816279888153076,10,4,46,171,0.1422053889224404,303.64248516685086,302.84418350353576,0.0009584558572739,306,347,347
Gowravaram,14.832,79.998,28_515_shc_2025-26.9563,289.0,7.7,521.0,0.31,0.0579999983310699,0.0744500011205673,0.1124000027775764,0.13230000436306,0.1918500065803527,0.3107999861240387,0.3480499982833862,0.3636499941349029,0.3971500098705292,0.3725999891757965,0.2949000000953674,0.2040500044822693,0.4664784669876098,0.3092709183692932,0.3616934603581427,0.3484361515950885,0.8109446167945862,8,1,0,180,0.1422053889224404,303.64248516685086,302.84418350353576,0.0009584558572739,309,347,345
Gowravaram,14.832,79.998,28_515_shc_2025-26.9566,213.0,90.6,453.0,0.13,0.0579999983310699,0.0744500011205673,0.1124000027775764,0.13230000436306,0.1918500065803527,0.3107999861240387,0.3480499982833862,0.3636499941349029,0.3971500098705292,0.3725999891757965,0.2949000000953674,0.2040500044822693,0.4664784669876098,0.3092709183692932,0.3616934603581427,0.3484361515950885,0.8109446167945862,8,1,0,180,0.1422053889224404,303.64248516685086,302.84418350353576,0.0009584558572739,309,347,345
Gowravaram,14.832,79.998,28_515_shc_2025-26.9567,276.0,8.4,397.0,0.2,0.0579999983310699,0.0744500011205673,0.1124000027775764,0.13230000436306,0.1918500065803527,0.3107999861240387,0.3480499982833862,0.3636499941349029,0.3971500098705292,0.3725999891757965,0.2949000000953674,0.2040500044822693,0.4664784669876098,0.3092709183692932,0.3616934603581427,0.3484361515950885,0.8109446167945862,8,1,0,180,0.1422053889224404,303.64248516685086,302.84418350353576,0.0009584558572739,309,347,345
Gowravaram,14.832,79.998,28_515_shc_2025-26.9593,50.0,9.2,478.0,0.18,0.0579999983310699,0.0744500011205673,0.1124000027775764,0.13230000436306,0.1918500065803527,0.3107999861240387,0.3480499982833862,0.3636499941349029,0.3971500098705292,0.3725999891757965,0.2949000000953674,0.2040500044822693,0.4664784669876098,0.3092709183692932,0.3616934603581427,0.3484361515950885,0.8109446167945862,8,1,0,180,0.1422053889224404,303.64248516685086,302.84418350353576,0.0009584558572739,309,347,345
Gowravaram,14.832,79.998,28_515_shc_2025-26.9561,238.0,8.4,447.0,0.13,0.0579999983310699,0.0744500011205673,0.1124000027775764,0.13230000436306,0.1918500065803527,0.3107999861240387,0.3480499982833862,0.3636499941349029,0.3971500098705292,0.3725999891757965,0.2949000000953674,0.2040500044822693,0.4664784669876098,0.3092709183692932,0.3616934603581427,0.3484361515950885,0.8109446167945862,8,1,0,180,0.1422053889224404,303.64248516685086,302.84418350353576,0.0009584558572739,309,347,345
Vinjamur,14.836246,79.561046,28_515_shc_2025-26.8594,100.0,23.8,130.4,0.21,0.0442500002682209,0.0627499967813491,0.099150002002716,0.1634999960660934,0.1721999943256378,0.2338500022888183,0.2598499953746795,0.2724500000476837,0.2822000086307525,0.263399988412857,0.3237000107765198,0.2363000065088272,0.2499139904975891,0.2254582345485687,0.1527771990322856,0.1746086934675503,1.188107967376709,106,5,90,165,0.2045293774521141,303.51107326306794,302.799895537527,0.0008784304005915,314,265,422
Nandigunta,14.836649,79.538015,28_515_shc_2025-26.8635,113.0,76.8,99.3,0.45,0.0383000001311302,0.0659999996423721,0.1058000028133392,0.1247999966144561,0.1669999957084655,0.2617999911308288,0.3009000122547149,0.3091000020503998,0.3336000144481659,0.3086999952793121,0.2957000136375427,0.1973000019788742,0.42475226521492,0.2984667122364044,0.2948045416745195,0.2960167132981479,0.9566483497619628,115,3,270,189,0.2094393947668243,303.5029780739232,302.786193680345,0.0008552319701651,293,298,408
China Annaluru,14.838,79.652,28_515_shc_2023-24.7681,75.0,3.1,55.9,0.41,0.045499999076128,0.0474999994039535,0.0749000012874603,0.1036000028252601,0.1336999982595443,0.210099995136261,0.2344000041484832,0.2368000000715255,0.2565000057220459,0.2653999924659729,0.2703999876976013,0.1887000054121017,0.3913043439388275,0.2782725989818573,0.2216822476789605,0.2377439257266836,1.1418918371200562,71,0,0,180,0.3206887161522581,303.6685867978815,302.9485814613208,0.000905926820365,317,298,386
Gowravaram,14.838,79.988,28_515_shc_2025-26.6084,88.0,23.8,509.0,0.23,0.045024998486042,0.080775000154972,0.1112499982118606,0.1247000023722648,0.166250005364418,0.251800000667572,0.2914333343505859,0.3179750144481659,0.3174999952316284,0.3454000055789947,0.2457000017166137,0.1651999950408935,0.4366070032119751,0.3133357465267181,0.3308682064106937,0.3075423798667157,0.7727022171020508,9,2,153,177,0.1422053889224404,303.64248516685086,302.84418350353576,0.0009584558572739,316,346,339
Nandigunta,14.8401,79.533909,28_515_shc_2025-26.6104,151.0,20.0,149.0,0.45,0.0323499999940395,0.0405500009655952,0.0640000030398368,0.0773499980568885,0.1290999948978424,0.209099993109703,0.2361000031232834,0.2511999905109405,0.263949990272522,0.2825999855995178,0.2455500066280365,0.1717499941587448,0.529143214225769,0.3210623264312744,0.3079880169920916,0.3147365786967597,0.977508008480072,114,7,237,198,0.2094393947668243,303.5029780739232,302.786193680345,0.0008552319701651,301,299,401
Chouta Bheemavaram,14.842,79.588,28_515_shc_2025-26.2156,238.0,13.1,99.3,0.1,0.0617499984800815,0.061549998819828,0.0931499972939491,0.1200499981641769,0.1702499985694885,0.2176000028848648,0.2388499975204467,0.2384999990463256,0.2543500065803528,0.2502000033855438,0.2912999987602234,0.2362000048160553,0.3303583860397339,0.1669724732637405,0.197789171487598,0.2069477629730398,1.2213836908340454,99,3,90,171,0.2045293774521141,303.51107326306794,302.799895537527,0.0008784304005915,296,283,421
Gowravaram,14.842,79.998,28_515_shc_2025-26.3021,238.0,1.5,428.0,0.21,0.0505999997258186,0.0631000027060508,0.1010999977588653,0.1004000008106231,0.1712999939918518,0.2712999880313873,0.3375000059604645,0.3551999926567077,0.3754999935626983,0.3811999857425689,0.2326000034809112,0.134100005030632,0.5592625141143799,0.349287748336792,0.4291440626462354,0.3999581314168282,0.6548423767089844,8,1,314,183,0.1422053889224404,303.64248516685086,302.84418350353576,0.0009584558572739,309,357,333
Nandigunta,14.842459,79.532004,28_515_shc_2025-26.6114,113.0,19.2,86.9,0.45,0.0501499995589256,0.0596500001847744,0.0953999981284141,0.1612499952316284,0.2125999927520752,0.2379000037908554,0.2520500123500824,0.2478999942541122,0.273250013589859,0.2679499983787536,0.3722000122070312,0.3158499896526336,0.2117805182933807,0.076655812561512,0.1225237210647152,0.1429632074320826,1.5014119148254397,112,5,270,195,0.2094393947668243,303.5029780739232,302.786193680345,0.0008552319701651,303,307,389
Nandigunta,14.843034,79.53617,28_515_shc_2025-26.9453,151.0,36.9,130.4,0.21,0.0428000018000602,0.0520000010728836,0.0829500034451484,0.1099999994039535,0.1518500000238418,0.1832000017166137,0.195700004696846,0.200200006365776,0.1923999935388565,0.1781000047922134,0.2229499965906143,0.1805499941110611,0.2907801568508148,0.1373384594917297,0.1533805048366871,0.1669958152051506,1.1136362552642822,112,0,0,180,0.2094393947668243,303.5029780739232,302.786193680345,0.0008552319701651,296,301,403
Nandigunta,14.843092,79.53498,28_515_shc_2025-26.8636,88.0,0.8,31.0,0.38,0.0361000001430511,0.046799998730421,0.0736000016331672,0.0864500030875206,0.1369500011205673,0.243599995970726,0.2745000123977661,0.2700499892234802,0.29585000872612,0.2807500064373016,0.2549999952316284,0.1693000048398971,0.515006959438324,0.3270269930362701,0.3192487983490384,0.3215411344731687,0.944269597530365,113,3,35,174,0.2094393947668243,303.5029780739232,302.786193680345,0.0008552319701651,303,305,392
Nandigunta,14.846015,79.530576,28_515_shc_2025-26.798,88.0,23.8,173.8,0.24,0.0301500000059604,0.0423000007867813,0.0633499994874,0.0875499993562698,0.1241500005125999,0.1964000016450882,0.2235500067472458,0.2230000048875808,0.2452999949455261,0.2458000034093856,0.227850005030632,0.16355000436306,0.4361616671085357,0.2847472429275512,0.2366269627070963,0.2506631388972791,1.0217489004135132,113,5,101,165,0.2094393947668243,303.5029780739232,302.786193680345,0.0008552319701651,316,300,383
Brahmanakraka,14.848,79.902,28_515_shc_2025-26.9771,25.0,19.4,175.6,0.8,0.0445555560290813,0.0526374988257885,0.0842000022530555,0.0759714320302009,0.1510142832994461,0.2513400018215179,0.2820000052452087,0.2862749993801117,0.3215500116348266,0.3217666745185852,0.2381999939680099,0.1436000019311905,0.5805538892745972,0.309316337108612,0.3902250402297651,0.3658528925528855,0.83206707239151,15,1,46,177,0.2060362832588061,303.6895057945921,302.84448332535595,0.0009514299679405,320,337,343
Utukuru,14.849812,79.513199,28_515_shc_2025-26.2987,176.0,23.8,80.7,0.24,0.0383000001311302,0.0507999993860721,0.0860000029206276,0.0988000035285949,0.1530999988317489,0.2450000047683715,0.2748000025749206,0.2833999991416931,0.3000000119209289,0.2931999862194061,0.2718000113964081,0.1879999935626983,0.4829931855201721,0.298510879278183,0.3086543481419089,0.3138743964877716,0.959068477153778,118,0,0,180,0.2094393947668243,303.5029780739232,302.786193680345,0.0008552319701651,326,283,391
Utukuru,14.849812,79.513199,28_515_shc_2025-26.2985,63.0,1.5,124.1,0.45,0.0383000001311302,0.0507999993860721,0.0860000029206276,0.0988000035285949,0.1530999988317489,0.2450000047683715,0.2748000025749206,0.2833999991416931,0.3000000119209289,0.2931999862194061,0.2718000113964081,0.1879999935626983,0.4829931855201721,0.298510879278183,0.3086543481419089,0.3138743964877716,0.959068477153778,118,0,0,180,0.2094393947668243,303.5029780739232,302.786193680345,0.0008552319701651,326,283,391
Budamagunta,14.851277,79.953842,28_515_shc_2025-26.9550,113.0,14.6,434.0,0.14,0.0473428554832935,0.0610272735357284,0.1002499982714653,0.1023999974131584,0.1630499958992004,0.2055166661739349,0.2225333303213119,0.2207999974489212,0.2356750071048736,0.2338999956846237,0.2064500004053115,0.1376333385705948,0.3663366436958313,0.1504493951797485,0.2148827455647709,0.2157434416449427,0.9350090622901917,12,1,90,177,0.1290070048549719,303.56478848373683,302.80227697941297,0.0009670321786282,308,380,311
Brahmeswaram,14.852,79.448,28_515_shc_2025-26.9240,138.0,12.3,175.6,1.07,0.0586000010371208,0.0810500010848045,0.1084500029683113,0.1463499963283538,0.1777999997138977,0.1954499930143356,0.2157000005245208,0.2171999961137771,0.2418500036001205,0.2337999939918518,0.2678500115871429,0.2220000028610229,0.194883793592453,0.0997468307614326,0.119081636733645,0.1230675706192617,1.2331953048706057,111,3,303,189,0.2411667003966214,303.37677450347365,302.686096024095,0.0008299251913727,303,294,403
Musunuru (Part),14.852,79.998,28_515_shc_2025-26.3014,263.0,4.6,391.0,0.24,0.0595499984920024,0.0828000009059906,0.1212000027298927,0.1513999998569488,0.2035000026226043,0.3037000000476837,0.3614000082015991,0.3521000146865845,0.4068000018596649,0.3869499862194061,0.2969000041484833,0.1958000063896179,0.3986097574234009,0.2674586176872253,0.3060384476496579,0.3000000178190266,0.8432263135910034,5,0,0,180,0.1290070048549719,303.56478848373683,302.80227697941297,0.0009670321786282,311,343,346
Vinjamur,14.852046,79.582821,28_515_shc_2025-26.7697,25.0,61.4,124.1,0.47,0.0522000007331371,0.0796499997377395,0.1045999974012374,0.1432500034570694,0.1596000045537948,0.1882999986410141,0.2082999944686889,0.2120500057935714,0.229650005698204,0.2363999933004379,0.261599987745285,0.2155500054359436,0.1936391741037368,0.1411274075508117,0.1166754303360606,0.1206594205408349,1.2336711883544922,102,1,90,177,0.2121756034984923,303.5206118801184,302.81195694103576,0.0008900190266058,305,286,408
Vinjamur,14.853465,79.584973,28_515_shc_2025-26.11738,63.0,15.4,428.3,0.05,0.0421499982476234,0.0443000011146068,0.0701000019907951,0.0561500005424022,0.1202500015497207,0.2226500064134597,0.2549000084400177,0.2660000026226043,0.2852999866008758,0.279449999332428,0.2277999967336654,0.1303000003099441,0.651404619216919,0.3773462772369385,0.4128792399366401,0.3828680920860221,0.8563909530639648,103,2,180,180,0.2121756034984923,303.5206118801184,302.81195694103576,0.0008900190266058,311,284,405
Duttalur,14.855,79.405,28_515_shc_2025-26.1592,88.0,13.5,273.9,0.46,0.063400000333786,0.0568000003695488,0.0850000008940696,0.0952000021934509,0.1518000066280365,0.2406000047922134,0.274399995803833,0.2854000031948089,0.3079999983310699,0.2942000031471252,0.2985000014305115,0.1987999975681305,0.4997372627258301,0.3055809438228607,0.3323780218009267,0.323983647236349,1.0459004640579224,141,4,345,183,0.2411667003966214,303.37677450347365,302.686096024095,0.0008299251913727,306,268,426
Musunuru (Part),14.855828,79.994838,28_515_shc_2025-26.2903,201.0,16.9,577.0,0.2,0.0635249987244606,0.0867333337664604,0.1263999938964843,0.1703999936580658,0.211899995803833,0.2757000029087066,0.3079499900341034,0.3276000022888183,0.3404000103473663,0.3402000069618225,0.3479999899864197,0.2503499984741211,0.315662682056427,0.2144578397274017,0.2312445016757965,0.2362725590218125,1.062270998954773,10,2,0,180,0.1290070048549719,303.56478848373683,302.80227697941297,0.0009670321786282,313,349,338
Vinjamur,14.857814,79.579005,28_515_shc_2025-26.7682,100.0,4.6,304.2,0.09,0.0582999996840953,0.0766000002622604,0.1018000021576881,0.1459999978542328,0.1659999936819076,0.1906999945640564,0.2053000032901764,0.2142000049352646,0.2282000035047531,0.222800001502037,0.2522000074386596,0.2091999948024749,0.189339280128479,0.1267754137516021,0.1124892912957255,0.1189258431641529,1.177404284477234,107,1,134,177,0.2121756034984923,303.5206118801184,302.81195694103576,0.0008900190266058,303,285,413
Utukuru,14.858,79.518,28_515_shc_2025-26.594,88.0,13.1,180.0,0.26,0.0323499999940395,0.0388000011444091,0.0612999983131885,0.1058999970555305,0.1431999951601028,0.1719499975442886,0.1842000037431717,0.183799996972084,0.1924999952316284,0.2060000002384185,0.2557500004768371,0.1963499933481216,0.2688988745212555,0.1241590306162834,0.1274375104845399,0.147967583586868,1.3914581537246704,120,4,76,168,0.2049535450182463,303.4450139497456,302.7371728127463,0.000867134866489,296,304,400
Vinjamur,14.858,79.582,28_515_shc_2025-26.9494,113.0,5.4,415.9,0.23,0.0577000007033348,0.0756999999284744,0.1035500019788742,0.1410000026226043,0.1704500019550323,0.2083999961614608,0.227400004863739,0.2528499960899353,0.257099986076355,0.2460500001907348,0.271699994802475,0.2177000045776367,0.2839913368225097,0.1946609765291214,0.1826301230557463,0.1876992677100763,1.0745501518249512,104,3,314,186,0.2121756034984923,303.5206118801184,302.81195694103576,0.0008900190266058,294,291,415
Brahmanakraka,14.858,79.892,28_515_shc_2025-26.7326,13.0,16.4,63.0,0.7,0.0527249984443187,0.0563615374267101,0.0842999964952468,0.0797400027513504,0.1548222154378891,0.2444200068712234,0.2791666686534881,0.3068000078201294,0.3023000061511993,0.2943499982357025,0.2865000069141388,0.1946333348751068,0.5874165892601013,0.329225480556488,0.4166151499412001,0.3841789468516124,0.933833122253418,20,1,314,183,0.2070471445719401,303.59034615232235,302.7707100249173,0.0009505249496121,324,324,352
Brahmanakraka,14.858,79.892,28_515_shc_2025-26.5623,25.0,14.7,189.6,0.2,0.0527249984443187,0.0563615374267101,0.0842999964952468,0.0797400027513504,0.1548222154378891,0.2444200068712234,0.2791666686534881,0.3068000078201294,0.3023000061511993,0.2943499982357025,0.2865000069141388,0.1946333348751068,0.5874165892601013,0.329225480556488,0.4166151499412001,0.3841789468516124,0.933833122253418,20,1,314,183,0.2070471445719401,303.59034615232235,302.7707100249173,0.0009505249496121,324,324,352
Brahmanakraka,14.858,79.892,28_515_shc_2025-26.2514,50.0,18.2,182.6,0.26,0.0527249984443187,0.0563615374267101,0.0842999964952468,0.0797400027513504,0.1548222154378891,0.2444200068712234,0.2791666686534881,0.3068000078201294,0.3023000061511993,0.2943499982357025,0.2865000069141388,0.1946333348751068,0.5874165892601013,0.329225480556488,0.4166151499412001,0.3841789468516124,0.933833122253418,20,1,314,183,0.2070471445719401,303.59034615232235,302.7707100249173,0.0009505249496121,324,324,352
Brahmanakraka,14.858,79.892,28_515_shc_2025-26.6045,125.0,5.9,140.5,0.26,0.0527249984443187,0.0563615374267101,0.0842999964952468,0.0797400027513504,0.1548222154378891,0.2444200068712234,0.2791666686534881,0.3068000078201294,0.3023000061511993,0.2943499982357025,0.2865000069141388,0.1946333348751068,0.5874165892601013,0.329225480556488,0.4166151499412001,0.3841789468516124,0.933833122253418,20,1,314,183,0.2070471445719401,303.59034615232235,302.7707100249173,0.0009505249496121,324,324,352
Brahmanakraka,14.858,79.892,28_515_shc_2025-26.7354,263.0,18.8,42.1,0.42,0.0527249984443187,0.0563615374267101,0.0842999964952468,0.0797400027513504,0.1548222154378891,0.2444200068712234,0.2791666686534881,0.3068000078201294,0.3023000061511993,0.2943499982357025,0.2865000069141388,0.1946333348751068,0.5874165892601013,0.329225480556488,0.4166151499412001,0.3841789468516124,0.933833122253418,20,1,314,183,0.2070471445719401,303.59034615232235,302.7707100249173,0.0009505249496121,324,324,352
Musunuru (Part),14.858,79.988,28_515_shc_2025-26.787,238.0,1.5,509.0,0.17,0.0490833334624767,0.0681400001049041,0.1039599999785423,0.1104499995708465,0.1780666708946228,0.260450005531311,0.2912999987602234,0.2992999851703644,0.3264999985694885,0.3152500092983246,0.2797499895095825,0.1871999949216842,0.4608907699584961,0.2539626657962799,0.3253902408202063,0.3113767333338924,0.9346809387207032,9,2,90,174,0.1290070048549719,303.56478848373683,302.80227697941297,0.0009670321786282,317,333,349
Thallapalem,14.858,80.022,28_515_shc_2025-26.844,213.0,14.6,267.0,0.64,0.0515000000596046,0.0843999981880188,0.1340000033378601,0.1674000024795532,0.2152999937534332,0.2939000129699707,0.3251000046730041,0.3524999916553497,0.356000006198883,0.3495000004768371,0.3508000075817108,0.2485000044107437,0.3560299873352051,0.2416343837976455,0.2684320247914382,0.2722325574667763,0.9951773285865784,8,2,296,186,0.1290070048549719,303.56478848373683,302.80227697941297,0.0009670321786282,323,342,335
Musunuru (Part),14.858254,79.995889,28_515_shc_2025-26.2925,251.0,20.0,521.0,0.22,0.0699750036001205,0.0897499993443489,0.1280999928712844,0.1679500043392181,0.2169999927282333,0.3017333447933197,0.3411000072956085,0.3356499969959259,0.3817000091075897,0.3741500079631805,0.3406000137329101,0.2366999983787536,0.333002358675003,0.2146928608417511,0.2510140697368756,0.2506476570849053,1.0147475004196167,8,4,345,183,0.1290070048549719,303.56478848373683,302.80227697941297,0.0009670321786282,320,346,334
Musunuru (Part),14.858254,79.995889,28_515_shc_2025-26.2967,188.0,20.7,335.0,0.2,0.0699750036001205,0.0897499993443489,0.1280999928712844,0.1679500043392181,0.2169999927282333,0.3017333447933197,0.3411000072956085,0.3356499969959259,0.3817000091075897,0.3741500079631805,0.3406000137329101,0.2366999983787536,0.333002358675003,0.2146928608417511,0.2510140697368756,0.2506476570849053,1.0147475004196167,8,4,345,183,0.1290070048549719,303.56478848373683,302.80227697941297,0.0009670321786282,320,346,334
Vinjamur,14.858571,79.576755,28_515_shc_2025-26.7676,176.0,7.7,254.5,0.47,0.0595000013709068,0.0732999965548515,0.1023499965667724,0.1413999944925308,0.1736499965190887,0.1899500042200088,0.2044499963521957,0.2116000056266784,0.229200005531311,0.2199500054121017,0.2546499967575073,0.210449993610382,0.1988668888807296,0.0985074862837791,0.1162059447236676,0.1234466784132537,1.203449845314026,108,2,296,186,0.2121756034984923,303.5206118801184,302.81195694103576,0.0008900190266058,312,276,412
Utukuru,14.858843,79.517073,28_515_shc_2025-26.3066,75.0,5.4,93.1,0.05,0.0351999998092651,0.0470499992370605,0.0707499980926513,0.1266999989748001,0.1754000037908554,0.2035000026226043,0.2204499989748001,0.2107499986886978,0.2416500002145767,0.2222999930381775,0.3263500034809112,0.2538000047206878,0.2490739375352859,0.0915447250008583,0.1298611000792681,0.1505463011792922,1.5485172271728516,120,1,180,180,0.2049535450182463,303.4450139497456,302.7371728127463,0.000867134866489,297,310,394
Ravipadu,14.859327,79.576657,28_515_shc_2025-26.6077,151.0,16.1,80.7,0.21,0.060199998319149,0.0754000023007392,0.1010999977588653,0.1398999989032745,0.1662999987602234,0.182899996638298,0.1976000070571899,0.1990000009536743,0.2211000025272369,0.2151000052690506,0.2547000050544739,0.212799996137619,0.1743877381086349,0.0895154699683189,0.1003123140887828,0.1056741007160763,1.2798994779586792,107,1,180,180,0.2121756034984923,303.5206118801184,302.81195694103576,0.0008900190266058,308,281,411
Vinjamur,14.859327,79.576657,28_515_shc_2025-26.7681,75.0,3.1,55.9,0.41,0.060199998319149,0.0754000023007392,0.1010999977588653,0.1398999989032745,0.1662999987602234,0.182899996638298,0.1976000070571899,0.1990000009536743,0.2211000025272369,0.2151000052690506,0.2547000050544739,0.212799996137619,0.1743877381086349,0.0895154699683189,0.1003123140887828,0.1056741007160763,1.2798994779586792,107,1,180,180,0.2121756034984923,303.5206118801184,302.81195694103576,0.0008900190266058,308,281,411
Vinjamur,14.859421,79.574798,28_515_shc_2025-26.3040,88.0,1.5,143.0,0.09,0.0605500005185604,0.0780500024557113,0.1027999967336654,0.1429499983787536,0.1656499952077865,0.1789499968290329,0.1944999992847442,0.2001499980688095,0.2184499949216842,0.2268999963998794,0.2552500069141388,0.215049996972084,0.1667152494192123,0.094313845038414,0.0971154023980246,0.1017672872691325,1.2752935886383057,110,4,256,192,0.2121756034984923,303.5206118801184,302.81195694103576,0.0008900190266058,301,294,405
Musunuru (Part),14.860184,79.997782,28_515_shc_2025-26.2910,301.0,139.0,366.0,0.16,0.0615999996662139,0.0864999964833259,0.1280000060796737,0.148399993777275,0.2119999974966049,0.3048999905586242,0.3488000035285949,0.3510999977588653,0.3905999958515167,0.3901000022888183,0.3237999975681305,0.2197999954223632,0.4058058261871338,0.2470254004001617,0.3181604232644583,0.3042021096019103,0.9222443699836732,6,1,90,177,0.1290070048549719,303.56478848373683,302.80227697941297,0.0009670321786282,324,350,326
Musunuru (Part),14.860184,79.997782,28_515_shc_2025-26.2865,226.0,0.8,354.0,0.25,0.0615999996662139,0.0864999964833259,0.1280000060796737,0.148399993777275,0.2119999974966049,0.3048999905586242,0.3488000035285949,0.3510999977588653,0.3905999958515167,0.3901000022888183,0.3237999975681305,0.2197999954223632,0.4058058261871338,0.2470254004001617,0.3181604232644583,0.3042021096019103,0.9222443699836732,6,1,90,177,0.1290070048549719,303.56478848373683,302.80227697941297,0.0009670321786282,324,350,326
Duttalur,14.860562,79.407346,28_515_shc_2025-26.10260,188.0,12.3,316.0,0.65,0.0524999983608722,0.0533000007271766,0.0820000022649765,0.1178999990224838,0.1560000032186508,0.1914999932050705,0.2089000046253204,0.2152999937534332,0.2252999991178512,0.2327000051736831,0.2689999938011169,0.2113000005483627,0.2923169136047363,0.1597091108560562,0.1598870544902116,0.1753480477234192,1.2494194507598877,135,2,333,183,0.2411667003966214,303.37677450347365,302.686096024095,0.0008299251913727,318,269,414
Duttalur,14.860562,79.407346,28_515_shc_2025-26.10259,13.0,14.1,344.1,0.85,0.0524999983608722,0.0533000007271766,0.0820000022649765,0.1178999990224838,0.1560000032186508,0.1914999932050705,0.2089000046253204,0.2152999937534332,0.2252999991178512,0.2327000051736831,0.2689999938011169,0.2113000005483627,0.2923169136047363,0.1597091108560562,0.1598870544902116,0.1753480477234192,1.2494194507598877,135,2,333,183,0.2411667003966214,303.37677450347365,302.686096024095,0.0008299251913727,318,269,414
Duttalur,14.860562,79.407346,28_515_shc_2025-26.8458,213.0,9.4,217.7,0.58,0.0524999983608722,0.0533000007271766,0.0820000022649765,0.1178999990224838,0.1560000032186508,0.1914999932050705,0.2089000046253204,0.2152999937534332,0.2252999991178512,0.2327000051736831,0.2689999938011169,0.2113000005483627,0.2923169136047363,0.1597091108560562,0.1598870544902116,0.1753480477234192,1.2494194507598877,135,2,333,183,0.2411667003966214,303.37677450347365,302.686096024095,0.0008299251913727,318,269,414
Vinjamur,14.861029,79.572352,28_515_shc_2025-26.3057,151.0,12.3,366.0,0.16,0.0564999990165233,0.0751999989151954,0.1023999974131584,0.132200002670288,0.152999997138977,0.1987999975681305,0.2162999957799911,0.2427999973297119,0.2425000071525573,0.2567999958992004,0.2506999969482422,0.2142000049352646,0.2949333190917969,0.2268822640180587,0.1878396621007877,0.1895999908447265,1.0325371026992798,106,1,270,183,0.2121756034984923,303.5206118801184,302.81195694103576,0.0008900190266058,298,296,406
Vinjamur,14.861218,79.582038,28_515_shc_2025-26.8676,125.0,0.8,279.3,0.21,0.0511000007390975,0.0719999969005584,0.0979000031948089,0.1431999951601028,0.1700000017881393,0.2071000039577484,0.2305999994277954,0.238999992609024,0.2662999927997589,0.2606000006198883,0.304500013589859,0.2354000061750412,0.2506541013717651,0.1687041372060775,0.1537029878377662,0.1628882318812594,1.2740586996078491,105,1,270,183,0.2121756034984923,303.5206118801184,302.81195694103576,0.0008900190266058,301,292,407
Somalaregada,14.861701,79.365534,28_515_shc_2025-26.7292,125.0,12.9,252.8,0.65,0.0384999997913837,0.0460000000894069,0.0719000026583671,0.063400000333786,0.1289999932050705,0.2143000066280365,0.2380000054836273,0.2466000020503997,0.2723999917507171,0.2815999984741211,0.2529999911785126,0.1614000052213668,0.5909677147865295,0.313099056482315,0.3572542925765203,0.3392592614395846,1.025952935218811,145,1,180,180,0.2411667003966214,303.37677450347365,302.686096024095,0.0008299251913727,357,260,383
Vinjamur,14.862,79.572,28_515_shc_2025-26.2793,13.0,0.8,186.2,0.26,0.0586000010371208,0.0763999968767166,0.1009000018239021,0.1340000033378601,0.1534000039100647,0.2108000069856643,0.2379000037908554,0.2425999939441681,0.2619000077247619,0.2603000104427337,0.2486000061035156,0.2031999975442886,0.2883695960044861,0.2252524942159652,0.1842426503975572,0.1858316066786984,1.0247321128845217,109,1,270,183,0.2121756034984923,303.5206118801184,302.81195694103576,0.0008900190266058,298,296,406
Musunuru (Part),14.862,79.992,28_515_shc_2025-26.6148,226.0,10.8,621.0,0.58,0.0697666630148887,0.0902749970555305,0.1238500028848648,0.1657333374023437,0.2211000025272369,0.2935666739940643,0.3312000036239624,0.3454999923706054,0.3747000098228454,0.3649333417415619,0.3164499998092651,0.2311999946832656,0.3516332805156708,0.2195552289485931,0.2702709235963905,0.2666545638017456,0.9159190058708192,8,1,226,183,0.1290070048549719,303.56478848373683,302.80227697941297,0.0009670321786282,326,336,338
Musunuru (Part),14.862,79.998,28_515_shc_2025-26.751,276.0,1.5,323.0,0.1,0.0560000017285347,0.0798999965190887,0.1190999969840049,0.1356499940156936,0.193800002336502,0.3000000119209289,0.3314999938011169,0.353300005197525,0.3692499995231628,0.357149988412857,0.2774499952793121,0.1661500036716461,0.4451375603675842,0.291537195444107,0.3470295797387848,0.3301228747990106,0.785309910774231,8,0,0,180,0.1290070048549719,303.56478848373683,302.80227697941297,0.0009670321786282,328,346,325
Musunuru (Part),14.862,79.998,28_515_shc_2025-26.2978,238.0,10.0,348.0,0.1,0.0560000017285347,0.0798999965190887,0.1190999969840049,0.1356499940156936,0.193800002336502,0.3000000119209289,0.3314999938011169,0.353300005197525,0.3692499995231628,0.357149988412857,0.2774499952793121,0.1661500036716461,0.4451375603675842,0.291537195444107,0.3470295797387848,0.3301228747990106,0.785309910774231,8,0,0,180,0.1290070048549719,303.56478848373683,302.80227697941297,0.0009670321786282,328,346,325
Musunuru (Part),14.862,79.998,28_515_shc_2025-26.2862,251.0,2.3,459.0,0.12,0.0560000017285347,0.0798999965190887,0.1190999969840049,0.1356499940156936,0.193800002336502,0.3000000119209289,0.3314999938011169,0.353300005197525,0.3692499995231628,0.357149988412857,0.2774499952793121,0.1661500036716461,0.4451375603675842,0.291537195444107,0.3470295797387848,0.3301228747990106,0.785309910774231,8,0,0,180,0.1290070048549719,303.56478848373683,302.80227697941297,0.0009670321786282,328,346,325
Musunuru (Part),14.862,80.002,28_515_shc_2025-26.759,238.0,2.3,323.0,0.1,0.062899999320507,0.0623000003397464,0.0879999995231628,0.0929000005125999,0.1781000047922134,0.2775500118732452,0.3253499865531921,0.3311499953269958,0.3546999990940094,0.3711000084877014,0.2860000133514404,0.2076999992132187,0.5618441104888916,0.3005400002002716,0.4190705612982819,0.3867485458910493,0.8636569976806641,9,1,270,183,0.1290070048549719,303.56478848373683,302.80227697941297,0.0009670321786282,312,355,333
Musunuru (Part),14.862,80.002,28_515_shc_2025-26.2870,276.0,7.7,391.0,0.18,0.062899999320507,0.0623000003397464,0.0879999995231628,0.0929000005125999,0.1781000047922134,0.2775500118732452,0.3253499865531921,0.3311499953269958,0.3546999990940094,0.3711000084877014,0.2860000133514404,0.2076999992132187,0.5618441104888916,0.3005400002002716,0.4190705612982819,0.3867485458910493,0.8636569976806641,9,1,270,183,0.1290070048549719,303.56478848373683,302.80227697941297,0.0009670321786282,312,355,333
Vinjamur,14.863865,79.574798,28_515_shc_2025-26.2784,125.0,9.2,86.9,0.24,0.0639000013470649,0.0803999975323677,0.1106000021100044,0.1521999984979629,0.1796000003814697,0.193800002336502,0.2084999978542328,0.2117999941110611,0.2326000034809112,0.2347999960184097,0.2630999982357025,0.2134999930858612,0.1637362539768219,0.0822687670588493,0.0978974958473844,0.1034722154912128,1.2422096729278564,109,2,90,174,0.2121756034984923,303.5206118801184,302.81195694103576,0.0008900190266058,310,280,410
Vinjamur,14.864338,79.577831,28_515_shc_2025-26.6091,63.0,13.8,199.0,0.09,0.0549999997019767,0.0732000023126602,0.099600002169609,0.1485999971628189,0.1808000057935714,0.2049999982118606,0.2269999980926513,0.2371000051498413,0.2653999924659729,0.2596000134944916,0.3061999976634979,0.2355999946594238,0.2294529676437378,0.1347212195396423,0.1400582541367384,0.1498814628360717,1.2914382219314575,110,2,90,174,0.2121756034984923,303.5206118801184,302.81195694103576,0.0008900190266058,302,286,412
Musunuru (Part),14.868,79.988,28_515_shc_2025-26.6149,213.0,0.8,565.0,0.21,0.0644333362579345,0.0728750005364418,0.1045714318752288,0.1200499981641769,0.1775375008583068,0.2628666758537292,0.2958000004291534,0.3016499876976013,0.3190999925136566,0.3088666796684265,0.2956500053405761,0.2028000056743621,0.4306378960609436,0.2590061128139496,0.3077157575529886,0.2955408359320369,0.980109453201294,9,3,134,174,0.1290070048549719,303.56478848373683,302.80227697941297,0.0009670321786282,313,337,350
Musunuru (Part),14.868,79.998,28_515_shc_2025-26.2958,289.0,10.0,335.0,0.1,0.064699999988079,0.0835999995470047,0.121799997985363,0.1411000043153762,0.192900002002716,0.2973499894142151,0.3328500092029571,0.3425000011920929,0.3700000047683716,0.3657000064849853,0.3055999875068664,0.2098000049591064,0.416459858417511,0.2794172465801239,0.3223225032756011,0.3071370410975266,0.8922627568244934,9,2,153,177,0.1290070048549719,303.56478848373683,302.80227697941297,0.0009670321786282,319,341,340
Musunuru (Part),14.868,79.998,28_515_shc_2025-26.3000,301.0,1.5,391.0,0.13,0.064699999988079,0.0835999995470047,0.121799997985363,0.1411000043153762,0.192900002002716,0.2973499894142151,0.3328500092029571,0.3425000011920929,0.3700000047683716,0.3657000064849853,0.3055999875068664,0.2098000049591064,0.416459858417511,0.2794172465801239,0.3223225032756011,0.3071370410975266,0.8922627568244934,9,2,153,177,0.1290070048549719,303.56478848373683,302.80227697941297,0.0009670321786282,319,341,340
Musunuru (Part),14.870078,80.003037,28_515_shc_2025-26.777,176.0,1.5,621.0,0.14,0.0494000017642974,0.0617999993264675,0.0958999991416931,0.0923999994993209,0.1598999947309494,0.2858000099658966,0.3300999999046325,0.3118000030517578,0.3598999977111816,0.328249990940094,0.2247000038623809,0.1335999965667724,0.5428006052970886,0.3220267295837402,0.3910315868590237,0.3639681535060206,0.7206542491912842,8,3,314,186,0.1290070048549719,303.56478848373683,302.80227697941297,0.0009670321786282,324,334,342
Ravipadu,14.872,79.542,28_515_shc_2025-26.8570,63.0,26.1,155.2,0.45,0.0535000003874301,0.0575000010430812,0.0881000012159347,0.1181999966502189,0.1666000038385391,0.2072000056505203,0.2320999950170517,0.2572999894618988,0.257999986410141,0.246299996972084,0.3086999952793121,0.2414000034332275,0.3704394102096557,0.2139655202627182,0.2265103343043567,0.2383209509163827,1.1997668743133545,103,3,46,174,0.2049535450182463,303.4450139497456,302.7371728127463,0.000867134866489,294,300,406
Ravipadu,14.872,79.542,28_515_shc_2025-26.8679,63.0,9.2,595.9,0.23,0.0535000003874301,0.0575000010430812,0.0881000012159347,0.1181999966502189,0.1666000038385391,0.2072000056505203,0.2320999950170517,0.2572999894618988,0.257999986410141,0.246299996972084,0.3086999952793121,0.2414000034332275,0.3704394102096557,0.2139655202627182,0.2265103343043567,0.2383209509163827,1.1997668743133545,103,3,46,174,0.2049535450182463,303.4450139497456,302.7371728127463,0.000867134866489,294,300,406
Ravipadu,14.872,79.542,28_515_shc_2025-26.8682,38.0,27.6,465.5,0.27,0.0535000003874301,0.0575000010430812,0.0881000012159347,0.1181999966502189,0.1666000038385391,0.2072000056505203,0.2320999950170517,0.2572999894618988,0.257999986410141,0.246299996972084,0.3086999952793121,0.2414000034332275,0.3704394102096557,0.2139655202627182,0.2265103343043567,0.2383209509163827,1.1997668743133545,103,3,46,174,0.2049535450182463,303.4450139497456,302.7371728127463,0.000867134866489,294,300,406
Jaladanki,14.875,79.915,28_515_shc_2025-26.6020,151.0,11.2,77.3,0.53,0.0565750002861022,0.0665971413254737,0.100550003349781,0.1187999993562698,0.1732857078313827,0.2415499985218048,0.2677249908447265,0.2638599872589111,0.2999285757541656,0.302233338356018,0.282966673374176,0.2017499953508377,0.3790832459926605,0.2071947157382965,0.2455013067442177,0.2465161955379609,1.0724122524261477,15,3,72,171,0.2070471445719401,303.59034615232235,302.7707100249173,0.0009505249496121,321,323,355
Jaladanki,14.875,79.915,28_515_shc_2025-26.11267,100.0,14.7,119.4,0.5,0.0565750002861022,0.0665971413254737,0.100550003349781,0.1187999993562698,0.1732857078313827,0.2415499985218048,0.2677249908447265,0.2638599872589111,0.2999285757541656,0.302233338356018,0.282966673374176,0.2017499953508377,0.3790832459926605,0.2071947157382965,0.2455013067442177,0.2465161955379609,1.0724122524261477,15,3,72,171,0.2070471445719401,303.59034615232235,302.7707100249173,0.0009505249496121,321,323,355
Jaladanki,14.876282,79.90194,28_515_shc_2025-26.11357,25.0,19.4,126.4,0.75,0.0456500016152858,0.0619000010192394,0.0944000035524368,0.0888999998569488,0.1606999933719635,0.2694999873638153,0.3080500066280365,0.3310750126838684,0.3366000056266784,0.3309000134468078,0.2364999949932098,0.1431500017642974,0.5766414999961853,0.3464491367340088,0.4323858881675291,0.3948612889355646,0.7143396139144897,14,1,314,183,0.2070471445719401,303.59034615232235,302.7707100249173,0.0009505249496121,306,332,361
Annavaram,14.878,79.818,28_515_shc_2025-26.138,276.0,8.18,316.0,0.88,0.0869999974966049,0.1044749990105629,0.140033334493637,0.1835500001907348,0.2368000000715255,0.2702000141143799,0.2930999994277954,0.3052000105381012,0.3181999921798706,0.3024750053882599,0.3797500133514404,0.3203166723251343,0.2489002645015716,0.1261992752552032,0.1873917031855004,0.1845512147064776,1.2442660331726074,38,2,116,174,0.2695965014005962,303.6170174448114,302.89680223297654,0.0009354052344799,295,344,360
Jaladanki,14.878,79.908,28_515_shc_2025-26.5765,38.0,14.7,316.0,0.82,0.0675500035285949,0.0929333344101905,0.1339499950408935,0.1555500030517578,0.193900004029274,0.2660666704177856,0.3044750094413757,0.329066663980484,0.3374499976634979,0.3499000072479248,0.2768999934196472,0.1946000009775161,0.3580493032932281,0.2584613263607025,0.2771182365559582,0.2643414438408714,0.8414708375930786,17,2,180,180,0.2070471445719401,303.59034615232235,302.7707100249173,0.0009505249496121,305,332,363
Jaladanki,14.878,79.908,28_515_shc_2025-26.5756,75.0,14.7,224.7,0.46,0.0675500035285949,0.0929333344101905,0.1339499950408935,0.1555500030517578,0.193900004029274,0.2660666704177856,0.3044750094413757,0.329066663980484,0.3374499976634979,0.3499000072479248,0.2768999934196472,0.1946000009775161,0.3580493032932281,0.2584613263607025,0.2771182365559582,0.2643414438408714,0.8414708375930786,17,2,180,180,0.2070471445719401,303.59034615232235,302.7707100249173,0.0009505249496121,305,332,363
Jaladanki,14.878,79.908,28_515_shc_2025-26.5743,28.0,60.5,77.3,0.28,0.0675500035285949,0.0929333344101905,0.1339499950408935,0.1555500030517578,0.193900004029274,0.2660666704177856,0.3044750094413757,0.329066663980484,0.3374499976634979,0.3499000072479248,0.2768999934196472,0.1946000009775161,0.3580493032932281,0.2584613263607025,0.2771182365559582,0.2643414438408714,0.8414708375930786,17,2,180,180,0.2070471445719401,303.59034615232235,302.7707100249173,0.0009505249496121,305,332,363
Jaladanki,14.878,79.908,28_515_shc_2025-26.6027,289.0,12.3,105.3,0.82,0.0675500035285949,0.0929333344101905,0.1339499950408935,0.1555500030517578,0.193900004029274,0.2660666704177856,0.3044750094413757,0.329066663980484,0.3374499976634979,0.3499000072479248,0.2768999934196472,0.1946000009775161,0.3580493032932281,0.2584613263607025,0.2771182365559582,0.2643414438408714,0.8414708375930786,17,2,180,180,0.2070471445719401,303.59034615232235,302.7707100249173,0.0009505249496121,305,332,363
Jaladanki,14.878,79.908,28_515_shc_2025-26.2507,38.0,94.0,91.3,0.32,0.0675500035285949,0.0929333344101905,0.1339499950408935,0.1555500030517578,0.193900004029274,0.2660666704177856,0.3044750094413757,0.329066663980484,0.3374499976634979,0.3499000072479248,0.2768999934196472,0.1946000009775161,0.3580493032932281,0.2584613263607025,0.2771182365559582,0.2643414438408714,0.8414708375930786,17,2,180,180,0.2070471445719401,303.59034615232235,302.7707100249173,0.0009505249496121,305,332,363
Thallapalem,14.878,80.032,28_515_shc_2025-26.503,226.0,38.4,621.0,0.38,0.0533999986946582,0.0803999975323677,0.1255999952554702,0.1448999941349029,0.2186000049114227,0.3041999936103821,0.3452000021934509,0.3650000095367431,0.4023000001907348,0.3783999979496002,0.3233999907970428,0.1983000040054321,0.4316532909870147,0.2508567571640014,0.3372870178466685,0.3269135774853444,0.8860273361206055,3,2,180,180,0.1290070048549719,303.56478848373683,302.80227697941297,0.0009670321786282,318,370,312
Annavaram,14.882,79.848,28_515_shc_2025-26.11467,125.0,11.7,126.4,0.35,0.0555250011384487,0.0727500021457672,0.1047666668891906,0.1292999982833862,0.1713999956846237,0.2572000026702881,0.294050008058548,0.3015333414077759,0.3231500089168548,0.3136666715145111,0.3346000015735626,0.2306499928236007,0.3997679054737091,0.2751621305942535,0.2811131555467221,0.2775470147774267,1.1096616983413696,28,3,314,186,0.2695965014005962,303.6170174448114,302.89680223297654,0.0009354052344799,307,342,351
Annavaram,14.882,79.848,28_515_shc_2025-26.11481,113.0,20.0,161.5,0.8,0.0555250011384487,0.0727500021457672,0.1047666668891906,0.1292999982833862,0.1713999956846237,0.2572000026702881,0.294050008058548,0.3015333414077759,0.3231500089168548,0.3136666715145111,0.3346000015735626,0.2306499928236007,0.3997679054737091,0.2751621305942535,0.2811131555467221,0.2775470147774267,1.1096616983413696,28,3,314,186,0.2695965014005962,303.6170174448114,302.89680223297654,0.0009354052344799,307,342,351
Jaladanki,14.882,79.902,28_515_shc_2025-26.11256,138.0,55.2,119.4,0.19,0.0546999983489513,0.0741999968886375,0.1138999983668327,0.1406999975442886,0.1935999989509582,0.2603000104427337,0.2922999858856201,0.2946999967098236,0.3244000077247619,0.3198499977588653,0.3027999997138977,0.2439000010490417,0.3536977469921112,0.2070448398590088,0.24330131232414,0.2469531752910708,1.0274856090545654,17,1,46,177,0.2070471445719401,303.59034615232235,302.7707100249173,0.0009505249496121,305,335,360
Jaladanki,14.882,79.902,28_515_shc_2025-26.7382,100.0,36.42,98.3,0.52,0.0546999983489513,0.0741999968886375,0.1138999983668327,0.1406999975442886,0.1935999989509582,0.2603000104427337,0.2922999858856201,0.2946999967098236,0.3244000077247619,0.3198499977588653,0.3027999997138977,0.2439000010490417,0.3536977469921112,0.2070448398590088,0.24330131232414,0.2469531752910708,1.0274856090545654,17,1,46,177,0.2070471445719401,303.59034615232235,302.7707100249173,0.0009505249496121,305,335,360
Jaladanki,14.882,79.908,28_515_shc_2025-26.10665,401.0,56.4,189.6,0.75,0.0630333349108696,0.0746499970555305,0.1070000007748603,0.1218999996781349,0.1786500066518783,0.2685999870300293,0.3056249916553497,0.3173333406448364,0.3413000106811523,0.3219999969005584,0.3305000066757202,0.2155500054359436,0.4449419677257538,0.2796128690242767,0.3281597264599137,0.312116274906987,1.0414916276931765,12,5,226,192,0.2070471445719401,303.59034615232235,302.7707100249173,0.0009505249496121,305,331,364
Jaladanki,14.882,79.912,28_515_shc_2025-26.11261,163.0,14.7,56.2,0.15,0.0663375034928321,0.1074249967932701,0.1395428627729416,0.1571428626775741,0.1808333396911621,0.2547999918460846,0.2824999988079071,0.2854999899864197,0.3025749921798706,0.3269000053405761,0.2973999977111816,0.2263499945402145,0.2899789810180664,0.2244459986686706,0.2255567968479251,0.2042509423575907,1.0416812896728516,19,1,46,177,0.2070471445719401,303.59034615232235,302.7707100249173,0.0009505249496121,303,342,355
Jaladanki,14.882,79.912,28_515_shc_2025-26.11258,138.0,63.4,407.3,0.66,0.0663375034928321,0.1074249967932701,0.1395428627729416,0.1571428626775741,0.1808333396911621,0.2547999918460846,0.2824999988079071,0.2854999899864197,0.3025749921798706,0.3269000053405761,0.2973999977111816,0.2263499945402145,0.2899789810180664,0.2244459986686706,0.2255567968479251,0.2042509423575907,1.0416812896728516,19,1,46,177,0.2070471445719401,303.59034615232235,302.7707100249173,0.0009505249496121,303,342,355
Jaladanki,14.882379,79.903968,28_515_shc_2025-26.10677,125.0,15.3,70.2,0.63,0.065600000321865,0.0773999989032745,0.1149249970912933,0.1521999984979629,0.1784833371639251,0.2532750070095062,0.2879000008106231,0.2994000017642975,0.3236666619777679,0.3066999912261963,0.3301999866962433,0.2314999997615814,0.3259521722793579,0.2530255019664764,0.2254763849919916,0.2320302699019014,1.102872371673584,22,3,57,171,0.2070471445719401,303.59034615232235,302.7707100249173,0.0009505249496121,313,330,357
Jaladanki,14.883686,79.907462,28_515_shc_2025-26.10676,138.0,20.6,70.2,0.97,0.0696600005030632,0.0605291649699211,0.0949499979615211,0.1095416694879531,0.1745249927043914,0.2662000060081482,0.306300014257431,0.3192000091075897,0.3293249905109405,0.3008500039577484,0.320437490940094,0.2398000061511993,0.4890085458755493,0.2930275201797485,0.3442707985433943,0.3386167722170362,1.003876805305481,19,3,226,186,0.2070471445719401,303.59034615232235,302.7707100249173,0.0009505249496121,312,332,356
Jaladanki,14.883686,79.907462,28_515_shc_2025-26.10680,63.0,5.9,98.3,0.83,0.0696600005030632,0.0605291649699211,0.0949499979615211,0.1095416694879531,0.1745249927043914,0.2662000060081482,0.306300014257431,0.3192000091075897,0.3293249905109405,0.3008500039577484,0.320437490940094,0.2398000061511993,0.4890085458755493,0.2930275201797485,0.3442707985433943,0.3386167722170362,1.003876805305481,19,3,226,186,0.2070471445719401,303.59034615232235,302.7707100249173,0.0009505249496121,312,332,356
Budamagunta,14.884256,79.957311,28_515_shc_2025-26.10489,135.0,8.4,521.0,0.3,0.0522333346307277,0.0799777805805206,0.1155799999833107,0.1398500055074691,0.187416672706604,0.2512333393096924,0.2828199863433838,0.2852333188056946,0.3158749938011169,0.3126850128173828,0.3109250068664551,0.2325250059366226,0.3420113325119018,0.2069536596536636,0.238411468574878,0.2357354891347217,1.090072512626648,13,2,90,174,0.1290070048549719,303.56478848373683,302.80227697941297,0.0009670321786282,314,357,329
Budamagunta,14.884256,79.957311,28_515_shc_2025-26.2892,226.0,23.0,416.0,0.41,0.0522333346307277,0.0799777805805206,0.1155799999833107,0.1398500055074691,0.187416672706604,0.2512333393096924,0.2828199863433838,0.2852333188056946,0.3158749938011169,0.3126850128173828,0.3109250068664551,0.2325250059366226,0.3420113325119018,0.2069536596536636,0.238411468574878,0.2357354891347217,1.090072512626648,13,2,90,174,0.1290070048549719,303.56478848373683,302.80227697941297,0.0009670321786282,314,357,329
Budamagunta,14.884256,79.957311,28_515_shc_2025-26.10457,226.0,0.8,621.0,0.35,0.0522333346307277,0.0799777805805206,0.1155799999833107,0.1398500055074691,0.187416672706604,0.2512333393096924,0.2828199863433838,0.2852333188056946,0.3158749938011169,0.3126850128173828,0.3109250068664551,0.2325250059366226,0.3420113325119018,0.2069536596536636,0.238411468574878,0.2357354891347217,1.090072512626648,13,2,90,174,0.1290070048549719,303.56478848373683,302.80227697941297,0.0009670321786282,314,357,329
Budamagunta,14.884256,79.957311,28_515_shc_2025-26.10482,226.0,16.1,577.0,0.46,0.0522333346307277,0.0799777805805206,0.1155799999833107,0.1398500055074691,0.187416672706604,0.2512333393096924,0.2828199863433838,0.2852333188056946,0.3158749938011169,0.3126850128173828,0.3109250068664551,0.2325250059366226,0.3420113325119018,0.2069536596536636,0.238411468574878,0.2357354891347217,1.090072512626648,13,2,90,174,0.1290070048549719,303.56478848373683,302.80227697941297,0.0009670321786282,314,357,329
Budamagunta,14.884256,79.957311,28_515_shc_2025-26.10491,213.0,16.1,403.0,0.62,0.0522333346307277,0.0799777805805206,0.1155799999833107,0.1398500055074691,0.187416672706604,0.2512333393096924,0.2828199863433838,0.2852333188056946,0.3158749938011169,0.3126850128173828,0.3109250068664551,0.2325250059366226,0.3420113325119018,0.2069536596536636,0.238411468574878,0.2357354891347217,1.090072512626648,13,2,90,174,0.1290070048549719,303.56478848373683,302.80227697941297,0.0009670321786282,314,357,329
Budamagunta,14.884256,79.957311,28_515_shc_2025-26.10512,226.0,1.5,527.0,0.08,0.0522333346307277,0.0799777805805206,0.1155799999833107,0.1398500055074691,0.187416672706604,0.2512333393096924,0.2828199863433838,0.2852333188056946,0.3158749938011169,0.3126850128173828,0.3109250068664551,0.2325250059366226,0.3420113325119018,0.2069536596536636,0.238411468574878,0.2357354891347217,1.090072512626648,13,2,90,174,0.1290070048549719,303.56478848373683,302.80227697941297,0.0009670321786282,314,357,329
Jaladanki,14.88619,79.899235,28_515_shc_2025-26.11442,188.0,6.5,35.1,0.63,0.0537916682660579,0.0768499970436096,0.1115500032901763,0.146475002169609,0.1813499927520752,0.2621499896049499,0.29585000872612,0.324999988079071,0.3363249897956848,0.3119249939918518,0.3376500010490417,0.2383999973535537,0.3786520659923553,0.2836970388889313,0.2742361378161109,0.2756504094826406,1.0389231443405151,18,1,270,183,0.2070471445719401,303.59034615232235,302.7707100249173,0.0009505249496121,307,348,345
Jaladanki,14.886735,79.907462,28_515_shc_2025-26.7429,113.0,19.4,63.2,0.58,0.0827500000596046,0.0810000002384185,0.1103999987244606,0.1315833330154419,0.1682000011205673,0.2383999973535537,0.2587999999523163,0.2614000141620636,0.2827999889850616,0.2791500091552734,0.2913999855518341,0.2228499948978424,0.330336332321167,0.2169460207223892,0.2248452961848371,0.2180612016286855,1.1147664785385132,20,0,0,180,0.2070471445719401,303.59034615232235,302.7707100249173,0.0009505249496121,299,338,363
Chamadala,14.886735,79.907462,28_515_shc_2025-26.342,125.0,11.7,105.3,0.34,0.0827500000596046,0.0810000002384185,0.1103999987244606,0.1315833330154419,0.1682000011205673,0.2383999973535537,0.2587999999523163,0.2614000141620636,0.2827999889850616,0.2791500091552734,0.2913999855518341,0.2228499948978424,0.330336332321167,0.2169460207223892,0.2248452961848371,0.2180612016286855,1.1147664785385132,20,0,0,180,0.2070471445719401,303.59034615232235,302.7707100249173,0.0009505249496121,299,338,363
Jaladanki,14.886953,79.901602,28_515_shc_2025-26.11443,138.0,0.6,49.2,0.65,0.0568999983370304,0.0741375014185905,0.1126666665077209,0.1486500054597854,0.1946333348751068,0.2745499908924103,0.302700012922287,0.3139500021934509,0.3443999886512756,0.3425000011920929,0.354200005531311,0.2678999900817871,0.3573281466960907,0.2346059381961822,0.2504820518885847,0.2575836205372427,1.128205180168152,20,4,153,174,0.2070471445719401,303.59034615232235,302.7707100249173,0.0009505249496121,304,354,342
Narrawada,14.888,79.428,28_515_shc_2025-26.4360,75.0,13.5,358.2,0.61,0.0502999983727932,0.0623000003397464,0.0878000035881996,0.1200999990105629,0.1477999985218048,0.1814000010490417,0.1990000009536743,0.2194000035524368,0.2223999947309494,0.2231999933719635,0.268200010061264,0.2205000072717666,0.2924889624118805,0.1949891149997711,0.1685622218204594,0.1774270474783388,1.222424864768982,122,0,0,180,0.2411667003966214,303.37677450347365,302.686096024095,0.0008299251913727,323,266,412
Budamagunta,14.888,79.948,28_515_shc_2025-26.944,276.0,7.7,621.0,0.12,0.0750928595662117,0.0669214278459549,0.091899998486042,0.0967250019311904,0.146433338522911,0.2290800064802169,0.266566663980484,0.2600249946117401,0.2880333364009857,0.2844200134277344,0.2313666641712188,0.1585250049829483,0.4577434957027435,0.2794669270515442,0.3050137254377071,0.2859060286072032,0.8897862434387207,16,3,303,189,0.2070471445719401,303.59034615232235,302.7707100249173,0.0009505249496121,295,363,341
Budamagunta,14.888,79.948,28_515_shc_2025-26.9461,188.0,11.5,515.0,0.15,0.0750928595662117,0.0669214278459549,0.091899998486042,0.0967250019311904,0.146433338522911,0.2290800064802169,0.266566663980484,0.2600249946117401,0.2880333364009857,0.2844200134277344,0.2313666641712188,0.1585250049829483,0.4577434957027435,0.2794669270515442,0.3050137254377071,0.2859060286072032,0.8897862434387207,16,3,303,189,0.2070471445719401,303.59034615232235,302.7707100249173,0.0009505249496121,295,363,341
Budamagunta,14.888,79.948,28_515_shc_2025-26.947,276.0,13.8,621.0,0.2,0.0750928595662117,0.0669214278459549,0.091899998486042,0.0967250019311904,0.146433338522911,0.2290800064802169,0.266566663980484,0.2600249946117401,0.2880333364009857,0.2844200134277344,0.2313666641712188,0.1585250049829483,0.4577434957027435,0.2794669270515442,0.3050137254377071,0.2859060286072032,0.8897862434387207,16,3,303,189,0.2070471445719401,303.59034615232235,302.7707100249173,0.0009505249496121,295,363,341
Budamagunta,14.888,79.948,28_515_shc_2025-26.956,314.0,5.4,621.0,0.1,0.0750928595662117,0.0669214278459549,0.091899998486042,0.0967250019311904,0.146433338522911,0.2290800064802169,0.266566663980484,0.2600249946117401,0.2880333364009857,0.2844200134277344,0.2313666641712188,0.1585250049829483,0.4577434957027435,0.2794669270515442,0.3050137254377071,0.2859060286072032,0.8897862434387207,16,3,303,189,0.2070471445719401,303.59034615232235,302.7707100249173,0.0009505249496121,295,363,341
Budamagunta,14.888,79.962,28_515_shc_2025-26.10447,201.0,12.3,608.0,0.8,0.0597333349287509,0.076183333992958,0.1122666671872139,0.1394499987363815,0.1889666616916656,0.248099997639656,0.2798500061035156,0.291049987077713,0.3095999956130981,0.3136000037193298,0.318450003862381,0.2280499935150146,0.3521486520767212,0.2126662135124206,0.2435145623972773,0.2443847243189852,1.094141960144043,13,1,180,180,0.1290070048549719,303.56478848373683,302.80227697941297,0.0009670321786282,323,330,347
Budamagunta,14.888,79.962,28_515_shc_2025-26.10451,201.0,15.0,434.0,0.76,0.0597333349287509,0.076183333992958,0.1122666671872139,0.1394499987363815,0.1889666616916656,0.248099997639656,0.2798500061035156,0.291049987077713,0.3095999956130981,0.3136000037193298,0.318450003862381,0.2280499935150146,0.3521486520767212,0.2126662135124206,0.2435145623972773,0.2443847243189852,1.094141960144043,13,1,180,180,0.1290070048549719,303.56478848373683,302.80227697941297,0.0009670321786282,323,330,347
Kavali Bit - II (Rural),14.888,80.018,28_515_shc_2025-26.8505,263.0,43.78,577.0,0.8,0.068400003015995,0.090999998152256,0.1262000054121017,0.1764000058174133,0.2110999971628189,0.2987000048160553,0.3361999988555908,0.3515999913215637,0.3747000098228454,0.3756000101566314,0.3901000022888183,0.2892000079154968,0.331818163394928,0.2496889978647232,0.2535455592458607,0.2556420029062483,1.109499454498291,7,2,244,186,0.1290070048549719,303.56478848373683,302.80227697941297,0.0009670321786282,294,363,343
Kavali Bit - II (Rural),14.888,80.018,28_515_shc_2025-26.11736,301.0,30.7,434.0,0.34,0.068400003015995,0.090999998152256,0.1262000054121017,0.1764000058174133,0.2110999971628189,0.2987000048160553,0.3361999988555908,0.3515999913215637,0.3747000098228454,0.3756000101566314,0.3901000022888183,0.2892000079154968,0.331818163394928,0.2496889978647232,0.2535455592458607,0.2556420029062483,1.109499454498291,7,2,244,186,0.1290070048549719,303.56478848373683,302.80227697941297,0.0009670321786282,294,363,343
Jammalapalem,14.892,79.932,28_515_shc_2025-26.242,489.0,29.4,28.1,0.24,0.0606000013649463,0.0837249979376792,0.1182333305478096,0.1348000019788742,0.1958000063896179,0.2799000144004822,0.3274999856948852,0.3375749886035919,0.3574999868869781,0.3619000017642975,0.3294000029563904,0.2427999973297119,0.4292669892311096,0.2658073306083679,0.333854677086633,0.3128036846719793,0.9757832288742064,14,0,0,180,0.2070471445719401,303.59034615232235,302.7707100249173,0.0009505249496121,307,335,358
Jammalapalem,14.892,79.932,28_515_shc_2025-26.216,13.0,91.0,477.6,0.36,0.0606000013649463,0.0837249979376792,0.1182333305478096,0.1348000019788742,0.1958000063896179,0.2799000144004822,0.3274999856948852,0.3375749886035919,0.3574999868869781,0.3619000017642975,0.3294000029563904,0.2427999973297119,0.4292669892311096,0.2658073306083679,0.333854677086633,0.3128036846719793,0.9757832288742064,14,0,0,180,0.2070471445719401,303.59034615232235,302.7707100249173,0.0009505249496121,307,335,358
Jammalapalem,14.892,79.938,28_515_shc_2025-26.9794,100.0,65.8,63.2,0.41,0.0584999993443489,0.0854333341121673,0.1163249984383583,0.154799997806549,0.1951999962329864,0.2722333371639251,0.3016000092029571,0.315033346414566,0.3391999900341034,0.3395749926567077,0.3625499904155731,0.2707000076770782,0.3410429358482361,0.234859898686409,0.2498830626394128,0.2478261077990192,1.1508305072784424,14,1,270,183,0.2070471445719401,303.59034615232235,302.7707100249173,0.0009505249496121,303,338,359
Jammalapalem,14.892,79.938,28_515_shc_2025-26.227,151.0,11.7,112.4,0.47,0.0584999993443489,0.0854333341121673,0.1163249984383583,0.154799997806549,0.1951999962329864,0.2722333371639251,0.3016000092029571,0.315033346414566,0.3391999900341034,0.3395749926567077,0.3625499904155731,0.2707000076770782,0.3410429358482361,0.234859898686409,0.2498830626394128,0.2478261077990192,1.1508305072784424,14,1,270,183,0.2070471445719401,303.59034615232235,302.7707100249173,0.0009505249496121,303,338,359
Jammalapalem,14.892,79.938,28_515_shc_2025-26.231,88.0,29.4,161.5,0.18,0.0584999993443489,0.0854333341121673,0.1163249984383583,0.154799997806549,0.1951999962329864,0.2722333371639251,0.3016000092029571,0.315033346414566,0.3391999900341034,0.3395749926567077,0.3625499904155731,0.2707000076770782,0.3410429358482361,0.234859898686409,0.2498830626394128,0.2478261077990192,1.1508305072784424,14,1,270,183,0.2070471445719401,303.59034615232235,302.7707100249173,0.0009505249496121,303,338,359
Mannangidinne,14.895,80.035,28_515_shc_2025-26.10989,464.0,34.6,348.0,0.18,0.0623000003397464,0.0769999995827674,0.1121999993920326,0.1202000007033348,0.1962999999523162,0.2887000143527984,0.3350000083446502,0.3206000030040741,0.3808000087738037,0.3876000046730041,0.289900004863739,0.1748999953269958,0.4546279609203338,0.2404720485210418,0.3421430049918254,0.3195153085316061,0.9042420387268066,6,3,46,174,0.1290070048549719,303.56478848373683,302.80227697941297,0.0009670321786282,300,371,329
Jaladanki,14.898855,79.890525,28_515_shc_2025-26.11432,276.0,7.0,126.4,0.53,0.0486666671931743,0.056437499821186,0.0921777784824371,0.1113199964165687,0.1696909070014953,0.2200250029563903,0.2487999945878982,0.2523750066757202,0.2628499865531921,0.2676500082015991,0.2831799983978271,0.2082999944686889,0.3878387212753296,0.1959032863378524,0.2355606478725546,0.2449736476779394,1.1220604181289673,29,2,116,174,0.2070471445719401,303.59034615232235,302.7707100249173,0.0009505249496121,307,326,367
Jaladanki,14.899943,79.89199,28_515_shc_2025-26.11423,276.0,7.6,147.5,0.47,0.0586499981582164,0.0703999996185302,0.1028999984264373,0.1149249970912933,0.167996659874916,0.2460000067949295,0.2765666544437408,0.2870999872684479,0.3016999959945678,0.3009375035762787,0.2867000102996826,0.1944999992847442,0.4282693862915039,0.2617099583148956,0.2971300752847843,0.2863141151783583,0.9986068606376648,25,4,64,168,0.2070471445719401,303.59034615232235,302.7707100249173,0.0009505249496121,307,326,367
Jaladanki,14.90027,79.888271,28_515_shc_2025-26.11435,113.0,85.8,119.4,0.8,0.0440166667103767,0.0575666651129722,0.0908000022172927,0.1095250025391578,0.1586333364248275,0.226174995303154,0.2542000114917755,0.2391333281993866,0.2829999923706054,0.3016749918460846,0.2644500136375427,0.1724999994039535,0.3717344999313354,0.2023799419403076,0.2212450901340613,0.2290821658713415,1.1058684587478638,29,2,207,183,0.2070471445719401,303.59034615232235,302.7707100249173,0.0009505249496121,310,331,359
Kesavaram,14.902,79.788,28_515_shc_2025-26.8835,25.0,10.6,295.0,0.89,0.0879777744412422,0.0801099985837936,0.1145000010728836,0.1393599957227707,0.1981624960899353,0.243066668510437,0.277999997138977,0.2808000147342682,0.3114599883556366,0.310259997844696,0.3544999957084656,0.2967999875545501,0.3366337120532989,0.1725344210863113,0.2332246452990494,0.2305686251371295,1.2624642848968506,46,1,134,177,0.2695965014005962,303.6170174448114,302.89680223297654,0.0009354052344799,302,317,381
Kesavaram,14.902,79.788,28_515_shc_2025-26.5863,25.0,18.2,98.3,0.65,0.0879777744412422,0.0801099985837936,0.1145000010728836,0.1393599957227707,0.1981624960899353,0.243066668510437,0.277999997138977,0.2808000147342682,0.3114599883556366,0.310259997844696,0.3544999957084656,0.2967999875545501,0.3366337120532989,0.1725344210863113,0.2332246452990494,0.2305686251371295,1.2624642848968506,46,1,134,177,0.2695965014005962,303.6170174448114,302.89680223297654,0.0009354052344799,302,317,381
Kesavaram,14.902,79.788,28_515_shc_2025-26.5872,75.0,5.3,91.3,0.65,0.0879777744412422,0.0801099985837936,0.1145000010728836,0.1393599957227707,0.1981624960899353,0.243066668510437,0.277999997138977,0.2808000147342682,0.3114599883556366,0.310259997844696,0.3544999957084656,0.2967999875545501,0.3366337120532989,0.1725344210863113,0.2332246452990494,0.2305686251371295,1.2624642848968506,46,1,134,177,0.2695965014005962,303.6170174448114,302.89680223297654,0.0009354052344799,302,317,381
Kesavaram,14.902,79.788,28_515_shc_2025-26.8807,38.0,10.6,141.5,0.91,0.0879777744412422,0.0801099985837936,0.1145000010728836,0.1393599957227707,0.1981624960899353,0.243066668510437,0.277999997138977,0.2808000147342682,0.3114599883556366,0.310259997844696,0.3544999957084656,0.2967999875545501,0.3366337120532989,0.1725344210863113,0.2332246452990494,0.2305686251371295,1.2624642848968506,46,1,134,177,0.2695965014005962,303.6170174448114,302.89680223297654,0.0009354052344799,302,317,381
Jaladanki,14.903972,79.887483,28_515_shc_2025-26.11444,163.0,9.4,126.4,0.8,0.0425875000655651,0.0575000010430812,0.0873000025749206,0.1079000011086463,0.1658812463283538,0.2133714258670807,0.2369142919778823,0.2373500019311905,0.2508000135421753,0.2439000010490417,0.2748476266860962,0.2008250057697296,0.3749457001686096,0.1772401183843612,0.222652220080601,0.2297249340851698,1.157984495162964,29,0,0,180,0.2070471445719401,303.59034615232235,302.7707100249173,0.0009505249496121,327,303,370
Katepalle,14.908,79.568,28_515_shc_2025-26.8660,25.0,11.5,124.1,0.2,0.0386999994516372,0.0383000001311302,0.062449999153614,0.0631500035524368,0.1307500004768371,0.2169000059366226,0.2451499998569488,0.2493000030517578,0.2790499925613403,0.2829000055789947,0.2609499990940094,0.1712999939918518,0.595775306224823,0.3119326531887054,0.3470487271212916,0.3436826844473311,1.046730875968933,86,1,46,177,0.2121756034984923,303.5206118801184,302.81195694103576,0.0008900190266058,303,286,411
Kesavaram,14.908,79.798,28_515_shc_2025-26.7574,188.0,7.0,84.3,0.5,0.0386999994516372,0.0412500016391277,0.0628333315253257,0.0599999986588954,0.0890714302659034,0.2392999976873397,0.3037000000476837,0.3062599897384643,0.3309000134468078,0.3429000079631805,0.1750333309173584,0.1033999994397163,0.6723638772964478,0.5493835210800171,0.453723043281916,0.4264193100996734,0.5715187788009644,44,2,27,177,0.2695965014005962,303.6170174448114,302.89680223297654,0.0009354052344799,300,318,382
Jaladanki,14.908,79.888,28_515_shc_2025-26.11438,25.0,44.6,168.6,0.47,0.0440500006079673,0.0524111129343509,0.0872333347797393,0.0919285714626312,0.1581166684627533,0.26910001039505,0.3061249852180481,0.3052000105381012,0.3294000029563904,0.3223333358764648,0.2522666752338409,0.1691000014543533,0.53703373670578,0.3174574673175812,0.3642706396883871,0.3565900864508893,0.8265618085861206,31,1,46,177,0.2070471445719401,303.59034615232235,302.7707100249173,0.0009505249496121,303,329,368
Theddupadu,14.912,79.418,28_515_shc_2025-26.4516,50.0,10.6,280.9,0.62,0.0540999993681907,0.0693999975919723,0.1027999967336654,0.1330000013113021,0.1647000014781952,0.2096000015735626,0.2379000037908554,0.244499996304512,0.2655999958515167,0.26910001039505,0.3438000082969665,0.2565000057220459,0.2953642308712005,0.1950146555900573,0.183147163870696,0.1905982825575344,1.406135082244873,116,1,270,183,0.2411667003966214,303.37677450347365,302.686096024095,0.0008299251913727,334,269,398
Theddupadu,14.912415,79.42392,28_515_shc_2025-26.2147,13.0,11.7,259.9,0.4,0.0506500005722045,0.0730499997735023,0.1077999994158744,0.1473000049591064,0.1604499965906143,0.2096000015735626,0.2300499975681305,0.2139499932527542,0.2506499886512756,0.2781499922275543,0.2820000052452087,0.2203499972820282,0.1844982355833053,0.142895296216011,0.1075086494575351,0.1160812570659403,1.3180650472640991,112,3,161,177,0.2411667003966214,303.37677450347365,302.686096024095,0.0008299251913727,328,286,387
Jaladanki,14.913226,79.885116,28_515_shc_2025-26.11450,138.0,89.9,133.4,0.58,0.0618500001728534,0.0847000032663345,0.1239333301782608,0.1626999974250793,0.2215249985456466,0.2874000072479248,0.3201749920845032,0.3295049965381622,0.3674916625022888,0.3568750023841858,0.4097500145435333,0.3083249926567077,0.3388933539390564,0.1959602832794189,0.2496400732850037,0.2521731902096169,1.2435320615768433,29,2,180,180,0.2070471445719401,303.59034615232235,302.7707100249173,0.0009505249496121,308,316,377
Theddupadu,14.913344,79.42226,28_515_shc_2025-26.1970,25.0,115.1,196.6,0.12,0.0435499995946884,0.0547499991953372,0.0851999968290329,0.090499997138977,0.138150006532669,0.2317000031471252,0.2667500078678131,0.2856500148773193,0.2948499917984009,0.2707999944686889,0.2681500017642975,0.1755000054836273,0.5188090205192566,0.3480415344238281,0.3440524977041891,0.3341037751444655,0.9387362003326416,113,3,314,186,0.2411667003966214,303.37677450347365,302.686096024095,0.0008299251913727,328,286,387
Theddupadu,14.914779,79.424794,28_515_shc_2025-26.4415,25.0,3.5,379.2,0.3,0.0544999986886978,0.0648000016808509,0.0980999991297721,0.1092000007629394,0.160300001502037,0.2673999965190887,0.2995499968528747,0.3156000077724457,0.3361000120639801,0.303299993276596,0.2756499946117401,0.194250002503395,0.4858757257461548,0.3263290822505951,0.3475215635862306,0.3347750947846291,0.8734156489372253,110,3,72,171,0.2411667003966214,303.37677450347365,302.686096024095,0.0008299251913727,319,302,379
Theddupadu,14.915,79.425,28_515_shc_2025-26.4436,63.0,10.6,133.4,0.74,0.0496499985456466,0.0692000016570091,0.1019999980926513,0.1168500036001205,0.1624500006437301,0.23989999294281,0.2687999904155731,0.2705999910831451,0.3021999895572662,0.31700000166893,0.283950001001358,0.2043499946594238,0.39682537317276,0.2497401982545852,0.2645934939352559,0.2598737761070671,1.0493348836898804,109,1,134,177,0.2411667003966214,303.37677450347365,302.686096024095,0.0008299251913727,319,302,379
Gottigundala,14.915923,79.585342,28_515_shc_2025-26.1268,151.0,15.4,142.8,0.36,0.0403000004589557,0.062399998307228,0.0939000025391578,0.1425999999046325,0.1905000060796737,0.2343000024557113,0.2587000131607055,0.2734000086784363,0.2921999990940094,0.291700005531311,0.3587999939918518,0.2696999907493591,0.3144230842590332,0.1787023097276687,0.1968693665498064,0.2141921520985584,1.312362790107727,89,2,270,186,0.2121756034984923,303.5206118801184,302.81195694103576,0.0008900190266058,288,321,391
Gottigundala,14.915923,79.585342,28_515_shc_2025-26.6685,176.0,10.0,105.5,0.12,0.0403000004589557,0.062399998307228,0.0939000025391578,0.1425999999046325,0.1905000060796737,0.2343000024557113,0.2587000131607055,0.2734000086784363,0.2921999990940094,0.291700005531311,0.3587999939918518,0.2696999907493591,0.3144230842590332,0.1787023097276687,0.1968693665498064,0.2141921520985584,1.312362790107727,89,2,270,186,0.2121756034984923,303.5206118801184,302.81195694103576,0.0008900190266058,288,321,391
Gottigundala,14.915923,79.585342,28_515_shc_2025-26.6678,138.0,10.8,223.5,0.26,0.0403000004589557,0.062399998307228,0.0939000025391578,0.1425999999046325,0.1905000060796737,0.2343000024557113,0.2587000131607055,0.2734000086784363,0.2921999990940094,0.291700005531311,0.3587999939918518,0.2696999907493591,0.3144230842590332,0.1787023097276687,0.1968693665498064,0.2141921520985584,1.312362790107727,89,2,270,186,0.2121756034984923,303.5206118801184,302.81195694103576,0.0008900190266058,288,321,391
Katepalle,14.917555,79.587977,28_515_shc_2025-26.10537,50.0,9.2,86.9,0.38,0.046799998730421,0.0489000007510185,0.0841000005602836,0.1055999994277954,0.1568000018596649,0.2711000144481659,0.2991000115871429,0.3005000054836273,0.324099987745285,0.2982999980449676,0.2703999876976013,0.1599999964237213,0.4799310564994812,0.3142357468605041,0.310875054233712,0.3226465152842892,0.8998335599899292,89,1,0,180,0.2121756034984923,303.5206118801184,302.81195694103576,0.0008900190266058,288,319,393
Thamidapadu,14.918,79.532,28_515_shc_2025-26.2883,88.0,13.1,62.1,0.12,0.0346500016748905,0.0417499989271163,0.0684499964118003,0.0850500017404556,0.1371999979019165,0.222350001335144,0.2504499852657318,0.2569999992847442,0.2793500125408172,0.2748999893665313,0.2325499951839447,0.1429000049829483,0.5027042627334595,0.30390664935112,0.2956143439451518,0.3063060340863464,0.9048637747764589,100,1,134,177,0.2049535450182463,303.4450139497456,302.7371728127463,0.000867134866489,307,297,396
Theddupadu,14.918155,79.436764,28_515_shc_2025-26.4465,188.0,11.7,105.3,0.28,0.0434999987483024,0.0518999993801116,0.0815000012516975,0.1018000021576881,0.1451999992132187,0.2162999957799911,0.2391999959945678,0.2563000023365021,0.2612999975681305,0.2739000022411346,0.2655999958515167,0.1913000047206878,0.4314437210559845,0.2767123281955719,0.2613594040245446,0.2700734169146481,1.0362855195999146,116,3,72,171,0.2411667003966214,303.37677450347365,302.686096024095,0.0008299251913727,316,294,390
Theddupadu,14.920941,79.421736,28_515_shc_2025-26.5409,75.0,9.4,154.5,0.4,0.0553000010550022,0.0780000016093254,0.1155999973416328,0.1777500063180923,0.2126500010490417,0.2400999963283538,0.2597500085830688,0.2667999863624573,0.2870999872684479,0.2853499948978424,0.3565999865531921,0.2906000018119812,0.2003148794174194,0.1129418835043907,0.1273379560471617,0.1414165169674856,1.3365817070007324,112,3,303,189,0.2411667003966214,303.37677450347365,302.686096024095,0.0008299251913727,320,302,378
Theddupadu,14.92246,79.419639,28_515_shc_2025-26.5403,75.0,11.2,133.4,0.92,0.0518499985337257,0.0787499994039535,0.1160499975085258,0.1749999970197677,0.2156500071287155,0.2392500042915344,0.2621499896049499,0.2690500020980835,0.291949987411499,0.2798500061035156,0.3813500106334686,0.2981500029563904,0.2118004858493805,0.110171228647232,0.136034259070969,0.1494359491015288,1.417394518852234,110,2,296,186,0.2411667003966214,303.37677450347365,302.686096024095,0.0008299251913727,339,286,375
Theddupadu,14.92457,79.43257,28_515_shc_2025-26.4769,38.0,10.6,14.0,0.06,0.0498999990522861,0.0697999969124794,0.1040999963879585,0.132200002670288,0.1791000068187713,0.2347999960184097,0.2615000009536743,0.2739000022411346,0.2924999892711639,0.295199990272522,0.3400999903678894,0.2563999891281128,0.348928838968277,0.2092715054750442,0.2294959765622966,0.2345767555503413,1.2416939735412598,110,3,341,183,0.2411667003966214,303.37677450347365,302.686096024095,0.0008299251913727,307,309,384
Theddupadu,14.926259,79.433269,28_515_shc_2025-26.2172,13.0,11.7,252.8,0.58,0.0474999994039535,0.0610000006854534,0.0966000035405159,0.1299999952316284,0.1754000037908554,0.2308000028133392,0.2502000033855438,0.2529999911785126,0.2727999985218048,0.2723999917507171,0.2928000092506408,0.2386000007390976,0.3211488127708435,0.1811390966176986,0.1951761334029636,0.2089467686974896,1.157312273979187,107,1,270,183,0.2411667003966214,303.37677450347365,302.686096024095,0.0008299251913727,313,306,382
Theddupadu,14.927271,79.429599,28_515_shc_2025-26.7250,38.0,10.0,14.0,0.46,0.0516000017523765,0.0816000029444694,0.1101000010967254,0.1414500027894973,0.1807499974966049,0.2354999929666519,0.2624500095844269,0.2649999856948852,0.2935500144958496,0.2917999923229217,0.3192000091075897,0.2414499968290329,0.3039734065532684,0.1890072673559188,0.2056835328664119,0.2044514057173214,1.2045284509658811,104,1,180,180,0.2411667003966214,303.37677450347365,302.686096024095,0.0008299251913727,340,297,363
Gottigundala,14.927464,79.605769,28_515_shc_2025-26.991,50.0,4.6,229.7,0.24,0.0394000001251697,0.0505999997258186,0.0811000019311904,0.0859000012278556,0.1588999927043914,0.2502999901771545,0.2838000059127807,0.295199990272522,0.3064999878406524,0.3048000037670135,0.2967000007629394,0.2093999981880188,0.549199640750885,0.3001541495323181,0.3656278196651601,0.3563159534622069,1.005081295967102,77,1,0,180,0.2121756034984923,303.5206118801184,302.81195694103576,0.0008900190266058,291,280,429
Thimmapuram,14.927525,79.453976,28_515_shc_2025-26.10876,63.0,12.3,196.6,0.46,0.0568000003695488,0.069700002670288,0.1037999987602233,0.151199996471405,0.1918999999761581,0.2328999936580658,0.2533999979496002,0.2635999917984009,0.2867000102996826,0.2858000099658966,0.3700000047683716,0.2858000099658966,0.2709739506244659,0.1574094295501709,0.1705045336855494,0.18430257449978,1.403641939163208,105,2,270,186,0.2049535450182463,303.4450139497456,302.7371728127463,0.000867134866489,285,323,392
Settipalem,14.928,79.678,28_515_shc_2025-26.9866,289.0,8.4,266.9,0.25,0.0416000001132488,0.0604000017046928,0.0953999981284141,0.147599995136261,0.182899996638298,0.2249000072479248,0.2502000033855438,0.2533999979496002,0.2718999981880188,0.2777999937534332,0.313400000333786,0.2578000128269195,0.2638404071331024,0.1615860760211944,0.1568801980657801,0.1761376308966136,1.236779808998108,61,2,0,180,0.3215596383078056,303.64166708159865,302.9187663228888,0.0009153686921901,306,302,392
Settipalem,14.928,79.678,28_515_shc_2025-26.10698,138.0,28.4,285.5,0.18,0.0416000001132488,0.0604000017046928,0.0953999981284141,0.147599995136261,0.182899996638298,0.2249000072479248,0.2502000033855438,0.2533999979496002,0.2718999981880188,0.2777999937534332,0.313400000333786,0.2578000128269195,0.2638404071331024,0.1615860760211944,0.1568801980657801,0.1761376308966136,1.236779808998108,61,2,0,180,0.3215596383078056,303.64166708159865,302.9187663228888,0.0009153686921901,306,302,392
Theddupadu,14.928538,79.433706,28_515_shc_2025-26.1911,63.0,142.0,351.2,0.69,0.0439499989151954,0.0546999983489513,0.0812499970197677,0.1173499971628189,0.1430000066757202,0.1866499930620193,0.2000499963760376,0.2088499963283538,0.2275000065565109,0.2518999874591827,0.275050014257431,0.2074500024318695,0.2805027663707733,0.1871535927057266,0.1522259926659478,0.1661220041510068,1.3169740438461304,106,1,90,177,0.2411667003966214,303.37677450347365,302.686096024095,0.0008299251913727,311,311,378
Gottigundala,14.932,79.602,28_515_shc_2025-26.3168,151.0,9.2,142.8,0.16,0.0531000010669231,0.0487999990582466,0.0835999995470047,0.091399997472763,0.1834000051021576,0.2736000120639801,0.3030999898910522,0.3134999871253967,0.3420999944210052,0.3215999901294708,0.3244000077247619,0.2240000069141388,0.5485305190086365,0.2618232667446136,0.371181216603425,0.3681622169845575,1.03476881980896,78,3,270,189,0.2121756034984923,303.5206118801184,302.81195694103576,0.0008900190266058,296,295,409
Gottigundala,14.932695,79.604479,28_515_shc_2025-26.992,163.0,10.8,142.8,0.19,0.0562999993562698,0.0676999986171722,0.0976999998092651,0.1124000027775764,0.1709000021219253,0.2390999943017959,0.2737999856472015,0.2851999998092651,0.3000000119209289,0.2937999963760376,0.3082000017166137,0.2169999927282333,0.4346076250076294,0.2506029307842254,0.2975513893247769,0.2887700476833006,1.080645203590393,76,3,314,186,0.2121756034984923,303.5206118801184,302.81195694103576,0.0008900190266058,291,294,415
Theddupadu,14.933349,79.429949,28_515_shc_2025-26.7207,38.0,6.5,133.4,0.42,0.0496499985456466,0.0732500031590461,0.1052500009536743,0.1287499964237213,0.1674499958753585,0.2284999936819076,0.2498500049114227,0.2477000057697296,0.2735500037670135,0.2685999870300293,0.2780500054359436,0.2172500044107437,0.3159782290458679,0.193303644657135,0.2021824699247877,0.203576945145161,1.122527241706848,102,2,90,174,0.2411667003966214,303.37677450347365,302.686096024095,0.0008299251913727,317,303,380
Gottigundala,14.933592,79.595534,28_515_shc_2025-26.3747,163.0,5.4,155.2,0.12,0.0685999989509582,0.1168999969959259,0.1509999930858612,0.202000007033348,0.2215999960899353,0.2551999986171722,0.2799000144004822,0.2854000031948089,0.3093999922275543,0.2994000017642975,0.3799000084400177,0.3212999999523163,0.1711120158433914,0.1258382797241211,0.1286520727269317,0.1266963671726969,1.3311142921447754,80,4,226,189,0.2121756034984923,303.5206118801184,302.81195694103576,0.0008900190266058,307,293,400
Thimmapuram,14.933602,79.449083,28_515_shc_2025-26.10884,63.0,12.9,196.6,0.39,0.0582999996840953,0.0720999985933303,0.1052000001072883,0.1546999961137771,0.1825000047683715,0.2368000000715255,0.2621999979019165,0.2667999863624573,0.2921999990940094,0.2928000092506408,0.3844000101089477,0.2937000095844269,0.2659549117088318,0.1876251548528671,0.1694121082635653,0.1824742144011454,1.440779685974121,103,2,244,186,0.2411667003966214,303.37677450347365,302.686096024095,0.0008299251913727,306,298,396
Thimmapuram,14.933771,79.447248,28_515_shc_2025-26.10355,25.0,13.5,287.6,1.24,0.0471000000834465,0.0640999972820282,0.094200000166893,0.1173999980092048,0.1691000014543533,0.2293000072240829,0.2556999921798706,0.2590000033378601,0.2926999926567077,0.2917999923229217,0.3339999914169311,0.2430000007152557,0.3761955499649048,0.2099976688623428,0.2387616838158245,0.2423550977481912,1.289575219154358,102,2,270,186,0.2411667003966214,303.37677450347365,302.686096024095,0.0008299251913727,306,298,396
Settipalem,14.935,79.675,28_515_shc_2025-26.8901,151.0,3.8,149.0,0.24,0.0361000001430511,0.0401000007987022,0.0636499971151351,0.0549000017344951,0.1121999993920326,0.2354499995708465,0.2723000049591064,0.2732999920845032,0.3059999942779541,0.2942000031471252,0.2214999943971634,0.1216000020503997,0.6654478907585144,0.4178988337516784,0.4193709261817366,0.3955566143080755,0.8104646801948547,61,2,0,180,0.3215596383078056,303.64166708159865,302.9187663228888,0.0009153686921901,312,291,397
Settipalem,14.935,79.675,28_515_shc_2025-26.6481,176.0,23.8,273.1,0.18,0.0361000001430511,0.0401000007987022,0.0636499971151351,0.0549000017344951,0.1121999993920326,0.2354499995708465,0.2723000049591064,0.2732999920845032,0.3059999942779541,0.2942000031471252,0.2214999943971634,0.1216000020503997,0.6654478907585144,0.4178988337516784,0.4193709261817366,0.3955566143080755,0.8104646801948547,61,2,0,180,0.3215596383078056,303.64166708159865,302.9187663228888,0.0009153686921901,312,291,397
Theddupadu,14.935712,79.417018,28_515_shc_2025-26.6851,13.0,11.2,309.0,0.92,0.0518999993801116,0.0689499974250793,0.097350001335144,0.1460500061511993,0.1891500055789947,0.2247499972581863,0.2504000067710876,0.2477499991655349,0.2784500122070312,0.2729499936103821,0.3614000082015991,0.2996000051498413,0.258252888917923,0.1341267824172973,0.1582214314748994,0.1706757536518973,1.458728551864624,104,4,345,183,0.2411667003966214,303.37677450347365,302.686096024095,0.0008299251913727,329,277,394
Theddupadu,14.936387,79.418066,28_515_shc_2025-26.5270,63.0,8.8,323.1,0.39,0.0551000013947486,0.0742499977350235,0.1088000014424324,0.1586499959230423,0.2207999974489212,0.264849990606308,0.2845000028610229,0.2791999876499176,0.3122499883174896,0.2942000031471252,0.3939499855041504,0.3360500037670135,0.2753225862979889,0.1167999804019928,0.1800086505014383,0.1928080084849153,1.4109957218170166,105,2,296,186,0.2411667003966214,303.37677450347365,302.686096024095,0.0008299251913727,329,277,394
Theddupadu,14.936809,79.41894,28_515_shc_2025-26.6995,50.0,12.9,386.3,0.12,0.0480999983847141,0.068350002169609,0.1063999980688095,0.1282999962568283,0.1780499964952469,0.2551000118255615,0.2820000052452087,0.3061499893665313,0.3145000040531158,0.3001500070095062,0.3248499929904938,0.2351499944925308,0.4093681573867798,0.2645601034164428,0.284409829570963,0.2854887835292676,1.0610811710357666,103,4,46,171,0.2411667003966214,303.37677450347365,302.686096024095,0.0008299251913727,329,273,398
Theddupadu,14.936809,79.421037,28_515_shc_2025-26.4534,50.0,126.9,316.0,0.85,0.0441000014543533,0.047699999064207,0.0728000029921531,0.067950002849102,0.128600001335144,0.2281000018119812,0.2618499994277954,0.2655499875545501,0.288100004196167,0.2868500053882599,0.248549997806549,0.1586499959230423,0.5925037264823914,0.3474565148353576,0.3755225825786162,0.3556088547939033,0.9359819889068604,99,2,90,174,0.2411667003966214,303.37677450347365,302.686096024095,0.0008299251913727,322,281,396
Thimmapuram,14.936978,79.443841,28_515_shc_2025-26.10354,75.0,12.3,491.6,0.7,0.0428000018000602,0.0566500015556812,0.0847499966621398,0.0815500020980835,0.1425999999046325,0.2267500013113021,0.2569499909877777,0.2763000130653381,0.2933500111103058,0.2752499878406524,0.2797000110149383,0.1785500049591064,0.5442224740982056,0.319169282913208,0.3631430922367628,0.3405315746194067,1.012305498123169,98,2,296,186,0.2411667003966214,303.37677450347365,302.686096024095,0.0008299251913727,340,269,391
Theddupadu,14.937738,79.418503,28_515_shc_2025-26.6989,38.0,7.0,323.1,0.93,0.0407500006258487,0.0560499988496303,0.0864999964833259,0.0865999981760978,0.1429499983787536,0.2340999990701675,0.2667500078678131,0.2679499983787536,0.2967000007629394,0.2861000001430511,0.2680000066757202,0.1744499951601028,0.511493444442749,0.3042102754116058,0.3316144618005507,0.3183254360782424,1.0001866817474363,105,3,123,171,0.2411667003966214,303.37677450347365,302.686096024095,0.0008299251913727,329,273,398
Theddupadu,14.938,79.418,28_515_shc_2025-26.5424,13.0,12.9,196.6,0.12,0.0417999997735023,0.049049999564886,0.069300003349781,0.09009999781847,0.149849995970726,0.1987999975681305,0.2197999954223632,0.2173999994993209,0.2498500049114227,0.2506000101566314,0.3007000088691711,0.221450001001358,0.4139837622642517,0.1839346587657928,0.228936251463889,0.2364705921430836,1.3831647634506226,106,1,314,183,0.2411667003966214,303.37677450347365,302.686096024095,0.0008299251913727,329,273,398
Theddupadu,14.938,79.422,28_515_shc_2025-26.5461,25.0,5.9,358.2,0.69,0.049600001424551,0.0675500035285949,0.0944000035524368,0.1253000050783157,0.1722999960184097,0.2210499942302703,0.2446500062942505,0.2542999982833862,0.2774499952793121,0.2843500077724457,0.3432500064373016,0.2633000016212463,0.3398313820362091,0.192217543721199,0.21507526468958,0.219986345006909,1.3497837781906128,101,2,116,174,0.2411667003966214,303.37677450347365,302.686096024095,0.0008299251913727,322,281,396
Kunkuvaripalem,14.938961,79.768006,28_515_shc_2025-26.3226,113.0,14.6,397.3,0.35,0.0413625016808509,0.0654666647315025,0.1062500029802322,0.1240999996662139,0.1810500025749206,0.2719333469867706,0.3118999898433685,0.3172000050544739,0.34272500872612,0.3128666579723358,0.3467999994754791,0.2354999929666519,0.4375708103179931,0.27325639128685,0.3073274815840923,0.3077127447463869,1.0933165550231934,51,1,134,177,0.2695965014005962,303.6170174448114,302.89680223297654,0.0009354052344799,315,306,379
Kunkuvaripalem,14.938961,79.768006,28_515_shc_2025-26.984,113.0,6.1,347.6,0.12,0.0413625016808509,0.0654666647315025,0.1062500029802322,0.1240999996662139,0.1810500025749206,0.2719333469867706,0.3118999898433685,0.3172000050544739,0.34272500872612,0.3128666579723358,0.3467999994754791,0.2354999929666519,0.4375708103179931,0.27325639128685,0.3073274815840923,0.3077127447463869,1.0933165550231934,51,1,134,177,0.2695965014005962,303.6170174448114,302.89680223297654,0.0009354052344799,315,306,379
Thimmapuram,14.939257,79.441482,28_515_shc_2025-26.8490,63.0,12.3,196.6,0.46,0.0507000014185905,0.0617999993264675,0.0847000032663345,0.092299997806549,0.1525000035762787,0.2166000008583068,0.2437999993562698,0.2642000019550323,0.2763000130653381,0.2937999963760376,0.2874999940395355,0.1895000040531158,0.482187956571579,0.2680585384368896,0.3172757566067037,0.3010507954401646,1.088190674781799,94,2,270,186,0.2411667003966214,303.37677450347365,302.686096024095,0.0008299251913727,341,272,388
Thimmapuram,14.939595,79.451966,28_515_shc_2025-26.10896,38.0,11.7,259.9,0.53,0.0491999983787536,0.0671999976038932,0.0940999984741211,0.132200002670288,0.1611000001430511,0.191100001335144,0.2094999998807907,0.2233999967575073,0.2388000041246414,0.2379000037908554,0.3192000091075897,0.241799995303154,0.2564679384231567,0.1620285958051681,0.1507338229426005,0.1598877877773695,1.4288272857666016,112,1,90,177,0.2049535450182463,303.4450139497456,302.7371728127463,0.000867134866489,312,292,396
Thimmapuram,14.940017,79.443753,28_515_shc_2025-26.9186,50.0,11.2,224.7,0.42,0.0433499999344348,0.0621999986469745,0.0898500010371208,0.0892499983310699,0.1545500010251999,0.2845999896526336,0.3506999909877777,0.365799993276596,0.3862000107765198,0.3623499870300293,0.246749997138977,0.1472499966621399,0.6077353954315186,0.4059767425060272,0.4818615769019673,0.43434898284225,0.6745489239692688,100,1,270,183,0.2411667003966214,303.37677450347365,302.686096024095,0.0008299251913727,333,276,392
Thimmapuram,14.941705,79.454762,28_515_shc_2025-26.10895,50.0,12.9,330.1,0.99,0.045499999076128,0.0608000010251998,0.0861999988555908,0.1225999966263771,0.155699998140335,0.1833000034093856,0.200200006365776,0.2034000009298324,0.2268999963998794,0.2231999933719635,0.3210000097751617,0.2354000061750412,0.2478527724742889,0.1328320950269699,0.1362103940906555,0.1467312431159363,1.5781711339950562,112,3,108,171,0.2049535450182463,303.4450139497456,302.7371728127463,0.000867134866489,311,298,391
Maddurupadu (Part),14.942,79.962,28_515_shc_2025-26.843,188.0,2.3,602.0,0.08,0.0661083310842514,0.0756333321332931,0.1107888892292976,0.1310999989509582,0.1851799935102462,0.2394250035285949,0.268449991941452,0.2561999857425689,0.2817499935626983,0.2228111177682876,0.2790749967098236,0.2046999931335449,0.3230054080486297,0.1609044224023819,0.2119548435684305,0.211484259466352,1.0892857313156128,25,3,72,171,0.1290070048549719,303.56478848373683,302.80227697941297,0.0009670321786282,296,331,373
Maddurupadu (Part),14.942,79.962,28_515_shc_2025-26.845,201.0,9.2,392.0,0.2,0.0661083310842514,0.0756333321332931,0.1107888892292976,0.1310999989509582,0.1851799935102462,0.2394250035285949,0.268449991941452,0.2561999857425689,0.2817499935626983,0.2228111177682876,0.2790749967098236,0.2046999931335449,0.3230054080486297,0.1609044224023819,0.2119548435684305,0.211484259466352,1.0892857313156128,25,3,72,171,0.1290070048549719,303.56478848373683,302.80227697941297,0.0009670321786282,296,331,373
Maddurupadu (Part),14.944187,79.953116,28_515_shc_2025-26.8592,201.0,15.4,621.0,0.32,0.0381750017404556,0.0455714277923107,0.071233332157135,0.1101000010967254,0.1459500044584274,0.2240200042724609,0.2585000097751617,0.2633333206176758,0.2828750014305115,0.2826600074768066,0.268449991941452,0.18019999563694,0.4103364944458008,0.2868020832538605,0.2421286700817822,0.2631568702122207,1.01943039894104,29,1,134,177,0.1290070048549719,303.56478848373683,302.80227697941297,0.0009670321786282,303,335,362
Kothapalle,14.944241,79.907596,28_515_shc_2025-26.884,226.0,4.6,621.0,0.1,0.0387333333492279,0.048700001090765,0.0847000032663345,0.0703999996185302,0.1481499969959259,0.3064999878406524,0.3636333346366882,0.3740000128746032,0.3877249956130981,0.3233000040054321,0.296099990606308,0.1809666603803634,0.683168351650238,0.4325385689735412,0.530342753634967,0.482210942248818,0.791711151599884,37,4,180,180,0.2070471445719401,303.59034615232235,302.7707100249173,0.0009505249496121,309,326,365
Thurpu- Jangalapalle,14.945,79.685,28_515_shc_2025-26.4038,113.0,1.5,142.8,0.06,0.0511000007390975,0.0619000010192394,0.0974999964237213,0.1081999987363815,0.1685999929904937,0.2737999856472015,0.3116999864578247,0.2998000085353851,0.3416000008583069,0.3345000147819519,0.2976999878883362,0.2022999972105026,0.4696078598499298,0.2801025211811065,0.3226132525044567,0.3165198374414614,0.992995262145996,55,4,90,168,0.3215596383078056,303.64166708159865,302.9187663228888,0.0009153686921901,306,291,403
Thurpu- Jangalapalle,14.945627,79.686482,28_515_shc_2025-26.10706,38.0,2.3,229.7,0.03,0.0520000010728836,0.0592000000178813,0.0962999984622001,0.1071000024676323,0.181099995970726,0.2459000051021576,0.2698999941349029,0.2809999883174896,0.3034999966621399,0.3289999961853027,0.2969000041484833,0.2030999958515167,0.4480803608894348,0.2161869704723358,0.2938293888526199,0.2937169029178599,1.0565836429595947,57,1,270,183,0.3215596383078056,303.64166708159865,302.9187663228888,0.0009153686921901,306,291,403
Thurpu- Jangalapalle,14.945627,79.686482,28_515_shc_2025-26.10218,113.0,12.3,266.9,0.1,0.0520000010728836,0.0592000000178813,0.0962999984622001,0.1071000024676323,0.181099995970726,0.2459000051021576,0.2698999941349029,0.2809999883174896,0.3034999966621399,0.3289999961853027,0.2969000041484833,0.2030999958515167,0.4480803608894348,0.2161869704723358,0.2938293888526199,0.2937169029178599,1.0565836429595947,57,1,270,183,0.3215596383078056,303.64166708159865,302.9187663228888,0.0009153686921901,306,291,403
Anemadugu,14.947189,80.026144,28_515_shc_2025-26.9571,151.0,16.1,323.0,0.25,0.0701000019907951,0.0988499969244003,0.1262499988079071,0.1545999944210052,0.1823499947786331,0.2167000025510788,0.2452500015497207,0.2542499899864197,0.2698000073432922,0.3109999895095825,0.336650013923645,0.2787500023841858,0.2437324225902557,0.1646816283464431,0.1729464186780036,0.1644660790147674,1.324090600013733,14,1,270,183,0.1290070048549719,303.56478848373683,302.80227697941297,0.0009670321786282,297,368,335
Chakalakonda,14.948,79.518,28_515_shc_2025-26.6121,13.0,3.8,74.5,0.13,0.0432000011205673,0.0659999996423721,0.101400002837181,0.1389999985694885,0.1743000000715255,0.2391999959945678,0.266400009393692,0.2651000022888183,0.2946999967098236,0.322299987077713,0.3145999908447265,0.228300005197525,0.3120514750480652,0.2066454291343689,0.1965276541413818,0.2092135885404549,1.186721920967102,91,2,116,174,0.2049535450182463,303.4450139497456,302.7371728127463,0.000867134866489,292,280,428
Chakalakonda,14.948,79.528,28_515_shc_2025-26.853,63.0,9.2,74.5,0.22,0.0412999987602233,0.0474499985575675,0.0719000026583671,0.0753500014543533,0.1181000024080276,0.2313999980688095,0.2668499946594238,0.2687999904155731,0.2958999872207641,0.3171499967575073,0.2418999969959259,0.1562999933958053,0.5621095299720764,0.3895063102245331,0.3542975175357732,0.3437481327211127,0.8999255895614624,89,1,90,177,0.2049535450182463,303.4450139497456,302.7371728127463,0.000867134866489,305,263,431
Chakalakonda,14.948,79.528,28_515_shc_2025-26.7705,113.0,3.8,254.5,0.13,0.0412999987602233,0.0474499985575675,0.0719000026583671,0.0753500014543533,0.1181000024080276,0.2313999980688095,0.2668499946594238,0.2687999904155731,0.2958999872207641,0.3171499967575073,0.2418999969959259,0.1562999933958053,0.5621095299720764,0.3895063102245331,0.3542975175357732,0.3437481327211127,0.8999255895614624,89,1,90,177,0.2049535450182463,303.4450139497456,302.7371728127463,0.000867134866489,305,263,431
Chakalakonda,14.948,79.528,28_515_shc_2025-26.7706,125.0,7.7,161.4,0.05,0.0412999987602233,0.0474499985575675,0.0719000026583671,0.0753500014543533,0.1181000024080276,0.2313999980688095,0.2668499946594238,0.2687999904155731,0.2958999872207641,0.3171499967575073,0.2418999969959259,0.1562999933958053,0.5621095299720764,0.3895063102245331,0.3542975175357732,0.3437481327211127,0.8999255895614624,89,1,90,177,0.2049535450182463,303.4450139497456,302.7371728127463,0.000867134866489,305,263,431
Satyavolu,14.950213,79.776471,28_515_shc_2025-26.11588,13.0,21.5,459.3,0.21,0.0410222224891185,0.0447777770459651,0.072727270424366,0.0527285709977149,0.139277771115303,0.2832399904727936,0.3255499899387359,0.3458249866962433,0.361299991607666,0.3264222145080566,0.2865400016307831,0.1696666628122329,0.7354003190994263,0.425780326128006,0.5524437822663998,0.4892803770941527,0.8285694122314453,49,1,0,180,0.2188685902378015,303.4457677874649,302.6913900208055,0.0009325364617423,319,286,394
Chakalakonda,14.952,79.518,28_515_shc_2025-26.6116,88.0,16.1,55.9,0.09,0.0410999990999698,0.0460000000894069,0.0766000002622604,0.1054000034928321,0.1616999953985214,0.2451000064611435,0.2748999893665313,0.2847000062465668,0.302700012922287,0.2890999913215637,0.3061999976634979,0.2186000049114227,0.4596257209777832,0.2755376696586609,0.2851281720749498,0.3021570623388088,1.075518012046814,90,2,64,174,0.2089262175978276,303.378106568989,302.6901607513428,0.0008641661358798,298,259,444
Chodavaram,14.952,79.822,28_515_shc_2025-26.11371,2.76,2.3,133.4,0.39,0.0537750013172626,0.069471426308155,0.0952888876199722,0.1155333369970321,0.1748124957084655,0.2374249994754791,0.2624500095844269,0.2506666779518127,0.290066659450531,0.2978500127792358,0.3251999914646148,0.2435750067234039,0.3690151274204254,0.1782794296741485,0.2374374411045235,0.2340106302631981,1.2973402738571167,53,2,244,186,0.2188685902378015,303.4457677874649,302.6913900208055,0.0009325364617423,305,313,382
Chodavaram,14.952,79.822,28_515_shc_2025-26.11364,88.0,62.8,112.4,0.62,0.0537750013172626,0.069471426308155,0.0952888876199722,0.1155333369970321,0.1748124957084655,0.2374249994754791,0.2624500095844269,0.2506666779518127,0.290066659450531,0.2978500127792358,0.3251999914646148,0.2435750067234039,0.3690151274204254,0.1782794296741485,0.2374374411045235,0.2340106302631981,1.2973402738571167,53,2,244,186,0.2188685902378015,303.4457677874649,302.6913900208055,0.0009325364617423,305,313,382
Maddurupadu (Part),14.952,79.962,28_515_shc_2025-26.8585,238.0,9.2,515.0,0.14,0.0610666684806346,0.1121499985456466,0.1481000036001205,0.1888666599988937,0.1821666657924652,0.2378333359956741,0.2609333395957947,0.2793000042438507,0.2771500051021576,0.2727499902248382,0.2920249998569488,0.2332166731357574,0.1931648552417755,0.2104883044958114,0.1438761366245826,0.1401101911245154,1.045560359954834,29,1,90,177,0.1078481841505619,303.51108182940567,302.75775343911687,0.0009660168532082,303,334,364
Maddurupadu (Part),14.952,79.962,28_515_shc_2025-26.10552,289.0,2.3,459.0,0.27,0.0610666684806346,0.1121499985456466,0.1481000036001205,0.1888666599988937,0.1821666657924652,0.2378333359956741,0.2609333395957947,0.2793000042438507,0.2771500051021576,0.2727499902248382,0.2920249998569488,0.2332166731357574,0.1931648552417755,0.2104883044958114,0.1438761366245826,0.1401101911245154,1.045560359954834,29,1,90,177,0.1078481841505619,303.51108182940567,302.75775343911687,0.0009660168532082,303,334,364
Maddurupadu (Part),14.952,80.008,28_515_shc_2025-26.7667,201.0,2.3,403.0,0.2,0.0545749999582767,0.0803999975323677,0.1171000003814697,0.1246500015258789,0.1821999996900558,0.2815249860286712,0.3332000076770782,0.3486000001430511,0.3593499958515167,0.3416250050067901,0.2756749987602234,0.1835999935865402,0.473217099905014,0.3134890794754028,0.374874446681844,0.3451579731309672,0.7908060550689697,13,2,27,177,0.1078481841505619,303.51108182940567,302.75775343911687,0.0009660168532082,300,348,352
Maddurupadu (Part),14.952,80.008,28_515_shc_2025-26.3053,113.0,4.6,571.0,0.24,0.0545749999582767,0.0803999975323677,0.1171000003814697,0.1246500015258789,0.1821999996900558,0.2815249860286712,0.3332000076770782,0.3486000001430511,0.3593499958515167,0.3416250050067901,0.2756749987602234,0.1835999935865402,0.473217099905014,0.3134890794754028,0.374874446681844,0.3451579731309672,0.7908060550689697,13,2,27,177,0.1078481841505619,303.51108182940567,302.75775343911687,0.0009660168532082,300,348,352
Maddurupadu (Part),14.952,80.008,28_515_shc_2025-26.2943,226.0,6.9,621.0,0.64,0.0545749999582767,0.0803999975323677,0.1171000003814697,0.1246500015258789,0.1821999996900558,0.2815249860286712,0.3332000076770782,0.3486000001430511,0.3593499958515167,0.3416250050067901,0.2756749987602234,0.1835999935865402,0.473217099905014,0.3134890794754028,0.374874446681844,0.3451579731309672,0.7908060550689697,13,2,27,177,0.1078481841505619,303.51108182940567,302.75775343911687,0.0009660168532082,300,348,352
Maddurupadu (Part),14.953721,80.005859,28_515_shc_2025-26.7650,201.0,12.3,434.0,0.24,0.0581714287400245,0.0799999982118606,0.1027000024914741,0.1194000020623207,0.1613000035285949,0.2275000065565109,0.2586333453655243,0.2599999904632568,0.2818999886512756,0.2923666536808014,0.2860499918460846,0.2083999961614608,0.3705851137638092,0.2342748343944549,0.2553763200035804,0.2398225885762333,1.100192308425903,13,2,0,180,0.1078481841505619,303.51108182940567,302.75775343911687,0.0009660168532082,307,333,359
Maddurupadu (Part),14.953721,80.005859,28_515_shc_2025-26.8504,251.0,6.9,335.0,0.24,0.0581714287400245,0.0799999982118606,0.1027000024914741,0.1194000020623207,0.1613000035285949,0.2275000065565109,0.2586333453655243,0.2599999904632568,0.2818999886512756,0.2923666536808014,0.2860499918460846,0.2083999961614608,0.3705851137638092,0.2342748343944549,0.2553763200035804,0.2398225885762333,1.100192308425903,13,2,0,180,0.1078481841505619,303.51108182940567,302.75775343911687,0.0009660168532082,307,333,359
Maddurupadu (Part),14.953721,80.005859,28_515_shc_2025-26.861,289.0,13.1,379.0,0.27,0.0581714287400245,0.0799999982118606,0.1027000024914741,0.1194000020623207,0.1613000035285949,0.2275000065565109,0.2586333453655243,0.2599999904632568,0.2818999886512756,0.2923666536808014,0.2860499918460846,0.2083999961614608,0.3705851137638092,0.2342748343944549,0.2553763200035804,0.2398225885762333,1.100192308425903,13,2,0,180,0.1078481841505619,303.51108182940567,302.75775343911687,0.0009660168532082,307,333,359
Maddurupadu (Part),14.953875,79.963146,28_515_shc_2025-26.2931,314.0,9.2,335.0,0.64,0.0445222221314907,0.0603444427251815,0.0926444455981254,0.0995000004768371,0.158585712313652,0.2518250048160553,0.2833249866962433,0.2916499972343445,0.3057999908924103,0.293687492609024,0.3050999939441681,0.2071000039577484,0.4912437498569488,0.2955436110496521,0.3345074422370622,0.3234303942956117,1.0461169481277466,30,1,270,183,0.1078481841505619,303.51108182940567,302.75775343911687,0.0009660168532082,295,331,374
Chodavaram,14.955,79.815,28_515_shc_2025-26.7580,289.0,3.5,259.9,0.68,0.041337501257658,0.0527999997138977,0.0829750001430511,0.1191999986767768,0.1751500070095062,0.2585999965667724,0.294649988412857,0.307200014591217,0.3273166716098785,0.3194000124931335,0.2756499946117401,0.1815000027418136,0.440900593996048,0.2737638652324676,0.2889818231946266,0.3044041664862129,0.8972980976104736,46,1,90,177,0.2188685902378015,303.4457677874649,302.6913900208055,0.0009325364617423,315,309,376
Maddurupadu (Part),14.955,79.965,28_515_shc_2025-26.2876,176.0,8.4,447.0,0.1,0.0410090908408165,0.0486111119389534,0.0799555554986,0.103311114013195,0.1547749936580658,0.2145458310842514,0.2403428554534912,0.2467000037431717,0.2587428689002991,0.2624000012874603,0.2874999940395355,0.2090000063180923,0.4096695184707641,0.2289682030677795,0.2386659111337028,0.2530359075334035,1.165382981300354,30,1,134,177,0.1078481841505619,303.51108182940567,302.75775343911687,0.0009660168532082,308,329,362
Maddurupadu (Part),14.955,80.005,28_515_shc_2025-26.6086,238.0,3.8,447.0,0.54,0.0509999990463256,0.0419000014662742,0.0729333311319351,0.0493500009179115,0.1286666691303253,0.2406499981880188,0.2802500128746032,0.2816999852657318,0.3045499920845032,0.3231000006198883,0.2115200012922287,0.1231999993324279,0.7018576860427856,0.3729184865951538,0.4597166476726635,0.4193790774514425,0.7508697509765625,17,4,165,177,0.1078481841505619,303.51108182940567,302.75775343911687,0.0009660168532082,315,328,357
Maddurupadu (Part),14.956769,79.9938,28_515_shc_2025-26.7655,188.0,14.6,447.0,0.3,0.0644666701555252,0.0754000023007392,0.1145400032401084,0.1471000015735626,0.197840005159378,0.2514500021934509,0.2897500097751617,0.3025250136852264,0.3061499893665313,0.2435571402311325,0.3298749923706054,0.2293000072240829,0.3456769585609436,0.2092172801494598,0.2399089473616672,0.2455048197145078,1.0904057025909424,17,4,76,168,0.1078481841505619,303.51108182940567,302.75775343911687,0.0009660168532082,300,332,368
Maddurupadu (Part),14.956986,80.002703,28_515_shc_2025-26.839,238.0,16.1,478.0,0.18,0.0539666675031185,0.0849333330988884,0.1234500035643577,0.1793666630983352,0.2040999978780746,0.2446999996900558,0.2678999900817871,0.2762500047683716,0.2901000082492828,0.2860333323478699,0.3483000099658966,0.2594499886035919,0.2126422226428985,0.150202989578247,0.1411923147142123,0.1520745895207899,1.260814547538757,15,1,0,180,0.1078481841505619,303.51108182940567,302.75775343911687,0.0009660168532082,303,339,358
Maddurupadu (Part),14.957313,79.998646,28_515_shc_2025-26.838,226.0,13.1,397.0,0.24,0.0527999997138977,0.0539500005543231,0.0844333320856094,0.089649997651577,0.1611499935388565,0.2484000027179718,0.2885999977588653,0.2627499997615814,0.3177500069141388,0.3073000013828277,0.2908999919891357,0.1969749927520752,0.4912031888961792,0.2396791875362396,0.3099872932114784,0.3046105161344272,1.1071360111236572,18,2,0,180,0.1078481841505619,303.51108182940567,302.75775343911687,0.0009660168532082,305,329,366
Chakalakonda,14.957625,79.511017,28_515_shc_2025-26.726,113.0,0.8,180.0,0.32,0.0333999991416931,0.0524999983608722,0.0860000029206276,0.0751999989151954,0.151199996471405,0.2515000104904175,0.3009999990463257,0.3156000077724457,0.3375999927520752,0.3235000073909759,0.2542000114917755,0.1412000060081482,0.6151484251022339,0.3521851003170013,0.4377116756192672,0.4048046818350773,0.8054499626159668,87,1,46,177,0.2089262175978276,303.378106568989,302.6901607513428,0.0008641661358798,294,275,431
Maddurupadu (Part),14.958,79.962,28_515_shc_2025-26.10543,201.0,13.8,391.0,0.35,0.0674099996685981,0.074883334338665,0.1068999990820884,0.1432749927043914,0.201633334159851,0.2711249887943268,0.2911714315414428,0.2984285652637481,0.3293600082397461,0.3229833245277405,0.3695999979972839,0.2660000026226043,0.3512617647647857,0.1935665011405944,0.2429660043396123,0.2471376017110778,1.2384873628616333,23,3,325,186,0.1078481841505619,303.51108182940567,302.75775343911687,0.0009660168532082,314,323,363
Maddurupadu (Part),14.958,79.962,28_515_shc_2025-26.7630,238.0,9.2,273.0,0.3,0.0674099996685981,0.074883334338665,0.1068999990820884,0.1432749927043914,0.201633334159851,0.2711249887943268,0.2911714315414428,0.2984285652637481,0.3293600082397461,0.3229833245277405,0.3695999979972839,0.2660000026226043,0.3512617647647857,0.1935665011405944,0.2429660043396123,0.2471376017110778,1.2384873628616333,23,3,325,186,0.1078481841505619,303.51108182940567,302.75775343911687,0.0009660168532082,314,323,363
Maddurupadu (Part),14.958,79.962,28_515_shc_2025-26.10540,75.0,15.4,335.0,0.08,0.0674099996685981,0.074883334338665,0.1068999990820884,0.1432749927043914,0.201633334159851,0.2711249887943268,0.2911714315414428,0.2984285652637481,0.3293600082397461,0.3229833245277405,0.3695999979972839,0.2660000026226043,0.3512617647647857,0.1935665011405944,0.2429660043396123,0.2471376017110778,1.2384873628616333,23,3,325,186,0.1078481841505619,303.51108182940567,302.75775343911687,0.0009660168532082,314,323,363
Maddurupadu (Part),14.958,80.008,28_515_shc_2025-26.10995,188.0,10.0,397.0,0.45,0.0409500002861022,0.049100000411272,0.0802500024437904,0.08342856913805,0.1330000013113021,0.2347750067710876,0.2692333459854126,0.2580333352088928,0.2914333343505859,0.2966749966144562,0.2391999959945678,0.1501500010490417,0.5113447904586792,0.3197510838508606,0.3139572228841908,0.3112525329468478,0.9270119667053224,16,2,270,186,0.1078481841505619,303.51108182940567,302.75775343911687,0.0009660168532082,312,342,346
Anemadugu,14.958184,80.026031,28_515_shc_2025-26.2759,213.0,31.5,385.0,0.15,0.0450000017881393,0.0694499984383583,0.1098000034689903,0.1015499979257583,0.1568499952554702,0.2870000004768371,0.3411999940872192,0.3557499945163727,0.3868499994277954,0.386599987745285,0.2189999967813491,0.1130499988794326,0.5558714270591736,0.388021856546402,0.4400436195143825,0.3983077383226566,0.6156008243560791,8,2,180,180,0.1078481841505619,303.51108182940567,302.75775343911687,0.0009660168532082,308,368,323
Anemadugu,14.958184,80.026031,28_515_shc_2025-26.940,301.0,30.0,552.0,0.44,0.0450000017881393,0.0694499984383583,0.1098000034689903,0.1015499979257583,0.1568499952554702,0.2870000004768371,0.3411999940872192,0.3557499945163727,0.3868499994277954,0.386599987745285,0.2189999967813491,0.1130499988794326,0.5558714270591736,0.388021856546402,0.4400436195143825,0.3983077383226566,0.6156008243560791,8,2,180,180,0.1078481841505619,303.51108182940567,302.75775343911687,0.0009660168532082,308,368,323
Maddurupadu (Part),14.958773,79.962696,28_515_shc_2025-26.10546,238.0,12.3,621.0,0.14,0.0519400015473365,0.0784000009298324,0.1120000034570694,0.1327999979257583,0.1849499940872192,0.2831499874591827,0.3312000036239624,0.3539666533470154,0.3777999877929687,0.3258000016212463,0.3407999873161316,0.2267999947071075,0.454358696937561,0.3136230111122131,0.3538062731499805,0.3361990220321899,0.962802529335022,21,3,19,177,0.1078481841505619,303.51108182940567,302.75775343911687,0.0009660168532082,314,323,363
Satyavolu,14.962,79.752,28_515_shc_2025-26.3898,38.0,1.5,192.4,0.18,0.0355124995112419,0.0391666665673255,0.0682500004768371,0.0559000000357627,0.1221000030636787,0.2580499947071075,0.3048999905586242,0.3102999925613403,0.3298499882221222,0.32328000664711,0.262800008058548,0.1536333262920379,0.6947023272514343,0.4352451264858246,0.4704315872346476,0.4405448996186502,0.8469223976135254,49,3,19,177,0.2188685902378015,303.4457677874649,302.6913900208055,0.0009325364617423,280,305,415
Satyavolu,14.962,79.752,28_515_shc_2025-26.4132,50.0,21.5,298.0,0.17,0.0355124995112419,0.0391666665673255,0.0682500004768371,0.0559000000357627,0.1221000030636787,0.2580499947071075,0.3048999905586242,0.3102999925613403,0.3298499882221222,0.32328000664711,0.262800008058548,0.1536333262920379,0.6947023272514343,0.4352451264858246,0.4704315872346476,0.4405448996186502,0.8469223976135254,49,3,19,177,0.2188685902378015,303.4457677874649,302.6913900208055,0.0009325364617423,280,305,415
Satyavolu,14.962,79.758,28_515_shc_2025-26.1163,13.0,2.3,161.4,0.31,0.0472000017762184,0.0644166693091392,0.1003250032663345,0.1409250050783157,0.1964499950408935,0.2756499946117401,0.3079999983310699,0.2887499928474426,0.3341499865055084,0.3136500120162964,0.3382250070571899,0.2491499930620193,0.3440390825271606,0.1902308315038681,0.223817868269399,0.2385107506907459,1.1713420152664185,48,2,64,174,0.2188685902378015,303.4457677874649,302.6913900208055,0.0009325364617423,286,297,418
Chodavaram,14.962,79.812,28_515_shc_2025-26.2518,38.0,11.7,259.9,0.81,0.0522999987006187,0.0670249983668327,0.0995500013232231,0.1351999938488006,0.1758999973535537,0.2650499939918518,0.3079499900341034,0.3115499913692474,0.3345000147819519,0.325650006532669,0.3025749921798706,0.2188999950885772,0.3947398066520691,0.2782849371433258,0.2721345644752947,0.2794032219812993,0.9711924195289612,43,3,123,171,0.2188685902378015,303.4457677874649,302.6913900208055,0.0009325364617423,315,309,376
Maddurupadu (Part),14.962,79.962,28_515_shc_2025-26.8587,201.0,10.8,621.0,0.2,0.0573000013828277,0.0778499990701675,0.1133000031113624,0.119949996471405,0.193350002169609,0.2989000082015991,0.3408666551113128,0.3531500101089477,0.3868499994277954,0.3769499957561493,0.3217499852180481,0.2152500003576278,0.4929190576076507,0.2924062311649322,0.3915445428531943,0.3594697544865649,0.911085844039917,19,2,0,180,0.1078481841505619,303.51108182940567,302.75775343911687,0.0009660168532082,304,343,352
Maddurupadu (Part),14.962211,80.004393,28_515_shc_2025-26.8551,188.0,13.1,528.0,0.32,0.0515000000596046,0.0627250000834465,0.1033999994397163,0.1130499988794326,0.1763000041246414,0.2818999886512756,0.3177999854087829,0.3465999960899353,0.3580000102519989,0.3446333408355713,0.2618499994277954,0.156700000166893,0.5081039667129517,0.3256836831569671,0.3756121471282794,0.3650549655105623,0.7554818391799927,12,1,134,177,0.1078481841505619,303.51108182940567,302.75775343911687,0.0009660168532082,311,341,348
Maddurupadu (Part),14.962211,80.004393,28_515_shc_2025-26.517,289.0,18.1,379.0,0.35,0.0515000000596046,0.0627250000834465,0.1033999994397163,0.1130499988794326,0.1763000041246414,0.2818999886512756,0.3177999854087829,0.3465999960899353,0.3580000102519989,0.3446333408355713,0.2618499994277954,0.156700000166893,0.5081039667129517,0.3256836831569671,0.3756121471282794,0.3650549655105623,0.7554818391799927,12,1,134,177,0.1078481841505619,303.51108182940567,302.75775343911687,0.0009660168532082,311,341,348
Maddurupadu (Part),14.962211,80.004393,28_515_shc_2025-26.7722,226.0,3.8,434.0,0.08,0.0515000000596046,0.0627250000834465,0.1033999994397163,0.1130499988794326,0.1763000041246414,0.2818999886512756,0.3177999854087829,0.3465999960899353,0.3580000102519989,0.3446333408355713,0.2618499994277954,0.156700000166893,0.5081039667129517,0.3256836831569671,0.3756121471282794,0.3650549655105623,0.7554818391799927,12,1,134,177,0.1078481841505619,303.51108182940567,302.75775343911687,0.0009660168532082,311,341,348
Satyavolu,14.963328,79.732471,28_515_shc_2025-26.6690,201.0,7.7,247.6,0.06,0.0357000008225441,0.0450999997556209,0.0662000030279159,0.0916000008583068,0.1189000010490417,0.2017000019550323,0.2251999974250793,0.2269999980926513,0.2401999980211258,0.2406000047922134,0.2251999974250793,0.1680999994277954,0.4249843060970306,0.3125180602073669,0.235339098196848,0.2481065185826909,0.992070496082306,50,2,180,180,0.2185926270066646,303.59353711312275,302.8862313722309,0.0009189712914618,302,294,404
Maddurupadu (Part),14.963844,80.002478,28_515_shc_2025-26.867,213.0,0.8,521.0,0.49,0.0575666651129722,0.0676499977707862,0.1093999966979026,0.1044333353638649,0.1699000000953674,0.2763999998569488,0.3267000019550323,0.3418000042438507,0.3619000017642975,0.3308500051498413,0.2549999952316284,0.1652999967336654,0.5319339632987976,0.3359390199184418,0.4061646164420007,0.3762813974273914,0.7460502982139587,13,2,207,183,0.1078481841505619,303.51108182940567,302.75775343911687,0.0009660168532082,299,355,346
Maddurupadu (Part),14.963844,80.002478,28_515_shc_2025-26.8559,238.0,11.5,621.0,0.27,0.0575666651129722,0.0676499977707862,0.1093999966979026,0.1044333353638649,0.1699000000953674,0.2763999998569488,0.3267000019550323,0.3418000042438507,0.3619000017642975,0.3308500051498413,0.2549999952316284,0.1652999967336654,0.5319339632987976,0.3359390199184418,0.4061646164420007,0.3762813974273914,0.7460502982139587,13,2,207,183,0.1078481841505619,303.51108182940567,302.75775343911687,0.0009660168532082,299,355,346
Satyavolu,14.966161,79.75748,28_515_shc_2025-26.3612,50.0,16.1,136.6,0.05,0.0551799982786178,0.0707499980926513,0.1011499986052513,0.1322499960660934,0.1817083358764648,0.2544000148773193,0.2872250080108642,0.2904999852180481,0.3218624889850616,0.3164666593074798,0.3413000106811523,0.2481500059366226,0.3743346929550171,0.2303891032934188,0.2546873607550197,0.2572473460227981,1.1748709678649902,45,3,0,180,0.2188685902378015,303.4457677874649,302.6913900208055,0.0009325364617423,283,305,412
Chennayapalem,14.970048,80.042034,28_515_shc_2025-26.10468,188.0,32.3,323.0,0.25,0.0641999989748001,0.1030500009655952,0.155349999666214,0.1840499937534332,0.2024500072002411,0.2712500095367431,0.3014000058174133,0.2985999882221222,0.3197000026702881,0.3417499959468841,0.3251999914646148,0.2391999959945678,0.2373355478048324,0.1918969750404358,0.1756874870618134,0.1748587949470982,1.0890823602676392,7,2,0,180,0.1078481841505619,303.51108182940567,302.75775343911687,0.0009660168532082,315,352,334
Chennayapalem,14.970048,80.042034,28_515_shc_2025-26.10469,251.0,87.6,329.0,0.2,0.0641999989748001,0.1030500009655952,0.155349999666214,0.1840499937534332,0.2024500072002411,0.2712500095367431,0.3014000058174133,0.2985999882221222,0.3197000026702881,0.3417499959468841,0.3251999914646148,0.2391999959945678,0.2373355478048324,0.1918969750404358,0.1756874870618134,0.1748587949470982,1.0890823602676392,7,2,0,180,0.1078481841505619,303.51108182940567,302.75775343911687,0.0009660168532082,315,352,334
Chinthaladevi,14.975,79.645,28_515_shc_2025-26.11535,1796.0,3.8,378.6,0.1,0.0540000014007091,0.0483999997377395,0.0821999981999397,0.0766000002622604,0.167600005865097,0.2723999917507171,0.3147999942302704,0.3291999995708465,0.3476999998092651,0.3443999886512756,0.2689000070095062,0.1796000003814697,0.6224741339683533,0.3252817988395691,0.4429092417543934,0.418304260358458,0.816828727722168,58,2,207,183,0.20570885507684,303.54213052046924,302.8434682143362,0.0009008922523848,307,297,397
Chinthaladevi,14.975,79.645,28_515_shc_2025-26.11511,125.0,7.7,422.1,0.24,0.0540000014007091,0.0483999997377395,0.0821999981999397,0.0766000002622604,0.167600005865097,0.2723999917507171,0.3147999942302704,0.3291999995708465,0.3476999998092651,0.3443999886512756,0.2689000070095062,0.1796000003814697,0.6224741339683533,0.3252817988395691,0.4429092417543934,0.418304260358458,0.816828727722168,58,2,207,183,0.20570885507684,303.54213052046924,302.8434682143362,0.0009008922523848,307,297,397
Anemadugu,14.9751,80.002703,28_515_shc_2025-26.2844,201.0,0.8,521.0,0.48,0.0584499984979629,0.0756333321332931,0.1171416640281677,0.154349997639656,0.2010000050067901,0.2867499887943268,0.3325999975204468,0.3458000123500824,0.3751499950885772,0.3775500059127807,0.3400000035762787,0.2327750027179718,0.3827852010726928,0.2648134529590606,0.2807761327884064,0.2871319494048556,0.9832272529602052,15,2,180,180,0.1078481841505619,303.51108182940567,302.75775343911687,0.0009660168532082,316,346,338
Chinthaladevi,14.978,79.648,28_515_shc_2025-26.638,88.0,6.9,409.7,0.19,0.0419000014662742,0.0465000011026859,0.0762000009417533,0.0689999982714653,0.1266999989748001,0.2239000052213668,0.2538999915122986,0.2775999903678894,0.2876999974250793,0.2883999943733215,0.240799993276596,0.1398999989032745,0.6018465161323547,0.373237669467926,0.3883531230004453,0.3695960221397182,0.8674351572990417,58,2,180,180,0.20570885507684,303.54213052046924,302.8434682143362,0.0009008922523848,316,298,386
Chinthaladevi,14.978,79.648,28_515_shc_2025-26.644,151.0,1.5,428.3,0.34,0.0419000014662742,0.0465000011026859,0.0762000009417533,0.0689999982714653,0.1266999989748001,0.2239000052213668,0.2538999915122986,0.2775999903678894,0.2876999974250793,0.2883999943733215,0.240799993276596,0.1398999989032745,0.6018465161323547,0.373237669467926,0.3883531230004453,0.3695960221397182,0.8674351572990417,58,2,180,180,0.20570885507684,303.54213052046924,302.8434682143362,0.0009008922523848,316,298,386
Chinthaladevi,14.980394,79.647092,28_515_shc_2025-26.671,100.0,3.8,397.3,0.27,0.0623000003397464,0.0674000009894371,0.1158000007271766,0.1199999973177909,0.1861999928951263,0.2793000042438507,0.3228999972343445,0.3463999927043915,0.3600000143051147,0.3531999886035919,0.3003000020980835,0.2075999975204467,0.4854202270507812,0.3007885813713074,0.3626113137538763,0.3514072812356979,0.8669168949127197,57,1,90,177,0.20570885507684,303.54213052046924,302.8434682143362,0.0009008922523848,311,292,397
Chinthaladevi,14.986485,79.647325,28_515_shc_2025-26.645,100.0,7.7,453.1,0.31,0.0489000007510185,0.0694999992847442,0.1004000008106231,0.1164000034332275,0.152999997138977,0.2395000010728836,0.2768999934196472,0.277999997138977,0.3122000098228454,0.2928000092506408,0.2718000113964081,0.1743000000715255,0.409736305475235,0.2900232076644897,0.277634592894374,0.2710196672669338,0.9776979088783264,59,0,0,180,0.20570885507684,303.54213052046924,302.8434682143362,0.0009008922523848,315,294,391
Chalamcherla,14.993612,79.912011,28_515_shc_2025-26.2807,314.0,17.7,366.0,0.1,0.0471128560602664,0.0491153858602047,0.0766799971461296,0.0914300009608268,0.1599999964237213,0.2440166622400283,0.2701599895954132,0.2842999994754791,0.2879999876022339,0.2957850098609924,0.296099990606308,0.1994500011205673,0.5133207440376282,0.2797659337520599,0.3292387747926072,0.3303586694847052,1.0415054559707642,45,2,207,183,0.2054057874177631,303.5910871405351,302.8397118752463,0.0009476236260272,331,310,359
Chinthaladevi,14.994914,79.643355,28_515_shc_2025-26.676,151.0,13.1,384.9,0.18,0.0445999987423419,0.0538000017404556,0.0821999981999397,0.0817999988794326,0.1394000053405761,0.2216999977827072,0.2496999949216842,0.2678000032901764,0.2827999889850616,0.2799000144004822,0.2583000063896179,0.1579000055789947,0.5320366024971008,0.3153241574764251,0.3431481194629329,0.328389837457201,0.9645257592201232,64,2,296,186,0.20570885507684,303.54213052046924,302.8434682143362,0.0009008922523848,331,296,374
Chinthaladevi,14.999118,79.640318,28_515_shc_2025-26.87,50.0,28.4,360.0,0.21,0.0542999990284442,0.0934000015258789,0.1182999983429908,0.1378999948501587,0.1767999976873397,0.2242999970912933,0.2440000027418136,0.231000006198883,0.26460000872612,0.2684000134468078,0.2833999991416931,0.2305999994277954,0.2523719370365143,0.1329083144664764,0.1714043998579391,0.1607204705426217,1.2268397808074951,64,6,90,162,0.20570885507684,303.54213052046924,302.8434682143362,0.0009008922523848,330,294,376
Mutyalapadu,15.005,79.815,28_515_shc_2024-25.3748,151.0,5.4,111.7,0.06,0.0940939411520958,0.1519533395767212,0.181425005197525,0.208539992570877,0.206787496805191,0.2370499968528747,0.2521285712718963,0.2808666527271271,0.2716000080108642,0.2596833407878876,0.3060666620731354,0.2630000114440918,0.1477843821048736,0.151909202337265,0.1298544280751642,0.10965156818984,1.0897222757339478,40,1,180,180,0.2188685902378015,303.4457677874649,302.6913900208055,0.0009325364617423,302,304,394
Nekunampeta,15.005409,79.69359,28_515_shc_2025-26.6365,226.0,23.0,161.4,0.02,0.0521499998867511,0.0802500024437904,0.1165499985218048,0.1449999958276748,0.1920499950647354,0.2674500048160553,0.3126499950885772,0.3366000056266784,0.3405500054359436,0.310699999332428,0.3397499918937683,0.232800006866455,0.3978405594825744,0.2734323441982269,0.2984935336343433,0.2927873006037991,1.009358286857605,49,4,345,183,0.2185926270066646,303.59353711312275,302.8862313722309,0.0009189712914618,320,289,391
Nekunampeta,15.00774,79.695313,28_515_shc_2025-26.4121,113.0,13.8,229.7,0.02,0.0463000014424324,0.050050001591444,0.0830499976873397,0.0719999969005584,0.153899997472763,0.2561999857425689,0.3037500083446502,0.313400000333786,0.3374499976634979,0.3152999877929687,0.3057000041007995,0.1999000012874603,0.6263622641563416,0.341322511434555,0.4405029265054883,0.4089677053093574,0.9754307866096495,46,3,180,180,0.2185926270066646,303.59353711312275,302.8862313722309,0.0009189712914618,327,281,392
Nekunampeta,15.00774,79.695313,28_515_shc_2025-26.4115,138.0,1.5,266.9,0.3,0.0463000014424324,0.050050001591444,0.0830499976873397,0.0719999969005584,0.153899997472763,0.2561999857425689,0.3037500083446502,0.313400000333786,0.3374499976634979,0.3152999877929687,0.3057000041007995,0.1999000012874603,0.6263622641563416,0.341322511434555,0.4405029265054883,0.4089677053093574,0.9754307866096495,46,3,180,180,0.2185926270066646,303.59353711312275,302.8862313722309,0.0009189712914618,327,281,392
Nekunampeta,15.009502,79.775871,28_515_shc_2025-26.3175,151.0,8.4,198.6,0.22,0.0497500002384185,0.0465000011026859,0.0761500000953674,0.0733250007033348,0.1265249997377395,0.262800008058548,0.3042249977588653,0.323199987411499,0.3324750065803528,0.333950012922287,0.2508499920368194,0.1600500047206878,0.6301620006561279,0.4373227953910827,0.4416625241226476,0.4180725412354457,0.776144802570343,35,1,314,183,0.2188685902378015,303.4457677874649,302.6913900208055,0.0009325364617423,282,297,421
Nekunampeta,15.010292,79.697037,28_515_shc_2025-26.4137,75.0,30.7,204.8,0.31,0.0429500006139278,0.0560999996960163,0.0926000028848648,0.1102999970316886,0.1528500020503997,0.2404499948024749,0.2766000032424927,0.302949994802475,0.3048500120639801,0.3046999871730804,0.2859500050544739,0.1916999965906143,0.4661827087402344,0.3293111026287079,0.3119332907335283,0.3164248554503728,0.9438851475715636,45,1,46,177,0.2185926270066646,303.59353711312275,302.8862313722309,0.0009189712914618,324,270,405
Nekunampeta,15.011291,79.693015,28_515_shc_2025-26.6538,88.0,3.1,434.5,0.06,0.0505999997258186,0.0736500024795532,0.1084999963641166,0.1493500024080276,0.1909999996423721,0.2477000057697296,0.2815000116825104,0.295549988746643,0.3122000098228454,0.3147999942302704,0.3627499938011169,0.2576000094413757,0.3286131620407104,0.2148802578449249,0.22296440150713,0.23208803213125,1.2273727655410769,45,4,180,180,0.2185926270066646,303.59353711312275,302.8862313722309,0.0009189712914618,305,304,391
Nekunampeta,15.022,79.722,28_515_shc_2025-26.3756,213.0,35.3,266.9,0.3,0.0643500015139579,0.0471000000834465,0.0700000002980232,0.0560000017285347,0.1167000010609626,0.2337000072002411,0.2770499885082245,0.3064000010490417,0.2998499870300293,0.2921499907970428,0.2309000045061111,0.146599993109703,0.6909492015838623,0.4483573734760284,0.4855912756929764,0.4355287543727344,0.7535901069641113,45,3,180,180,0.2185926270066646,303.59353711312275,302.8862313722309,0.0009189712914618,312,287,401
Nekunampeta,15.022,79.722,28_515_shc_2025-26.3742,163.0,36.1,161.4,0.41,0.0643500015139579,0.0471000000834465,0.0700000002980232,0.0560000017285347,0.1167000010609626,0.2337000072002411,0.2770499885082245,0.3064000010490417,0.2998499870300293,0.2921499907970428,0.2309000045061111,0.146599993109703,0.6909492015838623,0.4483573734760284,0.4855912756929764,0.4355287543727344,0.7535901069641113,45,3,180,180,0.2185926270066646,303.59353711312275,302.8862313722309,0.0009189712914618,312,287,401
Nekunampeta,15.022,79.722,28_515_shc_2025-26.3447,100.0,27.6,117.9,0.1,0.0643500015139579,0.0471000000834465,0.0700000002980232,0.0560000017285347,0.1167000010609626,0.2337000072002411,0.2770499885082245,0.3064000010490417,0.2998499870300293,0.2921499907970428,0.2309000045061111,0.146599993109703,0.6909492015838623,0.4483573734760284,0.4855912756929764,0.4355287543727344,0.7535901069641113,45,3,180,180,0.2185926270066646,303.59353711312275,302.8862313722309,0.0009189712914618,312,287,401
Nekunampeta,15.022,79.722,28_515_shc_2025-26.3461,113.0,8.4,155.2,0.31,0.0643500015139579,0.0471000000834465,0.0700000002980232,0.0560000017285347,0.1167000010609626,0.2337000072002411,0.2770499885082245,0.3064000010490417,0.2998499870300293,0.2921499907970428,0.2309000045061111,0.146599993109703,0.6909492015838623,0.4483573734760284,0.4855912756929764,0.4355287543727344,0.7535901069641113,45,3,180,180,0.2185926270066646,303.59353711312275,302.8862313722309,0.0009189712914618,312,287,401
Nekunampeta,15.031242,79.709323,28_515_shc_2025-26.1462,100.0,10.0,167.6,0.18,0.0428499989211559,0.0429500006139278,0.065700002014637,0.0687500014901161,0.1181500032544136,0.2213999927043914,0.2539499998092651,0.2576999962329864,0.2793000042438507,0.2847500145435333,0.1894499957561493,0.1167000010609626,0.578802227973938,0.3712917268276214,0.3504070520243425,0.3429426981609908,0.7351571321487427,49,3,325,186,0.2185926270066646,303.59353711312275,302.8862313722309,0.0009189712914618,305,321,375
Nekunampeta,15.033018,79.714264,28_515_shc_2025-26.6318,50.0,32.3,235.9,0.19,0.0582000017166137,0.0623000003397464,0.0873999968171119,0.0970500037074089,0.1527500003576278,0.19930000603199,0.2258999943733215,0.2328999936580658,0.2468499988317489,0.2433999925851822,0.2637999951839447,0.2144999951124191,0.4117290079593658,0.2078309208154678,0.2519566538164673,0.2455268215830254,1.1326749324798584,50,2,27,177,0.2185926270066646,303.59353711312275,302.8862313722309,0.0009189712914618,293,335,373
Nekunampeta,15.034682,79.717137,28_515_shc_2025-26.6530,188.0,18.4,105.5,0.05,0.0685999989509582,0.0878000035881996,0.1238000020384788,0.1428000032901764,0.1908999979496002,0.2220000028610229,0.2408999949693679,0.2430000007152557,0.2671000063419342,0.2592000067234039,0.2782999873161316,0.2451000064611435,0.2597200572490692,0.1200737580657005,0.1738014255773387,0.1696771228922881,1.1452674865722656,50,2,27,177,0.2185926270066646,303.59353711312275,302.8862313722309,0.0009189712914618,293,335,373
Nekunampeta,15.034682,79.717137,28_515_shc_2025-26.6366,151.0,10.8,285.5,0.43,0.0685999989509582,0.0878000035881996,0.1238000020384788,0.1428000032901764,0.1908999979496002,0.2220000028610229,0.2408999949693679,0.2430000007152557,0.2671000063419342,0.2592000067234039,0.2782999873161316,0.2451000064611435,0.2597200572490692,0.1200737580657005,0.1738014255773387,0.1696771228922881,1.1452674865722656,50,2,27,177,0.2185926270066646,303.59353711312275,302.8862313722309,0.0009189712914618,293,335,373
Nekunampeta,15.034682,79.717137,28_515_shc_2025-26.977,50.0,29.2,149.0,0.22,0.0685999989509582,0.0878000035881996,0.1238000020384788,0.1428000032901764,0.1908999979496002,0.2220000028610229,0.2408999949693679,0.2430000007152557,0.2671000063419342,0.2592000067234039,0.2782999873161316,0.2451000064611435,0.2597200572490692,0.1200737580657005,0.1738014255773387,0.1696771228922881,1.1452674865722656,50,2,27,177,0.2185926270066646,303.59353711312275,302.8862313722309,0.0009189712914618,293,335,373
Nekunampeta,15.034682,79.717137,28_515_shc_2025-26.6348,38.0,5.4,86.9,0.25,0.0685999989509582,0.0878000035881996,0.1238000020384788,0.1428000032901764,0.1908999979496002,0.2220000028610229,0.2408999949693679,0.2430000007152557,0.2671000063419342,0.2592000067234039,0.2782999873161316,0.2451000064611435,0.2597200572490692,0.1200737580657005,0.1738014255773387,0.1696771228922881,1.1452674865722656,50,2,27,177,0.2185926270066646,303.59353711312275,302.8862313722309,0.0009189712914618,293,335,373
Nekunampeta,15.03647,79.720125,28_515_shc_2025-26.3771,201.0,24.6,235.9,0.12,0.0720999985933303,0.0900000035762786,0.1184000000357627,0.1559000015258789,0.1896000057458877,0.2161500006914138,0.2408999949693679,0.24719999730587,0.2754000127315521,0.2664499878883362,0.2903499901294708,0.2412000000476837,0.2264946550130844,0.1318681091070175,0.1513995705310536,0.1516443293623578,1.1745549440383911,48,1,270,183,0.2185926270066646,303.59353711312275,302.8862313722309,0.0009189712914618,300,324,376
Nekunampeta,15.03647,79.720125,28_515_shc_2025-26.3796,188.0,20.7,130.4,0.07,0.0720999985933303,0.0900000035762786,0.1184000000357627,0.1559000015258789,0.1896000057458877,0.2161500006914138,0.2408999949693679,0.24719999730587,0.2754000127315521,0.2664499878883362,0.2903499901294708,0.2412000000476837,0.2264946550130844,0.1318681091070175,0.1513995705310536,0.1516443293623578,1.1745549440383911,48,1,270,183,0.2185926270066646,303.59353711312275,302.8862313722309,0.0009189712914618,300,324,376
Nekunampeta,15.03647,79.720125,28_515_shc_2025-26.4048,176.0,25.3,229.7,0.04,0.0720999985933303,0.0900000035762786,0.1184000000357627,0.1559000015258789,0.1896000057458877,0.2161500006914138,0.2408999949693679,0.24719999730587,0.2754000127315521,0.2664499878883362,0.2903499901294708,0.2412000000476837,0.2264946550130844,0.1318681091070175,0.1513995705310536,0.1516443293623578,1.1745549440383911,48,1,270,183,0.2185926270066646,303.59353711312275,302.8862313722309,0.0009189712914618,300,324,376
Nekunampeta,15.03647,79.720125,28_515_shc_2025-26.4049,138.0,7.7,285.5,0.02,0.0720999985933303,0.0900000035762786,0.1184000000357627,0.1559000015258789,0.1896000057458877,0.2161500006914138,0.2408999949693679,0.24719999730587,0.2754000127315521,0.2664499878883362,0.2903499901294708,0.2412000000476837,0.2264946550130844,0.1318681091070175,0.1513995705310536,0.1516443293623578,1.1745549440383911,48,1,270,183,0.2185926270066646,303.59353711312275,302.8862313722309,0.0009189712914618,300,324,376
Narasimhapuram,15.044387,79.671132,28_515_shc_2025-26.9365,88.0,21.5,554.8,0.24,0.0546999983489513,0.0755499973893165,0.1168000027537345,0.1756000071763992,0.2184499949216842,0.2671500146389007,0.2914499938488006,0.2982499897480011,0.3151000142097473,0.3075999915599823,0.3743500113487243,0.292849987745285,0.2588371634483337,0.1544416397809982,0.1717570319882654,0.1889151044189865,1.2551552057266235,51,5,348,183,0.2185926270066646,303.59353711312275,302.8862313722309,0.0009189712914618,293,303,404
Narasimhapuram,15.044387,79.671132,28_515_shc_2025-26.9349,151.0,43.78,505.7,0.35,0.0546999983489513,0.0755499973893165,0.1168000027537345,0.1756000071763992,0.2184499949216842,0.2671500146389007,0.2914499938488006,0.2982499897480011,0.3151000142097473,0.3075999915599823,0.3743500113487243,0.292849987745285,0.2588371634483337,0.1544416397809982,0.1717570319882654,0.1889151044189865,1.2551552057266235,51,5,348,183,0.2185926270066646,303.59353711312275,302.8862313722309,0.0009189712914618,293,303,404
Mogilicherla,15.0466,79.652665,28_515_shc_2025-26.2131,213.0,34.6,196.6,0.06,0.0753000006079673,0.1006999984383583,0.1402000039815902,0.1635999977588653,0.2157000005245208,0.292600005865097,0.3177999854087829,0.3312000036239624,0.3499000072479248,0.3310000002384186,0.3686999976634979,0.2790000140666961,0.3387227356433868,0.2111903429031372,0.2690122398346459,0.2527141218819717,1.1132246255874634,54,3,288,189,0.2185926270066646,303.59353711312275,302.8862313722309,0.0009189712914618,294,308,397
Narasimhapuram,15.047583,79.668585,28_515_shc_2025-26.9353,100.0,16.1,512.7,0.41,0.0507000014185905,0.0595000013709068,0.0873999968171119,0.0948999971151351,0.12219999730587,0.2012999951839447,0.238999992609024,0.2603999972343445,0.267300009727478,0.2967999875545501,0.240799993276596,0.1534000039100647,0.4658035635948181,0.3612127602100372,0.2990495532334679,0.2902490375527558,0.924731194972992,50,3,19,177,0.2185926270066646,303.59353711312275,302.8862313722309,0.0009189712914618,287,308,405
Ramayapatnam,15.048,80.042,28_515_shc_2025-26.7700,113.0,2.9,35.1,0.4,0.0537500008940696,0.0811000019311904,0.1130999997258186,0.133650004863739,0.1843499988317489,0.2768000066280365,0.3052999973297119,0.3244000077247619,0.3342500030994415,0.319599986076355,0.3295499980449676,0.2346999943256378,0.4164392352104187,0.2752825617790222,0.314136556838437,0.2986535155074728,1.0158754587173462,11,0,0,180,0.1078481841505619,303.51108182940567,302.75775343911687,0.0009660168532082,312,332,356
Ramayapatnam,15.048,80.042,28_515_shc_2025-26.3003,138.0,11.2,35.1,0.32,0.0537500008940696,0.0811000019311904,0.1130999997258186,0.133650004863739,0.1843499988317489,0.2768000066280365,0.3052999973297119,0.3244000077247619,0.3342500030994415,0.319599986076355,0.3295499980449676,0.2346999943256378,0.4164392352104187,0.2752825617790222,0.314136556838437,0.2986535155074728,1.0158754587173462,11,0,0,180,0.1078481841505619,303.51108182940567,302.75775343911687,0.0009660168532082,312,332,356
Ramayapatnam,15.052,80.042,28_515_shc_2025-26.9653,552.0,35.83,35.1,0.74,0.0471000000834465,0.0612000003457069,0.0828000009059906,0.0712999999523162,0.1255500018596649,0.2606000006198883,0.3208749890327453,0.3331499993801117,0.3553000092506408,0.3382500112056732,0.1662250012159347,0.0898000001907348,0.6474224328994751,0.452583372592926,0.5028034873295393,0.4342694448909274,0.4989494383335113,8,3,19,177,0.305731455485026,303.56559800265126,302.81065057453355,0.0009479410303598,311,333,356
Ramayapatnam,15.052,80.042,28_515_shc_2025-26.9651,301.0,10.0,42.1,0.68,0.0471000000834465,0.0612000003457069,0.0828000009059906,0.0712999999523162,0.1255500018596649,0.2606000006198883,0.3208749890327453,0.3331499993801117,0.3553000092506408,0.3382500112056732,0.1662250012159347,0.0898000001907348,0.6474224328994751,0.452583372592926,0.5028034873295393,0.4342694448909274,0.4989494383335113,8,3,19,177,0.305731455485026,303.56559800265126,302.81065057453355,0.0009479410303598,311,333,356
Ramayapatnam,15.052,80.042,28_515_shc_2025-26.9660,364.0,25.8,42.1,0.5,0.0471000000834465,0.0612000003457069,0.0828000009059906,0.0712999999523162,0.1255500018596649,0.2606000006198883,0.3208749890327453,0.3331499993801117,0.3553000092506408,0.3382500112056732,0.1662250012159347,0.0898000001907348,0.6474224328994751,0.452583372592926,0.5028034873295393,0.4342694448909274,0.4989494383335113,8,3,19,177,0.305731455485026,303.56559800265126,302.81065057453355,0.0009479410303598,311,333,356
Racheruvurajupalem,15.055,79.675,28_515_shc_2025-26.6830,113.0,130.6,84.3,0.23,0.0511000007390975,0.0720499977469444,0.1127500012516975,0.1890999972820282,0.2211499959230423,0.2596499919891357,0.2833499908447265,0.2862499952316284,0.3087500035762787,0.3071500062942505,0.4195500016212463,0.3335500061511993,0.2043757289648056,0.1283011436462402,0.1291561947984695,0.1494079028481255,1.4656769037246704,54,1,0,180,0.2392392409475226,303.6275454738684,302.9121445438318,0.0009011003840883,289,287,424
Mogilicherla,15.055452,79.661835,28_515_shc_2025-26.6832,163.0,29.2,147.5,0.47,0.0463000014424324,0.066100001335144,0.0976999998092651,0.0935999974608421,0.1515000015497207,0.2967000007629394,0.3398999869823456,0.3068999946117401,0.3668999969959259,0.3472000062465668,0.2684000134468078,0.1693000048398971,0.5325842499732971,0.3390052318572998,0.3884538370265689,0.3553026080432861,0.8745520114898682,54,1,46,177,0.2392392409475226,303.6275454738684,302.9121445438318,0.0009011003840883,291,306,403
Racheruvurajupalem,15.05556,79.672031,28_515_shc_2025-26.7293,188.0,112.1,203.7,0.11,0.0446499995887279,0.0599000006914138,0.0852999985218048,0.1172000020742416,0.1730500012636184,0.227400004863739,0.2528499960899353,0.2593500018119812,0.2816500067710876,0.263150006532669,0.3265999853610992,0.2313500046730041,0.3775063157081604,0.1995837241411209,0.2348344658785245,0.2432548042453561,1.259302020072937,53,1,180,180,0.2392392409475226,303.6275454738684,302.9121445438318,0.0009011003840883,291,289,420
Mogilicherla,15.05742,79.666038,28_515_shc_2025-26.1722,38.0,22.3,112.4,0.6,0.0469999983906745,0.048200000077486,0.0794000029563903,0.0658000037074089,0.1363999992609024,0.23989999294281,0.2845999896526336,0.2865999937057495,0.3201999962329864,0.3251999914646148,0.2406000047922134,0.1372999995946884,0.6265606880187988,0.3550827205181122,0.4182134772091101,0.3885499601157064,0.8394975662231445,50,2,27,177,0.2392392409475226,303.6275454738684,302.9121445438318,0.0009011003840883,284,308,408
Mogilicherla,15.058,79.662,28_515_shc_2025-26.1719,100.0,65.3,147.5,0.28,0.048200000077486,0.0615999996662139,0.0861999988555908,0.0967999994754791,0.1448000073432922,0.2371000051498413,0.2766999900341034,0.2712000012397766,0.3086000084877014,0.3212000131607055,0.2572000026702881,0.1678999960422516,0.4739130437374115,0.3038461208343506,0.3136690677868937,0.3013824912798164,0.9483776092529296,53,1,270,183,0.2392392409475226,303.6275454738684,302.9121445438318,0.0009011003840883,288,304,408
Mogilicherla,15.059018,79.664382,28_515_shc_2025-26.5287,50.0,16.9,182.6,0.42,0.0524000003933906,0.0680999979376792,0.1020499989390373,0.1189500018954277,0.1806000024080276,0.2640500068664551,0.3097999989986419,0.311599999666214,0.3431999981403351,0.3358500003814697,0.28575000166893,0.18019999563694,0.4474509358406067,0.2661519646644592,0.3179987362569952,0.3105421483759323,0.9170410633087158,53,2,116,174,0.2392392409475226,303.6275454738684,302.9121445438318,0.0009011003840883,284,308,408
Racheruvurajupalem,15.061723,79.671004,28_515_shc_2025-26.8257,213.0,10.0,161.5,0.17,0.0388999991118907,0.0456999987363815,0.0729999989271164,0.098300002515316,0.1512999981641769,0.2338999956846237,0.2504000067710876,0.2415000051259994,0.2705000042915344,0.2777000069618225,0.2644999921321869,0.201100006699562,0.4214243590831756,0.2296334207057953,0.2405025020220877,0.2557751869035083,1.0952380895614624,62,1,46,177,0.2392392409475226,303.6275454738684,302.9121445438318,0.0009011003840883,305,288,407
Racheruvurajupalem,15.062,79.668,28_515_shc_2025-26.10887,63.0,14.6,463.5,0.19,0.0378499999642372,0.0478500016033649,0.0800999999046325,0.0906499996781349,0.1550499945878982,0.2705999910831451,0.2944500148296356,0.2962000072002411,0.3077000081539154,0.3095499873161316,0.2553499937057495,0.1765500009059906,0.5313429236412048,0.3127978146076202,0.3469257007876319,0.3476630872095639,0.8620864152908325,57,2,333,183,0.2392392409475226,303.6275454738684,302.9121445438318,0.0009011003840883,283,305,411
Racheruvurajupalem,15.064919,79.673806,28_515_shc_2025-26.10893,113.0,27.6,491.6,0.19,0.0436000004410743,0.0540000014007091,0.0894000008702278,0.147599995136261,0.1729000061750412,0.2155999988317489,0.241699993610382,0.2422000020742416,0.2678000032901764,0.2793999910354614,0.3235999941825866,0.2560000121593475,0.2426885813474655,0.1669477075338363,0.1372765396496426,0.159474051305713,1.3360857963562012,59,1,270,183,0.2392392409475226,303.6275454738684,302.9121445438318,0.0009011003840883,323,268,408
Racheruvurajupalem,15.065,79.665,28_515_shc_2025-26.6925,38.0,31.5,91.3,0.44,0.0390999987721443,0.049600001424551,0.0841000005602836,0.124449998140335,0.1639499962329864,0.2197500020265579,0.2368000000715255,0.2397000044584274,0.2581999897956848,0.2788499891757965,0.2966000139713287,0.2254499942064285,0.3164904713630676,0.1876626014709472,0.1784718898028566,0.2000520846580462,1.2373801469802856,57,0,0,180,0.2392392409475226,303.6275454738684,302.9121445438318,0.0009011003840883,285,303,412
Rallapadu,15.067255,79.719653,28_515_shc_2025-26.7278,113.0,53.76,217.7,0.49,0.0586999990046024,0.100500002503395,0.1257999986410141,0.1501999944448471,0.2027000039815902,0.266400009393692,0.2980000078678131,0.2806000113487243,0.3181999921798706,0.3118999898433685,0.3127999901771545,0.2518999874591827,0.302692711353302,0.1611835360527038,0.2282833595210166,0.2101418394266696,1.1147539615631104,47,4,153,174,0.2392392409475226,303.6275454738684,302.9121445438318,0.0009011003840883,286,305,409
Rallapadu,15.067255,79.719653,28_515_shc_2025-26.7268,100.0,20.0,189.6,0.66,0.0586999990046024,0.100500002503395,0.1257999986410141,0.1501999944448471,0.2027000039815902,0.266400009393692,0.2980000078678131,0.2806000113487243,0.3181999921798706,0.3118999898433685,0.3127999901771545,0.2518999874591827,0.302692711353302,0.1611835360527038,0.2282833595210166,0.2101418394266696,1.1147539615631104,47,4,153,174,0.2392392409475226,303.6275454738684,302.9121445438318,0.0009011003840883,286,305,409
Rallapadu,15.067255,79.719653,28_515_shc_2025-26.7281,13.0,19.2,161.5,0.19,0.0586999990046024,0.100500002503395,0.1257999986410141,0.1501999944448471,0.2027000039815902,0.266400009393692,0.2980000078678131,0.2806000113487243,0.3181999921798706,0.3118999898433685,0.3127999901771545,0.2518999874591827,0.302692711353302,0.1611835360527038,0.2282833595210166,0.2101418394266696,1.1147539615631104,47,4,153,174,0.2392392409475226,303.6275454738684,302.9121445438318,0.0009011003840883,286,305,409
Racheruvurajupalem,15.067378,79.686924,28_515_shc_2025-26.8272,13.0,81.4,133.4,0.47,0.0416000001132488,0.0573000013828277,0.0935000032186508,0.1415999978780746,0.1897999942302703,0.2621000111103058,0.2755999863147735,0.2910000085830688,0.2958000004291534,0.2623000144958496,0.3239000141620636,0.2671000063419342,0.3453536927700043,0.2104825526475906,0.2183125522005531,0.2402959623685445,1.1130584478378296,60,3,0,180,0.2392392409475226,303.6275454738684,302.9121445438318,0.0009011003840883,301,300,399
Racheruvurajupalem,15.068239,79.672787,28_515_shc_2025-26.7167,100.0,13.8,91.3,0.44,0.0427000001072883,0.064699999988079,0.0957999974489212,0.1198000013828277,0.1632999926805496,0.2346999943256378,0.2703000009059906,0.2896000146865845,0.3055000007152557,0.2696999907493591,0.3098999857902527,0.2114000022411346,0.4147533178329468,0.2788695394992828,0.2786987669165787,0.2800747915713633,1.0700966119766235,68,3,341,183,0.2392392409475226,303.6275454738684,302.9121445438318,0.0009011003840883,315,288,397
Thunugunta,15.07253,79.781124,28_515_shc_2025-26.10917,163.0,6.1,512.7,0.47,0.0399555563926696,0.0439199991524219,0.0636833310127258,0.0598249994218349,0.0929249972105026,0.2332250028848648,0.2899999916553497,0.2973999977111816,0.3179999887943268,0.3100000023841858,0.1973000019788742,0.1180600002408027,0.6650570631027222,0.5238583087921143,0.4475959873810202,0.4157164089076638,0.6634162664413452,28,2,270,186,0.2006233951501679,303.5943680478815,302.8704778771651,0.0009143316481643,298,343,359
Mogilicherla,15.073525,79.650755,28_515_shc_2025-26.5311,75.0,49.15,210.7,0.25,0.0405500009655952,0.0555000007152557,0.0834999978542327,0.095550000667572,0.1578000038862228,0.2224500030279159,0.2475499957799911,0.2495000064373016,0.2723999917507171,0.3111000061035156,0.2635500133037567,0.1923000067472458,0.4461672306060791,0.225141167640686,0.2736305236463274,0.2732678619171182,1.0563126802444458,61,8,195,186,0.2392392409475226,303.6275454738684,302.9121445438318,0.0009011003840883,271,313,416
Thunugunta,15.075071,79.783124,28_515_shc_2025-26.10937,176.0,30.7,168.6,0.44,0.0265999995172023,0.0310333333909511,0.0469000004231929,0.0299666672945022,0.0742999985814094,0.2476000040769577,0.3226999938488006,0.3307999968528747,0.3522500097751617,0.328900009393692,0.1302666664123535,0.0645999982953071,0.8338723182678223,0.6331769824028015,0.5885536829717318,0.5242419498024351,0.3937928378582001,28,1,270,183,0.2006233951501679,303.5943680478815,302.8704778771651,0.0009143316481643,289,354,356
Thunugunta,15.081372,79.78523,28_515_shc_2025-26.7229,38.0,28.4,646.1,0.51,0.0604111105203628,0.0754222199320793,0.1076142862439155,0.1377499997615814,0.1772428601980209,0.2356999963521957,0.2571333348751068,0.2482499927282333,0.2763000130653381,0.2831250131130218,0.3048000037670135,0.2413250058889389,0.2862694263458252,0.1668820828199386,0.1830581352026724,0.187076739113949,1.2277946472167969,31,2,64,174,0.2006233951501679,303.5943680478815,302.8704778771651,0.0009143316481643,291,353,356
Chaki Cherla,15.082,80.032,28_515_shc_2025-26.9517,138.0,15.9,28.1,0.73,0.0586000010371208,0.0780233368277549,0.1151999980211258,0.1430000066757202,0.1899333298206329,0.2903749942779541,0.328187495470047,0.3360500037670135,0.365200012922287,0.3533666729927063,0.3524500131607055,0.2459499984979629,0.4029850661754608,0.2777971625328064,0.2999766839839591,0.2957714034505674,1.0488022565841677,2,5,348,183,0.305731455485026,303.56559800265126,302.81065057453355,0.0009479410303598,295,348,357
Chaki Cherla,15.082922,80.031298,28_515_shc_2025-26.10589,314.0,15.9,42.1,0.73,0.0606000013649463,0.0743099972605705,0.1133200004696846,0.1465000063180923,0.1981000006198883,0.287075012922287,0.3266666531562805,0.3258666694164276,0.3597166538238525,0.3641000092029571,0.3562999963760376,0.2442999929189682,0.3797191381454468,0.2438450306653976,0.2721731717990389,0.276696025647181,1.093392014503479,2,2,90,174,0.305731455485026,303.56559800265126,302.81065057453355,0.0009479410303598,278,349,374
Jagamreddi Khandrika,15.082991,79.7222,28_515_shc_2025-26.1902,151.0,63.0,259.9,0.28,0.0529000014066696,0.0560000017285347,0.0832000002264976,0.0795999988913536,0.1412999927997589,0.2563000023365021,0.2978000044822693,0.3176000118255615,0.324099987745285,0.3235999941825866,0.2960000038146972,0.1838999986648559,0.599194347858429,0.3841795921325683,0.4326643656967108,0.3979046089355795,0.9319899082183838,44,2,116,174,0.2392392409475226,303.6275454738684,302.9121445438318,0.0009011003840883,302,292,406
Veera Raghavuni Kota,15.0849,79.788388,28_515_shc_2025-26.10940,38.0,38.4,84.3,0.16,0.0672999992966651,0.0516769215464592,0.0722500011324882,0.0724999979138374,0.1567708402872085,0.2402199953794479,0.2784857153892517,0.2912999987602234,0.3067750036716461,0.2933999896049499,0.3007499873638153,0.2204499989748001,0.6014293432235718,0.3002408146858215,0.4085983221444789,0.379949065215636,1.0324407815933228,30,2,0,180,0.2006233951501679,303.5943680478815,302.8704778771651,0.0009143316481643,280,347,373
Jagamreddi Khandrika,15.086065,79.72271,28_515_shc_2025-26.8271,138.0,37.6,182.6,0.28,0.0934000015258789,0.150299996137619,0.179199993610382,0.1918999999761581,0.1832000017166137,0.2415000051259994,0.2581500113010406,0.3104000091552734,0.2826499938964844,0.2644999921321869,0.2939000129699707,0.2407000064849853,0.2359148114919662,0.2576985359191894,0.2219849496210574,0.1773421252611847,0.9468427896499634,47,1,134,177,0.2392392409475226,303.6275454738684,302.9121445438318,0.0009011003840883,293,303,404
Chaki Cherla,15.088,80.032,28_515_shc_2025-26.10570,125.0,22.9,49.2,0.29,0.0576333329081535,0.0834666639566421,0.1257500052452087,0.1551000028848648,0.2235500067472458,0.2919000089168548,0.3485749959945678,0.3462400138378143,0.3831999897956848,0.3802500069141388,0.3894000053405761,0.2707999944686889,0.3812582492828369,0.2153249531984329,0.2894587073752157,0.2863263343532475,1.1246533393859863,5,1,226,183,0.305731455485026,303.56559800265126,302.81065057453355,0.0009479410303598,284,353,363
Chaki Cherla,15.089427,80.03966,28_515_shc_2025-26.10603,75.0,18.2,21.1,0.52,0.0560499988496303,0.0864000022411346,0.1308750063180923,0.1659999936819076,0.2266000062227249,0.2806249856948852,0.3073999881744385,0.29585000872612,0.3317500054836273,0.3151249885559082,0.4109500050544739,0.3325499892234802,0.2811519205570221,0.1325485706329345,0.1974785088011399,0.2025004128280833,1.389048457145691,10,2,333,183,0.305731455485026,303.56559800265126,302.81065057453355,0.0009479410303598,291,346,364
Chaki Cherla,15.089472,80.030427,28_515_shc_2025-26.10569,151.0,14.7,63.2,0.65,0.0588749982416629,0.0888666659593582,0.1318999975919723,0.168950006365776,0.2184000015258789,0.3010833263397217,0.3370000123977661,0.3468999862670898,0.3826999962329864,0.3724499940872192,0.4050500094890594,0.290149986743927,0.3449645936489105,0.2273129075765609,0.2626025275582968,0.2627602222648624,1.1676275730133057,5,1,134,177,0.305731455485026,303.56559800265126,302.81065057453355,0.0009479410303598,282,354,364
Chaki Cherla,15.091276,80.02795,28_515_shc_2025-26.10563,13.0,21.7,28.1,0.61,0.0609750002622604,0.0844666659832,0.1186285689473152,0.1506499946117401,0.2048999965190887,0.2911333441734314,0.3406000137329101,0.3501000106334686,0.3862999975681305,0.372774988412857,0.375,0.2648999989032745,0.3983025848865509,0.2616216540336609,0.307698269147121,0.2989508093575152,1.0711225271224976,5,0,0,180,0.305731455485026,303.56559800265126,302.81065057453355,0.0009479410303598,268,353,379
Chaki Cherla,15.092408,80.029341,28_515_shc_2025-26.10561,138.0,12.3,28.1,0.65,0.0560999996960163,0.0776999965310096,0.1134999990463256,0.1391000002622604,0.1955916732549667,0.2805750072002411,0.3370666801929474,0.3426666557788849,0.3761999905109405,0.3697499930858612,0.3384999930858612,0.2406499981880188,0.422542005777359,0.2732423841953277,0.3191667068142612,0.3110209349604756,0.987840473651886,6,1,90,177,0.305731455485026,303.56559800265126,302.81065057453355,0.0009479410303598,271,351,378
Lingasamudram,15.092826,79.714941,28_515_shc_2025-26.10360,113.0,36.9,463.5,0.05,0.0645999982953071,0.0820000022649765,0.1173999980092048,0.1577000021934509,0.197500005364418,0.2671999931335449,0.2967000007629394,0.307200014591217,0.3291000127792358,0.3242999911308288,0.3528999984264374,0.2915000021457672,0.3215745389461517,0.2173568606376648,0.2281189139030802,0.2324075185985761,1.1487629413604736,54,2,0,180,0.2392392409475226,303.6275454738684,302.9121445438318,0.0009011003840883,273,335,392
Chaki Cherla,15.093541,80.027212,28_515_shc_2025-26.10564,100.0,19.4,28.1,0.25,0.0561333335936069,0.0760999992489814,0.1096500009298324,0.1312000006437301,0.1768999993801117,0.2672500014305115,0.2985000014305115,0.3059999942779541,0.326200008392334,0.325300008058548,0.2630000114440918,0.1991000026464462,0.399817019701004,0.267343133687973,0.2870373299632667,0.2797695175758577,0.859477162361145,5,2,0,180,0.305731455485026,303.56559800265126,302.81065057453355,0.0009479410303598,263,353,384
Chaki Cherla,15.094667,80.026777,28_515_shc_2025-26.10558,314.0,18.2,28.1,0.5,0.0575499981641769,0.0854000002145767,0.1229000017046928,0.1583999991416931,0.1928000003099441,0.2849499881267547,0.325300008058548,0.3250333368778229,0.3567500114440918,0.354449987411499,0.3151000142097473,0.2203000038862228,0.3446873128414154,0.255358874797821,0.2548014262514855,0.2541605998591392,0.9694390892982484,5,2,333,183,0.305731455485026,303.56559800265126,302.81065057453355,0.0009479410303598,265,350,385
Chaki Cherla,15.094667,80.026777,28_515_shc_2025-26.3060,151.0,11.2,28.1,0.68,0.0575499981641769,0.0854000002145767,0.1229000017046928,0.1583999991416931,0.1928000003099441,0.2849499881267547,0.325300008058548,0.3250333368778229,0.3567500114440918,0.354449987411499,0.3151000142097473,0.2203000038862228,0.3446873128414154,0.255358874797821,0.2548014262514855,0.2541605998591392,0.9694390892982484,5,2,333,183,0.305731455485026,303.56559800265126,302.81065057453355,0.0009479410303598,265,350,385
Lingasamudram,15.095407,79.712649,28_515_shc_2025-26.10399,151.0,52.22,91.3,0.28,0.0650999993085861,0.0710000023245811,0.101400002837181,0.121299996972084,0.176499992609024,0.2540999948978424,0.2860000133514404,0.3120000064373016,0.3190999925136566,0.3075000047683716,0.3449999988079071,0.2565999925136566,0.4401108026504516,0.2773797512054443,0.3162940575118547,0.3064931031317617,1.105769157409668,58,3,237,189,0.2392392409475226,303.6275454738684,302.9121445438318,0.0009011003840883,303,325,372
Lingasamudram,15.095407,79.712649,28_515_shc_2025-26.6821,138.0,18.4,161.5,0.19,0.0650999993085861,0.0710000023245811,0.101400002837181,0.121299996972084,0.176499992609024,0.2540999948978424,0.2860000133514404,0.3120000064373016,0.3190999925136566,0.3075000047683716,0.3449999988079071,0.2565999925136566,0.4401108026504516,0.2773797512054443,0.3162940575118547,0.3064931031317617,1.105769157409668,58,3,237,189,0.2392392409475226,303.6275454738684,302.9121445438318,0.0009011003840883,303,325,372
Veera Raghavuni Kota,15.105,79.805,28_515_shc_2025-26.10880,13.0,96.0,168.6,0.62,0.0559500008821487,0.0707999989390373,0.1089000031352043,0.120899997651577,0.1762000024318695,0.2576999962329864,0.2802000045776367,0.2822000086307525,0.3018499910831451,0.3179333209991455,0.2671999931335449,0.1827500015497207,0.400148868560791,0.2312390953302383,0.2730936115169345,0.2679105467674244,0.9468461275100708,25,2,296,186,0.2006233951501679,303.5943680478815,302.8704778771651,0.0009143316481643,291,347,363
Veera Raghavuni Kota,15.105,79.805,28_515_shc_2025-26.10882,88.0,24.6,119.4,0.52,0.0559500008821487,0.0707999989390373,0.1089000031352043,0.120899997651577,0.1762000024318695,0.2576999962329864,0.2802000045776367,0.2822000086307525,0.3018499910831451,0.3179333209991455,0.2671999931335449,0.1827500015497207,0.400148868560791,0.2312390953302383,0.2730936115169345,0.2679105467674244,0.9468461275100708,25,2,296,186,0.2006233951501679,303.5943680478815,302.8704778771651,0.0009143316481643,291,347,363
Veera Raghavuni Kota,15.105496,79.790494,28_515_shc_2025-26.550,63.0,37.6,203.7,0.39,0.0680000036954879,0.0736000016331672,0.1039166674017906,0.1172999963164329,0.1484750062227249,0.1905750036239624,0.2071624994277954,0.2060000002384185,0.2225791662931442,0.2450499981641769,0.2338999956846237,0.1812250018119812,0.274358183145523,0.1622822284698486,0.1633156690057044,0.1616057408474847,1.1354368925094604,31,4,195,183,0.2006233951501679,303.5943680478815,302.8704778771651,0.0009143316481643,316,324,360
Veera Raghavuni Kota,15.106614,79.799653,28_515_shc_2025-26.4210,63.0,6.9,295.0,0.37,0.0601099990308284,0.0644500032067298,0.1004500016570091,0.1025374978780746,0.1726749986410141,0.2599999904632568,0.2935999929904938,0.3064000010490417,0.3100500106811523,0.2948000133037567,0.2788666784763336,0.2096000015735626,0.4985175132751465,0.2791316509246826,0.3543586098311896,0.3364299031753017,0.910139262676239,29,2,153,177,0.2006233951501679,303.5943680478815,302.8704778771651,0.0009143316481643,292,345,362
Veera Raghavuni Kota,15.106715,79.802074,28_515_shc_2025-26.5531,113.0,2.3,168.6,0.28,0.048650000244379,0.0599999986588954,0.0926799997687339,0.1103800013661384,0.1463833302259445,0.2319400012493133,0.2601499855518341,0.2590333223342895,0.2791999876499176,0.2932899892330169,0.2789714336395263,0.1865749955177307,0.4024038016796112,0.2778622806072235,0.2525861026119035,0.2564717785818732,1.076971173286438,30,0,0,180,0.2006233951501679,303.5943680478815,302.8704778771651,0.0009143316481643,290,344,366
Veera Raghavuni Kota,15.108,79.792,28_515_shc_2025-26.2068,176.0,68.4,140.5,0.42,0.0592000000178813,0.0795200020074844,0.1123000010848045,0.1298000067472458,0.169400006532669,0.2005166709423065,0.2201666682958603,0.2251666635274887,0.2429666668176651,0.2556142807006836,0.2567000091075897,0.2104000002145767,0.2686637043952942,0.1413364559412002,0.1693821286205916,0.1673164465281398,1.1400444507598877,30,7,278,201,0.2006233951501679,303.5943680478815,302.8704778771651,0.0009143316481643,309,334,356
Rallapadu,15.108434,79.713158,28_515_shc_2025-26.8415,38.0,65.3,70.2,0.47,0.0760999992489814,0.1193000003695488,0.1560000032186508,0.1896000057458877,0.2161999940872192,0.2418999969959259,0.2594000101089477,0.2682999968528747,0.2804000079631805,0.273499995470047,0.323199987411499,0.2824000120162964,0.1718715727329254,0.1075335443019867,0.1301988380037939,0.12323831959517,1.20462167263031,55,0,0,180,0.2392392409475226,303.6275454738684,302.9121445438318,0.0009011003840883,307,313,380
Jagamreddi Khandrika,15.108434,79.713158,28_515_shc_2025-26.8231,138.0,36.1,224.7,0.66,0.0760999992489814,0.1193000003695488,0.1560000032186508,0.1896000057458877,0.2161999940872192,0.2418999969959259,0.2594000101089477,0.2682999968528747,0.2804000079631805,0.273499995470047,0.323199987411499,0.2824000120162964,0.1718715727329254,0.1075335443019867,0.1301988380037939,0.12323831959517,1.20462167263031,55,0,0,180,0.2392392409475226,303.6275454738684,302.9121445438318,0.0009011003840883,307,313,380
Rallapadu,15.108434,79.713158,28_515_shc_2025-26.8418,88.0,29.2,372.2,0.15,0.0760999992489814,0.1193000003695488,0.1560000032186508,0.1896000057458877,0.2161999940872192,0.2418999969959259,0.2594000101089477,0.2682999968528747,0.2804000079631805,0.273499995470047,0.323199987411499,0.2824000120162964,0.1718715727329254,0.1075335443019867,0.1301988380037939,0.12323831959517,1.20462167263031,55,0,0,180,0.2392392409475226,303.6275454738684,302.9121445438318,0.0009011003840883,307,313,380
Jagamreddi Khandrika,15.108434,79.713158,28_515_shc_2025-26.8209,100.0,76.0,175.6,0.56,0.0760999992489814,0.1193000003695488,0.1560000032186508,0.1896000057458877,0.2161999940872192,0.2418999969959259,0.2594000101089477,0.2682999968528747,0.2804000079631805,0.273499995470047,0.323199987411499,0.2824000120162964,0.1718715727329254,0.1075335443019867,0.1301988380037939,0.12323831959517,1.20462167263031,55,0,0,180,0.2392392409475226,303.6275454738684,302.9121445438318,0.0009011003840883,307,313,380
Rallapadu,15.108434,79.713158,28_515_shc_2025-26.8409,63.0,21.5,224.7,0.66,0.0760999992489814,0.1193000003695488,0.1560000032186508,0.1896000057458877,0.2161999940872192,0.2418999969959259,0.2594000101089477,0.2682999968528747,0.2804000079631805,0.273499995470047,0.323199987411499,0.2824000120162964,0.1718715727329254,0.1075335443019867,0.1301988380037939,0.12323831959517,1.20462167263031,55,0,0,180,0.2392392409475226,303.6275454738684,302.9121445438318,0.0009011003840883,307,313,380
Veera Raghavuni Kota,15.109717,79.788493,28_515_shc_2025-26.10422,176.0,29.2,231.8,0.21,0.0496199987828731,0.0631249994039535,0.0985333323478698,0.1214666664600372,0.1551000028848648,0.2082999944686889,0.2267999947071075,0.2271666675806045,0.2412000000476837,0.2446999996900558,0.2351250052452087,0.1745000034570694,0.3031838536262512,0.1885245889425277,0.1782427003826387,0.1868298066091025,1.0350329875946045,36,2,64,174,0.2006233951501679,303.5943680478815,302.8704778771651,0.0009143316481643,325,317,358
Veera Raghavuni Kota,15.110272,79.799021,28_515_shc_2025-26.4937,100.0,30.7,470.6,0.32,0.0624333322048187,0.0781000033020973,0.1126666665077209,0.1288000047206878,0.1775500029325485,0.2188500016927719,0.2386749982833862,0.2427749931812286,0.2610333263874054,0.2559399902820587,0.2609499990940094,0.210999995470047,0.3067348301410675,0.1551775187253952,0.1992813608665981,0.1961534958005422,1.0748635530471802,31,2,64,174,0.2006233951501679,303.5943680478815,302.8704778771651,0.0009143316481643,292,345,362
Veera Raghavuni Kota,15.110272,79.799021,28_515_shc_2025-26.10313,213.0,20.0,161.5,0.51,0.0624333322048187,0.0781000033020973,0.1126666665077209,0.1288000047206878,0.1775500029325485,0.2188500016927719,0.2386749982833862,0.2427749931812286,0.2610333263874054,0.2559399902820587,0.2609499990940094,0.210999995470047,0.3067348301410675,0.1551775187253952,0.1992813608665981,0.1961534958005422,1.0748635530471802,31,2,64,174,0.2006233951501679,303.5943680478815,302.8704778771651,0.0009143316481643,292,345,362
Chaki Cherla,15.111631,80.041849,28_515_shc_2025-26.10463,301.0,6.5,49.2,0.63,0.0488599985837936,0.0728714317083358,0.1089999973773956,0.1130900010466575,0.1664333343505859,0.2827000021934509,0.3230499923229217,0.3343999981880188,0.3537499904632568,0.3397666811943054,0.3077999949455261,0.2205000072717666,0.4945585429668426,0.3353743851184845,0.3773004521565565,0.3503625325651802,0.9204545617103576,6,1,270,183,0.305731455485026,303.56559800265126,302.81065057453355,0.0009479410303598,273,388,338
Vengalapuram,15.111875,79.716724,28_515_shc_2025-26.4586,25.0,1.5,147.5,0.36,0.0557000003755092,0.0654999986290931,0.0966499969363212,0.1107999980449676,0.1603499948978424,0.2445999979972839,0.2708500027656555,0.2728999853134155,0.3067499995231628,0.3003999888896942,0.2903000116348266,0.1991000026464462,0.422465443611145,0.2597807049751282,0.2801686699793527,0.2751499213325918,1.063759684562683,54,4,76,168,0.2392392409475226,303.6275454738684,302.9121445438318,0.0009011003840883,297,317,386
Vengalapuram,15.112,79.708,28_515_shc_2025-26.4507,63.0,75.3,182.6,0.21,0.0590999983251094,0.0820000022649765,0.1224000006914138,0.1741999983787536,0.2030999958515167,0.2305999994277954,0.2475000023841858,0.2558999955654144,0.2705000042915344,0.2669999897480011,0.36489999294281,0.2942999899387359,0.1899558156728744,0.1150326803326606,0.1211375343929849,0.1317600221244035,1.425947666168213,57,2,180,180,0.2392392409475226,303.6275454738684,302.9121445438318,0.0009011003840883,316,288,396
Veera Raghavuni Kota,15.112,79.788,28_515_shc_2025-26.9342,25.0,99.8,161.5,0.41,0.0614666678011417,0.0792599990963935,0.1122400015592575,0.1334249973297119,0.1727800071239471,0.2068333327770233,0.2196000069379806,0.222800001502037,0.2414000034332275,0.2477999925613403,0.250775009393692,0.2086749970912933,0.2508948147296905,0.1264472305774688,0.1563702929816867,0.1565739220898774,1.1255611181259155,35,1,314,183,0.2006233951501679,303.5943680478815,302.8704778771651,0.0009143316481643,324,313,363
Veera Raghavuni Kota,15.112,79.788,28_515_shc_2025-26.9290,13.0,68.4,147.5,0.47,0.0614666678011417,0.0792599990963935,0.1122400015592575,0.1334249973297119,0.1727800071239471,0.2068333327770233,0.2196000069379806,0.222800001502037,0.2414000034332275,0.2477999925613403,0.250775009393692,0.2086749970912933,0.2508948147296905,0.1264472305774688,0.1563702929816867,0.1565739220898774,1.1255611181259155,35,1,314,183,0.2006233951501679,303.5943680478815,302.8704778771651,0.0009143316481643,324,313,363
Baddepudi,15.112,79.922,28_515_shc_2025-26.599,351.0,2.9,35.1,0.29,0.0469000004231929,0.0557000003755092,0.0839333310723304,0.091399997472763,0.1402499973773956,0.210549995303154,0.2427249997854232,0.2533999979496002,0.2626000046730041,0.2860249876976013,0.2615833282470703,0.1871500015258789,0.4698376059532165,0.2874380946159363,0.2926194913863679,0.2876420478598207,1.0322941541671753,18,1,0,180,0.2035550903855708,303.64872574387937,302.86290095145245,0.0009291160381526,299,304,397
Chaki Cherla,15.112,80.028,28_515_shc_2025-26.7654,289.0,4.7,35.1,0.89,0.0560499988496303,0.079874999821186,0.1109749972820282,0.1272000074386596,0.1764666736125946,0.2628499865531921,0.3018749952316284,0.3097999989986419,0.3366666734218597,0.3262499868869781,0.2452999949455261,0.1684000045061111,0.4178489446640014,0.2741979658603668,0.3097146011764828,0.2923158862948216,0.7918011546134949,4,2,64,174,0.305731455485026,303.56559800265126,302.81065057453355,0.0009479410303598,280,340,380
Chaki Cherla,15.112,80.028,28_515_shc_2025-26.11304,138.0,12.3,49.2,0.67,0.0560499988496303,0.079874999821186,0.1109749972820282,0.1272000074386596,0.1764666736125946,0.2628499865531921,0.3018749952316284,0.3097999989986419,0.3366666734218597,0.3262499868869781,0.2452999949455261,0.1684000045061111,0.4178489446640014,0.2741979658603668,0.3097146011764828,0.2923158862948216,0.7918011546134949,4,2,64,174,0.305731455485026,303.56559800265126,302.81065057453355,0.0009479410303598,280,340,380
Jagamreddi Khandrika,15.114088,79.719399,28_515_shc_2025-26.4590,176.0,30.0,175.6,0.11,0.0456000007688999,0.0469999983906745,0.0752499997615814,0.0594500005245208,0.1243000030517578,0.261350005865097,0.3014000058174133,0.3178499937057495,0.33160001039505,0.3225499987602234,0.2341500073671341,0.1411499977111816,0.6848661303520203,0.4377473592758178,0.4886350581241793,0.4418100904148726,0.7366682887077332,50,3,314,186,0.2392392409475226,303.6275454738684,302.9121445438318,0.0009011003840883,312,304,385
Cheemalapenta,15.114088,79.719399,28_515_shc_2025-26.5472,138.0,42.24,147.5,0.41,0.0456000007688999,0.0469999983906745,0.0752499997615814,0.0594500005245208,0.1243000030517578,0.261350005865097,0.3014000058174133,0.3178499937057495,0.33160001039505,0.3225499987602234,0.2341500073671341,0.1411499977111816,0.6848661303520203,0.4377473592758178,0.4886350581241793,0.4418100904148726,0.7366682887077332,50,3,314,186,0.2392392409475226,303.6275454738684,302.9121445438318,0.0009011003840883,312,304,385
Jagamreddi Khandrika,15.114088,79.719399,28_515_shc_2025-26.1621,75.0,45.31,49.2,0.19,0.0456000007688999,0.0469999983906745,0.0752499997615814,0.0594500005245208,0.1243000030517578,0.261350005865097,0.3014000058174133,0.3178499937057495,0.33160001039505,0.3225499987602234,0.2341500073671341,0.1411499977111816,0.6848661303520203,0.4377473592758178,0.4886350581241793,0.4418100904148726,0.7366682887077332,50,3,314,186,0.2392392409475226,303.6275454738684,302.9121445438318,0.0009011003840883,312,304,385
Jagamreddi Khandrika,15.114088,79.719399,28_515_shc_2025-26.4533,63.0,82.9,287.9,0.28,0.0456000007688999,0.0469999983906745,0.0752499997615814,0.0594500005245208,0.1243000030517578,0.261350005865097,0.3014000058174133,0.3178499937057495,0.33160001039505,0.3225499987602234,0.2341500073671341,0.1411499977111816,0.6848661303520203,0.4377473592758178,0.4886350581241793,0.4418100904148726,0.7366682887077332,50,3,314,186,0.2392392409475226,303.6275454738684,302.9121445438318,0.0009011003840883,312,304,385
Veera Raghavuni Kota,15.114391,79.775228,28_515_shc_2025-26.10291,100.0,86.8,91.3,0.22,0.0538000017404556,0.0669500008225441,0.096450001001358,0.1093999966979026,0.1477999985218048,0.1908500045537948,0.2021500021219253,0.1996999979019165,0.2213499993085861,0.2161500006914138,0.2267500013113021,0.1759999990463256,0.2921384871006012,0.1493525207042694,0.1667312968790468,0.167408234717656,1.135453224182129,34,2,153,177,0.2006233951501679,303.5943680478815,302.8704778771651,0.0009143316481643,321,336,343
Vengalapuram,15.114702,79.70055,28_515_shc_2025-26.4570,188.0,14.6,154.5,0.38,0.0494999997317791,0.0692000016570091,0.101000003516674,0.1247999966144561,0.1737000048160553,0.2397000044584274,0.2664999961853027,0.2682999968528747,0.2903000116348266,0.2815999984741211,0.2942999899387359,0.2259999960660934,0.3650470674037933,0.2140271365642547,0.2394700014619421,0.2410144462345711,1.0969064235687256,64,1,0,180,0.2392392409475226,303.6275454738684,302.9121445438318,0.0009011003840883,323,280,397
Cheemalapenta,15.115114,79.721564,28_515_shc_2025-26.5529,38.0,122.9,63.2,0.25,0.0427500009536743,0.0555500015616416,0.089149996638298,0.1139499992132186,0.1563500016927719,0.2155999988317489,0.2372000068426132,0.2364999949932098,0.2565000057220459,0.2718999981880188,0.3111000061035156,0.2526000142097473,0.349693238735199,0.2040218710899353,0.2037643574937353,0.2161502674140381,1.3154335021972656,57,1,0,180,0.2392392409475226,303.6275454738684,302.9121445438318,0.0009011003840883,317,293,390
Cheemalapenta,15.115114,79.721564,28_515_shc_2025-26.1788,63.0,137.5,287.9,0.25,0.0427500009536743,0.0555500015616416,0.089149996638298,0.1139499992132186,0.1563500016927719,0.2155999988317489,0.2372000068426132,0.2364999949932098,0.2565000057220459,0.2718999981880188,0.3111000061035156,0.2526000142097473,0.349693238735199,0.2040218710899353,0.2037643574937353,0.2161502674140381,1.3154335021972656,57,1,0,180,0.2392392409475226,303.6275454738684,302.9121445438318,0.0009011003840883,317,293,390
Vengalapuram,15.116177,79.698258,28_515_shc_2025-26.2072,113.0,13.1,316.0,0.56,0.0533999986946582,0.0520999990403652,0.0798000022768974,0.0807000026106834,0.1334999948740005,0.244499996304512,0.2764999866485595,0.2921999990940094,0.3030999898910522,0.3027999997138977,0.2651999890804291,0.1759999990463256,0.5671761631965637,0.3727977573871612,0.3815898551801451,0.3634436866828148,0.9075974822044371,63,1,226,183,0.2392392409475226,303.6275454738684,302.9121445438318,0.0009011003840883,324,277,399
Chaki Cherla,15.116372,80.032199,28_515_shc_2025-26.731,201.0,15.9,56.2,0.51,0.0571625009179115,0.0768000036478042,0.1098999977111816,0.1184500008821487,0.1917999982833862,0.2772000133991241,0.3177500069141388,0.3307499885559082,0.3605250120162964,0.3565999865531921,0.3337500095367431,0.2174499928951263,0.4726179838180542,0.2659075558185577,0.36217542824443,0.335493031030444,1.0090703964233398,4,1,90,177,0.305731455485026,303.56559800265126,302.81065057453355,0.0009479410303598,273,364,363
Pentrala,15.118,79.702,28_515_shc_2025-26.5257,176.0,20.7,161.5,0.51,0.0403999984264373,0.0562000013887882,0.0842000022530555,0.0737000033259391,0.1204999983310699,0.2225999981164932,0.2551000118255615,0.2624000012874603,0.2806000113487243,0.2772000133991241,0.2258999943733215,0.133200004696846,0.5614400506019592,0.37059286236763,0.3676642435687277,0.3385360547547896,0.8608993887901306,62,5,79,165,0.2392392409475226,303.6275454738684,302.9121445438318,0.0009011003840883,314,295,391
Bheemavaram,15.118,79.948,28_515_shc_2025-26.293,213.0,36.42,42.1,0.27,0.052816666662693,0.0720166638493537,0.1030555590987205,0.1513666659593582,0.1776666641235351,0.2130333334207534,0.2369333356618881,0.2518666684627533,0.2680166661739349,0.2637250125408172,0.3716333210468292,0.2795999944210052,0.2492353469133377,0.1727456301450729,0.1550981794782306,0.1669003988338654,1.4755160808563232,28,2,116,174,0.2035550903855708,303.64872574387937,302.86290095145245,0.0009291160381526,320,300,380
Bheemavaram,15.121267,79.944503,28_515_shc_2025-26.291,289.0,3.5,28.1,0.69,0.0388250015676021,0.0404799990355968,0.0768999978899955,0.0961500033736229,0.1636999994516372,0.2289000004529953,0.2487333267927169,0.2630499899387359,0.257999986410141,0.260366678237915,0.2901000082492828,0.2056999951601028,0.4646436274051666,0.2328060716390609,0.2715852258167306,0.2913756771372038,1.1028321981430054,29,1,90,177,0.2035550903855708,303.64872574387937,302.86290095145245,0.0009291160381526,321,312,368
Bheemavaram,15.125,79.945,28_515_shc_2025-26.10572,226.0,7.0,49.2,0.68,0.0365666672587394,0.0412444435060024,0.0642749965190887,0.0528461523354053,0.1233125030994415,0.2139250040054321,0.23989999294281,0.2679499983787536,0.2555750012397766,0.2761000096797943,0.2203799933195114,0.1401666700839996,0.6705312728881836,0.3696686923503876,0.4215429323855141,0.3931009773672621,0.8224668502807617,31,4,207,186,0.2035550903855708,303.64872574387937,302.86290095145245,0.0009291160381526,303,340,357
Bheemavaram,15.129115,79.95032,28_515_shc_2025-26.3092,314.0,5.9,49.2,0.18,0.0327583327889442,0.0495800003409385,0.0763500034809112,0.0726749971508979,0.122587502002716,0.2122000008821487,0.2341833263635635,0.2474499940872192,0.2579500079154968,0.2667714357376098,0.220660001039505,0.1367516666650772,0.5459586381912231,0.3374319970607757,0.3331204977370788,0.3196616347572866,0.8917357325553894,24,4,314,189,0.305731455485026,303.56559800265126,302.81065057453355,0.0009479410303598,285,357,358
Bheemavaram,15.130206,79.95269,28_515_shc_2025-26.10577,263.0,135.0,42.1,0.23,0.0318499989807605,0.0498499982059001,0.0734750032424926,0.0790999978780746,0.1177499964833259,0.2096666693687439,0.241633340716362,0.213699996471405,0.2607499957084656,0.2590500116348266,0.2049999982118606,0.1266749948263168,0.4596994519233703,0.2894856035709381,0.2560054755511097,0.2546670021808737,0.9592887163162231,26,3,123,171,0.305731455485026,303.56559800265126,302.81065057453355,0.0009479410303598,285,356,359
Bheemavaram,15.131673,79.970685,28_515_shc_2025-26.2924,50.0,5.9,28.1,0.17,0.048700001090765,0.0678799971938133,0.1072333306074142,0.122359998524189,0.1784999966621399,0.2522749900817871,0.286642849445343,0.2944999933242798,0.3185200095176697,0.2757285833358764,0.3228499889373779,0.2022999972105026,0.4129443764686584,0.2452431321144104,0.2832069713852102,0.2816242332480476,1.0962648391723633,21,5,0,180,0.305731455485026,303.56559800265126,302.81065057453355,0.0009479410303598,286,356,358
Bheemavaram,15.132273,79.968947,28_515_shc_2025-26.782,138.0,59.3,49.2,0.18,0.0467708334326744,0.0642454549670219,0.0952285677194595,0.1268499940633773,0.1680333316326141,0.2229000031948089,0.2424950003623962,0.2365400046110153,0.2522333264350891,0.1967000067234039,0.2892749905586242,0.1925400048494339,0.3018520474433899,0.1693306714296341,0.1809112000367093,0.190568591336564,1.2229431867599487,17,1,134,177,0.305731455485026,303.56559800265126,302.81065057453355,0.0009479410303598,283,355,362
Bheemavaram,15.133465,79.965561,28_515_shc_2025-26.2904,163.0,11.2,42.1,0.42,0.0477611124515533,0.0618500001728534,0.0921249985694885,0.0957000032067298,0.158133327960968,0.2563000023365021,0.3027285635471344,0.3150500059127807,0.3445799946784973,0.3411499857902527,0.2596499919891357,0.1666000038385391,0.534023106098175,0.3316192030906677,0.3847233167320008,0.3612681864007546,0.8241548538208008,20,4,165,177,0.305731455485026,303.56559800265126,302.81065057453355,0.0009479410303598,278,364,359
Bheemavaram,15.133465,79.965561,28_515_shc_2025-26.3029,188.0,8.8,35.1,0.34,0.0477611124515533,0.0618500001728534,0.0921249985694885,0.0957000032067298,0.158133327960968,0.2563000023365021,0.3027285635471344,0.3150500059127807,0.3445799946784973,0.3411499857902527,0.2596499919891357,0.1666000038385391,0.534023106098175,0.3316192030906677,0.3847233167320008,0.3612681864007546,0.8241548538208008,20,4,165,177,0.305731455485026,303.56559800265126,302.81065057453355,0.0009479410303598,278,364,359
Bheemavaram,15.133865,79.963692,28_515_shc_2025-26.2871,125.0,42.88,28.1,0.6,0.0473666675388813,0.0500571429729461,0.0828500017523765,0.0804999992251396,0.1337250024080276,0.234866663813591,0.2752000093460083,0.2994999885559082,0.2939000129699707,0.2296333312988281,0.2318000048398971,0.1430999934673309,0.5763157606124878,0.3826533257961273,0.3891060317262768,0.3732954415425364,0.7739566564559937,15,3,314,186,0.305731455485026,303.56559800265126,302.81065057453355,0.0009479410303598,267,367,366
Bheemavaram,15.133865,79.963692,28_515_shc_2025-26.2875,125.0,15.9,28.1,0.31,0.0473666675388813,0.0500571429729461,0.0828500017523765,0.0804999992251396,0.1337250024080276,0.234866663813591,0.2752000093460083,0.2994999885559082,0.2939000129699707,0.2296333312988281,0.2318000048398971,0.1430999934673309,0.5763157606124878,0.3826533257961273,0.3891060317262768,0.3732954415425364,0.7739566564559937,15,3,314,186,0.305731455485026,303.56559800265126,302.81065057453355,0.0009479410303598,267,367,366
Bheemavaram,15.13494,79.960072,28_515_shc_2025-26.11731,226.0,21.7,42.1,0.24,0.06700000166893,0.0838799998164177,0.1226200014352798,0.173225000500679,0.217749997973442,0.2490250021219253,0.2665500044822693,0.2447833269834518,0.2726666629314422,0.2796500027179718,0.3210999965667724,0.2762666642665863,0.1711887568235397,0.0584462285041809,0.1080919718151247,0.1169243094104881,1.311772346496582,21,1,0,180,0.305731455485026,303.56559800265126,302.81065057453355,0.0009479410303598,279,352,369
Bheemavaram,15.135141,79.956606,28_515_shc_2025-26.9552,213.0,29.4,35.1,0.79,0.0564499981701374,0.0702999979257583,0.1006666645407676,0.1068999990820884,0.1741999983787536,0.2784333229064941,0.3237000107765198,0.3339999914169311,0.3564714193344116,0.361050009727478,0.2849999964237213,0.1761000007390976,0.5150827765464783,0.3144431114196777,0.3920519146927121,0.3620469677352164,0.8532934188842773,23,5,12,177,0.305731455485026,303.56559800265126,302.81065057453355,0.0009479410303598,283,357,360
Bheemavaram,15.135141,79.956606,28_515_shc_2025-26.9551,100.0,29.4,28.1,0.29,0.0564499981701374,0.0702999979257583,0.1006666645407676,0.1068999990820884,0.1741999983787536,0.2784333229064941,0.3237000107765198,0.3339999914169311,0.3564714193344116,0.361050009727478,0.2849999964237213,0.1761000007390976,0.5150827765464783,0.3144431114196777,0.3920519146927121,0.3620469677352164,0.8532934188842773,23,5,12,177,0.305731455485026,303.56559800265126,302.81065057453355,0.0009479410303598,283,357,360
Bheemavaram,15.136284,79.954827,28_515_shc_2025-26.9595,301.0,0.6,49.2,0.55,0.0532499998807907,0.0639333352446556,0.1032857149839401,0.1107499971985817,0.1676499992609024,0.235683336853981,0.2758666574954986,0.2469000071287155,0.2973666787147522,0.2997333407402038,0.2596000134944916,0.1632000058889389,0.3806794583797455,0.1911711692810058,0.2377086601954322,0.2381216275459426,1.0514378547668457,16,1,180,180,0.305731455485026,303.56559800265126,302.81065057453355,0.0009479410303598,291,352,357
Bheemavaram,15.136464,79.986865,28_515_shc_2025-26.3045,113.0,68.7,49.2,0.2,0.047919999808073,0.0621000006794929,0.0884250029921531,0.115725003182888,0.1536999940872192,0.1934874951839447,0.21144999563694,0.1995791643857956,0.2225583344697952,0.2254499942064285,0.3001999855041504,0.2003750056028366,0.2659468948841095,0.1298666149377823,0.146785085638935,0.154275234700999,1.5041649341583252,19,3,46,174,0.305731455485026,303.56559800265126,302.81065057453355,0.0009479410303598,292,332,376
Bheemavaram,15.136814,79.956172,28_515_shc_2025-26.9560,263.0,27.0,42.1,0.63,0.0557500012218952,0.0657333359122276,0.1066000014543533,0.1059499979019165,0.1732999980449676,0.2879999876022339,0.3393999934196472,0.3515999913215637,0.3833000063896179,0.3805333375930786,0.2565500140190124,0.1551000028848648,0.5368812084197998,0.3396837413311004,0.4109783846874076,0.3848101867018801,0.7296644449234009,13,2,180,180,0.305731455485026,303.56559800265126,302.81065057453355,0.0009479410303598,289,357,354
Bheemavaram,15.136814,79.956172,28_515_shc_2025-26.9557,314.0,1.8,35.1,0.68,0.0557500012218952,0.0657333359122276,0.1066000014543533,0.1059499979019165,0.1732999980449676,0.2879999876022339,0.3393999934196472,0.3515999913215637,0.3833000063896179,0.3805333375930786,0.2565500140190124,0.1551000028848648,0.5368812084197998,0.3396837413311004,0.4109783846874076,0.3848101867018801,0.7296644449234009,13,2,180,180,0.305731455485026,303.56559800265126,302.81065057453355,0.0009479410303598,289,357,354
Bheemavaram,15.138,79.982,28_515_shc_2025-26.9604,201.0,76.9,42.1,0.11,0.0474499985575675,0.0501599982380867,0.0777999982237815,0.0827571451663971,0.163224995136261,0.243599995970726,0.2825999855995178,0.2706600129604339,0.3075399994850158,0.3027666807174682,0.2985250055789947,0.2074500024318695,0.5316744446754456,0.2476117312908172,0.3377111366480583,0.330265567087611,1.102952003479004,14,3,215,186,0.305731455485026,303.56559800265126,302.81065057453355,0.0009479410303598,299,338,363
Bheemavaram,15.138,79.982,28_515_shc_2025-26.11732,113.0,66.4,35.1,0.54,0.0474499985575675,0.0501599982380867,0.0777999982237815,0.0827571451663971,0.163224995136261,0.243599995970726,0.2825999855995178,0.2706600129604339,0.3075399994850158,0.3027666807174682,0.2985250055789947,0.2074500024318695,0.5316744446754456,0.2476117312908172,0.3377111366480583,0.330265567087611,1.102952003479004,14,3,215,186,0.305731455485026,303.56559800265126,302.81065057453355,0.0009479410303598,299,338,363
Bheemavaram,15.138285,79.956563,28_515_shc_2025-26.9576,50.0,13.5,42.1,0.17,0.0481666661798954,0.0631000027060508,0.0984333306550979,0.1023000031709671,0.1500333398580551,0.260699987411499,0.3095999956130981,0.3371999859809875,0.3470500111579895,0.326366662979126,0.249099999666214,0.1480000019073486,0.5344709753990173,0.3841417133808136,0.3973946629001223,0.3750398917333479,0.7387307286262512,13,1,180,180,0.305731455485026,303.56559800265126,302.81065057453355,0.0009479410303598,287,359,354
Bheemavaram,15.138285,79.956563,28_515_shc_2025-26.9647,251.0,1.8,35.1,0.49,0.0481666661798954,0.0631000027060508,0.0984333306550979,0.1023000031709671,0.1500333398580551,0.260699987411499,0.3095999956130981,0.3371999859809875,0.3470500111579895,0.326366662979126,0.249099999666214,0.1480000019073486,0.5344709753990173,0.3841417133808136,0.3973946629001223,0.3750398917333479,0.7387307286262512,13,1,180,180,0.305731455485026,303.56559800265126,302.81065057453355,0.0009479410303598,287,359,354
Bheemavaram,15.139333,79.953684,28_515_shc_2025-26.9645,188.0,11.2,49.2,0.28,0.0498333349823951,0.0573000013828277,0.0910999998450279,0.0780000016093254,0.1553999930620193,0.2800999879837036,0.3388999998569488,0.3471666574478149,0.3778333365917206,0.3702250123023987,0.2431000024080276,0.1413999944925308,0.6330850720405579,0.3815746009349823,0.4857142696575242,0.4364078404740673,0.7002400755882263,14,2,333,183,0.305731455485026,303.56559800265126,302.81065057453355,0.0009479410303598,280,357,363
Bheemavaram,15.139812,79.955867,28_515_shc_2025-26.9636,289.0,36.42,49.2,0.19,0.0566666685044765,0.0678000003099441,0.0921000018715858,0.0807500034570694,0.1632000058889389,0.2926999926567077,0.3388666808605194,0.3463999927043915,0.382099986076355,0.3777999877929687,0.2531499862670898,0.146599993109703,0.6219126582145691,0.359497606754303,0.5022118629254317,0.429784808845094,0.7308025360107422,13,1,270,183,0.305731455485026,303.56559800265126,302.81065057453355,0.0009479410303598,280,358,362
Bheemavaram,15.142971,79.984281,28_515_shc_2025-26.9589,88.0,25.8,56.2,0.53,0.059457141906023,0.0747099965810775,0.1060400009155273,0.1291500031948089,0.171506255865097,0.2760833203792572,0.3165499866008758,0.3306666612625122,0.3560999929904938,0.3398500084877014,0.2820000052452087,0.1803624927997589,0.4382543563842773,0.3169434368610382,0.3260277296355638,0.3149299218225813,0.8528226017951965,12,5,90,165,0.305731455485026,303.56559800265126,302.81065057453355,0.0009479410303598,300,324,376
Bheemavaram,15.142971,79.984281,28_515_shc_2025-26.2748,100.0,14.7,42.1,0.62,0.059457141906023,0.0747099965810775,0.1060400009155273,0.1291500031948089,0.171506255865097,0.2760833203792572,0.3165499866008758,0.3306666612625122,0.3560999929904938,0.3398500084877014,0.2820000052452087,0.1803624927997589,0.4382543563842773,0.3169434368610382,0.3260277296355638,0.3149299218225813,0.8528226017951965,12,5,90,165,0.305731455485026,303.56559800265126,302.81065057453355,0.0009479410303598,300,324,376
Karedu,15.143821,80.005442,28_515_shc_2025-26.8555,301.0,15.9,49.2,0.46,0.0364749990403652,0.0377000011503696,0.0716499984264373,0.0407500006258487,0.1216999962925911,0.2529000043869018,0.2960500121116638,0.3135333359241485,0.3174000084400177,0.2985000014305115,0.1927500069141388,0.1105000004172325,0.7699581384658813,0.4407597482204437,0.5347504524217971,0.4789687278694831,0.6147671937942505,18,4,0,180,0.305731455485026,303.56559800265126,302.81065057453355,0.0009479410303598,285,372,344
Karedu,15.148,80.048,28_515_shc_2025-26.752,163.0,13.5,42.1,0.85,0.0666291639208793,0.0850000008940696,0.1154500022530555,0.1559499949216842,0.1992750018835067,0.251716673374176,0.2729666531085968,0.2896333336830139,0.3054249882698059,0.297733336687088,0.4095999896526336,0.3296500146389007,0.3000187277793884,0.1848165094852447,0.2104807523802453,0.21206487263041,1.4142018556594849,10,1,134,177,0.305731455485026,303.56559800265126,302.81065057453355,0.0009479410303598,277,385,338
Karedu,15.148,80.048,28_515_shc_2025-26.2885,226.0,36.42,49.2,0.68,0.0666291639208793,0.0850000008940696,0.1154500022530555,0.1559499949216842,0.1992750018835067,0.251716673374176,0.2729666531085968,0.2896333336830139,0.3054249882698059,0.297733336687088,0.4095999896526336,0.3296500146389007,0.3000187277793884,0.1848165094852447,0.2104807523802453,0.21206487263041,1.4142018556594849,10,1,134,177,0.305731455485026,303.56559800265126,302.81065057453355,0.0009479410303598,277,385,338
Kollurupadu,15.162735,79.975129,28_515_shc_2025-26.6078,50.0,45.2,42.1,0.16,0.0340400002896785,0.051350001245737,0.0771666690707206,0.0643500015139579,0.1201333329081535,0.2470666617155075,0.2860499918460846,0.2976999878883362,0.3136500120162964,0.3172999918460846,0.2018249928951263,0.1187999993562698,0.6445242166519165,0.4249700605869293,0.4492078245081105,0.4060379141170903,0.6779475808143616,15,1,134,177,0.2528371308979235,303.5840241950855,302.63166979739543,0.0009258981358648,287,371,343
Kollurupadu,15.162735,79.975129,28_515_shc_2025-26.6076,125.0,28.8,35.1,0.29,0.0340400002896785,0.051350001245737,0.0771666690707206,0.0643500015139579,0.1201333329081535,0.2470666617155075,0.2860499918460846,0.2976999878883362,0.3136500120162964,0.3172999918460846,0.2018249928951263,0.1187999993562698,0.6445242166519165,0.4249700605869293,0.4492078245081105,0.4060379141170903,0.6779475808143616,15,1,134,177,0.2528371308979235,303.5840241950855,302.63166979739543,0.0009258981358648,287,371,343
K.Rajupalem,15.162735,79.975129,28_515_shc_2025-26.10582,238.0,32.3,49.2,0.61,0.0340400002896785,0.051350001245737,0.0771666690707206,0.0643500015139579,0.1201333329081535,0.2470666617155075,0.2860499918460846,0.2976999878883362,0.3136500120162964,0.3172999918460846,0.2018249928951263,0.1187999993562698,0.6445242166519165,0.4249700605869293,0.4492078245081105,0.4060379141170903,0.6779475808143616,15,1,134,177,0.2528371308979235,303.5840241950855,302.63166979739543,0.0009258981358648,287,371,343
K.Rajupalem,15.162735,79.975129,28_515_shc_2025-26.10588,100.0,40.53,49.2,0.21,0.0340400002896785,0.051350001245737,0.0771666690707206,0.0643500015139579,0.1201333329081535,0.2470666617155075,0.2860499918460846,0.2976999878883362,0.3136500120162964,0.3172999918460846,0.2018249928951263,0.1187999993562698,0.6445242166519165,0.4249700605869293,0.4492078245081105,0.4060379141170903,0.6779475808143616,15,1,134,177,0.2528371308979235,303.5840241950855,302.63166979739543,0.0009258981358648,287,371,343
K.Rajupalem,15.162735,79.975129,28_515_shc_2025-26.10584,151.0,8.8,63.2,0.35,0.0340400002896785,0.051350001245737,0.0771666690707206,0.0643500015139579,0.1201333329081535,0.2470666617155075,0.2860499918460846,0.2976999878883362,0.3136500120162964,0.3172999918460846,0.2018249928951263,0.1187999993562698,0.6445242166519165,0.4249700605869293,0.4492078245081105,0.4060379141170903,0.6779475808143616,15,1,134,177,0.2528371308979235,303.5840241950855,302.63166979739543,0.0009258981358648,287,371,343
Atmakur,15.165909,79.966458,28_515_shc_2025-26.792,63.0,42.88,49.2,0.36,0.049100000411272,0.0604499988257885,0.0891285687685012,0.0956500023603439,0.158619999885559,0.2397399991750717,0.2833999991416931,0.3007999956607818,0.3064000010490417,0.320333331823349,0.2745600044727325,0.2013999968767166,0.5174674987792969,0.309477150440216,0.3608428589722951,0.3432706683361552,0.9127659797668456,15,3,237,189,0.2528371308979235,303.5840241950855,302.63166979739543,0.0009258981358648,301,355,344
K.Rajupalem,15.170278,80.005474,28_515_shc_2025-26.9545,314.0,16.4,35.1,0.3,0.0602571442723274,0.0849333330988884,0.1434333324432373,0.1985333263874054,0.2446999996900558,0.2824333310127258,0.3018499910831451,0.2879500091075897,0.2898249924182892,0.2878666520118713,0.4169000089168548,0.2984000146389007,0.1838021427392959,0.0811977982521057,0.1213482672633376,0.1359627874635871,1.447820782661438,8,2,333,183,0.2528371308979235,303.5840241950855,302.63166979739543,0.0009258981358648,289,347,365
K.Rajupalem,15.170278,80.005474,28_515_shc_2025-26.9596,188.0,3.5,28.1,0.36,0.0602571442723274,0.0849333330988884,0.1434333324432373,0.1985333263874054,0.2446999996900558,0.2824333310127258,0.3018499910831451,0.2879500091075897,0.2898249924182892,0.2878666520118713,0.4169000089168548,0.2984000146389007,0.1838021427392959,0.0811977982521057,0.1213482672633376,0.1359627874635871,1.447820782661438,8,2,333,183,0.2528371308979235,303.5840241950855,302.63166979739543,0.0009258981358648,289,347,365
K.Rajupalem,15.170278,80.005474,28_515_shc_2025-26.9538,339.0,6.5,35.1,0.41,0.0602571442723274,0.0849333330988884,0.1434333324432373,0.1985333263874054,0.2446999996900558,0.2824333310127258,0.3018499910831451,0.2879500091075897,0.2898249924182892,0.2878666520118713,0.4169000089168548,0.2984000146389007,0.1838021427392959,0.0811977982521057,0.1213482672633376,0.1359627874635871,1.447820782661438,8,2,333,183,0.2528371308979235,303.5840241950855,302.63166979739543,0.0009258981358648,289,347,365
Karedu,15.173373,80.015738,28_515_shc_2025-26.9611,113.0,45.2,49.2,0.36,0.0419000014662742,0.0505444444715976,0.0819370374083519,0.0973071455955505,0.1675181835889816,0.2314333319664001,0.2606666684150696,0.261266678571701,0.2796666622161865,0.2787833213806152,0.3021999895572662,0.2489333301782608,0.4572546184062958,0.2186376005411148,0.2795985687278986,0.2864509638443349,1.156672477722168,16,2,270,186,0.2528371308979235,303.5840241950855,302.63166979739543,0.0009258981358648,291,340,370
Karedu,15.177909,80.024613,28_515_shc_2025-26.9602,163.0,20.0,35.1,0.26,0.0528349988162517,0.0732600018382072,0.1025571450591087,0.1180749982595443,0.1588999927043914,0.2538166642189026,0.2782666683197021,0.2737666666507721,0.3029249906539917,0.272724986076355,0.2687833309173584,0.1750999987125396,0.3973331153392792,0.2654853761196136,0.2716626416708324,0.2618598253203679,0.9817971587181092,9,2,270,186,0.2528371308979235,303.5840241950855,302.63166979739543,0.0009258981358648,262,365,373
Atmakur,15.178,79.982,28_515_shc_2025-26.2990,163.0,15.9,28.1,0.33,0.0346500016748905,0.03644285723567,0.0618249997496604,0.0520333349704742,0.110766664147377,0.2292499989271164,0.2716000080108642,0.2763400077819824,0.2965500056743622,0.2936500012874603,0.1941000074148178,0.1119600012898445,0.6830843091011047,0.4277201890945434,0.4263676677028197,0.4061695274974666,0.7023956179618835,16,3,226,186,0.2528371308979235,303.5840241950855,302.63166979739543,0.0009258981358648,295,373,332
Karedu,15.178,80.022,28_515_shc_2025-26.9608,138.0,11.2,49.2,0.41,0.048623077571392,0.0722166672348976,0.1032111123204231,0.1145624965429306,0.1770666688680648,0.2482250034809112,0.2735849916934967,0.272350013256073,0.3008333444595337,0.2842444479465484,0.3076249957084656,0.231962502002716,0.4078118801116943,0.2120155990123748,0.2781671215364109,0.2668597775482403,1.1295207738876345,12,1,134,177,0.2528371308979235,303.5840241950855,302.63166979739543,0.0009258981358648,268,358,374
Karedu,15.17876,80.030607,28_515_shc_2025-26.9540,213.0,15.9,35.1,0.3,0.0532499998807907,0.0591666661202907,0.0884833335876464,0.0747499987483024,0.1234000027179718,0.208199992775917,0.2296999990940094,0.2470999956130981,0.2427999973297119,0.2477000057697296,0.182899996638298,0.1075000017881393,0.5354979038238525,0.3338731229305267,0.3441905937983175,0.314564698023846,0.7401861548423767,7,1,270,183,0.2528371308979235,303.5840241950855,302.63166979739543,0.0009258981358648,276,357,367
Atmakur,15.17898,79.97861,28_515_shc_2025-26.2727,289.0,7.6,28.1,0.11,0.0789199993014335,0.1024800017476081,0.1307274997234344,0.154349997639656,0.1808200031518936,0.2433999925851822,0.2694700062274933,0.2933666706085205,0.2978000044822693,0.2913750112056732,0.3188500106334686,0.2551000118255615,0.3105014562606811,0.2373467534780502,0.2395407489845102,0.2200288508576602,1.0868651866912842,12,1,180,180,0.2528371308979235,303.5840241950855,302.63166979739543,0.0009258981358648,290,375,336
Karedu,15.17961,80.033663,28_515_shc_2025-26.9541,188.0,4.1,35.1,0.43,0.0493333339691162,0.0667499974370002,0.0986249968409538,0.1023000031709671,0.1510999947786331,0.2588333189487457,0.3070999979972839,0.305400013923645,0.3287999927997589,0.3174999952316284,0.2421000003814697,0.1512999981641769,0.4981604218482971,0.3380066156387329,0.3579296182491657,0.3356285230710338,0.7927308082580566,8,1,0,180,0.2528371308979235,303.5840241950855,302.63166979739543,0.0009258981358648,271,360,368
Atmakur,15.179923,79.977763,28_515_shc_2025-26.10555,339.0,11.7,35.1,0.46,0.0829000025987625,0.1033571437001228,0.1270599961280822,0.1525869071483612,0.1702000051736831,0.2084333300590515,0.2278124988079071,0.2458374947309494,0.252311110496521,0.2597857117652893,0.3014500141143799,0.2543250024318695,0.234048381447792,0.1818044930696487,0.1681790304533681,0.1556902073021303,1.2262165546417236,16,3,134,174,0.2528371308979235,303.5840241950855,302.63166979739543,0.0009258981358648,290,373,337
Atmakur,15.180091,79.977611,28_515_shc_2025-26.6127,276.0,112.8,49.2,0.32,0.0663499981164932,0.0876833349466323,0.1187200024724006,0.1505900025367736,0.1773833334445953,0.2169333398342132,0.2440333366394043,0.2679222226142883,0.2819333374500274,0.2902500033378601,0.3405500054359436,0.2647958397865295,0.2803555428981781,0.203318566083908,0.1937662419758056,0.191612398068329,1.2710778713226318,16,1,226,183,0.2528371308979235,303.5840241950855,302.63166979739543,0.0009258981358648,290,373,337
Atmakur,15.180091,79.977611,28_515_shc_2025-26.10548,151.0,24.7,42.1,0.4,0.0663499981164932,0.0876833349466323,0.1187200024724006,0.1505900025367736,0.1773833334445953,0.2169333398342132,0.2440333366394043,0.2679222226142883,0.2819333374500274,0.2902500033378601,0.3405500054359436,0.2647958397865295,0.2803555428981781,0.203318566083908,0.1937662419758056,0.191612398068329,1.2710778713226318,16,1,226,183,0.2528371308979235,303.5840241950855,302.63166979739543,0.0009258981358648,290,373,337
Karedu,15.180574,80.037484,28_515_shc_2025-26.9664,151.0,34.07,49.2,0.34,0.0520333349704742,0.0649250000715255,0.097850002348423,0.0937874987721443,0.1529749929904937,0.2469500005245208,0.2834500074386596,0.2806249856948852,0.3091000020503998,0.3040499985218048,0.2293500006198883,0.1373499929904937,0.4990151226520538,0.2943957448005676,0.3443596435115639,0.3205080386688814,0.8172829151153564,7,4,15,177,0.2528371308979235,303.5840241950855,302.63166979739543,0.0009258981358648,283,344,372
Karedu,15.181879,80.035074,28_515_shc_2025-26.9661,339.0,7.0,28.1,0.98,0.0530750006437301,0.0759750008583068,0.1125999987125396,0.1270249933004379,0.1955250054597854,0.2916333377361297,0.3323499858379364,0.3392750024795532,0.3775583207607269,0.3284125030040741,0.3136500120162964,0.208199992775917,0.4551790952682495,0.268792062997818,0.3464486208132076,0.3294784385377987,0.9244713187217712,7,1,270,183,0.2528371308979235,303.5840241950855,302.63166979739543,0.0009258981358648,286,352,362
Karedu,15.182,80.032,28_515_shc_2025-26.9478,88.0,10.0,35.1,0.52,0.0478749983012676,0.0616333335638046,0.100100003182888,0.0908999964594841,0.164450004696846,0.2902333438396454,0.3447000086307525,0.3472000062465668,0.3858999907970428,0.3573000133037567,0.2639000117778778,0.1536000072956085,0.5850262641906738,0.3571777641773224,0.4479673030796576,0.4098177311284898,0.7600806951522827,6,1,270,183,0.2528371308979235,303.5840241950855,302.63166979739543,0.0009258981358648,271,360,368
Atmakur,15.183637,79.968203,28_515_shc_2025-26.2969,289.0,47.0,49.2,0.55,0.0262666661292314,0.0306250005960464,0.0517333336174488,0.0322285704314708,0.0828249976038932,0.2474499940872192,0.3115571439266205,0.3192571401596069,0.3409000039100647,0.3292500078678131,0.1307000070810318,0.0659999996423721,0.8166151642799377,0.5880194902420044,0.5593175303652984,0.5056372047551252,0.4093878865242004,11,2,27,177,0.2528371308979235,303.5840241950855,302.63166979739543,0.0009258981358648,304,346,350
Karedu,15.186415,80.032723,28_515_shc_2025-26.9648,401.0,11.2,56.2,0.43,0.0443000011146068,0.0776000022888183,0.1075000017881393,0.1194500029087066,0.1508499979972839,0.232474997639656,0.2686749994754791,0.2788499891757965,0.2921999990940094,0.2885000109672546,0.2433499991893768,0.1655000001192093,0.4002008140087127,0.2978822290897369,0.2819143069849429,0.266169410561614,0.8726914525032043,7,3,134,174,0.2528371308979235,303.5840241950855,302.63166979739543,0.0009258981358648,289,348,363
Karedu,15.189469,80.035239,28_515_shc_2025-26.9656,238.0,31.13,63.2,0.89,0.0336666665971279,0.0414571426808834,0.0600400008261203,0.0609333328902721,0.1146000027656555,0.2222999930381775,0.2619499862194061,0.2644000053405761,0.2984333336353302,0.2917749881744385,0.2099500000476837,0.1213999986648559,0.6254098415374756,0.3952506482601166,0.3856248180074306,0.3697899921620404,0.7940620183944702,7,3,226,186,0.2528371308979235,303.5840241950855,302.63166979739543,0.0009258981358648,290,354,356
Karedu,15.189469,80.048835,28_515_shc_2025-26.11348,163.0,24.7,21.1,0.89,0.0618500001728534,0.0631999969482421,0.0989999994635582,0.101000003516674,0.1674000024795532,0.2698999941349029,0.3052499890327453,0.3073500096797943,0.3431499898433685,0.3364999890327453,0.2589333355426788,0.1630499958992004,0.5053263306617737,0.2947867512702942,0.3584083066472614,0.3407552207275994,0.8424705862998962,5,2,333,183,0.2528371308979235,303.5840241950855,302.63166979739543,0.0009258981358648,282,343,375
Karedu,15.192879,80.036543,28_515_shc_2025-26.9654,88.0,11.2,42.1,0.27,0.0483666658401489,0.0496333315968513,0.0742999985814094,0.0772000029683113,0.1308999955654144,0.2465000003576278,0.2957499921321869,0.2689999938011169,0.3208999931812286,0.3447999954223633,0.2451999932527542,0.1477999985218048,0.5540149807929993,0.3453363478183746,0.352586468911495,0.3399905310181662,0.9115241765975952,6,3,341,183,0.2528371308979235,303.5840241950855,302.63166979739543,0.0009258981358648,279,355,366
Karedu,15.195822,80.031415,28_515_shc_2025-26.9635,213.0,45.2,42.1,0.34,0.0542000010609626,0.0747999995946884,0.1089999973773956,0.1301333308219909,0.1890999972820282,0.2605499923229217,0.2968499958515167,0.2901000082492828,0.3266666531562805,0.322950005531311,0.3226499855518341,0.2281749993562698,0.3806615471839905,0.2107679694890976,0.2648630336903965,0.2607491012910946,1.1122026443481443,8,0,0,180,0.2528371308979235,303.5840241950855,302.63166979739543,0.0009258981358648,274,358,367
Karedu,15.196752,80.017182,28_515_shc_2025-26.9637,113.0,5.9,35.1,0.97,0.061124999076128,0.091899998486042,0.1340000033378601,0.1762000024318695,0.1924999952316284,0.2630999982357025,0.2964499890804291,0.301800012588501,0.3210000097751617,0.3021333217620849,0.325899988412857,0.2563000023365021,0.2627615332603454,0.2211208045482635,0.1880521144752823,0.1926380494288878,1.079854130744934,9,5,126,168,0.2528371308979235,303.5840241950855,302.63166979739543,0.0009258981358648,275,378,346
Karedu,15.199102,80.02483,28_515_shc_2025-26.9629,50.0,18.2,21.1,0.39,0.0577166676521301,0.0808999985456466,0.1123666688799858,0.1412999927997589,0.194250002503395,0.2434249967336654,0.2623666524887085,0.2609499990940094,0.2859333455562591,0.2819400131702423,0.3352999985218048,0.2582499980926513,0.2974518537521362,0.1465289890766143,0.1991511467026643,0.1989193804974921,1.2849204540252686,7,0,0,180,0.2528371308979235,303.5840241950855,302.63166979739543,0.0009258981358648,275,365,361
Adurupalle,15.298906,79.883129,28_515_shc_2025-26.10318,113.0,21.5,428.3,0.2,0.0735285729169845,0.0594166666269302,0.0810749977827072,0.0854249969124794,0.1604000031948089,0.2190124988555908,0.2429749965667724,0.2451333403587341,0.2676750123500824,0.2702249884605407,0.2665624916553497,0.212799996137619,0.4831472337245941,0.2089429646730423,0.3043087733836114,0.2884355070788417,1.0874183177947998,25,2,270,186,0.2319022061532004,303.8459356876842,303.0899902812222,0.0008803874064862,281,323,396
