Village,Latitude,Longitude,Feature_ID,N,P,K,OC,B1,B2,B3,B4,B5,B6,B7,B8,B8A,B9,B11,B12,NDVI,NDRE,EVI,SAVI,SWIR_Ratio,Elevation_m,Slope_deg,Aspect_deg,Hillshade,Soil_Moisture_0_7cm,Soil_Temp_0_7cm_K,LST_K,Precipitation_Mean_m,Potential_ET,Actual_ET,Climate_Water_Deficit,Clay_Fraction_g_kg,Silt_Fraction_g_kg,Sand_Fraction_g_kg
Ananthamadugu,14.145,79.73,28_515_shc_2024-25.17989,113.0,96.0,45.2,0.63,0.0573000013828277,0.0595999993383884,0.0838000029325485,0.0953999981284141,0.1251000016927719,0.1814000010490417,0.1985999941825866,0.1997999995946884,0.2184000015258789,0.2399999946355819,0.2199999988079071,0.1814000010490417,0.3536585569381714,0.2299168854951858,0.1969514073195677,0.1969315928669572,1.101101040840149,26,2,296,186,0.2319729699028863,302.71088439093694,301.9510017818875,0.0011091278745096,1451.0,905.0,545.75,329,290,380
Ananthamadugu,14.148,79.732,28_515_shc_2024-25.17981,113.0,97.0,67.6,0.16,0.0541500002145767,0.0562000013887882,0.0776500031352043,0.0767500028014183,0.1278499960899353,0.2101999968290329,0.2376500070095062,0.229200005531311,0.2585499882698059,0.2565500140190124,0.2241999953985214,0.1688999980688095,0.4982840418815613,0.2838538289070129,0.3005243677979077,0.2837334843731804,0.978184938430786,28,1,0,180,0.2319729699028863,302.71088439093694,301.9510017818875,0.0011091278745096,1451.0,905.0,545.75,327,293,379
Jorepalle,14.15,79.58,28_515_shc_2024-25.20016,213.0,19.0,245.0,0.77,0.0404499992728233,0.0516000017523765,0.0700000002980232,0.0799999982118606,0.1307500004768371,0.1987500041723251,0.2299499958753585,0.2300000041723251,0.2633000016212463,0.2574000060558319,0.2648000121116638,0.1708000004291534,0.4838709831237793,0.27512127161026,0.2834467275017938,0.2777777879980529,1.1513043642044067,55,2,116,174,0.2192535400390625,302.89212896558973,302.13870794508193,0.000975829909579,1445.5,909.4166666666666,536.0833333333334,331,269,399
Raganaramapuram,14.152696,79.703033,28_515_shc_2024-25.5699,213.0,164.0,64.6,0.25,0.0577999986708164,0.0644500032067298,0.0926499962806701,0.095049999654293,0.1436000019311905,0.2348500043153762,0.268449991941452,0.2517000138759613,0.2915500104427337,0.2766999900341034,0.2594999969005584,0.1783999949693679,0.4517664313316345,0.2734632194042206,0.2925576910170047,0.2775022351081506,1.030989170074463,33,1,90,177,0.2370018429226345,303.026851187812,302.2613533443875,0.0010331446824364,1450.1666666666667,903.25,546.8333333333334,319,318,363
Ananthamadugu,14.155,79.735,28_515_shc_2024-25.17963,213.0,25.0,58.1,0.47,0.0423000007867813,0.0701000019907951,0.0948999971151351,0.0967999994754791,0.1229000017046928,0.2162999957799911,0.257099986076355,0.2576000094413757,0.2739999890327453,0.3010999858379364,0.1752000004053115,0.1194000020623207,0.4537246227264404,0.3540078997611999,0.3062507351995895,0.2823033853365948,0.6801242232322693,18,2,27,177,0.2370018429226345,303.026851187812,302.2613533443875,0.0010331446824364,1451.0,905.0,545.75,308,339,353
Jorepalle,14.158,79.592,28_515_shc_2024-25.19955,100.0,19.0,303.0,0.64,0.0408499985933303,0.0489000007510185,0.0728000029921531,0.061099998652935,0.1159999966621398,0.2662000060081482,0.3346999883651733,0.3494000136852264,0.372649997472763,0.3666999936103821,0.164450004696846,0.0853499993681907,0.7023142576217651,0.501504123210907,0.5341856865641271,0.4749588321672909,0.4706639945507049,54,1,270,183,0.2192535400390625,302.89212896558973,302.13870794508193,0.000975829909579,1448.6666666666667,908.9166666666666,539.5833333333334,336,264,399
Molakalapundla,14.16,79.735,28_515_shc_2024-25.9712,151.0,90.6,614.0,0.16,0.0508500002324581,0.0627999976277351,0.096850000321865,0.0878999978303909,0.1756999939680099,0.2824000120162964,0.3381499946117401,0.350600004196167,0.3725999891757965,0.3583999872207641,0.2216999977827072,0.1341499984264373,0.5990878343582153,0.3323200047016144,0.4667732848097021,0.4198721456555875,0.6323445439338684,24,1,180,180,0.2370018429226345,303.026851187812,302.2613533443875,0.0010331446824364,1451.0,905.0,545.75,313,339,348
Siddavaram,14.165,79.55,28_515_shc_2024-25.407,176.0,1.0,167.0,0.87,0.0433499999344348,0.0489500015974044,0.0727500021457672,0.0833500027656555,0.1343500018119812,0.2238499969244003,0.2608999907970428,0.2538999915122986,0.2854500114917755,0.2837499976158142,0.278899997472763,0.197050005197525,0.5057079195976257,0.3079201281070709,0.3074357624571115,0.3055538786125505,1.098464012145996,68,1,46,177,0.2095289866129557,302.35126525031194,301.59108424716527,0.0009597665134327,1445.5,909.4166666666666,536.0833333333334,332,258,410
Molakalapundla,14.165,79.65,28_515_shc_2024-25.3936,301.0,156.0,58.1,0.47,0.0590999983251094,0.0842000022530555,0.1206000000238418,0.1715999990701675,0.2072000056505203,0.2569999992847442,0.2784999907016754,0.3041999936103821,0.3077999949455261,0.3077999949455261,0.3935000002384186,0.301800012588501,0.2786885201931,0.1896753758192062,0.1947365282100123,0.203832745749401,1.2935569286346436,65,1,134,177,0.2192535400390625,302.89212896558973,302.13870794508193,0.000975829909579,1448.8333333333333,905.5,543.4166666666666,325,305,370
Molakalapundla,14.165,79.735,28_515_shc_2024-25.9815,364.0,38.2,58.7,0.16,0.0473500005900859,0.0547499991953372,0.0805500000715255,0.0944999977946281,0.1410000026226043,0.2335000038146972,0.2617000043392181,0.2680000066757202,0.2825999855995178,0.2764999866485595,0.2564499974250793,0.1835500001907348,0.478620707988739,0.310513436794281,0.3045195418071431,0.3017391443162423,0.9569029808044434,27,3,134,174,0.2370018429226345,303.026851187812,302.2613533443875,0.0010331446824364,1451.0,905.0,545.75,313,322,365
Venkanapalem,14.165,79.89,28_515_shc_2024-25.12550,163.0,17.0,129.0,0.71,0.0557999983429908,0.0548500008881092,0.0826999992132186,0.0756999999284744,0.1435499936342239,0.2526499927043915,0.2906500101089477,0.2705000042915344,0.3140499889850616,0.3616999983787536,0.229200005531311,0.1416999995708465,0.5626805424690247,0.3066055178642273,0.370814544720729,0.3453084437336153,0.8473197817802429,11,1,0,180,0.2864919874403211,302.9417274898953,302.1352140214708,0.0011376046629391,1457.0,919.75,537.25,317,329,354
Baddevolu,14.165,79.92,28_515_shc_2024-25.9453,251.0,109.0,239.0,0.61,0.0546500012278556,0.0835499987006187,0.1165999993681907,0.1172000020742416,0.1546999961137771,0.2441000044345855,0.275050014257431,0.3064000010490417,0.2918500006198883,0.2633000016212463,0.2513000071048736,0.1726499944925308,0.4466477632522583,0.3289958834648132,0.3420162978279379,0.3072758742989286,0.8201697468757629,6,2,207,183,0.2864919874403211,302.9417274898953,302.1352140214708,0.0011376046629391,1469.75,923.25,546.3333333333334,326,333,342
Venkanapalem,14.168,79.908,28_515_shc_2024-25.9036,213.0,80.0,400.0,0.85,0.0593000017106533,0.0805500000715255,0.1199000030755996,0.1413999944925308,0.1937000006437301,0.2856999933719635,0.3465499877929687,0.3465999960899353,0.3743500113487243,0.3925999999046325,0.2973000109195709,0.2136500030755996,0.4204918146133423,0.2829909324645996,0.3224640629107347,0.3115384669332295,0.8577611446380615,8,1,180,180,0.2864919874403211,302.9417274898953,302.1352140214708,0.0011376046629391,1458.0833333333333,912.1666666666666,546.0,328,339,333
Baddevolu,14.172,79.912,28_515_shc_2024-25.9682,100.0,25.0,181.0,0.56,0.0718000009655952,0.0948500037193298,0.1369999945163726,0.1645999997854232,0.1761499941349029,0.2497999966144561,0.279449999332428,0.2980999946594238,0.30239999294281,0.3122499883174896,0.3123500049114227,0.2424000054597854,0.2885238826274872,0.2571428716182709,0.2119956136780703,0.2080087186730248,1.0478028059005735,11,1,180,180,0.2864919874403211,302.9417274898953,302.1352140214708,0.0011376046629391,1458.0833333333333,912.1666666666666,546.0,334,325,341
Baddevolu,14.172,79.918,28_515_shc_2024-25.5572,251.0,43.0,420.0,0.99,0.0588999986648559,0.0673500001430511,0.097300000488758,0.0864999964833259,0.1595499962568283,0.2858000099658966,0.3647499978542328,0.391400009393692,0.3952000141143799,0.4048500061035156,0.2424499988555908,0.1348499953746795,0.6379995942115784,0.4208185970783233,0.5424205505738274,0.4676858744421216,0.6194429993629456,8,1,134,177,0.2864919874403211,302.9417274898953,302.1352140214708,0.0011376046629391,1461.25,911.25,549.9166666666666,330,330,340
Yepuru,14.173949,79.553736,28_515_shc_2024-25.871,201.0,3.0,103.0,0.83,0.0859000012278556,0.1121999993920326,0.1374000012874603,0.1623000055551529,0.1814000010490417,0.2017000019550323,0.2263499945402145,0.2372999936342239,0.2425000071525573,0.2585999965667724,0.3223499953746795,0.2915500104427337,0.1876876652240753,0.1335084587335586,0.1369012601357181,0.1250555604935299,1.3584071397781372,74,1,134,177,0.2192535400390625,302.89212896558973,302.13870794508193,0.000975829909579,1440.0833333333333,904.0833333333334,536.0833333333334,336,252,412
Molakalapundla,14.175,79.43,28_515_shc_2024-25.1190,100.0,164.0,19.4,0.47,0.0406499989330768,0.0502999983727932,0.0696000009775161,0.0690499991178512,0.1155999973416328,0.2067999988794326,0.2340500056743621,0.2371000051498413,0.2587999999523163,0.2542999982833862,0.202000007033348,0.1137999966740608,0.5489139556884766,0.3444854319095611,0.3297296323848103,0.3126899556081628,0.8519611954689026,622,20,244,237,0.2816313425699869,301.69222119649254,300.95953042772084,0.0009496517979464,1347.5,858.0833333333334,489.25,312,262,427
Devaravemur,14.175,79.745,28_515_shc_2024-25.19985,100.0,164.0,25.8,0.62,0.0751999989151954,0.0914999991655349,0.1281999945640564,0.1606000065803527,0.2055999934673309,0.2615000009536743,0.2795999944210052,0.2865999937057495,0.2984000146389007,0.2730999886989593,0.3495000004768371,0.2820999920368194,0.2817530930042267,0.1645672470331192,0.2014130629933699,0.19953545252429,1.219469666481018,25,4,90,168,0.2370018429226345,303.026851187812,302.2613533443875,0.0010331446824364,1444.9166666666667,899.9166666666666,544.9166666666666,320,323,357
Ramasagaram,14.175,79.795,28_515_shc_2024-25.11819,176.0,164.0,19.4,0.31,0.0430499985814094,0.0507999993860721,0.0763000026345253,0.0557500012218952,0.1167000010609626,0.2739500105381012,0.3558500111103058,0.3686000108718872,0.3894500136375427,0.3842000067234039,0.1708499938249588,0.0862499997019767,0.7372452020645142,0.5190603733062744,0.5915778009473116,0.5076810822039308,0.4635105431079864,13,2,207,183,0.2855863359239366,302.81620123121473,302.02510117424856,0.0010931626572249,1453.25,905.5833333333334,547.75,338,334,329
Ananthamadugu,14.178,79.742,28_515_shc_2024-25.19035,113.0,164.0,6.4,0.25,0.0752499997615814,0.0832000002264976,0.1041999980807304,0.1147999987006187,0.1640499979257583,0.2148499935865402,0.2428500056266784,0.2401999980211258,0.2606000006198883,0.2773999869823456,0.276199996471405,0.2247499972581863,0.3532394468784332,0.1883735358715057,0.2402298858679233,0.2199999996514348,1.1498750448226929,28,2,27,177,0.2370018429226345,303.026851187812,302.2613533443875,0.0010331446824364,1444.9166666666667,899.9166666666666,544.9166666666666,320,311,369
Molakalapundla,14.185,79.74,28_515_shc_2024-25.9687,213.0,38.2,25.8,0.63,0.0551999993622303,0.0582999996840953,0.0807999968528747,0.0929000005125999,0.1632000058889389,0.2194000035524368,0.2461999952793121,0.2460000067949295,0.2594999969005584,0.2469999939203262,0.2876999974250793,0.2252999991178512,0.4517557024955749,0.2023460417985916,0.2801669013480461,0.2737513498903901,1.169512152671814,31,2,244,186,0.2370018429226345,303.026851187812,302.2613533443875,0.0010331446824364,1444.9166666666667,899.9166666666666,544.9166666666666,333,273,394
Pidurupalem,14.185,79.93,28_515_shc_2024-25.9546,176.0,35.0,329.0,0.43,0.0570000000298023,0.0764999985694885,0.1118000000715255,0.092749997973442,0.1649499982595443,0.2860499918460846,0.3514499962329864,0.3592000007629394,0.3788000047206878,0.3671999871730804,0.2374999970197677,0.1290999948978424,0.5895563960075378,0.370600014925003,0.4963858618466535,0.4198487365037814,0.6611915230751038,5,2,270,186,0.2864919874403211,302.9417274898953,302.1352140214708,0.0011376046629391,1461.25,911.25,549.9166666666666,333,333,334
Ramasagaram,14.189896,79.787029,28_515_shc_2024-25.9746,113.0,92.0,25.8,0.18,0.0630000010132789,0.1159999966621398,0.1415999978780746,0.1542000025510788,0.1577000021934509,0.2569000124931335,0.2887000143527984,0.2684000134468078,0.3113000094890594,0.2973999977111816,0.2800999879837036,0.2222000062465667,0.2702319025993347,0.2597981989383697,0.2156996189463866,0.1856709444756675,1.0435914993286133,21,1,90,177,0.2855863359239366,302.81620123121473,302.02510117424856,0.0010931626572249,1450.75,900.75,550.0833333333334,333,331,336
Ramasagaram,14.19,79.785,28_515_shc_2024-25.11869,238.0,118.0,19.4,0.01,0.091399997472763,0.0967999994754791,0.1307999938726425,0.1490000039339065,0.1887000054121017,0.2270999997854232,0.2439000010490417,0.2504000067710876,0.2678999900817871,0.2797000110149383,0.3082999885082245,0.2775000035762787,0.2538808286190033,0.1405146867036819,0.1787225049078282,0.1691127445468319,1.2312299013137815,22,2,0,180,0.2855863359239366,302.81620123121473,302.02510117424856,0.0010931626572249,1450.75,900.75,550.0833333333334,333,331,336
Venkanapalem,14.19,79.845,28_515_shc_2024-25.21383,163.0,52.0,123.0,0.45,0.0417999997735023,0.0592000000178813,0.0835999995470047,0.0825000032782554,0.1298000067472458,0.231900006532669,0.2648000121116638,0.2687999904155731,0.2935999929904938,0.2948000133037567,0.2390999943017959,0.1468999981880188,0.5303159356117249,0.3487204909324646,0.3528943509104743,0.3282626368801327,0.8895089626312256,12,1,0,180,0.2855863359239366,302.81620123121473,302.02510117424856,0.0010931626572249,1462.6666666666667,907.6666666666666,554.9166666666666,360,306,334
Vadlapudi,14.19,79.855,28_515_shc_2024-25.9814,163.0,43.0,239.0,0.1,0.0472000017762184,0.0535999983549118,0.0798000022768974,0.0600499995052814,0.1149500012397766,0.2129500061273574,0.25450000166893,0.2662000060081482,0.2653000056743622,0.2574999928474426,0.1601500064134597,0.0798000022768974,0.6318774223327637,0.3968254029750824,0.4208860839402052,0.374251143952669,0.601615309715271,14,1,226,183,0.2864919874403211,302.9417274898953,302.1352140214708,0.0011376046629391,1462.6666666666667,907.6666666666666,554.9166666666666,348,329,323
Pidurupalem,14.19,79.87,28_515_shc_2024-25.9609,88.0,138.0,265.0,0.28,0.0667999982833862,0.0710999965667724,0.1022000014781951,0.0901999995112419,0.1472000032663345,0.267300009727478,0.3127000033855438,0.3795999884605407,0.3361000120639801,0.2630999982357025,0.24269999563694,0.1617999970912933,0.6160067915916443,0.4411541223526001,0.5214226272877089,0.4476180540400036,0.6393572092056274,14,1,90,177,0.2864919874403211,302.9417274898953,302.1352140214708,0.0011376046629391,1462.6666666666667,907.6666666666666,554.9166666666666,338,329,334
Ramasagaram,14.192,79.788,28_515_shc_2024-25.9617,100.0,164.0,51.7,0.39,0.0535000003874301,0.0538999997079372,0.0788000002503395,0.0719000026583671,0.1284999996423721,0.2456000000238418,0.2800999879837036,0.3143999874591827,0.3030999898910522,0.2951000034809112,0.2488999962806701,0.1607999950647354,0.6277504563331604,0.4197335541248321,0.4519026197096263,0.4104140598636126,0.7916666865348816,21,2,90,174,0.2855863359239366,302.81620123121473,302.02510117424856,0.0010931626572249,1450.75,900.75,550.0833333333334,345,306,349
Jorepalle,14.195,79.615,28_515_shc_2024-25.1035,226.0,1.0,142.0,1.21,0.0445000007748603,0.0548000000417232,0.0857999995350837,0.0939000025391578,0.1588999927043914,0.246299996972084,0.2732999920845032,0.2806000113487243,0.2976000010967254,0.2942999899387359,0.3152999877929687,0.2164999991655349,0.4985313713550567,0.2769056260585785,0.3257152920217251,0.3202401472463033,1.1236635446548462,69,1,180,180,0.2192535400390625,302.89212896558973,302.13870794508193,0.000975829909579,1443.6666666666667,905.0,538.5,314,278,407
Kommipadu,14.195,79.63,28_515_shc_2024-25.3788,151.0,164.0,18.4,1.87,0.0542499981820583,0.0513999983668327,0.0797500014305114,0.0777999982237815,0.1372999995946884,0.232350006699562,0.2645500004291534,0.2759000062942505,0.2887000143527984,0.3032500147819519,0.2605499923229217,0.1777500063180923,0.5600791573524475,0.3354308009147644,0.3649057009273779,0.3480731059307694,0.9443638324737548,65,1,0,180,0.2192535400390625,302.89212896558973,302.13870794508193,0.000975829909579,1443.9166666666667,900.1666666666666,543.75,305,291,404
Venkanapalem,14.195,79.825,28_515_shc_2024-25.21251,113.0,8.0,355.0,0.43,0.0487999990582466,0.0560999996960163,0.0711999982595443,0.065200001001358,0.095100000500679,0.0988999977707862,0.1080000028014183,0.1146000027656555,0.0966000035405159,0.0916000008583068,0.0782999992370605,0.0621999986469745,0.2747497260570526,0.0929899960756301,0.1138196425534469,0.1090026511265545,0.6832460761070251,14,3,252,189,0.2855863359239366,302.81620123121473,302.02510117424856,0.0010931626572249,1453.25,905.5833333333334,547.75,334,322,344
Manubolu,14.195,79.865,28_515_shc_2024-25.9301,113.0,1.0,213.0,0.42,0.0610000006854534,0.0716999992728233,0.1041999980807304,0.0986000001430511,0.1581999957561493,0.2836000025272369,0.3140000104904175,0.319599986076355,0.3373999893665313,0.3817000091075897,0.2996000051498413,0.2203000038862228,0.5284552574157715,0.3377982378005981,0.4022716283047474,0.3610324372415565,0.9374218583106996,11,1,270,183,0.2864919874403211,302.9417274898953,302.1352140214708,0.0011376046629391,1462.6666666666667,907.6666666666666,554.9166666666666,323,330,347
Manubolu,14.195,79.87,28_515_shc_2024-25.9144,201.0,164.0,103.3,0.4,0.0416000001132488,0.0674000009894371,0.1040000021457672,0.0861999988555908,0.1456000059843063,0.3057000041007995,0.3919999897480011,0.4016000032424927,0.4036000072956085,0.2962999939918518,0.2269999980926513,0.1098000034689903,0.646576464176178,0.4678362309932709,0.557914113867736,0.4789431115362321,0.5652390122413635,13,2,64,174,0.2864919874403211,302.9417274898953,302.1352140214708,0.0011376046629391,1462.6666666666667,907.6666666666666,554.9166666666666,320,340,341
Bojjanapalle,14.198,79.552,28_515_shc_2024-25.20680,88.0,1.0,258.0,1.37,0.0650999993085861,0.0604000017046928,0.0873500034213066,0.0920500010251998,0.1342999935150146,0.2173999994993209,0.2445500046014785,0.2487999945878982,0.2637499868869781,0.263949990272522,0.2475000023841858,0.1859000027179718,0.4598796963691711,0.2988775968551636,0.290686883323484,0.2796277476015306,0.9947749376296996,75,2,207,183,0.2192535400390625,302.89212896558973,302.13870794508193,0.000975829909579,1440.0833333333333,904.0833333333334,536.0833333333334,335,296,369
Rapur,14.198,79.558,28_515_shc_2024-25.5223,113.0,1.0,90.0,0.83,0.050900001078844,0.0612999983131885,0.0824500024318695,0.091899998486042,0.1157499998807907,0.1896000057458877,0.2196999937295913,0.2342000007629394,0.2378499954938888,0.2418500036001205,0.2303500026464462,0.1629000008106231,0.4363692104816437,0.3384769260883331,0.2683184406458878,0.2583827667466364,0.9835610389709472,80,3,226,186,0.2192535400390625,302.89212896558973,302.13870794508193,0.000975829909579,1440.0833333333333,904.0833333333334,536.0833333333334,340,285,375
Kommipadu,14.198,79.632,28_515_shc_2024-25.3991,263.0,164.0,58.1,0.98,0.0469000004231929,0.0491999983787536,0.0749000012874603,0.0707499980926513,0.1278000026941299,0.2433499991893768,0.2761499881744385,0.2982999980449676,0.2998499870300293,0.2858499884605407,0.2493000030517578,0.1572999954223632,0.6165831089019775,0.4001407921314239,0.4202060868678922,0.3927564598647367,0.8357358574867249,70,3,314,186,0.2192535400390625,302.89212896558973,302.13870794508193,0.000975829909579,1443.9166666666667,900.1666666666666,543.75,314,277,409
Rapur,14.2,79.53,28_515_shc_2024-25.850,151.0,7.0,129.0,0.7,0.048700001090765,0.046799998730421,0.0693999975919723,0.0568000003695488,0.1163000017404556,0.2757000029087066,0.3402000069618225,0.3492000102996826,0.363999992609024,0.328000009059906,0.2039999961853027,0.1150999963283538,0.7201970219612122,0.5003222227096558,0.5459298079116409,0.4841059710045939,0.5841923952102661,87,2,64,174,0.2095289866129557,302.35126525031194,301.59108424716527,0.0009597665134327,1440.9166666666667,903.6666666666666,537.1666666666666,332,248,420
Rapur,14.2,79.545,28_515_shc_2024-25.857,176.0,17.0,71.0,0.41,0.0442500002682209,0.065200001001358,0.0991000011563301,0.0914999991655349,0.1420000046491623,0.2382999956607818,0.2685000002384186,0.2860000133514404,0.2959499955177307,0.2989000082015991,0.2639000117778778,0.163000002503395,0.5152317881584167,0.336448609828949,0.3612555981896794,0.3324786519854485,0.9227272868156432,75,2,116,174,0.2095289866129557,302.35126525031194,301.59108424716527,0.0009597665134327,1440.0833333333333,904.0833333333334,536.0833333333334,323,303,375
Kommipadu,14.2,79.64,28_515_shc_2024-25.4303,113.0,164.0,71.0,0.24,0.0498999990522861,0.0649999976158142,0.0886000022292137,0.1018000021576881,0.1430999934673309,0.214599996805191,0.2442000061273574,0.2308000028133392,0.2644999921321869,0.2680999934673309,0.2698999941349029,0.1915999948978424,0.3878532648086548,0.234554722905159,0.2381655665216992,0.2324045157677005,1.1694107055664062,80,3,288,189,0.2192535400390625,302.89212896558973,302.13870794508193,0.000975829909579,1443.9166666666667,900.1666666666666,543.75,311,278,411
Vadlapudi,14.2,79.855,28_515_shc_2024-25.9758,188.0,70.0,116.0,0.85,0.0480000004172325,0.0612000003457069,0.0898000001907348,0.091399997472763,0.1588000059127807,0.2705999910831451,0.3199999928474426,0.339599996805191,0.3528000116348266,0.3547999858856201,0.2389000058174133,0.1326999962329864,0.5758700966835022,0.3627608120441437,0.4342197392781118,0.3998925899966119,0.7034747004508972,19,1,314,183,0.2864919874403211,302.9417274898953,302.1352140214708,0.0011376046629391,1462.6666666666667,907.6666666666666,554.9166666666666,346,325,329
Pidur,14.2,79.885,28_515_shc_2024-25.12706,251.0,52.4,523.0,0.48,0.0657500028610229,0.0808999985456466,0.1146999970078468,0.1263999938964843,0.1841499954462051,0.2755999863147735,0.314300000667572,0.3104000091552734,0.3335500061511993,0.3129000067710876,0.3187499940395355,0.2302999943494796,0.4212454557418823,0.2552826106548309,0.3146267524069737,0.2946200063931198,1.0269007682800293,16,1,90,177,0.2864919874403211,302.9417274898953,302.1352140214708,0.0011376046629391,1458.0833333333333,912.1666666666666,546.0,340,331,329
Pidur,14.2,79.885,28_515_shc_2024-25.2523,213.0,42.6,180.8,0.17,0.0657500028610229,0.0808999985456466,0.1146999970078468,0.1263999938964843,0.1841499954462051,0.2755999863147735,0.314300000667572,0.3104000091552734,0.3335500061511993,0.3129000067710876,0.3187499940395355,0.2302999943494796,0.4212454557418823,0.2552826106548309,0.3146267524069737,0.2946200063931198,1.0269007682800293,16,1,90,177,0.2864919874403211,302.9417274898953,302.1352140214708,0.0011376046629391,1458.0833333333333,912.1666666666666,546.0,340,331,329
Chaganam,14.202,79.682,28_515_shc_2024-25.3924,238.0,148.0,644.0,0.39,0.0493000000715255,0.061999998986721,0.0930000022053718,0.1129999980330467,0.1741999983787536,0.2383999973535537,0.2612999975681305,0.2730000019073486,0.2953000068664551,0.2928999960422516,0.3215000033378601,0.2372000068426132,0.4145077764987945,0.2209302335977554,0.2691790109713735,0.2708803677512399,1.1776556968688965,73,2,270,186,0.2370018429226345,303.026851187812,302.2613533443875,0.0010331446824364,1440.0833333333333,900.0,540.1666666666666,299,317,384
Manubolu,14.202,79.872,28_515_shc_2024-25.5587,213.0,12.0,180.8,0.49,0.0676999986171722,0.051350001245737,0.0714000016450882,0.0623500011861324,0.1093000024557113,0.1862500011920929,0.2069499939680099,0.1651999950408935,0.2203499972820282,0.2484000027179718,0.1814499944448471,0.1201499998569488,0.45198854804039,0.2036429643630981,0.2227781629628433,0.2120472704036705,1.0983656644821167,15,1,226,183,0.2864919874403211,302.9417274898953,302.1352140214708,0.0011376046629391,1462.6666666666667,907.6666666666666,554.9166666666666,348,322,330
Bojjanapalle,14.205,79.555,28_515_shc_2024-25.4743,125.0,19.0,71.0,0.11,0.061949998140335,0.0785999968647956,0.1054000034928321,0.1147999987006187,0.1619500070810318,0.2198999971151352,0.2469999939203262,0.2696999907493591,0.2685500085353851,0.2748000025749206,0.2856999933719635,0.242149993777275,0.4028608500957489,0.2496235072612762,0.2828706926899172,0.2626907754036224,1.0593252182006836,77,3,288,189,0.2192535400390625,302.89212896558973,302.13870794508193,0.000975829909579,1440.0833333333333,904.0833333333334,536.0833333333334,326,310,364
Chaganam,14.205,79.675,28_515_shc_2024-25.3911,75.0,157.0,25.9,0.63,0.0447000004351139,0.0509999990463256,0.0776000022888183,0.0879999995231628,0.1381999999284744,0.2354000061750412,0.2673999965190887,0.2720000147819519,0.2851999998092651,0.294400006532669,0.2892000079154968,0.2092999964952469,0.5111111402511597,0.3261823654174804,0.3245150137265185,0.3209302538339994,1.0632352828979492,76,1,0,180,0.2370018429226345,303.026851187812,302.2613533443875,0.0010331446824364,1440.0833333333333,900.0,540.1666666666666,315,289,397
Chaganam,14.205,79.68,28_515_shc_2024-25.3950,213.0,164.0,45.2,0.16,0.0511000007390975,0.06700000166893,0.093699999153614,0.1260000020265579,0.1440999954938888,0.2198999971151352,0.2477000057697296,0.2194000035524368,0.2635000050067901,0.257099986076355,0.2876999974250793,0.2203000038862228,0.2704111039638519,0.207152709364891,0.1585307918448106,0.1657203706698193,1.3113034963607788,71,4,104,168,0.2370018429226345,303.026851187812,302.2613533443875,0.0010331446824364,1440.0833333333333,900.0,540.1666666666666,304,306,390
Bandepalle,14.205,79.875,28_515_shc_2024-25.8455,125.0,1.0,213.0,1.62,0.0852499976754188,0.0925500020384788,0.1099999994039535,0.1216999962925911,0.1697500050067901,0.1956499963998794,0.2121499925851822,0.1709000021219253,0.2288500070571899,0.217299997806549,0.2627499997615814,0.2166499942541122,0.1681476682424545,0.0033758904319256,0.1019076767803811,0.093111290552142,1.537448763847351,19,1,226,183,0.2864919874403211,302.9417274898953,302.1352140214708,0.0011376046629391,1458.0833333333333,912.1666666666666,546.0,343,322,335
JATLAKONDURU,14.205,79.88,28_515_shc_2024-25.8610,176.0,25.0,142.0,1.61,0.0741500034928321,0.098300002515316,0.1362999975681305,0.1985999941825866,0.2329999953508377,0.2721000015735626,0.2969500124454498,0.3097000122070312,0.3212499916553497,0.3113499879837036,0.4216000139713287,0.346450001001358,0.218571737408638,0.1413304209709167,0.157450214906101,0.1652782167813173,1.3613173961639404,16,3,180,180,0.2864919874403211,302.9417274898953,302.1352140214708,0.0011376046629391,1458.0833333333333,912.1666666666666,546.0,335,335,330
Pidur,14.205,79.9,28_515_shc_2024-25.21305,201.0,62.2,238.9,0.55,0.049600001424551,0.0615999996662139,0.091399997472763,0.0659999996423721,0.1406999975442886,0.26460000872612,0.296999990940094,0.2985999882221222,0.2928000092506408,0.2775000035762787,0.1234999969601631,0.0590000003576278,0.6379594206809998,0.3594354689121246,0.4717669778006425,0.4035391947337234,0.4135967791080475,5,1,134,177,0.2864919874403211,302.9417274898953,302.1352140214708,0.0011376046629391,1458.0833333333333,912.1666666666666,546.0,334,340,326
Pudiparthi,14.205,79.955,28_515_shc_2024-25.21719,88.0,80.0,187.3,0.31,0.0615999996662139,0.0777999982237815,0.1030000001192092,0.1208000034093856,0.1847999989986419,0.2460999935865402,0.2806999981403351,0.2833999991416931,0.3073000013828277,0.3109000027179718,0.3368000090122223,0.231900006532669,0.4022760987281799,0.2105937600135803,0.2853232118607634,0.2697411998565915,1.1884262561798096,5,1,90,177,0.1953057607014973,302.931636344062,302.1403301239014,0.0012157269186419,1461.25,911.25,549.9166666666666,331,345,324
Pudiparthi,14.205,80.045,28_515_shc_2024-25.21672,151.0,127.0,129.1,0.31,0.0549999997019767,0.0630000010132789,0.0889500007033348,0.0966499969363212,0.1274500042200088,0.1747500002384185,0.193900004029274,0.1922000050544738,0.2023999989032745,0.2442499995231628,0.1863500028848648,0.1310500055551529,0.3307945430278778,0.2025652974843979,0.183806574439779,0.1816885489199775,0.9695629477500916,-1,1,0,180,0.1953057607014973,302.931636344062,302.1403301239014,0.0012157269186419,1474.8333333333333,918.9166666666666,556.0,331,375,295
Pangili,14.21,79.5,28_515_shc_2024-25.19954,226.0,43.0,129.0,1.01,0.0428000018000602,0.0592000000178813,0.0879999995231628,0.1231999993324279,0.1615000069141388,0.2091999948024749,0.2285999953746795,0.2424000054597854,0.2565000057220459,0.2637999951839447,0.3269000053405761,0.2284999936819076,0.3260394036769867,0.2002970874309539,0.1938085425744793,0.2065619318405122,1.3485974073410034,109,1,134,177,0.2095289866129557,302.35126525031194,301.59108424716527,0.0009597665134327,1397.6666666666667,877.6666666666666,519.8333333333334,314,266,420
Chaganam,14.21,79.695,28_515_shc_2024-25.20008,176.0,64.0,103.3,0.25,0.0587499998509883,0.0912500023841857,0.1224000006914138,0.1433999985456466,0.1734499931335449,0.2241999953985214,0.2466000020503997,0.2484000027179718,0.272049993276596,0.2845500111579895,0.3167000114917755,0.2423499971628189,0.2679938971996307,0.177669808268547,0.1842848972977128,0.1766091119481062,1.2749598026275637,59,1,0,180,0.2370018429226345,303.026851187812,302.2613533443875,0.0010331446824364,1438.75,895.3333333333334,543.5,318,292,390
Chaganam,14.21,79.7,28_515_shc_2024-25.21328,100.0,139.0,109.8,0.06,0.0409500002861022,0.0414999984204769,0.0749000012874603,0.0654999986290931,0.1308999955654144,0.2563999891281128,0.2928999960422516,0.3068999946117401,0.3178499937057495,0.2739000022411346,0.2306499928236007,0.1458500027656555,0.6482276916503906,0.402010053396225,0.4345947436176625,0.4150618945202234,0.7515477538108826,57,2,333,183,0.2370018429226345,303.026851187812,302.2613533443875,0.0010331446824364,1438.75,895.3333333333334,543.5,319,296,385
Cherukumudi,14.21,79.875,28_515_shc_2024-25.12966,251.0,1.0,303.0,0.75,0.0775000005960464,0.0899000018835067,0.1024999991059303,0.1142000034451484,0.1284999996423721,0.1560499966144561,0.1676999926567077,0.1657000035047531,0.1720999926328659,0.2310499995946884,0.1936500072479248,0.164450004696846,0.1839942783117294,0.1264446079730987,0.1094208125180846,0.0990511596371472,1.1686784029006958,21,4,166,177,0.2864919874403211,302.9417274898953,302.1352140214708,0.0011376046629391,1452.5833333333333,905.6666666666666,547.0,341,327,332
JATLAKONDURU,14.21,79.875,28_515_shc_2024-25.3864,100.0,19.0,149.0,0.53,0.0775000005960464,0.0899000018835067,0.1024999991059303,0.1142000034451484,0.1284999996423721,0.1560499966144561,0.1676999926567077,0.1657000035047531,0.1720999926328659,0.2310499995946884,0.1936500072479248,0.164450004696846,0.1839942783117294,0.1264446079730987,0.1094208125180846,0.0990511596371472,1.1686784029006958,21,4,166,177,0.2864919874403211,302.9417274898953,302.1352140214708,0.0011376046629391,1452.5833333333333,905.6666666666666,547.0,341,327,332
JATLAKONDURU,14.21,79.88,28_515_shc_2024-25.1028,125.0,43.0,245.0,0.16,0.0807000026106834,0.0970999971032142,0.1253000050783157,0.1606999933719635,0.1962999999523162,0.2572500109672546,0.2889499962329864,0.2971000075340271,0.3199999928474426,0.3215500116348266,0.3740499913692474,0.3001999855041504,0.2979467213153839,0.2042967230081558,0.2224324306073158,0.2136145552824834,1.2590036392211914,18,2,153,177,0.2864919874403211,302.9417274898953,302.1352140214708,0.0011376046629391,1452.5833333333333,905.6666666666666,547.0,320,325,355
Epuru Bit-I-A,14.21,80.075,28_515_shc_2024-25.19340,75.0,83.0,77.5,0.94,0.0928499996662139,0.1234999969601631,0.1659999936819076,0.222800001502037,0.2504999935626983,0.2777000069618225,0.2976000010967254,0.3158000111579895,0.325899988412857,0.3378500044345855,0.4598999917507171,0.4092499911785126,0.1726699024438858,0.115309938788414,0.1346772197717364,0.1343154369184399,1.4563013315200806,4,7,145,168,0.1410491095648871,302.82593972947865,301.5765931447347,0.001307990578751,1461.5833333333333,905.5,556.1666666666666,333,337,330
Pangili,14.212,79.502,28_515_shc_2025-26.1743,201.0,127.8,574.7,0.7,0.0498999990522861,0.0678000003099441,0.1001999974250793,0.1337999999523162,0.1744000017642974,0.2599000036716461,0.3066999912261963,0.2976000010967254,0.3339999914169311,0.296999990940094,0.3095999956130981,0.2714999914169311,0.3796940147876739,0.2610169351100921,0.2572397784097451,0.2637964370194119,1.0403225421905518,105,2,90,174,0.2095289866129557,302.35126525031194,301.59108424716527,0.0009597665134327,1439.75,897.0,543.0,316,264,419
Pudiparthi,14.212,79.982,28_515_shc_2024-25.21724,113.0,35.0,122.7,0.38,0.0516000017523765,0.0662000030279159,0.0956000015139579,0.1052000001072883,0.1562000066041946,0.2064000070095062,0.2606000006198883,0.2509999871253967,0.2535000145435333,0.2849000096321106,0.1633999943733215,0.1032999977469444,0.409320592880249,0.232809379696846,0.2630439321181278,0.2554309551370357,0.6509960293769836,1,1,226,183,0.1953057607014973,302.931636344062,302.1403301239014,0.0012157269186419,1453.5833333333333,903.9166666666666,549.5833333333334,340,335,325
Rapur,14.215,79.53,28_515_shc_2024-25.19087,151.0,1.0,90.0,0.83,0.0462500005960464,0.0635500028729438,0.0870999991893768,0.0873000025749206,0.123999997973442,0.1832000017166137,0.2038999944925308,0.1974000036716461,0.2184499949216842,0.2027499973773956,0.2084999978542328,0.1366000026464462,0.3867228627204895,0.2283758670091629,0.221159836312257,0.2104625975919708,1.0562310218811035,82,4,0,180,0.2095289866129557,302.35126525031194,301.59108424716527,0.0009597665134327,1439.75,897.0,543.0,325,259,416
Rapur,14.215,79.57,28_515_shc_2024-25.5157,63.0,35.0,206.0,0.41,0.0540999993681907,0.0599000006914138,0.090999998152256,0.1054000034928321,0.1571999937295913,0.2126999944448471,0.2381000071763992,0.2432000041007995,0.2608999907970428,0.2680000066757202,0.3425000011920929,0.2790000140666961,0.3952954709529876,0.2147852480411529,0.24152556996549,0.2435776562129531,1.4083058834075928,91,3,145,174,0.2192535400390625,302.89212896558973,302.13870794508193,0.000975829909579,1441.75,899.5833333333334,542.25,299,297,404
Chaganam,14.215,79.695,28_515_shc_2024-25.5275,100.0,164.0,96.9,1.34,0.0557999983429908,0.0650999993085861,0.101400002837181,0.1099999994039535,0.1677999943494796,0.2334000021219253,0.2603000104427337,0.2734000086784363,0.2879999876022339,0.3070999979972839,0.3300000131130218,0.2460000067949295,0.4261867702007293,0.2393472641706466,0.282669633102563,0.2774507716428105,1.2070226669311523,62,4,166,177,0.2370018429226345,303.026851187812,302.2613533443875,0.0010331446824364,1438.75,895.3333333333334,543.5,328,283,390
Chaganam,14.215,79.695,28_515_shc_2024-25.5201,113.0,60.0,45.2,1.12,0.0557999983429908,0.0650999993085861,0.101400002837181,0.1099999994039535,0.1677999943494796,0.2334000021219253,0.2603000104427337,0.2734000086784363,0.2879999876022339,0.3070999979972839,0.3300000131130218,0.2460000067949295,0.4261867702007293,0.2393472641706466,0.282669633102563,0.2774507716428105,1.2070226669311523,62,4,166,177,0.2370018429226345,303.026851187812,302.2613533443875,0.0010331446824364,1438.75,895.3333333333334,543.5,328,283,390
Venkanapalem,14.215,79.87,28_515_shc_2024-25.21391,238.0,5.0,303.0,0.95,0.0641499981284141,0.0712999999523162,0.1013000011444091,0.1115999966859817,0.1369999945163726,0.1649499982595443,0.1780000030994415,0.1825000047683715,0.1824000030755996,0.2308499962091446,0.1916999965906143,0.1468500047922134,0.2410744875669479,0.1424100548028946,0.1345504400437885,0.1339252133595393,1.0504108667373655,13,5,270,195,0.2864919874403211,302.9417274898953,302.1352140214708,0.0011376046629391,1454.3333333333333,902.75,551.5,336,334,331
Venkanapalem,14.215,79.87,28_515_shc_2024-25.21388,213.0,17.0,284.0,0.33,0.0641499981284141,0.0712999999523162,0.1013000011444091,0.1115999966859817,0.1369999945163726,0.1649499982595443,0.1780000030994415,0.1825000047683715,0.1824000030755996,0.2308499962091446,0.1916999965906143,0.1468500047922134,0.2410744875669479,0.1424100548028946,0.1345504400437885,0.1339252133595393,1.0504108667373655,13,5,270,195,0.2864919874403211,302.9417274898953,302.1352140214708,0.0011376046629391,1454.3333333333333,902.75,551.5,336,334,331
Manubolu,14.215,79.875,28_515_shc_2024-25.3710,75.0,70.0,394.0,0.57,0.1017500013113021,0.0894000008702278,0.1199000030755996,0.1586000025272369,0.2026000022888183,0.2543500065803528,0.2813499867916107,0.2836999893188476,0.3111999928951263,0.2771500051021576,0.3754499852657318,0.2894999980926513,0.282839685678482,0.1667694598436355,0.1998657767047803,0.1991403818435635,1.3234050273895264,21,1,226,183,0.2864919874403211,302.9417274898953,302.1352140214708,0.0011376046629391,1452.5833333333333,905.6666666666666,547.0,324,323,353
Pudiparthi,14.215,79.995,28_515_shc_2024-25.21679,176.0,164.0,155.0,0.1,0.0535500012338161,0.0635000020265579,0.0975499972701072,0.0830999985337257,0.1601999998092651,0.2639999985694885,0.321150004863739,0.3330000042915344,0.3450500071048736,0.3366999924182892,0.1771000027656555,0.0940999984741211,0.6005768179893494,0.3503649830818176,0.4609510631775546,0.4091802286657269,0.5318318605422974,2,1,0,180,0.1953057607014973,302.931636344062,302.1403301239014,0.0012157269186419,1453.5833333333333,903.9166666666666,549.5833333333334,344,336,320
Epuru Bit-I-A,14.215,80.045,28_515_shc_2024-25.19357,113.0,155.0,77.5,0.38,0.0502999983727932,0.0505999997258186,0.0878000035881996,0.0681999996304512,0.1440999954938888,0.3064999878406524,0.3851999938488006,0.3935999870300293,0.4111999869346618,0.393200010061264,0.2106000036001205,0.1199999973177909,0.7046340107917786,0.464013397693634,0.5715590360458312,0.5074859512050176,0.5350610017776489,4,1,46,177,0.1953057607014973,302.931636344062,302.1403301239014,0.0012157269186419,1461.5833333333333,905.5,556.1666666666666,335,343,322
Pangili,14.217504,79.496878,28_515_shc_2024-25.3818,125.0,25.0,148.0,1.37,0.0590000003576278,0.0685999989509582,0.1013000011444091,0.1190000027418136,0.1577000021934509,0.2421000003814697,0.2781000137329101,0.2888000011444092,0.3131000101566314,0.3100999891757965,0.2913999855518341,0.2114000022411346,0.4163805842399597,0.2936170101165771,0.2852247455108387,0.2805684032975787,1.009002685546875,111,1,314,183,0.2095289866129557,302.35126525031194,301.59108424716527,0.0009597665134327,1397.6666666666667,877.6666666666666,519.8333333333334,315,267,417
Pangili,14.217731,79.496878,28_515_shc_2024-25.20282,75.0,99.0,90.0,1.21,0.0590000003576278,0.063400000333786,0.0917999967932701,0.096000000834465,0.147499993443489,0.246299996972084,0.2874000072479248,0.2953999936580658,0.3181000053882599,0.3100999891757965,0.2560999989509582,0.1780000030994415,0.5094532370567322,0.3339354395866394,0.3571172601402754,0.3355395906252806,0.8669600486755371,111,1,270,183,0.2095289866129557,302.35126525031194,301.59108424716527,0.0009597665134327,1397.6666666666667,877.6666666666666,519.8333333333334,315,267,417
Manubolu,14.218,79.898,28_515_shc_2024-25.21420,125.0,1.0,181.0,0.27,0.0866999998688697,0.094200000166893,0.1202000007033348,0.1208000034093856,0.1668999940156936,0.2700999975204468,0.3070000112056732,0.3307999968528747,0.3271999955177307,0.3219999969005584,0.2973999977111816,0.2259999960660934,0.4650132656097412,0.3293148577213287,0.3891483043213825,0.3310214271526059,0.8990326523780823,14,2,64,174,0.2864919874403211,302.9417274898953,302.1352140214708,0.0011376046629391,1452.5833333333333,905.6666666666666,547.0,294,354,351
Rapur,14.22,79.52,28_515_shc_2024-25.19095,176.0,1.0,71.0,0.66,0.0494000017642974,0.0649999976158142,0.0961999967694282,0.1518000066280365,0.1798499971628189,0.2326499968767166,0.2596000134944916,0.2806000113487243,0.2922500073909759,0.2887000143527984,0.3590500056743622,0.2707999944686889,0.2978723347187042,0.2188077121973037,0.1889782256954847,0.2072072108066466,1.2795794010162354,92,1,226,183,0.2095289866129557,302.35126525031194,301.59108424716527,0.0009597665134327,1439.75,897.0,543.0,333,253,414
Pokkandala,14.22,79.735,28_515_shc_2024-25.5245,113.0,164.0,58.1,0.24,0.0456999987363815,0.0507999993860721,0.0732999965548515,0.0944000035524368,0.1308999955654144,0.1796000003814697,0.1952999979257583,0.1930000036954879,0.2135999947786331,0.2196000069379806,0.2322999984025955,0.1838999986648559,0.3430758416652679,0.1917258650064468,0.1788305245659019,0.1878333742102801,1.2036268711090088,46,3,252,189,0.2370018429226345,303.026851187812,302.2613533443875,0.0010331446824364,1440.75,896.4166666666666,544.3333333333334,332,298,370
Gurivindapudi,14.22,79.865,28_515_shc_2024-25.12970,100.0,1.0,155.0,0.54,0.0640999972820282,0.1014999970793724,0.1360000073909759,0.1669999957084655,0.1988999992609024,0.2687999904155731,0.3010999858379364,0.3183999955654144,0.3346999883651733,0.3192000091075897,0.3542999923229217,0.2608999907970428,0.3119077086448669,0.2310071438550949,0.242760479525515,0.2304647876968608,1.1127512454986572,14,2,153,177,0.2864919874403211,302.9417274898953,302.1352140214708,0.0011376046629391,1454.3333333333333,902.75,551.5,350,319,332
Madamanuru,14.22,79.88,28_515_shc_2024-25.21463,188.0,165.0,284.1,0.46,0.0524000003933906,0.0546500012278556,0.0776500031352043,0.0812999978661537,0.1453000009059906,0.2105000019073486,0.2352000027894973,0.2432000041007995,0.2639000117778778,0.2743499875068664,0.2749499976634979,0.1909999996423721,0.4989214241504669,0.2519948482513428,0.3063676950129824,0.2945421573955344,1.130550980567932,16,1,226,183,0.2864919874403211,302.9417274898953,302.1352140214708,0.0011376046629391,1452.5833333333333,905.6666666666666,547.0,304,350,346
Kagithalapuru,14.22,79.885,28_515_shc_2024-25.5840,188.0,164.0,265.0,1.44,0.0904000028967857,0.0995500013232231,0.1152999997138977,0.1278000026941299,0.1477500051259994,0.1569000035524368,0.1659500002861023,0.1433999985456466,0.1704500019550323,0.1554500013589859,0.2081000059843063,0.2079499959945678,0.0575221069157123,-0.0149407749995589,0.0335173834676485,0.0303423155337881,1.4511855840682983,13,1,270,183,0.2864919874403211,302.9417274898953,302.1352140214708,0.0011376046629391,1452.5833333333333,905.6666666666666,547.0,304,362,335
Kagithalapuru,14.22,79.895,28_515_shc_2024-25.12512,301.0,70.0,116.0,1.33,0.0707999989390373,0.0944000035524368,0.121799997985363,0.1482000052928924,0.2013999968767166,0.2696999907493591,0.2885000109672546,0.2851999998092651,0.3185000121593475,0.3050999939441681,0.3741999864578247,0.2818000018596649,0.3161051869392395,0.1722153723239898,0.2335651835386047,0.2201628354952363,1.3120616674423218,14,3,90,171,0.2864919874403211,302.9417274898953,302.1352140214708,0.0011376046629391,1452.5833333333333,905.6666666666666,547.0,315,352,334
Kagithalapuru,14.22,79.895,28_515_shc_2024-25.8932,301.0,25.0,245.0,1.02,0.0707999989390373,0.0944000035524368,0.121799997985363,0.1482000052928924,0.2013999968767166,0.2696999907493591,0.2885000109672546,0.2851999998092651,0.3185000121593475,0.3050999939441681,0.3741999864578247,0.2818000018596649,0.3161051869392395,0.1722153723239898,0.2335651835386047,0.2201628354952363,1.3120616674423218,14,3,90,171,0.2864919874403211,302.9417274898953,302.1352140214708,0.0011376046629391,1452.5833333333333,905.6666666666666,547.0,315,352,334
Epuru Bit-I-A,14.22,80.08,28_515_shc_2024-25.19593,138.0,90.6,58.1,0.38,0.0790999978780746,0.1054000034928321,0.1422999948263168,0.1826000064611435,0.1898500025272369,0.263700008392334,0.292849987745285,0.3122000098228454,0.3242500126361847,0.3458000123500824,0.3571999967098236,0.2760500013828277,0.261923998594284,0.2437008321285247,0.2003338922389692,0.1954161659231988,1.1441383361816406,7,1,314,183,0.1410491095648871,302.82593972947865,301.5765931447347,0.001307990578751,1461.5833333333333,905.5,556.1666666666666,318,342,340
Rapur,14.225,79.525,28_515_shc_2024-25.19936,251.0,25.0,109.0,0.81,0.0562499985098838,0.0788000002503395,0.1164999976754188,0.1772000044584274,0.221000000834465,0.2617999911308288,0.2870999872684479,0.301499992609024,0.3208999931812286,0.3201999962329864,0.4320499897003174,0.3683499991893768,0.2596615552902221,0.1540669649839401,0.1751987186748943,0.1905077989011631,1.4330016374588013,85,4,0,180,0.2095289866129557,302.35126525031194,301.59108424716527,0.0009597665134327,1439.75,897.0,543.0,337,260,403
Manubolu,14.225,79.875,28_515_shc_2024-25.12459,113.0,1.0,439.0,0.59,0.0681999996304512,0.0817999988794326,0.1110000014305114,0.1405999958515167,0.1944500058889389,0.26910001039505,0.3012000024318695,0.2939999997615814,0.3260999917984009,0.3173500001430511,0.3298499882221222,0.2321999967098236,0.3529682457447052,0.2038079500198364,0.2516239183672907,0.2462015909963185,1.121938705444336,21,1,180,180,0.2864919874403211,302.9417274898953,302.1352140214708,0.0011376046629391,1452.5833333333333,905.6666666666666,547.0,313,340,347
Pudiparthi,14.225,79.99,28_515_shc_2024-25.22505,213.0,1.0,135.6,0.09,0.0863500013947486,0.1138999983668327,0.1348000019788742,0.1486999988555908,0.1843000054359436,0.2699500024318695,0.2982000112533569,0.2994999885559082,0.3219999969005584,0.3010999858379364,0.3005000054836273,0.2320999950170517,0.3364569246768951,0.2381148934364318,0.2818796784623646,0.2385572532731009,1.0033389329910278,8,2,333,183,0.1953057607014973,302.931636344062,302.1403301239014,0.0012157269186419,1453.5833333333333,903.9166666666666,549.5833333333334,351,340,309
Pudiparthi,14.225,79.995,28_515_shc_2024-25.22528,163.0,16.0,374.5,0.58,0.0723500028252601,0.0742999985814094,0.1072999984025955,0.1049999967217445,0.1811999976634979,0.3048999905586242,0.3907999992370605,0.3828000128269195,0.4163999855518341,0.345550000667572,0.2569499909877777,0.1543000042438507,0.5694957375526428,0.3574468195438385,0.4771392521392791,0.4218465480154804,0.6712381839752197,5,0,0,180,0.1953057607014973,302.931636344062,302.1403301239014,0.0012157269186419,1453.5833333333333,903.9166666666666,549.5833333333334,347,333,320
Pudiparthi,14.225,80.0,28_515_shc_2024-25.22487,176.0,153.0,181.3,0.75,0.0560999996960163,0.0705500021576881,0.1023999974131584,0.1041999980807304,0.1669999957084655,0.2618499994277954,0.3057999908924103,0.3174000084400177,0.3274500072002411,0.2561500072479248,0.2558000087738037,0.1792500019073486,0.5056926012039185,0.3104872107505798,0.3770848675499862,0.3470052227389293,0.8059231042861938,7,2,116,174,0.1953057607014973,302.931636344062,302.1403301239014,0.0012157269186419,1453.5833333333333,903.9166666666666,549.5833333333334,348,330,323
Pudiparthi,14.225,80.015,28_515_shc_2024-25.21859,201.0,19.0,193.7,0.21,0.0901499986648559,0.1097000017762184,0.155799999833107,0.1753000020980835,0.2091999948024749,0.2215500026941299,0.2393500059843063,0.2381999939680099,0.2443999946117401,0.2507500052452087,0.3201999962329864,0.2626000046730041,0.152116060256958,0.0648189559578895,0.1071732699947908,0.1032840593444986,1.3442485332489014,4,2,270,186,0.1953057607014973,302.931636344062,302.1403301239014,0.0012157269186419,1449.1666666666667,903.0,546.25,340,335,325
Pudiparthi,14.228,79.998,28_515_shc_2024-25.21902,125.0,5.0,271.2,0.55,0.0809499993920326,0.0697999969124794,0.0934500023722648,0.0824000015854835,0.1523000001907348,0.2644500136375427,0.3041999936103821,0.3406000137329101,0.3356499969959259,0.3302499949932098,0.2740499973297119,0.1789000034332275,0.6104018688201904,0.3820247650146484,0.4921845272818252,0.4196099802745276,0.804609477519989,9,1,90,177,0.1953057607014973,302.931636344062,302.1403301239014,0.0012157269186419,1453.5833333333333,903.9166666666666,549.5833333333334,350,328,322
Gilakapadu,14.23,79.59,28_515_shc_2024-25.3744,100.0,138.0,84.0,0.84,0.0447000004351139,0.0487999990582466,0.0675999969244003,0.0680000036954879,0.1130999997258186,0.2004999965429306,0.2318000048398971,0.2474000006914138,0.2581999897956848,0.258899986743927,0.2387000024318695,0.1401000022888183,0.5688015222549438,0.372538149356842,0.347836188987087,0.3300220677533902,0.9648342728614808,93,0,0,180,0.2192535400390625,302.89212896558973,302.13870794508193,0.000975829909579,1443.75,899.75,543.8333333333334,322,259,419
Utukur,14.23,79.74,28_515_shc_2024-25.5230,151.0,164.0,58.1,0.63,0.0457499995827674,0.0537000000476837,0.0627000033855438,0.0582999996840953,0.0988000035285949,0.1086999997496604,0.1250499933958053,0.0984999984502792,0.12950000166893,0.1462499946355819,0.0966000035405159,0.0655499994754791,0.2563775479793548,-0.001520552788861,0.0961216558567154,0.0918087672359265,0.9807106852531432,36,4,76,168,0.2370018429226345,303.026851187812,302.2613533443875,0.0010331446824364,1440.75,896.4166666666666,544.3333333333334,321,291,388
Madamanuru,14.23,79.835,28_515_shc_2024-25.12737,226.0,164.0,445.5,0.71,0.0451500006020069,0.0555500015616416,0.0825000032782554,0.0608000010251998,0.1220000013709068,0.2651500105857849,0.3389500081539154,0.341399997472763,0.3567000031471252,0.3555499911308288,0.1911499947309494,0.0965500026941299,0.6976628303527832,0.4734570384025574,0.5439776635859022,0.4665262639903397,0.5599004030227661,14,0,0,180,0.2855863359239366,302.81620123121473,302.02510117424856,0.0010931626572249,1454.3333333333333,902.75,551.5,339,337,324
Pudiparthi,14.23,79.995,28_515_shc_2024-25.21620,100.0,164.0,329.3,0.65,0.0588500015437603,0.0737000033259391,0.1010999977588653,0.0947000011801719,0.1551499962806701,0.2685000002384186,0.3219999969005584,0.3339999914169311,0.339599996805191,0.3411000072956085,0.1917999982833862,0.1068999990820884,0.5581991672515869,0.3656342625617981,0.4433287541712755,0.3865080092779344,0.5742515325546265,5,1,134,177,0.1953057607014973,302.931636344062,302.1403301239014,0.0012157269186419,1453.5833333333333,903.9166666666666,549.5833333333334,346,334,320
Pudiparthi,14.23,80.03,28_515_shc_2024-25.21700,100.0,44.0,219.5,0.21,0.0730499997735023,0.0935000032186508,0.1231999993324279,0.1438000053167343,0.1783999949693679,0.2585000097751617,0.2872500121593475,0.2885999977588653,0.3138000071048736,0.3144499957561493,0.298550009727478,0.2292499989271164,0.3348751068115234,0.2359743118286132,0.2496293347084963,0.2329472200201031,1.03447687625885,11,1,180,180,0.1953057607014973,302.931636344062,302.1403301239014,0.0012157269186419,1449.1666666666667,903.0,546.25,329,345,325
Epuru Bit-I-A,14.23,80.045,28_515_shc_2024-25.16561,100.0,57.9,129.1,0.38,0.0595999993383884,0.1187999993562698,0.1609999984502792,0.1524000018835067,0.1842000037431717,0.2766999900341034,0.3082999885082245,0.335999995470047,0.3321000039577484,0.3452999889850616,0.2549000084400177,0.182899996638298,0.375921368598938,0.2918108403682709,0.3376489481020588,0.2786321237527269,0.7586309909820557,6,5,180,180,0.1953057607014973,302.931636344062,302.1403301239014,0.0012157269186419,1461.5833333333333,905.5,556.1666666666666,326,335,339
Epuru Bit-I-A,14.23,80.05,28_515_shc_2024-25.16523,63.0,51.3,77.5,0.93,0.0608000010251998,0.0612000003457069,0.1002999991178512,0.0838000029325485,0.1579499989748001,0.2863500118255615,0.3201499879360199,0.3255999982357025,0.357450008392334,0.3398500084877014,0.2808000147342682,0.1767999976873397,0.5906203985214233,0.3467066586017608,0.4414341919191577,0.398834388045736,0.862407922744751,8,1,226,183,0.1953057607014973,302.931636344062,302.1403301239014,0.0012157269186419,1461.5833333333333,905.5,556.1666666666666,350,330,321
Vadlapudi,14.232,79.858,28_515_shc_2024-25.9757,188.0,8.0,284.0,0.9,0.0604000017046928,0.0798999965190887,0.1134999990463256,0.131400004029274,0.193800002336502,0.2876499891281128,0.3372499942779541,0.3574000000953674,0.3694500029087066,0.3747999966144562,0.2878000140190124,0.1974000036716461,0.4623567759990692,0.2968069612979889,0.365329263044022,0.3428397984274362,0.8052602410316467,19,2,333,183,0.2864919874403211,302.9417274898953,302.1352140214708,0.0011376046629391,1454.3333333333333,902.75,551.5,351,317,331
Epuru Bit-I-A,14.232,80.042,28_515_shc_2024-25.2110,75.0,45.9,83.9,0.23,0.0472999997437,0.0535000003874301,0.0872000008821487,0.0723000019788742,0.138600006699562,0.2750000059604645,0.3410499989986419,0.3720000088214874,0.364650011062622,0.3898999989032745,0.1991000026464462,0.1121499985456466,0.6745442152023315,0.457109272480011,0.5334448810060722,0.4760669333074497,0.5352150201797485,8,2,270,186,0.1953057607014973,302.931636344062,302.1403301239014,0.0012157269186419,1461.5833333333333,905.5,556.1666666666666,342,327,330
Epuru Bit-I-A,14.232,80.052,28_515_shc_2023-24.6877,188.0,34.9,206.6,0.9,0.091449998319149,0.1255999952554702,0.1614000052213668,0.1875,0.212349995970726,0.2728500068187713,0.294649988412857,0.3019999861717224,0.307200014591217,0.3068000078201294,0.3512000143527984,0.3025000095367431,0.2339121401309967,0.1742976456880569,0.1927609166570089,0.1735724928325338,1.1629140377044678,11,2,296,186,0.1410491095648871,302.82593972947865,301.5765931447347,0.001307990578751,1461.5833333333333,905.5,556.1666666666666,336,326,338
Rapur,14.235,79.525,28_515_shc_2024-25.17817,113.0,17.0,122.0,1.21,0.0425000004470348,0.0515500009059906,0.0744000002741813,0.0926999971270561,0.1533000022172927,0.214149996638298,0.2375999987125396,0.2475000023841858,0.2646999955177307,0.258650004863739,0.3121500015258789,0.2222000062465667,0.4550264775753021,0.235029935836792,0.2730977676234185,0.2763627803151262,1.2612121105194092,94,3,314,186,0.2095289866129557,302.35126525031194,301.59108424716527,0.0009597665134327,1439.75,897.0,543.0,345,275,381
Rapur,14.235,79.545,28_515_shc_2024-25.9627,176.0,1.0,148.0,0.64,0.0359000004827976,0.0394000001251697,0.0612500011920928,0.0388000011444091,0.0984499976038932,0.2605000138282776,0.3096500039100647,0.3312000036239624,0.3365499973297119,0.3305999934673309,0.1854999959468841,0.0858500003814697,0.7902702689170837,0.5417200326919556,0.576271186988211,0.5041379325464515,0.5600845217704773,94,2,296,186,0.2095289866129557,302.35126525031194,301.59108424716527,0.0009597665134327,1441.75,899.5833333333334,542.25,341,270,389
Gilakapadu,14.235,79.605,28_515_shc_2024-25.20023,125.0,7.0,193.0,0.32,0.0529999993741512,0.0781999975442886,0.1080000028014183,0.1150000020861625,0.1543000042438507,0.2496999949216842,0.2786000072956085,0.3203999996185303,0.2998999953269958,0.2768999934196472,0.2926999926567077,0.2094999998807907,0.4717501103878021,0.3499051928520202,0.3606292456018617,0.3293778017287402,0.913545548915863,77,2,333,183,0.2192535400390625,302.89212896558973,302.13870794508193,0.000975829909579,1443.75,899.75,543.8333333333334,311,262,427
Gilakapadu,14.235,79.61,28_515_shc_2024-25.19093,163.0,43.0,174.0,0.98,0.0718000009655952,0.0898500010371208,0.1213999986648559,0.1335999965667724,0.1873500049114227,0.249099999666214,0.2748500108718872,0.2797999978065491,0.3028500080108642,0.2982000112533569,0.330700010061264,0.2761000096797943,0.3536526560783386,0.1979021579027176,0.2596756796774795,0.2400919676051951,1.1819156408309937,75,1,90,177,0.2192535400390625,302.89212896558973,302.13870794508193,0.000975829909579,1443.75,899.75,543.8333333333334,312,265,422
Utukur,14.235,79.74,28_515_shc_2024-25.5159,100.0,43.0,19.4,0.49,0.0524000003933906,0.0537500008940696,0.0776000022888183,0.0617499984800815,0.1202000007033348,0.2730999886989593,0.3533999919891357,0.363999992609024,0.3762499988079071,0.3187499940395355,0.2130499929189682,0.1296000033617019,0.7099236845970154,0.5035109519958496,0.5675523413753876,0.489738045430643,0.5853021740913391,39,1,46,177,0.2370018429226345,303.026851187812,302.2613533443875,0.0010331446824364,1440.75,896.4166666666666,544.3333333333334,327,295,379
Madamanuru,14.235,79.83,28_515_shc_2024-25.17493,176.0,38.0,232.5,0.41,0.0511000007390975,0.0590000003576278,0.0877000018954277,0.0702999979257583,0.1506000012159347,0.2847000062465668,0.3348999917507171,0.3515999913215637,0.3991999924182892,0.375900000333786,0.2124000042676925,0.1163000017404556,0.666745662689209,0.4002389311790466,0.5284018303919886,0.457696057072531,0.6040955781936646,16,2,296,186,0.2855863359239366,302.81620123121473,302.02510117424856,0.0010931626572249,1458.5833333333333,902.5833333333334,555.9166666666666,349,319,332
Madamanuru,14.235,79.835,28_515_shc_2024-25.17505,188.0,71.0,542.4,0.41,0.045049998909235,0.0544999986886978,0.0813999995589256,0.064300000667572,0.1183499991893768,0.2841500043869018,0.3607000112533569,0.3765999972820282,0.3932999968528747,0.3908500075340271,0.169400006532669,0.0845500007271766,0.7083238959312439,0.5217698812484741,0.5767738965915343,0.4978743712854987,0.4498141407966614,15,3,134,174,0.2855863359239366,302.81620123121473,302.02510117424856,0.0010931626572249,1454.3333333333333,902.75,551.5,341,327,331
Madamanuru,14.235,79.84,28_515_shc_2024-25.5495,88.0,109.0,342.0,0.43,0.047749999910593,0.0601000003516674,0.0869000032544136,0.0854000002145767,0.1438499987125396,0.2554999887943268,0.3104999959468841,0.3226000070571899,0.3417499959468841,0.33160001039505,0.1898500025272369,0.1149500012397766,0.5813725590705872,0.3832136392593384,0.4283908359484518,0.3918502284300401,0.5884996652603149,15,3,226,186,0.2855863359239366,302.81620123121473,302.02510117424856,0.0010931626572249,1454.3333333333333,902.75,551.5,358,312,330
Edagali,14.235,79.98,28_515_shc_2024-25.22712,113.0,100.0,193.7,0.34,0.0491999983787536,0.0555999986827373,0.0878999978303909,0.0685999989509582,0.1371999979019165,0.2533000111579895,0.3070999979972839,0.311599999666214,0.3328999876976013,0.3032000064849853,0.1960999965667724,0.1083000004291534,0.639137327671051,0.3885917961597442,0.4650895730178622,0.4141104313173449,0.6293324828147888,8,2,333,183,0.1953057607014973,302.931636344062,302.1403301239014,0.0012157269186419,1453.5833333333333,903.9166666666666,549.5833333333334,336,334,330
Pudiparthi,14.235,80.015,28_515_shc_2024-25.21850,188.0,164.0,180.8,0.1,0.0612999983131885,0.0690999999642372,0.0979000031948089,0.0833000019192695,0.152999997138977,0.2985999882221222,0.4004000127315521,0.3899999856948852,0.4151999950408935,0.4234000146389007,0.2430000007152557,0.131300002336502,0.648003339767456,0.4364640712738037,0.5590390148726121,0.4726702779388106,0.6230769753456116,4,1,0,180,0.1953057607014973,302.931636344062,302.1403301239014,0.0012157269186419,1449.1666666666667,903.0,546.25,346,338,317
Epuru Bit-I-A,14.235,80.045,28_515_shc_2024-25.16269,113.0,41.5,58.1,0.33,0.0596500001847744,0.0546000003814697,0.0741500034928321,0.0621500015258789,0.125,0.2393999993801117,0.2917500138282776,0.2994000017642975,0.3158000111579895,0.3000000119209289,0.2388000041246414,0.1528999954462051,0.6562024354934692,0.4109330773353576,0.4696903680796833,0.4130636631635721,0.797595202922821,9,3,237,189,0.1953057607014973,302.931636344062,302.1403301239014,0.0012157269186419,1461.5833333333333,905.5,556.1666666666666,342,331,327
Gilakapadu,14.24,79.605,28_515_shc_2024-25.5373,113.0,117.0,206.0,0.93,0.0474000014364719,0.0571999996900558,0.0873999968171119,0.0989999994635582,0.1438000053167343,0.2122000008821487,0.2387000024318695,0.2380000054836273,0.261599987745285,0.2833999991416931,0.2829999923706054,0.1933999955654144,0.4124629199504852,0.2467260211706161,0.2476835451984425,0.2491039519686263,1.189075589179993,75,3,90,171,0.2192535400390625,302.89212896558973,302.13870794508193,0.000975829909579,1443.75,899.75,543.8333333333334,305,283,412
Gurivindapudi,14.24,79.88,28_515_shc_2024-25.12853,138.0,1.0,439.0,0.48,0.0441999994218349,0.0511000007390975,0.0621000006794929,0.0502500012516975,0.0595499984920024,0.0487999990582466,0.0564499981701374,0.0505999997258186,0.047249998897314,0.1083500012755394,0.0335999988019466,0.0240000002086162,0.0034704855643212,-0.0812528282403945,0.0009031286409391,0.0008737583595365,0.6640316247940063,14,3,252,189,0.2864919874403211,302.9417274898953,302.1352140214708,0.0011376046629391,1452.5833333333333,905.6666666666666,547.0,311,350,339
Kudithipalle,14.24,79.885,28_515_shc_2024-25.11796,88.0,147.0,90.0,1.33,0.0640999972820282,0.1093999966979026,0.1428000032901764,0.1780000030994415,0.193800002336502,0.2563000023365021,0.2906999886035919,0.2763999998569488,0.3082000017166137,0.2825999855995178,0.3219000101089477,0.2450000047683715,0.2165492922067642,0.1756699234247207,0.1614279053198784,0.1546521318933874,1.164616584777832,13,5,322,189,0.2864919874403211,302.9417274898953,302.1352140214708,0.0011376046629391,1452.5833333333333,905.6666666666666,547.0,334,333,333
Edagali,14.24,79.955,28_515_shc_2024-25.22377,63.0,8.0,32.3,0.69,0.0548000000417232,0.065700002014637,0.1015999987721443,0.0970999971032142,0.170300006866455,0.2971999943256378,0.3718000054359436,0.3779999911785126,0.3984000086784363,0.3813999891281128,0.2198999971151352,0.1261000037193298,0.5912439227104187,0.3788071870803833,0.4784208229401893,0.4321095233068659,0.5817460417747498,4,0,0,180,0.1953057607014973,302.931636344062,302.1403301239014,0.0012157269186419,1455.25,903.6666666666666,551.75,361,331,308
Edagali,14.24,79.96,28_515_shc_2024-25.22213,238.0,164.0,103.3,0.34,0.0559000000357627,0.0724999979138374,0.1184000000357627,0.1125999987125396,0.1876000016927719,0.2949000000953674,0.3486999869346618,0.3716000020503998,0.3747000098228454,0.368800014257431,0.2615000009536743,0.1553000062704086,0.5349029302597046,0.3290414810180664,0.4306761143037744,0.3947368468864355,0.7037136554718018,5,2,207,183,0.1953057607014973,302.931636344062,302.1403301239014,0.0012157269186419,1453.5833333333333,903.9166666666666,549.5833333333334,355,337,308
Edagali,14.24,79.97,28_515_shc_2024-25.21912,213.0,35.0,90.4,0.69,0.0375999994575977,0.0425000004470348,0.0617999993264675,0.0491999983787536,0.0986000001430511,0.1808999925851822,0.2064999938011169,0.1601999998092651,0.2159000039100647,0.1261000037193298,0.1614000052213668,0.098700001835823,0.5300859808921814,0.2380216419696808,0.2441384831005447,0.234705388456511,1.007490634918213,8,1,0,180,0.1953057607014973,302.931636344062,302.1403301239014,0.0012157269186419,1453.5833333333333,903.9166666666666,549.5833333333334,335,339,326
Pudiparthi,14.24,79.995,28_515_shc_2024-25.21839,188.0,24.0,219.5,0.41,0.0560000017285347,0.0737999975681305,0.1023000031709671,0.1042999997735023,0.1775500029325485,0.2588500082492828,0.3086999952793121,0.3161999881267547,0.3388499915599823,0.341399997472763,0.2206500023603439,0.1321499943733215,0.5039238929748535,0.2808100879192352,0.381526805165939,0.345301452154196,0.697817862033844,8,1,314,183,0.1953057607014973,302.931636344062,302.1403301239014,0.0012157269186419,1453.5833333333333,903.9166666666666,549.5833333333334,348,322,331
Epuru Bit - II (G V R Palem),14.24,80.03,28_515_shc_2024-25.22656,88.0,17.0,297.0,0.77,0.0671999976038932,0.0802000015974044,0.1160999983549118,0.1062999963760376,0.1873999983072281,0.3200500011444092,0.3928000032901764,0.4016000032424927,0.4264000058174133,0.4214499890804291,0.2620500028133392,0.1572999954223632,0.5814136862754822,0.3636672496795654,0.5134223748634702,0.4394781332149322,0.6525149345397949,5,0,0,180,0.1953057607014973,302.931636344062,302.1403301239014,0.0012157269186419,1449.1666666666667,903.0,546.25,334,353,313
Epuru Bit-I-A,14.24,80.045,28_515_shc_2024-25.13238,88.0,5.5,77.5,0.56,0.0940999984741211,0.0777999982237815,0.1054000034928321,0.1128000020980835,0.1668000072240829,0.2125000059604644,0.2348999977111816,0.2599999904632568,0.2500999867916107,0.2955999970436096,0.2739999890327453,0.229200005531311,0.3948497474193573,0.2183692157268524,0.2719278552135896,0.2529789005838496,1.0538461208343506,4,5,270,195,0.1953057607014973,302.931636344062,302.1403301239014,0.0012157269186419,1461.5833333333333,905.5,556.1666666666666,347,311,342
Epuru Bit-I-A,14.24,80.05,28_515_shc_2024-25.19590,100.0,45.9,129.1,1.07,0.0615000016987323,0.0810000002384185,0.1067999973893165,0.1150000020861625,0.1597000062465667,0.2818000018596649,0.3655999898910522,0.3727999925613403,0.3925999999046325,0.335099995136261,0.2179999947547912,0.1459999978542328,0.5284952521324158,0.4001877605915069,0.4428639969290481,0.391475994946488,0.5847639441490173,8,5,234,192,0.1953057607014973,302.931636344062,302.1403301239014,0.0012157269186419,1461.5833333333333,905.5,556.1666666666666,344,312,344
Epuru Bit-I-A,14.24,80.055,28_515_shc_2024-25.19602,251.0,110.3,90.4,0.44,0.0573999993503093,0.0722000002861023,0.1074000000953674,0.1110000014305114,0.1586000025272369,0.2675999999046325,0.3118999898433685,0.3271999955177307,0.3440999984741211,0.2861999869346618,0.2282000035047531,0.1331000030040741,0.4933820068836212,0.3470563888549804,0.3723220944342125,0.3456618974479911,0.6974327564239502,4,2,244,186,0.1410491095648871,302.82593972947865,301.5765931447347,0.001307990578751,1461.5833333333333,905.5,556.1666666666666,334,322,344
Epuru Bit-I-A,14.242,80.052,28_515_shc_2024-25.1669,113.0,55.7,90.4,1.33,0.0773999989032745,0.098300002515316,0.1275999993085861,0.155799999833107,0.1808999925851822,0.248099997639656,0.2732000052928924,0.266400009393692,0.2991999983787536,0.3120999932289123,0.3222000002861023,0.257999986410141,0.2619611620903015,0.1911469250917434,0.1888725884623365,0.1798959148568792,1.20945942401886,8,2,64,174,0.1410491095648871,302.82593972947865,301.5765931447347,0.001307990578751,1461.5833333333333,905.5,556.1666666666666,335,317,347
Madamanuru,14.245,79.845,28_515_shc_2024-25.4930,213.0,164.0,420.0,0.17,0.0543499998748302,0.0518999993801116,0.0751999989151954,0.0582999996840953,0.1239499971270561,0.2721500098705292,0.3131000101566314,0.3357999920845032,0.344650000333786,0.3185499906539917,0.2387000024318695,0.1396500021219253,0.7041360139846802,0.4607939124107361,0.5351563881385193,0.4655519432197256,0.7108398079872131,17,2,90,174,0.2855863359239366,302.81620123121473,302.02510117424856,0.0010931626572249,1454.3333333333333,902.75,551.5,329,318,353
Madamanuru,14.245,79.855,28_515_shc_2024-25.420,226.0,164.0,245.0,0.63,0.0649000033736229,0.05180000141263,0.0794000029563903,0.0736000016331672,0.1402000039815902,0.224600002169609,0.2522000074386596,0.2813999950885772,0.277099996805191,0.2775999903678894,0.2678999900817871,0.1861000061035156,0.5853521227836609,0.3349145948886871,0.389284365575292,0.3645613934248425,0.952025592327118,21,1,0,180,0.2864919874403211,302.9417274898953,302.1352140214708,0.0011376046629391,1454.3333333333333,902.75,551.5,329,318,353
Manubolu,14.245,79.88,28_515_shc_2024-25.8540,138.0,164.0,265.0,0.62,0.0529999993741512,0.0610000006854534,0.0870999991893768,0.0803999975323677,0.1293999999761581,0.2896000146865845,0.3535999953746795,0.3752000033855438,0.3957000076770782,0.3847000002861023,0.2006999999284744,0.1040000021457672,0.6470588445663452,0.487118512392044,0.5263909887512183,0.4627459275376772,0.5349147319793701,11,1,226,183,0.2864919874403211,302.9417274898953,302.1352140214708,0.0011376046629391,1452.5833333333333,905.6666666666666,547.0,312,354,334
Edagali,14.245,79.96,28_515_shc_2024-25.21571,226.0,52.0,38.7,0.92,0.0741999968886375,0.0772000029683113,0.1212000027298927,0.1306000053882599,0.209999993443489,0.2551000118255615,0.2903000116348266,0.2865999937057495,0.2976000010967254,0.3027999997138977,0.1878000050783157,0.1076999977231025,0.3739213645458221,0.1542488932609558,0.2615343145164712,0.2551242724677002,0.6552687287330627,8,4,46,171,0.1953057607014973,302.931636344062,302.1403301239014,0.0012157269186419,1453.5833333333333,903.9166666666666,549.5833333333334,353,335,311
Idimepalle,14.245,79.965,28_515_shc_2024-25.22093,163.0,25.0,193.7,0.1,0.0757500007748603,0.0876000002026557,0.1168999969959259,0.1292999982833862,0.2035000026226043,0.2734000086784363,0.3082500100135803,0.3039000034332275,0.3282999992370605,0.3274500072002411,0.3412500023841858,0.2711000144481659,0.403047114610672,0.1978715062141418,0.3068110040399486,0.2806472430807962,1.122902274131775,12,2,270,186,0.1953057607014973,302.931636344062,302.1403301239014,0.0012157269186419,1453.5833333333333,903.9166666666666,549.5833333333334,357,329,313
Epuru Bit - II (G V R Palem),14.245,80.035,28_515_shc_2024-25.21821,188.0,38.0,148.5,0.42,0.0935000032186508,0.1081999987363815,0.1356000006198883,0.1353999972343444,0.1917999982833862,0.2131000012159347,0.2314999997615814,0.2222000062465667,0.2410999983549118,0.2307000011205673,0.2529000043869018,0.1787000000476837,0.2427293360233307,0.0734299719333648,0.1774180546847762,0.1518190449975102,1.1381638050079346,1,8,61,159,0.1953057607014973,302.931636344062,302.1403301239014,0.0012157269186419,1449.1666666666667,903.0,546.25,344,322,334
Epuru Bit-I-A,14.245,80.055,28_515_shc_2024-25.19604,63.0,18.6,83.9,0.26,0.090549997985363,0.1164000034332275,0.1562000066041946,0.1891999989748001,0.231450006365776,0.2424000054597854,0.2671999931335449,0.2746999859809875,0.288349986076355,0.2953499853610992,0.3879500031471252,0.3336000144481659,0.1843069344758987,0.0854489356279373,0.1390786478638032,0.1330532031444774,1.412268042564392,5,1,226,183,0.1410491095648871,302.82593972947865,301.5765931447347,0.001307990578751,1461.5833333333333,905.5,556.1666666666666,326,341,333
Madamanuru,14.248,79.852,28_515_shc_2024-25.5144,238.0,129.0,329.0,0.46,0.0551999993622303,0.066500000655651,0.099200002849102,0.1077999994158744,0.1590999960899353,0.2748000025749206,0.3236500024795532,0.3526000082492828,0.3554500043392181,0.3529999852180481,0.2092999964952469,0.1315499991178512,0.5317115783691406,0.3781512677669525,0.4078232913430943,0.3823407021235016,0.5935904383659363,22,1,226,183,0.2864919874403211,302.9417274898953,302.1352140214708,0.0011376046629391,1454.3333333333333,902.75,551.5,327,315,359
Edagali,14.248,79.962,28_515_shc_2024-25.22557,188.0,8.0,129.1,0.15,0.0675500035285949,0.100100003182888,0.1411000043153762,0.1506000012159347,0.2111999988555908,0.3010500073432922,0.3360500037670135,0.3567999899387359,0.3761000037193298,0.3430500030517578,0.2942999899387359,0.1840000003576278,0.4063854813575744,0.2563380300998688,0.3414698644737811,0.3070279787571623,0.8248318433761597,7,2,333,183,0.1953057607014973,302.931636344062,302.1403301239014,0.0012157269186419,1453.5833333333333,903.9166666666666,549.5833333333334,357,329,314
Pulikollu,14.25,79.59,28_515_shc_2024-25.5221,226.0,164.0,51.7,0.62,0.0627499967813491,0.0631999969482421,0.091899998486042,0.1046999990940094,0.1684499979019165,0.2382500022649765,0.261599987745285,0.2563000023365021,0.2849999964237213,0.2790499925613403,0.3068499863147735,0.2325000017881393,0.4199446141719818,0.2068275511264801,0.2686990448699153,0.2641115034679727,1.1972297430038452,90,3,57,171,0.219643317328559,303.14420687357585,302.2185582054986,0.0009350543973115,1436.25,895.4166666666666,540.75,310,275,415
Kalichedu,14.25,79.74,28_515_shc_2024-25.5319,138.0,164.0,12.9,0.16,0.0469000004231929,0.0520000010728836,0.0769999995827674,0.0842999964952468,0.1427000015974044,0.2286999970674514,0.2578000128269195,0.2635999917984009,0.2822999954223633,0.2885000109672546,0.2630999982357025,0.1940000057220459,0.5153779983520508,0.2975633442401886,0.324960127860911,0.3171954200588894,0.9981032013893129,38,2,64,174,0.2541084713406033,302.9942177242703,302.23932643466526,0.0009948510504044,1444.3333333333333,893.25,551.25,316,281,403
Idimepalle,14.25,79.955,28_515_shc_2024-25.22154,176.0,19.0,284.1,0.17,0.050450000911951,0.066500000655651,0.1058000028133392,0.0984999984502792,0.1614499986171722,0.2981500029563904,0.3675000071525574,0.3880000114440918,0.3987500071525574,0.3988499939441681,0.2096000015735626,0.1299999952316284,0.5950668454170227,0.4123214185237884,0.4889377023068258,0.4401926154437808,0.5402061939239502,3,2,270,186,0.240995364718967,302.6271387312148,301.6053637610541,0.0010943102147923,1450.4166666666667,898.75,551.6666666666666,357,349,294
Idimepalle,14.25,79.96,28_515_shc_2024-25.22185,151.0,51.0,219.5,0.2,0.0696500018239021,0.0842000022530555,0.1168000027537345,0.1176000013947486,0.1789000034332275,0.2395499944686889,0.2675000131130218,0.2529999911785126,0.2882499992847442,0.316100001335144,0.3483999967575073,0.244499996304512,0.3653534650802612,0.1715674698352813,0.2550674243727391,0.2332873723962901,1.3770750761032104,6,1,46,177,0.240995364718967,302.6271387312148,301.6053637610541,0.0010943102147923,1449.4166666666667,899.5833333333334,549.75,354,339,307
Idimepalle,14.25,79.965,28_515_shc_2024-25.21483,201.0,26.0,174.3,0.2,0.0720499977469444,0.0859500020742416,0.131400004029274,0.1913000047206878,0.2238000035285949,0.26664999127388,0.2931500077247619,0.2847000062465668,0.2976999878883362,0.3048000037670135,0.3764500021934509,0.2687500119209289,0.1962184906005859,0.1197640150785446,0.1306019723590557,0.1435450826993062,1.322269082069397,7,4,284,192,0.240995364718967,302.6271387312148,301.6053637610541,0.0010943102147923,1449.4166666666667,899.5833333333334,549.75,358,323,319
Survepalle-III @ Iskapalem,14.25,79.995,28_515_shc_2024-25.22111,238.0,34.0,12.9,0.15,0.0550500005483627,0.0701000019907951,0.1024999991059303,0.0891000032424926,0.164900004863739,0.2782000005245209,0.3436999917030334,0.3600000143051147,0.3731000125408172,0.3917500078678131,0.1805000007152557,0.0940499976277351,0.6032063961029053,0.3716898560523987,0.4947583872160546,0.4281424603108811,0.5013888478279114,6,1,0,180,0.240995364718967,302.6271387312148,301.6053637610541,0.0010943102147923,1449.4166666666667,899.5833333333334,549.75,336,340,324
Epuru Bit - II (G V R Palem),14.25,80.03,28_515_shc_2024-25.22302,251.0,19.0,109.8,0.77,0.0543499998748302,0.0639000013470649,0.092299997806549,0.0965000018477439,0.1465499997138977,0.2350499927997589,0.2764999866485595,0.2879000008106231,0.3031499981880188,0.3145500123500824,0.1755000054836273,0.0979999974370002,0.4979188144207001,0.3253538906574249,0.344827583892583,0.32462686293684,0.6095866560935974,1,1,226,183,0.240995364718967,302.6271387312148,301.6053637610541,0.0010943102147923,1438.0833333333333,899.3333333333334,538.6666666666666,344,329,327
Idimepalle,14.252,79.972,28_515_shc_2024-25.21675,213.0,33.0,226.0,0.31,0.0668499991297721,0.0853499993681907,0.1154000014066696,0.131400004029274,0.1942999958992004,0.2904500067234039,0.3885000050067901,0.3962000012397766,0.4172500073909759,0.4045000076293945,0.2354499995708465,0.1357499957084655,0.5018953680992126,0.341913640499115,0.428624600658162,0.3865317183525679,0.5942705869674683,8,1,180,180,0.240995364718967,302.6271387312148,301.6053637610541,0.0010943102147923,1449.4166666666667,899.5833333333334,549.75,352,336,312
Idimepalle,14.255,79.955,28_515_shc_2024-25.22447,163.0,155.0,135.6,0.28,0.0579999983310699,0.0568000003695488,0.0856999978423118,0.0860000029206276,0.1492000073194503,0.265500009059906,0.3048999905586242,0.3131999969482422,0.3305000066757202,0.3170999884605407,0.2940999865531921,0.1802999973297119,0.5691382884979248,0.3546712398529053,0.4047890395758596,0.3790035488112997,0.939016580581665,9,2,207,183,0.240995364718967,302.6271387312148,301.6053637610541,0.0010943102147923,1450.4166666666667,898.75,551.6666666666666,352,352,296
Pudiparthi,14.255,79.995,28_515_shc_2024-25.22242,113.0,41.0,309.9,0.42,0.0488499999046325,0.0592000000178813,0.0870999991893768,0.0714000016450882,0.1458999961614608,0.2787500023841858,0.3880000114440918,0.3894000053405761,0.4101999998092651,0.400299996137619,0.1967000067234039,0.1000000014901161,0.6901041865348816,0.4548851251602173,0.5786868543557004,0.4964612844245629,0.5051361322402954,7,2,64,174,0.240995364718967,302.6271387312148,301.6053637610541,0.0010943102147923,1449.4166666666667,899.5833333333334,549.75,349,335,316
Survepalle-III @ Iskapalem,14.255,80.0,28_515_shc_2024-25.21942,213.0,79.0,200.2,0.15,0.0462500005960464,0.0611499994993209,0.0895000025629997,0.0662499964237213,0.1363999992609024,0.2752000093460083,0.3427999913692474,0.3619999885559082,0.3776000142097473,0.3676500022411346,0.1659000068902969,0.0810000002384185,0.6906012892723083,0.4526484608650207,0.5683674426032372,0.477915427284403,0.4582873284816742,5,1,134,177,0.240995364718967,302.6271387312148,301.6053637610541,0.0010943102147923,1449.4166666666667,899.5833333333334,549.75,336,355,310
Epuru Bit - II (G V R Palem),14.255,80.03,28_515_shc_2024-25.21500,213.0,164.0,180.8,0.69,0.0533000007271766,0.0542000010609626,0.0829999968409538,0.0811500027775764,0.1352500021457672,0.2174499928951263,0.2445999979972839,0.2381000071763992,0.2638500034809112,0.2845000028610229,0.2202499955892563,0.1410499960184097,0.4916209876537323,0.2754787802696228,0.2975919653165843,0.2873664983067379,0.9250314235687256,4,2,270,186,0.240995364718967,302.6271387312148,301.6053637610541,0.0010943102147923,1438.0833333333333,899.3333333333334,538.6666666666666,347,329,324
Epuru Bit-I-A,14.255,80.05,28_515_shc_2024-25.19353,63.0,96.1,155.0,0.75,0.0650499984622001,0.0731500014662742,0.1055999994277954,0.100100003182888,0.1666000038385391,0.3253499865531921,0.3668000102043152,0.3404000103473663,0.3889000117778778,0.3467499911785126,0.265749990940094,0.1627500057220459,0.5455164313316345,0.3428007960319519,0.431457049969895,0.3832535944297701,0.7806991338729858,5,3,46,174,0.240995364718967,302.6271387312148,301.6053637610541,0.0010943102147923,1447.4166666666667,900.1666666666666,547.3333333333334,345,346,309
Epuru Bit - II (G V R Palem),14.258,80.032,28_515_shc_2024-25.22269,100.0,104.0,135.6,0.15,0.0462500005960464,0.0598499998450279,0.0962499976158142,0.0855000019073486,0.1463499963283538,0.2762500047683716,0.3206999897956848,0.3379999995231628,0.3591499924659729,0.356249988079071,0.1767999976873397,0.099200002849102,0.596221923828125,0.3956849575042724,0.4502094952865821,0.4101245217509837,0.5230768918991089,3,2,90,174,0.240995364718967,302.6271387312148,301.6053637610541,0.0010943102147923,1438.0833333333333,899.3333333333334,538.6666666666666,321,360,319
Sankurathripalle,14.262,79.598,28_515_shc_2024-25.9479,113.0,1.0,129.0,0.66,0.0430999994277954,0.0456000007688999,0.0706000030040741,0.0667999982833862,0.1296000033617019,0.2339999973773956,0.268200010061264,0.2754000127315521,0.2957000136375427,0.3000000119209289,0.2574999928474426,0.1697999984025955,0.6095850467681885,0.3600000143051147,0.3908709619426791,0.3715269740915485,0.9350035786628724,79,1,270,183,0.219643317328559,303.14420687357585,302.2185582054986,0.0009350543973115,1436.25,895.4166666666666,540.75,354,262,384
Pudiparthi,14.262,80.008,28_515_shc_2024-25.22270,151.0,16.0,619.9,0.38,0.0617999993264675,0.0741999968886375,0.1022000014781951,0.1194000020623207,0.1591999977827072,0.2185000032186508,0.2412000000476837,0.2574000060558319,0.2680000066757202,0.2472999989986419,0.3273999989032745,0.2273000031709671,0.3662420511245727,0.2357177287340164,0.2434205883139231,0.2360857710694417,1.2719502449035645,6,1,270,183,0.240995364718967,302.6271387312148,301.6053637610541,0.0010943102147923,1438.0833333333333,899.3333333333334,538.6666666666666,348,345,307
Epuru Bit - I - B,14.262,80.058,28_515_shc_2024-25.13441,75.0,57.7,77.5,0.44,0.0456000007688999,0.0485000014305114,0.0837500020861625,0.050450000911951,0.1381999999284744,0.3719500005245209,0.4188500046730041,0.3971999883651733,0.4316999912261963,0.4418500065803528,0.2456499934196472,0.1343500018119812,0.7746006846427917,0.4837504625320434,0.6487856749558919,0.54885768697849,0.6184541583061218,8,3,215,186,0.1299889034695095,302.8011296166314,301.92652804056803,0.0011784005769918,1447.4166666666667,900.1666666666666,547.3333333333334,328,340,332
Narikellapalle,14.26333,80.059105,28_515_shc_2024-25.9863,138.0,8.0,489.0,0.36,0.0663999989628791,0.0630000010132789,0.0988000035285949,0.100100003182888,0.1624999940395355,0.3048999905586242,0.3339999914169311,0.3495999872684479,0.3646999895572662,0.3564999997615814,0.3107999861240387,0.1978999972343444,0.5548142790794373,0.3653583228588104,0.4221086558399567,0.3940717909773601,0.8890160322189331,7,1,180,180,0.1299889034695095,302.8011296166314,301.92652804056803,0.0011784005769918,1447.4166666666667,900.1666666666666,547.3333333333334,329,330,341
Punjulurupadu,14.265,80.025,28_515_shc_2024-25.21731,201.0,97.0,387.4,0.1,0.0669500008225441,0.0781000033020973,0.1172000020742416,0.091449998319149,0.168500006198883,0.2982999980449676,0.3676500022411346,0.3811999857425689,0.4029000103473663,0.3766500055789947,0.2427500039339065,0.1412000060081482,0.613032877445221,0.3869383037090301,0.5389093442126651,0.446846232722039,0.6368048787117004,6,4,90,168,0.240995364718967,302.6271387312148,301.6053637610541,0.0010943102147923,1438.0833333333333,899.3333333333334,538.6666666666666,332,346,321
Vepinapiakkmambapuram,14.268,79.602,28_515_shc_2025-26.8227,226.0,145.0,83.9,0.21,0.0522999987006187,0.0588999986648559,0.0876000002026557,0.0894000008702278,0.1737000048160553,0.2547000050544739,0.2813000082969665,0.305400013923645,0.303299993276596,0.3037999868392944,0.2982999980449676,0.221900001168251,0.5471124649047852,0.2748904228210449,0.3857005259719714,0.3620921035129428,0.976751744747162,78,2,333,183,0.219643317328559,303.14420687357585,302.2185582054986,0.0009350543973115,1436.25,895.4166666666666,540.75,308,298,394
Survepalle Bit 閳 II,14.268,79.968,28_515_shc_2024-25.22116,213.0,35.0,161.4,0.11,0.0685499981045723,0.0750999972224235,0.1162000000476837,0.1361999958753585,0.2009499967098236,0.2436500042676925,0.2766000032424927,0.2675999999046325,0.2632499933242798,0.2770499885082245,0.2027499973773956,0.122699998319149,0.3254086375236511,0.1422473639249801,0.2158982688306251,0.2180792287720815,0.7576606869697571,11,1,314,183,0.240995364718967,302.6271387312148,301.6053637610541,0.0010943102147923,1449.4166666666667,899.5833333333334,549.75,340,336,325
Survepalle-III @ Iskapalem,14.268,79.998,28_515_shc_2024-25.21891,188.0,17.0,96.9,0.34,0.0621999986469745,0.0733999982476234,0.1023999974131584,0.1142000034451484,0.1720999926328659,0.2712999880313873,0.3233999907970428,0.3368000090122223,0.3537000119686126,0.3450999855995178,0.2275000065565109,0.1376000046730041,0.4935698509216308,0.3236392438411712,0.3781855234261196,0.3511041051280512,0.6754750609397888,6,1,270,183,0.240995364718967,302.6271387312148,301.6053637610541,0.0010943102147923,1449.4166666666667,899.5833333333334,549.75,330,339,330
Survepalle-III @ Iskapalem,14.268,80.008,28_515_shc_2024-25.21858,163.0,51.0,232.5,0.2,0.0478999987244606,0.0513999983668327,0.0842999964952468,0.0553999990224838,0.1237000003457069,0.261599987745285,0.3285999894142151,0.3260000050067901,0.353300005197525,0.3594000041484833,0.1591999977827072,0.0740000009536743,0.7094913721084595,0.4498554766178131,0.5314635940821413,0.460517366826536,0.4883435368537903,6,1,270,183,0.240995364718967,302.6271387312148,301.6053637610541,0.0010943102147923,1438.0833333333333,899.3333333333334,538.6666666666666,323,364,313
Punjulurupadu,14.268,80.022,28_515_shc_2024-25.21961,188.0,79.0,148.5,0.18,0.06615000218153,0.0860499963164329,0.1199000030755996,0.1074000000953674,0.1743499934673309,0.2843500077724457,0.327349990606308,0.3224000036716461,0.3723999857902527,0.3842999935150146,0.2354000061750412,0.1501500010490417,0.5002326965332031,0.2980372607707977,0.4067578530579325,0.3468487890490793,0.7301489114761353,4,0,0,180,0.240995364718967,302.6271387312148,301.6053637610541,0.0010943102147923,1438.0833333333333,899.3333333333334,538.6666666666666,333,350,318
Epuru Bit - I - B,14.26957,80.058759,28_515_shc_2024-25.13405,113.0,72.1,77.5,0.8,0.0731500014662742,0.067450001835823,0.1020999997854232,0.1150999963283538,0.1772000044584274,0.2678000032901764,0.3174499869346618,0.3129999935626983,0.3429000079631805,0.3289499878883362,0.2728500068187713,0.1844999939203262,0.4622751772403717,0.2770297527313232,0.3303343451153006,0.3198469982597062,0.8717252612113953,11,3,252,189,0.1299889034695095,302.8011296166314,301.92652804056803,0.0011784005769918,1447.4166666666667,900.1666666666666,547.3333333333334,332,343,325
Vepinapiakkmambapuram,14.272,79.612,28_515_shc_2024-25.5259,163.0,17.0,122.0,0.64,0.0434000007808208,0.0469000004231929,0.0733999982476234,0.0599999986588954,0.1213999986648559,0.2565999925136566,0.2998000085353851,0.3248000144958496,0.3301999866962433,0.3273000121116638,0.2461999952793121,0.1381999999284744,0.6881496906280518,0.4558494091033935,0.4966055571552946,0.4489150292157192,0.758004903793335,76,1,226,183,0.219643317328559,303.14420687357585,302.2185582054986,0.0009350543973115,1436.25,895.4166666666666,540.75,296,286,418
Survepalle Bit 閳 II,14.272,79.972,28_515_shc_2024-25.22421,188.0,25.0,226.0,0.28,0.0370000004768371,0.0366000011563301,0.0515500009059906,0.032999999821186,0.0379000008106231,0.0279500000178813,0.0309500005096197,0.024049999192357,0.0253500007092952,0.0889500007033348,0.0192499998956918,0.0160499997437,-0.1568799465894699,-0.2235674262046814,-0.0236135315511225,-0.0241001722772054,0.8004158139228821,9,2,0,180,0.240995364718967,302.6271387312148,301.6053637610541,0.0010943102147923,1449.4166666666667,899.5833333333334,549.75,340,338,322
Vadlapudi,14.275,79.845,28_515_shc_2024-25.1221,138.0,1.0,220.0,0.95,0.0514499992132186,0.0779500007629394,0.1080999970436096,0.1190999969840049,0.1423999965190887,0.2134999930858612,0.2461500018835067,0.2982999980449676,0.2587999999523163,0.2732999920845032,0.2190500050783157,0.1528500020503997,0.4293243885040283,0.353755384683609,0.3136650930223608,0.2930019653891049,0.7343278527259827,13,3,161,177,0.28733155992296,302.91896273295083,302.1503181881375,0.0010541067434864,1448.0,900.5,547.5833333333334,325,368,308
Epuru Bit - I - B,14.275,80.045,28_515_shc_2024-25.1656,88.0,37.1,90.4,0.38,0.0542000010609626,0.0636000037193298,0.0957000032067298,0.1062000021338462,0.139500007033348,0.2125000059604644,0.2485000044107437,0.2630000114440918,0.2648000121116638,0.294400006532669,0.2177000045776367,0.1428000032901764,0.4247020781040191,0.3068322837352752,0.2754356550592672,0.2705936611726464,0.8277566432952881,5,3,252,189,0.240995364718967,302.6271387312148,301.6053637610541,0.0010943102147923,1447.4166666666667,900.1666666666666,547.3333333333334,324,352,324
Epuru Bit - I - B,14.276189,80.046718,28_515_shc_2024-25.16437,125.0,60.1,174.3,1.44,0.0511000007390975,0.061099998652935,0.100100003182888,0.0752499997615814,0.1468999981880188,0.3122499883174896,0.4143500030040741,0.4280000030994415,0.4472500085830688,0.4314000010490417,0.2081000059843063,0.1159000024199485,0.7009438872337341,0.4889546036720276,0.6204925249183912,0.527410918014309,0.4862149655818939,6,6,40,168,0.240995364718967,302.6271387312148,301.6053637610541,0.0010943102147923,1447.4166666666667,900.1666666666666,547.3333333333334,321,352,327
Akkampeta,14.278,79.828,28_515_shc_2024-25.8595,213.0,1.0,213.0,0.46,0.0595000013709068,0.0707999989390373,0.0975999981164932,0.1102000027894973,0.1592999994754791,0.2518999874591827,0.293500006198883,0.2955999970436096,0.3185999989509582,0.3296999931335449,0.2461999952793121,0.1719000041484832,0.4568752944469452,0.2996262907981872,0.3250806414425151,0.3070214080728727,0.832882285118103,20,1,46,177,0.28733155992296,302.91896273295083,302.1503181881375,0.0010541067434864,1450.6666666666667,897.25,553.3333333333334,347,326,328
Survepalle Bit 閳 II,14.278,79.928,28_515_shc_2024-25.21861,176.0,52.0,148.5,0.44,0.060649998486042,0.0700000002980232,0.0944499969482421,0.0820500031113624,0.1395500004291534,0.2396000027656555,0.2833000123500824,0.3046000003814697,0.3098999857902527,0.3347499966621399,0.2204499989748001,0.1333000063896179,0.575585126876831,0.371608704328537,0.4374361080430943,0.3765014318954544,0.723736047744751,16,2,296,186,0.2405055999755859,302.98058382670087,302.1422181447347,0.0010850711740632,1450.4166666666667,898.75,551.6666666666666,338,343,319
Survepalle-III @ Iskapalem,14.278,80.008,28_515_shc_2024-25.21512,176.0,157.0,250.2,0.31,0.0479499995708465,0.0584000013768672,0.0873999968171119,0.06700000166893,0.1438000053167343,0.2761000096797943,0.3343000113964081,0.3578000068664551,0.3711499869823456,0.361299991607666,0.1704999953508377,0.0781499966979026,0.6845574378967285,0.4266347587108612,0.5500075725445007,0.4716695542500067,0.4765231609344482,5,2,64,174,0.240995364718967,302.6271387312148,301.6053637610541,0.0010943102147923,1438.0833333333333,899.3333333333334,538.6666666666666,329,352,319
Muthukur,14.279045,80.080335,28_515_shc_2024-25.1704,188.0,25.0,489.0,0.46,0.0649999976158142,0.0763000026345253,0.1041999980807304,0.1165999993681907,0.1641999930143356,0.2440000027418136,0.2894999980926513,0.315200001001358,0.3136000037193298,0.3310999870300293,0.2405000030994415,0.1608999967575073,0.4599351584911346,0.314977079629898,0.3441821856044425,0.3197038016007777,0.763007640838623,4,3,314,186,0.1299889034695095,302.8011296166314,301.92652804056803,0.0011784005769918,1447.4166666666667,900.1666666666666,547.3333333333334,336,334,330
Vepinapiakkmambapuram,14.282,79.568,28_515_shc_2024-25.5443,75.0,80.0,155.0,1.01,0.0476000010967254,0.0615999996662139,0.0829999968409538,0.1040000021457672,0.1256999969482422,0.1709000021219253,0.1930000036954879,0.1785999983549118,0.218299999833107,0.2098000049591064,0.2443999946117401,0.1932000070810318,0.2639773488044739,0.1738416105508804,0.1391168048727308,0.142984914697326,1.3684210777282717,91,1,314,183,0.219643317328559,303.14420687357585,302.2185582054986,0.0009350543973115,1432.75,897.25,535.6666666666666,330,287,382
Vadlapudi,14.282,79.812,28_515_shc_2024-25.9737,138.0,62.0,394.0,1.7,0.0640499964356422,0.0851999968290329,0.1185000017285347,0.124499998986721,0.2070000022649765,0.2960000038146972,0.3477500081062317,0.3617999851703644,0.3837000131607055,0.3721500039100647,0.3165999948978424,0.2284500002861023,0.4879703819751739,0.2721518874168396,0.4036263194308835,0.3608942360266466,0.8750691413879395,30,3,161,177,0.28733155992296,302.91896273295083,302.1503181881375,0.0010541067434864,1450.6666666666667,897.25,553.3333333333334,333,342,325
Akkampeta,14.282,79.828,28_515_shc_2024-25.8765,176.0,19.0,226.0,0.64,0.0607500001788139,0.0804499983787536,0.1151999980211258,0.1299999952316284,0.1941999942064285,0.2787500023841858,0.3269999921321869,0.3576000034809112,0.3666000068187713,0.3606500029563904,0.2648000121116638,0.1786500066518783,0.4667760729789734,0.2961218059062958,0.3708713033834001,0.3456865257381348,0.7404922246932983,18,1,134,177,0.28733155992296,302.91896273295083,302.1503181881375,0.0010541067434864,1450.6666666666667,897.25,553.3333333333334,334,343,323
Survepalle Bit 閳 II,14.282,79.968,28_515_shc_2024-25.21560,226.0,138.0,129.1,0.41,0.0649000033736229,0.0828000009059906,0.1206000000238418,0.146599993109703,0.2106000036001205,0.2806999981403351,0.3337999880313873,0.3459999859333038,0.3634999990463257,0.3761999905109405,0.2402999997138977,0.1532000005245208,0.4047909080982208,0.2432626336812973,0.3106693265509738,0.3013298363392791,0.6945086717605591,15,4,116,168,0.240995364718967,302.6271387312148,301.6053637610541,0.0010943102147923,1449.4166666666667,899.5833333333334,549.75,350,325,326
Survepalle-IV @ N.G.Palem,14.282,80.038,28_515_shc_2024-25.22052,188.0,105.0,77.5,0.72,0.0500999987125396,0.063400000333786,0.1011999994516372,0.0879999995231628,0.1590999960899353,0.2921000123023987,0.3722000122070312,0.3912000060081482,0.4050999879837036,0.384799987077713,0.1916999965906143,0.1052000001072883,0.6327211856842041,0.4217699468135834,0.5250398392148503,0.4644607916241839,0.4900306463241577,6,1,46,177,0.240995364718967,302.6271387312148,301.6053637610541,0.0010943102147923,1438.0833333333333,899.3333333333334,538.6666666666666,319,347,333
Devaravemur,14.285,79.735,28_515_shc_2024-25.3876,151.0,164.0,19.4,0.16,0.048200000077486,0.0384999997913837,0.0593999996781349,0.049600001424551,0.1120000034570694,0.2322999984025955,0.2703999876976013,0.2680000066757202,0.2973000109195709,0.2680000066757202,0.2104000002145767,0.1186999976634979,0.6876574158668518,0.410526305437088,0.4276148380383565,0.4006849371711071,0.7850745916366577,34,5,38,171,0.2541084713406033,302.9942177242703,302.23932643466526,0.0009948510504044,1444.3333333333333,893.25,551.25,311,320,370
Kantepalle,14.285,79.975,28_515_shc_2024-25.21883,213.0,97.0,6.5,0.21,0.052700001746416,0.0570000000298023,0.0829999968409538,0.0894000008702278,0.1588999927043914,0.2213999927043914,0.2465000003576278,0.2373999953269958,0.2745999991893768,0.2820999920368194,0.3190999925136566,0.2337999939918518,0.4528763592243194,0.1980822682380676,0.2748272941043183,0.2685050710041325,1.3441449403762815,17,2,333,183,0.240995364718967,302.6271387312148,301.6053637610541,0.0010943102147923,1449.4166666666667,899.5833333333334,549.75,346,324,330
Survepalle-IV @ N.G.Palem,14.285,80.025,28_515_shc_2024-25.21993,125.0,84.0,200.2,0.33,0.0507499985396862,0.0567499995231628,0.0854500010609626,0.0650499984622001,0.1412999927997589,0.273499995470047,0.3692499995231628,0.38960000872612,0.4047499895095825,0.3882499933242798,0.184249997138977,0.0930500030517578,0.7138458490371704,0.4676963984966278,0.5991213186517821,0.5099513033364966,0.4729209244251251,5,1,46,177,0.240995364718967,302.6271387312148,301.6053637610541,0.0010943102147923,1438.0833333333333,899.3333333333334,538.6666666666666,332,342,326
Muthukur,14.285,80.085,28_515_shc_2025-26.8780,163.0,52.4,135.6,0.74,0.062899999320507,0.0891000032424926,0.1194000020623207,0.1586000025272369,0.1930000036954879,0.2276999950408935,0.2804999947547912,0.2865999937057495,0.3003999888896942,0.2896000146865845,0.2838000059127807,0.1973000019788742,0.2875111997127533,0.1951626092195511,0.2038281353516539,0.2031315991673384,0.9902303218841552,3,3,314,186,0.1299889034695095,302.8011296166314,301.92652804056803,0.0011784005769918,1463.75,905.1666666666666,558.5833333333334,326,363,310
Muthukur,14.286568,80.097605,28_515_shc_2024-25.16580,88.0,35.0,109.0,1.03,0.0672999992966651,0.0785999968647956,0.099600002169609,0.1084000021219253,0.1247999966144561,0.2014999985694885,0.2275000065565109,0.2391999959945678,0.2488999962806701,0.2392999976873397,0.2457000017166137,0.1741999983787536,0.3762945830821991,0.3142857253551483,0.2515190958946176,0.2314771015159892,1.0271739959716797,5,3,35,174,0.1299889034695095,302.8011296166314,301.92652804056803,0.0011784005769918,1463.75,905.1666666666666,558.5833333333334,324,359,317
Narikellapalle,14.288,80.078,28_515_shc_2024-25.13475,200.0,43.0,264.0,0.48,0.0753000006079673,0.1000000014901161,0.1366000026464462,0.1747999936342239,0.2213000059127807,0.2815000116825104,0.3131000101566314,0.3319999873638153,0.3522000014781952,0.3503000140190124,0.3794000148773193,0.2937000095844269,0.3101815283298492,0.2000722587108612,0.2409860186820757,0.2342073848279565,1.1427711248397827,7,3,314,186,0.1299889034695095,302.8011296166314,301.92652804056803,0.0011784005769918,1447.4166666666667,900.1666666666666,547.3333333333334,342,339,318
Muthukur,14.288,80.088,28_515_shc_2024-25.16418,38.0,8.0,258.0,0.05,0.0407500006258487,0.0382499992847442,0.050450000911951,0.0372000001370906,0.045899998396635,0.0318000018596649,0.0346999987959861,0.0322000011801719,0.0268500000238418,0.1307000070810318,0.0302499998360872,0.0218499992042779,-0.0720460936427116,-0.1754160970449447,-0.0129062205902944,-0.0131717569687871,0.9394409656524658,6,1,90,177,0.1299889034695095,302.8011296166314,301.92652804056803,0.0011784005769918,1463.75,905.1666666666666,558.5833333333334,331,369,301
Muthukur,14.289284,80.095578,28_515_shc_2024-25.13746,163.0,6.0,374.0,0.67,0.0794999971985817,0.0807999968528747,0.093699999153614,0.1080000028014183,0.1420000046491623,0.1706999987363815,0.18469999730587,0.1536000072956085,0.2020999938249588,0.2010000050067901,0.261599987745285,0.2448000013828277,0.1743119359016418,0.0392422266304492,0.0953496208485931,0.0898109320305435,1.7031248807907104,12,2,180,180,0.1299889034695095,302.8011296166314,301.92652804056803,0.0011784005769918,1463.75,905.1666666666666,558.5833333333334,323,361,316
Narikellapalle,14.289395,80.060751,28_515_shc_2024-25.13367,125.0,17.0,470.0,0.1,0.0542999990284442,0.0758000016212463,0.1007499992847442,0.1202000007033348,0.1660500019788742,0.2252500057220459,0.2619499862194061,0.2669000029563904,0.2811999917030334,0.3106000125408172,0.230100005865097,0.1609500050544738,0.3789718449115753,0.232936829328537,0.2583474266835522,0.2480554644028503,0.8621206283569336,7,2,64,174,0.1299889034695095,302.8011296166314,301.92652804056803,0.0011784005769918,1447.4166666666667,900.1666666666666,547.3333333333334,313,356,331
Kuricherlapadu,14.292,79.828,28_515_shc_2024-25.21580,138.0,68.0,96.9,0.34,0.0475500002503395,0.0534499995410442,0.0850000008940696,0.0640000030398368,0.1292500048875808,0.2671000063419342,0.3393999934196472,0.3477999866008758,0.3767000138759613,0.3756000101566314,0.1699499934911728,0.0813499987125396,0.6891694664955139,0.4581280350685119,0.5330878558051948,0.4668786797303014,0.4886429011821747,18,1,180,180,0.28733155992296,302.91896273295083,302.1503181881375,0.0010541067434864,1444.3333333333333,894.0,550.25,347,353,300
Kuricherlapadu,14.292,79.832,28_515_shc_2024-25.22195,201.0,49.0,96.9,0.68,0.0540000014007091,0.0593999996781349,0.0838000029325485,0.0701000019907951,0.131400004029274,0.252700001001358,0.3235000073909759,0.3199999928474426,0.3468999862670898,0.3592000007629394,0.1750999987125396,0.093199998140335,0.6406049728393555,0.417811244726181,0.482395161505198,0.4211324440610681,0.5471875071525574,18,1,90,177,0.28733155992296,302.91896273295083,302.1503181881375,0.0010541067434864,1444.3333333333333,894.0,550.25,325,365,310
Kuricherlapadu,14.292,79.842,28_515_shc_2024-25.22024,251.0,58.0,116.2,0.08,0.0483999997377395,0.0524999983608722,0.0759999975562095,0.0821999981999397,0.1273999959230423,0.1871999949216842,0.2075999975204467,0.2134000062942505,0.2257999926805496,0.2784000039100647,0.2365999966859817,0.1692000031471252,0.4438430368900299,0.2523474395275116,0.249838152332864,0.2473604965180757,1.1087160110473633,24,3,314,186,0.28733155992296,302.91896273295083,302.1503181881375,0.0010541067434864,1445.3333333333333,896.4166666666666,548.9166666666666,329,358,313
Survepalle Bit 閳 II,14.292,79.978,28_515_shc_2024-25.22705,163.0,37.0,129.1,0.27,0.0535000003874301,0.0443499982357025,0.067900002002716,0.0509999990463256,0.1111999973654747,0.2520500123500824,0.2847999930381775,0.3012999892234802,0.3106499910354614,0.2915999889373779,0.227400004863739,0.1293999999761581,0.7104740142822266,0.4608484804630279,0.4909094294987826,0.4405138923302185,0.7547295689582825,19,0,0,180,0.240995364718967,302.6271387312148,301.6053637610541,0.0010943102147923,1428.0833333333333,895.0833333333334,533.0,352,319,330
Muthukur,14.292,80.098,28_515_shc_2024-25.16603,188.0,43.0,187.0,1.22,0.0781999975442886,0.0952000021934509,0.1262000054121017,0.1609999984502792,0.211899995803833,0.2666000127792358,0.3098999857902527,0.315200001001358,0.3411999940872192,0.3228999972343445,0.3030999898910522,0.221900001168251,0.3238135278224945,0.1959780007600784,0.2459800998374012,0.2369391558661614,0.9616116285324096,4,3,341,183,0.1299889034695095,302.8011296166314,301.92652804056803,0.0011784005769918,1450.9166666666667,902.8333333333334,548.0833333333334,313,361,326
Kuricherlapadu,14.295,79.835,28_515_shc_2024-25.22135,88.0,17.0,200.2,0.54,0.0720999985933303,0.096900001168251,0.1316000074148178,0.1394000053405761,0.1853999942541122,0.2664999961853027,0.3019999861717224,0.3136000037193298,0.3345000147819519,0.3303000032901764,0.3212999999523163,0.2175000011920929,0.3845474421977997,0.2569138407707214,0.3059898033970721,0.2741867734354922,1.0245535373687744,28,2,90,174,0.28733155992296,302.91896273295083,302.1503181881375,0.0010541067434864,1445.3333333333333,896.4166666666666,548.9166666666666,320,374,306
Narikellapalle,14.295,80.055,28_515_shc_2024-25.16287,151.0,134.0,419.0,0.31,0.047699999064207,0.0585500001907348,0.0858500003814697,0.0663999989628791,0.1333999931812286,0.2715499997138977,0.3424499928951263,0.3490000069141388,0.369049996137619,0.3610000014305115,0.1794999986886978,0.0907500013709068,0.6803081631660461,0.4469320476055145,0.540024093005889,0.4630762608754445,0.5143266320228577,7,2,207,183,0.1299889034695095,302.8011296166314,301.92652804056803,0.0011784005769918,1437.6666666666667,900.4166666666666,537.1666666666666,318,351,331
Muthukur,14.295,80.105,28_515_shc_2024-25.3106,100.0,1.0,122.0,1.38,0.0763999968767166,0.1015999987721443,0.1358000040054321,0.1565999984741211,0.2002999931573867,0.2522000074386596,0.2885999977588653,0.2854000031948089,0.3158000111579895,0.3079999983310699,0.3409999907016754,0.268200010061264,0.2914027273654938,0.1752110570669174,0.2200957013579966,0.2050955485549274,1.1948142051696775,3,1,46,177,0.1299889034695095,302.8011296166314,301.92652804056803,0.0011784005769918,1450.9166666666667,902.8333333333334,548.0833333333334,331,341,328
Kuricherlapadu,14.298,79.828,28_515_shc_2024-25.22216,226.0,85.0,90.4,0.15,0.0483999997377395,0.0614000000059604,0.0913000032305717,0.091899998486042,0.1605499982833862,0.2874999940395355,0.3416000008583069,0.362199991941452,0.3808499872684479,0.3745999932289123,0.2144999951124191,0.1288000047206878,0.5952433347702026,0.3857484459877014,0.465040252997847,0.4249554493774274,0.5922142267227173,21,1,0,180,0.28733155992296,302.91896273295083,302.1503181881375,0.0010541067434864,1444.3333333333333,894.0,550.25,345,351,304
Mollur,14.302,80.078,28_515_shc_2024-25.20079,113.0,45.0,245.0,0.46,0.0669500008225441,0.0700500011444091,0.099200002849102,0.0861999988555908,0.1653999984264373,0.2639000117778778,0.3314000070095062,0.3336000144481659,0.3461999893188476,0.3418999910354614,0.199750006198883,0.1180000007152557,0.5893282890319824,0.3370741605758667,0.4666428047220433,0.4034572929129865,0.5987709760665894,9,1,180,180,0.1299889034695095,302.8011296166314,301.92652804056803,0.0011784005769918,1437.6666666666667,900.4166666666666,537.1666666666666,327,344,329
Mollur,14.305,80.085,28_515_shc_2024-25.16509,238.0,52.4,83.9,0.72,0.0693999975919723,0.0719999969005584,0.1099999994039535,0.0956000015139579,0.1747000068426132,0.2816999852657318,0.3474000096321106,0.3628000020980835,0.3774999976158142,0.3476999998092651,0.2646999955177307,0.1730999946594238,0.5828970074653625,0.3499534726142883,0.4783729482892157,0.4181969943297614,0.7296030521392822,4,1,134,177,0.1299889034695095,302.8011296166314,301.92652804056803,0.0011784005769918,1450.9166666666667,902.8333333333334,548.0833333333334,312,366,322
Kanupur Bit-II @ Chowtapalem,14.308,79.888,28_515_shc_2024-25.21849,163.0,63.0,103.3,0.46,0.066600002348423,0.0781999975442886,0.1044000014662742,0.1103999987244606,0.1611000001430511,0.3025000095367431,0.349700003862381,0.3664000034332275,0.4009999930858612,0.3792999982833862,0.230100005865097,0.1413999944925308,0.536912739276886,0.3891943097114563,0.4437357037175586,0.393120399482923,0.6280021667480469,15,2,0,180,0.2405055999755859,302.98058382670087,302.1422181447347,0.0010850711740632,1446.8333333333333,897.8333333333334,549.1666666666666,316,343,341
Kanupur Bit-II @ Chowtapalem,14.308,79.888,28_515_shc_2024-25.21857,88.0,36.0,19.4,0.54,0.066600002348423,0.0781999975442886,0.1044000014662742,0.1103999987244606,0.1611000001430511,0.3025000095367431,0.349700003862381,0.3664000034332275,0.4009999930858612,0.3792999982833862,0.230100005865097,0.1413999944925308,0.536912739276886,0.3891943097114563,0.4437357037175586,0.393120399482923,0.6280021667480469,15,2,0,180,0.2405055999755859,302.98058382670087,302.1422181447347,0.0010850711740632,1446.8333333333333,897.8333333333334,549.1666666666666,316,343,341
Valluru,14.308,80.062,28_515_shc_2024-25.16563,138.0,11.0,116.0,1.62,0.06700000166893,0.065600000321865,0.0855000019073486,0.0820000022649765,0.1429000049829483,0.2414000034332275,0.2741999924182892,0.2669999897480011,0.2942000031471252,0.2852999866008758,0.2619999945163727,0.1917999982833862,0.5300859212875366,0.3027567267417907,0.3650354920049845,0.3268551046350246,0.9812734127044678,10,3,226,186,0.1299889034695095,302.8011296166314,301.92652804056803,0.0011784005769918,1437.6666666666667,900.4166666666666,537.1666666666666,315,344,341
Degapudi,14.312,79.708,28_515_shc_2024-25.9405,238.0,40.4,90.4,0.51,0.0603000000119209,0.0791999995708465,0.1040000021457672,0.12219999730587,0.1643999963998794,0.2261999994516372,0.249099999666214,0.2563999891281128,0.2786999940872192,0.2786000072956085,0.2696000039577484,0.1988999992609024,0.3544638156890869,0.218631163239479,0.2403983844091569,0.2291144899175224,1.051482081413269,37,3,226,186,0.2541084713406033,302.9942177242703,302.23932643466526,0.0009948510504044,1442.0,892.4166666666666,549.75,325,282,393
Mollur,14.312,80.078,28_515_shc_2024-25.9911,75.0,129.0,122.0,0.87,0.0841500014066696,0.0825000032782554,0.1102000027894973,0.1257999986410141,0.158050000667572,0.221000000834465,0.2427500039339065,0.248099997639656,0.2644999921321869,0.275050014257431,0.2976000010967254,0.2377499938011169,0.3270927965641022,0.2217161059379577,0.2208936930608916,0.2099210427723178,1.1995162963867188,11,1,90,177,0.1299889034695095,302.8011296166314,301.92652804056803,0.0011784005769918,1437.6666666666667,900.4166666666666,537.1666666666666,328,339,333
Mollur,14.312,80.082,28_515_shc_2024-25.13218,226.0,22.0,225.0,0.25,0.0479499995708465,0.0599999986588954,0.0945499986410141,0.0750000029802322,0.1436499953269958,0.2720000147819519,0.3409999907016754,0.3734000027179718,0.3660500049591064,0.3236500024795532,0.2042499929666519,0.1117499992251396,0.6654772162437439,0.4443477690219879,0.543177503052136,0.4719527592970542,0.547000527381897,8,1,270,183,0.1299889034695095,302.8011296166314,301.92652804056803,0.0011784005769918,1437.6666666666667,900.4166666666666,537.1666666666666,327,342,331
Survepalle Bit - V,14.313471,80.025349,28_515_shc_2024-25.16494,25.0,17.0,393.0,1.0,0.059749998152256,0.067500002682209,0.1009000018239021,0.1093999966979026,0.1659000068902969,0.264299988746643,0.3136000037193298,0.3075000047683716,0.3493500053882599,0.3819499909877777,0.247649997472763,0.1509499996900558,0.4751739203929901,0.2991127967834472,0.3397592234914908,0.3240811556663883,0.8053658604621887,7,2,116,174,0.240995364718967,302.6271387312148,301.6053637610541,0.0010943102147923,1422.9166666666667,894.25,528.6666666666666,339,332,329
Survepalle Bit - V,14.315922,80.029364,28_515_shc_2024-25.3079,163.0,35.0,580.0,0.94,0.049150001257658,0.0612000003457069,0.1032000035047531,0.0929500013589859,0.1446000039577484,0.2856999933719635,0.375900000333786,0.3799999952316284,0.4034500122070312,0.3950999975204468,0.192900002002716,0.1004500016570091,0.6069352030754089,0.4487228095531463,0.485308030227147,0.4425458577704643,0.5076315999031067,9,3,180,180,0.240995364718967,302.6271387312148,301.6053637610541,0.0010943102147923,1422.9166666666667,894.25,528.6666666666666,334,334,332
Degapudi,14.318,79.718,28_515_shc_2024-25.8563,151.0,164.0,71.0,0.62,0.0450999997556209,0.0494000017642974,0.0758000016212463,0.0546999983489513,0.1141000017523765,0.2594000101089477,0.3263500034809112,0.3420000076293945,0.3579500019550323,0.3235000073909759,0.1727499961853027,0.0864999964833259,0.724224865436554,0.4996711313724518,0.5526275538754173,0.4805955292154549,0.5051169395446777,32,2,27,177,0.2541084713406033,302.9942177242703,302.23932643466526,0.0009948510504044,1441.9166666666667,890.0,552.0,332,262,406
Mamidipudi,14.318,80.098,28_515_shc_2024-25.16461,113.0,26.2,83.9,0.48,0.0776999965310096,0.0910999998450279,0.1312000006437301,0.151199996471405,0.1861999928951263,0.2463999986648559,0.2610000073909759,0.2910000085830688,0.2917999923229217,0.315200001001358,0.2867000102996826,0.2212000042200088,0.3161465525627136,0.2196144461631775,0.2307007049177823,0.22256422950812,0.985223352909088,11,3,46,174,0.1299889034695095,302.8011296166314,301.92652804056803,0.0011784005769918,1450.9166666666667,902.8333333333334,548.0833333333334,317,358,325
Degapudi,14.322,79.718,28_515_shc_2024-25.9262,100.0,31.7,83.9,0.88,0.0464500002562999,0.0570000000298023,0.0817999988794326,0.0728000029921531,0.1306000053882599,0.2519499957561493,0.3143999874591827,0.3235999941825866,0.3465999960899353,0.3434500098228454,0.1823000013828277,0.0988999977707862,0.6326942443847656,0.424922913312912,0.4704028602090557,0.4196787014405977,0.5633498430252075,33,0,0,180,0.2541084713406033,302.9942177242703,302.23932643466526,0.0009948510504044,1441.9166666666667,890.0,552.0,343,259,398
Mamidipudi,14.322,80.092,28_515_shc_2024-25.16496,125.0,45.9,83.9,0.48,0.0513999983668327,0.0641999989748001,0.098700001835823,0.0722000002861023,0.1539999991655349,0.2964000105857849,0.3908999860286712,0.401199996471405,0.4180999994277954,0.4160999953746795,0.2339999973773956,0.1238999962806701,0.6949725151062012,0.4452449679374695,0.6079532758447073,0.506985818699252,0.5832502245903015,6,2,90,174,0.1299889034695095,302.8011296166314,301.92652804056803,0.0011784005769918,1450.9166666666667,902.8333333333334,548.0833333333334,316,383,301
Kasumuru,14.325,79.875,28_515_shc_2024-25.21613,226.0,37.0,122.7,0.78,0.0496999993920326,0.0614000000059604,0.091899998486042,0.093199998140335,0.1436000019311905,0.2418999969959259,0.3174000084400177,0.3431999981403351,0.3438999950885772,0.3596999943256378,0.1843000054359436,0.099600002169609,0.5728689432144165,0.4100246429443359,0.4334558607822703,0.4004698862553178,0.5370047092437744,22,1,90,177,0.2405055999755859,302.98058382670087,302.1422181447347,0.0010850711740632,1446.8333333333333,897.8333333333334,549.1666666666666,328,342,330
Survepalle Bit-I,14.325,79.955,28_515_shc_2024-25.21818,163.0,57.0,213.1,0.41,0.0579999983310699,0.0608000010251998,0.0962999984622001,0.1136000007390976,0.182899996638298,0.2361000031232834,0.2705000042915344,0.2207999974489212,0.2782999873161316,0.2913999855518341,0.3233000040054321,0.2270999997854232,0.3205741643905639,0.0938815996050834,0.1852876056763307,0.192713321445264,1.4642210006713867,17,1,270,183,0.240995364718967,302.6271387312148,301.6053637610541,0.0010943102147923,1440.8333333333333,900.5,540.5833333333334,354,335,312
Kanupuru Bit - I,14.328,79.922,28_515_shc_2024-25.22085,213.0,9.0,32.3,0.96,0.0438000001013278,0.066600002348423,0.0940999984741211,0.1105000004172325,0.1311500072479248,0.1654500067234039,0.1921499967575073,0.1952999979257583,0.2063000053167343,0.0851999968290329,0.1993999928236007,0.1340499967336654,0.2773054242134094,0.1965078562498092,0.156020015051785,0.1578555429689213,1.0209933519363403,18,1,0,180,0.2405055999755859,302.98058382670087,302.1422181447347,0.0010850711740632,1440.8333333333333,900.5,540.5833333333334,352,340,309
Valluru,14.328,80.058,28_515_shc_2025-26.10637,138.0,69.9,309.9,0.82,0.0582000017166137,0.0653500035405159,0.0866499990224838,0.0650499984622001,0.13230000436306,0.270249992609024,0.3258500099182129,0.335999995470047,0.3578999936580658,0.3664999902248382,0.1751500070095062,0.090049996972084,0.6756015419960022,0.4349775612354278,0.5479604543112775,0.4510570981062907,0.5212798118591309,10,2,244,186,0.1299889034695095,302.8011296166314,301.92652804056803,0.0011784005769918,1437.6666666666667,900.4166666666666,537.1666666666666,331,348,321
Mamidipudi,14.328,80.078,28_515_shc_2024-25.13795,113.0,57.9,77.5,0.39,0.0779500007629394,0.1310999989509582,0.1639000028371811,0.1899999976158142,0.1888000071048736,0.2797499895095825,0.3151499927043915,0.3353999853134155,0.3391999900341034,0.305400013923645,0.2891499996185303,0.2125999927520752,0.2767415046691894,0.2796642184257507,0.2436081991689543,0.2126974694532003,0.8621050119400024,9,2,27,177,0.1299889034695095,302.8011296166314,301.92652804056803,0.0011784005769918,1437.6666666666667,900.4166666666666,537.1666666666666,328,353,319
Mamidipudi,14.328,80.082,28_515_shc_2024-25.19374,75.0,65.5,129.1,0.73,0.052700001746416,0.0631999969482421,0.0923999994993209,0.0772000029683113,0.1391000002622604,0.2960000038146972,0.3384000062942505,0.3364000022411346,0.36039999127388,0.3623000085353851,0.2434999942779541,0.1441999971866607,0.6266924738883972,0.4149316549301147,0.4888352272117316,0.4255691732621009,0.7238406538963318,6,2,64,174,0.1299889034695095,302.8011296166314,301.92652804056803,0.0011784005769918,1437.6666666666667,900.4166666666666,537.1666666666666,324,378,298
Vadlapudi,14.332,79.788,28_515_shc_2024-25.9252,163.0,1.0,174.0,0.66,0.0571499988436698,0.0685999989509582,0.0961000025272369,0.1438000053167343,0.1813499927520752,0.2244500070810318,0.2482499927282333,0.257999986410141,0.2771500051021576,0.2768499851226806,0.3680999875068664,0.2898499965667724,0.2842209637165069,0.1744622737169265,0.1777376256494036,0.1899533967749148,1.4267442226409912,41,3,270,189,0.28733155992296,302.91896273295083,302.1503181881375,0.0010541067434864,1443.0833333333333,891.75,551.3333333333334,319,320,361
Mamidipudi,14.332,80.088,28_515_shc_2024-25.16299,151.0,55.7,116.2,0.24,0.066050000488758,0.0756499990820884,0.1164000034332275,0.0974999964237213,0.1641000062227249,0.2865000069141388,0.3334999978542328,0.3418000042438507,0.3704499900341034,0.3790999948978424,0.2069499939680099,0.1285499930381775,0.5561119914054871,0.3512551784515381,0.4492708492127627,0.3901309607896875,0.6054710149765015,6,1,134,177,0.1299889034695095,302.8011296166314,301.92652804056803,0.0011784005769918,1450.9166666666667,902.8333333333334,548.0833333333334,329,375,296
Nelaturu,14.335,80.125,28_515_shc_2025-26.11224,163.0,62.2,83.9,0.2,0.0705000013113021,0.0854000002145767,0.1129999980330467,0.1288000047206878,0.152099996805191,0.2734000086784363,0.3242000043392181,0.3179999887943268,0.350600004196167,0.3407999873161316,0.2061000019311905,0.1200999990105629,0.4234556555747986,0.3529036343097687,0.3261393884892502,0.2997464913966096,0.6481132507324219,4,2,90,174,0.1299889034695095,302.8011296166314,301.92652804056803,0.0011784005769918,1452.1666666666667,903.5,548.8333333333334,310,362,329
Prabagiripatnam,14.338,79.712,28_515_shc_2024-25.9692,238.0,157.2,129.1,0.45,0.064699999988079,0.0894000008702278,0.1121999993920326,0.1306000053882599,0.1815000027418136,0.2736999988555908,0.3109000027179718,0.323199987411499,0.3512000143527984,0.3386000096797943,0.306300014257431,0.2208999991416931,0.4244160056114197,0.2807608246803283,0.3352363368573192,0.3028936624195493,0.9477104544639589,36,1,90,177,0.2541084713406033,302.9942177242703,302.23932643466526,0.0009948510504044,1440.8333333333333,886.8333333333334,554.1666666666666,325,273,403
Biradavolu,14.338,79.772,28_515_shc_2024-25.8580,238.0,54.6,51.7,0.62,0.045899998396635,0.0575000010430812,0.0772000029683113,0.0744000002741813,0.1243000030517578,0.2229000031948089,0.2684000134468078,0.2741999924182892,0.2890999913215637,0.3567000031471252,0.1985000073909759,0.134100005030632,0.5731497406959534,0.376160591840744,0.3874044950485528,0.3531699160935203,0.7239242196083069,39,1,134,177,0.28733155992296,302.91896273295083,302.1503181881375,0.0010541067434864,1435.8333333333333,889.5,546.3333333333334,317,325,359
Kasumuru,14.338,79.872,28_515_shc_2024-25.21862,88.0,25.0,90.4,0.78,0.0522999987006187,0.0584000013768672,0.0853499993681907,0.0746000036597251,0.1218999996781349,0.2177000045776367,0.2608500123023987,0.2829000055789947,0.2827500104904175,0.2939999997615814,0.1863500028848648,0.1056500002741813,0.5826573371887207,0.3977272808551788,0.4029013523124972,0.3643731772741255,0.6587133407592773,28,1,226,183,0.2405055999755859,302.98058382670087,302.1422181447347,0.0010850711740632,1443.5833333333333,896.0833333333334,547.3333333333334,340,342,319
Kanupuru Bit - I,14.338,79.928,28_515_shc_2024-25.21722,176.0,91.0,77.0,0.31,0.0655499994754791,0.0935499966144561,0.1319999992847442,0.1589999943971634,0.1923999935388565,0.2454500049352646,0.2641499936580658,0.2766999900341034,0.2921499907970428,0.2814500033855438,0.3259499967098236,0.2479500025510788,0.270139992237091,0.1797058135271072,0.1924365989850263,0.1886822661034026,1.1779906749725342,21,3,288,189,0.2405055999755859,302.98058382670087,302.1422181447347,0.0010850711740632,1441.25,897.9166666666666,543.25,350,318,332
Kasumuru,14.342,79.858,28_515_shc_2024-25.22180,88.0,10.0,155.0,0.14,0.0649999976158142,0.0615999996662139,0.0895500034093856,0.0810000002384185,0.1579000055789947,0.2726500034332275,0.3257000148296356,0.326200008392334,0.3506999909877777,0.3329499959945678,0.2576000094413757,0.16805000603199,0.6021611094474792,0.3476554453372955,0.4540068247582515,0.4054232900482418,0.7896995544433594,34,1,90,177,0.2405055999755859,302.98058382670087,302.1422181447347,0.0010850711740632,1443.5833333333333,896.0833333333334,547.3333333333334,331,309,360
Kasumuru,14.342,79.862,28_515_shc_2024-25.22465,176.0,39.0,135.6,0.48,0.0617000013589859,0.0769999995827674,0.1009000018239021,0.1124000027775764,0.1796000003814697,0.2477999925613403,0.2797999978065491,0.2808000147342682,0.307200014591217,0.314300000667572,0.268200010061264,0.1897999942302703,0.428280770778656,0.219808891415596,0.3055817807507476,0.2828034180280206,0.9551281929016112,28,3,145,174,0.2405055999755859,302.98058382670087,302.1422181447347,0.0010850711740632,1443.5833333333333,896.0833333333334,547.3333333333334,322,336,341
Survepalle Bit - V,14.342,80.062,28_515_shc_2024-25.3171,113.0,164.0,264.0,0.55,0.050000000745058,0.0619000010192394,0.0865999981760978,0.0724000036716461,0.1427000015974044,0.2802999913692474,0.3476000130176544,0.3635999858379364,0.3770999908447265,0.3752999901771545,0.193800002336502,0.1076999977231025,0.6678898930549622,0.4363025724887848,0.5458293947844224,0.4666666433172685,0.5330033302307129,8,2,153,177,0.1299889034695095,302.8011296166314,301.92652804056803,0.0011784005769918,1436.0833333333333,899.8333333333334,536.0833333333334,340,330,330
Survepalle Bit-I,14.345,79.985,28_515_shc_2024-25.22684,138.0,70.0,122.7,0.42,0.0550500005483627,0.062449999153614,0.098750002682209,0.0808999985456466,0.1572500020265579,0.2813999950885772,0.3576500117778778,0.3693999946117401,0.3938499987125397,0.3824999928474426,0.1967500001192093,0.1123500019311904,0.6406840085983276,0.4028292000293731,0.520222871201498,0.4553825078555683,0.5326204895973206,13,2,270,186,0.240995364718967,302.6271387312148,301.6053637610541,0.0010943102147923,1426.4166666666667,893.9166666666666,532.5,345,321,333
Kasumuru,14.348,79.862,28_515_shc_2024-25.22072,176.0,37.0,77.5,0.14,0.0553999990224838,0.0745000019669532,0.1009000018239021,0.09740000218153,0.1380999982357025,0.182899996638298,0.2035000026226043,0.1581999957561493,0.2084999978542328,0.2775999903678894,0.2171999961137771,0.1606000065803527,0.2378716468811035,0.0678366422653198,0.1283946316635995,0.120698769998476,1.3729456663131714,34,2,244,186,0.2405055999755859,302.98058382670087,302.1422181447347,0.0010850711740632,1443.5833333333333,896.0833333333334,547.3333333333334,347,286,367
Pynampuram,14.348,80.108,28_515_shc_2024-25.13145,100.0,37.1,122.7,0.26,0.0786499977111816,0.0980499982833862,0.124499998986721,0.0965000018477439,0.1700000017881393,0.3095499873161316,0.3582000136375427,0.3747999966144562,0.393200010061264,0.393449991941452,0.2234999984502792,0.1246500015258789,0.5904943943023682,0.3759177625179291,0.5710240475758966,0.4297848170606314,0.5963180661201477,4,3,314,186,0.1299889034695095,302.8011296166314,301.92652804056803,0.0011784005769918,1446.0833333333333,902.0833333333334,544.0,331,344,326
Amudalapadu,14.352,80.068,28_515_shc_2024-25.16532,88.0,80.0,116.0,1.56,0.0601000003516674,0.0821999981999397,0.1099999994039535,0.1041999980807304,0.1702000051736831,0.2727000117301941,0.3300000131130218,0.3416000008583069,0.3628000020980835,0.3420999944210052,0.2764999866485595,0.1826999932527542,0.5325257778167725,0.334896445274353,0.4395319600787155,0.3765066658551746,0.8094261884689331,5,3,303,189,0.1283763885498046,302.85319124857585,301.9538392384847,0.0010447991043822,1436.0833333333333,899.8333333333334,536.0833333333334,349,340,311
Amudalapadu,14.352,80.082,28_515_shc_2024-25.16526,100.0,157.0,167.0,1.74,0.0683000013232231,0.0712499991059303,0.1015999987721443,0.0956000015139579,0.1697500050067901,0.271450012922287,0.334549993276596,0.326200008392334,0.3564999997615814,0.3571000099182129,0.2331999987363815,0.1420000046491623,0.5467045903205872,0.3154551982879638,0.4222128692430235,0.3752440948148041,0.7148988246917725,3,3,161,177,0.1283763885498046,302.85319124857585,301.9538392384847,0.0010447991043822,1436.0833333333333,899.8333333333334,536.0833333333334,347,357,297
Ananthapuram,14.352,80.112,28_515_shc_2024-25.6598,75.0,7.6,167.9,0.48,0.0703999996185302,0.0758000016212463,0.1008000001311302,0.092799998819828,0.1757999956607818,0.277099996805191,0.3267000019550323,0.3328000009059906,0.3605999946594238,0.3675999939441681,0.2527999877929687,0.148399993777275,0.5639097690582275,0.3086905479431152,0.4541669923111654,0.3889369092868227,0.7596153616905212,8,3,314,186,0.1283763885498046,302.85319124857585,301.9538392384847,0.0010447991043822,1446.0833333333333,902.0833333333334,544.0,331,342,327
Pidatapolur,14.355,80.075,28_515_shc_2024-25.19465,88.0,19.0,180.0,0.63,0.0819500014185905,0.0997999981045723,0.1365000009536743,0.1728000044822693,0.2285500019788742,0.2705000042915344,0.2960000038146972,0.2852999866008758,0.3105500042438507,0.3260500133037567,0.3828999996185303,0.3021999895572662,0.2455795407295227,0.1104407608509063,0.1787302683934069,0.1761298139530673,1.3420960903167725,10,1,90,177,0.1283763885498046,302.85319124857585,301.9538392384847,0.0010447991043822,1436.0833333333333,899.8333333333334,536.0833333333334,337,358,305
Eduru - II,14.355,80.125,28_515_shc_2024-25.2379,100.0,38.2,116.2,0.56,0.0594500005245208,0.0577000007033348,0.0832000002264976,0.069750003516674,0.1372999995946884,0.2600499987602234,0.310149997472763,0.3242000043392181,0.3359499871730804,0.3287000060081482,0.2377499938011169,0.1429499983787536,0.6458941102027893,0.4049837589263916,0.4856101318862518,0.4269534066555357,0.7333436012268066,9,2,116,174,0.1283763885498046,302.85319124857585,301.9538392384847,0.0010447991043822,1452.1666666666667,903.5,548.8333333333334,310,351,339
Palicherlapadu,14.358,79.822,28_515_shc_2024-25.22276,238.0,128.0,206.6,0.1,0.0692000016570091,0.0690999999642372,0.0878499969840049,0.0972499996423721,0.1532000005245208,0.2221000045537948,0.252700001001358,0.2621999979019165,0.2784999907016754,0.2156500071287155,0.2942999899387359,0.2309000045061111,0.4588955342769623,0.2623976767063141,0.3106519996112081,0.2878876003214677,1.122425556182861,44,2,0,180,0.2254086388481987,302.9901649898953,302.2150968339708,0.0010213649225811,1434.0,890.9166666666666,543.0833333333334,333,290,377
Ananthapuram,14.358,80.108,28_515_shc_2024-25.14996,238.0,18.6,103.3,0.35,0.0742999985814094,0.0750000029802322,0.123999997973442,0.1045999974012374,0.1798000037670135,0.3039999902248382,0.3826999962329864,0.3899999856948852,0.4108000099658966,0.3968999981880188,0.2456000000238418,0.1600999981164932,0.5770319700241089,0.3689013421535492,0.490344303727806,0.430424280832808,0.6297436356544495,8,5,46,168,0.1283763885498046,302.85319124857585,301.9538392384847,0.0010447991043822,1446.0833333333333,902.0833333333334,544.0,311,366,323
Penubarthi Gopasamudram,14.362,79.502,28_515_shc_2024-25.4478,125.0,1.0,193.0,0.87,0.0403500013053417,0.0489999987185001,0.0750000029802322,0.1025499999523162,0.1408499926328659,0.1922499984502792,0.2134499996900558,0.2195000052452087,0.2290499955415725,0.2268999963998794,0.275299996137619,0.2136500030755996,0.3631423711776733,0.2182600647211074,0.199260553621573,0.2133994365673496,1.25421404838562,88,4,166,177,0.2077146742078993,302.9719520992703,302.2478930579292,0.0008856403145449,1440.25,893.0,547.3333333333334,318,257,425
Vavintaparthi,14.362,79.652,28_515_shc_2024-25.4830,163.0,48.0,309.9,0.69,0.0768999978899955,0.0928499996662139,0.1218999996781349,0.1307000070810318,0.1744499951601028,0.2505500018596649,0.2838000059127807,0.3113999962806701,0.3149000108242035,0.2951500117778778,0.3129999935626983,0.2412000000476837,0.4087310433387756,0.2818771302700043,0.3228572671834007,0.2877082929967817,1.0051380395889282,49,2,27,177,0.2218740675184461,302.9909733666314,302.1984952714708,0.0009633941946578,1421.1666666666667,884.8333333333334,536.3333333333334,300,303,397
Kandalapadu,14.362,79.888,28_515_shc_2024-25.22544,176.0,105.0,45.2,0.77,0.0653999969363212,0.0803000032901763,0.1176000013947486,0.1231999993324279,0.1877000033855438,0.3082999885082245,0.3842000067234039,0.4000000059604645,0.4189999997615814,0.3718000054359436,0.2531000077724457,0.1468999981880188,0.5290520191192627,0.3612387180328369,0.4502423805590156,0.4057857777504635,0.6327500343322754,26,2,244,186,0.229063966539171,303.0120399898953,302.1827509138319,0.0010543927811062,1443.9166666666667,897.0,546.8333333333334,344,326,330
Ananthapuram,14.362,80.112,28_515_shc_2024-25.231,75.0,18.6,90.4,0.17,0.0681999996304512,0.0763500034809112,0.1086999997496604,0.1049000024795532,0.1590500026941299,0.2660000026226043,0.3235499858856201,0.350600004196167,0.349150002002716,0.349150002002716,0.2084500044584274,0.1237000003457069,0.5394072532653809,0.3758461773395538,0.436450844559016,0.3857142857142857,0.594552218914032,9,3,226,186,0.1283763885498046,302.85319124857585,301.9538392384847,0.0010447991043822,1446.0833333333333,902.0833333333334,544.0,333,350,318
Brahmadevam,14.368,80.042,28_515_shc_2024-25.20355,125.0,54.0,258.0,0.52,0.0608999989926815,0.0630000010132789,0.09740000218153,0.0855000019073486,0.1710000038146972,0.2940999865531921,0.4032999873161316,0.3828000128269195,0.4320999979972839,0.3995000123977661,0.2764999866485595,0.1562000066041946,0.6348494291305542,0.3824485540390014,0.5222019381669921,0.4605494264107173,0.7223092317581177,11,1,46,177,0.1926407708062066,302.83057840135365,302.05376870897084,0.0010396246328253,1436.0833333333333,899.8333333333334,536.0833333333334,344,330,327
Ananthapuram,14.368,80.118,28_515_shc_2024-25.14844,100.0,38.2,148.5,0.14,0.0855000019073486,0.0718000009655952,0.1002999991178512,0.0985499992966651,0.1639499962329864,0.2293000072240829,0.2668499946594238,0.3003000020980835,0.282150000333786,0.3292999863624573,0.2305999994277954,0.1562000066041946,0.5058292746543884,0.2936995327472687,0.3727551625851629,0.3366802066335241,0.7678987383842468,8,3,314,186,0.1283763885498046,302.85319124857585,301.9538392384847,0.0010447991043822,1446.0833333333333,902.0833333333334,544.0,325,347,328
Kumkumpudi,14.372,79.912,28_515_shc_2024-25.22191,163.0,52.0,116.2,0.23,0.065200001001358,0.0760999992489814,0.0998999997973442,0.1009000018239021,0.1568499952554702,0.2523500025272369,0.2965500056743622,0.2806999981403351,0.3280499875545501,0.3104000091552734,0.2392999976873397,0.1482499986886978,0.4711740016937256,0.2830533683300018,0.3417341283779912,0.3059210463765767,0.8525115847587585,25,1,180,180,0.229063966539171,303.0120399898953,302.1827509138319,0.0010543927811062,1443.9166666666667,897.0,546.8333333333334,331,342,327
Kanuparthipadu,14.372,79.948,28_515_shc_2024-25.11096,176.0,42.6,193.7,0.51,0.0571999996900558,0.0800499990582466,0.1108999997377395,0.1096000000834465,0.1792500019073486,0.2922500073909759,0.3291999995708465,0.321399986743927,0.3650499880313873,0.3849999904632568,0.2785499989986419,0.1670500040054321,0.4914152920246124,0.2839308679103851,0.3840783163205865,0.3412459554090508,0.8666770458221436,17,2,27,177,0.229063966539171,303.0120399898953,302.1827509138319,0.0010543927811062,1441.25,897.9166666666666,543.25,350,330,320
Epuru Bit - II (G V R Palem),14.372,79.972,28_515_shc_2024-25.22399,100.0,35.0,122.7,0.54,0.0606000013649463,0.0712499991059303,0.0952000021934509,0.1106999963521957,0.16355000436306,0.2268999963998794,0.2601999938488006,0.2458000034093856,0.2895500063896179,0.2869499921798706,0.2896499931812286,0.1918999999761581,0.3789621591567993,0.2009283006191253,0.2455247763985622,0.2366024642640926,1.1783970594406128,12,3,134,174,0.1926407708062066,302.83057840135365,302.05376870897084,0.0010396246328253,1426.4166666666667,893.9166666666666,532.5,356,313,332
Kakupalle-I,14.375,80.005,28_515_shc_2024-25.19840,100.0,18.6,174.3,0.34,0.0564000010490417,0.0627999976277351,0.0982000008225441,0.0826999992132186,0.1438000053167343,0.2389000058174133,0.3088999986648559,0.319599986076355,0.3246000111103058,0.3111999928951263,0.1720000058412552,0.0940999984741211,0.5888640284538269,0.379369854927063,0.4404000353459355,0.3938268714264276,0.5381727814674377,13,2,244,186,0.1926407708062066,302.83057840135365,302.05376870897084,0.0010396246328253,1423.0,894.1666666666666,528.5833333333334,344,323,333
Mogallur,14.378,79.668,28_515_shc_2024-25.2666,88.0,164.0,71.0,0.1,0.0410000011324882,0.0414999984204769,0.0715999975800514,0.0566999986767768,0.1185000017285347,0.2558999955654144,0.3019999861717224,0.3131999969482422,0.325300008058548,0.3107999861240387,0.2217999994754791,0.1317999958992004,0.6934306621551514,0.4510076344013214,0.4777781881831441,0.4422922167401057,0.7081736922264099,56,1,226,183,0.2218740675184461,302.9909733666314,302.1984952714708,0.0009633941946578,1434.0833333333333,885.9166666666666,548.1666666666666,319,290,392
Kanuparthipadu,14.378,79.982,28_515_shc_2024-25.11113,226.0,25.1,187.3,0.15,0.0562000013887882,0.0759999975562095,0.1049999967217445,0.1027000024914741,0.1659500002861023,0.2800000011920929,0.3258500099182129,0.3431999981403351,0.345550000667572,0.3811999857425689,0.2556000053882599,0.1539500057697296,0.5393586158752441,0.3481292426586151,0.4327407337890265,0.3813828028674598,0.7447552680969238,10,2,153,177,0.1926407708062066,302.83057840135365,302.05376870897084,0.0010396246328253,1435.8333333333333,894.75,540.9166666666666,361,322,317
Kakupalle-I,14.378,80.008,28_515_shc_2024-25.19890,188.0,38.2,45.2,0.52,0.05180000141263,0.0681999996304512,0.1048000007867813,0.0729999989271164,0.1624999940395355,0.302700012922287,0.417600005865097,0.4167999923229217,0.438400000333786,0.4031000137329101,0.186499997973442,0.1013000011444091,0.7019191384315491,0.4389780759811401,0.6398421728185009,0.5210143409300502,0.447456806898117,9,1,180,180,0.1926407708062066,302.83057840135365,302.05376870897084,0.0010396246328253,1435.4166666666667,895.0,540.25,345,326,329
Kakupalle-I,14.378,80.012,28_515_shc_2024-25.8004,213.0,17.5,71.0,0.71,0.0529999993741512,0.0659999996423721,0.1089999973773956,0.1001999974250793,0.1673000007867813,0.2793999910354614,0.3257000148296356,0.3364000022411346,0.3700999915599823,0.369700014591217,0.2123000025749206,0.1146000027656555,0.540998637676239,0.3357157111167907,0.4093303870434103,0.3782831596736585,0.6310939192771912,10,1,134,177,0.1926407708062066,302.83057840135365,302.05376870897084,0.0010396246328253,1435.4166666666667,895.0,540.25,345,318,336
Eduru - I,14.382,80.118,28_515_shc_2024-25.2232,113.0,17.5,51.7,0.36,0.0797000005841255,0.1110000014305114,0.1410000026226043,0.1718000024557113,0.1861000061035156,0.2599000036716461,0.2969000041484833,0.3095999956130981,0.3265999853610992,0.3285000026226043,0.3596000075340271,0.2746999859809875,0.2862484157085418,0.2491426020860672,0.2284634146698181,0.2106174751811928,1.161498785018921,9,2,64,174,0.1283763885498046,302.85319124857585,301.9538392384847,0.0010447991043822,1442.4166666666667,902.0833333333334,540.5833333333334,320,336,344
Eduru - II,14.382,80.122,28_515_shc_2024-25.15555,138.0,89.5,77.5,0.14,0.0878999978303909,0.1094999983906745,0.1422999948263168,0.1703999936580658,0.2142000049352646,0.2827500104904175,0.3125,0.3179999887943268,0.3450500071048736,0.3371500074863434,0.380400002002716,0.2933000028133392,0.3022113144397735,0.1950394362211227,0.2428989875084219,0.2239983778177125,1.1962264776229858,7,1,134,177,0.1283763885498046,302.85319124857585,301.9538392384847,0.0010447991043822,1442.4166666666667,902.0833333333334,540.5833333333334,302,355,344
Donthali,14.385,79.885,28_515_shc_2024-25.8251,100.0,52.4,58.1,0.83,0.0628499984741211,0.0713500007987022,0.101000003516674,0.1027999967336654,0.1719000041484832,0.289900004863739,0.3467999994754791,0.3531999886035919,0.3776000142097473,0.3315333425998688,0.2755999863147735,0.1835000067949295,0.5491228103637695,0.3452675342559814,0.4362749339212864,0.3928870225582541,0.7802944183349609,32,1,314,183,0.229063966539171,303.0120399898953,302.1827509138319,0.0010543927811062,1437.3333333333333,896.5,540.75,338,319,343
Varigonda,14.385,80.055,28_515_shc_2024-25.6088,100.0,18.6,109.8,0.4,0.0521499998867511,0.050500001758337,0.0850000008940696,0.0588999986648559,0.1181500032544136,0.2930499911308288,0.3746500015258789,0.378600001335144,0.4177500009536743,0.3822000026702881,0.2005999982357025,0.1052500009536743,0.730742871761322,0.5243079662322998,0.5906151992664004,0.511520004272461,0.5298467874526978,13,1,0,180,0.1283763885498046,302.85319124857585,301.9538392384847,0.0010447991043822,1434.9166666666667,897.75,537.0833333333334,339,328,333
T.P.Gudur Bit-II,14.385525,80.038929,28_515_shc_2024-25.15379,138.0,62.2,32.3,0.61,0.0619000010192394,0.0636999979615211,0.098700001835823,0.0903000012040138,0.1561000049114227,0.3064999878406524,0.3840000033378601,0.393200010061264,0.4142999947071075,0.4000999927520752,0.2205000072717666,0.1270000040531158,0.626473605632782,0.4316402673721313,0.5196431670724316,0.4619725552431378,0.560783326625824,17,3,303,189,0.1926407708062066,302.83057840135365,302.05376870897084,0.0010396246328253,1435.4166666666667,895.0,540.25,336,327,337
Podalakur,14.388,79.718,28_515_shc_2024-25.4462,125.0,22.9,32.3,0.07,0.0449727289378643,0.0441000014543533,0.0718857124447822,0.0599166676402092,0.1228900030255317,0.2640285789966583,0.3032166659832001,0.3055999875068664,0.3338750004768371,0.3167999982833862,0.2393333315849304,0.1339333355426788,0.6721535325050354,0.4264043271541595,0.4603052480603936,0.4257861216285469,0.7831588387489319,61,2,180,180,0.2218740675184461,302.9909733666314,302.1984952714708,0.0009633941946578,1433.6666666666667,884.6666666666666,549.0,295,313,392
Varigonda,14.389337,80.038625,28_515_shc_2024-25.578,151.0,167.0,58.1,0.14,0.0538499988615512,0.0783500000834465,0.1187999993562698,0.1130999997258186,0.1917500048875808,0.3010500073432922,0.3961000144481659,0.3957999944686889,0.4251500070095062,0.4075500071048736,0.2500500082969665,0.1602499932050705,0.5555118918418884,0.3472895622253418,0.4753577310393534,0.4203092422979558,0.6317585110664368,11,5,259,195,0.1926407708062066,302.83057840135365,302.05376870897084,0.0010396246328253,1435.4166666666667,895.0,540.25,342,328,330
T.P.Gudur Bit-II,14.390169,80.036942,28_515_shc_2024-25.15518,75.0,157.2,25.3,0.5,0.0818499997258186,0.1243999972939491,0.1519999951124191,0.163000002503395,0.1992000043392181,0.2612499892711639,0.291049987077713,0.3039000034332275,0.3157500028610229,0.3301500082015991,0.3257499933242798,0.2750000059604645,0.3017776906490326,0.2081097215414047,0.2611386998337334,0.2185851691975292,1.0718985795974731,12,1,134,177,0.1926407708062066,302.83057840135365,302.05376870897084,0.0010396246328253,1435.4166666666667,895.0,540.25,342,328,330
Varigonda,14.391189,80.035932,28_515_shc_2024-25.14899,163.0,1.1,90.4,0.41,0.0857499986886978,0.156700000166893,0.1844999939203262,0.2150000035762787,0.2176499962806701,0.2486000061035156,0.2724500000476837,0.2969000041484833,0.2975000143051147,0.303849995136261,0.3567000031471252,0.2994000017642975,0.1599921882152557,0.1540180891752243,0.145043033257583,0.1214052771227196,1.2014145851135254,14,0,0,180,0.1926407708062066,302.83057840135365,302.05376870897084,0.0010396246328253,1435.4166666666667,895.0,540.25,342,328,330
Tegacherla,14.392,79.418,28_515_shc_2023-24.7046,138.0,17.5,155.0,0.27,0.0706000030040741,0.0659999996423721,0.1008000001311302,0.1080000028014183,0.176499992609024,0.2529999911785126,0.2820999920368194,0.2843999862670898,0.3043000102043152,0.2834999859333038,0.3079999983310699,0.2425999939441681,0.4495412409305572,0.2341071814298629,0.3068039215929181,0.2965037857908292,1.0829817056655884,121,3,19,177,0.2078269958496093,302.7765202416314,302.04318928188746,0.0008518875436315,1429.1666666666667,863.8333333333334,565.3333333333334,351,252,397
Rapur,14.392,79.422,28_515_shc_2024-25.5268,151.0,8.0,238.0,0.7,0.0410000011324882,0.047699999064207,0.0777999982237815,0.0732000023126602,0.1213999986648559,0.2343000024557113,0.2714000046253204,0.2888000011444092,0.3005000054836273,0.2829999923706054,0.2399999946355819,0.1536999940872192,0.5955801010131836,0.4080936312675476,0.3933588676593381,0.3751740103835508,0.8310248851776123,125,0,0,180,0.2078269958496093,302.7765202416314,302.04318928188746,0.0008518875436315,1429.1666666666667,863.8333333333334,565.3333333333334,354,251,395
Mogallur,14.392,79.668,28_515_shc_2024-25.9576,163.0,93.9,32.3,0.1,0.0467659085988998,0.052766665816307,0.0846333354711532,0.0759499967098236,0.1389999985694885,0.2325499951839447,0.2599555552005768,0.2743000090122223,0.2902800142765045,0.3019333481788635,0.2576964199542999,0.1824250072240829,0.5663098096847534,0.3273651301860809,0.3716507643793149,0.3499265115569567,0.9394692182540894,66,2,296,186,0.2218740675184461,302.9909733666314,302.1984952714708,0.0009633941946578,1434.0833333333333,885.9166666666666,548.1666666666666,305,295,400
Podalakur,14.392,79.718,28_515_shc_2024-25.4629,125.0,57.9,90.4,0.11,0.0438666678965091,0.0434500016272068,0.067050002515316,0.0549999997019767,0.1155600026249885,0.2281333357095718,0.2630000114440918,0.2906000018119812,0.2901000082492828,0.3018333315849304,0.2107333391904831,0.1279000043869018,0.6817129850387573,0.4309631586074829,0.4549228684207587,0.4179281013863305,0.7251663208007812,67,3,134,174,0.2218740675184461,302.9909733666314,302.1984952714708,0.0009633941946578,1433.6666666666667,884.6666666666666,549.0,292,302,405
Donthali,14.392,79.898,28_515_shc_2024-25.18664,100.0,34.9,122.7,0.86,0.0507999993860721,0.0685999989509582,0.0910999998450279,0.0842000022530555,0.1418000012636184,0.261599987745285,0.3149000108242035,0.3328000009059906,0.351500004529953,0.3580999970436096,0.2013999968767166,0.1128000020980835,0.5961630344390869,0.4024441540241241,0.4695882026174635,0.4066521228950597,0.6051682829856873,37,4,166,177,0.229063966539171,303.0120399898953,302.1827509138319,0.0010543927811062,1437.3333333333333,896.5,540.75,329,320,351
Varigonda,14.393897,80.039378,28_515_shc_2024-25.17104,113.0,30.6,135.6,0.54,0.0592000000178813,0.0755999982357025,0.1228000000119209,0.1048000007867813,0.1729999929666519,0.3034000098705292,0.3781000077724457,0.3856000006198883,0.402999997138977,0.3910999894142151,0.2680999934673309,0.1843000054359436,0.5725938081741333,0.3805943727493286,0.4850075933223814,0.4252827131981302,0.6952800750732422,12,1,46,177,0.1926407708062066,302.83057840135365,302.05376870897084,0.0010396246328253,1435.4166666666667,895.0,540.25,332,342,326
Varigonda,14.394,80.0441,28_515_shc_2024-25.14428,213.0,1.1,64.6,0.44,0.0613499991595745,0.068400003015995,0.1111000031232833,0.095499999821186,0.1863500028848648,0.3308500051498413,0.4052999913692474,0.4208000004291534,0.4454500079154968,0.4331499934196472,0.2468499988317489,0.1509999930858612,0.6300600171089172,0.3861483931541443,0.5491963899893669,0.480123979919076,0.5866207480430603,12,3,314,186,0.1926407708062066,302.83057840135365,302.05376870897084,0.0010396246328253,1434.9166666666667,897.75,537.0833333333334,331,345,324
Varigonda,14.394638,80.047701,28_515_shc_2024-25.3230,201.0,38.2,45.2,0.61,0.0542000010609626,0.0711999982595443,0.1089999973773956,0.0945999994874,0.1448999941349029,0.3113000094890594,0.4074000120162964,0.4108000099658966,0.4302999973297119,0.4375,0.2576999962329864,0.150299996137619,0.6256430745124817,0.4784956276416778,0.5472860809203297,0.4717525475016193,0.6273125410079956,8,1,180,180,0.1926407708062066,302.83057840135365,302.05376870897084,0.0010396246328253,1434.9166666666667,897.75,537.0833333333334,333,341,326
Varigonda,14.395886,80.044014,28_515_shc_2024-25.240,151.0,25.1,90.4,0.6,0.0671000033617019,0.0874999985098838,0.1273999959230423,0.1272000074386596,0.2003999948501587,0.2888999879360199,0.3619000017642975,0.3655999898910522,0.3995000123977661,0.3973000049591064,0.2834999859333038,0.1800999939441681,0.4837661981582641,0.2918727993965149,0.4047400343858033,0.360193366881959,0.775437593460083,12,2,180,180,0.1926407708062066,302.83057840135365,302.05376870897084,0.0010396246328253,1434.9166666666667,897.75,537.0833333333334,328,349,324
Varigonda,14.395955,80.038608,28_515_shc_2024-25.14041,238.0,63.3,45.2,0.29,0.0483999997377395,0.0662000030279159,0.0923999994993209,0.1026000007987022,0.154799997806549,0.2451999932527542,0.2818999886512756,0.257999986410141,0.3046000003814697,0.3556999862194061,0.2730999886989593,0.2020999938249588,0.430948406457901,0.2499999850988388,0.2821145689617202,0.2708575201972334,1.0585271120071411,12,1,90,177,0.1926407708062066,302.83057840135365,302.05376870897084,0.0010396246328253,1435.4166666666667,895.0,540.25,333,343,324
Dachuru,14.398,79.558,28_515_shc_2024-25.16122,251.0,164.0,193.0,0.42,0.0320000015199184,0.0372000001370906,0.0625,0.036200001835823,0.1031000018119812,0.2110999971628189,0.2477999925613403,0.2730000019073486,0.2666000127792358,0.2689000070095062,0.1459999978542328,0.0764999985694885,0.7658473253250122,0.4517415463924408,0.4887714616622473,0.438952049510894,0.5347985029220581,92,1,134,177,0.2380601247151692,302.82678065829805,301.65482122633193,0.0009086498785739,1441.0,890.9166666666666,550.0833333333334,319,286,395
Eduru - II,14.398,80.148,28_515_shc_2024-25.15539,113.0,1.1,122.7,0.45,0.0561666674911975,0.0767500028014183,0.1075333356857299,0.1303000003099441,0.1775333285331726,0.2940857112407684,0.3441999852657318,0.3303000032901764,0.3740499913692474,0.3872250020503998,0.2994999885559082,0.198566660284996,0.4342162311077118,0.3008204996585846,0.3254202070401432,0.3123048129773197,0.9067513942718506,6,1,46,177,0.1283763885498046,302.85319124857585,301.9538392384847,0.0010447991043822,1447.9166666666667,901.4166666666666,546.5833333333334,332,354,315
Marupuru,14.402,79.802,28_515_shc_2024-25.9611,100.0,164.0,148.5,0.18,0.0845833346247673,0.0909600034356117,0.1155714318156242,0.134440004825592,0.1693000048398971,0.225685715675354,0.2516666650772095,0.2433499991893768,0.2765666544437408,0.2828428447246551,0.2946857213973999,0.2371799945831298,0.2882818281650543,0.1794498860836029,0.1990619798627876,0.1861094234366462,1.2109543085098269,49,1,90,177,0.2254086388481987,302.9901649898953,302.2150968339708,0.0010213649225811,1432.25,887.4166666666666,544.75,336,296,368
Amancherla,14.402,79.858,28_515_shc_2024-25.4152,88.0,25.1,51.7,0.55,0.0554400011897087,0.0718666687607765,0.111124999821186,0.1077999994158744,0.1780333369970321,0.298633337020874,0.3531250059604645,0.3614000082015991,0.3817999958992004,0.3796285688877105,0.2926999926567077,0.1826999932527542,0.540494441986084,0.3399246037006378,0.4315273800129233,0.3924886609459502,0.8099058866500854,43,1,0,180,0.229063966539171,303.0120399898953,302.1827509138319,0.0010543927811062,1432.8333333333333,890.8333333333334,542.1666666666666,333,292,375
T.P.Gudur Bit-II,14.402,80.072,28_515_shc_2025-26.1326,113.0,90.0,425.0,0.46,0.0487999990582466,0.061999998986721,0.0970000028610229,0.0680000036954879,0.1412000060081482,0.301499992609024,0.3959999978542328,0.4016000032424927,0.4171000123023987,0.4045999944210052,0.2027000039815902,0.1132000014185905,0.7103918194770813,0.4797346889972687,0.62025879695795,0.5160891045172141,0.5047310590744019,11,2,116,174,0.1283763885498046,302.85319124857585,301.9538392384847,0.0010447991043822,1434.9166666666667,897.75,537.0833333333334,349,328,323
Amancherla,14.408,79.862,28_515_shc_2024-25.3294,251.0,34.9,135.6,0.58,0.0569100007414817,0.0654999986290931,0.0924333333969116,0.1062000021338462,0.1471666693687439,0.2021500021219253,0.2281714230775833,0.228300005197525,0.2455800026655197,0.2395000010728836,0.2628749907016754,0.2039999961853027,0.3650224208831787,0.2160866558551788,0.2221211579967811,0.2194727417453348,1.151445388793945,44,2,27,177,0.229063966539171,303.0120399898953,302.1827509138319,0.0010543927811062,1432.8333333333333,890.8333333333334,542.1666666666666,326,322,352
Varigonda,14.408822,80.041498,28_515_shc_2024-25.3231,75.0,34.9,51.7,0.17,0.0560499988496303,0.0807999968528747,0.1098000034689903,0.1128000020980835,0.1735499948263168,0.2675000131130218,0.3176999986171722,0.3357999920845032,0.3516499996185303,0.3457500040531158,0.2528499960899353,0.1621499955654144,0.4971020817756653,0.3185432553291321,0.396345772613963,0.3526249072643836,0.7529779672622681,10,1,0,180,0.1926407708062066,302.83057840135365,302.05376870897084,0.0010396246328253,1435.4166666666667,895.0,540.25,326,344,330
Thoderu,14.412,79.758,28_515_shc_2024-25.17576,238.0,164.0,58.1,0.28,0.0450125001370906,0.0523599982261657,0.0685333311557769,0.0663999989628791,0.1104250028729438,0.1391000002622604,0.1509666740894317,0.1457999944686889,0.1487500071525573,0.083928570151329,0.12950000166893,0.0871666669845581,0.3741753101348877,0.1380622237920761,0.1723838371666327,0.1672282987322976,0.8882030844688416,48,1,134,177,0.2254086388481987,302.9901649898953,302.2150968339708,0.0010213649225811,1436.3333333333333,885.25,550.9166666666666,334,297,369
Varigonda,14.412,80.042,28_515_shc_2024-25.6990,188.0,85.2,19.4,0.25,0.0531999990344047,0.0626500025391578,0.098700001835823,0.1005999967455864,0.1582999974489212,0.2599500119686126,0.3237999975681305,0.33160001039505,0.36285001039505,0.3404000103473663,0.2565500140190124,0.1431500017642974,0.534474790096283,0.3537456691265106,0.3941105524220016,0.3717013707573601,0.7736731171607971,12,1,90,177,0.1926407708062066,302.83057840135365,302.05376870897084,0.0010396246328253,1434.9166666666667,897.75,537.0833333333334,326,344,329
Koduru -II,14.412,80.138,28_515_shc_2025-26.3580,176.0,1.0,264.0,0.9,0.0619250014424324,0.0924374982714653,0.134550005197525,0.1462000012397766,0.2318499982357025,0.3306249976158142,0.3611499965190887,0.3675999939441681,0.3915500044822693,0.3426333367824554,0.378600001335144,0.2960666716098785,0.4309069514274597,0.2264575809240341,0.3567472044039328,0.327579394983456,1.0299237966537476,8,1,134,177,0.1283763885498046,302.85319124857585,301.9538392384847,0.0010447991043822,1447.9166666666667,901.4166666666666,546.5833333333334,325,342,333
Yeturu,14.415,79.645,28_515_shc_2024-25.5010,201.0,18.6,148.5,0.24,0.0561399981379509,0.0647333338856697,0.0923750028014183,0.0847600027918815,0.1433166712522506,0.2387000024318695,0.2676999866962433,0.2764833271503448,0.2944666743278503,0.2763083279132843,0.2184800058603286,0.1420200020074844,0.5307317972183228,0.3172145187854767,0.3688282616145797,0.3339183904704221,0.7902104258537292,77,2,116,174,0.2380601247151692,302.82678065829805,301.65482122633193,0.0009086498785739,1432.75,886.8333333333334,546.0,291,318,390
Thotapalle,14.416032,80.093699,28_515_shc_2024-25.16864,163.0,17.5,161.4,0.82,0.0675285682082176,0.0819374993443489,0.1054999977350235,0.1052857115864753,0.1702000051736831,0.3170666694641113,0.3882249891757965,0.388399988412857,0.4147999882698059,0.4321599900722503,0.2212000042200088,0.122249998152256,0.5734707117080688,0.3906193673610687,0.5035531061458155,0.4273699573616263,0.5695160031318665,8,2,270,186,0.1283763885498046,302.85319124857585,301.9538392384847,0.0010447991043822,1442.4166666666667,902.0833333333334,540.5833333333334,339,329,332
Nernoor,14.418,79.588,28_515_shc_2024-25.12138,113.0,74.2,90.4,0.54,0.0467000007629394,0.068400003015995,0.095100000500679,0.1230000033974647,0.1555999964475631,0.2046999931335449,0.2319999933242797,0.2355999946594238,0.2587000131607055,0.2535000145435333,0.2547999918460846,0.1940000057220459,0.3139988481998443,0.2044989764690399,0.1927290015164757,0.1967155686876064,1.0814940929412842,94,4,256,192,0.2380601247151692,302.82678065829805,301.65482122633193,0.0009086498785739,1436.0,885.1666666666666,550.6666666666666,294,311,395
Amancherla,14.418,79.858,28_515_shc_2024-25.8119,213.0,42.4,64.6,0.62,0.0506500005722045,0.065200001001358,0.095100000500679,0.0953999981284141,0.1659000068902969,0.2987500131130218,0.3704000115394592,0.3774666786193847,0.4048333466053009,0.410828560590744,0.2171500027179718,0.1220500022172927,0.5965036153793335,0.3893626034259796,0.4827043566628479,0.4349003114700559,0.5752825736999512,36,3,46,174,0.229063966539171,303.0120399898953,302.1827509138319,0.0010543927811062,1432.3333333333333,888.25,544.1666666666666,329,324,347
Chintareddipalem (Part),14.418,80.028,28_515_shc_2024-25.7688,276.0,8.0,225.0,2.39,0.0586000010371208,0.0768499970436096,0.1224000006914138,0.1094999983906745,0.2006999999284744,0.329800009727478,0.3980999886989593,0.3928000032901764,0.4370999932289123,0.4174999892711639,0.2815499901771545,0.1762499958276748,0.5640055537223816,0.3236731290817261,0.4806827661065402,0.4239748644483828,0.716776967048645,15,4,296,192,0.1926407708062066,302.83057840135365,302.05376870897084,0.0010396246328253,1440.8333333333333,896.1666666666666,544.5,326,340,334
T.P.Gudur Bit-II,14.418,80.072,28_515_shc_2024-25.15400,7.5,17.5,38.7,0.17,0.0597749985754489,0.0800692290067672,0.1113777756690979,0.1159999966621398,0.1770499944686889,0.278642863035202,0.3218888938426971,0.3303999900817871,0.3577714264392853,0.3373500108718872,0.2196999937295913,0.1521999984979629,0.4802867472171783,0.3021972477436065,0.375908001147987,0.3398140264518917,0.6649515628814697,13,2,90,174,0.1283763885498046,302.85319124857585,301.9538392384847,0.0010447991043822,1421.5833333333333,898.1666666666666,523.3333333333334,348,327,325
Garimenapenta,14.422,79.392,28_515_shc_2024-25.5302,113.0,1.0,193.0,1.37,0.0471000000834465,0.0706999972462654,0.0925000011920929,0.0957000032067298,0.1501500010490417,0.2285999953746795,0.2509500086307525,0.2440000027418136,0.2768000066280365,0.3140499889850616,0.2481999993324279,0.1821500062942505,0.4365616738796234,0.2381073236465454,0.2878605431613936,0.2649160387361689,1.0172131061553955,95,1,90,177,0.2078269958496093,302.7765202416314,302.04318928188746,0.0008518875436315,1439.6666666666667,854.3333333333334,585.1666666666666,354,259,386
Nernoor,14.422,79.582,28_515_shc_2024-25.12193,251.0,99.4,251.8,0.26,0.0480999983847141,0.0650999993085861,0.0916000008583068,0.124899998307228,0.1481000036001205,0.1702499985694885,0.1868499964475631,0.1918999999761581,0.2040500044822693,0.2105000019073486,0.2066999971866607,0.1732999980449676,0.2114899009466171,0.1288235187530517,0.1152747701373714,0.1230411394645068,1.077123522758484,91,2,0,180,0.2380601247151692,302.82678065829805,301.65482122633193,0.0009086498785739,1444.9166666666667,887.3333333333334,557.6666666666666,293,312,395
Chinna Cherukur,14.422,80.048,28_515_shc_2024-25.6475,63.0,1.1,174.3,0.35,0.0525499992072582,0.0639500021934509,0.0930000022053718,0.0741999968886375,0.1473000049591064,0.2637999951839447,0.3385500013828277,0.3582000136375427,0.3725500106811523,0.3601000010967254,0.2057999968528747,0.1083500012755394,0.6567992568016052,0.4172106981277466,0.5363449629988214,0.4568854786723497,0.574539303779602,9,6,10,177,0.1926407708062066,302.83057840135365,302.05376870897084,0.0010396246328253,1421.5833333333333,898.1666666666666,523.3333333333334,342,335,322
Althurthi,14.425,79.695,28_515_shc_2024-25.11802,88.0,48.0,77.5,0.31,0.0808999985456466,0.0669333338737487,0.0863799974322319,0.089599996805191,0.1515499949455261,0.2314999997615814,0.2694000005722046,0.3133600056171417,0.2936833202838897,0.286837488412857,0.296875,0.2391999959945678,0.5552908778190613,0.3480458855628967,0.4146898568752374,0.3717108313962066,0.947392761707306,65,1,90,177,0.2218740675184461,302.9909733666314,302.1984952714708,0.0009633941946578,1437.5,885.5833333333334,552.0,319,291,389
Chinna Cherukur,14.425,80.055,28_515_shc_2024-25.6461,213.0,30.6,38.7,0.72,0.0519500002264976,0.0610000006854534,0.0982000008225441,0.0762000009417533,0.1693000048398971,0.3042500019073486,0.3709500133991241,0.3987999856472015,0.4189999997615814,0.4095500111579895,0.2045000046491623,0.1089999973773956,0.6791578531265259,0.4039781391620636,0.5766892883423906,0.4963076756042839,0.5127884149551392,12,1,90,177,0.1283763885498046,302.85319124857585,301.9538392384847,0.0010447991043822,1421.5833333333333,898.1666666666666,523.3333333333334,348,321,331
Kesamanenipalle,14.428,79.532,28_515_shc_2024-25.8095,176.0,19.0,232.0,1.71,0.0737999975681305,0.0790999978780746,0.1076000034809112,0.1199999973177909,0.162100002169609,0.2205999940633773,0.2443999946117401,0.2433999925851822,0.2714999914169311,0.2935999929904938,0.301499992609024,0.2249000072479248,0.3395707309246063,0.2004932016134262,0.2251578220473989,0.2143849838611741,1.2387017011642456,81,4,104,168,0.2077146742078993,302.9719520992703,302.2478930579292,0.0008856403145449,1447.0833333333333,889.1666666666666,558.0833333333334,319,297,384
Nernoor,14.428,79.592,28_515_shc_2024-25.12179,88.0,36.0,258.3,0.27,0.0390500016510486,0.0449000000953674,0.0636999979615211,0.068800002336502,0.1121999993920326,0.17739999294281,0.1985500007867813,0.2114000022411346,0.2257999926805496,0.2242999970912933,0.2087499946355819,0.1605000048875808,0.5089222192764282,0.3065513074398041,0.2769039539066679,0.2741604698820069,0.9874644875526428,101,1,226,183,0.2380601247151692,302.82678065829805,301.65482122633193,0.0009086498785739,1436.0,885.1666666666666,550.6666666666666,302,294,404
Amancherla,14.428,79.848,28_515_shc_2024-25.8424,125.0,79.7,103.3,0.81,0.0553499981760978,0.0650499984622001,0.0930500030517578,0.0943249985575676,0.1474500000476837,0.2214166671037674,0.2801666557788849,0.2978666722774505,0.2917999923229217,0.2979800105094909,0.1993999928236007,0.1181000024080276,0.5189852118492126,0.3377746343612671,0.3698224957405144,0.3422050670951422,0.6694269776344299,35,2,180,180,0.2254086388481987,302.9901649898953,302.2150968339708,0.0010213649225811,1432.3333333333333,888.25,544.1666666666666,344,322,333
Peduru,14.428,80.078,28_515_shc_2024-25.13968,113.0,38.2,32.3,0.75,0.0735749974846839,0.0818874984979629,0.1112999990582466,0.0988444462418556,0.1668727248907089,0.2940222322940826,0.3481000065803528,0.3531999886035919,0.3926999866962433,0.3558000028133392,0.2629500031471252,0.1581500023603439,0.5626781582832336,0.3582715690135956,0.4773544616594954,0.4007515821512486,0.7444790601730347,14,1,90,177,0.1283763885498046,302.85319124857585,301.9538392384847,0.0010447991043822,1421.5833333333333,898.1666666666666,523.3333333333334,363,306,331
Peduru,14.428,80.092,28_515_shc_2024-25.10030,176.0,7.6,38.7,0.26,0.0570599995553493,0.0676666647195816,0.0988250002264976,0.065200001001358,0.1480000019073486,0.3294999897480011,0.4081799983978271,0.4041333198547363,0.4352857172489166,0.4260333478450775,0.1960999965667724,0.1024999991059303,0.7221590876579285,0.4638975858688354,0.6579526018691402,0.5244841659121544,0.4852358996868133,8,2,27,177,0.1283763885498046,302.85319124857585,301.9538392384847,0.0010447991043822,1417.75,900.0833333333334,517.75,321,354,325
Pallakonda,14.432,79.498,28_515_shc_2024-25.19826,75.0,164.0,258.0,0.53,0.0581000000238418,0.0513999983668327,0.0740000009536743,0.0718000009655952,0.119499996304512,0.2524000108242035,0.298799991607666,0.2784000039100647,0.3255999982357025,0.295199990272522,0.2425000071525573,0.1554999947547912,0.5899485945701599,0.3993465900421142,0.3901941518436799,0.3645024731116373,0.8710488677024841,101,2,270,186,0.2077146742078993,302.9719520992703,302.2478930579292,0.0008856403145449,1433.75,881.1666666666666,552.5833333333334,330,277,392
Nernoor,14.432,79.592,28_515_shc_2024-25.12041,151.0,29.5,232.5,0.34,0.0386999994516372,0.0494000017642974,0.0714000016450882,0.0834999978542327,0.1255999952554702,0.2055999934673309,0.2354000061750412,0.2451999932527542,0.2684000134468078,0.2635999917984009,0.2331999987363815,0.1425999999046325,0.4919379353523254,0.3225458562374115,0.2938504020865655,0.2926873364313436,0.9510603547096252,96,1,270,183,0.2380601247151692,302.82678065829805,301.65482122633193,0.0009086498785739,1436.0,885.1666666666666,550.6666666666666,315,277,408
Peduru,14.432,80.092,28_515_shc_2024-25.16681,63.0,18.6,53.1,0.32,0.0542999990284442,0.0718000009655952,0.1141500025987625,0.0888874977827072,0.1572999954223632,0.2946000099182129,0.3707750141620636,0.3756000101566314,0.3907749950885772,0.4163500070571899,0.2198999971151352,0.128233328461647,0.6172663569450378,0.4096453487873077,0.5230357636271055,0.4459039282735173,0.5854632258415222,9,1,0,180,0.1283763885498046,302.85319124857585,301.9538392384847,0.0010447991043822,1417.75,900.0833333333334,517.75,354,314,332
Koduru-I,14.432,80.148,28_515_shc_2024-25.6200,100.0,66.6,103.3,0.54,0.075823076069355,0.0876166671514511,0.1234999969601631,0.1257999986410141,0.1937749981880188,0.2556999921798706,0.3019999861717224,0.3194000124931335,0.3262749910354614,0.3401125073432922,0.3158000111579895,0.2284750044345855,0.4348607659339905,0.2447995543479919,0.3415486367271143,0.3072365820539163,0.9887288808822632,7,3,161,177,0.1283763885498046,302.85319124857585,301.9538392384847,0.0010447991043822,1429.25,898.5,530.9166666666666,337,333,329
Kesamanenipalle,14.435,79.525,28_515_shc_2024-25.8042,146.0,188.0,164.0,1.46,0.0575000010430812,0.0773499980568885,0.0962999984622001,0.1049999967217445,0.1478500068187713,0.2281499952077865,0.2731499969959259,0.2840000092983246,0.292600005865097,0.2844499945640564,0.2843999862670898,0.2159000039100647,0.460154265165329,0.3152714967727661,0.335488730227108,0.3020247660817324,1.001408338546753,86,2,333,183,0.2077146742078993,302.9719520992703,302.2478930579292,0.0008856403145449,1447.0833333333333,889.1666666666666,558.0833333333334,326,283,390
Kesamanenipalle,14.438,79.532,28_515_shc_2024-25.1326,113.0,90.0,425.0,0.46,0.0384499989449977,0.0489500015974044,0.068400003015995,0.0592000000178813,0.0820000022649765,0.1211000010371208,0.1352500021457672,0.2029000073671341,0.1467999964952469,0.1714999973773956,0.1265999972820282,0.0705000013113021,0.5482640266418457,0.4243594408035278,0.3016436278951039,0.282836909769222,0.6239526271820068,77,1,0,180,0.2077146742078993,302.9719520992703,302.2478930579292,0.0008856403145449,1447.0833333333333,889.1666666666666,558.0833333333334,305,289,405
Chittaluru,14.438,79.588,28_515_shc_2024-25.4440,138.0,137.6,180.8,0.18,0.0351000018417835,0.0474000014364719,0.0740000009536743,0.0737000033259391,0.1397999972105026,0.2290000021457672,0.2569000124931335,0.2689999938011169,0.2831000089645386,0.2831999957561493,0.2477000057697296,0.1729999929666519,0.5698861479759216,0.3160469532012939,0.3601460316541656,0.3476325937005999,0.9208179116249084,86,1,0,180,0.2380601247151692,302.82678065829805,301.65482122633193,0.0009086498785739,1436.0,885.1666666666666,550.6666666666666,317,291,392
Thotapalle,14.438,80.072,28_515_shc_2024-25.16772,201.0,167.0,25.8,0.53,0.0738666653633117,0.0977272763848304,0.1292500048875808,0.1423600018024444,0.1994555592536926,0.2769843637943268,0.3079499900341034,0.3475199937820434,0.3413000106811523,0.3869454562664032,0.3269999921321869,0.2451999932527542,0.4187964200973511,0.270696610212326,0.3492143384156376,0.3108861572535257,0.940953016281128,14,3,270,189,0.1283763885498046,302.85319124857585,301.9538392384847,0.0010447991043822,1421.5833333333333,898.1666666666666,523.3333333333334,370,305,325
Pallakonda,14.442,79.492,28_515_shc_2024-25.19720,176.0,164.0,438.0,1.38,0.0472999997437,0.0504000000655651,0.0761500000953674,0.0633499994874,0.1253499984741211,0.2397499978542328,0.271450012922287,0.2797999978065491,0.301499992609024,0.2984499931335449,0.2252999991178512,0.1254000067710876,0.6307737231254578,0.381216824054718,0.4221273096416716,0.3850738285248803,0.8052180409431458,87,2,270,186,0.2077146742078993,302.9719520992703,302.2478930579292,0.0008856403145449,1433.75,881.1666666666666,552.5833333333334,329,275,396
Kanupurupalle,14.442,79.572,28_515_shc_2024-25.18308,163.0,164.0,271.0,0.31,0.049100000411272,0.0675999969244003,0.0864000022411346,0.0925000011920929,0.1254000067710876,0.1808999925851822,0.2091999948024749,0.1870000064373016,0.227400004863739,0.2513000071048736,0.2002999931573867,0.1507000029087066,0.3381037712097168,0.1971830874681472,0.1912955514985654,0.1818473463507735,1.0711228847503662,80,2,270,186,0.2380601247151692,302.82678065829805,301.65482122633193,0.0009086498785739,1444.9166666666667,887.3333333333334,557.6666666666666,326,283,391
Akkacheruvupadu,14.442,79.918,28_515_shc_2024-25.8027,125.0,7.6,135.6,0.45,0.0742999985814094,0.1006999984383583,0.1343999952077865,0.1180000007152557,0.1990000009536743,0.3064000010490417,0.3587999939918518,0.380400002002716,0.3978999853134155,0.3908999860286712,0.2476000040769577,0.1564999967813491,0.5264847278594971,0.3130824863910675,0.4920676550712249,0.3942307700918293,0.6508938074111938,25,2,90,174,0.229063966539171,303.0120399898953,302.1827509138319,0.0010543927811062,1434.25,893.0,541.1666666666666,353,314,333
Mungaladoruvu,14.442,80.098,28_515_shc_2024-25.15335,226.0,41.5,109.8,0.16,0.075655996799469,0.0626868084073066,0.0910428538918495,0.0649250000715255,0.0982699990272522,0.0741090923547744,0.0819555521011352,0.0664812475442886,0.0661899968981742,0.1839230805635452,0.0573846139013767,0.0455666668713092,0.0118430247530341,-0.1929499953985214,0.0039463402768651,0.0036970986871909,0.8631699085235596,11,1,226,183,0.1283763885498046,302.85319124857585,301.9538392384847,0.0010447991043822,1417.75,900.0833333333334,517.75,354,325,321
Amulur (South),14.442,80.108,28_515_shc_2024-25.15022,113.0,79.7,53.1,0.42,0.0657628551125526,0.0898000001907348,0.1054842099547386,0.1047850027680397,0.1429000049829483,0.2288399934768676,0.2599363625049591,0.2649333477020263,0.2874999940395355,0.253852367401123,0.2478999942541122,0.1790333390235901,0.4331631064414978,0.2992235422134399,0.3281342787375583,0.2762072540738554,0.9357070326805116,13,3,199,183,0.1283763885498046,302.85319124857585,301.9538392384847,0.0010447991043822,1417.75,900.0833333333334,517.75,346,334,320
Kanupurupalle,14.445,79.545,28_515_shc_2024-25.11222,88.0,164.0,142.0,0.85,0.0369499996304512,0.0496499985456466,0.0666999965906143,0.0584499984979629,0.1015499979257583,0.2397000044584274,0.3023000061511993,0.3269999921321869,0.337799996137619,0.3506999909877777,0.1503500044345855,0.0775000005960464,0.6967180967330933,0.5260763168334961,0.5143355004748776,0.4549381610639091,0.4597859680652618,74,1,0,180,0.2077146742078993,302.9719520992703,302.2478930579292,0.0008856403145449,1444.9166666666667,887.3333333333334,557.6666666666666,321,268,411
Chittaluru,14.445,79.595,28_515_shc_2024-25.994,201.0,69.9,284.1,0.58,0.049100000411272,0.0625,0.0917500033974647,0.1181000024080276,0.1437499970197677,0.2029999941587448,0.2311500012874603,0.2468000054359436,0.2548500001430511,0.2695499956607818,0.2655499875545501,0.2053499966859817,0.3526993691921234,0.2638586759567261,0.2164261953158764,0.2232049980241188,1.075972318649292,95,3,134,174,0.2380601247151692,302.82678065829805,301.65482122633193,0.0009086498785739,1436.0,885.1666666666666,550.6666666666666,321,282,397
Yeturu,14.445,79.645,28_515_shc_2024-25.5818,138.0,17.5,251.8,0.57,0.0445555560290813,0.0528666675090789,0.0764999985694885,0.0576666668057441,0.1112599968910217,0.2782999873161316,0.3739666640758514,0.3919999897480011,0.4002333283424377,0.3618285655975342,0.2046000063419342,0.1110500022768974,0.7435137033462524,0.5578428506851196,0.6230587530077242,0.5280800172907867,0.5219388008117676,64,0,0,180,0.2380601247151692,302.82678065829805,301.65482122633193,0.0009086498785739,1434.3333333333333,884.4166666666666,549.75,317,284,400
Yeturu,14.445,79.665,28_515_shc_2024-25.9031,163.0,18.6,122.7,0.63,0.053790908306837,0.0688999965786933,0.0955625027418136,0.1058999970555305,0.1528500020503997,0.2437250018119812,0.2748000025749206,0.2632000148296356,0.2991999983787536,0.3010166585445404,0.2533000111579895,0.1743499934673309,0.4261718094348907,0.2652325630187988,0.2845822903646196,0.2714877729081582,0.9623860120773317,64,2,153,177,0.2218740675184461,302.9909733666314,302.1984952714708,0.0009633941946578,1434.3333333333333,884.4166666666666,549.75,321,279,399
Indukurpet Bit - II,14.448,80.092,28_515_shc_2024-25.13263,88.0,1.0,206.0,1.38,0.098311111330986,0.1306499987840652,0.1592333316802978,0.1760199964046478,0.1823125034570694,0.2312500029802322,0.2463937550783157,0.2541666626930237,0.2716333270072937,0.2769846022129059,0.3181799948215484,0.2755428552627563,0.1816575825214386,0.1646222025156021,0.1468467791045234,0.1260177172894235,1.251855731010437,17,1,46,177,0.1283763885498046,302.85319124857585,301.9538392384847,0.0010447991043822,1417.75,900.0833333333334,517.75,363,321,316
Venkanapalem,14.448,80.148,28_515_shc_2024-25.15531,301.0,1.1,109.8,0.48,0.0567625015974044,0.0526833347976207,0.0835499987006187,0.060929998755455,0.1186000034213066,0.2672714293003082,0.3337000012397766,0.341866672039032,0.3576000034809112,0.3813333213329315,0.1738999933004379,0.1022500023245811,0.6974652409553528,0.4848704040050506,0.5351901961594707,0.4667773193652973,0.5086778402328491,5,1,90,177,0.1283763885498046,302.85319124857585,301.9538392384847,0.0010447991043822,1429.25,898.5,530.9166666666666,334,337,330
Cheepinapi,14.452,79.482,28_515_shc_2024-25.1994,100.0,164.0,264.0,0.31,0.048200000077486,0.0538000017404556,0.0753000006079673,0.0772000029683113,0.101400002837181,0.2318000048398971,0.2758499979972839,0.2883000075817108,0.3043000102043152,0.2867999970912933,0.2181500047445297,0.123999997973442,0.5775649547576904,0.4795996844768524,0.391505939690679,0.3658578891511155,0.7566770911216736,95,6,320,192,0.2088673909505208,303.21995014614527,302.4927227020264,0.0008482651159712,1433.75,881.1666666666666,552.5833333333334,335,267,398
Chittaluru,14.452,79.582,28_515_shc_2024-25.4919,151.0,127.8,142.1,0.19,0.0551000013947486,0.066600002348423,0.0923999994993209,0.1165999993681907,0.1439000070095062,0.1741999983787536,0.1932999938726425,0.1916999965906143,0.212799996137619,0.2144999951124191,0.2249500006437301,0.1888999938964843,0.2435939013957977,0.1424314379692077,0.1348972527685876,0.1393665673596966,1.173448085784912,95,3,341,183,0.2130768669976128,303.19962679545085,302.4607023027208,0.0008794198901265,1444.9166666666667,887.3333333333334,557.6666666666666,317,277,406
Chittaluru,14.452,79.588,28_515_shc_2024-25.5868,113.0,164.0,142.1,0.61,0.0469000004231929,0.0604000017046928,0.0873999968171119,0.1195999979972839,0.1448999941349029,0.1638000011444091,0.1827999949455261,0.1863999962806701,0.19930000603199,0.2056999951601028,0.2639999985694885,0.2184000015258789,0.2183006554841995,0.1252641230821609,0.1150930385878798,0.1243176155538839,1.4163089990615845,99,2,180,180,0.2130768669976128,303.19962679545085,302.4607023027208,0.0008794198901265,1436.0,885.1666666666666,550.6666666666666,329,267,404
Pedda Cherukur,14.452,80.038,28_515_shc_2024-25.1497,188.0,17.0,277.0,1.32,0.0749000012874603,0.0793500021100044,0.1085999980568885,0.1155000030994415,0.1765999943017959,0.2680000066757202,0.309249997138977,0.3061999976634979,0.3328000009059906,0.2873499989509582,0.3076499998569488,0.2325000017881393,0.4522171914577484,0.2684341371059418,0.3395473790662174,0.3103504303019486,1.0047354698181152,18,4,194,183,0.1884764777289496,303.038862906562,302.2631165822347,0.0010014368456039,1440.8333333333333,896.1666666666666,544.5,347,335,318
Potlapudi,14.452,80.132,28_515_shc_2024-25.18140,213.0,1.1,58.1,0.91,0.0955400019884109,0.1391499936580658,0.1648666709661483,0.1887333393096923,0.2135500013828277,0.2607666552066803,0.2835714221000671,0.2714428603649139,0.3075250089168548,0.3143818080425262,0.3315750062465668,0.2754999995231628,0.1797344535589218,0.1193684786558151,0.1520151999041308,0.1292099112901115,1.2215278148651123,13,2,296,186,0.1528653038872612,303.0166895124647,302.1325176239014,0.0009959506953059,1429.25,898.5,530.9166666666666,321,335,344
Kandamur,14.455,79.785,28_515_shc_2024-25.18422,188.0,79.7,271.2,0.44,0.0509615391492843,0.0511437505483627,0.0836500003933906,0.0725999996066093,0.1384000033140182,0.2596142888069153,0.3197999894618988,0.3150399923324585,0.341399997472763,0.332749992609024,0.1962999999523162,0.1076333299279213,0.6254256367683411,0.3895553648471832,0.4433595868394736,0.4096931102601078,0.6230955123901367,38,2,270,186,0.221910900539822,303.050776969062,302.27999483744304,0.0009831981735486,1431.5833333333333,883.5833333333334,548.0,325,333,342
Indukurpet Bit - II,14.455,80.085,28_515_shc_2024-25.16306,151.0,1.0,290.0,1.08,0.0699850022792816,0.0979285687208175,0.129088893532753,0.1436000019311905,0.2052333354949951,0.3093400001525879,0.3716999888420105,0.379720002412796,0.4175714254379272,0.3960727155208587,0.2709499895572662,0.1742333322763443,0.4511961936950683,0.2982915937900543,0.3917428736990119,0.3461087433245872,0.7135520577430725,13,0,0,180,0.1528653038872612,303.0166895124647,302.1325176239014,0.0009959506953059,1417.75,900.0833333333334,517.75,352,329,319
Devarapalem,14.458,79.892,28_515_shc_2024-25.19847,138.0,89.5,90.4,0.54,0.0590099990367889,0.0823874995112419,0.1190999969840049,0.1541000008583068,0.2045000046491623,0.267214298248291,0.3150833249092102,0.3231000006198883,0.340499997138977,0.3312124907970428,0.3546000123023987,0.2443999946117401,0.35414919257164,0.2247914969921112,0.2592352541282977,0.25941465335541,1.097493052482605,31,1,134,177,0.2164573669433593,303.1242741478814,302.3266202714708,0.0010213323722103,1429.0,894.0,535.0,312,305,383
Chittaluru,14.462,79.578,28_515_shc_2024-25.4971,163.0,108.1,368.1,0.18,0.0557999983429908,0.06700000166893,0.093199998140335,0.1325999945402145,0.155349999666214,0.180649995803833,0.1994500011205673,0.210999995470047,0.2261999994516372,0.2660500109195709,0.2549499869346618,0.2135500013828277,0.2281723022460937,0.1519039124250412,0.1303104905357214,0.139402563759298,1.2082937955856323,88,1,270,183,0.2130768669976128,303.19962679545085,302.4607023027208,0.0008794198901265,1439.0,885.3333333333334,553.6666666666666,336,268,397
Indukurpet Bit - I,14.462,80.118,28_515_shc_2023-24.6876,100.0,17.5,406.8,0.76,0.0563666671514511,0.0776999965310096,0.1074000000953674,0.1063333302736282,0.1656000018119812,0.3118999898433685,0.3934666812419891,0.4128000140190124,0.4226000010967254,0.4004166722297668,0.1935999989509582,0.1045000031590461,0.5903428792953491,0.4273858964443207,0.5218941439663023,0.4510695564937526,0.4689922332763672,10,1,226,183,0.1528653038872612,303.0166895124647,302.1325176239014,0.0009959506953059,1407.5,893.0,514.5,334,313,353
Kulluru,14.465,79.375,28_515_shc_2024-25.4023,176.0,1.0,432.0,1.53,0.0573999993503093,0.0737000033259391,0.096950002014637,0.1042999997735023,0.1568499952554702,0.2106499969959259,0.2444500029087066,0.2590999901294708,0.2678500115871429,0.2979499995708465,0.2443999946117401,0.1921000033617019,0.4259768724441528,0.2458228170871734,0.2905078154853192,0.2689367480303616,0.94326514005661,88,1,46,177,0.2115113576253255,302.933882437812,302.08073268466524,0.0008139759672833,1442.5,859.5,582.8333333333334,375,242,384
Devarapalem,14.465,79.905,28_515_shc_2024-25.7882,251.0,154.0,84.0,1.41,0.0525499992072582,0.0607799999415874,0.0878666639328002,0.0726500004529953,0.1477999985218048,0.2840499877929687,0.3486666679382324,0.361942857503891,0.3722000122070312,0.3647800087928772,0.1965750008821487,0.1038250029087066,0.6656640768051147,0.4200997650623321,0.5389239867278971,0.464308369020686,0.5431106090545654,23,0,0,180,0.2164573669433593,303.1242741478814,302.3266202714708,0.0010213323722103,1430.5,889.25,541.3333333333334,362,313,326
Vellanti,14.468,79.768,28_515_shc_2024-25.8219,113.0,1.1,116.2,0.82,0.0570374988019466,0.0567749999463558,0.0878999978303909,0.091449998319149,0.1541749984025955,0.2520666718482971,0.2873600125312805,0.3153600096702575,0.3143999874591827,0.3130666613578796,0.2867999970912933,0.1938399970531463,0.5504043698310852,0.3432864546775818,0.3892063281060061,0.3703808009037616,0.909436821937561,47,1,90,177,0.221910900539822,303.050776969062,302.27999483744304,0.0009831981735486,1426.9166666666667,880.25,546.5833333333334,327,312,361
Devarapalem,14.468,79.878,28_515_shc_2024-25.4204,88.0,42.6,284.1,0.44,0.068400003015995,0.0815000012516975,0.1156999990344047,0.1397999972105026,0.1862999945878982,0.2689999938011169,0.3091999888420105,0.3192000091075897,0.3449999988079071,0.3450666666030884,0.3174000084400177,0.2063000053167343,0.3908496797084808,0.2629080414772033,0.2899628476981102,0.2806048134230902,0.9943609237670898,29,2,333,183,0.2164573669433593,303.1242741478814,302.3266202714708,0.0010213323722103,1430.5,889.25,541.3333333333334,300,333,367
Devarapalem,14.468,79.892,28_515_shc_2024-25.19846,176.0,91.7,161.4,0.72,0.0606166683137416,0.0534555539488792,0.0801376923918724,0.1065428555011749,0.1532099992036819,0.2275499999523162,0.2522499859333038,0.2608000040054321,0.270000010728836,0.2716000080108642,0.282181829214096,0.2080000042915344,0.4199269115924835,0.2598729729652405,0.257242650564888,0.2667753820997741,1.0819854736328125,31,1,0,180,0.2164573669433593,303.1242741478814,302.3266202714708,0.0010213323722103,1430.5,889.25,541.3333333333334,353,325,322
Kulluru,14.472,79.372,28_515_shc_2024-25.4048,176.0,58.0,206.0,0.9,0.0309999994933605,0.0399999991059303,0.0728000029921531,0.068400003015995,0.134100005030632,0.2671000063419342,0.3174999952316284,0.3384000062942505,0.3504999876022339,0.3201999962329864,0.1873999983072281,0.1011999994516372,0.6637167930603027,0.4323809444904327,0.4659028117808148,0.4466254970877704,0.5537824630737305,86,1,134,177,0.2115113576253255,302.933882437812,302.08073268466524,0.0008139759672833,1436.1666666666667,847.1666666666666,589.25,359,252,388
Devarapalem,14.472,79.872,28_515_shc_2024-25.19848,251.0,79.7,77.5,0.28,0.0414000004529953,0.0707999989390373,0.0982000008225441,0.0877000018954277,0.149399995803833,0.2700999975204468,0.3190000057220459,0.3391999900341034,0.3560999929904938,0.3380999863147735,0.231000006198883,0.1439000070095062,0.5891309380531311,0.3884568214416504,0.4711855260300959,0.4070018184191488,0.6810141801834106,24,1,226,183,0.2164573669433593,303.1242741478814,302.3266202714708,0.0010213323722103,1422.0,886.9166666666666,535.25,342,327,330
Vavileru,14.475,79.635,28_515_shc_2024-25.17752,213.0,99.4,135.6,0.51,0.0344499982893466,0.0480500012636184,0.0759499967098236,0.1220000013709068,0.1454499959945678,0.2023999989032745,0.2286999970674514,0.2309000045061111,0.2488500028848648,0.2653500139713287,0.2825999855995178,0.2066999971866607,0.3085860013961792,0.2270493060350418,0.1698881498167732,0.1915230432374511,1.223906397819519,72,4,270,192,0.2130768669976128,303.19962679545085,302.4607023027208,0.0008794198901265,1434.1666666666667,881.5833333333334,552.5833333333334,347,249,404
Kulluru,14.478,79.372,28_515_shc_2024-25.4035,138.0,27.0,245.0,0.83,0.0458000004291534,0.0803999975323677,0.1054000034928321,0.1309999972581863,0.1721999943256378,0.2125000059604644,0.2275999933481216,0.196600005030632,0.2469000071287155,0.2809999883174896,0.3113999962806701,0.246299996972084,0.2002442181110382,0.0661605522036552,0.1188750497163291,0.118898032124858,1.5839266777038574,86,6,120,165,0.2115113576253255,302.933882437812,302.08073268466524,0.0008139759672833,1436.1666666666667,847.1666666666666,589.25,359,256,384
Navooru,14.478,79.678,28_515_shc_2024-25.998,238.0,32.8,238.9,0.27,0.0641999989748001,0.1155999973416328,0.1473000049591064,0.1789000034332275,0.2134999930858612,0.2433000057935714,0.265500009059906,0.2754000127315521,0.2929500043392181,0.2899500131607055,0.3607499897480011,0.2878000140190124,0.2124147117137909,0.1266108006238937,0.1628087559543834,0.1516818730960733,1.3099128007888794,48,7,145,168,0.2181639777289496,303.14819450378417,302.3641039954292,0.0009256020248584,1434.0,878.0833333333334,555.9166666666666,318,296,386
Jonnawada,14.478,79.892,28_515_shc_2024-25.17622,100.0,164.0,122.0,1.35,0.0732000023126602,0.0891999974846839,0.1366000026464462,0.1633999943733215,0.2055000066757202,0.2967000007629394,0.3251000046730041,0.3404000103473663,0.3366000056266784,0.2955999970436096,0.3576000034809112,0.2795000076293945,0.3513299226760864,0.2471148520708084,0.2678895999233742,0.2644949419331233,1.0505287647247314,23,5,180,180,0.2164573669433593,303.1242741478814,302.3266202714708,0.0010213323722103,1430.5,889.25,541.3333333333334,351,320,329
Pothireddipalem,14.478,79.972,28_515_shc_2024-25.6080,188.0,69.9,142.1,0.54,0.1202000007033348,0.0794999971985817,0.1088000014424324,0.1058000028133392,0.1808000057935714,0.2774499952793121,0.3206999897956848,0.3185999989509582,0.3450500071048736,0.3373999893665313,0.3269000053405761,0.2543500065803528,0.5014137625694275,0.2759310901165008,0.3919979190967873,0.3453050558169707,1.0260515213012695,22,3,226,186,0.1884764777289496,303.038862906562,302.2631165822347,0.0010014368456039,1438.75,892.4166666666666,546.3333333333334,350,298,352
Lebur Bit - II,14.478,80.052,28_515_shc_2024-25.16332,188.0,17.0,180.0,0.8,0.0541500002145767,0.0491999983787536,0.0813999995589256,0.0782999992370605,0.1387500017881393,0.2432499974966049,0.2797499895095825,0.2806000113487243,0.3142499923706054,0.3197500109672546,0.2480500042438507,0.1465000063180923,0.5636667609214783,0.338261604309082,0.3661141040599828,0.3533007502940155,0.8839985728263855,12,3,134,174,0.1528653038872612,303.0166895124647,302.1325176239014,0.0009959506953059,1421.0833333333333,895.0,526.1666666666666,337,318,345
Lebur Bit - II,14.478,80.068,28_515_shc_2024-25.13509,100.0,80.0,187.0,1.22,0.0554499998688697,0.0881000012159347,0.1174999997019767,0.1312000006437301,0.2019499987363815,0.2858000099658966,0.3273999989032745,0.339599996805191,0.374099999666214,0.3581500053405761,0.2742500007152557,0.1650499999523162,0.4426507949829101,0.2541778087615967,0.3553766879760405,0.3220024671030541,0.8075677156448364,15,5,259,195,0.1528653038872612,303.0166895124647,302.1325176239014,0.0009959506953059,1421.0833333333333,895.0,526.1666666666666,356,328,316
Nagulavellaturu,14.482,79.532,28_515_shc_2024-25.8510,251.0,99.4,174.3,0.59,0.032600000500679,0.0366999991238117,0.0614000000059604,0.050900001078844,0.100100003182888,0.2317000031471252,0.3203999996185303,0.3287999927997589,0.3427999913692474,0.3465999960899353,0.1615000069141388,0.0786999985575676,0.7318935990333557,0.5332245230674744,0.5112402783873421,0.4738547123815222,0.4911800920963287,64,0,0,180,0.2088673909505208,303.21995014614527,302.4927227020264,0.0008482651159712,1444.8333333333333,891.5,553.6666666666666,328,291,381
Vellanti,14.482,79.802,28_515_shc_2024-25.8283,100.0,17.5,96.9,0.73,0.0425999984145164,0.0445999987423419,0.070200003683567,0.0640000030398368,0.1253000050783157,0.1942999958992004,0.221900001168251,0.2143999934196472,0.2495999932289123,0.2450000047683715,0.1976999938488006,0.1256999969482422,0.540229856967926,0.262290209531784,0.297491866188064,0.2898252654109024,0.922108232975006,33,0,0,180,0.221910900539822,303.050776969062,302.27999483744304,0.0009831981735486,1424.1666666666667,883.0,541.25,340,303,358
Vellanti,14.482,79.802,28_515_shc_2024-25.2757,201.0,7.6,96.9,0.87,0.0425999984145164,0.0445999987423419,0.070200003683567,0.0640000030398368,0.1253000050783157,0.1942999958992004,0.221900001168251,0.2143999934196472,0.2495999932289123,0.2450000047683715,0.1976999938488006,0.1256999969482422,0.540229856967926,0.262290209531784,0.297491866188064,0.2898252654109024,0.922108232975006,33,0,0,180,0.221910900539822,303.050776969062,302.27999483744304,0.0009831981735486,1424.1666666666667,883.0,541.25,340,303,358
Jonnawada,14.482,79.898,28_515_shc_2024-25.17410,113.0,164.0,180.0,0.75,0.0428999997675418,0.0675999969244003,0.0834999978542327,0.0922000035643577,0.1393000036478042,0.2538000047206878,0.2958000004291534,0.3039999902248382,0.3332999944686889,0.3330000042915344,0.2321999967098236,0.1433999985456466,0.5345784425735474,0.3715316653251648,0.39216408906217,0.3544967442450686,0.7638158202171326,24,2,296,186,0.2164573669433593,303.1242741478814,302.3266202714708,0.0010213323722103,1430.5,889.25,541.3333333333334,340,348,312
Chejerla,14.485,79.575,28_515_shc_2024-25.914,18.0,1.1,180.8,0.38,0.0298500005155801,0.0384999997913837,0.0597999989986419,0.0707999989390373,0.1093500033020973,0.1964499950408935,0.2184000015258789,0.1997999995946884,0.2364999949932098,0.2255499958992004,0.2272000014781952,0.1661500036716461,0.47671839594841,0.292576402425766,0.2414193231995128,0.2511030383489003,1.1371371746063232,81,2,207,183,0.2130768669976128,303.19962679545085,302.4607023027208,0.0008794198901265,1439.0,885.3333333333334,553.6666666666666,337,263,400
Navooru,14.485,79.675,28_515_shc_2024-25.8642,163.0,103.7,213.1,0.24,0.0518999993801116,0.0662999972701072,0.0914999991655349,0.1167000010609626,0.1583999991416931,0.2228499948978424,0.2504999935626983,0.2509999871253967,0.2788000106811523,0.2903999984264374,0.2813499867916107,0.2087499946355819,0.3652433753013611,0.2261846363544464,0.2309226327839097,0.2321654740571286,1.1209163665771484,51,3,19,177,0.2181639777289496,303.14819450378417,302.3641039954292,0.0009256020248584,1434.0,878.0833333333334,555.9166666666666,319,287,393
Damaramadugu,14.485,79.955,28_515_shc_2024-25.12121,138.0,164.0,206.6,0.39,0.0507999993860721,0.0529000014066696,0.0772999972105026,0.0558499991893768,0.1114500015974044,0.3111000061035156,0.3759999871253967,0.3910000026226043,0.412200003862381,0.3966000080108642,0.2196000069379806,0.1294499933719635,0.7500279545783997,0.5563737750053406,0.6302892516231222,0.5309447158343765,0.5616368651390076,21,1,46,177,0.1884764777289496,303.038862906562,302.2631165822347,0.0010014368456039,1431.1666666666667,893.6666666666666,537.25,364,302,334
Navooru,14.488,79.678,28_515_shc_2024-25.8708,63.0,15.3,96.9,0.62,0.0562499985098838,0.0725499987602233,0.1072999984025955,0.1216000020503997,0.1767500042915344,0.2551999986171722,0.2791999876499176,0.3027999997138977,0.3174499869346618,0.2928000092506408,0.3129999935626983,0.2243999987840652,0.4269556999206543,0.2628505825996399,0.3043792227048207,0.2940285547127791,1.033685564994812,48,4,194,183,0.2181639777289496,303.14819450378417,302.3641039954292,0.0009256020248584,1434.0,878.0833333333334,555.9166666666666,321,287,392
Jonnawada,14.488,79.872,28_515_shc_2024-25.17473,151.0,164.0,116.0,0.45,0.0483499988913536,0.0687000006437301,0.1031000018119812,0.1336999982595443,0.1836500018835067,0.2612000107765198,0.2958000004291534,0.2987000048160553,0.3248000144958496,0.3179999887943268,0.2968499958515167,0.2214999943971634,0.3815911412239074,0.2385197430849075,0.260145693634163,0.2654440251162235,0.9938064813613892,30,1,180,180,0.2164573669433593,303.1242741478814,302.3266202714708,0.0010213323722103,1422.0,886.9166666666666,535.25,337,338,325
Kovur,14.488,79.978,28_515_shc_2024-25.6834,138.0,16.4,174.3,0.55,0.0516999997198581,0.0697999969124794,0.1004000008106231,0.0890000015497207,0.1516000032424926,0.2748000025749206,0.3743999898433685,0.3871999979019165,0.3743999898433685,0.3512000143527984,0.2291000038385391,0.1453000009059906,0.6262074708938599,0.4372679889202118,0.533376242891161,0.4582052804543703,0.5916839241981506,19,1,90,177,0.1884764777289496,303.038862906562,302.2631165822347,0.0010014368456039,1438.75,892.4166666666666,546.3333333333334,354,312,334
Kalayapalem,14.492,79.542,28_515_shc_2024-25.5132,176.0,25.1,142.1,0.42,0.0378499999642372,0.0485499985516071,0.0797500014305114,0.0904499962925911,0.1481499969959259,0.246749997138977,0.3110499978065491,0.335999995470047,0.3452999889850616,0.3494000136852264,0.1783999949693679,0.0988999977707862,0.5758002400398254,0.3879995942115783,0.4053117240101949,0.3975659798597644,0.5309523940086365,59,1,314,183,0.2088673909505208,303.21995014614527,302.4927227020264,0.0008482651159712,1439.0,885.3333333333334,553.6666666666666,333,289,378
Damaramadugu,14.492,79.932,28_515_shc_2024-25.20592,138.0,17.5,142.1,0.58,0.0530500002205371,0.0786999985575676,0.1120000034570694,0.1225000023841857,0.1836500018835067,0.2189500033855438,0.2635999917984009,0.2658999860286712,0.2813999950885772,0.3019999861717224,0.2626500129699707,0.1723500043153762,0.369206964969635,0.1829607039690017,0.2541381322631821,0.2421206419092916,0.9877774715423584,25,1,134,177,0.2164573669433593,303.1242741478814,302.3266202714708,0.0010213323722103,1431.1666666666667,893.6666666666666,537.25,355,325,320
Inamadugu,14.492,80.018,28_515_shc_2024-25.14031,163.0,38.0,155.0,0.33,0.0447999984025955,0.0441999994218349,0.0653500035405159,0.0509999990463256,0.1180500015616417,0.2451000064611435,0.284850001335144,0.2847999930381775,0.3103500008583069,0.3122499883174896,0.212349995970726,0.1240999996662139,0.6962477564811707,0.4139257669448852,0.4641467393426149,0.4195979831408282,0.7456109523773193,17,1,134,177,0.1884764777289496,303.038862906562,302.2631165822347,0.0010014368456039,1438.0833333333333,896.0,542.1666666666666,328,351,321
Inamadugu,14.492,80.032,28_515_shc_2024-25.7424,163.0,117.0,103.3,0.45,0.0725999996066093,0.0709000006318092,0.1013000011444091,0.1070000007748603,0.1894000023603439,0.2511000037193298,0.2703999876976013,0.2808000147342682,0.3001999855041504,0.313400000333786,0.3339999914169311,0.2903000116348266,0.4481691718101501,0.1943853944540023,0.3123539990109187,0.2936472362974757,1.1894586086273191,16,2,296,186,0.1884764777289496,303.038862906562,302.2631165822347,0.0010014368456039,1438.0833333333333,896.0,542.1666666666666,355,310,335
Bhogasamudram,14.498,79.682,28_515_shc_2024-25.12074,88.0,48.0,58.1,0.38,0.0562000013887882,0.0830499976873397,0.1112999990582466,0.1388999968767166,0.1733500063419342,0.2456000000238418,0.2742500007152557,0.2863000035285949,0.303600013256073,0.3138999938964844,0.3028500080108642,0.2181500047445297,0.3466604053974151,0.2457304298877716,0.246187774859699,0.2389753673594444,1.0578064918518066,45,2,116,174,0.2181639777289496,303.14819450378417,302.3641039954292,0.0009256020248584,1434.0,878.0833333333334,555.9166666666666,326,286,388
Sajjapuram,14.498,79.822,28_515_shc_2024-25.2842,301.0,18.1,232.5,0.53,0.0545499995350837,0.0802500024437904,0.1077999994158744,0.1406999975442886,0.1773499995470047,0.2597000002861023,0.3098999857902527,0.3068000078201294,0.3330000042915344,0.325650006532669,0.3305999934673309,0.2566500008106231,0.3711732029914856,0.2673758268356323,0.2680545678728232,0.2629551598977939,1.0775749683380127,31,1,46,177,0.221910900539822,303.050776969062,302.27999483744304,0.0009831981735486,1424.1666666666667,883.0,541.25,325,327,348
Jonnawada,14.498,79.868,28_515_shc_2024-25.17273,151.0,164.0,180.0,1.35,0.0620499998331069,0.0768999978899955,0.1150000020861625,0.1413999944925308,0.2010000050067901,0.2785499989986419,0.3273999989032745,0.3463999927043915,0.3643499910831451,0.331849992275238,0.3590500056743622,0.2585999965667724,0.4202542006969452,0.2656192779541015,0.3167392869779295,0.3112978348890072,1.0365184545516968,29,1,0,180,0.2164573669433593,303.1242741478814,302.3266202714708,0.0010213323722103,1422.0,886.9166666666666,535.25,350,333,317
Damaramadugu,14.498,79.932,28_515_shc_2024-25.12062,201.0,18.6,355.1,0.91,0.0766500011086463,0.1017000004649162,0.1357000023126602,0.151199996471405,0.1889999955892563,0.2554500102996826,0.2822000086307525,0.2888000011444092,0.3030999898910522,0.3121500015258789,0.3167999982833862,0.2533000111579895,0.3127272725105285,0.2088740170001983,0.2400139663884225,0.2195744760989495,1.0969529151916504,23,4,256,192,0.2164573669433593,303.1242741478814,302.3266202714708,0.0010213323722103,1431.1666666666667,893.6666666666666,537.25,365,328,307
Padugupadu,14.498,80.002,28_515_shc_2024-25.15511,138.0,62.0,284.1,0.82,0.0582999996840953,0.0697999969124794,0.1055499985814094,0.1119000017642974,0.1613499969244003,0.2627499997615814,0.302700012922287,0.3093000054359436,0.3165499866008758,0.3084000051021576,0.2668499946594238,0.1932500004768371,0.4686609804630279,0.3143525123596191,0.3386631868727174,0.3214285748948176,0.8627545833587646,20,2,116,174,0.1884764777289496,303.038862906562,302.2631165822347,0.0010014368456039,1438.0833333333333,896.0,542.1666666666666,332,333,335
Punnur,14.498,80.102,28_515_shc_2024-25.13242,176.0,70.0,290.0,1.08,0.0524999983608722,0.0653999969363212,0.0891999974846839,0.0857999995350837,0.1393000036478042,0.2822000086307525,0.3970000147819519,0.3668000102043152,0.4198000133037567,0.4108999967575073,0.181099995970726,0.095499999821186,0.620857298374176,0.4495159089565277,0.5049960544353621,0.4424732434331552,0.4937295317649841,10,2,90,174,0.1528653038872612,303.0166895124647,302.1325176239014,0.0009959506953059,1407.5,893.0,514.5,331,320,349
Kulluru,14.502,79.378,28_515_shc_2024-25.18418,125.0,157.0,174.0,1.01,0.031700000166893,0.0414000004529953,0.0700000002980232,0.0498000010848045,0.1126499995589256,0.2879500091075897,0.3370999991893768,0.3458000123500824,0.3703500032424927,0.3460499942302704,0.2169999927282333,0.1101000010967254,0.748230516910553,0.5085614919662476,0.5546810730732508,0.4957570458212114,0.6275303363800049,75,2,27,177,0.2115113576253255,302.933882437812,302.08073268466524,0.0008139759672833,1438.5,869.3333333333334,568.8333333333334,372,249,379
Thopugunta,14.502,79.448,28_515_shc_2024-25.2937,163.0,164.0,303.0,0.56,0.0397000014781951,0.049600001424551,0.0760999992489814,0.0621000006794929,0.1251000016927719,0.332500010728836,0.3849500119686126,0.3880000114440918,0.4042499959468841,0.3695499897003174,0.2365999966859817,0.1384000033140182,0.7240613102912903,0.5123757719993591,0.5867420596813153,0.514524797293983,0.6097937822341919,81,1,226,183,0.2115113576253255,302.933882437812,302.08073268466524,0.0008139759672833,1444.75,881.0,563.75,344,265,391
Paderu,14.502,79.618,28_515_shc_2024-25.5405,88.0,52.7,77.5,0.24,0.0390999987721443,0.0619000010192394,0.0922499969601631,0.1108999997377395,0.1536000072956085,0.2063000053167343,0.2290499955415725,0.2291000038385391,0.2602500021457672,0.2596000134944916,0.2943499982357025,0.2110999971628189,0.3476470708847046,0.1972824484109878,0.2066072444421641,0.2110714349956536,1.2848100662231443,58,1,180,180,0.2130768669976128,303.19962679545085,302.4607023027208,0.0008794198901265,1435.4166666666667,885.5,549.9166666666666,329,291,380
Somarajupalle,14.505459,80.142604,28_515_shc_2024-25.13920,125.0,25.0,277.0,1.38,0.0557500012218952,0.066100001335144,0.1015499979257583,0.1186000034213066,0.152549996972084,0.2363499999046325,0.2636500000953674,0.2804999947547912,0.2822000086307525,0.2727499902248382,0.2554500102996826,0.1848500072956085,0.4056627154350281,0.295462429523468,0.2704915139562791,0.2701034228593807,0.910695254802704,9,1,226,183,0.1528653038872612,303.0166895124647,302.1325176239014,0.0009959506953059,1411.3333333333333,894.0,517.5,355,329,315
Kaluvoya,14.508,79.432,28_515_shc_2024-25.1964,138.0,35.0,251.0,0.9,0.0319500006735324,0.0633499994874,0.0939500033855438,0.1204999983310699,0.1434500068426132,0.2233999967575073,0.2508000135421753,0.2721999883651733,0.2785499989986419,0.2660999894142151,0.2589499950408935,0.1832000017166137,0.3862999677658081,0.3097557723522186,0.2494942549066533,0.2549008496048997,0.9513225555419922,88,4,153,174,0.2115113576253255,302.933882437812,302.08073268466524,0.0008139759672833,1444.75,881.0,563.75,310,281,409
Panchedu,14.508,79.852,28_515_shc_2024-25.9426,163.0,69.9,219.5,0.17,0.0498999990522861,0.060199998319149,0.0898000001907348,0.0945999994874,0.1500999927520752,0.24269999563694,0.2867000102996826,0.2996000051498413,0.3203999996185303,0.3145000040531158,0.252700001001358,0.1676999926567077,0.5200405716896057,0.33244389295578,0.3620117318934414,0.3438828079836661,0.8434579372406006,28,1,226,183,0.2164573669433593,303.1242741478814,302.3266202714708,0.0010213323722103,1403.1666666666667,884.75,518.3333333333334,357,320,322
Panchedu,14.508,79.868,28_515_shc_2024-25.5584,226.0,136.7,96.9,0.18,0.0518999993801116,0.069700002670288,0.0995500013232231,0.1261000037193298,0.1852499991655349,0.2670499980449676,0.304749995470047,0.3192000091075897,0.3512000143527984,0.361299991607666,0.2725000083446502,0.1798000037670135,0.4336402416229248,0.2655367255210876,0.3108399664712601,0.3064106676738441,0.8536967635154724,24,1,314,183,0.2164573669433593,303.1242741478814,302.3266202714708,0.0010213323722103,1403.1666666666667,884.75,518.3333333333334,353,327,321
Damaramadugu,14.508,79.922,28_515_shc_2024-25.12330,151.0,3.3,71.0,0.93,0.09009999781847,0.1040999963879585,0.1357000023126602,0.1771000027656555,0.1996999979019165,0.2295999974012375,0.2466499954462051,0.2513999938964844,0.2684000134468078,0.2776499986648559,0.3233500123023987,0.2880499958992004,0.1733955442905426,0.1146087273955345,0.1211478710414132,0.1200322962809847,1.2861974239349363,24,1,226,183,0.2164573669433593,303.1242741478814,302.3266202714708,0.0010213323722103,1405.0,886.25,519.0,357,319,324
Kovur,14.508,79.982,28_515_shc_2024-25.653,163.0,164.0,109.8,0.75,0.0891000032424926,0.1121999993920326,0.1456000059843063,0.1632000058889389,0.2161999940872192,0.2445999979972839,0.2594999969005584,0.30239999294281,0.2897000014781952,0.2996000051498413,0.3328999876976013,0.2951000034809112,0.298969030380249,0.1662167459726333,0.2416498574403271,0.2162385882699126,1.100859761238098,23,2,116,174,0.1884764777289496,303.038862906562,302.2631165822347,0.0010014368456039,1408.25,887.5,520.6666666666666,345,319,336
Inamadugu,14.508,80.018,28_515_shc_2024-25.15040,125.0,62.0,167.9,0.66,0.0376500003039836,0.0419999994337558,0.0733999982476234,0.0434000007808208,0.1144500002264976,0.3563500046730041,0.4314000010490417,0.4257999956607818,0.4558500051498413,0.4239000082015991,0.196150004863739,0.0979499965906143,0.8150042295455933,0.5763072371482849,0.6971995215854633,0.5918283062586688,0.460662305355072,19,1,90,177,0.1884764777289496,303.038862906562,302.2631165822347,0.0010014368456039,1412.25,892.9166666666666,519.4166666666666,346,334,319
Vegur,14.508,80.038,28_515_shc_2024-25.14815,163.0,43.0,135.6,0.72,0.0573999993503093,0.0756499990820884,0.0991000011563301,0.1146000027656555,0.1804500073194503,0.3024500012397766,0.3398999869823456,0.3519999980926513,0.3844999969005584,0.3470000028610229,0.2487500011920929,0.1579499989748001,0.5087869763374329,0.3221898674964905,0.4031313010046536,0.3684047099878848,0.7066761255264282,15,2,27,177,0.1884764777289496,303.038862906562,302.2631165822347,0.0010014368456039,1412.25,892.9166666666666,519.4166666666666,331,318,351
Kulluru,14.512,79.372,28_515_shc_2024-25.18447,113.0,129.0,116.0,0.9,0.0273499991744756,0.0381999984383583,0.0632499977946281,0.0581500008702278,0.1073499992489814,0.2161999940872192,0.286650002002716,0.2745000123977661,0.3100000023841858,0.3188999891281128,0.1459999978542328,0.0819500014185905,0.6503832936286926,0.4377373456954956,0.4045740271913416,0.3897496092236978,0.5318760871887207,67,1,270,183,0.2115113576253255,302.933882437812,302.08073268466524,0.0008139759672833,1437.0,857.25,579.8333333333334,366,244,390
Kaluvoya,14.512,79.412,28_515_shc_2024-25.11493,125.0,38.0,142.0,0.79,0.0549000017344951,0.0443999990820884,0.067900002002716,0.0595000013709068,0.1208000034093856,0.1959999948740005,0.2176000028848648,0.2445999979972839,0.2466000020503997,0.2610000073909759,0.2242999970912933,0.1781000047922134,0.608681321144104,0.3388067781925201,0.3647721793984324,0.3452928679986629,0.917007327079773,79,3,341,183,0.2115113576253255,302.933882437812,302.08073268466524,0.0008139759672833,1438.5,869.3333333333334,568.8333333333334,342,283,376
Kaluvoya,14.512,79.422,28_515_shc_2024-25.21415,125.0,165.0,155.0,1.07,0.0368999987840652,0.0641499981284141,0.0921000018715858,0.0908999964594841,0.1289000064134597,0.2164999991655349,0.2470500022172927,0.2542999982833862,0.2664999961853027,0.2600499987602234,0.2538000047206878,0.1856999993324279,0.4733487963676452,0.327244222164154,0.3098041501803694,0.2899905398253325,0.9980338215827942,80,1,90,177,0.2115113576253255,302.933882437812,302.08073268466524,0.0008139759672833,1444.75,881.0,563.75,332,270,398
Penuballe,14.512,79.882,28_515_shc_2024-25.11648,138.0,131.0,116.0,1.05,0.0500999987125396,0.0559000000357627,0.0901999995112419,0.0830999985337257,0.1420499980449676,0.2646999955177307,0.3064999878406524,0.3145999908447265,0.3359000086784363,0.3285500109195709,0.2293999940156936,0.1388500034809112,0.582097053527832,0.3778604865074157,0.4151870499965446,0.3868218698620342,0.7291799187660217,26,2,244,186,0.2164573669433593,303.1242741478814,302.3266202714708,0.0010213323722103,1406.1666666666667,887.0,519.0833333333334,372,322,306
Kovur,14.512,79.968,28_515_shc_2024-25.7482,176.0,164.0,174.3,0.52,0.0899000018835067,0.0892999991774559,0.1260000020265579,0.1456000059843063,0.2022999972105026,0.2610999941825866,0.2892000079154968,0.2978000044822693,0.3136000037193298,0.3158000111579895,0.323199987411499,0.259799987077713,0.3432566523551941,0.1909618228673935,0.2533879295760516,0.2419970269388003,1.085292100906372,22,0,0,180,0.1884764777289496,303.038862906562,302.2631165822347,0.0010014368456039,1408.25,887.5,520.6666666666666,348,323,329
Kovur,14.512,79.992,28_515_shc_2024-25.15284,188.0,164.0,187.3,0.55,0.0597000010311603,0.0912000015377998,0.1115999966859817,0.1254000067710876,0.1809999942779541,0.2518999874591827,0.3179999887943268,0.3424000144004822,0.3601999878883362,0.3407000005245209,0.3337999880313873,0.2281000018119812,0.4638734459877014,0.3083683848381042,0.3845335996234552,0.3363298246780961,0.9748830795288086,16,2,64,174,0.1884764777289496,303.038862906562,302.2631165822347,0.0010014368456039,1408.25,887.5,520.6666666666666,354,311,335
Inamadugu,14.512,80.018,28_515_shc_2024-25.14962,63.0,17.0,568.2,0.42,0.0466499999165535,0.0544999986886978,0.0833500027656555,0.0576499998569488,0.1269499957561493,0.3552500009536743,0.4211499989032745,0.4115999937057495,0.4417499899864197,0.372649997472763,0.2209500074386596,0.1233000010251998,0.7542887330055237,0.5285488963127136,0.656070422882138,0.5477688875928342,0.5368075966835022,19,1,46,177,0.1884764777289496,303.038862906562,302.2631165822347,0.0010014368456039,1412.25,892.9166666666666,519.4166666666666,351,321,328
Pallipadu,14.512,80.062,28_515_shc_2024-25.13873,113.0,19.0,161.0,0.78,0.0739500001072883,0.1019999980926513,0.1360000073909759,0.1743000000715255,0.2334499955177307,0.2791000008583069,0.3337999880313873,0.3172000050544739,0.3463999927043915,0.299450010061264,0.3183999955654144,0.2653500139713287,0.2907426357269287,0.1520929932594299,0.223560705903245,0.2161876009745284,1.003783106803894,12,1,270,183,0.1528653038872612,303.0166895124647,302.1325176239014,0.0009959506953059,1417.9166666666667,892.75,524.9166666666666,327,338,336
Kakivaya,14.515,79.485,28_515_shc_2024-25.9715,301.0,102.6,180.8,0.44,0.0291499998420476,0.0368999987840652,0.0592000000178813,0.0386499986052513,0.097350001335144,0.2569000124931335,0.3479999899864197,0.3504000008106231,0.3817000091075897,0.3670499920845032,0.1597499996423721,0.0768000036478042,0.8013108968734741,0.5651591420173645,0.596970628915917,0.5259827946856732,0.4559075236320495,70,1,0,180,0.2088673909505208,303.21995014614527,302.4927227020264,0.0008482651159712,1445.4166666666667,894.25,551.3333333333334,332,271,396
Chejerla,14.515,79.565,28_515_shc_2024-25.19057,88.0,52.4,129.1,0.19,0.0514499992132186,0.0725499987602233,0.1005999967455864,0.1262000054121017,0.1702499985694885,0.2333499938249588,0.2615000009536743,0.2712999880313873,0.2976999878883362,0.2953499853610992,0.340499997138977,0.2319999933242797,0.3650314211845398,0.2288528829813003,0.2443789131891569,0.2425069365113401,1.2550681829452517,61,2,180,180,0.2130768669976128,303.19962679545085,302.4607023027208,0.0008794198901265,1438.0,890.5,547.5,332,299,369
Patur,14.515,79.945,28_515_shc_2024-25.14230,176.0,164.0,180.8,0.36,0.0615999996662139,0.045499999076128,0.0750000029802322,0.0577000007033348,0.1132000014185905,0.2395000010728836,0.2766999900341034,0.301800012588501,0.3118999898433685,0.3032000064849853,0.2236000001430511,0.1352999955415725,0.678998589515686,0.4544578492641449,0.4669982924258811,0.4260035045554167,0.7408879995346069,26,1,226,183,0.2164573669433593,303.1242741478814,302.3266202714708,0.0010213323722103,1405.0,886.25,519.0,384,303,313
Kaluvoya,14.518,79.392,28_515_shc_2024-25.4000,138.0,70.0,644.0,0.44,0.0327499993145465,0.0496999993920326,0.0882999971508979,0.0910999998450279,0.1733999997377395,0.2678000032901764,0.3305999934673309,0.3382000029087066,0.3534500002861023,0.3675499856472015,0.1930499970912933,0.1075500026345253,0.5755881667137146,0.3221266567707062,0.4085513078190742,0.3988485994804637,0.5708160996437073,72,1,226,183,0.2115113576253255,302.933882437812,302.08073268466524,0.0008139759672833,1438.5,869.3333333333334,568.8333333333334,345,283,372
Paderu,14.518,79.632,28_515_shc_2024-25.5504,138.0,164.0,142.1,0.16,0.0304499994963407,0.0401500016450881,0.0688999965786933,0.0672499984502792,0.1247000023722648,0.2450499981641769,0.2863500118255615,0.2924999892711639,0.3157500028610229,0.292849987745285,0.2239000052213668,0.1440500020980835,0.6261292695999146,0.4022051393985748,0.4037100027733066,0.3929921384782825,0.7654701471328735,56,2,64,174,0.2130768669976128,303.19962679545085,302.4607023027208,0.0008794198901265,1430.3333333333333,883.9166666666666,546.4166666666666,308,317,375
Golla Kandukur,14.518,79.802,28_515_shc_2024-25.4096,151.0,62.2,226.0,0.31,0.0636000037193298,0.0608000010251998,0.0869000032544136,0.1050999984145164,0.1562000066041946,0.2492499947547912,0.2885499894618988,0.3120000064373016,0.3172999918460846,0.2954500019550323,0.3152999877929687,0.2127500027418136,0.4960441291332245,0.3327637612819671,0.3479416277427788,0.3384036750543067,1.010576844215393,35,1,134,177,0.221910900539822,303.050776969062,302.27999483744304,0.0009831981735486,1410.4166666666667,881.25,529.0833333333334,347,291,362
Chellayapalem,14.518,79.892,28_515_shc_2024-25.5760,113.0,164.0,644.0,0.65,0.070150002837181,0.0690499991178512,0.1054000034928321,0.0770500004291534,0.120849996805191,0.1105500012636184,0.1206500008702278,0.0905999988317489,0.1133999973535537,0.2351000010967254,0.1085999980568885,0.0732999965548515,0.0808231309056282,-0.1430598199367523,0.0327286739391934,0.0304425936140093,1.198675513267517,25,3,215,186,0.2164573669433593,303.1242741478814,302.3266202714708,0.0010213323722103,1406.1666666666667,887.0,519.0833333333334,357,321,323
Damaramadugu,14.518,79.908,28_515_shc_2024-25.5601,113.0,128.3,167.9,0.39,0.0593499988317489,0.0836500003933906,0.1097000017762184,0.1324999928474426,0.186949998140335,0.2372500002384185,0.2685999870300293,0.263700008392334,0.2924500107765198,0.2721999883651733,0.2874499857425689,0.2115499973297119,0.3311459124088287,0.1703095734119415,0.2291583305326039,0.2195938663747932,1.0900644063949585,24,2,333,183,0.2164573669433593,303.1242741478814,302.3266202714708,0.0010213323722103,1406.1666666666667,887.0,519.0833333333334,358,342,300
Golla Kandukur,14.522,79.798,28_515_shc_2024-25.11441,63.0,79.7,142.1,0.28,0.0401999987661838,0.0544000007212162,0.0802000015974044,0.0807999968528747,0.1328999996185302,0.2415000051259994,0.2777999937534332,0.2865999937057495,0.3120999932289123,0.3404000103473663,0.225600004196167,0.1308999955654144,0.5601524114608765,0.3663885593414306,0.377365412699378,0.3558911674422577,0.7871598601341248,31,1,180,180,0.221910900539822,303.050776969062,302.27999483744304,0.0009831981735486,1410.4166666666667,881.25,529.0833333333334,341,305,354
Annareddipalem,14.522,79.832,28_515_shc_2024-25.39,176.0,35.0,322.0,1.2,0.0447999984025955,0.0483999997377395,0.0769999995827674,0.0610000006854534,0.1130999997258186,0.2215999960899353,0.2809999883174896,0.2989999949932098,0.2951000034809112,0.3091000020503998,0.1765999943017959,0.0996999964118003,0.6611111164093018,0.4511041045188904,0.4569892360054491,0.4151162712273161,0.5906354188919067,35,2,333,183,0.221910900539822,303.050776969062,302.27999483744304,0.0009831981735486,1410.4166666666667,881.25,529.0833333333334,323,333,344
Panchedu,14.522,79.842,28_515_shc_2024-25.12066,201.0,164.0,148.5,0.75,0.0385500006377697,0.0538999997079372,0.0879499986767768,0.0984499976038932,0.1438000053167343,0.2548500001430511,0.2989999949932098,0.3093000054359436,0.3250499963760376,0.3237000107765198,0.2425000071525573,0.1507000029087066,0.5171060562133789,0.3652615249156952,0.3524151910138779,0.3484164259861706,0.7840284705162048,28,3,314,186,0.221910900539822,303.050776969062,302.27999483744304,0.0009831981735486,1403.1666666666667,884.75,518.3333333333334,346,327,328
Panchedu,14.522,79.848,28_515_shc_2024-25.9196,201.0,164.0,148.5,0.75,0.0493000000715255,0.062899999320507,0.0962999984622001,0.1115999966859817,0.1619500070810318,0.2870999872684479,0.3382500112056732,0.3389999866485595,0.3787499964237213,0.3732500076293945,0.287200003862381,0.1600500047206878,0.504660427570343,0.353428453207016,0.3699124737713779,0.3588259950808611,0.8471977114677429,29,2,90,174,0.221910900539822,303.050776969062,302.27999483744304,0.0009831981735486,1403.1666666666667,884.75,518.3333333333334,356,326,318
Chellayapalem,14.522,79.888,28_515_shc_2024-25.11681,176.0,164.0,560.0,1.08,0.0394500009715557,0.0421499982476234,0.066500000655651,0.0590000003576278,0.1108499988913536,0.2269999980926513,0.2716499865055084,0.2741000056266784,0.2953000068664551,0.2993499934673309,0.2360000014305114,0.1472000032663345,0.6457520127296448,0.4240810573101043,0.409878240515187,0.3872884474683989,0.8609996438026428,30,1,180,180,0.2164573669433593,303.1242741478814,302.3266202714708,0.0010213323722103,1406.1666666666667,887.0,519.0833333333334,370,307,324
Leguntapadu,14.522,80.028,28_515_shc_2024-25.10352,125.0,52.4,310.4,0.52,0.0463000014424324,0.0555999986827373,0.1049999967217445,0.0916000008583068,0.1791000068187713,0.2842999994754791,0.3513000011444092,0.3684000074863434,0.390500009059906,0.3596999943256378,0.2799000144004822,0.165800005197525,0.6017391085624695,0.3457534313201904,0.4610259868019916,0.4325000065968682,0.759772002696991,12,2,180,180,0.1884764777289496,303.038862906562,302.2631165822347,0.0010014368456039,1412.25,892.9166666666666,519.4166666666666,348,335,317
Yanamadala,14.528,79.518,28_515_shc_2024-25.4820,113.0,127.8,187.3,0.58,0.0470499992370605,0.0754000023007392,0.1137000024318695,0.1142999976873397,0.1641999930143356,0.2485000044107437,0.2863500118255615,0.3030999898910522,0.3167000114917755,0.326200008392334,0.264299988746643,0.1764000058174133,0.4523239135742187,0.2972394526004791,0.3316003893386481,0.3086984871812734,0.8719894289970398,54,2,27,177,0.2088673909505208,303.21995014614527,302.4927227020264,0.0008482651159712,1435.3333333333333,895.6666666666666,539.5833333333334,336,258,406
Yanamadala,14.528,79.522,28_515_shc_2024-25.9022,88.0,52.4,122.7,0.48,0.0480999983847141,0.0598499998450279,0.0798000022768974,0.0892999991774559,0.1422500014305114,0.2230499982833862,0.2745999991893768,0.2847999930381775,0.3081499934196472,0.3091999888420105,0.2383500039577484,0.1603499948978424,0.5225875377655029,0.333801656961441,0.3563031864817264,0.3354879228951417,0.8369030952453613,57,4,90,168,0.2088673909505208,303.21995014614527,302.4927227020264,0.0008482651159712,1435.3333333333333,895.6666666666666,539.5833333333334,338,265,397
Nallapalem,14.528,79.772,28_515_shc_2024-25.12013,163.0,30.6,71.0,0.23,0.0373000018298625,0.0362999998033046,0.0766000002622604,0.0403999984264373,0.1199999973177909,0.3407000005245209,0.3993000090122223,0.3916000127792358,0.4097999930381775,0.3481999933719635,0.2054000049829483,0.1032000035047531,0.8129629492759705,0.5308835506439209,0.6447586067771063,0.5652360678061663,0.5245147943496704,35,3,108,171,0.221910900539822,303.050776969062,302.27999483744304,0.0009831981735486,1431.8333333333333,881.5,550.4166666666666,358,314,327
Rebala,14.528,79.882,28_515_shc_2024-25.12735,138.0,109.0,167.0,0.83,0.0576499998569488,0.0781999975442886,0.1174999997019767,0.1394000053405761,0.1898999959230423,0.2539499998092651,0.2790499925613403,0.2980999946594238,0.2978000044822693,0.2973000109195709,0.3549500107765198,0.2869499921798706,0.3627428412437439,0.2217213064432144,0.2562984248919578,0.2539199829101562,1.1907079219818115,24,2,90,174,0.2164573669433593,303.1242741478814,302.3266202714708,0.0010213323722103,1406.1666666666667,887.0,519.0833333333334,360,308,333
Patur,14.528,79.952,28_515_shc_2024-25.14129,125.0,164.0,71.0,0.28,0.050000000745058,0.065600000321865,0.0995000004768371,0.0988000035285949,0.1617999970912933,0.2569999992847442,0.2896000146865845,0.319599986076355,0.3319999873638153,0.326799988746643,0.3073000013828277,0.2052000015974044,0.5277246236801147,0.3277939260005951,0.3886228910805558,0.3606271532778499,0.961514413356781,19,2,116,174,0.1884764777289496,303.038862906562,302.2631165822347,0.0010014368456039,1405.0,886.25,519.0,358,305,337
Cherlopalem,14.528,80.018,28_515_shc_2024-25.10100,188.0,89.5,90.4,0.93,0.0571999996900558,0.0791999995708465,0.1143999993801117,0.1435000002384185,0.2026000022888183,0.2448000013828277,0.2791999876499176,0.2802999913692474,0.3064999878406524,0.3312999904155731,0.3085500001907348,0.2102999985218048,0.3227937519550323,0.1609028577804565,0.2210301678453588,0.2221259889157813,1.1007848978042605,17,2,207,183,0.1884764777289496,303.038862906562,302.2631165822347,0.0010014368456039,1412.25,892.9166666666666,519.4166666666666,371,316,313
Modegunta,14.528,80.018,28_515_shc_2024-25.7487,163.0,18.6,64.6,0.68,0.0571999996900558,0.0791999995708465,0.1143999993801117,0.1435000002384185,0.2026000022888183,0.2448000013828277,0.2791999876499176,0.2802999913692474,0.3064999878406524,0.3312999904155731,0.3085500001907348,0.2102999985218048,0.3227937519550323,0.1609028577804565,0.2210301678453588,0.2221259889157813,1.1007848978042605,17,2,207,183,0.1884764777289496,303.038862906562,302.2631165822347,0.0010014368456039,1412.25,892.9166666666666,519.4166666666666,371,316,313
Pelleru,14.532,79.658,28_515_shc_2024-25.5208,213.0,34.9,174.3,0.34,0.0551999993622303,0.0813999995589256,0.1080000028014183,0.0916000008583068,0.1782000064849853,0.3152999877929687,0.3731000125408172,0.3871999979019165,0.4074000120162964,0.3860000073909759,0.2852999866008758,0.1806000024080276,0.6173767447471619,0.3696497976779938,0.5571891646425422,0.4530036740161808,0.7368285059928894,58,2,64,174,0.2181639777289496,303.14819450378417,302.3641039954292,0.0009256020248584,1430.3333333333333,883.9166666666666,546.4166666666666,311,325,363
Annareddipalem,14.532,79.832,28_515_shc_2024-25.20990,251.0,5.5,83.9,0.32,0.0520000010728836,0.0741999968886375,0.1110000014305114,0.1387999951839447,0.1880999952554702,0.2675999999046325,0.3147000074386596,0.2984000146389007,0.3422000110149383,0.3558999896049499,0.2870999872684479,0.1958999931812286,0.365050345659256,0.2267215102910995,0.2533816259206488,0.2554417698178287,0.9621312618255616,31,0,0,180,0.221910900539822,303.050776969062,302.27999483744304,0.0009831981735486,1410.4166666666667,881.25,529.0833333333334,350,310,340
Annareddipalem,14.532,79.838,28_515_shc_2024-25.15077,63.0,25.0,283.0,0.9,0.0481499992311,0.0676499977707862,0.091399997472763,0.1058999970555305,0.1646499931812286,0.2636500000953674,0.3091999888420105,0.2973999977111816,0.3394500017166137,0.3398500084877014,0.2466499954462051,0.1559000015258789,0.4748326241970062,0.2873065769672394,0.3358647440069907,0.3180006671622558,0.8293544054031372,30,2,90,174,0.221910900539822,303.050776969062,302.27999483744304,0.0009831981735486,1403.1666666666667,884.75,518.3333333333334,345,341,315
Duvvuru,14.532,79.868,28_515_shc_2024-25.20374,138.0,20.7,122.7,0.16,0.0425000004470348,0.0416000001132488,0.0674000009894371,0.0408000014722347,0.1111000031232833,0.1305000036954879,0.1412999927997589,0.0813999995589256,0.1335999965667724,0.2481999993324279,0.1128999963402748,0.0772999972105026,0.3322422206401825,-0.154285728931427,0.1000788744447205,0.0978784908857408,1.3869777917861938,26,3,108,171,0.2164573669433593,303.1242741478814,302.3266202714708,0.0010213323722103,1403.1666666666667,884.75,518.3333333333334,352,324,324
Varekuntapadu,14.535,79.365,28_515_shc_2024-25.20064,251.0,10.9,38.7,0.48,0.0388999991118907,0.0396500006318092,0.0639500021934509,0.0473500005900859,0.1128000020980835,0.2501499950885772,0.3363499939441681,0.3425999879837036,0.3716999888420105,0.3264000117778778,0.1460999995470047,0.0707499980926513,0.7571483254432678,0.5046113133430481,0.5552629912335083,0.4976403020131122,0.4264448583126068,74,0,0,180,0.2115113576253255,302.933882437812,302.08073268466524,0.0008139759672833,1437.0,857.25,579.8333333333334,335,239,426
Chejerla,14.535,79.545,28_515_shc_2024-25.17907,213.0,36.0,200.2,0.13,0.0350000001490116,0.0457499995827674,0.0748500004410743,0.0780500024557113,0.1377999931573867,0.231900006532669,0.269349992275238,0.2851999998092651,0.3066999912261963,0.2870500087738037,0.1594499945640564,0.0925000011920929,0.5702683925628662,0.3484633862972259,0.3671895679479748,0.35994786587322,0.5590813159942627,53,0,0,180,0.2088673909505208,303.21995014614527,302.4927227020264,0.0008482651159712,1438.0,890.5,547.5,313,282,405
Duvvuru,14.538,79.868,28_515_shc_2024-25.20956,213.0,27.3,142.1,0.26,0.0531999990344047,0.0715999975800514,0.1028999984264373,0.1337999999523162,0.1727000027894973,0.247649997472763,0.2728999853134155,0.291700005531311,0.3039999902248382,0.2963500022888183,0.3378500044345855,0.2434999942779541,0.371092826128006,0.2562446296215057,0.2534510484867059,0.2559157287575858,1.158210515975952,26,1,270,183,0.2164573669433593,303.1242741478814,302.3266202714708,0.0010213323722103,1403.1666666666667,884.75,518.3333333333334,354,325,322
North Rajupalem,14.538,79.992,28_515_shc_2024-25.2215,213.0,34.9,129.1,0.45,0.0636000037193298,0.0810000002384185,0.1052000001072883,0.1184000000357627,0.1465000063180923,0.1908999979496002,0.2101999968290329,0.1591999977827072,0.2122000008821487,0.2175000011920929,0.2101999968290329,0.1731999963521957,0.1469740569591522,0.0415439680218696,0.0808176805908638,0.0787036995783322,1.3203517198562622,20,5,270,195,0.1884764777289496,303.038862906562,302.2631165822347,0.0010014368456039,1408.25,887.5,520.6666666666666,354,331,314
Mudivarthi Palem,14.538162,80.120114,28_515_shc_2024-25.13124,88.0,1.0,206.0,1.37,0.0706999972462654,0.097800001502037,0.1394000053405761,0.1573999971151352,0.1802999973297119,0.2693000137805938,0.3012000024318695,0.3384000062942505,0.3289999961853027,0.3278000056743622,0.3111000061035156,0.2422000020742416,0.3650665879249573,0.3048004806041717,0.2920674042826522,0.2726451223530032,0.9193262457847596,12,3,72,171,0.1528653038872612,303.0166895124647,302.1325176239014,0.0009959506953059,1405.5833333333333,892.6666666666666,512.75,360,311,329
Mudivarthi Palem,14.541441,80.127919,28_515_shc_2024-25.13371,75.0,17.0,290.0,1.0,0.063400000333786,0.0869999974966049,0.1216000020503997,0.133200004696846,0.1844999939203262,0.2572000026702881,0.2894000113010406,0.3100000023841858,0.3125999867916107,0.3147000074386596,0.294400006532669,0.2266000062227249,0.3989169597625732,0.2537917196750641,0.3034255366562185,0.2811704776717902,0.9496774077415466,7,0,0,180,0.1528653038872612,303.0166895124647,302.1325176239014,0.0009959506953059,1411.3333333333333,894.0,517.5,351,316,333
Chejerla,14.542,79.562,28_515_shc_2024-25.17906,176.0,116.8,161.4,0.14,0.0421999990940094,0.063400000333786,0.0953999981284141,0.1057000011205673,0.1579000055789947,0.2594000101089477,0.3090499937534332,0.3104999959468841,0.3401499986648559,0.3299500048160553,0.2337500005960464,0.1431999951601028,0.492071121931076,0.3257898986339569,0.3484889647479116,0.3352979624784466,0.7528180480003357,50,1,134,177,0.2130768669976128,303.19962679545085,302.4607023027208,0.0008794198901265,1434.25,897.0833333333334,537.0833333333334,318,326,356
Chejerla,14.542,79.568,28_515_shc_2024-25.5000,201.0,127.8,58.1,0.45,0.0379500016570091,0.0529000014066696,0.0753500014543533,0.0671000033617019,0.1333499997854232,0.2619000077247619,0.3034000098705292,0.3185999989509582,0.3425000011920929,0.3444499969482422,0.1643999963998794,0.0979000031948089,0.6520611643791199,0.4098904728889465,0.4747253462978591,0.4259342806806404,0.5160075426101685,51,1,180,180,0.2130768669976128,303.19962679545085,302.4607023027208,0.0008794198901265,1434.25,897.0833333333334,537.0833333333334,342,313,345
Pathapadu,14.542,79.612,28_515_shc_2024-25.12782,88.0,79.7,258.3,0.39,0.0470499992370605,0.0467000007629394,0.0702999979257583,0.0579999983310699,0.1062500029802322,0.2052000015974044,0.2424000054597854,0.2558000087738037,0.2597500085830688,0.270900011062622,0.1737499982118606,0.1033499985933303,0.6303378343582153,0.4130645096302032,0.3944797007324255,0.364585909404969,0.6792415380477905,49,2,244,186,0.2130768669976128,303.19962679545085,302.4607023027208,0.0008794198901265,1431.4166666666667,892.4166666666666,539.0,331,324,346
Duvvuru,14.542,79.848,28_515_shc_2024-25.20934,263.0,6.6,96.9,0.82,0.0443000011146068,0.0564499981701374,0.0860999971628189,0.0913000032305717,0.1190000027418136,0.1935999989509582,0.2186499983072281,0.2260999977588653,0.2331500053405761,0.1912000030279159,0.1895000040531158,0.1326999962329864,0.4247006773948669,0.3103448152542114,0.2495325733463619,0.2473696984923949,0.8381247520446777,32,1,180,180,0.221910900539822,303.050776969062,302.27999483744304,0.0009831981735486,1390.1666666666667,886.0833333333334,504.1666666666667,339,339,322
North Rajupalem,14.542,79.988,28_515_shc_2024-25.3360,88.0,62.2,90.4,0.23,0.0494999997317791,0.068400003015995,0.1006999984383583,0.0908000022172927,0.1626999974250793,0.2829000055789947,0.3314000070095062,0.3436000049114227,0.376800000667572,0.3556999862194061,0.2885999977588653,0.1886000037193298,0.5819520950317383,0.3572980463504791,0.4595026964950811,0.4058219190370354,0.8399301171302795,15,1,0,180,0.1884764777289496,303.038862906562,302.2631165822347,0.0010014368456039,1391.5,887.5,503.6666666666667,363,325,313
Telugurayapuram,14.545,79.455,28_515_shc_2024-25.7666,151.0,165.0,258.0,0.86,0.0421000011265277,0.0460500009357929,0.0754000023007392,0.070150002837181,0.1427499949932098,0.2535499930381775,0.3008500039577484,0.3143999874591827,0.3291999995708465,0.3506500124931335,0.1920499950647354,0.1211500018835067,0.6351579427719116,0.3754785060882568,0.4393222387317325,0.4141936362581955,0.6108460426330566,68,3,237,189,0.2088673909505208,303.21995014614527,302.4927227020264,0.0008482651159712,1434.1666666666667,890.8333333333334,543.3333333333334,339,272,388
Chejerla,14.545,79.575,28_515_shc_2024-25.4573,176.0,1.1,77.5,0.26,0.0234500002115964,0.0383000001311302,0.0630000010132789,0.0483999997377395,0.0966999977827072,0.2207500040531158,0.2881500124931335,0.3088999986648559,0.3213500082492828,0.3156000077724457,0.1539500057697296,0.0816499963402748,0.7290791869163513,0.5231755375862122,0.4963606564153177,0.455791437208396,0.4983813762664795,51,1,314,183,0.2130768669976128,303.19962679545085,302.4607023027208,0.0008794198901265,1434.25,897.0833333333334,537.0833333333334,323,324,353
Vavveru,14.545,79.885,28_515_shc_2023-24.6107,326.0,42.6,297.0,0.13,0.0555000007152557,0.0566000007092952,0.0825999975204467,0.090999998152256,0.1433999985456466,0.2494000047445297,0.2933999896049499,0.3188000023365021,0.325300008058548,0.2939999997615814,0.2754999995231628,0.1704999953508377,0.5558809041976929,0.37948939204216,0.3954037464582502,0.3755770565979366,0.8641781806945801,24,4,116,168,0.2164573669433593,303.1242741478814,302.3266202714708,0.0010213323722103,1391.3333333333333,885.3333333333334,506.3333333333333,346,318,336
Yellayapalem,14.545,79.935,28_515_shc_2024-25.10391,201.0,34.9,142.1,0.12,0.0439999997615814,0.0669500008225441,0.0863000005483627,0.0747999995946884,0.1365000009536743,0.261350005865097,0.3046000003814697,0.3082999885082245,0.3409000039100647,0.3562999963760376,0.2153999954462051,0.1228500008583068,0.6095014214515686,0.3862409889698028,0.465148693503811,0.3966141864894775,0.6986701488494873,23,1,46,177,0.2164573669433593,303.1242741478814,302.3266202714708,0.0010213323722103,1389.25,886.4166666666666,502.8333333333333,367,293,340
Ananthasagaram,14.548,79.368,28_515_shc_2024-25.3884,138.0,90.0,245.0,0.04,0.0379500016570091,0.0540499985218048,0.0816999971866607,0.0938500016927719,0.1428000032901764,0.1976500004529953,0.2198999971151352,0.2119999974966049,0.233250007033348,0.2825500071048736,0.264299988746643,0.2063000053167343,0.3863004744052887,0.1950394362211227,0.2156454656726358,0.2199230550152314,1.246698021888733,70,2,180,180,0.2115113576253255,302.933882437812,302.08073268466524,0.0008139759672833,1436.5,862.5833333333334,574.0,358,240,402
Viroor,14.548,79.742,28_515_shc_2024-25.5172,63.0,40.4,413.3,1.08,0.0475500002503395,0.0649000033736229,0.0926999971270561,0.1062000021338462,0.1458999961614608,0.2282499969005584,0.2616499960422516,0.2793999910354614,0.2852999866008758,0.3007000088691711,0.2486000061035156,0.1623000055551529,0.4491701126098633,0.3138960599899292,0.302828953214566,0.2933604170689673,0.8897638320922852,34,2,64,174,0.2181639777289496,303.14819450378417,302.3641039954292,0.0009256020248584,1433.75,883.25,550.4166666666666,332,305,363
Duvvuru,14.548,79.832,28_515_shc_2024-25.20942,151.0,33.8,180.8,0.92,0.0539500005543231,0.062449999153614,0.0875499993562698,0.09094999730587,0.1405500024557113,0.2186000049114227,0.2460999935865402,0.2696999907493591,0.2737999856472015,0.2753500044345855,0.2678500115871429,0.2057500034570694,0.4956328868865967,0.3148080110549927,0.3317495888601671,0.3115377841009482,0.9931405782699584,34,1,180,180,0.221910900539822,303.050776969062,302.27999483744304,0.0009831981735486,1402.6666666666667,885.0,517.6666666666666,331,336,333
Nagamambapuram,14.548,79.922,28_515_shc_2024-25.17294,163.0,90.0,142.0,0.75,0.048200000077486,0.0740000009536743,0.1070000007748603,0.1283999979496002,0.1951999962329864,0.2874000072479248,0.3327000141143799,0.3364000022411346,0.3467999994754791,0.277099996805191,0.277099996805191,0.1743000000715255,0.447504311800003,0.2656132578849792,0.3350947393330952,0.3233830911853453,0.8237217664718628,27,3,288,189,0.2164573669433593,303.1242741478814,302.3266202714708,0.0010213323722103,1389.25,886.4166666666666,502.8333333333333,363,309,327
Gandavaram,14.548,79.948,28_515_shc_2024-25.15612,201.0,25.1,116.2,0.59,0.0619000010192394,0.0777999982237815,0.1058000028133392,0.1099999994039535,0.1944999992847442,0.2953999936580658,0.3323999941349029,0.3352000117301941,0.3673000037670135,0.3700999915599823,0.3134999871253967,0.2122000008821487,0.5058400630950928,0.265622079372406,0.3988099612176359,0.3573846958423475,0.9352624416351318,21,2,207,183,0.2164573669433593,303.1242741478814,302.3266202714708,0.0010213323722103,1389.25,886.4166666666666,502.8333333333333,349,311,340
Pelleru,14.552,79.672,28_515_shc_2024-25.5551,113.0,79.7,77.5,0.26,0.0455499999225139,0.0599000006914138,0.0877000018954277,0.0768000036478042,0.1411000043153762,0.2670499980449676,0.3281500041484833,0.3404000103473663,0.3643999993801117,0.3498499989509582,0.1948499977588653,0.1111499965190887,0.6318312287330627,0.4139148592948913,0.4874440649167733,0.4310946402268862,0.572414755821228,48,1,314,183,0.215923606024848,303.1333670298258,302.3556621551514,0.000890108458773,1435.0833333333333,885.5833333333334,549.4166666666666,326,300,374
Viroor,14.552,79.742,28_515_shc_2024-25.5206,151.0,41.5,232.5,0.54,0.0427000001072883,0.0702999979257583,0.1066000014543533,0.123599998652935,0.135000005364418,0.2335000038146972,0.2660999894142151,0.3068000078201294,0.2879000008106231,0.3077999949455261,0.2404000014066696,0.1581999957561493,0.4256505668163299,0.388863742351532,0.3010880046760542,0.2953568484941183,0.7835723161697388,38,2,180,180,0.215923606024848,303.1333670298258,302.3556621551514,0.000890108458773,1433.75,883.25,550.4166666666666,334,302,364
Isakapalem,14.552,79.882,28_515_shc_2024-25.3783,176.0,164.0,58.0,0.45,0.0472000017762184,0.0595999993383884,0.0872000008821487,0.1162000000476837,0.154799997806549,0.2261999994516372,0.2560000121593475,0.2736000120639801,0.2910000085830688,0.2874999940395355,0.1693000048398971,0.0905999988317489,0.4037968516349792,0.2773109376430511,0.2582360057554243,0.2653405426058992,0.6187865138053894,27,1,0,180,0.2180040571424696,302.81000005933976,301.6073548634847,0.0009735216608557,1391.3333333333333,885.3333333333334,506.3333333333333,360,316,324
Isakapalem,14.552,79.908,28_515_shc_2024-25.5766,100.0,164.0,167.0,0.33,0.0461999997496604,0.0630000010132789,0.0993999987840652,0.126800000667572,0.1812999993562698,0.2766999900341034,0.3197999894618988,0.3420000076293945,0.3546000123023987,0.3600000143051147,0.326799988746643,0.2115000039339065,0.4590443670749664,0.307089626789093,0.3300006232429162,0.3331957139535715,0.955555498600006,28,3,252,189,0.2180040571424696,302.81000005933976,301.6073548634847,0.0009735216608557,1391.3333333333333,885.3333333333334,506.3333333333333,371,307,322
Ramannapalem,14.552,80.022,28_515_shc_2024-25.3474,213.0,69.9,219.5,0.27,0.0729999989271164,0.0556499995291233,0.0763999968767166,0.070200003683567,0.1276499927043914,0.2547000050544739,0.3095999956130981,0.3025999963283539,0.3352499902248382,0.3084000051021576,0.2026000022888183,0.1298999935388565,0.6233905553817749,0.4066240787506103,0.4447250870468738,0.3994042036691326,0.6695307493209839,15,3,341,183,0.2163105858696831,302.8702865176731,302.1425273895264,0.0009700122938156,1390.25,887.4166666666666,502.9166666666667,338,316,345
Kotitheertham,14.555,79.495,28_515_shc_2024-25.12161,113.0,41.5,218.9,0.29,0.0308999996632337,0.0359500013291835,0.0684499964118003,0.0531999990344047,0.124499998986721,0.2442999929189682,0.3129499852657318,0.3307999968528747,0.3483499884605407,0.3278500139713287,0.1839500069618225,0.0994499996304512,0.7229166626930237,0.4531078338623047,0.5027619335710867,0.4710407224716786,0.5560762286186218,63,2,116,174,0.2153135935465494,303.1521984100342,302.3107294294569,0.0008401772080534,1439.9166666666667,901.25,538.5833333333334,324,271,406
Mamuduru,14.555,79.695,28_515_shc_2024-25.11686,138.0,62.2,142.1,0.57,0.048599999397993,0.0562999993562698,0.0806000009179115,0.0907000005245208,0.1544999927282333,0.2250999957323074,0.2587999999523163,0.2458000034093856,0.2867000102996826,0.3050999939441681,0.3021000027656555,0.2055999934673309,0.4609212577342987,0.2280789762735366,0.2834947936280162,0.2781231359631641,1.2290480136871338,50,3,226,186,0.215923606024848,303.1333670298258,302.3556621551514,0.000890108458773,1435.0833333333333,885.5833333333334,549.4166666666666,320,315,364
Viroor,14.558,79.752,28_515_shc_2024-25.1565,100.0,150.7,180.8,1.85,0.0540000014007091,0.0777999982237815,0.1006999984383583,0.1180000007152557,0.1616999953985214,0.2681500017642975,0.3087500035762787,0.321399986743927,0.3523499965667724,0.3415499925613403,0.263700008392334,0.1912000030279159,0.4629039466381073,0.3305733799934387,0.3516840469875896,0.3247817576283112,0.8204730153083801,40,4,346,183,0.215231704711914,303.15678825378416,302.3173537784153,0.0009352887723984,1416.9166666666667,882.5,534.5,326,319,355
Vavveru,14.558,79.908,28_515_shc_2024-25.12065,188.0,80.0,90.0,0.06,0.0421999990940094,0.0560000017285347,0.091899998486042,0.0740000009536743,0.1616999953985214,0.2870999872684479,0.3328000009059906,0.3488000035285949,0.3700999915599823,0.3513000011444092,0.2399999946355819,0.1391000002622604,0.6499527096748352,0.3665034472942352,0.5004370689799019,0.4466840072174067,0.6880733966827393,27,2,0,180,0.2180040571424696,302.81000005933976,301.6073548634847,0.0009735216608557,1391.3333333333333,885.3333333333334,506.3333333333333,365,298,337
Naidupalem,14.558,79.992,28_515_shc_2024-25.5903,100.0,25.1,116.2,0.29,0.0579999983310699,0.0744000002741813,0.1114000007510185,0.125,0.1664000004529953,0.2390999943017959,0.2711000144481659,0.2811999917030334,0.2962999939918518,0.2958000004291534,0.3217999935150146,0.2408999949693679,0.3845396339893341,0.2564789950847626,0.2650692248180368,0.2585521846168053,1.1443812847137451,21,3,288,189,0.2163105858696831,302.8702865176731,302.1425273895264,0.0009700122938156,1391.5,887.5,503.6666666666667,362,320,317
Parlapalle,14.558,80.018,28_515_shc_2024-25.16164,201.0,132.0,167.9,0.76,0.0307500008493661,0.0270000007003545,0.0476000010967254,0.0198999997228384,0.0467500016093254,0.0662499964237213,0.0731000006198883,0.0538000017404556,0.0436999984085559,0.1469500064849853,0.0243999995291233,0.0180500000715255,0.4599728882312774,0.070114366710186,0.0873081338167073,0.0886351802278656,0.4535315632820129,13,2,90,174,0.2163105858696831,302.8702865176731,302.1425273895264,0.0009700122938156,1390.25,887.4166666666666,502.9166666666667,360,328,312
Mudivarthi,14.558,80.092,28_515_shc_2024-25.11517,188.0,8.0,122.7,0.23,0.0424499996006488,0.0585500001907348,0.0878000035881996,0.0801500007510185,0.1418000012636184,0.2527999877929687,0.2997500002384186,0.3086000084877014,0.3268499970436096,0.3707000017166137,0.2267500013113021,0.1578000038862228,0.5876527428627014,0.3703374862670898,0.4229380834591479,0.3855696293027899,0.7347699403762817,9,2,296,186,0.1588715023464626,303.0348969777425,302.1620803409153,0.0010061510918223,1413.1666666666667,896.8333333333334,516.5,355,306,339
Mudivarthi,14.558,80.098,28_515_shc_2024-25.11531,201.0,156.0,135.6,0.67,0.0724000036716461,0.0742999985814094,0.1108999997377395,0.0930000022053718,0.1599500030279159,0.3144499957561493,0.3780499994754791,0.3901999890804291,0.4176500141620636,0.3943000137805938,0.2442999929189682,0.1416500061750412,0.6150662302970886,0.4185222089290619,0.5341672671692447,0.4534173965253817,0.6260891556739807,8,1,46,177,0.1588715023464626,303.0348969777425,302.1620803409153,0.0010061510918223,1413.1666666666667,896.8333333333334,516.5,352,304,344
Mudivarthi,14.558,80.102,28_515_shc_2024-25.11597,88.0,1.0,148.5,0.52,0.0666999965906143,0.0917000025510788,0.1444000005722046,0.1423999965190887,0.2226999998092651,0.3181500136852264,0.3801499903202057,0.3856000006198883,0.4201500117778778,0.4018499851226806,0.3118500113487243,0.1987999975681305,0.4606060683727264,0.2677955031394958,0.3916894995548683,0.3548638202008491,0.8087396621704102,8,0,0,180,0.1588715023464626,303.0348969777425,302.1620803409153,0.0010061510918223,1413.1666666666667,896.8333333333334,516.5,349,301,350
Surayapalem,14.562,79.732,28_515_shc_2024-25.4560,88.0,44.8,632.8,0.62,0.0458000004291534,0.0645999982953071,0.0971999987959861,0.1213999986648559,0.1861999928951263,0.2576000094413757,0.3005000054836273,0.2953999936580658,0.3352999985218048,0.3467000126838684,0.2992999851703644,0.2063000053167343,0.417466402053833,0.2267441898584365,0.2825959773442621,0.2846858580665035,1.013202428817749,40,2,90,174,0.215923606024848,303.1333670298258,302.3556621551514,0.000890108458773,1433.75,883.25,550.4166666666666,323,323,354
Padamatipalem,14.562,79.788,28_515_shc_2024-25.14812,151.0,1.0,354.0,1.4,0.0557999983429908,0.0653000026941299,0.1102000027894973,0.1395999938249588,0.1916999965906143,0.253600001335144,0.2865999937057495,0.2958000004291534,0.317900002002716,0.3535999953746795,0.3919999897480011,0.2978000044822693,0.358750581741333,0.2135384678840637,0.2375810117795875,0.2504810897429209,1.325219750404358,34,2,207,183,0.215231704711914,303.15678825378416,302.3173537784153,0.0009352887723984,1416.9166666666667,882.5,534.5,330,340,330
Kodavalur,14.562,79.988,28_515_shc_2024-25.6566,138.0,62.2,83.9,0.33,0.0698999986052513,0.1439999938011169,0.1870000064373016,0.2178000062704086,0.2089000046253204,0.2549999952316284,0.275299996137619,0.295199990272522,0.2933999896049499,0.291700005531311,0.3231000006198883,0.2531000077724457,0.1508771628141403,0.171196162700653,0.1271353157346385,0.1146100458039337,1.0945122241973877,18,3,90,171,0.2163105858696831,302.8702865176731,302.1425273895264,0.0009700122938156,1391.5,887.5,503.6666666666667,338,330,332
Kanupurupalle,14.565,79.585,28_515_shc_2024-25.18781,88.0,70.0,161.0,0.94,0.0363500006496906,0.0438000001013278,0.0684999972581863,0.063799999654293,0.1137000024318695,0.2287999987602234,0.2863000035285949,0.2854000031948089,0.3142499923706054,0.3232499957084656,0.1926500052213668,0.1076999977231025,0.6345933675765991,0.430217981338501,0.4135254226335516,0.391427230564717,0.6750175356864929,52,2,64,174,0.2152187347412109,303.1103038787842,302.2940464867486,0.0008690205275367,1431.4166666666667,892.4166666666666,539.0,325,314,361
Gandavaram,14.565,79.985,28_515_shc_2024-25.14532,138.0,63.3,129.1,0.11,0.0570000000298023,0.1062000021338462,0.1459999978542328,0.181999996304512,0.1894000023603439,0.2705999910831451,0.326200008392334,0.3219999969005584,0.3501999974250793,0.3903999924659729,0.3030000030994415,0.2197999954223632,0.2777777910232544,0.2592882215976715,0.2163833140164455,0.2091633489196413,0.9409937858581544,17,3,161,177,0.2163105858696831,302.8702865176731,302.1425273895264,0.0009700122938156,1391.5,887.5,503.6666666666667,342,331,326
Mudivarthi,14.565,80.105,28_515_shc_2024-25.18947,138.0,70.0,77.5,0.2,0.0626000016927719,0.0806500017642974,0.1140000000596046,0.1177999973297119,0.1962500065565109,0.2551000118255615,0.3217999935150146,0.3088999986648559,0.3410499989986419,0.3099499940872192,0.2635000050067901,0.1474000066518783,0.4478556513786316,0.2230030447244644,0.3386316614011653,0.3093234091309916,0.8530268669128418,8,3,199,183,0.1588715023464626,303.0348969777425,302.1620803409153,0.0010061510918223,1413.1666666666667,896.8333333333334,516.5,326,335,339
Devarayapalle Bit- I,14.568,79.438,28_515_shc_2024-25.12600,138.0,52.0,245.0,0.52,0.024100000038743,0.0359500013291835,0.0675999969244003,0.0581000000238418,0.1225000023841857,0.250900000333786,0.3066000044345855,0.3289999961853027,0.3438999950885772,0.3610999882221222,0.1484500020742416,0.0773999989032745,0.6998191475868225,0.4573643207550049,0.4810099589587028,0.4580656025010165,0.4512158036231994,62,2,90,174,0.3143429650200738,303.1537012312147,302.15286810133193,0.0008062185954485,1434.1666666666667,890.8333333333334,543.3333333333334,311,288,401
Devarayapalle Bit- I,14.568,79.452,28_515_shc_2024-25.9634,88.0,8.0,341.0,0.8,0.0384499989449977,0.0544500015676021,0.0821499973535537,0.0731000006198883,0.147499993443489,0.2531999945640564,0.3091000020503998,0.315200001001358,0.3418999910354614,0.3339000046253204,0.1790000051259994,0.1027000024914741,0.6234869956970215,0.3624378740787506,0.4498578546697303,0.4088145895636783,0.567893385887146,62,1,90,177,0.2153135935465494,303.1521984100342,302.3107294294569,0.0008401772080534,1434.1666666666667,890.8333333333334,543.3333333333334,326,291,383
Nedurupalle,14.568,79.708,28_515_shc_2024-25.8888,138.0,44.8,187.3,1.11,0.0196000002324581,0.0239499993622303,0.0457499995827674,0.0246500000357627,0.0786999985575676,0.253600001335144,0.3231000006198883,0.3201999962329864,0.354449987411499,0.3483999967575073,0.1149000003933906,0.0529499985277652,0.8570392727851868,0.605414867401123,0.5734492246937172,0.5247381147585547,0.3588382303714752,52,6,232,195,0.215923606024848,303.1333670298258,302.3556621551514,0.000890108458773,1435.0833333333333,885.5833333333334,549.4166666666666,326,315,359
Surayapalem,14.568,79.718,28_515_shc_2024-25.4431,414.0,40.4,232.5,0.15,0.0403500013053417,0.05180000141263,0.0861999988555908,0.0784000009298324,0.1360500007867813,0.2552500069141388,0.289249986410141,0.2888999879360199,0.3178499937057495,0.2921999990940094,0.2527999877929687,0.1550499945878982,0.5731009840965271,0.3596893548965454,0.3838998935456433,0.3640608607895636,0.8750432729721069,41,2,27,177,0.215923606024848,303.1333670298258,302.3556621551514,0.000890108458773,1433.75,883.25,550.4166666666666,334,318,348
Bodduvaripalem,14.568,79.962,28_515_shc_2024-25.10223,151.0,69.9,316.4,0.68,0.0533999986946582,0.0839999988675117,0.1151999980211258,0.1415999978780746,0.2032999992370605,0.2978000044822693,0.3332000076770782,0.3531999886035919,0.3801000118255615,0.37950000166893,0.3397000133991241,0.2739999890327453,0.4276475310325622,0.269362062215805,0.3363428166787113,0.3190590977095127,0.9617781043052672,17,1,0,180,0.2163105858696831,302.8702865176731,302.1425273895264,0.0009700122938156,1391.5,887.5,503.6666666666667,349,336,315
Kodavalur,14.568,80.002,28_515_shc_2024-25.265,138.0,42.6,155.0,0.22,0.0617000013589859,0.0625,0.0898000001907348,0.0920000001788139,0.1410000026226043,0.2309000045061111,0.2685000002384186,0.2836000025272369,0.2933999896049499,0.3185000121593475,0.2551999986171722,0.1668000072240829,0.5101171731948853,0.3358455002307892,0.3504407978998635,0.3282320724468043,0.8998589515686035,17,4,346,183,0.2163105858696831,302.8702865176731,302.1425273895264,0.0009700122938156,1390.25,887.4166666666666,502.9166666666667,355,312,333
Parlapalle,14.568,80.032,28_515_shc_2024-25.8202,113.0,164.0,116.2,0.72,0.0701000019907951,0.0524500012397766,0.0879499986767768,0.0826999992132186,0.1536999940872192,0.2603000104427337,0.3064999878406524,0.3406000137329101,0.3370499908924103,0.2906000018119812,0.2433999925851822,0.1695500016212463,0.6092605590820312,0.3781104981899261,0.4466806633022325,0.4189862627047406,0.7146211862564087,14,4,226,189,0.2163105858696831,302.8702865176731,302.1425273895264,0.0009700122938156,1390.25,887.4166666666666,502.9166666666667,355,323,322
Inagalur,14.572,79.412,28_515_shc_2024-25.5061,113.0,164.0,386.0,0.38,0.0381000004708766,0.0597999989986419,0.0966999977827072,0.1002499982714653,0.1485999971628189,0.2330999970436096,0.259799987077713,0.2587000131607055,0.2849000096321106,0.2929500043392181,0.2570500075817108,0.1959500014781952,0.4414263963699341,0.2703167498111725,0.2806014268846036,0.2767041378084072,0.9936219453811646,72,1,226,183,0.3143429650200738,303.1537012312147,302.15286810133193,0.0008062185954485,1434.3333333333333,876.3333333333334,558.0,359,240,401
Viroor,14.572,79.748,28_515_shc_2024-25.4698,113.0,43.7,277.7,0.15,0.0588000006973743,0.1343999952077865,0.1958000063896179,0.2718000113964081,0.276199996471405,0.3113999962806701,0.3346000015735626,0.3544000089168548,0.3467000126838684,0.2770000100135803,0.4535000026226043,0.4207000136375427,0.1319067329168319,0.1240089014172554,0.1044406139867414,0.1100159776646125,1.279627561569214,28,5,226,192,0.215923606024848,303.1333670298258,302.3556621551514,0.000890108458773,1433.75,883.25,550.4166666666666,331,336,333
Padamatipalem,14.572,79.798,28_515_shc_2024-25.14847,88.0,147.0,97.0,0.68,0.0476000010967254,0.0570000000298023,0.0878000035881996,0.0768999978899955,0.1485500037670135,0.2746999859809875,0.3197999894618988,0.3424000144004822,0.3652999997138977,0.3551999926567077,0.2249000072479248,0.125,0.6331982016563416,0.3948467373847961,0.4822713365869655,0.4332100722738727,0.6568341255187988,33,1,46,177,0.215231704711914,303.15678825378416,302.3173537784153,0.0009352887723984,1402.6666666666667,885.0,517.6666666666666,342,332,326
Padamatipalem,14.572,79.798,28_515_shc_2024-25.81,163.0,117.0,219.0,0.38,0.0476000010967254,0.0570000000298023,0.0878000035881996,0.0768999978899955,0.1485500037670135,0.2746999859809875,0.3197999894618988,0.3424000144004822,0.3652999997138977,0.3551999926567077,0.2249000072479248,0.125,0.6331982016563416,0.3948467373847961,0.4822713365869655,0.4332100722738727,0.6568341255187988,33,1,46,177,0.215231704711914,303.15678825378416,302.3173537784153,0.0009352887723984,1402.6666666666667,885.0,517.6666666666666,342,332,326
Padamatipalem,14.572,79.808,28_515_shc_2024-25.3579,188.0,1.0,180.0,0.9,0.047249998897314,0.0566999986767768,0.0878999978303909,0.0798999965190887,0.1405999958515167,0.2726500034332275,0.3562000095844269,0.3512000143527984,0.3736999928951263,0.3781999945640564,0.2139499932527542,0.1072499975562095,0.6293203830718994,0.4282228946685791,0.4826200184633482,0.4370637117375762,0.6091970205307007,33,2,116,174,0.215231704711914,303.15678825378416,302.3173537784153,0.0009352887723984,1402.6666666666667,885.0,517.6666666666666,339,331,330
Naidupalem,14.572,80.002,28_515_shc_2024-25.6512,201.0,34.9,155.0,0.22,0.0564000010490417,0.0741000026464462,0.0939999967813491,0.0627999976277351,0.1468999981880188,0.3316999971866607,0.4259000122547149,0.4271999895572662,0.4505999982357025,0.424699991941452,0.2349999994039535,0.1098999977111816,0.7436734437942505,0.4882424473762512,0.7298217603195678,0.5521212070401305,0.5500936508178711,14,0,0,180,0.2163105858696831,302.8702865176731,302.1425273895264,0.0009700122938156,1390.25,887.4166666666666,502.9166666666667,358,307,335
Mudivarthi,14.572,80.072,28_515_shc_2024-25.21062,176.0,34.9,400.3,0.31,0.0783500000834465,0.1019999980926513,0.134100005030632,0.1339000016450882,0.1678500026464462,0.2691499888896942,0.3097999989986419,0.3318000137805938,0.3348999917507171,0.3447999954223633,0.2832500040531158,0.2022500038146972,0.4249517023563385,0.3281297087669372,0.361078686785561,0.3073936144366805,0.8536769151687622,10,2,180,180,0.1588715023464626,303.0348969777425,302.1620803409153,0.0010061510918223,1402.25,892.3333333333334,509.75,346,315,339
Ananthasagaram,14.575,79.415,28_515_shc_2024-25.5456,100.0,43.0,119.0,1.46,0.0358499996364116,0.0529000014066696,0.0856999978423118,0.0799999982118606,0.1385000050067901,0.26460000872612,0.3249000012874603,0.3477999866008758,0.3611499965190887,0.376800000667572,0.197050005197525,0.1083000004291534,0.6259934306144714,0.4303927421569824,0.4678382916014297,0.4329596779036382,0.5665612816810608,69,1,270,183,0.3143429650200738,303.1537012312147,302.15286810133193,0.0008062185954485,1434.3333333333333,876.3333333333334,558.0,348,246,405
Padamatipalem,14.575,79.775,28_515_shc_2024-25.14456,176.0,38.0,290.0,0.41,0.070200003683567,0.1212000027298927,0.1433999985456466,0.1664000004529953,0.1933999955654144,0.226500004529953,0.2560000121593475,0.2610000073909759,0.2896000146865845,0.3046000003814697,0.3397000133991241,0.2969000041484833,0.2213383316993713,0.1487676352262497,0.1751333080274376,0.1530084205378233,1.3015326261520386,35,2,180,180,0.215231704711914,303.15678825378416,302.3173537784153,0.0009352887723984,1416.9166666666667,882.5,534.5,353,306,342
Naidupalem,14.575,79.985,28_515_shc_2024-25.10146,151.0,57.9,219.5,0.35,0.0542999990284442,0.066500000655651,0.0888999998569488,0.0926999971270561,0.1423999965190887,0.1726000010967254,0.2055000066757202,0.1803999990224838,0.2354999929666519,0.2642000019550323,0.3095999956130981,0.2518999874591827,0.3211278021335602,0.1177199631929397,0.1771216293055268,0.1701591042534373,1.716186285018921,17,3,199,183,0.2163105858696831,302.8702865176731,302.1425273895264,0.0009700122938156,1391.5,887.5,503.6666666666667,333,337,330
Devarayapalle Bit-II,14.578,79.462,28_515_shc_2024-25.12773,100.0,35.0,316.0,1.46,0.0228000003844499,0.0403999984264373,0.0685999989509582,0.0631999969482421,0.1108999997377395,0.2303999960422516,0.2992999851703644,0.3124000132083893,0.32710000872612,0.3677000105381012,0.1384000033140182,0.068800002336502,0.6634718179702759,0.4760217368602752,0.4486533470002785,0.4269072864941533,0.4430217444896698,60,1,270,183,0.2153135935465494,303.1521984100342,302.3107294294569,0.0008401772080534,1439.9166666666667,901.25,538.5833333333334,333,289,378
Devarayapalle Bit-II,14.578,79.482,28_515_shc_2024-25.5703,125.0,25.0,426.0,0.52,0.050000000745058,0.0698999986052513,0.0980999991297721,0.1045999974012374,0.1668500006198883,0.2470999956130981,0.2897500097751617,0.3104000091552734,0.3269500136375427,0.3330000042915344,0.2608999907970428,0.1689999997615814,0.4959036409854889,0.3007857501506805,0.363925749192504,0.3373770660317349,0.8405283093452454,58,3,288,189,0.2153135935465494,303.1521984100342,302.3107294294569,0.0008401772080534,1439.9166666666667,901.25,538.5833333333334,332,284,384
Kanupurupalle,14.578,79.568,28_515_shc_2024-25.16029,100.0,164.0,200.0,0.78,0.0421000011265277,0.0518999993801116,0.0825000032782554,0.0804499983787536,0.1491000056266784,0.2331500053405761,0.2800999879837036,0.293500006198883,0.3064000010490417,0.309249997138977,0.2314999997615814,0.1393000036478042,0.5697286128997803,0.3262539505958557,0.384026114221851,0.365667383782026,0.7887563705444336,59,1,180,180,0.2152187347412109,303.1103038787842,302.2940464867486,0.0008690205275367,1434.25,897.0833333333334,537.0833333333334,323,304,373
Sangam,14.578,79.758,28_515_shc_2024-25.14498,151.0,43.0,174.0,1.13,0.0584000013768672,0.0838000029325485,0.1325999945402145,0.1782000064849853,0.24269999563694,0.3255999982357025,0.3666999936103821,0.3756000101566314,0.3797000050544739,0.4126999974250793,0.4077000021934509,0.3467000126838684,0.3564463555812835,0.2149442285299301,0.2717062169373825,0.2809831095382956,1.085463285446167,39,10,111,151,0.215231704711914,303.15678825378416,302.3173537784153,0.0009352887723984,1416.9166666666667,882.5,534.5,332,318,349
Padamatipalem,14.578,79.762,28_515_shc_2024-25.2171,176.0,38.0,180.0,0.87,0.0667999982833862,0.0908000022172927,0.1252000033855438,0.1588000059127807,0.2030999958515167,0.2644999921321869,0.2881999909877777,0.295199990272522,0.3138000071048736,0.3091999888420105,0.3547999858856201,0.3154999911785126,0.3004404902458191,0.1848284155130386,0.2176132475525377,0.2144653850709982,1.2018970251083374,35,1,46,177,0.215231704711914,303.15678825378416,302.3173537784153,0.0009352887723984,1416.9166666666667,882.5,534.5,342,289,369
Vangallu,14.578,79.822,28_515_shc_2023-24.7271,151.0,80.0,103.0,0.71,0.0428000018000602,0.0395999997854232,0.0675999969244003,0.0522000007331371,0.1078500002622604,0.2714999914169311,0.3159500062465668,0.3066999912261963,0.3474000096321106,0.2620500028133392,0.2053499966859817,0.1036999970674514,0.7091111540794373,0.479676753282547,0.4809509241535963,0.4444638366671024,0.6695467829704285,32,1,90,177,0.215231704711914,303.15678825378416,302.3173537784153,0.0009352887723984,1402.6666666666667,885.0,517.6666666666666,346,311,343
Kothavangallu,14.578,79.932,28_515_shc_2024-25.21307,75.0,1.1,77.5,0.25,0.0416000001132488,0.0500999987125396,0.0791999995708465,0.0697999969124794,0.1186999976634979,0.2449000030755996,0.2953000068664551,0.3199999928474426,0.3235999941825866,0.3319999873638153,0.1941000074148178,0.1067999973893165,0.6418676376342773,0.4588557183742523,0.458897323788369,0.4217801733215405,0.6065625548362732,26,4,314,189,0.2180040571424696,302.81000005933976,301.6073548634847,0.0009735216608557,1389.25,886.4166666666666,502.8333333333333,342,319,339
Naidupalem,14.578,79.992,28_515_shc_2024-25.10043,188.0,1.1,206.6,0.25,0.066100001335144,0.093199998140335,0.1246000006794929,0.1252000033855438,0.1851000040769577,0.2915000021457672,0.364300012588501,0.3596000075340271,0.4072000086307525,0.3890999853610992,0.2381999939680099,0.1464000046253204,0.4834983348846435,0.3203598260879516,0.4150729515677339,0.3570268098336163,0.6624026298522949,14,2,207,183,0.2163105858696831,302.8702865176731,302.1425273895264,0.0009700122938156,1391.5,887.5,503.6666666666667,328,343,330
Sangam,14.582,79.758,28_515_shc_2024-25.15648,138.0,1.0,19.0,1.2,0.0395999997854232,0.0485000014305114,0.0758000016212463,0.0769999995827674,0.1243999972939491,0.2369000017642974,0.2809999883174896,0.2813999950885772,0.3030999898910522,0.2612000107765198,0.2214999943971634,0.1351999938488006,0.5703125,0.3868900835514068,0.3703837897181457,0.3571761360228135,0.7871357202529907,38,1,314,183,0.215231704711914,303.15678825378416,302.3173537784153,0.0009352887723984,1416.9166666666667,882.5,534.5,349,295,356
Sangam,14.582,79.768,28_515_shc_2024-25.15054,88.0,35.0,116.0,0.75,0.0537000000476837,0.066600002348423,0.0912000015377998,0.1151999980211258,0.1588000059127807,0.2648999989032745,0.324999988079071,0.3551999926567077,0.3702000081539154,0.3571000099182129,0.2745000123977661,0.19930000603199,0.5102040767669678,0.3821011483669281,0.3878725197971345,0.3709810340186726,0.7728040814399719,38,5,0,180,0.215231704711914,303.15678825378416,302.3173537784153,0.0009352887723984,1416.9166666666667,882.5,534.5,334,301,365
Tharunavaya,14.582,79.782,28_515_shc_2024-25.10047,88.0,52.0,219.0,1.81,0.0430000014603138,0.0471000000834465,0.0756999999284744,0.066600002348423,0.1201499998569488,0.2307000011205673,0.2757000029087066,0.2937000095844269,0.2980000078678131,0.2822000086307525,0.1915999948978424,0.1106500029563903,0.6303080916404724,0.4193548560142517,0.4236782271740614,0.3959665304300786,0.6523663401603699,35,1,180,180,0.215231704711914,303.15678825378416,302.3173537784153,0.0009352887723984,1416.9166666666667,882.5,534.5,333,328,339
Bodduvaripalem,14.582,79.972,28_515_shc_2024-25.10372,251.0,17.5,348.7,0.54,0.0447000004351139,0.0672499984502792,0.1054000034928321,0.1116999983787536,0.1650000065565109,0.2723000049591064,0.3093999922275543,0.3296000063419342,0.3508000075817108,0.3572500050067901,0.2148499935865402,0.1195999979972839,0.4937684237957001,0.3327941596508026,0.3642777249994242,0.3472325616759739,0.651850700378418,16,3,90,171,0.2163105858696831,302.8702865176731,302.1425273895264,0.0009700122938156,1391.5,887.5,503.6666666666667,355,317,328
Sangam,14.585,79.755,28_515_shc_2024-25.15016,125.0,164.0,258.0,0.87,0.0447000004351139,0.0644000023603439,0.1049999967217445,0.0885000005364418,0.1482000052928924,0.2887000143527984,0.3425000011920929,0.3551999926567077,0.3792999982833862,0.3763000071048736,0.2601000070571899,0.1508000046014785,0.6010817885398865,0.4112038016319275,0.4751639044128936,0.4239164894202979,0.7322635650634766,35,2,153,177,0.215231704711914,303.15678825378416,302.3173537784153,0.0009352887723984,1403.9166666666667,887.75,516.1666666666666,323,313,364
Sangam,14.585,79.765,28_515_shc_2024-25.15047,100.0,1.0,32.0,0.33,0.0370999984443187,0.0428999997675418,0.0732000023126602,0.0507999993860721,0.1124999970197677,0.2648999989032745,0.3364999890327453,0.3371999859809875,0.3607999980449676,0.3567000031471252,0.2117999941110611,0.1085999980568885,0.7381443381309509,0.4996664524078369,0.5423215111852114,0.4837837691121082,0.628113865852356,35,0,0,180,0.215231704711914,303.15678825378416,302.3173537784153,0.0009352887723984,1403.9166666666667,887.75,516.1666666666666,322,299,379
Chowkacherla,14.585,80.065,28_515_shc_2024-25.19803,63.0,79.7,187.3,0.83,0.0505999997258186,0.0654999986290931,0.1023999974131584,0.1054000034928321,0.1689999997615814,0.2630000114440918,0.3246000111103058,0.323199987411499,0.3684000074863434,0.3555999994277954,0.2608999907970428,0.1694999933242797,0.5081660747528076,0.3132872581481933,0.3718373017801702,0.3518199214710722,0.8072401285171509,11,1,226,183,0.1588715023464626,303.0348969777425,302.1620803409153,0.0010061510918223,1398.8333333333333,892.4166666666666,506.4166666666667,368,313,318
Devarayapalle Bit-II,14.588,79.482,28_515_shc_2024-25.5617,88.0,25.0,245.0,0.46,0.0502000004053115,0.0520000010728836,0.0794000029563903,0.0974999964237213,0.1644999980926513,0.2452999949455261,0.274399995803833,0.2784000039100647,0.2984000146389007,0.3012999892234802,0.3188000023365021,0.2360000014305114,0.4812450408935547,0.2571686804294586,0.3069431427798515,0.3097956514740377,1.1451148986816406,66,2,27,177,0.2153135935465494,303.1521984100342,302.3107294294569,0.0008401772080534,1429.0,906.75,522.25,317,297,386
Sangam,14.588,79.762,28_515_shc_2024-25.14717,113.0,8.0,19.0,0.95,0.0434000007808208,0.0582000017166137,0.0891999974846839,0.0834000036120414,0.1456000059843063,0.2418999969959259,0.2784000039100647,0.2831999957561493,0.3120000064373016,0.3309000134468078,0.2526000142097473,0.1467999964952469,0.5450081825256348,0.3208954930305481,0.3707965100376648,0.3458342816001188,0.8919492363929749,34,1,134,177,0.215231704711914,303.15678825378416,302.3173537784153,0.0009352887723984,1403.9166666666667,887.75,516.1666666666666,316,272,412
Padamatipalem,14.588,79.812,28_515_shc_2024-25.3544,63.0,1.0,232.0,0.72,0.0373000018298625,0.048650000244379,0.067050002515316,0.0557000003755092,0.1122500002384185,0.1803500056266784,0.1976000070571899,0.1923000067472458,0.2076999992132187,0.2008000016212463,0.1070000007748603,0.0632999986410141,0.55080646276474,0.262846827507019,0.2939847315805169,0.2739304914524933,0.556422233581543,32,1,46,177,0.215231704711914,303.15678825378416,302.3173537784153,0.0009352887723984,1395.5,886.1666666666666,509.1666666666667,335,337,328
Bodduvaripalem,14.588,79.982,28_515_shc_2024-25.6853,100.0,99.4,77.5,0.14,0.0724000036716461,0.1036999970674514,0.1340000033378601,0.1545999944210052,0.1645500063896179,0.1918999999761581,0.2109500020742416,0.2018000036478042,0.2173999994993209,0.2307000011205673,0.224150002002716,0.1755000054836273,0.1324354857206344,0.1016787141561508,0.0873007241155189,0.0826716651095904,1.1107531785964966,16,6,261,198,0.2163105858696831,302.8702865176731,302.1425273895264,0.0009700122938156,1403.8333333333333,889.6666666666666,514.3333333333334,344,334,322
Naidupalem,14.588,79.998,28_515_shc_2024-25.7229,151.0,108.1,129.1,0.19,0.0621999986469745,0.0564499981701374,0.0856999978423118,0.0820000022649765,0.1515499949455261,0.2450499981641769,0.2829500138759613,0.2978000044822693,0.3199000060558319,0.3163000047206878,0.294400006532669,0.1912000030279159,0.568193793296814,0.3254701495170593,0.3948259092078298,0.3679245292605841,0.988582968711853,17,3,108,171,0.2163105858696831,302.8702865176731,302.1425273895264,0.0009700122938156,1403.8333333333333,889.6666666666666,514.3333333333334,343,320,337
Tharunavaya,14.592,79.778,28_515_shc_2024-25.20142,151.0,19.0,303.0,0.87,0.0483000017702579,0.0648000016808509,0.088699996471405,0.1042999997735023,0.159400001168251,0.2522499859333038,0.2924500107765198,0.2935999929904938,0.333400011062622,0.3382000029087066,0.2797499895095825,0.1962500065565109,0.475747674703598,0.2962472140789032,0.3301590553701153,0.3162378796233274,0.952826976776123,37,1,180,180,0.215231704711914,303.15678825378416,302.3173537784153,0.0009352887723984,1403.9166666666667,887.75,516.1666666666666,340,318,342
Tharunavaya,14.592,79.792,28_515_shc_2024-25.290,88.0,38.0,193.0,0.47,0.045499999076128,0.0551999993622303,0.0820000022649765,0.0675999969244003,0.1282999962568283,0.249099999666214,0.3009999990463257,0.3048999905586242,0.317900002002716,0.3267500102519989,0.1863500028848648,0.1056500002741813,0.6370469927787781,0.407663881778717,0.4575780907527712,0.4079656109545346,0.6111840009689331,32,1,134,177,0.215231704711914,303.15678825378416,302.3173537784153,0.0009352887723984,1395.5,886.1666666666666,509.1666666666667,355,308,338
Pedaputhedu,14.592,79.942,28_515_shc_2024-25.14217,163.0,109.0,142.0,0.34,0.048700001090765,0.0621000006794929,0.0976999998092651,0.0939999967813491,0.1673000007867813,0.2784999907016754,0.323199987411499,0.3519999980926513,0.3650999963283539,0.3362500071525574,0.2502000033855438,0.1626999974250793,0.5784753561019897,0.35567107796669,0.4447509153470617,0.4090909133868425,0.7107954621315002,18,3,161,177,0.2180040571424696,302.81000005933976,301.6073548634847,0.0009735216608557,1394.5,887.0,507.5833333333333,335,334,331
Gandavaram,14.592,79.982,28_515_shc_2024-25.7499,176.0,25.1,258.3,0.33,0.0764999985694885,0.0979999974370002,0.1324000060558319,0.1615999937057495,0.1897000074386596,0.2428999990224838,0.2678000032901764,0.2567999958992004,0.2915999889373779,0.2213000059127807,0.2913999855518341,0.229200005531311,0.2275334745645523,0.1502799242734909,0.1595816072798458,0.1554878102204703,1.134735107421875,20,2,244,186,0.2163105858696831,302.8702865176731,302.1425273895264,0.0009700122938156,1403.8333333333333,889.6666666666666,514.3333333333334,343,342,315
Naidupalem,14.592,79.998,28_515_shc_2024-25.3533,163.0,56.8,122.7,0.32,0.0688999965786933,0.0901999995112419,0.133200004696846,0.181999996304512,0.2152999937534332,0.2958999872207641,0.350600004196167,0.3752000033855438,0.3957000076770782,0.4007999897003174,0.3802999854087829,0.288100004196167,0.3467336893081665,0.2707874774932861,0.2697269345961405,0.2741203279478903,1.0135927200317385,17,1,46,177,0.2163105858696831,302.8702865176731,302.1425273895264,0.0009700122938156,1403.8333333333333,889.6666666666666,514.3333333333334,340,328,332
Revuru,14.595,79.525,28_515_shc_2024-25.3933,113.0,134.0,245.0,0.4,0.0600499995052814,0.0639000013470649,0.0912000015377998,0.0920500010251998,0.1301999986171722,0.2298499941825866,0.2748999893665313,0.2590000033378601,0.3031499981880188,0.2935500144958496,0.2381500005722046,0.158950001001358,0.4755732715129852,0.3309352695941925,0.313332837336447,0.2942541591976285,0.919498085975647,65,4,116,168,0.2153135935465494,303.1521984100342,302.3107294294569,0.0008401772080534,1427.9166666666667,910.3333333333334,517.5833333333334,337,256,407
Gandavaram,14.595,79.955,28_515_shc_2024-25.760,213.0,137.6,277.7,0.45,0.0595000013709068,0.0765499994158744,0.1129999980330467,0.1164999976754188,0.1920499950647354,0.2964499890804291,0.33364999294281,0.3666000068187713,0.3722000122070312,0.3774000108242035,0.2786999940872192,0.1887499988079071,0.5176982283592224,0.3124496638774872,0.4192158929987374,0.3815990357034382,0.7602291107177734,14,3,215,186,0.2163105858696831,302.8702865176731,302.1425273895264,0.0009700122938156,1394.5,887.0,507.5833333333333,334,339,327
Bodduvaripalem,14.595,79.985,28_515_shc_2024-25.10619,151.0,7.6,381.0,0.23,0.0524000003933906,0.0662000030279159,0.1022000014781951,0.097300000488758,0.1738499999046325,0.2877500057220459,0.3523499965667724,0.3777999877929687,0.4072499871253967,0.392300009727478,0.3436999917030334,0.2138500064611435,0.5904020071029663,0.3697090446949005,0.4786362593469102,0.4314941913779949,0.9097406268119812,14,0,0,180,0.2163105858696831,302.8702865176731,302.1425273895264,0.0009700122938156,1403.8333333333333,889.6666666666666,514.3333333333334,337,343,320
Utukuru,14.595,80.115,28_515_shc_2024-25.7589,100.0,76.4,180.8,0.67,0.0564999990165233,0.068400003015995,0.1063999980688095,0.1052000001072883,0.163100004196167,0.2888000011444092,0.3546999990940094,0.3635999858379364,0.375,0.3890999853610992,0.221000000834465,0.133200004696846,0.5511945486068726,0.3806720674037933,0.4359562559598707,0.4000825600939744,0.6078107953071594,7,2,0,180,0.1588715023464626,303.0348969777425,302.1620803409153,0.0010061510918223,1410.3333333333333,894.5,516.0,351,316,333
Basavaipalem,14.598,80.028,28_515_shc_2024-25.2318,201.0,17.5,129.0,0.73,0.063400000333786,0.0784000009298324,0.1168500036001205,0.1234500035643577,0.1990499943494796,0.294649988412857,0.3935500085353851,0.397599995136261,0.4144999980926513,0.4144999980926513,0.2727499902248382,0.1579000055789947,0.5261490941047668,0.332774668931961,0.4420918368756831,0.4027471601598129,0.6859909296035767,11,2,0,180,0.2163105858696831,302.8702865176731,302.1425273895264,0.0009700122938156,1398.0833333333333,890.5,507.4166666666667,365,322,312
Dampuru,14.598,80.062,28_515_shc_2024-25.16184,188.0,164.0,193.7,0.76,0.0406000018119812,0.0430000014603138,0.0693999975919723,0.0595999993383884,0.1204999983310699,0.2745999991893768,0.3283999860286712,0.3111999928951263,0.3600000143051147,0.3646999895572662,0.246299996972084,0.1385000050067901,0.6785328984260559,0.441741943359375,0.467206413268181,0.4333945724633203,0.7914524674415588,11,2,27,177,0.1588715023464626,303.0348969777425,302.1620803409153,0.0010061510918223,1398.8333333333333,892.4166666666666,506.4166666666667,366,312,321
Chowkacherla,14.598,80.068,28_515_shc_2024-25.11404,100.0,62.2,180.8,0.21,0.0498999990522861,0.0789000019431114,0.1187999993562698,0.1026000007987022,0.2074999958276748,0.3016999959945678,0.3522999882698059,0.3783999979496002,0.4013000130653381,0.3860000073909759,0.248999997973442,0.1467999964952469,0.5733887553215027,0.2916879951953888,0.4917097512532856,0.4217125344079546,0.6580338478088379,8,1,314,183,0.1588715023464626,303.0348969777425,302.1620803409153,0.0010061510918223,1398.8333333333333,892.4166666666666,506.4166666666667,371,307,322
Bandarupalle,14.602,79.578,28_515_shc_2024-25.11009,1.0,78.0,109.0,0.31,0.0469999983906745,0.0524000003933906,0.0826999992132186,0.0737999975681305,0.1553999930620193,0.2453500032424926,0.2937000095844269,0.292600005865097,0.3244000077247619,0.3418999910354614,0.1829500049352646,0.1086499989032745,0.597161591053009,0.3062500357627868,0.4074791608316203,0.3788088771294007,0.6252562999725342,53,1,46,177,0.2152187347412109,303.1103038787842,302.2940464867486,0.0008690205275367,1425.1666666666667,903.6666666666666,521.5833333333334,313,299,389
Tharunavaya,14.602,79.792,28_515_shc_2024-25.7472,100.0,90.0,180.0,1.2,0.0555999986827373,0.0766000002622604,0.1120000034570694,0.1515000015497207,0.2064999938011169,0.2827500104904175,0.3255999982357025,0.3312000036239624,0.3630000054836273,0.3629499971866607,0.3716500103473663,0.262800008058548,0.3722809255123138,0.2319137305021286,0.2697064310685478,0.2742953105650202,1.1221317052841189,39,3,19,177,0.215231704711914,303.15678825378416,302.3173537784153,0.0009352887723984,1395.5,886.1666666666666,509.1666666666667,328,329,343
Vavveru,14.602,79.888,28_515_shc_2024-25.1087,88.0,90.0,84.0,1.17,0.049550000578165,0.0725999996066093,0.1084999963641166,0.1280000060796737,0.1829500049352646,0.2635000050067901,0.3037500083446502,0.3059000074863434,0.3399499952793121,0.3249000012874603,0.2805500030517578,0.2057500034570694,0.4100022912025451,0.2515086531639099,0.2908003072275606,0.2857372290755844,0.9171297550201416,33,2,90,174,0.2180040571424696,302.81000005933976,301.6073548634847,0.0009735216608557,1386.0,887.9166666666666,497.8333333333333,360,287,353
Gandavaram,14.602,79.962,28_515_shc_2024-25.713,151.0,127.8,206.6,0.39,0.0750000029802322,0.0921500027179718,0.1380999982357025,0.181099995970726,0.2355999946594238,0.2793000042438507,0.3008500039577484,0.3066999912261963,0.3343000113964081,0.3251999914646148,0.3930499851703644,0.3085500001907348,0.2574825584888458,0.1311082392930984,0.1844698682434151,0.1907268630543594,1.2815455198287964,18,1,134,177,0.2163105858696831,302.8702865176731,302.1425273895264,0.0009700122938156,1403.8333333333333,889.6666666666666,514.3333333333334,348,317,335
Bodduvaripalem,14.602,79.982,28_515_shc_2024-25.10637,138.0,69.9,309.9,0.82,0.0706499963998794,0.1107999980449676,0.1312000006437301,0.1472000032663345,0.2040999978780746,0.2279500067234039,0.2474000006914138,0.2398000061511993,0.2469999939203262,0.2094500064849853,0.3025000095367431,0.2706499993801117,0.2392764836549759,0.0804235339164733,0.1791795665411505,0.1565952681539526,1.2614679336547852,13,2,90,174,0.2163105858696831,302.8702865176731,302.1425273895264,0.0009700122938156,1403.8333333333333,889.6666666666666,514.3333333333334,318,350,331
Vavilla,14.602,80.068,28_515_shc_2024-25.19822,263.0,48.0,213.1,0.28,0.0708499997854232,0.089599996805191,0.1190999969840049,0.1406999975442886,0.1856500059366226,0.2486999928951263,0.275299996137619,0.3122000098228454,0.2996500134468078,0.3048000037670135,0.3111000061035156,0.2281000018119812,0.3786708116531372,0.2541930377483368,0.288837257608559,0.2699653861149795,0.9964765906333924,8,1,90,177,0.1588715023464626,303.0348969777425,302.1620803409153,0.0010061510918223,1398.8333333333333,892.4166666666666,506.4166666666667,369,322,309
Alaganipadu,14.602,80.088,28_515_shc_2024-25.10783,63.0,78.6,361.6,0.44,0.0534499995410442,0.0798999965190887,0.1160999983549118,0.1013500019907951,0.1721500009298324,0.294050008058548,0.3562999963760376,0.3840000033378601,0.398499995470047,0.3959499895572662,0.2153500020503997,0.1198000013828277,0.5823632478713989,0.38092240691185,0.5073231018198877,0.4302785809385409,0.5608072876930237,11,1,90,177,0.1588715023464626,303.0348969777425,302.1620803409153,0.0010061510918223,1410.3333333333333,894.5,516.0,355,306,339
Gundalammapalem,14.605,80.025,28_515_shc_2024-25.10341,163.0,1.1,129.1,0.23,0.0604000017046928,0.0746999979019165,0.1062000021338462,0.1098000034689903,0.1827999949455261,0.2955000102519989,0.3754999935626983,0.3916000127792358,0.4266999959945678,0.4162000119686126,0.2964000105857849,0.1921000033617019,0.56202632188797,0.3635097742080688,0.4727711974998329,0.4221090544306419,0.7568947672843933,13,1,90,177,0.2163105858696831,302.8702865176731,302.1425273895264,0.0009700122938156,1398.0833333333333,890.5,507.4166666666667,354,317,329
Vavilla,14.605,80.085,28_515_shc_2024-25.11389,88.0,13.1,180.8,0.32,0.0881000012159347,0.1150000020861625,0.1378999948501587,0.1530999988317489,0.1794500052928924,0.2578999996185303,0.2906500101089477,0.2955999970436096,0.3145000040531158,0.3178499937057495,0.3125999867916107,0.2472999989986419,0.3175841271877289,0.2445005625486374,0.2635570039801022,0.2253083147961495,1.0575101375579834,11,2,116,174,0.1588715023464626,303.0348969777425,302.1620803409153,0.0010061510918223,1410.3333333333333,894.5,516.0,344,322,335
Vavilla,14.605,80.085,28_515_shc_2024-25.21137,151.0,42.6,342.2,1.24,0.0881000012159347,0.1150000020861625,0.1378999948501587,0.1530999988317489,0.1794500052928924,0.2578999996185303,0.2906500101089477,0.2955999970436096,0.3145000040531158,0.3178499937057495,0.3125999867916107,0.2472999989986419,0.3175841271877289,0.2445005625486374,0.2635570039801022,0.2253083147961495,1.0575101375579834,11,2,116,174,0.1588715023464626,303.0348969777425,302.1620803409153,0.0010061510918223,1410.3333333333333,894.5,516.0,344,322,335
Peramana,14.608,79.732,28_515_shc_2024-25.20187,188.0,90.0,129.0,0.36,0.0537000000476837,0.0747999995946884,0.1054000034928321,0.1342000067234039,0.1657000035047531,0.2465000003576278,0.2946999967098236,0.3041999936103821,0.329800009727478,0.3282999992370605,0.3014000058174133,0.2105000019073486,0.3877736926078796,0.294743537902832,0.2744768516303089,0.2717391093774132,0.9907955527305604,38,1,226,183,0.215923606024848,303.1333670298258,302.3556621551514,0.000890108458773,1418.1666666666667,888.3333333333334,529.8333333333334,341,292,367
Talamanchi,14.608,80.008,28_515_shc_2024-25.10359,113.0,17.5,193.7,0.4,0.0601500011980533,0.0860999971628189,0.1177000030875206,0.1299999952316284,0.1969500035047531,0.2823500037193298,0.3352499902248382,0.363999992609024,0.3701499998569488,0.3705999851226806,0.2635500133037567,0.1636500060558319,0.4736842215061188,0.2977983653545379,0.390455530914007,0.3531187126356002,0.7240385413169861,14,3,325,186,0.2163105858696831,302.8702865176731,302.1425273895264,0.0009700122938156,1398.0833333333333,890.5,507.4166666666667,342,322,336
Talamanchi,14.608,80.022,28_515_shc_2024-25.6822,213.0,17.5,213.1,0.5,0.0648000016808509,0.089599996805191,0.1151999980211258,0.1254000067710876,0.1847999989986419,0.2513499855995178,0.2780500054359436,0.2851000130176544,0.3139500021934509,0.3212999999523163,0.286650002002716,0.1936500072479248,0.3890377581119537,0.2134497016668319,0.2923837370383776,0.2630972039137699,1.005436658859253,12,1,90,177,0.2163105858696831,302.8702865176731,302.1425273895264,0.0009700122938156,1398.0833333333333,890.5,507.4166666666667,361,313,326
Varini,14.608,80.142,28_515_shc_2024-25.2978,138.0,1.1,284.1,0.54,0.0684499964118003,0.1004000008106231,0.1391000002622604,0.190200001001358,0.2304999977350235,0.3170500099658966,0.3529500067234039,0.3353999853134155,0.36489999294281,0.4440999925136566,0.4388000071048736,0.3734999895095825,0.2762556970119476,0.1853684186935424,0.2106056880298709,0.2123634744289474,1.3082886934280396,7,3,237,189,0.1588715023464626,303.0348969777425,302.1620803409153,0.0010061510918223,1430.75,899.0833333333334,531.6666666666666,355,338,307
Atmakur,14.612,79.642,28_515_shc_2024-25.11242,113.0,43.0,386.0,0.27,0.0399499982595443,0.0540999993681907,0.0745500028133392,0.0882999971508979,0.1423999965190887,0.2361499965190887,0.2734499871730804,0.2739000022411346,0.3034499883651733,0.3183499872684479,0.2259999960660934,0.1369999945163726,0.512424111366272,0.3158779740333557,0.3319146007245448,0.3228949290555145,0.8251186609268188,45,4,207,186,0.2152187347412109,303.1103038787842,302.2940464867486,0.0008690205275367,1428.9166666666667,893.5833333333334,535.4166666666666,315,327,358
Atmakur,14.612,79.642,28_515_shc_2024-25.11409,163.0,17.0,200.0,0.9,0.0399499982595443,0.0540999993681907,0.0745500028133392,0.0882999971508979,0.1423999965190887,0.2361499965190887,0.2734499871730804,0.2739000022411346,0.3034499883651733,0.3183499872684479,0.2259999960660934,0.1369999945163726,0.512424111366272,0.3158779740333557,0.3319146007245448,0.3228949290555145,0.8251186609268188,45,4,207,186,0.2152187347412109,303.1103038787842,302.2940464867486,0.0008690205275367,1428.9166666666667,893.5833333333334,535.4166666666666,315,327,358
Peramana,14.612,79.698,28_515_shc_2024-25.15115,113.0,1.0,225.0,0.75,0.052250001579523,0.0542000010609626,0.0868000015616417,0.0697999969124794,0.1492500007152557,0.2756499946117401,0.3502500057220459,0.3691999912261963,0.3810000121593475,0.3569999933242798,0.2457499951124191,0.1416500061750412,0.6820045709609985,0.4242453277111053,0.5418023922447754,0.4782747573413709,0.6656283736228943,40,1,180,180,0.215923606024848,303.1333670298258,302.3556621551514,0.000890108458773,1426.0,890.5,535.4166666666666,324,298,378
Tharunavaya,14.612,79.782,28_515_shc_2024-25.7484,88.0,1.0,26.0,1.13,0.0487499982118606,0.0694499984383583,0.1067999973893165,0.1384000033140182,0.1768500059843063,0.2511500120162964,0.3037000000476837,0.3118999898433685,0.3321500122547149,0.339599996805191,0.3344500064849853,0.2400500029325485,0.3852986693382263,0.2763171195983886,0.2675115781414394,0.273860866745185,1.072298884391785,35,1,270,183,0.215231704711914,303.15678825378416,302.3173537784153,0.0009352887723984,1403.9166666666667,887.75,516.1666666666666,333,319,347
Munulapudi,14.612,79.888,28_515_shc_2024-25.8460,25.0,164.0,90.0,1.8,0.0571499988436698,0.0619000010192394,0.0907500013709068,0.1186000034213066,0.1541499942541122,0.2413000017404556,0.2796500027179718,0.2996000051498413,0.3105500042438507,0.3185000121593475,0.2788499891757965,0.195250004529953,0.4328072667121887,0.3205509781837463,0.2925110695538782,0.2956872141782,0.9307409524917604,35,2,244,186,0.2180040571424696,302.81000005933976,301.6073548634847,0.0009735216608557,1386.0,887.9166666666666,497.8333333333333,349,317,333
Talamanchi,14.612,80.018,28_515_shc_2024-25.10490,88.0,18.6,316.9,0.1,0.0537000000476837,0.0729499980807304,0.1055999994277954,0.1066000014543533,0.1659999936819076,0.2851499915122986,0.3735499978065491,0.3916000127792358,0.4058499932289123,0.3998999893665313,0.2827999889850616,0.178849995136261,0.5720593929290771,0.4045911431312561,0.4800970376003783,0.4282708985088076,0.7221654057502747,12,1,46,177,0.2163105858696831,302.8702865176731,302.1425273895264,0.0009700122938156,1398.0833333333333,890.5,507.4166666666667,365,308,327
Damegunta,14.612,80.032,28_515_shc_2024-25.7095,63.0,42.6,116.2,0.35,0.045049998909235,0.0551499985158443,0.0750000029802322,0.0622499994933605,0.1377499997615814,0.2916499972343445,0.3483999967575073,0.3449999988079071,0.3734000027179718,0.3951500058174133,0.2285500019788742,0.1450500041246414,0.6942909955978394,0.4293112456798553,0.5417185512397137,0.4674841551567378,0.6624637842178345,10,1,90,177,0.2163105858696831,302.8702865176731,302.1425273895264,0.0009700122938156,1398.0833333333333,890.5,507.4166666666667,355,319,326
Dampuru,14.612,80.072,28_515_shc_2024-25.8008,100.0,62.2,607.0,0.1,0.0672999992966651,0.0820000022649765,0.1173999980092048,0.1238000020384788,0.2079000025987625,0.2994000017642975,0.3675999939441681,0.384799987077713,0.4162999987602234,0.3407000005245209,0.2745999991893768,0.1718000024557113,0.5131734013557434,0.2984646260738373,0.4313764182363321,0.3881617903862083,0.7136175036430359,6,1,226,183,0.1588715023464626,303.0348969777425,302.1620803409153,0.0010061510918223,1398.8333333333333,892.4166666666666,506.4166666666667,357,316,327
Amanichiruvella,14.615,79.415,28_515_shc_2024-25.12809,125.0,19.0,523.0,0.69,0.0333999991416931,0.0494499988853931,0.0706000030040741,0.0790999978780746,0.1117499992251396,0.1958999931812286,0.2288500070571899,0.2295999974012375,0.2590999901294708,0.2553499937057495,0.2004999965429306,0.120399996638298,0.4875283539295196,0.345246821641922,0.2821892642641379,0.2791517257357888,0.8732578158378601,81,3,46,174,0.3143429650200738,303.1537012312147,302.15286810133193,0.0008062185954485,1433.75,883.0,550.8333333333334,315,298,387
Korimerla,14.615,79.745,28_515_shc_2024-25.10298,138.0,164.0,109.0,1.2,0.047749999910593,0.0691500008106231,0.0990500003099441,0.1108999997377395,0.1504500061273574,0.2486499994993209,0.286650002002716,0.3041999936103821,0.3155499994754791,0.3108499944210052,0.2377499938011169,0.1638000011444091,0.4656709134578705,0.3381721973419189,0.3330519060346358,0.3168506096783035,0.7815581560134888,41,5,270,195,0.215923606024848,303.1333670298258,302.3556621551514,0.000890108458773,1418.1666666666667,888.3333333333334,529.8333333333334,318,291,391
Sangam,14.615,79.765,28_515_shc_2024-25.1795,50.0,116.8,122.0,0.68,0.050900001078844,0.0604000017046928,0.0887999981641769,0.1208000034093856,0.1669999957084655,0.2152000069618225,0.2352000027894973,0.2596000134944916,0.2644000053405761,0.2782999873161316,0.3285999894142151,0.2254000008106231,0.3648790717124939,0.2170652002096176,0.2265900616539428,0.2364834292709813,1.2657934427261353,46,1,180,180,0.215231704711914,303.15678825378416,302.3173537784153,0.0009352887723984,1403.9166666666667,887.75,516.1666666666666,326,287,387
Yelamanchipadu,14.615,79.905,28_515_shc_2024-25.779,113.0,35.0,109.0,1.19,0.049600001424551,0.0710999965667724,0.1026000007987022,0.1093000024557113,0.1784500032663345,0.2667999863624573,0.3009000122547149,0.315200001001358,0.3378500044345855,0.3324500024318695,0.2749499976634979,0.197050005197525,0.4850412309169769,0.277018129825592,0.3580246784987117,0.3340724679973589,0.872303307056427,27,2,90,174,0.2180040571424696,302.81000005933976,301.6073548634847,0.0009735216608557,1386.0,887.9166666666666,497.8333333333333,308,329,363
Atmakur,14.618,79.662,28_515_shc_2024-25.1396,125.0,17.0,129.0,0.1,0.0522000007331371,0.0784000009298324,0.1048000007867813,0.1410000026226043,0.1827999949455261,0.2797999978065491,0.3224000036716461,0.3400000035762787,0.3666999936103821,0.3558000028133392,0.3328000009059906,0.23989999294281,0.4137214124202728,0.300688624382019,0.3113266574111309,0.3042813451012304,0.9788235425949096,47,2,90,174,0.215923606024848,303.1333670298258,302.3556621551514,0.000890108458773,1428.9166666666667,893.5833333333334,535.4166666666666,329,299,372
Atmakur,14.618,79.662,28_515_shc_2024-25.8391,75.0,35.0,109.0,0.45,0.0522000007331371,0.0784000009298324,0.1048000007867813,0.1410000026226043,0.1827999949455261,0.2797999978065491,0.3224000036716461,0.3400000035762787,0.3666999936103821,0.3558000028133392,0.3328000009059906,0.23989999294281,0.4137214124202728,0.300688624382019,0.3113266574111309,0.3042813451012304,0.9788235425949096,47,2,90,174,0.215923606024848,303.1333670298258,302.3556621551514,0.000890108458773,1428.9166666666667,893.5833333333334,535.4166666666666,329,299,372
Vangallu,14.618,79.828,28_515_shc_2024-25.7271,151.0,80.0,103.0,0.71,0.0489000007510185,0.065600000321865,0.0944000035524368,0.0949999988079071,0.1741500049829483,0.2910000085830688,0.3549000024795532,0.3589999973773956,0.3793500065803528,0.3813999891281128,0.262800008058548,0.1725499927997589,0.5814977884292603,0.3467129170894623,0.4592901892985931,0.4150943390332201,0.7320334315299988,35,1,270,183,0.215231704711914,303.15678825378416,302.3173537784153,0.0009352887723984,1395.5,886.1666666666666,509.1666666666667,328,318,354
Jangala Khandrika,14.618,79.832,28_515_shc_2024-25.10248,38.0,164.0,489.0,0.5,0.0534499995410442,0.0662000030279159,0.1003499999642372,0.1254000067710876,0.1850499957799911,0.2590999901294708,0.299450010061264,0.2937000095844269,0.330700010061264,0.3300999999046325,0.3364500105381012,0.241699993610382,0.4015747904777527,0.2269451916217804,0.2715216827349458,0.2746708733844254,1.1455566883087158,35,1,46,177,0.215231704711914,303.15678825378416,302.3173537784153,0.0009352887723984,1395.5,886.1666666666666,509.1666666666667,333,314,353
Munulapudi,14.618,79.892,28_515_shc_2024-25.3761,163.0,164.0,135.0,1.4,0.0425999984145164,0.0575999990105629,0.0843999981880188,0.1147999987006187,0.148399993777275,0.2257000058889389,0.2522999942302704,0.2696000039577484,0.2800000011920929,0.2870000004768371,0.2978000044822693,0.2153999954462051,0.4027055203914642,0.2899521887302398,0.2535377438643811,0.2625508900811147,1.1045993566513062,35,4,314,189,0.2180040571424696,302.81000005933976,301.6073548634847,0.0009735216608557,1386.0,887.9166666666666,497.8333333333333,334,327,339
Atmakur,14.622,79.632,28_515_shc_2024-25.10992,88.0,17.0,245.0,0.39,0.0337500013411045,0.0447000004351139,0.0689999982714653,0.046849999576807,0.1173499971628189,0.257999986410141,0.323199987411499,0.3436000049114227,0.357149988412857,0.3607999980449676,0.1797000020742416,0.0979499965906143,0.7600204944610596,0.4908341467380523,0.5753422109032693,0.4998877036984813,0.5229918360710144,46,2,27,177,0.2152187347412109,303.1103038787842,302.2940464867486,0.0008690205275367,1428.9166666666667,893.5833333333334,535.4166666666666,311,317,372
Atmakur,14.622,79.638,28_515_shc_2024-25.11013,75.0,1.0,335.0,0.38,0.0324000008404254,0.0381999984383583,0.0645999982953071,0.0502000004053115,0.0921000018715858,0.1987999975681305,0.2456000000238418,0.2509999871253967,0.2614000141620636,0.2610000073909759,0.1737000048160553,0.095100000500679,0.6666666269302368,0.4631302654743194,0.396618445363573,0.3759360768444637,0.6920319199562073,43,3,180,180,0.2152187347412109,303.1103038787842,302.2940464867486,0.0008690205275367,1428.9166666666667,893.5833333333334,535.4166666666666,314,322,364
Peramana,14.622,79.718,28_515_shc_2024-25.15384,151.0,1.0,522.0,0.33,0.0469999983906745,0.0736000016331672,0.1006999984383583,0.1169999986886978,0.1719000041484832,0.2587999999523163,0.3124000132083893,0.3260000050067901,0.3420000076293945,0.339599996805191,0.3014000058174133,0.1924999952316284,0.471783310174942,0.3094998896121979,0.3539973042981378,0.3324496375912777,0.9245398640632628,39,2,153,177,0.215923606024848,303.1333670298258,302.3556621551514,0.000890108458773,1418.1666666666667,888.3333333333334,529.8333333333334,331,315,354
Jangala Khandrika,14.622,79.838,28_515_shc_2024-25.6190,75.0,164.0,232.0,1.28,0.0507499985396862,0.0619000010192394,0.093699999153614,0.1037999987602233,0.157150000333786,0.2583999931812286,0.307449996471405,0.3154000043869018,0.3388499915599823,0.3372499942779541,0.2782999873161316,0.1925500035285949,0.5047709941864014,0.3348852097988128,0.3588995677638353,0.3453002690962951,0.8823715448379517,32,1,46,177,0.215231704711914,303.15678825378416,302.3173537784153,0.0009352887723984,1382.75,885.3333333333334,497.4166666666667,333,314,353
Kalambotlavari Khandrika,14.622,80.032,28_515_shc_2024-25.14507,125.0,26.2,103.3,1.15,0.0479499995708465,0.0741000026464462,0.1108999997377395,0.1455000042915344,0.1931000053882599,0.2903499901294708,0.3305000066757202,0.3474000096321106,0.3723999857902527,0.36285001039505,0.3125500082969665,0.2158000022172927,0.4096165597438812,0.285476416349411,0.3032168976310824,0.3050156146277924,0.8996833562850952,9,2,64,174,0.2163105858696831,302.8702865176731,302.1425273895264,0.0009700122938156,1398.0833333333333,890.5,507.4166666666667,359,313,329
Narampeta,14.625,79.625,28_515_shc_2024-25.19778,63.0,164.0,109.0,0.33,0.0606000013649463,0.0519500002264976,0.0724499970674514,0.0672499984502792,0.1340499967336654,0.2665500044822693,0.3141500055789947,0.3370000123977661,0.3353500068187713,0.2919999957084656,0.2771500051021576,0.1863999962806701,0.6672850847244263,0.4308460056781769,0.4992134980434639,0.4474702970053107,0.8224035501480103,43,8,241,201,0.2152187347412109,303.1103038787842,302.2940464867486,0.0008690205275367,1428.9166666666667,893.5833333333334,535.4166666666666,314,316,370
Atmakur,14.625,79.635,28_515_shc_2024-25.8345,75.0,1.0,64.0,0.3,0.0283000003546476,0.0392000004649162,0.0626000016927719,0.0434999987483024,0.100500002503395,0.2603000104427337,0.3406000137329101,0.3528000116348266,0.3740000128746032,0.3623000085353851,0.1722999960184097,0.0838999971747398,0.7804693579673767,0.5565850734710693,0.5858842490094343,0.5176280419002426,0.488378643989563,45,3,161,177,0.2152187347412109,303.1103038787842,302.2940464867486,0.0008690205275367,1428.9166666666667,893.5833333333334,535.4166666666666,325,316,360
Peramana,14.625,79.725,28_515_shc_2024-25.14650,163.0,43.0,174.0,0.9,0.0466499999165535,0.066050000488758,0.0980999991297721,0.1119000017642974,0.1651999950408935,0.258899986743927,0.3036499917507171,0.3118000030517578,0.3377000093460083,0.3135499954223633,0.2476000040769577,0.165350005030632,0.4717960655689239,0.3073375523090362,0.3358929980805363,0.324618382989943,0.7940987944602966,37,3,161,177,0.215923606024848,303.1333670298258,302.3556621551514,0.000890108458773,1418.1666666666667,888.3333333333334,529.8333333333334,340,305,356
Korimerla,14.625,79.745,28_515_shc_2024-25.15154,151.0,17.0,303.0,0.9,0.0373999997973442,0.0434999987483024,0.06700000166893,0.0476000010967254,0.1017000004649162,0.2601000070571899,0.3379000127315521,0.3348000049591064,0.3632000088691711,0.3580000102519989,0.1895000040531158,0.0991000011563301,0.7510460019111633,0.5340206027030945,0.5548043102000979,0.4882139651371597,0.5660095810890198,36,2,116,174,0.215923606024848,303.1333670298258,302.3556621551514,0.000890108458773,1418.1666666666667,888.3333333333334,529.8333333333334,330,277,393
Jangala Khandrika,14.625,79.835,28_515_shc_2024-25.10120,75.0,35.0,161.0,0.78,0.0425000004470348,0.0489500015974044,0.0763000026345253,0.0765499994158744,0.1190000027418136,0.2041999995708465,0.2384500056505203,0.2594000101089477,0.261599987745285,0.2771500051021576,0.2358999997377395,0.1411499977111816,0.5442774295806885,0.3710359334945678,0.3382165462893661,0.3280997821813718,0.909406304359436,35,2,27,177,0.215231704711914,303.15678825378416,302.3173537784153,0.0009352887723984,1382.75,885.3333333333334,497.4166666666667,334,315,352
Sangam,14.628,79.792,28_515_shc_2024-25.2299,63.0,25.0,26.0,0.36,0.049049999564886,0.0626500025391578,0.0998999997973442,0.0939999967813491,0.1643999963998794,0.2772499918937683,0.3340499997138977,0.3310000002384186,0.365449994802475,0.3483999967575073,0.2694000005722046,0.1732500046491623,0.5576470494270325,0.3362939059734344,0.4157530213069044,0.3843243311686268,0.8138973116874695,35,3,288,189,0.215231704711914,303.15678825378416,302.3173537784153,0.0009352887723984,1399.5,892.0,507.4166666666667,324,312,364
North Amuluru,14.628,80.028,28_515_shc_2024-25.17151,263.0,33.8,77.5,0.45,0.0548000000417232,0.0368000008165836,0.0645999982953071,0.0504000000655651,0.1106000021100044,0.2129999995231628,0.2538999915122986,0.1907999962568283,0.2682999968528747,0.2831000089645386,0.1870000064373016,0.1168999969959259,0.5820895433425903,0.2660915553569793,0.2883667377671624,0.2841338307229186,0.9800838828086852,11,1,134,177,0.2163105858696831,302.8702865176731,302.1425273895264,0.0009700122938156,1414.9166666666667,891.0833333333334,523.75,335,330,334
Anathabotlavari Khandrika,14.628,80.048,28_515_shc_2024-25.20659,201.0,85.2,90.4,0.68,0.0568000003695488,0.070200003683567,0.1118000000715255,0.1278000026941299,0.1918999999761581,0.2885000109672546,0.3402000069618225,0.3555999994277954,0.3865000009536743,0.3840000033378601,0.3163999915122986,0.2125999927520752,0.4712453484535217,0.2989954352378845,0.3568519306526619,0.3474679625413841,0.8897637724876404,4,2,116,174,0.2163105858696831,302.8702865176731,302.1425273895264,0.0009700122938156,1398.0833333333333,890.8333333333334,507.1666666666667,357,315,328
Mahimalur,14.632,79.492,28_515_shc_2024-25.8053,138.0,1.0,174.0,1.03,0.0653000026941299,0.0671999976038932,0.095550000667572,0.1275999993085861,0.1588499993085861,0.2157000005245208,0.2383500039577484,0.2725000083446502,0.2657999992370605,0.2610499858856201,0.2786000072956085,0.2240000069141388,0.3621594905853271,0.2634751498699188,0.2361319453463471,0.2414731826530884,1.0223853588104248,81,1,90,177,0.2153135935465494,303.1521984100342,302.3107294294569,0.0008401772080534,1428.4166666666667,914.6666666666666,513.5,347,251,402
Mahimalur,14.632,79.528,28_515_shc_2024-25.11616,138.0,3.0,135.0,0.45,0.0568000003695488,0.0766000002622604,0.1045999974012374,0.121299996972084,0.1812500059604644,0.2654500007629394,0.3203499913215637,0.3440000116825104,0.3697499930858612,0.3711000084877014,0.2843500077724457,0.179649993777275,0.4786159694194793,0.3098524510860443,0.3718359980757369,0.3460582399985971,0.8265988230705261,59,1,314,183,0.2153135935465494,303.1521984100342,302.3107294294569,0.0008401772080534,1428.0833333333333,915.5,512.5,346,270,384
Thiruveedhipadu,14.632,79.872,28_515_shc_2024-25.14474,113.0,17.0,142.0,1.39,0.0417000018060207,0.0715999975800514,0.1054000034928321,0.147599995136261,0.1856999993324279,0.2445999979972839,0.2939000129699707,0.3066000044345855,0.3244000077247619,0.3138999938964844,0.3416999876499176,0.259799987077713,0.350066065788269,0.2455819696187973,0.2401522624639876,0.2499476148131971,1.1144813299179075,36,1,314,183,0.2180040571424696,302.81000005933976,301.6073548634847,0.0009735216608557,1395.4166666666667,890.5,505.0,345,304,351
Anathabotlavari Khandrika,14.632,80.052,28_515_shc_2024-25.20621,188.0,55.7,142.1,0.52,0.0445000007748603,0.052700001746416,0.0803999975323677,0.0908000022172927,0.1375000029802322,0.2005999982357025,0.2366999983787536,0.2098000049591064,0.2542999982833862,0.3336000144481659,0.244499996304512,0.1600999981164932,0.3958749175071716,0.2081773728132248,0.2188546038358086,0.2229577848022563,1.1653956174850464,5,2,333,183,0.1588715023464626,303.0348969777425,302.1620803409153,0.0010061510918223,1398.0833333333333,890.8333333333334,507.1666666666667,357,311,332
Nagulapadu,14.635,79.565,28_515_shc_2024-25.8295,88.0,164.0,64.0,1.4,0.0388000011444091,0.049100000411272,0.0726500004529953,0.0542000010609626,0.1049000024795532,0.1887499988079071,0.2072499990463256,0.217299997806549,0.2282499969005584,0.2357500046491623,0.1599500030279159,0.0880500003695488,0.6007366180419922,0.3488516211509704,0.347242913763032,0.3171095210337037,0.7360791563987732,57,1,90,177,0.2152187347412109,303.1103038787842,302.2940464867486,0.0008690205275367,1423.6666666666667,908.0,515.75,337,287,375
Korimerla,14.635,79.745,28_515_shc_2024-25.15111,138.0,157.0,271.0,1.23,0.0381000004708766,0.0429500006139278,0.0709500014781951,0.05180000141263,0.1165999993681907,0.265500009059906,0.3351500034332275,0.3411999940872192,0.3702499866485595,0.3551500141620636,0.1973000019788742,0.1017000004649162,0.736386775970459,0.4906072616577148,0.5440360806820944,0.4861142118695083,0.5782532691955566,39,2,270,186,0.215923606024848,303.1333670298258,302.3556621551514,0.000890108458773,1412.3333333333333,893.4166666666666,518.8333333333334,301,322,378
North Amuluru,14.635,80.005,28_515_shc_2024-25.6571,100.0,37.1,116.2,1.2,0.0577500015497207,0.0728000029921531,0.1193000003695488,0.1632000058889389,0.2238499969244003,0.2921999990940094,0.3358500003814697,0.3353999853134155,0.3704999983310699,0.3616999983787536,0.3908500075340271,0.2679499983787536,0.3453669846057892,0.1994635462760925,0.2434128400983254,0.2586620983500224,1.1653250455856323,17,2,270,186,0.2163105858696831,302.8702865176731,302.1425273895264,0.0009700122938156,1414.9166666666667,891.0833333333334,523.75,347,314,338
Purini,14.635,80.065,28_515_shc_2024-25.14361,138.0,27.3,90.4,0.33,0.0429500006139278,0.0581500008702278,0.0896999984979629,0.0769999995827674,0.1431500017642974,0.2828499972820282,0.3438499867916107,0.3619999885559082,0.3814499974250793,0.3901000022888183,0.2222000062465667,0.1180500015616417,0.6492027044296265,0.4332376420497894,0.5133747512879667,0.4552715536313467,0.6138122081756592,5,3,237,189,0.1588715023464626,303.0348969777425,302.1620803409153,0.0010061510918223,1398.0833333333333,890.8333333333334,507.1666666666667,349,321,330
Purini,14.635,80.075,28_515_shc_2024-25.6894,113.0,29.5,71.0,1.12,0.0811000019311904,0.1191999986767768,0.1573999971151352,0.1894000023603439,0.2289499938488006,0.2922999858856201,0.3255499899387359,0.3246000111103058,0.3567999899387359,0.3420499861240387,0.3901000022888183,0.295549988746643,0.2630350291728973,0.1727938205003738,0.2156987966069258,0.2000000102867975,1.201786756515503,3,4,166,177,0.1588715023464626,303.0348969777425,302.1620803409153,0.0010061510918223,1398.0833333333333,890.8333333333334,507.1666666666667,335,339,326
Mahimalur,14.638,79.492,28_515_shc_2024-25.2060,125.0,3.0,45.0,1.54,0.0430999994277954,0.0741999968886375,0.1040999963879585,0.1155999973416328,0.1385000050067901,0.215049996972084,0.2372999936342239,0.2249999940395355,0.2575500011444092,0.2734000086784363,0.2292499989271164,0.1642500013113021,0.321197897195816,0.2379642128944397,0.2007928870558086,0.1952176977508951,1.0188889503479004,78,3,199,183,0.2153135935465494,303.1521984100342,302.3107294294569,0.0008401772080534,1428.4166666666667,914.6666666666666,513.5,322,264,415
Marripadu,14.638,79.812,28_515_shc_2024-25.3401,151.0,1.0,213.0,1.2,0.0461000017821788,0.0553000010550022,0.0834000036120414,0.0667999982833862,0.1440999954938888,0.2741999924182892,0.3237000107765198,0.3388000130653381,0.3580000102519989,0.339599996805191,0.2126999944448471,0.1133000031113624,0.6706114411354065,0.403189092874527,0.5132656826030018,0.4505300541740133,0.6278039813041687,33,2,244,186,0.215231704711914,303.15678825378416,302.3173537784153,0.0009352887723984,1399.5,892.0,507.4166666666667,341,306,353
Kaligiri Konduru,14.638,79.848,28_515_shc_2025-26.6684,100.0,18.6,471.4,0.67,0.0458500012755394,0.063400000333786,0.090999998152256,0.1084000021219253,0.1489000022411346,0.2354999929666519,0.2766999900341034,0.2946999967098236,0.3069500029087066,0.3206000030040741,0.2700499892234802,0.1799499988555908,0.4621681869029999,0.3286744654178619,0.3169229615343905,0.3094341625992073,0.9163556098937988,35,2,116,174,0.215231704711914,303.15678825378416,302.3173537784153,0.0009352887723984,1395.4166666666667,890.5,505.0,327,301,372
North Amuluru,14.638,80.022,28_515_shc_2024-25.6669,213.0,88.4,122.7,0.66,0.0636999979615211,0.0732000023126602,0.1018000021576881,0.096400000154972,0.1542000025510788,0.2599999904632568,0.2784999907016754,0.2831999957561493,0.3102999925613403,0.295199990272522,0.1996999979019165,0.1088000014424324,0.4920969307422638,0.2949245274066925,0.355782413799361,0.3185538821103842,0.7051553726196289,12,1,46,177,0.2163105858696831,302.8702865176731,302.1425273895264,0.0009700122938156,1414.9166666666667,891.0833333333334,523.75,327,319,354
Beeramgunta,14.638,80.038,28_515_shc_2024-25.14016,151.0,93.9,226.0,0.07,0.0631000027060508,0.0803000032901763,0.1063999980688095,0.0935999974608421,0.1850000023841858,0.293500006198883,0.3797000050544739,0.4108000099658966,0.4016999900341034,0.3743999898433685,0.2657000124454498,0.1606000065803527,0.6288660168647766,0.3789862394332886,0.5787687834135559,0.4737156663076655,0.6467867493629456,11,3,199,183,0.2163105858696831,302.8702865176731,302.1425273895264,0.0009700122938156,1414.9166666666667,891.0833333333334,523.75,347,324,329
Talupurupadu,14.642,79.772,28_515_shc_2024-25.738,125.0,157.0,238.0,1.13,0.0604999996721744,0.0641999989748001,0.0908000022172927,0.1054000034928321,0.1635999977588653,0.2326000034809112,0.2644000053405761,0.2773999869823456,0.2958999872207641,0.3100000023841858,0.2863000035285949,0.1949999928474426,0.4493207633495331,0.258049875497818,0.3010571686751805,0.2922519007905726,1.0320837497711182,42,1,90,177,0.215231704711914,303.15678825378416,302.3173537784153,0.0009352887723984,1402.5833333333333,892.4166666666666,510.3333333333333,339,307,353
Marripadu,14.642,79.818,28_515_shc_2024-25.6429,100.0,11.0,219.0,0.6,0.0570000000298023,0.0828500017523765,0.1171000003814697,0.154799997806549,0.2046000063419342,0.299450010061264,0.3379000127315521,0.3355999886989593,0.3813000023365021,0.3574000000953674,0.3632999956607818,0.2845999896526336,0.3686786293983459,0.242502748966217,0.2751023189398398,0.2738287459953504,1.0825387239456177,34,2,180,180,0.215231704711914,303.15678825378416,302.3173537784153,0.0009352887723984,1399.5,892.0,507.4166666666667,318,331,351
Marripadu,14.642,79.822,28_515_shc_2024-25.14496,176.0,62.0,309.0,0.63,0.0619000010192394,0.0907000005245208,0.1273999959230423,0.1782000064849853,0.221000000834465,0.2858000099658966,0.3210999965667724,0.3291999995708465,0.3598000109195709,0.3573000133037567,0.4029000103473663,0.30239999294281,0.2975955605506897,0.1966557651758194,0.2197130489912166,0.2248362003843771,1.2238761186599731,36,2,333,183,0.215231704711914,303.15678825378416,302.3173537784153,0.0009352887723984,1399.5,892.0,507.4166666666667,317,334,349
Indupuru,14.642,80.062,28_515_shc_2024-25.10558,176.0,29.5,103.3,0.07,0.0511000007390975,0.0658000037074089,0.1063999980688095,0.0905999988317489,0.1813499927520752,0.292600005865097,0.3625999987125397,0.378600001335144,0.4150499999523163,0.4084500074386596,0.2526000142097473,0.1555999964475631,0.6138107180595398,0.3522635996341705,0.5039546602721733,0.4457284396210315,0.6671949625015259,6,1,314,183,0.1588715023464626,303.0348969777425,302.1620803409153,0.0010061510918223,1398.0833333333333,890.8333333333334,507.1666666666667,353,324,322
Purini,14.642,80.068,28_515_shc_2024-25.7523,176.0,8.7,155.0,1.08,0.0675500035285949,0.0791999995708465,0.124499998986721,0.1469999998807907,0.2206999957561493,0.3157500028610229,0.3702000081539154,0.4043999910354614,0.4270499944686889,0.434249997138977,0.3261500000953674,0.2203499972820282,0.4668117463588714,0.293872982263565,0.3802292486075351,0.3672246433971677,0.8065034747123718,8,3,314,186,0.1588715023464626,303.0348969777425,302.1620803409153,0.0010061510918223,1398.0833333333333,890.8333333333334,507.1666666666667,346,322,331
Purini,14.642,80.088,28_515_shc_2024-25.7116,188.0,22.9,135.6,0.31,0.0640000030398368,0.0882000029087066,0.121799997985363,0.1260000020265579,0.1878000050783157,0.3046999871730804,0.3646999895572662,0.3727999925613403,0.4153999984264374,0.3975000083446502,0.2960000038146972,0.1895000040531158,0.4947874844074249,0.330003559589386,0.420500227305421,0.3706447615219671,0.7939914464950562,4,2,0,180,0.1588715023464626,303.0348969777425,302.1620803409153,0.0010061510918223,1406.75,891.6666666666666,515.3333333333334,362,309,329
Pallavolu,14.645,79.365,28_515_shc_2024-25.15337,251.0,105.0,225.0,0.34,0.0375499986112117,0.0423500016331672,0.0654499977827072,0.0608000010251998,0.1325999945402145,0.2402500063180923,0.276199996471405,0.2930000126361847,0.3050499856472015,0.3022499978542328,0.2481999993324279,0.1596499979496002,0.6563029885292053,0.3768797218799591,0.4331524063612878,0.407940983653594,0.8470989465713501,93,1,134,177,0.3143429650200738,303.1537012312147,302.15286810133193,0.0008062185954485,1431.3333333333333,874.1666666666666,557.1666666666666,351,254,394
Mahimalur,14.645,79.515,28_515_shc_2024-25.7790,151.0,1.0,457.0,0.38,0.0420500002801418,0.0512499995529651,0.0768999978899955,0.065600000321865,0.1253499984741211,0.2359499931335449,0.2809999883174896,0.3034999966621399,0.3255000114440918,0.2905499935150146,0.1916999965906143,0.1052000001072883,0.6445407867431641,0.4154133200645447,0.4530651811834014,0.4105971645941448,0.6316309571266174,64,2,64,174,0.2153135935465494,303.1521984100342,302.3107294294569,0.0008401772080534,1428.0833333333333,915.5,512.5,328,263,409
Marripadu,14.645,79.845,28_515_shc_2024-25.6137,100.0,90.0,213.0,0.18,0.0443000011146068,0.060199998319149,0.093699999153614,0.0970000028610229,0.1766999959945678,0.270550012588501,0.3201499879360199,0.3120000064373016,0.3586499989032745,0.3388000130653381,0.2934499979019165,0.200200006365776,0.5256723761558533,0.2768569886684418,0.3726169812466567,0.3547854808201403,0.940544843673706,41,4,27,174,0.215231704711914,303.15678825378416,302.3173537784153,0.0009352887723984,1395.4166666666667,890.5,505.0,333,301,366
North Mopuru,14.645,80.025,28_515_shc_2024-25.16873,201.0,29.5,51.7,0.18,0.0421999990940094,0.0681999996304512,0.100500002503395,0.123999997973442,0.1708000004291534,0.2558000087738037,0.2989000082015991,0.3084000051021576,0.326200008392334,0.2816999852657318,0.29789999127388,0.1861999928951263,0.4264569878578186,0.2871452569961548,0.2991758187448432,0.2966538071435917,0.965953290462494,9,1,226,183,0.2163105858696831,302.8702865176731,302.1425273895264,0.0009700122938156,1414.9166666666667,891.0833333333334,523.75,323,323,354
Mahimalur,14.648,79.582,28_515_shc_2024-25.15836,151.0,8.0,161.0,0.6,0.0487999990582466,0.049550000578165,0.0724999979138374,0.0841000005602836,0.1384499967098236,0.2028499990701675,0.2281499952077865,0.2259999960660934,0.2583000063896179,0.2373999953269958,0.2678500115871429,0.190200001001358,0.4575943052768707,0.240225002169609,0.2610423223722553,0.2627453328541147,1.1851770877838137,63,1,134,177,0.2152187347412109,303.1103038787842,302.2940464867486,0.0008690205275367,1423.6666666666667,908.0,515.75,335,286,379
Thurimerla,14.648,79.902,28_515_shc_2024-25.232,151.0,90.0,451.0,1.47,0.0542999990284442,0.0738999992609024,0.1089999973773956,0.1242000013589859,0.1918500065803527,0.2849499881267547,0.3260500133037567,0.3386000096797943,0.3630000054836273,0.3648000061511993,0.2992500066757202,0.2082999944686889,0.4632670879364013,0.2766518890857696,0.3504298732372543,0.3340257673389858,0.8837862014770508,27,1,226,183,0.2180040571424696,302.81000005933976,301.6073548634847,0.0009735216608557,1398.6666666666667,889.8333333333334,508.75,330,315,354
North Amuluru,14.648,80.012,28_515_shc_2024-25.14736,176.0,26.2,64.6,0.15,0.0516999997198581,0.0649999976158142,0.1027999967336654,0.1316000074148178,0.1967000067234039,0.2459000051021576,0.260699987411499,0.2786000072956085,0.2526000142097473,0.2949000000953674,0.3287999927997589,0.2098000049591064,0.3583617508411407,0.1723122149705886,0.232491923518198,0.2422544454598109,1.1801866292953491,19,1,46,177,0.2163105858696831,302.8702865176731,302.1425273895264,0.0009700122938156,1414.9166666666667,891.0833333333334,523.75,361,282,357
North Mopuru,14.648,80.048,28_515_shc_2024-25.14795,138.0,31.7,109.8,0.68,0.0471000000834465,0.0745000019669532,0.1156999990344047,0.1325999945402145,0.2185000032186508,0.3118000030517578,0.36489999294281,0.3831999897956848,0.4108999967575073,0.4136500060558319,0.2853499948978424,0.1829500049352646,0.4858472347259521,0.2737244367599487,0.3867164658239469,0.3700531587711708,0.7446503043174744,8,2,0,180,0.2163105858696831,302.8702865176731,302.1425273895264,0.0009700122938156,1398.0833333333333,890.8333333333334,507.1666666666667,356,328,317
Indupuru,14.648,80.068,28_515_shc_2024-25.14435,213.0,13.1,297.0,0.69,0.0588500015437603,0.0663499981164932,0.1055999994277954,0.1064999997615814,0.1905999928712844,0.2837499976158142,0.3393999934196472,0.3576000034809112,0.3815000057220459,0.4162499904632568,0.2643499970436096,0.1570499986410141,0.541047215461731,0.3046333789825439,0.4187861722335236,0.3906752456303631,0.7392337918281555,6,0,0,180,0.1588715023464626,303.0348969777425,302.1620803409153,0.0010061510918223,1398.0833333333333,890.8333333333334,507.1666666666667,345,325,330
Varini,14.648,80.142,28_515_shc_2024-25.21366,125.0,164.0,361.6,0.39,0.096900001168251,0.13680000603199,0.1550000011920929,0.1687999963760376,0.1888000071048736,0.2508000135421753,0.2759999930858612,0.2906000018119812,0.290800005197525,0.2912999987602234,0.3151000142097473,0.2603000104427337,0.2651284337043762,0.2123487591743469,0.23837484666131,0.1904315285584467,1.084308385848999,7,1,314,183,0.1588715023464626,303.0348969777425,302.1620803409153,0.0010061510918223,1426.0,895.3333333333334,530.6666666666666,358,334,308
Ponguru,14.652,79.408,28_515_shc_2024-25.6075,100.0,62.0,644.0,1.11,0.0335999988019466,0.045899998396635,0.0663999989628791,0.0767000019550323,0.1195999979972839,0.2137999981641769,0.2439000010490417,0.2565999925136566,0.2797000110149383,0.2540000081062317,0.257999986410141,0.1762000024318695,0.5397539734840393,0.3641679883003235,0.3276747448658274,0.3238329384725274,1.0054559707641602,91,1,0,180,0.2889737447102865,303.1095063527425,302.4003453148736,0.0008013390362393,1430.8333333333333,891.8333333333334,539.0833333333334,331,273,397
Dagadarthi,14.652,79.918,28_515_shc_2024-25.7165,163.0,43.0,238.0,0.52,0.045499999076128,0.0681999996304512,0.101000003516674,0.1255999952554702,0.1750999987125396,0.2585000097751617,0.3075999915599823,0.3089999854564667,0.3355999886989593,0.3264999985694885,0.2948000133037567,0.2211000025272369,0.4219972491264343,0.2765957117080688,0.2955966652034256,0.2943505146361501,0.9540454149246216,25,2,180,180,0.2178484598795572,303.0240300072564,302.1321107228597,0.000940343757856,1404.3333333333333,891.75,512.6666666666666,348,333,319
North Mopuru,14.652,80.032,28_515_shc_2024-25.17020,176.0,18.6,109.8,0.17,0.0434000007808208,0.0843999981880188,0.1180000007152557,0.1208000034093856,0.162100002169609,0.3138999938964844,0.3634000122547149,0.3860000073909759,0.419400006532669,0.4244999885559082,0.193800002336502,0.1229000017046928,0.5232833623886108,0.4085021018981933,0.4486398642330618,0.3951132317292606,0.5020725131034851,10,1,180,180,0.2185335795084635,303.115962515937,302.2677823808458,0.0009809203415619,1414.9166666666667,891.0833333333334,523.75,338,317,345
North Mopuru,14.652,80.038,28_515_shc_2024-25.17177,163.0,3.3,116.2,0.51,0.0520999990403652,0.0966000035405159,0.1289999932050705,0.1500000059604644,0.2257000058889389,0.2985999882221222,0.367000013589859,0.3691999912261963,0.4070000052452087,0.3944999873638153,0.3066000044345855,0.2009000033140182,0.4221879541873932,0.2412169873714447,0.3547614184048475,0.3226059446685613,0.8304442167282104,11,1,314,183,0.2185335795084635,303.115962515937,302.2677823808458,0.0009809203415619,1414.9166666666667,891.0833333333334,523.75,368,325,306
North Mopuru,14.652,80.042,28_515_shc_2024-25.15276,106.0,6.6,116.2,1.05,0.0419999994337558,0.0763999968767166,0.1081999987363815,0.1000000014901161,0.165800005197525,0.2793000042438507,0.3185999989509582,0.3671999871730804,0.3517999947071075,0.2707999944686889,0.2273000031709671,0.1657000035047531,0.5719177722930908,0.3778611421585083,0.4791277828475249,0.4143920422067076,0.6190087199211121,12,1,90,177,0.2185335795084635,303.115962515937,302.2677823808458,0.0009809203415619,1398.0833333333333,890.8333333333334,507.1666666666667,370,320,310
Indupuru,14.652,80.048,28_515_shc_2024-25.14006,100.0,62.2,206.6,0.48,0.066100001335144,0.096450001001358,0.1331000030040741,0.1597999930381775,0.2334499955177307,0.3151499927043915,0.389299988746643,0.4106000065803528,0.4435999989509582,0.4469000101089477,0.3181000053882599,0.2241999953985214,0.4396914541721344,0.2750563025474548,0.380917695734218,0.3514574182056552,0.7747198939323425,7,2,0,180,0.2185335795084635,303.115962515937,302.2677823808458,0.0009809203415619,1398.0833333333333,890.8333333333334,507.1666666666667,351,341,307
North Mopuru,14.655,80.035,28_515_shc_2024-25.16999,63.0,1.1,161.4,0.68,0.0614000000059604,0.0870999991893768,0.126800000667572,0.1405999958515167,0.1985999941825866,0.3294999897480011,0.3923999965190887,0.4088000059127807,0.4467999935150146,0.4420999884605407,0.2991999983787536,0.1797000020742416,0.4881689250469208,0.3460652232170105,0.4192852643975162,0.3833619348346975,0.7318982481956482,9,1,180,180,0.2185335795084635,303.115962515937,302.2677823808458,0.0009809203415619,1414.9166666666667,891.0833333333334,523.75,349,330,321
Neelayapalem,14.658,79.748,28_515_shc_2024-25.20158,188.0,70.0,167.0,0.78,0.0391499996185302,0.045899998396635,0.0746000036597251,0.0747499987483024,0.1251499950885772,0.2340999990701675,0.2651999890804291,0.2754000127315521,0.2980999946594238,0.2955000102519989,0.2457499951124191,0.1611000001430511,0.5730401277542114,0.3751092553138733,0.3635886121026748,0.3540257800514145,0.8923383355140686,52,1,180,180,0.2847788492838541,303.2028331756592,302.4583748287625,0.0008809694601974,1412.3333333333333,893.4166666666666,518.8333333333334,307,338,355
Choutaputhedu,14.658,79.912,28_515_shc_2024-25.15513,100.0,5.0,206.0,1.15,0.0553000010550022,0.0772999972105026,0.1120000034570694,0.1394000053405761,0.1949999928474426,0.2800999879837036,0.3158999979496002,0.3332000076770782,0.3531000018119812,0.3657000064849853,0.3219999969005584,0.2226999998092651,0.4100719392299652,0.2616433501243591,0.3047457227794676,0.2988895739398642,0.9663864970207214,27,1,314,183,0.2178484598795572,303.0240300072564,302.1321107228597,0.000940343757856,1398.6666666666667,889.8333333333334,508.75,343,329,328
Dagadarthi,14.658,79.932,28_515_shc_2024-25.2221,38.0,1.0,129.0,0.75,0.0505999997258186,0.065200001001358,0.1001999974250793,0.1247999966144561,0.1759999990463256,0.260699987411499,0.305400013923645,0.3034000098705292,0.330700010061264,0.333400011062622,0.2994000017642975,0.2137999981641769,0.4170948266983032,0.2657488584518432,0.2856320613281165,0.2886231609700415,0.9868160486221312,24,2,90,174,0.2178484598795572,303.0240300072564,302.1321107228597,0.000940343757856,1404.3333333333333,891.75,512.6666666666666,330,341,329
Indupuru,14.658,80.068,28_515_shc_2024-25.3645,263.0,52.4,187.3,0.64,0.0716499984264373,0.0531999990344047,0.0854500010609626,0.0741000026464462,0.1661500036716461,0.3011499941349029,0.3499499857425689,0.3795999884605407,0.3865500092506408,0.3571000099182129,0.3082000017166137,0.2013500034809112,0.6733524203300476,0.391113132238388,0.5358896704525683,0.4804969938074949,0.8119072914123535,6,3,46,174,0.1473015679253472,303.2587522294786,302.0204082489014,0.0010599620642323,1398.0833333333333,890.8333333333334,507.1666666666667,341,334,325
Purini,14.658,80.098,28_515_shc_2024-25.10613,138.0,18.6,167.9,1.48,0.0478000007569789,0.0511000007390975,0.0804999992251396,0.0681999996304512,0.1257999986410141,0.2818999886512756,0.3537000119686126,0.3564000129699707,0.3898999989032745,0.3817999958992004,0.1766999959945678,0.0870999991893768,0.6787564754486084,0.4782248139381408,0.5212138970836352,0.4675535519337088,0.4957912266254425,4,1,134,177,0.1473015679253472,303.2587522294786,302.0204082489014,0.0010599620642323,1406.75,891.6666666666666,515.3333333333334,347,329,323
Chennuru,14.662,79.882,28_515_shc_2024-25.16699,88.0,17.0,206.0,0.92,0.0533999986946582,0.066600002348423,0.099600002169609,0.1048000007867813,0.167600005865097,0.2782000005245209,0.3303999900817871,0.3472000062465668,0.3704999983310699,0.3474000096321106,0.2511000037193298,0.148399993777275,0.5362831950187683,0.3488733470439911,0.4104300822059927,0.3819327788901386,0.7232142686843872,31,4,134,171,0.2178484598795572,303.0240300072564,302.1321107228597,0.000940343757856,1398.6666666666667,889.8333333333334,508.75,334,341,325
Katrayapadu,14.662,79.898,28_515_shc_2024-25.18095,88.0,17.0,193.0,0.55,0.0439000017940998,0.050050001591444,0.0834000036120414,0.0780000016093254,0.1479000002145767,0.2649999856948852,0.3154999911785126,0.3425999879837036,0.3534500002861023,0.3541499972343445,0.2054000049829483,0.1146500036120414,0.6291012763977051,0.3969418704509735,0.4609033235381906,0.4311318531917705,0.5995330214500427,26,4,116,168,0.2178484598795572,303.0240300072564,302.1321107228597,0.000940343757856,1398.6666666666667,889.8333333333334,508.75,328,330,342
Batrakagollu,14.662,80.008,28_515_shc_2024-25.17006,151.0,25.1,109.8,0.91,0.0498000010848045,0.0838000029325485,0.1265999972820282,0.1444000005722046,0.2169000059366226,0.306300014257431,0.3596999943256378,0.3700000047683716,0.3831999897956848,0.3763999938964844,0.3217000067234039,0.2096000015735626,0.4385692179203033,0.2608621418476105,0.3507680921253757,0.3335962189596357,0.8694594502449036,17,1,0,180,0.2185335795084635,303.115962515937,302.2677823808458,0.0009809203415619,1414.9166666666667,891.0833333333334,523.75,350,292,357
Batrakagollu,14.662,80.022,28_515_shc_2024-25.17168,163.0,162.7,335.8,1.05,0.0493000000715255,0.0714000016450882,0.1070000007748603,0.1118000000715255,0.1921000033617019,0.3068000078201294,0.3556999862194061,0.3815999925136566,0.4097000062465668,0.3984000086784363,0.2243999987840652,0.1422999948263168,0.5468180179595947,0.3303119838237762,0.4446568592060146,0.4073887574832997,0.5880503058433533,8,0,0,180,0.2185335795084635,303.115962515937,302.2677823808458,0.0009809203415619,1414.9166666666667,891.0833333333334,523.75,334,315,351
Indupuru,14.662,80.058,28_515_shc_2024-25.10250,113.0,5.5,335.8,0.45,0.0592000000178813,0.09009999781847,0.1283999979496002,0.1756999939680099,0.2093999981880188,0.2847999930381775,0.3328500092029571,0.334199994802475,0.3748500049114227,0.3903999924659729,0.3269999921321869,0.2448499947786331,0.310845285654068,0.2295805662870407,0.2313666002258509,0.2354193523074984,0.9784560203552246,10,2,270,186,0.1473015679253472,303.2587522294786,302.0204082489014,0.0010599620642323,1398.0833333333333,890.8333333333334,507.1666666666667,353,326,321
Indupuru,14.662,80.062,28_515_shc_2024-25.10345,113.0,75.3,226.0,0.45,0.0676499977707862,0.0948500037193298,0.1303000003099441,0.1687999963760376,0.2195000052452087,0.3182500004768371,0.407150000333786,0.4248000085353851,0.4509499967098236,0.4478499889373779,0.3424499928951263,0.2513000071048736,0.4312668740749359,0.3186403810977936,0.370751232103284,0.3511338848888573,0.8061440587043762,7,2,296,186,0.1473015679253472,303.2587522294786,302.0204082489014,0.0010599620642323,1398.0833333333333,890.8333333333334,507.1666666666667,355,321,324
Indupuru,14.662,80.068,28_515_shc_2024-25.14026,201.0,5.5,96.9,0.34,0.0608499981462955,0.0910499989986419,0.123999997973442,0.1421000063419342,0.2084999978542328,0.3160000145435333,0.3955999910831451,0.4013999998569488,0.4238499999046325,0.4174500107765198,0.2768499851226806,0.1786500066518783,0.4770928919315338,0.3162813484668731,0.4126024123145232,0.372735973130786,0.6897109746932983,5,2,296,186,0.1473015679253472,303.2587522294786,302.0204082489014,0.0010599620642323,1398.0833333333333,890.8333333333334,507.1666666666667,351,319,331
Gogulapalle,14.662,80.098,28_515_shc_2024-25.14556,163.0,13.1,271.2,0.77,0.0504000000655651,0.0755999982357025,0.1140000000596046,0.0857999995350837,0.162100002169609,0.3032000064849853,0.3616000115871429,0.3892000019550323,0.4092999994754791,0.3973999917507171,0.1925999969244003,0.1022000014781951,0.6387368440628052,0.411935418844223,0.5673148833331595,0.4667692337788538,0.4948612451553345,4,1,134,177,0.1473015679253472,303.2587522294786,302.0204082489014,0.0010599620642323,1406.75,891.6666666666666,515.3333333333334,347,325,328
Ponguru,14.665,79.385,28_515_shc_2024-25.15378,188.0,35.0,245.0,0.91,0.0456000007688999,0.0615999996662139,0.0868000015616417,0.093249998986721,0.1310500055551529,0.1773000061511993,0.2066500037908554,0.2117999941110611,0.2293000072240829,0.2404000014066696,0.2264499962329864,0.1841000020503997,0.3886248171329498,0.2355257123708725,0.2263614068230429,0.2208868942439843,1.069169044494629,111,1,314,183,0.2889737447102865,303.1095063527425,302.4003453148736,0.0008013390362393,1430.8333333333333,891.8333333333334,539.0833333333334,309,317,374
Mahimalur,14.665,79.495,28_515_shc_2024-25.15852,138.0,5.0,258.0,1.16,0.0423000007867813,0.0527999997138977,0.0816000029444694,0.0886000022292137,0.1307500004768371,0.2021500021219253,0.2288500070571899,0.2544000148773193,0.2491499930620193,0.2320999950170517,0.2291499972343444,0.1637499928474426,0.4833819270133972,0.3210437595844269,0.2982014550758462,0.2950178101131987,0.900746762752533,74,1,46,177,0.2155479855007595,303.1566037919786,302.43753607008193,0.0008345797077935,1428.4166666666667,914.6666666666666,513.5,308,268,424
Ithampadu,14.665,79.835,28_515_shc_2024-25.7211,151.0,3.0,206.0,0.29,0.0723000019788742,0.0864000022411346,0.1191999986767768,0.1560000032186508,0.2125999927520752,0.241699993610382,0.2703999876976013,0.2662000060081482,0.2967999875545501,0.2878000140190124,0.3939999938011169,0.3208999931812286,0.2610137462615967,0.1119465604424476,0.1772616172081929,0.1792452857627259,1.4800901412963867,38,3,180,180,0.2721737755669488,303.1998872121175,302.41153780619305,0.0008994997280574,1395.4166666666667,890.5,505.0,316,324,359
Dagadarthi,14.665,79.915,28_515_shc_2024-25.216,163.0,100.0,644.0,0.27,0.0447000004351139,0.0626000016927719,0.0940999984741211,0.1146000027656555,0.1544000059366226,0.2461999952793121,0.2888000011444092,0.2984000146389007,0.3226999938488006,0.3251000046730041,0.304500013589859,0.2171999961137771,0.4450363218784332,0.3180212080478668,0.3030003455762494,0.3019715362039291,1.0204423666000366,25,1,134,177,0.2178484598795572,303.0240300072564,302.1321107228597,0.000940343757856,1398.6666666666667,889.8333333333334,508.75,345,329,326
Indupuru,14.665,80.065,28_515_shc_2024-25.14187,251.0,27.3,232.5,0.46,0.0588000006973743,0.1030000001192092,0.1395999938249588,0.178299993276596,0.2074999958276748,0.3037999868392944,0.3592999875545501,0.3995999991893768,0.4055500030517578,0.4202499985694885,0.2757999897003174,0.1859499961137771,0.3829382359981537,0.3164223432540893,0.3260357289705711,0.3079599324513866,0.6901901364326477,6,1,270,183,0.1473015679253472,303.2587522294786,302.0204082489014,0.0010599620642323,1398.0833333333333,890.8333333333334,507.1666666666667,344,322,334
Purini,14.665,80.085,28_515_shc_2024-25.14775,163.0,13.1,258.3,0.31,0.049600001424551,0.0551999993622303,0.0868000015616417,0.0732999965548515,0.1326999962329864,0.2667999863624573,0.3300999999046325,0.3447999954223633,0.3504999876022339,0.365799993276596,0.1737000048160553,0.0847000032663345,0.6493661999702454,0.4441884756088257,0.4952210763925324,0.4435791328395683,0.5037703514099121,3,1,180,180,0.1473015679253472,303.2587522294786,302.0204082489014,0.0010599620642323,1406.75,891.6666666666666,515.3333333333334,347,333,320
Ponguru,14.668,79.388,28_515_shc_2024-25.3381,138.0,97.0,180.0,0.2,0.0425999984145164,0.0542000010609626,0.0860000029206276,0.1059999987483024,0.1472000032663345,0.1876000016927719,0.2081499993801117,0.1995999962091446,0.2295999974012375,0.2470999956130981,0.2795499861240387,0.2349500060081482,0.3062827289104461,0.1510957181453704,0.1637394141805623,0.1742800360850043,1.4005510807037354,109,2,180,180,0.2889737447102865,303.1095063527425,302.4003453148736,0.0008013390362393,1437.1666666666667,895.1666666666666,542.25,301,319,380
Chennuru,14.668,79.878,28_515_shc_2024-25.10585,125.0,25.0,232.0,0.86,0.0379000008106231,0.0494000017642974,0.0732000023126602,0.0839999988675117,0.1385000050067901,0.2048999965190887,0.2404000014066696,0.2119999974966049,0.2524999976158142,0.2818999886512756,0.2241999953985214,0.1622000038623809,0.4324324429035187,0.2097004055976867,0.2378298044824753,0.2412060286691416,1.0575472116470337,35,2,27,177,0.2178484598795572,303.0240300072564,302.1321107228597,0.000940343757856,1419.5,896.0833333333334,523.4166666666666,335,308,357
Dagadarthi,14.668,79.912,28_515_shc_2024-25.21462,138.0,35.0,560.0,0.4,0.050900001078844,0.0706000030040741,0.1062000021338462,0.1198000013828277,0.1816000044345855,0.255400002002716,0.289900004863739,0.30239999294281,0.3192000091075897,0.313400000333786,0.2994999885559082,0.2195000052452087,0.432496428489685,0.2495867609977722,0.3060266711909244,0.2970071448983946,0.9904100298881532,26,2,180,180,0.2178484598795572,303.0240300072564,302.1321107228597,0.000940343757856,1419.5,896.0833333333334,523.4166666666666,341,343,316
Dagadarthi,14.668,79.922,28_515_shc_2024-25.6081,251.0,8.0,354.0,0.84,0.0463000014424324,0.0729999989271164,0.1063999980688095,0.1252000033855438,0.1562000066041946,0.2196999937295913,0.2434999942779541,0.2495999932289123,0.2653000056743622,0.2833000123500824,0.2766000032424927,0.2205999940633773,0.3319103419780731,0.2301626056432724,0.2139957131965252,0.2133058819012451,1.108173131942749,27,0,0,180,0.2178484598795572,303.0240300072564,302.1321107228597,0.000940343757856,1418.3333333333333,893.5833333333334,524.4166666666666,355,303,342
Batrakagollu,14.672,80.012,28_515_shc_2024-25.16833,100.0,18.6,129.1,0.11,0.0417999997735023,0.0601000003516674,0.0967999994754791,0.0887999981641769,0.1624000072479248,0.2921999990940094,0.3542999923229217,0.3815999925136566,0.3907999992370605,0.4011000096797943,0.1803999990224838,0.1032999977469444,0.6224489808082581,0.4029411375522613,0.5001195616750044,0.4525968628847926,0.472746342420578,13,1,270,183,0.2185335795084635,303.115962515937,302.2677823808458,0.0009809203415619,1418.4166666666667,888.9166666666666,529.5833333333334,352,310,338
Graddagunta,14.672,80.018,28_515_shc_2024-25.16639,163.0,67.7,77.5,0.68,0.0522000007331371,0.0797000005841255,0.1168000027537345,0.133200004696846,0.2081000059843063,0.3228999972343445,0.3867000043392181,0.4111999869346618,0.4345999956130981,0.431300014257431,0.2887000143527984,0.1817999929189682,0.5106539130210876,0.3279508948326111,0.430967631518426,0.3992722871486315,0.7020915150642395,12,1,0,180,0.2185335795084635,303.115962515937,302.2677823808458,0.0009809203415619,1418.4166666666667,888.9166666666666,529.5833333333334,340,312,348
Batrakagollu,14.672,80.022,28_515_shc_2024-25.17247,176.0,10.9,316.4,0.68,0.0483000017702579,0.0692000016570091,0.1110000014305114,0.1159999966621398,0.2035000026226043,0.3086999952793121,0.3810999989509582,0.4052000045776367,0.4338999986648559,0.431300014257431,0.2066999971866607,0.1185000017285347,0.5548734068870544,0.3313619196414947,0.4569586857081415,0.4247943706880093,0.5101184248924255,9,3,270,189,0.2185335795084635,303.115962515937,302.2677823808458,0.0009809203415619,1418.4166666666667,888.9166666666666,529.5833333333334,336,335,330
Graddagunta,14.675,80.025,28_515_shc_2024-25.15458,125.0,154.0,219.5,0.3,0.0447000004351139,0.0586000010371208,0.0897499993443489,0.0861499980092048,0.1447000056505203,0.2689000070095062,0.3372499942779541,0.3441999852657318,0.3584499955177307,0.3858500123023987,0.186599999666214,0.0911500006914138,0.599628210067749,0.4080588817596435,0.4538020426126732,0.4160530852295422,0.5421267151832581,8,1,180,180,0.2185335795084635,303.115962515937,302.2677823808458,0.0009809203415619,1418.4166666666667,888.9166666666666,529.5833333333334,349,339,312
Gogulapalle,14.675,80.105,28_515_shc_2024-25.822,201.0,50.2,58.1,0.12,0.0568500012159347,0.0789500027894973,0.1146000027656555,0.1196999996900558,0.1892500072717666,0.2885499894618988,0.3532499969005584,0.3617999851703644,0.395000010728836,0.3735499978065491,0.2477999925613403,0.1541499942541122,0.5028037428855896,0.3131294548511505,0.4067881905403956,0.3699948892735913,0.6849088072776794,4,2,0,180,0.1473015679253472,303.2587522294786,302.0204082489014,0.0010599620642323,1414.4166666666667,891.8333333333334,522.5,326,341,333
Gogulapalle,14.675,80.115,28_515_shc_2024-25.10152,138.0,6.6,322.9,1.28,0.0553000010550022,0.0732999965548515,0.1063999980688095,0.1093999966979026,0.182899996638298,0.3149000108242035,0.3977000117301941,0.4000000059604645,0.4397999942302704,0.4320000112056732,0.2079000025987625,0.1261000037193298,0.5704751014709473,0.3724481165409088,0.4821956110420932,0.4318407100711824,0.5197499990463257,3,1,0,180,0.1473015679253472,303.2587522294786,302.0204082489014,0.0010599620642323,1414.4166666666667,891.8333333333334,522.5,335,319,346
Chiruvella Khandrika,14.678,79.558,28_515_shc_2024-25.18514,163.0,164.0,296.0,0.24,0.0274500008672475,0.0332500003278255,0.0520499981939792,0.0417999997735023,0.0832000002264976,0.1814499944448471,0.2129999995231628,0.2168000042438507,0.2346999943256378,0.2460999935865402,0.1546500027179718,0.0895000025629997,0.6767207980155945,0.445333331823349,0.3591290697718563,0.346032171520418,0.7133302688598633,61,3,288,189,0.2135615454779731,303.16851785447864,302.4347203148736,0.00086405041855,1421.4166666666667,911.75,509.6666666666667,307,294,399
Chiruvella Khandrika,14.678,79.562,28_515_shc_2024-25.18523,138.0,164.0,200.0,0.27,0.0648500025272369,0.1059999987483024,0.1499000042676925,0.209999993443489,0.2589499950408935,0.2919999957084656,0.3316999971866607,0.3510000109672546,0.3686999976634979,0.3517999947071075,0.4213500022888183,0.326449990272522,0.251336932182312,0.1509140282869339,0.1941079556687086,0.1993402689975584,1.2004272937774658,65,1,226,183,0.2135615454779731,303.16851785447864,302.4347203148736,0.00086405041855,1421.4166666666667,911.75,509.6666666666667,306,297,397
Allur,14.678,80.052,28_515_shc_2024-25.14692,125.0,84.1,348.7,0.78,0.065650001168251,0.0843999981880188,0.1204999983310699,0.1343999952077865,0.2112500071525573,0.2956500053405761,0.3573000133037567,0.3540000021457672,0.3929499983787536,0.4316999912261963,0.3633500039577484,0.2624000012874603,0.4496314525604248,0.2525431215763092,0.3594343472724524,0.3332658956788155,1.0264124870300293,8,1,226,183,0.1473015679253472,303.2587522294786,302.0204082489014,0.0010599620642323,1397.1666666666667,886.9166666666666,510.3333333333333,343,320,336
Allur,14.678,80.102,28_515_shc_2024-25.13949,163.0,40.4,32.3,0.46,0.062399998307228,0.0758000016212463,0.1140000000596046,0.1071999967098236,0.1570499986410141,0.3018999993801117,0.3673500120639801,0.3833999931812286,0.4036000072956085,0.4059000015258789,0.1934999972581863,0.1255500018596649,0.5629841089248657,0.4188176393508911,0.4735614906483943,0.4182313738491688,0.5046948194503784,4,2,270,186,0.1473015679253472,303.2587522294786,302.0204082489014,0.0010599620642323,1414.4166666666667,891.8333333333334,522.5,317,345,337
Gogulapalle,14.678,80.112,28_515_shc_2024-25.10161,188.0,16.4,290.6,0.83,0.0535999983549118,0.0667999982833862,0.1080000028014183,0.1111999973654747,0.190200001001358,0.3012000024318695,0.3876999914646148,0.3980000019073486,0.4278999865055084,0.4101000130176544,0.2293000072240829,0.1370999962091446,0.5632364749908447,0.3532811999320984,0.4583812887256216,0.4262782472481079,0.5761306881904602,2,2,296,186,0.1473015679253472,303.2587522294786,302.0204082489014,0.0010599620642323,1414.4166666666667,891.8333333333334,522.5,342,319,339
Anumasamudram,14.678559,79.666517,28_515_shc_2024-25.4472,75.0,42.6,200.2,0.31,0.0361500009894371,0.0588500015437603,0.0851500034332275,0.0981499999761581,0.138150006532669,0.2324000000953674,0.2584500014781952,0.2727000117301941,0.2924000024795532,0.3052999973297119,0.248549997806549,0.1620000004768371,0.4706754982471466,0.3274917900562286,0.307257673525211,0.3006545491318664,0.9114410877227784,47,0,0,180,0.2847788492838541,303.2028331756592,302.4583748287625,0.0008809694601974,1435.0,907.0,528.0,322,302,376
Dharmarao Cheruvupalle,14.682,79.508,28_515_shc_2024-25.14051,138.0,35.0,245.0,2.9,0.0337000004947185,0.0395999997854232,0.0689999982714653,0.0526000000536441,0.1193000003695488,0.2567499876022339,0.317900002002716,0.328000009059906,0.3543500006198883,0.356550008058548,0.1686500012874603,0.0861999988555908,0.7235943078994751,0.4665772616863251,0.5112877000564697,0.4691119795981344,0.5141768455505371,68,2,180,180,0.2155479855007595,303.1566037919786,302.43753607008193,0.0008345797077935,1429.6666666666667,922.4166666666666,507.25,325,288,387
Atmakur,14.682,79.552,28_515_shc_2024-25.18260,100.0,164.0,187.0,0.3,0.0518999993801116,0.0731000006198883,0.09375,0.1114000007510185,0.1807000041007995,0.2712000012397766,0.3076499998569488,0.3210000097751617,0.3452000021934509,0.3358500003814697,0.2743000090122223,0.2045000046491623,0.4847363531589508,0.2796491980552673,0.3635985282990228,0.3371943479052406,0.8545171618461609,67,4,346,183,0.2135615454779731,303.16851785447864,302.4347203148736,0.00086405041855,1421.4166666666667,911.75,509.6666666666667,326,281,393
Pamidipadu,14.682,79.592,28_515_shc_2024-25.20454,188.0,164.0,122.0,0.38,0.0510499998927116,0.0689999982714653,0.1039000004529953,0.1315000057220459,0.162650004029274,0.2060499936342239,0.226500004529953,0.2313999980688095,0.2486000061035156,0.2466499954462051,0.2531000077724457,0.2041500061750412,0.2752824127674103,0.1744702309370041,0.1661787033922392,0.17365857904952,1.093777060508728,79,2,207,183,0.2135615454779731,303.16851785447864,302.4347203148736,0.00086405041855,1425.8333333333333,910.25,515.5833333333334,305,296,399
Chiramana,14.682,79.738,28_515_shc_2024-25.1024,100.0,127.8,161.4,0.2,0.047749999910593,0.0478500016033649,0.0736000016331672,0.0727000012993812,0.1201499998569488,0.2360000014305114,0.270900011062622,0.2721000015735626,0.2984000146389007,0.2795000076293945,0.2513000071048736,0.1566500067710876,0.578306257724762,0.3873805105686188,0.3694166046029957,0.3540482947373475,0.9235575199127196,53,2,180,180,0.2847788492838541,303.2028331756592,302.4583748287625,0.0008809694601974,1423.3333333333333,898.0833333333334,525.0833333333334,297,313,390
Kothapalle Kowrugunta,14.682,79.978,28_515_shc_2024-25.7185,100.0,57.9,439.1,0.44,0.0425999984145164,0.0559000000357627,0.098300002515316,0.0741999968886375,0.1351000070571899,0.2847999930381775,0.3474000096321106,0.3815999925136566,0.3736000061035156,0.3898000121116638,0.2089000046253204,0.126800000667572,0.6744186282157898,0.4770659804344177,0.5459841593470531,0.4824230995502266,0.5474318861961365,12,2,27,177,0.2185335795084635,303.115962515937,302.2677823808458,0.0009809203415619,1424.5833333333333,889.25,535.0833333333334,352,305,343
Allur,14.682,80.082,28_515_shc_2024-25.14001,113.0,25.1,129.1,0.77,0.0548000000417232,0.0696000009775161,0.1040000021457672,0.1111999973654747,0.148399993777275,0.2143999934196472,0.2449000030755996,0.2443999946117401,0.2529999911785126,0.3122000098228454,0.2382999956607818,0.1808000057935714,0.3745781779289245,0.2443991899490356,0.239637305664756,0.2335203339678372,0.9750409126281738,3,2,296,186,0.1473015679253472,303.2587522294786,302.0204082489014,0.0010599620642323,1397.1666666666667,886.9166666666666,510.3333333333333,334,319,346
Allur,14.682,80.098,28_515_shc_2024-25.2170,238.0,80.8,193.7,0.36,0.0575999990105629,0.0816000029444694,0.1257999986410141,0.1158000007271766,0.181099995970726,0.3136000037193298,0.4043999910354614,0.4216000139713287,0.4343000054359436,0.4465000033378601,0.2398000061511993,0.1384000033140182,0.5690361261367798,0.3990376889705658,0.5081760402922091,0.4421631129430222,0.568785548210144,4,3,161,177,0.1473015679253472,303.2587522294786,302.0204082489014,0.0010599620642323,1414.4166666666667,891.8333333333334,522.5,327,337,336
Padakandla,14.685,79.515,28_515_shc_2024-25.18538,113.0,1.0,129.0,0.9,0.0355999991297721,0.0405000001192092,0.0632999986410141,0.0553999990224838,0.1000000014901161,0.2276999950408935,0.2640999853610992,0.2567000091075897,0.2831499874591827,0.2387000024318695,0.1981000006198883,0.1095499992370605,0.6449856162071228,0.4393047392368316,0.391527618386659,0.3718138309380434,0.77171790599823,67,1,90,177,0.2155479855007595,303.1566037919786,302.43753607008193,0.0008345797077935,1429.6666666666667,922.4166666666666,507.25,325,293,383
Allur,14.685,80.085,28_515_shc_2024-25.14568,176.0,29.5,103.3,1.48,0.0548000000417232,0.0724000036716461,0.1045999974012374,0.1070000007748603,0.183799996972084,0.2998999953269958,0.375,0.373199999332428,0.4049000144004822,0.3986999988555908,0.2213999927043914,0.1293999999761581,0.554352343082428,0.3400359153747558,0.4520445639465903,0.4073658414534236,0.5932475924491882,5,1,90,177,0.1473015679253472,303.2587522294786,302.0204082489014,0.0010599620642323,1414.4166666666667,891.8333333333334,522.5,334,325,341
Gogulapalle,14.685,80.095,28_515_shc_2024-25.6481,100.0,14.2,303.5,0.24,0.0588000006973743,0.0883999988436698,0.1293999999761581,0.1581999957561493,0.2141000032424926,0.2867000102996826,0.335999995470047,0.3343999981880188,0.3506999909877777,0.3878999948501587,0.3594000041484833,0.2601000070571899,0.3576938807964325,0.2193254232406616,0.271812915670803,0.2662704062666664,1.0747607946395874,4,0,0,180,0.1473015679253472,303.2587522294786,302.0204082489014,0.0010599620642323,1414.4166666666667,891.8333333333334,522.5,325,337,338
Manubolupadu,14.688,79.888,28_515_shc_2024-25.16935,38.0,1.0,174.0,1.13,0.046399999409914,0.0516000017523765,0.0825000032782554,0.0738999992609024,0.1184000000357627,0.1330000013113021,0.1463000029325485,0.1107999980449676,0.1376000046730041,0.1495999991893768,0.1315000057220459,0.0958999991416931,0.1997834295034408,-0.0331588238477706,0.0790352968676452,0.0808383210075753,1.1868231296539309,36,3,314,186,0.2178484598795572,303.0240300072564,302.1321107228597,0.000940343757856,1419.5,896.0833333333334,523.4166666666666,329,307,364
Dagadarthi,14.688,79.912,28_515_shc_2024-25.6323,251.0,38.0,200.0,1.2,0.0510499998927116,0.060199998319149,0.0896999984979629,0.1198000013828277,0.1694499999284744,0.2197999954223632,0.2433000057935714,0.2563999891281128,0.265500009059906,0.2496999949216842,0.3379000127315521,0.2369499951601028,0.3631047010421753,0.2041798532009124,0.22412546243677,0.2338507005671659,1.317862868309021,37,8,21,171,0.2178484598795572,303.0240300072564,302.1321107228597,0.000940343757856,1419.5,896.0833333333334,523.4166666666666,324,313,363
Chennuru,14.688,79.912,28_515_shc_2024-25.2413,125.0,17.0,206.0,0.4,0.0510499998927116,0.060199998319149,0.0896999984979629,0.1198000013828277,0.1694499999284744,0.2197999954223632,0.2433000057935714,0.2563999891281128,0.265500009059906,0.2496999949216842,0.3379000127315521,0.2369499951601028,0.3631047010421753,0.2041798532009124,0.22412546243677,0.2338507005671659,1.317862868309021,37,8,21,171,0.2178484598795572,303.0240300072564,302.1321107228597,0.000940343757856,1419.5,896.0833333333334,523.4166666666666,324,313,363
Kothapalle Kowrugunta,14.688,79.982,28_515_shc_2024-25.176,226.0,18.6,490.7,0.52,0.0415499992668628,0.0597000010311603,0.0997999981045723,0.0747999995946884,0.169850006699562,0.3130500018596649,0.4048500061035156,0.4375999867916107,0.4357500076293945,0.4273000061511993,0.2529500126838684,0.1492000073194503,0.7080405950546265,0.4407770037651062,0.6304521480057484,0.5375345595744945,0.5780393481254578,11,1,180,180,0.2185335795084635,303.115962515937,302.2677823808458,0.0009809203415619,1424.5833333333333,889.25,535.0833333333334,339,303,358
Allur,14.688,80.078,28_515_shc_2024-25.14355,113.0,86.3,77.5,0.13,0.0557000003755092,0.0773999989032745,0.099600002169609,0.0922000035643577,0.1752000004053115,0.2971999943256378,0.3707999885082245,0.388399988412857,0.4034999907016754,0.3831999897956848,0.1905999928712844,0.0966000035405159,0.6163129210472107,0.3782824575901031,0.544045222478242,0.45308992546175,0.4907312095165252,6,1,90,177,0.1473015679253472,303.2587522294786,302.0204082489014,0.0010599620642323,1397.1666666666667,886.9166666666666,510.3333333333333,328,345,327
Gogulapalle,14.688,80.098,28_515_shc_2024-25.2264,113.0,5.5,109.8,0.54,0.0636000037193298,0.0681999996304512,0.0967999994754791,0.0892999991774559,0.1787000000476837,0.289000004529953,0.3345000147819519,0.323199987411499,0.3734000027179718,0.387800008058548,0.2380000054836273,0.1598999947309494,0.5670303106307983,0.2879059314727783,0.433951745444771,0.3844931369945418,0.7363861799240112,3,1,90,177,0.1473015679253472,303.2587522294786,302.0204082489014,0.0010599620642323,1414.4166666666667,891.8333333333334,522.5,351,322,327
Anumasamudrampeta,14.692,79.678,28_515_shc_2024-25.12652,88.0,25.1,161.4,0.25,0.0895000025629997,0.1389999985694885,0.1581999957561493,0.1932000070810318,0.2048999965190887,0.2422000020742416,0.2721999883651733,0.2642000019550323,0.2851999998092651,0.2470999956130981,0.3120999932289123,0.2973000109195709,0.1552251726388931,0.1264122873544693,0.1285393439738418,0.1112387625922709,1.1813019514083862,48,4,284,192,0.2847788492838541,303.2028331756592,302.4583748287625,0.0008809694601974,1427.6666666666667,902.8333333333334,524.9166666666666,310,315,374
Dundigam,14.692,79.822,28_515_shc_2024-25.3683,88.0,8.0,167.0,1.13,0.0478999987244606,0.0584000013768672,0.0828000009059906,0.1089999973773956,0.1615999937057495,0.2126999944448471,0.2363999933004379,0.2331999987363815,0.2572000026702881,0.2574000060558319,0.3138000071048736,0.2320999950170517,0.3629456460475921,0.18135766685009,0.214256147703681,0.2212063677251675,1.3456261157989502,54,7,16,174,0.2721737755669488,303.1998872121175,302.41153780619305,0.0008994997280574,1417.6666666666667,898.9166666666666,518.8333333333334,304,325,371
Kothapalle Kowrugunta,14.692,79.988,28_515_shc_2024-25.3695,113.0,61.8,116.2,0.89,0.0384000018239021,0.0571999996900558,0.0988000035285949,0.0810500010848045,0.1695500016212463,0.3104499876499176,0.3803499937057495,0.3860000073909759,0.4210000038146972,0.4099000096321106,0.2290000021457672,0.1321499943733215,0.6529279351234436,0.3896138966083526,0.5282165919735603,0.473010708288219,0.5932642221450806,9,1,0,180,0.2185335795084635,303.115962515937,302.2677823808458,0.0009809203415619,1424.5833333333333,889.25,535.0833333333334,339,312,349
Nandavaram,14.695,79.465,28_515_shc_2024-25.726,163.0,167.0,245.0,0.91,0.050500001758337,0.0714000016450882,0.1001999974250793,0.1270000040531158,0.1641999930143356,0.2405000030994415,0.2874499857425689,0.2937999963760376,0.3035500049591064,0.30035001039505,0.2687000036239624,0.2105000019073486,0.3963878154754638,0.2829694449901581,0.2742879553477587,0.2717202306339845,0.914567768573761,83,2,64,174,0.2155479855007595,303.1566037919786,302.43753607008193,0.0008345797077935,1431.75,918.75,512.8333333333334,294,264,443
Allur,14.695,80.085,28_515_shc_2024-25.14022,226.0,40.4,83.9,0.08,0.0465999990701675,0.059749998152256,0.0952999964356422,0.0749500021338462,0.1471499949693679,0.3091000020503998,0.4032999873161316,0.4180000126361847,0.4305500090122223,0.4235000014305115,0.2111500054597854,0.1081499978899955,0.6959123611450195,0.4792533218860626,0.604142086550318,0.5182285191593295,0.5051435232162476,2,2,207,183,0.1473015679253472,303.2587522294786,302.0204082489014,0.0010599620642323,1414.4166666666667,891.8333333333334,522.5,329,346,325
Nandavaram,14.698,79.468,28_515_shc_2024-25.7488,176.0,43.0,109.0,1.55,0.0608499981462955,0.0710000023245811,0.1006999984383583,0.1191999986767768,0.1721999943256378,0.2578999996185303,0.3443000018596649,0.3497999906539917,0.3704000115394592,0.3515500128269195,0.3219000101089477,0.2529000043869018,0.4916844367980957,0.3402298986911773,0.3761827034283783,0.3569659357836681,0.9202401638031006,84,1,0,180,0.2155479855007595,303.1566037919786,302.43753607008193,0.0008345797077935,1431.75,918.75,512.8333333333334,287,272,440
Nandavaram,14.698,79.472,28_515_shc_2024-25.7441,201.0,129.0,213.0,1.06,0.0401999987661838,0.0397499985992908,0.0632999986410141,0.0480500012636184,0.1098999977111816,0.2326499968767166,0.2704499959945678,0.2673999965190887,0.2961499989032745,0.2931999862194061,0.2119999974966049,0.1194500029087066,0.6953558325767517,0.4174396991729736,0.4360574771044022,0.403488863545108,0.7928197383880615,83,2,0,180,0.2155479855007595,303.1566037919786,302.43753607008193,0.0008345797077935,1431.75,918.75,512.8333333333334,290,265,445
Nabbinagaram,14.698,79.588,28_515_shc_2024-25.7726,163.0,147.0,122.0,0.54,0.0379000008106231,0.0511000007390975,0.0791999995708465,0.1037999987602233,0.1455000042915344,0.1679999977350235,0.1889500021934509,0.1951999962329864,0.2152999937534332,0.2261500060558319,0.2734499871730804,0.2153999954462051,0.3056856095790863,0.1458761096000671,0.1592611927857524,0.171589483189308,1.4008709192276,77,1,90,177,0.2135615454779731,303.16851785447864,302.4347203148736,0.00086405041855,1425.8333333333333,910.25,515.5833333333334,291,309,400
Singapeta,14.698,80.022,28_515_shc_2024-25.585,176.0,54.6,213.1,0.4,0.0549000017344951,0.0715000033378601,0.1053500026464462,0.0893500000238418,0.1694999933242797,0.3009499907493591,0.3851499855518341,0.4025999903678894,0.4203999936580658,0.4224500060081482,0.2081000059843063,0.1116499975323677,0.6367517113685608,0.4074462652206421,0.5583978003762643,0.4736881799157162,0.5168902277946472,7,1,270,183,0.2185335795084635,303.115962515937,302.2677823808458,0.0009809203415619,1418.4166666666667,888.9166666666666,529.5833333333334,335,323,342
Allurupeta,14.698,80.052,28_515_shc_2024-25.6097,201.0,10.9,155.0,0.28,0.0582000017166137,0.0811000019311904,0.1172000020742416,0.1164000034332275,0.1972000002861023,0.3095000088214874,0.3745999932289123,0.3736000061035156,0.4101999998092651,0.3982999920845032,0.2912999987602234,0.1738999933004379,0.5248979330062866,0.3090399503707886,0.439282665283106,0.389696969988881,0.7797108888626099,4,2,64,174,0.1473015679253472,303.2587522294786,302.0204082489014,0.0010599620642323,1397.1666666666667,886.9166666666666,510.3333333333333,333,329,338
Rajavolu,14.699124,79.623424,28_515_shc_2024-25.12529,125.0,18.6,251.8,0.27,0.0403500013053417,0.0529499985277652,0.0851500034332275,0.0856999978423118,0.1429499983787536,0.2454500049352646,0.2884500026702881,0.3039000034332275,0.3215999901294708,0.3010999858379364,0.233250007033348,0.1416500061750412,0.5600616335868835,0.3601879775524139,0.3838913516355836,0.3679181743672205,0.7675222158432007,64,3,90,171,0.2135615454779731,303.16851785447864,302.4347203148736,0.00086405041855,1425.8333333333333,910.25,515.5833333333334,324,280,396
Lingalapadu,14.702,79.872,28_515_shc_2024-25.14729,63.0,17.0,174.0,0.77,0.0519500002264976,0.0674000009894371,0.1018000021576881,0.132200002670288,0.1794999986886978,0.2575500011444092,0.2974500060081482,0.305400013923645,0.3296000063419342,0.3294000029563904,0.3064500093460083,0.1961999982595443,0.3957952558994293,0.2596412003040313,0.2717971389186314,0.2770904567854254,1.003438115119934,39,1,90,177,0.2178484598795572,303.0240300072564,302.1321107228597,0.000940343757856,1423.1666666666667,899.8333333333334,523.3333333333334,337,291,372
Velicherla,14.702,80.008,28_515_shc_2024-25.16665,125.0,22.9,142.1,0.68,0.0441000014543533,0.0584000013768672,0.097800001502037,0.0962999984622001,0.1831499934196472,0.2969000041484833,0.3504000008106231,0.3723999857902527,0.3848499953746795,0.3819499909877777,0.2497999966144561,0.1503999978303909,0.5890761613845825,0.3406534194946289,0.4564541619702529,0.4275317309018838,0.6707841157913208,8,0,0,180,0.2185335795084635,303.115962515937,302.2677823808458,0.0009809203415619,1418.4166666666667,888.9166666666666,529.5833333333334,313,342,346
Velicherla,14.702,80.012,28_515_shc_2024-25.16698,176.0,29.5,277.7,0.07,0.0485499985516071,0.0631999969482421,0.098750002682209,0.0851999968290329,0.1550000011920929,0.288100004196167,0.3466500043869018,0.3607999980449676,0.382750004529953,0.3735499978065491,0.200200006365776,0.123099997639656,0.6179372072219849,0.3989918529987335,0.4928469256794033,0.4369978901310286,0.5548780560493469,6,1,46,177,0.2185335795084635,303.115962515937,302.2677823808458,0.0009809203415619,1418.4166666666667,888.9166666666666,529.5833333333334,314,339,348
Singapeta,14.702,80.028,28_515_shc_2024-25.15708,188.0,49.1,174.3,0.54,0.0506500005722045,0.0582000017166137,0.0979999974370002,0.0930999964475631,0.1573500037193298,0.2908500134944916,0.3457500040531158,0.3698000013828277,0.3880499899387359,0.3754999935626983,0.2210499942302703,0.1389500051736831,0.5977532863616943,0.4030162096023559,0.4636705057641396,0.4310416536899872,0.5977555513381958,7,0,0,180,0.2185335795084635,303.115962515937,302.2677823808458,0.0009809203415619,1418.4166666666667,888.9166666666666,529.5833333333334,333,324,343
Gogulapalle,14.702,80.098,28_515_shc_2024-25.14099,138.0,14.2,142.1,0.62,0.0546999983489513,0.0725999996066093,0.1084000021219253,0.1110000014305114,0.1861999928951263,0.2922999858856201,0.3582000136375427,0.3587999939918518,0.3774999976158142,0.384799987077713,0.2124000042676925,0.1207000017166137,0.5274584889411926,0.3166972696781158,0.4184962366351499,0.3832748923453327,0.5919732451438904,3,2,270,186,0.1473015679253472,303.2587522294786,302.0204082489014,0.0010599620642323,1414.4166666666667,891.8333333333334,522.5,340,338,323
Katrayapadu,14.705,79.865,28_515_shc_2024-25.10682,138.0,35.0,245.0,1.73,0.0516999997198581,0.0632999986410141,0.1006999984383583,0.1340000033378601,0.168500006198883,0.1988999992609024,0.2179999947547912,0.2257999926805496,0.2234500050544738,0.2161500006914138,0.217299997806549,0.1624500006437301,0.2551417052745819,0.145320788025856,0.1475836596746358,0.1601535062243544,0.9623560905456544,38,2,90,174,0.2178484598795572,303.0240300072564,302.1321107228597,0.000940343757856,1423.1666666666667,899.8333333333334,523.3333333333334,322,301,376
Singapeta,14.705,80.025,28_515_shc_2024-25.6691,201.0,65.5,316.4,1.15,0.0478999987244606,0.0610500015318393,0.0962999984622001,0.0979000031948089,0.1518999934196472,0.2894999980926513,0.342849999666214,0.3558000028133392,0.3844000101089477,0.3871999979019165,0.1857499927282333,0.1174499988555908,0.5684372782707214,0.4016151428222656,0.4340800797746963,0.405630698323064,0.5220629572868347,5,2,180,180,0.2185335795084635,303.115962515937,302.2677823808458,0.0009809203415619,1418.4166666666667,888.9166666666666,529.5833333333334,332,332,336
Singapeta,14.705,80.035,28_515_shc_2024-25.14317,176.0,21.8,116.2,0.31,0.0541500002145767,0.0798000022768974,0.1053000018000602,0.1024999991059303,0.1767999976873397,0.2816500067710876,0.3297500014305115,0.3416000008583069,0.3749499917030334,0.3557499945163727,0.2140499949455261,0.1278499960899353,0.5383922457695007,0.3179012537002563,0.4401369662619453,0.3798856081370094,0.6266100406646729,5,2,244,186,0.2185335795084635,303.115962515937,302.2677823808458,0.0009809203415619,1418.4166666666667,888.9166666666666,529.5833333333334,333,326,341
Aravedu,14.708,79.538,28_515_shc_2024-25.18565,125.0,148.0,72.0,0.63,0.0286999996751546,0.0401999987661838,0.0658999979496002,0.0544999986886978,0.1177499964833259,0.2316000014543533,0.2977499961853027,0.3091000020503998,0.333400011062622,0.3276999890804291,0.149399995803833,0.0749500021338462,0.7002200484275818,0.4482839405536651,0.4769219292413098,0.442218625191883,0.483338713645935,69,3,0,180,0.2155479855007595,303.1566037919786,302.43753607008193,0.0008345797077935,1429.6666666666667,922.4166666666666,507.25,326,266,408
Manubolupadu,14.708,79.842,28_515_shc_2024-25.17017,113.0,90.0,116.0,1.03,0.0478999987244606,0.0588000006973743,0.0913000032305717,0.1216000020503997,0.1430999934673309,0.2317000031471252,0.26910001039505,0.2953999936580658,0.303299993276596,0.3111999928951263,0.278899997472763,0.1838999986648559,0.4167865514755249,0.347320407629013,0.2743055421836357,0.2842966070137052,0.944143533706665,49,2,90,174,0.2721737755669488,303.1998872121175,302.41153780619305,0.0008994997280574,1423.1666666666667,899.8333333333334,523.3333333333334,315,343,342
Katrayapadu,14.708,79.888,28_515_shc_2024-25.671,63.0,25.0,174.0,0.77,0.0460500009357929,0.0549000017344951,0.0857999995350837,0.0778499990701675,0.1610500067472458,0.2833000123500824,0.3429000079631805,0.3510000109672546,0.3837499916553497,0.3789499998092651,0.2445500046014785,0.1438499987125396,0.6369360089302063,0.3709598481655121,0.4855654946798074,0.441109989145743,0.6967236399650574,36,2,116,174,0.2178484598795572,303.0240300072564,302.1321107228597,0.000940343757856,1419.5,896.0833333333334,523.4166666666666,342,303,354
Aravedu,14.712,79.552,28_515_shc_2024-25.2879,113.0,164.0,84.0,1.2,0.0472999997437,0.0586999990046024,0.1003499999642372,0.0976999998092651,0.1733999997377395,0.2817499935626983,0.3335500061511993,0.3544000089168548,0.3738999962806701,0.3680500090122223,0.2452500015497207,0.1515499949455261,0.5677947402000427,0.3429329395294189,0.4277335396748769,0.4044218150744158,0.6920146346092224,68,3,180,180,0.2135615454779731,303.16851785447864,302.4347203148736,0.00086405041855,1428.6666666666667,922.75,506.0833333333333,312,290,398
Anumasamudrampeta,14.712,79.678,28_515_shc_2024-25.12987,201.0,79.7,238.9,0.18,0.0296999998390674,0.0450999997556209,0.0676499977707862,0.0754500031471252,0.1180500015616417,0.2103500068187713,0.2478999942541122,0.2567000091075897,0.2816500067710876,0.3176499903202057,0.2336499989032745,0.1534000039100647,0.545687198638916,0.3699800074100494,0.3304707763887761,0.3267139397186931,0.9102064371109008,46,1,0,180,0.2847788492838541,303.2028331756592,302.4583748287625,0.0008809694601974,1430.3333333333333,909.9166666666666,520.5,314,309,377
Katrayapadu,14.712,79.882,28_515_shc_2024-25.10632,125.0,38.0,52.0,0.46,0.0472999997437,0.065600000321865,0.1030000001192092,0.1281999945640564,0.1650000065565109,0.2224999964237213,0.2526000142097473,0.2741999924182892,0.2775999903678894,0.2752000093460083,0.3323000073432922,0.2362000048160553,0.3628230690956116,0.2486338466405868,0.2352713708010926,0.2426861701468903,1.211889147758484,40,0,0,180,0.2178484598795572,303.0240300072564,302.1321107228597,0.000940343757856,1426.4166666666667,899.4166666666666,527.0,352,309,338
Ananthavaram,14.712,79.988,28_515_shc_2024-25.729,113.0,80.0,142.0,1.18,0.0537000000476837,0.0728000029921531,0.1033999994397163,0.126800000667572,0.1863999962806701,0.2973999977111816,0.3745999932289123,0.3819999992847442,0.3912000060081482,0.3806000053882599,0.2851999998092651,0.1906999945640564,0.50157231092453,0.3441238701343536,0.3995491008233244,0.3794607434019156,0.7465968728065491,8,2,207,183,0.2185335795084635,303.115962515937,302.2677823808458,0.0009809203415619,1433.9166666666667,890.1666666666666,543.9166666666666,328,337,335
Singapeta,14.712,80.028,28_515_shc_2024-25.15529,163.0,25.1,400.3,1.24,0.0458500012755394,0.0584999993443489,0.0885000005364418,0.0767000019550323,0.1502500027418136,0.2863500118255615,0.3693000078201294,0.378600001335144,0.4001500010490417,0.3759999871253967,0.1982000023126602,0.1102000027894973,0.6630792617797852,0.4317859411239624,0.5390878816870912,0.4740395661158733,0.5235076546669006,5,1,134,177,0.2185335795084635,303.115962515937,302.2677823808458,0.0009809203415619,1424.75,885.75,539.1666666666666,335,321,344
Rajavolu,14.716609,79.603583,28_515_shc_2024-25.17592,75.0,99.4,174.3,0.43,0.0586999990046024,0.0538499988615512,0.0740500018000602,0.0803999975323677,0.1351000070571899,0.2083999961614608,0.2365999966859817,0.2226999998092651,0.2551999986171722,0.2829500138759613,0.2642000019550323,0.1916500031948089,0.4694820344448089,0.2448294907808303,0.273396228521494,0.2657825975867188,1.186349391937256,74,1,90,177,0.2135615454779731,303.16851785447864,302.4347203148736,0.00086405041855,1427.0833333333333,915.9166666666666,511.1666666666667,296,288,416
Rajavolu,14.718,79.588,28_515_shc_2024-25.19075,163.0,52.4,232.5,0.28,0.0434000007808208,0.0547499991953372,0.0754999965429306,0.1076000034809112,0.1304499953985214,0.1503999978303909,0.1702000051736831,0.1773000061511993,0.1925999969244003,0.2049500048160553,0.2678000032901764,0.2350499927997589,0.2446472495794296,0.1522339880466461,0.1233824875433321,0.1332016852113884,1.5104342699050903,81,1,226,183,0.2135615454779731,303.16851785447864,302.4347203148736,0.00086405041855,1427.0833333333333,915.9166666666666,511.1666666666667,302,282,416
Zammavaram,14.718,79.722,28_515_shc_2024-25.17748,88.0,41.5,303.5,0.52,0.0465000011026859,0.0746000036597251,0.1058000028133392,0.1444000005722046,0.1758999973535537,0.209999993443489,0.2383999973535537,0.2531999945640564,0.2621999979019165,0.2682999968528747,0.3479000031948089,0.2576000094413757,0.27364182472229,0.1801444888114929,0.1743477918814731,0.1818181727630279,1.3740127086639404,56,3,303,189,0.2847788492838541,303.2028331756592,302.4583748287625,0.0008809694601974,1428.5,907.0833333333334,521.5833333333334,299,318,382
Zammavaram,14.718,79.722,28_515_shc_2024-25.17994,88.0,61.1,452.0,0.27,0.0465000011026859,0.0746000036597251,0.1058000028133392,0.1444000005722046,0.1758999973535537,0.209999993443489,0.2383999973535537,0.2531999945640564,0.2621999979019165,0.2682999968528747,0.3479000031948089,0.2576000094413757,0.27364182472229,0.1801444888114929,0.1743477918814731,0.1818181727630279,1.3740127086639404,56,3,303,189,0.2847788492838541,303.2028331756592,302.4583748287625,0.0008809694601974,1428.5,907.0833333333334,521.5833333333334,299,318,382
Katrayapadu,14.722,79.888,28_515_shc_2024-25.2207,38.0,1.0,193.0,0.5,0.0604999996721744,0.0771500021219253,0.1111999973654747,0.1429000049829483,0.1816000044345855,0.2614000141620636,0.2975000143051147,0.3068999946117401,0.3203499913215637,0.3481500148773193,0.3522000014781952,0.2791000008583069,0.3646064698696136,0.2564994692802429,0.2585649466943834,0.2590018788673027,1.147605061531067,41,7,319,195,0.2178484598795572,303.0240300072564,302.1321107228597,0.000940343757856,1426.4166666666667,899.4166666666666,527.0,353,303,344
Rajavolu,14.728,79.612,28_515_shc_2024-25.12920,226.0,18.6,187.3,0.64,0.0433499999344348,0.064750000834465,0.0947000011801719,0.1275999993085861,0.1696999967098236,0.2372999936342239,0.26664999127388,0.2669000029563904,0.3007000088691711,0.2971999943256378,0.3368499875068664,0.2375999987125396,0.353105217218399,0.222629427909851,0.2251313201111076,0.2335941922220469,1.2620831727981567,70,5,111,165,0.2135615454779731,303.16851785447864,302.4347203148736,0.00086405041855,1427.0833333333333,915.9166666666666,511.1666666666667,291,299,410
Pandipadu,14.728,79.658,28_515_shc_2024-25.11730,326.0,34.9,264.7,0.34,0.047699999064207,0.0623000003397464,0.0979999974370002,0.1482000052928924,0.1794999986886978,0.2003999948501587,0.2088000029325485,0.2129999995231628,0.2169999927282333,0.2470999956130981,0.2493000030517578,0.200200006365776,0.1794019788503646,0.0853503197431564,0.0990855883841752,0.1128657580142102,1.1704225540161133,61,1,134,177,0.2847788492838541,303.2028331756592,302.4583748287625,0.0008809694601974,1429.0833333333333,913.5833333333334,515.25,318,288,395
Ulavapalle,14.728,79.998,28_515_shc_2024-25.6699,163.0,164.0,187.0,1.3,0.0588000006973743,0.0804999992251396,0.1133999973535537,0.1438000053167343,0.2017000019550323,0.3021999895572662,0.3508000075817108,0.3716000020503998,0.38960000872612,0.3828000128269195,0.3264999985694885,0.2513000071048736,0.4419867992401123,0.2963544428348541,0.3492472191747496,0.3365176212540159,0.8786329030990601,9,1,226,183,0.2185335795084635,303.115962515937,302.2677823808458,0.0009809203415619,1433.9166666666667,890.1666666666666,543.9166666666666,322,328,350
Singapeta,14.728,80.012,28_515_shc_2024-25.2188,151.0,25.1,213.1,0.69,0.046349998563528,0.0803000032901763,0.1093999966979026,0.1448999941349029,0.1959999948740005,0.2698999941349029,0.3161500096321106,0.3264000117778778,0.3613499999046325,0.3791500031948089,0.3203000128269195,0.2162999957799911,0.3851050734519958,0.2496171742677688,0.2847416509054539,0.2802944762762714,0.9813112616539,4,1,90,177,0.2185335795084635,303.115962515937,302.2677823808458,0.0009809203415619,1424.75,885.75,539.1666666666666,317,343,341
Isakapalle,14.728,80.088,28_515_shc_2024-25.17201,163.0,13.1,109.8,0.31,0.0676999986171722,0.0991000011563301,0.1431999951601028,0.1756000071763992,0.2106000036001205,0.2994999885559082,0.3546000123023987,0.3635999858379364,0.3939999938011169,0.4099000096321106,0.2867000102996826,0.2115000039339065,0.34866464138031,0.2664576470851898,0.2807729866337289,0.2713625576289006,0.788503885269165,5,2,64,174,0.1473015679253472,303.2587522294786,302.0204082489014,0.0010599620642323,1426.5833333333333,887.5833333333334,539.0,322,345,333
Isakapalle,14.728,80.098,28_515_shc_2024-25.3222,100.0,18.6,122.7,0.4,0.0732999965548515,0.0843999981880188,0.1224000006914138,0.1206000000238418,0.1868000030517578,0.3219999969005584,0.4068000018596649,0.414000004529953,0.4377000033855438,0.4397000074386596,0.2458000034093856,0.1330000013113021,0.5488215684890747,0.3781624436378479,0.4875049862834248,0.4253817947245943,0.5937197804450989,3,1,180,180,0.1473015679253472,303.2587522294786,302.0204082489014,0.0010599620642323,1426.5833333333333,887.5833333333334,539.0,326,335,339
Pedabbipuram,14.732,79.662,28_515_shc_2024-25.1033,113.0,7.6,187.3,0.448,0.0345499999821186,0.0572500005364418,0.0872000008821487,0.1023999974131584,0.1614499986171722,0.2590999901294708,0.3100000023841858,0.3246000111103058,0.3429000079631805,0.3637999892234802,0.2496500015258789,0.1770499944686889,0.5203747153282166,0.3356650769710541,0.3679722032599931,0.3595469444240944,0.7691004276275635,55,2,27,177,0.2847788492838541,303.2028331756592,302.4583748287625,0.0008809694601974,1429.0833333333333,913.5833333333334,515.25,321,287,392
Velpulagunta,14.732,79.778,28_515_shc_2024-25.5594,100.0,7.6,264.7,0.58,0.0386499986052513,0.0550500005483627,0.0863500013947486,0.0958999991416931,0.1394000053405761,0.2092999964952469,0.2266999930143356,0.2270999997854232,0.2496500015258789,0.259799987077713,0.2190999984741211,0.1643999963998794,0.4061919450759887,0.239290565252304,0.2360349042700447,0.2391251533683459,0.9647732377052308,72,0,0,180,0.2721737755669488,303.1998872121175,302.41153780619305,0.0008994997280574,1426.1666666666667,905.0,521.5,285,336,379
Allurupeta,14.732,80.058,28_515_shc_2024-25.16907,151.0,74.2,90.4,0.86,0.0502000004053115,0.066600002348423,0.1004000008106231,0.0944000035524368,0.1579000055789947,0.2804999947547912,0.3362999856472015,0.3508000075817108,0.3698999881744385,0.3750999867916107,0.1900999993085861,0.0913000032305717,0.5759209394454956,0.3792018890380859,0.4521407949295397,0.4068980126041561,0.5419042110443115,5,1,180,180,0.1473015679253472,303.2587522294786,302.0204082489014,0.0010599620642323,1416.8333333333333,886.5833333333334,530.25,330,343,326
Kakarlapadu,14.735,79.705,28_515_shc_2025-26.9231,163.0,31.0,161.0,0.7,0.0427000001072883,0.0554499998688697,0.0832000002264976,0.1181999966502189,0.1491499990224838,0.2009000033140182,0.2170999944210052,0.2189999967813491,0.2298000007867813,0.2282499969005584,0.2601999938488006,0.2222999930381775,0.2989324033260345,0.1897324472665786,0.1666308525279524,0.1806020083408591,1.188127875328064,47,1,90,177,0.2847788492838541,303.2028331756592,302.4583748287625,0.0008809694601974,1430.3333333333333,909.9166666666666,520.5,309,303,388
Singapeta,14.735,80.005,28_515_shc_2024-25.14633,163.0,59.0,238.9,0.48,0.0450000017881393,0.0659999996423721,0.1084000021219253,0.1404000073671341,0.2006999999284744,0.2567999958992004,0.2793999910354614,0.2833999991416931,0.296099990606308,0.2707000076770782,0.3325999975204468,0.2373999953269958,0.3374232947826385,0.1708324700593948,0.2192175431362129,0.2321931004010973,1.1736061573028564,6,3,134,174,0.2185335795084635,303.115962515937,302.2677823808458,0.0009809203415619,1424.75,885.75,539.1666666666666,294,348,359
Bogole,14.738,79.938,28_515_shc_2024-25.12513,138.0,79.7,33.5,0.52,0.0362999998033046,0.0471000000834465,0.0762000009417533,0.0758000016212463,0.1190500035881996,0.2275000065565109,0.2707999944686889,0.2903000116348266,0.3076499998569488,0.3039000034332275,0.2227499932050705,0.1301500052213668,0.5859054923057556,0.4183461666107178,0.3852785983005626,0.3714929108599853,0.7673096060752869,31,4,14,177,0.2178484598795572,303.0240300072564,302.1321107228597,0.000940343757856,1426.75,894.5,532.5,346,299,355
Singapeta,14.738,80.028,28_515_shc_2024-25.15002,201.0,83.0,271.2,0.15,0.0494000017642974,0.0560000017285347,0.0854000002145767,0.0507999993860721,0.1321000009775161,0.2894999980926513,0.3747999966144562,0.3716000020503998,0.3758000135421753,0.365200012922287,0.1757999956607818,0.0877000018954277,0.7594696879386902,0.4754814505577087,0.6383317542014175,0.5216825707362414,0.473089337348938,3,2,27,177,0.2185335795084635,303.115962515937,302.2677823808458,0.0009809203415619,1424.75,885.75,539.1666666666666,314,356,330
Allurupeta,14.738,80.058,28_515_shc_2024-25.16760,213.0,16.4,64.6,1.09,0.0507000014185905,0.0487999990582466,0.0940999984741211,0.0703999996185302,0.1723999977111816,0.3124000132083893,0.4235999882221222,0.4395999908447265,0.4291999936103821,0.4198000133037567,0.2173999994993209,0.1229000017046928,0.723921537399292,0.436601310968399,0.616978596770346,0.5483168238301497,0.4945405125617981,2,2,116,174,0.1473015679253472,303.2587522294786,302.0204082489014,0.0010599620642323,1416.8333333333333,886.5833333333334,530.25,328,351,321
Bodagudipadu,14.742,79.862,28_515_shc_2024-25.7205,188.0,25.0,238.0,0.55,0.0417999997735023,0.0562999993562698,0.0860000029206276,0.0782999992370605,0.1388999968767166,0.266400009393692,0.3230000138282776,0.3255999982357025,0.3486999869346618,0.3474000096321106,0.2439000010490417,0.1378999948501587,0.6122802495956421,0.4019375741481781,0.4502421426488385,0.4103883167774217,0.749078631401062,36,2,0,180,0.2178484598795572,303.0240300072564,302.1321107228597,0.000940343757856,1428.5833333333333,902.0833333333334,526.3333333333334,326,303,371
Isakapalle,14.742,80.092,28_515_shc_2024-25.2435,75.0,40.4,161.4,0.62,0.064249999821186,0.0841500014066696,0.120899997651577,0.1266999989748001,0.2064999938011169,0.3079000115394592,0.3648500144481659,0.3495999872684479,0.414000004529953,0.4048500061035156,0.3199500143527984,0.2089000046253204,0.4679823517799377,0.2573278248310089,0.3768576474384738,0.3424664418229003,0.9151888489723206,2,3,57,171,0.1473015679253472,303.2587522294786,302.0204082489014,0.0010599620642323,1426.5833333333333,887.5833333333334,539.0,309,351,340
Allurupeta,14.745,80.055,28_515_shc_2024-25.3663,138.0,22.9,77.5,0.64,0.0511999987065792,0.0785000026226043,0.1194000020623207,0.1500000059604644,0.1842000037431717,0.2572000026702881,0.3149000108242035,0.335999995470047,0.3382000029087066,0.3479000031948089,0.2138999998569488,0.1528999954462051,0.382716029882431,0.2918108403682709,0.2822886450203477,0.2829614440766675,0.6366071701049805,6,1,226,183,0.1473015679253472,303.2587522294786,302.0204082489014,0.0010599620642323,1416.8333333333333,886.5833333333334,530.25,323,336,341
Singapeta,14.748,80.028,28_515_shc_2024-25.15001,100.0,108.1,71.0,0.62,0.0458000004291534,0.0685999989509582,0.1076000034809112,0.1037999987602233,0.1775999963283538,0.2594000101089477,0.3106000125408172,0.3368000090122223,0.3436999917030334,0.3242000043392181,0.1639000028371811,0.0947000011801719,0.5288243293762207,0.3094868063926697,0.4030863067083994,0.3715713507229218,0.4866389632225036,2,3,252,189,0.2185335795084635,303.115962515937,302.2677823808458,0.0009809203415619,1424.75,885.75,539.1666666666666,330,349,321
Gumparlapadu,14.752,79.718,28_515_shc_2024-25.1544,88.0,34.9,335.8,0.37,0.0494499988853931,0.0640000030398368,0.0933500006794929,0.1050999984145164,0.1517000049352646,0.2617000043392181,0.3041499853134155,0.3089999854564667,0.3351500034332275,0.3278000056743622,0.2764999866485595,0.1835999935865402,0.4923931360244751,0.3414369225502014,0.3492395066926325,0.3345913860185487,0.8948220014572144,57,1,180,180,0.3315942976209852,303.1759614308675,302.4426196204291,0.0008918817655107,1425.0,913.8333333333334,511.0833333333333,312,309,380
Gudipadu,14.753878,79.679921,28_515_shc_2024-25.4452,151.0,79.7,297.0,0.45,0.050900001078844,0.0755999982357025,0.1089999973773956,0.1246000006794929,0.182899996638298,0.2518500089645386,0.2872500121593475,0.2955000102519989,0.3186500072479248,0.3361000120639801,0.3246499896049499,0.2207999974489212,0.40680792927742,0.2353679239749908,0.28944517035012,0.2786110328367837,1.0986462831497192,53,3,0,180,0.3315942976209852,303.1759614308675,302.4426196204291,0.0008918817655107,1429.5833333333333,917.1666666666666,512.5,303,308,390
Jakkepalligudur,14.755,79.915,28_515_shc_2024-25.20481,151.0,184.0,32.3,0.13,0.0392999984323978,0.0500999987125396,0.0760999992489814,0.0938000008463859,0.1590999960899353,0.2360000014305114,0.2727999985218048,0.2763999998569488,0.3052999973297119,0.2867999970912933,0.2992999851703644,0.2054000049829483,0.4932468831539154,0.2693455815315246,0.3119341234582041,0.314755226723128,1.0828509330749512,31,2,27,177,0.2207465701633029,303.1615083058675,302.32306666904026,0.0009457228364554,1424.75,899.5,525.25,334,302,364
Zammavaram,14.758,79.732,28_515_shc_2024-25.4630,251.0,69.9,238.9,0.47,0.046799998730421,0.0601500011980533,0.0916500017046928,0.0985499992966651,0.1506499946117401,0.2614499926567077,0.2944999933242798,0.3086999952793121,0.3273999989032745,0.3050499856472015,0.3010999858379364,0.2028000056743621,0.5160220861434937,0.3440731465816498,0.3626089182688499,0.3474510838892841,0.9753805994987488,63,1,134,177,0.3315942976209852,303.1759614308675,302.4426196204291,0.0008918817655107,1425.0,913.8333333333334,511.0833333333333,306,312,382
Kavali Musthapuram,14.758,79.752,28_515_shc_2024-25.22954,263.0,75.3,96.9,0.91,0.0524999983608722,0.0612000003457069,0.1055999994277954,0.1045999974012374,0.1617999970912933,0.2327000051736831,0.2565000057220459,0.2563999891281128,0.2748999893665313,0.2847999930381775,0.2495000064373016,0.19200000166893,0.4204986095428467,0.2262075394392013,0.2663157803898921,0.2644599200380487,0.9730889797210692,64,1,90,177,0.3009151882595486,303.1898665957981,302.4223450978597,0.0009089875192253,1425.25,911.4166666666666,513.8333333333334,322,310,368
Bogole,14.758,79.992,28_515_shc_2024-25.9425,125.0,138.0,71.0,0.2,0.0534499995410442,0.0556499995291233,0.0816499963402748,0.0751999989151954,0.1636500060558319,0.2648000121116638,0.3116500079631805,0.3404000103473663,0.3330000042915344,0.3055999875068664,0.2885499894618988,0.2076500058174133,0.6381135582923889,0.3506596684455871,0.4824537648672435,0.4344692148579711,0.8476791381835938,10,2,296,186,0.1578663720024956,303.1080794864231,302.3079679277208,0.0010166327749199,1435.5833333333333,891.9166666666666,543.75,294,332,374
Bogole,14.758,79.992,28_515_shc_2024-25.9413,188.0,13.0,71.0,0.93,0.0534499995410442,0.0556499995291233,0.0816499963402748,0.0751999989151954,0.1636500060558319,0.2648000121116638,0.3116500079631805,0.3404000103473663,0.3330000042915344,0.3055999875068664,0.2885499894618988,0.2076500058174133,0.6381135582923889,0.3506596684455871,0.4824537648672435,0.4344692148579711,0.8476791381835938,10,2,296,186,0.1578663720024956,303.1080794864231,302.3079679277208,0.0010166327749199,1435.5833333333333,891.9166666666666,543.75,294,332,374
Gumparlapadu,14.759563,79.711715,28_515_shc_2024-25.11806,88.0,52.4,122.7,0.4,0.0551999993622303,0.0838000029325485,0.1184000000357627,0.1405999958515167,0.1852000057697296,0.2842000126838684,0.3267000019550323,0.3379999995231628,0.3643999993801117,0.3628999888896942,0.3375000059604645,0.2542999982833862,0.4124529957771301,0.2920489013195038,0.3177516091870579,0.3025751143541549,0.9985207319259644,54,4,314,189,0.3315942976209852,303.1759614308675,302.4426196204291,0.0008918817655107,1425.0,913.8333333333334,511.0833333333333,312,307,382
Gumparlapadu,14.761778,79.704763,28_515_shc_2024-25.12379,125.0,41.5,213.1,0.33,0.0427000001072883,0.0546000003814697,0.0824000015854835,0.1062000021338462,0.1650000065565109,0.2272000014781952,0.2513999938964844,0.2590000033378601,0.2802999913692474,0.277099996805191,0.2745999991893768,0.2187000066041946,0.4184008836746216,0.2216981053352356,0.2569449112785552,0.2649098478461764,1.0602316856384275,49,1,46,177,0.3315942976209852,303.1759614308675,302.4426196204291,0.0008918817655107,1429.5833333333333,917.1666666666666,512.5,309,299,392
Gudladona,14.762,79.828,28_515_shc_2024-25.23018,188.0,7.6,64.6,0.14,0.0524500012397766,0.0711999982595443,0.1067999973893165,0.1415999978780746,0.2005500048398971,0.2531000077724457,0.2802000045776367,0.2870000004768371,0.3113999962806701,0.308349996805191,0.3904500007629394,0.2861000001430511,0.3392440676689148,0.1773151308298111,0.2268189231971455,0.2348697009309984,1.3604530096054075,45,1,134,177,0.3009151882595486,303.1898665957981,302.4223450978597,0.0009089875192253,1425.0833333333333,908.9166666666666,516.1666666666666,310,309,380
Gumparlapadu,14.764844,79.708195,28_515_shc_2024-25.12323,163.0,62.2,180.8,0.26,0.0473500005900859,0.0648000016808509,0.0966000035405159,0.1013000011444091,0.1581500023603439,0.268449991941452,0.3134999871253967,0.3481999933719635,0.3519999980926513,0.357149988412857,0.2761000096797943,0.1959999948740005,0.5492769479751587,0.3753332495689392,0.4198979494980737,0.3900473833388161,0.7929351329803467,51,4,270,192,0.3315942976209852,303.1759614308675,302.4426196204291,0.0008918817655107,1429.5833333333333,917.1666666666666,512.5,299,318,383
Gumparlapadu,14.765781,79.705291,28_515_shc_2024-25.12281,100.0,25.1,96.9,0.36,0.0381000004708766,0.0526000000536441,0.0832000002264976,0.0799999982118606,0.1398999989032745,0.2474000006914138,0.2867000102996826,0.2980000078678131,0.3188000023365021,0.3003000020980835,0.2495999932289123,0.1591999977827072,0.5767195820808411,0.3610413372516632,0.3939284607339424,0.3724373715485546,0.8375838398933411,52,1,46,177,0.3315942976209852,303.1759614308675,302.4426196204291,0.0008918817655107,1429.5833333333333,917.1666666666666,512.5,312,291,398
Velagapadu,14.768,79.732,28_515_shc_2024-25.22868,125.0,62.2,77.5,0.38,0.0403999984264373,0.0557999983429908,0.0841500014066696,0.1081999987363815,0.139500007033348,0.1711499989032745,0.1907999962568283,0.2001000046730041,0.2126999944448471,0.2249500006437301,0.2677499949932098,0.2282000035047531,0.2980862855911255,0.1784452199935913,0.1605745130787461,0.1705431254775289,1.338080883026123,65,1,180,180,0.3315942976209852,303.1759614308675,302.4426196204291,0.0008918817655107,1425.0,913.8333333333334,511.0833333333333,337,295,368
Gudladona,14.768,79.832,28_515_shc_2023-24.7786,100.0,164.0,109.0,0.38,0.0480500012636184,0.0711499974131584,0.1008000001311302,0.135000005364418,0.1730500012636184,0.2326000034809112,0.2626000046730041,0.2813999950885772,0.2940999865531921,0.3073500096797943,0.3488000035285949,0.2453500032424926,0.3515850007534027,0.2384200543165207,0.2349504667514607,0.2396333309446596,1.2395167350769043,42,1,314,183,0.3009151882595486,303.1898665957981,302.4223450978597,0.0009089875192253,1425.0833333333333,908.9166666666666,516.1666666666666,303,324,373
Sankavaram,14.772,79.512,28_515_shc_2024-25.18276,176.0,1.1,174.3,0.77,0.0515500009059906,0.0778499990701675,0.1070000007748603,0.137700006365776,0.1651500016450882,0.2407000064849853,0.2704499959945678,0.271699994802475,0.301499992609024,0.3055999875068664,0.3021000027656555,0.2097499966621399,0.3273082375526428,0.2439052164554596,0.2212644852281912,0.2210248321935736,1.1118881702423096,84,1,90,177,0.2188798692491319,303.0301552242703,302.3104798634847,0.0008455278489766,1426.6666666666667,934.8333333333334,491.8333333333333,330,276,394
Velagapadu,14.782,79.738,28_515_shc_2024-25.22810,238.0,90.6,71.0,0.28,0.0414000004529953,0.0529000014066696,0.0794000029563903,0.1472000032663345,0.1800000071525573,0.2017000019550323,0.2205000072717666,0.2357999980449676,0.2363999933004379,0.2558000087738037,0.3639000058174133,0.3050000071525574,0.2313315719366073,0.1341991126537323,0.1286108207486441,0.1505096171807317,1.5432569980621338,67,1,226,183,0.3315942976209852,303.1759614308675,302.4426196204291,0.0008918817655107,1425.0,913.8333333333334,511.0833333333333,309,315,376
Sankavaram,14.78367,79.509273,28_515_shc_2024-25.21364,100.0,17.5,129.1,0.26,0.0439999997615814,0.061099998652935,0.0916000008583068,0.1071999967098236,0.1513999998569488,0.1791000068187713,0.195700004696846,0.1842000037431717,0.210999995470047,0.2203000038862228,0.2202000021934509,0.1779000014066696,0.2642416059970855,0.0977354124188423,0.1405981948012872,0.1459439101388807,1.195439696311951,94,3,35,174,0.2188798692491319,303.0301552242703,302.3104798634847,0.0008455278489766,1426.6666666666667,934.8333333333334,491.8333333333333,298,292,410
Kavali Musthapuram,14.784418,79.723288,28_515_shc_2024-25.22819,163.0,27.3,103.3,0.72,0.0590999983251094,0.0570000000298023,0.0874999985098838,0.0957000032067298,0.1436000019311905,0.2449000030755996,0.2781000137329101,0.2874000072479248,0.2984000146389007,0.2896000146865845,0.2542999982833862,0.1850000023841858,0.5003915429115295,0.3336426913738251,0.334181717680619,0.3256143162242182,0.8848294615745544,64,3,314,186,0.3315942976209852,303.1759614308675,302.4426196204291,0.0008918817655107,1425.0,913.8333333333334,511.0833333333333,316,293,391
Nallagonda,14.785,79.485,28_515_shc_2024-25.20787,113.0,25.1,193.7,0.24,0.0650999993085861,0.101000003516674,0.1275999993085861,0.1560000032186508,0.1755000054836273,0.2207999974489212,0.2442999929189682,0.243599995970726,0.2714999914169311,0.2786999940872192,0.3215000033378601,0.2653999924659729,0.2192192077636718,0.1624910235404968,0.1539975976291362,0.1460649057875905,1.319786548614502,90,2,244,186,0.2188798692491319,303.0301552242703,302.3104798634847,0.0008455278489766,1430.9166666666667,931.5833333333334,499.4166666666667,302,279,418
Chamadala,14.785,79.905,28_515_shc_2024-25.9898,63.0,164.0,413.3,0.28,0.0436999984085559,0.0551999993622303,0.0898000001907348,0.0838000029325485,0.1527999937534332,0.2714999914169311,0.3224999904632568,0.3283999860286712,0.352400004863739,0.3201999962329864,0.2365999966859817,0.1415999978780746,0.5934012532234192,0.3649210333824157,0.4314845851769083,0.4022144037317918,0.7204628586769104,23,2,116,174,0.2207465701633029,303.1615083058675,302.32306666904026,0.0009457228364554,1424.75,899.5,525.25,311,315,375
Gundemadakala,14.785344,79.492269,28_515_shc_2024-25.7974,176.0,17.5,90.4,0.48,0.0453500002622604,0.0511500015854835,0.0778999999165535,0.0799499973654747,0.1335500031709671,0.2176000028848648,0.2443500012159347,0.2556000053882599,0.2727000117301941,0.2777499854564667,0.2510499954223633,0.1694499999284744,0.5234689712524414,0.3136322796344757,0.3248747127119491,0.3153312323210331,0.9821987152099608,93,0,0,180,0.2188798692491319,303.0301552242703,302.3104798634847,0.0008455278489766,1430.9166666666667,931.5833333333334,499.4166666666667,299,275,426
Gundemadakala,14.785862,79.482093,28_515_shc_2024-25.7972,138.0,17.5,284.1,0.17,0.0414000004529953,0.0469999983906745,0.0759999975562095,0.0626000016927719,0.1253000050783157,0.2779000103473663,0.3224000036716461,0.3576000034809112,0.3517000079154968,0.334199994802475,0.2506999969482422,0.1495999991893768,0.7020466327667236,0.4810519516468048,0.5341493378277056,0.4808737233148454,0.7010626196861267,86,5,306,192,0.2188798692491319,303.0301552242703,302.3104798634847,0.0008455278489766,1430.9166666666667,931.5833333333334,499.4166666666667,300,273,427
Kovurpalle,14.788,79.998,28_515_shc_2024-25.2602,151.0,69.9,83.9,0.95,0.0636999979615211,0.0575999990105629,0.0857999995350837,0.095100000500679,0.1741500049829483,0.23989999294281,0.2679499983787536,0.2705999910831451,0.2924999892711639,0.2852999866008758,0.3077499866485595,0.2293000072240829,0.4799015522003174,0.2168633788824081,0.3113468464282253,0.3040891630275696,1.1372874975204468,10,3,90,171,0.1578663720024956,303.1080794864231,302.3079679277208,0.0010166327749199,1435.5833333333333,891.9166666666666,543.75,330,333,338
Chamadala,14.792,79.898,28_515_shc_2024-25.13659,100.0,164.0,426.2,0.21,0.0668999999761581,0.090999998152256,0.1262000054121017,0.1744000017642974,0.2225999981164932,0.294400006532669,0.3425000011920929,0.3483999967575073,0.382099986076355,0.3856000006198883,0.389299988746643,0.2955000102519989,0.332823246717453,0.2203152328729629,0.2540442574881374,0.2551818467608754,1.1173937320709229,19,1,0,180,0.2207465701633029,303.1615083058675,302.32306666904026,0.0009457228364554,1422.75,903.8333333333334,518.9166666666666,305,326,369
Pedakonduru,14.798,79.748,28_515_shc_2024-25.23138,125.0,163.8,122.7,1.08,0.0529000014066696,0.0666999965906143,0.0951500013470649,0.1174999997019767,0.1555999964475631,0.1915999948978424,0.2119999974966049,0.225600004196167,0.238999992609024,0.2355500012636184,0.2220000028610229,0.1726000010967254,0.3150685131549835,0.1836306601762771,0.188939774145656,0.1923259470899906,0.9840425252914428,73,3,72,171,0.3315942976209852,303.1759614308675,302.4426196204291,0.0008918817655107,1424.0,922.4166666666666,501.5,326,314,360
Lakshmipuram,14.798,79.798,28_515_shc_2024-25.23256,113.0,34.9,167.9,0.9,0.0421999990940094,0.0595999993383884,0.0908000022172927,0.1125999987125396,0.1597999930381775,0.2331999987363815,0.2617000043392181,0.2687999904155731,0.2874000072479248,0.2985999882221222,0.2693000137805938,0.1909999996423721,0.4095437824726105,0.2543163895606994,0.2607853495909756,0.2658270824195509,1.00186026096344,45,0,0,180,0.3009151882595486,303.1898665957981,302.4223450978597,0.0009089875192253,1420.25,914.4166666666666,506.0833333333333,319,307,374
Chamadala,14.798,79.908,28_515_shc_2024-25.9886,213.0,79.7,413.3,0.53,0.0546000003814697,0.0434500016272068,0.0540499985218048,0.0432499982416629,0.0571499988436698,0.0540000014007091,0.0575999990105629,0.0545499995350837,0.0543499998748302,0.1561000049114227,0.0428499989211559,0.0346999987959861,0.115541934967041,-0.0232766270637512,0.0285880576793966,0.0283539678875363,0.7855178713798523,25,2,64,174,0.2207465701633029,303.1615083058675,302.32306666904026,0.0009457228364554,1422.75,903.8333333333334,518.9166666666666,297,348,355
Allimadugu,14.798,80.002,28_515_shc_2024-25.5093,100.0,49.1,103.3,0.82,0.0414000004529953,0.0524000003933906,0.099600002169609,0.0738999992609024,0.1692000031471252,0.3176000118255615,0.3837999999523163,0.4099999964237213,0.4223999977111816,0.4235000014305115,0.2524000108242035,0.1509999930858612,0.6945649981498718,0.4157458543777466,0.5753560662925873,0.5123996320311267,0.6156097650527954,8,2,0,180,0.1578663720024956,303.1080794864231,302.3079679277208,0.0010166327749199,1438.4166666666667,887.0833333333334,551.25,299,350,351
Allimadugu,14.798,80.008,28_515_shc_2024-25.5878,151.0,18.6,38.7,0.28,0.0553999990224838,0.0717500001192092,0.1050999984145164,0.1063999980688095,0.1755000054836273,0.3224000036716461,0.413100004196167,0.4226000010967254,0.4453000128269195,0.4081000089645386,0.2705000042915344,0.1781000047922134,0.5977315902709961,0.4131416082382202,0.5190839783168643,0.4609329493940781,0.6400852203369141,5,3,123,171,0.1578663720024956,303.1080794864231,302.3079679277208,0.0010166327749199,1438.4166666666667,887.0833333333334,551.25,302,346,352
Mungamur,14.798,80.012,28_515_shc_2024-25.11835,113.0,164.0,19.4,0.41,0.0461999997496604,0.063400000333786,0.0904000028967857,0.0904000028967857,0.1740999966859817,0.3203000128269195,0.3944999873638153,0.4007999897003174,0.4172999858856201,0.4449999928474426,0.2381999939680099,0.1553000062704086,0.6319218277931213,0.3943294584751129,0.528718378816208,0.4697336397121541,0.5943113565444946,3,1,0,180,0.1578663720024956,303.1080794864231,302.3079679277208,0.0010166327749199,1438.4166666666667,887.0833333333334,551.25,309,344,347
Juvvaladinne,14.798,80.038,28_515_shc_2024-25.11923,113.0,57.0,135.0,0.5,0.0542000010609626,0.0765499994158744,0.1152999997138977,0.1099999994039535,0.1893499940633773,0.3300999999046325,0.374099999666214,0.3856000006198883,0.4233500063419342,0.4117999970912933,0.2342000007629394,0.1671999990940094,0.5560936331748962,0.3413340449333191,0.468237654307962,0.4152270006167158,0.6073651313781738,4,1,270,183,0.1578663720024956,303.1080794864231,302.3079679277208,0.0010166327749199,1438.4166666666667,887.0833333333334,551.25,319,355,326
Venkannapalem,14.802,79.688,28_515_shc_2024-25.23194,188.0,16.4,64.6,0.41,0.0514499992132186,0.0637499988079071,0.093699999153614,0.1145000010728836,0.1597499996423721,0.2133499979972839,0.2325000017881393,0.2379000037908554,0.2609499990940094,0.2640500068664551,0.2994999885559082,0.2206999957561493,0.3501702547073364,0.1965296268463134,0.2132328818976686,0.2171515755757732,1.2589322328567505,59,1,270,183,0.3315942976209852,303.1759614308675,302.4426196204291,0.0008918817655107,1424.75,923.0,501.75,319,307,374
Parikota,14.802,79.792,28_515_shc_2024-25.23044,100.0,102.6,83.9,0.45,0.0434000007808208,0.0690999999642372,0.097850002348423,0.125,0.159400001168251,0.2339999973773956,0.267300009727478,0.2784999907016754,0.303299993276596,0.2956500053405761,0.2887499928474426,0.2118500024080276,0.3804213106632232,0.2719798982143402,0.2540969899345874,0.2548422672076582,1.0368043184280396,51,1,134,177,0.3009151882595486,303.1898665957981,302.4223450978597,0.0009089875192253,1420.25,914.4166666666666,506.0833333333333,304,304,392
Lakshmipuram,14.802,79.798,28_515_shc_2024-25.22862,125.0,16.4,109.8,0.27,0.0452999994158744,0.0520999990403652,0.0794999971985817,0.0825999975204467,0.1373499929904937,0.2527500092983246,0.2915000021457672,0.2865999937057495,0.3165499866008758,0.316100001335144,0.2701500058174133,0.1718000024557113,0.5525460243225098,0.352046251296997,0.3665241263323714,0.3520478570717359,0.9426029920578004,45,4,14,177,0.3009151882595486,303.1898665957981,302.4223450978597,0.0009089875192253,1420.25,914.4166666666666,506.0833333333333,317,305,379
Parikota,14.808,79.802,28_515_shc_2024-25.22926,88.0,97.2,83.9,0.41,0.0310500003397464,0.035250000655651,0.0575000010430812,0.0493000000715255,0.1124000027775764,0.2482499927282333,0.2899999916553497,0.2985000014305115,0.3251000046730041,0.3090499937534332,0.2303999960422516,0.128600001335144,0.7165037393569946,0.4529082477092743,0.4684474724738952,0.4409058756501791,0.7718592882156372,43,1,90,177,0.3009151882595486,303.1898665957981,302.4223450978597,0.0009089875192253,1420.25,914.4166666666666,506.0833333333333,301,335,364
Brahmanakraka,14.808,79.972,28_515_shc_2024-25.1239,50.0,164.0,452.0,0.39,0.0570500008761882,0.0713500007987022,0.1106000021100044,0.1534000039100647,0.2115499973297119,0.2649500072002411,0.2904500067234039,0.2820000052452087,0.3131000101566314,0.3011499941349029,0.3971500098705292,0.3127500116825104,0.2953605949878692,0.1427413821220398,0.1928296165645569,0.2062219372618108,1.4083333015441897,17,4,166,177,0.1578663720024956,303.1080794864231,302.3079679277208,0.0010166327749199,1435.6666666666667,893.0,542.9166666666666,324,339,337
Vinjamur,14.812,79.588,28_515_shc_2024-25.11420,100.0,69.9,96.9,0.44,0.0300999991595745,0.0371499992907047,0.0641499981284141,0.05180000141263,0.1043500006198883,0.2540000081062317,0.3237999975681305,0.3242000043392181,0.3513000011444092,0.3582499921321869,0.2179500013589859,0.1160999983549118,0.7244680523872375,0.5130090117454529,0.5020735402904879,0.466438358113013,0.6722701787948608,88,0,0,180,0.2163430107964409,303.03468538920083,302.3184062957764,0.0008761495483187,1422.25,931.0833333333334,491.3333333333333,324,298,379
Pedakonduru,14.812,79.748,28_515_shc_2024-25.22784,125.0,60.1,90.4,1.0,0.0558499991893768,0.0744000002741813,0.1010499969124794,0.1402000039815902,0.1673499941825866,0.1972000002861023,0.2140000015497207,0.2213999927043914,0.2373999953269958,0.2386499941349029,0.2398000061511993,0.1919499933719635,0.224557489156723,0.1390353739261627,0.1349195599133325,0.1413648834176968,1.083107590675354,75,2,180,180,0.3315942976209852,303.1759614308675,302.4426196204291,0.0008918817655107,1424.0,922.4166666666666,501.5,310,321,368
China Kraka,14.812,79.828,28_515_shc_2024-25.2065,226.0,137.6,122.7,0.26,0.0450999997556209,0.0577000007033348,0.095049999654293,0.0840499997138977,0.1578499972820282,0.2685999870300293,0.3194499909877777,0.3336000144481659,0.3503499925136566,0.3467999994754791,0.2337000072002411,0.1379500031471252,0.5975099205970764,0.3576152324676513,0.4439917685122782,0.4079169795940239,0.7005395889282227,36,3,314,186,0.3009151882595486,303.1898665957981,302.4223450978597,0.0009089875192253,1420.25,914.4166666666666,506.0833333333333,296,316,389
Pedakonduru,14.815,79.735,28_515_shc_2024-25.22858,113.0,29.5,90.4,0.1,0.0546000003814697,0.0764499977231025,0.1037999987602233,0.1421999931335449,0.1704500019550323,0.2190500050783157,0.2427500039339065,0.2508000135421753,0.2715499997138977,0.2641499936580658,0.2920500040054321,0.2412000000476837,0.2763359248638153,0.1907418668270111,0.177378556405527,0.1824188459072434,1.1644736528396606,70,4,284,192,0.3315942976209852,303.1759614308675,302.4426196204291,0.0008918817655107,1424.0,922.4166666666666,501.5,306,320,374
Rachavaripalle,14.818,79.418,28_515_shc_2024-25.4650,100.0,164.0,97.0,0.39,0.0480999983847141,0.0615999996662139,0.09740000218153,0.1456000059843063,0.1827999949455261,0.2190999984741211,0.2372000068426132,0.2590000033378601,0.2486000061035156,0.2763000130653381,0.3603000044822693,0.2883999943733215,0.2802768051624298,0.1724762469530105,0.1696995009573946,0.1880389059002881,1.3911197185516355,127,2,244,186,0.2701500362820095,303.0152897728814,302.3030091603597,0.0008124676735582,1427.1666666666667,925.0833333333334,502.0,333,261,406
Nagasamudram,14.818,79.658,28_515_shc_2024-25.23054,113.0,93.9,122.7,0.5,0.0457499995827674,0.0502000004053115,0.0879999995231628,0.0879999995231628,0.1454000025987625,0.268449991941452,0.3008500039577484,0.3194000124931335,0.3346999883651733,0.3161500096321106,0.272350013256073,0.1817999929189682,0.5679921507835388,0.3743545711040497,0.3932966413979248,0.3825215063461145,0.8526925444602966,68,1,270,183,0.3315942976209852,303.1759614308675,302.4426196204291,0.0008918817655107,1422.0,926.8333333333334,495.1666666666667,299,323,378
Pedakonduru,14.818,79.738,28_515_shc_2024-25.22869,100.0,10.9,109.8,0.23,0.0568999983370304,0.0820500031113624,0.1111000031232833,0.1595000028610229,0.1986500024795532,0.2224500030279159,0.2495999932289123,0.2644000053405761,0.2887499928474426,0.2876999974250793,0.3834500014781952,0.3147999942302704,0.2474640309810638,0.1419933140277862,0.1632913599316142,0.1703106421934302,1.4502646923065186,71,4,333,186,0.3315942976209852,303.1759614308675,302.4426196204291,0.0008918817655107,1424.0,922.4166666666666,501.5,302,332,366
Pedakonduru,14.818,79.762,28_515_shc_2024-25.23252,100.0,25.1,58.1,0.23,0.0498999990522861,0.0680999979376792,0.0917999967932701,0.1189000010490417,0.1515000015497207,0.184249997138977,0.2071000039577484,0.2143000066280365,0.2321999967098236,0.2463500052690506,0.2610499858856201,0.2156500071287155,0.2863145470619201,0.1716785281896591,0.1683192837919152,0.1717474880580571,1.2181520462036133,61,3,0,180,0.3009151882595486,303.1898665957981,302.4223450978597,0.0009089875192253,1422.3333333333333,917.25,504.9166666666667,299,307,394
Brahmanakraka,14.818,79.912,28_515_shc_2024-25.16416,138.0,164.0,497.2,0.51,0.0519500002264976,0.0691500008106231,0.1063999980688095,0.1270000040531158,0.1797000020742416,0.3010500073432922,0.3470000028610229,0.3677999973297119,0.3842999935150146,0.3598999977111816,0.30035001039505,0.2298000007867813,0.4866612553596496,0.3435616493225097,0.3736403415981401,0.3630880472585503,0.8166123032569885,14,3,0,180,0.2207465701633029,303.1615083058675,302.32306666904026,0.0009457228364554,1422.75,903.8333333333334,518.9166666666666,315,341,345
Juvvaladinne,14.818,80.042,28_515_shc_2024-25.1553,176.0,45.0,142.0,0.41,0.0584000013768672,0.0872000008821487,0.1099999994039535,0.1281999945640564,0.1738000065088272,0.2721000015735626,0.3215000033378601,0.3111999928951263,0.3429999947547912,0.3639000058174133,0.2319999933242797,0.1653999984264373,0.4164770245552063,0.2832989394664764,0.3207375285260641,0.2922077934438253,0.7455012798309326,7,3,145,174,0.1578663720024956,303.1080794864231,302.3079679277208,0.0010166327749199,1442.3333333333333,887.25,555.1666666666666,347,349,304
Pedakonduru,14.822,79.732,28_515_shc_2024-25.22732,163.0,10.9,83.9,0.31,0.0401999987661838,0.0544000007212162,0.0832000002264976,0.1439999938011169,0.1803999990224838,0.2046000063419342,0.2261999994516372,0.2433999925851822,0.251800000667572,0.2583000063896179,0.356000006198883,0.2989000082015991,0.2565823495388031,0.1486550122499466,0.1462280830140566,0.1680189322328796,1.4626131057739258,73,4,104,168,0.3315942976209852,303.1759614308675,302.4426196204291,0.0008918817655107,1424.0,922.4166666666666,501.5,309,320,371
Jaladanki,14.822,79.908,28_515_shc_2024-25.16355,100.0,69.9,381.0,0.26,0.0524000003933906,0.062950000166893,0.0979000031948089,0.1018999963998794,0.1613000035285949,0.2644000053405761,0.3011499941349029,0.3106000125408172,0.3314999938011169,0.3230499923229217,0.2804000079631805,0.1835500001907348,0.5059394240379333,0.3163805902004242,0.3598586388916728,0.3430685163223398,0.902768850326538,11,0,0,180,0.2207465701633029,303.1615083058675,302.32306666904026,0.0009457228364554,1422.75,903.8333333333334,518.9166666666666,341,327,332
Pedakonduru,14.825,79.695,28_515_shc_2024-25.23263,188.0,31.7,77.5,1.02,0.0551000013947486,0.0798000022768974,0.1080999970436096,0.1506000012159347,0.1876499950885772,0.2280000001192093,0.2501499950885772,0.2605000138282776,0.2727499902248382,0.2777999937534332,0.3105500042438507,0.251800000667572,0.2673315703868866,0.1625572144985199,0.1754918439068819,0.1809351511321341,1.192130446434021,71,1,46,177,0.3315942976209852,303.1759614308675,302.4426196204291,0.0008918817655107,1424.75,923.0,501.75,310,297,393
Juvvaladinne,14.828,80.032,28_515_shc_2024-25.11779,75.0,90.0,77.0,0.5,0.0683000013232231,0.0956000015139579,0.1273999959230423,0.167600005865097,0.2152000069618225,0.3025000095367431,0.3677000105381012,0.3819999992847442,0.4072000086307525,0.397599995136261,0.3479000031948089,0.258899986743927,0.3901018798351288,0.2793034017086029,0.3208427966784549,0.3064024281169464,0.9107329845428468,4,3,46,174,0.1578663720024956,303.1080794864231,302.3079679277208,0.0010166327749199,1438.4166666666667,887.0833333333334,551.25,320,367,314
Gowravaram,14.828319,79.994628,28_515_shc_2024-25.20785,213.0,14.2,187.3,0.1,0.0535999983549118,0.0881000012159347,0.1212000027298927,0.1588999927043914,0.1746000051498413,0.2422000020742416,0.2737999856472015,0.2691999971866607,0.2933500111103058,0.3236500024795532,0.3169000148773193,0.2319999933242797,0.2576501071453094,0.2131590545177459,0.1765534597053805,0.1782674372648423,1.1771917343139648,10,4,46,171,0.1578663720024956,303.1080794864231,302.3079679277208,0.0010166327749199,1435.6666666666667,893.0,542.9166666666666,306,347,347
Kaligiri,14.832,79.678,28_515_shc_2024-25.23091,88.0,3.3,51.7,0.45,0.0403000004589557,0.0496999993920326,0.0813999995589256,0.1194000020623207,0.1446000039577484,0.2055999934673309,0.2099000066518783,0.2680000066757202,0.2217999994754791,0.2402999997138977,0.2479999959468841,0.1861999928951263,0.3835828602313995,0.2990790009498596,0.230509109354585,0.2511832372382802,0.925373077392578,65,2,180,180,0.3315942976209852,303.1759614308675,302.4426196204291,0.0008918817655107,1424.75,923.0,501.75,304,310,385
Pedakonduru,14.832,79.732,28_515_shc_2024-25.22861,125.0,50.2,77.5,0.12,0.0392999984323978,0.0559000000357627,0.0799999982118606,0.1162000000476837,0.1579000055789947,0.1990000009536743,0.2252999991178512,0.2349999994039535,0.2506000101566314,0.2487999945878982,0.322299987077713,0.24269999563694,0.3382687866687774,0.1962331235408783,0.196305230512688,0.2093515027598746,1.3714892864227295,70,6,90,162,0.3315942976209852,303.1759614308675,302.4426196204291,0.0008918817655107,1424.0,922.4166666666666,501.5,315,315,370
Brahmanakraka,14.832,79.898,28_515_shc_2024-25.5890,163.0,147.4,387.4,0.26,0.0471000000834465,0.0553000010550022,0.0832000002264976,0.0896999984979629,0.1445000022649765,0.2466000020503997,0.2861000001430511,0.2964000105857849,0.326799988746643,0.3190999925136566,0.2614000141620636,0.1595000028610229,0.5353535413742065,0.3445225656032562,0.3639469187073266,0.3499040909076768,0.881916344165802,19,2,116,174,0.2207465701633029,303.1615083058675,302.32306666904026,0.0009457228364554,1422.75,903.8333333333334,518.9166666666666,334,325,341
Vinjamur,14.835,79.575,28_515_shc_2024-25.4224,100.0,17.5,155.0,0.33,0.048599999397993,0.0564000010490417,0.0829999968409538,0.1033999994397163,0.1473000049591064,0.2128999978303909,0.2405000030994415,0.2486000061035156,0.266400009393692,0.2684000134468078,0.2698999941349029,0.1922000050544738,0.4125000238418579,0.2558726966381073,0.2510373568093468,0.2556338128857528,1.0856797695159912,96,2,0,180,0.2163430107964409,303.03468538920083,302.3184062957764,0.0008761495483187,1422.0833333333333,943.0,479.0,310,281,409
Brahmanakraka,14.835,79.895,28_515_shc_2024-25.13533,201.0,17.5,142.1,0.47,0.0606999993324279,0.0894000008702278,0.1309999972581863,0.1703999936580658,0.1655000001192093,0.261599987745285,0.2912999987602234,0.3156000077724457,0.3183000087738037,0.2876999974250793,0.2960000038146972,0.2133000046014785,0.2987654507160187,0.3119933605194092,0.2176911803887631,0.2208925160807104,0.9378960728645324,21,1,46,177,0.2207465701633029,303.1615083058675,302.32306666904026,0.0009457228364554,1420.0833333333333,909.75,510.1666666666667,327,330,343
China Annaluru,14.838,79.652,28_515_shc_2024-25.23125,226.0,163.8,90.4,0.3,0.0410000011324882,0.045499999076128,0.0718000009655952,0.0879999995231628,0.1299999952316284,0.2103500068187713,0.2427500039339065,0.2445999979972839,0.267300009727478,0.2677499949932098,0.2505500018596649,0.1650000065565109,0.4708358347415924,0.3059263229370117,0.2735180044156955,0.2821282709713352,1.0243254899978638,71,0,0,180,0.3315942976209852,303.1759614308675,302.4426196204291,0.0008918817655107,1416.9166666666667,936.0833333333334,481.0,317,298,386
Nandigunta,14.8401,79.533909,28_515_shc_2024-25.20813,151.0,34.9,161.4,0.43,0.0327499993145465,0.0421999990940094,0.0632499977946281,0.0860499963164329,0.1307000070810318,0.2139499932527542,0.24269999563694,0.2486999928951263,0.2663500010967254,0.2653500139713287,0.2674500048160553,0.1841499954462051,0.4858849942684173,0.3110173642635345,0.2807214344066819,0.2922731332988457,1.0753921270370483,114,7,237,198,0.2188798692491319,303.0301552242703,302.3104798634847,0.0008455278489766,1419.75,947.0833333333334,472.4166666666667,301,299,401
Vinjamur,14.842,79.582,28_515_shc_2024-25.18729,376.0,17.5,96.9,0.23,0.0612000003457069,0.0870499983429908,0.1145000010728836,0.1395999938249588,0.1542499959468841,0.2005500048398971,0.2170500010251999,0.2030999958515167,0.2258500009775161,0.2282499969005584,0.2416000068187713,0.2202000021934509,0.1852932721376419,0.1367007195949554,0.1143876269396067,0.1130295528737394,1.1895618438720703,103,6,161,174,0.2163430107964409,303.03468538920083,302.3184062957764,0.0008761495483187,1422.0833333333333,943.0,479.0,311,275,414
Pedakonduru,14.842,79.748,28_515_shc_2024-25.22840,113.0,16.4,45.2,0.34,0.0689999982714653,0.0727500021457672,0.1083000004291534,0.128600001335144,0.1857499927282333,0.268449991941452,0.2988499999046325,0.3194000124931335,0.3407999873161316,0.3338499963283539,0.322950005531311,0.2360499948263168,0.4258928596973419,0.2645749151706695,0.3086629630565659,0.301898747428528,1.0111145973205566,58,2,90,174,0.3315942976209852,303.1759614308675,302.4426196204291,0.0008918817655107,1428.5833333333333,928.75,499.75,336,307,357
China Kraka,14.842,79.838,28_515_shc_2024-25.2102,151.0,1.1,135.6,0.34,0.0560000017285347,0.0763999968767166,0.1114000007510185,0.1506000012159347,0.2043000012636184,0.2509999871253967,0.2820999920368194,0.30239999294281,0.322299987077713,0.320499986410141,0.3521000146865845,0.2671999931335449,0.335099309682846,0.1936056762933731,0.2323943501641338,0.2389296841405689,1.1643519401550293,31,2,0,180,0.3009151882595486,303.1898665957981,302.4223450978597,0.0009089875192253,1420.75,915.5833333333334,505.25,309,324,367
Brahmanakraka,14.842,79.888,28_515_shc_2024-25.16393,138.0,116.8,148.5,0.3,0.0549499988555908,0.0822999998927116,0.1169999986886978,0.1464000046253204,0.2011999934911728,0.270249992609024,0.3079000115394592,0.3237999975681305,0.3393999934196472,0.3313499987125397,0.3571000099182129,0.2745999991893768,0.3772862553596496,0.233523815870285,0.2798195369234482,0.2742733341709029,1.1028412580490112,19,2,333,183,0.2207465701633029,303.1615083058675,302.32306666904026,0.0009457228364554,1420.0833333333333,909.75,510.1666666666667,334,310,356
Nandigunta,14.843034,79.53617,28_515_shc_2024-25.20819,226.0,25.1,148.5,0.33,0.0406999997794628,0.0524000003933906,0.0810000002384185,0.1262000054121017,0.1643999963998794,0.1897999942302703,0.2010000050067901,0.2013999968767166,0.2014999985694885,0.1869000047445297,0.23989999294281,0.1930000036954879,0.2295482009649276,0.101148173213005,0.1200817421381653,0.1362977125241198,1.191161870956421,112,0,0,180,0.2188798692491319,303.0301552242703,302.3104798634847,0.0008455278489766,1419.75,947.0833333333334,472.4166666666667,296,301,403
Nandigunta,14.843092,79.53498,28_515_shc_2024-25.20798,176.0,34.9,167.9,0.5,0.0364999994635582,0.0472000017762184,0.0732999965548515,0.0993999987840652,0.1534000039100647,0.2406000047922134,0.270000010728836,0.2806000113487243,0.2939999997615814,0.2827999889850616,0.2716000080108642,0.1970999985933303,0.4768421351909637,0.2930875718593597,0.297439287044301,0.308863654224248,0.9679258465766908,113,3,35,174,0.2188798692491319,303.0301552242703,302.3104798634847,0.0008455278489766,1419.75,947.0833333333334,472.4166666666667,303,305,392
Duttalur,14.845,79.405,28_515_shc_2024-25.4999,88.0,1.0,225.0,0.31,0.0549499988555908,0.0645999982953071,0.097350001335144,0.1283999979496002,0.1755499988794326,0.225500002503395,0.253600001335144,0.2691999971866607,0.2854999899864197,0.2811000049114227,0.3375000059604645,0.2558000087738037,0.3541247546672821,0.2105677276849746,0.2263520021993274,0.2352941176470588,1.2537147998809814,141,4,345,183,0.2701500362820095,303.0152897728814,302.3030091603597,0.0008124676735582,1421.1666666666667,912.0,508.9166666666667,313,267,420
Nandigunta,14.845105,79.531826,28_515_shc_2024-25.20803,201.0,52.4,148.5,0.18,0.045899998396635,0.0612500011920928,0.096400000154972,0.1733999997377395,0.208199992775917,0.2344000041484832,0.2567499876022339,0.2569999992847442,0.2725000083446502,0.2677499949932098,0.3668999969959259,0.3049499988555908,0.1942379176616668,0.1049011349678039,0.1137090083891181,0.1347807388781786,1.4276264905929563,110,2,207,183,0.2188798692491319,303.0301552242703,302.3104798634847,0.0008455278489766,1419.75,947.0833333333334,472.4166666666667,298,311,391
Vinjamur,14.845333,79.580668,28_515_shc_2024-25.2915,251.0,42.6,148.5,0.61,0.0444499999284744,0.0922000035643577,0.131400004029274,0.1723999977111816,0.1690499931573867,0.2238000035285949,0.2484000027179718,0.2578999996185303,0.26664999127388,0.2641499936580658,0.2784500122070312,0.2298000007867813,0.1986985951662063,0.2081040143966674,0.1335269928926518,0.1378587587113249,1.0796821117401123,104,2,0,180,0.2163430107964409,303.03468538920083,302.3184062957764,0.0008761495483187,1422.0833333333333,943.0,479.0,294,276,431
Duttalur,14.848,79.418,28_515_shc_2024-25.12018,151.0,52.0,180.0,0.2,0.0395000018179416,0.045899998396635,0.0681999996304512,0.0615000016987323,0.1127000004053115,0.2171999961137771,0.2482499927282333,0.2448000013828277,0.2701500058174133,0.2674500048160553,0.2310999929904937,0.1373499929904937,0.5984328985214233,0.3695105016231537,0.3609546616451047,0.3410021065054255,0.9440358877182008,138,1,90,177,0.2701500362820095,303.0152897728814,302.3030091603597,0.0008124676735582,1419.4166666666667,926.8333333333334,492.75,331,254,415
Pedakonduru,14.848,79.748,28_515_shc_2024-25.22833,251.0,123.4,167.9,0.2,0.0380499996244907,0.0474999994039535,0.0741999968886375,0.0719500035047531,0.1542000025510788,0.2300000041723251,0.2634499967098236,0.2730999886989593,0.2953999936580658,0.2950499951839447,0.3043000102043152,0.2071499973535537,0.5829589366912842,0.2782588005065918,0.3729004914101361,0.3570498557185642,1.114243984222412,62,2,207,183,0.3315942976209852,303.1759614308675,302.4426196204291,0.0008918817655107,1428.5833333333333,928.75,499.75,334,302,363
Thallapalem,14.848,80.008,28_515_shc_2024-25.19910,113.0,22.9,322.9,0.24,0.0454000011086463,0.0582000017166137,0.090499997138977,0.1165999993681907,0.1736000031232834,0.2815999984741211,0.326200008392334,0.3228000104427337,0.3713999986648559,0.3901999890804291,0.2976999878883362,0.2036000043153762,0.4692763090133667,0.3005640804767608,0.3250520396677387,0.3292527287433903,0.9222428202629088,9,2,296,186,0.1578663720024956,303.1080794864231,302.3079679277208,0.0010166327749199,1435.0833333333333,894.8333333333334,540.0833333333334,317,351,333
Utukuru,14.849812,79.513199,28_515_shc_2024-25.7767,138.0,7.6,335.8,0.17,0.0342000015079975,0.0466499999165535,0.0743499994277954,0.0938000008463859,0.1442999988794326,0.2299499958753585,0.2550500035285949,0.26460000872612,0.2748500108718872,0.2716499865055084,0.2599500119686126,0.1900999993085861,0.4765625,0.2942039668560028,0.2889968125947303,0.2984622657998244,0.9824263453483582,118,0,0,180,0.2188798692491319,303.0301552242703,302.3104798634847,0.0008455278489766,1419.75,947.0833333333334,472.4166666666667,326,283,391
Krakuturu,14.852,79.798,28_515_shc_2024-25.23259,176.0,87.4,90.4,0.47,0.0722500011324882,0.0999500006437301,0.1211000010371208,0.1351999938488006,0.1759500056505203,0.2180999964475631,0.2435500025749206,0.2161000072956085,0.2728500068187713,0.2755999863147735,0.3242999911308288,0.2709999978542328,0.2302875369787216,0.1024104058742523,0.1582953717249247,0.1425467167944085,1.5006940364837646,41,1,180,180,0.283011966281467,303.0567177242703,302.3209507836236,0.0009554048665878,1424.9166666666667,921.0,504.0,299,337,364
Musunuru (Part),14.852,79.988,28_515_shc_2024-25.8109,151.0,164.0,58.0,0.45,0.0981499999761581,0.2495999932289123,0.277999997138977,0.2937999963760376,0.2524000108242035,0.2469000071287155,0.2626000046730041,0.3061999976634979,0.2569000124931335,0.1898999959230423,0.2942999899387359,0.262800008058548,0.0206666681915521,0.0963121876120567,0.02589808064085,0.0169090927563423,0.9611364603042604,9,1,90,177,0.1447519938151041,303.0208995819092,302.24942843119305,0.0010499218377364,1437.4166666666667,898.25,539.0833333333334,306,352,342
Gattupalle,14.855,79.405,28_515_shc_2024-25.19297,125.0,79.7,264.7,0.19,0.0593000017106533,0.0658999979496002,0.096850000321865,0.1076000034809112,0.16075000166893,0.2493000030517578,0.2838999927043915,0.2987000048160553,0.3186999857425689,0.2989499866962433,0.3055999875068664,0.2256499975919723,0.4703420996665954,0.3002502918243408,0.3294713905060743,0.3162859973281493,1.0231000185012815,141,4,345,183,0.2502034929063585,302.88737093607585,302.19219644334584,0.0008416834470481,1421.1666666666667,912.0,508.9166666666667,306,268,426
Ravulakollu,14.855,79.705,28_515_shc_2024-25.22812,163.0,120.1,71.0,0.1,0.0377999991178512,0.0522000007331371,0.0878000035881996,0.1054999977350235,0.1503999978303909,0.1791000068187713,0.1981000006198883,0.1959999948740005,0.2152500003576278,0.2250999957323074,0.2276999950408935,0.1559499949216842,0.3001658320426941,0.1316397190093994,0.1573913020233575,0.1693699275861193,1.161734700202942,73,1,90,177,0.3329402499728732,303.0987750159369,302.3625903235542,0.0009268078916268,1421.5833333333333,930.5833333333334,491.0833333333333,332,303,365
Brahmanakraka,14.855,79.885,28_515_shc_2024-25.13891,163.0,42.6,200.2,0.65,0.0537000000476837,0.0908999964594841,0.1207000017166137,0.1680999994277954,0.2171999961137771,0.2716000080108642,0.3057999908924103,0.3136000037193298,0.3359000086784363,0.3014000058174133,0.368149995803833,0.2619999945163727,0.3020552396774292,0.1816126704216003,0.2217379406732275,0.2223184330626848,1.1739476919174194,23,2,90,174,0.2240605248345269,303.0202268388536,302.2017342037625,0.0009985908066002,1420.0833333333333,909.75,510.1666666666667,320,331,349
Vinjamur,14.858,79.568,28_515_shc_2024-25.10920,113.0,18.6,174.3,0.25,0.0416000001132488,0.0549499988555908,0.0910499989986419,0.1312000006437301,0.1726499944925308,0.215049996972084,0.240799993276596,0.2487999945878982,0.2773999869823456,0.2736999988555908,0.3154500126838684,0.2424000054597854,0.3094736635684967,0.1806857287883758,0.1810484080283542,0.2004545362182884,1.26788592338562,108,1,134,177,0.224213155110677,303.006392203437,302.2907424502903,0.0009076777763588,1422.0833333333333,943.0,479.0,323,289,388
Brahmanakraka,14.858,79.892,28_515_shc_2024-25.1241,100.0,116.8,251.8,0.27,0.0478000007569789,0.0436999984085559,0.067950002849102,0.0603000000119209,0.1325500011444091,0.2471500039100647,0.2836999893188476,0.3005000054836273,0.3139500021934509,0.301499992609024,0.2504999935626983,0.1666000038385391,0.665742814540863,0.3878304958343506,0.4499644118309138,0.4185641332566452,0.8336105942726135,20,1,314,183,0.2240605248345269,303.0202268388536,302.2017342037625,0.0009985908066002,1420.0833333333333,909.75,510.1666666666667,324,324,352
Gowravaram,14.858,79.988,28_515_shc_2024-25.7998,138.0,14.2,187.3,0.28,0.0436999984085559,0.0636000037193298,0.099600002169609,0.1052000001072883,0.1693000048398971,0.2820000052452087,0.3436999917030334,0.3583999872207641,0.3858000040054321,0.3756000101566314,0.2047999948263168,0.1189000010490417,0.5461604595184326,0.3583475053310394,0.4184847180588611,0.3941469340647809,0.5714285969734192,9,2,90,174,0.1447519938151041,303.0208995819092,302.24942843119305,0.0010499218377364,1437.4166666666667,898.25,539.0833333333334,317,333,349
Somalaregada,14.858277,79.365639,28_515_shc_2024-25.3708,113.0,164.0,161.0,0.27,0.0455499999225139,0.0797000005841255,0.1097000017762184,0.1420000046491623,0.1638499945402145,0.2610000073909759,0.3019999861717224,0.3161999881267547,0.3334499895572662,0.3142000138759613,0.3122000098228454,0.2138500064611435,0.3801833093166351,0.3173627853393554,0.2773090231881854,0.2726987864604335,0.9873498678207396,146,1,180,180,0.2502034929063585,302.88737093607585,302.19219644334584,0.0008416834470481,1418.3333333333333,899.3333333333334,518.9166666666666,357,254,389
Somalaregada,14.858277,79.365639,28_515_shc_2024-25.3794,75.0,109.0,116.0,1.11,0.0455499999225139,0.0797000005841255,0.1097000017762184,0.1420000046491623,0.1638499945402145,0.2610000073909759,0.3019999861717224,0.3161999881267547,0.3334499895572662,0.3142000138759613,0.3122000098228454,0.2138500064611435,0.3801833093166351,0.3173627853393554,0.2773090231881854,0.2726987864604335,0.9873498678207396,146,1,180,180,0.2502034929063585,302.88737093607585,302.19219644334584,0.0008416834470481,1418.3333333333333,899.3333333333334,518.9166666666666,357,254,389
Vinjamur,14.858571,79.576755,28_515_shc_2024-25.18352,201.0,69.9,129.1,0.32,0.052250001579523,0.070150002837181,0.096900001168251,0.1296000033617019,0.162550002336502,0.1894499957561493,0.2071000039577484,0.210999995470047,0.2322999984025955,0.2457499951124191,0.2398499995470047,0.1981499940156936,0.2389899939298629,0.1297014951705932,0.1391476647843282,0.1452533765550915,1.1367298364639282,108,2,296,186,0.224213155110677,303.006392203437,302.2907424502903,0.0009076777763588,1422.0833333333333,943.0,479.0,312,276,412
Vinjamur,14.85876,79.582821,28_515_shc_2024-25.10761,88.0,41.5,187.3,0.5,0.0520000010728836,0.0706999972462654,0.1040000021457672,0.1503999978303909,0.1806000024080276,0.2314999997615814,0.2596499919891357,0.2757999897003174,0.294649988412857,0.2878000140190124,0.3055000007152557,0.2331999987363815,0.294228047132492,0.2085889279842376,0.1902363422322692,0.203087875553068,1.1076867580413818,103,2,270,186,0.224213155110677,303.006392203437,302.2907424502903,0.0009076777763588,1422.0833333333333,943.0,479.0,300,291,410
Duttalur,14.860562,79.407346,28_515_shc_2024-25.17441,151.0,70.0,90.0,0.22,0.0556499995291233,0.0617499984800815,0.0910999998450279,0.1084000021219253,0.1542499959468841,0.2017000019550323,0.217849999666214,0.2485000044107437,0.2392500042915344,0.2520000040531158,0.2592999935150146,0.197500005364418,0.3925469219684601,0.2340161651372909,0.2439449069383764,0.2452444880746019,1.043460726737976,135,2,333,183,0.2502034929063585,302.88737093607585,302.19219644334584,0.0008416834470481,1421.1666666666667,912.0,508.9166666666667,318,269,414
Vinjamur,14.861029,79.572352,28_515_shc_2024-25.2852,88.0,25.1,116.2,0.27,0.0546999983489513,0.0698499977588653,0.0956000015139579,0.1199000030755996,0.1433500051498413,0.183349996805191,0.2030999958515167,0.2108000069856643,0.231450006365776,0.231900006532669,0.2416500002145767,0.2000000029802322,0.2748714983463287,0.1904560178518295,0.161591383889418,0.1641386832955993,1.146347165107727,106,1,270,183,0.224213155110677,303.006392203437,302.2907424502903,0.0009076777763588,1422.0833333333333,943.0,479.0,298,296,406
Vinjamur,14.861218,79.582038,28_515_shc_2024-25.10921,113.0,99.4,174.3,0.41,0.0531499981880188,0.0730499997735023,0.1017500013113021,0.1439999938011169,0.1843000054359436,0.2186499983072281,0.2455500066280365,0.2594000101089477,0.2823500037193298,0.2802999913692474,0.3088000118732452,0.2288500070571899,0.2860684692859649,0.1692585200071334,0.1831135941467312,0.1916095015635827,1.1904394626617432,105,1,270,183,0.224213155110677,303.006392203437,302.2907424502903,0.0009076777763588,1422.0833333333333,943.0,479.0,301,292,407
Somalaregada,14.861701,79.365534,28_515_shc_2024-25.8466,138.0,164.0,309.0,0.2,0.0349499993026256,0.0434000007808208,0.0689999982714653,0.0557000003755092,0.1164499968290329,0.2502999901771545,0.2971000075340271,0.3043999969959259,0.324099987745285,0.3176499903202057,0.2477000057697296,0.1484500020742416,0.690641462802887,0.4465961754322052,0.4734978255117847,0.4337286316366804,0.8137319684028625,145,1,180,180,0.2502034929063585,302.88737093607585,302.19219644334584,0.0008416834470481,1418.3333333333333,899.3333333333334,518.9166666666666,357,260,383
Ravipadu,14.862,79.572,28_515_shc_2024-25.20559,100.0,89.5,180.8,0.37,0.0534499995410442,0.0709000006318092,0.0893500000238418,0.1159000024199485,0.1362999975681305,0.1613499969244003,0.1762499958276748,0.1806000024080276,0.1937000006437301,0.2025000005960464,0.2282000035047531,0.192900002002716,0.2182124704122543,0.1397917419672012,0.120327318953699,0.1218455736269316,1.2635658979415894,109,1,270,183,0.224213155110677,303.006392203437,302.2907424502903,0.0009076777763588,1422.0833333333333,943.0,479.0,298,296,406
Ravulakollu,14.862,79.702,28_515_shc_2024-25.22825,176.0,159.4,45.2,0.29,0.0367499999701976,0.0539500005543231,0.0851500034332275,0.0971999987959861,0.1400000005960464,0.1777999997138977,0.1905000060796737,0.2037999927997589,0.2101999968290329,0.2083999961614608,0.2019499987363815,0.147949993610382,0.3541528284549713,0.1855729818344116,0.1927841494469289,0.1996254590304149,0.990922510623932,74,0,0,180,0.3329402499728732,303.0987750159369,302.3625903235542,0.0009268078916268,1421.5833333333333,930.5833333333334,491.0833333333333,315,318,367
Krakuturu,14.862,79.758,28_515_shc_2024-25.23040,100.0,100.5,64.6,0.98,0.0454000011086463,0.0653000026941299,0.096000000834465,0.1433999985456466,0.1834000051021576,0.2337999939918518,0.2605000138282776,0.2399999946355819,0.2851000130176544,0.2865999937057495,0.3476999998092651,0.2599999904632568,0.2519561648368835,0.1336797177791595,0.1499394625568801,0.1640253512037064,1.4487500190734863,59,3,161,177,0.283011966281467,303.0567177242703,302.3209507836236,0.0009554048665878,1427.25,925.0833333333334,502.4166666666667,311,323,365
Ravipadu,14.863865,79.574798,28_515_shc_2024-25.20569,188.0,69.9,238.9,0.19,0.0544000007212162,0.0725999996066093,0.0965500026941299,0.1307999938726425,0.1595499962568283,0.1826999932527542,0.1985999941825866,0.2047999948263168,0.2188500016927719,0.2301999926567077,0.2375500053167343,0.1994500011205673,0.2205006033182144,0.1241937652230262,0.1280188273305008,0.1328386823022102,1.159912109375,109,2,90,174,0.224213155110677,303.006392203437,302.2907424502903,0.0009076777763588,1422.0833333333333,943.0,479.0,310,280,410
Katepalle,14.865904,79.580472,28_515_shc_2024-25.18349,176.0,17.5,129.1,0.33,0.0534499995410442,0.0685999989509582,0.0988499969244003,0.1309999972581863,0.1712000072002411,0.220550000667572,0.2466499954462051,0.2673999965190887,0.2892000079154968,0.2879500091075897,0.3234499990940094,0.2462500035762787,0.3423694670200348,0.219334214925766,0.2215868482847978,0.2277382015900554,1.2096110582351685,107,2,27,177,0.224213155110677,303.006392203437,302.2907424502903,0.0009076777763588,1422.0833333333333,943.0,479.0,275,309,416
Musunuru (Part),14.868,79.988,28_515_shc_2024-25.20243,138.0,164.0,180.0,0.0,0.0566500015556812,0.0618500001728534,0.0939000025391578,0.1058999970555305,0.1542499959468841,0.2347999960184097,0.2638500034809112,0.2779000103473663,0.2815000116825104,0.2836000025272369,0.2670499980449676,0.1940499991178512,0.448150098323822,0.2861275374889374,0.2966693935772109,0.2919212692653209,0.9609571099281312,9,3,134,174,0.1447519938151041,303.0208995819092,302.24942843119305,0.0010499218377364,1437.4166666666667,898.25,539.0833333333334,313,337,350
Anemadugu,14.868,79.998,28_515_shc_2024-25.20414,88.0,25.1,90.4,0.31,0.0397000014781951,0.0502000004053115,0.0899000018835067,0.0734999999403953,0.1473000049591064,0.3004499971866607,0.3596999943256378,0.3693999946117401,0.3975000083446502,0.3899500072002411,0.2285500019788742,0.1253000050783157,0.668096661567688,0.4298432171344757,0.5159006842952251,0.4707285974880505,0.6187060475349426,9,2,153,177,0.1447519938151041,303.0208995819092,302.24942843119305,0.0010499218377364,1437.4166666666667,898.25,539.0833333333334,319,341,340
Jaladanki,14.872,79.898,28_515_shc_2024-25.3092,176.0,1.1,406.8,0.24,0.0524999983608722,0.0546000003814697,0.0869000032544136,0.0839999988675117,0.1393000036478042,0.2448000013828277,0.2863999903202057,0.2933999896049499,0.2991000115871429,0.2910000085830688,0.2619000077247619,0.1847999989986419,0.5548489689826965,0.3561358749866485,0.3771885470182318,0.3579895033427114,0.892638087272644,16,2,270,186,0.2240605248345269,303.0202268388536,302.2017342037625,0.0009985908066002,1420.0833333333333,909.75,510.1666666666667,307,346,348
Mannangidinne,14.872,79.988,28_515_shc_2024-25.19904,138.0,5.5,116.2,0.74,0.0452499985694885,0.0535999983549118,0.0763999968767166,0.0573499985039234,0.1221499964594841,0.2229499965906143,0.2588500082492828,0.2558999955654144,0.2874499857425689,0.3355500102043152,0.1782499998807907,0.0944000035524368,0.6338387727737427,0.3537891805171966,0.4143363882289335,0.3662157980499707,0.6965611577033997,10,2,0,180,0.1447519938151041,303.0208995819092,302.24942843119305,0.0010499218377364,1437.4166666666667,898.25,539.0833333333334,327,342,330
Jammalapalem,14.875,79.905,28_515_shc_2024-25.21338,176.0,34.9,355.1,0.47,0.0579999983310699,0.0560000017285347,0.0807000026106834,0.0869000032544136,0.1477999985218048,0.231900006532669,0.263399988412857,0.2619999945163727,0.2865999937057495,0.2953999936580658,0.3163000047206878,0.2099000066518783,0.5018630027770996,0.2786725163459778,0.3210723029254149,0.3094003858907506,1.2072519063949585,18,3,314,186,0.2240605248345269,303.0202268388536,302.2017342037625,0.0009985908066002,1420.0833333333333,909.75,510.1666666666667,305,329,366
Jaladanki,14.876282,79.90194,28_515_shc_2024-25.2076,125.0,137.6,148.5,0.52,0.0540499985218048,0.0841000005602836,0.1125999987125396,0.1228000000119209,0.1658499985933303,0.2676999866962433,0.304749995470047,0.3097999989986419,0.3384000062942505,0.3204500079154968,0.2815999984741211,0.2205000072717666,0.4322699904441833,0.3026385009288788,0.3301903444300782,0.300772033859829,0.908973515033722,14,1,314,183,0.2240605248345269,303.0202268388536,302.2017342037625,0.0009985908066002,1421.3333333333333,919.4166666666666,501.75,306,332,361
Jaladanki,14.878,79.908,28_515_shc_2024-25.1716,263.0,34.9,452.0,0.36,0.0516000017523765,0.0590000003576278,0.0888999998569488,0.0789000019431114,0.1459999978542328,0.2626999914646148,0.3226999938488006,0.3255999982357025,0.3445999920368194,0.3468999862670898,0.2157000005245208,0.1222999989986419,0.6098887324333191,0.3808312118053436,0.4546627257297283,0.4091210551307132,0.6624692678451538,17,2,180,180,0.2240605248345269,303.0202268388536,302.2017342037625,0.0009985908066002,1421.3333333333333,919.4166666666666,501.75,305,332,363
Narrawada,14.882,79.428,28_515_shc_2024-25.11931,113.0,164.0,97.0,0.26,0.0689499974250793,0.0631999969482421,0.0920000001788139,0.1066000014543533,0.1655000001192093,0.2326499968767166,0.2606000006198883,0.2815999984741211,0.2858999967575073,0.3061000108718872,0.2707999944686889,0.2029000073671341,0.4507985413074493,0.2596734464168548,0.3023078934863537,0.2955415396878973,0.9616476893424988,131,2,180,180,0.2502034929063585,302.88737093607585,302.19219644334584,0.0008416834470481,1414.9166666666667,932.9166666666666,482.0,329,285,386
Annavaram,14.882,79.848,28_515_shc_2024-25.19351,100.0,164.0,316.4,0.75,0.0516000017523765,0.0636000037193298,0.0945999994874,0.1199999973177909,0.1678999960422516,0.2502999901771545,0.2852500081062317,0.2867999970912933,0.3219999969005584,0.3054499924182892,0.3196499943733215,0.2078499943017959,0.4100295007228851,0.2614910900592804,0.2725846595745462,0.2759153078990657,1.1145397424697876,28,3,314,186,0.283011966281467,303.0567177242703,302.3209507836236,0.0009554048665878,1419.8333333333333,924.6666666666666,495.0,307,342,351
Jaladanki,14.882,79.908,28_515_shc_2024-25.13638,163.0,164.0,122.7,0.52,0.0584999993443489,0.0780000016093254,0.1136000007390976,0.135000005364418,0.1818999946117401,0.2569999992847442,0.2888000011444092,0.2971999943256378,0.3228000104427337,0.300599992275238,0.3323999941349029,0.248099997639656,0.3752892017364502,0.2406595796346664,0.2663907295728418,0.2609954768533831,1.118438720703125,12,5,226,192,0.2240605248345269,303.0202268388536,302.2017342037625,0.0009985908066002,1421.3333333333333,919.4166666666666,501.75,305,331,364
Jaladanki,14.882,79.912,28_515_shc_2024-25.19195,163.0,164.0,155.0,0.16,0.0663999989628791,0.1107999980449676,0.1446000039577484,0.1744000017642974,0.1852999925613403,0.2540000081062317,0.2809999883174896,0.2910000085830688,0.3046000003814697,0.3242000043392181,0.3064999878406524,0.23989999294281,0.2505371868610382,0.221918985247612,0.1935077074483893,0.1811684362477117,1.0532644987106323,19,1,46,177,0.2240605248345269,303.0202268388536,302.2017342037625,0.0009985908066002,1421.3333333333333,919.4166666666666,501.75,303,342,355
Brahmanakraka,14.882706,79.910505,28_515_shc_2024-25.1730,138.0,116.8,148.5,0.3,0.0754999965429306,0.0610000006854534,0.0854000002145767,0.0943000018596649,0.1588000059127807,0.225500002503395,0.2495999932289123,0.255400002002716,0.2797000110149383,0.2825999855995178,0.2863999903202057,0.2162999957799911,0.4606805741786957,0.2332206517457962,0.2953362161685774,0.2843944911335022,1.1213781833648682,21,3,180,180,0.2240605248345269,303.0202268388536,302.2017342037625,0.0009985908066002,1421.3333333333333,919.4166666666666,501.75,302,336,362
Budamagunta,14.884256,79.957311,28_515_shc_2024-25.1484,201.0,164.0,193.0,1.24,0.0467000007629394,0.0699499994516372,0.1088000014424324,0.1327999979257583,0.1793500036001205,0.2512499988079071,0.2809999883174896,0.3019999861717224,0.31700000166893,0.2987500131130218,0.2926999926567077,0.1959500014781952,0.3891444206237793,0.2548041641712188,0.2687121676877363,0.2715019113034985,0.9692053198814392,13,2,90,174,0.1447519938151041,303.0208995819092,302.24942843119305,0.0010499218377364,1429.8333333333333,913.0833333333334,516.6666666666666,314,357,329
Jaladanki,14.886735,79.907462,28_515_shc_2024-25.16624,163.0,99.4,174.3,0.35,0.0739500001072883,0.0788000002503395,0.1044000014662742,0.125,0.1551000028848648,0.225950002670288,0.2523500025272369,0.2433999925851822,0.2707499861717224,0.2689499855041504,0.2782999873161316,0.2085500061511993,0.3213897943496704,0.2215809077024459,0.211066730907205,0.2045140377639424,1.143385410308838,20,0,0,180,0.2240605248345269,303.0202268388536,302.2017342037625,0.0009985908066002,1421.3333333333333,919.4166666666666,501.75,299,338,363
Narrawada,14.888,79.428,28_515_shc_2024-25.12007,125.0,62.0,148.0,0.43,0.0472999997437,0.0595000013709068,0.089599996805191,0.1159000024199485,0.1577000021934509,0.1870999932289123,0.2082500010728836,0.2238000035285949,0.2293500006198883,0.2248499989509582,0.2687000036239624,0.2192499935626983,0.3176332116127014,0.1732634305953979,0.1831358846867129,0.1927474104041958,1.2006255388259888,122,0,0,180,0.2502034929063585,302.88737093607585,302.19219644334584,0.0008416834470481,1414.9166666666667,932.9166666666666,482.0,323,266,412
Budamagunta,14.888,79.948,28_515_shc_2024-25.1260,151.0,164.0,148.0,0.1,0.066500000655651,0.0636000037193298,0.0881500020623207,0.0980499982833862,0.1533000022172927,0.2203000038862228,0.2500999867916107,0.258899986743927,0.2790000140666961,0.2792499959468841,0.2387499958276748,0.1701499968767166,0.4506233334541321,0.2561862766742706,0.2934790441184227,0.2815508336616881,0.9221707582473756,16,3,303,189,0.2240605248345269,303.0202268388536,302.2017342037625,0.0009985908066002,1429.8333333333333,913.0833333333334,516.6666666666666,295,363,341
Thallapalem,14.888,80.018,28_515_shc_2024-25.16156,100.0,74.0,71.0,1.49,0.0515000000596046,0.0579000003635883,0.090999998152256,0.0914999991655349,0.1498000025749206,0.2569000124931335,0.3025999963283539,0.307200014591217,0.3418000042438507,0.3443999886512756,0.2406000047922134,0.1545999944210052,0.5410082936286926,0.3444201350212097,0.3792327690591167,0.3600200491663698,0.783203125,7,2,244,186,0.1447519938151041,303.0208995819092,302.24942843119305,0.0010499218377364,1434.9166666666667,901.3333333333334,533.3333333333334,294,363,343
Narrawada,14.892,79.458,28_515_shc_2024-25.12223,151.0,164.0,129.0,1.11,0.0447000004351139,0.0590000003576278,0.093699999153614,0.1728000044822693,0.2091999948024749,0.239449992775917,0.2582499980926513,0.2594000101089477,0.273250013589859,0.272599995136261,0.3574000000953674,0.3124000132083893,0.2003702074289322,0.1071276441216468,0.1167934455728023,0.139347786319206,1.377794861793518,127,2,153,177,0.215834723578559,302.9486393822564,302.2358433617486,0.0008760792813239,1414.9166666666667,932.9166666666666,482.0,316,273,411
Katepalle,14.895,79.595,28_515_shc_2024-25.18219,176.0,42.6,167.9,0.52,0.0342999994754791,0.0414000004529953,0.060199998319149,0.0802000015974044,0.1472499966621399,0.210449993610382,0.2376500070095062,0.2492000013589859,0.2646999955177307,0.2408500015735626,0.2966499924659729,0.2194000035524368,0.5130540132522583,0.2571572959423065,0.2975561639260583,0.3056426317081905,1.1904093027114868,94,1,180,180,0.224213155110677,303.006392203437,302.2907424502903,0.0009076777763588,1415.75,946.1666666666666,469.5833333333333,285,313,402
Kesavaram,14.895,79.775,28_515_shc_2024-25.19553,226.0,25.1,529.5,0.22,0.0355499982833862,0.0509999990463256,0.0752499997615814,0.1032000035047531,0.1389999985694885,0.1905499994754791,0.2168000042438507,0.2205999940633773,0.2245000004768371,0.2400999963283538,0.2687999904155731,0.1983000040054321,0.3625694513320923,0.2269187867641449,0.2013998297649979,0.2137654604974339,1.2184950113296509,48,1,46,177,0.283011966281467,303.0567177242703,302.3209507836236,0.0009554048665878,1418.9166666666667,930.3333333333334,488.8333333333333,311,308,381
Gudladona,14.902,79.562,28_515_shc_2024-25.22915,151.0,85.2,135.6,0.21,0.0770500004291534,0.1040999963879585,0.1400000005960464,0.1797000020742416,0.196600005030632,0.2314999997615814,0.2538000047206878,0.2601999938488006,0.2748999893665313,0.271450012922287,0.3111999928951263,0.2572000026702881,0.1829961240291595,0.1392294019460678,0.1292010240574442,0.1284711013784549,1.1960030794143677,92,1,90,177,0.224213155110677,303.006392203437,302.2907424502903,0.0009076777763588,1414.4166666666667,947.8333333333334,466.6666666666667,307,279,414
Kesavaram,14.902,79.788,28_515_shc_2024-25.2094,88.0,42.6,458.5,0.54,0.0813999995589256,0.0790000036358833,0.1120999976992607,0.1486999988555908,0.1865500062704086,0.2337999939918518,0.2614499926567077,0.2662000060081482,0.2908500134944916,0.3034000098705292,0.3484500050544739,0.2924000024795532,0.2832007706165313,0.1759248971939087,0.1875918150315278,0.1926440155119312,1.3089781999588013,46,1,134,177,0.283011966281467,303.0567177242703,302.3209507836236,0.0009554048665878,1418.9166666666667,930.3333333333334,488.8333333333333,302,317,381
China Annaluru,14.908,79.648,28_515_shc_2024-25.23154,125.0,22.9,109.8,0.77,0.0719000026583671,0.0979499965906143,0.1222999989986419,0.1485999971628189,0.1677500009536743,0.2253500074148178,0.2558499872684479,0.2587999999523163,0.2808499932289123,0.2846499979496002,0.296750009059906,0.2378499954938888,0.2704958319664001,0.2134567946195602,0.1945930711587475,0.1821688392217088,1.1466383934020996,73,3,199,183,0.224213155110677,303.006392203437,302.2907424502903,0.0009076777763588,1413.6666666666667,942.5,471.1666666666667,314,263,423
Theddupadu,14.912,79.418,28_515_shc_2024-25.12861,50.0,35.0,39.0,0.15,0.0489999987185001,0.0522000007331371,0.0727000012993812,0.0873999968171119,0.147949993610382,0.2300499975681305,0.2673499882221222,0.243599995970726,0.290149986743927,0.2982999980449676,0.2825500071048736,0.192900002002716,0.4719033241271972,0.2442855387926101,0.2836905237956508,0.2819494594029919,1.159893274307251,116,1,270,183,0.2502034929063585,302.88737093607585,302.19219644334584,0.0008416834470481,1414.9166666666667,932.9166666666666,482.0,334,269,398
Thummalapenta,14.912,80.042,28_515_shc_2024-25.16116,88.0,110.3,316.4,0.36,0.0888499990105629,0.1137999966740608,0.1536999940872192,0.1969999969005584,0.25,0.3082500100135803,0.3495999872684479,0.3535999953746795,0.3806500136852264,0.3760499954223633,0.4411500096321106,0.35835000872612,0.2844170033931732,0.1716368347406387,0.2327447808004176,0.2235865214528215,1.2475961446762085,9,4,134,171,0.1447519938151041,303.0208995819092,302.24942843119305,0.0010499218377364,1452.0833333333333,900.3333333333334,552.0,292,372,336
Theddupadu,14.912415,79.42392,28_515_shc_2024-25.17868,50.0,70.0,52.0,0.14,0.0430999994277954,0.0641999989748001,0.093299999833107,0.12950000166893,0.1413500010967254,0.194700002670288,0.2213999927043914,0.1958999931812286,0.2396499961614608,0.2782500088214874,0.2580499947071075,0.1995999962091446,0.204056516289711,0.1617494225502014,0.1113047992284607,0.1206687519867613,1.3172537088394165,112,3,161,177,0.2502034929063585,302.88737093607585,302.19219644334584,0.0008416834470481,1414.9166666666667,932.9166666666666,482.0,328,286,387
China Annaluru,14.915,79.705,28_515_shc_2024-25.23107,100.0,131.0,245.4,0.54,0.0384999997913837,0.0474000014364719,0.0773999989032745,0.1159999966621398,0.1473000049591064,0.1870000064373016,0.2057999968528747,0.2108000069856643,0.2207999974489212,0.2166000008583068,0.2619000077247619,0.2170999944210052,0.2900857031345367,0.1773247718811035,0.1527751108406858,0.1719884069398967,1.2424098253250122,60,3,0,180,0.3329402499728732,303.0987750159369,302.3625903235542,0.0009268078916268,1410.9166666666667,936.6666666666666,474.4166666666667,312,293,394
Gottigundala,14.915923,79.585342,28_515_shc_2024-25.10278,213.0,1.1,167.9,0.23,0.0427000001072883,0.0633499994874,0.0965500026941299,0.1387999951839447,0.1831499934196472,0.2248000055551529,0.2526000142097473,0.2658999860286712,0.2847999930381775,0.2927500009536743,0.3483000099658966,0.2554500102996826,0.3140597939491272,0.1842779070138931,0.1957100748342652,0.2107328288119912,1.3098909854888916,89,2,270,186,0.224213155110677,303.006392203437,302.2907424502903,0.0009076777763588,1415.75,946.1666666666666,469.5833333333333,288,321,391
Gottigundala,14.917177,79.584242,28_515_shc_2024-25.17100,125.0,164.0,155.0,0.35,0.0412999987602233,0.0531000010669231,0.0810000002384185,0.0962999984622001,0.1386999934911728,0.2030999958515167,0.2299000024795532,0.2474000006914138,0.2506999969482422,0.2750000059604645,0.2581999897956848,0.1917999982833862,0.4396275877952575,0.2815333008766174,0.2647254703744918,0.2686381457522723,1.043653964996338,86,2,90,174,0.224213155110677,303.006392203437,302.2907424502903,0.0009076777763588,1415.0,953.3333333333334,461.5833333333333,285,325,390
Kothapeta,14.918,79.472,28_515_shc_2024-25.2532,138.0,117.0,122.0,1.11,0.0595000013709068,0.0842000022530555,0.131400004029274,0.2158000022172927,0.2556999921798706,0.2836000025272369,0.3118000030517578,0.3107999861240387,0.3368000090122223,0.3418000042438507,0.4185999929904938,0.3537999987602234,0.1804025620222091,0.0972638949751854,0.1203079691346231,0.1388076928486574,1.3468469381332395,112,2,0,180,0.215834723578559,302.9486393822564,302.2358433617486,0.0008760792813239,1411.1666666666667,953.8333333333334,457.3333333333333,304,293,402
Thummalapenta,14.918,80.042,28_515_shc_2024-25.16054,213.0,47.0,187.3,0.77,0.0988499969244003,0.1238999962806701,0.1693000048398971,0.2196000069379806,0.261350005865097,0.3124000132083893,0.335999995470047,0.3504000008106231,0.3716999888420105,0.377700001001358,0.4430499970912933,0.3857499957084656,0.229473665356636,0.1455659866333007,0.1880661230506175,0.183364476063687,1.2644120454788208,6,1,314,183,0.1447519938151041,303.0208995819092,302.24942843119305,0.0010499218377364,1455.0833333333333,905.3333333333334,549.6666666666666,293,374,332
Theddupadu,14.92246,79.419639,28_515_shc_2024-25.5490,50.0,164.0,116.0,0.45,0.0504000000655651,0.0745500028133392,0.1112999990582466,0.1665000021457672,0.2098000049591064,0.2540000081062317,0.2748500108718872,0.2815999984741211,0.30239999294281,0.2915500104427337,0.3736000061035156,0.2903499901294708,0.2568623125553131,0.1461131274700164,0.1671531636828003,0.1821010382656349,1.3267046213150024,110,2,296,186,0.2502034929063585,302.88737093607585,302.19219644334584,0.0008416834470481,1408.75,937.3333333333334,471.5,339,286,375
Theddupadu,14.926259,79.433269,28_515_shc_2024-25.12886,138.0,62.0,58.0,0.45,0.045899998396635,0.0584000013768672,0.0886500030755996,0.1020999997854232,0.1620499938726425,0.2269999980926513,0.2512499988079071,0.2662999927997589,0.2763000130653381,0.265749990940094,0.2864499986171722,0.2016499936580658,0.4457111656665802,0.2433757483959198,0.2848913789269513,0.2836250479324407,1.0756665468215942,107,1,270,183,0.2502034929063585,302.88737093607585,302.19219644334584,0.0008416834470481,1408.75,937.3333333333334,471.5,313,306,382
Settipalem,14.928,79.678,28_515_shc_2024-25.6312,151.0,137.6,484.3,0.18,0.0394000001251697,0.0571999996900558,0.0877000018954277,0.1438000053167343,0.1650999933481216,0.2032999992370605,0.2273000031709671,0.2339999973773956,0.240799993276596,0.2569000124931335,0.2976999878883362,0.2536999881267547,0.2387506365776062,0.1726384460926056,0.1352080440572952,0.1541353243059141,1.2722221612930298,61,2,0,180,0.3329402499728732,303.0987750159369,302.3625903235542,0.0009268078916268,1425.25,945.1666666666666,480.0833333333333,306,302,392
Maddurupadu (Part),14.928,79.988,28_515_shc_2024-25.15891,138.0,99.0,64.0,0.53,0.0420500002801418,0.0524500012397766,0.0822999998927116,0.0790999978780746,0.1419000029563903,0.2406000047922134,0.2782999873161316,0.2901000082492828,0.3064000010490417,0.3147999942302704,0.2816999852657318,0.1783500015735626,0.5715059638023376,0.3430555462837219,0.3846644896205681,0.3641279490631272,0.9710443615913392,15,0,0,180,0.1447519938151041,303.0208995819092,302.24942843119305,0.0010499218377364,1433.9166666666667,914.9166666666666,519.0,310,333,356
Gottigundala,14.92869,79.589899,28_515_shc_2024-25.7025,176.0,137.6,187.3,1.3,0.0547499991953372,0.0750000029802322,0.1013000011444091,0.1351000070571899,0.1852000057697296,0.2484000027179718,0.2901000082492828,0.2845999896526336,0.3127999901771545,0.2971999943256378,0.317900002002716,0.2465499937534332,0.3562067747116089,0.211579367518425,0.2438506910268842,0.2438294821087393,1.1170064210891724,80,1,90,177,0.224213155110677,303.006392203437,302.2907424502903,0.0009076777763588,1415.0,953.3333333333334,461.5833333333333,301,289,410
Thamidapadu,14.932,79.548,28_515_shc_2024-25.20864,213.0,1.1,174.3,0.45,0.0439000017940998,0.0696500018239021,0.1033999994397163,0.1701000034809112,0.201100006699562,0.2358500063419342,0.2574000060558319,0.2739999890327453,0.272049993276596,0.2522999942302704,0.3552500009536743,0.2868500053882599,0.233956292271614,0.1534413397312164,0.1465671483196727,0.1650778302760094,1.2965328693389893,95,2,27,177,0.215834723578559,302.9486393822564,302.2358433617486,0.0008760792813239,1428.0833333333333,958.0,470.0833333333333,292,305,403
Gottigundala,14.932973,79.595435,28_515_shc_2024-25.10095,151.0,157.2,187.3,0.44,0.045049998909235,0.0470499992370605,0.0733999982476234,0.0648500025272369,0.1189000010490417,0.2644500136375427,0.3418000042438507,0.3528000116348266,0.3822500109672546,0.3360500037670135,0.19930000603199,0.1107999980449676,0.6894528865814209,0.4958660304546356,0.5182592148557673,0.4706859990143295,0.5649092793464661,80,2,296,186,0.224213155110677,303.006392203437,302.2907424502903,0.0009076777763588,1415.0,953.3333333333334,461.5833333333333,307,293,400
Theddupadu,14.933349,79.444278,28_515_shc_2024-25.12949,100.0,164.0,64.0,0.14,0.0425000004470348,0.0432999990880489,0.0715999975800514,0.0662000030279159,0.131300002336502,0.2144999951124191,0.2540000081062317,0.2766000032424927,0.2793999910354614,0.2878000140190124,0.2508000135421753,0.1629000008106231,0.6137689352035522,0.3562147617340088,0.3899039987560145,0.3744660630918484,0.9067245721817015,100,3,19,177,0.2502034929063585,302.88737093607585,302.19219644334584,0.0008416834470481,1408.75,937.3333333333334,471.5,315,286,399
Gottigundala,14.933592,79.595534,28_515_shc_2024-25.6937,151.0,164.0,155.0,0.13,0.0595000013709068,0.1093000024557113,0.1435000002384185,0.1881999969482422,0.2032999992370605,0.2377499938011169,0.2592999935150146,0.2854000031948089,0.288349986076355,0.2838500142097473,0.3490000069141388,0.2844499945640564,0.2052364945411682,0.167996734380722,0.1523654392110697,0.1497535017958378,1.222845196723938,80,4,226,189,0.224213155110677,303.006392203437,302.2907424502903,0.0009076777763588,1415.0,953.3333333333334,461.5833333333333,307,293,400
Thimmapuram,14.933602,79.449083,28_515_shc_2024-25.21311,188.0,164.0,45.0,0.22,0.0509499981999397,0.0710999965667724,0.1013000011444091,0.1490000039339065,0.1894499957561493,0.2347999960184097,0.2578000128269195,0.26460000872612,0.291049987077713,0.2937999963760376,0.3736500144004822,0.2852999866008758,0.2794970870018005,0.1655104309320449,0.1778078577867368,0.1897986041872425,1.4121315479278564,103,2,244,186,0.2502034929063585,302.88737093607585,302.19219644334584,0.0008416834470481,1408.75,937.3333333333334,471.5,306,298,396
Thimmapuram,14.933771,79.447248,28_515_shc_2024-25.20056,100.0,129.0,109.0,0.26,0.0410499982535839,0.0580499991774559,0.0833000019192695,0.1061000004410743,0.1475500017404556,0.1980500072240829,0.2216999977827072,0.2286999970674514,0.2475000023841858,0.252700001001358,0.2788499891757965,0.2158000022172927,0.3661887645721435,0.2156810462474823,0.2143468995261601,0.2202922801729973,1.219282865524292,102,2,270,186,0.2502034929063585,302.88737093607585,302.19219644334584,0.0008416834470481,1408.75,937.3333333333334,471.5,306,298,396
Theddupadu,14.934277,79.418765,28_515_shc_2024-25.5291,163.0,138.0,97.0,0.39,0.0558499991893768,0.0706999972462654,0.1080999970436096,0.1595000028610229,0.2318499982357025,0.3023500144481659,0.3243499994277954,0.3185999989509582,0.3432500064373016,0.3413499891757965,0.388399988412857,0.321150004863739,0.3327755630016327,0.1575983315706253,0.2278912435014485,0.2439934502533395,1.2190834283828735,105,1,134,177,0.2502034929063585,302.88737093607585,302.19219644334584,0.0008416834470481,1408.75,937.3333333333334,471.5,331,276,394
Theddupadu,14.935206,79.417804,28_515_shc_2024-25.13001,151.0,17.0,71.0,0.25,0.0524999983608722,0.0706499963998794,0.1075000017881393,0.1512999981641769,0.2061499953269958,0.2954500019550323,0.3283999860286712,0.3283999860286712,0.3452500104904175,0.3401499986648559,0.3596999943256378,0.2824999988079071,0.36918905377388,0.2286970317363739,0.2594757558721148,0.2711544208256819,1.0953105688095093,103,3,108,171,0.2502034929063585,302.88737093607585,302.19219644334584,0.0008416834470481,1408.75,937.3333333333334,471.5,329,277,394
Gottigundala,14.935438,79.590798,28_515_shc_2024-25.7238,326.0,34.9,245.4,0.61,0.0723000019788742,0.1428000032901764,0.1729000061750412,0.2115000039339065,0.240349993109703,0.26910001039505,0.293749988079071,0.3084000051021576,0.3171499967575073,0.3240000009536743,0.3947499990463257,0.3355000019073486,0.186381995677948,0.1240091323852539,0.1608138623690019,0.1425139724135808,1.2799935340881348,78,1,46,177,0.224213155110677,303.006392203437,302.2907424502903,0.0009076777763588,1415.0,953.3333333333334,461.5833333333333,306,278,416
Thimmapuram,14.936978,79.443841,28_515_shc_2024-25.20255,75.0,164.0,148.0,0.11,0.0419000014662742,0.0563500002026557,0.0842999964952468,0.0844999998807907,0.1386999934911728,0.2057500034570694,0.2316000014543533,0.2615000009536743,0.258899986743927,0.2544000148773193,0.2734000086784363,0.1891999989748001,0.5115606784820557,0.3068465888500213,0.328782392944028,0.3138297888267676,1.045506715774536,98,2,296,186,0.2502034929063585,302.88737093607585,302.19219644334584,0.0008416834470481,1408.75,937.3333333333334,471.5,340,269,391
Theddupadu,14.937738,79.418503,28_515_shc_2024-25.5838,125.0,70.0,122.0,0.02,0.0401000007987022,0.0608999989926815,0.0872500017285347,0.0961999967694282,0.148049995303154,0.2396000027656555,0.2873499989509582,0.2845000028610229,0.3217000067234039,0.3172999918460846,0.2658999860286712,0.1722999960184097,0.4946151971817016,0.3154548704624176,0.335065317793296,0.3207108087384017,0.9346221089363098,105,3,123,171,0.2502034929063585,302.88737093607585,302.19219644334584,0.0008416834470481,1408.75,937.3333333333334,471.5,329,273,398
Theddupadu,14.939257,79.441482,28_515_shc_2024-25.19010,113.0,27.0,64.0,0.11,0.0518499985337257,0.0645999982953071,0.091899998486042,0.1036999970674514,0.1613499969244003,0.22325000166893,0.2538999915122986,0.2694000005722046,0.2853499948978424,0.2890500128269195,0.3012000024318695,0.1996500045061111,0.444116860628128,0.2508415579795837,0.2943998365500085,0.2846753017169411,1.1180400848388672,94,2,270,186,0.2502034929063585,302.88737093607585,302.19219644334584,0.0008416834470481,1408.75,937.3333333333334,471.5,341,272,388
Thimmapuram,14.940017,79.443753,28_515_shc_2024-25.12937,163.0,164.0,97.0,0.43,0.0604000017046928,0.0811500027775764,0.1172000020742416,0.1152999997138977,0.1722999960184097,0.2946999967098236,0.3526000082492828,0.3547999858856201,0.3783499896526336,0.3484500050544739,0.2888999879360199,0.2016000002622604,0.5094660520553589,0.3462341129779815,0.4163841378988657,0.3703226312652387,0.8142615556716919,100,1,270,183,0.2502034929063585,302.88737093607585,302.19219644334584,0.0008416834470481,1408.75,937.3333333333334,471.5,333,276,392
Thimmapuram,14.941029,79.459742,28_515_shc_2024-25.20350,138.0,164.0,277.0,0.27,0.0397000014781951,0.0430999994277954,0.0719999969005584,0.0873999968171119,0.1554999947547912,0.2342000007629394,0.2601000070571899,0.2836000025272369,0.2901999950408935,0.2655999958515167,0.2887000143527984,0.2108000069856643,0.528840959072113,0.2917331159114837,0.3303586585833574,0.3378874957367667,1.017983078956604,110,2,207,183,0.215834723578559,302.9486393822564,302.2358433617486,0.0008760792813239,1411.1666666666667,953.8333333333334,457.3333333333333,309,300,391
Thimmapuram,14.941536,79.455636,28_515_shc_2024-25.20052,100.0,164.0,142.0,0.04,0.0439999997615814,0.0588000006973743,0.0817999988794326,0.1076000034809112,0.1471000015735626,0.1870000064373016,0.2117000073194503,0.2231999933719635,0.2454999983310699,0.2484000027179718,0.3061000108718872,0.2081000059843063,0.3494558334350586,0.2055090218782425,0.2024092820426229,0.2087144745948831,1.3714158535003662,108,1,46,177,0.215834723578559,302.9486393822564,302.2358433617486,0.0008760792813239,1408.75,937.3333333333334,471.5,311,298,391
Thimmapuram,14.941705,79.454762,28_515_shc_2024-25.20329,151.0,164.0,161.0,0.43,0.0427000001072883,0.0546000003814697,0.0755999982357025,0.100100003182888,0.1429000049829483,0.1879999935626983,0.2153999954462051,0.2261999994516372,0.245399996638298,0.2366999983787536,0.2890999913215637,0.1990000009536743,0.386454164981842,0.2256840765476226,0.2224299634392186,0.2289120099238162,1.278072476387024,112,3,108,171,0.215834723578559,302.9486393822564,302.2358433617486,0.0008760792813239,1408.75,937.3333333333334,471.5,311,298,391
Challagirigala,14.942,79.598,28_515_shc_2024-25.14226,163.0,89.5,251.8,0.75,0.0681999996304512,0.0822499990463256,0.1238000020384788,0.1458999961614608,0.2045499980449676,0.2843500077724457,0.3168500065803528,0.3303999900817871,0.3519499897956848,0.3753499984741211,0.3411999940872192,0.2352499961853027,0.3873609006404876,0.235255628824234,0.2902906004307379,0.2834681909045283,1.0326876640319824,74,2,296,186,0.224213155110677,303.006392203437,302.2907424502903,0.0009076777763588,1415.0,953.3333333333334,461.5833333333333,312,259,429
Anemadugu,14.945,80.025,28_515_shc_2024-25.10771,163.0,16.4,83.9,0.1,0.0443000011146068,0.0498000010848045,0.0744000002741813,0.063799999654293,0.0820000022649765,0.0746000036597251,0.0819000005722045,0.0724999979138374,0.0744000002741813,0.2342000007629394,0.0971999987959861,0.061999998986721,0.0638297721743583,-0.0614887028932571,0.0201053761287534,0.0205091897519915,1.3406896591186523,7,1,90,177,0.1447519938151041,303.0208995819092,302.24942843119305,0.0010499218377364,1436.6666666666667,906.9166666666666,529.8333333333334,312,364,324
Anemadugu,14.947189,80.026144,28_515_shc_2024-25.10778,113.0,29.5,142.1,0.1,0.0662999972701072,0.0935000032186508,0.1234999969601631,0.1527999937534332,0.1803999990224838,0.2165499925613403,0.2391999959945678,0.2515000104904175,0.2693000137805938,0.3160499930381775,0.3267000019550323,0.2732999920845032,0.2441256940364837,0.1646214574575424,0.1681947107747283,0.1637178197618958,1.2990058660507202,14,1,270,183,0.1447519938151041,303.0208995819092,302.24942843119305,0.0010499218377364,1436.6666666666667,906.9166666666666,529.8333333333334,297,368,335
Chakalakonda,14.948,79.528,28_515_shc_2024-25.4145,113.0,89.5,200.2,0.52,0.0430999994277954,0.0465999990701675,0.0727000012993812,0.0734499990940094,0.1155999973416328,0.2293000072240829,0.2699500024318695,0.2619999945163727,0.2937000095844269,0.3156000077724457,0.231000006198883,0.1458500027656555,0.5620808005332947,0.3877118527889251,0.3483409621123274,0.3385301278312563,0.8816794157028198,89,1,90,177,0.215834723578559,302.9486393822564,302.2358433617486,0.0008760792813239,1419.9166666666667,959.0,461.0833333333333,305,263,431
Kothapalle,14.948,79.912,28_515_shc_2024-25.11500,201.0,164.0,406.0,1.15,0.0493000000715255,0.050000000745058,0.0780000016093254,0.0877000018954277,0.1512999981641769,0.2452999949455261,0.2797999978065491,0.2917999923229217,0.3057999908924103,0.338699996471405,0.2962000072002411,0.2133000046014785,0.5378128886222839,0.3170841634273529,0.35360358748296,0.3480954947740848,1.015078902244568,38,1,46,177,0.2240605248345269,303.0202268388536,302.2017342037625,0.0009985908066002,1422.25,928.0833333333334,494.3333333333333,315,327,357
Chodavaram,14.952,79.822,28_515_shc_2024-25.16230,163.0,164.0,645.7,0.61,0.050450000911951,0.0694999992847442,0.0942500010132789,0.1048000007867813,0.1676499992609024,0.2325499951839447,0.2619000077247619,0.248099997639656,0.2827500104904175,0.2970499992370605,0.3239000141620636,0.240799993276596,0.4060640335083008,0.1935057044029235,0.264264367713501,0.2520225063616899,1.305522084236145,53,2,244,186,0.2348421732584635,302.85833990308976,302.1000035179986,0.0010121233782758,1417.5833333333333,936.1666666666666,481.4166666666667,305,313,382
Maddurupadu (Part),14.952,79.962,28_515_shc_2024-25.15914,151.0,164.0,122.0,1.1,0.0571000017225742,0.1110000014305114,0.1400000005960464,0.1733999997377395,0.1687999963760376,0.2242999970912933,0.2581999897956848,0.2755999863147735,0.2727999985218048,0.2658999860286712,0.2685000002384186,0.2162999957799911,0.2276169061660766,0.2403240203857422,0.1722278199652019,0.1615384426961078,0.974238097667694,29,1,90,177,0.1236056009928385,302.8965180714925,302.1399232228597,0.0011028023593931,1433.9166666666667,914.9166666666666,519.0,303,334,364
Maddurupadu (Part),14.953875,79.963146,28_515_shc_2024-25.16031,38.0,117.0,129.0,0.6,0.0410999990999698,0.0571000017225742,0.0804999992251396,0.0961000025272369,0.145249992609024,0.2196999937295913,0.2547999918460846,0.2551999986171722,0.2786499857902527,0.289900004863739,0.2948000133037567,0.1911499947309494,0.4528892636299133,0.2745661437511444,0.2833885433228309,0.2803359495055608,1.1551724672317505,30,1,270,183,0.1236056009928385,302.8965180714925,302.1399232228597,0.0011028023593931,1433.9166666666667,914.9166666666666,519.0,295,331,374
Chodavaram,14.955,79.815,28_515_shc_2024-25.13673,88.0,89.5,58.1,0.66,0.0370000004768371,0.0438500009477138,0.0720999985933303,0.0626500025391578,0.133650004863739,0.3019999861717224,0.3590500056743622,0.3756000101566314,0.3891499936580658,0.3479500114917755,0.2282499969005584,0.1247000023722648,0.71409010887146,0.4751104414463043,0.5499516801606318,0.5003197496128498,0.6076943278312683,46,1,90,177,0.2348421732584635,302.85833990308976,302.1000035179986,0.0010121233782758,1417.5833333333333,936.1666666666666,481.4166666666667,315,309,376
Maddurupadu (Part),14.955,80.005,28_515_shc_2024-25.11055,125.0,164.0,84.0,0.26,0.0489999987185001,0.0388000011444091,0.0714000016450882,0.0487999990582466,0.1260000020265579,0.2624000012874603,0.3025999963283539,0.298799991607666,0.3282999992370605,0.3255000114440918,0.210999995470047,0.1266999989748001,0.7192174792289734,0.4067796468734741,0.4805474336816683,0.4424256641738661,0.7061579823493958,17,4,165,177,0.1236056009928385,302.8965180714925,302.1399232228597,0.0011028023593931,1436.6666666666667,906.9166666666666,529.8333333333334,315,328,357
Chodavaram,14.958,79.828,28_515_shc_2024-25.13177,151.0,25.1,180.8,0.21,0.0447999984025955,0.0522000007331371,0.0762000009417533,0.1115999966859817,0.1571999937295913,0.196600005030632,0.2169000059366226,0.2169999927282333,0.2344000041484832,0.2578999996185303,0.3016999959945678,0.2386000007390976,0.3207547068595886,0.1598075926303863,0.1762423890446921,0.1908037606603728,1.3903225660324097,50,1,270,183,0.2348421732584635,302.85833990308976,302.1000035179986,0.0010121233782758,1417.5833333333333,936.1666666666666,481.4166666666667,314,303,383
Maddurupadu (Part),14.958,79.962,28_515_shc_2024-25.11383,100.0,164.0,64.0,0.3,0.0529999993741512,0.0564499981701374,0.0912000015377998,0.1039000004529953,0.1722500026226043,0.2870999872684479,0.3441999852657318,0.339599996805191,0.3858500123023987,0.3558000028133392,0.2511999905109405,0.1547500044107437,0.53145432472229,0.3269512355327606,0.3827230564653772,0.3747217758937052,0.7396937608718872,23,3,325,186,0.1236056009928385,302.8965180714925,302.1399232228597,0.0011028023593931,1433.9166666666667,914.9166666666666,519.0,314,323,363
Ganugapenta,14.962,79.702,28_515_shc_2024-25.660,151.0,52.4,368.1,0.59,0.0769999995827674,0.1018999963998794,0.1404000073671341,0.188400000333786,0.2111999988555908,0.2353000044822693,0.2524000108242035,0.2655999958515167,0.2718000113964081,0.2759000062942505,0.3336000144481659,0.2721000015735626,0.1700440496206283,0.1140939518809318,0.1182779138069637,0.1213836412365177,1.2560241222381592,45,1,0,180,0.2324339972601996,303.0097721947564,302.2888978322347,0.0009720568366117,1423.0,957.4166666666666,465.8333333333333,327,280,393
Ganugapenta,14.962,79.718,28_515_shc_2024-25.10416,151.0,127.8,361.6,1.06,0.0421000011265277,0.0568999983370304,0.0851000025868415,0.1247000023722648,0.1680999994277954,0.210999995470047,0.2335000038146972,0.2282000035047531,0.2529000043869018,0.2457000017166137,0.3122999966144562,0.2393500059843063,0.2932842075824737,0.1516527980566024,0.1669731860657942,0.1820260295802112,1.368536353111267,49,2,333,183,0.2324339972601996,303.0097721947564,302.2888978322347,0.0009720568366117,1418.0833333333333,952.6666666666666,465.25,308,287,405
Satyavolu,14.962,79.758,28_515_shc_2024-25.9937,38.0,1.1,232.5,0.52,0.0449000000953674,0.0614000000059604,0.0925000011920929,0.1190000027418136,0.1889999955892563,0.2567999958992004,0.2888999879360199,0.290800005197525,0.3088999986648559,0.2998999953269958,0.3282999992370605,0.2469000071287155,0.4192288815975189,0.2121717631816864,0.2781195364442572,0.2832490673057339,1.128954529762268,48,2,64,174,0.2348421732584635,302.85833990308976,302.1000035179986,0.0010121233782758,1424.3333333333333,947.5833333333334,476.75,286,297,418
Alivelumangapuram,14.965,79.375,28_515_shc_2024-25.20658,188.0,69.0,45.0,0.46,0.0423500016331672,0.047699999064207,0.0734499990940094,0.0751499980688095,0.1308999955654144,0.2019000053405761,0.2339999973773956,0.23989999294281,0.2581000030040741,0.2608000040054321,0.2623499929904938,0.1756000071763992,0.5229328870773315,0.2939590215682983,0.3089718996114725,0.3032022514401546,1.0935806035995483,111,4,244,192,0.3264418707953559,303.0194130367703,302.3151239607069,0.0008700467370064,1409.25,932.0,477.25,322,267,411
Satyavolu,14.966161,79.75748,28_515_shc_2024-25.573,125.0,164.0,426.2,0.35,0.0485000014305114,0.0577000007033348,0.0881000012159347,0.0991000011563301,0.155799999833107,0.2487999945878982,0.2874499857425689,0.2931999862194061,0.3201000094413757,0.3039999902248382,0.2892000079154968,0.2011999934911728,0.4947743713855743,0.3060133457183838,0.3334936714881558,0.3262915854687942,0.9863575100898744,45,3,0,180,0.2348421732584635,302.85833990308976,302.1000035179986,0.0010121233782758,1424.3333333333333,947.5833333333334,476.75,283,305,412
Chodavaram,14.968,79.828,28_515_shc_2024-25.2134,100.0,25.1,180.8,0.31,0.0357000008225441,0.0476499982178211,0.0732000023126602,0.0903000012040138,0.1383000016212463,0.210449993610382,0.2338500022888183,0.2381000071763992,0.2542000114917755,0.2542499899864197,0.2755999863147735,0.191550001502037,0.4500609040260315,0.265143483877182,0.2597493947161194,0.2676243441764553,1.1574968099594116,50,3,252,189,0.2348421732584635,302.85833990308976,302.1000035179986,0.0010121233782758,1413.1666666666667,942.6666666666666,470.5833333333333,311,309,379
Chennayapalem,14.970048,80.042034,28_515_shc_2024-25.18337,151.0,34.9,258.3,1.07,0.0557000003755092,0.0842000022530555,0.1199999973177909,0.1480000019073486,0.1569499969482422,0.2381500005722046,0.2700999975204468,0.2718000113964081,0.2953000068664551,0.3255999982357025,0.3152500092983246,0.227400004863739,0.294902354478836,0.2678717374801636,0.2025126104293663,0.2018917281448909,1.159860134124756,7,2,0,180,0.1236056009928385,302.8965180714925,302.1399232228597,0.0011028023593931,1442.0,909.5,532.6666666666666,315,352,334
Rudrakota,14.972,80.008,28_515_shc_2024-25.18775,226.0,69.9,187.3,0.31,0.0494000017642974,0.0533999986946582,0.0891999974846839,0.1011999994516372,0.1617999970912933,0.2806999981403351,0.3605000078678131,0.3619999885559082,0.3855000138282776,0.3944999873638153,0.2186000049114227,0.1360000073909759,0.5630397200584412,0.3822069466114044,0.415630761022274,0.4061461674907557,0.6038674116134644,13,1,314,183,0.1236056009928385,302.8965180714925,302.1399232228597,0.0011028023593931,1438.1666666666667,911.5833333333334,526.6666666666666,321,342,336
Kancheruvu,14.975,79.375,28_515_shc_2024-25.8139,314.0,79.7,77.5,0.54,0.0372000001370906,0.0475500002503395,0.0746000036597251,0.0816000029444694,0.1393000036478042,0.2112500071525573,0.2392500042915344,0.2448000013828277,0.2705000042915344,0.2757000029087066,0.2809999883174896,0.1947499960660934,0.5,0.2746680378913879,0.2961296227691232,0.2962245841912943,1.1478757858276367,125,2,207,183,0.3264418707953559,303.0194130367703,302.3151239607069,0.0008700467370064,1409.25,932.0,477.25,336,255,408
Chinthaladevi,14.975,79.645,28_515_shc_2024-25.3578,113.0,17.5,116.2,0.69,0.0538999997079372,0.0472000017762184,0.0746000036597251,0.0621999986469745,0.1384000033140182,0.2723999917507171,0.3154999911785126,0.3352000117301941,0.3467000126838684,0.3567999899387359,0.24719999730587,0.1448000073432922,0.68696528673172,0.4155405461788177,0.5039131996462218,0.4563182693219719,0.7374701499938965,58,2,207,183,0.2186177571614583,302.9861122555203,302.2772496117486,0.000939285679692,1413.9166666666667,958.5,455.5,307,297,397
Chinthaladevi,14.978,79.648,28_515_shc_2024-25.6877,188.0,34.9,206.6,0.9,0.0414999984204769,0.0485000014305114,0.0780000016093254,0.0791999995708465,0.1280000060796737,0.2014999985694885,0.2285999953746795,0.245399996638298,0.257099986076355,0.2678000032901764,0.2451000064611435,0.147599995136261,0.5120148062705994,0.3144081234931946,0.306223973005116,0.3023283977046573,0.9987775683403016,58,2,180,180,0.2186177571614583,302.9861122555203,302.2772496117486,0.000939285679692,1413.9166666666667,958.5,455.5,316,298,386
Chinthaladevi,14.986485,79.647325,28_515_shc_2024-25.15246,226.0,164.0,200.2,0.45,0.0463000014424324,0.0640999972820282,0.0912000015377998,0.1008000001311302,0.1448999941349029,0.2189999967813491,0.2506999969482422,0.245399996638298,0.2773999869823456,0.2989999949932098,0.2574000060558319,0.1791000068187713,0.417677640914917,0.2574942409992218,0.2639745785290205,0.2563223772025757,1.04889976978302,59,0,0,180,0.2186177571614583,302.9861122555203,302.2772496117486,0.000939285679692,1413.9166666666667,958.5,455.5,315,294,391
Mutyalapadu,14.988,79.818,28_515_shc_2024-25.4636,276.0,17.5,413.3,0.51,0.0296999998390674,0.0405500009655952,0.0617999993264675,0.0768999978899955,0.1225999966263771,0.218299999833107,0.2587000131607055,0.2508000135421753,0.2811999917030334,0.2780500054359436,0.2354999929666519,0.1497499942779541,0.530668318271637,0.3433315753936767,0.3087548895435779,0.3151504408305133,0.938995122909546,48,1,134,177,0.2348421732584635,302.85833990308976,302.1000035179986,0.0010121233782758,1413.1666666666667,942.6666666666666,470.5833333333333,294,323,383
Gudavalluru (Kondapuram),14.992,79.688,28_515_shc_2024-25.6107,326.0,42.6,297.0,0.13,0.0570000000298023,0.0606999993324279,0.0887999981641769,0.1006999984383583,0.1712500005960464,0.2275999933481216,0.2551000118255615,0.2757999897003174,0.2844499945640564,0.294050008058548,0.3266499936580658,0.2327000051736831,0.4650730192661285,0.2338664382696151,0.3072468732479238,0.2996577187076737,1.1843727827072144,52,4,15,177,0.2324339972601996,303.0097721947564,302.2888978322347,0.0009720568366117,1423.0,957.4166666666666,465.8333333333333,301,295,404
Mutyalapadu,14.992,79.812,28_515_shc_2024-25.3743,125.0,7.6,348.7,0.15,0.0381000004708766,0.0522000007331371,0.0904000028967857,0.1287000030279159,0.1721999943256378,0.249099999666214,0.2852500081062317,0.2869000136852264,0.305649995803833,0.2942500114440918,0.3147499859333038,0.2311999946832656,0.3806544840335846,0.2498366683721542,0.237167198604537,0.2591743246552516,1.0970720052719116,39,1,314,183,0.2348421732584635,302.85833990308976,302.1000035179986,0.0010121233782758,1413.1666666666667,942.6666666666666,470.5833333333333,292,323,385
Thurpuyerraballe,14.998,79.602,28_515_shc_2024-25.15267,113.0,34.9,238.9,0.39,0.0786999985575676,0.0938000008463859,0.1209999993443489,0.152999997138977,0.1971500068902969,0.2206500023603439,0.2467000037431717,0.2273000031709671,0.2630999982357025,0.2992999851703644,0.3353500068187713,0.3005500137805938,0.1953720897436142,0.071033090353012,0.1288320278130208,0.1266045768587353,1.47536301612854,70,2,180,180,0.2186177571614583,302.9861122555203,302.2772496117486,0.000939285679692,1427.6666666666667,963.25,464.3333333333333,289,287,424
Parlapalle,14.998,79.728,28_515_shc_2024-25.6898,251.0,147.4,432.6,0.27,0.0540499985218048,0.0710999965667724,0.1015999987721443,0.1146000027656555,0.1630499958992004,0.2055000066757202,0.2279500067234039,0.2324000000953674,0.2531000077724457,0.244499996304512,0.2370499968528747,0.1934500038623809,0.3394812643527984,0.175369843840599,0.2123670339367153,0.2086186486395574,1.020008563995361,48,1,270,183,0.2324339972601996,303.0097721947564,302.2888978322347,0.0009720568366117,1418.0833333333333,952.6666666666666,465.25,298,313,389
Mutyalapadu,14.998,79.822,28_515_shc_2024-25.12421,301.0,1.1,368.1,0.27,0.045899998396635,0.0540000014007091,0.0788000002503395,0.1299999952316284,0.1544000059366226,0.182899996638298,0.2003999948501587,0.1995999962091446,0.2094999998807907,0.2146999984979629,0.2714000046253204,0.2305999994277954,0.2111650556325912,0.1276835948228836,0.110504259612048,0.1258437832008194,1.3597195148468018,35,2,27,177,0.2348421732584635,302.85833990308976,302.1000035179986,0.0010121233782758,1413.1666666666667,942.6666666666666,470.5833333333333,299,318,384
Nayudupalem,14.998,79.838,28_515_shc_2024-25.13496,176.0,137.6,213.1,0.78,0.0419999994337558,0.0631000027060508,0.0838999971747398,0.0953999981284141,0.124499998986721,0.2160000056028366,0.2583000063896179,0.2264000028371811,0.2802000045776367,0.3138999938964844,0.2234999984502792,0.145699992775917,0.4070851504802704,0.290396124124527,0.2470672693294956,0.2391092806428177,0.9871907830238342,30,2,116,174,0.2348421732584635,302.85833990308976,302.1000035179986,0.0010121233782758,1413.5,942.3333333333334,471.25,287,334,379
Chevuru,14.998,80.008,28_515_shc_2024-25.13407,75.0,17.5,400.3,0.15,0.0464500002562999,0.0934000015258789,0.1246000006794929,0.1606000065803527,0.1829999983310699,0.202000007033348,0.2104000002145767,0.1856999993324279,0.2037499994039535,0.2259999960660934,0.2696500122547149,0.2187000066041946,0.072480484843254,0.0073230294510722,0.0433116929146378,0.0444877571370275,1.452073335647583,19,3,134,174,0.1236056009928385,302.8965180714925,302.1399232228597,0.0011028023593931,1438.1666666666667,911.5833333333334,526.6666666666666,297,329,374
Chennayapalem,14.998,80.042,28_515_shc_2024-25.11632,251.0,78.6,142.1,1.17,0.0355999991297721,0.0467000007629394,0.0863500013947486,0.0571499988436698,0.1449500024318695,0.267300009727478,0.334850013256073,0.339599996805191,0.3795999884605407,0.3501000106334686,0.1994500011205673,0.1074500009417533,0.711909294128418,0.4017129242420196,0.5300243973032482,0.4724560903239519,0.5873085856437683,4,1,180,180,0.1236056009928385,302.8965180714925,302.1399232228597,0.0011028023593931,1442.0,909.5,532.6666666666666,322,355,323
Mutyalapadu,15.002,79.822,28_515_shc_2024-25.2485,163.0,38.2,413.3,0.84,0.0564000010490417,0.0715999975800514,0.1114000007510185,0.1703999936580658,0.2010000050067901,0.2339999973773956,0.2522999942302704,0.2381999939680099,0.2712999880313873,0.2763000130653381,0.3555999994277954,0.2885999977588653,0.1659324616193771,0.0846994295716285,0.0983406842221082,0.111930444474945,1.4928631782531738,31,0,0,180,0.2348421732584635,302.85833990308976,302.1000035179986,0.0010121233782758,1414.8333333333333,947.25,467.5,293,307,400
Chodavaram,15.005,79.815,28_515_shc_2024-25.16397,50.0,164.0,167.9,0.31,0.0917000025510788,0.1284999996423721,0.1573999971151352,0.1867000013589859,0.19200000166893,0.220550000667572,0.2320500016212463,0.2483000010251999,0.2555499970912933,0.2551499903202057,0.2971999943256378,0.2585999965667724,0.1416091918945312,0.1278673559427261,0.1096280461756192,0.0988235286242859,1.1969391107559204,40,1,180,180,0.2348421732584635,302.85833990308976,302.1000035179986,0.0010121233782758,1414.8333333333333,947.25,467.5,302,304,394
Chinapavani,15.008,79.822,28_515_shc_2024-25.3899,125.0,18.6,413.3,0.15,0.0502999983727932,0.0640499964356422,0.092349998652935,0.1013000011444091,0.1562000066041946,0.2438499927520752,0.2696999907493591,0.2781000137329101,0.3003000020980835,0.2974500060081482,0.2971499860286712,0.2004500031471252,0.4659989476203918,0.2806815505027771,0.3144732513378199,0.3015692681330557,1.0685003995895386,29,4,15,177,0.2348421732584635,302.85833990308976,302.1000035179986,0.0010121233782758,1414.8333333333333,947.25,467.5,315,302,382
Ammavari Palem,15.012,79.902,28_515_shc_2024-25.19540,226.0,134.3,419.7,0.29,0.0416000001132488,0.0513999983668327,0.0813999995589256,0.1092000007629394,0.169400006532669,0.2427999973297119,0.2720000147819519,0.2811999917030334,0.287200003862381,0.2658999860286712,0.335999995470047,0.2381000071763992,0.4405737519264221,0.2481135874986648,0.2772583499809019,0.2897573995880291,1.1948790550231934,40,1,180,180,0.2240517086452908,302.9676280975342,302.20212482876246,0.0010552428419056,1419.5,940.0833333333334,479.5,311,317,372
Chevuru,15.012,79.998,28_515_shc_2024-25.1708,163.0,99.4,413.3,0.2,0.0531000010669231,0.066100001335144,0.0961000025272369,0.1180000007152557,0.1551000028848648,0.1943999975919723,0.2043000012636184,0.1824000030755996,0.2123000025749206,0.2197999954223632,0.2851999998092651,0.1940000057220459,0.2143808305263519,0.0808888897299766,0.1154411545594727,0.1206896590242364,1.563596487045288,23,2,153,177,0.1236056009928385,302.8965180714925,302.1399232228597,0.0011028023593931,1429.4166666666667,926.75,502.5,280,333,387
Nekunampeta,15.022,79.722,28_515_shc_2024-25.6513,213.0,25.1,200.2,0.17,0.0560000017285347,0.0474000014364719,0.0750000029802322,0.0758000016212463,0.1255999952554702,0.2240999937057495,0.2590999901294708,0.290800005197525,0.2894999980926513,0.2939000129699707,0.238999992609024,0.1580000072717666,0.5864702463150024,0.3967339396476745,0.3866628352891735,0.3721440143397797,0.8218706846237183,45,3,180,180,0.2324339972601996,303.0097721947564,302.2888978322347,0.0009720568366117,1411.9166666666667,955.3333333333334,456.5833333333333,312,287,401
Bhimavarappadu,15.022,79.782,28_515_shc_2024-25.3213,75.0,116.8,361.6,1.14,0.0443000011146068,0.0511999987065792,0.0807000026106834,0.0807999968528747,0.1523000001907348,0.2372999936342239,0.2736000120639801,0.2687999904155731,0.3125,0.3285999894142151,0.2694999873638153,0.155699998140335,0.5377574563026428,0.2766563594341278,0.3431658808022605,0.3319208975634601,1.0026041269302368,34,2,296,186,0.2348421732584635,302.85833990308976,302.1000035179986,0.0010121233782758,1415.5,949.3333333333334,466.0,296,306,399
Mutyalapadu,15.022,79.808,28_515_shc_2024-25.5406,201.0,17.5,497.2,0.26,0.0614000000059604,0.0759999975562095,0.1036000028252601,0.1342999935150146,0.1757999956607818,0.2209500074386596,0.2508499920368194,0.2678999900817871,0.2786999940872192,0.2863500118255615,0.3064999878406524,0.2322500050067901,0.3321730494499206,0.2075726836919784,0.2221187724888517,0.2221236959584324,1.1440836191177368,32,2,180,180,0.2348421732584635,302.85833990308976,302.1000035179986,0.0010121233782758,1414.8333333333333,947.25,467.5,297,327,377
Chinala Trapi,15.022,79.858,28_515_shc_2024-25.19387,113.0,127.8,400.3,0.27,0.0627000033855438,0.1021500006318092,0.1401000022888183,0.1928000003099441,0.225950002670288,0.2736999988555908,0.2946000099182129,0.293500006198883,0.3118000030517578,0.2723999917507171,0.3479500114917755,0.2829000055789947,0.207073837518692,0.1300413906574249,0.1494797240346625,0.1531481373178481,1.1855195760726929,32,3,0,180,0.2240517086452908,302.9676280975342,302.20212482876246,0.0010552428419056,1416.25,944.9166666666666,471.3333333333333,311,329,361
Chinala Trapi,15.022,79.868,28_515_shc_2024-25.19470,176.0,69.9,439.1,0.16,0.0397000014781951,0.0549999997019767,0.0857999995350837,0.1128000020980835,0.1565999984741211,0.2226999998092651,0.2495000064373016,0.2479999959468841,0.267300009727478,0.2578000128269195,0.3167000114917755,0.2342000007629394,0.374722808599472,0.2259021252393722,0.2235006164218574,0.2355947853552467,1.2770161628723145,39,2,180,180,0.2240517086452908,302.9676280975342,302.20212482876246,0.0010552428419056,1416.25,944.9166666666666,471.3333333333333,310,305,385
Nekunampeta,15.022921,79.721964,28_515_shc_2024-25.18020,213.0,34.9,226.0,0.18,0.0551999993622303,0.045499999076128,0.066600002348423,0.0551000013947486,0.120399996638298,0.2421000003814697,0.2858999967575073,0.2971999943256378,0.3129000067710876,0.3061999976634979,0.2361000031232834,0.1420000046491623,0.6871984004974365,0.4233716428279876,0.470444194007274,0.4260823550625384,0.7944145798683167,47,1,134,177,0.2324339972601996,303.0097721947564,302.2888978322347,0.0009720568366117,1411.9166666666667,955.3333333333334,456.5833333333333,314,297,389
Iskadamerla,15.025,79.585,28_515_shc_2024-25.14322,188.0,164.0,122.7,0.4,0.0382499992847442,0.0705000013113021,0.1147999987006187,0.1459999978542328,0.1855500042438507,0.2371000051498413,0.2612999975681305,0.2788000106811523,0.2859500050544739,0.3273000121116638,0.3032500147819519,0.225050002336502,0.3126177191734314,0.2008183598518371,0.2041757845842191,0.2153979426923388,1.0876972675323486,61,3,325,186,0.2186177571614583,302.9861122555203,302.2772496117486,0.000939285679692,1403.4166666666667,959.9166666666666,443.4166666666667,280,309,411
Ravur,15.025,80.025,28_515_shc_2024-25.13228,88.0,17.5,96.8,0.15,0.0733999982476234,0.1102000027894973,0.2104000002145767,0.2919999957084656,0.2994000017642975,0.2354000061750412,0.2401999980211258,0.2223999947309494,0.1979999989271164,0.1750999987125396,0.1167000010609626,0.0907000005245208,-0.1353032737970352,-0.1475661247968673,-0.081009361074247,-0.1029179834880031,0.5247302055358887,7,2,296,186,0.1236056009928385,302.8965180714925,302.1399232228597,0.0011028023593931,1437.9166666666667,916.75,521.25,288,345,367
Mutyalapadu,15.028,79.808,28_515_shc_2024-25.9076,301.0,1.1,535.9,0.39,0.0562999993562698,0.0671999976038932,0.1030000001192092,0.1136000007390976,0.1783999949693679,0.2506000101566314,0.2949999868869781,0.3100000023841858,0.3336000144481659,0.2919999957084656,0.3248000144958496,0.2275999933481216,0.4636449515819549,0.2694512903690338,0.330061841846349,0.3189692523510187,1.0477420091629028,31,3,72,171,0.2348421732584635,302.85833990308976,302.1000035179986,0.0010121233782758,1414.8333333333333,947.25,467.5,278,356,366
Chinala Trapi,15.032,79.852,28_515_shc_2024-25.19473,88.0,114.6,142.1,0.29,0.0434999987483024,0.0507000014185905,0.0791999995708465,0.0722000002861023,0.1429000049829483,0.2840000092983246,0.3305000066757202,0.3323999941349029,0.361299991607666,0.3547999858856201,0.2538999915122986,0.1485999971628189,0.6431043148040771,0.3986955285072326,0.4695564236949224,0.4314614118730068,0.7638387084007263,29,1,180,180,0.2240517086452908,302.9676280975342,302.20212482876246,0.0010552428419056,1416.25,944.9166666666666,471.3333333333333,297,333,370
Nekunampeta,15.03213,79.712426,28_515_shc_2024-25.7239,163.0,7.6,155.6,0.38,0.0535000003874301,0.068850003182888,0.0868500024080276,0.1141000017523765,0.1389500051736831,0.1692000031471252,0.1913000047206878,0.1972000002861023,0.2143500000238418,0.2188999950885772,0.2614000141620636,0.2217999994754791,0.2669450640678406,0.1732857227325439,0.1521504281253954,0.1536422993804906,1.325557827949524,49,4,333,186,0.2324339972601996,303.0097721947564,302.2888978322347,0.0009720568366117,1411.9166666666667,955.3333333333334,456.5833333333333,293,333,375
Nekunampeta,15.034682,79.717137,28_515_shc_2024-25.5967,75.0,164.0,226.0,0.33,0.0636000037193298,0.0824500024318695,0.1116999983787536,0.1448999941349029,0.1713500022888183,0.1861999928951263,0.2035499960184097,0.2148000001907348,0.229200005531311,0.2246499955654144,0.2754999995231628,0.245849996805191,0.1943286210298538,0.1125210374593734,0.1192161557392683,0.1219611606092819,1.2825884819030762,50,2,27,177,0.2324339972601996,303.0097721947564,302.2888978322347,0.0009720568366117,1411.9166666666667,955.3333333333334,456.5833333333333,293,335,373
Iskadamerla,15.035,79.595,28_515_shc_2024-25.10420,163.0,1.1,297.0,0.46,0.0456999987363815,0.0603000000119209,0.0894000008702278,0.1120000034570694,0.167600005865097,0.222800001502037,0.2545999884605407,0.2653999924659729,0.2874999940395355,0.2966000139713287,0.333400011062622,0.2195000052452087,0.4064652621746063,0.2258660197257995,0.2582230543275999,0.2622520909306427,1.256217122077942,58,2,244,186,0.2186177571614583,302.9861122555203,302.2772496117486,0.000939285679692,1403.4166666666667,959.9166666666666,443.4166666666667,282,311,407
Saipeta,15.035,79.745,28_515_shc_2024-25.17214,163.0,25.1,167.9,0.23,0.0497500002384185,0.0662499964237213,0.1026000007987022,0.1351999938488006,0.1640499979257583,0.2146500051021576,0.2448499947786331,0.2322999984025955,0.262250006198883,0.3010999858379364,0.2280000001192093,0.1672500073909759,0.2642177045345306,0.1721962988376617,0.1569546678853061,0.1678962629759699,0.9814894795417786,39,3,180,180,0.2324339972601996,303.0097721947564,302.2888978322347,0.0009720568366117,1411.9166666666667,955.3333333333334,456.5833333333333,317,326,357
Damancherla,15.038,79.418,28_515_shc_2024-25.2948,251.0,41.0,71.0,0.08,0.0469500012695789,0.0557999983429908,0.0856499969959259,0.1099999994039535,0.1547500044107437,0.2052000015974044,0.2310499995946884,0.2412000000476837,0.2562499940395355,0.270000010728836,0.2802000045776367,0.2046000063419342,0.3735763132572174,0.2183356285095214,0.221218047913072,0.2312030088021362,1.1616915464401243,109,2,27,177,0.3264418707953559,303.0194130367703,302.3151239607069,0.0008700467370064,1408.9166666666667,944.3333333333334,464.6666666666667,344,253,403
Turpurompidodla,15.038,79.492,28_515_shc_2024-25.10988,176.0,33.8,381.0,0.21,0.0457499995827674,0.0699499994516372,0.1076000034809112,0.1560000032186508,0.19930000603199,0.2488999962806701,0.2714000046253204,0.2842000126838684,0.2984000146389007,0.2884500026702881,0.3415000140666961,0.2590999901294708,0.2912312746047973,0.1755946278572082,0.189021433341353,0.2045309625029449,1.2016185522079468,88,1,0,180,0.2201616075303819,302.82660162183976,302.13151393466524,0.0009053181852448,1414.0833333333333,957.3333333333334,456.6666666666667,332,270,398
Saipeta,15.038,79.752,28_515_shc_2024-25.3247,113.0,164.0,271.2,0.15,0.0515500009059906,0.0680000036954879,0.1057000011205673,0.0970999971032142,0.1604499965906143,0.2170999944210052,0.2371499985456466,0.2393999993801117,0.2519499957561493,0.2551999986171722,0.2055000066757202,0.1405999958515167,0.422882616519928,0.1974490582942962,0.271150928421026,0.2551703578155375,0.8583959937095642,41,0,0,180,0.2348421732584635,302.85833990308976,302.1000035179986,0.0010121233782758,1415.5,949.3333333333334,466.0,310,316,374
Racheruvurajupalem,15.042,79.718,28_515_shc_2024-25.1621,188.0,52.4,206.6,0.19,0.0478000007569789,0.0447999984025955,0.0666500031948089,0.049049999564886,0.1119500026106834,0.2362000048160553,0.2709499895572662,0.2928999960422516,0.2977499961853027,0.2959499955177307,0.2205999940633773,0.1270000040531158,0.713115930557251,0.4469556510448456,0.4872322478871989,0.434437907980847,0.7531580924987793,46,2,27,177,0.2324339972601996,303.0097721947564,302.2888978322347,0.0009720568366117,1406.6666666666667,954.5,452.25,321,295,384
Narasimhapuram,15.044387,79.671132,28_515_shc_2024-25.20290,151.0,27.3,445.5,0.29,0.0478999987244606,0.0674000009894371,0.1049999967217445,0.1648000031709671,0.2126999944448471,0.2585000097751617,0.2815000116825104,0.2784000039100647,0.302700012922287,0.2931999862194061,0.3626999855041504,0.2967000007629394,0.256317675113678,0.1337813287973404,0.1612079237932614,0.1806615774272434,1.3028016090393066,51,5,348,183,0.2324339972601996,303.0097721947564,302.2888978322347,0.0009720568366117,1408.0833333333333,957.8333333333334,450.3333333333333,293,303,404
Vempadu,15.045,79.405,28_515_shc_2024-25.18854,163.0,229.0,83.0,0.08,0.0590000003576278,0.066100001335144,0.1032999977469444,0.126800000667572,0.1811500042676925,0.2479999959468841,0.2795999944210052,0.2964000105857849,0.3140000104904175,0.3055000007152557,0.3493500053882599,0.2452500015497207,0.4007561504840851,0.2413359880447387,0.27154249162798,0.2755632709882014,1.1786437034606934,108,1,180,180,0.3264418707953559,303.0194130367703,302.3151239607069,0.0008700467370064,1404.0833333333333,925.5833333333334,478.5,353,236,411
Veligandla,15.048,79.648,28_515_shc_2024-25.3613,113.0,164.0,187.3,0.19,0.0590999983251094,0.0674000009894371,0.0993999987840652,0.1181999966502189,0.1952999979257583,0.2667999863624573,0.2958999872207641,0.3021999895572662,0.3291000127792358,0.3167999982833862,0.3553000092506408,0.2653999924659729,0.4376783967018127,0.2148743569850921,0.3054651662552277,0.2998696148376,1.1757115125656128,56,4,0,180,0.2186177571614583,302.9861122555203,302.2772496117486,0.000939285679692,1406.75,958.4166666666666,448.4166666666667,294,305,401
Racheruvurajupalem,15.052,79.668,28_515_shc_2024-25.20323,176.0,69.9,439.1,0.21,0.0416000001132488,0.0582000017166137,0.1048000007867813,0.1469999998807907,0.2058999985456466,0.2572999894618988,0.2689999938011169,0.2689999938011169,0.2849999964237213,0.2949999868869781,0.3438000082969665,0.2694000005722046,0.2932692170143127,0.1328700631856918,0.1778944230511067,0.1997816508108387,1.2780669927597046,51,1,90,177,0.2542404598659939,302.98416998121473,302.2550328148736,0.0009952078426698,1408.0833333333333,957.8333333333334,450.3333333333333,298,303,399
Ramayapatnam,15.052,80.042,28_515_shc_2024-25.2878,125.0,25.1,226.0,0.26,0.0357000008225441,0.0390000008046627,0.060649998486042,0.0443999990820884,0.0856499969959259,0.2179500013589859,0.2960000038146972,0.3030000030994415,0.3174999952316284,0.3156000077724457,0.1492999941110611,0.0795499980449676,0.7443868517875671,0.5592435598373413,0.5063043420143388,0.4577531331454182,0.4927392601966858,8,3,19,177,0.3245990329318576,302.9024425506592,302.13380343119303,0.0011206621150979,1454.75,915.6666666666666,539.1666666666666,311,333,356
Racheruvurajupalem,15.058,79.662,28_515_shc_2024-25.5641,113.0,34.9,129.1,0.27,0.0505999997258186,0.0526000000536441,0.0758000016212463,0.0737999975681305,0.1282999962568283,0.2421000003814697,0.294400006532669,0.2931999862194061,0.3240000009536743,0.3276000022888183,0.2144999951124191,0.1263999938964843,0.5978201627731323,0.391221821308136,0.408870654784265,0.3795847625500778,0.7315825819969177,53,1,270,183,0.2542404598659939,302.98416998121473,302.2550328148736,0.0009952078426698,1406.75,958.4166666666666,448.4166666666667,288,304,408
Racheruvurajupalem,15.062,79.668,28_515_shc_2024-25.20326,100.0,164.0,458.5,0.17,0.033500000834465,0.0441999994218349,0.0803999975323677,0.0949999988079071,0.1568000018596649,0.2383999973535537,0.2707000076770782,0.2702000141143799,0.2885000109672546,0.271699994802475,0.2590999901294708,0.2025000005960464,0.4797371625900268,0.2655737996101379,0.2903161894254471,0.3037448208906974,0.9589192271232604,57,2,333,183,0.2542404598659939,302.98416998121473,302.2550328148736,0.0009952078426698,1408.0833333333333,957.8333333333334,450.3333333333333,283,305,411
Mocherla,15.062,80.002,28_515_shc_2024-25.16508,213.0,157.2,64.6,0.51,0.0540499985218048,0.0681999996304512,0.0820500031113624,0.0962999984622001,0.1326500028371811,0.153899997472763,0.1666000038385391,0.1419000029563903,0.1732999980449676,0.2017499953508377,0.2005999982357025,0.16075000166893,0.1914357841014862,0.0336914956569671,0.0943552487713996,0.0926578252639417,1.413671612739563,17,3,108,171,0.3245990329318576,302.9024425506592,302.13380343119303,0.0011206621150979,1433.6666666666667,918.75,514.9166666666666,308,335,358
Mocherla,15.065,80.005,28_515_shc_2024-25.2147,163.0,99.4,232.5,0.71,0.0406999997794628,0.0465499982237815,0.0754000023007392,0.0566999986767768,0.1362500041723251,0.2786999940872192,0.3492999970912933,0.3131999969482422,0.3756999969482422,0.4153999984264374,0.2064000070095062,0.1123000010848045,0.6934306621551514,0.3937034010887146,0.49165244640344,0.4422922167401057,0.6590038537979126,15,3,19,177,0.3245990329318576,302.9024425506592,302.13380343119303,0.0011206621150979,1433.6666666666667,918.75,514.9166666666666,311,336,353
Cheemalapenta,15.067255,79.719653,28_515_shc_2024-25.13018,163.0,34.9,142.0,0.26,0.0571000017225742,0.1022000014781951,0.1301999986171722,0.1532000005245208,0.1987999975681305,0.2728999853134155,0.3018999993801117,0.2651999890804291,0.3235000073909759,0.3203000128269195,0.3102000057697296,0.2527999877929687,0.2676863968372345,0.1431034356355667,0.1974751217391466,0.1829268126474256,1.1696833372116089,47,4,153,174,0.2542404598659939,302.98416998121473,302.2550328148736,0.0009952078426698,1406.6666666666667,954.5,452.25,286,305,409
Swarnajipuram,15.072,79.928,28_515_shc_2024-25.19218,289.0,89.5,432.6,0.23,0.0555000007152557,0.0780000016093254,0.1423999965190887,0.1962999999523162,0.1971500068902969,0.1628500074148178,0.1715500056743621,0.137700006365776,0.1463000029325485,0.1704500019550323,0.139500007033348,0.0930999964475631,-0.1754490733146667,-0.1775421798229217,-0.0846576044342514,-0.105395671119797,1.013071894645691,24,1,90,177,0.2240687900119357,302.9601411183675,302.1669848548041,0.001078442872396,1423.0833333333333,936.0,487.0833333333333,307,321,372
Chaki Cherla,15.085403,80.029993,28_515_shc_2024-25.1970,176.0,16.4,251.8,0.75,0.0460000000894069,0.0627999976277351,0.1010999977588653,0.1143999993801117,0.1696999967098236,0.3023000061511993,0.3711999952793121,0.3928000032901764,0.4257000088691711,0.4172999858856201,0.2833000123500824,0.1661999970674514,0.5488958954811096,0.3966222405433655,0.4327819936953365,0.4146147783538088,0.7212321758270264,6,2,0,180,0.3245990329318576,302.9024425506592,302.13380343119303,0.0011206621150979,1419.5,913.0833333333334,506.3333333333333,284,353,363
Chaki Cherla,15.088,80.032,28_515_shc_2024-25.11309,113.0,22.9,83.9,0.19,0.0474000014364719,0.0689999982714653,0.1081999987363815,0.1260000020265579,0.1826999932527542,0.2962999939918518,0.3628999888896942,0.3607999980449676,0.3867999911308288,0.3925000131130218,0.3226000070571899,0.2213999927043914,0.4823336005210876,0.3276908993721008,0.3670355665243699,0.3569112221342585,0.8941242098808289,5,1,226,183,0.3245990329318576,302.9024425506592,302.13380343119303,0.0011206621150979,1419.5,913.0833333333334,506.3333333333333,284,353,363
Chaki Cherla,15.088,80.042,28_515_shc_2024-25.18940,125.0,8.7,148.5,0.51,0.0531999990344047,0.0922000035643577,0.1224000006914138,0.1553999930620193,0.1878000050783157,0.2502000033855438,0.2790000140666961,0.2808000147342682,0.3066000044345855,0.3084000051021576,0.3617999851703644,0.2815000116825104,0.2874828577041626,0.1984635144472122,0.2060196262263863,0.2009186401858083,1.288461446762085,8,4,256,192,0.3245990329318576,302.9024425506592,302.13380343119303,0.0011206621150979,1423.5,905.8333333333334,517.5833333333334,321,340,339
Chaki Cherla,15.089427,80.03966,28_515_shc_2024-25.18942,100.0,5.5,51.7,0.23,0.0538000017404556,0.0754000023007392,0.1088000014424324,0.1389999985694885,0.1862999945878982,0.2363999933004379,0.2599000036716461,0.26460000872612,0.2827000021934509,0.3104999959468841,0.3797999918460846,0.298799991607666,0.3111992180347442,0.1736527234315872,0.204813794857774,0.2084993511662434,1.4353740215301514,10,2,333,183,0.3245990329318576,302.9024425506592,302.13380343119303,0.0011206621150979,1419.5,913.0833333333334,506.3333333333333,291,346,364
Chaki Cherla,15.089472,80.030427,28_515_shc_2024-25.11307,138.0,16.4,645.2,0.54,0.0582000017166137,0.0882000029087066,0.1260000020265579,0.1606000065803527,0.210099995136261,0.2971999943256378,0.3490999937057495,0.3544000089168548,0.3831999897956848,0.3903000056743622,0.3605000078678131,0.2739000022411346,0.3763106763362884,0.2556244730949402,0.292484152167795,0.2864039399667899,1.017212152481079,5,1,134,177,0.3245990329318576,302.9024425506592,302.13380343119303,0.0011206621150979,1419.5,913.0833333333334,506.3333333333333,282,354,364
Chaki Cherla,15.091276,80.02795,28_515_shc_2024-25.11416,88.0,27.3,64.6,0.41,0.0441999994218349,0.0630000010132789,0.0956000015139579,0.0869999974966049,0.1660999953746795,0.2939000129699707,0.3725999891757965,0.3876000046730041,0.4050000011920929,0.4075999855995178,0.2171999961137771,0.1218999996781349,0.6333754658699036,0.4000361263751983,0.522928138143461,0.4626513541563988,0.5603715181350708,5,0,0,180,0.3245990329318576,302.9024425506592,302.13380343119303,0.0011206621150979,1419.5,913.0833333333334,506.3333333333333,268,353,379
Mukteswaram,15.092826,79.714941,28_515_shc_2024-25.20914,125.0,1.1,100.3,0.24,0.0529499985277652,0.0818499997258186,0.1208000034093856,0.1662999987602234,0.1933999955654144,0.2576999962329864,0.28125,0.2894000113010406,0.3041999936103821,0.3091999888420105,0.3481999933719635,0.265749990940094,0.2701338827610016,0.1988401263952255,0.1839152766279689,0.1932091837054486,1.203178882598877,54,2,0,180,0.2542404598659939,302.98416998121473,302.2550328148736,0.0009952078426698,1400.6666666666667,955.5833333333334,445.1666666666667,273,335,392
Thimmareddy Palem,15.095407,79.712649,28_515_shc_2024-25.20904,176.0,1.1,341.7,0.57,0.0566000007092952,0.0544999986886978,0.0803999975323677,0.0926000028848648,0.1509999930858612,0.2384999990463256,0.265500009059906,0.2777999937534332,0.2998000085353851,0.3098999857902527,0.296999990940094,0.2040999978780746,0.4999999701976776,0.295708954334259,0.3249920825325064,0.3191635884372535,1.0691144466400146,58,3,237,189,0.2542404598659939,302.98416998121473,302.2550328148736,0.0009952078426698,1400.6666666666667,955.5833333333334,445.1666666666667,303,325,372
Lingasamudram,15.095407,79.712649,28_515_shc_2024-25.12543,138.0,62.2,374.5,0.66,0.0566000007092952,0.0544999986886978,0.0803999975323677,0.0926000028848648,0.1509999930858612,0.2384999990463256,0.265500009059906,0.2777999937534332,0.2998000085353851,0.3098999857902527,0.296999990940094,0.2040999978780746,0.4999999701976776,0.295708954334259,0.3249920825325064,0.3191635884372535,1.0691144466400146,58,3,237,189,0.2542404598659939,302.98416998121473,302.2550328148736,0.0009952078426698,1400.6666666666667,955.5833333333334,445.1666666666667,303,325,372
Gundlapalem,15.098,79.872,28_515_shc_2024-25.3142,38.0,89.5,155.0,0.41,0.0443000011146068,0.0564000010490417,0.0868000015616417,0.0861999988555908,0.1442999988794326,0.2317000031471252,0.262800008058548,0.2651999890804291,0.274399995803833,0.2888000011444092,0.2515999972820282,0.1897999942302703,0.5093910098075867,0.2952380776405334,0.3291893364771707,0.3153629188886415,0.9487179517745972,21,1,0,180,0.2240687900119357,302.9601411183675,302.1669848548041,0.001078442872396,1407.4166666666667,947.1666666666666,460.3333333333333,331,306,363
Veera Raghavuni Kota,15.108,79.792,28_515_shc_2024-25.402,251.0,116.8,329.3,0.44,0.0496999993920326,0.0689499974250793,0.100100003182888,0.1101000010967254,0.1543000042438507,0.2039999961853027,0.2260999977588653,0.2325000017881393,0.2487999945878982,0.270249992609024,0.2308499962091446,0.1823499947786331,0.3572679460048675,0.20217165350914,0.2223877581880144,0.217896986005836,0.992903172969818,30,7,278,201,0.2182547251383463,302.9240462832981,302.1876228756375,0.0010357795013608,1406.5,951.25,455.0833333333333,309,334,356
Baddepudi,15.108,79.928,28_515_shc_2024-25.11133,163.0,16.4,64.6,0.47,0.0322499983012676,0.0396500006318092,0.0630500018596649,0.0775000005960464,0.1378500014543533,0.2029000073671341,0.2308000028133392,0.2393999993801117,0.2536999881267547,0.2529500126838684,0.2667999863624573,0.2006999999284744,0.5108867287635803,0.2691848874092102,0.2876636857716325,0.2972824068835666,1.1144527196884155,27,1,90,177,0.2240687900119357,302.9601411183675,302.1669848548041,0.001078442872396,1414.0833333333333,935.0,479.1666666666667,283,326,391
Pentrala,15.108434,79.713158,28_515_shc_2024-25.907,138.0,34.9,129.1,0.32,0.068400003015995,0.155799999833107,0.19480000436306,0.2443999946117401,0.2094999998807907,0.2475000023841858,0.2666999995708465,0.3064000010490417,0.2820999920368194,0.2755999863147735,0.3039000034332275,0.2714000046253204,0.1125635579228401,0.1878270953893661,0.0966153580966772,0.0885040065093173,0.9918407201766968,55,0,0,180,0.2542404598659939,302.98416998121473,302.2550328148736,0.0009952078426698,1400.6666666666667,955.5833333333334,445.1666666666667,307,313,380
Veera Raghavuni Kota,15.109717,79.788493,28_515_shc_2024-25.3735,213.0,17.5,503.7,0.43,0.0494499988853931,0.067450001835823,0.1018000021576881,0.1274999976158142,0.1630499958992004,0.2260999977588653,0.2457499951124191,0.2469999939203262,0.2545500099658966,0.2581500113010406,0.249449998140335,0.1844999939203262,0.3190921247005462,0.20473113656044,0.1983567084643361,0.2049742666571085,1.009919047355652,36,2,64,174,0.2182547251383463,302.9240462832981,302.1876228756375,0.0010357795013608,1407.8333333333333,953.3333333333334,454.5,325,317,358
Vengalapuram,15.111875,79.716724,28_515_shc_2024-25.17874,176.0,164.0,471.4,0.15,0.050500001758337,0.0698999986052513,0.1020499989390373,0.1155999973416328,0.1559000015258789,0.2434500008821487,0.269349992275238,0.2840000092983246,0.299450010061264,0.2992500066757202,0.2748999893665313,0.1970999985933303,0.4214214384555816,0.2912025451660156,0.2896755969232678,0.2807914807365431,0.9679576754570008,54,4,76,168,0.2542404598659939,302.98416998121473,302.2550328148736,0.0009952078426698,1400.6666666666667,955.5833333333334,445.1666666666667,297,317,386
Veera Raghavuni Kota,15.112,79.788,28_515_shc_2024-25.3701,213.0,17.5,400.3,0.4,0.0524000003933906,0.0744000002741813,0.1103999987244606,0.1327999979257583,0.1701000034809112,0.2142000049352646,0.2328999936580658,0.240799993276596,0.2522000074386596,0.2547000050544739,0.2407000064849853,0.1967000067234039,0.2890792191028595,0.1720613092184066,0.1824817465871238,0.1854395543242766,0.9995847940444946,35,1,314,183,0.2182547251383463,302.9240462832981,302.1876228756375,0.0010357795013608,1407.8333333333333,953.3333333333334,454.5,324,313,363
Vengalapuram,15.114088,79.719399,28_515_shc_2024-25.17885,176.0,164.0,361.6,0.23,0.0461499989032745,0.0584499984979629,0.0900000035762786,0.0984999984502792,0.1426499933004379,0.2484499961137771,0.2842499911785126,0.3003000020980835,0.3169499933719635,0.3077499866485595,0.2662999927997589,0.1753000020980835,0.5060180425643921,0.3559092581272125,0.3472305918805207,0.3367823823843207,0.8867798447608948,50,3,314,186,0.2542404598659939,302.98416998121473,302.2550328148736,0.0009952078426698,1400.6666666666667,955.5833333333334,445.1666666666667,312,304,385
Veera Raghavuni Kota,15.114391,79.775228,28_515_shc_2024-25.4589,188.0,116.8,355.1,0.52,0.0480000004172325,0.0684999972581863,0.0998499989509582,0.1098000034689903,0.1524000018835067,0.1996999979019165,0.2143500000238418,0.2046999931335449,0.2308499962091446,0.2172500044107437,0.2238499969244003,0.1722999960184097,0.3017487823963165,0.146457552909851,0.1757732677127316,0.1747697791167662,1.093551516532898,34,2,153,177,0.2182547251383463,302.9240462832981,302.1876228756375,0.0010357795013608,1407.8333333333333,953.3333333333334,454.5,321,336,343
Karedu,15.115,80.035,28_515_shc_2024-25.8114,88.0,3.3,406.8,0.37,0.0621999986469745,0.0727000012993812,0.1017000004649162,0.1194000020623207,0.2124499976634979,0.2781000137329101,0.3104499876499176,0.3003000020980835,0.3416500091552734,0.3046000003814697,0.3735499978065491,0.2992500066757202,0.4310221672058105,0.1713310629129409,0.3073498920362038,0.2950418602002291,1.2439227104187012,9,3,270,189,0.3245990329318576,302.9024425506592,302.13380343119303,0.0011206621150979,1419.5,913.0833333333334,506.3333333333333,278,354,367
Vengalapuram,15.118,79.702,28_515_shc_2024-25.17936,125.0,7.6,452.0,0.17,0.0399999991059303,0.0560000017285347,0.0715999975800514,0.0824000015854835,0.1137999966740608,0.2031999975442886,0.2366999983787536,0.2345999926328659,0.262800008058548,0.2791999876499176,0.2327000051736831,0.1421999931335449,0.4801261723041534,0.3467279076576233,0.2906798936310937,0.2794369500448964,0.991901159286499,62,5,79,165,0.2542404598659939,302.98416998121473,302.2550328148736,0.0009952078426698,1395.0833333333333,956.9166666666666,437.9166666666667,314,295,391
Gundlapalem,15.118,79.888,28_515_shc_2024-25.13332,75.0,164.0,148.5,0.2,0.0895000025629997,0.1395999938249588,0.1997999995946884,0.2750000059604645,0.3188000023365021,0.3321000039577484,0.3528000116348266,0.3391999900341034,0.3614000082015991,0.3287999927997589,0.489300012588501,0.4727999866008758,0.1045261844992637,0.0310030207037925,0.0826382217202553,0.0864297042332136,1.4425119161605835,15,2,27,177,0.2240687900119357,302.9601411183675,302.1669848548041,0.001078442872396,1411.6666666666667,942.5,469.1666666666667,313,321,366
Baddepudi,15.125,79.945,28_515_shc_2024-25.2831,238.0,25.1,38.7,0.52,0.0306000001728534,0.0355000011622905,0.0597999989986419,0.0520999990403652,0.1074000000953674,0.2063000053167343,0.2298000007867813,0.2558000087738037,0.2560000121593475,0.274399995803833,0.19480000436306,0.1147999987006187,0.6615784764289856,0.4085903167724609,0.3910839968999257,0.3782027622785214,0.7615324258804321,31,4,207,186,0.2240687900119357,302.9601411183675,302.1669848548041,0.001078442872396,1414.0833333333333,935.0,479.1666666666667,303,340,357
Bheemavaram,15.130206,79.95269,28_515_shc_2024-25.8332,188.0,10.9,180.8,0.14,0.0303000006824731,0.0419999994337558,0.0659999996423721,0.0641499981284141,0.1084999963641166,0.2170500010251999,0.2520000040531158,0.2242999970912933,0.2675000131130218,0.2712000012397766,0.1900500059127807,0.1146000027656555,0.5552088618278503,0.3479567468166351,0.3093609955703975,0.3046800683629636,0.8473027348518372,26,3,123,171,0.3245990329318576,302.9024425506592,302.13380343119303,0.0011206621150979,1412.25,932.6666666666666,479.5,285,356,359
Veerepalle,15.132,79.958,28_515_shc_2024-25.10962,188.0,14.2,51.7,0.18,0.0601500011980533,0.0497500002384185,0.0798000022768974,0.0791499987244606,0.1674499958753585,0.2467000037431717,0.2730999886989593,0.2933000028133392,0.2892999947071075,0.2714999914169311,0.2834500074386596,0.2005500048398971,0.5749765038490295,0.2731416225433349,0.3837607388604747,0.3681872950508563,0.9664166569709778,23,1,90,177,0.3245990329318576,302.9024425506592,302.13380343119303,0.0011206621150979,1412.25,932.6666666666666,479.5,277,360,363
Bheemavaram,15.133865,79.963692,28_515_shc_2024-25.1955,75.0,229.0,103.3,0.31,0.0519500002264976,0.0487999990582466,0.0797000005841255,0.0712999999523162,0.1199999973177909,0.2280000001192093,0.2619999945163727,0.2820999920368194,0.283050000667572,0.2258500009775161,0.1991499960422516,0.1151499971747398,0.5964912176132202,0.4031335413455963,0.3921422581117573,0.3705179178520313,0.7059553265571594,15,3,314,186,0.3245990329318576,302.9024425506592,302.13380343119303,0.0011206621150979,1415.3333333333333,924.0,491.3333333333333,267,367,366
Madanagopalapuram,15.13494,79.960072,28_515_shc_2024-25.5525,201.0,7.6,477.8,0.19,0.0544000007212162,0.0838499963283538,0.1190000027418136,0.1591999977827072,0.1852499991655349,0.2345000058412552,0.2592000067234039,0.2610999941825866,0.2845000028610229,0.2594999969005584,0.3082000017166137,0.2365500032901764,0.2424458712339401,0.1699339002370834,0.1604800161576582,0.1660871410782142,1.18039071559906,21,1,0,180,0.3245990329318576,302.9024425506592,302.13380343119303,0.0011206621150979,1415.3333333333333,924.0,491.3333333333333,279,352,369
Bheemavaram,15.135141,79.956606,28_515_shc_2024-25.7925,125.0,5.5,25.8,0.33,0.0434999987483024,0.0510499998927116,0.0773999989032745,0.0803999975323677,0.1362500041723251,0.2432000041007995,0.2811500132083893,0.2714000046253204,0.3108499944210052,0.3025499880313873,0.2674500048160553,0.16355000436306,0.5429221391677856,0.3315343856811523,0.3483049918835994,0.3363465718639329,0.9854458570480348,23,5,12,177,0.3245990329318576,302.9024425506592,302.13380343119303,0.0011206621150979,1412.25,932.6666666666666,479.5,283,357,360
K.Rajupalem,15.142,80.008,28_515_shc_2024-25.18263,113.0,10.9,109.8,0.15,0.0304000005125999,0.0395999997854232,0.0697999969124794,0.0511000007390975,0.1133000031113624,0.2291000038385391,0.2698000073432922,0.2610000073909759,0.2937000095844269,0.2842000126838684,0.1622000038623809,0.0878999978303909,0.6725408434867859,0.3946032524108886,0.4129938698891625,0.3876985676958498,0.6214559078216553,14,3,46,174,0.3245990329318576,302.9024425506592,302.13380343119303,0.0011206621150979,1415.8333333333333,913.0833333333334,502.5833333333333,287,353,360
K.Rajupalem,15.143821,80.005442,28_515_shc_2024-25.8094,188.0,31.7,45.2,0.49,0.0388999991118907,0.0368000008165836,0.0641999989748001,0.0390999987721443,0.1149000003933906,0.2355999946594238,0.2833000123500824,0.2845999896526336,0.3055000007152557,0.289900004863739,0.1845999956130981,0.1098000034689903,0.7584182620048523,0.4247809648513794,0.4936856410634933,0.4470680969960501,0.6486296653747559,18,4,0,180,0.3245990329318576,302.9024425506592,302.13380343119303,0.0011206621150979,1415.8333333333333,913.0833333333334,502.5833333333333,285,372,344
Kondasamudram,15.148,79.782,28_515_shc_2024-25.3045,63.0,34.9,645.7,0.69,0.0419999994337558,0.0542000010609626,0.0903000012040138,0.1369999945163726,0.1832000017166137,0.2126999944448471,0.2313999980688095,0.2360000014305114,0.2524999976158142,0.2626000046730041,0.3264000117778778,0.257999986410141,0.2654155790805816,0.125954195857048,0.1498637742623352,0.1701031054532139,1.3830509185791016,39,2,180,180,0.2182547251383463,302.9240462832981,302.1876228756375,0.0010357795013608,1406.3333333333333,959.25,447.0,324,312,364
Sakhavaram,15.148,79.818,28_515_shc_2024-25.919,163.0,1.1,329.3,0.26,0.0436500012874603,0.0535000003874301,0.0922000035643577,0.0944499969482421,0.1462499946355819,0.1970999985933303,0.2209500074386596,0.2231000065803527,0.2350499927997589,0.2409999966621399,0.2192499935626983,0.1599999964237213,0.4051330685615539,0.2080682665109634,0.2316265366535912,0.2360406257908068,0.9827430844306946,27,3,161,177,0.2182547251383463,302.9240462832981,302.1876228756375,0.0010357795013608,1401.9166666666667,956.3333333333334,445.5,299,356,344
Veera Raghavuni Kota,15.152,79.778,28_515_shc_2024-25.4802,188.0,1.1,116.2,0.45,0.0653999969363212,0.1093999966979026,0.1412000060081482,0.1713999956846237,0.1986999958753585,0.2375500053167343,0.2588500082492828,0.2476000040769577,0.2752499878406524,0.2567499876022339,0.2879000008106231,0.2515499889850616,0.1818615943193435,0.1095675751566886,0.1308828722739087,0.124374333643258,1.1627625226974487,38,1,0,180,0.3104324340820312,303.0658431582981,302.28922335306805,0.0010415982056074,1406.3333333333333,959.25,447.0,319,319,362
Kondasamudram,15.152,79.782,28_515_shc_2024-25.17768,88.0,62.2,645.7,0.29,0.0425999984145164,0.0454000011086463,0.063400000333786,0.0675999969244003,0.1134999990463256,0.2239000052213668,0.2635999917984009,0.2755999863147735,0.2973999977111816,0.2827999889850616,0.2072000056505203,0.1243999972939491,0.6060606241226196,0.4166024029254913,0.3878570814993484,0.3700189638133104,0.7518143057823181,40,7,336,189,0.3104324340820312,303.0658431582981,302.28922335306805,0.0010415982056074,1406.3333333333333,959.25,447.0,317,320,363
Mopadu,15.162,79.892,28_515_shc_2024-25.2652,138.0,69.9,419.7,0.2,0.0632499977946281,0.0615000016987323,0.0864999964833259,0.0965000018477439,0.1581999957561493,0.2588500082492828,0.2980499863624573,0.3041999936103821,0.3210000097751617,0.3021000027656555,0.2703000009059906,0.1844000071287155,0.518342912197113,0.3157439529895782,0.3651675391848334,0.3458976231986017,0.8885601758956909,18,2,296,186,0.3014178382025824,303.03600374857587,302.2725838131375,0.0010840338359355,1408.5833333333333,936.25,472.4166666666667,342,323,336
Donda Padu,15.162,79.942,28_515_shc_2024-25.4408,163.0,89.5,484.3,0.15,0.0430999994277954,0.0577999986708164,0.0908000022172927,0.1036000028252601,0.1474000066518783,0.1979999989271164,0.2152000069618225,0.2124000042676925,0.2245000004768371,0.2337999939918518,0.2144999951124191,0.1481000036001205,0.3443037867546081,0.1806559115648269,0.1942163495528998,0.2000000009130613,1.0098869800567627,13,3,199,183,0.3014178382025824,303.03600374857587,302.2725838131375,0.0010840338359355,1412.25,932.6666666666666,479.5,301,344,355
Kollurupadu,15.162735,79.975129,28_515_shc_2024-25.8293,251.0,5.5,471.4,0.15,0.0390500016510486,0.048700001090765,0.0799999982118606,0.0621500015258789,0.1486500054597854,0.3040499985218048,0.3581500053405761,0.3849999904632568,0.3813000023365021,0.313400000333786,0.2547500133514404,0.1714999973773956,0.722017228603363,0.4428932666778564,0.579560533734795,0.5112970358464848,0.6616883873939514,15,1,134,177,0.2722399393717448,302.8551497989231,301.9462600284153,0.0011397961244583,1415.3333333333333,924.0,491.3333333333333,287,371,343
Atmakur,15.164408,79.967001,28_515_shc_2024-25.10692,314.0,16.4,71.0,0.58,0.0481499992311,0.0608499981462955,0.0911500006914138,0.1018999963998794,0.1616999953985214,0.2754499912261963,0.296099990606308,0.3082999885082245,0.3282999992370605,0.3147000074386596,0.2701500058174133,0.1911499947309494,0.5031691789627075,0.3119148910045624,0.3526215892146792,0.340145015706384,0.8762569427490234,11,1,134,177,0.2722399393717448,302.8551497989231,301.9462600284153,0.0011397961244583,1415.3333333333333,924.0,491.3333333333333,314,342,343
Ayyavaripalle,15.165,79.725,28_515_shc_2024-25.2687,251.0,1.1,213.1,0.45,0.0663999989628791,0.0771000012755394,0.101450003683567,0.1186000034213066,0.1747500002384185,0.2377499938011169,0.2612499892711639,0.2556000053882599,0.2915000021457672,0.2873499989509582,0.3079000115394592,0.23989999294281,0.3661143779754638,0.1878703534603119,0.2465891507151161,0.235072066894929,1.204616665840149,62,1,270,183,0.3040306515163845,302.9349946339925,302.2056458791097,0.0010065771609055,1402.75,957.25,445.5833333333333,319,292,390
Singamnenipalle,15.165,79.855,28_515_shc_2024-25.9105,88.0,100.5,309.9,0.74,0.0485000014305114,0.0627999976277351,0.0967999994754791,0.0993999987840652,0.1500000059604644,0.2117000073194503,0.2305999994277954,0.2347999960184097,0.2418999969959259,0.2513000071048736,0.1987999975681305,0.1467999964952469,0.4051466286182403,0.220374196767807,0.248860455421694,0.243466791077609,0.8466780185699463,22,1,270,183,0.3014178382025824,303.03600374857587,302.2725838131375,0.0010840338359355,1405.8333333333333,947.0833333333334,458.6666666666667,308,348,344
Atmakur,15.165288,79.966784,28_515_shc_2024-25.8433,125.0,48.0,64.6,0.4,0.0644999966025352,0.1045999974012374,0.1317999958992004,0.165800005197525,0.1913000047206878,0.2173999994993209,0.2360000014305114,0.2404000014066696,0.2540000081062317,0.2626999914646148,0.3030000030994415,0.2734000086784363,0.1836533546447754,0.1137363836169242,0.1285586157215154,0.1234826677314205,1.260399341583252,14,2,116,174,0.2722399393717448,302.8551497989231,301.9462600284153,0.0011397961244583,1415.3333333333333,924.0,491.3333333333333,314,342,343
Atmakur,15.165909,79.966458,28_515_shc_2024-25.1410,88.0,6.6,83.9,0.31,0.0478000007569789,0.0530500002205371,0.0720499977469444,0.0715000033378601,0.131750002503395,0.2273499965667724,0.2640999853610992,0.2626999914646148,0.2865000069141388,0.2924999892711639,0.2496500015258789,0.1765500009059906,0.572112500667572,0.331981211900711,0.3694471560546128,0.3438024262491654,0.9503235816955566,15,3,237,189,0.2722399393717448,302.8551497989231,301.9462600284153,0.0011397961244583,1415.3333333333333,924.0,491.3333333333333,301,355,344
Voletivaripalem,15.168,79.732,28_515_shc_2024-25.17727,75.0,82.2,568.2,0.21,0.0631000027060508,0.066600002348423,0.100950002670288,0.0993999987840652,0.1741999983787536,0.2197999954223632,0.2492000013589859,0.2240000069141388,0.2696500122547149,0.2565000057220459,0.2761000096797943,0.2110500037670135,0.3852814137935638,0.125062808394432,0.2358240779534815,0.2269856824164435,1.2325892448425293,56,3,46,174,0.3040306515163845,302.9349946339925,302.2056458791097,0.0010065771609055,1403.5,954.3333333333334,449.25,324,286,390
Sameerapalem,15.172,79.772,28_515_shc_2024-25.4815,163.0,42.6,135.6,0.75,0.0466499999165535,0.0518999993801116,0.0776999965310096,0.0914999991655349,0.1552000045776367,0.2227499932050705,0.2531499862670898,0.265500009059906,0.2770499885082245,0.2695499956607818,0.2282000035047531,0.1638499945402145,0.4873949885368347,0.2621820867061615,0.3052096278406655,0.3045507728547166,0.8595103621482849,39,4,244,192,0.3104324340820312,303.0658431582981,302.28922335306805,0.0010415982056074,1406.6666666666667,959.0833333333334,447.5,336,303,361
Sameerapalem,15.172,79.788,28_515_shc_2024-25.1186,251.0,1.1,426.2,0.75,0.0432999990880489,0.0584499984979629,0.090499997138977,0.1017000004649162,0.1536000072956085,0.1754499971866607,0.191550001502037,0.1992000043392181,0.2164999991655349,0.2266999930143356,0.2113499939441681,0.1681499928236007,0.3240279257297516,0.1292516887187957,0.1777866971175197,0.1826070732103682,1.0609939098358154,37,1,0,180,0.3104324340820312,303.0658431582981,302.28922335306805,0.0010415982056074,1406.6666666666667,959.0833333333334,447.5,329,317,355
Sameerapalem,15.172,79.792,28_515_shc_2024-25.9519,138.0,34.9,232.5,0.66,0.046799998730421,0.0662000030279159,0.0971999987959861,0.1202000007033348,0.1536000072956085,0.1914999932050705,0.2104000002145767,0.2189999967813491,0.2327000051736831,0.2392999976873397,0.2452999949455261,0.2026000022888183,0.2912735641002655,0.1755233258008957,0.1710881719948881,0.1765967523370092,1.1200913190841677,35,3,108,171,0.3104324340820312,303.0658431582981,302.28922335306805,0.0010415982056074,1397.3333333333333,953.1666666666666,444.0833333333333,326,329,345
Mopadu,15.178,79.892,28_515_shc_2024-25.4918,151.0,62.2,135.6,0.4,0.0423999987542629,0.0542000010609626,0.0663999989628791,0.063400000333786,0.0766000002622604,0.066500000655651,0.0668999999761581,0.068400003015995,0.0645999982953071,0.0725999996066093,0.0513000003993511,0.0394000001251697,0.0379362851381301,-0.0565517023205757,0.0119927149004732,0.0118708515092573,0.75,16,2,180,180,0.3014178382025824,303.03600374857587,302.2725838131375,0.0010840338359355,1402.9166666666667,939.6666666666666,463.25,322,316,362
Atmakur,15.178,79.982,28_515_shc_2024-25.1281,125.0,81.9,64.6,0.25,0.031599998474121,0.0353499986231327,0.0577999986708164,0.0445000007748603,0.1013500019907951,0.2162999957799911,0.2648000121116638,0.2712999880313873,0.2876000106334686,0.2863000035285949,0.1795500069856643,0.1041999980807304,0.7181760668754578,0.4560579359531402,0.445343308502088,0.4170139563039241,0.6618135571479797,16,3,226,186,0.2722399393717448,302.8551497989231,301.9462600284153,0.0011397961244583,1408.5833333333333,919.5833333333334,488.9166666666667,295,373,332
Karedu,15.178,80.022,28_515_shc_2024-25.11189,151.0,3.3,103.3,0.15,0.0489999987185001,0.0720999985933303,0.1064999997615814,0.1266999989748001,0.1758500039577484,0.2354499995708465,0.2659499943256378,0.2608000040054321,0.2838999927043915,0.2760500013828277,0.2930000126361847,0.2271499931812286,0.3460645377635956,0.194549411535263,0.226482020383832,0.2266478950653348,1.1234662532806396,12,1,134,177,0.2722399393717448,302.8551497989231,301.9462600284153,0.0011397961244583,1421.6666666666667,912.0833333333334,509.5,268,358,374
Atmakur,15.17898,79.97861,28_515_shc_2024-25.7750,125.0,57.9,90.4,0.39,0.0786999985575676,0.1037999987602233,0.1356000006198883,0.1599999964237213,0.186599999666214,0.2432000041007995,0.2693000137805938,0.2930000126361847,0.2975000143051147,0.2883999943733215,0.3131999969482422,0.2479999959468841,0.2935982644557953,0.2218515574932098,0.2255001969641448,0.2093389532236136,1.068941950798035,12,1,180,180,0.2722399393717448,302.8551497989231,301.9462600284153,0.0011397961244583,1408.5833333333333,919.5833333333334,488.9166666666667,290,375,336
Atmakur,15.179923,79.977763,28_515_shc_2024-25.7654,125.0,31.7,161.4,0.25,0.0746000036597251,0.0912000015377998,0.1165999993681907,0.147599995136261,0.170300006866455,0.2050999999046325,0.2269999980926513,0.2344000041484832,0.2509999871253967,0.2569999992847442,0.3046000003814697,0.2596000134944916,0.2272251546382904,0.1583889126777649,0.1511142256660289,0.1476190630656676,1.2994880676269531,16,3,134,174,0.2722399393717448,302.8551497989231,301.9462600284153,0.0011397961244583,1408.5833333333333,919.5833333333334,488.9166666666667,290,373,337
Atmakur,15.180091,79.977611,28_515_shc_2024-25.7674,125.0,22.9,71.0,0.52,0.0595000013709068,0.0834000036120414,0.1062000021338462,0.1263999938964843,0.1537999957799911,0.2053000032901764,0.2354999929666519,0.2520000040531158,0.274399995803833,0.2777999937534332,0.3041000068187713,0.2414000034332275,0.3319239318370819,0.2419911473989486,0.2267312000274201,0.2144808921615651,1.206745982170105,16,1,226,183,0.2722399393717448,302.8551497989231,301.9462600284153,0.0011397961244583,1408.5833333333333,919.5833333333334,488.9166666666667,290,373,337
Nekunampuram @ Pokur,15.182,79.812,28_515_shc_2024-25.9734,176.0,116.8,613.4,0.54,0.0355999991297721,0.0480000004172325,0.0710000023245811,0.0843999981880188,0.1356000006198883,0.2275000065565109,0.2587000131607055,0.2755999863147735,0.2879000008106231,0.265500009059906,0.2547000050544739,0.1588000059127807,0.5311111211776733,0.3404669165611267,0.3361462585257049,0.3334883573933377,0.9241655468940736,33,3,72,171,0.3104324340820312,303.0658431582981,302.28922335306805,0.0010415982056074,1397.3333333333333,953.1666666666666,444.0833333333333,322,278,400
Nekunampuram @ Pokur,15.182,79.842,28_515_shc_2024-25.4882,75.0,164.0,452.0,0.55,0.033449999988079,0.0416000001132488,0.0632999986410141,0.0692000016570091,0.1257500052452087,0.2176000028848648,0.2605499923229217,0.2689999938011169,0.288100004196167,0.2689000070095062,0.2175499945878982,0.122649997472763,0.590774655342102,0.3628878891468048,0.3640139770491793,0.3575518848009035,0.8087360858917236,23,2,116,174,0.3104324340820312,303.0658431582981,302.28922335306805,0.0010415982056074,1398.75,946.9166666666666,451.75,312,314,374
East Polineni Palem,15.188,79.768,28_515_shc_2024-25.4835,176.0,79.7,161.4,0.64,0.0457499995827674,0.0597000010311603,0.0908000022172927,0.1035000011324882,0.1394499987363815,0.1740500032901764,0.1916999965906143,0.1928000003099441,0.2089000046253204,0.2094999998807907,0.2097000032663345,0.169850006699562,0.3013837337493896,0.1605718582868576,0.1634273987382655,0.1682154948179635,1.0876556634902954,46,4,345,183,0.3104324340820312,303.0658431582981,302.28922335306805,0.0010415982056074,1406.6666666666667,959.0833333333334,447.5,334,303,363
Nekunampuram @ Pokur,15.188,79.838,28_515_shc_2024-25.13036,213.0,69.9,400.3,0.49,0.0478999987244606,0.0496999993920326,0.0740000009536743,0.070200003683567,0.1366000026464462,0.2196999937295913,0.2547000050544739,0.2511999905109405,0.2757999897003174,0.2748000025749206,0.24719999730587,0.1679999977350235,0.5631611347198486,0.2955131232738495,0.3481706313927699,0.3305332142195865,0.98407644033432,23,1,270,183,0.3104324340820312,303.0658431582981,302.28922335306805,0.0010415982056074,1398.75,946.9166666666666,451.75,303,319,378
Nekunampuram @ Pokur,15.188,79.842,28_515_shc_2024-25.467,188.0,132.1,142.1,0.67,0.0418500006198883,0.0489500015974044,0.0753500014543533,0.0770500004291534,0.1371500045061111,0.2592999935150146,0.3021999895572662,0.3007999956607818,0.3241499960422516,0.3046500086784363,0.2327000051736831,0.1539999991655349,0.5921661853790283,0.3736727833747864,0.4007055954345184,0.3823261312779661,0.7736037373542786,25,2,270,186,0.3104324340820312,303.0658431582981,302.28922335306805,0.0010415982056074,1398.75,946.9166666666666,451.75,308,312,380
Kondamudusu Palem,15.188,79.892,28_515_shc_2024-25.9081,176.0,127.8,497.2,0.31,0.0431500002741813,0.0441000014543533,0.062899999320507,0.0586000010371208,0.095949999988079,0.1138999983668327,0.1220000013709068,0.1674000024795532,0.1233000010251998,0.1885000020265579,0.1169999986886978,0.0754999965429306,0.4814159274101257,0.2713119387626648,0.2289080615282208,0.2247933903211068,0.698924720287323,20,5,38,171,0.3014178382025824,303.03600374857587,302.2725838131375,0.0010840338359355,1402.9166666666667,939.6666666666666,463.25,316,329,355
Nekunampuram @ Pokur,15.192,79.818,28_515_shc_2024-25.12549,263.0,34.9,180.8,0.29,0.0439000017940998,0.0522000007331371,0.0761500000953674,0.1155000030994415,0.1562999933958053,0.1925500035285949,0.2108500003814697,0.2055000066757202,0.2230000048875808,0.2383999973535537,0.2909500002861023,0.2167499959468841,0.2803738415241241,0.1359867751598358,0.1493032554667537,0.1644336221157768,1.415814995765686,28,2,296,186,0.3104324340820312,303.0658431582981,302.28922335306805,0.0010415982056074,1397.3333333333333,953.1666666666666,444.0833333333333,294,312,393
East Polineni Palem,15.195,79.765,28_515_shc_2024-25.4898,163.0,147.4,284.1,0.59,0.045949999243021,0.0621999986469745,0.091899998486042,0.1061000004410743,0.1412000060081482,0.1786500066518783,0.1955000013113021,0.2002999931573867,0.2085999995470047,0.2074999958276748,0.213249996304512,0.1632000058889389,0.307441234588623,0.1730599850416183,0.1718476216929552,0.175223202128183,1.0646530389785769,50,1,226,183,0.3104324340820312,303.0658431582981,302.28922335306805,0.0010415982056074,1406.6666666666667,959.0833333333334,447.5,312,297,391
Nekunampuram @ Pokur,15.195,79.805,28_515_shc_2024-25.12636,63.0,69.9,206.6,0.45,0.0362999998033046,0.0394000001251697,0.0571000017225742,0.0826999992132186,0.1136000007390976,0.1867000013589859,0.2134999930858612,0.2067999988794326,0.2240999937057495,0.2388000041246414,0.2257000058889389,0.1564999967813491,0.4286701083183288,0.2908863723278045,0.2204262882131662,0.2357821405307659,1.0913926362991333,30,2,27,177,0.3104324340820312,303.0658431582981,302.28922335306805,0.0010415982056074,1397.3333333333333,953.1666666666666,444.0833333333333,310,283,407
Kakutur,15.202,79.848,28_515_shc_2024-25.5335,138.0,164.0,400.3,0.38,0.0387500002980232,0.0538000017404556,0.0808499976992607,0.1128000020980835,0.1652999967336654,0.2338999956846237,0.2621999979019165,0.2565000057220459,0.2881500124931335,0.2852999866008758,0.3203000128269195,0.2340500056743621,0.3891145288944244,0.2162162363529205,0.2348346240197084,0.2479581312514424,1.2487329244613647,26,3,215,186,0.3104324340820312,303.0658431582981,302.28922335306805,0.0010415982056074,1398.75,946.9166666666666,451.75,301,315,383
Kakutur,15.202,79.852,28_515_shc_2024-25.8939,75.0,42.6,213.1,0.39,0.0502000004053115,0.0599000006914138,0.0874499976634979,0.1351000070571899,0.1657000035047531,0.1968500018119812,0.2135999947786331,0.2240000069141388,0.2188999950885772,0.2365500032901764,0.2920500040054321,0.2343499958515167,0.2475633472204208,0.1496022641658783,0.1401898593143282,0.1552205769023228,1.3037946224212646,29,3,90,171,0.3014178382025824,303.03600374857587,302.2725838131375,0.0010840338359355,1398.75,946.9166666666666,451.75,309,308,383
Kakutur,15.202,79.862,28_515_shc_2024-25.838,138.0,79.7,277.7,0.53,0.0427500009536743,0.0449000000953674,0.0658999979496002,0.097350001335144,0.1370500028133392,0.196600005030632,0.2304999977350235,0.232800006866455,0.2472500056028366,0.2451499998569488,0.2484499961137771,0.1948499977588653,0.4102680683135986,0.2588887512683868,0.2287774959215729,0.244744933192395,1.0672249794006348,22,3,180,180,0.3014178382025824,303.03600374857587,302.2725838131375,0.0010840338359355,1398.75,946.9166666666666,451.75,314,298,388
Anandapuram,15.202,79.928,28_515_shc_2024-25.1625,100.0,147.4,413.3,0.39,0.0447000004351139,0.0548000000417232,0.0905999988317489,0.0841000005602836,0.1467999964952469,0.2090000063180923,0.2268999963998794,0.2231999933719635,0.2340999990701675,0.2295999974012375,0.1987999975681305,0.1381999999284744,0.4526521265506744,0.2064864784479141,0.2640871681154586,0.258454094866537,0.8906810283660889,10,2,27,177,0.3014178382025824,303.03600374857587,302.2725838131375,0.0010840338359355,1400.0,926.4166666666666,473.5833333333333,311,309,379
Kakutur,15.205,79.855,28_515_shc_2024-25.5352,163.0,62.2,218.1,0.34,0.0502000004053115,0.0807999968528747,0.1155000030994415,0.1748999953269958,0.1891500055789947,0.2179999947547912,0.2322999984025955,0.2463999986648559,0.2410500049591064,0.2282000035047531,0.3140499889850616,0.2581500113010406,0.1697127968072891,0.131442978978157,0.1057817546188793,0.1164115985088552,1.2745535373687744,30,1,46,177,0.3014178382025824,303.03600374857587,302.2725838131375,0.0010840338359355,1398.75,946.9166666666666,451.75,307,299,394
Polineni Cheruvu,15.208,79.682,28_515_shc_2024-25.8747,163.0,164.0,200.2,0.24,0.0399999991059303,0.0432000011205673,0.0689999982714653,0.0584000013768672,0.1189000010490417,0.2381999939680099,0.2804000079631805,0.2924000024795532,0.3059999942779541,0.3000000119209289,0.2892000079154968,0.1717000007629394,0.6670467257499695,0.4218332171440124,0.4435850786474654,0.4125528914704413,0.98905611038208,83,3,123,171,0.3040306515163845,302.9349946339925,302.2056458791097,0.0010065771609055,1384.8333333333333,953.6666666666666,431.25,300,265,435
Nukavaram,15.208,79.818,28_515_shc_2024-25.9347,226.0,164.0,193.9,0.19,0.0407500006258487,0.0507000014185905,0.0763500034809112,0.1335999965667724,0.1623000055551529,0.189300000667572,0.2084500044584274,0.2080000042915344,0.2169999927282333,0.2228499948978424,0.324750006198883,0.241699993610382,0.2177986204624176,0.1234134435653686,0.1141559655004114,0.1326045763703986,1.561298131942749,33,4,116,168,0.3104324340820312,303.0658431582981,302.28922335306805,0.0010415982056074,1397.3333333333333,953.1666666666666,444.0833333333333,312,303,385
Nukavaram,15.208,79.838,28_515_shc_2024-25.1196,201.0,25.1,326.0,0.76,0.0306000001728534,0.0421999990940094,0.0649999976158142,0.096900001168251,0.1222999989986419,0.2117999941110611,0.2468000054359436,0.2169999927282333,0.262499988079071,0.2687999904155731,0.2196999937295913,0.1437000036239624,0.3826059103012085,0.2791040241718292,0.2026114971161089,0.2213416742731734,1.0124423503875732,32,2,27,177,0.3104324340820312,303.0658431582981,302.28922335306805,0.0010415982056074,1398.75,946.9166666666666,451.75,300,319,381
KANDUKUR,15.208,79.868,28_515_shc_2024-25.17331,163.0,164.0,206.6,0.14,0.0454000011086463,0.0419999994337558,0.0595999993383884,0.090999998152256,0.123999997973442,0.1854999959468841,0.2134999930858612,0.2047999948263168,0.2214999943971634,0.2150000035762787,0.2353000044822693,0.1545999944210052,0.3847194015979767,0.2457420825958252,0.1981473701529175,0.214501126560939,1.14892578125,25,3,134,174,0.3014178382025824,303.03600374857587,302.2725838131375,0.0010840338359355,1398.75,946.9166666666666,451.75,314,296,390
Kancharagunta,15.208,79.898,28_515_shc_2024-25.2686,138.0,164.0,342.2,0.25,0.0744500011205673,0.1177000030875206,0.139500007033348,0.1648000031709671,0.1807499974966049,0.1988999992609024,0.2353499978780746,0.2289000004529953,0.2480500042438507,0.2388000041246414,0.3399499952793121,0.3127999901771545,0.1628143191337585,0.1175393685698509,0.1200419443773456,0.1075864334039981,1.4851462841033936,21,2,180,180,0.3014178382025824,303.03600374857587,302.2725838131375,0.0010840338359355,1402.9166666666667,939.6666666666666,463.25,304,300,396
KANDUKUR,15.212,79.892,28_515_shc_2024-25.20017,176.0,116.8,400.3,0.21,0.0531499981880188,0.0686499997973442,0.0993999987840652,0.1225999966263771,0.1510999947786331,0.2354999929666519,0.26460000872612,0.277099996805191,0.2847000062465668,0.2732000052928924,0.2621999979019165,0.1838999986648559,0.3865399062633514,0.2942550182342529,0.257873921251656,0.2575858641326621,0.946228802204132,21,1,226,183,0.3014178382025824,303.03600374857587,302.2725838131375,0.0010840338359355,1398.25,940.5,457.8333333333333,315,283,402
KANDUKUR,15.228,79.878,28_515_shc_2024-25.20024,201.0,164.0,393.9,0.39,0.0421499982476234,0.0533999986946582,0.069250002503395,0.0850000008940696,0.1269000023603439,0.1921000033617019,0.2190500050783157,0.225600004196167,0.2412000000476837,0.2303999960422516,0.2436999976634979,0.1544499993324279,0.4526722431182861,0.2800000011920929,0.2632761614565793,0.2601776506646683,1.080230474472046,25,2,27,177,0.3014178382025824,303.03600374857587,302.2725838131375,0.0010840338359355,1398.25,940.5,457.8333333333333,315,290,395
Kovur,15.252,79.882,28_515_shc_2024-25.21199,201.0,5.5,109.8,0.35,0.0432999990880489,0.0575999990105629,0.0868000015616417,0.1089999973773956,0.1405999958515167,0.1784999966621399,0.1974000036716461,0.1899999976158142,0.2141000032424926,0.2243999987840652,0.228300005197525,0.1852999925613403,0.2709030210971832,0.1494252979755401,0.1434135992425165,0.1520650827521725,1.201578974723816,31,1,134,177,0.2522066752115885,303.0417763180203,302.271352259318,0.0010961161022981,1401.9166666666667,943.5,458.3333333333333,325,273,402
Kondikandukur,15.268,79.898,28_515_shc_2024-25.11839,151.0,7.6,226.0,0.31,0.0557999983429908,0.0725999996066093,0.1049000024795532,0.1212000027298927,0.1663500070571899,0.2342499941587448,0.2572000026702881,0.272599995136261,0.2831999957561493,0.2580499947071075,0.284850001335144,0.2123000025749206,0.3844591081142425,0.2420548796653747,0.260083815882317,0.2540836754886192,1.0449376106262207,19,3,134,174,0.2522066752115885,303.0417763180203,302.271352259318,0.0010961161022981,1401.9166666666667,943.5,458.3333333333333,338,296,366
G.Meka Padu,15.278,79.572,28_515_shc_2024-25.12229,100.0,157.2,406.8,0.07,0.069750003516674,0.068350002169609,0.0971499979496002,0.1011999994516372,0.1520500034093856,0.2162999957799911,0.2377000004053115,0.2560000121593475,0.2583000063896179,0.2740499973297119,0.2511500120162964,0.1958000063896179,0.4333706796169281,0.2547481954097748,0.2865446449775363,0.2708819597717674,0.981054663658142,87,0,0,180,0.2354770236545139,302.7789779239231,302.05983967251245,0.0009936407773162,1392.4166666666667,930.5833333333334,461.8333333333333,311,272,417
Vikkiralapeta,15.288,79.918,28_515_shc_2024-25.19018,163.0,7.6,45.2,0.28,0.0555500015616416,0.0461666658520698,0.0705000013113021,0.0588500015437603,0.0970500037074089,0.2382999956607818,0.3026750087738037,0.3016499876976013,0.3283833265304565,0.3148374855518341,0.1843499988317489,0.1023000031709671,0.6735090017318726,0.5131677389144897,0.463889922782291,0.4232422821432565,0.6111387610435486,18,2,0,180,0.2522066752115885,303.0417763180203,302.271352259318,0.0010961161022981,1400.9166666666667,933.9166666666666,466.8333333333333,286,315,399
Vikkiralapeta,15.292,79.918,28_515_shc_2024-25.19047,113.0,164.0,142.1,0.34,0.0653999969363212,0.0575666651129722,0.0868249982595443,0.0926999971270561,0.1517666727304458,0.2404000014066696,0.271699994802475,0.3015333414077759,0.303600013256073,0.302233338356018,0.2806000113487243,0.2013999968767166,0.52972012758255,0.3303919434547424,0.3661216422284114,0.3503000871498798,0.930577039718628,16,3,303,189,0.2522066752115885,303.0417763180203,302.271352259318,0.0010961161022981,1407.1666666666667,934.6666666666666,472.5833333333333,302,289,409
