system:index,B1,B11,B12,B2,B3,B4,B5,B6,B7,B8,B8A,B9,K,N,OC,P,sample_id,.geo
0,634.0,3476.0,3051.5,1400.5,1657.0,1961.0,2103.5,2437.5,2717.0,2812.0,2916.5,2865.5,310.4,38,0.26,90.2,0,"{""type"":""Point"",""coordinates"":[79.555352,14.171091]}"
1,735.918918918919,2666.0,2084.5,605.390243902439,798.7647058823529,861.68,1611.6,2165.4,2419.1666666666665,2449.6,2654.7333333333336,2646.1428571428573,428.3,113,0.2,21.5,1,"{""type"":""Point"",""coordinates"":[79.883129,15.298906000000002]}"
2,497.57142857142856,3241.25,2375.0,553.8,847.1818181818181,1138.8,1709.6666666666667,2269.5,2469.6666666666665,2570.0,2775.5,2903.0,347.6,113,0.14,0.8,2,"{""type"":""Point"",""coordinates"":[79.720251,14.771593999999997]}"
3,481.1111111111111,3623.0,2609.0,762.5,1144.0,1527.0,1945.0,2668.5,3119.5,3215.0,3504.5,3582.25,329,113,0.39,0.8,3,"{""type"":""Point"",""coordinates"":[79.70221,14.764503000000005]}"
4,584.5,3224.5,2267.25,756.3333333333334,1171.0,1550.0,2013.1666666666665,2863.2,3270.0,3408.75,3699.5,3738.75,521,201,0.48,0.8,4,"{""type"":""Point"",""coordinates"":[80.002703,14.975099999999998]}"
5,421.0,2673.5,1716.5,648.5,1024.0,1166.0,1736.0,2676.5,3182.0,3189.5,3488.0,3551.0,621,188,0.13,47.62,5,"{""type"":""Point"",""coordinates"":[80.033357,14.949367000000006]}"
6,696.0,3311.5,2771.5,982.5,1258.0,1524.0,1803.0,2162.5,2376.0,2532.0,2648.5,3025.0,323,151,0.25,16.1,6,"{""type"":""Point"",""coordinates"":[80.026144,14.947189000000003]}"
7,685.0,3498.5,2584.5,912.0,1427.0,1744.0,2265.5,3473.0,3928.5,3674.5,4162.5,3964.5,397,314,0.15,0.8,7,"{""type"":""Point"",""coordinates"":[80.034934,14.961666999999997]}"
8,446.0,2158.5,1083.0,669.5,1048.0,991.5,1551.0,2863.0,3383.5,3553.5,3858.0,3866.0,416,376,0.14,18.4,8,"{""type"":""Point"",""coordinates"":[80.026031,14.958184]}"
9,449.5,2989.0,1997.0,612.0,938.5,1105.5,1753.0,2763.0,3076.5,3138.0,3550.0,3214.5,130.4,351,0.34,8.4,9,"{""type"":""Point"",""coordinates"":[79.666517,14.678559000000005]}"
10,450.0,2965.0,2079.5,778.0,1154.5,1395.0,1979.0,2945.0,3479.0,3752.5,3895.5,3480.0,142.8,326,0.23,10.8,10,"{""type"":""Point"",""coordinates"":[79.677545,14.665916000000003]}"
11,277.54545454545456,1262.5,658.8333333333334,358.6923076923077,544.45,350.4761904761905,805.0625,2482.0,3116.4444444444443,3188.8888888888887,3409.0,3290.1,49.2,125,0.3,4.1,11,"{""type"":""Point"",""coordinates"":[79.968203,15.183636999999996]}"
12,338.8,1778.3333333333333,1141.857142857143,350.53846153846155,494.09090909090907,333.44444444444446,972.5714285714286,2381.8,2923.714285714286,2994.0,3242.714285714286,3110.8571428571427,49.2,125,0.3,4.1,12,"{""type"":""Point"",""coordinates"":[79.968268,15.183172]}"
13,690.6,3399.3333333333335,2628.5,853.5,1198.857142857143,1487.9,1746.3333333333333,2160.0,2447.3333333333335,2676.714285714286,2802.4285714285716,2898.2,35.1,238,0.44,72.8,13,"{""type"":""Point"",""coordinates"":[79.977611,15.180090999999997]}"
14,546.7333333333333,1967.6666666666667,1139.0,418.0769230769231,687.1111111111111,527.875,1166.6,2450.1666666666665,2927.0,2930.1666666666665,3149.1666666666665,2846.25,35.1,238,0.44,72.8,14,"{""type"":""Point"",""coordinates"":[79.977198,15.179881]}"
15,813.8,2988.0,2533.0,1013.6666666666666,1263.6363636363637,1520.0,1707.0,2105.0,2259.7,2444.0,2534.5,2591.5555555555557,35.1,238,0.44,72.8,15,"{""type"":""Point"",""coordinates"":[79.977763,15.179922999999999]}"
16,466.45454545454544,1908.0,1169.5,544.0,711.3333333333334,682.0,1074.8,2319.0,2797.0,2677.0,3092.5,3298.1111111111113,35.1,238,0.44,72.8,16,"{""type"":""Point"",""coordinates"":[79.977394,15.179524999999998]}"
17,466.45454545454544,2062.6666666666665,1297.0,605.5,846.75,1010.0,1231.0,2605.8,3187.4,2862.0,3427.5,3298.1111111111113,35.1,238,0.44,72.8,17,"{""type"":""Point"",""coordinates"":[79.977307,15.179084000000001]}"
18,410.6,2328.0,1578.0,591.0,807.5,983.0,1383.0,2258.0,2642.75,2575.5,2830.3333333333335,3232.3333333333335,49.2,276,0.32,112.8,18,"{""type"":""Point"",""coordinates"":[79.97722,15.178665000000002]}"
19,789.2,3174.5,2537.0,991.5333333333333,1294.142857142857,1543.5,1810.3333333333333,2438.8,2676.5,2930.25,2971.5,2900.5,35.1,238,0.44,72.8,19,"{""type"":""Point"",""coordinates"":[79.97861,15.178980000000001]}"
20,677.1,2540.0,1840.857142857143,540.8333333333334,751.4444444444445,665.6666666666666,1306.1666666666667,2269.125,2589.6,2406.0,2858.3333333333335,2975.3333333333335,28.1,289,0.11,7.6,20,"{""type"":""Point"",""coordinates"":[79.979501,15.180049000000004]}"
21,677.1,2318.625,1550.125,481.46666666666664,670.0,603.3846153846154,1241.2727272727273,2469.6666666666665,3031.3333333333335,3422.6666666666665,3211.3333333333335,2975.3333333333335,28.1,289,0.11,7.6,21,"{""type"":""Point"",""coordinates"":[79.979697,15.179965000000003]}"
22,482.64285714285717,2964.6666666666665,2254.6,540.6666666666666,809.9,862.7,1570.1818181818182,2281.5,2522.25,2524.625,2783.0,2963.3333333333335,28.1,289,0.11,7.6,22,"{""type"":""Point"",""coordinates"":[79.98011,15.18007]}"
23,663.2307692307693,2487.6666666666665,1650.6,613.4545454545455,858.5,855.8181818181819,1242.1,2072.4285714285716,2411.375,2544.375,2666.5,2919.8571428571427,28.1,289,0.11,7.6,23,"{""type"":""Point"",""coordinates"":[79.980023,15.179503999999996]}"
24,542.2727272727273,2862.6666666666665,2166.0,604.1428571428571,926.7647058823529,1188.3636363636363,1565.75,2205.75,2458.8888888888887,2637.2,2735.0,2874.0,35.1,188,0.18,48.8,24,"{""type"":""Point"",""coordinates"":[79.983391,15.179105000000002]}"
25,348.9,1770.6666666666667,982.3333333333334,357.4736842105263,590.2727272727273,432.0,1004.3333333333334,2387.3333333333335,2936.3333333333335,3153.0,3195.0,3104.285714285714,63.2,188,0.27,66.4,25,"{""type"":""Point"",""coordinates"":[79.981479,15.178015000000002]}"
26,525.1111111111111,2802.3333333333335,2054.0,621.1,890.3333333333334,1039.8,1588.75,2389.5,2727.0,2818.0,2962.0,3165.0,35.1,163,0.48,8.8,26,"{""type"":""Point"",""coordinates"":[79.966458,15.165909]}"
27,688.2857142857143,2989.5,2642.222222222222,941.9166666666666,1232.8333333333333,1517.4285714285713,1901.1666666666667,2181.8,2350.3333333333335,2319.25,2533.3333333333335,2701.6,35.1,163,0.48,8.8,27,"{""type"":""Point"",""coordinates"":[79.966784,15.165288000000002]}"
28,688.2857142857143,2413.0,1681.5,462.1111111111111,684.5,656.0,1262.8333333333333,2193.25,2611.25,2705.5714285714284,2895.6666666666665,2701.6,35.1,163,0.48,8.8,28,"{""type"":""Point"",""coordinates"":[79.96711,15.164869]}"
29,531.8888888888889,2540.0,1726.0,592.6666666666666,846.0,942.0,1456.0,2575.222222222222,3091.0,3091.25,3444.6666666666665,3217.5,35.1,163,0.48,8.8,29,"{""type"":""Point"",""coordinates"":[79.967001,15.164407999999998]}"
30,553.25,2507.5,1828.0,625.5555555555555,903.75,1095.0,1394.25,2277.25,2765.0,2783.0,2954.0,2833.625,35.1,163,0.48,8.8,30,"{""type"":""Point"",""coordinates"":[79.966067,15.164869]}"
31,553.25,2763.3333333333335,1968.0,619.0,934.0,1261.8,1528.75,2199.0,2507.5,2570.0,2761.0,2833.625,35.1,163,0.48,8.8,31,"{""type"":""Point"",""coordinates"":[79.966067,15.165225000000001]}"
32,349.6923076923077,2189.5,1229.2,470.75,737.0,585.2,1296.0,2127.6666666666665,2414.5,2228.0,2573.0,2399.5,49.2,201,0.29,12.3,32,"{""type"":""Point"",""coordinates"":[79.94613000000001,15.126161999999999]}"
33,356.09090909090907,2575.0,1679.0,485.25,731.2142857142857,805.1111111111111,1437.5,2142.75,2400.5,2400.4285714285716,2516.714285714286,2532.0,49.2,201,0.29,12.3,33,"{""type"":""Point"",""coordinates"":[79.945303,15.125683]}"
34,416.7857142857143,2347.75,1362.6666666666667,470.375,735.8125,666.7,1319.4285714285713,2075.1,2272.5,2259.0,2468.0,2582.8,49.2,201,0.29,12.3,34,"{""type"":""Point"",""coordinates"":[79.944999,15.126508]}"
35,824.0,2478.5,2103.5,923.0,1197.0,1404.0,1483.0,1960.0,2219.5,2419.0,2326.5,2500.0,99.3,238,0.1,13.1,35,"{""type"":""Point"",""coordinates"":[79.587028,14.841833999999999]}"
36,604.1764705882352,2676.0,2000.25,607.5,982.0666666666667,1185.6,1575.8,2397.5,2647.25,2709.0,2908.75,2859.6666666666665,229.7,113,0.14,14.6,36,"{""type"":""Point"",""coordinates"":[79.723288,14.784418]}"
37,615.5,2851.5,1773.25,731.3333333333334,1051.5,1250.6666666666667,1708.111111111111,2782.2727272727275,3231.5,3360.0,3678.0,3404.4444444444443,42.1,100,0.62,14.7,37,"{""type"":""Point"",""coordinates"":[79.984281,15.142970999999998]}"
38,615.5,3111.25,1949.0,862.6666666666666,1315.4,1621.3333333333333,2082.6666666666665,2961.5,3420.8571428571427,3540.0,3811.75,3404.4444444444443,42.1,100,0.62,14.7,38,"{""type"":""Point"",""coordinates"":[79.984075,15.142955000000002]}"
39,613.4,2760.0,1773.0,736.1428571428571,1113.4285714285713,1315.3333333333333,1894.0,2739.0,3118.0,3208.0,3468.0,3522.0,42.1,100,0.62,14.7,39,"{""type"":""Point"",""coordinates"":[79.983554,15.143154000000003]}"
40,599.5555555555555,2987.0,1990.5,797.5,1187.0,1361.0,1906.0,2826.5,3325.0,3376.0,3633.0,3515.0,42.1,100,0.62,14.7,40,"{""type"":""Point"",""coordinates"":[79.983814,15.142535999999998]}"
41,599.5555555555555,2816.0,1851.0,795.8571428571429,1192.125,1321.0,1948.4285714285713,2820.5,3223.0,3310.5,3514.0,3515.0,42.1,100,0.62,14.7,41,"{""type"":""Point"",""coordinates"":[79.98351,15.142672]}"
42,599.5555555555555,3028.0,1960.0,743.5,1116.6666666666667,1268.0,1957.0,2843.6666666666665,3221.5,3310.0,3563.6666666666665,3515.0,42.1,100,0.62,14.7,42,"{""type"":""Point"",""coordinates"":[79.983532,15.142148]}"
43,485.55555555555554,2969.0,2000.4,604.9375,858.2,1135.5,1546.625,1939.2,2102.6,1996.7142857142858,2217.4285714285716,2213.0,49.2,113,0.2,68.7,43,"{""type"":""Point"",""coordinates"":[79.986865,15.136464]}"
44,617.8333333333334,3056.5,1874.0,732.0,1131.3333333333333,1399.0,2042.0,2969.5,3308.6666666666665,3408.0,3670.0,3629.6666666666665,49.2,226,0.38,12.3,44,"{""type"":""Point"",""coordinates"":[79.981815,15.138871000000002]}"
45,616.625,3225.0,2033.5,796.0,1190.0,1426.5,1932.5,3000.5,3286.3333333333335,3402.6666666666665,3729.75,3665.3333333333335,49.2,226,0.38,12.3,45,"{""type"":""Point"",""coordinates"":[79.981935,15.138691999999997]}"
46,616.625,3182.5,2065.0,849.0,1249.8,1392.3333333333333,1895.5,2832.6666666666665,3448.0,3629.5,3822.5,3665.3333333333335,49.2,226,0.38,12.3,46,"{""type"":""Point"",""coordinates"":[79.982098,15.138439999999996]}"
47,616.625,3182.5,2065.0,804.0,1172.0,1390.5,1895.5,2832.6666666666665,3448.0,3570.0,3822.5,3665.3333333333335,49.2,226,0.38,12.3,47,"{""type"":""Point"",""coordinates"":[79.981962,15.138334999999996]}"
48,544.0,3347.0,2159.0,851.0,1287.0,1540.0,2000.5,2927.75,3381.0,3728.0,3726.3333333333335,3323.0,49.2,226,0.38,12.3,48,"{""type"":""Point"",""coordinates"":[79.981745,15.138262000000001]}"
49,662.2,3308.0,2102.0,727.7142857142857,1174.0,1370.0,1940.0,2995.8333333333335,3383.0,3382.6666666666665,3699.3333333333335,3753.3333333333335,49.2,226,0.38,12.3,49,"{""type"":""Point"",""coordinates"":[79.981631,15.138592]}"
50,662.2,3360.0,2166.5,802.6666666666666,1208.0,1413.5,2074.5,3065.0,3501.5,3618.0,3854.0,3753.3333333333335,49.2,226,0.38,12.3,50,"{""type"":""Point"",""coordinates"":[79.981652,15.138466]}"
51,495.6,3096.0,1971.0,688.0,1051.4,1194.0,1729.0,2479.0,2823.5,2952.0,3180.75,2767.4444444444443,28.1,50,0.17,5.9,51,"{""type"":""Point"",""coordinates"":[79.970685,15.131673]}"
52,458.57142857142856,2805.0,1929.2,662.7857142857143,942.125,1229.0,1674.0,2194.75,2387.3333333333335,2319.0,2477.0,1837.5,49.2,138,0.18,59.3,52,"{""type"":""Point"",""coordinates"":[79.968947,15.132273]}"
53,463.42857142857144,2403.0,1441.0,619.0,869.5,935.0,1581.3333333333333,2506.75,3028.3333333333335,3150.5,3436.75,3428.1428571428573,42.1,163,0.42,11.2,53,"{""type"":""Point"",""coordinates"":[79.965561,15.133465]}"
54,543.7142857142857,2755.0,1836.0,608.4444444444445,937.5,1070.0,1647.6666666666667,2384.0,2673.5,2771.8,2929.0,2279.875,42.1,163,0.42,11.2,54,"{""type"":""Point"",""coordinates"":[79.965691,15.133336000000002]}"
55,490.5,2287.0,1378.0,497.7142857142857,818.6666666666666,821.3333333333334,1329.5,2344.2,2678.5,2959.0,2872.0,2296.3333333333335,35.1,351,0.11,37.59,55,"{""type"":""Point"",""coordinates"":[79.963692,15.133864999999997]}"
56,490.5,2228.6666666666665,1394.0,527.6666666666666,753.7,755.5,1325.6666666666667,2162.0,2464.0,2292.0,2614.5,2296.3333333333335,35.1,351,0.11,37.59,56,"{""type"":""Point"",""coordinates"":[79.963469,15.133817]}"
57,493.1666666666667,2216.0,1321.0,592.6666666666666,914.375,918.0,1392.25,2417.4285714285716,2862.5,2918.0,3014.0,3290.0,35.1,351,0.11,37.59,57,"{""type"":""Point"",""coordinates"":[79.963295,15.134074000000002]}"
58,490.5,2228.6666666666665,1394.0,461.5,672.0,655.0,1325.6666666666667,2162.0,2464.0,2299.0,2614.5,2296.3333333333335,35.1,351,0.11,37.59,58,"{""type"":""Point"",""coordinates"":[79.963482,15.133833000000001]}"
59,664.6363636363636,3207.0,2693.5,860.6666666666666,1241.642857142857,1760.7272727272727,2140.285714285714,2473.0,2665.714285714286,2460.3,2723.25,2775.8,35.1,88,0.26,76.9,59,"{""type"":""Point"",""coordinates"":[79.960072,15.134940000000002]}"
60,793.9375,3311.0,2892.75,794.4444444444445,995.2222222222222,1235.4285714285713,1820.2857142857142,2077.4285714285716,2334.75,2081.714285714286,2590.5,2580.1111111111113,35.1,88,0.26,76.9,60,"{""type"":""Point"",""coordinates"":[79.959189,15.135242]}"
61,605.2857142857143,2767.5,1745.6666666666667,673.7692307692307,994.3076923076923,1060.1666666666667,1443.8235294117646,2648.285714285714,3041.4,3153.0,3444.0,2976.8888888888887,56.2,276,0.27,40.53,61,"{""type"":""Point"",""coordinates"":[79.959312,15.136467999999997]}"
62,606.6666666666666,2813.0,1713.0,734.4,1006.6666666666666,1069.0,1740.5,2788.5,3224.6666666666665,3417.6666666666665,3553.9285714285716,3614.6666666666665,42.1,201,0.8,10,62,"{""type"":""Point"",""coordinates"":[79.956606,15.135141]}"
63,545.3333333333334,2565.5,1489.0,671.2,1066.0,1048.25,1635.5,2922.2,3402.0,3560.5,3849.0,3805.2,35.1,314,0.68,1.8,63,"{""type"":""Point"",""coordinates"":[79.956172,15.136814000000001]}"
64,465.0,2432.0,1442.0,611.0,989.0,991.0,1496.6666666666667,2594.8571428571427,3113.1428571428573,3363.6666666666665,3470.5,3232.2,56.2,351,0.32,22.3,64,"{""type"":""Point"",""coordinates"":[79.956563,15.138285000000003]}"
65,544.0,2326.5,1454.0,672.5,870.8333333333334,796.0,1553.3333333333333,2907.5,3385.0,3473.0,3813.0,3775.0,42.1,50,0.17,13.5,65,"{""type"":""Point"",""coordinates"":[79.955867,15.139812000000001]}"
66,492.5,2345.0,1368.0,541.5714285714286,876.4,748.6666666666666,1554.0,2803.4,3376.5,3471.6666666666665,3788.3333333333335,3696.6666666666665,49.2,289,0.19,36.42,66,"{""type"":""Point"",""coordinates"":[79.953684,15.139333000000002]}"
67,475.25,2448.0,1520.6666666666667,621.3333333333334,999.0,988.75,1565.0,2771.5,3185.0,3345.3333333333335,3570.5,3624.5,49.2,125,0.11,31.72,67,"{""type"":""Point"",""coordinates"":[79.953608,15.13861]}"
68,487.2,2246.0,1321.0,619.6,934.6,878.5,1575.0,2681.0,3153.0,3212.8,3508.25,3602.0,49.2,188,0.28,11.2,68,"{""type"":""Point"",""coordinates"":[79.953227,15.137708000000005]}"
69,478.3333333333333,2468.0,1523.0,717.5,1060.3333333333333,1126.25,1701.6666666666667,2714.8571428571427,3164.0,3314.0,3623.375,3682.1111111111113,35.1,314,0.68,1.8,69,"{""type"":""Point"",""coordinates"":[79.955061,15.137242]}"
70,545.3333333333334,2565.5,1489.0,653.0,1056.6,1076.0,1635.5,2922.2,3402.0,3608.0,3849.0,3805.2,35.1,314,0.68,1.8,70,"{""type"":""Point"",""coordinates"":[79.956164,15.136816]}"
71,555.7142857142857,2571.5,1582.0,673.7142857142857,1053.076923076923,1107.5,1688.3333333333333,2349.5,2730.5,2450.6,2972.5,3030.0,35.1,314,0.68,1.8,71,"{""type"":""Point"",""coordinates"":[79.954827,15.136284000000002]}"
72,336.0,2028.0,1267.5,524.4285714285714,717.7777777777778,807.0,1167.75,2094.5,2419.0,2089.5,2573.0,2587.5,42.1,263,0.23,135,72,"{""type"":""Point"",""coordinates"":[79.95269,15.130206000000001]}"
73,341.27272727272725,2192.3333333333335,1356.25,487.8333333333333,736.0,721.6666666666666,1238.375,2122.0,2343.8,2454.5,2570.0,2654.6666666666665,49.2,314,0.18,5.9,73,"{""type"":""Point"",""coordinates"":[79.95032,15.129115000000002]}"
74,417.54545454545456,2897.0,2029.25,405.46153846153845,737.4,924.6666666666666,1624.5833333333333,2281.3333333333335,2462.5,2566.0,2579.6666666666665,2597.4,28.1,289,0.69,3.5,74,"{""type"":""Point"",""coordinates"":[79.944503,15.121267000000005]}"
75,604.1764705882352,3025.6666666666665,2393.8,681.7058823529412,987.0,1189.8,1636.4166666666667,2270.4,2528.3571428571427,2523.7,2836.5714285714284,2859.6666666666665,229.7,113,0.14,14.6,75,"{""type"":""Point"",""coordinates"":[79.723388,14.784260000000003]}"
76,664.6363636363636,3207.0,2693.5,801.625,1121.7142857142858,1380.0,2140.285714285714,2473.0,2665.714285714286,2386.1428571428573,2723.25,2775.8,35.1,88,0.26,76.9,76,"{""type"":""Point"",""coordinates"":[79.960088,15.134829999999996]}"
77,501.6,2066.0,1380.0,599.4,1007.0,1009.6666666666666,1640.5,2065.2,2250.2,2214.6666666666665,2383.3333333333335,2352.0,434,113,0.14,14.6,77,"{""type"":""Point"",""coordinates"":[79.95384200000001,14.851277]}"
78,561.6666666666666,3001.0,2053.0,793.0,1118.0,1370.0,1807.0,2508.25,2795.0,2836.0,3132.0,3116.0,515,226,0.4,3.8,78,"{""type"":""Point"",""coordinates"":[79.957311,14.884256]}"
79,338.5,2585.5,1474.0,543.5,947.0,862.5,1619.5,2517.5,3035.0,3156.5,3376.5,3252.0,180,113,0.32,0.8,79,"{""type"":""Point"",""coordinates"":[79.511017,14.957625]}"
80,566.5,3228.0,2043.0,748.0,1099.0,1171.0,1915.0,2772.0,3159.0,3307.5,3604.0,3549.1666666666665,56.2,201,0.51,15.9,80,"{""type"":""Point"",""coordinates"":[80.032199,15.116372]}"
81,473.7142857142857,3115.3333333333335,2253.3333333333335,737.3,1114.4,1187.8333333333333,1690.7142857142858,2794.75,3220.5,3337.6,3533.25,3414.3333333333335,42.1,163,0.16,12.3,81,"{""type"":""Point"",""coordinates"":[80.041849,15.111631000000001]}"
82,544.8888888888889,4265.0,3608.5,993.3333333333334,1415.0,1800.0,2281.25,2948.6666666666665,3201.0,3308.8,3559.0,3440.25,49.2,226,0.87,1.8,82,"{""type"":""Point"",""coordinates"":[80.041799,15.111003999999996]}"
83,602.4545454545455,3163.75,2393.0,732.9333333333333,1007.6363636363636,1199.4444444444443,1800.5714285714287,2516.25,2792.5,2703.25,3018.8571428571427,2855.0,49.2,226,0.12,1.8,83,"{""type"":""Point"",""coordinates"":[80.041649,15.110328]}"
84,544.8888888888889,4265.0,3608.5,996.4,1424.5,1838.0,2281.25,2948.6666666666665,3201.0,3274.6666666666665,3559.0,3440.25,49.2,226,0.87,1.8,84,"{""type"":""Point"",""coordinates"":[80.041787,15.111036999999996]}"
85,531.75,2892.0,1817.0,783.0,1105.0,1272.0,1841.5,2826.0,3244.5,3309.5,3638.0,3472.6666666666665,35.1,289,0.89,4.7,85,"{""type"":""Point"",""coordinates"":[80.028423,15.110896000000002]}"
86,531.75,3214.0,2168.3333333333335,756.25,1106.3333333333333,1236.0,1848.3333333333333,2728.5,3084.6666666666665,3288.0,3469.0,3472.6666666666665,35.1,289,0.89,4.7,86,"{""type"":""Point"",""coordinates"":[80.028427,15.111032000000002]}"
87,531.75,2892.0,1817.0,786.0,1079.0,1258.6666666666667,1841.5,2826.0,3244.5,3286.5,3638.0,3472.6666666666665,35.1,289,0.89,4.7,87,"{""type"":""Point"",""coordinates"":[80.028243,15.110906]}"
88,563.0,2993.0,2046.0,780.0,1104.0,1282.0,1797.0,2672.5,3037.0,3214.75,3413.0,3358.5,35.1,289,0.89,4.7,88,"{""type"":""Point"",""coordinates"":[80.02816,15.110935]}"
89,542.8333333333334,3145.0,2080.0,799.8888888888889,1103.3333333333333,1201.0,1838.0,2609.3333333333335,3000.0,3270.0,3339.5,3241.6,35.1,289,0.89,4.7,89,"{""type"":""Point"",""coordinates"":[80.028409,15.110637999999998]}"
90,552.8,4035.75,3228.0,864.0,1302.9166666666665,1612.5,2228.5,2764.0,3015.6666666666665,2938.8,3288.75,3119.5,21.1,75,0.52,18.2,90,"{""type"":""Point"",""coordinates"":[80.03966,15.089427000000002]}"
91,572.4642857142858,3058.0,2171.0,850.5,1218.2083333333335,1430.0,1886.5,2829.5,3201.0,3247.0,3530.3333333333335,3555.25,28.1,314,0.5,18.2,91,"{""type"":""Point"",""coordinates"":[80.026777,15.094667]}"
92,551.8,2580.0,1824.25,749.0,1118.1666666666667,1255.0,1735.8333333333335,2607.2,2927.0,3037.5,3253.0,3214.5,28.1,151,0.68,11.2,92,"{""type"":""Point"",""coordinates"":[80.027212,15.093541]}"
93,543.75,3315.5,2320.5,804.75,1122.2,1386.0,1962.1666666666667,2790.6666666666665,3323.3,3402.5,3659.75,3662.4,42.1,88,0.36,15.9,93,"{""type"":""Point"",""coordinates"":[80.029341,15.092408]}"
94,571.8055555555555,3714.75,2556.75,863.6666666666666,1205.2738095238096,1495.0,2018.6666666666667,2981.2,3531.5,3622.3333333333335,3973.916666666667,3778.1428571428573,42.1,88,0.36,15.9,94,"{""type"":""Point"",""coordinates"":[80.029863,15.092618000000002]}"
95,611.5714285714286,3559.0,2346.0,847.0,1184.8,1476.0,2039.0,2896.0,3352.166666666667,3501.0,3817.5,3727.75,28.1,138,0.65,12.3,95,"{""type"":""Point"",""coordinates"":[80.02795,15.091275999999997]}"
96,583.25,3982.5,2805.75,881.6,1319.5,1693.0,2147.5,2986.6666666666665,3356.416666666667,3457.0,3774.75,3627.75,21.1,113,0.52,27,96,"{""type"":""Point"",""coordinates"":[80.030427,15.089471999999999]}"
97,609.1428571428571,3627.6666666666665,2498.0,876.7777777777778,1239.5,1605.8333333333335,2147.916666666667,2901.0,3375.3333333333335,3463.3333333333335,3776.333333333333,3641.25,56.2,151,0.37,37.59,97,"{""type"":""Point"",""coordinates"":[80.028472,15.088087999999999]}"
98,610.1666666666666,3600.5,2463.5,861.9090909090909,1251.5,1555.0,2252.0,3096.0,3611.875,3729.5,4078.6666666666665,3964.25,28.1,125,0.92,10,98,"{""type"":""Point"",""coordinates"":[80.027342,15.087081]}"
99,565.4142857142857,3485.833333333333,2512.0,800.0,1248.25,1520.0,2045.6,2919.416666666667,3391.583333333333,3455.5,3745.666666666667,3560.5,35,113,0.5,12.3,99,"{""type"":""Point"",""coordinates"":[80.029863,15.086409999999999]}"
100,546.1111111111111,3321.75,2291.5,776.0,1195.1666666666667,1375.0,1992.3333333333335,2912.222222222222,3313.0,3419.75,3808.6,3705.75,35,113,0.5,12.3,100,"{""type"":""Point"",""coordinates"":[80.029993,15.085403000000003]}"
101,545.5,3441.0,2377.5,806.7,1144.5,1432.0,1862.5,2560.75,3069.1666666666665,3166.333333333333,3379.0,3289.714285714286,28.1,151,0.68,11.2,101,"{""type"":""Point"",""coordinates"":[80.02669,15.093163]}"
102,549.8571428571429,3313.0,2308.0,795.1428571428571,1179.5714285714287,1385.0,1940.0,2781.4444444444443,3346.0,3547.0,3852.6666666666665,3624.6666666666665,35,113,0.5,12.3,102,"{""type"":""Point"",""coordinates"":[80.029995,15.085488999999999]}"
103,608.3333333333334,3522.5,2401.5,732.4285714285714,1113.6666666666667,1473.0333333333333,1979.6607142857142,2847.916666666667,3263.25,3242.0,3577.25,3594.5,28.1,226,0.71,12.3,103,"{""type"":""Point"",""coordinates"":[80.03129800000002,15.082922000000002]}"
104,658.375,3885.25,2887.5,867.7777777777778,1308.0,1655.0,2118.625,2927.0,3484.5,3480.5,3857.5,3713.9523809523807,35.1,213,0.48,7,104,"{""type"":""Point"",""coordinates"":[80.030429,15.081580000000004]}"
105,536.3,3723.3333333333335,2642.0,837.5833333333333,1175.0,1498.0,1966.6666666666667,2865.3333333333335,3304.0,3421.75,3708.375,3594.866666666667,49.2,188,0.65,24.1,105,"{""type"":""Point"",""coordinates"":[80.028648,15.081454000000006]}"
106,548.1666666666666,2707.0,1922.0,663.1428571428571,991.1666666666666,1149.471590909091,1601.0535714285716,2281.6666666666665,2611.75,2463.769230769231,2813.0666666666666,2909.8,28.1,138,0.73,15.9,106,"{""type"":""Point"",""coordinates"":[80.033167,15.080236999999999]}"
107,493.0,2921.5,2012.75,497.8888888888889,763.3125,923.547619047619,1601.1,2390.8,2699.5,2817.0,2820.9,2935.2,366,314,0.1,17.7,107,"{""type"":""Point"",""coordinates"":[79.912011,14.993612]}"
108,825.6,2843.6666666666665,2162.0,808.5,1095.75,1306.5,1672.6666666666667,2375.0,2583.3333333333335,2616.0,2804.5,2761.0,105.3,125,0.34,11.7,108,"{""type"":""Point"",""coordinates"":[79.907462,14.886735000000003]}"
109,886.0,2555.5,2092.5,677.0,880.0,835.0,1451.0,2251.5,2569.0,2811.0,2808.0,2708.5,335.2,75,0.18,86.8,109,"{""type"":""Point"",""coordinates"":[79.831852,14.128472999999998]}"
110,920.0,3113.0,2675.0,1037.0,1324.0,1514.0,2100.0,2500.0,2721.0,2554.0,2855.0,2862.0,335.2,75,0.18,86.8,110,"{""type"":""Point"",""coordinates"":[79.830847,14.128599]}"
111,886.0,2555.5,2092.5,677.0,880.0,835.0,1451.0,2251.5,2569.0,2811.0,2808.0,2708.5,335.2,75,0.18,86.8,111,"{""type"":""Point"",""coordinates"":[79.831879,14.12851]}"
112,750.0,2841.5,2455.5,1271.0,1540.0,1713.0,1780.5,2137.0,2356.5,2612.5,2569.5,2714.0,285.5,100,0.27,10,112,"{""type"":""Point"",""coordinates"":[79.832047,14.128338999999999]}"
113,886.0,2625.5,2178.0,917.0,1106.5,1286.0,1513.0,2178.5,2396.0,2230.5,2648.5,2708.5,285.5,100,0.27,10,113,"{""type"":""Point"",""coordinates"":[79.831852,14.128338999999999]}"
114,643.5,2619.0,1973.0,784.0,1019.0,1027.0,1533.0,2306.0,2660.0,2625.0,2799.0,2679.0,285.5,100,0.27,10,114,"{""type"":""Point"",""coordinates"":[79.832267,14.128245]}"
115,784.5,2580.0,2071.0,748.0,929.5,928.0,1469.5,2075.0,2300.5,2470.5,2519.5,2634.5,285.5,100,0.27,10,115,"{""type"":""Point"",""coordinates"":[79.831703,14.128228]}"
116,920.0,2875.0,2352.0,849.0,1174.0,1366.0,1796.0,2299.0,2502.0,2534.0,2715.0,2862.0,285.5,100,0.27,10,116,"{""type"":""Point"",""coordinates"":[79.831332,14.128304999999997]}"
117,910.0,3134.0,2655.0,982.0,1230.0,1360.0,1870.0,2291.0,2487.0,2339.0,2789.0,2639.0,335.2,75,0.18,86.8,117,"{""type"":""Point"",""coordinates"":[79.830856,14.128184999999998]}"
118,910.0,3017.5,2606.5,1100.5,1355.5,1612.0,1871.0,2221.0,2426.0,2495.5,2623.0,2639.0,285.5,100,0.27,10,118,"{""type"":""Point"",""coordinates"":[79.83127900000001,14.128091]}"
119,784.5,2591.5,2001.5,775.0,948.5,992.0,1418.0,2095.5,2384.0,2106.0,2516.0,2634.5,285.5,100,0.27,10,119,"{""type"":""Point"",""coordinates"":[79.83153500000002,14.127997]}"
120,432.0,3154.5,2590.5,573.0,896.5,1146.5,1611.5,2156.0,2372.0,2365.0,2565.0,2725.0,154.5,151,0.39,19.2,120,"{""type"":""Point"",""coordinates"":[79.721564,15.115114]}"
121,612.0,3169.5,2364.0,1009.5,1530.5,1836.0,1955.0,2702.5,3004.5,2982.5,3164.0,3408.0,323,188,0.25,32.3,121,"{""type"":""Point"",""coordinates"":[80.042034,14.970048000000002]}"
122,543.1428571428571,2309.0,1432.0,763.75,1053.0,995.5,1688.5,2918.8,3285.75,3305.6666666666665,3741.5,3569.285714285714,540,100,0.17,31.5,122,"{""type"":""Point"",""coordinates"":[80.039208,14.418031000000001]}"
123,545.1428571428571,2701.0,1747.5,738.0,1102.6,1305.5,1870.0,2783.4166666666665,3224.6666666666665,3361.8,3543.9,3504.6666666666665,540,100,0.17,31.5,123,"{""type"":""Point"",""coordinates"":[80.039017,14.418495]}"
124,602.7,2454.0,1558.5,657.0,1049.8,1086.0,1761.5714285714287,2901.0,3415.0,3619.4285714285716,3789.6,3673.0,540,100,0.17,31.5,124,"{""type"":""Point"",""coordinates"":[80.03869,14.418812]}"
125,751.2,2562.0,2017.0,724.5,981.0,984.0,1709.25,2454.6666666666665,2755.5,2924.777777777778,2884.5,2781.125,584,75,0.12,10,125,"{""type"":""Point"",""coordinates"":[80.053729,14.449034999999999]}"
126,490.625,1358.5,1034.625,593.6666666666666,818.8571428571429,689.4,1161.0,1488.4,1735.0,1802.0,1713.0,1182.5555555555557,528,88,0.36,15.4,126,"{""type"":""Point"",""coordinates"":[80.051426,14.442702000000002]}"
127,682.6,3426.0,2772.0,999.0,1384.5,1722.0,2277.0,3086.0,3470.5,3593.2,3888.6666666666665,3555.0,614,75,0.41,30,127,"{""type"":""Point"",""coordinates"":[80.053586,14.438297000000002]}"
128,608.0,2209.0,1389.6,850.375,1124.6666666666667,1052.6,1677.25,2847.5,3293.5,3495.3333333333335,3670.0,3657.375,379,25,0.08,16.1,128,"{""type"":""Point"",""coordinates"":[80.056716,14.439262000000001]}"
129,539.5,2388.5,1389.5,486.09090909090907,800.5,743.2,1504.5,2785.0,3475.0,3411.3333333333335,3766.6666666666665,3878.1666666666665,317,100,0.16,16.9,129,"{""type"":""Point"",""coordinates"":[80.05567,14.441053999999996]}"
130,620.0,2135.5,1305.0,913.5,1160.0,1058.5,1727.0,2916.8,3547.0,3795.0,3936.25,3738.4,379,25,0.08,16.1,130,"{""type"":""Point"",""coordinates"":[80.056705,14.440598]}"
131,688.2,2321.6666666666665,1395.5,879.3333333333334,1129.0,1131.0,1757.6666666666667,2837.3333333333335,3366.6,3478.0,3670.3333333333335,3814.8,379,25,0.08,16.1,131,"{""type"":""Point"",""coordinates"":[80.05692,14.44039]}"
132,591.0,1930.0,1185.0,737.0,922.0,986.0,1639.5,2649.2,3117.0,3240.375,3556.3333333333335,3613.8333333333335,379,25,0.08,16.1,132,"{""type"":""Point"",""coordinates"":[80.057212,14.440787000000004]}"
133,670.5,2063.0,1231.0,731.5,974.5,1070.5,1775.0,2770.0,3251.0,3332.6666666666665,3630.0,3613.4,502,38,0.2,26.9,133,"{""type"":""Point"",""coordinates"":[80.058228,14.440238999999998]}"
134,472.5,2696.5,2042.0,704.0,916.5,1182.0,1648.5,2567.0,2940.5,3021.0,3259.5,3237.0,378.6,63,0.28,20.7,134,"{""type"":""Point"",""coordinates"":[79.645457,14.974625]}"
135,605.0,2990.0,2017.0,673.5,1117.0,1131.0,1852.0,2777.5,3211.5,3452.0,3596.5,3525.5,428.3,151,0.34,1.5,135,"{""type"":""Point"",""coordinates"":[79.647092,14.980394000000002]}"
136,482.0,2725.0,1737.0,706.0,1006.0,1165.0,1539.5,2406.0,2781.0,2798.5,3131.0,2944.5,428.3,176,0.45,15.4,136,"{""type"":""Point"",""coordinates"":[79.64732500000001,14.986485]}"
137,536.0,2838.5,2310.0,932.0,1182.5,1378.5,1766.0,2232.5,2440.0,2313.0,2644.0,2679.5,360,50,0.21,28.4,137,"{""type"":""Point"",""coordinates"":[79.640318,14.999117999999998]}"
138,400.5,2803.0,1693.5,460.0,734.0,577.5,1271.5,2644.0,3087.0,3253.0,3337.5,3138.5,434.5,113,0.23,16.1,138,"{""type"":""Point"",""coordinates"":[79.635693,14.945180999999996]}"
139,404.0,2719.0,1801.0,470.5,725.0,833.5,1395.5,2207.0,2479.5,2523.5,2782.5,2829.5,378.6,63,0.24,20.7,139,"{""type"":""Point"",""coordinates"":[79.644957,14.974079999999999]}"
140,536.0,2643.5,2006.5,813.5,1064.5,1250.0,1541.0,2308.5,2577.0,2534.0,2850.5,2679.5,360,50,0.21,28.4,140,"{""type"":""Point"",""coordinates"":[79.640151,14.999059000000003]}"
141,446.0,2580.0,1577.5,530.5,821.0,818.0,1392.0,2213.0,2493.5,2681.0,2826.5,2801.5,384.9,151,0.18,13.1,141,"{""type"":""Point"",""coordinates"":[79.643355,14.994914]}"
142,437.5,2498.5,1606.5,607.0,844.5,962.5,1261.0,2066.0,2316.0,2556.0,2640.5,2879.5,428.3,176,0.45,15.4,142,"{""type"":""Point"",""coordinates"":[79.645872,14.986294]}"
143,544.0,2351.0,1672.0,445.0,706.5,686.5,1263.0,2031.0,2314.0,2572.0,2525.5,2428.0,360,50,0.21,28.4,143,"{""type"":""Point"",""coordinates"":[79.63983,14.999612]}"
144,738.0,3792.75,2898.0,930.4545454545455,1294.0,1742.25,2182.5,2550.6,2803.0,2905.0,3153.6,3101.5,329,326,0.28,20.7,144,"{""type"":""Point"",""coordinates"":[79.722879,14.669867]}"
145,362.5,2737.5,1852.5,417.6,656.4,879.2,1365.8,2224.25,2509.0,2542.5,2664.6666666666665,2717.6,140.5,38,0.69,10.6,145,"{""type"":""Point"",""coordinates"":[79.82098,14.942210000000001]}"
146,536.5,2690.5,2119.5,548.0,824.0,1180.5,1563.5,1917.0,2105.5,2168.5,2270.0,2336.5,273.9,176,0.53,14.1,146,"{""type"":""Point"",""coordinates"":[79.40734600000002,14.860562]}"
147,821.5,3529.5,2219.5,1024.5,1402.5,1582.0,2259.0,2941.5,3725.5,3835.0,4169.5,4105.0,84.3,75,0.21,5.9,147,"{""type"":""Point"",""coordinates"":[80.046718,14.276189]}"
148,544.6666666666666,2135.0,1205.0,938.0,1194.25,1220.0,1685.0,2549.5,3051.2,3252.3333333333335,3309.5,2840.0,186.2,113,0.09,96.8,148,"{""type"":""Point"",""coordinates"":[80.147189,14.526124000000005]}"
149,669.0,682.0,461.5,597.0,855.625,603.5,908.0,786.6666666666666,787.0,796.25,671.5,2465.8,130.4,88,0.74,185.9,149,"{""type"":""Point"",""coordinates"":[80.148527,14.526243000000001]}"
150,621.5,2157.0,1354.5,820.6666666666666,1166.0,1090.0,1869.0,2840.75,3378.0,3558.8,3769.4,3586.5,198.6,151,0.19,197.4,150,"{""type"":""Point"",""coordinates"":[80.148973,14.525446]}"
151,595.0,1941.0,1167.0,695.0,972.5,907.0,1720.0,2958.0,3567.3333333333335,3621.0,3956.75,3650.0,198.6,151,0.19,197.4,151,"{""type"":""Point"",""coordinates"":[80.149316,14.524881999999998]}"
152,595.0,1948.0,1021.0,723.0,1002.0,951.3333333333334,1493.0,2803.0,3253.6666666666665,3657.0,3636.6666666666665,3650.0,198.6,151,0.19,197.4,152,"{""type"":""Point"",""coordinates"":[80.149033,14.524550999999999]}"
153,1008.7272727272727,3288.6666666666665,2793.25,1073.7142857142858,1335.6666666666667,1496.0,1941.0,2302.0,2581.0,2522.0,2797.0,2858.2,198.6,63,0.28,223,153,"{""type"":""Point"",""coordinates"":[80.151571,14.525162000000002]}"
154,1008.7272727272727,3288.6666666666665,2793.25,1073.7142857142858,1335.6666666666667,1496.0,1941.0,2302.0,2581.0,2522.0,2797.0,2858.2,198.6,63,0.28,223,154,"{""type"":""Point"",""coordinates"":[80.151575,14.525164999999998]}"
155,1008.7272727272727,3288.6666666666665,2793.25,1073.7142857142858,1335.6666666666667,1496.0,1941.0,2302.0,2581.0,2522.0,2797.0,2858.2,198.6,63,0.28,223,155,"{""type"":""Point"",""coordinates"":[80.15157,14.525174000000002]}"
156,1008.7272727272727,3288.6666666666665,2793.25,1073.7142857142858,1335.6666666666667,1496.0,1941.0,2302.0,2581.0,2522.0,2797.0,2858.2,198.6,63,0.28,223,156,"{""type"":""Point"",""coordinates"":[80.15159,14.525189]}"
157,911.0,3364.3333333333335,2899.714285714286,1131.857142857143,1423.5,1754.5,2069.3333333333335,2389.285714285714,2612.3333333333335,2647.3333333333335,2837.5,3051.0,198.6,63,0.28,223,157,"{""type"":""Point"",""coordinates"":[80.151854,14.525273999999998]}"
158,911.0,3364.3333333333335,2899.714285714286,1131.857142857143,1423.5,1754.5,2069.3333333333335,2389.285714285714,2612.3333333333335,2647.3333333333335,2837.5,3051.0,198.6,63,0.28,223,158,"{""type"":""Point"",""coordinates"":[80.151859,14.525279]}"
159,911.0,3364.3333333333335,2899.714285714286,1131.857142857143,1423.5,1754.5,2069.3333333333335,2389.285714285714,2612.3333333333335,2647.3333333333335,2837.5,3051.0,198.6,63,0.28,223,159,"{""type"":""Point"",""coordinates"":[80.151867,14.525293000000003]}"
160,911.0,3364.3333333333335,2899.714285714286,1131.857142857143,1423.5,1754.5,2069.3333333333335,2389.285714285714,2612.3333333333335,2647.3333333333335,2837.5,3051.0,198.6,63,0.28,223,160,"{""type"":""Point"",""coordinates"":[80.151872,14.525287000000002]}"
161,911.0,3364.3333333333335,2899.714285714286,1131.857142857143,1423.5,1754.5,2069.3333333333335,2389.285714285714,2612.3333333333335,2647.3333333333335,2837.5,3051.0,198.6,63,0.28,223,161,"{""type"":""Point"",""coordinates"":[80.15187700000001,14.525282000000002]}"
162,911.0,3364.3333333333335,2899.714285714286,1131.857142857143,1423.5,1754.5,2069.3333333333335,2389.285714285714,2612.3333333333335,2647.3333333333335,2837.5,3051.0,198.6,63,0.28,223,162,"{""type"":""Point"",""coordinates"":[80.15189,14.525282000000002]}"
163,911.0,3364.3333333333335,2899.714285714286,1131.857142857143,1423.5,1754.5,2069.3333333333335,2389.285714285714,2612.3333333333335,2647.3333333333335,2837.5,3051.0,198.6,63,0.28,223,163,"{""type"":""Point"",""coordinates"":[80.151896,14.525291000000003]}"
164,911.0,3364.3333333333335,2899.714285714286,1131.857142857143,1423.5,1754.5,2069.3333333333335,2389.285714285714,2612.3333333333335,2647.3333333333335,2837.5,3051.0,198.6,63,0.28,223,164,"{""type"":""Point"",""coordinates"":[80.151898,14.525287000000002]}"
165,911.0,3364.3333333333335,2899.714285714286,1131.857142857143,1423.5,1754.5,2069.3333333333335,2389.285714285714,2612.3333333333335,2647.3333333333335,2837.5,3051.0,198.6,63,0.28,223,165,"{""type"":""Point"",""coordinates"":[80.151899,14.525285]}"
166,911.0,3364.3333333333335,2899.714285714286,1131.857142857143,1423.5,1754.5,2069.3333333333335,2389.285714285714,2612.3333333333335,2647.3333333333335,2837.5,3051.0,198.6,63,0.28,223,166,"{""type"":""Point"",""coordinates"":[80.151903,14.525289]}"
167,911.0,3364.3333333333335,2899.714285714286,1131.857142857143,1423.5,1754.5,2069.3333333333335,2389.285714285714,2612.3333333333335,2647.3333333333335,2837.5,3051.0,198.6,63,0.28,223,167,"{""type"":""Point"",""coordinates"":[80.151902,14.525291999999997]}"
168,911.0,3364.3333333333335,2899.714285714286,1131.857142857143,1423.5,1754.5,2069.3333333333335,2389.285714285714,2612.3333333333335,2647.3333333333335,2837.5,3051.0,198.6,63,0.28,223,168,"{""type"":""Point"",""coordinates"":[80.151906,14.525291]}"
169,911.0,3364.3333333333335,2899.714285714286,1131.857142857143,1423.5,1754.5,2069.3333333333335,2389.285714285714,2612.3333333333335,2647.3333333333335,2837.5,3051.0,198.6,63,0.28,223,169,"{""type"":""Point"",""coordinates"":[80.15191,14.525289000000004]}"
170,911.0,3364.3333333333335,2899.714285714286,1131.857142857143,1423.5,1754.5,2069.3333333333335,2389.285714285714,2612.3333333333335,2647.3333333333335,2837.5,3051.0,198.6,63,0.28,223,170,"{""type"":""Point"",""coordinates"":[80.151906,14.525295999999999]}"
171,911.0,3243.0,2629.5,915.1428571428571,1199.3333333333333,1376.0,1873.0,2564.0,2877.5,2679.0,3144.0,3051.0,198.6,63,0.28,223,171,"{""type"":""Point"",""coordinates"":[80.151915,14.525289999999998]}"
172,911.0,3243.0,2629.5,915.1428571428571,1199.3333333333333,1376.0,1873.0,2564.0,2877.5,2679.0,3144.0,3051.0,198.6,63,0.28,223,172,"{""type"":""Point"",""coordinates"":[80.151919,14.525292]}"
173,911.0,3243.0,2629.5,915.1428571428571,1199.3333333333333,1376.0,1873.0,2564.0,2877.5,2679.0,3144.0,3051.0,198.6,63,0.28,223,173,"{""type"":""Point"",""coordinates"":[80.151926,14.525291]}"
174,911.0,3243.0,2629.5,915.1428571428571,1199.3333333333333,1376.0,1873.0,2564.0,2877.5,2679.0,3144.0,3051.0,198.6,63,0.28,223,174,"{""type"":""Point"",""coordinates"":[80.151937,14.525289]}"
175,611.9333333333333,2579.0,1810.3333333333333,668.3076923076923,985.9,918.7857142857143,1504.2,2498.0,2924.5,3113.25,3146.6666666666665,3104.5714285714284,502.8,113,0.19,113.7,175,"{""type"":""Point"",""coordinates"":[80.14948,14.521748000000004]}"
176,880.4285714285714,2671.5,1769.5,908.8,1170.2,1233.6666666666667,1641.0,2573.8571428571427,2922.6666666666665,2794.25,3277.0,3115.0,235.9,138,0.09,133.6,176,"{""type"":""Point"",""coordinates"":[80.152434,14.521844000000005]}"
177,462.25,2508.5,1800.0,595.4285714285714,840.3333333333334,909.6666666666666,1423.4285714285713,2356.0,2672.8,2636.0,2934.0,2769.8333333333335,409.7,188,0.19,223,177,"{""type"":""Point"",""coordinates"":[80.154462,14.52054]}"
178,591.5,2177.0,1295.0,719.0,1048.0,972.0,1551.0,2665.25,3200.0,3478.6666666666665,3512.0,2967.5,509,63,0.19,120.6,178,"{""type"":""Point"",""coordinates"":[80.155899,14.520178000000005]}"
179,589.8,2215.0,1320.0,719.0,1031.6666666666667,836.0,1660.0,2697.0,3239.0,3334.0,3660.0,3311.0,509,63,0.19,120.6,179,"{""type"":""Point"",""coordinates"":[80.155998,14.519747000000002]}"
180,460.14285714285717,2272.0,1382.75,459.0,728.625,618.5555555555555,1164.3333333333333,2474.0,2972.6666666666665,2876.0,3207.0,3429.25,167.6,113,0.19,223,180,"{""type"":""Point"",""coordinates"":[80.153981,14.518698999999998]}"
181,459.85714285714283,2023.0,1271.0,495.85714285714283,747.0,681.2,1238.25,2356.5,2883.6666666666665,3098.0,3140.25,3125.6666666666665,428.3,151,0.09,102.9,181,"{""type"":""Point"",""coordinates"":[80.152257,14.518422000000001]}"
182,526.1666666666666,2247.0,1421.0,529.0,880.3333333333334,887.6666666666666,1520.6,2646.5,3164.0,3296.0,3416.6666666666665,3286.25,428.3,151,0.09,102.9,182,"{""type"":""Point"",""coordinates"":[80.152662,14.517765000000002]}"
183,628.6,2224.0,1523.0,760.0,1122.0,1182.0,2041.0,2797.5,3228.0,3400.5,3654.0,3700.0,167.6,113,0.19,223,183,"{""type"":""Point"",""coordinates"":[80.153602,14.517676]}"
184,589.25,2951.6666666666665,2003.6666666666667,723.0,1000.875,1221.3333333333333,1677.2,2581.4,3016.8333333333335,3112.5,3403.0,3734.0,62.1,113,0.09,168.2,184,"{""type"":""Point"",""coordinates"":[80.154637,14.518037999999999]}"
185,537.2,3112.0,2091.3333333333335,610.4444444444445,870.3636363636364,1062.0,1556.6666666666667,2289.0,2569.0,2683.0,2956.3333333333335,2913.0,175.6,151,0.73,50.5,185,"{""type"":""Point"",""coordinates"":[79.860999,14.904299]}"
186,527.6666666666666,2772.0,1780.0,541.0625,870.5714285714286,983.5,1678.6666666666667,2519.0,2768.0,2880.0,3090.0,3229.8,91.3,176,0.8,1.8,186,"{""type"":""Point"",""coordinates"":[79.865957,14.909741999999996]}"
187,537.0,2731.0,2134.0,745.0,979.0,1228.0,1610.0,2471.5,2774.5,2816.0,3110.5,3258.5,155.2,100,0.42,5.4,187,"{""type"":""Point"",""coordinates"":[79.605129,14.937214]}"
188,546.5,3224.5,2602.0,816.5,1106.0,1464.0,1881.5,2474.5,2862.5,2917.5,3219.5,3224.0,347.6,138,0.19,10.8,188,"{""type"":""Point"",""coordinates"":[79.600446,14.934833000000001]}"
189,522.5,3470.0,2441.5,1067.0,1490.0,1889.5,1950.0,2754.0,3107.0,3243.5,3503.0,3328.5,229.7,38,0.16,13.1,189,"{""type"":""Point"",""coordinates"":[79.604709,14.936423]}"
190,522.5,3488.5,2502.5,844.5,1169.5,1651.0,1962.0,2537.0,2832.0,3002.0,3166.5,3328.5,229.7,38,0.16,13.1,190,"{""type"":""Point"",""coordinates"":[79.604893,14.936273000000002]}"
191,437.0,3110.5,2087.0,629.5,987.5,1255.5,1686.5,2439.5,2704.0,2844.5,3025.5,2909.5,229.7,38,0.16,13.1,191,"{""type"":""Point"",""coordinates"":[79.604936,14.936161999999998]}"
192,437.0,3110.5,2087.0,629.5,987.5,1255.5,1686.5,2439.5,2704.0,2844.5,3025.5,2909.5,229.7,38,0.16,13.1,192,"{""type"":""Point"",""coordinates"":[79.604962,14.936153000000001]}"
193,437.0,3110.5,2087.0,629.5,987.5,1255.5,1686.5,2439.5,2704.0,2844.5,3025.5,2909.5,229.7,38,0.16,13.1,193,"{""type"":""Point"",""coordinates"":[79.604944,14.936133000000002]}"
194,437.0,2925.5,1922.0,615.0,892.0,1183.0,1470.0,2194.5,2446.5,2550.5,2764.5,2909.5,229.7,38,0.16,13.1,194,"{""type"":""Point"",""coordinates"":[79.60492,14.936124000000001]}"
195,437.0,3110.5,2087.0,629.5,987.5,1255.5,1686.5,2439.5,2704.0,2844.5,3025.5,2909.5,229.7,38,0.16,13.1,195,"{""type"":""Point"",""coordinates"":[79.604938,14.936117999999999]}"
196,437.0,3110.5,2087.0,629.5,987.5,1255.5,1686.5,2439.5,2704.0,2844.5,3025.5,2909.5,229.7,38,0.16,13.1,196,"{""type"":""Point"",""coordinates"":[79.604965,14.936112999999999]}"
197,437.0,3110.5,2087.0,704.0,1086.5,1339.5,1686.5,2439.5,2704.0,2954.0,3025.5,2909.5,229.7,38,0.16,13.1,197,"{""type"":""Point"",""coordinates"":[79.605106,14.936114]}"
198,437.0,3110.5,2087.0,570.0,920.5,1047.5,1686.5,2439.5,2704.0,2958.0,3025.5,2909.5,229.7,38,0.16,13.1,198,"{""type"":""Point"",""coordinates"":[79.605054,14.936063]}"
199,480.5,3209.5,2116.0,660.5,1038.0,1278.5,1750.0,2302.5,2566.0,2726.5,2888.5,2919.5,229.7,38,0.16,13.1,199,"{""type"":""Point"",""coordinates"":[79.60518,14.936002000000002]}"
200,480.5,3209.5,2116.0,660.5,1038.0,1278.5,1750.0,2302.5,2566.0,2726.5,2888.5,2919.5,229.7,38,0.16,13.1,200,"{""type"":""Point"",""coordinates"":[79.605148,14.935972000000001]}"
201,486.0,2534.0,1725.0,421.5,653.5,659.5,1424.5,2408.0,2720.5,2685.5,2960.0,2864.5,347.6,138,0.19,10.8,201,"{""type"":""Point"",""coordinates"":[79.601344,14.934882999999997]}"
202,525.5,2897.0,2241.0,675.5,927.0,1210.0,1660.0,2376.5,2654.5,2910.0,2972.5,2956.5,347.6,138,0.19,10.8,202,"{""type"":""Point"",""coordinates"":[79.601017,14.934554999999996]}"
203,525.5,2982.0,2139.0,736.0,1052.0,1380.0,1668.0,2357.5,2651.0,2747.5,2987.5,2956.5,347.6,138,0.19,10.8,203,"{""type"":""Point"",""coordinates"":[79.601047,14.934331999999998]}"
204,525.5,2786.0,2091.5,615.0,952.0,1136.0,1623.5,2363.0,2674.0,2717.0,2969.0,2956.5,347.6,138,0.19,10.8,204,"{""type"":""Point"",""coordinates"":[79.600898,14.934266999999998]}"
205,525.5,3001.0,2069.5,599.0,894.5,1025.5,1585.5,2338.5,2612.0,2801.5,2943.0,2956.5,347.6,138,0.19,10.8,205,"{""type"":""Point"",""coordinates"":[79.60101,14.934159999999999]}"
206,566.5,3088.5,2175.5,683.5,981.0,1145.0,1710.0,2381.0,2721.0,2848.0,2994.5,2909.5,142.8,163,0.19,10.8,206,"{""type"":""Point"",""coordinates"":[79.604479,14.932695]}"
207,503.0,3097.0,2315.5,835.5,1095.0,1480.0,1720.5,2238.5,2503.5,2717.0,2827.0,2891.5,86.9,125,0.73,15.4,207,"{""type"":""Point"",""coordinates"":[79.603389,14.932358999999998]}"
208,556.5,3572.5,2670.0,728.0,1086.0,1417.0,1996.0,2620.5,2918.0,2952.0,3252.0,3107.5,142.8,163,0.19,10.8,208,"{""type"":""Point"",""coordinates"":[79.603687,14.932178000000002]}"
209,601.0,3118.5,2334.5,811.5,1162.0,1384.0,1871.0,2547.5,2882.0,2961.5,3190.5,3105.0,142.8,163,0.19,10.8,209,"{""type"":""Point"",""coordinates"":[79.604742,14.931603000000003]}"
210,504.5,3024.0,2128.0,717.0,980.5,1068.5,1642.0,2455.5,2748.5,2870.5,3051.5,3072.0,86.9,125,0.73,15.4,210,"{""type"":""Point"",""coordinates"":[79.602428,14.931603000000003]}"
211,504.5,3175.5,2279.0,705.5,991.0,1063.0,1712.5,2492.0,2804.0,2854.0,3124.0,3072.0,86.9,125,0.73,15.4,211,"{""type"":""Point"",""coordinates"":[79.602445,14.931396999999999]}"
212,679.5,3801.0,3219.5,1168.5,1508.0,2002.0,2200.5,2549.5,2798.0,2854.0,3096.5,2989.5,223.5,138,0.16,10.8,212,"{""type"":""Point"",""coordinates"":[79.595534,14.933592]}"
213,539.5,3731.5,2666.5,835.0,1226.5,1603.0,2256.5,2911.0,3304.5,3399.5,3718.5,3387.5,223.5,138,0.16,10.8,213,"{""type"":""Point"",""coordinates"":[79.595435,14.932973]}"
214,540.0,3633.5,2733.0,952.0,1358.0,1903.5,2278.5,2915.0,3331.0,3427.0,3700.5,3540.0,223.5,138,0.16,10.8,214,"{""type"":""Point"",""coordinates"":[79.595409,14.932743]}"
215,540.0,3755.5,2841.0,1009.0,1423.0,1867.0,2294.0,2871.0,3292.5,3371.5,3649.0,3540.0,223.5,138,0.16,10.8,215,"{""type"":""Point"",""coordinates"":[79.595579,14.932587]}"
216,566.5,3088.5,2175.5,718.5,1004.5,1131.5,1710.0,2381.0,2721.0,2807.0,2994.5,2909.5,142.8,163,0.19,10.8,216,"{""type"":""Point"",""coordinates"":[79.604464,14.932702]}"
217,503.0,3097.0,2315.5,835.5,1095.0,1480.0,1720.5,2238.5,2503.5,2717.0,2827.0,2891.5,86.9,125,0.73,15.4,217,"{""type"":""Point"",""coordinates"":[79.603409,14.932353]}"
218,556.5,3439.5,2528.0,856.0,1193.0,1582.0,1909.0,2466.5,2725.0,2959.0,3089.0,3107.5,142.8,163,0.19,10.8,218,"{""type"":""Point"",""coordinates"":[79.603613,14.932188]}"
219,601.0,3208.5,2322.0,826.0,1165.5,1422.0,1868.5,2687.0,2972.0,3078.0,3356.0,3105.0,142.8,163,0.19,10.8,219,"{""type"":""Point"",""coordinates"":[79.604754,14.931587999999998]}"
220,504.5,3175.5,2279.0,705.5,991.0,1063.0,1712.5,2492.0,2804.0,2854.0,3124.0,3072.0,86.9,125,0.73,15.4,220,"{""type"":""Point"",""coordinates"":[79.60243,14.931431999999997]}"
221,394.5,2969.5,2101.5,506.0,812.0,859.0,1586.0,2499.5,2824.0,2951.0,3064.5,3041.0,229.7,50,0.24,4.6,221,"{""type"":""Point"",""coordinates"":[79.605769,14.927464000000004]}"
222,394.5,2888.5,1979.0,629.5,940.5,1226.5,1510.5,2348.0,2634.0,2645.0,2913.0,3041.0,229.7,50,0.24,4.6,222,"{""type"":""Point"",""coordinates"":[79.606016,14.927163999999998]}"
223,391.0,2573.0,1692.5,481.5,754.0,717.5,1388.5,2367.5,2645.5,2843.0,2849.0,3019.0,229.7,50,0.24,4.6,223,"{""type"":""Point"",""coordinates"":[79.605548,14.926678999999998]}"
224,391.0,2497.0,1647.5,472.0,735.5,771.0,1394.0,2375.5,2690.5,2783.0,2921.5,3019.0,229.7,50,0.24,4.6,224,"{""type"":""Point"",""coordinates"":[79.605437,14.926505999999998]}"
225,682.0,4380.5,3590.5,1032.5,1385.0,1937.0,2290.5,2641.5,2948.5,2977.0,3356.0,3198.0,223.5,138,0.16,10.8,225,"{""type"":""Point"",""coordinates"":[79.595602,14.933553999999997]}"
226,743.0,3920.0,3342.0,1339.0,1670.5,2058.0,2385.5,2664.0,2898.5,2983.0,3171.5,3239.0,291.7,125,0.31,9.2,226,"{""type"":""Point"",""coordinates"":[79.590798,14.935437999999998]}"
227,560.5,3209.0,2343.0,740.0,1076.0,1392.5,1860.5,2742.5,3118.5,2979.5,3474.0,3269.5,167.6,125,0.09,1.5,227,"{""type"":""Point"",""coordinates"":[79.589899,14.928690000000001]}"
228,560.5,3209.0,2343.0,740.0,1076.0,1392.5,1860.5,2742.5,3118.5,2979.5,3474.0,3269.5,167.6,125,0.09,1.5,228,"{""type"":""Point"",""coordinates"":[79.589888,14.928682000000002]}"
229,560.5,3108.5,2074.0,582.5,827.5,1003.0,1569.0,2462.5,2768.0,2843.0,3151.5,3269.5,167.6,125,0.09,1.5,229,"{""type"":""Point"",""coordinates"":[79.58991,14.928646000000002]}"
230,560.5,2903.0,1976.0,559.0,867.5,977.0,1517.5,2396.0,2754.5,3000.5,3125.0,3269.5,167.6,125,0.09,1.5,230,"{""type"":""Point"",""coordinates"":[79.589933,14.928616000000002]}"
231,560.5,3108.5,2074.0,840.0,1135.0,1197.0,1569.0,2462.5,2768.0,2913.5,3151.5,3269.5,167.6,125,0.09,1.5,231,"{""type"":""Point"",""coordinates"":[79.589793,14.928611999999998]}"
232,560.5,2902.0,2070.0,707.5,956.5,1133.5,1628.5,2349.5,2686.5,2618.5,2980.5,3269.5,167.6,125,0.09,1.5,232,"{""type"":""Point"",""coordinates"":[79.589593,14.928591999999998]}"
233,560.5,2902.0,2070.0,554.5,811.5,858.5,1628.5,2349.5,2686.5,2636.0,2980.5,3269.5,167.6,125,0.09,1.5,233,"{""type"":""Point"",""coordinates"":[79.589633,14.928519999999997]}"
234,585.0,3010.5,2461.0,961.0,1261.0,1604.0,2144.0,2549.5,2784.5,2521.0,2995.5,2929.0,167.6,125,0.09,1.5,234,"{""type"":""Point"",""coordinates"":[79.589508,14.928486]}"
235,585.0,3183.0,2664.0,1192.5,1570.5,1949.0,2170.5,2610.0,2794.0,2936.0,2954.0,2929.0,167.6,125,0.09,1.5,235,"{""type"":""Point"",""coordinates"":[79.589447,14.928690999999999]}"
236,585.0,3010.5,2461.0,860.0,1172.5,1539.5,2144.0,2549.5,2784.5,2571.0,2995.5,2929.0,167.6,125,0.09,1.5,236,"{""type"":""Point"",""coordinates"":[79.58948200000002,14.92863]}"
237,560.5,2902.0,2070.0,707.5,956.5,1133.5,1628.5,2349.5,2686.5,2618.5,2980.5,3269.5,167.6,125,0.09,1.5,237,"{""type"":""Point"",""coordinates"":[79.589593,14.928594]}"
238,560.5,3209.0,2343.0,740.0,1076.0,1392.5,1860.5,2742.5,3118.5,2979.5,3474.0,3269.5,167.6,125,0.09,1.5,238,"{""type"":""Point"",""coordinates"":[79.589889,14.928679000000002]}"
239,560.5,3108.5,2074.0,582.5,827.5,1003.0,1569.0,2462.5,2768.0,2843.0,3151.5,3269.5,167.6,125,0.09,1.5,239,"{""type"":""Point"",""coordinates"":[79.589841,14.928647]}"
240,394.5,2969.5,2101.5,506.0,812.0,859.0,1586.0,2499.5,2824.0,2951.0,3064.5,3041.0,229.7,50,0.24,4.6,240,"{""type"":""Point"",""coordinates"":[79.605745,14.927429]}"
241,394.5,2888.5,1979.0,629.5,940.5,1226.5,1510.5,2348.0,2634.0,2645.0,2913.0,3041.0,229.7,50,0.24,4.6,241,"{""type"":""Point"",""coordinates"":[79.606036,14.927193]}"
242,391.0,2573.0,1692.5,487.0,808.5,805.0,1388.5,2367.5,2645.5,2551.0,2849.0,3019.0,229.7,50,0.24,4.6,242,"{""type"":""Point"",""coordinates"":[79.605528,14.926652000000002]}"
243,391.0,2497.0,1647.5,457.0,776.0,827.5,1394.0,2375.5,2690.5,2517.0,2921.5,3019.0,229.7,50,0.24,4.6,243,"{""type"":""Point"",""coordinates"":[79.605491,14.926529]}"
244,407.0,3609.0,2703.0,628.5,946.0,1431.0,1908.5,2341.0,2579.5,2728.0,2906.5,2914.5,155.2,176,0.31,2.3,244,"{""type"":""Point"",""coordinates"":[79.585342,14.915923]}"
245,412.0,3277.5,2284.0,752.5,1147.0,1401.0,2040.5,2682.5,3065.0,3194.5,3304.0,3153.0,186.2,201,0.29,10,245,"{""type"":""Point"",""coordinates"":[79.584242,14.917177000000002]}"
246,362.0,2622.5,1763.0,466.5,704.5,777.5,1363.5,2229.5,2561.0,2452.0,2771.0,2914.5,186.2,201,0.29,10,246,"{""type"":""Point"",""coordinates"":[79.584616,14.917046999999997]}"
247,355.5,2579.0,1816.0,470.5,783.0,931.5,1438.5,2193.5,2485.0,2523.0,2685.5,2902.5,186.2,201,0.29,10,247,"{""type"":""Point"",""coordinates"":[79.584919,14.917035]}"
248,355.5,2579.0,1816.0,470.5,783.0,931.5,1438.5,2193.5,2485.0,2523.0,2685.5,2902.5,186.2,201,0.29,10,248,"{""type"":""Point"",""coordinates"":[79.584972,14.916998000000001]}"
249,355.5,2579.0,1816.0,486.0,781.0,1014.5,1438.5,2193.5,2485.0,2614.0,2685.5,2902.5,186.2,201,0.29,10,249,"{""type"":""Point"",""coordinates"":[79.584925,14.916966000000004]}"
250,355.5,2579.0,1816.0,486.0,781.0,1014.5,1438.5,2193.5,2485.0,2614.0,2685.5,2902.5,186.2,201,0.29,10,250,"{""type"":""Point"",""coordinates"":[79.584955,14.916912999999996]}"
251,362.0,2487.5,1628.0,547.0,851.0,937.0,1296.5,2275.0,2571.0,2683.0,2834.0,2914.5,186.2,201,0.29,10,251,"{""type"":""Point"",""coordinates"":[79.584584,14.91673]}"
252,355.5,2468.5,1578.5,414.0,707.0,667.0,1340.0,2768.5,3261.5,3326.5,3500.5,2902.5,186.2,201,0.29,10,252,"{""type"":""Point"",""coordinates"":[79.584854,14.916707000000004]}"
253,355.5,2423.5,1661.0,498.5,762.5,969.5,1401.5,2519.0,2845.5,2666.0,3049.0,2902.5,186.2,201,0.29,10,253,"{""type"":""Point"",""coordinates"":[79.585153,14.916769000000002]}"
254,355.5,2468.5,1578.5,425.5,715.0,744.5,1340.0,2768.5,3261.5,3226.5,3500.5,2902.5,186.2,201,0.29,10,254,"{""type"":""Point"",""coordinates"":[79.584948,14.9168]}"
255,355.5,2423.5,1661.0,538.0,796.5,1117.5,1401.5,2519.0,2845.5,2543.0,3049.0,2902.5,186.2,201,0.29,10,255,"{""type"":""Point"",""coordinates"":[79.585112,14.916802000000002]}"
256,355.5,2513.5,1634.5,391.5,670.0,630.5,1371.5,2488.5,2853.0,3264.0,3108.5,2902.5,186.2,201,0.29,10,256,"{""type"":""Point"",""coordinates"":[79.584735,14.916777000000002]}"
257,649.0,3657.0,2514.0,907.0,1337.0,1734.0,2194.0,3192.0,3633.0,3760.0,4176.0,4041.0,478,213,0.19,8.4,257,"{""type"":""Point"",""coordinates"":[80.00062,14.801453]}"
258,498.0,3358.0,2225.0,761.5,1221.0,1609.0,1865.0,2280.5,2403.0,2351.0,2430.5,2586.0,596,238,0.13,1.5,258,"{""type"":""Point"",""coordinates"":[79.99158,14.811309000000001]}"
259,537.0,3378.0,2350.0,941.0,1257.0,1637.0,1793.0,2560.0,2884.0,2856.0,3161.0,3382.0,602,176,0.13,16.1,259,"{""type"":""Point"",""coordinates"":[79.994628,14.828318999999997]}"
260,563.0,3586.0,2713.5,886.5,1277.0,1772.0,2123.0,2625.0,2909.0,3016.5,3307.0,3231.0,130.4,151,0.08,10,260,"{""type"":""Point"",""coordinates"":[79.679921,14.753878000000002]}"
261,432.5,3196.5,2293.5,653.5,1012.0,1152.5,1832.0,2507.0,2775.0,2781.0,3047.0,2908.5,130.4,151,0.08,10,261,"{""type"":""Point"",""coordinates"":[79.680201,14.75371]}"
262,548.5,3662.5,2702.0,900.5,1292.0,1799.5,2167.0,2583.5,2890.0,3027.5,3215.0,3197.0,130.4,151,0.08,10,262,"{""type"":""Point"",""coordinates"":[79.680527,14.753332999999998]}"
263,283.0,1790.5,992.0,359.5,596.0,399.5,1006.0,2162.5,2503.5,2473.5,2684.5,2625.0,130.4,151,0.08,10,263,"{""type"":""Point"",""coordinates"":[79.679548,14.753062999999997]}"
264,365.5,2481.0,1782.0,452.0,747.5,861.0,1405.5,2190.5,2428.5,2456.5,2653.5,2556.0,99.3,163,0.06,11.5,264,"{""type"":""Point"",""coordinates"":[79.677464,14.752279999999997]}"
265,404.0,2577.0,1731.5,530.5,838.0,879.5,1429.5,2221.0,2528.5,2600.0,2694.0,2767.0,99.3,163,0.06,11.5,265,"{""type"":""Point"",""coordinates"":[79.677682,14.752084000000004]}"
266,420.5,1667.0,961.5,332.0,547.5,419.0,966.5,2060.5,2389.5,2449.0,2604.0,2081.5,111.7,151,0.42,14.16,266,"{""type"":""Point"",""coordinates"":[79.677962,14.753860000000001]}"
267,309.0,1949.5,1119.5,395.5,629.0,555.0,1099.0,2075.5,2385.5,2266.5,2580.5,2729.0,111.7,151,0.42,14.16,267,"{""type"":""Point"",""coordinates"":[79.678195,14.753393999999997]}"
268,403.25,2424.0,1790.0,739.2,1039.0,1194.5,1618.0,2409.0,2599.0,2676.0,2876.0,2885.4,434.5,138,0.5,18.4,268,"{""type"":""Point"",""coordinates"":[79.720132,14.750755]}"
269,471.09090909090907,2639.8,2072.0,671.1666666666666,982.0,1270.6666666666667,1548.8333333333333,2059.75,2313.6,2188.0,2516.3333333333335,2605.6,428.3,176,1.4,9.2,269,"{""type"":""Point"",""coordinates"":[79.727788,14.754630000000004]}"
270,395.0,2915.75,2361.6666666666665,491.3333333333333,845.3333333333334,1261.0,1588.5,2443.0,2656.0,2676.0,2776.5,2705.0,273.1,238,0.1,7.7,270,"{""type"":""Point"",""coordinates"":[79.718227,14.769188]}"
271,508.0,2598.0,1856.0,528.5,802.0,946.5,1469.5,1948.5,2192.0,1782.0,2378.5,3204.0,204.8,113,0.55,5.4,271,"{""type"":""Point"",""coordinates"":[79.701506,14.765781]}"
272,404.09090909090907,2714.3333333333335,1690.0,543.125,918.25,999.5,1487.3333333333333,2582.25,3116.0,3281.3333333333335,3502.0,3552.3333333333335,322.8,113,0.46,6.9,272,"{""type"":""Point"",""coordinates"":[79.705291,14.765781]}"
273,614.0,3582.0,2514.5,875.0,1221.0,1547.0,2085.0,2910.0,3317.0,3475.0,3784.5,3794.5,471.8,238,0.06,10,273,"{""type"":""Point"",""coordinates"":[79.708195,14.764844000000002]}"
274,402.0,1967.5,1431.0,492.3333333333333,752.1666666666666,851.3333333333334,1186.0,1552.75,1746.0,2058.25,1838.0,2372.0,285.5,88,0.54,1.5,274,"{""type"":""Point"",""coordinates"":[79.70502700000002,14.764163000000002]}"
275,552.5,3646.0,2578.0,778.0,1192.0,1560.0,2104.0,2832.0,3134.0,3252.0,3539.0,3474.0,211,176,0.55,3.1,275,"{""type"":""Point"",""coordinates"":[79.69781,14.764929]}"
276,422.0,2860.0,2027.0,572.0,889.0,1058.0,1540.0,2302.0,2564.0,2784.0,2972.0,2999.0,99.3,201,0.35,2.8,276,"{""type"":""Point"",""coordinates"":[79.696138,14.765014000000006]}"
277,521.0,4011.0,2974.0,966.0,1334.0,1862.0,2297.0,2830.0,3148.0,3384.0,3616.0,3384.0,409.7,138,0.3,6.1,277,"{""type"":""Point"",""coordinates"":[79.700538,14.763822000000003]}"
278,405.3636363636364,3188.0,2305.5,670.1666666666666,1056.9166666666665,1430.25,1770.25,2403.1,2767.75,2801.5,3183.6666666666665,3335.25,285.5,88,0.54,1.5,278,"{""type"":""Point"",""coordinates"":[79.704587,14.764503000000001]}"
279,582.3333333333334,3594.5,2597.0,875.5,1237.3333333333333,1547.0,2056.5,2937.0,3407.0,3510.0,3882.5,3584.0,471.8,238,0.06,10,279,"{""type"":""Point"",""coordinates"":[79.708107,14.764929]}"
280,465.77777777777777,2811.0,1923.0,617.5,933.75,1037.0,1654.0,2564.0,2871.0,2883.5,3244.0,3156.0,111.7,38,0.1,4.6,280,"{""type"":""Point"",""coordinates"":[79.710747,14.763992000000004]}"
281,477.8888888888889,2546.0,1844.0,671.0,1073.5,1255.3333333333333,1734.0,2602.6,2886.0,3015.0,3196.0,3171.0,173.8,151,0.43,5.4,281,"{""type"":""Point"",""coordinates"":[79.711715,14.762117999999997]}"
282,490.0,3195.0,2183.6666666666665,587.0,881.5,1051.0,1859.0,2603.0,2939.5,2914.5,3237.0,3447.0,285.5,151,0.19,6.1,282,"{""type"":""Point"",""coordinates"":[79.704763,14.761777999999996]}"
283,528.8571428571429,3614.5,2569.0,735.1666666666666,1104.6666666666667,1435.5,2100.25,2859.0,3199.0,3227.125,3673.0,3625.5714285714284,446.9,125,0.54,0.8,283,"{""type"":""Point"",""coordinates"":[79.711715,14.759563]}"
284,597.5,3044.0,2311.0,840.5,1161.0,1335.0,1815.25,2634.0,3042.0,3074.0,3363.3333333333335,3369.25,446.9,163,0.43,4.6,284,"{""type"":""Point"",""coordinates"":[79.710659,14.756678]}"
285,395.0,2991.0,2008.0,675.5,1012.0,1202.6666666666667,1689.0,2595.0,3021.0,3040.0,3340.0,3316.0,453.1,138,0.53,6.1,285,"{""type"":""Point"",""coordinates"":[79.712243,14.755656000000004]}"
286,585.0,3751.0,2810.0,853.0,1205.0,1735.0,2248.0,2826.0,3217.0,3285.0,3710.0,3270.0,105.5,163,1.21,6.1,286,"{""type"":""Point"",""coordinates"":[79.709867,14.754464]}"
287,479.0,2375.0,1802.4,662.3571428571429,920.0,1127.8,1506.375,2010.1666666666667,2269.25,2258.0,2536.1111111111113,2547.6666666666665,428.3,176,1.4,9.2,287,"{""type"":""Point"",""coordinates"":[79.727731,14.754037999999998]}"
288,580.0,3592.5,2544.5,830.5,1241.0,1618.0,2097.0,2801.5,3252.0,3428.0,3675.5,3534.0,260.7,188,0.44,7.7,288,"{""type"":""Point"",""coordinates"":[79.700714,14.758297]}"
289,450.5,2618.5,1643.0,575.0,750.5,902.5,1400.5,2168.5,2461.5,2528.0,2835.0,2607.0,86.9,88,0.27,45.31,289,"{""type"":""Point"",""coordinates"":[79.497429,14.785030000000004]}"
290,467.0,2524.0,1513.5,494.0,753.0,840.5,1304.0,2136.5,2456.5,2682.0,2809.0,2768.5,248.3,100,0.39,16.9,290,"{""type"":""Point"",""coordinates"":[79.49633,14.786381000000002]}"
291,552.5,2530.5,1981.5,695.0,1054.0,1070.5,1603.0,2189.0,2440.0,2608.0,2707.0,2713.0,198.6,63,0.35,0.8,291,"{""type"":""Point"",""coordinates"":[79.495024,14.784847]}"
292,478.0,2525.0,1724.5,557.0,803.5,887.0,1359.5,2053.0,2320.0,2410.0,2616.5,2616.5,149,25,0.41,26.1,292,"{""type"":""Point"",""coordinates"":[79.492269,14.785343999999998]}"
293,402.5,2402.5,1536.0,486.5,729.5,912.0,1385.0,2014.0,2295.5,2428.5,2649.5,2631.5,316.6,138,0.36,5.4,293,"{""type"":""Point"",""coordinates"":[79.492447,14.786610000000001]}"
294,423.0,2468.0,1708.0,545.5,784.0,964.5,1386.5,2216.0,2522.5,2621.0,2815.0,2665.5,316.6,138,0.36,5.4,294,"{""type"":""Point"",""coordinates"":[79.491495,14.786552]}"
295,447.0,2330.5,1588.5,463.5,720.0,725.0,1221.0,1916.5,2215.0,2250.0,2490.0,2520.0,260.7,25,0.15,50.69,295,"{""type"":""Point"",""coordinates"":[79.4909,14.785632000000001]}"
296,478.0,2752.5,2020.0,630.0,946.5,1121.0,1480.5,2053.5,2297.5,2465.0,2585.0,2616.5,149,25,0.41,26.1,296,"{""type"":""Point"",""coordinates"":[79.49209,14.785458999999998]}"
297,428.5,2776.0,1893.5,598.5,875.5,1070.0,1465.5,2093.5,2352.0,2448.5,2650.5,2729.5,260.7,25,0.15,50.69,297,"{""type"":""Point"",""coordinates"":[79.491793,14.784596000000002]}"
298,437.0,2332.5,1967.0,614.5,950.5,1123.0,1462.5,1793.5,1934.0,1990.0,2141.0,2520.5,130.4,13,0.24,36.1,298,"{""type"":""Point"",""coordinates"":[79.492805,14.783329999999996]}"
299,471.5,2249.0,1752.0,673.5,999.0,1000.5,1477.5,2219.5,2429.5,2592.0,2636.0,2536.5,12.4,113,0.44,11.5,299,"{""type"":""Point"",""coordinates"":[79.49453,14.782409]}"
300,346.0,2316.5,1484.5,382.0,630.5,546.0,1193.0,2003.5,2298.5,2342.0,2593.0,2632.0,397.3,151,0.15,31.5,300,"{""type"":""Point"",""coordinates"":[79.489769,14.781086]}"
301,364.0,2456.5,1370.0,459.0,705.0,551.5,1159.0,2379.0,2743.0,2770.5,3017.5,3047.5,155.2,100,0.39,22.3,301,"{""type"":""Point"",""coordinates"":[79.48239000000001,14.781891]}"
302,526.5,2976.5,1986.5,531.0,794.5,617.5,1464.5,2349.5,2671.0,2887.5,2978.5,3034.5,111.7,50,0.53,16.9,302,"{""type"":""Point"",""coordinates"":[79.48114,14.782582]}"
303,374.5,2312.5,1216.5,462.0,734.5,514.5,1155.5,2375.0,2789.5,2859.0,3049.5,2986.0,155.2,100,0.39,22.3,303,"{""type"":""Point"",""coordinates"":[79.482271,14.781661]}"
304,446.5,2677.5,1631.0,515.5,794.5,752.0,1360.0,2646.5,3049.5,3188.5,3355.0,3254.5,62.1,100,0.21,59.1,304,"{""type"":""Point"",""coordinates"":[79.482093,14.785862000000002]}"
305,559.0,3344.5,2393.0,1191.5,1548.5,1830.0,1803.0,2549.5,2860.5,2920.0,3150.0,3172.0,211,176,0.45,5.4,305,"{""type"":""Point"",""coordinates"":[79.47876,14.784193000000002]}"
306,443.5,3115.5,2064.5,610.5,868.0,959.0,1647.0,2579.5,2898.5,3025.5,3222.0,3096.0,117.9,38,0.24,9.2,306,"{""type"":""Point"",""coordinates"":[79.47632000000002,14.782869999999999]}"
307,465.5,3098.0,2017.0,644.5,930.5,1044.0,1593.0,2603.0,2951.0,3101.0,3288.5,3175.5,111.7,50,0.53,16.9,307,"{""type"":""Point"",""coordinates"":[79.480843,14.782409]}"
308,438.0,2752.0,1991.5,676.0,981.0,1045.0,1546.0,2511.5,2803.5,2831.0,3105.0,3040.5,130.4,38,0.27,11.5,308,"{""type"":""Point"",""coordinates"":[79.477451,14.780626000000003]}"
309,570.0,2867.5,1991.0,678.0,969.0,1108.0,1606.0,2409.5,2700.5,2694.0,2986.0,3004.0,147.5,25,0.36,1.5,309,"{""type"":""Point"",""coordinates"":[79.716724,15.111875000000001]}"
310,539.5,2715.0,1763.5,542.5,804.5,838.0,1355.5,2428.0,2764.0,2916.0,3030.0,3030.5,316,113,0.56,13.1,310,"{""type"":""Point"",""coordinates"":[79.698258,15.116177000000006]}"
311,938.5,2958.5,2399.5,1507.0,1814.0,1926.5,1850.0,2433.0,2652.5,3118.5,2833.5,2666.5,182.6,138,0.28,37.6,311,"{""type"":""Point"",""coordinates"":[79.72271,15.086065]}"
312,531.5,2964.0,1879.5,560.5,843.0,808.0,1442.5,2544.5,2974.5,3162.0,3269.5,3237.0,259.9,151,0.28,63,312,"{""type"":""Point"",""coordinates"":[79.7222,15.082991000000002]}"
313,544.8571428571429,3756.0,2890.0,935.625,1317.5,1833.5,2393.0,3094.0,3415.75,3430.5,3753.2,3428.0,70.2,163,0.57,20.6,313,"{""type"":""Point"",""coordinates"":[79.885454,14.915607]}"
314,617.4545454545455,4112.0,3105.0,869.0,1254.5,1765.6,2270.2,2840.2,3172.1666666666665,3290.0,3674.6,3538.75,305,176,0.32,3.5,314,"{""type"":""Point"",""coordinates"":[79.885116,14.913225999999996]}"
315,479.8888888888889,2734.0,1810.0,535.0,860.625,992.4,1566.6666666666667,2730.0,3121.5,3161.0,3461.0,3370.285714285714,168.6,25,0.47,44.6,315,"{""type"":""Point"",""coordinates"":[79.887708,14.907891]}"
316,436.0,2726.5,2004.5,592.8,850.2,1073.0,1654.5,2131.6666666666665,2381.2,2355.6,2508.0,2422.4,126.4,163,0.8,9.4,316,"{""type"":""Point"",""coordinates"":[79.887483,14.903971999999996]}"
317,474.4,2655.0,1737.0,583.25,917.75,1109.0,1608.5,2242.5,2483.0,2391.3333333333335,2783.0,2933.0,119.4,113,0.8,85.8,317,"{""type"":""Point"",""coordinates"":[79.888271,14.90027]}"
318,490.42857142857144,2861.6666666666665,2132.0,586.8571428571429,941.0909090909091,1134.75,1685.1666666666667,2190.0,2482.3333333333335,2521.0,2635.0,2676.5,119.4,38,0.65,2.9,318,"{""type"":""Point"",""coordinates"":[79.890525,14.898854999999998]}"
319,591.6,2938.6666666666665,2000.0,718.0,1033.2,1167.0,1711.5,2451.0,2765.6666666666665,2854.0,2990.0,2999.25,119.4,38,0.65,2.9,319,"{""type"":""Point"",""coordinates"":[79.89199,14.899942999999997]}"
320,555.0,3079.0,2195.0,748.8,1137.0,1368.3333333333333,1902.6666666666667,2708.0,3131.0,3209.5,3485.0,3354.3333333333335,77.3,50,0.87,6.5,320,"{""type"":""Point"",""coordinates"":[79.89379400000001,14.899507999999999]}"
321,492.75,2917.5,2011.0,526.75,785.1428571428571,848.5,1458.125,2288.3333333333335,2640.3333333333335,2581.4,2901.6666666666665,2897.0,168.6,100,0.95,18.8,321,"{""type"":""Point"",""coordinates"":[79.896273,14.899507999999999]}"
322,550.0,2403.0,1462.0,620.5,970.0,814.0,1592.5,2618.0,2948.75,3103.0,3210.0,3001.0,273.9,125,0.71,8.8,322,"{""type"":""Point"",""coordinates"":[79.893262,14.891141000000005]}"
323,547.0,3498.0,2506.3333333333335,786.6666666666666,1128.0,1465.6666666666667,1858.0,2613.5,2956.3333333333335,3225.0,3374.0,3112.0,168.6,176,0.47,105.7,323,"{""type"":""Point"",""coordinates"":[79.899235,14.886190000000001]}"
324,564.5,3538.3333333333335,2689.5,725.8333333333334,1107.3333333333333,1484.0,1945.5,2730.0,3021.6,3145.3333333333335,3440.5,3393.0,49.2,138,0.65,0.6,324,"{""type"":""Point"",""coordinates"":[79.901602,14.886952999999997]}"
325,500.0,2507.5,1498.5,644.5,931.0,1064.0,1637.0,2373.5,2700.0,2809.5,3045.6666666666665,3094.0,154.5,13,0.28,21.1,325,"{""type"":""Point"",""coordinates"":[79.90318,14.885973000000002]}"
326,585.5,3533.0,2408.0,702.0,1015.5,1217.0,1786.5,2470.5,2790.5,2864.1666666666665,3144.5,3116.0,49.2,88,0.58,20,326,"{""type"":""Point"",""coordinates"":[79.909152,14.887388]}"
327,679.5,3194.0,2369.0,605.0,948.6666666666666,1091.0,1722.0,2662.8333333333335,3027.0,3172.6666666666665,3273.0,2986.0,575.9,63,0.56,55.8,327,"{""type"":""Point"",""coordinates"":[79.907462,14.883686]}"
328,826.8571428571429,2996.75,2325.5,679.4,938.0,1097.0,1707.0,2304.0,2572.5,2548.0,2841.6666666666665,2871.6,407.3,138,0.66,63.4,328,"{""type"":""Point"",""coordinates"":[79.910505,14.882706]}"
329,657.4,3036.0,2299.0,879.2222222222222,1130.857142857143,1309.5,1707.2,2541.0,2888.285714285714,2570.8,3190.6666666666665,3254.6666666666665,407.3,138,0.66,63.4,329,"{""type"":""Point"",""coordinates"":[79.912083,14.881835]}"
330,480.3636363636364,3144.5,2348.0,659.75,999.25,1330.0,1772.3333333333333,2469.6666666666665,2805.6666666666665,2893.0,3119.5,3162.6,105.3,163,0.11,13.5,330,"{""type"":""Point"",""coordinates"":[79.900024,14.881507999999998]}"
331,638.0,3300.0,2282.0,775.6,1129.3333333333333,1493.0,1755.5,2525.0,2839.0,2984.5,3171.5,3018.75,84.3,25,0.53,67,331,"{""type"":""Point"",""coordinates"":[79.903968,14.882379000000002]}"
332,617.3333333333334,3373.0,2312.0,749.0,1057.0,1137.0,1868.5,2665.3333333333335,3020.3333333333335,2952.0,3351.0,3374.0,575.9,63,0.56,55.8,332,"{""type"":""Point"",""coordinates"":[79.907687,14.882053]}"
333,585.8,3047.5,2230.6666666666665,713.5,1057.25,1172.0,1749.3333333333333,2564.3333333333335,2870.3333333333335,3012.0,3166.0,3078.0,84.3,25,0.53,67,333,"{""type"":""Point"",""coordinates"":[79.904194,14.880746000000002]}"
334,548.5,3210.5,2225.0,746.0,1139.0,1305.0,1898.0,2627.6666666666665,2997.3333333333335,3142.0,3286.0,3142.0,280.9,213,0.34,11.7,334,"{""type"":""Point"",""coordinates"":[79.905433,14.879766]}"
335,473.2,2468.0,1501.0,641.0,950.75,931.5,1624.5,2695.0,3080.5,3138.5,3370.0,3287.5,126.4,25,0.75,19.4,335,"{""type"":""Point"",""coordinates"":[79.90194000000001,14.876282000000003]}"
336,576.0,1953.0,1104.0,560.4,1007.25,802.0,1489.0,2777.5,3504.5,3796.0,3802.0,3482.75,111.7,63,0.41,11.5,336,"{""type"":""Point"",""coordinates"":[79.592833,14.156669]}"
337,576.0,2807.0,1739.3333333333333,716.0833333333334,970.5454545454545,1068.75,1587.0,2554.0,2991.5,2858.0,3285.0,3482.75,111.7,63,0.41,11.5,337,"{""type"":""Point"",""coordinates"":[79.59325,14.156444]}"
338,780.75,3984.2,3465.6666666666665,1620.2857142857142,2037.0,2571.0,2346.5,2770.4,3091.0,3434.5,3342.6666666666665,3179.777777777778,68.3,201,0.38,9.2,338,"{""type"":""Point"",""coordinates"":[79.593975,14.155740000000002]}"
339,617.0,3051.0,2022.5,535.75,758.25,821.6666666666666,1453.6666666666667,2515.3333333333335,2926.0,2934.0,3319.0,3492.2,68.3,201,0.38,9.2,339,"{""type"":""Point"",""coordinates"":[79.594586,14.155666999999998]}"
340,849.1,3659.0,3192.5,943.5714285714286,1263.2857142857142,1580.25,2095.25,2513.3333333333335,2795.8,2645.0,3054.0,3103.625,68.3,201,0.38,9.2,340,"{""type"":""Point"",""coordinates"":[79.594032,14.155397999999998]}"
341,849.1,3659.0,3192.5,1170.6666666666667,1484.7142857142858,1905.75,2095.25,2513.3333333333335,2795.8,3028.75,3054.0,3103.625,68.3,201,0.38,9.2,341,"{""type"":""Point"",""coordinates"":[79.594032,14.155320999999999]}"
342,849.1,3644.5,3186.1666666666665,1354.5,1579.5,1805.5,2126.0,2564.8,2870.3333333333335,2955.5,3158.6666666666665,3103.625,68.3,201,0.38,9.2,342,"{""type"":""Point"",""coordinates"":[79.593924,14.155272]}"
343,849.1,3644.5,3186.1666666666665,1159.7142857142858,1353.0,1607.75,2126.0,2564.8,2870.3333333333335,2699.0,3158.6666666666665,3103.625,68.3,201,0.38,9.2,343,"{""type"":""Point"",""coordinates"":[79.593935,14.155178000000001]}"
344,944.3333333333334,3381.5,2939.0,1159.4285714285713,1456.25,1712.75,2073.75,2512.1666666666665,2767.0,2995.5555555555557,3032.0,3159.8333333333335,68.3,201,0.38,9.2,344,"{""type"":""Point"",""coordinates"":[79.593601,14.155091000000004]}"
345,585.75,2519.5,1650.0,758.0,1176.5,1147.0,1725.0,2711.3333333333335,3273.6666666666665,3590.0,3653.3333333333335,3689.0,86.9,63,0.2,13.8,345,"{""type"":""Point"",""coordinates"":[79.595266,14.154920999999998]}"
346,602.1428571428571,2739.6666666666665,1757.0,589.4545454545455,846.5714285714286,848.0,1365.25,2671.6,3146.3333333333335,3141.3333333333335,3464.0,3293.8571428571427,68.3,201,0.38,9.2,346,"{""type"":""Point"",""coordinates"":[79.594603,14.155030000000002]}"
347,463.25,2045.0,1091.0,564.0,852.5,880.0,1527.0,2616.0,3215.0,3308.0,3653.5,3502.5,111.7,63,0.41,11.5,347,"{""type"":""Point"",""coordinates"":[79.593414,14.157768999999998]}"
348,583.0,2897.5,1937.6666666666667,725.2857142857143,940.75,975.5,1653.0,2548.0,3027.5,3086.6666666666665,3407.3333333333335,3799.0,105.5,125,0.25,30,348,"{""type"":""Point"",""coordinates"":[79.593158,14.153856999999999]}"
349,784.9,3304.25,2409.5,813.25,1135.0,1322.5,1725.0,2541.8,2940.0,3058.0,3242.75,3175.5555555555557,105.5,125,0.25,30,349,"{""type"":""Point"",""coordinates"":[79.592869,14.154582999999999]}"
350,559.0,2417.0,1533.0,614.2,878.0,907.0,1521.0,2600.25,3205.0,2895.3333333333335,3578.5,3841.0,105.5,125,0.25,30,350,"{""type"":""Point"",""coordinates"":[79.592756,14.154372000000002]}"
351,691.5,3155.25,2164.8,753.5,1039.75,1100.8,1556.0,2608.0,2964.75,3123.4,3276.25,3290.1428571428573,117.9,151,0.2,3.8,351,"{""type"":""Point"",""coordinates"":[79.593045,14.154323]}"
352,691.5,3320.3333333333335,2414.0,756.0,973.0,1064.6666666666667,1681.0,2483.25,2862.2,3091.2,3217.3333333333335,3290.1428571428573,117.9,151,0.2,3.8,352,"{""type"":""Point"",""coordinates"":[79.593045,14.154141999999998]}"
353,564.6666666666666,2063.5,1213.0,715.0,1044.3333333333333,1038.0,1721.5,2999.6666666666665,3761.0,3794.3333333333335,4085.0,4119.333333333333,105.5,125,0.25,30,353,"{""type"":""Point"",""coordinates"":[79.592762,14.153965999999997]}"
354,583.0,2897.5,1937.6666666666667,725.2857142857143,940.75,975.5,1653.0,2548.0,3027.5,3086.6666666666665,3407.3333333333335,3799.0,105.5,125,0.25,30,354,"{""type"":""Point"",""coordinates"":[79.59313,14.153873]}"
355,849.1,3378.5,2737.0,817.0,1034.0,1190.0,1744.3333333333333,2475.5,2904.0,2742.25,3176.4,3103.625,68.3,201,0.38,9.2,355,"{""type"":""Point"",""coordinates"":[79.5942,14.155245]}"
356,608.5,3245.5,2566.5,911.25,1316.0,1758.0,1951.0,2640.75,2957.25,3021.0,3218.3333333333335,3024.875,35.1,113,0.97,5.9,356,"{""type"":""Point"",""coordinates"":[80.017182,15.196752]}"
357,612.7777777777778,3345.0,2619.0,803.3333333333334,1116.0666666666666,1435.375,1882.1,2445.875,2613.0,2575.8571428571427,2864.0,2757.769230769231,21.1,50,0.39,18.2,357,"{""type"":""Point"",""coordinates"":[80.02483,15.199102000000002]}"
358,543.75,3196.0,2255.0,748.0,1073.6666666666667,1301.3333333333333,1875.25,2602.0,2953.0,2886.0,3251.0,3169.8,42.1,213,0.34,45.2,358,"{""type"":""Point"",""coordinates"":[80.031415,15.195822]}"
359,586.5833333333334,2587.5,1623.0,605.7692307692307,987.375,1047.75,1688.6666666666667,2711.6,3037.5,3045.6666666666665,3417.5,3381.75,21.1,163,0.89,24.7,359,"{""type"":""Point"",""coordinates"":[80.048835,15.189469000000003]}"
360,707.6363636363636,3574.3333333333335,2414.0,917.4285714285714,1251.2,1497.6666666666667,2209.3333333333335,2974.5,3363.2,3613.3333333333335,3874.2,3659.75,28.1,151,0.79,4.1,360,"{""type"":""Point"",""coordinates"":[80.053084,15.187829]}"
361,330.4,2092.0,1214.0,413.4736842105263,593.5555555555555,594.75,1134.6,2217.2,2617.0,2638.625,2984.3333333333335,2916.75,63.2,238,0.89,31.13,361,"{""type"":""Point"",""coordinates"":[80.035239,15.189469000000003]}"
362,622.0,3271.0,2482.3333333333335,670.25,1010.0,981.0,1877.0,2896.666666666667,3291.0,3476.0,3559.0,3593.0,49.2,401,0.78,36.42,362,"{""type"":""Point"",""coordinates"":[80.062219,15.183525000000005]}"
363,865.2352941176471,4373.5,3853.4,1050.142857142857,1504.111111111111,2084.3571428571427,2482.7,3053.3333333333335,3334.75,3340.25,3601.0,3639.5,28.1,263,0.52,14.7,363,"{""type"":""Point"",""coordinates"":[80.070079,15.179835]}"
364,651.4,4603.0,4197.0,961.5333333333333,1423.0833333333335,2091.0,2404.75,2764.0,2982.25,3038.333333333333,3197.875,3267.0,49.2,201,0.53,10,364,"{""type"":""Point"",""coordinates"":[80.062856,15.168356]}"
365,494.0,2442.5,1444.0,485.9166666666667,732.9090909090909,801.875,1305.3333333333333,2472.0,2959.5,2706.6,3215.4285714285716,3398.5555555555557,42.1,214,0.47,13.5,365,"{""type"":""Point"",""coordinates"":[80.036543,15.192879]}"
366,544.3076923076923,3316.2,2513.6666666666665,668.3846153846154,1010.0,1168.0,1836.0,2568.8333333333335,2830.6666666666665,2895.0,3113.0,2896.4285714285716,42.1,88,0.27,11.2,366,"{""type"":""Point"",""coordinates"":[80.036484,15.191632000000002]}"
367,501.5,2145.0,1255.0,634.6666666666666,918.75,874.0,1320.0,2503.3333333333335,2943.0,3272.0,3232.0,3375.8,63.2,238,0.89,31.13,367,"{""type"":""Point"",""coordinates"":[80.034251,15.189647]}"
368,434.5,2418.0,1616.0,778.0,1080.5,1210.0,1493.5,2325.0,2678.0,2788.5,2915.0,2887.0,56.2,401,0.43,11.2,368,"{""type"":""Point"",""coordinates"":[80.032723,15.186414999999997]}"
369,490.0,2469.0,1375.0,645.0,1016.0,970.0,1559.5,2809.0,3280.5,3401.0,3630.5,3565.2,35.1,88,0.52,10,369,"{""type"":""Point"",""coordinates"":[80.032077,15.182219]}"
370,537.3333333333334,2912.0,1949.0,781.0,1105.0,1242.0,1923.5,2827.5,3289.0,3309.5,3626.6666666666665,3251.5,38.1,339,0.98,7,370,"{""type"":""Point"",""coordinates"":[80.035074,15.181879]}"
371,530.0,2176.0,1304.0,656.75,964.0,941.5,1488.5,2469.5,2856.0,2801.8,3091.0,3025.0,49.2,151,0.34,34.07,371,"{""type"":""Point"",""coordinates"":[80.037484,15.180573999999998]}"
372,490.5,2236.0,1287.5,664.6666666666666,986.25,946.0,1491.0,2582.0,2982.0,3000.0,3201.0,3159.3333333333335,35.1,188,0.43,4.1,372,"{""type"":""Point"",""coordinates"":[80.033663,15.17961]}"
373,534.6666666666666,1812.5,1074.5,598.5,884.8333333333334,753.0,1239.5,2082.0,2283.0,2437.0,2431.0,2477.0,35.1,213,0.3,15.9,373,"{""type"":""Point"",""coordinates"":[80.030607,15.178760000000002]}"
374,571.9047619047619,2664.0,1745.1666666666667,730.2666666666667,1049.642857142857,1177.2,1572.4166666666667,2516.25,2770.0,2696.0,2983.0,2720.8888888888887,35.1,163,0.26,20,374,"{""type"":""Point"",""coordinates"":[80.024613,15.177909]}"
375,475.85714285714283,2736.25,1744.25,593.25,848.5,779.6666666666666,1434.6153846153845,2415.0,2766.5,2955.6666666666665,3044.6666666666665,2842.4444444444443,49.2,138,0.41,11.2,375,"{""type"":""Point"",""coordinates"":[80.02190900000001,15.177796]}"
376,404.7857142857143,3054.6666666666665,2507.8,543.4117647058823,805.5263157894736,994.6363636363636,1629.8181818181818,2334.5,2597.5,2604.25,2804.0,2754.4545454545455,49.2,113,0.36,45.2,376,"{""type"":""Point"",""coordinates"":[80.015738,15.173372999999998]}"
377,412.5,1935.875,1104.0,406.1111111111111,733.8,417.875,1173.0,2523.1666666666665,2908.909090909091,3112.0,3184.0,3019.3636363636365,49.2,301,0.46,15.9,377,"{""type"":""Point"",""coordinates"":[80.005442,15.143820999999997]}"
378,472.0,2719.0,1661.0,512.0,845.5,1075.0,1569.5,2721.0,2996.5,3013.5,3257.0,2986.5,49.7,63,0.3,13.1,378,"{""type"":""Point"",""coordinates"":[79.587977,14.917554999999998]}"
379,435.5,3544.5,2614.5,615.0,933.0,1440.0,1811.0,2203.0,2420.5,2510.0,2730.5,2804.0,86.9,50,0.38,9.2,379,"{""type"":""Point"",""coordinates"":[79.587395,14.916373000000004]}"
380,797.0,3182.5,2124.0,1037.0,1603.0,1968.0,2461.0,4256.0,4849.5,4701.5,5014.0,4724.5,434,100,0.15,6.9,380,"{""type"":""Point"",""coordinates"":[80.038315,14.944903]}"
381,533.3333333333334,2790.0,1809.0,595.5,914.5,808.0,1540.0,2874.0,3464.5,3650.0,3890.6666666666665,3770.5,89.6,100,0.94,60.5,381,"{""type"":""Point"",""coordinates"":[79.815684,14.919820000000005]}"
382,612.8888888888889,4122.0,2931.0,855.2666666666667,1440.7272727272727,1952.2,2401.6666666666665,2797.0,2990.3333333333335,2871.0,2898.25,2839.8571428571427,28.1,276,0.14,1.8,382,"{""type"":""Point"",""coordinates"":[80.005474,15.170278000000003]}"
383,409.0,2288.4285714285716,1516.5,400.0,586.0,492.2,1304.3846153846155,2435.0,2833.8333333333335,2895.3333333333335,3150.5,3065.0,28.1,276,0.14,1.8,383,"{""type"":""Point"",""coordinates"":[80.005806,15.170125000000002]}"
384,612.8888888888889,3253.0,2187.2,739.625,1251.0,1636.8333333333333,1881.5454545454545,2639.2,2962.5,2797.0,3049.0,2839.8571428571427,28.1,276,0.14,1.8,384,"{""type"":""Point"",""coordinates"":[80.00549,15.170049]}"
385,548.8333333333334,2759.5,1866.0,670.1538461538462,992.9090909090909,1251.888888888889,1631.3076923076924,2482.5714285714284,2868.4,2789.6666666666665,3095.0,2913.75,28.1,276,0.14,1.8,385,"{""type"":""Point"",""coordinates"":[80.00549,15.169819999999996]}"
386,667.1111111111111,3024.25,2055.5,733.8333333333334,983.3846153846154,1177.0,1616.6666666666667,2454.2,2764.0,2889.5,3015.0,2847.3333333333335,28.1,276,0.14,1.8,386,"{""type"":""Point"",""coordinates"":[80.004984,15.169774000000004]}"
387,679.8,1892.0,1005.3333333333334,669.8333333333333,1052.0,986.0,1698.6666666666667,2993.95,3662.4444444444443,3508.3571428571427,4047.2,3881.181818181818,117.9,238,0.03,57.6,387,"{""type"":""Point"",""coordinates"":[80.11349100000001,14.532324000000003]}"
388,711.3636363636364,2322.5,1448.6666666666667,777.5,1231.75,1075.6666666666667,1812.0,2755.818181818182,3275.625,3250.6363636363635,3498.0,3495.0714285714284,173.8,213,0.19,16.1,388,"{""type"":""Point"",""coordinates"":[80.114266,14.531629]}"
389,695.0,2327.0,1434.3333333333333,693.2,1099.9,1312.0,1716.8,2741.0,3110.8,3012.722222222222,3369.3846153846152,3518.75,173.8,213,0.19,16.1,389,"{""type"":""Point"",""coordinates"":[80.114295,14.531407]}"
390,568.5555555555555,2782.0,1804.3333333333333,844.1666666666666,1352.4545454545455,1481.0,1988.4,3009.75,3390.3,3634.6428571428573,3684.0,3409.222222222222,173.8,213,0.19,16.1,390,"{""type"":""Point"",""coordinates"":[80.114495,14.532439]}"
391,568.5555555555555,2782.0,1804.3333333333333,866.625,1343.142857142857,1621.0,1988.4,3009.75,3390.3,3517.1111111111113,3684.0,3409.222222222222,173.8,213,0.19,16.1,391,"{""type"":""Point"",""coordinates"":[80.114519,14.532325999999998]}"
392,413.54545454545456,2953.75,1808.875,485.4,850.0,716.0,1489.1666666666667,3029.1428571428573,3599.0,3629.25,3831.5,3163.5,621,226,0.1,4.6,392,"{""type"":""Point"",""coordinates"":[79.907596,14.944241]}"
393,953.5,3507.5,3217.5,1319.0,1586.5,1928.5,2170.5,2341.5,2546.5,2670.5,2700.5,2737.5,341.4,188,0.23,15.4,393,"{""type"":""Point"",""coordinates"":[79.553736,14.173948999999997]}"
394,953.5,3507.5,3217.5,1319.0,1586.5,1928.5,2170.5,2341.5,2546.5,2670.5,2700.5,2737.5,341.4,188,0.23,15.4,394,"{""type"":""Point"",""coordinates"":[79.553757,14.173948]}"
395,945.5,3421.0,3082.5,1040.5,1337.0,1647.0,1946.0,2224.5,2418.0,2464.0,2668.5,2671.0,335.2,100,0.39,16.1,395,"{""type"":""Point"",""coordinates"":[79.553626,14.173866]}"
396,945.5,3421.0,3082.5,970.5,1263.0,1488.0,1946.0,2224.5,2418.0,2439.0,2668.5,2671.0,335.2,100,0.39,16.1,396,"{""type"":""Point"",""coordinates"":[79.553674,14.173833]}"
397,945.5,3421.0,3082.5,970.5,1263.0,1488.0,1946.0,2224.5,2418.0,2439.0,2668.5,2671.0,335.2,100,0.39,16.1,397,"{""type"":""Point"",""coordinates"":[79.553673,14.173823000000002]}"
398,945.5,3421.0,3082.5,970.5,1263.0,1488.0,1946.0,2224.5,2418.0,2439.0,2668.5,2671.0,335.2,100,0.39,16.1,398,"{""type"":""Point"",""coordinates"":[79.553662,14.173820000000001]}"
399,931.0,3441.5,3074.5,989.5,1256.0,1586.5,1890.0,2184.0,2392.5,2491.0,2626.5,2748.5,335.2,100,0.39,16.1,399,"{""type"":""Point"",""coordinates"":[79.553738,14.173822000000001]}"
400,945.5,3421.0,3082.5,970.5,1263.0,1488.0,1946.0,2224.5,2418.0,2439.0,2668.5,2671.0,335.2,100,0.39,16.1,400,"{""type"":""Point"",""coordinates"":[79.553661,14.173819999999997]}"
401,945.5,3421.0,3082.5,970.5,1263.0,1488.0,1946.0,2224.5,2418.0,2439.0,2668.5,2671.0,335.2,100,0.39,16.1,401,"{""type"":""Point"",""coordinates"":[79.553667,14.173818999999998]}"
402,945.5,3421.0,3082.5,970.5,1263.0,1488.0,1946.0,2224.5,2418.0,2439.0,2668.5,2671.0,335.2,100,0.39,16.1,402,"{""type"":""Point"",""coordinates"":[79.553658,14.173811]}"
403,945.5,3421.0,3082.5,970.5,1263.0,1488.0,1946.0,2224.5,2418.0,2439.0,2668.5,2671.0,335.2,100,0.39,16.1,403,"{""type"":""Point"",""coordinates"":[79.55367,14.17381]}"
404,945.5,3421.0,3082.5,970.5,1263.0,1488.0,1946.0,2224.5,2418.0,2439.0,2668.5,2671.0,335.2,100,0.39,16.1,404,"{""type"":""Point"",""coordinates"":[79.553691,14.173805]}"
405,668.7272727272727,3147.75,2491.0,737.4,1072.1818181818182,1198.0,1675.75,2381.714285714286,2708.6,2792.0,2953.3333333333335,2741.4117647058824,35.1,314,0.3,16.4,405,"{""type"":""Point"",""coordinates"":[80.004035,15.169727999999997]}"
406,347.35714285714283,2019.0,1196.75,545.8333333333334,797.0,665.0,1198.6,2445.3333333333335,2865.0,2966.3333333333335,3136.5,3109.6666666666665,28.1,301,0.24,28.2,406,"{""type"":""Point"",""coordinates"":[79.975129,15.162735]}"
407,347.35714285714283,2382.5,1456.0,609.0,877.2,937.5,1332.6666666666667,2449.5,2904.0,3048.0,3146.0,3109.6666666666665,28.1,301,0.24,28.2,407,"{""type"":""Point"",""coordinates"":[79.97503,15.162658999999998]}"
408,358.2,2431.0,1645.3333333333333,607.8947368421053,907.7272727272727,1200.2,1387.5,2251.0,2633.3333333333335,2700.0,2896.4,2917.0,28.1,301,0.24,28.2,408,"{""type"":""Point"",""coordinates"":[79.974843,15.162625000000002]}"
409,546.0,2609.6,1746.0,608.0909090909091,940.1818181818181,1164.8333333333333,1453.5384615384614,2226.0,2575.8333333333335,2678.5,2835.8,2983.1428571428573,28.1,301,0.24,28.2,409,"{""type"":""Point"",""coordinates"":[79.974751,15.162708]}"
410,546.0,2824.6666666666665,1931.6666666666667,546.6470588235294,845.5384615384615,1036.0,1581.6,2383.9,2630.5,2607.8,2934.2,2983.1428571428573,28.1,301,0.24,28.2,410,"{""type"":""Point"",""coordinates"":[79.974808,15.162705999999998]}"
411,546.0,2824.6666666666665,1931.6666666666667,539.3333333333334,798.4705882352941,910.875,1581.6,2383.9,2630.5,2778.0,2934.2,2983.1428571428573,28.1,301,0.24,28.2,411,"{""type"":""Point"",""coordinates"":[79.974876,15.162700999999998]}"
412,476.05882352941177,2795.0,1743.0,610.1875,940.6666666666666,969.6,1518.5,2699.5,3124.0,3275.6,3411.0,2901.1428571428573,28.1,301,0.24,28.2,412,"{""type"":""Point"",""coordinates"":[79.97502,15.162674000000006]}"
413,546.0,2824.6666666666665,1931.6666666666667,539.3333333333334,798.4705882352941,910.875,1581.6,2383.9,2630.5,2778.0,2934.2,2983.1428571428573,28.1,301,0.24,28.2,413,"{""type"":""Point"",""coordinates"":[79.974922,15.162729]}"
414,476.05882352941177,2795.0,1743.0,610.1875,940.6666666666666,969.6,1518.5,2699.5,3124.0,3275.6,3411.0,2901.1428571428573,28.1,301,0.24,28.2,414,"{""type"":""Point"",""coordinates"":[79.974952,15.162705999999998]}"
415,347.35714285714283,1932.5,1168.0,477.6842105263158,674.1904761904761,661.2857142857143,1068.875,2320.090909090909,2765.5,2703.3333333333335,3027.6,3109.6666666666665,28.1,301,0.24,28.2,415,"{""type"":""Point"",""coordinates"":[79.975024,15.162425000000004]}"
416,347.35714285714283,1932.5,1168.0,477.72727272727275,677.3636363636364,655.4285714285714,1068.875,2320.090909090909,2765.5,2643.75,3027.6,3109.6666666666665,28.1,301,0.24,28.2,416,"{""type"":""Point"",""coordinates"":[79.974975,15.162359000000004]}"
417,358.2,1899.142857142857,1105.2,412.9,663.0625,536.4666666666667,1107.0,2225.0,2637.6666666666665,2737.6666666666665,2857.6666666666665,2917.0,28.1,301,0.24,28.2,417,"{""type"":""Point"",""coordinates"":[79.97494300000001,15.162385000000004]}"
418,757.5,3225.0,2581.0,867.5,1146.5,1375.0,1904.0,2295.0,2522.0,2410.5,2725.0,2599.0,168.6,151,0.34,6.5,418,"{""type"":""Point"",""coordinates"":[80.055505,14.263749999999998]}"
419,757.5,3225.0,2581.0,963.0,1303.0,1548.5,1904.0,2295.0,2522.0,2305.0,2725.0,2599.0,168.6,151,0.34,6.5,419,"{""type"":""Point"",""coordinates"":[80.055512,14.263886000000001]}"
420,742.5,2659.5,2188.5,778.5,1049.0,1192.0,1613.0,2003.0,2270.0,2307.0,2413.0,2846.0,168.6,151,0.34,6.5,420,"{""type"":""Point"",""coordinates"":[80.056111,14.264031000000001]}"
421,430.2,3454.0,2355.0,687.0,1157.0,1237.3333333333333,1810.5,2711.6666666666665,3120.8,3257.0,3434.1666666666665,3099.6666666666665,347.6,113,0.12,6.1,421,"{""type"":""Point"",""coordinates"":[79.768006,14.938960999999997]}"
422,556.6,2904.0,1995.0,667.0,964.5,1064.6,1510.2,2467.75,2761.3333333333335,2830.0,3058.6666666666665,2983.5,552.4,125,0.16,14.6,422,"{""type"":""Point"",""coordinates"":[79.70303300000002,14.152696]}"
423,556.6,3116.6666666666665,2259.0,716.0,1054.0,1202.0,1723.3333333333333,2525.0,2809.5,3024.0,3098.5,2983.5,552.4,125,0.16,14.6,423,"{""type"":""Point"",""coordinates"":[79.703136,14.152677999999998]}"
424,556.6,3116.6666666666665,2259.0,683.5,971.2,1012.3333333333334,1723.3333333333333,2525.0,2809.5,2696.75,3098.5,2983.5,552.4,125,0.16,14.6,424,"{""type"":""Point"",""coordinates"":[79.703039,14.152551000000003]}"
425,571.5,2596.0,1697.75,554.6666666666666,881.0,892.0,1461.0,2562.0,2890.0,2869.0,3177.25,2988.3333333333335,552.4,125,0.16,14.6,425,"{""type"":""Point"",""coordinates"":[79.702982,14.152093]}"
426,571.5,2900.0,2043.0,730.5,1037.0,1245.0,1569.0,2394.5,2729.0,2754.0,2997.0,2988.3333333333335,552.4,125,0.16,14.6,426,"{""type"":""Point"",""coordinates"":[79.703198,14.152015999999998]}"
427,553.5,2834.5,1939.4,524.0,842.0,849.5,1597.0,2530.5,2808.0,2970.3333333333335,3114.25,2727.75,552.4,125,0.16,14.6,427,"{""type"":""Point"",""coordinates"":[79.702913,14.151949000000002]}"
428,553.5,2834.5,1939.4,616.5,929.0,1052.0,1597.0,2530.5,2808.0,3013.2,3114.25,2727.75,552.4,125,0.16,14.6,428,"{""type"":""Point"",""coordinates"":[79.702873,14.151833]}"
429,577.0,2947.6666666666665,2202.0,731.0,1045.0,1266.0,1703.0,2354.0,2671.0,2744.0,2956.0,2763.0,552.4,125,0.16,14.6,429,"{""type"":""Point"",""coordinates"":[79.703945,14.151832999999996]}"
430,645.6666666666666,3500.0,2757.0,1021.0,1397.0,1787.0,2044.0,2570.0,2787.0,2758.5,3079.0,2961.0,552.4,125,0.16,14.6,430,"{""type"":""Point"",""coordinates"":[79.703614,14.152413000000001]}"
431,645.6666666666666,3500.0,2757.0,1021.0,1397.0,1787.0,2044.0,2570.0,2787.0,2758.5,3079.0,2961.0,552.4,125,0.16,14.6,431,"{""type"":""Point"",""coordinates"":[79.70358,14.152347000000002]}"
432,645.6666666666666,3285.5,2503.0,786.0,1142.0,1308.25,1867.0,2485.0,2764.0,2942.0,3003.0,2961.0,552.4,125,0.16,14.6,432,"{""type"":""Point"",""coordinates"":[79.703438,14.152269999999998]}"
433,571.5,3250.75,2507.0,748.6666666666666,1092.6666666666667,1386.0,1893.5,2475.0,2741.6666666666665,2752.0,3016.5,2988.3333333333335,552.4,125,0.16,14.6,433,"{""type"":""Point"",""coordinates"":[79.703284,14.152209]}"
434,654.5,3469.5,2584.5,720.5,1035.5,1225.0,1789.0,2541.0,2857.5,3112.5,3177.5,3087.0,161.5,138,0.19,18.4,434,"{""type"":""Point"",""coordinates"":[79.712649,15.095407]}"
435,647.5,3544.5,2922.5,830.5,1199.0,1588.0,1983.5,2693.0,2979.5,3092.0,3307.5,3266.0,463.5,113,0.05,36.9,435,"{""type"":""Point"",""coordinates"":[79.714941,15.092826]}"
436,589.5,3148.0,2527.5,1013.5,1259.0,1504.0,2032.5,2669.0,2980.5,2810.5,3182.5,3120.5,168.6,63,0.47,79.2,436,"{""type"":""Point"",""coordinates"":[79.719653,15.067255000000003]}"
437,709.0,1890.5,1301.75,850.1666666666666,1390.7142857142858,1518.0,1561.9166666666665,1803.3333333333333,2029.0,1328.5,1964.6666666666667,2044.3500000000001,403,138,0.1,5.4,437,"{""type"":""Point"",""coordinates"":[79.956159,14.958921]}"
438,431.25,2115.666666666667,1154.5,466.2,707.75,605.0,1234.25,2288.75,2667.0,2671.0,2932.5,3304.0,335,50,0.42,5.4,438,"{""type"":""Point"",""coordinates"":[79.965062,14.948214000000004]}"
439,470.0,3218.833333333333,1946.8333333333335,595.0,877.8333333333334,850.0,1430.0,2344.0,2701.6666666666665,2916.833333333333,3037.375,2985.375,602,238,0.24,12.3,439,"{""type"":""Point"",""coordinates"":[79.960216,14.94865]}"
440,399.0833333333333,2741.5,1807.6,525.1,818.625,943.5,1489.0,2263.125,2536.5,2634.625,2763.6,2714.0,379,201,0.97,13.8,440,"{""type"":""Point"",""coordinates"":[79.95537,14.949521000000004]}"
441,475.55555555555554,2454.0,1587.0,640.625,927.7142857142857,859.0,1473.3785714285714,2464.0,2855.5,3074.5,3107.0,3141.25,397,188,0.45,10,441,"{""type"":""Point"",""coordinates"":[80.007436,14.959162999999997]}"
442,557.3333333333334,3399.0,2548.3333333333335,854.0,1236.6666666666667,1793.0,2011.5,2403.5,2633.75,2742.0,2830.0,2849.25,478,238,0.18,16.1,442,"{""type"":""Point"",""coordinates"":[80.002703,14.956986000000004]}"
443,531.6666666666666,2882.5,2007.25,590.5,868.3333333333334,939.75,1626.0,2468.0,2886.0,2570.5,3149.25,3071.5,397,226,0.24,13.1,443,"{""type"":""Point"",""coordinates"":[79.998646,14.957312999999997]}"
444,658.0,2933.0,1908.0,684.5,1108.2857142857142,1141.25,1832.5,2778.0,3141.75,3378.0,3357.75,3376.5,397,213,0.42,3.8,444,"{""type"":""Point"",""coordinates"":[79.99616700000001,14.958401000000002]}"
445,631.5,3284.0,2260.2,733.25,1134.142857142857,1402.0,1967.8333333333333,2473.5,2885.666666666667,3023.1428571428573,3025.0,2432.270833333333,447,188,0.3,14.6,445,"{""type"":""Point"",""coordinates"":[79.9938,14.956769]}"
446,589.6666666666666,2845.0,2049.5,793.6666666666667,1007.2857142857143,1160.4,1598.9333333333334,2248.5,2581.125,2585.5,2821.0,2914.1428571428573,521,238,0.22,14.6,446,"{""type"":""Point"",""coordinates"":[80.005859,14.953721000000002]}"
447,501.14285714285717,2506.4,1607.5,625.9166666666666,967.5714285714286,934.6666666666666,1679.2857142857142,2708.0,3008.25,3075.0,3171.5,2964.3333333333335,447,238,0.24,1.5,447,"{""type"":""Point"",""coordinates"":[80.006084,14.951979000000003]}"
448,601.2857142857143,3086.0,2447.0,677.1428571428571,1060.2857142857142,1361.8,1777.0,2394.0,2636.5,2608.0,2908.0,3109.708333333333,397,226,0.3,2.3,448,"{""type"":""Point"",""coordinates"":[80.004844,14.951108]}"
449,528.6666666666666,3282.5,2268.0,771.0,1096.0,1303.0,1824.0,2811.666666666667,3295.083333333333,3505.083333333333,3749.0,3317.833333333333,583,188,0.32,10,449,"{""type"":""Point"",""coordinates"":[79.962696,14.958773]}"
450,481.57142857142856,3020.5,2044.0,593.0,899.2222222222222,992.25,1585.857142857143,2476.25,2781.0,2904.75,3039.0,2914.8333333333335,354,226,0.33,1.5,450,"{""type"":""Point"",""coordinates"":[79.963146,14.953874999999996]}"
451,465.5,3497.25,2443.666666666667,781.5555555555555,1035.3333333333333,1425.6,1835.0,2287.25,2550.3333333333335,2672.0,2920.4285714285716,2856.5,379,151,0.23,3.8,451,"{""type"":""Point"",""coordinates"":[79.954469,14.946473]}"
452,396.2,2716.0,1825.0,472.57142857142856,712.3333333333334,1122.0,1473.6666666666667,2234.5,2566.75,2610.6666666666665,2809.0,2793.8,621,201,0.32,15.4,452,"{""type"":""Point"",""coordinates"":[79.953116,14.944187]}"
453,568.875,2474.0,1478.0,701.5,1103.5,1040.75,1711.0,2765.25,3287.75,3415.0,3587.0,3281.666666666667,521,213,0.49,0.8,453,"{""type"":""Point"",""coordinates"":[80.002478,14.963844]}"
454,511.70833333333337,2260.5,1427.0,613.6666666666666,1040.0,1130.25,1736.25,2766.5,3155.2,3455.95,3576.0,3424.5,379,289,0.35,18.1,454,"{""type"":""Point"",""coordinates"":[80.004393,14.962211]}"
455,627.0,3489.75,2474.0,812.0,1194.2,1660.75,2105.333333333333,2523.6666666666665,2734.8,2452.5,2855.5,2171.675,447,188,0.3,14.6,455,"{""type"":""Point"",""coordinates"":[79.993687,14.958401000000002]}"
456,863.1875,3843.25,3087.3333333333335,1378.75,1889.125,2604.6666666666665,3128.2,3291.0,3466.0,3278.6666666666665,3672.0,3368.0,521,238,0.22,14.6,456,"{""type"":""Point"",""coordinates"":[80.005971,14.955353]}"
457,524.6,2676.3333333333335,1988.0,590.0,942.6666666666666,1135.888888888889,1614.3333333333333,2316.5,2623.0,2670.6666666666665,2770.5,2722.5,621,226,0.64,6.9,457,"{""type"":""Point"",""coordinates"":[80.008451,14.953284999999997]}"
458,405.5,2684.5,1970.0,555.0,835.0,965.0,1592.5,2224.5,2457.5,2495.0,2698.0,3111.0,210.7,75,0.25,49.15,458,"{""type"":""Point"",""coordinates"":[79.650755,15.073525000000002]}"
459,541.5,2864.5,1861.0,686.5,1068.0,1237.5,1848.0,2637.0,3093.5,3116.0,3417.5,3358.5,182.6,50,0.42,16.9,459,"{""type"":""Point"",""coordinates"":[79.664382,15.059017999999998]}"
460,506.0,2517.0,1510.0,485.5,797.0,657.5,1361.5,2399.0,2849.0,2862.0,3204.5,3254.5,112.4,38,0.6,22.3,460,"{""type"":""Point"",""coordinates"":[79.666038,15.05742]}"
461,463.5,2712.5,1710.0,666.5,983.0,945.0,1524.5,2911.0,3339.5,3064.0,3628.0,3500.0,147.5,163,0.47,29.2,461,"{""type"":""Point"",""coordinates"":[79.661835,15.055452000000004]}"
462,761.0,3704.5,2854.5,1043.0,1417.0,1684.5,2186.0,2940.0,3187.0,3324.0,3501.0,3310.5,196.6,213,0.06,34.6,462,"{""type"":""Point"",""coordinates"":[79.652665,15.0466]}"
463,594.3333333333334,2556.0,1734.0,824.0,1098.125,1121.5,2014.4,3049.75,3612.0,3803.3333333333335,4007.0,3911.75,74.5,63,0.13,25.3,463,"{""type"":""Point"",""coordinates"":[80.107166,14.533539999999995]}"
464,586.3636363636364,3109.0,2278.5,705.0666666666667,1215.0,1223.888888888889,1848.4444444444443,2870.7272727272725,3292.5555555555557,3503.75,3651.5,3400.0,180,63,0.08,36.9,464,"{""type"":""Point"",""coordinates"":[80.111032,14.534429]}"
465,579.8666666666667,2568.0,1901.3333333333333,710.9230769230769,949.3888888888889,961.7,1620.5,2629.9411764705883,2997.1666666666665,2887.6,3248.5,3521.0,180,63,0.08,36.9,465,"{""type"":""Point"",""coordinates"":[80.111204,14.534561999999998]}"
466,576.6,1892.75,1039.3333333333333,716.375,942.4,867.4166666666667,1467.4,3015.230769230769,3559.125,3792.25,3872.8,3908.25,117.9,238,0.03,57.6,466,"{""type"":""Point"",""coordinates"":[80.112744,14.532279999999998]}"
467,582.9,2072.0,1161.0,706.1428571428571,1054.4,1100.0,1710.0,3008.6666666666665,3865.6,3897.0,4017.75,3856.6666666666665,167.6,163,0.08,118.3,467,"{""type"":""Point"",""coordinates"":[80.116333,14.530684]}"
468,734.3076923076923,3216.6666666666665,2446.0,989.6428571428571,1308.8181818181818,1506.2,1814.8181818181818,2672.0,3028.0,3338.6,3313.25,3167.375,204.8,113,0.13,34.6,468,"{""type"":""Point"",""coordinates"":[80.120114,14.538162]}"
469,681.8888888888889,3040.0,2186.0,675.0,934.7692307692307,860.0,1888.6666666666667,2729.1666666666665,3120.4285714285716,3088.5714285714284,3436.0,3755.75,204.8,113,0.13,34.6,469,"{""type"":""Point"",""coordinates"":[80.120603,14.538209]}"
470,681.8888888888889,2521.0,1497.0,865.3333333333334,1185.0,1267.0,1839.3333333333333,2928.0,3565.0,3625.5,3949.6,3755.75,204.8,113,0.13,34.6,470,"{""type"":""Point"",""coordinates"":[80.120726,14.538251]}"
471,694.7894736842105,2861.0,2037.5,831.9473684210526,1102.9411764705883,1220.2,1743.4545454545455,2720.5555555555557,3035.3,3171.0,3347.375,3414.5,192.4,63,0.3,35.3,471,"{""type"":""Point"",""coordinates"":[80.127919,14.541441000000003]}"
472,694.7894736842105,2861.0,2037.5,701.6153846153846,1089.3,1088.2727272727273,1743.4545454545455,2720.5555555555557,3035.3,3353.1,3347.375,3414.5,192.4,63,0.3,35.3,472,"{""type"":""Point"",""coordinates"":[80.12800800000001,14.541415000000002]}"
473,694.7894736842105,2701.6666666666665,2028.0,964.6666666666666,1217.8,1357.75,2106.75,3131.0,3771.722222222222,3740.8571428571427,4055.5,3414.5,192.4,63,0.3,35.3,473,"{""type"":""Point"",""coordinates"":[80.128142,14.541314]}"
474,718.5454545454545,2455.6666666666665,1769.0,837.0,1078.0,966.0,1607.0,2631.285714285714,3170.0,3367.0,3350.5,3395.777777777778,279.3,88,0.05,13.8,474,"{""type"":""Point"",""coordinates"":[80.129479,14.541626]}"
475,599.0,3419.0,2484.0,848.0,1224.0,1593.0,2097.0,2749.0,3082.0,3289.0,3422.0,3452.5,447,226,0.27,42.4,475,"{""type"":""Point"",""coordinates"":[79.994838,14.855828000000002]}"
476,475.5,2167.5,1226.5,591.0,946.5,898.0,1530.5,2792.0,3263.0,3071.0,3544.0,3225.5,323,151,0.25,16.9,476,"{""type"":""Point"",""coordinates"":[80.003037,14.870078000000001]}"
477,564.0,2571.0,1829.0,764.0,1033.0,1260.0,1816.0,2791.0,3109.0,3172.0,3425.0,3412.0,354,188,0.1,9.2,477,"{""type"":""Point"",""coordinates"":[79.998833,14.868715999999997]}"
478,936.0,3653.0,3245.0,1888.0,2174.0,2620.0,2736.0,3090.0,3286.0,3508.0,3471.0,3241.0,366,251,0.18,36.9,478,"{""type"":""Point"",""coordinates"":[80.00461400000002,14.864550999999997]}"
479,617.6,3042.0,2254.0,952.0,1304.0,1673.5,2163.75,2996.0,3371.5,3470.25,3829.0,3733.0,621,226,0.58,10.8,479,"{""type"":""Point"",""coordinates"":[79.992105,14.862011999999996]}"
480,575.0,2919.0,2017.0,843.5,1254.0,1460.0,2086.5,2979.5,3453.0,3537.5,3917.0,3937.0,366,301,0.16,139,480,"{""type"":""Point"",""coordinates"":[79.997782,14.860184]}"
481,643.0,3115.0,2213.0,888.0,1261.0,1640.0,2147.0,3008.0,3338.0,3333.0,3774.0,3744.0,546,276,0.18,20,481,"{""type"":""Point"",""coordinates"":[79.995889,14.858253999999999]}"
482,568.4193548387096,2389.222222222222,1777.8,687.9,821.56,856.3333333333334,1250.5833333333333,2078.0,2335.0,2083.75,2528.4,2361.5882352941176,35.1,226,0.71,2.9,482,"{""type"":""Point"",""coordinates"":[80.102039,14.276760999999997]}"
483,808.3478260869565,3840.0,3031.75,1093.578947368421,1449.75,1727.5,2328.1428571428573,2972.25,3231.75,3264.75,3586.05,3294.1666666666665,203.7,263,0.91,6.5,483,"{""type"":""Point"",""coordinates"":[80.098268,14.277084]}"
484,992.2,3711.5,2939.0,1244.2857142857142,1697.142857142857,1845.5,2367.75,3640.5,4063.8333333333335,4031.6,4309.0,4055.3333333333335,63.2,251,0.53,27.6,484,"{""type"":""Point"",""coordinates"":[80.094731,14.276664]}"
485,841.4666666666667,3867.75,2994.416666666667,1089.6666666666667,1315.0,1822.857142857143,2261.3333333333335,2725.0,3163.25,3113.5,3497.6666666666665,3451.2076923076925,77.3,176,0.34,5.9,485,"{""type"":""Point"",""coordinates"":[80.09383,14.277860999999998]}"
486,822.5428571428571,3113.6666666666665,2730.0,1085.9583333333333,1470.1875,1715.1875,1853.3636363636363,2242.72,2487.5555555555557,2619.8,2727.3,2483.625,70.2,100,0.13,19.4,486,"{""type"":""Point"",""coordinates"":[80.088457,14.276632]}"
487,832.4615384615385,3931.3333333333335,3037.0,1087.9166666666667,1396.5277777777778,1878.1818181818182,2249.076923076923,2749.6666666666665,3241.25,3125.5555555555557,3650.5384615384614,3398.7,147.5,176,0.53,3.5,487,"{""type"":""Point"",""coordinates"":[80.090159,14.279219000000003]}"
488,958.5185185185185,4327.25,3966.0,1243.5833333333333,1713.8235294117646,2370.4117647058824,2634.4736842105262,3005.3636363636365,3241.1666666666665,3503.4285714285716,3513.6428571428573,3572.272727272727,56.2,201,0.9,0.6,488,"{""type"":""Point"",""coordinates"":[80.083919,14.276955]}"
489,832.6666666666666,3356.0,2606.0,849.2857142857143,1088.1176470588234,1337.0,2127.0714285714284,2621.375,3009.8888888888887,2868.4285714285716,3274.6666666666665,3448.227272727273,91.3,213,1.15,28.8,489,"{""type"":""Point"",""coordinates"":[80.08013,14.277050000000001]}"
490,832.6666666666666,3927.8,3220.0,988.3636363636364,1337.3809523809523,1608.1538461538462,2248.0555555555557,2771.3,3159.5,3140.1428571428573,3439.6285714285714,3448.227272727273,91.3,213,1.15,28.8,490,"{""type"":""Point"",""coordinates"":[80.080144,14.277098999999998]}"
491,837.7,3254.0,2260.3333333333335,954.0,1214.6153846153845,1458.8,1854.7142857142858,2456.8571428571427,2969.0,3136.1944444444443,3212.25,3380.5,133.4,188,0.68,11.7,491,"{""type"":""Point"",""coordinates"":[80.080335,14.279045]}"
492,836.4,3358.818181818182,2919.6666666666665,1246.0833333333333,1583.16,1855.6190476190477,2128.4615384615386,2486.0526315789475,2739.0434782608695,2628.48,2989.45,2604.8333333333335,154.5,125,0.91,2.9,492,"{""type"":""Point"",""coordinates"":[80.082348,14.278858]}"
493,716.4166666666666,2414.75,1576.0,818.5454545454545,1095.5555555555557,1112.0,1709.0,2529.0833333333335,2910.125,2840.0,3110.1,3015.823529411765,175.6,263,1.13,13.5,493,"{""type"":""Point"",""coordinates"":[80.081286,14.281128000000002]}"
494,696.1578947368421,1946.5,1339.0,723.375,978.8571428571429,959.5,1676.3,2334.5,2706.8571428571427,2723.4,2967.2,2936.1369047619046,175.6,263,1.13,13.5,494,"{""type"":""Point"",""coordinates"":[80.082436,14.281982999999999]}"
495,691.969696969697,2736.0,2140.333333333333,1071.2,1257.0,1435.6,1555.0,2048.9,2273.0,2400.8333333333335,2457.714285714286,2377.9411764705883,70.2,63,0.63,27,495,"{""type"":""Point"",""coordinates"":[80.097605,14.286567999999999]}"
496,812.0,2841.0,2686.5,1074.6,1317.2,1567.0,1763.5454545454545,1877.9,1999.090909090909,2209.0,2135.0,2362.2,70.2,63,0.63,27,496,"{""type"":""Point"",""coordinates"":[80.097016,14.286703]}"
497,813.125,2661.076923076923,2465.7375,823.1944444444445,953.8,1204.7083333333333,1466.655172413793,1750.6363636363637,1889.5384615384614,1561.5,2048.785714285714,2101.9333333333334,77.3,176,0.94,1.8,497,"{""type"":""Point"",""coordinates"":[80.095578,14.289284000000002]}"
498,813.125,2661.076923076923,2465.7375,823.1944444444445,953.8,1204.7083333333333,1466.655172413793,1750.6363636363637,1889.5384615384614,1561.5,2048.785714285714,2101.9333333333334,77.3,176,0.94,1.8,498,"{""type"":""Point"",""coordinates"":[80.095582,14.289232999999998]}"
499,562.0,1715.0,887.0,612.5,870.3333333333334,874.0,1425.0,2647.0,3352.0,3368.0,3638.25,3594.5,130.4,113,0.05,135.9,499,"{""type"":""Point"",""coordinates"":[80.158116,14.517579999999999]}"
500,599.0,2535.5,1392.0,649.0,1056.0,873.5,1609.5,3120.0,3652.0,3759.0,4141.666666666667,3912.0,484.2,138,0.19,178.2,500,"{""type"":""Point"",""coordinates"":[80.161871,14.515335000000006]}"
501,599.5,2552.0,1670.3333333333333,666.6,1002.5,968.5,1477.75,2572.5,3034.0,3108.0,3295.0,3891.5714285714284,198.6,151,0.05,223,501,"{""type"":""Point"",""coordinates"":[80.162164,14.514731]}"
502,589.6666666666666,2611.0,1416.0,538.0,982.5,820.5,1713.0,3011.0,3601.0,3772.0,4176.0,4017.4,198.6,151,0.05,223,502,"{""type"":""Point"",""coordinates"":[80.162089,14.514327999999999]}"
503,589.6666666666666,2549.0,1310.0,484.0,839.0,681.0,1523.0,2952.2,3639.0,3616.0,3975.3333333333335,4017.4,198.6,151,0.05,223,503,"{""type"":""Point"",""coordinates"":[80.162184,14.51428]}"
504,662.5,2435.0,1304.0,456.0,821.5,649.0,1541.5,2878.0,3580.5,3338.0,3877.3333333333335,3909.0,198.6,151,0.05,223,504,"{""type"":""Point"",""coordinates"":[80.162269,14.514031999999998]}"
505,589.6666666666666,2549.0,1310.0,553.0,944.0,814.0,1523.0,2952.2,3639.0,3685.3333333333335,3975.3333333333335,4017.4,198.6,151,0.05,223,505,"{""type"":""Point"",""coordinates"":[80.162276,14.514241000000002]}"
506,505.0,2706.0,1602.0,753.5,1090.0,987.0,1626.5,2913.5,3440.0,3519.0,3735.0,3705.0,99.3,201,0.28,223,506,"{""type"":""Point"",""coordinates"":[80.171652,14.514490999999998]}"
507,505.0,2706.0,1602.0,753.5,1090.0,987.0,1626.5,2913.5,3440.0,3519.0,3735.0,3705.0,99.3,201,0.28,223,507,"{""type"":""Point"",""coordinates"":[80.171631,14.514463]}"
508,505.0,2706.0,1602.0,753.5,1090.0,987.0,1626.5,2913.5,3440.0,3519.0,3735.0,3705.0,99.3,201,0.28,223,508,"{""type"":""Point"",""coordinates"":[80.171646,14.514444000000003]}"
509,505.0,2530.0,1359.0,762.0,1087.0,1001.0,1607.5,2890.0,3425.0,3508.0,3790.5,3705.0,99.3,201,0.28,223,509,"{""type"":""Point"",""coordinates"":[80.17162,14.514421999999998]}"
510,505.0,2706.0,1602.0,685.0,946.0,873.5,1626.5,2913.5,3440.0,3484.0,3735.0,3705.0,99.3,201,0.28,223,510,"{""type"":""Point"",""coordinates"":[80.171676,14.514463]}"
511,505.0,2530.0,1359.0,762.0,1087.0,1001.0,1607.5,2890.0,3425.0,3508.0,3790.5,3705.0,99.3,201,0.28,223,511,"{""type"":""Point"",""coordinates"":[80.171674,14.514436]}"
512,629.0,2217.0,1329.5,664.5,926.0,888.0,1583.5,2841.0,3350.5,3347.0,3779.0,3734.0,99.3,201,0.28,223,512,"{""type"":""Point"",""coordinates"":[80.17218,14.514994999999999]}"
513,629.0,2206.5,1282.5,672.0,985.0,878.0,1510.0,2731.0,3218.5,3340.0,3547.5,3734.0,99.3,201,0.28,223,513,"{""type"":""Point"",""coordinates"":[80.172214,14.514974999999996]}"
514,399.5,2980.0,2478.5,497.5,745.0,1241.0,1533.5,1818.5,1996.0,1977.0,2178.5,2155.0,235.9,100,3,12.3,514,"{""type"":""Point"",""coordinates"":[79.519049,14.833557000000003]}"
515,305.0,2294.0,1645.0,425.5,644.5,879.5,1252.0,1964.0,2239.5,2234.0,2453.0,2458.0,80.7,13,0.41,14.6,515,"{""type"":""Point"",""coordinates"":[79.530576,14.846014999999998]}"
516,484.5,3717.0,3087.0,613.0,998.0,1779.0,2122.5,2370.5,2535.5,2556.0,2716.5,2692.5,173.8,88,0.24,23.8,516,"{""type"":""Point"",""coordinates"":[79.531826,14.845104999999997]}"
517,503.0,3726.5,3162.0,601.0,954.5,1612.5,2126.0,2379.0,2520.5,2479.0,2732.5,2679.5,86.9,113,0.45,19.2,517,"{""type"":""Point"",""coordinates"":[79.532004,14.842459]}"
518,365.5,2618.0,1712.5,470.0,742.0,872.0,1385.0,2436.0,2745.0,2700.5,2958.5,2807.5,62.1,50,0.48,26.1,518,"{""type"":""Point"",""coordinates"":[79.53498000000002,14.843092000000002]}"
519,434.0,2229.5,1805.5,526.0,831.5,1100.0,1518.5,1832.0,1957.0,2002.0,1924.0,1781.0,31,88,0.38,0.8,519,"{""type"":""Point"",""coordinates"":[79.53617,14.843034]}"
520,411.0,1616.5,956.5,407.5,645.0,533.0,1300.5,2018.5,2238.0,2283.0,2362.0,2381.5,31,88,0.38,0.8,520,"{""type"":""Point"",""coordinates"":[79.537182,14.842171000000006]}"
521,427.0,1489.5,1127.0,582.0,917.0,1262.0,1638.0,1712.0,1850.5,1782.0,1548.5,1978.0,254.5,63,0.41,35.3,521,"{""type"":""Point"",""coordinates"":[79.536408,14.841021]}"
522,327.5,2497.0,1738.0,415.5,645.5,815.0,1299.5,2091.0,2361.0,2525.0,2639.5,2844.0,117.9,125,0.12,13.8,522,"{""type"":""Point"",""coordinates"":[79.533909,14.8401]}"
523,358.0,2530.5,1727.0,412.5,663.5,683.0,1307.5,2210.0,2465.0,2511.0,2704.5,2660.5,149,151,0.45,20,523,"{""type"":""Point"",""coordinates"":[79.532243,14.839352]}"
524,326.0,2393.5,1491.0,450.0,691.5,849.0,1354.0,2212.0,2647.5,2639.5,2941.0,2944.0,117.9,125,0.12,13.8,524,"{""type"":""Point"",""coordinates"":[79.534087,14.838661999999994]}"
525,386.5,2964.0,1999.5,667.0,1066.5,1299.0,1704.5,2610.0,3007.0,3072.5,3327.5,3085.0,99.3,113,0.45,76.8,525,"{""type"":""Point"",""coordinates"":[79.538015,14.836649000000003]}"
526,383.5,2448.5,1648.5,420.0,654.0,600.0,1259.5,2160.0,2432.5,2653.0,2800.0,2637.0,55.9,88,0.45,23,526,"{""type"":""Point"",""coordinates"":[79.539741,14.836590999999999]}"
527,501.5,2417.5,1556.5,588.0,827.0,920.5,1185.0,2014.0,2396.5,2611.0,2674.0,2968.5,512.7,100,0.41,16.1,527,"{""type"":""Point"",""coordinates"":[79.668585,15.047582999999996]}"
528,547.0,3801.0,3035.5,755.5,1181.0,1815.0,2211.0,2672.5,2936.0,2990.0,3166.0,3082.0,526.7,25,0.21,27.6,528,"{""type"":""Point"",""coordinates"":[79.671132,15.044387000000006]}"
529,893.0,3641.5,2914.5,785.0,1185.5,1280.5,2142.0,3256.0,3647.5,3752.5,3894.5,3527.0,147.5,289,0.41,7.6,529,"{""type"":""Point"",""coordinates"":[80.058242,14.262151000000003]}"
530,913.0,3989.0,3579.0,968.0,1476.0,1702.0,2358.0,2810.5,3047.0,2923.5,3290.0,3513.0,126.4,226,0.12,20,530,"{""type"":""Point"",""coordinates"":[80.058622,14.263299000000002]}"
531,913.0,3989.0,3579.0,968.0,1476.0,1702.0,2358.0,2810.5,3047.0,2923.5,3290.0,3513.0,126.4,226,0.12,20,531,"{""type"":""Point"",""coordinates"":[80.058652,14.263315]}"
532,873.0,3817.0,3366.0,926.5,1378.0,1602.0,2235.5,2780.0,3065.0,2958.0,3323.5,3353.0,126.4,226,0.12,20,532,"{""type"":""Point"",""coordinates"":[80.058693,14.263366]}"
533,873.0,4217.0,3949.0,1120.0,1594.0,2148.5,2479.0,2850.5,3091.5,3108.0,3367.5,3353.0,126.4,226,0.12,20,533,"{""type"":""Point"",""coordinates"":[80.059105,14.26333]}"
534,757.0,3178.0,2588.0,826.5,1174.0,1431.5,2006.5,2409.5,2595.5,2612.0,2814.0,2753.0,35.1,176,0.12,0.6,534,"{""type"":""Point"",""coordinates"":[80.059528,14.266408]}"
535,699.0,3278.0,2477.0,772.0,1139.0,1261.0,1878.5,2502.5,2775.5,2840.0,3091.5,3100.5,35.1,38,0.24,5.9,535,"{""type"":""Point"",""coordinates"":[80.058759,14.26957]}"
536,699.0,3625.0,3157.0,1011.0,1391.0,1818.5,2335.0,2779.5,3005.0,2942.0,3236.0,3100.5,35.1,38,0.24,5.9,536,"{""type"":""Point"",""coordinates"":[80.058817,14.269542]}"
537,699.0,3660.0,3066.0,1106.5,1507.0,1946.0,2330.0,2742.5,2972.5,2914.0,3167.5,3100.5,35.1,38,0.24,5.9,537,"{""type"":""Point"",""coordinates"":[80.058879,14.269509]}"
538,699.0,3660.0,3066.0,988.0,1356.0,1740.0,2330.0,2742.5,2972.5,2811.0,3167.5,3100.5,35.1,38,0.24,5.9,538,"{""type"":""Point"",""coordinates"":[80.058937,14.269494999999997]}"
539,699.0,3043.5,2227.5,797.0,1109.0,1237.0,1877.0,2728.5,3085.5,3020.0,3422.5,3100.5,35.1,38,0.24,5.9,539,"{""type"":""Point"",""coordinates"":[80.059057,14.269623000000001]}"
540,751.5,2205.5,1487.0,847.0,1119.0,1190.0,1470.5,2378.0,2755.0,2646.0,2946.5,3047.0,105.3,151,0.16,8.8,540,"{""type"":""Point"",""coordinates"":[80.049809,14.279313]}"
541,657.0,2341.5,1549.0,785.0,1024.0,944.5,1567.0,2688.5,3249.0,3310.0,3548.0,3563.5,56.2,263,0.18,13.5,541,"{""type"":""Point"",""coordinates"":[80.049233,14.281840000000004]}"
542,712.5,2422.0,1455.0,1037.5,1398.0,1488.0,2101.0,2871.5,3194.0,3252.0,3561.0,3334.0,35.1,301,0.12,29.4,542,"{""type"":""Point"",""coordinates"":[80.051839,14.283764999999999]}"
543,695.5,2852.5,2068.0,895.5,1242.5,1373.0,1669.0,2410.0,2746.5,3066.0,2983.0,2657.0,56.2,251,0.18,5.3,543,"{""type"":""Point"",""coordinates"":[80.052716,14.287024000000002]}"
544,699.0,3227.0,2403.0,951.5,1371.0,1449.0,1955.0,2693.5,2941.5,3078.0,3219.5,3168.0,56.2,251,0.18,5.3,544,"{""type"":""Point"",""coordinates"":[80.05314000000001,14.28718]}"
545,699.0,3227.0,2403.0,951.5,1371.0,1449.0,1955.0,2693.5,2941.5,3078.0,3219.5,3168.0,56.2,251,0.18,5.3,545,"{""type"":""Point"",""coordinates"":[80.053105,14.287234]}"
546,614.5,1926.0,1156.0,716.0,897.0,799.0,1276.5,2258.0,2731.0,2892.5,2981.5,3157.0,77.3,138,0.31,10,546,"{""type"":""Point"",""coordinates"":[80.053383,14.288771000000002]}"
547,644.0,2251.0,1520.5,824.5,1080.0,1123.0,1532.5,2375.0,2800.5,2681.5,3067.0,3080.5,77.3,138,0.31,10,547,"{""type"":""Point"",""coordinates"":[80.053813,14.288875999999997]}"
548,644.0,2251.0,1520.5,824.5,1080.0,1123.0,1532.5,2375.0,2800.5,2681.5,3067.0,3080.5,77.3,138,0.31,10,548,"{""type"":""Point"",""coordinates"":[80.053743,14.288959]}"
549,644.0,2027.5,1248.5,794.0,1086.0,1113.0,1665.0,2666.0,3142.0,3267.0,3439.0,3080.5,77.3,138,0.31,10,549,"{""type"":""Point"",""coordinates"":[80.053984,14.288967000000001]}"
550,644.0,2166.0,1404.0,858.5,1135.0,1111.5,1684.5,2617.0,3073.0,3212.0,3364.5,3080.5,77.3,138,0.31,10,550,"{""type"":""Point"",""coordinates"":[80.05391400000002,14.289139999999998]}"
551,635.5,2685.5,2004.5,854.5,1159.0,1128.0,1698.0,2450.5,2855.5,3090.5,3137.0,2991.5,77.3,138,0.31,10,551,"{""type"":""Point"",""coordinates"":[80.054085,14.289317000000002]}"
552,842.0,3197.0,2453.0,1189.0,1604.0,1948.0,2067.0,2720.0,3074.0,3267.5,3339.0,3342.0,56.2,276,0.14,7,552,"{""type"":""Point"",""coordinates"":[80.056201,14.291693000000002]}"
553,566.5,2299.0,1504.5,679.5,1016.0,906.5,1645.0,2536.0,3127.5,3341.0,3403.5,3523.5,63.2,263,0.09,2.9,553,"{""type"":""Point"",""coordinates"":[80.057937,14.290617]}"
554,716.0,3181.5,2708.0,1010.5,1339.0,1641.0,1988.0,2434.0,2754.0,2744.5,2940.0,3124.5,56.2,289,0.38,17.6,554,"{""type"":""Point"",""coordinates"":[80.060751,14.289394999999999]}"
555,499.0,2512.0,1602.75,493.57142857142856,768.2,737.875,1276.6166666666668,2606.25,3020.6666666666665,3186.0,3318.75,3326.875,198.6,151,0.22,8.4,556,"{""type"":""Point"",""coordinates"":[79.775871,15.009502000000005]}"
556,759.5,2981.0,2641.0,935.0,1193.0,1584.0,1916.0,2162.0,2414.5,2504.0,2766.0,2675.0,229.7,188,0.11,55.3,557,"{""type"":""Point"",""coordinates"":[79.720125,15.036470000000001]}"
557,688.0,2833.0,2459.5,886.5,1238.5,1449.0,1912.5,2214.0,2404.5,2425.0,2670.5,2603.5,149,50,0.22,29.2,558,"{""type"":""Point"",""coordinates"":[79.717137,15.034681999999998]}"
558,710.5,3639.0,2867.0,933.5,1264.5,1704.0,2024.0,2450.5,2689.5,2887.0,2987.0,2908.0,149,50,0.22,29.2,559,"{""type"":""Point"",""coordinates"":[79.719091,15.035569999999998]}"
559,584.0,2668.5,2204.5,628.5,886.0,992.5,1534.0,1993.0,2259.0,2329.0,2468.5,2445.0,235.9,50,0.19,32.3,560,"{""type"":""Point"",""coordinates"":[79.714264,15.033018]}"
560,606.5,2684.0,2305.5,756.0,954.5,1211.0,1502.0,1815.5,2002.0,2070.0,2220.5,2275.5,235,50,0.19,32.3,561,"{""type"":""Point"",""coordinates"":[79.712426,15.03213]}"
561,432.5,1990.5,1274.5,430.0,669.0,701.0,1195.5,2223.5,2539.5,2594.0,2824.0,2857.5,167.6,100,0.18,10,562,"{""type"":""Point"",""coordinates"":[79.709323,15.031242]}"
562,587.0,2438.0,1561.0,507.0,733.5,659.5,1270.0,2312.5,2642.0,2845.0,3013.5,3004.5,130.4,188,0.21,23.8,563,"{""type"":""Point"",""coordinates"":[79.721964,15.022920999999998]}"
563,526.5,3340.5,2250.5,584.0,843.5,1101.0,1553.0,2324.5,2631.0,2648.0,2948.0,2991.5,155.2,151,0.06,34.6,564,"{""type"":""Point"",""coordinates"":[79.723113,15.021256]}"
564,789.5,3616.0,2818.0,936.0,1263.5,1634.0,2154.0,2596.0,2861.0,2778.5,3213.5,3175.5,130.4,188,0.21,23.8,565,"{""type"":""Point"",""coordinates"":[79.721447,15.021755]}"
565,560.5714285714286,3440.4,2607.8333333333335,659.5,980.875,1234.2222222222222,1937.75,2771.0,3079.0,3000.875,3361.708333333333,3305.8,198.6,151,0.22,8.4,566,"{""type"":""Point"",""coordinates"":[79.775296,15.00965]}"
566,506.0,3628.0,2596.5,755.5,1095.0,1506.5,1910.0,2477.0,2815.0,2955.5,3122.0,3148.0,434.5,88,0.06,3.1,567,"{""type"":""Point"",""coordinates"":[79.693015,15.011291000000002]}"
567,429.5,2859.5,1917.0,561.0,926.0,1103.0,1528.5,2404.5,2766.0,3029.5,3048.5,3047.0,254.5,38,0.25,23,568,"{""type"":""Point"",""coordinates"":[79.697037,15.010292000000005]}"
568,463.0,3093.0,2008.5,492.0,826.0,693.5,1539.0,2562.0,3037.5,3134.0,3374.5,3153.0,279.3,100,0.18,18.4,569,"{""type"":""Point"",""coordinates"":[79.695313,15.00774]}"
569,614.0,3297.0,2379.5,643.0,927.0,1035.5,1693.0,2504.0,2845.0,3022.0,3179.5,3072.5,186.2,113,0.1,23,570,"{""type"":""Point"",""coordinates"":[79.696003,15.005853]}"
570,528.0,3402.5,2400.5,802.5,1165.5,1453.0,2016.0,2713.5,3165.0,3383.5,3447.5,3107.0,161.4,226,0.02,23,571,"{""type"":""Point"",""coordinates"":[79.69359,15.005409000000004]}"
571,568.3333333333334,2699.0,1814.6666666666667,500.6,818.0,769.6,1462.0,2535.5,2859.0,3040.0,3112.5,3095.5,223.5,201,0.31,26.9,572,"{""type"":""Point"",""coordinates"":[79.674958,14.126984]}"
572,450.3333333333333,2654.0,1747.0,574.0,830.0,862.0,1332.6666666666667,2011.3333333333333,2263.0,2410.0,2549.5,2699.75,223.5,201,0.31,26.9,573,"{""type"":""Point"",""coordinates"":[79.675619,14.126587000000002]}"
573,509.5,3328.0,2577.5,627.0,972.5,1174.0,1739.0,2377.0,2613.0,2838.0,2887.5,2777.0,86.9,163,0.45,12.3,574,"{""type"":""Point"",""coordinates"":[79.50255,14.212202]}"
574,714.5,4276.0,3357.5,899.5,1237.5,1696.5,2003.0,2568.5,2848.0,3053.0,3227.5,3166.0,329,163,0.25,4.6,575,"{""type"":""Point"",""coordinates"":[79.490903,14.221032000000003]}"
575,644.5,3644.0,2682.0,903.0,1178.0,1572.0,1806.0,2558.0,2905.5,3192.0,3290.5,3298.0,558.7,100,0.56,13.8,576,"{""type"":""Point"",""coordinates"":[79.495281,14.220985]}"
576,557.5,3189.0,2127.0,564.5,827.5,904.5,1403.5,2238.5,2591.0,2699.0,2929.0,3038.0,180,75,0.13,13.1,577,"{""type"":""Point"",""coordinates"":[79.490278,14.223711]}"
577,557.5,3291.0,2203.0,591.0,819.5,935.5,1399.0,2321.5,2602.5,2618.5,2966.0,3038.0,180,75,0.13,13.1,578,"{""type"":""Point"",""coordinates"":[79.490169,14.223555000000003]}"
578,659.5,4172.0,3150.5,856.0,1219.0,1509.0,2086.5,2788.0,3110.0,3262.5,3485.0,3447.0,329,163,0.25,4.6,579,"{""type"":""Point"",""coordinates"":[79.490247,14.222828000000002]}"
579,659.5,4149.5,3028.0,770.0,1143.0,1444.0,2027.5,2764.5,3085.0,3246.0,3492.0,3447.0,329,163,0.25,4.6,580,"{""type"":""Point"",""coordinates"":[79.490513,14.222494999999999]}"
580,712.0,4327.5,3363.0,837.0,1182.0,1530.5,2147.5,2712.0,2985.0,3067.5,3353.5,3347.0,329,163,0.25,4.6,581,"{""type"":""Point"",""coordinates"":[79.490935,14.222192000000001]}"
581,712.0,4396.0,3463.0,971.0,1370.5,1895.0,2150.5,2678.0,2938.0,3192.0,3340.5,3347.0,329,163,0.25,4.6,582,"{""type"":""Point"",""coordinates"":[79.491044,14.222055]}"
582,725.5,4575.5,3730.0,942.5,1276.5,1799.0,2281.5,2725.0,2980.5,3093.5,3355.0,3146.0,329,163,0.25,4.6,583,"{""type"":""Point"",""coordinates"":[79.491279,14.221768]}"
583,725.5,4244.5,3445.0,949.0,1292.5,1676.0,2102.5,2553.5,2808.0,2891.0,3138.5,3146.0,329,163,0.25,4.6,584,"{""type"":""Point"",""coordinates"":[79.491623,14.221662]}"
584,725.5,4346.0,3540.5,1002.0,1372.0,1901.0,2231.0,2625.5,2888.0,3077.0,3199.5,3146.0,329,163,0.25,4.6,585,"{""type"":""Point"",""coordinates"":[79.491325,14.221586000000002]}"
585,725.5,4297.5,3490.5,848.0,1166.5,1506.5,2094.5,2549.5,2793.0,2954.0,3132.5,3146.0,329,163,0.25,4.6,586,"{""type"":""Point"",""coordinates"":[79.491544,14.22151]}"
586,758.0,4600.0,3795.5,1030.0,1431.5,1943.0,2353.0,2794.0,3060.0,3221.5,3444.0,3332.0,329,163,0.25,4.6,587,"{""type"":""Point"",""coordinates"":[79.49070000000002,14.221403999999998]}"
587,725.5,4033.5,3294.0,849.0,1191.0,1530.5,2073.0,2544.0,2792.0,2743.5,3062.0,3146.0,329,163,0.25,4.6,588,"{""type"":""Point"",""coordinates"":[79.49126300000002,14.221374]}"
588,714.5,4396.5,3484.5,1000.5,1385.5,1893.0,2210.0,2731.5,2993.5,3167.5,3347.5,3166.0,329,163,0.25,4.6,589,"{""type"":""Point"",""coordinates"":[79.490825,14.221071000000002]}"
589,656.5,3221.5,2140.0,602.5,893.5,1025.0,1634.5,2403.0,2823.5,2928.5,3198.0,3581.0,167.6,201,0.25,20.7,590,"{""type"":""Point"",""coordinates"":[79.49334500000002,14.219931]}"
590,659.5,3059.0,2243.5,737.5,1043.0,1159.0,1538.0,2287.0,2651.0,2846.5,2952.0,3487.5,167.6,201,0.25,20.7,591,"{""type"":""Point"",""coordinates"":[79.493376,14.219760000000003]}"
591,716.0,3614.5,2995.5,1231.5,1578.5,1962.0,2097.0,2508.5,2684.0,2781.0,2971.0,3099.0,136.6,138,0.25,31.5,592,"{""type"":""Point"",""coordinates"":[79.494642,14.219775]}"
592,683.0,3268.0,2372.5,767.5,1069.5,1240.0,1713.0,2300.5,2560.5,2541.5,2855.5,3020.0,136.6,138,0.25,31.5,593,"{""type"":""Point"",""coordinates"":[79.494642,14.219320999999999]}"
593,659.0,3622.0,2709.0,787.0,1133.5,1447.5,1946.0,2438.5,2732.0,2860.0,3053.5,3038.5,372.4,113,0.64,10,594,"{""type"":""Point"",""coordinates"":[79.496878,14.217731]}"
594,659.0,3593.0,2708.0,736.5,1032.0,1363.5,1828.5,2371.0,2657.5,2779.0,2981.0,3038.5,372.4,113,0.64,10,595,"{""type"":""Point"",""coordinates"":[79.496878,14.217503999999998]}"
595,574.5,3432.0,2459.0,748.0,1111.0,1425.0,1864.0,2522.0,2904.0,3104.5,3231.0,3224.5,155.2,138,0.25,9.2,596,"{""type"":""Point"",""coordinates"":[79.500052,14.218321]}"
596,540.0,2972.5,2025.5,681.5,1033.5,1194.0,1519.0,2132.5,2387.5,2543.0,2659.5,3023.5,155.2,138,0.25,9.2,597,"{""type"":""Point"",""coordinates"":[79.500442,14.217837]}"
597,545.0,3281.5,2646.5,668.0,1004.5,1269.5,1685.5,2251.5,2525.0,2493.5,2736.5,3044.0,155.2,138,0.25,9.2,598,"{""type"":""Point"",""coordinates"":[79.499958,14.217619999999998]}"
598,540.0,2901.5,1961.0,508.0,755.5,761.5,1531.5,2384.5,2701.0,2903.5,2936.5,3023.5,155.2,138,0.25,9.2,599,"{""type"":""Point"",""coordinates"":[79.500333,14.217680000000001]}"
599,536.5,3426.5,2445.0,791.0,1161.0,1274.5,1901.0,2757.0,3306.0,3452.0,3623.0,3424.5,155.2,138,0.25,9.2,600,"{""type"":""Point"",""coordinates"":[79.500739,14.21768]}"
600,540.0,3199.0,2396.0,673.0,992.5,1306.5,1733.0,2344.5,2676.5,2600.0,2879.5,3023.5,155.2,138,0.25,9.2,601,"{""type"":""Point"",""coordinates"":[79.500145,14.217544]}"
601,698.5,3381.0,2689.0,877.0,1229.5,1531.5,1871.0,2500.0,2925.0,2886.0,3199.0,3167.5,142.8,25,0.44,9.2,602,"{""type"":""Point"",""coordinates"":[79.498191,14.216437999999998]}"
602,693.5,3529.0,2748.5,894.0,1219.0,1511.0,1925.5,2620.0,3078.5,3220.5,3399.0,3308.5,27.31,201,0.56,23,603,"{""type"":""Point"",""coordinates"":[79.497769,14.216310999999997]}"
603,698.5,3381.0,2689.0,877.5,1192.5,1460.5,1871.0,2500.0,2925.0,3009.0,3199.0,3167.5,142.8,25,0.44,9.2,604,"{""type"":""Point"",""coordinates"":[79.498113,14.216386999999997]}"
604,587.0,2963.5,2149.0,710.0,1069.0,1155.0,1707.5,2398.5,2766.5,2871.0,2979.0,3095.5,93.1,188,0.25,9.2,605,"{""type"":""Point"",""coordinates"":[79.49906700000001,14.215615000000001]}"
605,587.0,3446.5,2491.0,799.0,1211.0,1488.0,2086.5,2615.0,3017.5,3154.5,3333.0,3095.5,93.1,188,0.25,9.2,606,"{""type"":""Point"",""coordinates"":[79.499426,14.215599999999998]}"
606,587.0,2855.0,2106.5,613.0,899.0,1092.5,1604.5,2335.0,2654.5,2694.0,2919.5,3095.5,93.1,188,0.25,9.2,607,"{""type"":""Point"",""coordinates"":[79.499301,14.215448]}"
607,462.5,2370.0,1492.0,472.5,755.0,598.5,1243.0,2613.5,3014.0,3178.5,3316.0,3210.5,316,50,0.56,16.1,608,"{""type"":""Point"",""coordinates"":[79.719399,15.114087999999999]}"
608,473.0,2847.0,2026.0,754.0,1097.0,1429.0,1515.0,2258.0,2523.0,2718.0,2843.0,2871.5,35.1,38,0.51,16.1,609,"{""type"":""Point"",""coordinates"":[79.700932,15.118144]}"
609,418.0,3219.5,2181.5,616.0,955.5,1234.0,1681.0,2506.5,2852.5,3025.5,3207.0,2978.0,93.1,301,0.19,20.7,610,"{""type"":""Point"",""coordinates"":[79.623424,14.699123999999998]}"
610,560.375,4642.333333333334,3835.583333333333,620.3636363636364,1011.75,1497.25,2331.416666666667,2836.2,3087.8571428571427,3122.5,3359.958333333333,3226.1111111111113,620.7,75,0.1,6.1,611,"{""type"":""Point"",""coordinates"":[79.57392,14.188673000000001]}"
611,528.1333333333333,4272.142857142857,3367.25,690.25,1043.2857142857142,1705.3333333333333,2068.8,2659.770833333333,2921.8333333333335,3015.5,3234.0,3213.8571428571427,620.7,75,0.1,6.1,612,"{""type"":""Point"",""coordinates"":[79.574253,14.188494]}"
612,424.25,3353.0,2493.25,580.3333333333334,927.3,1053.5,1700.6666666666667,2479.75,2734.666666666667,2799.0,3032.0,2964.5714285714284,620.7,163,0.43,4.6,613,"{""type"":""Point"",""coordinates"":[79.576322,14.195327999999998]}"
613,429.3333333333333,2967.0,2097.25,471.6,809.1428571428571,750.625,1450.75,2491.9,2758.75,2848.0,3047.6666666666665,3030.5,620.7,163,0.43,4.6,614,"{""type"":""Point"",""coordinates"":[79.576156,14.195041]}"
614,599.875,3255.0,2711.0,945.0,1293.5,1427.1666666666667,1678.3333333333333,2422.5,2701.0,2638.0,2899.0,2953.75,620.7,13,0.11,1.5,615,"{""type"":""Point"",""coordinates"":[79.579758,14.195183999999998]}"
615,674.0,3223.0,2825.0,1008.2,1275.0,1430.0,1813.4,2314.5,2544.6666666666665,2449.4,2734.5,2906.3333333333335,620.7,13,0.11,1.5,616,"{""type"":""Point"",""coordinates"":[79.579574,14.195023]}"
616,622.4375,4309.5,3429.5,841.5,1234.6666666666667,1692.0,2118.5,2521.5,2742.5,2861.0,3079.0,3084.75,620.7,25,0.63,9.2,617,"{""type"":""Point"",""coordinates"":[79.577172,14.193734000000001]}"
617,611.8333333333334,3891.0,3121.6666666666665,786.375,1135.0,1454.0,1890.857142857143,2480.4,2741.5,2826.25,3053.0,3081.25,620.7,151,0.2,9.2,618,"{""type"":""Point"",""coordinates"":[79.579555,14.193824000000001]}"
618,545.8461538461538,3110.5,2350.5,474.1333333333333,673.0588235294117,670.4,1430.6363636363637,2338.3333333333335,2733.0,2587.25,3031.3333333333335,3173.2,620.7,151,0.2,9.2,619,"{""type"":""Point"",""coordinates"":[79.579777,14.193627]}"
619,536.8,3472.2,2656.333333333333,668.4444444444445,992.5,1246.8,1761.6666666666667,2599.8571428571427,2880.4375,2834.8,3172.4285714285716,3103.875,620.7,188,0.2,13.1,620,"{""type"":""Point"",""coordinates"":[79.578336,14.193376]}"
620,363.54545454545456,2633.5,1866.5,432.90909090909093,718.9375,588.5,1293.0,2371.5,2738.0,2982.0,2996.5,3075.5,620.7,188,0.2,13.1,621,"{""type"":""Point"",""coordinates"":[79.577393,14.192589]}"
621,413.95454545454544,2907.5,2133.0,539.6470588235294,844.8,905.1428571428571,1516.25,2670.75,2981.5,3052.75,3257.25,3120.3636363636365,620.7,188,0.2,13.1,622,"{""type"":""Point"",""coordinates"":[79.578206,14.192625000000001]}"
622,475.6190476190476,3312.3333333333335,2710.25,602.4666666666667,990.2222222222222,1174.6363636363637,1687.4545454545455,2283.4,2485.0,2596.25,2673.6666666666665,2730.6666666666665,620.7,188,0.2,13.1,623,"{""type"":""Point"",""coordinates"":[79.57926,14.192785999999996]}"
623,475.6190476190476,3120.3333333333335,2490.0,541.5,923.0714285714286,1055.0,1504.0833333333333,2305.166666666667,2575.3333333333335,2595.75,2764.0,2730.6666666666665,620.7,188,0.56,0.8,624,"{""type"":""Point"",""coordinates"":[79.579611,14.192911]}"
624,475.6190476190476,3495.6,2807.583333333333,540.9411764705883,845.5555555555555,1036.5,1627.0,2266.0,2524.666666666667,2756.625,2760.166666666667,2730.6666666666665,620.7,188,0.56,0.8,625,"{""type"":""Point"",""coordinates"":[79.579758,14.192534999999998]}"
625,419.0,3240.0,2673.5,574.5,939.5,1433.0,1904.0,2634.5,2796.0,2927.0,2964.5,2629.5,133.4,13,0.47,81.4,626,"{""type"":""Point"",""coordinates"":[79.686924,15.067378000000001]}"
626,430.0,3100.0,2120.0,663.0,958.0,1211.0,1658.0,2344.0,2700.5,2932.5,3053.0,2701.5,98.3,50,0.5,80.6,627,"{""type"":""Point"",""coordinates"":[79.672787,15.068238999999997]}"
627,438.5,3242.5,2596.5,554.5,901.0,1484.0,1752.0,2162.0,2430.5,2431.5,2678.0,2795.0,491.6,113,0.19,27.6,628,"{""type"":""Point"",""coordinates"":[79.673806,15.064919]}"
628,388.5,2690.5,2019.5,453.5,724.0,984.0,1540.0,2313.0,2541.0,2420.5,2735.0,2779.0,632.1,25,0.25,20.7,629,"{""type"":""Point"",""coordinates"":[79.671004,15.061723]}"
629,405.5,3250.0,2474.5,517.0,922.5,1220.0,1875.0,2538.0,2685.0,2627.0,2816.5,2793.0,463.5,63,0.19,14.6,630,"{""type"":""Point"",""coordinates"":[79.667311,15.061845999999996]}"
630,391.0,3184.5,2342.0,497.0,814.0,1171.0,1682.5,2257.5,2552.5,2525.5,2771.0,2799.5,196.6,151,0.39,51.46,631,"{""type"":""Point"",""coordinates"":[79.665019,15.064919]}"
631,446.5,3268.5,2332.5,599.5,867.0,1207.0,1733.0,2285.0,2543.0,2593.5,2816.5,2642.5,98.3,88,0.15,76.8,632,"{""type"":""Point"",""coordinates"":[79.672031,15.05556]}"
632,382.0,2673.5,1861.5,508.0,750.5,878.5,1422.0,2329.0,2682.0,2751.0,2977.5,2938.5,124.1,289,0.14,27.6,633,"{""type"":""Point"",""coordinates"":[79.589474,14.71921]}"
633,679.5,3306.5,2450.0,675.5,966.5,1313.0,1759.0,2269.0,2540.5,2381.0,2802.0,2916.0,111.7,426,0.12,26.1,634,"{""type"":""Point"",""coordinates"":[79.603583,14.716609000000002]}"
634,768.5,3254.5,2824.0,1196.0,1579.0,1926.0,2183.0,2428.0,2604.0,2695.5,2837.0,2771.0,245.8,100,0.19,13.8,635,"{""type"":""Point"",""coordinates"":[79.713158,15.108433999999999]}"
635,598.0,2564.5,1693.0,745.5,1072.0,1118.0,1794.0,2665.0,3193.0,3208.0,3459.0,3528.0,192.4,151,0.24,50.69,636,"{""type"":""Point"",""coordinates"":[79.795675,14.174629]}"
636,440.25,2732.5,1992.0,667.5,969.0,1119.0,1516.0,2531.0,2886.0,2903.0,3134.0,3156.5,285.5,50,0.29,110.6,637,"{""type"":""Point"",""coordinates"":[79.775135,14.185148]}"
637,518.1428571428571,2129.0,1576.0,644.6,873.25,965.75,1128.5,2120.5,2565.6666666666665,2518.0,2791.0,2471.75,242.1,2.1,0.49,139.8,638,"{""type"":""Point"",""coordinates"":[79.773062,14.193934999999998]}"
638,421.8888888888889,2204.0,1291.5,444.6666666666667,691.5,548.25,1191.0,2587.0,3066.6666666666665,3024.0,3320.5,3398.75,68.3,176,0.34,98.3,639,"{""type"":""Point"",""coordinates"":[79.772705,14.192488]}"
639,505.0,2757.0,1900.5,599.6666666666666,903.0,843.25,1541.0,2536.75,2884.0,3083.0,3111.0,3034.3333333333335,68.3,176,0.34,98.3,640,"{""type"":""Point"",""coordinates"":[79.77253300000001,14.191628]}"
640,429.1,2497.0,1782.5,527.3636363636364,811.2,846.8333333333334,1391.3333333333333,2388.5,2732.0,2908.0,2951.25,2918.0,409.7,125,0.28,21.5,641,"{""type"":""Point"",""coordinates"":[79.783998,14.200517999999997]}"
641,494.85714285714283,2307.0,1556.6666666666667,559.5714285714286,779.5,789.6,1290.6666666666667,2322.25,2728.0,2752.0,3016.0,3030.0,446.9,138,0.33,116,642,"{""type"":""Point"",""coordinates"":[79.784397,14.198978]}"
642,494.85714285714283,2307.0,1556.6666666666667,592.0,814.8181818181819,845.1428571428571,1290.6666666666667,2322.25,2728.0,2775.5,3016.0,3030.0,446.9,138,0.33,116,643,"{""type"":""Point"",""coordinates"":[79.784393,14.198907]}"
643,494.85714285714283,2307.0,1556.6666666666667,562.0,852.1538461538462,912.2,1290.6666666666667,2322.25,2728.0,2834.0,3016.0,3030.0,446.9,138,0.33,116,644,"{""type"":""Point"",""coordinates"":[79.784478,14.198919]}"
644,651.375,2923.0,2345.6666666666665,1124.6666666666667,1386.0,1558.3333333333333,1640.75,2520.5,2823.0,2789.0,2995.0,2957.3333333333335,192.4,113,0.3,90.6,645,"{""type"":""Point"",""coordinates"":[79.787029,14.189895999999997]}"
645,687.1111111111111,2889.0,1927.6,526.2857142857143,751.25,813.2,1452.6,2410.8,2790.0,2826.6,3126.0,3097.2727272727275,235.9,50,0.23,112.9,646,"{""type"":""Point"",""coordinates"":[79.784149,14.193454999999998]}"
646,687.1111111111111,2889.0,1927.6,559.9166666666666,812.9090909090909,910.625,1452.6,2410.8,2790.0,2835.6,3126.0,3097.2727272727275,235.9,50,0.23,112.9,647,"{""type"":""Point"",""coordinates"":[79.784167,14.193304999999999]}"
647,687.1111111111111,3187.8,2380.3333333333335,715.5,973.8571428571429,1112.0,1745.3333333333333,2511.6666666666665,2836.0,2634.75,3176.8,3097.2727272727275,235.9,50,0.23,112.9,648,"{""type"":""Point"",""coordinates"":[79.783996,14.193191]}"
648,810.7142857142857,3671.0,3191.0,1428.6666666666667,1586.2,1812.5,2258.0,2583.0,2824.4,2832.0,3061.75,3051.3333333333335,235.9,50,0.23,112.9,649,"{""type"":""Point"",""coordinates"":[79.785031,14.192624]}"
649,844.8571428571429,3718.0,3146.6666666666665,1238.6666666666667,1603.4,2007.0,2377.5,2748.5,2934.3333333333335,3066.6666666666665,3222.6666666666665,3215.0,248.3,151,0.52,82.2,650,"{""type"":""Point"",""coordinates"":[79.785445,14.192380000000002]}"
650,526.25,2569.5,1748.5,761.0,1029.0,1162.0,1594.25,2628.5,3005.0,3020.0,3276.0,2839.75,515.2,50,0.35,82.02,651,"{""type"":""Point"",""coordinates"":[79.789541,14.194482]}"
651,526.25,2569.5,1748.5,650.0,923.3333333333334,935.75,1594.25,2628.5,3005.0,3099.0,3276.0,2839.75,515.2,50,0.35,82.02,652,"{""type"":""Point"",""coordinates"":[79.789667,14.194392000000004]}"
652,526.25,1945.0,1246.0,602.5,853.3333333333334,775.0,1418.0,2345.5,2785.0,3065.6666666666665,3106.0,2839.75,515.2,50,0.35,82.02,653,"{""type"":""Point"",""coordinates"":[79.789604,14.194305]}"
653,502.0,2003.0,1249.0,616.0,899.6666666666666,890.6666666666666,1544.6666666666667,2518.0,2786.5,2811.0,3110.5,2990.3333333333335,515.2,50,0.35,82.02,654,"{""type"":""Point"",""coordinates"":[79.789964,14.194348]}"
654,599.0,2500.0,1723.0,692.6,983.6,985.0,1573.5,2612.0,3037.0,2904.0,3257.1666666666665,3295.0,515.2,50,0.35,82.02,655,"{""type"":""Point"",""coordinates"":[79.789408,14.19394]}"
655,599.0,2500.0,1723.0,620.4166666666666,938.4,918.3333333333334,1573.5,2612.0,3037.0,3044.0,3257.1666666666665,3295.0,515.2,50,0.35,82.02,656,"{""type"":""Point"",""coordinates"":[79.789362,14.193898000000003]}"
656,599.0,3147.5,2216.5,652.5555555555555,983.75,1026.0,1816.0,2640.0,3032.3333333333335,2964.0,3334.5,3295.0,515.2,50,0.35,82.02,657,"{""type"":""Point"",""coordinates"":[79.789501,14.193735999999998]}"
657,449.5,3035.0,1948.5,611.5,931.0,881.5,1499.0,2475.0,2786.5,2936.0,3082.0,3185.0,260.7,13,0.46,1.5,658,"{""type"":""Point"",""coordinates"":[79.527182,14.211261000000002]}"
658,517.0,2973.0,2045.5,541.0,816.5,852.0,1593.5,2430.5,2737.5,2764.0,3039.5,3175.0,260.7,13,0.46,1.5,659,"{""type"":""Point"",""coordinates"":[79.527879,14.210783999999999]}"
659,535.5,2995.0,1954.5,571.0,830.0,906.5,1532.0,2368.0,2624.5,2698.0,2958.0,3151.0,260.7,13,0.46,1.5,660,"{""type"":""Point"",""coordinates"":[79.529015,14.210643000000001]}"
660,560.0,3313.0,2319.5,749.5,1138.0,1257.0,1875.0,2773.0,3151.5,3243.5,3485.0,3483.0,409.7,213,0.43,3.8,661,"{""type"":""Point"",""coordinates"":[79.529843,14.210690000000001]}"
661,534.0,3328.5,2237.5,652.0,973.0,1172.0,1837.5,2540.0,2990.5,2912.5,3338.5,3177.5,409.7,213,0.43,3.8,662,"{""type"":""Point"",""coordinates"":[79.529664,14.210407]}"
662,542.0,2788.5,1782.5,514.5,813.0,740.0,1331.5,2317.0,2643.0,2833.0,2919.0,3128.5,260.7,13,0.46,1.5,663,"{""type"":""Point"",""coordinates"":[79.528967,14.209825000000002]}"
663,345.5,1962.5,1130.5,384.5,663.5,509.0,1106.0,2139.5,2407.0,2558.5,2636.5,2870.5,322.8,113,0.23,9.2,664,"{""type"":""Point"",""coordinates"":[79.529405,14.212576000000002]}"
664,558.0,3239.0,2687.0,942.0,1288.0,1568.0,1756.0,2208.0,2419.0,2452.0,2611.0,2681.0,403.5,50,0.25,8.4,665,"{""type"":""Point"",""coordinates"":[79.569911,14.197923000000001]}"
665,586.0,3712.5,2895.0,798.0,1198.0,1423.0,1916.0,2365.0,2543.5,2657.0,2857.5,2822.0,620.7,38,0.16,13.1,666,"{""type"":""Point"",""coordinates"":[79.573126,14.20398]}"
666,586.0,3712.5,2895.0,800.0,1224.0,1603.0,1916.0,2365.0,2543.5,2646.5,2857.5,2822.0,620.7,38,0.16,13.1,667,"{""type"":""Point"",""coordinates"":[79.573047,14.203876999999999]}"
667,652.0,3352.0,2977.0,1286.5,1592.5,1810.0,1993.0,2368.0,2572.0,2804.0,2779.5,2637.0,620.7,138,0.56,13.8,668,"{""type"":""Point"",""coordinates"":[79.570096,14.204253000000001]}"
668,542.5,3594.5,2636.0,565.0,872.5,964.0,1799.5,2461.0,2893.0,2797.5,3219.5,3135.0,620.7,188,0.16,10,669,"{""type"":""Point"",""coordinates"":[79.566898,14.205787]}"
669,542.5,3595.5,2640.0,625.0,952.0,1117.0,1757.0,2356.5,2705.0,2857.5,3096.0,3135.0,620.7,188,0.16,10,670,"{""type"":""Point"",""coordinates"":[79.567131,14.205731]}"
670,542.5,3595.5,2640.0,625.0,952.0,1117.0,1757.0,2356.5,2705.0,2857.5,3096.0,3135.0,620.7,188,0.16,10,671,"{""type"":""Point"",""coordinates"":[79.567221,14.205767999999999]}"
671,542.5,3595.5,2640.0,625.0,952.0,1117.0,1757.0,2356.5,2705.0,2857.5,3096.0,3135.0,620.7,188,0.16,10,672,"{""type"":""Point"",""coordinates"":[79.567221,14.205738999999998]}"
672,542.5,3595.5,2640.0,698.0,1046.0,1224.5,1757.0,2356.5,2705.0,2887.0,3096.0,3135.0,620.7,188,0.16,10,673,"{""type"":""Point"",""coordinates"":[79.56715,14.205673]}"
673,588.5,3486.5,2651.5,636.0,945.0,1071.0,1733.0,2390.5,2819.0,2702.0,3190.5,3322.5,620.7,188,0.16,10,674,"{""type"":""Point"",""coordinates"":[79.567583,14.205526999999998]}"
674,588.5,3486.5,2651.5,692.0,990.0,1244.0,1733.0,2390.5,2819.0,2925.0,3190.5,3322.5,620.7,188,0.16,10,675,"{""type"":""Point"",""coordinates"":[79.567534,14.205483]}"
675,588.5,3486.5,2651.5,710.0,1044.5,1157.5,1733.0,2390.5,2819.0,2868.0,3190.5,3322.5,620.7,188,0.16,10,676,"{""type"":""Point"",""coordinates"":[79.567602,14.205465]}"
676,527.0,3422.5,2539.0,748.5,1117.5,1390.0,1693.5,2427.5,2802.0,3032.5,3137.5,2991.5,620.7,188,0.16,10,677,"{""type"":""Point"",""coordinates"":[79.56762,14.20541]}"
677,527.0,3422.5,2539.0,740.0,1116.5,1446.5,1693.5,2427.5,2802.0,3104.0,3137.5,2991.5,620.7,188,0.16,10,678,"{""type"":""Point"",""coordinates"":[79.567549,14.205392]}"
678,527.0,3422.5,2539.0,729.0,1070.0,1281.5,1693.5,2427.5,2802.0,2900.5,3137.5,2991.5,620.7,188,0.16,10,679,"{""type"":""Point"",""coordinates"":[79.56747400000002,14.205316000000002]}"
679,527.0,3532.0,2515.0,653.0,972.0,1184.5,1743.5,2477.5,2825.0,3005.0,3227.0,2991.5,620.7,188,0.16,10,680,"{""type"":""Point"",""coordinates"":[79.567696,14.205316000000002]}"
680,527.0,3425.5,2639.0,526.5,822.5,877.0,1630.0,2382.5,2692.0,2867.5,3020.0,2991.5,620.7,188,0.16,10,681,"{""type"":""Point"",""coordinates"":[79.56753,14.205239]}"
681,555.5,3023.5,2182.0,719.5,1019.0,1239.0,1436.5,2216.5,2594.5,2890.0,2934.0,2960.0,620.7,188,0.16,10,682,"{""type"":""Point"",""coordinates"":[79.56805,14.205214000000002]}"
682,594.5,2542.5,2126.0,742.5,1001.5,1391.0,1660.5,1824.0,1974.0,1977.0,2200.0,2148.5,254,50,0.05,2.3,683,"{""type"":""Point"",""coordinates"":[79.576657,14.859327000000002]}"
683,491.0,2307.0,1809.0,643.5,998.0,1015.5,1584.5,1986.0,2178.0,2130.0,2391.5,2369.0,62.1,88,0.21,46.85,684,"{""type"":""Point"",""coordinates"":[79.509273,14.78367]}"
684,400.0,2543.5,1834.0,567.5,841.5,1096.5,1402.5,2045.5,2273.5,2277.0,2490.5,2394.0,111.7,125,0.3,16.9,685,"{""type"":""Point"",""coordinates"":[79.520834,14.829300000000002]}"
685,475.5,2765.0,2051.5,568.5,821.5,1069.0,1408.0,1734.0,1890.0,1971.0,2078.0,2107.0,62.1,38,0.24,9.2,686,"{""type"":""Point"",""coordinates"":[79.51869200000002,14.825964]}"
686,363.5,2317.0,1599.0,424.0,689.5,773.5,1265.5,2234.5,2548.5,2460.5,2736.0,2623.5,74.5,125,0.42,10,687,"{""type"":""Point"",""coordinates"":[79.525952,14.819980000000001]}"
687,431.0,2738.0,1941.5,529.0,764.0,914.5,1312.0,1832.0,2007.5,2067.5,2238.5,2308.0,99.3,100,0.23,29.2,688,"{""type"":""Point"",""coordinates"":[79.531546,14.818599999999998]}"
688,447.0,2830.0,2201.5,596.5,846.0,1220.5,1415.5,1839.0,2001.0,2186.5,2265.5,2272.0,68.3,100,0.2,14.6,689,"{""type"":""Point"",""coordinates"":[79.52635700000002,14.81564]}"
689,455.0,1987.5,1665.0,557.5,818.5,1282.0,1538.5,1660.0,1768.0,1757.0,1762.5,1782.0,99.3,88,0.39,28.4,690,"{""type"":""Point"",""coordinates"":[79.52481,14.813972000000001]}"
690,342.0,2656.5,1754.0,496.5,773.5,905.5,1336.0,2246.5,2563.5,2747.5,2869.0,2809.0,223.5,151,0.21,37.6,691,"{""type"":""Point"",""coordinates"":[79.523619,14.811383]}"
691,389.5,2823.5,1841.5,541.0,801.0,966.5,1387.5,2285.5,2631.5,2668.5,2947.0,2818.5,198.6,88,0.23,8.4,692,"{""type"":""Point"",""coordinates"":[79.524631,14.810750000000002]}"
692,380.0,2622.0,2117.5,440.5,669.5,1065.0,1400.5,1744.5,1836.5,1852.0,1975.0,2079.5,223.5,151,0.45,11.5,693,"{""type"":""Point"",""coordinates"":[79.526595,14.809023999999997]}"
693,333.0,2425.5,2084.0,372.5,522.0,926.5,1182.5,1327.5,1453.0,1507.0,1538.0,1796.5,49.7,75,0.45,4.6,694,"{""type"":""Point"",""coordinates"":[79.521953,14.804191000000003]}"
694,362.0,2304.5,1669.0,461.0,695.5,916.0,1192.0,2020.0,2267.5,2295.0,2402.5,2410.0,247.6,201,0.06,7.7,695,"{""type"":""Point"",""coordinates"":[79.732471,14.963328000000002]}"
695,416.45454545454544,2857.4,1717.0,423.29411764705884,748.6666666666666,529.0909090909091,1389.0,2824.3333333333335,3230.0,3406.25,3528.0,3171.5,471.8,125,0.08,27.6,696,"{""type"":""Point"",""coordinates"":[79.776471,14.950213000000005]}"
696,547.8,3413.0,2462.5,698.5,1011.5,1312.25,1804.4166666666665,2530.75,2840.5,2890.833333333333,3198.5,3144.5,161.4,38,0.17,25.3,697,"{""type"":""Point"",""coordinates"":[79.75748,14.966161]}"
697,428.0,2821.5,1999.5,537.0,806.5,965.0,1491.0,2267.0,2493.0,2687.0,2757.0,2808.0,247.6,201,0.06,7.7,698,"{""type"":""Point"",""coordinates"":[79.731474,14.963681]}"
698,426.0,2823.5,2024.0,506.5,846.5,869.0,1484.5,2364.0,2628.5,2653.0,2874.5,2898.0,322.8,25,0.33,27.6,699,"{""type"":""Point"",""coordinates"":[79.553591,14.161126]}"
699,387.5,2421.0,1496.0,373.5,702.0,554.0,1385.0,2582.0,2942.0,3021.0,3226.5,3087.0,322.8,25,0.33,27.6,700,"{""type"":""Point"",""coordinates"":[79.554204,14.16113]}"
700,441.0,3422.5,2584.0,615.0,1002.0,1368.0,1837.5,2583.0,2822.0,2865.0,3108.5,2995.5,322.8,25,0.33,27.6,701,"{""type"":""Point"",""coordinates"":[79.554621,14.161143000000001]}"
701,426.0,2269.0,1423.5,410.0,720.0,644.5,1218.0,2380.5,2736.5,2815.5,2973.5,2898.0,322.8,25,0.33,27.6,702,"{""type"":""Point"",""coordinates"":[79.553656,14.161028]}"
702,387.5,2186.5,1321.5,350.5,661.0,523.0,1221.5,2450.0,2825.0,2908.0,3090.5,3087.0,322.8,25,0.33,27.6,703,"{""type"":""Point"",""coordinates"":[79.553867,14.160974]}"
703,441.0,2709.5,1809.0,419.0,734.0,627.5,1454.5,2572.0,2908.5,2996.0,3159.5,2995.5,322.8,25,0.33,27.6,704,"{""type"":""Point"",""coordinates"":[79.554355,14.160964]}"
704,441.0,3259.0,2368.5,561.0,929.5,1174.0,1701.5,2554.5,2821.5,2957.5,3106.0,2995.5,322.8,25,0.33,27.6,705,"{""type"":""Point"",""coordinates"":[79.554618,14.160984]}"
705,426.0,2278.0,1446.0,372.0,676.5,563.0,1249.0,2445.5,2774.5,2915.0,3040.5,2898.0,322.8,25,0.33,27.6,706,"{""type"":""Point"",""coordinates"":[79.553753,14.161061]}"
706,387.5,2340.0,1422.0,458.0,776.0,736.5,1276.5,2506.5,2832.5,2885.0,3080.0,3087.0,322.8,25,0.33,27.6,707,"{""type"":""Point"",""coordinates"":[79.554062,14.161028999999997]}"
707,441.0,3259.0,2368.5,589.5,977.0,1291.0,1701.5,2554.5,2821.5,2863.5,3106.0,2995.5,322.8,25,0.33,27.6,708,"{""type"":""Point"",""coordinates"":[79.554688,14.160973]}"
708,458.5,3034.5,2309.0,573.0,900.5,1054.0,1614.0,2369.5,2625.5,2591.5,2854.0,3026.5,322.8,25,0.33,27.6,709,"{""type"":""Point"",""coordinates"":[79.553611,14.160832999999998]}"
709,458.5,3034.5,2309.0,588.5,917.5,1118.5,1614.0,2369.5,2625.5,2656.0,2854.0,3026.5,322.8,25,0.33,27.6,710,"{""type"":""Point"",""coordinates"":[79.553551,14.16077]}"
710,554.5,2558.5,1577.5,660.0,965.0,829.0,1422.0,2831.5,3261.5,3390.5,3573.0,3475.5,316.6,201,0.34,43.01,711,"{""type"":""Point"",""coordinates"":[79.557042,14.171031000000001]}"
711,554.5,2693.5,1640.5,616.5,947.5,801.0,1426.0,2724.5,3151.0,3382.0,3452.5,3475.5,316.6,201,0.34,43.01,712,"{""type"":""Point"",""coordinates"":[79.556968,14.171006]}"
712,554.5,2693.5,1640.5,616.5,947.5,801.0,1426.0,2724.5,3151.0,3382.0,3452.5,3475.5,316.6,201,0.34,43.01,713,"{""type"":""Point"",""coordinates"":[79.557021,14.170943]}"
713,554.5,2693.5,1640.5,616.5,947.5,801.0,1426.0,2724.5,3151.0,3382.0,3452.5,3475.5,316.6,201,0.34,43.01,714,"{""type"":""Point"",""coordinates"":[79.556973,14.170938]}"
714,649.5,3605.0,2606.5,779.0,1093.0,1228.5,1799.5,2742.0,3065.5,3174.0,3431.5,3468.0,316.6,201,0.34,43.01,715,"{""type"":""Point"",""coordinates"":[79.556252,14.170592999999998]}"
715,680.0,3160.0,2047.5,753.5,1113.5,1063.0,1633.5,2671.0,3063.5,3178.5,3358.5,3478.5,316.6,201,0.34,43.01,716,"{""type"":""Point"",""coordinates"":[79.557003,14.170509]}"
716,680.0,3420.0,2346.0,736.0,1079.0,1181.0,1810.5,2654.0,3025.5,2998.0,3341.0,3478.5,316.6,201,0.34,43.01,717,"{""type"":""Point"",""coordinates"":[79.556934,14.170463000000003]}"
717,680.0,4541.5,3665.5,949.0,1390.5,1851.0,2420.0,2856.0,3133.5,3127.5,3445.5,3478.5,316.6,201,0.34,43.01,718,"{""type"":""Point"",""coordinates"":[79.556864,14.170463]}"
718,680.0,4541.5,3665.5,1121.0,1559.0,2192.0,2420.0,2856.0,3133.5,3424.0,3445.5,3478.5,316.6,201,0.34,43.01,719,"{""type"":""Point"",""coordinates"":[79.556771,14.170365]}"
719,680.0,3420.0,2346.0,797.5,1150.5,1325.5,1810.5,2654.0,3025.5,2987.0,3341.0,3478.5,316.6,201,0.34,43.01,720,"{""type"":""Point"",""coordinates"":[79.556892,14.170371000000001]}"
720,680.0,3420.0,2346.0,797.5,1150.5,1325.5,1810.5,2654.0,3025.5,2987.0,3341.0,3478.5,316.6,201,0.34,43.01,721,"{""type"":""Point"",""coordinates"":[79.556928,14.170368999999999]}"
721,680.0,3420.0,2346.0,790.0,1162.0,1153.5,1810.5,2654.0,3025.5,3260.0,3341.0,3478.5,316.6,201,0.34,43.01,722,"{""type"":""Point"",""coordinates"":[79.55701,14.170341999999998]}"
722,623.0,3559.0,2344.5,766.5,1110.5,1213.0,1911.0,2744.0,3141.0,3199.5,3512.5,3431.0,316.6,201,0.34,43.01,723,"{""type"":""Point"",""coordinates"":[79.557242,14.170344999999998]}"
723,680.0,3420.0,2346.0,790.0,1162.0,1153.5,1810.5,2654.0,3025.5,3260.0,3341.0,3478.5,316.6,201,0.34,43.01,724,"{""type"":""Point"",""coordinates"":[79.55698800000002,14.170322999999998]}"
724,623.0,3559.0,2344.5,794.0,1197.0,1154.0,1911.0,2744.0,3141.0,3275.5,3512.5,3431.0,316.6,201,0.34,43.01,725,"{""type"":""Point"",""coordinates"":[79.55711900000001,14.170313000000002]}"
725,680.0,3357.5,2356.5,686.5,1009.0,1231.0,1683.0,2554.5,2921.5,2841.0,3241.5,3478.5,316.6,201,0.34,43.01,726,"{""type"":""Point"",""coordinates"":[79.556918,14.170294000000002]}"
726,680.0,3357.5,2356.5,667.0,1017.5,1091.5,1683.0,2554.5,2921.5,3142.0,3241.5,3478.5,316.6,201,0.34,43.01,727,"{""type"":""Point"",""coordinates"":[79.556967,14.170275000000002]}"
727,623.0,3311.0,2206.0,790.0,1106.0,1162.5,1707.0,2710.5,3132.0,3206.0,3470.5,3431.0,316.6,201,0.34,43.01,728,"{""type"":""Point"",""coordinates"":[79.55705,14.170278000000003]}"
728,623.0,3311.0,2206.0,790.0,1106.0,1162.5,1707.0,2710.5,3132.0,3206.0,3470.5,3431.0,316.6,201,0.34,43.01,729,"{""type"":""Point"",""coordinates"":[79.557067,14.17028]}"
729,680.0,3357.5,2356.5,686.5,1009.0,1231.0,1683.0,2554.5,2921.5,2841.0,3241.5,3478.5,316.6,201,0.34,43.01,730,"{""type"":""Point"",""coordinates"":[79.556908,14.17026]}"
730,680.0,3357.5,2356.5,667.0,1017.5,1091.5,1683.0,2554.5,2921.5,3142.0,3241.5,3478.5,316.6,201,0.34,43.01,731,"{""type"":""Point"",""coordinates"":[79.556993,14.170253999999998]}"
731,680.0,3357.5,2356.5,667.0,1017.5,1091.5,1683.0,2554.5,2921.5,3142.0,3241.5,3478.5,316.6,201,0.34,43.01,732,"{""type"":""Point"",""coordinates"":[79.557019,14.170256]}"
732,680.0,3357.5,2356.5,667.0,1017.5,1091.5,1683.0,2554.5,2921.5,3142.0,3241.5,3478.5,316.6,201,0.34,43.01,733,"{""type"":""Point"",""coordinates"":[79.55703700000001,14.170252999999999]}"
733,680.0,4589.5,3698.0,1075.0,1467.5,2073.5,2360.5,2785.0,3081.5,3389.0,3430.5,3478.5,316.6,201,0.34,43.01,734,"{""type"":""Point"",""coordinates"":[79.556705,14.170224000000001]}"
734,680.0,3357.5,2356.5,686.5,1009.0,1231.0,1683.0,2554.5,2921.5,2841.0,3241.5,3478.5,316.6,201,0.34,43.01,735,"{""type"":""Point"",""coordinates"":[79.556941,14.170242000000002]}"
735,680.0,3357.5,2356.5,667.0,1017.5,1091.5,1683.0,2554.5,2921.5,3142.0,3241.5,3478.5,316.6,201,0.34,43.01,736,"{""type"":""Point"",""coordinates"":[79.556991,14.170243]}"
736,680.0,3357.5,2356.5,583.5,885.5,897.5,1683.0,2554.5,2921.5,3004.0,3241.5,3478.5,316.6,201,0.34,43.01,737,"{""type"":""Point"",""coordinates"":[79.556966,14.170201999999998]}"
737,680.0,3357.5,2356.5,583.5,885.5,897.5,1683.0,2554.5,2921.5,3004.0,3241.5,3478.5,316.6,201,0.34,43.01,738,"{""type"":""Point"",""coordinates"":[79.556983,14.170201]}"
738,680.0,3357.5,2356.5,583.5,885.5,897.5,1683.0,2554.5,2921.5,3004.0,3241.5,3478.5,316.6,201,0.34,43.01,739,"{""type"":""Point"",""coordinates"":[79.556969,14.170190000000002]}"
739,680.0,3357.5,2356.5,583.5,885.5,897.5,1683.0,2554.5,2921.5,3004.0,3241.5,3478.5,316.6,201,0.34,43.01,740,"{""type"":""Point"",""coordinates"":[79.556976,14.170157]}"
740,680.0,3357.5,2356.5,583.5,885.5,897.5,1683.0,2554.5,2921.5,3004.0,3241.5,3478.5,316.6,201,0.34,43.01,741,"{""type"":""Point"",""coordinates"":[79.557,14.170135999999998]}"
741,570.0,3491.5,2634.5,680.5,973.0,1301.5,1640.0,2194.5,2437.5,2459.5,2727.5,2749.0,316.6,25,0.31,6.9,742,"{""type"":""Point"",""coordinates"":[79.555353,14.185885000000003]}"
742,391.5,2524.5,1612.0,460.5,716.5,627.0,1284.0,2140.5,2376.0,2556.0,2719.5,2800.0,252.8,125,0.65,12.9,743,"{""type"":""Point"",""coordinates"":[79.365534,14.861700999999996]}"
743,536.5,3420.5,2431.0,807.5,1128.5,1480.5,1845.5,2374.5,2641.0,3007.5,3020.0,3094.0,245.8,38,0.46,14.1,744,"{""type"":""Point"",""coordinates"":[79.365639,14.858276999999998]}"
744,624.3333333333334,2977.5,2196.4,846.5,1142.0,1143.0,1797.2,2674.0,2953.0,2954.8,3216.4,2808.3333333333335,186.2,176,0.3,97.5,745,"{""type"":""Point"",""coordinates"":[80.134653,14.500388]}"
745,624.3333333333334,2977.5,2196.4,1163.888888888889,1513.25,1656.0,1797.2,2674.0,2953.0,3052.25,3216.4,2808.3333333333335,186.2,176,0.3,97.5,746,"{""type"":""Point"",""coordinates"":[80.134701,14.500409000000003]}"
746,586.0,2110.0,1205.0,733.0,1078.0,952.0,1746.0,2835.25,3383.3333333333335,3268.0,3530.5,2803.0,142.8,151,0.19,23.8,747,"{""type"":""Point"",""coordinates"":[80.136651,14.500704000000002]}"
747,557.9230769230769,2872.5,1996.0,817.4285714285714,1102.0,1132.5,1809.5,2510.6666666666665,2790.0,2891.0,3119.0,2903.0,74.5,50,0.14,119,748,"{""type"":""Point"",""coordinates"":[80.138166,14.501847999999995]}"
748,520.7142857142857,493.3333333333333,307.0,659.0,913.6666666666666,724.1666666666666,1164.0,1036.1666666666667,1166.5,967.0,909.75,1555.1666666666667,186.2,63,0.3,31.5,749,"{""type"":""Point"",""coordinates"":[80.139189,14.502617999999996]}"
749,561.0,497.0,338.0,627.3333333333334,941.6666666666666,649.25,881.3333333333334,683.5,744.5,622.4,624.0,1391.5,186.2,63,0.3,31.5,750,"{""type"":""Point"",""coordinates"":[80.13988,14.501923999999997]}"
750,807.5,2863.0,1705.0,936.0,1261.0,1390.0,2073.0,3031.6,3473.3333333333335,3551.8,3849.5,3813.375,68.3,138,0.3,98.3,751,"{""type"":""Point"",""coordinates"":[80.141273,14.503072000000001]}"
751,605.7692307692307,2769.5,2193.5,800.125,1188.7,1436.1666666666667,1775.4,2277.3333333333335,2468.0833333333335,2715.5,2648.5555555555557,2520.818181818182,124.1,75,0.3,28.4,752,"{""type"":""Point"",""coordinates"":[80.142604,14.505459]}"
752,1133.4,3410.0,2989.25,1319.4545454545455,1520.6666666666667,1713.6666666666667,2013.6,2274.846153846154,2513.0,2447.222222222222,2734.2,2966.7272727272725,124.1,188,0.22,51.46,753,"{""type"":""Point"",""coordinates"":[80.144894,14.505834]}"
753,627.0,1872.0,1098.5,720.5,1018.0,1005.5,1660.0,2728.5,3281.0,3386.0,3606.5,3530.0,84.3,263,0.1,46.4,754,"{""type"":""Point"",""coordinates"":[80.01704900000001,14.309220999999999]}"
754,748.5,3562.5,2528.0,1029.5,1385.0,1732.5,2331.5,3174.0,3589.0,3748.0,4127.5,3670.0,147.5,138,1.05,12.9,755,"{""type"":""Point"",""coordinates"":[80.018874,14.314856000000002]}"
755,788.0,3592.0,2549.5,964.0,1305.5,1788.0,2281.5,3189.0,3642.0,3770.5,4145.5,3923.0,42.1,100,0.87,21.7,756,"{""type"":""Point"",""coordinates"":[80.021977,14.316188000000002]}"
756,774.5,3787.0,2549.0,935.0,1275.0,1639.5,2452.5,3035.5,3587.5,3682.0,4035.5,4054.5,42.1,88,0.63,8.2,757,"{""type"":""Point"",""coordinates"":[80.022889,14.311743]}"
757,783.0,3065.0,2053.5,837.5,1157.0,1389.0,2106.0,2800.0,3223.0,3106.5,3599.5,3780.0,46.2,25,0.03,5.3,758,"{""type"":""Point"",""coordinates"":[80.025349,14.313471000000002]}"
758,764.0,3856.0,2789.0,994.5,1306.0,1848.0,2340.0,3005.0,3491.5,3654.0,3985.0,3891.5,70.2,238,0.53,37,759,"{""type"":""Point"",""coordinates"":[80.029364,14.315922]}"
759,761.5,3146.0,2121.0,928.0,1330.0,1468.0,2051.0,2823.5,3291.5,3566.0,3700.0,3394.5,70.2,213,0.97,20.6,760,"{""type"":""Point"",""coordinates"":[80.031627,14.314718]}"
760,701.0,3054.0,2019.0,898.0,1289.0,1292.0,2088.0,3023.5,3503.5,3548.0,3940.0,3863.5,119.4,188,0.3,10.6,761,"{""type"":""Point"",""coordinates"":[80.02749000000001,14.308151000000002]}"
761,598.0,2570.0,1617.5,793.0,1121.5,1113.0,1773.5,2890.0,3532.0,3642.0,3900.5,3845.0,70.2,251,0.43,11.7,762,"{""type"":""Point"",""coordinates"":[80.029163,14.307652999999998]}"
762,598.0,2512.0,1608.5,750.5,1124.0,1075.5,1810.5,2854.0,3469.5,3614.0,3860.0,3845.0,70.2,251,0.43,11.7,763,"{""type"":""Point"",""coordinates"":[80.029163,14.307747000000003]}"
763,632.0,3681.0,2657.0,1138.0,1554.0,2097.0,2486.0,3226.0,3626.0,3856.0,4071.0,3941.0,621,238,0.35,32.3,764,"{""type"":""Point"",""coordinates"":[80.022799,14.844020999999998]}"
764,543.0,1829.0,943.0,698.0,1116.0,1074.0,1784.0,3131.0,3595.0,3909.0,4187.0,3983.0,354,289,0.25,36.9,765,"{""type"":""Point"",""coordinates"":[80.023956,14.879719999999999]}"
765,555.0,2845.0,1727.0,719.25,1097.6666666666667,1028.0,1860.0,2929.5,3635.75,3727.5,3989.5,3923.6666666666665,49.7,13,0.2,0.8,766,"{""type"":""Point"",""coordinates"":[79.594617,14.156870999999999]}"
766,483.5,3548.0,2413.0,632.0,937.0,1254.0,1804.5,2266.0,2577.5,2574.5,2946.0,2933.5,358.2,25,0.69,5.9,767,"{""type"":""Point"",""coordinates"":[79.422085,14.938393]}"
767,407.5,2680.0,1744.5,560.5,862.0,866.0,1409.5,2341.0,2667.5,2679.5,2967.0,2861.0,196.6,13,0.12,12.9,768,"{""type"":""Point"",""coordinates"":[79.418503,14.937737999999996]}"
768,481.0,3248.5,2351.5,683.5,1064.0,1283.0,1780.5,2551.0,2820.0,3061.5,3145.0,3001.5,126.4,63,0.35,10,769,"{""type"":""Point"",""coordinates"":[79.41894,14.936809]}"
769,441.0,2504.5,1594.5,477.0,724.5,692.5,1286.0,2261.5,2608.5,2644.5,2875.5,2868.5,316,50,0.85,126.9,770,"{""type"":""Point"",""coordinates"":[79.421037,14.936809]}"
770,499.5,3848.0,2795.0,779.0,1111.5,1503.5,1931.5,2376.5,2664.5,2893.5,3058.0,2941.5,316,50,0.85,126.9,771,"{""type"":""Point"",""coordinates"":[79.421998,14.935711999999997]}"
771,551.0,3958.5,3363.0,742.5,1109.0,1598.5,2225.0,2648.5,2845.0,2792.0,3122.5,2942.0,323.1,63,0.39,8.8,772,"{""type"":""Point"",""coordinates"":[79.418066,14.936387000000003]}"
772,519.0,3652.0,3027.5,689.5,973.5,1474.5,1891.5,2247.5,2504.0,2477.5,2784.5,2729.5,323.1,63,0.39,8.8,773,"{""type"":""Point"",""coordinates"":[79.417018,14.935712]}"
773,605.0,4373.5,3656.0,810.0,1222.0,1859.0,2295.5,2962.5,3188.5,3162.0,3418.0,3333.5,449.5,50,0.12,12.9,774,"{""type"":""Point"",""coordinates"":[79.417804,14.935206]}"
774,610.0,4107.5,3423.5,784.5,1166.0,1782.0,2272.0,2620.5,2876.0,2849.0,3145.0,3133.5,449.5,50,0.12,12.9,775,"{""type"":""Point"",""coordinates"":[79.418765,14.934277]}"
775,571.5,3969.5,3212.5,732.5,1050.0,1678.0,2137.0,2378.0,2601.5,2563.5,2852.5,3026.0,309,13,0.92,11.2,776,"{""type"":""Point"",""coordinates"":[79.417192,14.934277]}"
776,496.5,2788.0,2187.0,732.5,1058.5,1296.0,1684.0,2285.0,2498.5,2477.0,2735.5,2686.0,133.4,38,0.42,6.5,777,"{""type"":""Point"",""coordinates"":[79.429949,14.933349000000002]}"
777,439.5,2768.0,2084.0,547.0,821.0,1192.0,1434.5,1866.5,2000.5,2198.0,2275.0,2519.0,351.2,63,0.69,142,778,"{""type"":""Point"",""coordinates"":[79.433706,14.928537999999998]}"
778,516.0,3202.0,2441.0,816.0,1118.0,1446.5,1815.0,2355.0,2624.5,2698.5,2935.5,2918.0,14,38,0.46,10,779,"{""type"":""Point"",""coordinates"":[79.429599,14.927270999999994]}"
779,477.5,2930.0,2398.0,614.0,968.0,1306.0,1748.0,2310.0,2503.5,2533.5,2746.0,2723.5,252.8,13,0.58,11.7,780,"{""type"":""Point"",""coordinates"":[79.433269,14.926259000000002]}"
780,503.0,3020.5,2246.5,706.5,994.5,1374.5,1619.0,2211.5,2496.0,2507.0,2794.5,2948.5,280.9,38,0.46,10.6,781,"{""type"":""Point"",""coordinates"":[79.42925,14.92533]}"
781,501.0,3373.0,2586.5,699.5,1038.5,1357.5,1790.0,2345.0,2610.5,2739.0,2924.0,2948.5,14,38,0.06,10.6,782,"{""type"":""Point"",""coordinates"":[79.43257,14.92457]}"
782,518.5,3829.0,3017.5,787.5,1161.5,1762.0,2160.5,2397.0,2625.0,2706.0,2923.0,2801.0,133.4,75,0.92,11.2,783,"{""type"":""Point"",""coordinates"":[79.419639,14.922459999999997]}"
783,553.0,3575.0,2923.0,780.0,1159.0,1783.0,2135.5,2405.0,2597.5,2675.5,2871.0,2856.5,154.5,75,0.4,9.4,784,"{""type"":""Point"",""coordinates"":[79.42173600000001,14.920941000000001]}"
784,619.0,2892.5,2281.5,721.0,1014.5,1343.5,1688.5,1988.0,2184.0,2478.5,2406.0,2715.5,372.2,188,0.15,12.3,785,"{""type"":""Point"",""coordinates"":[79.421299,14.918745999999997]}"
785,409.5,2390.5,1285.0,520.5,862.5,677.5,1406.0,2690.5,3097.0,3220.0,3331.5,3329.0,309,25,0.65,11.2,786,"{""type"":""Point"",""coordinates"":[79.425231,14.918408000000003]}"
786,440.0,2668.0,1915.0,520.0,811.5,1027.0,1457.0,2166.0,2396.0,2569.5,2623.5,2740.0,105.3,188,0.28,11.7,787,"{""type"":""Point"",""coordinates"":[79.436764,14.918155000000004]}"
787,543.5,2756.5,1942.5,654.5,981.0,1092.0,1603.0,2686.0,3016.0,3227.5,3394.0,3054.0,133.4,63,0.74,10.6,788,"{""type"":""Point"",""coordinates"":[79.424794,14.914779]}"
788,617.0,3416.5,2911.5,1074.0,1359.0,1709.0,2027.0,2429.5,2671.0,2927.0,2949.5,3044.5,379.2,25,0.3,3.5,789,"{""type"":""Point"",""coordinates"":[79.426629,14.913344000000002]}"
789,435.5,2681.5,1755.0,538.5,850.0,880.5,1376.0,2317.0,2649.0,2827.0,2929.0,2708.0,196.6,25,0.12,115.1,790,"{""type"":""Point"",""coordinates"":[79.42226,14.913344000000002]}"
790,506.5,2820.0,2208.0,730.5,1078.0,1473.0,1604.5,2096.0,2300.5,2139.5,2506.5,2781.5,259.9,13,0.4,11.7,791,"{""type"":""Point"",""coordinates"":[79.42392,14.912415]}"
791,507.0,3270.0,2474.5,695.5,997.0,1355.0,1727.5,2072.5,2309.5,2420.0,2606.5,2717.5,280.9,50,0.62,10.6,792,"{""type"":""Point"",""coordinates"":[79.417105,14.911824]}"
792,544.0,3385.5,2670.5,766.0,1092.0,1476.5,1864.5,2196.5,2401.5,2499.5,2692.0,2728.0,77.3,63,0.63,11.7,793,"{""type"":""Point"",""coordinates"":[79.418853,14.909207000000002]}"
793,346.5,2496.5,1732.5,391.0,639.0,693.0,1289.0,2098.5,2401.0,2665.0,2591.5,2436.0,280.9,38,0.79,13.5,794,"{""type"":""Point"",""coordinates"":[79.459742,14.941029000000004]}"
794,449.0,2956.5,2009.5,599.5,819.5,1075.5,1442.0,1826.0,2030.5,2144.0,2320.5,2208.0,182.6,63,0.02,8.2,795,"{""type"":""Point"",""coordinates"":[79.455636,14.941535999999997]}"
795,453.5,3211.0,2358.5,605.0,858.5,1234.5,1557.5,1837.0,2009.0,2043.5,2272.5,2223.0,182.6,63,0.02,8.2,796,"{""type"":""Point"",""coordinates"":[79.454762,14.941705]}"
796,453.5,2769.5,2053.5,522.0,745.0,858.0,1361.0,1792.0,1957.5,1933.5,2222.5,2197.5,330.1,50,0.99,12.9,797,"{""type"":""Point"",""coordinates"":[79.453015,14.941873000000001]}"
797,494.0,3200.5,2422.5,655.5,936.5,1325.0,1613.0,1916.0,2094.0,2234.0,2395.5,2384.0,259.9,38,0.53,11.7,798,"{""type"":""Point"",""coordinates"":[79.451966,14.939595]}"
798,473.0,2524.5,1592.0,622.0,898.5,892.5,1545.5,2846.0,3530.0,3666.0,3935.5,3637.0,175.6,63,0.12,11.7,799,"{""type"":""Point"",""coordinates"":[79.443753,14.940017]}"
799,510.0,2882.5,1903.5,610.0,841.5,931.0,1539.0,2140.5,2436.5,2639.5,2762.5,2941.0,196.6,63,0.46,12.3,800,"{""type"":""Point"",""coordinates"":[79.441482,14.939257]}"
800,495.0,2931.0,2048.0,660.5,947.5,1068.5,1585.5,2304.5,2616.5,2771.0,2968.5,3048.5,196.6,63,0.46,12.3,801,"{""type"":""Point"",""coordinates"":[79.442181,14.938835]}"
801,428.0,2802.5,1798.5,566.5,843.0,834.0,1430.0,2236.5,2557.0,2753.5,2932.5,2730.5,224.7,38,0.83,11.9,802,"{""type"":""Point"",""coordinates"":[79.443841,14.936978000000003]}"
802,368.5,2893.0,1927.5,607.0,854.5,1111.0,1497.5,2025.0,2302.0,2425.5,2620.0,2758.5,491.6,75,0.7,12.3,803,"{""type"":""Point"",""coordinates"":[79.44253,14.936894000000002]}"
803,425.5,2347.5,1437.5,431.0,694.0,581.5,1268.0,2129.5,2461.5,2740.5,2749.5,2783.5,286.3,63,0.1,106.9,804,"{""type"":""Point"",""coordinates"":[79.444278,14.933348999999998]}"
804,474.5,3351.5,2442.0,641.5,947.0,1197.0,1742.0,2301.5,2546.0,2585.0,2908.5,2910.5,287.6,25,1.24,13.5,805,"{""type"":""Point"",""coordinates"":[79.447248,14.933771]}"
805,583.0,3858.0,2947.5,725.0,1061.0,1549.0,1910.0,2376.0,2613.5,2673.0,2934.5,2928.0,196.6,63,0.39,12.9,806,"{""type"":""Point"",""coordinates"":[79.449083,14.933602]}"
806,449.5,2634.5,1760.0,559.5,910.0,1019.0,1659.5,2693.5,3251.0,3338.0,3576.0,3117.5,196.6,13,1.07,10,807,"{""type"":""Point"",""coordinates"":[79.450306,14.932589000000002]}"
807,391.5,2539.5,1710.5,496.5,800.5,887.0,1438.5,2359.5,2627.0,2475.0,2793.5,2660.0,196.6,13,1.07,10,808,"{""type"":""Point"",""coordinates"":[79.450831,14.931914]}"
808,570.5,3749.0,2863.5,701.5,1041.0,1517.5,1959.0,2362.5,2565.5,2655.0,2885.5,2891.0,196.6,63,0.46,12.3,809,"{""type"":""Point"",""coordinates"":[79.453976,14.927525000000001]}"
809,544.5,3150.0,2347.0,693.5,1049.5,1452.5,1595.5,2158.5,2372.5,2502.5,2701.5,2820.0,196.6,63,0.46,12.3,810,"{""type"":""Point"",""coordinates"":[79.454413,14.926511999999999]}"
810,361.5,3390.0,2311.0,642.5,984.0,1275.0,1691.5,2420.0,2684.5,2899.0,3078.5,2855.0,161.5,38,0.35,12.9,811,"{""type"":""Point"",""coordinates"":[79.475207,14.923556999999997]}"
811,370.0,2592.0,1556.0,458.0,710.5,654.0,1283.5,2442.0,2845.0,2920.0,3158.0,3064.0,161.5,38,0.35,2.9,812,"{""type"":""Point"",""coordinates"":[79.475592,14.923452]}"
812,572.9130434782609,2714.5,1719.0,837.09375,1089.611111111111,1208.5384615384614,1877.3076923076924,2870.4857142857145,3518.9583333333335,3509.7,3791.6470588235293,3513.4166666666665,223,100,0.1,26.9,813,"{""type"":""Point"",""coordinates"":[80.091723,14.403007000000002]}"
813,575.0576923076923,2657.086956521739,1553.7333333333333,569.45,841.0384615384615,703.8793103448276,1348.828125,2761.2321428571427,3136.268292682927,3258.675,3516.1612903225805,3126.1612903225805,223,100,0.1,26.9,814,"{""type"":""Point"",""coordinates"":[80.091592,14.403496000000002]}"
814,812.5,2459.0,1424.5,865.125,1113.857142857143,1052.0,1923.5,2972.9375,3619.4,3800.4,4006.2,4035.923076923077,130,38,0.14,29.2,815,"{""type"":""Point"",""coordinates"":[80.099143,14.399803000000002]}"
815,796.8181818181819,2321.3333333333335,1425.75,975.4,1321.3333333333333,1243.5,2066.3333333333335,2976.3684210526317,3607.6363636363635,3935.1666666666665,4002.733333333333,3916.7096774193546,143,138,0.43,53.76,816,"{""type"":""Point"",""coordinates"":[80.099331,14.400167999999997]}"
816,697.6785714285714,2149.0,1184.75,854.8235294117648,1083.4,936.5,1755.2,2787.6875,3300.6666666666665,3362.6153846153848,3750.5,3644.823529411765,143,138,0.43,53.76,817,"{""type"":""Point"",""coordinates"":[80.099001,14.401354999999999]}"
817,845.5483870967741,2392.0,1392.3333333333333,1077.857142857143,1381.6666666666667,1278.0,1892.5,3108.0666666666666,3875.3,3939.8888888888887,4127.333333333333,4040.3333333333335,254,25,0.12,49.15,818,"{""type"":""Point"",""coordinates"":[80.109782,14.406439]}"
818,844.0882352941177,2082.0,1126.0,997.5714285714286,1180.0,1126.0,1816.7142857142858,3041.6153846153848,3674.6,3862.7,4007.5555555555557,4034.5555555555557,236,25,0.1,23.8,819,"{""type"":""Point"",""coordinates"":[80.110828,14.406631000000003]}"
819,866.9444444444445,2386.6666666666665,1503.0,930.0,1368.0,1275.0,2064.0,3221.875,3953.3333333333335,4073.6666666666665,4304.0,4157.681818181818,137,38,0.15,14.6,820,"{""type"":""Point"",""coordinates"":[80.110278,14.408177]}"
820,807.8,2567.5,1523.5,1042.5,1380.0,1437.5,2027.5,3236.076923076923,3998.875,4130.263157894737,4317.416666666667,4162.933333333333,137,38,0.15,14.6,821,"{""type"":""Point"",""coordinates"":[80.110993,14.408529000000005]}"
821,705.8421052631579,3360.2,2173.0,931.5,1325.0,1313.6,2234.181818181818,3148.842105263158,3777.222222222222,3897.1428571428573,4154.357142857143,4153.038461538462,317,138,0.12,23.8,822,"{""type"":""Point"",""coordinates"":[80.088475,14.407355]}"
822,682.4,2203.1428571428573,1102.5,718.625,1048.0,735.7,1699.0,3348.8,3931.285714285714,4077.6,4322.8,4413.166666666667,112,100,0.2,10,823,"{""type"":""Point"",""coordinates"":[80.093699,14.416032]}"
823,584.6153846153846,2166.0,1033.0,672.6666666666666,1056.6666666666667,885.0,1685.3333333333333,3360.2,4003.75,3864.5384615384614,4333.666666666667,4295.857142857143,192,63,0.1,52.3,824,"{""type"":""Point"",""coordinates"":[80.092385,14.415212000000002]}"
824,556.0,2060.5714285714284,1073.7142857142858,676.0,1097.888888888889,928.7142857142857,1570.8333333333333,3167.1666666666665,3670.7272727272725,3803.4615384615386,4122.764705882353,4059.2,192,63,0.1,52.3,825,"{""type"":""Point"",""coordinates"":[80.092064,14.414894999999998]}"
825,574.7222222222222,1699.125,1000.4,683.5,1016.5,936.6363636363636,1606.2307692307693,2743.1481481481483,3267.9523809523807,3525.809523809524,3523.862068965517,3655.4615384615386,161,188,0.18,13.8,826,"{""type"":""Point"",""coordinates"":[80.090597,14.411292000000001]}"
826,574.7222222222222,1691.0,851.1666666666666,718.0,973.0,982.6,1604.142857142857,2867.9310344827586,3393.9666666666667,3526.1363636363635,3636.472222222222,3655.4615384615386,161,188,0.18,13.8,827,"{""type"":""Point"",""coordinates"":[80.090551,14.411035]}"
827,574.7222222222222,1543.8,858.0,713.0,952.5,966.75,1594.7,2739.64,3377.03125,3512.027027027027,3520.0,3655.4615384615386,161,188,0.18,13.8,828,"{""type"":""Point"",""coordinates"":[80.090857,14.410902000000002]}"
828,594.0,1695.4,878.4,687.0,963.3333333333334,959.4285714285714,1448.3125,2882.3055555555557,3526.483870967742,3527.608695652174,3899.2,3640.366666666667,161,188,0.18,13.8,829,"{""type"":""Point"",""coordinates"":[80.09148300000001,14.411020000000004]}"
829,703.2,2135.5,1032.857142857143,723.1,982.1,725.5833333333334,1699.5,3231.0,3736.6666666666665,3733.6,4058.5714285714284,4146.074074074074,261,25,0.21,43.78,830,"{""type"":""Point"",""coordinates"":[80.09593,14.414483000000004]}"
830,605.0,2124.0,1034.4285714285713,672.5714285714286,1045.25,806.3333333333334,1693.25,3031.6666666666665,3414.75,3482.875,3806.8333333333335,3903.75,174,3,0.24,25.3,831,"{""type"":""Point"",""coordinates"":[80.097779,14.413885]}"
831,611.8,2066.75,1000.75,659.1111111111111,994.5,819.75,1442.0,3106.1428571428573,3736.2,3756.1666666666665,4044.25,4009.6666666666665,168,75,0.18,67.6,832,"{""type"":""Point"",""coordinates"":[80.097534,14.413494]}"
832,607.8,2030.0,1005.1666666666666,666.625,1059.0,739.875,1581.6666666666667,3038.4285714285716,3640.0,3612.0,3912.6666666666665,3941.0,168,75,0.18,67.6,833,"{""type"":""Point"",""coordinates"":[80.097886,14.413435000000002]}"
833,624.5,2027.6,1036.909090909091,670.625,1050.1666666666667,803.9,1573.0,3103.1,3486.0,3572.0,3871.2,3745.1666666666665,168,75,0.18,67.6,834,"{""type"":""Point"",""coordinates"":[80.097688,14.412897]}"
834,482.0344827586207,1936.0,1073.6,596.0,867.8571428571429,796.1666666666666,1356.6,2531.25,3037.4545454545455,3041.714285714286,3306.125,2609.5,270,25,0.18,22.3,835,"{""type"":""Point"",""coordinates"":[80.100217,14.411008]}"
835,436.5,1798.0,935.0,578.2,1089.1153846153845,943.0,1634.2,2980.4117647058824,3490.076923076923,3616.0,3809.4666666666667,3771.3529411764707,62,151,0.12,17.7,836,"{""type"":""Point"",""coordinates"":[80.09881,14.409095]}"
836,567.074074074074,1801.5,900.3333333333334,689.3478260869565,1094.9310344827586,980.75,1643.0,2904.5714285714284,3420.6153846153848,3494.3684210526317,3741.3571428571427,3637.8333333333335,62,151,0.12,17.7,837,"{""type"":""Point"",""coordinates"":[80.098669,14.409207999999998]}"
837,545.0909090909091,1776.3333333333333,1004.25,681.0,1115.75,1056.0,1642.4,2913.4,3414.1111111111113,3483.470588235294,3796.818181818182,3259.0555555555557,62,151,0.12,17.7,838,"{""type"":""Point"",""coordinates"":[80.098493,14.409287999999997]}"
838,545.0909090909091,1940.0,1070.375,678.625,1138.4,987.2,1705.75,2848.4166666666665,3366.5833333333335,3488.5,3746.0,3259.0555555555557,62,151,0.12,17.7,839,"{""type"":""Point"",""coordinates"":[80.098353,14.409424]}"
839,545.0909090909091,1814.0,1162.0,660.8888888888889,994.7,926.8888888888889,1503.8,2330.9,2715.769230769231,3168.3846153846152,2931.3333333333335,3259.0555555555557,62,151,0.12,17.7,840,"{""type"":""Point"",""coordinates"":[80.098529,14.40964]}"
840,845.5483870967741,2392.0,1392.3333333333333,1077.857142857143,1381.6666666666667,1278.0,1892.5,3108.0666666666666,3875.3,3939.8888888888887,4127.333333333333,4040.3333333333335,236,25,0.1,23.8,841,"{""type"":""Point"",""coordinates"":[80.10984500000002,14.406405000000003]}"
841,872.5263157894736,2133.5,1243.0,1011.0,1221.5,1129.0,1806.8,3099.0714285714284,3828.8,3930.9285714285716,4124.75,4153.571428571428,236,25,0.1,23.8,842,"{""type"":""Point"",""coordinates"":[80.11080300000002,14.406768000000001]}"
842,866.9444444444445,2482.0,1468.0,1047.0,1514.5,1510.0,2091.6666666666665,3216.777777777778,3889.0,4080.5,4236.0,4157.681818181818,137,38,0.15,14.6,843,"{""type"":""Point"",""coordinates"":[80.110094,14.408048]}"
843,807.8,2409.0,1454.6666666666667,1067.3333333333333,1484.0,1426.0,2071.0,3293.25,3998.35,4062.230769230769,4334.0,4162.933333333333,137,38,0.15,14.6,844,"{""type"":""Point"",""coordinates"":[80.110975,14.408689]}"
844,482.0344827586207,1592.0,945.0,604.5263157894736,870.2,786.5,1247.0,2025.6,2393.3333333333335,2910.909090909091,2518.5,2609.5,270,25,0.18,22.3,845,"{""type"":""Point"",""coordinates"":[80.100205,14.411060999999997]}"
845,592.4444444444445,3034.0,2417.0,745.8,1089.6,1364.0,1778.0,2338.2333333333336,2560.775,2479.6666666666665,2736.0,2841.75,646.1,38,0.51,28.4,846,"{""type"":""Point"",""coordinates"":[79.78523,15.081372]}"
846,274.20833333333337,1304.25,632.75,314.5,479.0,310.5,753.0,2488.3333333333335,3242.0,3326.5,3541.166666666667,3327.75,561.9,50,0.31,43.78,847,"{""type"":""Point"",""coordinates"":[79.783124,15.075071000000001]}"
847,396.6666666666667,1970.0,1170.2,437.0,623.1666666666666,604.0357142857142,941.0,2325.1666666666665,2904.0,2967.6666666666665,3180.0,3106.833333333333,512.7,163,0.47,6.1,848,"{""type"":""Point"",""coordinates"":[79.781124,15.072530000000002]}"
848,303.5,1498.75,791.5,325.0,538.6666666666666,354.0,925.5,2690.5,3361.25,3417.75,3671.5,3574.6,561.9,50,0.31,43.78,849,"{""type"":""Point"",""coordinates"":[79.782948,15.074460999999998]}"
849,539.5,3057.0,2204.0,618.0,971.5,1088.0,1828.5,2423.5,2687.0,2805.0,3029.0,3300.5,192.4,13,0.3,46.08,850,"{""type"":""Point"",""coordinates"":[79.686482,14.945627000000004]}"
850,961.3,3411.8571428571427,2892.6666666666665,1089.2666666666667,1346.5833333333333,1566.5277777777778,2140.1923076923076,2518.1666666666665,2652.0,2457.740740740741,2907.722222222222,2994.2727272727275,43,100,0.36,22.3,851,"{""type"":""Point"",""coordinates"":[80.090111,14.395875999999998]}"
851,354.5,3263.5,2538.0,471.5,707.5,1267.0,1754.0,2035.0,2204.5,2107.5,2416.5,2223.0,310.4,88,0.36,0.8,852,"{""type"":""Point"",""coordinates"":[79.517073,14.858843]}"
852,414.0,3062.0,2332.5,483.0,735.5,1244.0,1558.0,1878.5,2048.5,2054.0,2267.5,2387.0,93.1,75,0.05,5.4,853,"{""type"":""Point"",""coordinates"":[79.515823,14.858095000000004]}"
853,333.0,2708.5,2009.0,457.5,663.0,1133.5,1496.0,1833.0,1980.0,1891.5,2103.5,2060.0,149,88,0.3,11.5,854,"{""type"":""Point"",""coordinates"":[79.517668,14.857750000000005]}"
854,391.0,2718.5,1883.0,515.0,866.0,989.0,1543.5,2447.5,2744.0,2822.0,2997.5,2925.5,124.1,63,0.45,1.5,855,"{""type"":""Point"",""coordinates"":[79.513199,14.849812]}"
855,871.1818181818181,3498.6666666666665,2927.0,1441.6,1690.6666666666667,2080.125,2142.4444444444443,2460.7,2670.0,2908.4615384615386,2921.8571428571427,2982.923076923077,25,75,0.34,60.7,856,"{""type"":""Point"",""coordinates"":[80.035932,14.391189000000002]}"
856,996.25,3375.6,3025.5,1315.111111111111,1647.8,1896.7,2147.777777777778,2312.0,2517.2,2594.5555555555557,2721.133333333333,2846.875,25,75,0.34,60.7,857,"{""type"":""Point"",""coordinates"":[80.0349,14.390564000000003]}"
857,929.8333333333334,3410.75,2989.25,1240.0,1574.2,1894.4444444444443,2204.6428571428573,2391.8571428571427,2592.2,2660.0,2828.0,2916.4,25,75,0.34,60.7,858,"{""type"":""Point"",""coordinates"":[80.035051,14.390427]}"
858,809.0,3379.8333333333335,2766.0,1186.3636363636363,1438.9375,1634.3,2020.8333333333333,2534.1666666666665,2799.4444444444443,2897.6,3083.6666666666665,3169.0833333333335,12,113,0.25,16.9,859,"{""type"":""Point"",""coordinates"":[80.036942,14.390169000000002]}"
859,677.4,3464.0,2228.0,846.6666666666666,1255.5,1309.0,2406.0,3221.0,4001.75,4067.0,4398.0,4434.1,25,138,0.2,13.1,860,"{""type"":""Point"",""coordinates"":[80.038095,14.391051000000001]}"
860,613.6666666666666,3502.5,2153.0,796.75,1179.3333333333333,1188.6666666666667,1941.5,2838.75,3358.6,3360.1428571428573,3612.0,3806.0,31,151,0.27,16.9,861,"{""type"":""Point"",""coordinates"":[80.03992,14.391096000000001]}"
861,809.7272727272727,3253.6666666666665,2629.0,1178.7333333333333,1385.7777777777778,1569.1,1948.2857142857142,2464.6666666666665,2665.8571428571427,2600.0,2963.125,3159.4545454545455,12,113,0.25,16.9,862,"{""type"":""Point"",""coordinates"":[80.037035,14.389193999999998]}"
862,809.7272727272727,3253.6666666666665,2629.0,1178.7333333333333,1385.7777777777778,1569.1,1948.2857142857142,2464.6666666666665,2665.8571428571427,2600.0,2963.125,3159.4545454545455,12,113,0.25,16.9,863,"{""type"":""Point"",""coordinates"":[80.037049,14.389133000000003]}"
863,809.7272727272727,3187.8333333333335,2577.75,988.75,1369.142857142857,1492.8333333333333,2019.923076923077,2593.6,2889.2,2989.4,3111.0,3159.4545454545455,12,113,0.25,16.9,864,"{""type"":""Point"",""coordinates"":[80.037214,14.389057999999999]}"
864,668.5714285714286,3804.0,2403.0,934.25,1435.8333333333333,1562.0,2408.8,3163.8,3742.5,3826.5,4068.25,3997.8,99,125,0.23,24.6,865,"{""type"":""Point"",""coordinates"":[80.038625,14.389337000000001]}"
865,659.5714285714286,3655.0,2227.6666666666665,865.3333333333334,1319.0,1548.0,2327.714285714286,3159.6,3817.3333333333335,3913.5,4199.833333333333,4118.714285714285,99,125,0.23,24.6,866,"{""type"":""Point"",""coordinates"":[80.039031,14.389565999999997]}"
866,670.7142857142857,3549.0,2161.6666666666665,869.3333333333334,1259.5,1414.0,2339.0,3193.6666666666665,3851.5,3944.6666666666665,4188.0,4065.75,99,125,0.23,24.6,867,"{""type"":""Point"",""coordinates"":[80.03905500000002,14.389452999999998]}"
867,752.0,3687.0,2301.0,947.3333333333334,1354.6666666666667,1538.0,2352.6666666666665,3148.6666666666665,3736.0,3884.0,4086.5,3999.2,99,125,0.23,24.6,868,"{""type"":""Point"",""coordinates"":[80.039722,14.389325000000001]}"
868,752.0,3687.0,2301.0,1013.3333333333334,1432.0,1585.5,2352.6666666666665,3148.6666666666665,3736.0,3879.0,4086.5,3999.2,99,125,0.23,24.6,869,"{""type"":""Point"",""coordinates"":[80.039746,14.389397]}"
869,704.0,2842.5,1765.5,823.0,1208.0,1030.0,1931.0,2966.0,3591.5,3668.0,4021.0,3826.0,428,63,0.36,22.3,870,"{""type"":""Point"",""coordinates"":[80.038929,14.385525000000001]}"
870,704.0,2901.5,1734.0,681.0,963.0,930.0,1683.0,2733.0,3147.5,3527.5,3530.5,3826.0,428,63,0.36,22.3,871,"{""type"":""Point"",""coordinates"":[80.038873,14.385509]}"
871,685.0,3292.0,1859.0,902.0,1188.0,1175.0,1996.0,2917.0,3571.0,3622.5,3977.0,3669.0,428,63,0.36,22.3,872,"{""type"":""Point"",""coordinates"":[80.038909,14.385144000000006]}"
872,685.0,2706.0,1716.0,762.0,1105.5,1091.5,1731.0,2685.0,3201.5,3282.0,3508.0,3669.0,428,63,0.36,22.3,873,"{""type"":""Point"",""coordinates"":[80.038859,14.384898]}"
873,695.6666666666666,2280.3333333333335,1262.0,684.3333333333334,977.4,770.0,1421.5,2770.5,3410.3333333333335,3532.0,3864.3333333333335,3640.0,478,75,0.2,39.94,874,"{""type"":""Point"",""coordinates"":[80.038939,14.384083000000002]}"
874,474.0,2664.5,1671.6666666666667,666.9,931.3636363636364,935.0,1496.9,2478.5833333333335,2848.7368421052633,2521.4285714285716,3165.7,3548.375,478,201,0.11,33.8,875,"{""type"":""Point"",""coordinates"":[80.038608,14.395955000000002]}"
875,607.0,2986.0,1747.6666666666667,737.5,1082.0,936.0,1829.5,2908.076923076923,3421.6666666666665,3425.285714285714,3743.0,3793.3333333333335,478,201,0.11,33.8,876,"{""type"":""Point"",""coordinates"":[80.038732,14.395816999999997]}"
876,607.0,2986.0,1747.6666666666667,787.5,1177.3333333333333,1123.0,1829.5,2908.076923076923,3421.6666666666665,3664.0,3743.0,3793.3333333333335,478,201,0.11,33.8,877,"{""type"":""Point"",""coordinates"":[80.038677,14.395685]}"
877,575.0,3050.5,1865.0,792.5,1238.5,1234.0,2094.5,3040.3333333333335,3621.0,3751.5,3993.5,3945.0,25,113,0.24,33,878,"{""type"":""Point"",""coordinates"":[80.039378,14.393897]}"
878,669.6,3129.0,2019.0,892.0,1194.0,1594.0,2069.0,2964.5714285714284,3479.0,3620.6666666666665,3991.4285714285716,3805.4,50,201,0.39,22.3,879,"{""type"":""Point"",""coordinates"":[80.040551,14.395287000000001]}"
879,607.5714285714286,2351.0,1379.0,988.5,1313.0,1054.0,1773.5,2970.153846153846,3427.0,3628.3333333333335,3804.0,3807.8333333333335,50,201,0.39,22.3,880,"{""type"":""Point"",""coordinates"":[80.041148,14.394826999999998]}"
880,549.5,3319.0,2126.3333333333335,730.6,1050.0,1185.0,1938.8,2849.8888888888887,3431.5,3536.0,3745.375,2782.4,130,50,0.36,15.4,881,"{""type"":""Point"",""coordinates"":[80.041456,14.392498]}"
881,666.125,3551.0,2118.0,926.8,1264.0,1623.875,2146.0,3020.6666666666665,3823.5,3920.25,4156.0,4068.5,19,151,0.3,12.3,882,"{""type"":""Point"",""coordinates"":[80.044918,14.390691000000002]}"
882,604.2857142857143,2579.0,1513.0,863.0,1246.0,1291.0,1840.0,2904.4,3592.0,3734.2,3923.3333333333335,3806.3333333333335,19,151,0.3,12.3,883,"{""type"":""Point"",""coordinates"":[80.044168,14.391492000000001]}"
883,606.1111111111111,2519.0,1418.0,928.1666666666666,1328.5714285714287,1460.0,2080.0,2987.6666666666665,3597.5,3818.0,3977.5,3931.3333333333335,31,75,0.3,9.2,884,"{""type"":""Point"",""coordinates"":[80.044591,14.392238000000003]}"
884,608.0,2562.0,1611.0,796.4,1177.125,1186.2,1886.25,2865.8,3416.25,3565.6666666666665,3795.3333333333335,3576.0,31,75,0.3,9.2,885,"{""type"":""Point"",""coordinates"":[80.043899,14.392397999999996]}"
885,621.8571428571429,2829.0,1714.0,860.0,1222.0,1161.6666666666667,2131.0,3063.4,3675.0,3820.5,4112.0,4067.0,31,125,0.39,34.6,886,"{""type"":""Point"",""coordinates"":[80.0441,14.394]}"
886,615.4,3023.0,1986.0,906.0,1417.75,1451.5,2345.0,3091.6,3855.0,3896.0,4168.5,4007.714285714286,31,125,0.39,34.6,887,"{""type"":""Point"",""coordinates"":[80.04361,14.394030000000003]}"
887,651.0,3105.0,2211.0,1097.4285714285713,1420.25,1617.0,2005.0,2760.5,3141.5,3479.0,3448.0,3575.3333333333335,341,138,0.12,23.8,888,"{""type"":""Point"",""coordinates"":[80.04326400000001,14.395297]}"
888,654.6,3033.0,2334.0,914.8333333333334,1282.5,1676.0,2251.0,2873.0,3389.0,3500.2,3722.0,3793.0,527,176,0.11,17.7,889,"{""type"":""Point"",""coordinates"":[80.044014,14.395885999999999]}"
889,617.0,2842.0,1918.0,838.0,1229.5,1312.0,2263.5,2946.5,3539.5,3674.5,3843.5,3659.75,527,176,0.11,17.7,890,"{""type"":""Point"",""coordinates"":[80.044322,14.396046]}"
890,651.0,3397.0,2174.0,876.0,1272.75,1489.0,2150.0,2923.3333333333335,3452.0,3535.6,3822.0,3797.3333333333335,527,176,0.11,17.7,891,"{""type"":""Point"",""coordinates"":[80.044611,14.396027000000004]}"
891,519.0,2016.0,1078.0,656.0,1034.0,850.0,1383.5,2926.4,3703.0,3785.5,4088.0,4103.0,199,213,0.35,38.4,892,"{""type"":""Point"",""coordinates"":[80.047701,14.394638000000002]}"
892,519.0,1983.0,1162.3333333333333,627.3333333333334,903.3333333333334,722.0,1469.0,2830.5,3767.0,3828.0,4079.0,4103.0,199,213,0.35,38.4,893,"{""type"":""Point"",""coordinates"":[80.047812,14.394927]}"
893,562.0,2084.0,1164.0,648.0,1002.0,831.0,1542.0,2891.0,3504.0,3670.5,3985.6666666666665,3986.0,199,213,0.35,38.4,894,"{""type"":""Point"",""coordinates"":[80.047895,14.395122]}"
894,562.0,2096.0,1138.0,745.0,1078.0,988.0,1582.0,2996.6,3570.0,3686.5,4038.0,3986.0,199,213,0.35,38.4,895,"{""type"":""Point"",""coordinates"":[80.048005,14.395256]}"
895,593.6666666666666,2097.5,1096.5,621.5,982.0,788.0,1612.0,3116.5,3769.0,4224.0,4237.0,4338.0,199,213,0.35,38.4,896,"{""type"":""Point"",""coordinates"":[80.048323,14.395438]}"
896,593.6666666666666,2245.5,1143.0,632.6666666666666,911.5,728.0,1473.0,3145.3333333333335,3893.0,4045.0,4297.5,4338.0,199,213,0.35,38.4,897,"{""type"":""Point"",""coordinates"":[80.048613,14.395331000000002]}"
897,551.3333333333334,2598.0,1583.0,730.125,1056.0,1295.5,1708.25,2671.1428571428573,3149.2,3162.6666666666665,3422.0,3873.1666666666665,12,63,0.45,21.5,898,"{""type"":""Point"",""coordinates"":[80.054498,14.399732999999998]}"
898,587.5,2131.4,1139.6,821.0,966.3333333333334,843.5,1577.3333333333333,3033.0,3786.6666666666665,4044.0,4258.0,4256.0,12,63,0.45,21.5,899,"{""type"":""Point"",""coordinates"":[80.054115,14.399806999999997]}"
899,479.0,2151.5,1066.1666666666667,578.0,1001.125,876.2,1606.0,3105.0,3846.6666666666665,3916.0,4229.0,4326.0,43,163,0.27,16.9,900,"{""type"":""Point"",""coordinates"":[80.054677,14.402703000000002]}"
900,566.6,2531.6666666666665,1579.0,825.5,1135.0,1210.0,1853.5,2910.0,3637.0,3752.0,3879.5,3824.0,12,163,0.35,26.1,901,"{""type"":""Point"",""coordinates"":[80.050199,14.405087000000002]}"
901,650.0,2323.5,1335.0,791.5,1094.5,1169.25,1713.5,2844.0,3250.0,3310.0,3700.0,3768.0,12,163,0.35,26.1,902,"{""type"":""Point"",""coordinates"":[80.050045,14.405522000000003]}"
902,682.0,2591.0,1530.0,786.0,1062.0,1008.0,1885.0,2922.3333333333335,3530.5,3626.0,4019.3333333333335,3876.3333333333335,12,163,0.35,26.1,903,"{""type"":""Point"",""coordinates"":[80.050786,14.406091000000002]}"
903,603.0,2998.0,1962.0,870.5,1186.3333333333333,1492.0,2025.5,2851.0,3360.0,3482.0,3817.6666666666665,3870.1666666666665,37,176,0.45,32.3,904,"{""type"":""Point"",""coordinates"":[80.049023,14.407813]}"
904,556.0,2094.5,1130.5,737.0,1078.0,930.0,1686.0,2859.5714285714284,3689.5,3759.25,4043.3333333333335,4069.75,19,138,0.26,22.3,905,"{""type"":""Point"",""coordinates"":[80.045914,14.401397000000001]}"
905,486.0,1888.0,1010.5,616.0,925.5,791.0,1552.0,2934.0,3701.5,3796.0,4082.0,4046.6666666666665,354,125,0.39,23,906,"{""type"":""Point"",""coordinates"":[80.03929,14.407988]}"
906,503.6666666666667,1841.0,1002.5,526.6666666666666,888.75,702.5,1445.5,2874.0,3696.3333333333335,3920.0,4006.5,3921.4,354,125,0.39,23,907,"{""type"":""Point"",""coordinates"":[80.038581,14.408213999999996]}"
907,542.8571428571429,2008.0,1148.0,665.25,973.0,981.5,1520.6666666666667,2409.75,2813.0,2967.0,3115.0,3161.75,515,176,0.26,20.7,908,"{""type"":""Point"",""coordinates"":[80.041498,14.408822000000002]}"
908,542.8571428571429,1980.0,1139.0,728.25,986.3333333333334,984.0,1499.25,2478.0,2787.3333333333335,2960.5,3208.3333333333335,3161.75,515,176,0.26,20.7,909,"{""type"":""Point"",""coordinates"":[80.041852,14.409049]}"
909,473.2,1878.5,1273.5,612.2,913.0,864.0,1495.5,2404.6,2995.4,3260.0,3208.25,2908.2,515,176,0.26,20.7,910,"{""type"":""Point"",""coordinates"":[80.041907,14.409708999999994]}"
910,473.2,2332.0,1456.0,675.3333333333334,982.75,1019.0,1498.0,2353.125,2734.8,2863.5,2919.3333333333335,2908.2,515,176,0.26,20.7,911,"{""type"":""Point"",""coordinates"":[80.041907,14.409935999999998]}"
911,544.2,2420.5,1520.0,651.0,913.0,1000.0,1614.3333333333333,2484.714285714286,2833.75,3083.0,3091.3333333333335,3284.818181818182,602,188,0.27,46.08,912,"{""type"":""Point"",""coordinates"":[80.041988,14.410832999999998]}"
912,465.1818181818182,2352.5,1517.0,593.4,917.75,879.6666666666666,1618.6666666666667,2606.0,2965.1111111111113,3116.6666666666665,3255.0,3113.5,341,63,0.23,30,913,"{""type"":""Point"",""coordinates"":[80.041634,14.411007]}"
913,614.0,2679.0,1491.0,744.0,1071.0,1316.5,1827.0,3101.8,3809.0,3884.0,4235.0,3932.0,31,63,0.15,20.7,914,"{""type"":""Point"",""coordinates"":[80.056896,14.392788000000001]}"
914,587.5,2131.4,1139.6,741.0,980.0,786.0,1577.3333333333333,3033.0,3786.6666666666665,4052.0,4258.0,4256.0,12,63,0.45,21.5,915,"{""type"":""Point"",""coordinates"":[80.054014,14.399817999999998]}"
915,551.3333333333334,2598.0,1583.0,739.0,1059.0,1102.0,1708.25,2671.1428571428573,3149.2,3180.0,3422.0,3873.1666666666665,12,63,0.45,21.5,916,"{""type"":""Point"",""coordinates"":[80.054582,14.399758999999996]}"
916,566.8333333333334,2663.5,1850.3333333333333,709.0,1046.25,1180.0,1729.5,2561.0,2809.5,2950.0,3100.25,3138.25,119.4,13,0.19,48.38,917,"{""type"":""Point"",""coordinates"":[79.80481,15.105856000000003]}"
917,491.3333333333333,2778.458333333333,1874.857142857143,608.1282051282051,915.5555555555555,1103.7142857142858,1441.1875,2275.916666666667,2540.5,2579.5,2784.5,2968.4545454545455,147.5,151,0.25,31.5,918,"{""type"":""Point"",""coordinates"":[79.802074,15.106715]}"
918,600.6,2782.464285714286,2086.3333333333335,635.5424242424242,998.4,991.5,1700.3333333333333,2597.3333333333335,2914.083333333333,3022.4,3074.625,2963.4,295,63,0.37,6.9,919,"{""type"":""Point"",""coordinates"":[79.799653,15.106613999999997]}"
919,666.0,2339.0,1808.5,739.125,1048.5,1166.6666666666667,1484.75,1902.6,2065.4,2056.0,2224.5,2445.0,203.7,63,0.39,37.6,920,"{""type"":""Point"",""coordinates"":[79.790494,15.105495999999997]}"
920,620.5,2613.0,2110.25,779.8333333333333,1128.0,1288.0,1765.6666666666667,2165.3333333333335,2366.75,2384.5,2597.0,2552.6666666666665,470.6,100,0.32,30.7,921,"{""type"":""Point"",""coordinates"":[79.799021,15.110271999999995]}"
921,539.6,2846.375,2196.6666666666665,799.0,1182.7777777777778,1508.8333333333333,1670.125,2269.0,2530.625,2578.5,2735.0,2638.75,133.4,113,0.38,129.8,922,"{""type"":""Point"",""coordinates"":[79.797442,15.109004999999998]}"
922,494.6666666666667,2344.2,1727.5,623.0,967.9090909090909,1203.75,1554.3333333333333,2057.0,2178.5,2256.5,2412.75,2447.0,119.4,176,0.17,63.7,923,"{""type"":""Point"",""coordinates"":[79.788493,15.109717]}"
923,552.0,2267.5,1760.0,673.5,968.5,1120.0,1478.0,1864.0,2014.5,1982.0,2193.0,2174.0,161.5,13,0.38,26.9,924,"{""type"":""Point"",""coordinates"":[79.775228,15.114391000000001]}"
924,676.1538461538462,2985.0,2191.0,471.6363636363636,738.4166666666666,730.8,1576.7777777777778,2416.0,2772.3333333333335,2927.222222222222,3064.0,2916.5714285714284,84.3,38,0.16,38.4,925,"{""type"":""Point"",""coordinates"":[79.788388,15.0849]}"
925,470.73333333333335,2507.1666666666665,1615.625,495.6666666666667,753.6363636363636,753.5833333333334,1297.2857142857142,2259.4,2545.5,2686.0,2798.2,2832.285714285714,384.9,125,0.25,46.08,926,"{""type"":""Point"",""coordinates"":[79.675209,14.132998]}"
926,414.8666666666667,2569.0,1761.0,498.8,718.9,808.0,1326.142857142857,2289.2,2638.6,2710.0,2862.0,2856.5,384.9,125,0.25,46.08,927,"{""type"":""Point"",""coordinates"":[79.674184,14.132485000000003]}"
927,693.3333333333334,4441.5,3524.5,939.0,1347.3333333333333,1911.0,2572.0,2984.3333333333335,3221.25,3216.0,3576.3333333333335,3479.0,223.5,201,0.31,26.9,928,"{""type"":""Point"",""coordinates"":[79.674913,14.128247999999997]}"
928,662.6666666666666,3547.5,2740.5,971.0,1301.0,1675.0,1970.3333333333333,2691.5,3013.8,2877.0,3365.3333333333335,3307.2,223.5,201,0.31,26.9,929,"{""type"":""Point"",""coordinates"":[79.674867,14.127690000000003]}"
929,659.4,3668.6666666666665,2540.5,905.0,1303.0,1429.3333333333333,2100.6,2676.4,2986.8333333333335,3154.5,3312.0,3293.0,589.7,113,0.18,79.1,930,"{""type"":""Point"",""coordinates"":[79.672796,14.127094000000001]}"
930,617.3333333333334,3634.6666666666665,2602.5,906.0,1322.0,1532.0,2068.5,2674.8,2961.8,3096.0,3323.5,3241.6666666666665,589.7,113,0.18,79.1,931,"{""type"":""Point"",""coordinates"":[79.673501,14.126829000000004]}"
931,543.25,2345.0,1415.0,652.5,1056.6666666666667,933.0,1607.6666666666667,2844.75,3423.4,3344.0,3798.5,3733.3333333333335,397.3,50,0.25,75.3,932,"{""type"":""Point"",""coordinates"":[79.669676,14.125196000000003]}"
932,588.5,3224.5,2259.3333333333335,783.0,1126.75,1208.2,1786.0,2739.5,3043.0,3130.0,3364.0,3293.5,463.5,113,0.33,23.8,933,"{""type"":""Point"",""coordinates"":[79.672067,14.124534]}"
933,487.2,2671.0,1815.0,485.6666666666667,742.5714285714286,725.4,1458.25,2392.0,2710.6666666666665,2843.5,2966.5,2952.75,403.5,138,0.1,55.3,934,"{""type"":""Point"",""coordinates"":[79.681561,14.124578999999999]}"
934,487.2,2805.5,1966.0,695.0,967.0,1133.0,1497.75,2424.5,2775.6,2658.5,2995.6666666666665,2952.75,403.5,138,0.1,55.3,935,"{""type"":""Point"",""coordinates"":[79.68181100000001,14.124512000000001]}"
935,594.5,3342.5,2855.0,789.5,1145.0,1665.5,2018.5,2385.5,2512.0,2483.0,2681.5,2686.5,182.6,63,0.21,75.3,936,"{""type"":""Point"",""coordinates"":[79.707937,15.112367000000004]}"
936,512.0,2966.0,2287.5,699.5,1014.5,1264.0,1750.5,2418.5,2679.0,2691.0,2916.5,2824.5,147.5,213,0.38,24.6,937,"{""type"":""Point"",""coordinates"":[79.70055,15.114702]}"
937,543.0,3312.0,2501.0,709.5,1024.5,1451.0,1823.0,2175.0,2372.5,2444.0,2736.0,2428.5,161,13,0.45,6.1,938,"{""type"":""Point"",""coordinates"":[79.58047200000001,14.865903999999997]}"
938,554.0,2554.0,2078.0,737.0,1027.5,1448.0,1713.0,1869.0,2037.5,2142.0,2266.5,2210.5,62,75,0.44,1.5,939,"{""type"":""Point"",""coordinates"":[79.579885,14.864242999999998]}"
939,550.0,3069.5,2357.0,730.0,991.0,1489.0,1809.5,2052.5,2274.5,2376.5,2659.5,2602.5,199,63,0.09,13.8,940,"{""type"":""Point"",""coordinates"":[79.577831,14.864338000000002]}"
940,598.5,2608.0,2110.0,762.0,1042.0,1500.0,1770.5,1958.0,2089.0,2216.0,2322.5,2242.5,111.7,151,0.3,9.2,941,"{""type"":""Point"",""coordinates"":[79.576559,14.864054000000005]}"
941,637.5,2630.5,2129.5,800.0,1097.0,1522.0,1796.0,1932.5,2077.0,2113.5,2313.0,2345.5,192.4,88,0.26,16.9,942,"{""type"":""Point"",""coordinates"":[79.574798,14.863865]}"
942,629.0,2738.0,2240.5,838.5,1128.5,1521.0,1781.0,1974.5,2144.0,2293.0,2393.5,2322.5,142.8,100,0.23,7.7,943,"{""type"":""Point"",""coordinates"":[79.572939,14.863581999999997]}"
943,633.5,2621.5,2249.5,865.5,1155.0,1545.0,1706.5,1967.0,2107.0,2237.0,2380.0,2321.0,142.8,100,0.23,7.7,944,"{""type"":""Point"",""coordinates"":[79.572156,14.863109000000001]}"
944,584.0,2525.0,2111.5,727.0,980.5,1277.0,1530.0,2183.0,2432.0,2456.0,2727.5,2609.0,24.8,113,0.21,3.8,945,"{""type"":""Point"",""coordinates"":[79.571863,14.862068999999998]}"
945,564.5,2487.5,2126.0,755.0,1015.5,1338.0,1526.5,1992.0,2176.5,2435.0,2449.0,2568.0,242,100,0.16,7.7,946,"{""type"":""Point"",""coordinates"":[79.572352,14.861029000000002]}"
946,595.5,2604.5,2142.0,776.0,1069.0,1532.5,1727.0,1909.5,2074.5,2188.5,2308.0,2300.0,242,100,0.16,7.7,947,"{""type"":""Point"",""coordinates"":[79.573917,14.860934000000002]}"
947,585.0,2596.0,2201.0,742.5,987.0,1262.0,1526.0,2058.5,2260.0,2358.5,2619.0,2657.0,242,100,0.16,7.7,948,"{""type"":""Point"",""coordinates"":[79.572645,14.860177999999996]}"
948,605.5,2552.5,2150.5,780.5,1028.0,1429.5,1656.5,1789.5,1945.0,2001.5,2184.5,2269.0,621,38,0.21,19.2,949,"{""type"":""Point"",""coordinates"":[79.574798,14.859421]}"
949,595.0,2546.5,2104.5,733.0,1023.5,1414.0,1717.0,1893.0,2039.5,2110.5,2281.5,2199.5,254,50,0.05,2.3,950,"{""type"":""Point"",""coordinates"":[79.576755,14.858571]}"
950,598.0,2529.5,2112.0,779.0,1035.5,1489.5,1670.0,1833.0,1972.5,2092.5,2200.0,2156.0,254,50,0.05,2.3,951,"{""type"":""Point"",""coordinates"":[79.577342,14.858571]}"
951,594.0,2690.0,2051.5,576.0,836.0,1015.0,1532.0,2098.0,2356.0,2440.5,2634.0,2384.0,80.7,151,0.21,16.1,952,"{""type"":""Point"",""coordinates"":[79.57626500000002,14.857530000000002]}"
952,582.0,2518.5,2088.5,762.5,1016.0,1421.0,1653.0,1891.5,2052.0,2144.0,2276.0,2217.5,304.2,100,0.09,4.6,953,"{""type"":""Point"",""coordinates"":[79.579005,14.857814]}"
953,549.0,2381.5,2045.0,705.5,933.0,1307.5,1518.5,1687.0,1835.5,1895.5,2050.0,2036.0,304.2,100,0.09,4.6,954,"{""type"":""Point"",""coordinates"":[79.579885,14.858476]}"
954,600.0,2554.0,2149.0,774.0,1021.5,1433.0,1722.0,1870.5,2027.5,2053.5,2264.0,2173.0,304.2,100,0.09,4.6,955,"{""type"":""Point"",""coordinates"":[79.58057,14.858381]}"
955,577.0,2711.5,2071.5,767.5,1028.5,1360.0,1876.5,2074.5,2272.0,2456.0,2543.0,2460.5,155.2,100,0.11,6.1,956,"{""type"":""Point"",""coordinates"":[79.581744,14.858003000000002]}"
956,506.5,3050.5,2370.0,706.5,976.5,1416.0,1701.5,2071.0,2310.5,2412.5,2668.5,2614.5,279.3,125,0.21,0.8,957,"{""type"":""Point"",""coordinates"":[79.582038,14.861218]}"
957,536.5,3121.5,2493.5,748.5,1063.5,1540.0,1804.5,2084.5,2304.5,2511.0,2678.0,2486.5,99.3,25,0.25,5.4,958,"{""type"":""Point"",""coordinates"":[79.582821,14.85876]}"
958,536.5,3121.5,2493.5,748.5,1063.5,1540.0,1804.5,2084.5,2304.5,2511.0,2678.0,2486.5,99.3,25,0.25,5.4,959,"{""type"":""Point"",""coordinates"":[79.582821,14.85876]}"
959,427.5,2302.0,1331.5,450.5,705.0,592.0,1204.5,2219.5,2536.5,2651.5,2853.0,2791.0,428.3,63,0.05,15.4,960,"{""type"":""Point"",""coordinates"":[79.584973,14.853465]}"
960,527.0,2616.0,2155.5,796.5,1046.0,1432.5,1596.0,1883.0,2083.0,2120.5,2296.5,2364.0,105.5,50,0.22,34.6,961,"{""type"":""Point"",""coordinates"":[79.582821,14.852046]}"
961,580.5,2844.0,2215.5,684.0,915.5,1208.0,1633.0,2271.5,2521.5,2648.5,2868.0,2838.5,428.3,63,0.05,154,962,"{""type"":""Point"",""coordinates"":[79.58575600000002,14.851857]}"
962,460.5,2495.0,1667.0,604.5,929.5,1155.0,1446.0,2584.5,3021.0,3061.5,3298.0,2992.5,347.6,88,0.27,544,963,"{""type"":""Point"",""coordinates"":[79.619755,14.850152999999999]}"
963,476.0,2572.0,2039.5,662.0,948.0,1201.0,1624.5,2424.5,2584.0,2383.5,2841.0,2925.0,192.4,75,0.23,37.6,964,"{""type"":""Point"",""coordinates"":[79.62037500000001,14.849840000000002]}"
964,476.0,2786.0,1938.5,627.5,953.5,1313.0,1645.5,2438.5,2625.5,2540.0,2892.0,2925.0,192.4,75,0.23,37.6,965,"{""type"":""Point"",""coordinates"":[79.62024,14.849579999999998]}"
965,397.0,2316.0,1514.5,477.0,797.5,919.5,1332.0,2299.5,2581.0,2980.0,2823.5,3073.0,192.4,75,0.23,37.6,966,"{""type"":""Point"",""coordinates"":[79.619188,14.849006000000003]}"
966,488.0,3296.5,2403.5,689.0,1061.0,1417.0,1806.5,2628.5,2918.0,2985.5,3179.5,3195.5,217.3,13,0.2,3.8,967,"{""type"":""Point"",""coordinates"":[79.619188,14.845277]}"
967,451.0,2227.0,1448.0,389.5,601.0,607.5,1114.5,2078.5,2413.0,2290.0,2621.0,2755.0,217.3,13,0.2,3.8,968,"{""type"":""Point"",""coordinates"":[79.618837,14.844402]}"
968,411.5,3200.0,2330.5,577.0,837.0,1143.0,1579.5,2109.0,2336.0,2366.0,2589.5,2593.5,167.6,100,0.41,23,969,"{""type"":""Point"",""coordinates"":[79.558784,14.836419]}"
969,446.5,3241.5,2380.0,635.0,991.5,1635.0,1722.0,2338.5,2598.5,2727.5,2822.0,2637.0,31,50,0.13,24.6,970,"{""type"":""Point"",""coordinates"":[79.561046,14.836246]}"
970,388.5,3142.0,2247.0,522.0,798.0,1195.5,1539.0,2149.0,2406.5,2329.5,2583.5,2616.0,130.4,100,0.21,23.8,971,"{""type"":""Point"",""coordinates"":[79.562772,14.836419]}"
971,442.5,2965.0,2083.0,649.0,976.0,1165.5,1613.5,2373.0,2650.0,2903.0,2965.0,2642.0,484.2,63,0.42,13.1,972,"{""type"":""Point"",""coordinates"":[79.568842,14.835901]}"
