Actual_ET,Aspect_deg,B1,B11,B12,B2,B3,B4,B5,B6,B7,B8,B8A,B9,Clay_Fraction_g_kg,Climate_Water_Deficit,EVI,Elevation_m,Feature_ID,Hillshade,K,LST_K,Latitude,Longitude,N,NDRE,NDVI,OC,P,Potential_ET,Precipitation_Mean_m,SAVI,SWIR_Ratio,Sand_Fraction_g_kg,Silt_Fraction_g_kg,Slope_deg,Soil_Moisture_0_7cm,Soil_Temp_0_7cm_K,Village
905.0,296,0.05730000138282776,0.2199999988079071,0.18140000104904175,0.05959999933838844,0.08380000293254852,0.09539999812841415,0.1251000016927719,0.18140000104904175,0.19859999418258667,0.19979999959468842,0.2184000015258789,0.23999999463558197,329,545.75,0.19695140731956776,26,28_515_shc_2024-25.17989,186,45.2,301.9510017818875,14.145,79.73,113.0,0.22991688549518585,0.3536585569381714,0.63,96.0,1451.0,0.0011091278745096152,0.19693159286695727,1.101101040840149,380,290,2,0.2319729699028863,302.71088439093694,Ananthamadugu
905.0,0,0.05415000021457672,0.22419999539852142,0.1688999980688095,0.05620000138878822,0.07765000313520432,0.0767500028014183,0.1278499960899353,0.2101999968290329,0.23765000700950623,0.22920000553131104,0.2585499882698059,0.25655001401901245,327,545.75,0.3005243677979077,28,28_515_shc_2024-25.17981,180,67.6,301.9510017818875,14.148,79.732,113.0,0.28385382890701294,0.4982840418815613,0.16,97.0,1451.0,0.0011091278745096152,0.2837334843731804,0.9781849384307861,379,293,1,0.2319729699028863,302.71088439093694,Ananthamadugu
909.4166666666666,116,0.040449999272823334,0.2648000121116638,0.17080000042915344,0.051600001752376556,0.07000000029802322,0.07999999821186066,0.13075000047683716,0.19875000417232513,0.22994999587535858,0.23000000417232513,0.26330000162124634,0.2574000060558319,331,536.0833333333334,0.28344672750179384,55,28_515_shc_2024-25.20016,174,245.0,302.13870794508193,14.15,79.58,213.0,0.27512127161026,0.4838709831237793,0.77,19.0,1445.5,0.0009758299095790809,0.2777777879980529,1.1513043642044067,399,269,2,0.2192535400390625,302.89212896558973,Jorepalle
903.25,90,0.05779999867081642,0.25949999690055847,0.17839999496936798,0.06445000320672989,0.09264999628067017,0.09504999965429306,0.1436000019311905,0.23485000431537628,0.268449991941452,0.2517000138759613,0.29155001044273376,0.2766999900341034,319,546.8333333333334,0.29255769101700474,33,28_515_shc_2024-25.5699,177,64.6,302.2613533443875,14.152696,79.703033,213.0,0.2734632194042206,0.4517664313316345,0.25,164.0,1450.1666666666667,0.001033144682436434,0.2775022351081506,1.030989170074463,363,318,1,0.23700184292263454,303.026851187812,Raganaramapuram
905.0,27,0.04230000078678131,0.17520000040531158,0.11940000206232071,0.07010000199079514,0.09489999711513519,0.09679999947547913,0.12290000170469284,0.21629999577999115,0.257099986076355,0.25760000944137573,0.27399998903274536,0.3010999858379364,308,545.75,0.30625073519958956,18,28_515_shc_2024-25.17963,177,58.1,302.2613533443875,14.155,79.735,213.0,0.35400789976119995,0.45372462272644043,0.47,25.0,1451.0,0.001033144682436434,0.2823033853365948,0.6801242232322693,353,339,2,0.23700184292263454,303.026851187812,Ananthamadugu
908.9166666666666,270,0.04084999859333038,0.164450004696846,0.08534999936819077,0.048900000751018524,0.07280000299215317,0.06109999865293503,0.11599999666213989,0.2662000060081482,0.33469998836517334,0.34940001368522644,0.37264999747276306,0.3666999936103821,336,539.5833333333334,0.5341856865641271,54,28_515_shc_2024-25.19955,183,303.0,302.13870794508193,14.158,79.592,100.0,0.501504123210907,0.7023142576217651,0.64,19.0,1448.6666666666667,0.0009758299095790809,0.47495883216729096,0.47066399455070496,399,264,1,0.2192535400390625,302.89212896558973,Jorepalle
905.0,180,0.050850000232458115,0.22169999778270721,0.13414999842643738,0.06279999762773514,0.09685000032186508,0.08789999783039093,0.17569999396800995,0.2824000120162964,0.3381499946117401,0.350600004196167,0.3725999891757965,0.35839998722076416,313,545.75,0.46677328480970215,24,28_515_shc_2024-25.9712,180,614.0,302.2613533443875,14.16,79.735,151.0,0.3323200047016144,0.5990878343582153,0.16,90.6,1451.0,0.001033144682436434,0.4198721456555875,0.6323445439338684,348,339,1,0.23700184292263454,303.026851187812,Molakalapundla
909.4166666666666,46,0.04334999993443489,0.27889999747276306,0.19705000519752502,0.04895000159740448,0.07275000214576721,0.08335000276565552,0.1343500018119812,0.22384999692440033,0.26089999079704285,0.2538999915122986,0.2854500114917755,0.2837499976158142,332,536.0833333333334,0.30743576245711157,68,28_515_shc_2024-25.407,177,167.0,301.59108424716527,14.165,79.55,176.0,0.3079201281070709,0.5057079195976257,0.87,1.0,1445.5,0.0009597665134327668,0.3055538786125505,1.098464012145996,410,258,1,0.20952898661295574,302.35126525031194,Siddavaram
905.5,134,0.05909999832510948,0.3935000002384186,0.301800012588501,0.08420000225305557,0.12060000002384186,0.17159999907016754,0.20720000565052032,0.25699999928474426,0.2784999907016754,0.3041999936103821,0.3077999949455261,0.3077999949455261,325,543.4166666666666,0.19473652821001236,65,28_515_shc_2024-25.3936,177,58.1,302.13870794508193,14.165,79.65,301.0,0.18967537581920624,0.2786885201931,0.47,156.0,1448.8333333333333,0.0009758299095790809,0.203832745749401,1.2935569286346436,370,305,1,0.2192535400390625,302.89212896558973,Molakalapundla
905.0,134,0.04735000059008598,0.25644999742507935,0.18355000019073486,0.054749999195337296,0.08055000007152557,0.09449999779462814,0.14100000262260437,0.23350000381469727,0.26170000433921814,0.2680000066757202,0.2825999855995178,0.27649998664855957,313,545.75,0.30451954180714313,27,28_515_shc_2024-25.9815,174,58.7,302.2613533443875,14.165,79.735,364.0,0.310513436794281,0.478620707988739,0.16,38.2,1451.0,0.001033144682436434,0.3017391443162423,0.9569029808044434,365,322,3,0.23700184292263454,303.026851187812,Molakalapundla
919.75,0,0.055799998342990875,0.22920000553131104,0.14169999957084656,0.05485000088810921,0.08269999921321869,0.07569999992847443,0.14354999363422394,0.2526499927043915,0.29065001010894775,0.2705000042915344,0.31404998898506165,0.36169999837875366,317,537.25,0.37081454472072906,11,28_515_shc_2024-25.12550,180,129.0,302.1352140214708,14.165,79.89,163.0,0.3066055178642273,0.5626805424690247,0.71,17.0,1457.0,0.0011376046629391586,0.34530844373361536,0.8473197817802429,354,329,1,0.28649198744032117,302.9417274898953,Venkanapalem
923.25,207,0.05465000122785568,0.25130000710487366,0.17264999449253082,0.08354999870061874,0.11659999936819077,0.11720000207424164,0.15469999611377716,0.24410000443458557,0.27505001425743103,0.30640000104904175,0.2918500006198883,0.26330000162124634,326,546.3333333333334,0.3420162978279379,6,28_515_shc_2024-25.9453,183,239.0,302.1352140214708,14.165,79.92,251.0,0.32899588346481323,0.4466477632522583,0.61,109.0,1469.75,0.0011376046629391586,0.30727587429892866,0.8201697468757629,342,333,2,0.28649198744032117,302.9417274898953,Baddevolu
912.1666666666666,180,0.059300001710653305,0.2973000109195709,0.21365000307559967,0.08055000007152557,0.11990000307559967,0.14139999449253082,0.19370000064373016,0.2856999933719635,0.34654998779296875,0.3465999960899353,0.37435001134872437,0.39259999990463257,328,546.0,0.3224640629107347,8,28_515_shc_2024-25.9036,180,400.0,302.1352140214708,14.168,79.908,213.0,0.2829909324645996,0.4204918146133423,0.85,80.0,1458.0833333333333,0.0011376046629391586,0.3115384669332295,0.8577611446380615,333,339,1,0.28649198744032117,302.9417274898953,Venkanapalem
912.1666666666666,180,0.07180000096559525,0.31235000491142273,0.24240000545978546,0.09485000371932983,0.13699999451637268,0.16459999978542328,0.17614999413490295,0.24979999661445618,0.279449999332428,0.29809999465942383,0.30239999294281006,0.3122499883174896,334,546.0,0.21199561367807038,11,28_515_shc_2024-25.9682,180,181.0,302.1352140214708,14.172,79.912,100.0,0.2571428716182709,0.2885238826274872,0.56,25.0,1458.0833333333333,0.0011376046629391586,0.20800871867302487,1.0478028059005737,341,325,1,0.28649198744032117,302.9417274898953,Baddevolu
911.25,134,0.05889999866485596,0.24244999885559082,0.13484999537467957,0.06735000014305115,0.09730000048875809,0.08649999648332596,0.1595499962568283,0.2858000099658966,0.3647499978542328,0.391400009393692,0.3952000141143799,0.4048500061035156,330,549.9166666666666,0.5424205505738274,8,28_515_shc_2024-25.5572,177,420.0,302.1352140214708,14.172,79.918,251.0,0.42081859707832336,0.6379995942115784,0.99,43.0,1461.25,0.0011376046629391586,0.4676858744421216,0.6194429993629456,340,330,1,0.28649198744032117,302.9417274898953,Baddevolu
904.0833333333334,134,0.08590000122785568,0.32234999537467957,0.29155001044273376,0.11219999939203262,0.13740000128746033,0.1623000055551529,0.18140000104904175,0.20170000195503235,0.22634999454021454,0.23729999363422394,0.24250000715255737,0.25859999656677246,336,536.0833333333334,0.13690126013571813,74,28_515_shc_2024-25.871,177,103.0,302.13870794508193,14.173949,79.553736,201.0,0.13350845873355865,0.18768766522407532,0.83,3.0,1440.0833333333333,0.0009758299095790809,0.1250555604935299,1.3584071397781372,412,252,1,0.2192535400390625,302.89212896558973,Yepuru
858.0833333333334,244,0.04064999893307686,0.20200000703334808,0.11379999667406082,0.0502999983727932,0.06960000097751617,0.06904999911785126,0.11559999734163284,0.20679999887943268,0.23405000567436218,0.2371000051498413,0.2587999999523163,0.25429999828338623,312,489.25,0.32972963238481034,622,28_515_shc_2024-25.1190,237,19.4,300.95953042772084,14.175,79.43,100.0,0.34448543190956116,0.5489139556884766,0.47,164.0,1347.5,0.0009496517979464159,0.3126899556081628,0.8519611954689026,427,262,20,0.28163134256998695,301.69222119649254,Molakalapundla
899.9166666666666,90,0.07519999891519547,0.34950000047683716,0.28209999203681946,0.09149999916553497,0.1281999945640564,0.16060000658035278,0.20559999346733093,0.2615000009536743,0.27959999442100525,0.2865999937057495,0.29840001463890076,0.27309998869895935,320,544.9166666666666,0.20141306299336992,25,28_515_shc_2024-25.19985,168,25.8,302.2613533443875,14.175,79.745,100.0,0.1645672470331192,0.2817530930042267,0.62,164.0,1444.9166666666667,0.001033144682436434,0.19953545252429006,1.219469666481018,357,323,4,0.23700184292263454,303.026851187812,Devaravemur
905.5833333333334,207,0.043049998581409454,0.1708499938249588,0.08624999970197678,0.05079999938607216,0.0763000026345253,0.05575000122189522,0.11670000106096268,0.2739500105381012,0.3558500111103058,0.3686000108718872,0.3894500136375427,0.38420000672340393,338,547.75,0.5915778009473116,13,28_515_shc_2024-25.11819,183,19.4,302.02510117424856,14.175,79.795,176.0,0.5190603733062744,0.7372452020645142,0.31,164.0,1453.25,0.0010931626572249639,0.5076810822039308,0.46351054310798645,329,334,2,0.2855863359239366,302.81620123121473,Ramasagaram
899.9166666666666,27,0.07524999976158142,0.27619999647140503,0.22474999725818634,0.08320000022649765,0.10419999808073044,0.11479999870061874,0.16404999792575836,0.21484999358654022,0.24285000562667847,0.2401999980211258,0.2606000006198883,0.2773999869823456,320,544.9166666666666,0.2402298858679233,28,28_515_shc_2024-25.19035,177,6.4,302.2613533443875,14.178,79.742,113.0,0.18837353587150574,0.3532394468784332,0.25,164.0,1444.9166666666667,0.001033144682436434,0.21999999965143482,1.1498750448226929,369,311,2,0.23700184292263454,303.026851187812,Ananthamadugu
899.9166666666666,244,0.0551999993622303,0.28769999742507935,0.22529999911785126,0.05829999968409538,0.08079999685287476,0.09290000051259995,0.1632000058889389,0.21940000355243683,0.24619999527931213,0.2460000067949295,0.25949999690055847,0.24699999392032623,333,544.9166666666666,0.2801669013480461,31,28_515_shc_2024-25.9687,186,25.8,302.2613533443875,14.185,79.74,213.0,0.2023460417985916,0.45175570249557495,0.63,38.2,1444.9166666666667,0.001033144682436434,0.2737513498903901,1.169512152671814,394,273,2,0.23700184292263454,303.026851187812,Molakalapundla
911.25,270,0.05700000002980232,0.23749999701976776,0.1290999948978424,0.07649999856948853,0.11180000007152557,0.09274999797344208,0.16494999825954437,0.2860499918460846,0.35144999623298645,0.35920000076293945,0.37880000472068787,0.36719998717308044,333,549.9166666666666,0.49638586184665356,5,28_515_shc_2024-25.9546,186,329.0,302.1352140214708,14.185,79.93,176.0,0.37060001492500305,0.5895563960075378,0.43,35.0,1461.25,0.0011376046629391586,0.4198487365037814,0.6611915230751038,334,333,2,0.28649198744032117,302.9417274898953,Pidurupalem
900.75,90,0.06300000101327896,0.2800999879837036,0.22220000624656677,0.11599999666213989,0.14159999787807465,0.1542000025510788,0.15770000219345093,0.25690001249313354,0.28870001435279846,0.26840001344680786,0.31130000948905945,0.29739999771118164,333,550.0833333333334,0.21569961894638665,21,28_515_shc_2024-25.9746,177,25.8,302.02510117424856,14.189896,79.787029,113.0,0.25979819893836975,0.2702319025993347,0.18,92.0,1450.75,0.0010931626572249639,0.18567094447566754,1.0435914993286133,336,331,1,0.2855863359239366,302.81620123121473,Ramasagaram
900.75,0,0.09139999747276306,0.3082999885082245,0.2775000035762787,0.09679999947547913,0.13079999387264252,0.14900000393390656,0.18870000541210175,0.22709999978542328,0.24390000104904175,0.25040000677108765,0.2678999900817871,0.27970001101493835,333,550.0833333333334,0.17872250490782823,22,28_515_shc_2024-25.11869,180,19.4,302.02510117424856,14.19,79.785,238.0,0.14051468670368195,0.2538808286190033,0.01,118.0,1450.75,0.0010931626572249639,0.16911274454683198,1.2312299013137817,336,331,2,0.2855863359239366,302.81620123121473,Ramasagaram
907.6666666666666,0,0.04179999977350235,0.23909999430179596,0.1468999981880188,0.05920000001788139,0.0835999995470047,0.08250000327825546,0.1298000067472458,0.23190000653266907,0.2648000121116638,0.2687999904155731,0.2935999929904938,0.2948000133037567,360,554.9166666666666,0.35289435091047433,12,28_515_shc_2024-25.21383,180,123.0,302.02510117424856,14.19,79.845,163.0,0.3487204909324646,0.5303159356117249,0.45,52.0,1462.6666666666667,0.0010931626572249639,0.3282626368801327,0.8895089626312256,334,306,1,0.2855863359239366,302.81620123121473,Venkanapalem
907.6666666666666,226,0.047200001776218414,0.16015000641345978,0.07980000227689743,0.053599998354911804,0.07980000227689743,0.06004999950528145,0.11495000123977661,0.21295000612735748,0.25450000166893005,0.2662000060081482,0.2653000056743622,0.2574999928474426,348,554.9166666666666,0.4208860839402052,14,28_515_shc_2024-25.9814,183,239.0,302.1352140214708,14.19,79.855,163.0,0.3968254029750824,0.6318774223327637,0.1,43.0,1462.6666666666667,0.0011376046629391586,0.374251143952669,0.601615309715271,323,329,1,0.28649198744032117,302.9417274898953,Vadlapudi
907.6666666666666,90,0.06679999828338623,0.24269999563694,0.16179999709129333,0.07109999656677246,0.10220000147819519,0.09019999951124191,0.14720000326633453,0.267300009727478,0.3127000033855438,0.37959998846054077,0.3361000120639801,0.2630999982357025,338,554.9166666666666,0.5214226272877089,14,28_515_shc_2024-25.9609,177,265.0,302.1352140214708,14.19,79.87,88.0,0.4411541223526001,0.6160067915916443,0.28,138.0,1462.6666666666667,0.0011376046629391586,0.44761805404000365,0.6393572092056274,334,329,1,0.28649198744032117,302.9417274898953,Pidurupalem
900.75,90,0.05350000038743019,0.24889999628067017,0.1607999950647354,0.05389999970793724,0.07880000025033951,0.07190000265836716,0.12849999964237213,0.24560000002384186,0.2800999879837036,0.31439998745918274,0.30309998989105225,0.29510000348091125,345,550.0833333333334,0.4519026197096263,21,28_515_shc_2024-25.9617,174,51.7,302.02510117424856,14.192,79.788,100.0,0.41973355412483215,0.6277504563331604,0.39,164.0,1450.75,0.0010931626572249639,0.4104140598636126,0.7916666865348816,349,306,2,0.2855863359239366,302.81620123121473,Ramasagaram
905.0,180,0.04450000077486038,0.31529998779296875,0.21649999916553497,0.05480000004172325,0.08579999953508377,0.09390000253915787,0.15889999270439148,0.24629999697208405,0.2732999920845032,0.28060001134872437,0.29760000109672546,0.29429998993873596,314,538.5,0.32571529202172517,69,28_515_shc_2024-25.1035,180,142.0,302.13870794508193,14.195,79.615,226.0,0.2769056260585785,0.49853137135505676,1.21,1.0,1443.6666666666667,0.0009758299095790809,0.32024014724630334,1.1236635446548462,407,278,1,0.2192535400390625,302.89212896558973,Jorepalle
900.1666666666666,0,0.054249998182058334,0.26054999232292175,0.17775000631809235,0.05139999836683273,0.07975000143051147,0.07779999822378159,0.13729999959468842,0.23235000669956207,0.26455000042915344,0.2759000062942505,0.28870001435279846,0.3032500147819519,305,543.75,0.36490570092737795,65,28_515_shc_2024-25.3788,180,18.4,302.13870794508193,14.195,79.63,151.0,0.3354308009147644,0.5600791573524475,1.87,164.0,1443.9166666666667,0.0009758299095790809,0.34807310593076946,0.9443638324737549,404,291,1,0.2192535400390625,302.89212896558973,Kommipadu
905.5833333333334,252,0.04879999905824661,0.07829999923706055,0.062199998646974564,0.05609999969601631,0.07119999825954437,0.06520000100135803,0.09510000050067902,0.09889999777078629,0.1080000028014183,0.11460000276565552,0.0966000035405159,0.09160000085830688,334,547.75,0.11381964255344698,14,28_515_shc_2024-25.21251,189,355.0,302.02510117424856,14.195,79.825,113.0,0.09298999607563019,0.2747497260570526,0.43,8.0,1453.25,0.0010931626572249639,0.10900265112655452,0.6832460761070251,344,322,3,0.2855863359239366,302.81620123121473,Venkanapalem
907.6666666666666,270,0.061000000685453415,0.2996000051498413,0.22030000388622284,0.07169999927282333,0.10419999808073044,0.09860000014305115,0.1581999957561493,0.28360000252723694,0.3140000104904175,0.319599986076355,0.33739998936653137,0.3817000091075897,323,554.9166666666666,0.4022716283047474,11,28_515_shc_2024-25.9301,183,213.0,302.1352140214708,14.195,79.865,113.0,0.33779823780059814,0.5284552574157715,0.42,1.0,1462.6666666666667,0.0011376046629391586,0.3610324372415565,0.9374218583106995,347,330,1,0.28649198744032117,302.9417274898953,Manubolu
907.6666666666666,64,0.041600000113248825,0.22699999809265137,0.10980000346899033,0.0674000009894371,0.10400000214576721,0.08619999885559082,0.14560000598430634,0.30570000410079956,0.3919999897480011,0.4016000032424927,0.4036000072956085,0.2962999939918518,320,554.9166666666666,0.557914113867736,13,28_515_shc_2024-25.9144,174,103.3,302.1352140214708,14.195,79.87,201.0,0.4678362309932709,0.646576464176178,0.4,164.0,1462.6666666666667,0.0011376046629391586,0.47894311153623215,0.5652390122413635,341,340,2,0.28649198744032117,302.9417274898953,Manubolu
904.0833333333334,207,0.06509999930858612,0.2475000023841858,0.1859000027179718,0.06040000170469284,0.08735000342130661,0.09205000102519989,0.13429999351501465,0.21739999949932098,0.24455000460147858,0.24879999458789825,0.26374998688697815,0.263949990272522,335,536.0833333333334,0.290686883323484,75,28_515_shc_2024-25.20680,183,258.0,302.13870794508193,14.198,79.552,88.0,0.2988775968551636,0.45987969636917114,1.37,1.0,1440.0833333333333,0.0009758299095790809,0.27962774760153064,0.9947749376296997,369,296,2,0.2192535400390625,302.89212896558973,Bojjanapalle
904.0833333333334,226,0.05090000107884407,0.23035000264644623,0.16290000081062317,0.06129999831318855,0.0824500024318695,0.09189999848604202,0.11574999988079071,0.18960000574588776,0.21969999372959137,0.23420000076293945,0.23784999549388885,0.24185000360012054,340,536.0833333333334,0.2683184406458878,80,28_515_shc_2024-25.5223,186,90.0,302.13870794508193,14.198,79.558,113.0,0.33847692608833313,0.4363692104816437,0.83,1.0,1440.0833333333333,0.0009758299095790809,0.25838276674663646,0.9835610389709473,375,285,3,0.2192535400390625,302.89212896558973,Rapur
900.1666666666666,314,0.04690000042319298,0.2493000030517578,0.15729999542236328,0.04919999837875366,0.07490000128746033,0.07074999809265137,0.12780000269412994,0.24334999918937683,0.2761499881744385,0.29829999804496765,0.2998499870300293,0.28584998846054077,314,543.75,0.4202060868678922,70,28_515_shc_2024-25.3991,186,58.1,302.13870794508193,14.198,79.632,263.0,0.40014079213142395,0.6165831089019775,0.98,164.0,1443.9166666666667,0.0009758299095790809,0.39275645986473673,0.8357358574867249,409,277,3,0.2192535400390625,302.89212896558973,Kommipadu
903.6666666666666,64,0.048700001090765,0.20399999618530273,0.11509999632835388,0.046799998730421066,0.06939999759197235,0.0568000003695488,0.11630000174045563,0.27570000290870667,0.3402000069618225,0.3492000102996826,0.36399999260902405,0.328000009059906,332,537.1666666666666,0.5459298079116409,87,28_515_shc_2024-25.850,174,129.0,301.59108424716527,14.2,79.53,151.0,0.5003222227096558,0.7201970219612122,0.7,7.0,1440.9166666666667,0.0009597665134327668,0.4841059710045939,0.5841923952102661,420,248,2,0.20952898661295574,302.35126525031194,Rapur
904.0833333333334,116,0.0442500002682209,0.2639000117778778,0.16300000250339508,0.06520000100135803,0.09910000115633011,0.09149999916553497,0.1420000046491623,0.23829999566078186,0.2685000002384186,0.28600001335144043,0.2959499955177307,0.2989000082015991,323,536.0833333333334,0.36125559818967945,75,28_515_shc_2024-25.857,174,71.0,301.59108424716527,14.2,79.545,176.0,0.336448609828949,0.5152317881584167,0.41,17.0,1440.0833333333333,0.0009597665134327668,0.3324786519854485,0.9227272868156433,375,303,2,0.20952898661295574,302.35126525031194,Rapur
900.1666666666666,288,0.04989999905228615,0.26989999413490295,0.1915999948978424,0.06499999761581421,0.08860000222921371,0.10180000215768814,0.14309999346733093,0.21459999680519104,0.24420000612735748,0.23080000281333923,0.2644999921321869,0.26809999346733093,311,543.75,0.2381655665216992,80,28_515_shc_2024-25.4303,189,71.0,302.13870794508193,14.2,79.64,113.0,0.234554722905159,0.3878532648086548,0.24,164.0,1443.9166666666667,0.0009758299095790809,0.2324045157677005,1.1694107055664062,411,278,3,0.2192535400390625,302.89212896558973,Kommipadu
907.6666666666666,314,0.04800000041723251,0.23890000581741333,0.13269999623298645,0.06120000034570694,0.08980000019073486,0.09139999747276306,0.15880000591278076,0.27059999108314514,0.3199999928474426,0.33959999680519104,0.35280001163482666,0.3547999858856201,346,554.9166666666666,0.43421973927811186,19,28_515_shc_2024-25.9758,183,116.0,302.1352140214708,14.2,79.855,188.0,0.3627608120441437,0.5758700966835022,0.85,70.0,1462.6666666666667,0.0011376046629391586,0.3998925899966119,0.7034747004508972,329,325,1,0.28649198744032117,302.9417274898953,Vadlapudi
912.1666666666666,90,0.06575000286102295,0.3187499940395355,0.23029999434947968,0.08089999854564667,0.11469999700784683,0.12639999389648438,0.18414999544620514,0.27559998631477356,0.314300000667572,0.31040000915527344,0.33355000615119934,0.31290000677108765,340,546.0,0.31462675240697374,16,28_515_shc_2024-25.12706,177,523.0,302.1352140214708,14.2,79.885,251.0,0.25528261065483093,0.4212454557418823,0.48,52.4,1458.0833333333333,0.0011376046629391586,0.29462000639311986,1.0269007682800293,329,331,1,0.28649198744032117,302.9417274898953,Pidur
912.1666666666666,90,0.06575000286102295,0.3187499940395355,0.23029999434947968,0.08089999854564667,0.11469999700784683,0.12639999389648438,0.18414999544620514,0.27559998631477356,0.314300000667572,0.31040000915527344,0.33355000615119934,0.31290000677108765,340,546.0,0.31462675240697374,16,28_515_shc_2024-25.2523,177,180.8,302.1352140214708,14.2,79.885,213.0,0.25528261065483093,0.4212454557418823,0.17,42.6,1458.0833333333333,0.0011376046629391586,0.29462000639311986,1.0269007682800293,329,331,1,0.28649198744032117,302.9417274898953,Pidur
900.0,270,0.049300000071525574,0.3215000033378601,0.23720000684261322,0.06199999898672104,0.09300000220537186,0.11299999803304672,0.17419999837875366,0.23839999735355377,0.2612999975681305,0.27300000190734863,0.2953000068664551,0.2928999960422516,299,540.1666666666666,0.26917901097137353,73,28_515_shc_2024-25.3924,186,644.0,302.2613533443875,14.202,79.682,238.0,0.22093023359775543,0.41450777649879456,0.39,148.0,1440.0833333333333,0.001033144682436434,0.2708803677512399,1.1776556968688965,384,317,2,0.23700184292263454,303.026851187812,Chaganam
907.6666666666666,226,0.06769999861717224,0.1814499944448471,0.12014999985694885,0.051350001245737076,0.0714000016450882,0.06235000118613243,0.10930000245571136,0.1862500011920929,0.20694999396800995,0.16519999504089355,0.2203499972820282,0.2484000027179718,348,554.9166666666666,0.2227781629628433,15,28_515_shc_2024-25.5587,183,180.8,302.1352140214708,14.202,79.872,213.0,0.20364296436309814,0.45198854804039,0.49,12.0,1462.6666666666667,0.0011376046629391586,0.21204727040367058,1.0983656644821167,330,322,1,0.28649198744032117,302.9417274898953,Manubolu
904.0833333333334,288,0.06194999814033508,0.2856999933719635,0.24214999377727509,0.07859999686479568,0.10540000349283218,0.11479999870061874,0.1619500070810318,0.2198999971151352,0.24699999392032623,0.26969999074935913,0.26855000853538513,0.27480000257492065,326,536.0833333333334,0.28287069268991727,77,28_515_shc_2024-25.4743,189,71.0,302.13870794508193,14.205,79.555,125.0,0.24962350726127625,0.4028608500957489,0.11,19.0,1440.0833333333333,0.0009758299095790809,0.26269077540362246,1.0593252182006836,364,310,3,0.2192535400390625,302.89212896558973,Bojjanapalle
900.0,0,0.04470000043511391,0.2892000079154968,0.2092999964952469,0.050999999046325684,0.07760000228881836,0.08799999952316284,0.13819999992847443,0.2354000061750412,0.26739999651908875,0.2720000147819519,0.28519999980926514,0.29440000653266907,315,540.1666666666666,0.3245150137265185,76,28_515_shc_2024-25.3911,180,25.9,302.2613533443875,14.205,79.675,75.0,0.32618236541748047,0.5111111402511597,0.63,157.0,1440.0833333333333,0.001033144682436434,0.3209302538339994,1.0632352828979492,397,289,1,0.23700184292263454,303.026851187812,Chaganam
900.0,104,0.051100000739097595,0.28769999742507935,0.22030000388622284,0.06700000166893005,0.09369999915361404,0.12600000202655792,0.14409999549388885,0.2198999971151352,0.24770000576972961,0.21940000355243683,0.26350000500679016,0.257099986076355,304,540.1666666666666,0.15853079184481067,71,28_515_shc_2024-25.3950,168,45.2,302.2613533443875,14.205,79.68,213.0,0.20715270936489105,0.27041110396385193,0.16,164.0,1440.0833333333333,0.001033144682436434,0.16572037066981934,1.3113034963607788,390,306,4,0.23700184292263454,303.026851187812,Chaganam
912.1666666666666,226,0.08524999767541885,0.2627499997615814,0.21664999425411224,0.09255000203847885,0.10999999940395355,0.1216999962925911,0.16975000500679016,0.19564999639987946,0.2121499925851822,0.17090000212192535,0.22885000705718994,0.21729999780654907,343,546.0,0.10190767678038117,19,28_515_shc_2024-25.8455,183,213.0,302.1352140214708,14.205,79.875,125.0,0.0033758904319256544,0.16814766824245453,1.62,1.0,1458.0833333333333,0.0011376046629391586,0.09311129055214207,1.537448763847351,335,322,1,0.28649198744032117,302.9417274898953,Bandepalle
912.1666666666666,180,0.07415000349283218,0.42160001397132874,0.34645000100135803,0.09830000251531601,0.1362999975681305,0.19859999418258667,0.2329999953508377,0.2721000015735626,0.29695001244544983,0.30970001220703125,0.32124999165534973,0.3113499879837036,335,546.0,0.157450214906101,16,28_515_shc_2024-25.8610,180,142.0,302.1352140214708,14.205,79.88,176.0,0.14133042097091675,0.218571737408638,1.61,25.0,1458.0833333333333,0.0011376046629391586,0.1652782167813173,1.3613173961639404,330,335,3,0.28649198744032117,302.9417274898953,JATLAKONDURU
912.1666666666666,134,0.04960000142455101,0.12349999696016312,0.05900000035762787,0.06159999966621399,0.09139999747276306,0.06599999964237213,0.14069999754428864,0.26460000872612,0.296999990940094,0.2985999882221222,0.29280000925064087,0.2775000035762787,334,546.0,0.47176697780064253,5,28_515_shc_2024-25.21305,177,238.9,302.1352140214708,14.205,79.9,201.0,0.35943546891212463,0.6379594206809998,0.55,62.2,1458.0833333333333,0.0011376046629391586,0.40353919473372346,0.4135967791080475,326,340,1,0.28649198744032117,302.9417274898953,Pidur
911.25,90,0.06159999966621399,0.3368000090122223,0.23190000653266907,0.07779999822378159,0.10300000011920929,0.12080000340938568,0.18479999899864197,0.24609999358654022,0.2806999981403351,0.2833999991416931,0.30730000138282776,0.3109000027179718,331,549.9166666666666,0.2853232118607634,5,28_515_shc_2024-25.21719,177,187.3,302.1403301239014,14.205,79.955,88.0,0.21059376001358032,0.40227609872817993,0.31,80.0,1461.25,0.001215726918641972,0.26974119985659156,1.1884262561798096,324,345,1,0.19530576070149738,302.931636344062,Pudiparthi
918.9166666666666,0,0.054999999701976776,0.1863500028848648,0.1310500055551529,0.06300000101327896,0.08895000070333481,0.09664999693632126,0.12745000422000885,0.17475000023841858,0.193900004029274,0.19220000505447388,0.20239999890327454,0.24424999952316284,331,556.0,0.18380657443977902,-1,28_515_shc_2024-25.21672,180,129.1,302.1403301239014,14.205,80.045,151.0,0.2025652974843979,0.3307945430278778,0.31,127.0,1474.8333333333333,0.001215726918641972,0.1816885489199775,0.9695629477500916,295,375,1,0.19530576070149738,302.931636344062,Pudiparthi
877.6666666666666,134,0.04280000180006027,0.32690000534057617,0.22849999368190765,0.05920000001788139,0.08799999952316284,0.12319999933242798,0.1615000069141388,0.20919999480247498,0.22859999537467957,0.24240000545978546,0.2565000057220459,0.2637999951839447,314,519.8333333333334,0.1938085425744793,109,28_515_shc_2024-25.19954,177,129.0,301.59108424716527,14.21,79.5,226.0,0.20029708743095398,0.3260394036769867,1.01,43.0,1397.6666666666667,0.0009597665134327668,0.2065619318405122,1.3485974073410034,420,266,1,0.20952898661295574,302.35126525031194,Pangili
895.3333333333334,0,0.05874999985098839,0.3167000114917755,0.2423499971628189,0.09125000238418579,0.12240000069141388,0.14339999854564667,0.17344999313354492,0.22419999539852142,0.24660000205039978,0.2484000027179718,0.27204999327659607,0.2845500111579895,318,543.5,0.1842848972977128,59,28_515_shc_2024-25.20008,180,103.3,302.2613533443875,14.21,79.695,176.0,0.17766980826854706,0.26799389719963074,0.25,64.0,1438.75,0.001033144682436434,0.17660911194810627,1.2749598026275635,390,292,1,0.23700184292263454,303.026851187812,Chaganam
895.3333333333334,333,0.040950000286102295,0.23064999282360077,0.14585000276565552,0.04149999842047691,0.07490000128746033,0.06549999862909317,0.13089999556541443,0.2563999891281128,0.2928999960422516,0.3068999946117401,0.3178499937057495,0.27390000224113464,319,543.5,0.4345947436176625,57,28_515_shc_2024-25.21328,183,109.8,302.2613533443875,14.21,79.7,100.0,0.402010053396225,0.6482276916503906,0.06,139.0,1438.75,0.001033144682436434,0.41506189452022346,0.7515477538108826,385,296,2,0.23700184292263454,303.026851187812,Chaganam
905.6666666666666,166,0.07750000059604645,0.1936500072479248,0.164450004696846,0.08990000188350677,0.10249999910593033,0.11420000344514847,0.12849999964237213,0.15604999661445618,0.16769999265670776,0.1657000035047531,0.1720999926328659,0.23104999959468842,341,547.0,0.10942081251808468,21,28_515_shc_2024-25.12966,177,303.0,302.1352140214708,14.21,79.875,251.0,0.12644460797309875,0.18399427831172943,0.75,1.0,1452.5833333333333,0.0011376046629391586,0.09905115963714727,1.1686784029006958,332,327,4,0.28649198744032117,302.9417274898953,Cherukumudi
905.6666666666666,166,0.07750000059604645,0.1936500072479248,0.164450004696846,0.08990000188350677,0.10249999910593033,0.11420000344514847,0.12849999964237213,0.15604999661445618,0.16769999265670776,0.1657000035047531,0.1720999926328659,0.23104999959468842,341,547.0,0.10942081251808468,21,28_515_shc_2024-25.3864,177,149.0,302.1352140214708,14.21,79.875,100.0,0.12644460797309875,0.18399427831172943,0.53,19.0,1452.5833333333333,0.0011376046629391586,0.09905115963714727,1.1686784029006958,332,327,4,0.28649198744032117,302.9417274898953,JATLAKONDURU
905.6666666666666,153,0.08070000261068344,0.37404999136924744,0.3001999855041504,0.09709999710321426,0.12530000507831573,0.1606999933719635,0.19629999995231628,0.25725001096725464,0.28894999623298645,0.2971000075340271,0.3199999928474426,0.32155001163482666,320,547.0,0.2224324306073158,18,28_515_shc_2024-25.1028,177,245.0,302.1352140214708,14.21,79.88,125.0,0.20429672300815582,0.2979467213153839,0.16,43.0,1452.5833333333333,0.0011376046629391586,0.2136145552824834,1.2590036392211914,355,325,2,0.28649198744032117,302.9417274898953,JATLAKONDURU
905.5,145,0.09284999966621399,0.45989999175071716,0.4092499911785126,0.12349999696016312,0.16599999368190765,0.22280000150203705,0.25049999356269836,0.2777000069618225,0.29760000109672546,0.3158000111579895,0.32589998841285706,0.33785000443458557,333,556.1666666666666,0.13467721977173647,4,28_515_shc_2024-25.19340,168,77.5,301.5765931447347,14.21,80.075,75.0,0.115309938788414,0.1726699024438858,0.94,83.0,1461.5833333333333,0.0013079905787510566,0.13431543691843992,1.4563013315200806,330,337,7,0.14104910956488714,302.82593972947865,Epuru Bit-I-A
897.0,90,0.04989999905228615,0.30959999561309814,0.27149999141693115,0.06780000030994415,0.10019999742507935,0.13379999995231628,0.17440000176429749,0.2599000036716461,0.3066999912261963,0.29760000109672546,0.33399999141693115,0.296999990940094,316,543.0,0.2572397784097451,105,28_515_shc_2025-26.1743,174,574.7,301.59108424716527,14.212,79.502,201.0,0.26101693511009216,0.37969401478767395,0.7,127.8,1439.75,0.0009597665134327668,0.2637964370194119,1.0403225421905518,419,264,2,0.20952898661295574,302.35126525031194,Pangili
903.9166666666666,226,0.051600001752376556,0.16339999437332153,0.10329999774694443,0.06620000302791595,0.09560000151395798,0.10520000010728836,0.15620000660419464,0.20640000700950623,0.2606000006198883,0.25099998712539673,0.2535000145435333,0.2849000096321106,340,549.5833333333334,0.2630439321181278,1,28_515_shc_2024-25.21724,183,122.7,302.1403301239014,14.212,79.982,113.0,0.232809379696846,0.409320592880249,0.38,35.0,1453.5833333333333,0.001215726918641972,0.25543095513703573,0.6509960293769836,325,335,1,0.19530576070149738,302.931636344062,Pudiparthi
897.0,0,0.04625000059604645,0.2084999978542328,0.13660000264644623,0.06355000287294388,0.08709999918937683,0.08730000257492065,0.12399999797344208,0.18320000171661377,0.20389999449253082,0.19740000367164612,0.21844999492168427,0.20274999737739563,325,543.0,0.22115983631225702,82,28_515_shc_2024-25.19087,180,90.0,301.59108424716527,14.215,79.53,151.0,0.2283758670091629,0.3867228627204895,0.83,1.0,1439.75,0.0009597665134327668,0.21046259759197083,1.0562310218811035,416,259,4,0.20952898661295574,302.35126525031194,Rapur
899.5833333333334,145,0.054099999368190765,0.3425000011920929,0.27900001406669617,0.05990000069141388,0.09099999815225601,0.10540000349283218,0.15719999372959137,0.2126999944448471,0.23810000717639923,0.24320000410079956,0.26089999079704285,0.2680000066757202,299,542.25,0.24152556996549007,91,28_515_shc_2024-25.5157,174,206.0,302.13870794508193,14.215,79.57,63.0,0.21478524804115295,0.39529547095298767,0.41,35.0,1441.75,0.0009758299095790809,0.24357765621295316,1.4083058834075928,404,297,3,0.2192535400390625,302.89212896558973,Rapur
895.3333333333334,166,0.055799998342990875,0.33000001311302185,0.2460000067949295,0.06509999930858612,0.10140000283718109,0.10999999940395355,0.16779999434947968,0.23340000212192535,0.26030001044273376,0.2734000086784363,0.2879999876022339,0.30709999799728394,328,543.5,0.28266963310256304,62,28_515_shc_2024-25.5275,177,96.9,302.2613533443875,14.215,79.695,100.0,0.23934726417064667,0.42618677020072937,1.34,164.0,1438.75,0.001033144682436434,0.2774507716428105,1.2070226669311523,390,283,4,0.23700184292263454,303.026851187812,Chaganam
895.3333333333334,166,0.055799998342990875,0.33000001311302185,0.2460000067949295,0.06509999930858612,0.10140000283718109,0.10999999940395355,0.16779999434947968,0.23340000212192535,0.26030001044273376,0.2734000086784363,0.2879999876022339,0.30709999799728394,328,543.5,0.28266963310256304,62,28_515_shc_2024-25.5201,177,45.2,302.2613533443875,14.215,79.695,113.0,0.23934726417064667,0.42618677020072937,1.12,60.0,1438.75,0.001033144682436434,0.2774507716428105,1.2070226669311523,390,283,4,0.23700184292263454,303.026851187812,Chaganam
902.75,270,0.06414999812841415,0.19169999659061432,0.14685000479221344,0.07129999995231628,0.10130000114440918,0.11159999668598175,0.13699999451637268,0.16494999825954437,0.17800000309944153,0.18250000476837158,0.18240000307559967,0.2308499962091446,336,551.5,0.13455044004378852,13,28_515_shc_2024-25.21391,195,303.0,302.1352140214708,14.215,79.87,238.0,0.1424100548028946,0.24107448756694794,0.95,5.0,1454.3333333333333,0.0011376046629391586,0.13392521335953933,1.0504108667373657,331,334,5,0.28649198744032117,302.9417274898953,Venkanapalem
902.75,270,0.06414999812841415,0.19169999659061432,0.14685000479221344,0.07129999995231628,0.10130000114440918,0.11159999668598175,0.13699999451637268,0.16494999825954437,0.17800000309944153,0.18250000476837158,0.18240000307559967,0.2308499962091446,336,551.5,0.13455044004378852,13,28_515_shc_2024-25.21388,195,284.0,302.1352140214708,14.215,79.87,213.0,0.1424100548028946,0.24107448756694794,0.33,17.0,1454.3333333333333,0.0011376046629391586,0.13392521335953933,1.0504108667373657,331,334,5,0.28649198744032117,302.9417274898953,Venkanapalem
905.6666666666666,226,0.10175000131130219,0.3754499852657318,0.28949999809265137,0.08940000087022781,0.11990000307559967,0.15860000252723694,0.20260000228881836,0.2543500065803528,0.2813499867916107,0.28369998931884766,0.31119999289512634,0.2771500051021576,324,547.0,0.19986577670478034,21,28_515_shc_2024-25.3710,183,394.0,302.1352140214708,14.215,79.875,75.0,0.16676945984363556,0.28283968567848206,0.57,70.0,1452.5833333333333,0.0011376046629391586,0.1991403818435635,1.3234050273895264,353,323,1,0.28649198744032117,302.9417274898953,Manubolu
903.9166666666666,0,0.05355000123381615,0.17710000276565552,0.0940999984741211,0.06350000202655792,0.09754999727010727,0.08309999853372574,0.16019999980926514,0.2639999985694885,0.321150004863739,0.3330000042915344,0.34505000710487366,0.3366999924182892,344,549.5833333333334,0.46095106317755463,2,28_515_shc_2024-25.21679,180,155.0,302.1403301239014,14.215,79.995,176.0,0.3503649830818176,0.6005768179893494,0.1,164.0,1453.5833333333333,0.001215726918641972,0.40918022866572695,0.5318318605422974,320,336,1,0.19530576070149738,302.931636344062,Pudiparthi
905.5,46,0.0502999983727932,0.21060000360012054,0.11999999731779099,0.050599999725818634,0.08780000358819962,0.0681999996304512,0.14409999549388885,0.30649998784065247,0.38519999384880066,0.3935999870300293,0.41119998693466187,0.39320001006126404,335,556.1666666666666,0.5715590360458312,4,28_515_shc_2024-25.19357,177,77.5,302.1403301239014,14.215,80.045,113.0,0.46401339769363403,0.7046340107917786,0.38,155.0,1461.5833333333333,0.001215726918641972,0.5074859512050176,0.5350610017776489,322,343,1,0.19530576070149738,302.931636344062,Epuru Bit-I-A
877.6666666666666,314,0.05900000035762787,0.2913999855518341,0.21140000224113464,0.06859999895095825,0.10130000114440918,0.11900000274181366,0.15770000219345093,0.24210000038146973,0.27810001373291016,0.2888000011444092,0.31310001015663147,0.3100999891757965,315,519.8333333333334,0.28522474551083876,111,28_515_shc_2024-25.3818,183,148.0,301.59108424716527,14.217504,79.496878,125.0,0.29361701011657715,0.4163805842399597,1.37,25.0,1397.6666666666667,0.0009597665134327668,0.2805684032975787,1.009002685546875,417,267,1,0.20952898661295574,302.35126525031194,Pangili
877.6666666666666,270,0.05900000035762787,0.25609999895095825,0.17800000309944153,0.06340000033378601,0.09179999679327011,0.09600000083446503,0.14749999344348907,0.24629999697208405,0.2874000072479248,0.2953999936580658,0.3181000053882599,0.3100999891757965,315,519.8333333333334,0.35711726014027545,111,28_515_shc_2024-25.20282,183,90.0,301.59108424716527,14.217731,79.496878,75.0,0.3339354395866394,0.5094532370567322,1.21,99.0,1397.6666666666667,0.0009597665134327668,0.3355395906252806,0.8669600486755371,417,267,1,0.20952898661295574,302.35126525031194,Pangili
905.6666666666666,64,0.08669999986886978,0.29739999771118164,0.22599999606609344,0.094200000166893,0.12020000070333481,0.12080000340938568,0.16689999401569366,0.2700999975204468,0.3070000112056732,0.33079999685287476,0.3271999955177307,0.32199999690055847,294,547.0,0.38914830432138253,14,28_515_shc_2024-25.21420,174,181.0,302.1352140214708,14.218,79.898,125.0,0.32931485772132874,0.4650132656097412,0.27,1.0,1452.5833333333333,0.0011376046629391586,0.3310214271526059,0.8990326523780823,351,354,2,0.28649198744032117,302.9417274898953,Manubolu
897.0,226,0.049400001764297485,0.3590500056743622,0.27079999446868896,0.06499999761581421,0.09619999676942825,0.1518000066280365,0.1798499971628189,0.2326499968767166,0.2596000134944916,0.28060001134872437,0.29225000739097595,0.28870001435279846,333,543.0,0.18897822569548473,92,28_515_shc_2024-25.19095,183,71.0,301.59108424716527,14.22,79.52,176.0,0.21880771219730377,0.2978723347187042,0.66,1.0,1439.75,0.0009597665134327668,0.2072072108066466,1.2795794010162354,414,253,1,0.20952898661295574,302.35126525031194,Rapur
896.4166666666666,252,0.04569999873638153,0.23229999840259552,0.18389999866485596,0.05079999938607216,0.07329999655485153,0.09440000355243683,0.13089999556541443,0.17960000038146973,0.19529999792575836,0.19300000369548798,0.21359999477863312,0.21960000693798065,332,544.3333333333334,0.1788305245659019,46,28_515_shc_2024-25.5245,189,58.1,302.2613533443875,14.22,79.735,113.0,0.19172586500644684,0.34307584166526794,0.24,164.0,1440.75,0.001033144682436434,0.1878333742102801,1.2036268711090088,370,298,3,0.23700184292263454,303.026851187812,Pokkandala
902.75,153,0.0640999972820282,0.35429999232292175,0.26089999079704285,0.1014999970793724,0.13600000739097595,0.16699999570846558,0.1988999992609024,0.2687999904155731,0.3010999858379364,0.31839999556541443,0.33469998836517334,0.3192000091075897,350,551.5,0.24276047952551505,14,28_515_shc_2024-25.12970,177,155.0,302.1352140214708,14.22,79.865,100.0,0.2310071438550949,0.31190770864486694,0.54,1.0,1454.3333333333333,0.0011376046629391586,0.23046478769686085,1.1127512454986572,332,319,2,0.28649198744032117,302.9417274898953,Gurivindapudi
905.6666666666666,226,0.052400000393390656,0.2749499976634979,0.19099999964237213,0.05465000122785568,0.07765000313520432,0.08129999786615372,0.1453000009059906,0.21050000190734863,0.23520000278949738,0.24320000410079956,0.2639000117778778,0.27434998750686646,304,547.0,0.3063676950129824,16,28_515_shc_2024-25.21463,183,284.1,302.1352140214708,14.22,79.88,188.0,0.2519948482513428,0.4989214241504669,0.46,165.0,1452.5833333333333,0.0011376046629391586,0.2945421573955344,1.1305509805679321,346,350,1,0.28649198744032117,302.9417274898953,Madamanuru
905.6666666666666,270,0.09040000289678574,0.20810000598430634,0.20794999599456787,0.09955000132322311,0.1152999997138977,0.12780000269412994,0.14775000512599945,0.15690000355243683,0.1659500002861023,0.14339999854564667,0.17045000195503235,0.1554500013589859,304,547.0,0.03351738346764852,13,28_515_shc_2024-25.5840,183,265.0,302.1352140214708,14.22,79.885,188.0,-0.014940774999558926,0.05752210691571236,1.44,164.0,1452.5833333333333,0.0011376046629391586,0.030342315533788113,1.4511855840682983,335,362,1,0.28649198744032117,302.9417274898953,Kagithalapuru
905.6666666666666,90,0.07079999893903732,0.3741999864578247,0.2818000018596649,0.09440000355243683,0.121799997985363,0.14820000529289246,0.2013999968767166,0.26969999074935913,0.28850001096725464,0.28519999980926514,0.31850001215934753,0.3050999939441681,315,547.0,0.23356518353860478,14,28_515_shc_2024-25.12512,171,116.0,302.1352140214708,14.22,79.895,301.0,0.17221537232398987,0.3161051869392395,1.33,70.0,1452.5833333333333,0.0011376046629391586,0.2201628354952363,1.3120616674423218,334,352,3,0.28649198744032117,302.9417274898953,Kagithalapuru
905.6666666666666,90,0.07079999893903732,0.3741999864578247,0.2818000018596649,0.09440000355243683,0.121799997985363,0.14820000529289246,0.2013999968767166,0.26969999074935913,0.28850001096725464,0.28519999980926514,0.31850001215934753,0.3050999939441681,315,547.0,0.23356518353860478,14,28_515_shc_2024-25.8932,171,245.0,302.1352140214708,14.22,79.895,301.0,0.17221537232398987,0.3161051869392395,1.02,25.0,1452.5833333333333,0.0011376046629391586,0.2201628354952363,1.3120616674423218,334,352,3,0.28649198744032117,302.9417274898953,Kagithalapuru
905.5,314,0.07909999787807465,0.3571999967098236,0.27605000138282776,0.10540000349283218,0.14229999482631683,0.1826000064611435,0.18985000252723694,0.263700008392334,0.29284998774528503,0.31220000982284546,0.3242500126361847,0.3458000123500824,318,556.1666666666666,0.2003338922389692,7,28_515_shc_2024-25.19593,183,58.1,301.5765931447347,14.22,80.08,138.0,0.24370083212852478,0.26192399859428406,0.38,90.6,1461.5833333333333,0.0013079905787510566,0.19541616592319888,1.1441383361816406,340,342,1,0.14104910956488714,302.82593972947865,Epuru Bit-I-A
897.0,0,0.05624999850988388,0.4320499897003174,0.36834999918937683,0.07880000025033951,0.11649999767541885,0.17720000445842743,0.22100000083446503,0.26179999113082886,0.2870999872684479,0.30149999260902405,0.32089999318122864,0.32019999623298645,337,543.0,0.17519871867489437,85,28_515_shc_2024-25.19936,180,109.0,301.59108424716527,14.225,79.525,251.0,0.15406696498394012,0.25966155529022217,0.81,25.0,1439.75,0.0009597665134327668,0.1905077989011631,1.4330016374588013,403,260,4,0.20952898661295574,302.35126525031194,Rapur
905.6666666666666,180,0.0681999996304512,0.3298499882221222,0.2321999967098236,0.08179999887943268,0.11100000143051147,0.14059999585151672,0.1944500058889389,0.26910001039505005,0.3012000024318695,0.2939999997615814,0.3260999917984009,0.31735000014305115,313,547.0,0.2516239183672907,21,28_515_shc_2024-25.12459,180,439.0,302.1352140214708,14.225,79.875,113.0,0.20380795001983643,0.3529682457447052,0.59,1.0,1452.5833333333333,0.0011376046629391586,0.2462015909963185,1.121938705444336,347,340,1,0.28649198744032117,302.9417274898953,Manubolu
903.9166666666666,333,0.08635000139474869,0.3005000054836273,0.2320999950170517,0.11389999836683273,0.1348000019788742,0.14869999885559082,0.1843000054359436,0.2699500024318695,0.29820001125335693,0.2994999885559082,0.32199999690055847,0.3010999858379364,351,549.5833333333334,0.2818796784623646,8,28_515_shc_2024-25.22505,183,135.6,302.1403301239014,14.225,79.99,213.0,0.23811489343643188,0.33645692467689514,0.09,1.0,1453.5833333333333,0.001215726918641972,0.23855725327310093,1.0033389329910278,309,340,2,0.19530576070149738,302.931636344062,Pudiparthi
903.9166666666666,0,0.07235000282526016,0.2569499909877777,0.1543000042438507,0.07429999858140945,0.10729999840259552,0.10499999672174454,0.18119999766349792,0.30489999055862427,0.39079999923706055,0.38280001282691956,0.4163999855518341,0.345550000667572,347,549.5833333333334,0.4771392521392791,5,28_515_shc_2024-25.22528,180,374.5,302.1403301239014,14.225,79.995,163.0,0.3574468195438385,0.5694957375526428,0.58,16.0,1453.5833333333333,0.001215726918641972,0.42184654801548044,0.6712381839752197,320,333,0,0.19530576070149738,302.931636344062,Pudiparthi
903.9166666666666,116,0.05609999969601631,0.2558000087738037,0.17925000190734863,0.07055000215768814,0.10239999741315842,0.10419999808073044,0.16699999570846558,0.2618499994277954,0.3057999908924103,0.3174000084400177,0.3274500072002411,0.2561500072479248,348,549.5833333333334,0.37708486754998627,7,28_515_shc_2024-25.22487,174,181.3,302.1403301239014,14.225,80.0,176.0,0.31048721075057983,0.5056926012039185,0.75,153.0,1453.5833333333333,0.001215726918641972,0.3470052227389293,0.8059231042861938,323,330,2,0.19530576070149738,302.931636344062,Pudiparthi
903.0,270,0.09014999866485596,0.32019999623298645,0.26260000467300415,0.10970000177621841,0.155799999833107,0.1753000020980835,0.20919999480247498,0.22155000269412994,0.23935000598430634,0.23819999396800995,0.2443999946117401,0.25075000524520874,340,546.25,0.10717326999479089,4,28_515_shc_2024-25.21859,186,193.7,302.1403301239014,14.225,80.015,201.0,0.06481895595788956,0.152116060256958,0.21,19.0,1449.1666666666667,0.001215726918641972,0.10328405934449865,1.3442485332489014,325,335,2,0.19530576070149738,302.931636344062,Pudiparthi
903.9166666666666,90,0.08094999939203262,0.2740499973297119,0.17890000343322754,0.0697999969124794,0.09345000237226486,0.08240000158548355,0.15230000019073486,0.2644500136375427,0.3041999936103821,0.34060001373291016,0.3356499969959259,0.33024999499320984,350,549.5833333333334,0.49218452728182527,9,28_515_shc_2024-25.21902,177,271.2,302.1403301239014,14.228,79.998,125.0,0.38202476501464844,0.6104018688201904,0.55,5.0,1453.5833333333333,0.001215726918641972,0.41960998027452767,0.804609477519989,322,328,1,0.19530576070149738,302.931636344062,Pudiparthi
899.75,0,0.04470000043511391,0.2387000024318695,0.14010000228881836,0.04879999905824661,0.06759999692440033,0.06800000369548798,0.11309999972581863,0.2004999965429306,0.23180000483989716,0.24740000069141388,0.2581999897956848,0.258899986743927,322,543.8333333333334,0.347836188987087,93,28_515_shc_2024-25.3744,180,84.0,302.13870794508193,14.23,79.59,100.0,0.37253814935684204,0.5688015222549438,0.84,138.0,1443.75,0.0009758299095790809,0.33002206775339027,0.9648342728614807,419,259,0,0.2192535400390625,302.89212896558973,Gilakapadu
896.4166666666666,76,0.04574999958276749,0.0966000035405159,0.06554999947547913,0.053700000047683716,0.06270000338554382,0.05829999968409538,0.09880000352859497,0.10869999974966049,0.12504999339580536,0.09849999845027924,0.12950000166893005,0.14624999463558197,321,544.3333333333334,0.0961216558567154,36,28_515_shc_2024-25.5230,168,58.1,302.2613533443875,14.23,79.74,151.0,-0.001520552788861096,0.25637754797935486,0.63,164.0,1440.75,0.001033144682436434,0.09180876723592653,0.9807106852531433,388,291,4,0.23700184292263454,303.026851187812,Utukur
902.75,0,0.04515000060200691,0.1911499947309494,0.09655000269412994,0.05555000156164169,0.08250000327825546,0.06080000102519989,0.12200000137090683,0.2651500105857849,0.3389500081539154,0.34139999747276306,0.35670000314712524,0.35554999113082886,339,551.5,0.5439776635859022,14,28_515_shc_2024-25.12737,180,445.5,302.02510117424856,14.23,79.835,226.0,0.4734570384025574,0.6976628303527832,0.71,164.0,1454.3333333333333,0.0010931626572249639,0.4665262639903397,0.5599004030227661,324,337,0,0.2855863359239366,302.81620123121473,Madamanuru
903.9166666666666,134,0.0588500015437603,0.19179999828338623,0.10689999908208847,0.07370000332593918,0.10109999775886536,0.09470000118017197,0.15514999628067017,0.2685000002384186,0.32199999690055847,0.33399999141693115,0.33959999680519104,0.3411000072956085,346,549.5833333333334,0.4433287541712755,5,28_515_shc_2024-25.21620,177,329.3,302.1403301239014,14.23,79.995,100.0,0.3656342625617981,0.5581991672515869,0.65,164.0,1453.5833333333333,0.001215726918641972,0.38650800927793444,0.5742515325546265,320,334,1,0.19530576070149738,302.931636344062,Pudiparthi
903.0,180,0.07304999977350235,0.298550009727478,0.2292499989271164,0.09350000321865082,0.12319999933242798,0.14380000531673431,0.17839999496936798,0.25850000977516174,0.28725001215934753,0.28859999775886536,0.31380000710487366,0.3144499957561493,329,546.25,0.2496293347084963,11,28_515_shc_2024-25.21700,180,219.5,302.1403301239014,14.23,80.03,100.0,0.23597431182861328,0.33487510681152344,0.21,44.0,1449.1666666666667,0.001215726918641972,0.23294722002010312,1.03447687625885,325,345,1,0.19530576070149738,302.931636344062,Pudiparthi
905.5,180,0.05959999933838844,0.2549000084400177,0.18289999663829803,0.11879999935626984,0.16099999845027924,0.15240000188350677,0.1842000037431717,0.2766999900341034,0.3082999885082245,0.335999995470047,0.3321000039577484,0.34529998898506165,326,556.1666666666666,0.33764894810205887,6,28_515_shc_2024-25.16561,180,129.1,302.1403301239014,14.23,80.045,100.0,0.2918108403682709,0.375921368598938,0.38,57.9,1461.5833333333333,0.001215726918641972,0.27863212375272695,0.7586309909820557,339,335,5,0.19530576070149738,302.931636344062,Epuru Bit-I-A
905.5,226,0.06080000102519989,0.2808000147342682,0.17679999768733978,0.06120000034570694,0.10029999911785126,0.08380000293254852,0.1579499989748001,0.2863500118255615,0.3201499879360199,0.3255999982357025,0.357450008392334,0.3398500084877014,350,556.1666666666666,0.4414341919191577,8,28_515_shc_2024-25.16523,183,77.5,302.1403301239014,14.23,80.05,63.0,0.34670665860176086,0.5906203985214233,0.93,51.3,1461.5833333333333,0.001215726918641972,0.398834388045736,0.862407922744751,321,330,1,0.19530576070149738,302.931636344062,Epuru Bit-I-A
902.75,333,0.06040000170469284,0.28780001401901245,0.19740000367164612,0.07989999651908875,0.11349999904632568,0.131400004029274,0.19380000233650208,0.2876499891281128,0.3372499942779541,0.35740000009536743,0.36945000290870667,0.3747999966144562,351,551.5,0.365329263044022,19,28_515_shc_2024-25.9757,183,284.0,302.1352140214708,14.232,79.858,188.0,0.2968069612979889,0.4623567759990692,0.9,8.0,1454.3333333333333,0.0011376046629391586,0.3428397984274362,0.8052602410316467,331,317,2,0.28649198744032117,302.9417274898953,Vadlapudi
905.5,270,0.04729999974370003,0.19910000264644623,0.11214999854564667,0.05350000038743019,0.08720000088214874,0.0723000019788742,0.13860000669956207,0.2750000059604645,0.34104999899864197,0.3720000088214874,0.36465001106262207,0.38989999890327454,342,556.1666666666666,0.5334448810060722,8,28_515_shc_2024-25.2110,186,83.9,302.1403301239014,14.232,80.042,75.0,0.457109272480011,0.6745442152023315,0.23,45.9,1461.5833333333333,0.001215726918641972,0.47606693330744976,0.5352150201797485,330,327,2,0.19530576070149738,302.931636344062,Epuru Bit-I-A
905.5,296,0.09144999831914902,0.35120001435279846,0.30250000953674316,0.12559999525547028,0.16140000522136688,0.1875,0.212349995970726,0.27285000681877136,0.29464998841285706,0.3019999861717224,0.30720001459121704,0.3068000078201294,336,556.1666666666666,0.19276091665700892,11,28_515_shc_2023-24.6877,186,206.6,301.5765931447347,14.232,80.052,188.0,0.17429764568805695,0.2339121401309967,0.9,34.9,1461.5833333333333,0.0013079905787510566,0.17357249283253384,1.1629140377044678,338,326,2,0.14104910956488714,302.82593972947865,Epuru Bit-I-A
897.0,314,0.042500000447034836,0.3121500015258789,0.22220000624656677,0.0515500009059906,0.07440000027418137,0.09269999712705612,0.15330000221729279,0.21414999663829803,0.23759999871253967,0.2475000023841858,0.2646999955177307,0.258650004863739,345,543.0,0.27309776762341853,94,28_515_shc_2024-25.17817,186,122.0,301.59108424716527,14.235,79.525,113.0,0.235029935836792,0.4550264775753021,1.21,17.0,1439.75,0.0009597665134327668,0.27636278031512623,1.2612121105194092,381,275,3,0.20952898661295574,302.35126525031194,Rapur
899.5833333333334,296,0.03590000048279762,0.18549999594688416,0.08585000038146973,0.039400000125169754,0.061250001192092896,0.03880000114440918,0.09844999760389328,0.2605000138282776,0.3096500039100647,0.3312000036239624,0.3365499973297119,0.33059999346733093,341,542.25,0.576271186988211,94,28_515_shc_2024-25.9627,186,148.0,301.59108424716527,14.235,79.545,176.0,0.5417200326919556,0.7902702689170837,0.64,1.0,1441.75,0.0009597665134327668,0.5041379325464515,0.5600845217704773,389,270,2,0.20952898661295574,302.35126525031194,Rapur
899.75,333,0.05299999937415123,0.29269999265670776,0.2094999998807907,0.07819999754428864,0.1080000028014183,0.11500000208616257,0.1543000042438507,0.24969999492168427,0.2786000072956085,0.3203999996185303,0.29989999532699585,0.2768999934196472,311,543.8333333333334,0.36062924560186177,77,28_515_shc_2024-25.20023,183,193.0,302.13870794508193,14.235,79.605,125.0,0.34990519285202026,0.4717501103878021,0.32,7.0,1443.75,0.0009758299095790809,0.3293778017287402,0.913545548915863,427,262,2,0.2192535400390625,302.89212896558973,Gilakapadu
899.75,90,0.07180000096559525,0.33070001006126404,0.2761000096797943,0.08985000103712082,0.12139999866485596,0.13359999656677246,0.18735000491142273,0.249099999666214,0.2748500108718872,0.2797999978065491,0.30285000801086426,0.29820001125335693,312,543.8333333333334,0.25967567967747957,75,28_515_shc_2024-25.19093,177,174.0,302.13870794508193,14.235,79.61,163.0,0.1979021579027176,0.3536526560783386,0.98,43.0,1443.75,0.0009758299095790809,0.24009196760519513,1.1819156408309937,422,265,1,0.2192535400390625,302.89212896558973,Gilakapadu
896.4166666666666,46,0.052400000393390656,0.2130499929189682,0.12960000336170197,0.05375000089406967,0.07760000228881836,0.06174999848008156,0.12020000070333481,0.27309998869895935,0.35339999198913574,0.36399999260902405,0.3762499988079071,0.3187499940395355,327,544.3333333333334,0.5675523413753876,39,28_515_shc_2024-25.5159,177,19.4,302.2613533443875,14.235,79.74,100.0,0.5035109519958496,0.7099236845970154,0.49,43.0,1440.75,0.001033144682436434,0.48973804543064303,0.5853021740913391,379,295,1,0.23700184292263454,303.026851187812,Utukur
902.5833333333334,296,0.051100000739097595,0.21240000426769257,0.11630000174045563,0.05900000035762787,0.0877000018954277,0.07029999792575836,0.15060000121593475,0.2847000062465668,0.33489999175071716,0.3515999913215637,0.3991999924182892,0.375900000333786,349,555.9166666666666,0.5284018303919886,16,28_515_shc_2024-25.17493,186,232.5,302.02510117424856,14.235,79.83,176.0,0.40023893117904663,0.666745662689209,0.41,38.0,1458.5833333333333,0.0010931626572249639,0.457696057072531,0.6040955781936646,332,319,2,0.2855863359239366,302.81620123121473,Madamanuru
902.75,134,0.045049998909235,0.16940000653266907,0.08455000072717667,0.054499998688697815,0.08139999955892563,0.06430000066757202,0.11834999918937683,0.28415000438690186,0.36070001125335693,0.3765999972820282,0.39329999685287476,0.3908500075340271,341,551.5,0.5767738965915343,15,28_515_shc_2024-25.17505,174,542.4,302.02510117424856,14.235,79.835,188.0,0.5217698812484741,0.7083238959312439,0.41,71.0,1454.3333333333333,0.0010931626572249639,0.4978743712854987,0.4498141407966614,331,327,3,0.2855863359239366,302.81620123121473,Madamanuru
902.75,226,0.04774999991059303,0.18985000252723694,0.11495000123977661,0.060100000351667404,0.0869000032544136,0.08540000021457672,0.14384999871253967,0.2554999887943268,0.31049999594688416,0.32260000705718994,0.34174999594688416,0.33160001039505005,358,551.5,0.42839083594845184,15,28_515_shc_2024-25.5495,186,342.0,302.02510117424856,14.235,79.84,88.0,0.3832136392593384,0.5813725590705872,0.43,109.0,1454.3333333333333,0.0010931626572249639,0.39185022843004014,0.5884996652603149,330,312,3,0.2855863359239366,302.81620123121473,Madamanuru
903.9166666666666,333,0.04919999837875366,0.19609999656677246,0.10830000042915344,0.05559999868273735,0.08789999783039093,0.06859999895095825,0.1371999979019165,0.2533000111579895,0.30709999799728394,0.311599999666214,0.3328999876976013,0.30320000648498535,336,549.5833333333334,0.4650895730178622,8,28_515_shc_2024-25.22712,183,193.7,302.1403301239014,14.235,79.98,113.0,0.38859179615974426,0.639137327671051,0.34,100.0,1453.5833333333333,0.001215726918641972,0.41411043131734493,0.6293324828147888,330,334,2,0.19530576070149738,302.931636344062,Edagali
903.0,0,0.06129999831318855,0.24300000071525574,0.13130000233650208,0.06909999996423721,0.09790000319480896,0.08330000191926956,0.15299999713897705,0.2985999882221222,0.4004000127315521,0.38999998569488525,0.41519999504089355,0.42340001463890076,346,546.25,0.5590390148726121,4,28_515_shc_2024-25.21850,180,180.8,302.1403301239014,14.235,80.015,188.0,0.4364640712738037,0.648003339767456,0.1,164.0,1449.1666666666667,0.001215726918641972,0.47267027793881067,0.6230769753456116,317,338,1,0.19530576070149738,302.931636344062,Pudiparthi
905.5,237,0.0596500001847744,0.23880000412464142,0.15289999544620514,0.05460000038146973,0.07415000349283218,0.062150001525878906,0.125,0.2393999993801117,0.2917500138282776,0.2994000017642975,0.3158000111579895,0.30000001192092896,342,556.1666666666666,0.4696903680796833,9,28_515_shc_2024-25.16269,189,58.1,302.1403301239014,14.235,80.045,113.0,0.41093307733535767,0.6562024354934692,0.33,41.5,1461.5833333333333,0.001215726918641972,0.4130636631635721,0.797595202922821,327,331,3,0.19530576070149738,302.931636344062,Epuru Bit-I-A
899.75,90,0.04740000143647194,0.28299999237060547,0.19339999556541443,0.05719999969005585,0.08739999681711197,0.0989999994635582,0.14380000531673431,0.21220000088214874,0.2387000024318695,0.23800000548362732,0.26159998774528503,0.2833999991416931,305,543.8333333333334,0.24768354519844255,75,28_515_shc_2024-25.5373,171,206.0,302.13870794508193,14.24,79.605,113.0,0.24672602117061615,0.41246291995048523,0.93,117.0,1443.75,0.0009758299095790809,0.2491039519686263,1.1890755891799927,412,283,3,0.2192535400390625,302.89212896558973,Gilakapadu
905.6666666666666,252,0.044199999421834946,0.03359999880194664,0.024000000208616257,0.051100000739097595,0.06210000067949295,0.05025000125169754,0.05954999849200249,0.04879999905824661,0.056449998170137405,0.050599999725818634,0.04724999889731407,0.1083500012755394,311,547.0,0.0009031286409391996,14,28_515_shc_2024-25.12853,189,439.0,302.1352140214708,14.24,79.88,138.0,-0.08125282824039459,0.0034704855643212795,0.48,1.0,1452.5833333333333,0.0011376046629391586,0.000873758359536536,0.6640316247940063,339,350,3,0.28649198744032117,302.9417274898953,Gurivindapudi
905.6666666666666,322,0.0640999972820282,0.32190001010894775,0.24500000476837158,0.10939999669790268,0.1428000032901764,0.17800000309944153,0.19380000233650208,0.2563000023365021,0.2906999886035919,0.27639999985694885,0.30820000171661377,0.2825999855995178,334,547.0,0.16142790531987844,13,28_515_shc_2024-25.11796,189,90.0,302.1352140214708,14.24,79.885,88.0,0.17566992342472076,0.21654929220676422,1.33,147.0,1452.5833333333333,0.0011376046629391586,0.1546521318933874,1.164616584777832,333,333,5,0.28649198744032117,302.9417274898953,Kudithipalle
903.6666666666666,0,0.05480000004172325,0.2198999971151352,0.12610000371932983,0.065700002014637,0.10159999877214432,0.09709999710321426,0.17030000686645508,0.2971999943256378,0.3718000054359436,0.3779999911785126,0.3984000086784363,0.3813999891281128,361,551.75,0.47842082294018934,4,28_515_shc_2024-25.22377,180,32.3,302.1403301239014,14.24,79.955,63.0,0.3788071870803833,0.5912439227104187,0.69,8.0,1455.25,0.001215726918641972,0.4321095233068659,0.5817460417747498,308,331,0,0.19530576070149738,302.931636344062,Edagali
903.9166666666666,207,0.05590000003576279,0.2615000009536743,0.15530000627040863,0.07249999791383743,0.11840000003576279,0.11259999871253967,0.1876000016927719,0.29490000009536743,0.34869998693466187,0.3716000020503998,0.37470000982284546,0.36880001425743103,355,549.5833333333334,0.4306761143037744,5,28_515_shc_2024-25.22213,183,103.3,302.1403301239014,14.24,79.96,238.0,0.3290414810180664,0.5349029302597046,0.34,164.0,1453.5833333333333,0.001215726918641972,0.3947368468864355,0.7037136554718018,308,337,2,0.19530576070149738,302.931636344062,Edagali
903.9166666666666,0,0.03759999945759773,0.16140000522136688,0.09870000183582306,0.042500000447034836,0.061799999326467514,0.04919999837875366,0.09860000014305115,0.1808999925851822,0.20649999380111694,0.16019999980926514,0.2159000039100647,0.12610000371932983,335,549.5833333333334,0.24413848310054473,8,28_515_shc_2024-25.21912,180,90.4,302.1403301239014,14.24,79.97,213.0,0.2380216419696808,0.5300859808921814,0.69,35.0,1453.5833333333333,0.001215726918641972,0.23470538845651107,1.007490634918213,326,339,1,0.19530576070149738,302.931636344062,Edagali
903.9166666666666,314,0.0560000017285347,0.22065000236034393,0.13214999437332153,0.0737999975681305,0.1023000031709671,0.10429999977350235,0.17755000293254852,0.25885000824928284,0.30869999527931213,0.31619998812675476,0.3388499915599823,0.34139999747276306,348,549.5833333333334,0.38152680516593906,8,28_515_shc_2024-25.21839,183,219.5,302.1403301239014,14.24,79.995,188.0,0.28081008791923523,0.5039238929748535,0.41,24.0,1453.5833333333333,0.001215726918641972,0.345301452154196,0.697817862033844,331,322,1,0.19530576070149738,302.931636344062,Pudiparthi
903.0,0,0.06719999760389328,0.26205000281333923,0.15729999542236328,0.08020000159740448,0.1160999983549118,0.1062999963760376,0.1873999983072281,0.3200500011444092,0.3928000032901764,0.4016000032424927,0.42640000581741333,0.4214499890804291,334,546.25,0.5134223748634702,5,28_515_shc_2024-25.22656,180,297.0,302.1403301239014,14.24,80.03,88.0,0.36366724967956543,0.5814136862754822,0.77,17.0,1449.1666666666667,0.001215726918641972,0.43947813321493223,0.6525149345397949,313,353,0,0.19530576070149738,302.931636344062,Epuru Bit - II (G V R Palem)
905.5,270,0.0940999984741211,0.27399998903274536,0.22920000553131104,0.07779999822378159,0.10540000349283218,0.1128000020980835,0.16680000722408295,0.21250000596046448,0.23489999771118164,0.25999999046325684,0.2500999867916107,0.2955999970436096,347,556.1666666666666,0.27192785521358964,4,28_515_shc_2024-25.13238,195,77.5,302.1403301239014,14.24,80.045,88.0,0.21836921572685242,0.3948497474193573,0.56,5.5,1461.5833333333333,0.001215726918641972,0.25297890058384964,1.0538461208343506,342,311,5,0.19530576070149738,302.931636344062,Epuru Bit-I-A
905.5,234,0.061500001698732376,0.21799999475479126,0.1459999978542328,0.08100000023841858,0.10679999738931656,0.11500000208616257,0.15970000624656677,0.2818000018596649,0.36559998989105225,0.37279999256134033,0.39259999990463257,0.335099995136261,344,556.1666666666666,0.44286399692904815,8,28_515_shc_2024-25.19590,192,129.1,302.1403301239014,14.24,80.05,100.0,0.40018776059150696,0.5284952521324158,1.07,45.9,1461.5833333333333,0.001215726918641972,0.391475994946488,0.5847639441490173,344,312,5,0.19530576070149738,302.931636344062,Epuru Bit-I-A
905.5,244,0.05739999935030937,0.2282000035047531,0.1331000030040741,0.0722000002861023,0.10740000009536743,0.11100000143051147,0.15860000252723694,0.26759999990463257,0.31189998984336853,0.3271999955177307,0.3440999984741211,0.28619998693466187,334,556.1666666666666,0.37232209443421255,4,28_515_shc_2024-25.19602,186,90.4,301.5765931447347,14.24,80.055,251.0,0.34705638885498047,0.4933820068836212,0.44,110.3,1461.5833333333333,0.0013079905787510566,0.34566189744799114,0.6974327564239502,344,322,2,0.14104910956488714,302.82593972947865,Epuru Bit-I-A
905.5,64,0.07739999890327454,0.3222000002861023,0.257999986410141,0.09830000251531601,0.12759999930858612,0.155799999833107,0.1808999925851822,0.24809999763965607,0.27320000529289246,0.266400009393692,0.29919999837875366,0.31209999322891235,335,556.1666666666666,0.18887258846233654,8,28_515_shc_2024-25.1669,174,90.4,301.5765931447347,14.242,80.052,113.0,0.19114692509174347,0.2619611620903015,1.33,55.7,1461.5833333333333,0.0013079905787510566,0.17989591485687928,1.2094594240188599,347,317,2,0.14104910956488714,302.82593972947865,Epuru Bit-I-A
902.75,90,0.054349999874830246,0.2387000024318695,0.13965000212192535,0.051899999380111694,0.07519999891519547,0.05829999968409538,0.12394999712705612,0.2721500098705292,0.31310001015663147,0.3357999920845032,0.344650000333786,0.3185499906539917,329,551.5,0.5351563881385193,17,28_515_shc_2024-25.4930,174,420.0,302.02510117424856,14.245,79.845,213.0,0.4607939124107361,0.7041360139846802,0.17,164.0,1454.3333333333333,0.0010931626572249639,0.4655519432197256,0.7108398079872131,353,318,2,0.2855863359239366,302.81620123121473,Madamanuru
902.75,0,0.0649000033736229,0.2678999900817871,0.18610000610351562,0.05180000141263008,0.07940000295639038,0.07360000163316727,0.14020000398159027,0.22460000216960907,0.25220000743865967,0.28139999508857727,0.27709999680519104,0.2775999903678894,329,551.5,0.38928436557529206,21,28_515_shc_2024-25.420,180,245.0,302.1352140214708,14.245,79.855,226.0,0.33491459488868713,0.5853521227836609,0.63,164.0,1454.3333333333333,0.0011376046629391586,0.36456139342484256,0.9520255923271179,353,318,1,0.28649198744032117,302.9417274898953,Madamanuru
905.6666666666666,226,0.05299999937415123,0.20069999992847443,0.10400000214576721,0.061000000685453415,0.08709999918937683,0.0803999975323677,0.12939999997615814,0.2896000146865845,0.35359999537467957,0.3752000033855438,0.39570000767707825,0.3847000002861023,312,547.0,0.5263909887512183,11,28_515_shc_2024-25.8540,183,265.0,302.1352140214708,14.245,79.88,138.0,0.48711851239204407,0.6470588445663452,0.62,164.0,1452.5833333333333,0.0011376046629391586,0.4627459275376772,0.5349147319793701,334,354,1,0.28649198744032117,302.9417274898953,Manubolu
903.9166666666666,46,0.07419999688863754,0.18780000507831573,0.10769999772310257,0.07720000296831131,0.12120000272989273,0.1306000053882599,0.20999999344348907,0.2551000118255615,0.29030001163482666,0.2865999937057495,0.29760000109672546,0.3027999997138977,353,549.5833333333334,0.26153431451647124,8,28_515_shc_2024-25.21571,171,38.7,302.1403301239014,14.245,79.96,226.0,0.1542488932609558,0.37392136454582214,0.92,52.0,1453.5833333333333,0.001215726918641972,0.2551242724677002,0.6552687287330627,311,335,4,0.19530576070149738,302.931636344062,Edagali
903.9166666666666,270,0.07575000077486038,0.3412500023841858,0.2711000144481659,0.08760000020265579,0.1168999969959259,0.12929999828338623,0.20350000262260437,0.2734000086784363,0.3082500100135803,0.30390000343322754,0.32829999923706055,0.3274500072002411,357,549.5833333333334,0.30681100403994865,12,28_515_shc_2024-25.22093,186,193.7,302.1403301239014,14.245,79.965,163.0,0.19787150621414185,0.403047114610672,0.1,25.0,1453.5833333333333,0.001215726918641972,0.28064724308079625,1.122902274131775,313,329,2,0.19530576070149738,302.931636344062,Idimepalle
903.0,61,0.09350000321865082,0.25290000438690186,0.17870000004768372,0.10819999873638153,0.1356000006198883,0.13539999723434448,0.19179999828338623,0.21310000121593475,0.23149999976158142,0.22220000624656677,0.2410999983549118,0.23070000112056732,344,546.25,0.17741805468477628,1,28_515_shc_2024-25.21821,159,148.5,302.1403301239014,14.245,80.035,188.0,0.07342997193336487,0.2427293360233307,0.42,38.0,1449.1666666666667,0.001215726918641972,0.15181904499751026,1.1381638050079346,334,322,8,0.19530576070149738,302.931636344062,Epuru Bit - II (G V R Palem)
905.5,226,0.090549997985363,0.38795000314712524,0.3336000144481659,0.11640000343322754,0.15620000660419464,0.1891999989748001,0.23145000636577606,0.24240000545978546,0.2671999931335449,0.27469998598098755,0.288349986076355,0.29534998536109924,326,556.1666666666666,0.13907864786380325,5,28_515_shc_2024-25.19604,183,83.9,301.5765931447347,14.245,80.055,63.0,0.08544893562793732,0.18430693447589874,0.26,18.6,1461.5833333333333,0.0013079905787510566,0.13305320314447744,1.412268042564392,333,341,1,0.14104910956488714,302.82593972947865,Epuru Bit-I-A
902.75,226,0.0551999993622303,0.2092999964952469,0.13154999911785126,0.06650000065565109,0.09920000284910202,0.10779999941587448,0.1590999960899353,0.27480000257492065,0.3236500024795532,0.35260000824928284,0.35545000433921814,0.3529999852180481,327,551.5,0.40782329134309436,22,28_515_shc_2024-25.5144,183,329.0,302.1352140214708,14.248,79.852,238.0,0.3781512677669525,0.5317115783691406,0.46,129.0,1454.3333333333333,0.0011376046629391586,0.3823407021235016,0.5935904383659363,359,315,1,0.28649198744032117,302.9417274898953,Madamanuru
903.9166666666666,333,0.06755000352859497,0.29429998993873596,0.18400000035762787,0.10010000318288803,0.14110000431537628,0.15060000121593475,0.21119999885559082,0.30105000734329224,0.33605000376701355,0.35679998993873596,0.37610000371932983,0.3430500030517578,357,549.5833333333334,0.34146986447378114,7,28_515_shc_2024-25.22557,183,129.1,302.1403301239014,14.248,79.962,188.0,0.2563380300998688,0.40638548135757446,0.15,8.0,1453.5833333333333,0.001215726918641972,0.30702797875716237,0.8248318433761597,314,329,2,0.19530576070149738,302.931636344062,Edagali
895.4166666666666,57,0.06274999678134918,0.30684998631477356,0.23250000178813934,0.06319999694824219,0.09189999848604202,0.1046999990940094,0.1684499979019165,0.2382500022649765,0.26159998774528503,0.2563000023365021,0.2849999964237213,0.27904999256134033,310,540.75,0.26869904486991536,90,28_515_shc_2024-25.5221,171,51.7,302.2185582054986,14.25,79.59,226.0,0.2068275511264801,0.4199446141719818,0.62,164.0,1436.25,0.0009350543973115559,0.2641115034679727,1.1972297430038452,415,275,3,0.21964331732855902,303.14420687357585,Pulikollu
893.25,64,0.04690000042319298,0.2630999982357025,0.1940000057220459,0.052000001072883606,0.07699999958276749,0.08429999649524689,0.14270000159740448,0.22869999706745148,0.25780001282691956,0.2635999917984009,0.2822999954223633,0.28850001096725464,316,551.25,0.32496012786091105,38,28_515_shc_2024-25.5319,174,12.9,302.23932643466526,14.25,79.74,138.0,0.2975633442401886,0.5153779983520508,0.16,164.0,1444.3333333333333,0.0009948510504044982,0.3171954200588894,0.9981032013893127,403,281,2,0.2541084713406033,302.9942177242703,Kalichedu
898.75,270,0.050450000911951065,0.20960000157356262,0.12999999523162842,0.06650000065565109,0.10580000281333923,0.09849999845027924,0.16144999861717224,0.2981500029563904,0.3675000071525574,0.3880000114440918,0.3987500071525574,0.3988499939441681,357,551.6666666666666,0.48893770230682587,3,28_515_shc_2024-25.22154,186,284.1,301.60536376105415,14.25,79.955,176.0,0.41232141852378845,0.5950668454170227,0.17,19.0,1450.4166666666667,0.0010943102147923552,0.4401926154437808,0.5402061939239502,294,349,2,0.24099536471896701,302.62713873121476,Idimepalle
899.5833333333334,46,0.06965000182390213,0.3483999967575073,0.24449999630451202,0.08420000225305557,0.11680000275373459,0.11760000139474869,0.17890000343322754,0.23954999446868896,0.26750001311302185,0.2529999911785126,0.28824999928474426,0.31610000133514404,354,549.75,0.25506742437273916,6,28_515_shc_2024-25.22185,177,219.5,301.60536376105415,14.25,79.96,151.0,0.17156746983528137,0.36535346508026123,0.2,51.0,1449.4166666666667,0.0010943102147923552,0.23328737239629016,1.3770750761032104,307,339,1,0.24099536471896701,302.62713873121476,Idimepalle
899.5833333333334,284,0.07204999774694443,0.3764500021934509,0.26875001192092896,0.08595000207424164,0.131400004029274,0.19130000472068787,0.22380000352859497,0.26664999127388,0.29315000772476196,0.2847000062465668,0.2976999878883362,0.30480000376701355,358,549.75,0.13060197235905574,7,28_515_shc_2024-25.21483,192,174.3,301.60536376105415,14.25,79.965,201.0,0.11976401507854462,0.19621849060058594,0.2,26.0,1449.4166666666667,0.0010943102147923552,0.14354508269930624,1.322269082069397,319,323,4,0.24099536471896701,302.62713873121476,Idimepalle
899.5833333333334,0,0.05505000054836273,0.18050000071525574,0.09404999762773514,0.07010000199079514,0.10249999910593033,0.08910000324249268,0.164900004863739,0.2782000005245209,0.34369999170303345,0.36000001430511475,0.37310001254081726,0.3917500078678131,336,549.75,0.49475838721605464,6,28_515_shc_2024-25.22111,180,12.9,301.60536376105415,14.25,79.995,238.0,0.3716898560523987,0.6032063961029053,0.15,34.0,1449.4166666666667,0.0010943102147923552,0.4281424603108811,0.5013888478279114,324,340,1,0.24099536471896701,302.62713873121476,Survepalle-III @ Iskapalem
899.3333333333334,226,0.054349999874830246,0.17550000548362732,0.09799999743700027,0.06390000134706497,0.09229999780654907,0.09650000184774399,0.1465499997138977,0.2350499927997589,0.27649998664855957,0.28790000081062317,0.3031499981880188,0.3145500123500824,344,538.6666666666666,0.344827583892583,1,28_515_shc_2024-25.22302,183,109.8,301.60536376105415,14.25,80.03,251.0,0.3253538906574249,0.4979188144207001,0.77,19.0,1438.0833333333333,0.0010943102147923552,0.32462686293684007,0.6095866560935974,327,329,1,0.24099536471896701,302.62713873121476,Epuru Bit - II (G V R Palem)
899.5833333333334,180,0.06684999912977219,0.23544999957084656,0.13574999570846558,0.08534999936819077,0.11540000140666962,0.131400004029274,0.19429999589920044,0.29045000672340393,0.38850000500679016,0.3962000012397766,0.41725000739097595,0.40450000762939453,352,549.75,0.428624600658162,8,28_515_shc_2024-25.21675,180,226.0,301.60536376105415,14.252,79.972,213.0,0.341913640499115,0.5018953680992126,0.31,33.0,1449.4166666666667,0.0010943102147923552,0.38653171835256794,0.5942705869674683,312,336,1,0.24099536471896701,302.62713873121476,Idimepalle
898.75,207,0.057999998331069946,0.29409998655319214,0.18029999732971191,0.0568000003695488,0.08569999784231186,0.0860000029206276,0.14920000731945038,0.265500009059906,0.30489999055862427,0.3131999969482422,0.3305000066757202,0.31709998846054077,352,551.6666666666666,0.4047890395758596,9,28_515_shc_2024-25.22447,183,135.6,301.60536376105415,14.255,79.955,163.0,0.3546712398529053,0.5691382884979248,0.28,155.0,1450.4166666666667,0.0010943102147923552,0.3790035488112997,0.939016580581665,296,352,2,0.24099536471896701,302.62713873121476,Idimepalle
899.5833333333334,64,0.04884999990463257,0.19670000672340393,0.10000000149011612,0.05920000001788139,0.08709999918937683,0.0714000016450882,0.14589999616146088,0.2787500023841858,0.3880000114440918,0.38940000534057617,0.41019999980926514,0.400299996137619,349,549.75,0.5786868543557004,7,28_515_shc_2024-25.22242,174,309.9,301.60536376105415,14.255,79.995,113.0,0.4548851251602173,0.6901041865348816,0.42,41.0,1449.4166666666667,0.0010943102147923552,0.4964612844245629,0.5051361322402954,316,335,2,0.24099536471896701,302.62713873121476,Pudiparthi
899.5833333333334,134,0.04625000059604645,0.16590000689029694,0.08100000023841858,0.061149999499320984,0.08950000256299973,0.06624999642372131,0.1363999992609024,0.2752000093460083,0.34279999136924744,0.3619999885559082,0.3776000142097473,0.36765000224113464,336,549.75,0.5683674426032372,5,28_515_shc_2024-25.21942,177,200.2,301.60536376105415,14.255,80.0,213.0,0.45264846086502075,0.6906012892723083,0.15,79.0,1449.4166666666667,0.0010943102147923552,0.47791542728440306,0.4582873284816742,310,355,1,0.24099536471896701,302.62713873121476,Survepalle-III @ Iskapalem
899.3333333333334,270,0.053300000727176666,0.2202499955892563,0.14104999601840973,0.05420000106096268,0.08299999684095383,0.08115000277757645,0.1352500021457672,0.21744999289512634,0.24459999799728394,0.23810000717639923,0.26385000348091125,0.28450000286102295,347,538.6666666666666,0.2975919653165843,4,28_515_shc_2024-25.21500,186,180.8,301.60536376105415,14.255,80.03,213.0,0.2754787802696228,0.4916209876537323,0.69,164.0,1438.0833333333333,0.0010943102147923552,0.28736649830673794,0.9250314235687256,324,329,2,0.24099536471896701,302.62713873121476,Epuru Bit - II (G V R Palem)
900.1666666666666,46,0.06504999846220016,0.265749990940094,0.1627500057220459,0.07315000146627426,0.10559999942779541,0.10010000318288803,0.16660000383853912,0.32534998655319214,0.3668000102043152,0.34040001034736633,0.3889000117778778,0.3467499911785126,345,547.3333333333334,0.431457049969895,5,28_515_shc_2024-25.19353,174,155.0,301.60536376105415,14.255,80.05,63.0,0.3428007960319519,0.5455164313316345,0.75,96.1,1447.4166666666667,0.0010943102147923552,0.38325359442977014,0.7806991338729858,309,346,3,0.24099536471896701,302.62713873121476,Epuru Bit-I-A
899.3333333333334,90,0.04625000059604645,0.17679999768733978,0.09920000284910202,0.059849999845027924,0.09624999761581421,0.08550000190734863,0.14634999632835388,0.2762500047683716,0.3206999897956848,0.33799999952316284,0.3591499924659729,0.35624998807907104,321,538.6666666666666,0.45020949528658216,3,28_515_shc_2024-25.22269,174,135.6,301.60536376105415,14.258,80.032,100.0,0.39568495750427246,0.596221923828125,0.15,104.0,1438.0833333333333,0.0010943102147923552,0.41012452175098374,0.5230768918991089,319,360,2,0.24099536471896701,302.62713873121476,Epuru Bit - II (G V R Palem)
895.4166666666666,270,0.04309999942779541,0.2574999928474426,0.16979999840259552,0.04560000076889992,0.0706000030040741,0.06679999828338623,0.12960000336170197,0.23399999737739563,0.26820001006126404,0.2754000127315521,0.2957000136375427,0.30000001192092896,354,540.75,0.3908709619426791,79,28_515_shc_2024-25.9479,183,129.0,302.2185582054986,14.262,79.598,113.0,0.36000001430511475,0.6095850467681885,0.66,1.0,1436.25,0.0009350543973115559,0.3715269740915485,0.9350035786628723,384,262,1,0.21964331732855902,303.14420687357585,Sankurathripalle
899.3333333333334,270,0.061799999326467514,0.32739999890327454,0.2273000031709671,0.07419999688863754,0.10220000147819519,0.11940000206232071,0.15919999778270721,0.21850000321865082,0.24120000004768372,0.2574000060558319,0.2680000066757202,0.24729999899864197,348,538.6666666666666,0.24342058831392316,6,28_515_shc_2024-25.22270,183,619.9,301.60536376105415,14.262,80.008,151.0,0.23571772873401642,0.36624205112457275,0.38,16.0,1438.0833333333333,0.0010943102147923552,0.23608577106944173,1.2719502449035645,307,345,1,0.24099536471896701,302.62713873121476,Pudiparthi
900.1666666666666,215,0.04560000076889992,0.24564999341964722,0.1343500018119812,0.048500001430511475,0.08375000208616257,0.050450000911951065,0.13819999992847443,0.3719500005245209,0.41885000467300415,0.39719998836517334,0.4316999912261963,0.4418500065803528,328,547.3333333333334,0.6487856749558919,8,28_515_shc_2024-25.13441,186,77.5,301.92652804056803,14.262,80.058,75.0,0.48375046253204346,0.7746006846427917,0.44,57.7,1447.4166666666667,0.0011784005769918337,0.54885768697849,0.6184541583061218,332,340,3,0.12998890346950956,302.8011296166314,Epuru Bit - I - B
900.1666666666666,180,0.06639999896287918,0.3107999861240387,0.19789999723434448,0.06300000101327896,0.09880000352859497,0.10010000318288803,0.16249999403953552,0.30489999055862427,0.33399999141693115,0.3495999872684479,0.36469998955726624,0.3564999997615814,329,547.3333333333334,0.4221086558399567,7,28_515_shc_2024-25.9863,180,489.0,301.92652804056803,14.26333,80.059105,138.0,0.3653583228588104,0.5548142790794373,0.36,8.0,1447.4166666666667,0.0011784005769918337,0.3940717909773601,0.8890160322189331,341,330,1,0.12998890346950956,302.8011296166314,Narikellapalle
899.3333333333334,90,0.0669500008225441,0.24275000393390656,0.1412000060081482,0.07810000330209732,0.11720000207424164,0.09144999831914902,0.16850000619888306,0.29829999804496765,0.36765000224113464,0.38119998574256897,0.40290001034736633,0.37665000557899475,332,538.6666666666666,0.5389093442126651,6,28_515_shc_2024-25.21731,168,387.4,301.60536376105415,14.265,80.025,201.0,0.38693830370903015,0.613032877445221,0.1,97.0,1438.0833333333333,0.0010943102147923552,0.446846232722039,0.6368048787117004,321,346,4,0.24099536471896701,302.62713873121476,Punjulurupadu
895.4166666666666,333,0.052299998700618744,0.29829999804496765,0.22190000116825104,0.05889999866485596,0.08760000020265579,0.08940000087022781,0.1737000048160553,0.2547000050544739,0.28130000829696655,0.305400013923645,0.30329999327659607,0.30379998683929443,308,540.75,0.38570052597197146,78,28_515_shc_2025-26.8227,183,83.9,302.2185582054986,14.268,79.602,226.0,0.2748904228210449,0.5471124649047852,0.21,145.0,1436.25,0.0009350543973115559,0.36209210351294285,0.9767517447471619,394,298,2,0.21964331732855902,303.14420687357585,Vepinapiakkmambapuram
899.5833333333334,314,0.0685499981045723,0.20274999737739563,0.12269999831914902,0.07509999722242355,0.11620000004768372,0.13619999587535858,0.2009499967098236,0.24365000426769257,0.2766000032424927,0.26759999990463257,0.2632499933242798,0.2770499885082245,340,549.75,0.21589826883062516,11,28_515_shc_2024-25.22116,183,161.4,301.60536376105415,14.268,79.968,213.0,0.14224736392498016,0.3254086375236511,0.11,35.0,1449.4166666666667,0.0010943102147923552,0.21807922877208152,0.7576606869697571,325,336,1,0.24099536471896701,302.62713873121476,Survepalle Bit 閳 II
899.5833333333334,270,0.062199998646974564,0.22750000655651093,0.13760000467300415,0.07339999824762344,0.10239999741315842,0.11420000344514847,0.1720999926328659,0.27129998803138733,0.32339999079704285,0.3368000090122223,0.35370001196861267,0.3450999855995178,330,549.75,0.37818552342611966,6,28_515_shc_2024-25.21891,183,96.9,301.60536376105415,14.268,79.998,188.0,0.32363924384117126,0.49356985092163086,0.34,17.0,1449.4166666666667,0.0010943102147923552,0.35110410512805124,0.6754750609397888,330,339,1,0.24099536471896701,302.62713873121476,Survepalle-III @ Iskapalem
899.3333333333334,270,0.0478999987244606,0.15919999778270721,0.07400000095367432,0.05139999836683273,0.08429999649524689,0.055399999022483826,0.12370000034570694,0.26159998774528503,0.3285999894142151,0.32600000500679016,0.353300005197525,0.3594000041484833,323,538.6666666666666,0.5314635940821413,6,28_515_shc_2024-25.21858,183,232.5,301.60536376105415,14.268,80.008,163.0,0.4498554766178131,0.7094913721084595,0.2,51.0,1438.0833333333333,0.0010943102147923552,0.460517366826536,0.4883435368537903,313,364,1,0.24099536471896701,302.62713873121476,Survepalle-III @ Iskapalem
899.3333333333334,0,0.06615000218153,0.2354000061750412,0.15015000104904175,0.08604999631643295,0.11990000307559967,0.10740000009536743,0.17434999346733093,0.2843500077724457,0.327349990606308,0.3224000036716461,0.3723999857902527,0.38429999351501465,333,538.6666666666666,0.4067578530579325,4,28_515_shc_2024-25.21961,180,148.5,301.60536376105415,14.268,80.022,188.0,0.29803726077079773,0.5002326965332031,0.18,79.0,1438.0833333333333,0.0010943102147923552,0.34684878904907934,0.7301489114761353,318,350,0,0.24099536471896701,302.62713873121476,Punjulurupadu
900.1666666666666,252,0.07315000146627426,0.27285000681877136,0.18449999392032623,0.06745000183582306,0.10209999978542328,0.11509999632835388,0.17720000445842743,0.2678000032901764,0.31744998693466187,0.31299999356269836,0.34290000796318054,0.3289499878883362,332,547.3333333333334,0.3303343451153006,11,28_515_shc_2024-25.13405,189,77.5,301.92652804056803,14.26957,80.058759,113.0,0.27702975273132324,0.4622751772403717,0.8,72.1,1447.4166666666667,0.0011784005769918337,0.3198469982597062,0.8717252612113953,325,343,3,0.12998890346950956,302.8011296166314,Epuru Bit - I - B
895.4166666666666,226,0.04340000078082085,0.24619999527931213,0.13819999992847443,0.04690000042319298,0.07339999824762344,0.05999999865889549,0.12139999866485596,0.2565999925136566,0.29980000853538513,0.3248000144958496,0.3301999866962433,0.3273000121116638,296,540.75,0.4966055571552946,76,28_515_shc_2024-25.5259,183,122.0,302.2185582054986,14.272,79.612,163.0,0.45584940910339355,0.6881496906280518,0.64,17.0,1436.25,0.0009350543973115559,0.44891502921571924,0.758004903793335,418,286,1,0.21964331732855902,303.14420687357585,Vepinapiakkmambapuram
899.5833333333334,0,0.03700000047683716,0.01924999989569187,0.016049999743700027,0.03660000115633011,0.0515500009059906,0.032999999821186066,0.03790000081062317,0.027950000017881393,0.030950000509619713,0.024049999192357063,0.025350000709295273,0.08895000070333481,340,549.75,-0.023613531551122537,9,28_515_shc_2024-25.22421,180,226.0,301.60536376105415,14.272,79.972,188.0,-0.2235674262046814,-0.1568799465894699,0.28,25.0,1449.4166666666667,0.0010943102147923552,-0.02410017227720543,0.8004158139228821,322,338,2,0.24099536471896701,302.62713873121476,Survepalle Bit 閳 II
900.5,161,0.05144999921321869,0.21905000507831573,0.15285000205039978,0.07795000076293945,0.10809999704360962,0.11909999698400497,0.14239999651908875,0.2134999930858612,0.24615000188350677,0.29829999804496765,0.2587999999523163,0.2732999920845032,325,547.5833333333334,0.3136650930223608,13,28_515_shc_2024-25.1221,177,220.0,302.1503181881375,14.275,79.845,138.0,0.353755384683609,0.4293243885040283,0.95,1.0,1448.0,0.0010541067434864716,0.2930019653891049,0.7343278527259827,308,368,3,0.28733155992296006,302.91896273295083,Vadlapudi
900.1666666666666,252,0.05420000106096268,0.21770000457763672,0.1428000032901764,0.06360000371932983,0.09570000320672989,0.10620000213384628,0.13950000703334808,0.21250000596046448,0.2485000044107437,0.2630000114440918,0.2648000121116638,0.29440000653266907,324,547.3333333333334,0.27543565505926726,5,28_515_shc_2024-25.1656,189,90.4,301.60536376105415,14.275,80.045,88.0,0.30683228373527527,0.42470207810401917,0.38,37.1,1447.4166666666667,0.0010943102147923552,0.27059366117264644,0.8277566432952881,324,352,3,0.24099536471896701,302.62713873121476,Epuru Bit - I - B
900.1666666666666,40,0.051100000739097595,0.20810000598430634,0.11590000241994858,0.06109999865293503,0.10010000318288803,0.07524999976158142,0.1468999981880188,0.3122499883174896,0.4143500030040741,0.42800000309944153,0.44725000858306885,0.43140000104904175,321,547.3333333333334,0.6204925249183912,6,28_515_shc_2024-25.16437,168,174.3,301.60536376105415,14.276189,80.046718,125.0,0.4889546036720276,0.7009438872337341,1.44,60.1,1447.4166666666667,0.0010943102147923552,0.527410918014309,0.4862149655818939,327,352,6,0.24099536471896701,302.62713873121476,Epuru Bit - I - B
897.25,46,0.05950000137090683,0.24619999527931213,0.17190000414848328,0.07079999893903732,0.09759999811649323,0.11020000278949738,0.15929999947547913,0.25189998745918274,0.29350000619888306,0.2955999970436096,0.31859999895095825,0.3296999931335449,347,553.3333333333334,0.32508064144251514,20,28_515_shc_2024-25.8595,177,213.0,302.1503181881375,14.278,79.828,213.0,0.29962629079818726,0.4568752944469452,0.46,1.0,1450.6666666666667,0.0010541067434864716,0.3070214080728727,0.832882285118103,328,326,1,0.28733155992296006,302.91896273295083,Akkampeta
898.75,296,0.06064999848604202,0.2204499989748001,0.13330000638961792,0.07000000029802322,0.09444999694824219,0.08205000311136246,0.13955000042915344,0.23960000276565552,0.2833000123500824,0.3046000003814697,0.3098999857902527,0.3347499966621399,338,551.6666666666666,0.43743610804309435,16,28_515_shc_2024-25.21861,186,148.5,302.1422181447347,14.278,79.928,176.0,0.371608704328537,0.575585126876831,0.44,52.0,1450.4166666666667,0.0010850711740632826,0.3765014318954544,0.723736047744751,319,343,2,0.24050559997558593,302.98058382670087,Survepalle Bit 閳 II
899.3333333333334,64,0.04794999957084656,0.1704999953508377,0.07814999669790268,0.058400001376867294,0.08739999681711197,0.06700000166893005,0.14380000531673431,0.2761000096797943,0.3343000113964081,0.3578000068664551,0.3711499869823456,0.361299991607666,329,538.6666666666666,0.5500075725445007,5,28_515_shc_2024-25.21512,174,250.2,301.60536376105415,14.278,80.008,176.0,0.4266347587108612,0.6845574378967285,0.31,157.0,1438.0833333333333,0.0010943102147923552,0.47166955425000673,0.47652316093444824,319,352,2,0.24099536471896701,302.62713873121476,Survepalle-III @ Iskapalem
900.1666666666666,314,0.06499999761581421,0.24050000309944153,0.16089999675750732,0.0763000026345253,0.10419999808073044,0.11659999936819077,0.16419999301433563,0.24400000274181366,0.28949999809265137,0.31520000100135803,0.31360000371932983,0.3310999870300293,336,547.3333333333334,0.3441821856044425,4,28_515_shc_2024-25.1704,186,489.0,301.92652804056803,14.279045,80.080335,188.0,0.31497707962989807,0.45993515849113464,0.46,25.0,1447.4166666666667,0.0011784005769918337,0.31970380160077777,0.763007640838623,330,334,3,0.12998890346950956,302.8011296166314,Muthukur
897.25,314,0.047600001096725464,0.2443999946117401,0.1932000070810318,0.06159999966621399,0.08299999684095383,0.10400000214576721,0.1256999969482422,0.17090000212192535,0.19300000369548798,0.1785999983549118,0.218299999833107,0.20980000495910645,330,535.6666666666666,0.1391168048727308,91,28_515_shc_2024-25.5443,183,155.0,302.2185582054986,14.282,79.568,75.0,0.17384161055088043,0.2639773488044739,1.01,80.0,1432.75,0.0009350543973115559,0.14298491469732602,1.3684210777282715,382,287,1,0.21964331732855902,303.14420687357585,Vepinapiakkmambapuram
897.25,161,0.06404999643564224,0.3165999948978424,0.2284500002861023,0.0851999968290329,0.1185000017285347,0.12449999898672104,0.2070000022649765,0.29600000381469727,0.3477500081062317,0.3617999851703644,0.38370001316070557,0.3721500039100647,333,553.3333333333334,0.40362631943088356,30,28_515_shc_2024-25.9737,177,394.0,302.1503181881375,14.282,79.812,138.0,0.2721518874168396,0.48797038197517395,1.7,62.0,1450.6666666666667,0.0010541067434864716,0.3608942360266466,0.8750691413879395,325,342,3,0.28733155992296006,302.91896273295083,Vadlapudi
897.25,134,0.060750000178813934,0.2648000121116638,0.17865000665187836,0.08044999837875366,0.1151999980211258,0.12999999523162842,0.19419999420642853,0.2787500023841858,0.3269999921321869,0.35760000348091125,0.36660000681877136,0.3606500029563904,334,553.3333333333334,0.37087130338340013,18,28_515_shc_2024-25.8765,177,226.0,302.1503181881375,14.282,79.828,176.0,0.2961218059062958,0.4667760729789734,0.64,19.0,1450.6666666666667,0.0010541067434864716,0.3456865257381348,0.7404922246932983,323,343,1,0.28733155992296006,302.91896273295083,Akkampeta
899.5833333333334,116,0.0649000033736229,0.2402999997138977,0.15320000052452087,0.0828000009059906,0.12060000002384186,0.14659999310970306,0.21060000360012054,0.2806999981403351,0.33379998803138733,0.34599998593330383,0.3634999990463257,0.37619999051094055,350,549.75,0.3106693265509738,15,28_515_shc_2024-25.21560,168,129.1,301.60536376105415,14.282,79.968,226.0,0.2432626336812973,0.4047909080982208,0.41,138.0,1449.4166666666667,0.0010943102147923552,0.3013298363392791,0.6945086717605591,326,325,4,0.24099536471896701,302.62713873121476,Survepalle Bit 閳 II
899.3333333333334,46,0.05009999871253967,0.19169999659061432,0.10520000010728836,0.06340000033378601,0.10119999945163727,0.08799999952316284,0.1590999960899353,0.2921000123023987,0.37220001220703125,0.3912000060081482,0.4050999879837036,0.384799987077713,319,538.6666666666666,0.5250398392148503,6,28_515_shc_2024-25.22052,177,77.5,301.60536376105415,14.282,80.038,188.0,0.4217699468135834,0.6327211856842041,0.72,105.0,1438.0833333333333,0.0010943102147923552,0.4644607916241839,0.4900306463241577,333,347,1,0.24099536471896701,302.62713873121476,Survepalle-IV @ N.G.Palem
893.25,38,0.04820000007748604,0.21040000021457672,0.11869999766349792,0.03849999979138374,0.05939999967813492,0.04960000142455101,0.1120000034570694,0.23229999840259552,0.2703999876976013,0.2680000066757202,0.2973000109195709,0.2680000066757202,311,551.25,0.42761483803835654,34,28_515_shc_2024-25.3876,171,19.4,302.23932643466526,14.285,79.735,151.0,0.410526305437088,0.6876574158668518,0.16,164.0,1444.3333333333333,0.0009948510504044982,0.4006849371711071,0.7850745916366577,370,320,5,0.2541084713406033,302.9942177242703,Devaravemur
899.5833333333334,333,0.05270000174641609,0.3190999925136566,0.2337999939918518,0.05700000002980232,0.08299999684095383,0.08940000087022781,0.15889999270439148,0.22139999270439148,0.24650000035762787,0.23739999532699585,0.27459999918937683,0.28209999203681946,346,549.75,0.27482729410431833,17,28_515_shc_2024-25.21883,183,6.5,301.60536376105415,14.285,79.975,213.0,0.19808226823806763,0.45287635922431946,0.21,97.0,1449.4166666666667,0.0010943102147923552,0.26850507100413257,1.3441449403762817,330,324,2,0.24099536471896701,302.62713873121476,Kantepalle
899.3333333333334,46,0.0507499985396862,0.18424999713897705,0.09305000305175781,0.05674999952316284,0.08545000106096268,0.06504999846220016,0.1412999927997589,0.273499995470047,0.36924999952316284,0.38960000872612,0.4047499895095825,0.3882499933242798,332,538.6666666666666,0.5991213186517821,5,28_515_shc_2024-25.21993,177,200.2,301.60536376105415,14.285,80.025,125.0,0.4676963984966278,0.7138458490371704,0.33,84.0,1438.0833333333333,0.0010943102147923552,0.5099513033364966,0.4729209244251251,326,342,1,0.24099536471896701,302.62713873121476,Survepalle-IV @ N.G.Palem
905.1666666666666,314,0.06289999932050705,0.28380000591278076,0.1973000019788742,0.08910000324249268,0.11940000206232071,0.15860000252723694,0.19300000369548798,0.22769999504089355,0.28049999475479126,0.2865999937057495,0.3003999888896942,0.2896000146865845,326,558.5833333333334,0.20382813535165395,3,28_515_shc_2025-26.8780,186,135.6,301.92652804056803,14.285,80.085,163.0,0.1951626092195511,0.2875111997127533,0.74,52.4,1463.75,0.0011784005769918337,0.20313159916733847,0.9902303218841553,310,363,3,0.12998890346950956,302.8011296166314,Muthukur
905.1666666666666,35,0.06729999929666519,0.24570000171661377,0.17419999837875366,0.07859999686479568,0.09960000216960907,0.10840000212192535,0.12479999661445618,0.20149999856948853,0.22750000655651093,0.23919999599456787,0.24889999628067017,0.23929999768733978,324,558.5833333333334,0.2515190958946176,5,28_515_shc_2024-25.16580,174,109.0,301.92652804056803,14.286568,80.097605,88.0,0.3142857253551483,0.3762945830821991,1.03,35.0,1463.75,0.0011784005769918337,0.23147710151598921,1.0271739959716797,317,359,3,0.12998890346950956,302.8011296166314,Muthukur
900.1666666666666,314,0.07530000060796738,0.37940001487731934,0.2937000095844269,0.10000000149011612,0.13660000264644623,0.17479999363422394,0.22130000591278076,0.2815000116825104,0.31310001015663147,0.3319999873638153,0.3522000014781952,0.35030001401901245,342,547.3333333333334,0.24098601868207573,7,28_515_shc_2024-25.13475,186,264.0,301.92652804056803,14.288,80.078,200.0,0.2000722587108612,0.31018152832984924,0.48,43.0,1447.4166666666667,0.0011784005769918337,0.2342073848279565,1.1427711248397827,318,339,3,0.12998890346950956,302.8011296166314,Narikellapalle
905.1666666666666,90,0.04075000062584877,0.030249999836087227,0.021849999204277992,0.03824999928474426,0.050450000911951065,0.03720000013709068,0.045899998396635056,0.03180000185966492,0.034699998795986176,0.03220000118017197,0.026850000023841858,0.1307000070810318,331,558.5833333333334,-0.012906220590294452,6,28_515_shc_2024-25.16418,177,258.0,301.92652804056803,14.288,80.088,38.0,-0.17541609704494476,-0.07204609364271164,0.05,8.0,1463.75,0.0011784005769918337,-0.013171756968787165,0.9394409656524658,301,369,1,0.12998890346950956,302.8011296166314,Muthukur
905.1666666666666,180,0.0794999971985817,0.26159998774528503,0.24480000138282776,0.08079999685287476,0.09369999915361404,0.1080000028014183,0.1420000046491623,0.17069999873638153,0.18469999730587006,0.15360000729560852,0.2020999938249588,0.20100000500679016,323,558.5833333333334,0.09534962084859319,12,28_515_shc_2024-25.13746,180,374.0,301.92652804056803,14.289284,80.095578,163.0,0.039242226630449295,0.17431193590164185,0.67,6.0,1463.75,0.0011784005769918337,0.08981093203054351,1.7031248807907104,316,361,2,0.12998890346950956,302.8011296166314,Muthukur
900.1666666666666,64,0.05429999902844429,0.23010000586509705,0.16095000505447388,0.07580000162124634,0.10074999928474426,0.12020000070333481,0.1660500019788742,0.2252500057220459,0.26194998621940613,0.2669000029563904,0.28119999170303345,0.31060001254081726,313,547.3333333333334,0.25834742668355226,7,28_515_shc_2024-25.13367,174,470.0,301.92652804056803,14.289395,80.060751,125.0,0.232936829328537,0.3789718449115753,0.1,17.0,1447.4166666666667,0.0011784005769918337,0.2480554644028503,0.8621206283569336,331,356,2,0.12998890346950956,302.8011296166314,Narikellapalle
894.0,180,0.04755000025033951,0.1699499934911728,0.08134999871253967,0.053449999541044235,0.08500000089406967,0.06400000303983688,0.12925000488758087,0.2671000063419342,0.3393999934196472,0.34779998660087585,0.3767000138759613,0.37560001015663147,347,550.25,0.5330878558051948,18,28_515_shc_2024-25.21580,180,96.9,302.1503181881375,14.292,79.828,138.0,0.45812803506851196,0.6891694664955139,0.34,68.0,1444.3333333333333,0.0010541067434864716,0.4668786797303014,0.4886429011821747,300,353,1,0.28733155992296006,302.91896273295083,Kuricherlapadu
894.0,90,0.05400000140070915,0.17509999871253967,0.09319999814033508,0.05939999967813492,0.08380000293254852,0.07010000199079514,0.131400004029274,0.25270000100135803,0.32350000739097595,0.3199999928474426,0.34689998626708984,0.35920000076293945,325,550.25,0.482395161505198,18,28_515_shc_2024-25.22195,177,96.9,302.1503181881375,14.292,79.832,201.0,0.41781124472618103,0.6406049728393555,0.68,49.0,1444.3333333333333,0.0010541067434864716,0.42113244406106815,0.5471875071525574,310,365,1,0.28733155992296006,302.91896273295083,Kuricherlapadu
896.4166666666666,314,0.04839999973773956,0.23659999668598175,0.16920000314712524,0.05249999836087227,0.07599999755620956,0.08219999819993973,0.1273999959230423,0.18719999492168427,0.20759999752044678,0.2134000062942505,0.22579999268054962,0.2784000039100647,329,548.9166666666666,0.24983815233286405,24,28_515_shc_2024-25.22024,186,116.2,302.1503181881375,14.292,79.842,251.0,0.2523474395275116,0.4438430368900299,0.08,58.0,1445.3333333333333,0.0010541067434864716,0.2473604965180757,1.1087160110473633,313,358,3,0.28733155992296006,302.91896273295083,Kuricherlapadu
895.0833333333334,0,0.05350000038743019,0.227400004863739,0.12939999997615814,0.044349998235702515,0.06790000200271606,0.050999999046325684,0.1111999973654747,0.2520500123500824,0.2847999930381775,0.3012999892234802,0.3106499910354614,0.29159998893737793,352,533.0,0.49090942949878263,19,28_515_shc_2024-25.22705,180,129.1,301.60536376105415,14.292,79.978,163.0,0.46084848046302795,0.7104740142822266,0.27,37.0,1428.0833333333333,0.0010943102147923552,0.44051389233021854,0.7547295689582825,330,319,0,0.24099536471896701,302.62713873121476,Survepalle Bit 閳 II
902.8333333333334,341,0.07819999754428864,0.30309998989105225,0.22190000116825104,0.09520000219345093,0.12620000541210175,0.16099999845027924,0.211899995803833,0.26660001277923584,0.3098999857902527,0.31520000100135803,0.34119999408721924,0.3228999972343445,313,548.0833333333334,0.24598009983740124,4,28_515_shc_2024-25.16603,183,187.0,301.92652804056803,14.292,80.098,188.0,0.19597800076007843,0.3238135278224945,1.22,43.0,1450.9166666666667,0.0011784005769918337,0.23693915586616143,0.9616116285324097,326,361,3,0.12998890346950956,302.8011296166314,Muthukur
896.4166666666666,90,0.07209999859333038,0.3212999999523163,0.2175000011920929,0.09690000116825104,0.1316000074148178,0.13940000534057617,0.18539999425411224,0.26649999618530273,0.3019999861717224,0.31360000371932983,0.3345000147819519,0.3303000032901764,320,548.9166666666666,0.3059898033970721,28,28_515_shc_2024-25.22135,174,200.2,302.1503181881375,14.295,79.835,88.0,0.25691384077072144,0.3845474421977997,0.54,17.0,1445.3333333333333,0.0010541067434864716,0.27418677343549225,1.0245535373687744,306,374,2,0.28733155992296006,302.91896273295083,Kuricherlapadu
900.4166666666666,207,0.04769999906420708,0.17949999868869781,0.09075000137090683,0.05855000019073486,0.08585000038146973,0.06639999896287918,0.13339999318122864,0.2715499997138977,0.34244999289512634,0.3490000069141388,0.369049996137619,0.3610000014305115,318,537.1666666666666,0.540024093005889,7,28_515_shc_2024-25.16287,183,419.0,301.92652804056803,14.295,80.055,151.0,0.4469320476055145,0.6803081631660461,0.31,134.0,1437.6666666666667,0.0011784005769918337,0.4630762608754445,0.5143266320228577,331,351,2,0.12998890346950956,302.8011296166314,Narikellapalle
902.8333333333334,46,0.07639999687671661,0.3409999907016754,0.26820001006126404,0.10159999877214432,0.13580000400543213,0.1565999984741211,0.20029999315738678,0.25220000743865967,0.28859999775886536,0.28540000319480896,0.3158000111579895,0.30799999833106995,331,548.0833333333334,0.22009570135799666,3,28_515_shc_2024-25.3106,177,122.0,301.92652804056803,14.295,80.105,100.0,0.17521105706691742,0.2914027273654938,1.38,1.0,1450.9166666666667,0.0011784005769918337,0.20509554855492745,1.1948142051696777,328,341,1,0.12998890346950956,302.8011296166314,Muthukur
894.0,0,0.04839999973773956,0.21449999511241913,0.12880000472068787,0.061400000005960464,0.09130000323057175,0.09189999848604202,0.16054999828338623,0.2874999940395355,0.3416000008583069,0.362199991941452,0.3808499872684479,0.37459999322891235,345,550.25,0.465040252997847,21,28_515_shc_2024-25.22216,180,90.4,302.1503181881375,14.298,79.828,226.0,0.3857484459877014,0.5952433347702026,0.15,85.0,1444.3333333333333,0.0010541067434864716,0.42495544937742746,0.5922142267227173,304,351,1,0.28733155992296006,302.91896273295083,Kuricherlapadu
900.4166666666666,180,0.0669500008225441,0.19975000619888306,0.11800000071525574,0.07005000114440918,0.09920000284910202,0.08619999885559082,0.16539999842643738,0.2639000117778778,0.3314000070095062,0.3336000144481659,0.34619998931884766,0.3418999910354614,327,537.1666666666666,0.4666428047220433,9,28_515_shc_2024-25.20079,180,245.0,301.92652804056803,14.302,80.078,113.0,0.3370741605758667,0.5893282890319824,0.46,45.0,1437.6666666666667,0.0011784005769918337,0.4034572929129865,0.5987709760665894,329,344,1,0.12998890346950956,302.8011296166314,Mollur
902.8333333333334,134,0.06939999759197235,0.2646999955177307,0.17309999465942383,0.07199999690055847,0.10999999940395355,0.09560000151395798,0.17470000684261322,0.2816999852657318,0.3474000096321106,0.3628000020980835,0.3774999976158142,0.34769999980926514,312,548.0833333333334,0.4783729482892157,4,28_515_shc_2024-25.16509,177,83.9,301.92652804056803,14.305,80.085,238.0,0.34995347261428833,0.5828970074653625,0.72,52.4,1450.9166666666667,0.0011784005769918337,0.41819699432976143,0.7296030521392822,322,366,1,0.12998890346950956,302.8011296166314,Mollur
897.8333333333334,0,0.066600002348423,0.23010000586509705,0.14139999449253082,0.07819999754428864,0.10440000146627426,0.1103999987244606,0.16110000014305115,0.30250000953674316,0.349700003862381,0.36640000343322754,0.4009999930858612,0.37929999828338623,316,549.1666666666666,0.44373570371755866,15,28_515_shc_2024-25.21849,180,103.3,302.1422181447347,14.308,79.888,163.0,0.3891943097114563,0.536912739276886,0.46,63.0,1446.8333333333333,0.0010850711740632826,0.393120399482923,0.6280021667480469,341,343,2,0.24050559997558593,302.98058382670087,Kanupur Bit-II @ Chowtapalem
897.8333333333334,0,0.066600002348423,0.23010000586509705,0.14139999449253082,0.07819999754428864,0.10440000146627426,0.1103999987244606,0.16110000014305115,0.30250000953674316,0.349700003862381,0.36640000343322754,0.4009999930858612,0.37929999828338623,316,549.1666666666666,0.44373570371755866,15,28_515_shc_2024-25.21857,180,19.4,302.1422181447347,14.308,79.888,88.0,0.3891943097114563,0.536912739276886,0.54,36.0,1446.8333333333333,0.0010850711740632826,0.393120399482923,0.6280021667480469,341,343,2,0.24050559997558593,302.98058382670087,Kanupur Bit-II @ Chowtapalem
900.4166666666666,226,0.06700000166893005,0.2619999945163727,0.19179999828338623,0.06560000032186508,0.08550000190734863,0.0820000022649765,0.1429000049829483,0.24140000343322754,0.2741999924182892,0.2669999897480011,0.29420000314712524,0.28529998660087585,315,537.1666666666666,0.36503549200498453,10,28_515_shc_2024-25.16563,186,116.0,301.92652804056803,14.308,80.062,138.0,0.30275672674179077,0.5300859212875366,1.62,11.0,1437.6666666666667,0.0011784005769918337,0.32685510463502465,0.9812734127044678,341,344,3,0.12998890346950956,302.8011296166314,Valluru
892.4166666666666,226,0.06030000001192093,0.2696000039577484,0.1988999992609024,0.07919999957084656,0.10400000214576721,0.12219999730587006,0.16439999639987946,0.22619999945163727,0.249099999666214,0.2563999891281128,0.27869999408721924,0.2786000072956085,325,549.75,0.24039838440915695,37,28_515_shc_2024-25.9405,186,90.4,302.23932643466526,14.312,79.708,238.0,0.21863116323947906,0.3544638156890869,0.51,40.4,1442.0,0.0009948510504044982,0.22911448991752242,1.051482081413269,393,282,3,0.2541084713406033,302.9942177242703,Degapudi
900.4166666666666,90,0.08415000140666962,0.29760000109672546,0.23774999380111694,0.08250000327825546,0.11020000278949738,0.1257999986410141,0.15805000066757202,0.22100000083446503,0.24275000393390656,0.24809999763965607,0.2644999921321869,0.27505001425743103,328,537.1666666666666,0.22089369306089165,11,28_515_shc_2024-25.9911,177,122.0,301.92652804056803,14.312,80.078,75.0,0.22171610593795776,0.3270927965641022,0.87,129.0,1437.6666666666667,0.0011784005769918337,0.20992104277231782,1.1995162963867188,333,339,1,0.12998890346950956,302.8011296166314,Mollur
900.4166666666666,270,0.04794999957084656,0.20424999296665192,0.11174999922513962,0.05999999865889549,0.0945499986410141,0.07500000298023224,0.14364999532699585,0.2720000147819519,0.3409999907016754,0.3734000027179718,0.36605000495910645,0.3236500024795532,327,537.1666666666666,0.543177503052136,8,28_515_shc_2024-25.13218,183,225.0,301.92652804056803,14.312,80.082,226.0,0.4443477690219879,0.6654772162437439,0.25,22.0,1437.6666666666667,0.0011784005769918337,0.47195275929705427,0.547000527381897,331,342,1,0.12998890346950956,302.8011296166314,Mollur
894.25,116,0.05974999815225601,0.24764999747276306,0.15094999969005585,0.06750000268220901,0.10090000182390213,0.10939999669790268,0.16590000689029694,0.26429998874664307,0.31360000371932983,0.3075000047683716,0.3493500053882599,0.3819499909877777,339,528.6666666666666,0.3397592234914908,7,28_515_shc_2024-25.16494,174,393.0,301.60536376105415,14.313471,80.025349,25.0,0.29911279678344727,0.4751739203929901,1.0,17.0,1422.9166666666667,0.0010943102147923552,0.32408115566638834,0.8053658604621887,329,332,2,0.24099536471896701,302.62713873121476,Survepalle Bit - V
894.25,180,0.049150001257658005,0.19290000200271606,0.10045000165700912,0.06120000034570694,0.10320000350475311,0.0929500013589859,0.1446000039577484,0.2856999933719635,0.375900000333786,0.3799999952316284,0.40345001220703125,0.3950999975204468,334,528.6666666666666,0.485308030227147,9,28_515_shc_2024-25.3079,180,580.0,301.60536376105415,14.315922,80.029364,163.0,0.44872280955314636,0.6069352030754089,0.94,35.0,1422.9166666666667,0.0010943102147923552,0.44254585777046435,0.5076315999031067,332,334,3,0.24099536471896701,302.62713873121476,Survepalle Bit - V
890.0,27,0.045099999755620956,0.17274999618530273,0.08649999648332596,0.049400001764297485,0.07580000162124634,0.05469999834895134,0.11410000175237656,0.25940001010894775,0.32635000348091125,0.34200000762939453,0.35795000195503235,0.32350000739097595,332,552.0,0.5526275538754173,32,28_515_shc_2024-25.8563,177,71.0,302.23932643466526,14.318,79.718,151.0,0.4996711313724518,0.724224865436554,0.62,164.0,1441.9166666666667,0.0009948510504044982,0.48059552921545495,0.5051169395446777,406,262,2,0.2541084713406033,302.9942177242703,Degapudi
902.8333333333334,46,0.07769999653100967,0.2867000102996826,0.22120000422000885,0.09109999984502792,0.13120000064373016,0.15119999647140503,0.18619999289512634,0.24639999866485596,0.26100000739097595,0.29100000858306885,0.29179999232292175,0.31520000100135803,317,548.0833333333334,0.23070070491778233,11,28_515_shc_2024-25.16461,174,83.9,301.92652804056803,14.318,80.098,113.0,0.2196144461631775,0.3161465525627136,0.48,26.2,1450.9166666666667,0.0011784005769918337,0.22256422950812,0.9852233529090881,325,358,3,0.12998890346950956,302.8011296166314,Mamidipudi
890.0,0,0.04645000025629997,0.18230000138282776,0.09889999777078629,0.05700000002980232,0.08179999887943268,0.07280000299215317,0.1306000053882599,0.2519499957561493,0.31439998745918274,0.32359999418258667,0.3465999960899353,0.34345000982284546,343,552.0,0.47040286020905575,33,28_515_shc_2024-25.9262,180,83.9,302.23932643466526,14.322,79.718,100.0,0.424922913312912,0.6326942443847656,0.88,31.7,1441.9166666666667,0.0009948510504044982,0.4196787014405977,0.5633498430252075,398,259,0,0.2541084713406033,302.9942177242703,Degapudi
902.8333333333334,90,0.05139999836683273,0.23399999737739563,0.12389999628067017,0.06419999897480011,0.09870000183582306,0.0722000002861023,0.15399999916553497,0.2964000105857849,0.39089998602867126,0.40119999647140503,0.4180999994277954,0.41609999537467957,316,548.0833333333334,0.6079532758447073,6,28_515_shc_2024-25.16496,174,83.9,301.92652804056803,14.322,80.092,125.0,0.4452449679374695,0.6949725151062012,0.48,45.9,1450.9166666666667,0.0011784005769918337,0.506985818699252,0.5832502245903015,301,383,2,0.12998890346950956,302.8011296166314,Mamidipudi
897.8333333333334,90,0.04969999939203262,0.1843000054359436,0.09960000216960907,0.061400000005960464,0.09189999848604202,0.09319999814033508,0.1436000019311905,0.2418999969959259,0.3174000084400177,0.3431999981403351,0.34389999508857727,0.3596999943256378,328,549.1666666666666,0.43345586078227033,22,28_515_shc_2024-25.21613,177,122.7,302.1422181447347,14.325,79.875,226.0,0.41002464294433594,0.5728689432144165,0.78,37.0,1446.8333333333333,0.0010850711740632826,0.4004698862553178,0.5370047092437744,330,342,1,0.24050559997558593,302.98058382670087,Kasumuru
900.5,270,0.057999998331069946,0.32330000400543213,0.22709999978542328,0.06080000102519989,0.09629999846220016,0.1136000007390976,0.18289999663829803,0.2361000031232834,0.2705000042915344,0.2207999974489212,0.2782999873161316,0.2913999855518341,354,540.5833333333334,0.18528760567633074,17,28_515_shc_2024-25.21818,183,213.1,301.60536376105415,14.325,79.955,163.0,0.09388159960508347,0.32057416439056396,0.41,57.0,1440.8333333333333,0.0010943102147923552,0.19271332144526407,1.4642210006713867,312,335,1,0.24099536471896701,302.62713873121476,Survepalle Bit-I
900.5,0,0.043800000101327896,0.19939999282360077,0.13404999673366547,0.066600002348423,0.0940999984741211,0.11050000041723251,0.1311500072479248,0.16545000672340393,0.19214999675750732,0.19529999792575836,0.20630000531673431,0.0851999968290329,352,540.5833333333334,0.15602001505178506,18,28_515_shc_2024-25.22085,180,32.3,302.1422181447347,14.328,79.922,213.0,0.19650785624980927,0.2773054242134094,0.96,9.0,1440.8333333333333,0.0010850711740632826,0.15785554296892138,1.0209933519363403,309,340,1,0.24050559997558593,302.98058382670087,Kanupuru Bit - I
900.4166666666666,244,0.05820000171661377,0.17515000700950623,0.09004999697208405,0.0653500035405159,0.08664999902248383,0.06504999846220016,0.13230000436306,0.27024999260902405,0.3258500099182129,0.335999995470047,0.3578999936580658,0.36649999022483826,331,537.1666666666666,0.5479604543112775,10,28_515_shc_2025-26.10637,186,309.9,301.92652804056803,14.328,80.058,138.0,0.43497756123542786,0.6756015419960022,0.82,69.9,1437.6666666666667,0.0011784005769918337,0.4510570981062907,0.5212798118591309,321,348,2,0.12998890346950956,302.8011296166314,Valluru
900.4166666666666,27,0.07795000076293945,0.2891499996185303,0.2125999927520752,0.13109999895095825,0.1639000028371811,0.1899999976158142,0.18880000710487366,0.2797499895095825,0.3151499927043915,0.3353999853134155,0.3391999900341034,0.305400013923645,328,537.1666666666666,0.2436081991689543,9,28_515_shc_2024-25.13795,177,77.5,301.92652804056803,14.328,80.078,113.0,0.27966421842575073,0.27674150466918945,0.39,57.9,1437.6666666666667,0.0011784005769918337,0.21269746945320034,0.8621050119400024,319,353,2,0.12998890346950956,302.8011296166314,Mamidipudi
900.4166666666666,64,0.05270000174641609,0.2434999942779541,0.14419999718666077,0.06319999694824219,0.09239999949932098,0.07720000296831131,0.13910000026226044,0.29600000381469727,0.3384000062942505,0.33640000224113464,0.36039999127388,0.36230000853538513,324,537.1666666666666,0.48883522721173167,6,28_515_shc_2024-25.19374,174,129.1,301.92652804056803,14.328,80.082,75.0,0.41493165493011475,0.6266924738883972,0.73,65.5,1437.6666666666667,0.0011784005769918337,0.4255691732621009,0.7238406538963318,298,378,2,0.12998890346950956,302.8011296166314,Mamidipudi
891.75,270,0.05714999884366989,0.36809998750686646,0.28984999656677246,0.06859999895095825,0.09610000252723694,0.14380000531673431,0.1813499927520752,0.2244500070810318,0.24824999272823334,0.257999986410141,0.2771500051021576,0.27684998512268066,319,551.3333333333334,0.17773762564940368,41,28_515_shc_2024-25.9252,189,174.0,302.1503181881375,14.332,79.788,163.0,0.17446227371692657,0.28422096371650696,0.66,1.0,1443.0833333333333,0.0010541067434864716,0.1899533967749148,1.4267442226409912,361,320,3,0.28733155992296006,302.91896273295083,Vadlapudi
902.8333333333334,134,0.06605000048875809,0.20694999396800995,0.1285499930381775,0.07564999908208847,0.11640000343322754,0.09749999642372131,0.16410000622272491,0.2865000069141388,0.3334999978542328,0.3418000042438507,0.3704499900341034,0.3790999948978424,329,548.0833333333334,0.4492708492127627,6,28_515_shc_2024-25.16299,177,116.2,301.92652804056803,14.332,80.088,151.0,0.3512551784515381,0.5561119914054871,0.24,55.7,1450.9166666666667,0.0011784005769918337,0.39013096078968756,0.6054710149765015,296,375,1,0.12998890346950956,302.8011296166314,Mamidipudi
903.5,90,0.07050000131130219,0.2061000019311905,0.1200999990105629,0.08540000021457672,0.11299999803304672,0.12880000472068787,0.15209999680519104,0.2734000086784363,0.32420000433921814,0.3179999887943268,0.350600004196167,0.3407999873161316,310,548.8333333333334,0.3261393884892502,4,28_515_shc_2025-26.11224,174,83.9,301.92652804056803,14.335,80.125,163.0,0.3529036343097687,0.4234556555747986,0.2,62.2,1452.1666666666667,0.0011784005769918337,0.2997464913966096,0.6481132507324219,329,362,2,0.12998890346950956,302.8011296166314,Nelaturu
886.8333333333334,90,0.06469999998807907,0.30630001425743103,0.22089999914169312,0.08940000087022781,0.11219999939203262,0.1306000053882599,0.18150000274181366,0.2736999988555908,0.3109000027179718,0.323199987411499,0.35120001435279846,0.3386000096797943,325,554.1666666666666,0.33523633685731924,36,28_515_shc_2024-25.9692,177,129.1,302.23932643466526,14.338,79.712,238.0,0.28076082468032837,0.4244160056114197,0.45,157.2,1440.8333333333333,0.0009948510504044982,0.3028936624195493,0.9477104544639587,403,273,1,0.2541084713406033,302.9942177242703,Prabagiripatnam
889.5,134,0.045899998396635056,0.19850000739097595,0.13410000503063202,0.057500001043081284,0.07720000296831131,0.07440000027418137,0.12430000305175781,0.22290000319480896,0.26840001344680786,0.2741999924182892,0.2890999913215637,0.35670000314712524,317,546.3333333333334,0.38740449504855284,39,28_515_shc_2024-25.8580,177,51.7,302.1503181881375,14.338,79.772,238.0,0.376160591840744,0.5731497406959534,0.62,54.6,1435.8333333333333,0.0010541067434864716,0.3531699160935203,0.7239242196083069,359,325,1,0.28733155992296006,302.91896273295083,Biradavolu
896.0833333333334,226,0.052299998700618744,0.1863500028848648,0.10565000027418137,0.058400001376867294,0.08534999936819077,0.07460000365972519,0.12189999967813492,0.21770000457763672,0.2608500123023987,0.28290000557899475,0.2827500104904175,0.2939999997615814,340,547.3333333333334,0.40290135231249724,28,28_515_shc_2024-25.21862,183,90.4,302.1422181447347,14.338,79.872,88.0,0.39772728085517883,0.5826573371887207,0.78,25.0,1443.5833333333333,0.0010850711740632826,0.3643731772741255,0.6587133407592773,319,342,1,0.24050559997558593,302.98058382670087,Kasumuru
897.9166666666666,288,0.06554999947547913,0.3259499967098236,0.2479500025510788,0.09354999661445618,0.13199999928474426,0.1589999943971634,0.1923999935388565,0.2454500049352646,0.2641499936580658,0.2766999900341034,0.29214999079704285,0.2814500033855438,350,543.25,0.19243659898502632,21,28_515_shc_2024-25.21722,189,77.0,302.1422181447347,14.338,79.928,176.0,0.17970581352710724,0.27013999223709106,0.31,91.0,1441.25,0.0010850711740632826,0.18868226610340266,1.1779906749725342,332,318,3,0.24050559997558593,302.98058382670087,Kanupuru Bit - I
896.0833333333334,90,0.06499999761581421,0.25760000944137573,0.16805000603199005,0.06159999966621399,0.08955000340938568,0.08100000023841858,0.15790000557899475,0.27265000343322754,0.3257000148296356,0.326200008392334,0.3506999909877777,0.33294999599456787,331,547.3333333333334,0.4540068247582515,34,28_515_shc_2024-25.22180,177,155.0,302.1422181447347,14.342,79.858,88.0,0.34765544533729553,0.6021611094474792,0.14,10.0,1443.5833333333333,0.0010850711740632826,0.40542329004824185,0.7896995544433594,360,309,1,0.24050559997558593,302.98058382670087,Kasumuru
896.0833333333334,145,0.0617000013589859,0.26820001006126404,0.18979999423027039,0.07699999958276749,0.10090000182390213,0.11240000277757645,0.17960000038146973,0.24779999256134033,0.2797999978065491,0.2808000147342682,0.30720001459121704,0.314300000667572,322,547.3333333333334,0.3055817807507476,28,28_515_shc_2024-25.22465,174,135.6,302.1422181447347,14.342,79.862,176.0,0.219808891415596,0.428280770778656,0.48,39.0,1443.5833333333333,0.0010850711740632826,0.28280341802802067,0.9551281929016113,341,336,3,0.24050559997558593,302.98058382670087,Kasumuru
899.8333333333334,153,0.05000000074505806,0.19380000233650208,0.10769999772310257,0.061900001019239426,0.08659999817609787,0.07240000367164612,0.14270000159740448,0.28029999136924744,0.3476000130176544,0.3635999858379364,0.37709999084472656,0.37529999017715454,340,536.0833333333334,0.5458293947844224,8,28_515_shc_2024-25.3171,177,264.0,301.92652804056803,14.342,80.062,113.0,0.4363025724887848,0.6678898930549622,0.55,164.0,1436.0833333333333,0.0011784005769918337,0.4666666433172685,0.5330033302307129,330,330,2,0.12998890346950956,302.8011296166314,Survepalle Bit - V
893.9166666666666,270,0.05505000054836273,0.1967500001192093,0.11235000193119049,0.062449999153614044,0.09875000268220901,0.08089999854564667,0.15725000202655792,0.28139999508857727,0.3576500117778778,0.3693999946117401,0.3938499987125397,0.3824999928474426,345,532.5,0.520222871201498,13,28_515_shc_2024-25.22684,186,122.7,301.60536376105415,14.345,79.985,138.0,0.40282920002937317,0.6406840085983276,0.42,70.0,1426.4166666666667,0.0010943102147923552,0.45538250785556833,0.5326204895973206,333,321,2,0.24099536471896701,302.62713873121476,Survepalle Bit-I
896.0833333333334,244,0.055399999022483826,0.21719999611377716,0.16060000658035278,0.07450000196695328,0.10090000182390213,0.09740000218153,0.13809999823570251,0.18289999663829803,0.20350000262260437,0.1581999957561493,0.2084999978542328,0.2775999903678894,347,547.3333333333334,0.1283946316635995,34,28_515_shc_2024-25.22072,186,77.5,302.1422181447347,14.348,79.862,176.0,0.06783664226531982,0.23787164688110352,0.14,37.0,1443.5833333333333,0.0010850711740632826,0.12069876999847606,1.3729456663131714,367,286,2,0.24050559997558593,302.98058382670087,Kasumuru
902.0833333333334,314,0.07864999771118164,0.22349999845027924,0.1246500015258789,0.09804999828338623,0.12449999898672104,0.09650000184774399,0.17000000178813934,0.3095499873161316,0.3582000136375427,0.3747999966144562,0.39320001006126404,0.393449991941452,331,544.0,0.5710240475758966,4,28_515_shc_2024-25.13145,186,122.7,301.92652804056803,14.348,80.108,100.0,0.3759177625179291,0.5904943943023682,0.26,37.1,1446.0833333333333,0.0011784005769918337,0.42978481706063143,0.5963180661201477,326,344,3,0.12998890346950956,302.8011296166314,Pynampuram
899.8333333333334,303,0.060100000351667404,0.27649998664855957,0.1826999932527542,0.08219999819993973,0.10999999940395355,0.10419999808073044,0.17020000517368317,0.2727000117301941,0.33000001311302185,0.3416000008583069,0.3628000020980835,0.34209999442100525,349,536.0833333333334,0.43953196007871553,5,28_515_shc_2024-25.16532,189,116.0,301.9538392384847,14.352,80.068,88.0,0.334896445274353,0.5325257778167725,1.56,80.0,1436.0833333333333,0.0010447991043822608,0.37650666585517467,0.8094261884689331,311,340,3,0.12837638854980468,302.85319124857585,Amudalapadu
899.8333333333334,161,0.06830000132322311,0.23319999873638153,0.1420000046491623,0.07124999910593033,0.10159999877214432,0.09560000151395798,0.16975000500679016,0.271450012922287,0.33454999327659607,0.326200008392334,0.3564999997615814,0.3571000099182129,347,536.0833333333334,0.42221286924302354,3,28_515_shc_2024-25.16526,177,167.0,301.9538392384847,14.352,80.082,100.0,0.31545519828796387,0.5467045903205872,1.74,157.0,1436.0833333333333,0.0010447991043822608,0.37524409481480414,0.7148988246917725,297,357,3,0.12837638854980468,302.85319124857585,Amudalapadu
902.0833333333334,314,0.07039999961853027,0.25279998779296875,0.14839999377727509,0.07580000162124634,0.10080000013113022,0.09279999881982803,0.17579999566078186,0.27709999680519104,0.32670000195503235,0.3328000009059906,0.36059999465942383,0.3675999939441681,331,544.0,0.4541669923111654,8,28_515_shc_2024-25.6598,186,167.9,301.9538392384847,14.352,80.112,75.0,0.30869054794311523,0.5639097690582275,0.48,7.6,1446.0833333333333,0.0010447991043822608,0.3889369092868227,0.7596153616905212,327,342,3,0.12837638854980468,302.85319124857585,Ananthapuram
899.8333333333334,90,0.08195000141859055,0.3828999996185303,0.30219998955726624,0.0997999981045723,0.13650000095367432,0.1728000044822693,0.2285500019788742,0.2705000042915344,0.29600000381469727,0.28529998660087585,0.3105500042438507,0.3260500133037567,337,536.0833333333334,0.1787302683934069,10,28_515_shc_2024-25.19465,177,180.0,301.9538392384847,14.355,80.075,88.0,0.11044076085090637,0.2455795407295227,0.63,19.0,1436.0833333333333,0.0010447991043822608,0.17612981395306737,1.3420960903167725,305,358,1,0.12837638854980468,302.85319124857585,Pidatapolur
903.5,116,0.059450000524520874,0.23774999380111694,0.14294999837875366,0.05770000070333481,0.08320000022649765,0.06975000351667404,0.13729999959468842,0.2600499987602234,0.31014999747276306,0.32420000433921814,0.33594998717308044,0.3287000060081482,310,548.8333333333334,0.4856101318862518,9,28_515_shc_2024-25.2379,174,116.2,301.9538392384847,14.355,80.125,100.0,0.4049837589263916,0.6458941102027893,0.56,38.2,1452.1666666666667,0.0010447991043822608,0.42695340665553577,0.7333436012268066,339,351,2,0.12837638854980468,302.85319124857585,Eduru - II
890.9166666666666,0,0.06920000165700912,0.29429998993873596,0.23090000450611115,0.06909999996423721,0.08784999698400497,0.09724999964237213,0.15320000052452087,0.22210000455379486,0.25270000100135803,0.2621999979019165,0.2784999907016754,0.21565000712871552,333,543.0833333333334,0.31065199961120815,44,28_515_shc_2024-25.22276,180,206.6,302.2150968339708,14.358,79.822,238.0,0.2623976767063141,0.4588955342769623,0.1,128.0,1434.0,0.0010213649225811138,0.2878876003214677,1.1224255561828613,377,290,2,0.22540863884819878,302.9901649898953,Palicherlapadu
902.0833333333334,46,0.07429999858140945,0.24560000002384186,0.16009999811649323,0.07500000298023224,0.12399999797344208,0.10459999740123749,0.17980000376701355,0.30399999022483826,0.38269999623298645,0.38999998569488525,0.4108000099658966,0.3968999981880188,311,544.0,0.490344303727806,8,28_515_shc_2024-25.14996,168,103.3,301.9538392384847,14.358,80.108,238.0,0.3689013421535492,0.5770319700241089,0.35,18.6,1446.0833333333333,0.0010447991043822608,0.43042428083280804,0.6297436356544495,323,366,5,0.12837638854980468,302.85319124857585,Ananthapuram
893.0,166,0.04035000130534172,0.275299996137619,0.21365000307559967,0.04899999871850014,0.07500000298023224,0.10254999995231628,0.1408499926328659,0.19224999845027924,0.21344999969005585,0.21950000524520874,0.22904999554157257,0.22689999639987946,318,547.3333333333334,0.199260553621573,88,28_515_shc_2024-25.4478,177,193.0,302.24789305792916,14.362,79.502,125.0,0.21826006472110748,0.36314237117767334,0.87,1.0,1440.25,0.0008856403145449418,0.21339943656734967,1.2542140483856201,425,257,4,0.2077146742078993,302.9719520992703,Penubarthi Gopasamudram
884.8333333333334,27,0.07689999788999557,0.31299999356269836,0.24120000004768372,0.09284999966621399,0.12189999967813492,0.1307000070810318,0.17444999516010284,0.2505500018596649,0.28380000591278076,0.31139999628067017,0.3149000108242035,0.2951500117778778,300,536.3333333333334,0.3228572671834007,49,28_515_shc_2024-25.4830,177,309.9,302.1984952714708,14.362,79.652,163.0,0.2818771302700043,0.40873104333877563,0.69,48.0,1421.1666666666667,0.0009633941946578912,0.2877082929967817,1.0051380395889282,397,303,2,0.22187406751844618,302.9909733666314,Vavintaparthi
897.0,244,0.06539999693632126,0.2531000077724457,0.1468999981880188,0.08030000329017639,0.11760000139474869,0.12319999933242798,0.18770000338554382,0.3082999885082245,0.38420000672340393,0.4000000059604645,0.4189999997615814,0.3718000054359436,344,546.8333333333334,0.45024238055901566,26,28_515_shc_2024-25.22544,186,45.2,302.1827509138319,14.362,79.888,176.0,0.3612387180328369,0.5290520191192627,0.77,105.0,1443.9166666666667,0.0010543927811062146,0.40578577775046354,0.6327500343322754,330,326,2,0.229063966539171,303.0120399898953,Kandalapadu
902.0833333333334,226,0.0681999996304512,0.20845000445842743,0.12370000034570694,0.07635000348091125,0.10869999974966049,0.10490000247955322,0.15905000269412994,0.26600000262260437,0.3235499858856201,0.350600004196167,0.34915000200271606,0.34915000200271606,333,544.0,0.436450844559016,9,28_515_shc_2024-25.231,186,90.4,301.9538392384847,14.362,80.112,75.0,0.37584617733955383,0.5394072532653809,0.17,18.6,1446.0833333333333,0.0010447991043822608,0.3857142857142857,0.594552218914032,318,350,3,0.12837638854980468,302.85319124857585,Ananthapuram
899.8333333333334,46,0.0608999989926815,0.27649998664855957,0.15620000660419464,0.06300000101327896,0.09740000218153,0.08550000190734863,0.17100000381469727,0.29409998655319214,0.4032999873161316,0.38280001282691956,0.43209999799728394,0.3995000123977661,344,536.0833333333334,0.5222019381669921,11,28_515_shc_2024-25.20355,177,258.0,302.05376870897084,14.368,80.042,125.0,0.38244855403900146,0.6348494291305542,0.52,54.0,1436.0833333333333,0.0010396246328253274,0.46054942641071733,0.7223092317581177,327,330,1,0.1926407708062066,302.83057840135365,Brahmadevam
902.0833333333334,314,0.08550000190734863,0.2305999994277954,0.15620000660419464,0.07180000096559525,0.10029999911785126,0.09854999929666519,0.16394999623298645,0.22930000722408295,0.26684999465942383,0.3003000020980835,0.282150000333786,0.3292999863624573,325,544.0,0.37275516258516295,8,28_515_shc_2024-25.14844,186,148.5,301.9538392384847,14.368,80.118,100.0,0.2936995327472687,0.5058292746543884,0.14,38.2,1446.0833333333333,0.0010447991043822608,0.33668020663352416,0.7678987383842468,328,347,3,0.12837638854980468,302.85319124857585,Ananthapuram
897.0,180,0.06520000100135803,0.23929999768733978,0.14824999868869781,0.07609999924898148,0.09989999979734421,0.10090000182390213,0.15684999525547028,0.25235000252723694,0.2965500056743622,0.2806999981403351,0.32804998755455017,0.31040000915527344,331,546.8333333333334,0.3417341283779912,25,28_515_shc_2024-25.22191,180,116.2,302.1827509138319,14.372,79.912,163.0,0.28305336833000183,0.4711740016937256,0.23,52.0,1443.9166666666667,0.0010543927811062146,0.3059210463765767,0.8525115847587585,327,342,1,0.229063966539171,303.0120399898953,Kumkumpudi
897.9166666666666,27,0.05719999969005585,0.27854999899864197,0.16705000400543213,0.08004999905824661,0.11089999973773956,0.1096000000834465,0.17925000190734863,0.29225000739097595,0.32919999957084656,0.321399986743927,0.36504998803138733,0.38499999046325684,350,543.25,0.38407831632058653,17,28_515_shc_2024-25.11096,177,193.7,302.1827509138319,14.372,79.948,176.0,0.28393086791038513,0.4914152920246124,0.51,42.6,1441.25,0.0010543927811062146,0.3412459554090508,0.8666770458221436,320,330,2,0.229063966539171,303.0120399898953,Kanuparthipadu
893.9166666666666,134,0.060600001364946365,0.28964999318122864,0.19189999997615814,0.07124999910593033,0.09520000219345093,0.11069999635219574,0.16355000436306,0.22689999639987946,0.26019999384880066,0.24580000340938568,0.2895500063896179,0.2869499921798706,356,532.5,0.24552477639856227,12,28_515_shc_2024-25.22399,174,122.7,302.05376870897084,14.372,79.972,100.0,0.20092830061912537,0.3789621591567993,0.54,35.0,1426.4166666666667,0.0010396246328253274,0.23660246426409262,1.1783970594406128,332,313,3,0.1926407708062066,302.83057840135365,Epuru Bit - II (G V R Palem)
894.1666666666666,244,0.05640000104904175,0.1720000058412552,0.0940999984741211,0.06279999762773514,0.0982000008225441,0.08269999921321869,0.14380000531673431,0.23890000581741333,0.30889999866485596,0.319599986076355,0.3246000111103058,0.31119999289512634,344,528.5833333333334,0.4404000353459355,13,28_515_shc_2024-25.19840,186,174.3,302.05376870897084,14.375,80.005,100.0,0.379369854927063,0.5888640284538269,0.34,18.6,1423.0,0.0010396246328253274,0.3938268714264276,0.5381727814674377,333,323,2,0.1926407708062066,302.83057840135365,Kakupalle-I
885.9166666666666,226,0.04100000113248825,0.22179999947547913,0.13179999589920044,0.04149999842047691,0.07159999758005142,0.056699998676776886,0.1185000017285347,0.25589999556541443,0.3019999861717224,0.3131999969482422,0.325300008058548,0.3107999861240387,319,548.1666666666666,0.4777781881831441,56,28_515_shc_2024-25.2666,183,71.0,302.1984952714708,14.378,79.668,88.0,0.4510076344013214,0.6934306621551514,0.1,164.0,1434.0833333333333,0.0009633941946578912,0.44229221674010577,0.7081736922264099,392,290,1,0.22187406751844618,302.9909733666314,Mogallur
894.75,153,0.05620000138878822,0.2556000053882599,0.15395000576972961,0.07599999755620956,0.10499999672174454,0.10270000249147415,0.1659500002861023,0.2800000011920929,0.3258500099182129,0.3431999981403351,0.345550000667572,0.38119998574256897,361,540.9166666666666,0.43274073378902655,10,28_515_shc_2024-25.11113,177,187.3,302.05376870897084,14.378,79.982,226.0,0.3481292426586151,0.5393586158752441,0.15,25.1,1435.8333333333333,0.0010396246328253274,0.3813828028674598,0.7447552680969238,317,322,2,0.1926407708062066,302.83057840135365,Kanuparthipadu
895.0,180,0.05180000141263008,0.18649999797344208,0.10130000114440918,0.0681999996304512,0.10480000078678131,0.0729999989271164,0.16249999403953552,0.302700012922287,0.41760000586509705,0.41679999232292175,0.438400000333786,0.40310001373291016,345,540.25,0.6398421728185009,9,28_515_shc_2024-25.19890,180,45.2,302.05376870897084,14.378,80.008,188.0,0.43897807598114014,0.7019191384315491,0.52,38.2,1435.4166666666667,0.0010396246328253274,0.5210143409300502,0.44745680689811707,329,326,1,0.1926407708062066,302.83057840135365,Kakupalle-I
895.0,134,0.05299999937415123,0.21230000257492065,0.11460000276565552,0.06599999964237213,0.10899999737739563,0.10019999742507935,0.1673000007867813,0.2793999910354614,0.3257000148296356,0.33640000224113464,0.3700999915599823,0.36970001459121704,345,540.25,0.4093303870434103,10,28_515_shc_2024-25.8004,177,71.0,302.05376870897084,14.378,80.012,213.0,0.33571571111679077,0.540998637676239,0.71,17.5,1435.4166666666667,0.0010396246328253274,0.37828315967365855,0.6310939192771912,336,318,1,0.1926407708062066,302.83057840135365,Kakupalle-I
902.0833333333334,64,0.07970000058412552,0.3596000075340271,0.27469998598098755,0.11100000143051147,0.14100000262260437,0.17180000245571136,0.18610000610351562,0.2599000036716461,0.2969000041484833,0.30959999561309814,0.32659998536109924,0.32850000262260437,320,540.5833333333334,0.22846341466981818,9,28_515_shc_2024-25.2232,174,51.7,301.9538392384847,14.382,80.118,113.0,0.2491426020860672,0.28624841570854187,0.36,17.5,1442.4166666666667,0.0010447991043822608,0.2106174751811928,1.161498785018921,344,336,2,0.12837638854980468,302.85319124857585,Eduru - I
902.0833333333334,134,0.08789999783039093,0.38040000200271606,0.29330000281333923,0.10949999839067459,0.14229999482631683,0.1703999936580658,0.2142000049352646,0.2827500104904175,0.3125,0.3179999887943268,0.34505000710487366,0.3371500074863434,302,540.5833333333334,0.24289898750842195,7,28_515_shc_2024-25.15555,177,77.5,301.9538392384847,14.382,80.122,138.0,0.19503943622112274,0.30221131443977356,0.14,89.5,1442.4166666666667,0.0010447991043822608,0.22399837781771256,1.1962264776229858,344,355,1,0.12837638854980468,302.85319124857585,Eduru - II
896.5,314,0.0628499984741211,0.27559998631477356,0.1835000067949295,0.07135000079870224,0.10100000351667404,0.10279999673366547,0.17190000414848328,0.289900004863739,0.3467999994754791,0.3531999886035919,0.3776000142097473,0.3315333425998688,338,540.75,0.43627493392128647,32,28_515_shc_2024-25.8251,183,58.1,302.1827509138319,14.385,79.885,100.0,0.34526753425598145,0.5491228103637695,0.83,52.4,1437.3333333333333,0.0010543927811062146,0.39288702255825414,0.7802944183349609,343,319,1,0.229063966539171,303.0120399898953,Donthali
897.75,0,0.052149999886751175,0.20059999823570251,0.10525000095367432,0.05050000175833702,0.08500000089406967,0.05889999866485596,0.1181500032544136,0.29304999113082886,0.3746500015258789,0.37860000133514404,0.4177500009536743,0.3822000026702881,339,537.0833333333334,0.5906151992664004,13,28_515_shc_2024-25.6088,180,109.8,301.9538392384847,14.385,80.055,100.0,0.5243079662322998,0.730742871761322,0.4,18.6,1434.9166666666667,0.0010447991043822608,0.511520004272461,0.5298467874526978,333,328,1,0.12837638854980468,302.85319124857585,Varigonda
895.0,303,0.061900001019239426,0.22050000727176666,0.12700000405311584,0.06369999796152115,0.09870000183582306,0.09030000120401382,0.15610000491142273,0.30649998784065247,0.3840000033378601,0.39320001006126404,0.41429999470710754,0.4000999927520752,336,540.25,0.5196431670724316,17,28_515_shc_2024-25.15379,189,32.3,302.05376870897084,14.385525,80.038929,138.0,0.43164026737213135,0.626473605632782,0.61,62.2,1435.4166666666667,0.0010396246328253274,0.46197255524313785,0.560783326625824,337,327,3,0.1926407708062066,302.83057840135365,T.P.Gudur Bit-II
884.6666666666666,180,0.044972728937864304,0.23933333158493042,0.13393333554267883,0.04410000145435333,0.07188571244478226,0.0599166676402092,0.12289000302553177,0.2640285789966583,0.3032166659832001,0.30559998750686646,0.33387500047683716,0.31679999828338623,295,549.0,0.4603052480603936,61,28_515_shc_2024-25.4462,180,32.3,302.1984952714708,14.388,79.718,125.0,0.42640432715415955,0.6721535325050354,0.07,22.9,1433.6666666666667,0.0009633941946578912,0.4257861216285469,0.7831588387489319,392,313,2,0.22187406751844618,302.9909733666314,Podalakur
895.0,259,0.053849998861551285,0.25005000829696655,0.1602499932050705,0.0783500000834465,0.11879999935626984,0.11309999972581863,0.19175000488758087,0.30105000734329224,0.3961000144481659,0.39579999446868896,0.4251500070095062,0.40755000710487366,342,540.25,0.4753577310393534,11,28_515_shc_2024-25.578,195,58.1,302.05376870897084,14.389337,80.038625,151.0,0.3472895622253418,0.5555118918418884,0.14,167.0,1435.4166666666667,0.0010396246328253274,0.4203092422979558,0.6317585110664368,330,328,5,0.1926407708062066,302.83057840135365,Varigonda
895.0,134,0.08184999972581863,0.3257499933242798,0.2750000059604645,0.12439999729394913,0.15199999511241913,0.16300000250339508,0.19920000433921814,0.26124998927116394,0.291049987077713,0.30390000343322754,0.31575000286102295,0.3301500082015991,342,540.25,0.26113869983373345,12,28_515_shc_2024-25.15518,177,25.3,302.05376870897084,14.390169,80.036942,75.0,0.20810972154140472,0.3017776906490326,0.5,157.2,1435.4166666666667,0.0010396246328253274,0.21858516919752924,1.0718985795974731,330,328,1,0.1926407708062066,302.83057840135365,T.P.Gudur Bit-II
895.0,0,0.08574999868869781,0.35670000314712524,0.2994000017642975,0.156700000166893,0.18449999392032623,0.2150000035762787,0.21764999628067017,0.24860000610351562,0.2724500000476837,0.2969000041484833,0.29750001430511475,0.303849995136261,342,540.25,0.145043033257583,14,28_515_shc_2024-25.14899,180,90.4,302.05376870897084,14.391189,80.035932,163.0,0.1540180891752243,0.15999218821525574,0.41,1.1,1435.4166666666667,0.0010396246328253274,0.12140527712271965,1.2014145851135254,330,328,0,0.1926407708062066,302.83057840135365,Varigonda
863.8333333333334,19,0.0706000030040741,0.30799999833106995,0.2425999939441681,0.06599999964237213,0.10080000013113022,0.1080000028014183,0.17649999260902405,0.2529999911785126,0.28209999203681946,0.28439998626708984,0.3043000102043152,0.28349998593330383,351,565.3333333333334,0.30680392159291814,121,28_515_shc_2023-24.7046,177,155.0,302.04318928188746,14.392,79.418,138.0,0.23410718142986298,0.44954124093055725,0.27,17.5,1429.1666666666667,0.0008518875436315909,0.29650378579082926,1.0829817056655884,397,252,3,0.20782699584960937,302.7765202416314,Tegacherla
863.8333333333334,0,0.04100000113248825,0.23999999463558197,0.15369999408721924,0.04769999906420708,0.07779999822378159,0.07320000231266022,0.12139999866485596,0.23430000245571136,0.27140000462532043,0.2888000011444092,0.3005000054836273,0.28299999237060547,354,565.3333333333334,0.39335886765933814,125,28_515_shc_2024-25.5268,180,238.0,302.04318928188746,14.392,79.422,151.0,0.4080936312675476,0.5955801010131836,0.7,8.0,1429.1666666666667,0.0008518875436315909,0.37517401038355086,0.8310248851776123,395,251,0,0.20782699584960937,302.7765202416314,Rapur
885.9166666666666,296,0.04676590859889984,0.2576964199542999,0.18242500722408295,0.05276666581630707,0.08463333547115326,0.07594999670982361,0.13899999856948853,0.2325499951839447,0.2599555552005768,0.2743000090122223,0.2902800142765045,0.3019333481788635,305,548.1666666666666,0.3716507643793149,66,28_515_shc_2024-25.9576,186,32.3,302.1984952714708,14.392,79.668,163.0,0.32736513018608093,0.5663098096847534,0.1,93.9,1434.0833333333333,0.0009633941946578912,0.34992651155695675,0.9394692182540894,400,295,2,0.22187406751844618,302.9909733666314,Mogallur
884.6666666666666,134,0.04386666789650917,0.2107333391904831,0.12790000438690186,0.0434500016272068,0.06705000251531601,0.054999999701976776,0.11556000262498856,0.22813333570957184,0.2630000114440918,0.2906000018119812,0.29010000824928284,0.3018333315849304,292,549.0,0.4549228684207587,67,28_515_shc_2024-25.4629,174,90.4,302.1984952714708,14.392,79.718,125.0,0.4309631586074829,0.6817129850387573,0.11,57.9,1433.6666666666667,0.0009633941946578912,0.4179281013863305,0.7251663208007812,405,302,3,0.22187406751844618,302.9909733666314,Podalakur
896.5,166,0.05079999938607216,0.2013999968767166,0.1128000020980835,0.06859999895095825,0.09109999984502792,0.08420000225305557,0.14180000126361847,0.26159998774528503,0.3149000108242035,0.3328000009059906,0.351500004529953,0.3580999970436096,329,540.75,0.46958820261746353,37,28_515_shc_2024-25.18664,177,122.7,302.1827509138319,14.392,79.898,100.0,0.40244415402412415,0.5961630344390869,0.86,34.9,1437.3333333333333,0.0010543927811062146,0.4066521228950597,0.6051682829856873,351,320,4,0.229063966539171,303.0120399898953,Donthali
895.0,46,0.05920000001788139,0.26809999346733093,0.1843000054359436,0.07559999823570251,0.12280000001192093,0.10480000078678131,0.17299999296665192,0.3034000098705292,0.3781000077724457,0.3856000006198883,0.40299999713897705,0.3910999894142151,332,540.25,0.4850075933223814,12,28_515_shc_2024-25.17104,177,135.6,302.05376870897084,14.393897,80.039378,113.0,0.3805943727493286,0.5725938081741333,0.54,30.6,1435.4166666666667,0.0010396246328253274,0.42528271319813027,0.6952800750732422,326,342,1,0.1926407708062066,302.83057840135365,Varigonda
897.75,314,0.06134999915957451,0.24684999883174896,0.1509999930858612,0.06840000301599503,0.11110000312328339,0.09549999982118607,0.1863500028848648,0.3308500051498413,0.40529999136924744,0.42080000042915344,0.4454500079154968,0.4331499934196472,331,537.0833333333334,0.5491963899893669,12,28_515_shc_2024-25.14428,186,64.6,302.05376870897084,14.394,80.0441,213.0,0.3861483931541443,0.6300600171089172,0.44,1.1,1434.9166666666667,0.0010396246328253274,0.48012397991907607,0.5866207480430603,324,345,3,0.1926407708062066,302.83057840135365,Varigonda
897.75,180,0.05420000106096268,0.25769999623298645,0.15029999613761902,0.07119999825954437,0.10899999737739563,0.09459999948740005,0.14489999413490295,0.31130000948905945,0.4074000120162964,0.4108000099658966,0.4302999973297119,0.4375,333,537.0833333333334,0.5472860809203297,8,28_515_shc_2024-25.3230,180,45.2,302.05376870897084,14.394638,80.047701,201.0,0.47849562764167786,0.6256430745124817,0.61,38.2,1434.9166666666667,0.0010396246328253274,0.4717525475016193,0.6273125410079956,326,341,1,0.1926407708062066,302.83057840135365,Varigonda
897.75,180,0.06710000336170197,0.28349998593330383,0.1800999939441681,0.08749999850988388,0.1273999959230423,0.12720000743865967,0.2003999948501587,0.2888999879360199,0.3619000017642975,0.36559998989105225,0.3995000123977661,0.39730000495910645,328,537.0833333333334,0.4047400343858033,12,28_515_shc_2024-25.240,180,90.4,302.05376870897084,14.395886,80.044014,151.0,0.2918727993965149,0.48376619815826416,0.6,25.1,1434.9166666666667,0.0010396246328253274,0.360193366881959,0.775437593460083,324,349,2,0.1926407708062066,302.83057840135365,Varigonda
895.0,90,0.04839999973773956,0.27309998869895935,0.2020999938249588,0.06620000302791595,0.09239999949932098,0.10260000079870224,0.15479999780654907,0.2451999932527542,0.28189998865127563,0.257999986410141,0.3046000003814697,0.35569998621940613,333,540.25,0.2821145689617202,12,28_515_shc_2024-25.14041,177,45.2,302.05376870897084,14.395955,80.038608,238.0,0.2499999850988388,0.430948406457901,0.29,63.3,1435.4166666666667,0.0010396246328253274,0.27085752019723347,1.0585271120071411,324,343,1,0.1926407708062066,302.83057840135365,Varigonda
890.9166666666666,134,0.03200000151991844,0.1459999978542328,0.07649999856948853,0.03720000013709068,0.0625,0.03620000183582306,0.1031000018119812,0.2110999971628189,0.24779999256134033,0.27300000190734863,0.26660001277923584,0.2689000070095062,319,550.0833333333334,0.48877146166224733,92,28_515_shc_2024-25.16122,177,193.0,301.65482122633193,14.398,79.558,251.0,0.4517415463924408,0.7658473253250122,0.42,164.0,1441.0,0.0009086498785739947,0.43895204951089406,0.5347985029220581,395,286,1,0.23806012471516927,302.82678065829805,Dachuru
901.4166666666666,46,0.056166667491197586,0.2994999885559082,0.19856666028499603,0.0767500028014183,0.10753333568572998,0.13030000030994415,0.1775333285331726,0.29408571124076843,0.3441999852657318,0.3303000032901764,0.37404999136924744,0.3872250020503998,332,546.5833333333334,0.32542020704014324,6,28_515_shc_2024-25.15539,177,122.7,301.9538392384847,14.398,80.148,113.0,0.3008204996585846,0.4342162311077118,0.45,1.1,1447.9166666666667,0.0010447991043822608,0.31230481297731977,0.9067513942718506,315,354,1,0.12837638854980468,302.85319124857585,Eduru - II
887.4166666666666,90,0.0845833346247673,0.2946857213973999,0.23717999458312988,0.09096000343561172,0.11557143181562424,0.13444000482559204,0.16930000483989716,0.225685715675354,0.2516666650772095,0.24334999918937683,0.27656665444374084,0.28284284472465515,336,544.75,0.19906197986278767,49,28_515_shc_2024-25.9611,177,148.5,302.2150968339708,14.402,79.802,100.0,0.1794498860836029,0.2882818281650543,0.18,164.0,1432.25,0.0010213649225811138,0.1861094234366462,1.2109543085098267,368,296,1,0.22540863884819878,302.9901649898953,Marupuru
890.8333333333334,0,0.05544000118970871,0.29269999265670776,0.1826999932527542,0.07186666876077652,0.11112499982118607,0.10779999941587448,0.17803333699703217,0.298633337020874,0.3531250059604645,0.3614000082015991,0.38179999589920044,0.37962856888771057,333,542.1666666666666,0.43152738001292335,43,28_515_shc_2024-25.4152,180,51.7,302.1827509138319,14.402,79.858,88.0,0.3399246037006378,0.540494441986084,0.55,25.1,1432.8333333333333,0.0010543927811062146,0.3924886609459502,0.8099058866500854,375,292,1,0.229063966539171,303.0120399898953,Amancherla
897.75,116,0.04879999905824661,0.20270000398159027,0.11320000141859055,0.06199999898672104,0.09700000286102295,0.06800000369548798,0.1412000060081482,0.30149999260902405,0.3959999978542328,0.4016000032424927,0.4171000123023987,0.40459999442100525,349,537.0833333333334,0.62025879695795,11,28_515_shc_2025-26.1326,174,425.0,301.9538392384847,14.402,80.072,113.0,0.4797346889972687,0.7103918194770813,0.46,90.0,1434.9166666666667,0.0010447991043822608,0.5160891045172141,0.5047310590744019,323,328,2,0.12837638854980468,302.85319124857585,T.P.Gudur Bit-II
890.8333333333334,27,0.05691000074148178,0.2628749907016754,0.20399999618530273,0.06549999862909317,0.09243333339691162,0.10620000213384628,0.1471666693687439,0.20215000212192535,0.2281714230775833,0.22830000519752502,0.24558000266551971,0.2395000010728836,326,542.1666666666666,0.22212115799678117,44,28_515_shc_2024-25.3294,177,135.6,302.1827509138319,14.408,79.862,251.0,0.21608665585517883,0.3650224208831787,0.58,34.9,1432.8333333333333,0.0010543927811062146,0.21947274174533488,1.1514453887939453,352,322,2,0.229063966539171,303.0120399898953,Amancherla
895.0,0,0.056049998849630356,0.2528499960899353,0.16214999556541443,0.08079999685287476,0.10980000346899033,0.1128000020980835,0.17354999482631683,0.26750001311302185,0.31769999861717224,0.3357999920845032,0.3516499996185303,0.34575000405311584,326,540.25,0.396345772613963,10,28_515_shc_2024-25.3231,180,51.7,302.05376870897084,14.408822,80.041498,75.0,0.3185432553291321,0.4971020817756653,0.17,34.9,1435.4166666666667,0.0010396246328253274,0.35262490726438367,0.7529779672622681,330,344,1,0.1926407708062066,302.83057840135365,Varigonda
885.25,134,0.04501250013709068,0.12950000166893005,0.0871666669845581,0.05235999822616577,0.06853333115577698,0.06639999896287918,0.11042500287294388,0.13910000026226044,0.15096667408943176,0.14579999446868896,0.14875000715255737,0.08392857015132904,334,550.9166666666666,0.17238383716663278,48,28_515_shc_2024-25.17576,177,58.1,302.2150968339708,14.412,79.758,238.0,0.1380622237920761,0.3741753101348877,0.28,164.0,1436.3333333333333,0.0010213649225811138,0.1672282987322976,0.8882030844688416,369,297,1,0.22540863884819878,302.9901649898953,Thoderu
897.75,90,0.053199999034404755,0.25655001401901245,0.14315000176429749,0.06265000253915787,0.09870000183582306,0.1005999967455864,0.1582999974489212,0.25995001196861267,0.3237999975681305,0.33160001039505005,0.36285001039505005,0.34040001034736633,326,537.0833333333334,0.39411055242200166,12,28_515_shc_2024-25.6990,177,19.4,302.05376870897084,14.412,80.042,188.0,0.3537456691265106,0.534474790096283,0.25,85.2,1434.9166666666667,0.0010396246328253274,0.37170137075736015,0.7736731171607971,329,344,1,0.1926407708062066,302.83057840135365,Varigonda
901.4166666666666,134,0.061925001442432404,0.37860000133514404,0.29606667160987854,0.0924374982714653,0.13455000519752502,0.1462000012397766,0.23184999823570251,0.3306249976158142,0.36114999651908875,0.3675999939441681,0.3915500044822693,0.34263333678245544,325,546.5833333333334,0.3567472044039328,8,28_515_shc_2025-26.3580,177,264.0,301.9538392384847,14.412,80.138,176.0,0.22645758092403412,0.4309069514274597,0.9,1.0,1447.9166666666667,0.0010447991043822608,0.327579394983456,1.0299237966537476,333,342,1,0.12837638854980468,302.85319124857585,Koduru -II
886.8333333333334,116,0.0561399981379509,0.21848000586032867,0.14202000200748444,0.06473333388566971,0.0923750028014183,0.08476000279188156,0.14331667125225067,0.2387000024318695,0.2676999866962433,0.27648332715034485,0.29446667432785034,0.2763083279132843,291,546.0,0.3688282616145797,77,28_515_shc_2024-25.5010,174,148.5,301.65482122633193,14.415,79.645,201.0,0.3172145187854767,0.5307317972183228,0.24,18.6,1432.75,0.0009086498785739947,0.3339183904704221,0.7902104258537292,390,318,2,0.23806012471516927,302.82678065829805,Yeturu
902.0833333333334,270,0.06752856820821762,0.22120000422000885,0.12224999815225601,0.08193749934434891,0.1054999977350235,0.10528571158647537,0.17020000517368317,0.31706666946411133,0.3882249891757965,0.38839998841285706,0.4147999882698059,0.43215999007225037,339,540.5833333333334,0.5035531061458155,8,28_515_shc_2024-25.16864,186,161.4,301.9538392384847,14.416032,80.093699,163.0,0.3906193673610687,0.5734707117080688,0.82,17.5,1442.4166666666667,0.0010447991043822608,0.42736995736162636,0.5695160031318665,332,329,2,0.12837638854980468,302.85319124857585,Thotapalle
885.1666666666666,256,0.04670000076293945,0.2547999918460846,0.1940000057220459,0.06840000301599503,0.09510000050067902,0.12300000339746475,0.15559999644756317,0.20469999313354492,0.23199999332427979,0.23559999465942383,0.25870001316070557,0.2535000145435333,294,550.6666666666666,0.19272900151647576,94,28_515_shc_2024-25.12138,192,90.4,301.65482122633193,14.418,79.588,113.0,0.20449897646903992,0.31399884819984436,0.54,74.2,1436.0,0.0009086498785739947,0.19671556868760642,1.0814940929412842,395,311,4,0.23806012471516927,302.82678065829805,Nernoor
888.25,46,0.05065000057220459,0.2171500027179718,0.12205000221729279,0.06520000100135803,0.09510000050067902,0.09539999812841415,0.16590000689029694,0.29875001311302185,0.37040001153945923,0.37746667861938477,0.4048333466053009,0.410828560590744,329,544.1666666666666,0.48270435666284794,36,28_515_shc_2024-25.8119,174,64.6,302.1827509138319,14.418,79.858,213.0,0.3893626034259796,0.5965036153793335,0.62,42.4,1432.3333333333333,0.0010543927811062146,0.4349003114700559,0.5752825736999512,347,324,3,0.229063966539171,303.0120399898953,Amancherla
896.1666666666666,296,0.05860000103712082,0.28154999017715454,0.17624999582767487,0.07684999704360962,0.12240000069141388,0.10949999839067459,0.20069999992847443,0.329800009727478,0.39809998869895935,0.3928000032901764,0.43709999322891235,0.41749998927116394,326,544.5,0.48068276610654026,15,28_515_shc_2024-25.7688,192,225.0,302.05376870897084,14.418,80.028,276.0,0.3236731290817261,0.5640055537223816,2.39,8.0,1440.8333333333333,0.0010396246328253274,0.42397486444838284,0.716776967048645,334,340,4,0.1926407708062066,302.83057840135365,Chintareddipalem (Part)
898.1666666666666,90,0.05977499857544899,0.21969999372959137,0.15219999849796295,0.08006922900676727,0.1113777756690979,0.11599999666213989,0.17704999446868896,0.278642863035202,0.32188889384269714,0.3303999900817871,0.3577714264392853,0.3373500108718872,348,523.3333333333334,0.375908001147987,13,28_515_shc_2024-25.15400,174,38.7,301.9538392384847,14.418,80.072,7.5,0.30219724774360657,0.48028674721717834,0.17,17.5,1421.5833333333333,0.0010447991043822608,0.33981402645189174,0.6649515628814697,325,327,2,0.12837638854980468,302.85319124857585,T.P.Gudur Bit-II
854.3333333333334,90,0.0471000000834465,0.24819999933242798,0.1821500062942505,0.07069999724626541,0.0925000011920929,0.09570000320672989,0.15015000104904175,0.22859999537467957,0.25095000863075256,0.24400000274181366,0.2768000066280365,0.31404998898506165,354,585.1666666666666,0.2878605431613936,95,28_515_shc_2024-25.5302,177,193.0,302.04318928188746,14.422,79.392,113.0,0.2381073236465454,0.4365616738796234,1.37,1.0,1439.6666666666667,0.0008518875436315909,0.2649160387361689,1.0172131061553955,386,259,1,0.20782699584960937,302.7765202416314,Garimenapenta
887.3333333333334,0,0.04809999838471413,0.20669999718666077,0.17329999804496765,0.06509999930858612,0.09160000085830688,0.12489999830722809,0.14810000360012054,0.17024999856948853,0.18684999644756317,0.19189999997615814,0.2040500044822693,0.21050000190734863,293,557.6666666666666,0.11527477013737142,91,28_515_shc_2024-25.12193,180,251.8,301.65482122633193,14.422,79.582,251.0,0.12882351875305176,0.21148990094661713,0.26,99.4,1444.9166666666667,0.0009086498785739947,0.12304113946450684,1.0771235227584839,395,312,2,0.23806012471516927,302.82678065829805,Nernoor
898.1666666666666,10,0.052549999207258224,0.20579999685287476,0.1083500012755394,0.06395000219345093,0.09300000220537186,0.07419999688863754,0.14730000495910645,0.2637999951839447,0.33855000138282776,0.3582000136375427,0.37255001068115234,0.36010000109672546,342,523.3333333333334,0.5363449629988214,9,28_515_shc_2024-25.6475,177,174.3,302.05376870897084,14.422,80.048,63.0,0.4172106981277466,0.6567992568016052,0.35,1.1,1421.5833333333333,0.0010396246328253274,0.45688547867234974,0.574539303779602,322,335,6,0.1926407708062066,302.83057840135365,Chinna Cherukur
885.5833333333334,90,0.08089999854564667,0.296875,0.23919999599456787,0.06693333387374878,0.0863799974322319,0.08959999680519104,0.15154999494552612,0.23149999976158142,0.2694000005722046,0.3133600056171417,0.29368332028388977,0.28683748841285706,319,552.0,0.4146898568752374,65,28_515_shc_2024-25.11802,177,77.5,302.1984952714708,14.425,79.695,88.0,0.34804588556289673,0.5552908778190613,0.31,48.0,1437.5,0.0009633941946578912,0.3717108313962066,0.9473927617073059,389,291,1,0.22187406751844618,302.9909733666314,Althurthi
898.1666666666666,90,0.05195000022649765,0.2045000046491623,0.10899999737739563,0.061000000685453415,0.0982000008225441,0.07620000094175339,0.16930000483989716,0.30425000190734863,0.37095001339912415,0.39879998564720154,0.4189999997615814,0.4095500111579895,348,523.3333333333334,0.5766892883423906,12,28_515_shc_2024-25.6461,177,38.7,301.9538392384847,14.425,80.055,213.0,0.4039781391620636,0.6791578531265259,0.72,30.6,1421.5833333333333,0.0010447991043822608,0.49630767560428396,0.5127884149551392,331,321,1,0.12837638854980468,302.85319124857585,Chinna Cherukur
889.1666666666666,104,0.0737999975681305,0.30149999260902405,0.2249000072479248,0.07909999787807465,0.10760000348091125,0.11999999731779099,0.16210000216960907,0.22059999406337738,0.2443999946117401,0.2433999925851822,0.27149999141693115,0.2935999929904938,319,558.0833333333334,0.2251578220473989,81,28_515_shc_2024-25.8095,168,232.0,302.24789305792916,14.428,79.532,176.0,0.2004932016134262,0.3395707309246063,1.71,19.0,1447.0833333333333,0.0008856403145449418,0.2143849838611741,1.2387017011642456,384,297,4,0.2077146742078993,302.9719520992703,Kesamanenipalle
885.1666666666666,226,0.03905000165104866,0.20874999463558197,0.16050000488758087,0.04490000009536743,0.06369999796152115,0.06880000233650208,0.11219999939203262,0.17739999294281006,0.1985500007867813,0.21140000224113464,0.22579999268054962,0.22429999709129333,302,550.6666666666666,0.2769039539066679,101,28_515_shc_2024-25.12179,183,258.3,301.65482122633193,14.428,79.592,88.0,0.3065513074398041,0.5089222192764282,0.27,36.0,1436.0,0.0009086498785739947,0.27416046988200693,0.9874644875526428,404,294,1,0.23806012471516927,302.82678065829805,Nernoor
888.25,180,0.05534999817609787,0.19939999282360077,0.11810000240802765,0.06504999846220016,0.09305000305175781,0.0943249985575676,0.14745000004768372,0.2214166671037674,0.2801666557788849,0.29786667227745056,0.29179999232292175,0.29798001050949097,344,544.1666666666666,0.36982249574051446,35,28_515_shc_2024-25.8424,180,103.3,302.2150968339708,14.428,79.848,125.0,0.3377746343612671,0.5189852118492126,0.81,79.7,1432.3333333333333,0.0010213649225811138,0.34220506709514226,0.6694269776344299,333,322,2,0.22540863884819878,302.9901649898953,Amancherla
898.1666666666666,90,0.07357499748468399,0.26295000314712524,0.15815000236034393,0.08188749849796295,0.11129999905824661,0.09884444624185562,0.16687272489070892,0.29402223229408264,0.3481000065803528,0.3531999886035919,0.3926999866962433,0.35580000281333923,363,523.3333333333334,0.47735446165949547,14,28_515_shc_2024-25.13968,177,32.3,301.9538392384847,14.428,80.078,113.0,0.3582715690135956,0.5626781582832336,0.75,38.2,1421.5833333333333,0.0010447991043822608,0.4007515821512486,0.7444790601730347,331,306,1,0.12837638854980468,302.85319124857585,Peduru
900.0833333333334,27,0.05705999955534935,0.19609999656677246,0.10249999910593033,0.0676666647195816,0.09882500022649765,0.06520000100135803,0.14800000190734863,0.3294999897480011,0.40817999839782715,0.40413331985473633,0.4352857172489166,0.4260333478450775,321,517.75,0.6579526018691402,8,28_515_shc_2024-25.10030,177,38.7,301.9538392384847,14.428,80.092,176.0,0.46389758586883545,0.7221590876579285,0.26,7.6,1417.75,0.0010447991043822608,0.5244841659121544,0.48523589968681335,325,354,2,0.12837638854980468,302.85319124857585,Peduru
881.1666666666666,270,0.05810000002384186,0.24250000715255737,0.15549999475479126,0.05139999836683273,0.07400000095367432,0.07180000096559525,0.11949999630451202,0.2524000108242035,0.298799991607666,0.2784000039100647,0.3255999982357025,0.295199990272522,330,552.5833333333334,0.39019415184367995,101,28_515_shc_2024-25.19826,186,258.0,302.24789305792916,14.432,79.498,75.0,0.39934659004211426,0.5899485945701599,0.53,164.0,1433.75,0.0008856403145449418,0.36450247311163736,0.8710488677024841,392,277,2,0.2077146742078993,302.9719520992703,Pallakonda
885.1666666666666,270,0.03869999945163727,0.23319999873638153,0.14259999990463257,0.049400001764297485,0.0714000016450882,0.08349999785423279,0.12559999525547028,0.20559999346733093,0.2354000061750412,0.2451999932527542,0.26840001344680786,0.2635999917984009,315,550.6666666666666,0.29385040208656554,96,28_515_shc_2024-25.12041,183,232.5,301.65482122633193,14.432,79.592,151.0,0.3225458562374115,0.49193793535232544,0.34,29.5,1436.0,0.0009086498785739947,0.2926873364313436,0.9510603547096252,408,277,1,0.23806012471516927,302.82678065829805,Nernoor
900.0833333333334,0,0.05429999902844429,0.2198999971151352,0.12823332846164703,0.07180000096559525,0.11415000259876251,0.08888749778270721,0.15729999542236328,0.2946000099182129,0.3707750141620636,0.37560001015663147,0.39077499508857727,0.41635000705718994,354,517.75,0.5230357636271055,9,28_515_shc_2024-25.16681,180,53.1,301.9538392384847,14.432,80.092,63.0,0.40964534878730774,0.6172663569450378,0.32,18.6,1417.75,0.0010447991043822608,0.4459039282735173,0.5854632258415222,332,314,1,0.12837638854980468,302.85319124857585,Peduru
898.5,161,0.07582307606935501,0.3158000111579895,0.22847500443458557,0.08761666715145111,0.12349999696016312,0.1257999986410141,0.1937749981880188,0.2556999921798706,0.3019999861717224,0.31940001249313354,0.3262749910354614,0.34011250734329224,337,530.9166666666666,0.34154863672711433,7,28_515_shc_2024-25.6200,177,103.3,301.9538392384847,14.432,80.148,100.0,0.24479955434799194,0.4348607659339905,0.54,66.6,1429.25,0.0010447991043822608,0.30723658205391635,0.9887288808822632,329,333,3,0.12837638854980468,302.85319124857585,Koduru-I
889.1666666666666,333,0.057500001043081284,0.28439998626708984,0.2159000039100647,0.07734999805688858,0.09629999846220016,0.10499999672174454,0.14785000681877136,0.22814999520778656,0.2731499969959259,0.2840000092983246,0.29260000586509705,0.2844499945640564,326,558.0833333333334,0.33548873022710807,86,28_515_shc_2024-25.8042,183,164.0,302.24789305792916,14.435,79.525,146.0,0.3152714967727661,0.460154265165329,1.46,188.0,1447.0833333333333,0.0008856403145449418,0.3020247660817324,1.001408338546753,390,283,2,0.2077146742078993,302.9719520992703,Kesamanenipalle
889.1666666666666,0,0.03844999894499779,0.1265999972820282,0.07050000131130219,0.04895000159740448,0.06840000301599503,0.05920000001788139,0.0820000022649765,0.12110000103712082,0.1352500021457672,0.2029000073671341,0.1467999964952469,0.17149999737739563,305,558.0833333333334,0.30164362789510396,77,28_515_shc_2024-25.1326,180,425.0,302.24789305792916,14.438,79.532,113.0,0.42435944080352783,0.5482640266418457,0.46,90.0,1447.0833333333333,0.0008856403145449418,0.282836909769222,0.6239526271820068,405,289,1,0.2077146742078993,302.9719520992703,Kesamanenipalle
885.1666666666666,0,0.035100001841783524,0.24770000576972961,0.17299999296665192,0.04740000143647194,0.07400000095367432,0.07370000332593918,0.13979999721050262,0.2290000021457672,0.25690001249313354,0.26899999380111694,0.2831000089645386,0.2831999957561493,317,550.6666666666666,0.3601460316541656,86,28_515_shc_2024-25.4440,180,180.8,301.65482122633193,14.438,79.588,138.0,0.31604695320129395,0.5698861479759216,0.18,137.6,1436.0,0.0009086498785739947,0.34763259370059996,0.9208179116249084,392,291,1,0.23806012471516927,302.82678065829805,Chittaluru
898.1666666666666,270,0.07386666536331177,0.3269999921321869,0.2451999932527542,0.09772727638483047,0.12925000488758087,0.14236000180244446,0.19945555925369263,0.2769843637943268,0.3079499900341034,0.34751999378204346,0.34130001068115234,0.3869454562664032,370,523.3333333333334,0.3492143384156376,14,28_515_shc_2024-25.16772,189,25.8,301.9538392384847,14.438,80.072,201.0,0.27069661021232605,0.4187964200973511,0.53,167.0,1421.5833333333333,0.0010447991043822608,0.31088615725352575,0.9409530162811279,325,305,3,0.12837638854980468,302.85319124857585,Thotapalle
881.1666666666666,270,0.04729999974370003,0.22529999911785126,0.12540000677108765,0.05040000006556511,0.07615000009536743,0.06334999948740005,0.1253499984741211,0.2397499978542328,0.271450012922287,0.2797999978065491,0.30149999260902405,0.2984499931335449,329,552.5833333333334,0.42212730964167167,87,28_515_shc_2024-25.19720,186,438.0,302.24789305792916,14.442,79.492,176.0,0.381216824054718,0.6307737231254578,1.38,164.0,1433.75,0.0008856403145449418,0.38507382852488037,0.8052180409431458,396,275,2,0.2077146742078993,302.9719520992703,Pallakonda
887.3333333333334,270,0.04910000041127205,0.20029999315738678,0.15070000290870667,0.06759999692440033,0.08640000224113464,0.0925000011920929,0.12540000677108765,0.1808999925851822,0.20919999480247498,0.18700000643730164,0.227400004863739,0.25130000710487366,326,557.6666666666666,0.1912955514985654,80,28_515_shc_2024-25.18308,186,271.0,301.65482122633193,14.442,79.572,163.0,0.19718308746814728,0.3381037712097168,0.31,164.0,1444.9166666666667,0.0009086498785739947,0.18184734635077351,1.0711228847503662,391,283,2,0.23806012471516927,302.82678065829805,Kanupurupalle
893.0,90,0.07429999858140945,0.2476000040769577,0.15649999678134918,0.1006999984383583,0.13439999520778656,0.11800000071525574,0.19900000095367432,0.30640000104904175,0.3587999939918518,0.38040000200271606,0.3978999853134155,0.39089998602867126,353,541.1666666666666,0.4920676550712249,25,28_515_shc_2024-25.8027,174,135.6,302.1827509138319,14.442,79.918,125.0,0.3130824863910675,0.5264847278594971,0.45,7.6,1434.25,0.0010543927811062146,0.3942307700918293,0.6508938074111938,333,314,2,0.229063966539171,303.0120399898953,Akkacheruvupadu
900.0833333333334,226,0.075655996799469,0.057384613901376724,0.04556666687130928,0.06268680840730667,0.09104285389184952,0.06492500007152557,0.0982699990272522,0.07410909235477448,0.08195555210113525,0.06648124754428864,0.06618999689817429,0.18392308056354523,354,517.75,0.003946340276865104,11,28_515_shc_2024-25.15335,183,109.8,301.9538392384847,14.442,80.098,226.0,-0.19294999539852142,0.011843024753034115,0.16,41.5,1417.75,0.0010447991043822608,0.0036970986871909524,0.8631699085235596,321,325,1,0.12837638854980468,302.85319124857585,Mungaladoruvu
900.0833333333334,199,0.06576285511255264,0.24789999425411224,0.1790333390235901,0.08980000019073486,0.10548420995473862,0.1047850027680397,0.1429000049829483,0.22883999347686768,0.2599363625049591,0.26493334770202637,0.2874999940395355,0.25385236740112305,346,517.75,0.3281342787375583,13,28_515_shc_2024-25.15022,183,53.1,301.9538392384847,14.442,80.108,113.0,0.29922354221343994,0.4331631064414978,0.42,79.7,1417.75,0.0010447991043822608,0.27620725407385543,0.9357070326805115,320,334,3,0.12837638854980468,302.85319124857585,Amulur (South)
887.3333333333334,0,0.0369499996304512,0.15035000443458557,0.07750000059604645,0.04964999854564667,0.06669999659061432,0.05844999849796295,0.10154999792575836,0.23970000445842743,0.30230000615119934,0.3269999921321869,0.337799996137619,0.3506999909877777,321,557.6666666666666,0.5143355004748776,74,28_515_shc_2024-25.11222,180,142.0,302.24789305792916,14.445,79.545,88.0,0.5260763168334961,0.6967180967330933,0.85,164.0,1444.9166666666667,0.0008856403145449418,0.45493816106390916,0.45978596806526184,411,268,1,0.2077146742078993,302.9719520992703,Kanupurupalle
885.1666666666666,134,0.04910000041127205,0.26554998755455017,0.20534999668598175,0.0625,0.09175000339746475,0.11810000240802765,0.14374999701976776,0.2029999941587448,0.23115000128746033,0.2468000054359436,0.25485000014305115,0.26954999566078186,321,550.6666666666666,0.21642619531587642,95,28_515_shc_2024-25.994,174,284.1,301.65482122633193,14.445,79.595,201.0,0.2638586759567261,0.3526993691921234,0.58,69.9,1436.0,0.0009086498785739947,0.2232049980241188,1.075972318649292,397,282,3,0.23806012471516927,302.82678065829805,Chittaluru
884.4166666666666,0,0.044555556029081345,0.2046000063419342,0.11105000227689743,0.05286666750907898,0.07649999856948853,0.05766666680574417,0.11125999689102173,0.2782999873161316,0.37396666407585144,0.3919999897480011,0.40023332834243774,0.3618285655975342,317,549.75,0.6230587530077242,64,28_515_shc_2024-25.5818,180,251.8,301.65482122633193,14.445,79.645,138.0,0.5578428506851196,0.7435137033462524,0.57,17.5,1434.3333333333333,0.0009086498785739947,0.5280800172907867,0.5219388008117676,400,284,0,0.23806012471516927,302.82678065829805,Yeturu
884.4166666666666,153,0.05379090830683708,0.2533000111579895,0.17434999346733093,0.06889999657869339,0.09556250274181366,0.10589999705553055,0.15285000205039978,0.2437250018119812,0.27480000257492065,0.2632000148296356,0.29919999837875366,0.3010166585445404,321,549.75,0.28458229036461963,64,28_515_shc_2024-25.9031,177,122.7,302.1984952714708,14.445,79.665,163.0,0.26523256301879883,0.42617180943489075,0.63,18.6,1434.3333333333333,0.0009633941946578912,0.27148777290815823,0.9623860120773315,399,279,2,0.22187406751844618,302.9909733666314,Yeturu
900.0833333333334,46,0.09831111133098602,0.31817999482154846,0.27554285526275635,0.13064999878406525,0.15923333168029785,0.17601999640464783,0.1823125034570694,0.23125000298023224,0.24639375507831573,0.2541666626930237,0.2716333270072937,0.2769846022129059,363,517.75,0.14684677910452343,17,28_515_shc_2024-25.13263,177,206.0,301.9538392384847,14.448,80.092,88.0,0.1646222025156021,0.1816575825214386,1.38,1.0,1417.75,0.0010447991043822608,0.12601771728942357,1.251855731010437,316,321,1,0.12837638854980468,302.85319124857585,Indukurpet Bit - II
898.5,90,0.05676250159740448,0.17389999330043793,0.10225000232458115,0.05268333479762077,0.08354999870061874,0.06092999875545502,0.11860000342130661,0.2672714293003082,0.3337000012397766,0.341866672039032,0.35760000348091125,0.3813333213329315,334,530.9166666666666,0.5351901961594707,5,28_515_shc_2024-25.15531,177,109.8,301.9538392384847,14.448,80.148,301.0,0.48487040400505066,0.6974652409553528,0.48,1.1,1429.25,0.0010447991043822608,0.4667773193652973,0.5086778402328491,330,337,1,0.12837638854980468,302.85319124857585,Venkanapalem
881.1666666666666,320,0.04820000007748604,0.21815000474452972,0.12399999797344208,0.05380000174045563,0.07530000060796738,0.07720000296831131,0.10140000283718109,0.23180000483989716,0.27584999799728394,0.2883000075817108,0.3043000102043152,0.28679999709129333,335,552.5833333333334,0.391505939690679,95,28_515_shc_2024-25.1994,192,264.0,302.49272270202636,14.452,79.482,100.0,0.4795996844768524,0.5775649547576904,0.31,164.0,1433.75,0.00084826511597124,0.3658578891511155,0.7566770911216736,398,267,6,0.20886739095052084,303.21995014614527,Cheepinapi
887.3333333333334,341,0.05510000139474869,0.22495000064373016,0.18889999389648438,0.066600002348423,0.09239999949932098,0.11659999936819077,0.14390000700950623,0.17419999837875366,0.19329999387264252,0.19169999659061432,0.21279999613761902,0.21449999511241913,317,557.6666666666666,0.1348972527685876,95,28_515_shc_2024-25.4919,183,142.1,302.4607023027208,14.452,79.582,151.0,0.14243143796920776,0.24359390139579773,0.19,127.8,1444.9166666666667,0.0008794198901265007,0.13936656735969666,1.173448085784912,406,277,3,0.21307686699761286,303.19962679545085,Chittaluru
885.1666666666666,180,0.04690000042319298,0.2639999985694885,0.2184000015258789,0.06040000170469284,0.08739999681711197,0.11959999799728394,0.14489999413490295,0.16380000114440918,0.18279999494552612,0.18639999628067017,0.19930000603199005,0.20569999516010284,329,550.6666666666666,0.11509303858787986,99,28_515_shc_2024-25.5868,180,142.1,302.4607023027208,14.452,79.588,113.0,0.12526412308216095,0.21830065548419952,0.61,164.0,1436.0,0.0008794198901265007,0.12431761555388393,1.4163089990615845,404,267,2,0.21307686699761286,303.19962679545085,Chittaluru
896.1666666666666,194,0.07490000128746033,0.30764999985694885,0.23250000178813934,0.07935000211000443,0.10859999805688858,0.11550000309944153,0.17659999430179596,0.2680000066757202,0.30924999713897705,0.3061999976634979,0.3328000009059906,0.28734999895095825,347,544.5,0.3395473790662174,18,28_515_shc_2024-25.1497,183,277.0,302.2631165822347,14.452,80.038,188.0,0.2684341371059418,0.4522171914577484,1.32,17.0,1440.8333333333333,0.0010014368456039966,0.3103504303019486,1.0047354698181152,318,335,4,0.18847647772894965,303.038862906562,Pedda Cherukur
898.5,296,0.09554000198841095,0.3315750062465668,0.27549999952316284,0.1391499936580658,0.16486667096614838,0.18873333930969238,0.21355000138282776,0.2607666552066803,0.28357142210006714,0.27144286036491394,0.30752500891685486,0.31438180804252625,321,530.9166666666666,0.1520151999041308,13,28_515_shc_2024-25.18140,186,58.1,302.1325176239014,14.452,80.132,213.0,0.11936847865581512,0.17973445355892181,0.91,1.1,1429.25,0.000995950695305936,0.12920991129011158,1.2215278148651123,344,335,2,0.15286530388726127,303.0166895124647,Potlapudi
883.5833333333334,270,0.05096153914928436,0.19629999995231628,0.1076333299279213,0.05114375054836273,0.08365000039339066,0.07259999960660934,0.13840000331401825,0.2596142888069153,0.3197999894618988,0.3150399923324585,0.34139999747276306,0.33274999260902405,325,548.0,0.4433595868394736,38,28_515_shc_2024-25.18422,186,271.2,302.27999483744304,14.455,79.785,188.0,0.3895553648471832,0.6254256367683411,0.44,79.7,1431.5833333333333,0.0009831981735486926,0.4096931102601078,0.6230955123901367,342,333,2,0.22191090053982204,303.050776969062,Kandamur
900.0833333333334,0,0.06998500227928162,0.27094998955726624,0.1742333322763443,0.09792856872081757,0.129088893532753,0.1436000019311905,0.20523333549499512,0.3093400001525879,0.3716999888420105,0.379720002412796,0.41757142543792725,0.39607271552085876,352,517.75,0.3917428736990119,13,28_515_shc_2024-25.16306,180,290.0,302.1325176239014,14.455,80.085,151.0,0.2982915937900543,0.45119619369506836,1.08,1.0,1417.75,0.000995950695305936,0.34610874332458724,0.7135520577430725,319,329,0,0.15286530388726127,303.0166895124647,Indukurpet Bit - II
894.0,134,0.05900999903678894,0.3546000123023987,0.2443999946117401,0.08238749951124191,0.11909999698400497,0.15410000085830688,0.2045000046491623,0.267214298248291,0.3150833249092102,0.3231000006198883,0.34049999713897705,0.33121249079704285,312,535.0,0.2592352541282977,31,28_515_shc_2024-25.19847,177,90.4,302.3266202714708,14.458,79.892,138.0,0.2247914969921112,0.35414919257164,0.54,89.5,1429.0,0.0010213323722103793,0.25941465335541,1.097493052482605,383,305,1,0.21645736694335938,303.1242741478814,Devarapalem
885.3333333333334,270,0.055799998342990875,0.25494998693466187,0.21355000138282776,0.06700000166893005,0.09319999814033508,0.13259999454021454,0.155349999666214,0.180649995803833,0.19945000112056732,0.210999995470047,0.22619999945163727,0.2660500109195709,336,553.6666666666666,0.13031049053572147,88,28_515_shc_2024-25.4971,183,368.1,302.4607023027208,14.462,79.578,163.0,0.1519039124250412,0.22817230224609375,0.18,108.1,1439.0,0.0008794198901265007,0.13940256375929805,1.2082937955856323,397,268,1,0.21307686699761286,303.19962679545085,Chittaluru
893.0,226,0.05636666715145111,0.19359999895095825,0.10450000315904617,0.07769999653100967,0.10740000009536743,0.10633333027362823,0.1656000018119812,0.31189998984336853,0.39346668124198914,0.41280001401901245,0.42260000109672546,0.40041667222976685,334,514.5,0.5218941439663023,10,28_515_shc_2023-24.6876,183,406.8,302.1325176239014,14.462,80.118,100.0,0.4273858964443207,0.5903428792953491,0.76,17.5,1407.5,0.000995950695305936,0.4510695564937526,0.4689922332763672,353,313,1,0.15286530388726127,303.0166895124647,Indukurpet Bit - I
859.5,46,0.05739999935030937,0.2443999946117401,0.19210000336170197,0.07370000332593918,0.096950002014637,0.10429999977350235,0.15684999525547028,0.2106499969959259,0.24445000290870667,0.2590999901294708,0.26785001158714294,0.29794999957084656,375,582.8333333333334,0.29050781548531923,88,28_515_shc_2024-25.4023,177,432.0,302.08073268466524,14.465,79.375,176.0,0.24582281708717346,0.42597687244415283,1.53,1.0,1442.5,0.0008139759672833375,0.26893674803036166,0.9432651400566101,384,242,1,0.21151135762532552,302.933882437812,Kulluru
889.25,0,0.052549999207258224,0.19657500088214874,0.10382500290870667,0.06077999994158745,0.08786666393280029,0.0726500004529953,0.1477999985218048,0.28404998779296875,0.3486666679382324,0.361942857503891,0.37220001220703125,0.3647800087928772,362,541.3333333333334,0.5389239867278971,23,28_515_shc_2024-25.7882,180,84.0,302.3266202714708,14.465,79.905,251.0,0.42009976506233215,0.6656640768051147,1.41,154.0,1430.5,0.0010213323722103793,0.46430836902068606,0.5431106090545654,326,313,0,0.21645736694335938,303.1242741478814,Devarapalem
880.25,90,0.05703749880194664,0.28679999709129333,0.19383999705314636,0.05677499994635582,0.08789999783039093,0.09144999831914902,0.15417499840259552,0.2520666718482971,0.2873600125312805,0.31536000967025757,0.31439998745918274,0.31306666135787964,327,546.5833333333334,0.3892063281060061,47,28_515_shc_2024-25.8219,177,116.2,302.27999483744304,14.468,79.768,113.0,0.3432864546775818,0.5504043698310852,0.82,1.1,1426.9166666666667,0.0009831981735486926,0.3703808009037616,0.909436821937561,361,312,1,0.22191090053982204,303.050776969062,Vellanti
889.25,333,0.06840000301599503,0.3174000084400177,0.20630000531673431,0.08150000125169754,0.11569999903440475,0.13979999721050262,0.18629999458789825,0.26899999380111694,0.3091999888420105,0.3192000091075897,0.3449999988079071,0.3450666666030884,300,541.3333333333334,0.28996284769811026,29,28_515_shc_2024-25.4204,183,284.1,302.3266202714708,14.468,79.878,88.0,0.26290804147720337,0.39084967970848083,0.44,42.6,1430.5,0.0010213323722103793,0.28060481342309024,0.9943609237670898,367,333,2,0.21645736694335938,303.1242741478814,Devarapalem
889.25,0,0.060616668313741684,0.28218182921409607,0.20800000429153442,0.05345555394887924,0.0801376923918724,0.10654285550117493,0.15320999920368195,0.22754999995231628,0.25224998593330383,0.26080000400543213,0.27000001072883606,0.27160000801086426,353,541.3333333333334,0.25724265056488804,31,28_515_shc_2024-25.19846,180,161.4,302.3266202714708,14.468,79.892,176.0,0.2598729729652405,0.4199269115924835,0.72,91.7,1430.5,0.0010213323722103793,0.26677538209977414,1.0819854736328125,322,325,1,0.21645736694335938,303.1242741478814,Devarapalem
847.1666666666666,134,0.03099999949336052,0.1873999983072281,0.10119999945163727,0.03999999910593033,0.07280000299215317,0.06840000301599503,0.13410000503063202,0.2671000063419342,0.3174999952316284,0.3384000062942505,0.3504999876022339,0.32019999623298645,359,589.25,0.4659028117808148,86,28_515_shc_2024-25.4048,177,206.0,302.08073268466524,14.472,79.372,176.0,0.43238094449043274,0.6637167930603027,0.9,58.0,1436.1666666666667,0.0008139759672833375,0.4466254970877704,0.5537824630737305,388,252,1,0.21151135762532552,302.933882437812,Kulluru
886.9166666666666,226,0.0414000004529953,0.23100000619888306,0.14390000700950623,0.07079999893903732,0.0982000008225441,0.0877000018954277,0.149399995803833,0.2700999975204468,0.3190000057220459,0.3391999900341034,0.3560999929904938,0.33809998631477356,342,535.25,0.4711855260300959,24,28_515_shc_2024-25.19848,183,77.5,302.3266202714708,14.472,79.872,251.0,0.3884568214416504,0.5891309380531311,0.28,79.7,1422.0,0.0010213323722103793,0.40700181841914884,0.6810141801834106,330,327,1,0.21645736694335938,303.1242741478814,Devarapalem
881.5833333333334,270,0.034449998289346695,0.2825999855995178,0.20669999718666077,0.04805000126361847,0.07594999670982361,0.12200000137090683,0.14544999599456787,0.20239999890327454,0.22869999706745148,0.23090000450611115,0.2488500028848648,0.26535001397132874,347,552.5833333333334,0.1698881498167732,72,28_515_shc_2024-25.17752,192,135.6,302.4607023027208,14.475,79.635,213.0,0.2270493060350418,0.3085860013961792,0.51,99.4,1434.1666666666667,0.0008794198901265007,0.19152304323745117,1.223906397819519,404,249,4,0.21307686699761286,303.19962679545085,Vavileru
847.1666666666666,120,0.04580000042915344,0.31139999628067017,0.24629999697208405,0.0803999975323677,0.10540000349283218,0.13099999725818634,0.17219999432563782,0.21250000596046448,0.22759999334812164,0.19660000503063202,0.24690000712871552,0.2809999883174896,359,589.25,0.11887504971632912,86,28_515_shc_2024-25.4035,165,245.0,302.08073268466524,14.478,79.372,138.0,0.06616055220365524,0.2002442181110382,0.83,27.0,1436.1666666666667,0.0008139759672833375,0.11889803212485806,1.5839266777038574,384,256,6,0.21151135762532552,302.933882437812,Kulluru
878.0833333333334,145,0.06419999897480011,0.3607499897480011,0.28780001401901245,0.11559999734163284,0.14730000495910645,0.17890000343322754,0.2134999930858612,0.24330000579357147,0.265500009059906,0.2754000127315521,0.29295000433921814,0.28995001316070557,318,555.9166666666666,0.16280875595438343,48,28_515_shc_2024-25.998,168,238.9,302.36410399542916,14.478,79.678,238.0,0.12661080062389374,0.2124147117137909,0.27,32.8,1434.0,0.0009256020248584838,0.15168187309607337,1.3099128007888794,386,296,7,0.21816397772894966,303.14819450378417,Navooru
889.25,180,0.07320000231266022,0.35760000348091125,0.27950000762939453,0.08919999748468399,0.13660000264644623,0.16339999437332153,0.20550000667572021,0.29670000076293945,0.32510000467300415,0.34040001034736633,0.33660000562667847,0.2955999970436096,351,541.3333333333334,0.26788959992337424,23,28_515_shc_2024-25.17622,180,122.0,302.3266202714708,14.478,79.892,100.0,0.2471148520708084,0.3513299226760864,1.35,164.0,1430.5,0.0010213323722103793,0.2644949419331233,1.0505287647247314,329,320,5,0.21645736694335938,303.1242741478814,Jonnawada
892.4166666666666,226,0.12020000070333481,0.32690000534057617,0.2543500065803528,0.0794999971985817,0.1088000014424324,0.10580000281333923,0.18080000579357147,0.27744999527931213,0.3206999897956848,0.31859999895095825,0.34505000710487366,0.33739998936653137,350,546.3333333333334,0.39199791909678733,22,28_515_shc_2024-25.6080,186,142.1,302.2631165822347,14.478,79.972,188.0,0.27593109011650085,0.5014137625694275,0.54,69.9,1438.75,0.0010014368456039966,0.3453050558169707,1.0260515213012695,352,298,3,0.18847647772894965,303.038862906562,Pothireddipalem
895.0,134,0.05415000021457672,0.2480500042438507,0.14650000631809235,0.04919999837875366,0.08139999955892563,0.07829999923706055,0.13875000178813934,0.24324999749660492,0.2797499895095825,0.28060001134872437,0.31424999237060547,0.31975001096725464,337,526.1666666666666,0.3661141040599828,12,28_515_shc_2024-25.16332,174,180.0,302.1325176239014,14.478,80.052,188.0,0.33826160430908203,0.5636667609214783,0.8,17.0,1421.0833333333333,0.000995950695305936,0.35330075029401553,0.8839985728263855,345,318,3,0.15286530388726127,303.0166895124647,Lebur Bit - II
895.0,259,0.05544999986886978,0.27425000071525574,0.16504999995231628,0.08810000121593475,0.11749999970197678,0.13120000064373016,0.20194999873638153,0.2858000099658966,0.32739999890327454,0.33959999680519104,0.374099999666214,0.35815000534057617,356,526.1666666666666,0.3553766879760405,15,28_515_shc_2024-25.13509,195,187.0,302.1325176239014,14.478,80.068,100.0,0.2541778087615967,0.44265079498291016,1.22,80.0,1421.0833333333333,0.000995950695305936,0.32200246710305414,0.8075677156448364,316,328,5,0.15286530388726127,303.0166895124647,Lebur Bit - II
891.5,0,0.032600000500679016,0.1615000069141388,0.0786999985575676,0.03669999912381172,0.061400000005960464,0.05090000107884407,0.10010000318288803,0.23170000314712524,0.3203999996185303,0.3287999927997589,0.34279999136924744,0.3465999960899353,328,553.6666666666666,0.5112402783873421,64,28_515_shc_2024-25.8510,180,174.3,302.49272270202636,14.482,79.532,251.0,0.5332245230674744,0.7318935990333557,0.59,99.4,1444.8333333333333,0.00084826511597124,0.4738547123815222,0.49118009209632874,381,291,0,0.20886739095052084,303.21995014614527,Nagulavellaturu
883.0,0,0.04259999841451645,0.19769999384880066,0.1256999969482422,0.044599998742341995,0.07020000368356705,0.06400000303983688,0.12530000507831573,0.19429999589920044,0.22190000116825104,0.21439999341964722,0.24959999322891235,0.24500000476837158,340,541.25,0.297491866188064,33,28_515_shc_2024-25.8283,180,96.9,302.27999483744304,14.482,79.802,100.0,0.26229020953178406,0.540229856967926,0.73,17.5,1424.1666666666667,0.0009831981735486926,0.2898252654109024,0.9221082329750061,358,303,0,0.22191090053982204,303.050776969062,Vellanti
883.0,0,0.04259999841451645,0.19769999384880066,0.1256999969482422,0.044599998742341995,0.07020000368356705,0.06400000303983688,0.12530000507831573,0.19429999589920044,0.22190000116825104,0.21439999341964722,0.24959999322891235,0.24500000476837158,340,541.25,0.297491866188064,33,28_515_shc_2024-25.2757,180,96.9,302.27999483744304,14.482,79.802,201.0,0.26229020953178406,0.540229856967926,0.87,7.6,1424.1666666666667,0.0009831981735486926,0.2898252654109024,0.9221082329750061,358,303,0,0.22191090053982204,303.050776969062,Vellanti
889.25,296,0.042899999767541885,0.2321999967098236,0.14339999854564667,0.06759999692440033,0.08349999785423279,0.09220000356435776,0.13930000364780426,0.25380000472068787,0.29580000042915344,0.30399999022483826,0.33329999446868896,0.3330000042915344,340,541.3333333333334,0.39216408906217,24,28_515_shc_2024-25.17410,186,180.0,302.3266202714708,14.482,79.898,113.0,0.3715316653251648,0.5345784425735474,0.75,164.0,1430.5,0.0010213323722103793,0.35449674424506866,0.7638158202171326,312,348,2,0.21645736694335938,303.1242741478814,Jonnawada
885.3333333333334,207,0.029850000515580177,0.2272000014781952,0.16615000367164612,0.03849999979138374,0.05979999899864197,0.07079999893903732,0.10935000330209732,0.19644999504089355,0.2184000015258789,0.19979999959468842,0.23649999499320984,0.22554999589920044,337,553.6666666666666,0.2414193231995128,81,28_515_shc_2024-25.914,183,180.8,302.4607023027208,14.485,79.575,18.0,0.292576402425766,0.47671839594841003,0.38,1.1,1439.0,0.0008794198901265007,0.2511030383489003,1.1371371746063232,400,263,2,0.21307686699761286,303.19962679545085,Chejerla
878.0833333333334,19,0.051899999380111694,0.2813499867916107,0.20874999463558197,0.06629999727010727,0.09149999916553497,0.11670000106096268,0.15839999914169312,0.2228499948978424,0.25049999356269836,0.25099998712539673,0.27880001068115234,0.2903999984264374,319,555.9166666666666,0.23092263278390973,51,28_515_shc_2024-25.8642,177,213.1,302.36410399542916,14.485,79.675,163.0,0.2261846363544464,0.3652433753013611,0.24,103.7,1434.0,0.0009256020248584838,0.23216547405712867,1.1209163665771484,393,287,3,0.21816397772894966,303.14819450378417,Navooru
893.6666666666666,46,0.05079999938607216,0.21960000693798065,0.1294499933719635,0.05290000140666962,0.07729999721050262,0.05584999918937683,0.11145000159740448,0.3111000061035156,0.37599998712539673,0.39100000262260437,0.412200003862381,0.39660000801086426,364,537.25,0.6302892516231222,21,28_515_shc_2024-25.12121,177,206.6,302.2631165822347,14.485,79.955,138.0,0.5563737750053406,0.7500279545783997,0.39,164.0,1431.1666666666667,0.0010014368456039966,0.5309447158343765,0.5616368651390076,334,302,1,0.18847647772894965,303.038862906562,Damaramadugu
878.0833333333334,194,0.05624999850988388,0.31299999356269836,0.22439999878406525,0.07254999876022339,0.10729999840259552,0.12160000205039978,0.17675000429153442,0.25519999861717224,0.2791999876499176,0.3027999997138977,0.31744998693466187,0.29280000925064087,321,555.9166666666666,0.3043792227048207,48,28_515_shc_2024-25.8708,183,96.9,302.36410399542916,14.488,79.678,63.0,0.2628505825996399,0.4269556999206543,0.62,15.3,1434.0,0.0009256020248584838,0.2940285547127791,1.033685564994812,392,287,4,0.21816397772894966,303.14819450378417,Navooru
886.9166666666666,180,0.04834999889135361,0.2968499958515167,0.2214999943971634,0.06870000064373016,0.1031000018119812,0.13369999825954437,0.18365000188350677,0.2612000107765198,0.29580000042915344,0.2987000048160553,0.3248000144958496,0.3179999887943268,337,535.25,0.26014569363416307,30,28_515_shc_2024-25.17473,180,116.0,302.3266202714708,14.488,79.872,151.0,0.23851974308490753,0.38159114122390747,0.45,164.0,1422.0,0.0010213323722103793,0.26544402511622356,0.9938064813613892,325,338,1,0.21645736694335938,303.1242741478814,Jonnawada
892.4166666666666,90,0.05169999971985817,0.22910000383853912,0.1453000009059906,0.0697999969124794,0.10040000081062317,0.08900000154972076,0.15160000324249268,0.27480000257492065,0.37439998984336853,0.3871999979019165,0.37439998984336853,0.35120001435279846,354,546.3333333333334,0.533376242891161,19,28_515_shc_2024-25.6834,177,174.3,302.2631165822347,14.488,79.978,138.0,0.4372679889202118,0.6262074708938599,0.55,16.4,1438.75,0.0010014368456039966,0.45820528045437037,0.5916839241981506,334,312,1,0.18847647772894965,303.038862906562,Kovur
885.3333333333334,314,0.03784999996423721,0.17839999496936798,0.09889999777078629,0.04854999855160713,0.07975000143051147,0.0904499962925911,0.1481499969959259,0.24674999713897705,0.3110499978065491,0.335999995470047,0.34529998898506165,0.34940001368522644,333,553.6666666666666,0.40531172401019494,59,28_515_shc_2024-25.5132,183,142.1,302.49272270202636,14.492,79.542,176.0,0.38799959421157837,0.5758002400398254,0.42,25.1,1439.0,0.00084826511597124,0.3975659798597644,0.5309523940086365,378,289,1,0.20886739095052084,303.21995014614527,Kalayapalem
893.6666666666666,134,0.053050000220537186,0.2626500129699707,0.17235000431537628,0.0786999985575676,0.1120000034570694,0.12250000238418579,0.18365000188350677,0.21895000338554382,0.2635999917984009,0.26589998602867126,0.28139999508857727,0.3019999861717224,355,537.25,0.2541381322631821,25,28_515_shc_2024-25.20592,177,142.1,302.3266202714708,14.492,79.932,138.0,0.18296070396900177,0.369206964969635,0.58,17.5,1431.1666666666667,0.0010213323722103793,0.2421206419092916,0.9877774715423584,320,325,1,0.21645736694335938,303.1242741478814,Damaramadugu
896.0,134,0.04479999840259552,0.212349995970726,0.12409999966621399,0.044199999421834946,0.0653500035405159,0.050999999046325684,0.1180500015616417,0.2451000064611435,0.28485000133514404,0.2847999930381775,0.3103500008583069,0.3122499883174896,328,542.1666666666666,0.4641467393426149,17,28_515_shc_2024-25.14031,177,155.0,302.2631165822347,14.492,80.018,163.0,0.41392576694488525,0.6962477564811707,0.33,38.0,1438.0833333333333,0.0010014368456039966,0.41959798314082825,0.7456109523773193,321,351,1,0.18847647772894965,303.038862906562,Inamadugu
896.0,296,0.07259999960660934,0.33399999141693115,0.29030001163482666,0.07090000063180923,0.10130000114440918,0.10700000077486038,0.18940000236034393,0.25110000371932983,0.2703999876976013,0.2808000147342682,0.3001999855041504,0.313400000333786,355,542.1666666666666,0.31235399901091876,16,28_515_shc_2024-25.7424,186,103.3,302.2631165822347,14.492,80.032,163.0,0.19438539445400238,0.44816917181015015,0.45,117.0,1438.0833333333333,0.0010014368456039966,0.29364723629747574,1.1894586086273193,335,310,2,0.18847647772894965,303.038862906562,Inamadugu
878.0833333333334,116,0.05620000138878822,0.30285000801086426,0.21815000474452972,0.08304999768733978,0.11129999905824661,0.1388999968767166,0.1733500063419342,0.24560000002384186,0.27425000071525574,0.28630000352859497,0.303600013256073,0.3138999938964844,326,555.9166666666666,0.24618777485969906,45,28_515_shc_2024-25.12074,174,58.1,302.36410399542916,14.498,79.682,88.0,0.2457304298877716,0.34666040539741516,0.38,48.0,1434.0,0.0009256020248584838,0.23897536735944447,1.0578064918518066,388,286,2,0.21816397772894966,303.14819450378417,Bhogasamudram
883.0,46,0.05454999953508377,0.33059999346733093,0.25665000081062317,0.08025000244379044,0.10779999941587448,0.14069999754428864,0.1773499995470047,0.2597000002861023,0.3098999857902527,0.3068000078201294,0.3330000042915344,0.32565000653266907,325,541.25,0.2680545678728232,31,28_515_shc_2024-25.2842,177,232.5,302.27999483744304,14.498,79.822,301.0,0.2673758268356323,0.3711732029914856,0.53,18.1,1424.1666666666667,0.0009831981735486926,0.26295515989779394,1.0775749683380127,348,327,1,0.22191090053982204,303.050776969062,Sajjapuram
886.9166666666666,0,0.062049999833106995,0.3590500056743622,0.25859999656677246,0.07689999788999557,0.11500000208616257,0.14139999449253082,0.20100000500679016,0.27854999899864197,0.32739999890327454,0.3463999927043915,0.36434999108314514,0.33184999227523804,350,535.25,0.3167392869779295,29,28_515_shc_2024-25.17273,180,180.0,302.3266202714708,14.498,79.868,151.0,0.26561927795410156,0.4202542006969452,1.35,164.0,1422.0,0.0010213323722103793,0.31129783488900725,1.0365184545516968,317,333,1,0.21645736694335938,303.1242741478814,Jonnawada
893.6666666666666,256,0.07665000110864639,0.31679999828338623,0.2533000111579895,0.10170000046491623,0.13570000231266022,0.15119999647140503,0.1889999955892563,0.2554500102996826,0.28220000863075256,0.2888000011444092,0.30309998989105225,0.3121500015258789,365,537.25,0.2400139663884225,23,28_515_shc_2024-25.12062,192,355.1,302.3266202714708,14.498,79.932,201.0,0.20887401700019836,0.31272727251052856,0.91,18.6,1431.1666666666667,0.0010213323722103793,0.21957447609894953,1.0969529151916504,307,328,4,0.21645736694335938,303.1242741478814,Damaramadugu
896.0,116,0.05829999968409538,0.26684999465942383,0.19325000047683716,0.0697999969124794,0.10554999858140945,0.11190000176429749,0.16134999692440033,0.2627499997615814,0.302700012922287,0.3093000054359436,0.31654998660087585,0.3084000051021576,332,542.1666666666666,0.33866318687271746,20,28_515_shc_2024-25.15511,174,284.1,302.2631165822347,14.498,80.002,138.0,0.31435251235961914,0.46866098046302795,0.82,62.0,1438.0833333333333,0.0010014368456039966,0.3214285748948176,0.8627545833587646,335,333,2,0.18847647772894965,303.038862906562,Padugupadu
893.0,90,0.05249999836087227,0.181099995970726,0.09549999982118607,0.06539999693632126,0.08919999748468399,0.08579999953508377,0.13930000364780426,0.28220000863075256,0.3970000147819519,0.3668000102043152,0.4198000133037567,0.4108999967575073,331,514.5,0.5049960544353621,10,28_515_shc_2024-25.13242,174,290.0,302.1325176239014,14.498,80.102,176.0,0.4495159089565277,0.620857298374176,1.08,70.0,1407.5,0.000995950695305936,0.44247324343315525,0.49372953176498413,349,320,2,0.15286530388726127,303.0166895124647,Punnur
869.3333333333334,27,0.031700000166893005,0.21699999272823334,0.11010000109672546,0.0414000004529953,0.07000000029802322,0.049800001084804535,0.11264999955892563,0.2879500091075897,0.33709999918937683,0.3458000123500824,0.3703500032424927,0.3460499942302704,372,568.8333333333334,0.5546810730732508,75,28_515_shc_2024-25.18418,177,174.0,302.08073268466524,14.502,79.378,125.0,0.5085614919662476,0.748230516910553,1.01,157.0,1438.5,0.0008139759672833375,0.4957570458212114,0.6275303363800049,379,249,2,0.21151135762532552,302.933882437812,Kulluru
881.0,226,0.03970000147819519,0.23659999668598175,0.13840000331401825,0.04960000142455101,0.07609999924898148,0.06210000067949295,0.1251000016927719,0.33250001072883606,0.38495001196861267,0.3880000114440918,0.40424999594688416,0.3695499897003174,344,563.75,0.5867420596813153,81,28_515_shc_2024-25.2937,183,303.0,302.08073268466524,14.502,79.448,163.0,0.5123757719993591,0.7240613102912903,0.56,164.0,1444.75,0.0008139759672833375,0.514524797293983,0.6097937822341919,391,265,1,0.21151135762532552,302.933882437812,Thopugunta
885.5,180,0.03909999877214432,0.2943499982357025,0.2110999971628189,0.061900001019239426,0.09224999696016312,0.11089999973773956,0.15360000729560852,0.20630000531673431,0.22904999554157257,0.22910000383853912,0.2602500021457672,0.2596000134944916,329,549.9166666666666,0.2066072444421641,58,28_515_shc_2024-25.5405,180,77.5,302.4607023027208,14.502,79.618,88.0,0.19728244841098785,0.3476470708847046,0.24,52.7,1435.4166666666667,0.0008794198901265007,0.21107143499565362,1.2848100662231445,380,291,1,0.21307686699761286,303.19962679545085,Paderu
894.0,226,0.05575000122189522,0.2554500102996826,0.18485000729560852,0.06610000133514404,0.10154999792575836,0.11860000342130661,0.15254999697208405,0.23634999990463257,0.26365000009536743,0.28049999475479126,0.28220000863075256,0.27274999022483826,355,517.5,0.2704915139562791,9,28_515_shc_2024-25.13920,183,277.0,302.1325176239014,14.505459,80.142604,125.0,0.295462429523468,0.4056627154350281,1.38,25.0,1411.3333333333333,0.000995950695305936,0.2701034228593807,0.9106952548027039,315,329,1,0.15286530388726127,303.0166895124647,Somarajupalle
881.0,153,0.031950000673532486,0.25894999504089355,0.18320000171661377,0.06334999948740005,0.09395000338554382,0.12049999833106995,0.14345000684261322,0.22339999675750732,0.2508000135421753,0.27219998836517334,0.27854999899864197,0.2660999894142151,310,563.75,0.24949425490665336,88,28_515_shc_2024-25.1964,174,251.0,302.08073268466524,14.508,79.432,138.0,0.30975577235221863,0.3862999677658081,0.9,35.0,1444.75,0.0008139759672833375,0.2549008496048997,0.9513225555419922,409,281,4,0.21151135762532552,302.933882437812,Kaluvoya
884.75,226,0.04989999905228615,0.25270000100135803,0.16769999265670776,0.06019999831914902,0.08980000019073486,0.09459999948740005,0.1500999927520752,0.24269999563694,0.2867000102996826,0.2996000051498413,0.3203999996185303,0.31450000405311584,357,518.3333333333334,0.3620117318934414,28,28_515_shc_2024-25.9426,183,219.5,302.3266202714708,14.508,79.852,163.0,0.33244389295578003,0.5200405716896057,0.17,69.9,1403.1666666666667,0.0010213323722103793,0.34388280798366616,0.8434579372406006,322,320,1,0.21645736694335938,303.1242741478814,Panchedu
884.75,314,0.051899999380111694,0.27250000834465027,0.17980000376701355,0.06970000267028809,0.09955000132322311,0.12610000371932983,0.18524999916553497,0.26704999804496765,0.304749995470047,0.3192000091075897,0.35120001435279846,0.361299991607666,353,518.3333333333334,0.31083996647126017,24,28_515_shc_2024-25.5584,183,96.9,302.3266202714708,14.508,79.868,226.0,0.26553672552108765,0.4336402416229248,0.18,136.7,1403.1666666666667,0.0010213323722103793,0.3064106676738441,0.8536967635154724,321,327,1,0.21645736694335938,303.1242741478814,Panchedu
886.25,226,0.09009999781847,0.3233500123023987,0.28804999589920044,0.10409999638795853,0.13570000231266022,0.17710000276565552,0.1996999979019165,0.2295999974012375,0.24664999544620514,0.2513999938964844,0.26840001344680786,0.27764999866485596,357,519.0,0.12114787104141325,24,28_515_shc_2024-25.12330,183,71.0,302.3266202714708,14.508,79.922,151.0,0.11460872739553452,0.1733955442905426,0.93,3.3,1405.0,0.0010213323722103793,0.1200322962809847,1.2861974239349365,324,319,1,0.21645736694335938,303.1242741478814,Damaramadugu
887.5,116,0.08910000324249268,0.3328999876976013,0.29510000348091125,0.11219999939203262,0.14560000598430634,0.1632000058889389,0.21619999408721924,0.24459999799728394,0.25949999690055847,0.30239999294281006,0.2897000014781952,0.2996000051498413,345,520.6666666666666,0.24164985744032713,23,28_515_shc_2024-25.653,174,109.8,302.2631165822347,14.508,79.982,163.0,0.16621674597263336,0.298969030380249,0.75,164.0,1408.25,0.0010014368456039966,0.21623858826991268,1.1008597612380981,336,319,2,0.18847647772894965,303.038862906562,Kovur
892.9166666666666,90,0.03765000030398369,0.196150004863739,0.09794999659061432,0.041999999433755875,0.07339999824762344,0.04340000078082085,0.11445000022649765,0.35635000467300415,0.43140000104904175,0.42579999566078186,0.4558500051498413,0.4239000082015991,346,519.4166666666666,0.6971995215854633,19,28_515_shc_2024-25.15040,177,167.9,302.2631165822347,14.508,80.018,125.0,0.5763072371482849,0.8150042295455933,0.66,62.0,1412.25,0.0010014368456039966,0.5918283062586688,0.460662305355072,319,334,1,0.18847647772894965,303.038862906562,Inamadugu
892.9166666666666,27,0.05739999935030937,0.2487500011920929,0.1579499989748001,0.07564999908208847,0.09910000115633011,0.11460000276565552,0.18045000731945038,0.3024500012397766,0.3398999869823456,0.35199999809265137,0.38449999690055847,0.34700000286102295,331,519.4166666666666,0.4031313010046536,15,28_515_shc_2024-25.14815,177,135.6,302.2631165822347,14.508,80.038,163.0,0.3221898674964905,0.5087869763374329,0.72,43.0,1412.25,0.0010014368456039966,0.3684047099878848,0.7066761255264282,351,318,2,0.18847647772894965,303.038862906562,Vegur
857.25,270,0.02734999917447567,0.1459999978542328,0.08195000141859055,0.03819999843835831,0.06324999779462814,0.058150000870227814,0.10734999924898148,0.21619999408721924,0.28665000200271606,0.2745000123977661,0.3100000023841858,0.3188999891281128,366,579.8333333333334,0.40457402719134167,67,28_515_shc_2024-25.18447,183,116.0,302.08073268466524,14.512,79.372,113.0,0.4377373456954956,0.6503832936286926,0.9,129.0,1437.0,0.0008139759672833375,0.38974960922369783,0.5318760871887207,390,244,1,0.21151135762532552,302.933882437812,Kulluru
869.3333333333334,341,0.05490000173449516,0.22429999709129333,0.17810000479221344,0.04439999908208847,0.06790000200271606,0.05950000137090683,0.12080000340938568,0.19599999487400055,0.2176000028848648,0.24459999799728394,0.24660000205039978,0.26100000739097595,342,568.8333333333334,0.36477217939843243,79,28_515_shc_2024-25.11493,183,142.0,302.08073268466524,14.512,79.412,125.0,0.33880677819252014,0.608681321144104,0.79,38.0,1438.5,0.0008139759672833375,0.34529286799866293,0.917007327079773,376,283,3,0.21151135762532552,302.933882437812,Kaluvoya
881.0,90,0.03689999878406525,0.25380000472068787,0.18569999933242798,0.06414999812841415,0.09210000187158585,0.0908999964594841,0.12890000641345978,0.21649999916553497,0.24705000221729279,0.25429999828338623,0.26649999618530273,0.2600499987602234,332,563.75,0.3098041501803694,80,28_515_shc_2024-25.21415,177,155.0,302.08073268466524,14.512,79.422,125.0,0.32724422216415405,0.47334879636764526,1.07,165.0,1444.75,0.0008139759672833375,0.2899905398253325,0.9980338215827942,398,270,1,0.21151135762532552,302.933882437812,Kaluvoya
887.0,244,0.05009999871253967,0.22939999401569366,0.13885000348091125,0.05590000003576279,0.09019999951124191,0.08309999853372574,0.14204999804496765,0.2646999955177307,0.30649998784065247,0.31459999084472656,0.3359000086784363,0.3285500109195709,372,519.0833333333334,0.4151870499965446,26,28_515_shc_2024-25.11648,186,116.0,302.3266202714708,14.512,79.882,138.0,0.37786048650741577,0.582097053527832,1.05,131.0,1406.1666666666667,0.0010213323722103793,0.38682186986203426,0.7291799187660217,306,322,2,0.21645736694335938,303.1242741478814,Penuballe
887.5,0,0.08990000188350677,0.323199987411499,0.259799987077713,0.0892999991774559,0.12600000202655792,0.14560000598430634,0.20229999721050262,0.26109999418258667,0.2892000079154968,0.2978000044822693,0.31360000371932983,0.3158000111579895,348,520.6666666666666,0.2533879295760516,22,28_515_shc_2024-25.7482,180,174.3,302.2631165822347,14.512,79.968,176.0,0.1909618228673935,0.3432566523551941,0.52,164.0,1408.25,0.0010014368456039966,0.24199702693880035,1.085292100906372,329,323,0,0.18847647772894965,303.038862906562,Kovur
887.5,64,0.059700001031160355,0.33379998803138733,0.2281000018119812,0.09120000153779984,0.11159999668598175,0.12540000677108765,0.1809999942779541,0.25189998745918274,0.3179999887943268,0.3424000144004822,0.3601999878883362,0.3407000005245209,354,520.6666666666666,0.38453359962345524,16,28_515_shc_2024-25.15284,174,187.3,302.2631165822347,14.512,79.992,188.0,0.30836838483810425,0.4638734459877014,0.55,164.0,1408.25,0.0010014368456039966,0.33632982467809613,0.9748830795288086,335,311,2,0.18847647772894965,303.038862906562,Kovur
892.9166666666666,46,0.0466499999165535,0.22095000743865967,0.12330000102519989,0.054499998688697815,0.08335000276565552,0.05764999985694885,0.1269499957561493,0.3552500009536743,0.42114999890327454,0.4115999937057495,0.4417499899864197,0.37264999747276306,351,519.4166666666666,0.656070422882138,19,28_515_shc_2024-25.14962,177,568.2,302.2631165822347,14.512,80.018,63.0,0.5285488963127136,0.7542887330055237,0.42,17.0,1412.25,0.0010014368456039966,0.5477688875928342,0.5368075966835022,328,321,1,0.18847647772894965,303.038862906562,Inamadugu
892.75,270,0.07395000010728836,0.31839999556541443,0.26535001397132874,0.10199999809265137,0.13600000739097595,0.17430000007152557,0.2334499955177307,0.2791000008583069,0.33379998803138733,0.3172000050544739,0.3463999927043915,0.29945001006126404,327,524.9166666666666,0.22356070590324506,12,28_515_shc_2024-25.13873,183,161.0,302.1325176239014,14.512,80.062,113.0,0.15209299325942993,0.2907426357269287,0.78,19.0,1417.9166666666667,0.000995950695305936,0.2161876009745284,1.003783106803894,336,338,1,0.15286530388726127,303.0166895124647,Pallipadu
894.25,0,0.02914999984204769,0.15974999964237213,0.07680000364780426,0.03689999878406525,0.05920000001788139,0.03864999860525131,0.09735000133514404,0.25690001249313354,0.3479999899864197,0.35040000081062317,0.3817000091075897,0.3670499920845032,332,551.3333333333334,0.596970628915917,70,28_515_shc_2024-25.9715,180,180.8,302.49272270202636,14.515,79.485,301.0,0.5651591420173645,0.8013108968734741,0.44,102.6,1445.4166666666667,0.00084826511597124,0.5259827946856732,0.45590752363204956,396,271,1,0.20886739095052084,303.21995014614527,Kakivaya
890.5,180,0.05144999921321869,0.34049999713897705,0.23199999332427979,0.07254999876022339,0.1005999967455864,0.12620000541210175,0.17024999856948853,0.2333499938249588,0.2615000009536743,0.27129998803138733,0.2976999878883362,0.29534998536109924,332,547.5,0.24437891318915692,61,28_515_shc_2024-25.19057,180,129.1,302.4607023027208,14.515,79.565,88.0,0.22885288298130035,0.3650314211845398,0.19,52.4,1438.0,0.0008794198901265007,0.24250693651134014,1.2550681829452515,369,299,2,0.21307686699761286,303.19962679545085,Chejerla
886.25,226,0.06159999966621399,0.22360000014305115,0.13529999554157257,0.045499999076128006,0.07500000298023224,0.05770000070333481,0.11320000141859055,0.2395000010728836,0.2766999900341034,0.301800012588501,0.31189998984336853,0.30320000648498535,384,519.0,0.46699829242588115,26,28_515_shc_2024-25.14230,183,180.8,302.3266202714708,14.515,79.945,176.0,0.4544578492641449,0.678998589515686,0.36,164.0,1405.0,0.0010213323722103793,0.4260035045554167,0.7408879995346069,313,303,1,0.21645736694335938,303.1242741478814,Patur
869.3333333333334,226,0.032749999314546585,0.19304999709129333,0.1075500026345253,0.04969999939203262,0.08829999715089798,0.09109999984502792,0.17339999973773956,0.2678000032901764,0.33059999346733093,0.33820000290870667,0.3534500002861023,0.36754998564720154,345,568.8333333333334,0.4085513078190742,72,28_515_shc_2024-25.4000,183,644.0,302.08073268466524,14.518,79.392,138.0,0.3221266567707062,0.5755881667137146,0.44,70.0,1438.5,0.0008139759672833375,0.3988485994804637,0.5708160996437073,372,283,1,0.21151135762532552,302.933882437812,Kaluvoya
883.9166666666666,64,0.03044999949634075,0.22390000522136688,0.1440500020980835,0.040150001645088196,0.06889999657869339,0.06724999845027924,0.12470000237226486,0.24504999816417694,0.2863500118255615,0.29249998927116394,0.31575000286102295,0.29284998774528503,308,546.4166666666666,0.4037100027733066,56,28_515_shc_2024-25.5504,174,142.1,302.4607023027208,14.518,79.632,138.0,0.40220513939857483,0.6261292695999146,0.16,164.0,1430.3333333333333,0.0008794198901265007,0.3929921384782825,0.7654701471328735,375,317,2,0.21307686699761286,303.19962679545085,Paderu
881.25,134,0.06360000371932983,0.31529998779296875,0.21275000274181366,0.06080000102519989,0.0869000032544136,0.10509999841451645,0.15620000660419464,0.24924999475479126,0.2885499894618988,0.31200000643730164,0.3172999918460846,0.29545000195503235,347,529.0833333333334,0.3479416277427788,35,28_515_shc_2024-25.4096,177,226.0,302.27999483744304,14.518,79.802,151.0,0.33276376128196716,0.4960441291332245,0.31,62.2,1410.4166666666667,0.0009831981735486926,0.33840367505430674,1.010576844215393,362,291,1,0.22191090053982204,303.050776969062,Golla Kandukur
887.0,215,0.07015000283718109,0.10859999805688858,0.07329999655485153,0.06904999911785126,0.10540000349283218,0.07705000042915344,0.12084999680519104,0.11055000126361847,0.12065000087022781,0.09059999883174896,0.11339999735355377,0.23510000109672546,357,519.0833333333334,0.03272867393919343,25,28_515_shc_2024-25.5760,186,644.0,302.3266202714708,14.518,79.892,113.0,-0.14305981993675232,0.0808231309056282,0.65,164.0,1406.1666666666667,0.0010213323722103793,0.030442593614009326,1.198675513267517,323,321,3,0.21645736694335938,303.1242741478814,Chellayapalem
887.0,333,0.05934999883174896,0.28744998574256897,0.21154999732971191,0.08365000039339066,0.10970000177621841,0.13249999284744263,0.18694999814033508,0.23725000023841858,0.2685999870300293,0.263700008392334,0.2924500107765198,0.27219998836517334,358,519.0833333333334,0.22915833053260395,24,28_515_shc_2024-25.5601,183,167.9,302.3266202714708,14.518,79.908,113.0,0.17030957341194153,0.33114591240882874,0.39,128.3,1406.1666666666667,0.0010213323722103793,0.21959386637479322,1.0900644063949585,300,342,2,0.21645736694335938,303.1242741478814,Damaramadugu
881.25,180,0.04019999876618385,0.225600004196167,0.13089999556541443,0.0544000007212162,0.08020000159740448,0.08079999685287476,0.13289999961853027,0.24150000512599945,0.2777999937534332,0.2865999937057495,0.31209999322891235,0.34040001034736633,341,529.0833333333334,0.377365412699378,31,28_515_shc_2024-25.11441,180,142.1,302.27999483744304,14.522,79.798,63.0,0.36638855934143066,0.5601524114608765,0.28,79.7,1410.4166666666667,0.0009831981735486926,0.35589116744225774,0.7871598601341248,354,305,1,0.22191090053982204,303.050776969062,Golla Kandukur
881.25,333,0.04479999840259552,0.17659999430179596,0.09969999641180038,0.04839999973773956,0.07699999958276749,0.061000000685453415,0.11309999972581863,0.2215999960899353,0.2809999883174896,0.29899999499320984,0.29510000348091125,0.3091000020503998,323,529.0833333333334,0.45698923600544916,35,28_515_shc_2024-25.39,183,322.0,302.27999483744304,14.522,79.832,176.0,0.4511041045188904,0.6611111164093018,1.2,35.0,1410.4166666666667,0.0009831981735486926,0.4151162712273161,0.5906354188919067,344,333,2,0.22191090053982204,303.050776969062,Annareddipalem
884.75,314,0.0385500006377697,0.24250000715255737,0.15070000290870667,0.05389999970793724,0.08794999867677689,0.09844999760389328,0.14380000531673431,0.25485000014305115,0.29899999499320984,0.3093000054359436,0.3250499963760376,0.3237000107765198,346,518.3333333333334,0.35241519101387797,28,28_515_shc_2024-25.12066,186,148.5,302.27999483744304,14.522,79.842,201.0,0.3652615249156952,0.5171060562133789,0.75,164.0,1403.1666666666667,0.0009831981735486926,0.3484164259861706,0.7840284705162048,328,327,3,0.22191090053982204,303.050776969062,Panchedu
884.75,90,0.049300000071525574,0.287200003862381,0.16005000472068787,0.06289999932050705,0.09629999846220016,0.11159999668598175,0.1619500070810318,0.2870999872684479,0.3382500112056732,0.33899998664855957,0.3787499964237213,0.37325000762939453,356,518.3333333333334,0.3699124737713779,29,28_515_shc_2024-25.9196,174,148.5,302.27999483744304,14.522,79.848,201.0,0.353428453207016,0.504660427570343,0.75,164.0,1403.1666666666667,0.0009831981735486926,0.3588259950808611,0.8471977114677429,318,326,2,0.22191090053982204,303.050776969062,Panchedu
887.0,180,0.03945000097155571,0.23600000143051147,0.14720000326633453,0.042149998247623444,0.06650000065565109,0.05900000035762787,0.11084999889135361,0.22699999809265137,0.2716499865055084,0.27410000562667847,0.2953000068664551,0.29934999346733093,370,519.0833333333334,0.40987824051518706,30,28_515_shc_2024-25.11681,180,560.0,302.3266202714708,14.522,79.888,176.0,0.42408105731010437,0.6457520127296448,1.08,164.0,1406.1666666666667,0.0010213323722103793,0.38728844746839897,0.8609996438026428,324,307,1,0.21645736694335938,303.1242741478814,Chellayapalem
892.9166666666666,180,0.046300001442432404,0.2799000144004822,0.16580000519752502,0.05559999868273735,0.10499999672174454,0.09160000085830688,0.17910000681877136,0.2842999994754791,0.3513000011444092,0.3684000074863434,0.390500009059906,0.3596999943256378,348,519.4166666666666,0.46102598680199164,12,28_515_shc_2024-25.10352,180,310.4,302.2631165822347,14.522,80.028,125.0,0.34575343132019043,0.6017391085624695,0.52,52.4,1412.25,0.0010014368456039966,0.4325000065968682,0.759772002696991,317,335,2,0.18847647772894965,303.038862906562,Leguntapadu
895.6666666666666,27,0.04704999923706055,0.26429998874664307,0.17640000581741333,0.07540000230073929,0.1137000024318695,0.11429999768733978,0.16419999301433563,0.2485000044107437,0.2863500118255615,0.30309998989105225,0.3167000114917755,0.326200008392334,336,539.5833333333334,0.3316003893386481,54,28_515_shc_2024-25.4820,177,187.3,302.49272270202636,14.528,79.518,113.0,0.2972394526004791,0.45232391357421875,0.58,127.8,1435.3333333333333,0.00084826511597124,0.30869848718127346,0.8719894289970398,406,258,2,0.20886739095052084,303.21995014614527,Yanamadala
895.6666666666666,90,0.04809999838471413,0.2383500039577484,0.1603499948978424,0.059849999845027924,0.07980000227689743,0.0892999991774559,0.14225000143051147,0.22304999828338623,0.27459999918937683,0.2847999930381775,0.3081499934196472,0.3091999888420105,338,539.5833333333334,0.35630318648172643,57,28_515_shc_2024-25.9022,168,122.7,302.49272270202636,14.528,79.522,88.0,0.33380165696144104,0.5225875377655029,0.48,52.4,1435.3333333333333,0.00084826511597124,0.33548792289514173,0.8369030952453613,397,265,4,0.20886739095052084,303.21995014614527,Yanamadala
881.5,108,0.037300001829862595,0.2054000049829483,0.10320000350475311,0.03629999980330467,0.07660000026226044,0.04039999842643738,0.11999999731779099,0.3407000005245209,0.3993000090122223,0.39160001277923584,0.4097999930381775,0.3481999933719635,358,550.4166666666666,0.6447586067771063,35,28_515_shc_2024-25.12013,171,71.0,302.27999483744304,14.528,79.772,163.0,0.5308835506439209,0.8129629492759705,0.23,30.6,1431.8333333333333,0.0009831981735486926,0.5652360678061663,0.5245147943496704,327,314,3,0.22191090053982204,303.050776969062,Nallapalem
887.0,90,0.05764999985694885,0.3549500107765198,0.2869499921798706,0.07819999754428864,0.11749999970197678,0.13940000534057617,0.1898999959230423,0.25394999980926514,0.27904999256134033,0.29809999465942383,0.2978000044822693,0.2973000109195709,360,519.0833333333334,0.2562984248919578,24,28_515_shc_2024-25.12735,174,167.0,302.3266202714708,14.528,79.882,138.0,0.22172130644321442,0.3627428412437439,0.83,109.0,1406.1666666666667,0.0010213323722103793,0.2539199829101562,1.1907079219818115,333,308,2,0.21645736694335938,303.1242741478814,Rebala
886.25,116,0.05000000074505806,0.30730000138282776,0.20520000159740448,0.06560000032186508,0.09950000047683716,0.09880000352859497,0.16179999709129333,0.25699999928474426,0.2896000146865845,0.319599986076355,0.3319999873638153,0.32679998874664307,358,519.0,0.38862289108055587,19,28_515_shc_2024-25.14129,174,71.0,302.2631165822347,14.528,79.952,125.0,0.3277939260005951,0.5277246236801147,0.28,164.0,1405.0,0.0010014368456039966,0.3606271532778499,0.961514413356781,337,305,2,0.18847647772894965,303.038862906562,Patur
892.9166666666666,207,0.05719999969005585,0.30855000019073486,0.2102999985218048,0.07919999957084656,0.1143999993801117,0.14350000023841858,0.20260000228881836,0.24480000138282776,0.2791999876499176,0.28029999136924744,0.30649998784065247,0.3312999904155731,371,519.4166666666666,0.22103016784535884,17,28_515_shc_2024-25.10100,183,90.4,302.2631165822347,14.528,80.018,188.0,0.16090285778045654,0.32279375195503235,0.93,89.5,1412.25,0.0010014368456039966,0.22212598891578134,1.1007848978042603,313,316,2,0.18847647772894965,303.038862906562,Cherlopalem
892.9166666666666,207,0.05719999969005585,0.30855000019073486,0.2102999985218048,0.07919999957084656,0.1143999993801117,0.14350000023841858,0.20260000228881836,0.24480000138282776,0.2791999876499176,0.28029999136924744,0.30649998784065247,0.3312999904155731,371,519.4166666666666,0.22103016784535884,17,28_515_shc_2024-25.7487,183,64.6,302.2631165822347,14.528,80.018,163.0,0.16090285778045654,0.32279375195503235,0.68,18.6,1412.25,0.0010014368456039966,0.22212598891578134,1.1007848978042603,313,316,2,0.18847647772894965,303.038862906562,Modegunta
883.9166666666666,64,0.0551999993622303,0.28529998660087585,0.18060000240802765,0.08139999955892563,0.1080000028014183,0.09160000085830688,0.17820000648498535,0.31529998779296875,0.37310001254081726,0.3871999979019165,0.4074000120162964,0.38600000739097595,311,546.4166666666666,0.5571891646425422,58,28_515_shc_2024-25.5208,174,174.3,302.36410399542916,14.532,79.658,213.0,0.3696497976779938,0.6173767447471619,0.34,34.9,1430.3333333333333,0.0009256020248584838,0.45300367401618086,0.7368285059928894,363,325,2,0.21816397772894966,303.14819450378417,Pelleru
881.25,0,0.052000001072883606,0.2870999872684479,0.19589999318122864,0.07419999688863754,0.11100000143051147,0.1387999951839447,0.18809999525547028,0.26759999990463257,0.31470000743865967,0.29840001463890076,0.34220001101493835,0.35589998960494995,350,529.0833333333334,0.2533816259206488,31,28_515_shc_2024-25.20990,180,83.9,302.27999483744304,14.532,79.832,251.0,0.22672151029109955,0.365050345659256,0.32,5.5,1410.4166666666667,0.0009831981735486926,0.2554417698178287,0.9621312618255615,340,310,0,0.22191090053982204,303.050776969062,Annareddipalem
884.75,90,0.04814999923110008,0.24664999544620514,0.1559000015258789,0.06764999777078629,0.09139999747276306,0.10589999705553055,0.16464999318122864,0.26365000009536743,0.3091999888420105,0.29739999771118164,0.33945000171661377,0.3398500084877014,345,518.3333333333334,0.33586474400699073,30,28_515_shc_2024-25.15077,174,283.0,302.27999483744304,14.532,79.838,63.0,0.2873065769672394,0.4748326241970062,0.9,25.0,1403.1666666666667,0.0009831981735486926,0.31800066716225583,0.8293544054031372,315,341,2,0.22191090053982204,303.050776969062,Annareddipalem
884.75,108,0.042500000447034836,0.11289999634027481,0.07729999721050262,0.041600000113248825,0.0674000009894371,0.040800001472234726,0.11110000312328339,0.13050000369548798,0.1412999927997589,0.08139999955892563,0.13359999656677246,0.24819999933242798,352,518.3333333333334,0.1000788744447205,26,28_515_shc_2024-25.20374,171,122.7,302.3266202714708,14.532,79.868,138.0,-0.154285728931427,0.3322422206401825,0.16,20.7,1403.1666666666667,0.0010213323722103793,0.09787849088574081,1.3869777917861938,324,324,3,0.21645736694335938,303.1242741478814,Duvvuru
857.25,0,0.03889999911189079,0.1460999995470047,0.07074999809265137,0.039650000631809235,0.06395000219345093,0.04735000059008598,0.1128000020980835,0.25014999508857727,0.3363499939441681,0.3425999879837036,0.3716999888420105,0.3264000117778778,335,579.8333333333334,0.5552629912335083,74,28_515_shc_2024-25.20064,180,38.7,302.08073268466524,14.535,79.365,251.0,0.5046113133430481,0.7571483254432678,0.48,10.9,1437.0,0.0008139759672833375,0.49764030201311227,0.4264448583126068,426,239,0,0.21151135762532552,302.933882437812,Varekuntapadu
890.5,0,0.03500000014901161,0.1594499945640564,0.0925000011920929,0.04574999958276749,0.07485000044107437,0.07805000245571136,0.13779999315738678,0.23190000653266907,0.26934999227523804,0.28519999980926514,0.3066999912261963,0.2870500087738037,313,547.5,0.3671895679479748,53,28_515_shc_2024-25.17907,180,200.2,302.49272270202636,14.535,79.545,213.0,0.34846338629722595,0.5702683925628662,0.13,36.0,1438.0,0.00084826511597124,0.35994786587322003,0.5590813159942627,405,282,0,0.20886739095052084,303.21995014614527,Chejerla
884.75,270,0.053199999034404755,0.33785000443458557,0.2434999942779541,0.07159999758005142,0.10289999842643738,0.13379999995231628,0.17270000278949738,0.24764999747276306,0.2728999853134155,0.29170000553131104,0.30399999022483826,0.29635000228881836,354,518.3333333333334,0.2534510484867059,26,28_515_shc_2024-25.20956,183,142.1,302.3266202714708,14.538,79.868,213.0,0.25624462962150574,0.371092826128006,0.26,27.3,1403.1666666666667,0.0010213323722103793,0.2559157287575858,1.1582105159759521,322,325,1,0.21645736694335938,303.1242741478814,Duvvuru
887.5,270,0.06360000371932983,0.2101999968290329,0.17319999635219574,0.08100000023841858,0.10520000010728836,0.11840000003576279,0.14650000631809235,0.19089999794960022,0.2101999968290329,0.15919999778270721,0.21220000088214874,0.2175000011920929,354,520.6666666666666,0.0808176805908638,20,28_515_shc_2024-25.2215,195,129.1,302.2631165822347,14.538,79.992,213.0,0.04154396802186966,0.14697405695915222,0.45,34.9,1408.25,0.0010014368456039966,0.0787036995783322,1.3203517198562622,314,331,5,0.18847647772894965,303.038862906562,North Rajupalem
892.6666666666666,72,0.07069999724626541,0.3111000061035156,0.24220000207424164,0.09780000150203705,0.13940000534057617,0.1573999971151352,0.18029999732971191,0.26930001378059387,0.3012000024318695,0.3384000062942505,0.32899999618530273,0.3278000056743622,360,512.75,0.29206740428265227,12,28_515_shc_2024-25.13124,171,206.0,302.1325176239014,14.538162,80.120114,88.0,0.30480048060417175,0.3650665879249573,1.37,1.0,1405.5833333333333,0.000995950695305936,0.2726451223530032,0.9193262457847595,329,311,3,0.15286530388726127,303.0166895124647,Mudivarthi Palem
894.0,0,0.06340000033378601,0.29440000653266907,0.22660000622272491,0.08699999749660492,0.12160000205039978,0.133200004696846,0.18449999392032623,0.2572000026702881,0.28940001130104065,0.3100000023841858,0.3125999867916107,0.31470000743865967,351,517.5,0.3034255366562185,7,28_515_shc_2024-25.13371,180,290.0,302.1325176239014,14.541441,80.127919,75.0,0.2537917196750641,0.39891695976257324,1.0,17.0,1411.3333333333333,0.000995950695305936,0.28117047767179026,0.9496774077415466,333,316,0,0.15286530388726127,303.0166895124647,Mudivarthi Palem
897.0833333333334,134,0.0421999990940094,0.23375000059604645,0.14319999516010284,0.06340000033378601,0.09539999812841415,0.10570000112056732,0.15790000557899475,0.25940001010894775,0.3090499937534332,0.31049999594688416,0.34014999866485596,0.3299500048160553,318,537.0833333333334,0.34848896474791163,50,28_515_shc_2024-25.17906,177,161.4,302.4607023027208,14.542,79.562,176.0,0.3257898986339569,0.49207112193107605,0.14,116.8,1434.25,0.0008794198901265007,0.3352979624784466,0.7528180480003357,356,326,1,0.21307686699761286,303.19962679545085,Chejerla
897.0833333333334,180,0.037950001657009125,0.16439999639987946,0.09790000319480896,0.05290000140666962,0.07535000145435333,0.06710000336170197,0.13334999978542328,0.26190000772476196,0.3034000098705292,0.31859999895095825,0.3425000011920929,0.3444499969482422,342,537.0833333333334,0.4747253462978591,51,28_515_shc_2024-25.5000,180,58.1,302.4607023027208,14.542,79.568,201.0,0.40989047288894653,0.6520611643791199,0.45,127.8,1434.25,0.0008794198901265007,0.4259342806806404,0.5160075426101685,345,313,1,0.21307686699761286,303.19962679545085,Chejerla
892.4166666666666,244,0.04704999923706055,0.17374999821186066,0.10334999859333038,0.04670000076293945,0.07029999792575836,0.057999998331069946,0.10625000298023224,0.20520000159740448,0.24240000545978546,0.2558000087738037,0.25975000858306885,0.27090001106262207,331,539.0,0.39447970073242555,49,28_515_shc_2024-25.12782,186,258.3,302.4607023027208,14.542,79.612,88.0,0.41306450963020325,0.6303378343582153,0.39,79.7,1431.4166666666667,0.0008794198901265007,0.36458590940496904,0.6792415380477905,346,324,2,0.21307686699761286,303.19962679545085,Pathapadu
886.0833333333334,180,0.04430000111460686,0.18950000405311584,0.13269999623298645,0.056449998170137405,0.08609999716281891,0.09130000323057175,0.11900000274181366,0.19359999895095825,0.2186499983072281,0.22609999775886536,0.23315000534057617,0.19120000302791595,339,504.1666666666667,0.2495325733463619,32,28_515_shc_2024-25.20934,180,96.9,302.27999483744304,14.542,79.848,263.0,0.3103448152542114,0.42470067739486694,0.82,6.6,1390.1666666666667,0.0009831981735486926,0.24736969849239498,0.8381247520446777,322,339,1,0.22191090053982204,303.050776969062,Duvvuru
887.5,0,0.0494999997317791,0.28859999775886536,0.18860000371932983,0.06840000301599503,0.1006999984383583,0.09080000221729279,0.16269999742507935,0.28290000557899475,0.3314000070095062,0.34360000491142273,0.376800000667572,0.35569998621940613,363,503.6666666666667,0.45950269649508113,15,28_515_shc_2024-25.3360,180,90.4,302.2631165822347,14.542,79.988,88.0,0.3572980463504791,0.5819520950317383,0.23,62.2,1391.5,0.0010014368456039966,0.40582191903703546,0.8399301171302795,313,325,1,0.18847647772894965,303.038862906562,North Rajupalem
890.8333333333334,237,0.042100001126527786,0.1920499950647354,0.12115000188350677,0.04605000093579292,0.07540000230073929,0.07015000283718109,0.14274999499320984,0.2535499930381775,0.3008500039577484,0.31439998745918274,0.32919999957084656,0.35065001249313354,339,543.3333333333334,0.43932223873173254,68,28_515_shc_2024-25.7666,189,258.0,302.49272270202636,14.545,79.455,151.0,0.37547850608825684,0.6351579427719116,0.86,165.0,1434.1666666666667,0.00084826511597124,0.4141936362581955,0.6108460426330566,388,272,3,0.20886739095052084,303.21995014614527,Telugurayapuram
897.0833333333334,314,0.02345000021159649,0.15395000576972961,0.08164999634027481,0.03830000013113022,0.06300000101327896,0.04839999973773956,0.09669999778270721,0.22075000405311584,0.28815001249313354,0.30889999866485596,0.32135000824928284,0.3156000077724457,323,537.0833333333334,0.49636065641531774,51,28_515_shc_2024-25.4573,183,77.5,302.4607023027208,14.545,79.575,176.0,0.5231755375862122,0.7290791869163513,0.26,1.1,1434.25,0.0008794198901265007,0.455791437208396,0.4983813762664795,353,324,1,0.21307686699761286,303.19962679545085,Chejerla
885.3333333333334,116,0.05550000071525574,0.27549999952316284,0.1704999953508377,0.05660000070929527,0.08259999752044678,0.09099999815225601,0.14339999854564667,0.24940000474452972,0.29339998960494995,0.3188000023365021,0.325300008058548,0.2939999997615814,346,506.3333333333333,0.39540374645825027,24,28_515_shc_2023-24.6107,168,297.0,302.3266202714708,14.545,79.885,326.0,0.37948939204216003,0.5558809041976929,0.13,42.6,1391.3333333333333,0.0010213323722103793,0.3755770565979366,0.8641781806945801,336,318,4,0.21645736694335938,303.1242741478814,Vavveru
886.4166666666666,46,0.04399999976158142,0.21539999544620514,0.12285000085830688,0.0669500008225441,0.08630000054836273,0.07479999959468842,0.13650000095367432,0.26135000586509705,0.3046000003814697,0.3082999885082245,0.3409000039100647,0.3562999963760376,367,502.8333333333333,0.46514869350381105,23,28_515_shc_2024-25.10391,177,142.1,302.3266202714708,14.545,79.935,201.0,0.38624098896980286,0.6095014214515686,0.12,34.9,1389.25,0.0010213323722103793,0.39661418648947755,0.6986701488494873,340,293,1,0.21645736694335938,303.1242741478814,Yellayapalem
862.5833333333334,180,0.037950001657009125,0.26429998874664307,0.20630000531673431,0.05404999852180481,0.08169999718666077,0.09385000169277191,0.1428000032901764,0.1976500004529953,0.2198999971151352,0.21199999749660492,0.23325000703334808,0.28255000710487366,358,574.0,0.21564546567263584,70,28_515_shc_2024-25.3884,180,245.0,302.08073268466524,14.548,79.368,138.0,0.19503943622112274,0.3863004744052887,0.04,90.0,1436.5,0.0008139759672833375,0.21992305501523143,1.246698021888733,402,240,2,0.21151135762532552,302.933882437812,Ananthasagaram
883.25,64,0.04755000025033951,0.24860000610351562,0.1623000055551529,0.0649000033736229,0.09269999712705612,0.10620000213384628,0.14589999616146088,0.22824999690055847,0.2616499960422516,0.2793999910354614,0.28529998660087585,0.30070000886917114,332,550.4166666666666,0.30282895321456604,34,28_515_shc_2024-25.5172,174,413.3,302.36410399542916,14.548,79.742,63.0,0.3138960599899292,0.4491701126098633,1.08,40.4,1433.75,0.0009256020248584838,0.2933604170689673,0.8897638320922852,363,305,2,0.21816397772894966,303.14819450378417,Viroor
885.0,180,0.053950000554323196,0.26785001158714294,0.2057500034570694,0.062449999153614044,0.08754999935626984,0.09094999730587006,0.14055000245571136,0.21860000491142273,0.24609999358654022,0.26969999074935913,0.27379998564720154,0.27535000443458557,331,517.6666666666666,0.3317495888601671,34,28_515_shc_2024-25.20942,180,180.8,302.27999483744304,14.548,79.832,151.0,0.3148080110549927,0.4956328868865967,0.92,33.8,1402.6666666666667,0.0009831981735486926,0.3115377841009482,0.9931405782699585,333,336,1,0.22191090053982204,303.050776969062,Duvvuru
886.4166666666666,288,0.04820000007748604,0.27709999680519104,0.17430000007152557,0.07400000095367432,0.10700000077486038,0.12839999794960022,0.19519999623298645,0.2874000072479248,0.3327000141143799,0.33640000224113464,0.3467999994754791,0.27709999680519104,363,502.8333333333333,0.3350947393330952,27,28_515_shc_2024-25.17294,189,142.0,302.3266202714708,14.548,79.922,163.0,0.26561325788497925,0.44750431180000305,0.75,90.0,1389.25,0.0010213323722103793,0.32338309118534536,0.8237217664718628,327,309,3,0.21645736694335938,303.1242741478814,Nagamambapuram
886.4166666666666,207,0.061900001019239426,0.31349998712539673,0.21220000088214874,0.07779999822378159,0.10580000281333923,0.10999999940395355,0.19449999928474426,0.2953999936580658,0.33239999413490295,0.3352000117301941,0.36730000376701355,0.3700999915599823,349,502.8333333333333,0.39880996121763596,21,28_515_shc_2024-25.15612,183,116.2,302.3266202714708,14.548,79.948,201.0,0.265622079372406,0.5058400630950928,0.59,25.1,1389.25,0.0010213323722103793,0.3573846958423475,0.9352624416351318,340,311,2,0.21645736694335938,303.1242741478814,Gandavaram
885.5833333333334,314,0.04554999992251396,0.19484999775886536,0.11114999651908875,0.05990000069141388,0.0877000018954277,0.07680000364780426,0.14110000431537628,0.26704999804496765,0.3281500041484833,0.34040001034736633,0.3643999993801117,0.34984999895095825,326,549.4166666666666,0.4874440649167733,48,28_515_shc_2024-25.5551,183,77.5,302.3556621551514,14.552,79.672,113.0,0.41391485929489136,0.6318312287330627,0.26,79.7,1435.0833333333333,0.0008901084587730029,0.43109464022688626,0.572414755821228,374,300,1,0.21592360602484809,303.1333670298258,Pelleru
883.25,180,0.04270000010728836,0.24040000140666962,0.1581999957561493,0.07029999792575836,0.10660000145435333,0.12359999865293503,0.13500000536441803,0.23350000381469727,0.2660999894142151,0.3068000078201294,0.28790000081062317,0.3077999949455261,334,550.4166666666666,0.3010880046760542,38,28_515_shc_2024-25.5206,180,232.5,302.3556621551514,14.552,79.742,151.0,0.388863742351532,0.42565056681632996,0.54,41.5,1433.75,0.0008901084587730029,0.2953568484941183,0.7835723161697388,364,302,2,0.21592360602484809,303.1333670298258,Viroor
885.3333333333334,0,0.047200001776218414,0.16930000483989716,0.09059999883174896,0.05959999933838844,0.08720000088214874,0.11620000004768372,0.15479999780654907,0.22619999945163727,0.25600001215934753,0.2736000120639801,0.29100000858306885,0.2874999940395355,360,506.3333333333333,0.2582360057554243,27,28_515_shc_2024-25.3783,180,58.0,301.6073548634847,14.552,79.882,176.0,0.27731093764305115,0.40379685163497925,0.45,164.0,1391.3333333333333,0.0009735216608557412,0.26534054260589923,0.6187865138053894,324,316,1,0.21800405714246962,302.81000005933976,Isakapalem
885.3333333333334,252,0.04619999974966049,0.32679998874664307,0.21150000393390656,0.06300000101327896,0.09939999878406525,0.12680000066757202,0.18129999935626984,0.2766999900341034,0.3197999894618988,0.34200000762939453,0.3546000123023987,0.36000001430511475,371,506.3333333333333,0.33000062324291624,28,28_515_shc_2024-25.5766,189,167.0,301.6073548634847,14.552,79.908,100.0,0.307089626789093,0.45904436707496643,0.33,164.0,1391.3333333333333,0.0009735216608557412,0.3331957139535715,0.9555554986000061,322,307,3,0.21800405714246962,302.81000005933976,Isakapalem
887.4166666666666,341,0.0729999989271164,0.20260000228881836,0.1298999935388565,0.055649999529123306,0.07639999687671661,0.07020000368356705,0.12764999270439148,0.2547000050544739,0.30959999561309814,0.3025999963283539,0.33524999022483826,0.3084000051021576,338,502.9166666666667,0.4447250870468738,15,28_515_shc_2024-25.3474,183,219.5,302.1425273895264,14.552,80.022,213.0,0.40662407875061035,0.6233905553817749,0.27,69.9,1390.25,0.0009700122938156932,0.39940420366913265,0.6695307493209839,345,316,3,0.21631058586968316,302.8702865176731,Ramannapalem
901.25,116,0.030899999663233757,0.1839500069618225,0.0994499996304512,0.03595000132918358,0.06844999641180038,0.053199999034404755,0.12449999898672104,0.2442999929189682,0.3129499852657318,0.33079999685287476,0.34834998846054077,0.32785001397132874,324,538.5833333333334,0.5027619335710867,63,28_515_shc_2024-25.12161,174,218.9,302.3107294294569,14.555,79.495,113.0,0.4531078338623047,0.7229166626930237,0.29,41.5,1439.9166666666667,0.0008401772080534423,0.4710407224716786,0.5560762286186218,406,271,2,0.21531359354654947,303.1521984100342,Kotitheertham
885.5833333333334,226,0.04859999939799309,0.3021000027656555,0.20559999346733093,0.056299999356269836,0.08060000091791153,0.09070000052452087,0.15449999272823334,0.22509999573230743,0.2587999999523163,0.24580000340938568,0.2867000102996826,0.3050999939441681,320,549.4166666666666,0.2834947936280162,50,28_515_shc_2024-25.11686,186,142.1,302.3556621551514,14.555,79.695,138.0,0.22807897627353668,0.4609212577342987,0.57,62.2,1435.0833333333333,0.0008901084587730029,0.2781231359631641,1.2290480136871338,364,315,3,0.21592360602484809,303.1333670298258,Mamuduru
882.5,346,0.05400000140070915,0.263700008392334,0.19120000302791595,0.07779999822378159,0.1006999984383583,0.11800000071525574,0.16169999539852142,0.2681500017642975,0.3087500035762787,0.321399986743927,0.35234999656677246,0.34154999256134033,326,534.5,0.3516840469875896,40,28_515_shc_2024-25.1565,183,180.8,302.3173537784153,14.558,79.752,100.0,0.3305733799934387,0.4629039466381073,1.85,150.7,1416.9166666666667,0.0009352887723984793,0.3247817576283112,0.8204730153083801,355,319,4,0.21523170471191405,303.15678825378416,Viroor
885.3333333333334,0,0.0421999990940094,0.23999999463558197,0.13910000026226044,0.0560000017285347,0.09189999848604202,0.07400000095367432,0.16169999539852142,0.2870999872684479,0.3328000009059906,0.34880000352859497,0.3700999915599823,0.3513000011444092,365,506.3333333333333,0.5004370689799019,27,28_515_shc_2024-25.12065,180,90.0,301.6073548634847,14.558,79.908,188.0,0.36650344729423523,0.6499527096748352,0.06,80.0,1391.3333333333333,0.0009735216608557412,0.44668400721740675,0.6880733966827393,337,298,2,0.21800405714246962,302.81000005933976,Vavveru
887.5,288,0.057999998331069946,0.32179999351501465,0.24089999496936798,0.07440000027418137,0.11140000075101852,0.125,0.1664000004529953,0.23909999430179596,0.2711000144481659,0.28119999170303345,0.2962999939918518,0.29580000042915344,362,503.6666666666667,0.26506922481803685,21,28_515_shc_2024-25.5903,189,116.2,302.1425273895264,14.558,79.992,100.0,0.2564789950847626,0.3845396339893341,0.29,25.1,1391.5,0.0009700122938156932,0.25855218461680535,1.1443812847137451,317,320,3,0.21631058586968316,302.8702865176731,Naidupalem
887.4166666666666,90,0.030750000849366188,0.024399999529123306,0.018050000071525574,0.027000000700354576,0.047600001096725464,0.019899999722838402,0.04675000160932541,0.06624999642372131,0.0731000006198883,0.05380000174045563,0.043699998408555984,0.14695000648498535,360,502.9166666666667,0.0873081338167073,13,28_515_shc_2024-25.16164,174,167.9,302.1425273895264,14.558,80.018,201.0,0.070114366710186,0.45997288823127747,0.76,132.0,1390.25,0.0009700122938156932,0.08863518022786562,0.45353156328201294,312,328,2,0.21631058586968316,302.8702865176731,Parlapalle
896.8333333333334,296,0.04244999960064888,0.22675000131130219,0.15780000388622284,0.05855000019073486,0.08780000358819962,0.08015000075101852,0.14180000126361847,0.25279998779296875,0.2997500002384186,0.3086000084877014,0.3268499970436096,0.37070000171661377,355,516.5,0.4229380834591479,9,28_515_shc_2024-25.11517,186,122.7,302.1620803409153,14.558,80.092,188.0,0.37033748626708984,0.5876527428627014,0.23,8.0,1413.1666666666667,0.0010061510918223998,0.3855696293027899,0.7347699403762817,339,306,2,0.15887150234646266,303.0348969777425,Mudivarthi
896.8333333333334,46,0.07240000367164612,0.2442999929189682,0.1416500061750412,0.07429999858140945,0.11089999973773956,0.09300000220537186,0.15995000302791595,0.3144499957561493,0.3780499994754791,0.3901999890804291,0.4176500141620636,0.39430001378059387,352,516.5,0.5341672671692447,8,28_515_shc_2024-25.11531,177,135.6,302.1620803409153,14.558,80.098,201.0,0.4185222089290619,0.6150662302970886,0.67,156.0,1413.1666666666667,0.0010061510918223998,0.4534173965253817,0.6260891556739807,344,304,1,0.15887150234646266,303.0348969777425,Mudivarthi
896.8333333333334,0,0.06669999659061432,0.31185001134872437,0.1987999975681305,0.0917000025510788,0.1444000005722046,0.14239999651908875,0.22269999980926514,0.31815001368522644,0.3801499903202057,0.3856000006198883,0.4201500117778778,0.40184998512268066,349,516.5,0.3916894995548683,8,28_515_shc_2024-25.11597,180,148.5,302.1620803409153,14.558,80.102,88.0,0.26779550313949585,0.46060606837272644,0.52,1.0,1413.1666666666667,0.0010061510918223998,0.3548638202008491,0.8087396621704102,350,301,0,0.15887150234646266,303.0348969777425,Mudivarthi
883.25,90,0.04580000042915344,0.2992999851703644,0.20630000531673431,0.06459999829530716,0.09719999879598618,0.12139999866485596,0.18619999289512634,0.25760000944137573,0.3005000054836273,0.2953999936580658,0.3352999985218048,0.3467000126838684,323,550.4166666666666,0.2825959773442621,40,28_515_shc_2024-25.4560,174,632.8,302.3556621551514,14.562,79.732,88.0,0.22674418985843658,0.417466402053833,0.62,44.8,1433.75,0.0008901084587730029,0.2846858580665035,1.013202428817749,354,323,2,0.21592360602484809,303.1333670298258,Surayapalem
882.5,207,0.055799998342990875,0.3919999897480011,0.2978000044822693,0.06530000269412994,0.11020000278949738,0.1395999938249588,0.19169999659061432,0.25360000133514404,0.2865999937057495,0.29580000042915344,0.31790000200271606,0.35359999537467957,330,534.5,0.2375810117795875,34,28_515_shc_2024-25.14812,183,354.0,302.3173537784153,14.562,79.788,151.0,0.21353846788406372,0.358750581741333,1.4,1.0,1416.9166666666667,0.0009352887723984793,0.2504810897429209,1.325219750404358,330,340,2,0.21523170471191405,303.15678825378416,Padamatipalem
887.5,90,0.06989999860525131,0.3231000006198883,0.2531000077724457,0.14399999380111694,0.18700000643730164,0.21780000627040863,0.20890000462532043,0.2549999952316284,0.275299996137619,0.295199990272522,0.29339998960494995,0.29170000553131104,338,503.6666666666667,0.12713531573463857,18,28_515_shc_2024-25.6566,171,83.9,302.1425273895264,14.562,79.988,138.0,0.17119616270065308,0.15087716281414032,0.33,62.2,1391.5,0.0009700122938156932,0.11461004580393375,1.0945122241973877,332,330,3,0.21631058586968316,302.8702865176731,Kodavalur
892.4166666666666,64,0.03635000064969063,0.19265000522136688,0.10769999772310257,0.043800000101327896,0.06849999725818634,0.06379999965429306,0.1137000024318695,0.2287999987602234,0.28630000352859497,0.28540000319480896,0.31424999237060547,0.3232499957084656,325,539.0,0.41352542263355163,52,28_515_shc_2024-25.18781,174,161.0,302.2940464867486,14.565,79.585,88.0,0.430217981338501,0.6345933675765991,0.94,70.0,1431.4166666666667,0.0008690205275367507,0.39142723056471707,0.6750175356864929,361,314,2,0.21521873474121095,303.1103038787842,Kanupurupalle
887.5,161,0.05700000002980232,0.30300000309944153,0.21979999542236328,0.10620000213384628,0.1459999978542328,0.18199999630451202,0.18940000236034393,0.27059999108314514,0.326200008392334,0.32199999690055847,0.35019999742507935,0.3903999924659729,342,503.6666666666667,0.2163833140164455,17,28_515_shc_2024-25.14532,177,129.1,302.1425273895264,14.565,79.985,138.0,0.2592882215976715,0.2777777910232544,0.11,63.3,1391.5,0.0009700122938156932,0.20916334891964133,0.9409937858581543,326,331,3,0.21631058586968316,302.8702865176731,Gandavaram
896.8333333333334,199,0.06260000169277191,0.26350000500679016,0.14740000665187836,0.08065000176429749,0.11400000005960464,0.11779999732971191,0.19625000655651093,0.2551000118255615,0.32179999351501465,0.30889999866485596,0.34104999899864197,0.30994999408721924,326,516.5,0.33863166140116535,8,28_515_shc_2024-25.18947,183,77.5,302.1620803409153,14.565,80.105,138.0,0.22300304472446442,0.4478556513786316,0.2,70.0,1413.1666666666667,0.0010061510918223998,0.30932340913099166,0.8530268669128418,339,335,3,0.15887150234646266,303.0348969777425,Mudivarthi
890.8333333333334,90,0.02410000003874302,0.14845000207424164,0.07739999890327454,0.03595000132918358,0.06759999692440033,0.05810000002384186,0.12250000238418579,0.250900000333786,0.30660000443458557,0.32899999618530273,0.34389999508857727,0.3610999882221222,311,543.3333333333334,0.4810099589587028,62,28_515_shc_2024-25.12600,174,245.0,302.15286810133193,14.568,79.438,138.0,0.4573643207550049,0.6998191475868225,0.52,52.0,1434.1666666666667,0.0008062185954485478,0.4580656025010165,0.45121580362319946,401,288,2,0.3143429650200738,303.1537012312147,Devarayapalle Bit- I
890.8333333333334,90,0.03844999894499779,0.17900000512599945,0.10270000249147415,0.05445000156760216,0.08214999735355377,0.0731000006198883,0.14749999344348907,0.2531999945640564,0.3091000020503998,0.31520000100135803,0.3418999910354614,0.33390000462532043,326,543.3333333333334,0.4498578546697303,62,28_515_shc_2024-25.9634,177,341.0,302.3107294294569,14.568,79.452,88.0,0.3624378740787506,0.6234869956970215,0.8,8.0,1434.1666666666667,0.0008401772080534423,0.4088145895636783,0.567893385887146,383,291,1,0.21531359354654947,303.1521984100342,Devarayapalle Bit- I
885.5833333333334,232,0.019600000232458115,0.11490000039339066,0.052949998527765274,0.0239499993622303,0.04574999958276749,0.024650000035762787,0.0786999985575676,0.25360000133514404,0.3231000006198883,0.32019999623298645,0.354449987411499,0.3483999967575073,326,549.4166666666666,0.5734492246937172,52,28_515_shc_2024-25.8888,195,187.3,302.3556621551514,14.568,79.708,138.0,0.605414867401123,0.8570392727851868,1.11,44.8,1435.0833333333333,0.0008901084587730029,0.5247381147585547,0.3588382303714752,359,315,6,0.21592360602484809,303.1333670298258,Nedurupalle
883.25,27,0.04035000130534172,0.25279998779296875,0.15504999458789825,0.05180000141263008,0.08619999885559082,0.07840000092983246,0.1360500007867813,0.2552500069141388,0.289249986410141,0.2888999879360199,0.3178499937057495,0.2921999990940094,334,550.4166666666666,0.3838998935456433,41,28_515_shc_2024-25.4431,177,232.5,302.3556621551514,14.568,79.718,414.0,0.3596893548965454,0.5731009840965271,0.15,40.4,1433.75,0.0008901084587730029,0.3640608607895636,0.8750432729721069,348,318,2,0.21592360602484809,303.1333670298258,Surayapalem
887.5,0,0.05339999869465828,0.33970001339912415,0.27399998903274536,0.08399999886751175,0.1151999980211258,0.14159999787807465,0.20329999923706055,0.2978000044822693,0.33320000767707825,0.3531999886035919,0.3801000118255615,0.37950000166893005,349,503.6666666666667,0.3363428166787113,17,28_515_shc_2024-25.10223,180,316.4,302.1425273895264,14.568,79.962,151.0,0.26936206221580505,0.42764753103256226,0.68,69.9,1391.5,0.0009700122938156932,0.3190590977095127,0.9617781043052673,315,336,1,0.21631058586968316,302.8702865176731,Bodduvaripalem
887.4166666666666,346,0.0617000013589859,0.25519999861717224,0.16680000722408295,0.0625,0.08980000019073486,0.09200000017881393,0.14100000262260437,0.23090000450611115,0.2685000002384186,0.28360000252723694,0.29339998960494995,0.31850001215934753,355,502.9166666666667,0.3504407978998635,17,28_515_shc_2024-25.265,183,155.0,302.1425273895264,14.568,80.002,138.0,0.3358455002307892,0.5101171731948853,0.22,42.6,1390.25,0.0009700122938156932,0.3282320724468043,0.8998589515686035,333,312,4,0.21631058586968316,302.8702865176731,Kodavalur
887.4166666666666,226,0.07010000199079514,0.2433999925851822,0.16955000162124634,0.05245000123977661,0.08794999867677689,0.08269999921321869,0.15369999408721924,0.26030001044273376,0.30649998784065247,0.34060001373291016,0.3370499908924103,0.2906000018119812,355,502.9166666666667,0.44668066330223255,14,28_515_shc_2024-25.8202,189,116.2,302.1425273895264,14.568,80.032,113.0,0.37811049818992615,0.6092605590820312,0.72,164.0,1390.25,0.0009700122938156932,0.41898626270474065,0.7146211862564087,322,323,4,0.21631058586968316,302.8702865176731,Parlapalle
876.3333333333334,226,0.038100000470876694,0.2570500075817108,0.1959500014781952,0.05979999899864197,0.09669999778270721,0.1002499982714653,0.1485999971628189,0.23309999704360962,0.259799987077713,0.25870001316070557,0.2849000096321106,0.29295000433921814,359,558.0,0.28060142688460366,72,28_515_shc_2024-25.5061,183,386.0,302.15286810133193,14.572,79.412,113.0,0.2703167498111725,0.4414263963699341,0.38,164.0,1434.3333333333333,0.0008062185954485478,0.27670413780840725,0.9936219453811646,401,240,1,0.3143429650200738,303.1537012312147,Inagalur
883.25,226,0.058800000697374344,0.45350000262260437,0.4207000136375427,0.13439999520778656,0.19580000638961792,0.2718000113964081,0.27619999647140503,0.31139999628067017,0.3346000015735626,0.35440000891685486,0.3467000126838684,0.2770000100135803,331,550.4166666666666,0.10444061398674143,28,28_515_shc_2024-25.4698,192,277.7,302.3556621551514,14.572,79.748,113.0,0.1240089014172554,0.13190673291683197,0.15,43.7,1433.75,0.0008901084587730029,0.11001597766461257,1.2796275615692139,333,336,5,0.21592360602484809,303.1333670298258,Viroor
885.0,46,0.047600001096725464,0.2249000072479248,0.125,0.05700000002980232,0.08780000358819962,0.07689999788999557,0.14855000376701355,0.27469998598098755,0.3197999894618988,0.3424000144004822,0.3652999997138977,0.35519999265670776,342,517.6666666666666,0.4822713365869655,33,28_515_shc_2024-25.14847,177,97.0,302.3173537784153,14.572,79.798,88.0,0.39484673738479614,0.6331982016563416,0.68,147.0,1402.6666666666667,0.0009352887723984793,0.4332100722738727,0.6568341255187988,326,332,1,0.21523170471191405,303.15678825378416,Padamatipalem
885.0,46,0.047600001096725464,0.2249000072479248,0.125,0.05700000002980232,0.08780000358819962,0.07689999788999557,0.14855000376701355,0.27469998598098755,0.3197999894618988,0.3424000144004822,0.3652999997138977,0.35519999265670776,342,517.6666666666666,0.4822713365869655,33,28_515_shc_2024-25.81,177,219.0,302.3173537784153,14.572,79.798,163.0,0.39484673738479614,0.6331982016563416,0.38,117.0,1402.6666666666667,0.0009352887723984793,0.4332100722738727,0.6568341255187988,326,332,1,0.21523170471191405,303.15678825378416,Padamatipalem
885.0,116,0.04724999889731407,0.2139499932527542,0.10724999755620956,0.056699998676776886,0.08789999783039093,0.07989999651908875,0.14059999585151672,0.27265000343322754,0.3562000095844269,0.35120001435279846,0.37369999289512634,0.3781999945640564,339,517.6666666666666,0.48262001846334823,33,28_515_shc_2024-25.3579,174,180.0,302.3173537784153,14.572,79.808,188.0,0.4282228946685791,0.6293203830718994,0.9,1.0,1402.6666666666667,0.0009352887723984793,0.4370637117375762,0.6091970205307007,330,331,2,0.21523170471191405,303.15678825378416,Padamatipalem
887.4166666666666,0,0.05640000104904175,0.23499999940395355,0.10989999771118164,0.07410000264644623,0.09399999678134918,0.06279999762773514,0.1468999981880188,0.33169999718666077,0.42590001225471497,0.42719998955726624,0.4505999982357025,0.424699991941452,358,502.9166666666667,0.7298217603195678,14,28_515_shc_2024-25.6512,180,155.0,302.1425273895264,14.572,80.002,201.0,0.4882424473762512,0.7436734437942505,0.22,34.9,1390.25,0.0009700122938156932,0.5521212070401305,0.5500936508178711,335,307,0,0.21631058586968316,302.8702865176731,Naidupalem
892.3333333333334,180,0.0783500000834465,0.28325000405311584,0.20225000381469727,0.10199999809265137,0.13410000503063202,0.1339000016450882,0.16785000264644623,0.2691499888896942,0.30979999899864197,0.33180001378059387,0.33489999175071716,0.3447999954223633,346,509.75,0.361078686785561,10,28_515_shc_2024-25.21062,180,400.3,302.1620803409153,14.572,80.072,176.0,0.32812970876693726,0.4249517023563385,0.31,34.9,1402.25,0.0010061510918223998,0.3073936144366805,0.8536769151687622,339,315,2,0.15887150234646266,303.0348969777425,Mudivarthi
876.3333333333334,270,0.03584999963641167,0.19705000519752502,0.10830000042915344,0.05290000140666962,0.08569999784231186,0.07999999821186066,0.13850000500679016,0.26460000872612,0.3249000012874603,0.34779998660087585,0.36114999651908875,0.376800000667572,348,558.0,0.46783829160142976,69,28_515_shc_2024-25.5456,183,119.0,302.15286810133193,14.575,79.415,100.0,0.4303927421569824,0.6259934306144714,1.46,43.0,1434.3333333333333,0.0008062185954485478,0.4329596779036382,0.5665612816810608,405,246,1,0.3143429650200738,303.1537012312147,Ananthasagaram
882.5,180,0.07020000368356705,0.33970001339912415,0.2969000041484833,0.12120000272989273,0.14339999854564667,0.1664000004529953,0.19339999556541443,0.226500004529953,0.25600001215934753,0.26100000739097595,0.2896000146865845,0.3046000003814697,353,534.5,0.1751333080274376,35,28_515_shc_2024-25.14456,180,290.0,302.3173537784153,14.575,79.775,176.0,0.1487676352262497,0.22133833169937134,0.41,38.0,1416.9166666666667,0.0009352887723984793,0.1530084205378233,1.3015326261520386,342,306,2,0.21523170471191405,303.15678825378416,Padamatipalem
887.5,199,0.05429999902844429,0.30959999561309814,0.25189998745918274,0.06650000065565109,0.08889999985694885,0.09269999712705612,0.14239999651908875,0.17260000109672546,0.20550000667572021,0.18039999902248383,0.23549999296665192,0.26420000195503235,333,503.6666666666667,0.17712162930552688,17,28_515_shc_2024-25.10146,183,219.5,302.1425273895264,14.575,79.985,151.0,0.11771996319293976,0.3211278021335602,0.35,57.9,1391.5,0.0009700122938156932,0.17015910425343733,1.716186285018921,330,337,3,0.21631058586968316,302.8702865176731,Naidupalem
901.25,270,0.02280000038444996,0.13840000331401825,0.06880000233650208,0.04039999842643738,0.06859999895095825,0.06319999694824219,0.11089999973773956,0.2303999960422516,0.2992999851703644,0.3124000132083893,0.32710000872612,0.3677000105381012,333,538.5833333333334,0.44865334700027854,60,28_515_shc_2024-25.12773,183,316.0,302.3107294294569,14.578,79.462,100.0,0.47602173686027527,0.6634718179702759,1.46,35.0,1439.9166666666667,0.0008401772080534423,0.4269072864941533,0.4430217444896698,378,289,1,0.21531359354654947,303.1521984100342,Devarayapalle Bit-II
901.25,288,0.05000000074505806,0.26089999079704285,0.16899999976158142,0.06989999860525131,0.09809999912977219,0.10459999740123749,0.1668500006198883,0.24709999561309814,0.28975000977516174,0.31040000915527344,0.3269500136375427,0.3330000042915344,332,538.5833333333334,0.363925749192504,58,28_515_shc_2024-25.5703,189,426.0,302.3107294294569,14.578,79.482,125.0,0.30078575015068054,0.4959036409854889,0.52,25.0,1439.9166666666667,0.0008401772080534423,0.33737706603173495,0.8405283093452454,384,284,3,0.21531359354654947,303.1521984100342,Devarayapalle Bit-II
897.0833333333334,180,0.042100001126527786,0.23149999976158142,0.13930000364780426,0.051899999380111694,0.08250000327825546,0.08044999837875366,0.14910000562667847,0.23315000534057617,0.2800999879837036,0.29350000619888306,0.30640000104904175,0.30924999713897705,323,537.0833333333334,0.38402611422185107,59,28_515_shc_2024-25.16029,180,200.0,302.2940464867486,14.578,79.568,100.0,0.3262539505958557,0.5697286128997803,0.78,164.0,1434.25,0.0008690205275367507,0.365667383782026,0.7887563705444336,373,304,1,0.21521873474121095,303.1103038787842,Kanupurupalle
882.5,111,0.058400001376867294,0.4077000021934509,0.3467000126838684,0.08380000293254852,0.13259999454021454,0.17820000648498535,0.24269999563694,0.3255999982357025,0.3666999936103821,0.37560001015663147,0.3797000050544739,0.41269999742507935,332,534.5,0.2717062169373825,39,28_515_shc_2024-25.14498,151,174.0,302.3173537784153,14.578,79.758,151.0,0.21494422852993011,0.35644635558128357,1.13,43.0,1416.9166666666667,0.0009352887723984793,0.28098310953829564,1.085463285446167,349,318,10,0.21523170471191405,303.15678825378416,Sangam
882.5,46,0.06679999828338623,0.3547999858856201,0.3154999911785126,0.09080000221729279,0.12520000338554382,0.15880000591278076,0.20309999585151672,0.2644999921321869,0.2881999909877777,0.295199990272522,0.31380000710487366,0.3091999888420105,342,534.5,0.21761324755253778,35,28_515_shc_2024-25.2171,177,180.0,302.3173537784153,14.578,79.762,176.0,0.18482841551303864,0.3004404902458191,0.87,38.0,1416.9166666666667,0.0009352887723984793,0.21446538507099827,1.2018970251083374,369,289,1,0.21523170471191405,303.15678825378416,Padamatipalem
885.0,90,0.04280000180006027,0.20534999668598175,0.10369999706745148,0.03959999978542328,0.06759999692440033,0.05220000073313713,0.10785000026226044,0.27149999141693115,0.3159500062465668,0.3066999912261963,0.3474000096321106,0.26205000281333923,346,517.6666666666666,0.4809509241535963,32,28_515_shc_2023-24.7271,177,103.0,302.3173537784153,14.578,79.822,151.0,0.479676753282547,0.7091111540794373,0.71,80.0,1402.6666666666667,0.0009352887723984793,0.44446383666710243,0.6695467829704285,343,311,1,0.21523170471191405,303.15678825378416,Vangallu
886.4166666666666,314,0.041600000113248825,0.1941000074148178,0.10679999738931656,0.05009999871253967,0.07919999957084656,0.0697999969124794,0.11869999766349792,0.24490000307559967,0.2953000068664551,0.3199999928474426,0.32359999418258667,0.3319999873638153,342,502.8333333333333,0.458897323788369,26,28_515_shc_2024-25.21307,189,77.5,301.6073548634847,14.578,79.932,75.0,0.4588557183742523,0.6418676376342773,0.25,1.1,1389.25,0.0009735216608557412,0.4217801733215405,0.6065625548362732,339,319,4,0.21800405714246962,302.81000005933976,Kothavangallu
887.5,207,0.06610000133514404,0.23819999396800995,0.14640000462532043,0.09319999814033508,0.12460000067949295,0.12520000338554382,0.1851000040769577,0.2915000021457672,0.364300012588501,0.3596000075340271,0.40720000863075256,0.38909998536109924,328,503.6666666666667,0.41507295156773394,14,28_515_shc_2024-25.10043,183,206.6,302.1425273895264,14.578,79.992,188.0,0.32035982608795166,0.48349833488464355,0.25,1.1,1391.5,0.0009700122938156932,0.35702680983361634,0.6624026298522949,330,343,2,0.21631058586968316,302.8702865176731,Naidupalem
882.5,314,0.03959999978542328,0.2214999943971634,0.13519999384880066,0.048500001430511475,0.07580000162124634,0.07699999958276749,0.12439999729394913,0.23690000176429749,0.2809999883174896,0.28139999508857727,0.30309998989105225,0.2612000107765198,349,534.5,0.3703837897181457,38,28_515_shc_2024-25.15648,183,19.0,302.3173537784153,14.582,79.758,138.0,0.38689008355140686,0.5703125,1.2,1.0,1416.9166666666667,0.0009352887723984793,0.35717613602281356,0.7871357202529907,356,295,1,0.21523170471191405,303.15678825378416,Sangam
882.5,0,0.053700000047683716,0.2745000123977661,0.19930000603199005,0.066600002348423,0.09120000153779984,0.1151999980211258,0.15880000591278076,0.26489999890327454,0.32499998807907104,0.35519999265670776,0.3702000081539154,0.3571000099182129,334,534.5,0.3878725197971345,38,28_515_shc_2024-25.15054,180,116.0,302.3173537784153,14.582,79.768,88.0,0.3821011483669281,0.5102040767669678,0.75,35.0,1416.9166666666667,0.0009352887723984793,0.3709810340186726,0.7728040814399719,365,301,5,0.21523170471191405,303.15678825378416,Sangam
882.5,180,0.0430000014603138,0.1915999948978424,0.11065000295639038,0.0471000000834465,0.07569999992847443,0.066600002348423,0.12014999985694885,0.23070000112056732,0.27570000290870667,0.2937000095844269,0.2980000078678131,0.28220000863075256,333,534.5,0.4236782271740614,35,28_515_shc_2024-25.10047,180,219.0,302.3173537784153,14.582,79.782,88.0,0.4193548560142517,0.6303080916404724,1.81,52.0,1416.9166666666667,0.0009352887723984793,0.3959665304300786,0.6523663401603699,339,328,1,0.21523170471191405,303.15678825378416,Tharunavaya
887.5,90,0.04470000043511391,0.21484999358654022,0.11959999799728394,0.06724999845027924,0.10540000349283218,0.11169999837875366,0.16500000655651093,0.27230000495910645,0.3093999922275543,0.3296000063419342,0.3508000075817108,0.35725000500679016,355,503.6666666666667,0.3642777249994242,16,28_515_shc_2024-25.10372,171,348.7,302.1425273895264,14.582,79.972,251.0,0.3327941596508026,0.4937684237957001,0.54,17.5,1391.5,0.0009700122938156932,0.34723256167597394,0.651850700378418,328,317,3,0.21631058586968316,302.8702865176731,Bodduvaripalem
887.75,153,0.04470000043511391,0.26010000705718994,0.15080000460147858,0.06440000236034393,0.10499999672174454,0.0885000005364418,0.14820000529289246,0.28870001435279846,0.3425000011920929,0.35519999265670776,0.37929999828338623,0.37630000710487366,323,516.1666666666666,0.47516390441289363,35,28_515_shc_2024-25.15016,177,258.0,302.3173537784153,14.585,79.755,125.0,0.4112038016319275,0.6010817885398865,0.87,164.0,1403.9166666666667,0.0009352887723984793,0.4239164894202979,0.7322635650634766,364,313,2,0.21523170471191405,303.15678825378416,Sangam
887.75,0,0.03709999844431877,0.2117999941110611,0.10859999805688858,0.042899999767541885,0.07320000231266022,0.05079999938607216,0.11249999701976776,0.26489999890327454,0.33649998903274536,0.33719998598098755,0.36079999804496765,0.35670000314712524,322,516.1666666666666,0.5423215111852114,35,28_515_shc_2024-25.15047,180,32.0,302.3173537784153,14.585,79.765,100.0,0.4996664524078369,0.7381443381309509,0.33,1.0,1403.9166666666667,0.0009352887723984793,0.4837837691121082,0.628113865852356,379,299,0,0.21523170471191405,303.15678825378416,Sangam
892.4166666666666,226,0.050599999725818634,0.26089999079704285,0.16949999332427979,0.06549999862909317,0.10239999741315842,0.10540000349283218,0.16899999976158142,0.2630000114440918,0.3246000111103058,0.323199987411499,0.3684000074863434,0.3555999994277954,368,506.4166666666667,0.37183730178017027,11,28_515_shc_2024-25.19803,183,187.3,302.1620803409153,14.585,80.065,63.0,0.31328725814819336,0.5081660747528076,0.83,79.7,1398.8333333333333,0.0010061510918223998,0.35181992147107227,0.8072401285171509,318,313,1,0.15887150234646266,303.0348969777425,Chowkacherla
906.75,27,0.050200000405311584,0.3188000023365021,0.23600000143051147,0.052000001072883606,0.07940000295639038,0.09749999642372131,0.16449999809265137,0.24529999494552612,0.274399995803833,0.2784000039100647,0.29840001463890076,0.3012999892234802,317,522.25,0.3069431427798515,66,28_515_shc_2024-25.5617,177,245.0,302.3107294294569,14.588,79.482,88.0,0.2571686804294586,0.4812450408935547,0.46,25.0,1429.0,0.0008401772080534423,0.3097956514740377,1.1451148986816406,386,297,2,0.21531359354654947,303.1521984100342,Devarayapalle Bit-II
887.75,134,0.04340000078082085,0.2526000142097473,0.1467999964952469,0.05820000171661377,0.08919999748468399,0.08340000361204147,0.14560000598430634,0.2418999969959259,0.2784000039100647,0.2831999957561493,0.31200000643730164,0.33090001344680786,316,516.1666666666666,0.37079651003766484,34,28_515_shc_2024-25.14717,177,19.0,302.3173537784153,14.588,79.762,113.0,0.3208954930305481,0.5450081825256348,0.95,8.0,1403.9166666666667,0.0009352887723984793,0.34583428160011886,0.8919492363929749,412,272,1,0.21523170471191405,303.15678825378416,Sangam
886.1666666666666,46,0.037300001829862595,0.10700000077486038,0.0632999986410141,0.048650000244379044,0.06705000251531601,0.05570000037550926,0.11225000023841858,0.18035000562667847,0.19760000705718994,0.1923000067472458,0.2076999992132187,0.20080000162124634,335,509.1666666666667,0.2939847315805169,32,28_515_shc_2024-25.3544,177,232.0,302.3173537784153,14.588,79.812,63.0,0.26284682750701904,0.55080646276474,0.72,1.0,1395.5,0.0009352887723984793,0.2739304914524933,0.556422233581543,328,337,1,0.21523170471191405,303.15678825378416,Padamatipalem
889.6666666666666,261,0.07240000367164612,0.22415000200271606,0.17550000548362732,0.10369999706745148,0.1340000033378601,0.15459999442100525,0.16455000638961792,0.19189999997615814,0.21095000207424164,0.20180000364780426,0.21739999949932098,0.23070000112056732,344,514.3333333333334,0.08730072411551895,16,28_515_shc_2024-25.6853,198,77.5,302.1425273895264,14.588,79.982,100.0,0.10167871415615082,0.13243548572063446,0.14,99.4,1403.8333333333333,0.0009700122938156932,0.08267166510959044,1.1107531785964966,322,334,6,0.21631058586968316,302.8702865176731,Bodduvaripalem
889.6666666666666,108,0.062199998646974564,0.29440000653266907,0.19120000302791595,0.056449998170137405,0.08569999784231186,0.0820000022649765,0.15154999494552612,0.24504999816417694,0.2829500138759613,0.2978000044822693,0.3199000060558319,0.31630000472068787,343,514.3333333333334,0.3948259092078298,17,28_515_shc_2024-25.7229,171,129.1,302.1425273895264,14.588,79.998,151.0,0.3254701495170593,0.568193793296814,0.19,108.1,1403.8333333333333,0.0009700122938156932,0.36792452926058417,0.988582968711853,337,320,3,0.21631058586968316,302.8702865176731,Naidupalem
887.75,180,0.04830000177025795,0.2797499895095825,0.19625000655651093,0.06480000168085098,0.08869999647140503,0.10429999977350235,0.15940000116825104,0.25224998593330383,0.2924500107765198,0.2935999929904938,0.33340001106262207,0.33820000290870667,340,516.1666666666666,0.3301590553701153,37,28_515_shc_2024-25.20142,180,303.0,302.3173537784153,14.592,79.778,151.0,0.2962472140789032,0.475747674703598,0.87,19.0,1403.9166666666667,0.0009352887723984793,0.3162378796233274,0.952826976776123,342,318,1,0.21523170471191405,303.15678825378416,Tharunavaya
886.1666666666666,134,0.045499999076128006,0.1863500028848648,0.10565000027418137,0.0551999993622303,0.0820000022649765,0.06759999692440033,0.1282999962568283,0.249099999666214,0.3009999990463257,0.30489999055862427,0.31790000200271606,0.3267500102519989,355,509.1666666666667,0.4575780907527712,32,28_515_shc_2024-25.290,177,193.0,302.3173537784153,14.592,79.792,88.0,0.40766388177871704,0.6370469927787781,0.47,38.0,1395.5,0.0009352887723984793,0.4079656109545346,0.6111840009689331,338,308,1,0.21523170471191405,303.15678825378416,Tharunavaya
887.0,161,0.048700001090765,0.2502000033855438,0.16269999742507935,0.06210000067949295,0.09769999980926514,0.09399999678134918,0.1673000007867813,0.2784999907016754,0.323199987411499,0.35199999809265137,0.3650999963283539,0.3362500071525574,335,507.5833333333333,0.4447509153470617,18,28_515_shc_2024-25.14217,177,142.0,301.6073548634847,14.592,79.942,163.0,0.35567107796669006,0.5784753561019897,0.34,109.0,1394.5,0.0009735216608557412,0.40909091338684256,0.7107954621315002,331,334,3,0.21800405714246962,302.81000005933976,Pedaputhedu
889.6666666666666,244,0.07649999856948853,0.2913999855518341,0.22920000553131104,0.09799999743700027,0.1324000060558319,0.1615999937057495,0.18970000743865967,0.24289999902248383,0.2678000032901764,0.25679999589920044,0.29159998893737793,0.22130000591278076,343,514.3333333333334,0.15958160727984583,20,28_515_shc_2024-25.7499,186,258.3,302.1425273895264,14.592,79.982,176.0,0.1502799242734909,0.2275334745645523,0.33,25.1,1403.8333333333333,0.0009700122938156932,0.15548781022047034,1.134735107421875,315,342,2,0.21631058586968316,302.8702865176731,Gandavaram
889.6666666666666,46,0.06889999657869339,0.38029998540878296,0.288100004196167,0.09019999951124191,0.133200004696846,0.18199999630451202,0.21529999375343323,0.29589998722076416,0.350600004196167,0.3752000033855438,0.39570000767707825,0.4007999897003174,340,514.3333333333334,0.26972693459614056,17,28_515_shc_2024-25.3533,177,122.7,302.1425273895264,14.592,79.998,163.0,0.27078747749328613,0.3467336893081665,0.32,56.8,1403.8333333333333,0.0009700122938156932,0.2741203279478903,1.0135927200317383,332,328,1,0.21631058586968316,302.8702865176731,Naidupalem
910.3333333333334,116,0.06004999950528145,0.2381500005722046,0.15895000100135803,0.06390000134706497,0.09120000153779984,0.09205000102519989,0.13019999861717224,0.22984999418258667,0.27489998936653137,0.2590000033378601,0.3031499981880188,0.2935500144958496,337,517.5833333333334,0.313332837336447,65,28_515_shc_2024-25.3933,168,245.0,302.3107294294569,14.595,79.525,113.0,0.3309352695941925,0.47557327151298523,0.4,134.0,1427.9166666666667,0.0008401772080534423,0.29425415919762854,0.919498085975647,407,256,4,0.21531359354654947,303.1521984100342,Revuru
887.0,215,0.05950000137090683,0.27869999408721924,0.1887499988079071,0.07654999941587448,0.11299999803304672,0.11649999767541885,0.1920499950647354,0.2964499890804291,0.33364999294281006,0.36660000681877136,0.37220001220703125,0.3774000108242035,334,507.5833333333333,0.4192158929987374,14,28_515_shc_2024-25.760,186,277.7,302.1425273895264,14.595,79.955,213.0,0.3124496638774872,0.5176982283592224,0.45,137.6,1394.5,0.0009700122938156932,0.3815990357034382,0.7602291107177734,327,339,3,0.21631058586968316,302.8702865176731,Gandavaram
889.6666666666666,0,0.052400000393390656,0.34369999170303345,0.2138500064611435,0.06620000302791595,0.10220000147819519,0.09730000048875809,0.17384999990463257,0.2877500057220459,0.35234999656677246,0.37779998779296875,0.40724998712539673,0.392300009727478,337,514.3333333333334,0.4786362593469102,14,28_515_shc_2024-25.10619,180,381.0,302.1425273895264,14.595,79.985,151.0,0.3697090446949005,0.5904020071029663,0.23,7.6,1403.8333333333333,0.0009700122938156932,0.4314941913779949,0.9097406268119812,320,343,0,0.21631058586968316,302.8702865176731,Bodduvaripalem
894.5,0,0.05649999901652336,0.22100000083446503,0.133200004696846,0.06840000301599503,0.10639999806880951,0.10520000010728836,0.163100004196167,0.2888000011444092,0.3546999990940094,0.3635999858379364,0.375,0.38909998536109924,351,516.0,0.4359562559598707,7,28_515_shc_2024-25.7589,180,180.8,302.1620803409153,14.595,80.115,100.0,0.38067206740379333,0.5511945486068726,0.67,76.4,1410.3333333333333,0.0010061510918223998,0.40008256009397447,0.6078107953071594,333,316,2,0.15887150234646266,303.0348969777425,Utukuru
890.5,0,0.06340000033378601,0.27274999022483826,0.15790000557899475,0.07840000092983246,0.11685000360012054,0.12345000356435776,0.19904999434947968,0.29464998841285706,0.39355000853538513,0.397599995136261,0.41449999809265137,0.41449999809265137,365,507.4166666666667,0.44209183687568315,11,28_515_shc_2024-25.2318,180,129.0,302.1425273895264,14.598,80.028,201.0,0.33277466893196106,0.5261490941047668,0.73,17.5,1398.0833333333333,0.0009700122938156932,0.40274716015981293,0.6859909296035767,312,322,2,0.21631058586968316,302.8702865176731,Basavaipalem
892.4166666666666,27,0.0406000018119812,0.24629999697208405,0.13850000500679016,0.0430000014603138,0.06939999759197235,0.05959999933838844,0.12049999833106995,0.27459999918937683,0.32839998602867126,0.31119999289512634,0.36000001430511475,0.36469998955726624,366,506.4166666666667,0.467206413268181,11,28_515_shc_2024-25.16184,177,193.7,302.1620803409153,14.598,80.062,188.0,0.441741943359375,0.6785328984260559,0.76,164.0,1398.8333333333333,0.0010061510918223998,0.43339457246332036,0.7914524674415588,321,312,2,0.15887150234646266,303.0348969777425,Dampuru
892.4166666666666,314,0.04989999905228615,0.24899999797344208,0.1467999964952469,0.07890000194311142,0.11879999935626984,0.10260000079870224,0.20749999582767487,0.30169999599456787,0.3522999882698059,0.3783999979496002,0.40130001306533813,0.38600000739097595,371,506.4166666666667,0.4917097512532856,8,28_515_shc_2024-25.11404,183,180.8,302.1620803409153,14.598,80.068,100.0,0.2916879951953888,0.5733887553215027,0.21,62.2,1398.8333333333333,0.0010061510918223998,0.42171253440795464,0.6580338478088379,322,307,1,0.15887150234646266,303.0348969777425,Chowkacherla
903.6666666666666,46,0.04699999839067459,0.1829500049352646,0.10864999890327454,0.052400000393390656,0.08269999921321869,0.0737999975681305,0.15539999306201935,0.24535000324249268,0.2937000095844269,0.29260000586509705,0.32440000772476196,0.3418999910354614,313,521.5833333333334,0.40747916083162034,53,28_515_shc_2024-25.11009,177,109.0,302.2940464867486,14.602,79.578,1.0,0.30625003576278687,0.597161591053009,0.31,78.0,1425.1666666666667,0.0008690205275367507,0.3788088771294007,0.6252562999725342,389,299,1,0.21521873474121095,303.1103038787842,Bandarupalle
886.1666666666666,19,0.05559999868273735,0.37165001034736633,0.262800008058548,0.07660000026226044,0.1120000034570694,0.15150000154972076,0.20649999380111694,0.2827500104904175,0.3255999982357025,0.3312000036239624,0.3630000054836273,0.36294999718666077,328,509.1666666666667,0.26970643106854786,39,28_515_shc_2024-25.7472,177,180.0,302.3173537784153,14.602,79.792,100.0,0.2319137305021286,0.37228092551231384,1.2,90.0,1395.5,0.0009352887723984793,0.27429531056502027,1.1221317052841187,343,329,3,0.21523170471191405,303.15678825378416,Tharunavaya
887.9166666666666,90,0.049550000578165054,0.2805500030517578,0.2057500034570694,0.07259999960660934,0.10849999636411667,0.12800000607967377,0.1829500049352646,0.26350000500679016,0.30375000834465027,0.3059000074863434,0.33994999527931213,0.3249000012874603,360,497.8333333333333,0.2908003072275606,33,28_515_shc_2024-25.1087,174,84.0,301.6073548634847,14.602,79.888,88.0,0.2515086531639099,0.41000229120254517,1.17,90.0,1386.0,0.0009735216608557412,0.2857372290755844,0.9171297550201416,353,287,2,0.21800405714246962,302.81000005933976,Vavveru
889.6666666666666,134,0.07500000298023224,0.3930499851703644,0.30855000019073486,0.0921500027179718,0.13809999823570251,0.181099995970726,0.23559999465942383,0.2793000042438507,0.3008500039577484,0.3066999912261963,0.3343000113964081,0.32519999146461487,348,514.3333333333334,0.18446986824341516,18,28_515_shc_2024-25.713,177,206.6,302.1425273895264,14.602,79.962,151.0,0.13110823929309845,0.2574825584888458,0.39,127.8,1403.8333333333333,0.0009700122938156932,0.19072686305435943,1.2815455198287964,335,317,1,0.21631058586968316,302.8702865176731,Gandavaram
889.6666666666666,90,0.07064999639987946,0.30250000953674316,0.2706499993801117,0.11079999804496765,0.13120000064373016,0.14720000326633453,0.20409999787807465,0.22795000672340393,0.24740000069141388,0.23980000615119934,0.24699999392032623,0.20945000648498535,318,514.3333333333334,0.17917956654115053,13,28_515_shc_2024-25.10637,174,309.9,302.1425273895264,14.602,79.982,138.0,0.08042353391647339,0.2392764836549759,0.82,69.9,1403.8333333333333,0.0009700122938156932,0.1565952681539526,1.2614679336547852,331,350,2,0.21631058586968316,302.8702865176731,Bodduvaripalem
892.4166666666666,90,0.07084999978542328,0.3111000061035156,0.2281000018119812,0.08959999680519104,0.11909999698400497,0.14069999754428864,0.18565000593662262,0.24869999289512634,0.275299996137619,0.31220000982284546,0.29965001344680786,0.30480000376701355,369,506.4166666666667,0.288837257608559,8,28_515_shc_2024-25.19822,177,213.1,302.1620803409153,14.602,80.068,263.0,0.2541930377483368,0.3786708116531372,0.28,48.0,1398.8333333333333,0.0010061510918223998,0.26996538611497956,0.9964765906333923,309,322,1,0.15887150234646266,303.0348969777425,Vavilla
894.5,90,0.053449999541044235,0.21535000205039978,0.11980000138282776,0.07989999651908875,0.1160999983549118,0.10135000199079514,0.17215000092983246,0.294050008058548,0.3562999963760376,0.3840000033378601,0.398499995470047,0.39594998955726624,355,516.0,0.5073231018198877,11,28_515_shc_2024-25.10783,177,361.6,302.1620803409153,14.602,80.088,63.0,0.38092240691185,0.5823632478713989,0.44,78.6,1410.3333333333333,0.0010061510918223998,0.4302785809385409,0.5608072876930237,339,306,1,0.15887150234646266,303.0348969777425,Alaganipadu
890.5,90,0.06040000170469284,0.2964000105857849,0.19210000336170197,0.0746999979019165,0.10620000213384628,0.10980000346899033,0.18279999494552612,0.2955000102519989,0.37549999356269836,0.39160001277923584,0.42669999599456787,0.41620001196861267,354,507.4166666666667,0.4727711974998329,13,28_515_shc_2024-25.10341,177,129.1,302.1425273895264,14.605,80.025,163.0,0.36350977420806885,0.56202632188797,0.23,1.1,1398.0833333333333,0.0009700122938156932,0.42210905443064195,0.7568947672843933,329,317,1,0.21631058586968316,302.8702865176731,Gundalammapalem
894.5,116,0.08810000121593475,0.3125999867916107,0.24729999899864197,0.11500000208616257,0.1378999948501587,0.15309999883174896,0.17945000529289246,0.2578999996185303,0.29065001010894775,0.2955999970436096,0.31450000405311584,0.3178499937057495,344,516.0,0.26355700398010223,11,28_515_shc_2024-25.11389,174,180.8,302.1620803409153,14.605,80.085,88.0,0.2445005625486374,0.3175841271877289,0.32,13.1,1410.3333333333333,0.0010061510918223998,0.2253083147961495,1.0575101375579834,335,322,2,0.15887150234646266,303.0348969777425,Vavilla
894.5,116,0.08810000121593475,0.3125999867916107,0.24729999899864197,0.11500000208616257,0.1378999948501587,0.15309999883174896,0.17945000529289246,0.2578999996185303,0.29065001010894775,0.2955999970436096,0.31450000405311584,0.3178499937057495,344,516.0,0.26355700398010223,11,28_515_shc_2024-25.21137,174,342.2,302.1620803409153,14.605,80.085,151.0,0.2445005625486374,0.3175841271877289,1.24,42.6,1410.3333333333333,0.0010061510918223998,0.2253083147961495,1.0575101375579834,335,322,2,0.15887150234646266,303.0348969777425,Vavilla
888.3333333333334,226,0.053700000047683716,0.30140000581741333,0.21050000190734863,0.07479999959468842,0.10540000349283218,0.13420000672340393,0.1657000035047531,0.24650000035762787,0.2946999967098236,0.3041999936103821,0.329800009727478,0.32829999923706055,341,529.8333333333334,0.2744768516303089,38,28_515_shc_2024-25.20187,183,129.0,302.3556621551514,14.608,79.732,188.0,0.29474353790283203,0.38777369260787964,0.36,90.0,1418.1666666666667,0.0008901084587730029,0.2717391093774132,0.9907955527305603,367,292,1,0.21592360602484809,303.1333670298258,Peramana
890.5,325,0.06015000119805336,0.2635500133037567,0.1636500060558319,0.08609999716281891,0.1177000030875206,0.12999999523162842,0.1969500035047531,0.28235000371932983,0.33524999022483826,0.36399999260902405,0.37014999985694885,0.37059998512268066,342,507.4166666666667,0.39045553091400703,14,28_515_shc_2024-25.10359,186,193.7,302.1425273895264,14.608,80.008,113.0,0.29779836535453796,0.4736842215061188,0.4,17.5,1398.0833333333333,0.0009700122938156932,0.35311871263560024,0.7240385413169861,336,322,3,0.21631058586968316,302.8702865176731,Talamanchi
890.5,90,0.06480000168085098,0.28665000200271606,0.1936500072479248,0.08959999680519104,0.1151999980211258,0.12540000677108765,0.18479999899864197,0.2513499855995178,0.2780500054359436,0.2851000130176544,0.3139500021934509,0.3212999999523163,361,507.4166666666667,0.2923837370383776,12,28_515_shc_2024-25.6822,177,213.1,302.1425273895264,14.608,80.022,213.0,0.21344970166683197,0.38903775811195374,0.5,17.5,1398.0833333333333,0.0009700122938156932,0.2630972039137699,1.005436658859253,326,313,1,0.21631058586968316,302.8702865176731,Talamanchi
899.0833333333334,237,0.06844999641180038,0.43880000710487366,0.3734999895095825,0.10040000081062317,0.13910000026226044,0.19020000100135803,0.2304999977350235,0.3170500099658966,0.35295000672340393,0.3353999853134155,0.36489999294281006,0.4440999925136566,355,531.6666666666666,0.21060568802987098,7,28_515_shc_2024-25.2978,189,284.1,302.1620803409153,14.608,80.142,138.0,0.18536841869354248,0.27625569701194763,0.54,1.1,1430.75,0.0010061510918223998,0.21236347442894743,1.3082886934280396,307,338,3,0.15887150234646266,303.0348969777425,Varini
893.5833333333334,207,0.03994999825954437,0.22599999606609344,0.13699999451637268,0.054099999368190765,0.07455000281333923,0.08829999715089798,0.14239999651908875,0.23614999651908875,0.27344998717308044,0.27390000224113464,0.30344998836517334,0.3183499872684479,315,535.4166666666666,0.3319146007245448,45,28_515_shc_2024-25.11242,186,386.0,302.2940464867486,14.612,79.642,113.0,0.3158779740333557,0.512424111366272,0.27,43.0,1428.9166666666667,0.0008690205275367507,0.3228949290555145,0.8251186609268188,358,327,4,0.21521873474121095,303.1103038787842,Atmakur
893.5833333333334,207,0.03994999825954437,0.22599999606609344,0.13699999451637268,0.054099999368190765,0.07455000281333923,0.08829999715089798,0.14239999651908875,0.23614999651908875,0.27344998717308044,0.27390000224113464,0.30344998836517334,0.3183499872684479,315,535.4166666666666,0.3319146007245448,45,28_515_shc_2024-25.11409,186,200.0,302.2940464867486,14.612,79.642,163.0,0.3158779740333557,0.512424111366272,0.9,17.0,1428.9166666666667,0.0008690205275367507,0.3228949290555145,0.8251186609268188,358,327,4,0.21521873474121095,303.1103038787842,Atmakur
890.5,180,0.05225000157952309,0.24574999511241913,0.1416500061750412,0.05420000106096268,0.0868000015616417,0.0697999969124794,0.14925000071525574,0.2756499946117401,0.3502500057220459,0.3691999912261963,0.38100001215934753,0.3569999933242798,324,535.4166666666666,0.5418023922447754,40,28_515_shc_2024-25.15115,180,225.0,302.3556621551514,14.612,79.698,113.0,0.42424532771110535,0.6820045709609985,0.75,1.0,1426.0,0.0008901084587730029,0.4782747573413709,0.6656283736228943,378,298,1,0.21592360602484809,303.1333670298258,Peramana
887.75,270,0.04874999821186066,0.33445000648498535,0.24005000293254852,0.0694499984383583,0.10679999738931656,0.13840000331401825,0.17685000598430634,0.2511500120162964,0.3037000000476837,0.31189998984336853,0.33215001225471497,0.33959999680519104,333,516.1666666666666,0.26751157814143944,35,28_515_shc_2024-25.7484,183,26.0,302.3173537784153,14.612,79.782,88.0,0.27631711959838867,0.3852986693382263,1.13,1.0,1403.9166666666667,0.0009352887723984793,0.27386086674518506,1.0722988843917847,347,319,1,0.21523170471191405,303.15678825378416,Tharunavaya
887.9166666666666,244,0.05714999884366989,0.2788499891757965,0.195250004529953,0.061900001019239426,0.09075000137090683,0.11860000342130661,0.15414999425411224,0.24130000174045563,0.2796500027179718,0.2996000051498413,0.3105500042438507,0.31850001215934753,349,497.8333333333333,0.29251106955387823,35,28_515_shc_2024-25.8460,186,90.0,301.6073548634847,14.612,79.888,25.0,0.32055097818374634,0.4328072667121887,1.8,164.0,1386.0,0.0009735216608557412,0.2956872141782,0.9307409524917603,333,317,2,0.21800405714246962,302.81000005933976,Munulapudi
890.5,46,0.053700000047683716,0.28279998898506165,0.178849995136261,0.07294999808073044,0.10559999942779541,0.10660000145435333,0.16599999368190765,0.2851499915122986,0.3735499978065491,0.39160001277923584,0.40584999322891235,0.39989998936653137,365,507.4166666666667,0.4800970376003783,12,28_515_shc_2024-25.10490,177,316.9,302.1425273895264,14.612,80.018,88.0,0.4045911431312561,0.5720593929290771,0.1,18.6,1398.0833333333333,0.0009700122938156932,0.4282708985088076,0.7221654057502747,327,308,1,0.21631058586968316,302.8702865176731,Talamanchi
890.5,90,0.045049998909235,0.2285500019788742,0.14505000412464142,0.055149998515844345,0.07500000298023224,0.06224999949336052,0.13774999976158142,0.2916499972343445,0.3483999967575073,0.3449999988079071,0.3734000027179718,0.39515000581741333,355,507.4166666666667,0.5417185512397137,10,28_515_shc_2024-25.7095,177,116.2,302.1425273895264,14.612,80.032,63.0,0.42931124567985535,0.6942909955978394,0.35,42.6,1398.0833333333333,0.0009700122938156932,0.4674841551567378,0.6624637842178345,326,319,1,0.21631058586968316,302.8702865176731,Damegunta
892.4166666666666,226,0.06729999929666519,0.27459999918937683,0.17180000245571136,0.0820000022649765,0.11739999800920486,0.12380000203847885,0.2079000025987625,0.2994000017642975,0.3675999939441681,0.384799987077713,0.4162999987602234,0.3407000005245209,357,506.4166666666667,0.4313764182363321,6,28_515_shc_2024-25.8008,183,607.0,302.1620803409153,14.612,80.072,100.0,0.2984646260738373,0.5131734013557434,0.1,62.2,1398.8333333333333,0.0010061510918223998,0.38816179038620835,0.7136175036430359,327,316,1,0.15887150234646266,303.0348969777425,Dampuru
883.0,46,0.033399999141693115,0.2004999965429306,0.12039999663829803,0.04944999888539314,0.0706000030040741,0.07909999787807465,0.11174999922513962,0.19589999318122864,0.22885000705718994,0.2295999974012375,0.2590999901294708,0.2553499937057495,315,550.8333333333334,0.2821892642641379,81,28_515_shc_2024-25.12809,174,523.0,302.15286810133193,14.615,79.415,125.0,0.345246821641922,0.48752835392951965,0.69,19.0,1433.75,0.0008062185954485478,0.27915172573578884,0.8732578158378601,387,298,3,0.3143429650200738,303.1537012312147,Amanichiruvella
888.3333333333334,270,0.04774999991059303,0.23774999380111694,0.16380000114440918,0.06915000081062317,0.09905000030994415,0.11089999973773956,0.15045000612735748,0.24864999949932098,0.28665000200271606,0.3041999936103821,0.3155499994754791,0.31084999442100525,318,529.8333333333334,0.33305190603463586,41,28_515_shc_2024-25.10298,195,109.0,302.3556621551514,14.615,79.745,138.0,0.33817219734191895,0.4656709134578705,1.2,164.0,1418.1666666666667,0.0008901084587730029,0.3168506096783035,0.7815581560134888,391,291,5,0.21592360602484809,303.1333670298258,Korimerla
887.75,180,0.05090000107884407,0.3285999894142151,0.22540000081062317,0.06040000170469284,0.08879999816417694,0.12080000340938568,0.16699999570846558,0.2152000069618225,0.23520000278949738,0.2596000134944916,0.26440000534057617,0.2782999873161316,326,516.1666666666666,0.2265900616539428,46,28_515_shc_2024-25.1795,180,122.0,302.3173537784153,14.615,79.765,50.0,0.21706520020961761,0.3648790717124939,0.68,116.8,1403.9166666666667,0.0009352887723984793,0.23648342927098137,1.2657934427261353,387,287,1,0.21523170471191405,303.15678825378416,Sangam
887.9166666666666,90,0.04960000142455101,0.2749499976634979,0.19705000519752502,0.07109999656677246,0.10260000079870224,0.10930000245571136,0.17845000326633453,0.2667999863624573,0.30090001225471497,0.31520000100135803,0.33785000443458557,0.3324500024318695,308,497.8333333333333,0.3580246784987117,27,28_515_shc_2024-25.779,174,109.0,301.6073548634847,14.615,79.905,113.0,0.27701812982559204,0.48504123091697693,1.19,35.0,1386.0,0.0009735216608557412,0.3340724679973589,0.872303307056427,363,329,2,0.21800405714246962,302.81000005933976,Yelamanchipadu
893.5833333333334,90,0.05220000073313713,0.3328000009059906,0.23989999294281006,0.07840000092983246,0.10480000078678131,0.14100000262260437,0.18279999494552612,0.2797999978065491,0.3224000036716461,0.3400000035762787,0.3666999936103821,0.35580000281333923,329,535.4166666666666,0.3113266574111309,47,28_515_shc_2024-25.1396,174,129.0,302.3556621551514,14.618,79.662,125.0,0.30068862438201904,0.4137214124202728,0.1,17.0,1428.9166666666667,0.0008901084587730029,0.3042813451012304,0.9788235425949097,372,299,2,0.21592360602484809,303.1333670298258,Atmakur
893.5833333333334,90,0.05220000073313713,0.3328000009059906,0.23989999294281006,0.07840000092983246,0.10480000078678131,0.14100000262260437,0.18279999494552612,0.2797999978065491,0.3224000036716461,0.3400000035762787,0.3666999936103821,0.35580000281333923,329,535.4166666666666,0.3113266574111309,47,28_515_shc_2024-25.8391,174,109.0,302.3556621551514,14.618,79.662,75.0,0.30068862438201904,0.4137214124202728,0.45,35.0,1428.9166666666667,0.0008901084587730029,0.3042813451012304,0.9788235425949097,372,299,2,0.21592360602484809,303.1333670298258,Atmakur
886.1666666666666,270,0.048900000751018524,0.262800008058548,0.1725499927997589,0.06560000032186508,0.09440000355243683,0.0949999988079071,0.1741500049829483,0.29100000858306885,0.3549000024795532,0.35899999737739563,0.3793500065803528,0.3813999891281128,328,509.1666666666667,0.4592901892985931,35,28_515_shc_2024-25.7271,183,103.0,302.3173537784153,14.618,79.828,151.0,0.3467129170894623,0.5814977884292603,0.71,80.0,1395.5,0.0009352887723984793,0.4150943390332201,0.7320334315299988,354,318,1,0.21523170471191405,303.15678825378416,Vangallu
886.1666666666666,46,0.053449999541044235,0.3364500105381012,0.24169999361038208,0.06620000302791595,0.10034999996423721,0.12540000677108765,0.18504999577999115,0.2590999901294708,0.29945001006126404,0.2937000095844269,0.33070001006126404,0.33009999990463257,333,509.1666666666667,0.2715216827349458,35,28_515_shc_2024-25.10248,177,489.0,302.3173537784153,14.618,79.832,38.0,0.2269451916217804,0.4015747904777527,0.5,164.0,1395.5,0.0009352887723984793,0.2746708733844254,1.1455566883087158,353,314,1,0.21523170471191405,303.15678825378416,Jangala Khandrika
887.9166666666666,314,0.04259999841451645,0.2978000044822693,0.21539999544620514,0.0575999990105629,0.0843999981880188,0.11479999870061874,0.14839999377727509,0.2257000058889389,0.2522999942302704,0.2696000039577484,0.2800000011920929,0.28700000047683716,334,497.8333333333333,0.2535377438643811,35,28_515_shc_2024-25.3761,189,135.0,301.6073548634847,14.618,79.892,163.0,0.28995218873023987,0.40270552039146423,1.4,164.0,1386.0,0.0009735216608557412,0.2625508900811147,1.1045993566513062,339,327,4,0.21800405714246962,302.81000005933976,Munulapudi
893.5833333333334,27,0.03375000134110451,0.17970000207424164,0.09794999659061432,0.04470000043511391,0.0689999982714653,0.04684999957680702,0.11734999716281891,0.257999986410141,0.323199987411499,0.34360000491142273,0.35714998841285706,0.36079999804496765,311,535.4166666666666,0.5753422109032693,46,28_515_shc_2024-25.10992,177,245.0,302.2940464867486,14.622,79.632,88.0,0.49083414673805237,0.7600204944610596,0.39,17.0,1428.9166666666667,0.0008690205275367507,0.49988770369848134,0.5229918360710144,372,317,2,0.21521873474121095,303.1103038787842,Atmakur
893.5833333333334,180,0.03240000084042549,0.1737000048160553,0.09510000050067902,0.03819999843835831,0.06459999829530716,0.050200000405311584,0.09210000187158585,0.1987999975681305,0.24560000002384186,0.25099998712539673,0.2614000141620636,0.26100000739097595,314,535.4166666666666,0.39661844536357305,43,28_515_shc_2024-25.11013,180,335.0,302.2940464867486,14.622,79.638,75.0,0.46313026547431946,0.6666666269302368,0.38,1.0,1428.9166666666667,0.0008690205275367507,0.37593607684446373,0.6920319199562073,364,322,3,0.21521873474121095,303.1103038787842,Atmakur
888.3333333333334,153,0.04699999839067459,0.30140000581741333,0.19249999523162842,0.07360000163316727,0.1006999984383583,0.11699999868869781,0.17190000414848328,0.2587999999523163,0.3124000132083893,0.32600000500679016,0.34200000762939453,0.33959999680519104,331,529.8333333333334,0.3539973042981378,39,28_515_shc_2024-25.15384,177,522.0,302.3556621551514,14.622,79.718,151.0,0.3094998896121979,0.471783310174942,0.33,1.0,1418.1666666666667,0.0008901084587730029,0.3324496375912777,0.9245398640632629,354,315,2,0.21592360602484809,303.1333670298258,Peramana
885.3333333333334,46,0.0507499985396862,0.2782999873161316,0.19255000352859497,0.061900001019239426,0.09369999915361404,0.10379999876022339,0.157150000333786,0.25839999318122864,0.30744999647140503,0.31540000438690186,0.3388499915599823,0.3372499942779541,333,497.4166666666667,0.35889956776383536,32,28_515_shc_2024-25.6190,177,232.0,302.3173537784153,14.622,79.838,75.0,0.33488520979881287,0.5047709941864014,1.28,164.0,1382.75,0.0009352887723984793,0.34530026909629513,0.8823715448379517,353,314,1,0.21523170471191405,303.15678825378416,Jangala Khandrika
890.5,64,0.04794999957084656,0.31255000829696655,0.21580000221729279,0.07410000264644623,0.11089999973773956,0.14550000429153442,0.1931000053882599,0.2903499901294708,0.3305000066757202,0.3474000096321106,0.3723999857902527,0.36285001039505005,359,507.4166666666667,0.3032168976310824,9,28_515_shc_2024-25.14507,174,103.3,302.1425273895264,14.622,80.032,125.0,0.285476416349411,0.4096165597438812,1.15,26.2,1398.0833333333333,0.0009700122938156932,0.3050156146277924,0.8996833562850952,329,313,2,0.21631058586968316,302.8702865176731,Kalambotlavari Khandrika
893.5833333333334,241,0.060600001364946365,0.2771500051021576,0.18639999628067017,0.05195000022649765,0.07244999706745148,0.06724999845027924,0.13404999673366547,0.2665500044822693,0.31415000557899475,0.3370000123977661,0.33535000681877136,0.2919999957084656,314,535.4166666666666,0.49921349804346393,43,28_515_shc_2024-25.19778,201,109.0,302.2940464867486,14.625,79.625,63.0,0.4308460056781769,0.6672850847244263,0.33,164.0,1428.9166666666667,0.0008690205275367507,0.4474702970053107,0.8224035501480103,370,316,8,0.21521873474121095,303.1103038787842,Narampeta
893.5833333333334,161,0.028300000354647636,0.17229999601840973,0.08389999717473984,0.03920000046491623,0.06260000169277191,0.04349999874830246,0.10050000250339508,0.26030001044273376,0.34060001373291016,0.35280001163482666,0.37400001287460327,0.36230000853538513,325,535.4166666666666,0.5858842490094343,45,28_515_shc_2024-25.8345,177,64.0,302.2940464867486,14.625,79.635,75.0,0.5565850734710693,0.7804693579673767,0.3,1.0,1428.9166666666667,0.0008690205275367507,0.5176280419002426,0.488378643989563,360,316,3,0.21521873474121095,303.1103038787842,Atmakur
888.3333333333334,161,0.0466499999165535,0.2476000040769577,0.16535000503063202,0.06605000048875809,0.09809999912977219,0.11190000176429749,0.16519999504089355,0.258899986743927,0.30364999175071716,0.3118000030517578,0.3377000093460083,0.3135499954223633,340,529.8333333333334,0.3358929980805363,37,28_515_shc_2024-25.14650,177,174.0,302.3556621551514,14.625,79.725,163.0,0.30733755230903625,0.47179606556892395,0.9,43.0,1418.1666666666667,0.0008901084587730029,0.32461838298994306,0.7940987944602966,356,305,3,0.21592360602484809,303.1333670298258,Peramana
888.3333333333334,116,0.03739999979734421,0.18950000405311584,0.09910000115633011,0.04349999874830246,0.06700000166893005,0.047600001096725464,0.10170000046491623,0.26010000705718994,0.3379000127315521,0.33480000495910645,0.36320000886917114,0.3580000102519989,330,529.8333333333334,0.5548043102000979,36,28_515_shc_2024-25.15154,174,303.0,302.3556621551514,14.625,79.745,151.0,0.5340206027030945,0.7510460019111633,0.9,17.0,1418.1666666666667,0.0008901084587730029,0.48821396513715976,0.5660095810890198,393,277,2,0.21592360602484809,303.1333670298258,Korimerla
885.3333333333334,27,0.042500000447034836,0.23589999973773956,0.14114999771118164,0.04895000159740448,0.0763000026345253,0.07654999941587448,0.11900000274181366,0.20419999957084656,0.23845000565052032,0.25940001010894775,0.26159998774528503,0.2771500051021576,334,497.4166666666667,0.3382165462893661,35,28_515_shc_2024-25.10120,177,161.0,302.3173537784153,14.625,79.835,75.0,0.37103593349456787,0.5442774295806885,0.78,35.0,1382.75,0.0009352887723984793,0.32809978218137187,0.909406304359436,352,315,2,0.21523170471191405,303.15678825378416,Jangala Khandrika
892.0,288,0.04904999956488609,0.2694000005722046,0.1732500046491623,0.06265000253915787,0.09989999979734421,0.09399999678134918,0.16439999639987946,0.2772499918937683,0.3340499997138977,0.3310000002384186,0.365449994802475,0.3483999967575073,324,507.4166666666667,0.41575302130690445,35,28_515_shc_2024-25.2299,189,26.0,302.3173537784153,14.628,79.792,63.0,0.33629390597343445,0.5576470494270325,0.36,25.0,1399.5,0.0009352887723984793,0.38432433116862685,0.8138973116874695,364,312,3,0.21523170471191405,303.15678825378416,Sangam
891.0833333333334,134,0.05480000004172325,0.18700000643730164,0.1168999969959259,0.03680000081658363,0.06459999829530716,0.05040000006556511,0.11060000211000443,0.21299999952316284,0.2538999915122986,0.1907999962568283,0.26829999685287476,0.2831000089645386,335,523.75,0.28836673776716243,11,28_515_shc_2024-25.17151,177,77.5,302.1425273895264,14.628,80.028,263.0,0.26609155535697937,0.5820895433425903,0.45,33.8,1414.9166666666667,0.0009700122938156932,0.2841338307229186,0.9800838828086853,334,330,1,0.21631058586968316,302.8702865176731,North Amuluru
890.8333333333334,116,0.0568000003695488,0.3163999915122986,0.2125999927520752,0.07020000368356705,0.11180000007152557,0.12780000269412994,0.19189999997615814,0.28850001096725464,0.3402000069618225,0.3555999994277954,0.3865000009536743,0.3840000033378601,357,507.1666666666667,0.35685193065266196,4,28_515_shc_2024-25.20659,174,90.4,302.1425273895264,14.628,80.048,201.0,0.2989954352378845,0.47124534845352173,0.68,85.2,1398.0833333333333,0.0009700122938156932,0.3474679625413841,0.8897637724876404,328,315,2,0.21631058586968316,302.8702865176731,Anathabotlavari Khandrika
914.6666666666666,90,0.06530000269412994,0.2786000072956085,0.2240000069141388,0.06719999760389328,0.09555000066757202,0.12759999930858612,0.15884999930858612,0.21570000052452087,0.2383500039577484,0.27250000834465027,0.26579999923706055,0.2610499858856201,347,513.5,0.23613194534634718,81,28_515_shc_2024-25.8053,177,174.0,302.3107294294569,14.632,79.492,138.0,0.2634751498699188,0.36215949058532715,1.03,1.0,1428.4166666666667,0.0008401772080534423,0.24147318265308843,1.0223853588104248,402,251,1,0.21531359354654947,303.1521984100342,Mahimalur
915.5,314,0.0568000003695488,0.2843500077724457,0.17964999377727509,0.07660000026226044,0.10459999740123749,0.12129999697208405,0.18125000596046448,0.26545000076293945,0.3203499913215637,0.3440000116825104,0.3697499930858612,0.3711000084877014,346,512.5,0.3718359980757369,59,28_515_shc_2024-25.11616,183,135.0,302.3107294294569,14.632,79.528,138.0,0.3098524510860443,0.47861596941947937,0.45,3.0,1428.0833333333333,0.0008401772080534423,0.3460582399985971,0.8265988230705261,384,270,1,0.21531359354654947,303.1521984100342,Mahimalur
890.5,314,0.04170000180602074,0.3416999876499176,0.259799987077713,0.07159999758005142,0.10540000349283218,0.147599995136261,0.18569999933242798,0.24459999799728394,0.2939000129699707,0.30660000443458557,0.32440000772476196,0.3138999938964844,345,505.0,0.24015226246398763,36,28_515_shc_2024-25.14474,183,142.0,301.6073548634847,14.632,79.872,113.0,0.2455819696187973,0.35006606578826904,1.39,17.0,1395.4166666666667,0.0009735216608557412,0.24994761481319716,1.1144813299179077,351,304,1,0.21800405714246962,302.81000005933976,Thiruveedhipadu
890.8333333333334,333,0.04450000077486038,0.24449999630451202,0.16009999811649323,0.05270000174641609,0.0803999975323677,0.09080000221729279,0.13750000298023224,0.20059999823570251,0.23669999837875366,0.20980000495910645,0.25429999828338623,0.3336000144481659,357,507.1666666666667,0.21885460383580863,5,28_515_shc_2024-25.20621,183,142.1,302.1620803409153,14.632,80.052,188.0,0.2081773728132248,0.39587491750717163,0.52,55.7,1398.0833333333333,0.0010061510918223998,0.22295778480225634,1.1653956174850464,332,311,2,0.15887150234646266,303.0348969777425,Anathabotlavari Khandrika
908.0,90,0.03880000114440918,0.15995000302791595,0.0880500003695488,0.04910000041127205,0.0726500004529953,0.05420000106096268,0.10490000247955322,0.1887499988079071,0.20724999904632568,0.21729999780654907,0.22824999690055847,0.2357500046491623,337,515.75,0.34724291376303207,57,28_515_shc_2024-25.8295,177,64.0,302.2940464867486,14.635,79.565,88.0,0.34885162115097046,0.6007366180419922,1.4,164.0,1423.6666666666667,0.0008690205275367507,0.3171095210337037,0.7360791563987732,375,287,1,0.21521873474121095,303.1103038787842,Nagulapadu
893.4166666666666,270,0.038100000470876694,0.1973000019788742,0.10170000046491623,0.04295000061392784,0.07095000147819519,0.05180000141263008,0.11659999936819077,0.265500009059906,0.33515000343322754,0.34119999408721924,0.37024998664855957,0.3551500141620636,301,518.8333333333334,0.5440360806820944,39,28_515_shc_2024-25.15111,186,271.0,302.3556621551514,14.635,79.745,138.0,0.49060726165771484,0.736386775970459,1.23,157.0,1412.3333333333333,0.0008901084587730029,0.4861142118695083,0.5782532691955566,378,322,2,0.21592360602484809,303.1333670298258,Korimerla
891.0833333333334,270,0.057750001549720764,0.3908500075340271,0.26794999837875366,0.07280000299215317,0.1193000003695488,0.1632000058889389,0.22384999692440033,0.2921999990940094,0.3358500003814697,0.3353999853134155,0.37049999833106995,0.36169999837875366,347,523.75,0.24341284009832548,17,28_515_shc_2024-25.6571,186,116.2,302.1425273895264,14.635,80.005,100.0,0.19946354627609253,0.3453669846057892,1.2,37.1,1414.9166666666667,0.0009700122938156932,0.2586620983500224,1.1653250455856323,338,314,2,0.21631058586968316,302.8702865176731,North Amuluru
890.8333333333334,237,0.04295000061392784,0.22220000624656677,0.1180500015616417,0.058150000870227814,0.08969999849796295,0.07699999958276749,0.14315000176429749,0.2828499972820282,0.3438499867916107,0.3619999885559082,0.38144999742507935,0.39010000228881836,349,507.1666666666667,0.5133747512879667,5,28_515_shc_2024-25.14361,189,90.4,302.1620803409153,14.635,80.065,138.0,0.43323764204978943,0.6492027044296265,0.33,27.3,1398.0833333333333,0.0010061510918223998,0.45527155363134675,0.6138122081756592,330,321,3,0.15887150234646266,303.0348969777425,Purini
890.8333333333334,166,0.08110000193119049,0.39010000228881836,0.29554998874664307,0.11919999867677689,0.1573999971151352,0.18940000236034393,0.22894999384880066,0.2922999858856201,0.32554998993873596,0.3246000111103058,0.35679998993873596,0.3420499861240387,335,507.1666666666667,0.2156987966069258,3,28_515_shc_2024-25.6894,177,71.0,302.1620803409153,14.635,80.075,113.0,0.17279382050037384,0.26303502917289734,1.12,29.5,1398.0833333333333,0.0010061510918223998,0.20000001028679754,1.201786756515503,326,339,4,0.15887150234646266,303.0348969777425,Purini
914.6666666666666,199,0.04309999942779541,0.2292499989271164,0.16425000131130219,0.07419999688863754,0.10409999638795853,0.11559999734163284,0.13850000500679016,0.21504999697208405,0.23729999363422394,0.22499999403953552,0.2575500011444092,0.2734000086784363,322,513.5,0.20079288705580867,78,28_515_shc_2024-25.2060,183,45.0,302.3107294294569,14.638,79.492,125.0,0.2379642128944397,0.32119789719581604,1.54,3.0,1428.4166666666667,0.0008401772080534423,0.19521769775089517,1.0188889503479004,415,264,3,0.21531359354654947,303.1521984100342,Mahimalur
892.0,244,0.04610000178217888,0.2126999944448471,0.11330000311136246,0.05530000105500221,0.08340000361204147,0.06679999828338623,0.14409999549388885,0.2741999924182892,0.3237000107765198,0.33880001306533813,0.3580000102519989,0.33959999680519104,341,507.4166666666667,0.5132656826030018,33,28_515_shc_2024-25.3401,186,213.0,302.3173537784153,14.638,79.812,151.0,0.403189092874527,0.6706114411354065,1.2,1.0,1399.5,0.0009352887723984793,0.4505300541740133,0.6278039813041687,353,306,2,0.21523170471191405,303.15678825378416,Marripadu
890.5,116,0.0458500012755394,0.2700499892234802,0.17994999885559082,0.06340000033378601,0.09099999815225601,0.10840000212192535,0.14890000224113464,0.23549999296665192,0.2766999900341034,0.2946999967098236,0.30695000290870667,0.3206000030040741,327,505.0,0.3169229615343905,35,28_515_shc_2025-26.6684,174,471.4,302.3173537784153,14.638,79.848,100.0,0.32867446541786194,0.4621681869029999,0.67,18.6,1395.4166666666667,0.0009352887723984793,0.3094341625992073,0.9163556098937988,372,301,2,0.21523170471191405,303.15678825378416,Kaligiri Konduru
891.0833333333334,46,0.06369999796152115,0.1996999979019165,0.1088000014424324,0.07320000231266022,0.10180000215768814,0.09640000015497208,0.1542000025510788,0.25999999046325684,0.2784999907016754,0.2831999957561493,0.31029999256134033,0.295199990272522,327,523.75,0.355782413799361,12,28_515_shc_2024-25.6669,177,122.7,302.1425273895264,14.638,80.022,213.0,0.2949245274066925,0.4920969307422638,0.66,88.4,1414.9166666666667,0.0009700122938156932,0.31855388211038427,0.7051553726196289,354,319,1,0.21631058586968316,302.8702865176731,North Amuluru
891.0833333333334,199,0.06310000270605087,0.26570001244544983,0.16060000658035278,0.08030000329017639,0.10639999806880951,0.09359999746084213,0.1850000023841858,0.29350000619888306,0.3797000050544739,0.4108000099658966,0.4016999900341034,0.37439998984336853,347,523.75,0.5787687834135559,11,28_515_shc_2024-25.14016,183,226.0,302.1425273895264,14.638,80.038,151.0,0.3789862394332886,0.6288660168647766,0.07,93.9,1414.9166666666667,0.0009700122938156932,0.4737156663076655,0.6467867493629456,329,324,3,0.21631058586968316,302.8702865176731,Beeramgunta
892.4166666666666,90,0.060499999672174454,0.28630000352859497,0.19499999284744263,0.06419999897480011,0.09080000221729279,0.10540000349283218,0.16359999775886536,0.23260000348091125,0.26440000534057617,0.2773999869823456,0.29589998722076416,0.3100000023841858,339,510.3333333333333,0.3010571686751805,42,28_515_shc_2024-25.738,177,238.0,302.3173537784153,14.642,79.772,125.0,0.258049875497818,0.4493207633495331,1.13,157.0,1402.5833333333333,0.0009352887723984793,0.2922519007905726,1.0320837497711182,353,307,1,0.21523170471191405,303.15678825378416,Talupurupadu
892.0,180,0.05700000002980232,0.36329999566078186,0.28459998965263367,0.08285000175237656,0.11710000038146973,0.15479999780654907,0.2046000063419342,0.29945001006126404,0.3379000127315521,0.33559998869895935,0.3813000023365021,0.35740000009536743,318,507.4166666666667,0.2751023189398398,34,28_515_shc_2024-25.6429,180,219.0,302.3173537784153,14.642,79.818,100.0,0.24250274896621704,0.36867862939834595,0.6,11.0,1399.5,0.0009352887723984793,0.27382874599535045,1.0825387239456177,351,331,2,0.21523170471191405,303.15678825378416,Marripadu
892.0,333,0.061900001019239426,0.40290001034736633,0.30239999294281006,0.09070000052452087,0.1273999959230423,0.17820000648498535,0.22100000083446503,0.2858000099658966,0.32109999656677246,0.32919999957084656,0.3598000109195709,0.3573000133037567,317,507.4166666666667,0.2197130489912166,36,28_515_shc_2024-25.14496,183,309.0,302.3173537784153,14.642,79.822,176.0,0.1966557651758194,0.2975955605506897,0.63,62.0,1399.5,0.0009352887723984793,0.22483620038437718,1.2238761186599731,349,334,2,0.21523170471191405,303.15678825378416,Marripadu
890.8333333333334,314,0.051100000739097595,0.2526000142097473,0.15559999644756317,0.0658000037074089,0.10639999806880951,0.09059999883174896,0.1813499927520752,0.29260000586509705,0.3625999987125397,0.37860000133514404,0.4150499999523163,0.40845000743865967,353,507.1666666666667,0.5039546602721733,6,28_515_shc_2024-25.10558,183,103.3,302.1620803409153,14.642,80.062,176.0,0.35226359963417053,0.6138107180595398,0.07,29.5,1398.0833333333333,0.0010061510918223998,0.4457284396210315,0.6671949625015259,322,324,1,0.15887150234646266,303.0348969777425,Indupuru
890.8333333333334,314,0.06755000352859497,0.32615000009536743,0.2203499972820282,0.07919999957084656,0.12449999898672104,0.1469999998807907,0.2206999957561493,0.31575000286102295,0.3702000081539154,0.4043999910354614,0.42704999446868896,0.43424999713897705,346,507.1666666666667,0.38022924860753515,8,28_515_shc_2024-25.7523,186,155.0,302.1620803409153,14.642,80.068,176.0,0.29387298226356506,0.46681174635887146,1.08,8.7,1398.0833333333333,0.0010061510918223998,0.3672246433971677,0.8065034747123718,331,322,3,0.15887150234646266,303.0348969777425,Purini
891.6666666666666,0,0.06400000303983688,0.29600000381469727,0.18950000405311584,0.08820000290870667,0.121799997985363,0.12600000202655792,0.18780000507831573,0.30469998717308044,0.36469998955726624,0.37279999256134033,0.4153999984264374,0.39750000834465027,362,515.3333333333334,0.420500227305421,4,28_515_shc_2024-25.7116,180,135.6,302.1620803409153,14.642,80.088,188.0,0.330003559589386,0.4947874844074249,0.31,22.9,1406.75,0.0010061510918223998,0.3706447615219671,0.7939914464950562,329,309,2,0.15887150234646266,303.0348969777425,Purini
874.1666666666666,134,0.03754999861121178,0.24819999933242798,0.15964999794960022,0.04235000163316727,0.06544999778270721,0.06080000102519989,0.13259999454021454,0.24025000631809235,0.27619999647140503,0.2930000126361847,0.30504998564720154,0.3022499978542328,351,557.1666666666666,0.4331524063612878,93,28_515_shc_2024-25.15337,177,225.0,302.15286810133193,14.645,79.365,251.0,0.3768797218799591,0.6563029885292053,0.34,105.0,1431.3333333333333,0.0008062185954485478,0.407940983653594,0.8470989465713501,394,254,1,0.3143429650200738,303.1537012312147,Pallavolu
915.5,64,0.04205000028014183,0.19169999659061432,0.10520000010728836,0.051249999552965164,0.07689999788999557,0.06560000032186508,0.1253499984741211,0.23594999313354492,0.2809999883174896,0.3034999966621399,0.3255000114440918,0.29054999351501465,328,512.5,0.45306518118340144,64,28_515_shc_2024-25.7790,174,457.0,302.3107294294569,14.645,79.515,151.0,0.4154133200645447,0.6445407867431641,0.38,1.0,1428.0833333333333,0.0008401772080534423,0.4105971645941448,0.6316309571266174,409,263,2,0.21531359354654947,303.1521984100342,Mahimalur
890.5,27,0.04430000111460686,0.2934499979019165,0.20020000636577606,0.06019999831914902,0.09369999915361404,0.09700000286102295,0.17669999599456787,0.270550012588501,0.3201499879360199,0.31200000643730164,0.35864999890327454,0.33880001306533813,333,505.0,0.3726169812466567,41,28_515_shc_2024-25.6137,174,213.0,302.3173537784153,14.645,79.845,100.0,0.2768569886684418,0.5256723761558533,0.18,90.0,1395.4166666666667,0.0009352887723984793,0.3547854808201403,0.940544843673706,366,301,4,0.21523170471191405,303.15678825378416,Marripadu
891.0833333333334,226,0.0421999990940094,0.29789999127388,0.18619999289512634,0.0681999996304512,0.10050000250339508,0.12399999797344208,0.17080000042915344,0.2558000087738037,0.2989000082015991,0.3084000051021576,0.326200008392334,0.2816999852657318,323,523.75,0.2991758187448432,9,28_515_shc_2024-25.16873,183,51.7,302.1425273895264,14.645,80.025,201.0,0.2871452569961548,0.4264569878578186,0.18,29.5,1414.9166666666667,0.0009700122938156932,0.29665380714359174,0.9659532904624939,354,323,1,0.21631058586968316,302.8702865176731,North Mopuru
908.0,134,0.04879999905824661,0.26785001158714294,0.19020000100135803,0.049550000578165054,0.07249999791383743,0.08410000056028366,0.1384499967098236,0.20284999907016754,0.22814999520778656,0.22599999606609344,0.2583000063896179,0.23739999532699585,335,515.75,0.26104232237225533,63,28_515_shc_2024-25.15836,177,161.0,302.2940464867486,14.648,79.582,151.0,0.24022500216960907,0.4575943052768707,0.6,8.0,1423.6666666666667,0.0008690205275367507,0.2627453328541147,1.1851770877838135,379,286,1,0.21521873474121095,303.1103038787842,Mahimalur
889.8333333333334,226,0.05429999902844429,0.2992500066757202,0.20829999446868896,0.0738999992609024,0.10899999737739563,0.1242000013589859,0.19185000658035278,0.28494998812675476,0.3260500133037567,0.3386000096797943,0.3630000054836273,0.36480000615119934,330,508.75,0.35042987323725433,27,28_515_shc_2024-25.232,183,451.0,301.6073548634847,14.648,79.902,151.0,0.27665188908576965,0.46326708793640137,1.47,90.0,1398.6666666666667,0.0009735216608557412,0.33402576733898587,0.8837862014770508,354,315,1,0.21800405714246962,302.81000005933976,Thurimerla
891.0833333333334,46,0.05169999971985817,0.3287999927997589,0.20980000495910645,0.06499999761581421,0.10279999673366547,0.1316000074148178,0.19670000672340393,0.2459000051021576,0.260699987411499,0.2786000072956085,0.2526000142097473,0.29490000009536743,361,523.75,0.23249192351819803,19,28_515_shc_2024-25.14736,177,64.6,302.1425273895264,14.648,80.012,176.0,0.17231221497058868,0.35836175084114075,0.15,26.2,1414.9166666666667,0.0009700122938156932,0.2422544454598109,1.1801866292953491,357,282,1,0.21631058586968316,302.8702865176731,North Amuluru
890.8333333333334,0,0.0471000000834465,0.2853499948978424,0.1829500049352646,0.07450000196695328,0.11569999903440475,0.13259999454021454,0.21850000321865082,0.3118000030517578,0.36489999294281006,0.3831999897956848,0.4108999967575073,0.4136500060558319,356,507.1666666666667,0.3867164658239469,8,28_515_shc_2024-25.14795,180,109.8,302.1425273895264,14.648,80.048,138.0,0.27372443675994873,0.48584723472595215,0.68,31.7,1398.0833333333333,0.0009700122938156932,0.37005315877117084,0.7446503043174744,317,328,2,0.21631058586968316,302.8702865176731,North Mopuru
890.8333333333334,0,0.0588500015437603,0.2643499970436096,0.1570499986410141,0.06634999811649323,0.10559999942779541,0.10649999976158142,0.19059999287128448,0.2837499976158142,0.3393999934196472,0.35760000348091125,0.3815000057220459,0.41624999046325684,345,507.1666666666667,0.41878617223352366,6,28_515_shc_2024-25.14435,180,297.0,302.1620803409153,14.648,80.068,213.0,0.30463337898254395,0.541047215461731,0.69,13.1,1398.0833333333333,0.0010061510918223998,0.39067524563036315,0.7392337918281555,330,325,0,0.15887150234646266,303.0348969777425,Indupuru
895.3333333333334,314,0.09690000116825104,0.3151000142097473,0.26030001044273376,0.13680000603199005,0.1550000011920929,0.1687999963760376,0.18880000710487366,0.2508000135421753,0.2759999930858612,0.2906000018119812,0.290800005197525,0.2912999987602234,358,530.6666666666666,0.23837484666131004,7,28_515_shc_2024-25.21366,183,361.6,302.1620803409153,14.648,80.142,125.0,0.21234875917434692,0.2651284337043762,0.39,164.0,1426.0,0.0010061510918223998,0.1904315285584467,1.084308385848999,308,334,1,0.15887150234646266,303.0348969777425,Varini
891.8333333333334,0,0.03359999880194664,0.257999986410141,0.1762000024318695,0.045899998396635056,0.06639999896287918,0.07670000195503235,0.11959999799728394,0.21379999816417694,0.24390000104904175,0.2565999925136566,0.27970001101493835,0.2540000081062317,331,539.0833333333334,0.3276747448658274,91,28_515_shc_2024-25.6075,180,644.0,302.40034531487356,14.652,79.408,100.0,0.3641679883003235,0.5397539734840393,1.11,62.0,1430.8333333333333,0.0008013390362393915,0.3238329384725274,1.0054559707641602,397,273,1,0.2889737447102865,303.1095063527425,Ponguru
891.75,180,0.045499999076128006,0.2948000133037567,0.22110000252723694,0.0681999996304512,0.10100000351667404,0.12559999525547028,0.17509999871253967,0.25850000977516174,0.3075999915599823,0.3089999854564667,0.33559998869895935,0.3264999985694885,348,512.6666666666666,0.29559666520342565,25,28_515_shc_2024-25.7165,180,238.0,302.1321107228597,14.652,79.918,163.0,0.27659571170806885,0.4219972491264343,0.52,43.0,1404.3333333333333,0.0009403437578560966,0.2943505146361501,0.9540454149246216,319,333,2,0.21784845987955728,303.0240300072564,Dagadarthi
891.0833333333334,180,0.04340000078082085,0.19380000233650208,0.12290000170469284,0.0843999981880188,0.11800000071525574,0.12080000340938568,0.16210000216960907,0.3138999938964844,0.36340001225471497,0.38600000739097595,0.41940000653266907,0.4244999885559082,338,523.75,0.44863986423306185,10,28_515_shc_2024-25.17020,180,109.8,302.2677823808458,14.652,80.032,176.0,0.40850210189819336,0.5232833623886108,0.17,18.6,1414.9166666666667,0.0009809203415619392,0.3951132317292606,0.5020725131034851,345,317,1,0.21853357950846355,303.115962515937,North Mopuru
891.0833333333334,314,0.05209999904036522,0.30660000443458557,0.20090000331401825,0.0966000035405159,0.1289999932050705,0.15000000596046448,0.2257000058889389,0.2985999882221222,0.367000013589859,0.3691999912261963,0.40700000524520874,0.3944999873638153,368,523.75,0.3547614184048475,11,28_515_shc_2024-25.17177,183,116.2,302.2677823808458,14.652,80.038,163.0,0.2412169873714447,0.4221879541873932,0.51,3.3,1414.9166666666667,0.0009809203415619392,0.3226059446685613,0.8304442167282104,306,325,1,0.21853357950846355,303.115962515937,North Mopuru
890.8333333333334,90,0.041999999433755875,0.2273000031709671,0.1657000035047531,0.07639999687671661,0.10819999873638153,0.10000000149011612,0.16580000519752502,0.2793000042438507,0.31859999895095825,0.36719998717308044,0.35179999470710754,0.27079999446868896,370,507.1666666666667,0.47912778284752494,12,28_515_shc_2024-25.15276,177,116.2,302.2677823808458,14.652,80.042,106.0,0.3778611421585083,0.5719177722930908,1.05,6.6,1398.0833333333333,0.0009809203415619392,0.41439204220670767,0.6190087199211121,310,320,1,0.21853357950846355,303.115962515937,North Mopuru
890.8333333333334,0,0.06610000133514404,0.3181000053882599,0.22419999539852142,0.09645000100135803,0.1331000030040741,0.1597999930381775,0.2334499955177307,0.3151499927043915,0.38929998874664307,0.4106000065803528,0.44359999895095825,0.44690001010894775,351,507.1666666666667,0.380917695734218,7,28_515_shc_2024-25.14006,180,206.6,302.2677823808458,14.652,80.048,100.0,0.27505630254745483,0.4396914541721344,0.48,62.2,1398.0833333333333,0.0009809203415619392,0.3514574182056552,0.7747198939323425,307,341,2,0.21853357950846355,303.115962515937,Indupuru
891.0833333333334,180,0.061400000005960464,0.29919999837875366,0.17970000207424164,0.08709999918937683,0.12680000066757202,0.14059999585151672,0.19859999418258667,0.3294999897480011,0.39239999651908875,0.40880000591278076,0.44679999351501465,0.44209998846054077,349,523.75,0.41928526439751623,9,28_515_shc_2024-25.16999,180,161.4,302.2677823808458,14.655,80.035,63.0,0.3460652232170105,0.4881689250469208,0.68,1.1,1414.9166666666667,0.0009809203415619392,0.3833619348346975,0.7318982481956482,321,330,1,0.21853357950846355,303.115962515937,North Mopuru
893.4166666666666,180,0.03914999961853027,0.24574999511241913,0.16110000014305115,0.045899998396635056,0.07460000365972519,0.07474999874830246,0.12514999508857727,0.23409999907016754,0.2651999890804291,0.2754000127315521,0.29809999465942383,0.2955000102519989,307,518.8333333333334,0.36358861210267485,52,28_515_shc_2024-25.20158,180,167.0,302.4583748287625,14.658,79.748,188.0,0.3751092553138733,0.5730401277542114,0.78,70.0,1412.3333333333333,0.0008809694601974943,0.3540257800514145,0.8923383355140686,355,338,1,0.28477884928385416,303.2028331756592,Neelayapalem
889.8333333333334,314,0.05530000105500221,0.32199999690055847,0.22269999980926514,0.07729999721050262,0.1120000034570694,0.13940000534057617,0.19499999284744263,0.2800999879837036,0.3158999979496002,0.33320000767707825,0.3531000018119812,0.36570000648498535,343,508.75,0.3047457227794676,27,28_515_shc_2024-25.15513,183,206.0,302.1321107228597,14.658,79.912,100.0,0.26164335012435913,0.4100719392299652,1.15,5.0,1398.6666666666667,0.0009403437578560966,0.2988895739398642,0.9663864970207214,328,329,1,0.21784845987955728,303.0240300072564,Choutaputhedu
891.75,90,0.050599999725818634,0.2994000017642975,0.21379999816417694,0.06520000100135803,0.10019999742507935,0.12479999661445618,0.17599999904632568,0.260699987411499,0.305400013923645,0.3034000098705292,0.33070001006126404,0.33340001106262207,330,512.6666666666666,0.2856320613281165,24,28_515_shc_2024-25.2221,174,129.0,302.1321107228597,14.658,79.932,38.0,0.26574885845184326,0.4170948266983032,0.75,1.0,1404.3333333333333,0.0009403437578560966,0.2886231609700415,0.9868160486221313,329,341,2,0.21784845987955728,303.0240300072564,Dagadarthi
890.8333333333334,46,0.07164999842643738,0.30820000171661377,0.20135000348091125,0.053199999034404755,0.08545000106096268,0.07410000264644623,0.16615000367164612,0.30114999413490295,0.34994998574256897,0.37959998846054077,0.38655000925064087,0.3571000099182129,341,507.1666666666667,0.5358896704525683,6,28_515_shc_2024-25.3645,174,187.3,302.0204082489014,14.658,80.068,263.0,0.39111313223838806,0.6733524203300476,0.64,52.4,1398.0833333333333,0.0010599620642323436,0.4804969938074949,0.8119072914123535,325,334,3,0.1473015679253472,303.2587522294786,Indupuru
891.6666666666666,134,0.04780000075697899,0.17669999599456787,0.08709999918937683,0.051100000739097595,0.08049999922513962,0.0681999996304512,0.1257999986410141,0.28189998865127563,0.35370001196861267,0.3564000129699707,0.38989999890327454,0.38179999589920044,347,515.3333333333334,0.5212138970836352,4,28_515_shc_2024-25.10613,177,167.9,302.0204082489014,14.658,80.098,138.0,0.47822481393814087,0.6787564754486084,1.48,18.6,1406.75,0.0010599620642323436,0.46755355193370884,0.4957912266254425,323,329,1,0.1473015679253472,303.2587522294786,Purini
889.8333333333334,134,0.05339999869465828,0.25110000371932983,0.14839999377727509,0.066600002348423,0.09960000216960907,0.10480000078678131,0.16760000586509705,0.2782000005245209,0.3303999900817871,0.3472000062465668,0.37049999833106995,0.3474000096321106,334,508.75,0.41043008220599275,31,28_515_shc_2024-25.16699,171,206.0,302.1321107228597,14.662,79.882,88.0,0.3488733470439911,0.5362831950187683,0.92,17.0,1398.6666666666667,0.0009403437578560966,0.38193277889013866,0.7232142686843872,325,341,4,0.21784845987955728,303.0240300072564,Chennuru
889.8333333333334,116,0.04390000179409981,0.2054000049829483,0.11465000361204147,0.050050001591444016,0.08340000361204147,0.07800000160932541,0.14790000021457672,0.26499998569488525,0.3154999911785126,0.3425999879837036,0.3534500002861023,0.3541499972343445,328,508.75,0.46090332353819063,26,28_515_shc_2024-25.18095,168,193.0,302.1321107228597,14.662,79.898,88.0,0.3969418704509735,0.6291012763977051,0.55,17.0,1398.6666666666667,0.0009403437578560966,0.43113185319177055,0.5995330214500427,342,330,4,0.21784845987955728,303.0240300072564,Katrayapadu
891.0833333333334,0,0.049800001084804535,0.32170000672340393,0.20960000157356262,0.08380000293254852,0.1265999972820282,0.1444000005722046,0.21690000593662262,0.30630001425743103,0.3596999943256378,0.3700000047683716,0.3831999897956848,0.3763999938964844,350,523.75,0.35076809212537574,17,28_515_shc_2024-25.17006,180,109.8,302.2677823808458,14.662,80.008,151.0,0.2608621418476105,0.43856921792030334,0.91,25.1,1414.9166666666667,0.0009809203415619392,0.3335962189596357,0.8694594502449036,357,292,1,0.21853357950846355,303.115962515937,Batrakagollu
891.0833333333334,0,0.049300000071525574,0.22439999878406525,0.14229999482631683,0.0714000016450882,0.10700000077486038,0.11180000007152557,0.19210000336170197,0.3068000078201294,0.35569998621940613,0.3815999925136566,0.4097000062465668,0.3984000086784363,334,523.75,0.44465685920601467,8,28_515_shc_2024-25.17168,180,335.8,302.2677823808458,14.662,80.022,163.0,0.33031198382377625,0.5468180179595947,1.05,162.7,1414.9166666666667,0.0009809203415619392,0.4073887574832997,0.5880503058433533,351,315,0,0.21853357950846355,303.115962515937,Batrakagollu
890.8333333333334,270,0.05920000001788139,0.3269999921321869,0.24484999477863312,0.09009999781847,0.12839999794960022,0.17569999396800995,0.2093999981880188,0.2847999930381775,0.33285000920295715,0.334199994802475,0.37485000491142273,0.3903999924659729,353,507.1666666666667,0.23136660022585093,10,28_515_shc_2024-25.10250,186,335.8,302.0204082489014,14.662,80.058,113.0,0.2295805662870407,0.310845285654068,0.45,5.5,1398.0833333333333,0.0010599620642323436,0.23541935230749847,0.9784560203552246,321,326,2,0.1473015679253472,303.2587522294786,Indupuru
890.8333333333334,296,0.06764999777078629,0.34244999289512634,0.25130000710487366,0.09485000371932983,0.13030000030994415,0.1687999963760376,0.21950000524520874,0.31825000047683716,0.407150000333786,0.42480000853538513,0.4509499967098236,0.44784998893737793,355,507.1666666666667,0.370751232103284,7,28_515_shc_2024-25.10345,186,226.0,302.0204082489014,14.662,80.062,113.0,0.3186403810977936,0.4312668740749359,0.45,75.3,1398.0833333333333,0.0010599620642323436,0.35113388488885733,0.8061440587043762,324,321,2,0.1473015679253472,303.2587522294786,Indupuru
890.8333333333334,296,0.06084999814629555,0.27684998512268066,0.17865000665187836,0.09104999899864197,0.12399999797344208,0.1421000063419342,0.2084999978542328,0.3160000145435333,0.39559999108314514,0.40139999985694885,0.42384999990463257,0.4174500107765198,351,507.1666666666667,0.4126024123145232,5,28_515_shc_2024-25.14026,186,96.9,302.0204082489014,14.662,80.068,201.0,0.31628134846687317,0.4770928919315338,0.34,5.5,1398.0833333333333,0.0010599620642323436,0.37273597313078605,0.6897109746932983,331,319,2,0.1473015679253472,303.2587522294786,Indupuru
891.6666666666666,134,0.05040000006556511,0.19259999692440033,0.10220000147819519,0.07559999823570251,0.11400000005960464,0.08579999953508377,0.16210000216960907,0.30320000648498535,0.36160001158714294,0.38920000195503235,0.4092999994754791,0.39739999175071716,347,515.3333333333334,0.5673148833331595,4,28_515_shc_2024-25.14556,177,271.2,302.0204082489014,14.662,80.098,163.0,0.411935418844223,0.6387368440628052,0.77,13.1,1406.75,0.0010599620642323436,0.4667692337788538,0.4948612451553345,328,325,1,0.1473015679253472,303.2587522294786,Gogulapalle
891.8333333333334,314,0.04560000076889992,0.22644999623298645,0.18410000205039978,0.06159999966621399,0.0868000015616417,0.09324999898672104,0.1310500055551529,0.17730000615119934,0.2066500037908554,0.2117999941110611,0.22930000722408295,0.24040000140666962,309,539.0833333333334,0.22636140682304293,111,28_515_shc_2024-25.15378,183,245.0,302.40034531487356,14.665,79.385,188.0,0.2355257123708725,0.38862481713294983,0.91,35.0,1430.8333333333333,0.0008013390362393915,0.2208868942439843,1.069169044494629,374,317,1,0.2889737447102865,303.1095063527425,Ponguru
914.6666666666666,46,0.04230000078678131,0.22914999723434448,0.16374999284744263,0.052799999713897705,0.08160000294446945,0.08860000222921371,0.13075000047683716,0.20215000212192535,0.22885000705718994,0.25440001487731934,0.24914999306201935,0.2320999950170517,308,513.5,0.2982014550758462,74,28_515_shc_2024-25.15852,177,258.0,302.43753607008193,14.665,79.495,138.0,0.3210437595844269,0.4833819270133972,1.16,5.0,1428.4166666666667,0.0008345797077935578,0.2950178101131987,0.900746762752533,424,268,1,0.21554798550075954,303.1566037919786,Mahimalur
890.5,180,0.0723000019788742,0.39399999380111694,0.32089999318122864,0.08640000224113464,0.11919999867677689,0.15600000321865082,0.2125999927520752,0.24169999361038208,0.2703999876976013,0.2662000060081482,0.29679998755455017,0.28780001401901245,316,505.0,0.17726161720819297,38,28_515_shc_2024-25.7211,180,206.0,302.41153780619305,14.665,79.835,151.0,0.11194656044244766,0.2610137462615967,0.29,3.0,1395.4166666666667,0.0008994997280574069,0.17924528576272591,1.4800901412963867,359,324,3,0.2721737755669488,303.1998872121175,Ithampadu
889.8333333333334,134,0.04470000043511391,0.304500013589859,0.21719999611377716,0.06260000169277191,0.0940999984741211,0.11460000276565552,0.15440000593662262,0.24619999527931213,0.2888000011444092,0.29840001463890076,0.32269999384880066,0.32510000467300415,345,508.75,0.3030003455762494,25,28_515_shc_2024-25.216,177,644.0,302.1321107228597,14.665,79.915,163.0,0.3180212080478668,0.4450363218784332,0.27,100.0,1398.6666666666667,0.0009403437578560966,0.3019715362039291,1.0204423666000366,326,329,1,0.21784845987955728,303.0240300072564,Dagadarthi
890.8333333333334,270,0.058800000697374344,0.2757999897003174,0.18594999611377716,0.10300000011920929,0.1395999938249588,0.17829999327659607,0.20749999582767487,0.30379998683929443,0.35929998755455017,0.39959999918937683,0.4055500030517578,0.4202499985694885,344,507.1666666666667,0.3260357289705711,6,28_515_shc_2024-25.14187,183,232.5,302.0204082489014,14.665,80.065,251.0,0.31642234325408936,0.3829382359981537,0.46,27.3,1398.0833333333333,0.0010599620642323436,0.3079599324513866,0.6901901364326477,334,322,1,0.1473015679253472,303.2587522294786,Indupuru
891.6666666666666,180,0.04960000142455101,0.1737000048160553,0.08470000326633453,0.0551999993622303,0.0868000015616417,0.07329999655485153,0.13269999623298645,0.2667999863624573,0.33009999990463257,0.3447999954223633,0.3504999876022339,0.36579999327659607,347,515.3333333333334,0.4952210763925324,3,28_515_shc_2024-25.14775,180,258.3,302.0204082489014,14.665,80.085,163.0,0.4441884756088257,0.6493661999702454,0.31,13.1,1406.75,0.0010599620642323436,0.44357913283956835,0.5037703514099121,320,333,1,0.1473015679253472,303.2587522294786,Purini
895.1666666666666,180,0.04259999841451645,0.2795499861240387,0.2349500060081482,0.05420000106096268,0.0860000029206276,0.10599999874830246,0.14720000326633453,0.1876000016927719,0.2081499993801117,0.1995999962091446,0.2295999974012375,0.24709999561309814,301,542.25,0.16373941418056234,109,28_515_shc_2024-25.3381,180,180.0,302.40034531487356,14.668,79.388,138.0,0.15109571814537048,0.30628272891044617,0.2,97.0,1437.1666666666667,0.0008013390362393915,0.17428003608500436,1.4005510807037354,380,319,2,0.2889737447102865,303.1095063527425,Ponguru
896.0833333333334,27,0.03790000081062317,0.22419999539852142,0.16220000386238098,0.049400001764297485,0.07320000231266022,0.08399999886751175,0.13850000500679016,0.20489999651908875,0.24040000140666962,0.21199999749660492,0.2524999976158142,0.28189998865127563,335,523.4166666666666,0.23782980448247534,35,28_515_shc_2024-25.10585,177,232.0,302.1321107228597,14.668,79.878,125.0,0.20970040559768677,0.4324324429035187,0.86,25.0,1419.5,0.0009403437578560966,0.2412060286691416,1.0575472116470337,357,308,2,0.21784845987955728,303.0240300072564,Chennuru
896.0833333333334,180,0.05090000107884407,0.2994999885559082,0.21950000524520874,0.0706000030040741,0.10620000213384628,0.11980000138282776,0.18160000443458557,0.25540000200271606,0.289900004863739,0.30239999294281006,0.3192000091075897,0.313400000333786,341,523.4166666666666,0.3060266711909244,26,28_515_shc_2024-25.21462,180,560.0,302.1321107228597,14.668,79.912,138.0,0.24958676099777222,0.43249642848968506,0.4,35.0,1419.5,0.0009403437578560966,0.29700714489839464,0.9904100298881531,316,343,2,0.21784845987955728,303.0240300072564,Dagadarthi
893.5833333333334,0,0.046300001442432404,0.2766000032424927,0.22059999406337738,0.0729999989271164,0.10639999806880951,0.12520000338554382,0.15620000660419464,0.21969999372959137,0.2434999942779541,0.24959999322891235,0.2653000056743622,0.2833000123500824,355,524.4166666666666,0.21399571319652527,27,28_515_shc_2024-25.6081,180,354.0,302.1321107228597,14.668,79.922,251.0,0.2301626056432724,0.3319103419780731,0.84,8.0,1418.3333333333333,0.0009403437578560966,0.2133058819012451,1.108173131942749,342,303,0,0.21784845987955728,303.0240300072564,Dagadarthi
888.9166666666666,270,0.04179999977350235,0.18039999902248383,0.10329999774694443,0.060100000351667404,0.09679999947547913,0.08879999816417694,0.1624000072479248,0.2921999990940094,0.35429999232292175,0.3815999925136566,0.39079999923706055,0.4011000096797943,352,529.5833333333334,0.5001195616750044,13,28_515_shc_2024-25.16833,183,129.1,302.2677823808458,14.672,80.012,100.0,0.40294113755226135,0.6224489808082581,0.11,18.6,1418.4166666666667,0.0009809203415619392,0.45259686288479267,0.472746342420578,338,310,1,0.21853357950846355,303.115962515937,Batrakagollu
888.9166666666666,0,0.05220000073313713,0.28870001435279846,0.1817999929189682,0.07970000058412552,0.11680000275373459,0.133200004696846,0.20810000598430634,0.3228999972343445,0.38670000433921814,0.41119998693466187,0.43459999561309814,0.43130001425743103,340,529.5833333333334,0.43096763151842604,12,28_515_shc_2024-25.16639,180,77.5,302.2677823808458,14.672,80.018,163.0,0.3279508948326111,0.5106539130210876,0.68,67.7,1418.4166666666667,0.0009809203415619392,0.3992722871486315,0.7020915150642395,348,312,1,0.21853357950846355,303.115962515937,Graddagunta
888.9166666666666,270,0.04830000177025795,0.20669999718666077,0.1185000017285347,0.06920000165700912,0.11100000143051147,0.11599999666213989,0.20350000262260437,0.30869999527931213,0.38109999895095825,0.4052000045776367,0.43389999866485596,0.43130001425743103,336,529.5833333333334,0.4569586857081415,9,28_515_shc_2024-25.17247,189,316.4,302.2677823808458,14.672,80.022,176.0,0.33136191964149475,0.5548734068870544,0.68,10.9,1418.4166666666667,0.0009809203415619392,0.4247943706880093,0.5101184248924255,330,335,3,0.21853357950846355,303.115962515937,Batrakagollu
888.9166666666666,180,0.04470000043511391,0.186599999666214,0.09115000069141388,0.05860000103712082,0.08974999934434891,0.08614999800920486,0.14470000565052032,0.2689000070095062,0.3372499942779541,0.3441999852657318,0.3584499955177307,0.3858500123023987,349,529.5833333333334,0.45380204261267326,8,28_515_shc_2024-25.15458,180,219.5,302.2677823808458,14.675,80.025,125.0,0.40805888175964355,0.599628210067749,0.3,154.0,1418.4166666666667,0.0009809203415619392,0.4160530852295422,0.5421267151832581,312,339,1,0.21853357950846355,303.115962515937,Graddagunta
891.8333333333334,0,0.05685000121593475,0.24779999256134033,0.15414999425411224,0.07895000278949738,0.11460000276565552,0.11969999969005585,0.18925000727176666,0.2885499894618988,0.35324999690055847,0.3617999851703644,0.39500001072883606,0.3735499978065491,326,522.5,0.4067881905403956,4,28_515_shc_2024-25.822,180,58.1,302.0204082489014,14.675,80.105,201.0,0.3131294548511505,0.5028037428855896,0.12,50.2,1414.4166666666667,0.0010599620642323436,0.36999488927359137,0.6849088072776794,333,341,2,0.1473015679253472,303.2587522294786,Gogulapalle
891.8333333333334,0,0.05530000105500221,0.2079000025987625,0.12610000371932983,0.07329999655485153,0.10639999806880951,0.10939999669790268,0.18289999663829803,0.3149000108242035,0.3977000117301941,0.4000000059604645,0.4397999942302704,0.4320000112056732,335,522.5,0.4821956110420932,3,28_515_shc_2024-25.10152,180,322.9,302.0204082489014,14.675,80.115,138.0,0.3724481165409088,0.5704751014709473,1.28,6.6,1414.4166666666667,0.0010599620642323436,0.4318407100711824,0.5197499990463257,346,319,1,0.1473015679253472,303.2587522294786,Gogulapalle
911.75,288,0.02745000086724758,0.1546500027179718,0.08950000256299973,0.033250000327825546,0.05204999819397926,0.04179999977350235,0.08320000022649765,0.1814499944448471,0.21299999952316284,0.2168000042438507,0.23469999432563782,0.24609999358654022,307,509.6666666666667,0.3591290697718563,61,28_515_shc_2024-25.18514,189,296.0,302.4347203148736,14.678,79.558,163.0,0.445333331823349,0.6767207980155945,0.24,164.0,1421.4166666666667,0.000864050418550022,0.34603217152041804,0.7133302688598633,399,294,3,0.2135615454779731,303.16851785447864,Chiruvella Khandrika
911.75,226,0.06485000252723694,0.42135000228881836,0.326449990272522,0.10599999874830246,0.14990000426769257,0.20999999344348907,0.25894999504089355,0.2919999957084656,0.33169999718666077,0.35100001096725464,0.3686999976634979,0.35179999470710754,306,509.6666666666667,0.1941079556687086,65,28_515_shc_2024-25.18523,183,200.0,302.4347203148736,14.678,79.562,138.0,0.1509140282869339,0.251336932182312,0.27,164.0,1421.4166666666667,0.000864050418550022,0.19934026899755844,1.2004272937774658,397,297,1,0.2135615454779731,303.16851785447864,Chiruvella Khandrika
886.9166666666666,226,0.06565000116825104,0.3633500039577484,0.2624000012874603,0.0843999981880188,0.12049999833106995,0.13439999520778656,0.21125000715255737,0.29565000534057617,0.3573000133037567,0.3540000021457672,0.39294999837875366,0.4316999912261963,343,510.3333333333333,0.3594343472724524,8,28_515_shc_2024-25.14692,183,348.7,302.0204082489014,14.678,80.052,125.0,0.2525431215763092,0.4496314525604248,0.78,84.1,1397.1666666666667,0.0010599620642323436,0.33326589567881554,1.0264124870300293,336,320,1,0.1473015679253472,303.2587522294786,Allur
891.8333333333334,270,0.06239999830722809,0.19349999725818634,0.12555000185966492,0.07580000162124634,0.11400000005960464,0.10719999670982361,0.1570499986410141,0.3018999993801117,0.3673500120639801,0.38339999318122864,0.4036000072956085,0.4059000015258789,317,522.5,0.47356149064839437,4,28_515_shc_2024-25.13949,186,32.3,302.0204082489014,14.678,80.102,163.0,0.4188176393508911,0.5629841089248657,0.46,40.4,1414.4166666666667,0.0010599620642323436,0.41823137384916886,0.5046948194503784,337,345,2,0.1473015679253472,303.2587522294786,Allur
891.8333333333334,296,0.053599998354911804,0.22930000722408295,0.1370999962091446,0.06679999828338623,0.1080000028014183,0.1111999973654747,0.19020000100135803,0.3012000024318695,0.38769999146461487,0.39800000190734863,0.4278999865055084,0.4101000130176544,342,522.5,0.4583812887256216,2,28_515_shc_2024-25.10161,186,290.6,302.0204082489014,14.678,80.112,188.0,0.3532811999320984,0.5632364749908447,0.83,16.4,1414.4166666666667,0.0010599620642323436,0.4262782472481079,0.5761306881904602,339,319,2,0.1473015679253472,303.2587522294786,Gogulapalle
907.0,0,0.0361500009894371,0.24854999780654907,0.16200000047683716,0.0588500015437603,0.08515000343322754,0.09814999997615814,0.13815000653266907,0.23240000009536743,0.2584500014781952,0.2727000117301941,0.2924000024795532,0.3052999973297119,322,528.0,0.307257673525211,47,28_515_shc_2024-25.4472,180,200.2,302.4583748287625,14.678559,79.666517,75.0,0.32749179005622864,0.4706754982471466,0.31,42.6,1435.0,0.0008809694601974943,0.3006545491318664,0.9114410877227783,376,302,0,0.28477884928385416,303.2028331756592,Anumasamudram
922.4166666666666,180,0.03370000049471855,0.16865000128746033,0.08619999885559082,0.03959999978542328,0.0689999982714653,0.05260000005364418,0.1193000003695488,0.2567499876022339,0.31790000200271606,0.328000009059906,0.3543500006198883,0.356550008058548,325,507.25,0.5112877000564697,68,28_515_shc_2024-25.14051,180,245.0,302.43753607008193,14.682,79.508,138.0,0.4665772616863251,0.7235943078994751,2.9,35.0,1429.6666666666667,0.0008345797077935578,0.46911197959813444,0.5141768455505371,387,288,2,0.21554798550075954,303.1566037919786,Dharmarao Cheruvupalle
911.75,346,0.051899999380111694,0.2743000090122223,0.2045000046491623,0.0731000006198883,0.09375,0.11140000075101852,0.18070000410079956,0.2712000012397766,0.30764999985694885,0.32100000977516174,0.3452000021934509,0.3358500003814697,326,509.6666666666667,0.36359852829902284,67,28_515_shc_2024-25.18260,183,187.0,302.4347203148736,14.682,79.552,100.0,0.27964919805526733,0.4847363531589508,0.3,164.0,1421.4166666666667,0.000864050418550022,0.3371943479052406,0.8545171618461609,393,281,4,0.2135615454779731,303.16851785447864,Atmakur
910.25,207,0.05104999989271164,0.2531000077724457,0.2041500061750412,0.0689999982714653,0.1039000004529953,0.1315000057220459,0.162650004029274,0.20604999363422394,0.226500004529953,0.2313999980688095,0.24860000610351562,0.24664999544620514,305,515.5833333333334,0.16617870339223922,79,28_515_shc_2024-25.20454,183,122.0,302.4347203148736,14.682,79.592,188.0,0.1744702309370041,0.2752824127674103,0.38,164.0,1425.8333333333333,0.000864050418550022,0.17365857904952006,1.093777060508728,399,296,2,0.2135615454779731,303.16851785447864,Pamidipadu
898.0833333333334,180,0.04774999991059303,0.25130000710487366,0.15665000677108765,0.047850001603364944,0.07360000163316727,0.07270000129938126,0.12014999985694885,0.23600000143051147,0.27090001106262207,0.2721000015735626,0.29840001463890076,0.27950000762939453,297,525.0833333333334,0.3694166046029957,53,28_515_shc_2024-25.1024,180,161.4,302.4583748287625,14.682,79.738,100.0,0.3873805105686188,0.578306257724762,0.2,127.8,1423.3333333333333,0.0008809694601974943,0.3540482947373475,0.9235575199127197,390,313,2,0.28477884928385416,303.2028331756592,Chiramana
889.25,27,0.04259999841451645,0.20890000462532043,0.12680000066757202,0.05590000003576279,0.09830000251531601,0.07419999688863754,0.13510000705718994,0.2847999930381775,0.3474000096321106,0.3815999925136566,0.3736000061035156,0.3898000121116638,352,535.0833333333334,0.5459841593470531,12,28_515_shc_2024-25.7185,177,439.1,302.2677823808458,14.682,79.978,100.0,0.4770659804344177,0.6744186282157898,0.44,57.9,1424.5833333333333,0.0009809203415619392,0.48242309955022666,0.5474318861961365,343,305,2,0.21853357950846355,303.115962515937,Kothapalle Kowrugunta
886.9166666666666,296,0.05480000004172325,0.23829999566078186,0.18080000579357147,0.06960000097751617,0.10400000214576721,0.1111999973654747,0.14839999377727509,0.21439999341964722,0.24490000307559967,0.2443999946117401,0.2529999911785126,0.31220000982284546,334,510.3333333333333,0.23963730566475602,3,28_515_shc_2024-25.14001,186,129.1,302.0204082489014,14.682,80.082,113.0,0.24439918994903564,0.37457817792892456,0.77,25.1,1397.1666666666667,0.0010599620642323436,0.23352033396783728,0.9750409126281738,346,319,2,0.1473015679253472,303.2587522294786,Allur
891.8333333333334,161,0.0575999990105629,0.23980000615119934,0.13840000331401825,0.08160000294446945,0.1257999986410141,0.11580000072717667,0.181099995970726,0.31360000371932983,0.4043999910354614,0.42160001397132874,0.4343000054359436,0.4465000033378601,327,522.5,0.5081760402922091,4,28_515_shc_2024-25.2170,177,193.7,302.0204082489014,14.682,80.098,238.0,0.3990376889705658,0.5690361261367798,0.36,80.8,1414.4166666666667,0.0010599620642323436,0.4421631129430222,0.568785548210144,336,337,3,0.1473015679253472,303.2587522294786,Allur
922.4166666666666,90,0.035599999129772186,0.1981000006198883,0.10954999923706055,0.04050000011920929,0.0632999986410141,0.055399999022483826,0.10000000149011612,0.22769999504089355,0.26409998536109924,0.2567000091075897,0.28314998745918274,0.2387000024318695,325,507.25,0.39152761838665906,67,28_515_shc_2024-25.18538,177,129.0,302.43753607008193,14.685,79.515,113.0,0.43930473923683167,0.6449856162071228,0.9,1.0,1429.6666666666667,0.0008345797077935578,0.37181383093804343,0.77171790599823,383,293,1,0.21554798550075954,303.1566037919786,Padakandla
891.8333333333334,90,0.05480000004172325,0.22139999270439148,0.12939999997615814,0.07240000367164612,0.10459999740123749,0.10700000077486038,0.18379999697208405,0.29989999532699585,0.375,0.373199999332428,0.4049000144004822,0.3986999988555908,334,522.5,0.4520445639465903,5,28_515_shc_2024-25.14568,177,103.3,302.0204082489014,14.685,80.085,176.0,0.34003591537475586,0.554352343082428,1.48,29.5,1414.4166666666667,0.0010599620642323436,0.4073658414534236,0.5932475924491882,341,325,1,0.1473015679253472,303.2587522294786,Allur
891.8333333333334,0,0.058800000697374344,0.3594000041484833,0.26010000705718994,0.08839999884366989,0.12939999997615814,0.1581999957561493,0.21410000324249268,0.2867000102996826,0.335999995470047,0.3343999981880188,0.3506999909877777,0.3878999948501587,325,522.5,0.271812915670803,4,28_515_shc_2024-25.6481,180,303.5,302.0204082489014,14.685,80.095,100.0,0.21932542324066162,0.3576938807964325,0.24,14.2,1414.4166666666667,0.0010599620642323436,0.2662704062666664,1.0747607946395874,338,337,0,0.1473015679253472,303.2587522294786,Gogulapalle
896.0833333333334,314,0.04639999940991402,0.1315000057220459,0.09589999914169312,0.051600001752376556,0.08250000327825546,0.0738999992609024,0.11840000003576279,0.13300000131130219,0.14630000293254852,0.11079999804496765,0.13760000467300415,0.14959999918937683,329,523.4166666666666,0.0790352968676452,36,28_515_shc_2024-25.16935,186,174.0,302.1321107228597,14.688,79.888,38.0,-0.03315882384777069,0.19978342950344086,1.13,1.0,1419.5,0.0009403437578560966,0.0808383210075753,1.1868231296539307,364,307,3,0.21784845987955728,303.0240300072564,Manubolupadu
896.0833333333334,21,0.05104999989271164,0.3379000127315521,0.23694999516010284,0.06019999831914902,0.08969999849796295,0.11980000138282776,0.16944999992847443,0.21979999542236328,0.24330000579357147,0.2563999891281128,0.265500009059906,0.24969999492168427,324,523.4166666666666,0.22412546243677006,37,28_515_shc_2024-25.6323,171,200.0,302.1321107228597,14.688,79.912,251.0,0.20417985320091248,0.3631047010421753,1.2,38.0,1419.5,0.0009403437578560966,0.2338507005671659,1.317862868309021,363,313,8,0.21784845987955728,303.0240300072564,Dagadarthi
896.0833333333334,21,0.05104999989271164,0.3379000127315521,0.23694999516010284,0.06019999831914902,0.08969999849796295,0.11980000138282776,0.16944999992847443,0.21979999542236328,0.24330000579357147,0.2563999891281128,0.265500009059906,0.24969999492168427,324,523.4166666666666,0.22412546243677006,37,28_515_shc_2024-25.2413,171,206.0,302.1321107228597,14.688,79.912,125.0,0.20417985320091248,0.3631047010421753,0.4,17.0,1419.5,0.0009403437578560966,0.2338507005671659,1.317862868309021,363,313,8,0.21784845987955728,303.0240300072564,Chennuru
889.25,180,0.04154999926686287,0.2529500126838684,0.14920000731945038,0.059700001031160355,0.0997999981045723,0.07479999959468842,0.16985000669956207,0.3130500018596649,0.4048500061035156,0.4375999867916107,0.43575000762939453,0.42730000615119934,339,535.0833333333334,0.6304521480057484,11,28_515_shc_2024-25.176,180,490.7,302.2677823808458,14.688,79.982,226.0,0.4407770037651062,0.7080405950546265,0.52,18.6,1424.5833333333333,0.0009809203415619392,0.5375345595744945,0.5780393481254578,358,303,1,0.21853357950846355,303.115962515937,Kothapalle Kowrugunta
886.9166666666666,90,0.05570000037550926,0.19059999287128448,0.0966000035405159,0.07739999890327454,0.09960000216960907,0.09220000356435776,0.17520000040531158,0.2971999943256378,0.3707999885082245,0.38839998841285706,0.4034999907016754,0.3831999897956848,328,510.3333333333333,0.544045222478242,6,28_515_shc_2024-25.14355,177,77.5,302.0204082489014,14.688,80.078,113.0,0.37828245759010315,0.6163129210472107,0.13,86.3,1397.1666666666667,0.0010599620642323436,0.45308992546175,0.49073120951652527,327,345,1,0.1473015679253472,303.2587522294786,Allur
891.8333333333334,90,0.06360000371932983,0.23800000548362732,0.1598999947309494,0.0681999996304512,0.09679999947547913,0.0892999991774559,0.17870000004768372,0.289000004529953,0.3345000147819519,0.323199987411499,0.3734000027179718,0.387800008058548,351,522.5,0.433951745444771,3,28_515_shc_2024-25.2264,177,109.8,302.0204082489014,14.688,80.098,113.0,0.2879059314727783,0.5670303106307983,0.54,5.5,1414.4166666666667,0.0010599620642323436,0.38449313699454185,0.7363861799240112,327,322,1,0.1473015679253472,303.2587522294786,Gogulapalle
902.8333333333334,284,0.08950000256299973,0.31209999322891235,0.2973000109195709,0.13899999856948853,0.1581999957561493,0.1932000070810318,0.20489999651908875,0.24220000207424164,0.27219998836517334,0.26420000195503235,0.28519999980926514,0.24709999561309814,310,524.9166666666666,0.1285393439738418,48,28_515_shc_2024-25.12652,192,161.4,302.4583748287625,14.692,79.678,88.0,0.1264122873544693,0.15522517263889313,0.25,25.1,1427.6666666666667,0.0008809694601974943,0.11123876259227097,1.1813019514083862,374,315,4,0.28477884928385416,303.2028331756592,Anumasamudrampeta
898.9166666666666,16,0.0478999987244606,0.31380000710487366,0.2320999950170517,0.058400001376867294,0.0828000009059906,0.10899999737739563,0.1615999937057495,0.2126999944448471,0.23639999330043793,0.23319999873638153,0.2572000026702881,0.2574000060558319,304,518.8333333333334,0.214256147703681,54,28_515_shc_2024-25.3683,174,167.0,302.41153780619305,14.692,79.822,88.0,0.18135766685009003,0.36294564604759216,1.13,8.0,1417.6666666666667,0.0008994997280574069,0.22120636772516752,1.3456261157989502,371,325,7,0.2721737755669488,303.1998872121175,Dundigam
889.25,0,0.03840000182390213,0.2290000021457672,0.13214999437332153,0.05719999969005585,0.09880000352859497,0.08105000108480453,0.16955000162124634,0.3104499876499176,0.3803499937057495,0.38600000739097595,0.42100000381469727,0.4099000096321106,339,535.0833333333334,0.5282165919735603,9,28_515_shc_2024-25.3695,180,116.2,302.2677823808458,14.692,79.988,113.0,0.38961389660835266,0.6529279351234436,0.89,61.8,1424.5833333333333,0.0009809203415619392,0.473010708288219,0.5932642221450806,349,312,1,0.21853357950846355,303.115962515937,Kothapalle Kowrugunta
918.75,64,0.05050000175833702,0.2687000036239624,0.21050000190734863,0.0714000016450882,0.10019999742507935,0.12700000405311584,0.16419999301433563,0.24050000309944153,0.28744998574256897,0.2937999963760376,0.30355000495910645,0.30035001039505005,294,512.8333333333334,0.27428795534775874,83,28_515_shc_2024-25.726,174,245.0,302.43753607008193,14.695,79.465,163.0,0.2829694449901581,0.39638781547546387,0.91,167.0,1431.75,0.0008345797077935578,0.27172023063398454,0.914567768573761,443,264,2,0.21554798550075954,303.1566037919786,Nandavaram
891.8333333333334,207,0.04659999907016754,0.21115000545978546,0.10814999788999557,0.05974999815225601,0.09529999643564224,0.07495000213384628,0.14714999496936798,0.3091000020503998,0.4032999873161316,0.4180000126361847,0.4305500090122223,0.4235000014305115,329,522.5,0.604142086550318,2,28_515_shc_2024-25.14022,183,83.9,302.0204082489014,14.695,80.085,226.0,0.4792533218860626,0.6959123611450195,0.08,40.4,1414.4166666666667,0.0010599620642323436,0.5182285191593295,0.5051435232162476,325,346,2,0.1473015679253472,303.2587522294786,Allur
918.75,0,0.06084999814629555,0.32190001010894775,0.25290000438690186,0.07100000232458115,0.1006999984383583,0.11919999867677689,0.17219999432563782,0.2578999996185303,0.3443000018596649,0.3497999906539917,0.37040001153945923,0.35155001282691956,287,512.8333333333334,0.3761827034283783,84,28_515_shc_2024-25.7488,180,109.0,302.43753607008193,14.698,79.468,176.0,0.34022989869117737,0.4916844367980957,1.55,43.0,1431.75,0.0008345797077935578,0.3569659357836681,0.9202401638031006,440,272,1,0.21554798550075954,303.1566037919786,Nandavaram
918.75,0,0.04019999876618385,0.21199999749660492,0.11945000290870667,0.03974999859929085,0.0632999986410141,0.04805000126361847,0.10989999771118164,0.2326499968767166,0.27044999599456787,0.26739999651908875,0.29614999890327454,0.29319998621940613,290,512.8333333333334,0.43605747710440224,83,28_515_shc_2024-25.7441,180,213.0,302.43753607008193,14.698,79.472,201.0,0.41743969917297363,0.6953558325767517,1.06,129.0,1431.75,0.0008345797077935578,0.40348886354510805,0.7928197383880615,445,265,2,0.21554798550075954,303.1566037919786,Nandavaram
910.25,90,0.03790000081062317,0.27344998717308044,0.21539999544620514,0.051100000739097595,0.07919999957084656,0.10379999876022339,0.14550000429153442,0.1679999977350235,0.18895000219345093,0.19519999623298645,0.21529999375343323,0.2261500060558319,291,515.5833333333334,0.1592611927857524,77,28_515_shc_2024-25.7726,177,122.0,302.4347203148736,14.698,79.588,163.0,0.14587610960006714,0.3056856095790863,0.54,147.0,1425.8333333333333,0.000864050418550022,0.17158948318930806,1.4008709192276,400,309,1,0.2135615454779731,303.16851785447864,Nabbinagaram
888.9166666666666,270,0.05490000173449516,0.20810000598430634,0.1116499975323677,0.07150000333786011,0.10535000264644623,0.08935000002384186,0.16949999332427979,0.30094999074935913,0.3851499855518341,0.4025999903678894,0.4203999936580658,0.4224500060081482,335,529.5833333333334,0.5583978003762643,7,28_515_shc_2024-25.585,183,213.1,302.2677823808458,14.698,80.022,176.0,0.4074462652206421,0.6367517113685608,0.4,54.6,1418.4166666666667,0.0009809203415619392,0.4736881799157162,0.5168902277946472,342,323,1,0.21853357950846355,303.115962515937,Singapeta
886.9166666666666,64,0.05820000171661377,0.2912999987602234,0.17389999330043793,0.08110000193119049,0.11720000207424164,0.11640000343322754,0.1972000002861023,0.3095000088214874,0.37459999322891235,0.3736000061035156,0.41019999980926514,0.3982999920845032,333,510.3333333333333,0.439282665283106,4,28_515_shc_2024-25.6097,174,155.0,302.0204082489014,14.698,80.052,201.0,0.3090399503707886,0.5248979330062866,0.28,10.9,1397.1666666666667,0.0010599620642323436,0.38969696998888104,0.7797108888626099,338,329,2,0.1473015679253472,303.2587522294786,Allurupeta
910.25,90,0.04035000130534172,0.23325000703334808,0.1416500061750412,0.052949998527765274,0.08515000343322754,0.08569999784231186,0.14294999837875366,0.2454500049352646,0.2884500026702881,0.30390000343322754,0.3215999901294708,0.3010999858379364,324,515.5833333333334,0.3838913516355836,64,28_515_shc_2024-25.12529,171,251.8,302.4347203148736,14.699124,79.623424,125.0,0.36018797755241394,0.5600616335868835,0.27,18.6,1425.8333333333333,0.000864050418550022,0.3679181743672205,0.7675222158432007,396,280,3,0.2135615454779731,303.16851785447864,Rajavolu
899.8333333333334,90,0.05195000022649765,0.3064500093460083,0.19619999825954437,0.0674000009894371,0.10180000215768814,0.13220000267028809,0.17949999868869781,0.2575500011444092,0.2974500060081482,0.305400013923645,0.3296000063419342,0.3294000029563904,337,523.3333333333334,0.27179713891863144,39,28_515_shc_2024-25.14729,177,174.0,302.1321107228597,14.702,79.872,63.0,0.25964120030403137,0.3957952558994293,0.77,17.0,1423.1666666666667,0.0009403437578560966,0.27709045678542543,1.003438115119934,372,291,1,0.21784845987955728,303.0240300072564,Lingalapadu
888.9166666666666,0,0.04410000145435333,0.24979999661445618,0.15039999783039093,0.058400001376867294,0.09780000150203705,0.09629999846220016,0.18314999341964722,0.2969000041484833,0.35040000081062317,0.3723999857902527,0.38484999537467957,0.3819499909877777,313,529.5833333333334,0.4564541619702529,8,28_515_shc_2024-25.16665,180,142.1,302.2677823808458,14.702,80.008,125.0,0.3406534194946289,0.5890761613845825,0.68,22.9,1418.4166666666667,0.0009809203415619392,0.4275317309018838,0.6707841157913208,346,342,0,0.21853357950846355,303.115962515937,Velicherla
888.9166666666666,46,0.04854999855160713,0.20020000636577606,0.12309999763965607,0.06319999694824219,0.09875000268220901,0.0851999968290329,0.1550000011920929,0.288100004196167,0.34665000438690186,0.36079999804496765,0.382750004529953,0.3735499978065491,314,529.5833333333334,0.49284692567940336,6,28_515_shc_2024-25.16698,177,277.7,302.2677823808458,14.702,80.012,176.0,0.3989918529987335,0.6179372072219849,0.07,29.5,1418.4166666666667,0.0009809203415619392,0.43699789013102863,0.5548780560493469,348,339,1,0.21853357950846355,303.115962515937,Velicherla
888.9166666666666,0,0.05065000057220459,0.22104999423027039,0.13895000517368317,0.05820000171661377,0.09799999743700027,0.09309999644756317,0.15735000371932983,0.2908500134944916,0.34575000405311584,0.36980000138282776,0.38804998993873596,0.37549999356269836,333,529.5833333333334,0.46367050576413965,7,28_515_shc_2024-25.15708,180,174.3,302.2677823808458,14.702,80.028,188.0,0.40301620960235596,0.5977532863616943,0.54,49.1,1418.4166666666667,0.0009809203415619392,0.43104165368998726,0.5977555513381958,343,324,0,0.21853357950846355,303.115962515937,Singapeta
891.8333333333334,270,0.05469999834895134,0.21240000426769257,0.12070000171661377,0.07259999960660934,0.10840000212192535,0.11100000143051147,0.18619999289512634,0.2922999858856201,0.3582000136375427,0.3587999939918518,0.3774999976158142,0.384799987077713,340,522.5,0.4184962366351499,3,28_515_shc_2024-25.14099,186,142.1,302.0204082489014,14.702,80.098,138.0,0.31669726967811584,0.5274584889411926,0.62,14.2,1414.4166666666667,0.0010599620642323436,0.38327489234533274,0.5919732451438904,323,338,2,0.1473015679253472,303.2587522294786,Gogulapalle
899.8333333333334,90,0.05169999971985817,0.21729999780654907,0.16245000064373016,0.0632999986410141,0.1006999984383583,0.1340000033378601,0.16850000619888306,0.1988999992609024,0.21799999475479126,0.22579999268054962,0.22345000505447388,0.21615000069141388,322,523.3333333333334,0.14758365967463588,38,28_515_shc_2024-25.10682,174,245.0,302.1321107228597,14.705,79.865,138.0,0.14532078802585602,0.2551417052745819,1.73,35.0,1423.1666666666667,0.0009403437578560966,0.1601535062243544,0.9623560905456543,376,301,2,0.21784845987955728,303.0240300072564,Katrayapadu
888.9166666666666,180,0.0478999987244606,0.18574999272823334,0.11744999885559082,0.06105000153183937,0.09629999846220016,0.09790000319480896,0.15189999341964722,0.28949999809265137,0.342849999666214,0.35580000281333923,0.38440001010894775,0.3871999979019165,332,529.5833333333334,0.4340800797746963,5,28_515_shc_2024-25.6691,180,316.4,302.2677823808458,14.705,80.025,201.0,0.4016151428222656,0.5684372782707214,1.15,65.5,1418.4166666666667,0.0009809203415619392,0.405630698323064,0.5220629572868347,336,332,2,0.21853357950846355,303.115962515937,Singapeta
888.9166666666666,244,0.05415000021457672,0.21404999494552612,0.1278499960899353,0.07980000227689743,0.10530000180006027,0.10249999910593033,0.17679999768733978,0.28165000677108765,0.3297500014305115,0.3416000008583069,0.37494999170303345,0.3557499945163727,333,529.5833333333334,0.4401369662619453,5,28_515_shc_2024-25.14317,186,116.2,302.2677823808458,14.705,80.035,176.0,0.31790125370025635,0.5383922457695007,0.31,21.8,1418.4166666666667,0.0009809203415619392,0.37988560813700945,0.6266100406646729,341,326,2,0.21853357950846355,303.115962515937,Singapeta
922.4166666666666,0,0.028699999675154686,0.149399995803833,0.07495000213384628,0.04019999876618385,0.06589999794960022,0.054499998688697815,0.11774999648332596,0.23160000145435333,0.29774999618530273,0.3091000020503998,0.33340001106262207,0.3276999890804291,326,507.25,0.4769219292413098,69,28_515_shc_2024-25.18565,180,72.0,302.43753607008193,14.708,79.538,125.0,0.44828394055366516,0.7002200484275818,0.63,148.0,1429.6666666666667,0.0008345797077935578,0.44221862519188304,0.48333871364593506,408,266,3,0.21554798550075954,303.1566037919786,Aravedu
899.8333333333334,90,0.0478999987244606,0.27889999747276306,0.18389999866485596,0.058800000697374344,0.09130000323057175,0.12160000205039978,0.14309999346733093,0.23170000314712524,0.26910001039505005,0.2953999936580658,0.30329999327659607,0.31119999289512634,315,523.3333333333334,0.2743055421836357,49,28_515_shc_2024-25.17017,174,116.0,302.41153780619305,14.708,79.842,113.0,0.34732040762901306,0.4167865514755249,1.03,90.0,1423.1666666666667,0.0008994997280574069,0.28429660701370524,0.944143533706665,342,343,2,0.2721737755669488,303.1998872121175,Manubolupadu
896.0833333333334,116,0.04605000093579292,0.24455000460147858,0.14384999871253967,0.05490000173449516,0.08579999953508377,0.07784999907016754,0.1610500067472458,0.2833000123500824,0.34290000796318054,0.35100001096725464,0.38374999165534973,0.37894999980926514,342,523.4166666666666,0.4855654946798074,36,28_515_shc_2024-25.671,174,174.0,302.1321107228597,14.708,79.888,63.0,0.3709598481655121,0.6369360089302063,0.77,25.0,1419.5,0.0009403437578560966,0.44110998914574306,0.6967236399650574,354,303,2,0.21784845987955728,303.0240300072564,Katrayapadu
922.75,180,0.04729999974370003,0.24525000154972076,0.15154999494552612,0.05869999900460243,0.10034999996423721,0.09769999980926514,0.17339999973773956,0.28174999356269836,0.33355000615119934,0.35440000891685486,0.37389999628067017,0.3680500090122223,312,506.0833333333333,0.42773353967487693,68,28_515_shc_2024-25.2879,180,84.0,302.4347203148736,14.712,79.552,113.0,0.34293293952941895,0.5677947402000427,1.2,164.0,1428.6666666666667,0.000864050418550022,0.4044218150744158,0.6920146346092224,398,290,3,0.2135615454779731,303.16851785447864,Aravedu
909.9166666666666,0,0.02969999983906746,0.23364999890327454,0.1534000039100647,0.045099999755620956,0.06764999777078629,0.07545000314712524,0.1180500015616417,0.21035000681877136,0.24789999425411224,0.2567000091075897,0.28165000677108765,0.3176499903202057,314,520.5,0.3304707763887761,46,28_515_shc_2024-25.12987,180,238.9,302.4583748287625,14.712,79.678,201.0,0.36998000741004944,0.545687198638916,0.18,79.7,1430.3333333333333,0.0008809694601974943,0.32671393971869317,0.9102064371109009,377,309,1,0.28477884928385416,303.2028331756592,Anumasamudrampeta
899.4166666666666,0,0.04729999974370003,0.33230000734329224,0.2362000048160553,0.06560000032186508,0.10300000011920929,0.1281999945640564,0.16500000655651093,0.2224999964237213,0.2526000142097473,0.2741999924182892,0.2775999903678894,0.2752000093460083,352,527.0,0.23527137080109267,40,28_515_shc_2024-25.10632,180,52.0,302.1321107228597,14.712,79.882,125.0,0.24863384664058685,0.3628230690956116,0.46,38.0,1426.4166666666667,0.0009403437578560966,0.24268617014689037,1.2118891477584839,338,309,0,0.21784845987955728,303.0240300072564,Katrayapadu
890.1666666666666,207,0.053700000047683716,0.28519999980926514,0.1906999945640564,0.07280000299215317,0.10339999943971634,0.12680000066757202,0.18639999628067017,0.29739999771118164,0.37459999322891235,0.38199999928474426,0.3912000060081482,0.3806000053882599,328,543.9166666666666,0.3995491008233244,8,28_515_shc_2024-25.729,183,142.0,302.2677823808458,14.712,79.988,113.0,0.34412387013435364,0.50157231092453,1.18,80.0,1433.9166666666667,0.0009809203415619392,0.3794607434019156,0.7465968728065491,335,337,2,0.21853357950846355,303.115962515937,Ananthavaram
885.75,134,0.0458500012755394,0.19820000231266022,0.11020000278949738,0.05849999934434891,0.0885000005364418,0.07670000195503235,0.15025000274181366,0.2863500118255615,0.3693000078201294,0.37860000133514404,0.40015000104904175,0.37599998712539673,335,539.1666666666666,0.5390878816870912,5,28_515_shc_2024-25.15529,177,400.3,302.2677823808458,14.712,80.028,163.0,0.4317859411239624,0.6630792617797852,1.24,25.1,1424.75,0.0009809203415619392,0.4740395661158733,0.5235076546669006,344,321,1,0.21853357950846355,303.115962515937,Singapeta
915.9166666666666,90,0.05869999900460243,0.26420000195503235,0.19165000319480896,0.053849998861551285,0.07405000180006027,0.0803999975323677,0.13510000705718994,0.20839999616146088,0.23659999668598175,0.22269999980926514,0.25519999861717224,0.2829500138759613,296,511.1666666666667,0.27339622852149403,74,28_515_shc_2024-25.17592,177,174.3,302.4347203148736,14.716609,79.603583,75.0,0.24482949078083038,0.46948203444480896,0.43,99.4,1427.0833333333333,0.000864050418550022,0.2657825975867188,1.1863493919372559,416,288,1,0.2135615454779731,303.16851785447864,Rajavolu
915.9166666666666,226,0.04340000078082085,0.2678000032901764,0.2350499927997589,0.054749999195337296,0.0754999965429306,0.10760000348091125,0.13044999539852142,0.15039999783039093,0.17020000517368317,0.17730000615119934,0.19259999692440033,0.2049500048160553,302,511.1666666666667,0.12338248754333211,81,28_515_shc_2024-25.19075,183,232.5,302.4347203148736,14.718,79.588,163.0,0.15223398804664612,0.24464724957942963,0.28,52.4,1427.0833333333333,0.000864050418550022,0.13320168521138842,1.5104342699050903,416,282,1,0.2135615454779731,303.16851785447864,Rajavolu
907.0833333333334,303,0.04650000110268593,0.34790000319480896,0.25760000944137573,0.07460000365972519,0.10580000281333923,0.1444000005722046,0.17589999735355377,0.20999999344348907,0.23839999735355377,0.2531999945640564,0.2621999979019165,0.26829999685287476,299,521.5833333333334,0.17434779188147312,56,28_515_shc_2024-25.17748,189,303.5,302.4583748287625,14.718,79.722,88.0,0.18014448881149292,0.27364182472229004,0.52,41.5,1428.5,0.0008809694601974943,0.18181817276302792,1.3740127086639404,382,318,3,0.28477884928385416,303.2028331756592,Zammavaram
907.0833333333334,303,0.04650000110268593,0.34790000319480896,0.25760000944137573,0.07460000365972519,0.10580000281333923,0.1444000005722046,0.17589999735355377,0.20999999344348907,0.23839999735355377,0.2531999945640564,0.2621999979019165,0.26829999685287476,299,521.5833333333334,0.17434779188147312,56,28_515_shc_2024-25.17994,189,452.0,302.4583748287625,14.718,79.722,88.0,0.18014448881149292,0.27364182472229004,0.27,61.1,1428.5,0.0008809694601974943,0.18181817276302792,1.3740127086639404,382,318,3,0.28477884928385416,303.2028331756592,Zammavaram
899.4166666666666,319,0.060499999672174454,0.3522000014781952,0.2791000008583069,0.07715000212192535,0.1111999973654747,0.1429000049829483,0.18160000443458557,0.2614000141620636,0.29750001430511475,0.3068999946117401,0.3203499913215637,0.34815001487731934,353,527.0,0.2585649466943834,41,28_515_shc_2024-25.2207,195,193.0,302.1321107228597,14.722,79.888,38.0,0.2564994692802429,0.36460646986961365,0.5,1.0,1426.4166666666667,0.0009403437578560966,0.25900187886730275,1.147605061531067,344,303,7,0.21784845987955728,303.0240300072564,Katrayapadu
915.9166666666666,111,0.04334999993443489,0.33684998750686646,0.23759999871253967,0.06475000083446503,0.09470000118017197,0.12759999930858612,0.1696999967098236,0.23729999363422394,0.26664999127388,0.2669000029563904,0.30070000886917114,0.2971999943256378,291,511.1666666666667,0.22513132011110767,70,28_515_shc_2024-25.12920,165,187.3,302.4347203148736,14.728,79.612,226.0,0.22262942790985107,0.35310521721839905,0.64,18.6,1427.0833333333333,0.000864050418550022,0.23359419222204697,1.2620831727981567,410,299,5,0.2135615454779731,303.16851785447864,Rajavolu
913.5833333333334,134,0.04769999906420708,0.2493000030517578,0.20020000636577606,0.062300000339746475,0.09799999743700027,0.14820000529289246,0.17949999868869781,0.2003999948501587,0.20880000293254852,0.21299999952316284,0.21699999272823334,0.24709999561309814,318,515.25,0.09908558838417525,61,28_515_shc_2024-25.11730,177,264.7,302.4583748287625,14.728,79.658,326.0,0.08535031974315643,0.17940197885036469,0.34,34.9,1429.0833333333333,0.0008809694601974943,0.11286575801421023,1.1704225540161133,395,288,1,0.28477884928385416,303.2028331756592,Pandipadu
890.1666666666666,226,0.058800000697374344,0.3264999985694885,0.25130000710487366,0.08049999922513962,0.11339999735355377,0.14380000531673431,0.20170000195503235,0.30219998955726624,0.3508000075817108,0.3716000020503998,0.38960000872612,0.38280001282691956,322,543.9166666666666,0.34924721917474966,9,28_515_shc_2024-25.6699,183,187.0,302.2677823808458,14.728,79.998,163.0,0.2963544428348541,0.4419867992401123,1.3,164.0,1433.9166666666667,0.0009809203415619392,0.3365176212540159,0.8786329030990601,350,328,1,0.21853357950846355,303.115962515937,Ulavapalle
885.75,90,0.04634999856352806,0.32030001282691956,0.21629999577999115,0.08030000329017639,0.10939999669790268,0.14489999413490295,0.19599999487400055,0.26989999413490295,0.3161500096321106,0.3264000117778778,0.36134999990463257,0.37915000319480896,317,539.1666666666666,0.28474165090545395,4,28_515_shc_2024-25.2188,177,213.1,302.2677823808458,14.728,80.012,151.0,0.24961717426776886,0.38510507345199585,0.69,25.1,1424.75,0.0009809203415619392,0.28029447627627146,0.9813112616539001,341,343,1,0.21853357950846355,303.115962515937,Singapeta
887.5833333333334,64,0.06769999861717224,0.2867000102996826,0.21150000393390656,0.09910000115633011,0.14319999516010284,0.17560000717639923,0.21060000360012054,0.2994999885559082,0.3546000123023987,0.3635999858379364,0.39399999380111694,0.4099000096321106,322,539.0,0.2807729866337289,5,28_515_shc_2024-25.17201,174,109.8,302.0204082489014,14.728,80.088,163.0,0.2664576470851898,0.34866464138031006,0.31,13.1,1426.5833333333333,0.0010599620642323436,0.2713625576289006,0.788503885269165,333,345,2,0.1473015679253472,303.2587522294786,Isakapalle
887.5833333333334,180,0.07329999655485153,0.24580000340938568,0.13300000131130219,0.0843999981880188,0.12240000069141388,0.12060000002384186,0.1868000030517578,0.32199999690055847,0.4068000018596649,0.414000004529953,0.4377000033855438,0.43970000743865967,326,539.0,0.48750498628342487,3,28_515_shc_2024-25.3222,180,122.7,302.0204082489014,14.728,80.098,100.0,0.3781624436378479,0.5488215684890747,0.4,18.6,1426.5833333333333,0.0010599620642323436,0.42538179472459436,0.5937197804450989,339,335,1,0.1473015679253472,303.2587522294786,Isakapalle
913.5833333333334,27,0.03454999998211861,0.2496500015258789,0.17704999446868896,0.0572500005364418,0.08720000088214874,0.10239999741315842,0.16144999861717224,0.2590999901294708,0.3100000023841858,0.3246000111103058,0.34290000796318054,0.3637999892234802,321,515.25,0.3679722032599931,55,28_515_shc_2024-25.1033,177,187.3,302.4583748287625,14.732,79.662,113.0,0.3356650769710541,0.5203747153282166,0.448,7.6,1429.0833333333333,0.0008809694601974943,0.35954694442409446,0.7691004276275635,392,287,2,0.28477884928385416,303.2028331756592,Pedabbipuram
905.0,0,0.03864999860525131,0.2190999984741211,0.16439999639987946,0.05505000054836273,0.08635000139474869,0.09589999914169312,0.13940000534057617,0.2092999964952469,0.22669999301433563,0.22709999978542328,0.2496500015258789,0.259799987077713,285,521.5,0.2360349042700447,72,28_515_shc_2024-25.5594,180,264.7,302.41153780619305,14.732,79.778,100.0,0.23929056525230408,0.40619194507598877,0.58,7.6,1426.1666666666667,0.0008994997280574069,0.23912515336834592,0.9647732377052307,379,336,0,0.2721737755669488,303.1998872121175,Velpulagunta
886.5833333333334,180,0.050200000405311584,0.19009999930858612,0.09130000323057175,0.066600002348423,0.10040000081062317,0.09440000355243683,0.15790000557899475,0.28049999475479126,0.33629998564720154,0.3508000075817108,0.3698999881744385,0.3750999867916107,330,530.25,0.4521407949295397,5,28_515_shc_2024-25.16907,180,90.4,302.0204082489014,14.732,80.058,151.0,0.37920188903808594,0.5759209394454956,0.86,74.2,1416.8333333333333,0.0010599620642323436,0.40689801260415615,0.5419042110443115,326,343,1,0.1473015679253472,303.2587522294786,Allurupeta
909.9166666666666,90,0.04270000010728836,0.26019999384880066,0.2222999930381775,0.05544999986886978,0.08320000022649765,0.11819999665021896,0.14914999902248383,0.20090000331401825,0.21709999442100525,0.21899999678134918,0.2298000007867813,0.22824999690055847,309,520.5,0.16663085252795248,47,28_515_shc_2025-26.9231,177,161.0,302.4583748287625,14.735,79.705,163.0,0.18973244726657867,0.29893240332603455,0.7,31.0,1430.3333333333333,0.0008809694601974943,0.18060200834085918,1.188127875328064,388,303,1,0.28477884928385416,303.2028331756592,Kakarlapadu
885.75,134,0.04500000178813934,0.3325999975204468,0.23739999532699585,0.06599999964237213,0.10840000212192535,0.1404000073671341,0.20069999992847443,0.25679999589920044,0.2793999910354614,0.2833999991416931,0.296099990606308,0.27070000767707825,294,539.1666666666666,0.2192175431362129,6,28_515_shc_2024-25.14633,174,238.9,302.2677823808458,14.735,80.005,163.0,0.17083247005939484,0.33742329478263855,0.48,59.0,1424.75,0.0009809203415619392,0.23219310040109736,1.1736061573028564,359,348,3,0.21853357950846355,303.115962515937,Singapeta
894.5,14,0.03629999980330467,0.2227499932050705,0.13015000522136688,0.0471000000834465,0.07620000094175339,0.07580000162124634,0.11905000358819962,0.22750000655651093,0.27079999446868896,0.29030001163482666,0.30764999985694885,0.30390000343322754,346,532.5,0.38527859830056266,31,28_515_shc_2024-25.12513,177,33.5,302.1321107228597,14.738,79.938,138.0,0.4183461666107178,0.5859054923057556,0.52,79.7,1426.75,0.0009403437578560966,0.37149291085998537,0.7673096060752869,355,299,4,0.21784845987955728,303.0240300072564,Bogole
885.75,27,0.049400001764297485,0.17579999566078186,0.0877000018954277,0.0560000017285347,0.08540000021457672,0.05079999938607216,0.13210000097751617,0.28949999809265137,0.3747999966144562,0.3716000020503998,0.3758000135421753,0.365200012922287,314,539.1666666666666,0.6383317542014175,3,28_515_shc_2024-25.15002,177,271.2,302.2677823808458,14.738,80.028,201.0,0.47548145055770874,0.7594696879386902,0.15,83.0,1424.75,0.0009809203415619392,0.5216825707362414,0.473089337348938,330,356,2,0.21853357950846355,303.115962515937,Singapeta
886.5833333333334,116,0.050700001418590546,0.21739999949932098,0.12290000170469284,0.04879999905824661,0.0940999984741211,0.07039999961853027,0.17239999771118164,0.3124000132083893,0.4235999882221222,0.43959999084472656,0.4291999936103821,0.4198000133037567,328,530.25,0.616978596770346,2,28_515_shc_2024-25.16760,174,64.6,302.0204082489014,14.738,80.058,213.0,0.43660131096839905,0.723921537399292,1.09,16.4,1416.8333333333333,0.0010599620642323436,0.5483168238301497,0.4945405125617981,321,351,2,0.1473015679253472,303.2587522294786,Allurupeta
902.0833333333334,0,0.04179999977350235,0.24390000104904175,0.1378999948501587,0.056299999356269836,0.0860000029206276,0.07829999923706055,0.1388999968767166,0.266400009393692,0.3230000138282776,0.3255999982357025,0.34869998693466187,0.3474000096321106,326,526.3333333333334,0.4502421426488385,36,28_515_shc_2024-25.7205,180,238.0,302.1321107228597,14.742,79.862,188.0,0.4019375741481781,0.6122802495956421,0.55,25.0,1428.5833333333333,0.0009403437578560966,0.4103883167774217,0.749078631401062,371,303,2,0.21784845987955728,303.0240300072564,Bodagudipadu
887.5833333333334,57,0.06424999982118607,0.31995001435279846,0.20890000462532043,0.08415000140666962,0.120899997651577,0.1266999989748001,0.20649999380111694,0.30790001153945923,0.3648500144481659,0.3495999872684479,0.414000004529953,0.4048500061035156,309,539.0,0.3768576474384738,2,28_515_shc_2024-25.2435,171,161.4,302.0204082489014,14.742,80.092,75.0,0.2573278248310089,0.46798235177993774,0.62,40.4,1426.5833333333333,0.0010599620642323436,0.3424664418229003,0.9151888489723206,340,351,3,0.1473015679253472,303.2587522294786,Isakapalle
886.5833333333334,226,0.05119999870657921,0.21389999985694885,0.15289999544620514,0.07850000262260437,0.11940000206232071,0.15000000596046448,0.1842000037431717,0.2572000026702881,0.3149000108242035,0.335999995470047,0.33820000290870667,0.34790000319480896,323,530.25,0.2822886450203477,6,28_515_shc_2024-25.3663,183,77.5,302.0204082489014,14.745,80.055,138.0,0.2918108403682709,0.38271602988243103,0.64,22.9,1416.8333333333333,0.0010599620642323436,0.28296144407666757,0.6366071701049805,341,336,1,0.1473015679253472,303.2587522294786,Allurupeta
885.75,252,0.04580000042915344,0.1639000028371811,0.09470000118017197,0.06859999895095825,0.10760000348091125,0.10379999876022339,0.17759999632835388,0.25940001010894775,0.31060001254081726,0.3368000090122223,0.34369999170303345,0.32420000433921814,330,539.1666666666666,0.4030863067083994,2,28_515_shc_2024-25.15001,189,71.0,302.2677823808458,14.748,80.028,100.0,0.3094868063926697,0.5288243293762207,0.62,108.1,1424.75,0.0009809203415619392,0.3715713507229218,0.48663896322250366,321,349,3,0.21853357950846355,303.115962515937,Singapeta
913.8333333333334,180,0.04944999888539314,0.27649998664855957,0.18359999358654022,0.06400000303983688,0.09335000067949295,0.10509999841451645,0.1517000049352646,0.26170000433921814,0.3041499853134155,0.3089999854564667,0.33515000343322754,0.3278000056743622,312,511.0833333333333,0.3492395066926325,57,28_515_shc_2024-25.1544,180,335.8,302.4426196204291,14.752,79.718,88.0,0.3414369225502014,0.4923931360244751,0.37,34.9,1425.0,0.0008918817655107602,0.33459138601854876,0.8948220014572144,380,309,1,0.33159429762098525,303.1759614308675,Gumparlapadu
917.1666666666666,0,0.05090000107884407,0.32464998960494995,0.2207999974489212,0.07559999823570251,0.10899999737739563,0.12460000067949295,0.18289999663829803,0.2518500089645386,0.28725001215934753,0.2955000102519989,0.3186500072479248,0.3361000120639801,303,512.5,0.28944517035012,53,28_515_shc_2024-25.4452,180,297.0,302.4426196204291,14.753878,79.679921,151.0,0.23536792397499084,0.40680792927742004,0.45,79.7,1429.5833333333333,0.0008918817655107602,0.2786110328367837,1.0986462831497192,390,308,3,0.33159429762098525,303.1759614308675,Gudipadu
899.5,27,0.03929999843239784,0.2992999851703644,0.2054000049829483,0.05009999871253967,0.07609999924898148,0.09380000084638596,0.1590999960899353,0.23600000143051147,0.2727999985218048,0.27639999985694885,0.3052999973297119,0.28679999709129333,334,525.25,0.3119341234582041,31,28_515_shc_2024-25.20481,177,32.3,302.32306666904026,14.755,79.915,151.0,0.26934558153152466,0.4932468831539154,0.13,184.0,1424.75,0.0009457228364554105,0.31475522672312806,1.0828509330749512,364,302,2,0.22074657016330296,303.1615083058675,Jakkepalligudur
913.8333333333334,134,0.046799998730421066,0.3010999858379364,0.20280000567436218,0.06015000119805336,0.09165000170469284,0.09854999929666519,0.1506499946117401,0.26144999265670776,0.2944999933242798,0.30869999527931213,0.32739999890327454,0.30504998564720154,306,511.0833333333333,0.36260891826884994,63,28_515_shc_2024-25.4630,177,238.9,302.4426196204291,14.758,79.732,251.0,0.3440731465816498,0.5160220861434937,0.47,69.9,1425.0,0.0008918817655107602,0.3474510838892841,0.9753805994987488,382,312,1,0.33159429762098525,303.1759614308675,Zammavaram
911.4166666666666,90,0.05249999836087227,0.24950000643730164,0.19200000166893005,0.06120000034570694,0.10559999942779541,0.10459999740123749,0.16179999709129333,0.23270000517368317,0.2565000057220459,0.2563999891281128,0.27489998936653137,0.2847999930381775,322,513.8333333333334,0.2663157803898921,64,28_515_shc_2024-25.22954,177,96.9,302.4223450978597,14.758,79.752,263.0,0.22620753943920135,0.4204986095428467,0.91,75.3,1425.25,0.0009089875192253929,0.2644599200380487,0.9730889797210693,368,310,1,0.3009151882595486,303.1898665957981,Kavali Musthapuram
891.9166666666666,296,0.053449999541044235,0.2885499894618988,0.20765000581741333,0.055649999529123306,0.08164999634027481,0.07519999891519547,0.1636500060558319,0.2648000121116638,0.31165000796318054,0.34040001034736633,0.3330000042915344,0.30559998750686646,294,543.75,0.48245376486724356,10,28_515_shc_2024-25.9425,186,71.0,302.3079679277208,14.758,79.992,125.0,0.35065966844558716,0.6381135582923889,0.2,138.0,1435.5833333333333,0.0010166327749199728,0.4344692148579711,0.8476791381835938,374,332,2,0.15786637200249565,303.1080794864231,Bogole
891.9166666666666,296,0.053449999541044235,0.2885499894618988,0.20765000581741333,0.055649999529123306,0.08164999634027481,0.07519999891519547,0.1636500060558319,0.2648000121116638,0.31165000796318054,0.34040001034736633,0.3330000042915344,0.30559998750686646,294,543.75,0.48245376486724356,10,28_515_shc_2024-25.9413,186,71.0,302.3079679277208,14.758,79.992,188.0,0.35065966844558716,0.6381135582923889,0.93,13.0,1435.5833333333333,0.0010166327749199728,0.4344692148579711,0.8476791381835938,374,332,2,0.15786637200249565,303.1080794864231,Bogole
913.8333333333334,314,0.0551999993622303,0.3375000059604645,0.25429999828338623,0.08380000293254852,0.11840000003576279,0.14059999585151672,0.18520000576972961,0.2842000126838684,0.32670000195503235,0.33799999952316284,0.3643999993801117,0.3628999888896942,312,511.0833333333333,0.3177516091870579,54,28_515_shc_2024-25.11806,189,122.7,302.4426196204291,14.759563,79.711715,88.0,0.2920489013195038,0.4124529957771301,0.4,52.4,1425.0,0.0008918817655107602,0.30257511435415496,0.9985207319259644,382,307,4,0.33159429762098525,303.1759614308675,Gumparlapadu
917.1666666666666,46,0.04270000010728836,0.27459999918937683,0.21870000660419464,0.05460000038146973,0.08240000158548355,0.10620000213384628,0.16500000655651093,0.2272000014781952,0.2513999938964844,0.2590000033378601,0.28029999136924744,0.27709999680519104,309,512.5,0.25694491127855523,49,28_515_shc_2024-25.12379,177,213.1,302.4426196204291,14.761778,79.704763,125.0,0.2216981053352356,0.4184008836746216,0.33,41.5,1429.5833333333333,0.0008918817655107602,0.26490984784617644,1.0602316856384277,392,299,1,0.33159429762098525,303.1759614308675,Gumparlapadu
908.9166666666666,134,0.05245000123977661,0.39045000076293945,0.28610000014305115,0.07119999825954437,0.10679999738931656,0.14159999787807465,0.20055000483989716,0.2531000077724457,0.2802000045776367,0.28700000047683716,0.31139999628067017,0.30834999680519104,310,516.1666666666666,0.22681892319714558,45,28_515_shc_2024-25.23018,177,64.6,302.4223450978597,14.762,79.828,188.0,0.1773151308298111,0.3392440676689148,0.14,7.6,1425.0833333333333,0.0009089875192253929,0.23486970093099843,1.3604530096054077,380,309,1,0.3009151882595486,303.1898665957981,Gudladona
917.1666666666666,270,0.04735000059008598,0.2761000096797943,0.19599999487400055,0.06480000168085098,0.0966000035405159,0.10130000114440918,0.15815000236034393,0.268449991941452,0.31349998712539673,0.3481999933719635,0.35199999809265137,0.35714998841285706,299,512.5,0.41989794949807374,51,28_515_shc_2024-25.12323,192,180.8,302.4426196204291,14.764844,79.708195,163.0,0.3753332495689392,0.5492769479751587,0.26,62.2,1429.5833333333333,0.0008918817655107602,0.39004738333881617,0.7929351329803467,383,318,4,0.33159429762098525,303.1759614308675,Gumparlapadu
917.1666666666666,46,0.038100000470876694,0.24959999322891235,0.15919999778270721,0.05260000005364418,0.08320000022649765,0.07999999821186066,0.13989999890327454,0.24740000069141388,0.2867000102996826,0.2980000078678131,0.3188000023365021,0.3003000020980835,312,512.5,0.3939284607339424,52,28_515_shc_2024-25.12281,177,96.9,302.4426196204291,14.765781,79.705291,100.0,0.3610413372516632,0.5767195820808411,0.36,25.1,1429.5833333333333,0.0008918817655107602,0.3724373715485546,0.8375838398933411,398,291,1,0.33159429762098525,303.1759614308675,Gumparlapadu
913.8333333333334,180,0.04039999842643738,0.26774999499320984,0.2282000035047531,0.055799998342990875,0.08415000140666962,0.10819999873638153,0.13950000703334808,0.17114999890327454,0.1907999962568283,0.20010000467300415,0.2126999944448471,0.22495000064373016,337,511.0833333333333,0.16057451307874612,65,28_515_shc_2024-25.22868,180,77.5,302.4426196204291,14.768,79.732,125.0,0.1784452199935913,0.2980862855911255,0.38,62.2,1425.0,0.0008918817655107602,0.17054312547752895,1.338080883026123,368,295,1,0.33159429762098525,303.1759614308675,Velagapadu
908.9166666666666,314,0.04805000126361847,0.34880000352859497,0.24535000324249268,0.07114999741315842,0.10080000013113022,0.13500000536441803,0.17305000126361847,0.23260000348091125,0.26260000467300415,0.28139999508857727,0.29409998655319214,0.3073500096797943,303,516.1666666666666,0.23495046675146072,42,28_515_shc_2023-24.7786,183,109.0,302.4223450978597,14.768,79.832,100.0,0.2384200543165207,0.3515850007534027,0.38,164.0,1425.0833333333333,0.0009089875192253929,0.23963333094465963,1.2395167350769043,373,324,1,0.3009151882595486,303.1898665957981,Gudladona
934.8333333333334,90,0.0515500009059906,0.3021000027656555,0.2097499966621399,0.07784999907016754,0.10700000077486038,0.13770000636577606,0.1651500016450882,0.24070000648498535,0.27044999599456787,0.271699994802475,0.30149999260902405,0.30559998750686646,330,491.8333333333333,0.22126448522819125,84,28_515_shc_2024-25.18276,177,174.3,302.3104798634847,14.772,79.512,176.0,0.2439052164554596,0.3273082375526428,0.77,1.1,1426.6666666666667,0.000845527848976641,0.22102483219357363,1.1118881702423096,394,276,1,0.21887986924913194,303.0301552242703,Sankavaram
913.8333333333334,226,0.0414000004529953,0.36390000581741333,0.3050000071525574,0.05290000140666962,0.07940000295639038,0.14720000326633453,0.18000000715255737,0.20170000195503235,0.22050000727176666,0.23579999804496765,0.23639999330043793,0.2558000087738037,309,511.0833333333333,0.1286108207486441,67,28_515_shc_2024-25.22810,183,71.0,302.4426196204291,14.782,79.738,238.0,0.1341991126537323,0.23133157193660736,0.28,90.6,1425.0,0.0008918817655107602,0.1505096171807317,1.5432569980621338,376,315,1,0.33159429762098525,303.1759614308675,Velagapadu
934.8333333333334,35,0.04399999976158142,0.22020000219345093,0.17790000140666962,0.06109999865293503,0.09160000085830688,0.10719999670982361,0.15139999985694885,0.17910000681877136,0.195700004696846,0.1842000037431717,0.210999995470047,0.22030000388622284,298,491.8333333333333,0.14059819480128724,94,28_515_shc_2024-25.21364,174,129.1,302.3104798634847,14.78367,79.509273,100.0,0.09773541241884232,0.26424160599708557,0.26,17.5,1426.6666666666667,0.000845527848976641,0.14594391013888075,1.1954396963119507,410,292,3,0.21887986924913194,303.0301552242703,Sankavaram
913.8333333333334,314,0.05909999832510948,0.25429999828338623,0.1850000023841858,0.05700000002980232,0.08749999850988388,0.09570000320672989,0.1436000019311905,0.24490000307559967,0.27810001373291016,0.2874000072479248,0.29840001463890076,0.2896000146865845,316,511.0833333333333,0.334181717680619,64,28_515_shc_2024-25.22819,186,103.3,302.4426196204291,14.784418,79.723288,163.0,0.3336426913738251,0.5003915429115295,0.72,27.3,1425.0,0.0008918817655107602,0.32561431622421827,0.8848294615745544,391,293,3,0.33159429762098525,303.1759614308675,Kavali Musthapuram
931.5833333333334,244,0.06509999930858612,0.3215000033378601,0.2653999924659729,0.10100000351667404,0.12759999930858612,0.15600000321865082,0.17550000548362732,0.2207999974489212,0.2442999929189682,0.243599995970726,0.27149999141693115,0.27869999408721924,302,499.4166666666667,0.15399759762913628,90,28_515_shc_2024-25.20787,186,193.7,302.3104798634847,14.785,79.485,113.0,0.16249102354049683,0.21921920776367188,0.24,25.1,1430.9166666666667,0.000845527848976641,0.1460649057875905,1.319786548614502,418,279,2,0.21887986924913194,303.0301552242703,Nallagonda
899.5,116,0.043699998408555984,0.23659999668598175,0.14159999787807465,0.0551999993622303,0.08980000019073486,0.08380000293254852,0.15279999375343323,0.27149999141693115,0.32249999046325684,0.32839998602867126,0.352400004863739,0.32019999623298645,311,525.25,0.43148458517690835,23,28_515_shc_2024-25.9898,174,413.3,302.32306666904026,14.785,79.905,63.0,0.36492103338241577,0.5934012532234192,0.28,164.0,1424.75,0.0009457228364554105,0.40221440373179185,0.7204628586769104,375,315,2,0.22074657016330296,303.1615083058675,Chamadala
931.5833333333334,0,0.04535000026226044,0.2510499954223633,0.16944999992847443,0.05115000158548355,0.0778999999165535,0.0799499973654747,0.1335500031709671,0.2176000028848648,0.24435000121593475,0.2556000053882599,0.2727000117301941,0.2777499854564667,299,499.4166666666667,0.3248747127119491,93,28_515_shc_2024-25.7974,180,90.4,302.3104798634847,14.785344,79.492269,176.0,0.3136322796344757,0.5234689712524414,0.48,17.5,1430.9166666666667,0.000845527848976641,0.31533123232103316,0.9821987152099609,426,275,0,0.21887986924913194,303.0301552242703,Gundemadakala
931.5833333333334,306,0.0414000004529953,0.2506999969482422,0.14959999918937683,0.04699999839067459,0.07599999755620956,0.06260000169277191,0.12530000507831573,0.27790001034736633,0.3224000036716461,0.35760000348091125,0.3517000079154968,0.334199994802475,300,499.4166666666667,0.5341493378277056,86,28_515_shc_2024-25.7972,192,284.1,302.3104798634847,14.785862,79.482093,138.0,0.4810519516468048,0.7020466327667236,0.17,17.5,1430.9166666666667,0.000845527848976641,0.4808737233148454,0.7010626196861267,427,273,5,0.21887986924913194,303.0301552242703,Gundemadakala
891.9166666666666,90,0.06369999796152115,0.30774998664855957,0.22930000722408295,0.0575999990105629,0.08579999953508377,0.09510000050067902,0.1741500049829483,0.23989999294281006,0.26794999837875366,0.27059999108314514,0.29249998927116394,0.28529998660087585,330,543.75,0.3113468464282253,10,28_515_shc_2024-25.2602,171,83.9,302.3079679277208,14.788,79.998,151.0,0.21686337888240814,0.4799015522003174,0.95,69.9,1435.5833333333333,0.0010166327749199728,0.30408916302756966,1.1372874975204468,338,333,3,0.15786637200249565,303.1080794864231,Kovurpalle
903.8333333333334,0,0.06689999997615814,0.38929998874664307,0.2955000102519989,0.09099999815225601,0.12620000541210175,0.17440000176429749,0.22259999811649323,0.29440000653266907,0.3425000011920929,0.3483999967575073,0.382099986076355,0.3856000006198883,305,518.9166666666666,0.25404425748813747,19,28_515_shc_2024-25.13659,180,426.2,302.32306666904026,14.792,79.898,100.0,0.22031523287296295,0.332823246717453,0.21,164.0,1422.75,0.0009457228364554105,0.2551818467608754,1.1173937320709229,369,326,1,0.22074657016330296,303.1615083058675,Chamadala
922.4166666666666,72,0.05290000140666962,0.22200000286102295,0.17260000109672546,0.06669999659061432,0.09515000134706497,0.11749999970197678,0.15559999644756317,0.1915999948978424,0.21199999749660492,0.225600004196167,0.23899999260902405,0.23555000126361847,326,501.5,0.18893977414565608,73,28_515_shc_2024-25.23138,171,122.7,302.4426196204291,14.798,79.748,125.0,0.18363066017627716,0.3150685131549835,1.08,163.8,1424.0,0.0008918817655107602,0.19232594708999065,0.9840425252914429,360,314,3,0.33159429762098525,303.1759614308675,Pedakonduru
914.4166666666666,0,0.0421999990940094,0.26930001378059387,0.19099999964237213,0.05959999933838844,0.09080000221729279,0.11259999871253967,0.1597999930381775,0.23319999873638153,0.26170000433921814,0.2687999904155731,0.2874000072479248,0.2985999882221222,319,506.0833333333333,0.26078534959097566,45,28_515_shc_2024-25.23256,180,167.9,302.4223450978597,14.798,79.798,113.0,0.25431638956069946,0.4095437824726105,0.9,34.9,1420.25,0.0009089875192253929,0.26582708241955094,1.00186026096344,374,307,0,0.3009151882595486,303.1898665957981,Lakshmipuram
903.8333333333334,64,0.05460000038146973,0.04284999892115593,0.034699998795986176,0.0434500016272068,0.05404999852180481,0.04324999824166298,0.05714999884366989,0.05400000140070915,0.0575999990105629,0.05454999953508377,0.054349999874830246,0.15610000491142273,297,518.9166666666666,0.028588057679396654,25,28_515_shc_2024-25.9886,174,413.3,302.32306666904026,14.798,79.908,213.0,-0.02327662706375122,0.11554193496704102,0.53,79.7,1422.75,0.0009457228364554105,0.028353967887536365,0.7855178713798523,355,348,2,0.22074657016330296,303.1615083058675,Chamadala
887.0833333333334,0,0.0414000004529953,0.2524000108242035,0.1509999930858612,0.052400000393390656,0.09960000216960907,0.0738999992609024,0.16920000314712524,0.3176000118255615,0.3837999999523163,0.4099999964237213,0.42239999771118164,0.4235000014305115,299,551.25,0.5753560662925873,8,28_515_shc_2024-25.5093,180,103.3,302.3079679277208,14.798,80.002,100.0,0.4157458543777466,0.6945649981498718,0.82,49.1,1438.4166666666667,0.0010166327749199728,0.5123996320311267,0.6156097650527954,351,350,2,0.15786637200249565,303.1080794864231,Allimadugu
887.0833333333334,123,0.055399999022483826,0.2705000042915344,0.17810000479221344,0.07175000011920929,0.10509999841451645,0.10639999806880951,0.17550000548362732,0.3224000036716461,0.413100004196167,0.42260000109672546,0.44530001282691956,0.4081000089645386,302,551.25,0.5190839783168643,5,28_515_shc_2024-25.5878,171,38.7,302.3079679277208,14.798,80.008,151.0,0.4131416082382202,0.5977315902709961,0.28,18.6,1438.4166666666667,0.0010166327749199728,0.46093294939407814,0.6400852203369141,352,346,3,0.15786637200249565,303.1080794864231,Allimadugu
887.0833333333334,0,0.04619999974966049,0.23819999396800995,0.15530000627040863,0.06340000033378601,0.09040000289678574,0.09040000289678574,0.17409999668598175,0.32030001282691956,0.3944999873638153,0.4007999897003174,0.4172999858856201,0.4449999928474426,309,551.25,0.528718378816208,3,28_515_shc_2024-25.11835,180,19.4,302.3079679277208,14.798,80.012,113.0,0.3943294584751129,0.6319218277931213,0.41,164.0,1438.4166666666667,0.0010166327749199728,0.4697336397121541,0.5943113565444946,347,344,1,0.15786637200249565,303.1080794864231,Mungamur
887.0833333333334,270,0.05420000106096268,0.23420000076293945,0.1671999990940094,0.07654999941587448,0.1152999997138977,0.10999999940395355,0.18934999406337738,0.33009999990463257,0.374099999666214,0.3856000006198883,0.4233500063419342,0.41179999709129333,319,551.25,0.46823765430796205,4,28_515_shc_2024-25.11923,183,135.0,302.3079679277208,14.798,80.038,113.0,0.3413340449333191,0.5560936331748962,0.5,57.0,1438.4166666666667,0.0010166327749199728,0.41522700061671586,0.6073651313781738,326,355,1,0.15786637200249565,303.1080794864231,Juvvaladinne
923.0,270,0.05144999921321869,0.2994999885559082,0.2206999957561493,0.0637499988079071,0.09369999915361404,0.1145000010728836,0.15974999964237213,0.21334999799728394,0.23250000178813934,0.2379000037908554,0.2609499990940094,0.2640500068664551,319,501.75,0.21323288189766865,59,28_515_shc_2024-25.23194,183,64.6,302.4426196204291,14.802,79.688,188.0,0.19652962684631348,0.3501702547073364,0.41,16.4,1424.75,0.0008918817655107602,0.21715157557577325,1.2589322328567505,374,307,1,0.33159429762098525,303.1759614308675,Venkannapalem
914.4166666666666,134,0.04340000078082085,0.2887499928474426,0.21185000240802765,0.06909999996423721,0.097850002348423,0.125,0.15940000116825104,0.23399999737739563,0.267300009727478,0.2784999907016754,0.30329999327659607,0.29565000534057617,304,506.0833333333333,0.25409698993458746,51,28_515_shc_2024-25.23044,177,83.9,302.4223450978597,14.802,79.792,100.0,0.2719798982143402,0.38042131066322327,0.45,102.6,1420.25,0.0009089875192253929,0.25484226720765824,1.0368043184280396,392,304,1,0.3009151882595486,303.1898665957981,Parikota
914.4166666666666,14,0.04529999941587448,0.27015000581741333,0.17180000245571136,0.05209999904036522,0.0794999971985817,0.08259999752044678,0.13734999299049377,0.2527500092983246,0.2915000021457672,0.2865999937057495,0.31654998660087585,0.31610000133514404,317,506.0833333333333,0.36652412633237147,45,28_515_shc_2024-25.22862,177,109.8,302.4223450978597,14.802,79.798,125.0,0.35204625129699707,0.5525460243225098,0.27,16.4,1420.25,0.0009089875192253929,0.3520478570717359,0.9426029920578003,379,305,4,0.3009151882595486,303.1898665957981,Lakshmipuram
914.4166666666666,90,0.031050000339746475,0.2303999960422516,0.12860000133514404,0.03525000065565109,0.057500001043081284,0.049300000071525574,0.11240000277757645,0.24824999272823334,0.28999999165534973,0.2985000014305115,0.32510000467300415,0.3090499937534332,301,506.0833333333333,0.46844747247389523,43,28_515_shc_2024-25.22926,177,83.9,302.4223450978597,14.808,79.802,88.0,0.4529082477092743,0.7165037393569946,0.41,97.2,1420.25,0.0009089875192253929,0.44090587565017914,0.7718592882156372,364,335,1,0.3009151882595486,303.1898665957981,Parikota
893.0,166,0.05705000087618828,0.3971500098705292,0.3127500116825104,0.07135000079870224,0.11060000211000443,0.1534000039100647,0.21154999732971191,0.2649500072002411,0.29045000672340393,0.28200000524520874,0.31310001015663147,0.30114999413490295,324,542.9166666666666,0.19282961656455697,17,28_515_shc_2024-25.1239,177,452.0,302.3079679277208,14.808,79.972,50.0,0.1427413821220398,0.29536059498786926,0.39,164.0,1435.6666666666667,0.0010166327749199728,0.20622193726181082,1.4083333015441895,337,339,4,0.15786637200249565,303.1080794864231,Brahmanakraka
931.0833333333334,0,0.03009999915957451,0.2179500013589859,0.1160999983549118,0.03714999929070473,0.06414999812841415,0.05180000141263008,0.1043500006198883,0.2540000081062317,0.3237999975681305,0.32420000433921814,0.3513000011444092,0.3582499921321869,324,491.3333333333333,0.5020735402904879,88,28_515_shc_2024-25.11420,180,96.9,302.31840629577636,14.812,79.588,100.0,0.5130090117454529,0.7244680523872375,0.44,69.9,1422.25,0.0008761495483187314,0.46643835811301304,0.6722701787948608,379,298,0,0.21634301079644097,303.03468538920083,Vinjamur
922.4166666666666,180,0.05584999918937683,0.23980000615119934,0.1919499933719635,0.07440000027418137,0.1010499969124794,0.14020000398159027,0.16734999418258667,0.1972000002861023,0.21400000154972076,0.22139999270439148,0.23739999532699585,0.23864999413490295,310,501.5,0.1349195599133325,75,28_515_shc_2024-25.22784,180,90.4,302.4426196204291,14.812,79.748,125.0,0.13903537392616272,0.22455748915672302,1.0,60.1,1424.0,0.0008918817655107602,0.14136488341769685,1.083107590675354,368,321,2,0.33159429762098525,303.1759614308675,Pedakonduru
914.4166666666666,314,0.045099999755620956,0.2337000072002411,0.13795000314712524,0.05770000070333481,0.09504999965429306,0.0840499997138977,0.1578499972820282,0.2685999870300293,0.3194499909877777,0.3336000144481659,0.3503499925136566,0.3467999994754791,296,506.0833333333333,0.4439917685122782,36,28_515_shc_2024-25.2065,186,122.7,302.4223450978597,14.812,79.828,226.0,0.35761523246765137,0.5975099205970764,0.26,137.6,1420.25,0.0009089875192253929,0.40791697959402395,0.7005395889282227,389,316,3,0.3009151882595486,303.1898665957981,China Kraka
922.4166666666666,284,0.05460000038146973,0.29205000400543213,0.24120000004768372,0.07644999772310257,0.10379999876022339,0.14219999313354492,0.17045000195503235,0.21905000507831573,0.24275000393390656,0.2508000135421753,0.2715499997138977,0.2641499936580658,306,501.5,0.17737855640552708,70,28_515_shc_2024-25.22858,192,90.4,302.4426196204291,14.815,79.735,113.0,0.1907418668270111,0.2763359248638153,0.1,29.5,1424.0,0.0008918817655107602,0.18241884590724344,1.1644736528396606,374,320,4,0.33159429762098525,303.1759614308675,Pedakonduru
925.0833333333334,244,0.04809999838471413,0.3603000044822693,0.28839999437332153,0.06159999966621399,0.09740000218153,0.14560000598430634,0.18279999494552612,0.2190999984741211,0.23720000684261322,0.2590000033378601,0.24860000610351562,0.27630001306533813,333,502.0,0.16969950095739467,127,28_515_shc_2024-25.4650,186,97.0,302.3030091603597,14.818,79.418,100.0,0.17247624695301056,0.2802768051624298,0.39,164.0,1427.1666666666667,0.0008124676735582013,0.18803890590028816,1.3911197185516357,406,261,2,0.27015003628200956,303.0152897728814,Rachavaripalle
926.8333333333334,270,0.04574999958276749,0.272350013256073,0.1817999929189682,0.050200000405311584,0.08799999952316284,0.08799999952316284,0.1454000025987625,0.268449991941452,0.3008500039577484,0.31940001249313354,0.33469998836517334,0.3161500096321106,299,495.1666666666667,0.39329664139792486,68,28_515_shc_2024-25.23054,183,122.7,302.4426196204291,14.818,79.658,113.0,0.3743545711040497,0.5679921507835388,0.5,93.9,1422.0,0.0008918817655107602,0.3825215063461145,0.8526925444602966,378,323,1,0.33159429762098525,303.1759614308675,Nagasamudram
922.4166666666666,333,0.05689999833703041,0.3834500014781952,0.3147999942302704,0.08205000311136246,0.11110000312328339,0.15950000286102295,0.19865000247955322,0.22245000302791595,0.24959999322891235,0.26440000534057617,0.2887499928474426,0.28769999742507935,302,501.5,0.1632913599316142,71,28_515_shc_2024-25.22869,186,109.8,302.4426196204291,14.818,79.738,100.0,0.14199331402778625,0.24746403098106384,0.23,10.9,1424.0,0.0008918817655107602,0.17031064219343028,1.4502646923065186,366,332,4,0.33159429762098525,303.1759614308675,Pedakonduru
917.25,0,0.04989999905228615,0.2610499858856201,0.21565000712871552,0.06809999793767929,0.09179999679327011,0.11890000104904175,0.15150000154972076,0.18424999713897705,0.2071000039577484,0.2143000066280365,0.2321999967098236,0.2463500052690506,299,504.9166666666667,0.1683192837919152,61,28_515_shc_2024-25.23252,180,58.1,302.4223450978597,14.818,79.762,100.0,0.17167852818965912,0.28631454706192017,0.23,25.1,1422.3333333333333,0.0009089875192253929,0.17174748805805717,1.2181520462036133,394,307,3,0.3009151882595486,303.1898665957981,Pedakonduru
903.8333333333334,0,0.05195000022649765,0.30035001039505005,0.2298000007867813,0.06915000081062317,0.10639999806880951,0.12700000405311584,0.17970000207424164,0.30105000734329224,0.34700000286102295,0.3677999973297119,0.38429999351501465,0.35989999771118164,315,518.9166666666666,0.3736403415981401,14,28_515_shc_2024-25.16416,180,497.2,302.32306666904026,14.818,79.912,138.0,0.34356164932250977,0.48666125535964966,0.51,164.0,1422.75,0.0009457228364554105,0.3630880472585503,0.8166123032569885,345,341,3,0.22074657016330296,303.1615083058675,Brahmanakraka
887.25,145,0.058400001376867294,0.23199999332427979,0.16539999842643738,0.08720000088214874,0.10999999940395355,0.1281999945640564,0.1738000065088272,0.2721000015735626,0.3215000033378601,0.31119999289512634,0.34299999475479126,0.36390000581741333,347,555.1666666666666,0.3207375285260641,7,28_515_shc_2024-25.1553,174,142.0,302.3079679277208,14.818,80.042,176.0,0.28329893946647644,0.4164770245552063,0.41,45.0,1442.3333333333333,0.0010166327749199728,0.2922077934438253,0.7455012798309326,304,349,3,0.15786637200249565,303.1080794864231,Juvvaladinne
922.4166666666666,104,0.04019999876618385,0.35600000619888306,0.2989000082015991,0.0544000007212162,0.08320000022649765,0.14399999380111694,0.18039999902248383,0.2046000063419342,0.22619999945163727,0.2433999925851822,0.251800000667572,0.2583000063896179,309,501.5,0.14622808301405668,73,28_515_shc_2024-25.22732,168,83.9,302.4426196204291,14.822,79.732,163.0,0.1486550122499466,0.2565823495388031,0.31,10.9,1424.0,0.0008918817655107602,0.16801893223287961,1.4626131057739258,371,320,4,0.33159429762098525,303.1759614308675,Pedakonduru
903.8333333333334,0,0.052400000393390656,0.28040000796318054,0.18355000019073486,0.062950000166893,0.09790000319480896,0.10189999639987946,0.16130000352859497,0.26440000534057617,0.30114999413490295,0.31060001254081726,0.33149999380111694,0.32304999232292175,341,518.9166666666666,0.3598586388916728,11,28_515_shc_2024-25.16355,180,381.0,302.32306666904026,14.822,79.908,100.0,0.3163805902004242,0.5059394240379333,0.26,69.9,1422.75,0.0009457228364554105,0.34306851632233987,0.9027688503265381,332,327,0,0.22074657016330296,303.1615083058675,Jaladanki
923.0,46,0.05510000139474869,0.3105500042438507,0.251800000667572,0.07980000227689743,0.10809999704360962,0.15060000121593475,0.18764999508857727,0.2280000001192093,0.25014999508857727,0.2605000138282776,0.27274999022483826,0.2777999937534332,310,501.75,0.17549184390688194,71,28_515_shc_2024-25.23263,177,77.5,302.4426196204291,14.825,79.695,188.0,0.1625572144985199,0.2673315703868866,1.02,31.7,1424.75,0.0008918817655107602,0.18093515113213415,1.192130446434021,393,297,1,0.33159429762098525,303.1759614308675,Pedakonduru
887.0833333333334,46,0.06830000132322311,0.34790000319480896,0.258899986743927,0.09560000151395798,0.1273999959230423,0.16760000586509705,0.2152000069618225,0.30250000953674316,0.3677000105381012,0.38199999928474426,0.40720000863075256,0.397599995136261,320,551.25,0.3208427966784549,4,28_515_shc_2024-25.11779,174,77.0,302.3079679277208,14.828,80.032,75.0,0.2793034017086029,0.3901018798351288,0.5,90.0,1438.4166666666667,0.0010166327749199728,0.3064024281169464,0.9107329845428467,314,367,3,0.15786637200249565,303.1080794864231,Juvvaladinne
893.0,46,0.053599998354911804,0.31690001487731934,0.23199999332427979,0.08810000121593475,0.12120000272989273,0.15889999270439148,0.1746000051498413,0.24220000207424164,0.27379998564720154,0.26919999718666077,0.2933500111103058,0.3236500024795532,306,542.9166666666666,0.17655345970538058,10,28_515_shc_2024-25.20785,171,187.3,302.3079679277208,14.828319,79.994628,213.0,0.21315905451774597,0.25765010714530945,0.1,14.2,1435.6666666666667,0.0010166327749199728,0.1782674372648423,1.1771917343139648,347,347,4,0.15786637200249565,303.1080794864231,Gowravaram
923.0,180,0.040300000458955765,0.24799999594688416,0.18619999289512634,0.04969999939203262,0.08139999955892563,0.11940000206232071,0.1446000039577484,0.20559999346733093,0.20990000665187836,0.2680000066757202,0.22179999947547913,0.2402999997138977,304,501.75,0.23050910935458507,65,28_515_shc_2024-25.23091,180,51.7,302.4426196204291,14.832,79.678,88.0,0.2990790009498596,0.38358286023139954,0.45,3.3,1424.75,0.0008918817655107602,0.2511832372382802,0.9253730773925781,385,310,2,0.33159429762098525,303.1759614308675,Kaligiri
922.4166666666666,90,0.03929999843239784,0.322299987077713,0.24269999563694,0.05590000003576279,0.07999999821186066,0.11620000004768372,0.15790000557899475,0.19900000095367432,0.22529999911785126,0.23499999940395355,0.25060001015663147,0.24879999458789825,315,501.5,0.19630523051268806,70,28_515_shc_2024-25.22861,162,77.5,302.4426196204291,14.832,79.732,125.0,0.1962331235408783,0.33826878666877747,0.12,50.2,1424.0,0.0008918817655107602,0.20935150275987469,1.3714892864227295,370,315,6,0.33159429762098525,303.1759614308675,Pedakonduru
903.8333333333334,116,0.0471000000834465,0.2614000141620636,0.15950000286102295,0.05530000105500221,0.08320000022649765,0.08969999849796295,0.1445000022649765,0.24660000205039978,0.28610000014305115,0.2964000105857849,0.32679998874664307,0.3190999925136566,334,518.9166666666666,0.3639469187073266,19,28_515_shc_2024-25.5890,174,387.4,302.32306666904026,14.832,79.898,163.0,0.3445225656032562,0.5353535413742065,0.26,147.4,1422.75,0.0009457228364554105,0.3499040909076768,0.881916344165802,341,325,2,0.22074657016330296,303.1615083058675,Brahmanakraka
943.0,0,0.04859999939799309,0.26989999413490295,0.19220000505447388,0.05640000104904175,0.08299999684095383,0.10339999943971634,0.14730000495910645,0.21289999783039093,0.24050000309944153,0.24860000610351562,0.266400009393692,0.26840001344680786,310,479.0,0.25103735680934686,96,28_515_shc_2024-25.4224,180,155.0,302.31840629577636,14.835,79.575,100.0,0.2558726966381073,0.4125000238418579,0.33,17.5,1422.0833333333333,0.0008761495483187314,0.2556338128857528,1.0856797695159912,409,281,2,0.21634301079644097,303.03468538920083,Vinjamur
909.75,46,0.06069999933242798,0.29600000381469727,0.21330000460147858,0.08940000087022781,0.13099999725818634,0.1703999936580658,0.1655000001192093,0.26159998774528503,0.2912999987602234,0.3156000077724457,0.3183000087738037,0.28769999742507935,327,510.1666666666667,0.21769118038876317,21,28_515_shc_2024-25.13533,177,142.1,302.32306666904026,14.835,79.895,201.0,0.3119933605194092,0.2987654507160187,0.47,17.5,1420.0833333333333,0.0009457228364554105,0.22089251608071048,0.9378960728645325,343,330,1,0.22074657016330296,303.1615083058675,Brahmanakraka
936.0833333333334,0,0.04100000113248825,0.2505500018596649,0.16500000655651093,0.045499999076128006,0.07180000096559525,0.08799999952316284,0.12999999523162842,0.21035000681877136,0.24275000393390656,0.24459999799728394,0.267300009727478,0.26774999499320984,317,481.0,0.2735180044156955,71,28_515_shc_2024-25.23125,180,90.4,302.4426196204291,14.838,79.652,226.0,0.3059263229370117,0.4708358347415924,0.3,163.8,1416.9166666666667,0.0008918817655107602,0.28212827097133525,1.0243254899978638,386,298,0,0.33159429762098525,303.1759614308675,China Annaluru
947.0833333333334,237,0.032749999314546585,0.2674500048160553,0.18414999544620514,0.0421999990940094,0.06324999779462814,0.08604999631643295,0.1307000070810318,0.2139499932527542,0.24269999563694,0.24869999289512634,0.26635000109672546,0.26535001397132874,301,472.4166666666667,0.28072143440668196,114,28_515_shc_2024-25.20813,198,161.4,302.3104798634847,14.8401,79.533909,151.0,0.31101736426353455,0.48588499426841736,0.43,34.9,1419.75,0.000845527848976641,0.29227313329884574,1.0753921270370483,401,299,7,0.21887986924913194,303.0301552242703,Nandigunta
943.0,161,0.06120000034570694,0.24160000681877136,0.22020000219345093,0.08704999834299088,0.1145000010728836,0.1395999938249588,0.15424999594688416,0.20055000483989716,0.2170500010251999,0.20309999585151672,0.22585000097751617,0.22824999690055847,311,479.0,0.11438762693960677,103,28_515_shc_2024-25.18729,174,96.9,302.31840629577636,14.842,79.582,376.0,0.13670071959495544,0.1852932721376419,0.23,17.5,1422.0833333333333,0.0008761495483187314,0.11302955287373945,1.1895618438720703,414,275,6,0.21634301079644097,303.03468538920083,Vinjamur
928.75,90,0.0689999982714653,0.32295000553131104,0.23604999482631683,0.07275000214576721,0.10830000042915344,0.12860000133514404,0.18574999272823334,0.268449991941452,0.29884999990463257,0.31940001249313354,0.3407999873161316,0.3338499963283539,336,499.75,0.30866296305656593,58,28_515_shc_2024-25.22840,174,45.2,302.4426196204291,14.842,79.748,113.0,0.26457491517066956,0.4258928596973419,0.34,16.4,1428.5833333333333,0.0008918817655107602,0.301898747428528,1.0111145973205566,357,307,2,0.33159429762098525,303.1759614308675,Pedakonduru
915.5833333333334,0,0.0560000017285347,0.3521000146865845,0.2671999931335449,0.07639999687671661,0.11140000075101852,0.15060000121593475,0.20430000126361847,0.25099998712539673,0.28209999203681946,0.30239999294281006,0.322299987077713,0.320499986410141,309,505.25,0.23239435016413384,31,28_515_shc_2024-25.2102,180,135.6,302.4223450978597,14.842,79.838,151.0,0.1936056762933731,0.33509930968284607,0.34,1.1,1420.75,0.0009089875192253929,0.23892968414056898,1.1643519401550293,367,324,2,0.3009151882595486,303.1898665957981,China Kraka
909.75,333,0.05494999885559082,0.3571000099182129,0.27459999918937683,0.08229999989271164,0.11699999868869781,0.14640000462532043,0.2011999934911728,0.27024999260902405,0.30790001153945923,0.3237999975681305,0.3393999934196472,0.3313499987125397,334,510.1666666666667,0.27981953692344824,19,28_515_shc_2024-25.16393,183,148.5,302.32306666904026,14.842,79.888,138.0,0.23352381587028503,0.37728625535964966,0.3,116.8,1420.0833333333333,0.0009457228364554105,0.2742733341709029,1.1028412580490112,356,310,2,0.22074657016330296,303.1615083058675,Brahmanakraka
947.0833333333334,0,0.040699999779462814,0.23989999294281006,0.19300000369548798,0.052400000393390656,0.08100000023841858,0.12620000541210175,0.16439999639987946,0.18979999423027039,0.20100000500679016,0.2013999968767166,0.20149999856948853,0.18690000474452972,296,472.4166666666667,0.1200817421381653,112,28_515_shc_2024-25.20819,180,148.5,302.3104798634847,14.843034,79.53617,226.0,0.10114817321300507,0.22954820096492767,0.33,25.1,1419.75,0.000845527848976641,0.13629771252411987,1.191161870956421,403,301,0,0.21887986924913194,303.0301552242703,Nandigunta
947.0833333333334,35,0.0364999994635582,0.27160000801086426,0.19709999859333038,0.047200001776218414,0.07329999655485153,0.09939999878406525,0.1534000039100647,0.24060000479221344,0.27000001072883606,0.28060001134872437,0.2939999997615814,0.28279998898506165,303,472.4166666666667,0.297439287044301,113,28_515_shc_2024-25.20798,174,167.9,302.3104798634847,14.843092,79.53498,176.0,0.29308757185935974,0.47684213519096375,0.5,34.9,1419.75,0.000845527848976641,0.308863654224248,0.9679258465766907,392,305,3,0.21887986924913194,303.0301552242703,Nandigunta
912.0,345,0.05494999885559082,0.3375000059604645,0.2558000087738037,0.06459999829530716,0.09735000133514404,0.12839999794960022,0.17554999887943268,0.22550000250339508,0.25360000133514404,0.26919999718666077,0.2854999899864197,0.28110000491142273,313,508.9166666666667,0.22635200219932747,141,28_515_shc_2024-25.4999,183,225.0,302.3030091603597,14.845,79.405,88.0,0.21056772768497467,0.3541247546672821,0.31,1.0,1421.1666666666667,0.0008124676735582013,0.23529411764705882,1.2537147998809814,420,267,4,0.27015003628200956,303.0152897728814,Duttalur
947.0833333333334,207,0.045899998396635056,0.3668999969959259,0.3049499988555908,0.061250001192092896,0.09640000015497208,0.17339999973773956,0.20819999277591705,0.23440000414848328,0.2567499876022339,0.25699999928474426,0.27250000834465027,0.26774999499320984,298,472.4166666666667,0.1137090083891181,110,28_515_shc_2024-25.20803,183,148.5,302.3104798634847,14.845105,79.531826,201.0,0.10490113496780396,0.19423791766166687,0.18,52.4,1419.75,0.000845527848976641,0.13478073887817862,1.4276264905929565,391,311,2,0.21887986924913194,303.0301552242703,Nandigunta
943.0,0,0.044449999928474426,0.27845001220703125,0.2298000007867813,0.09220000356435776,0.131400004029274,0.17239999771118164,0.16904999315738678,0.22380000352859497,0.2484000027179718,0.2578999996185303,0.26664999127388,0.2641499936580658,294,479.0,0.13352699289265185,104,28_515_shc_2024-25.2915,180,148.5,302.31840629577636,14.845333,79.580668,251.0,0.20810401439666748,0.19869859516620636,0.61,42.6,1422.0833333333333,0.0008761495483187314,0.1378587587113249,1.0796821117401123,431,276,2,0.21634301079644097,303.03468538920083,Vinjamur
926.8333333333334,90,0.039500001817941666,0.23109999299049377,0.13734999299049377,0.045899998396635056,0.0681999996304512,0.061500001698732376,0.11270000040531158,0.21719999611377716,0.24824999272823334,0.24480000138282776,0.27015000581741333,0.2674500048160553,331,492.75,0.36095466164510476,138,28_515_shc_2024-25.12018,177,180.0,302.3030091603597,14.848,79.418,151.0,0.3695105016231537,0.5984328985214233,0.2,52.0,1419.4166666666667,0.0008124676735582013,0.3410021065054255,0.9440358877182007,415,254,1,0.27015003628200956,303.0152897728814,Duttalur
928.75,207,0.03804999962449074,0.3043000102043152,0.20714999735355377,0.04749999940395355,0.07419999688863754,0.07195000350475311,0.1542000025510788,0.23000000417232513,0.2634499967098236,0.27309998869895935,0.2953999936580658,0.2950499951839447,334,499.75,0.37290049141013615,62,28_515_shc_2024-25.22833,183,167.9,302.4426196204291,14.848,79.748,251.0,0.2782588005065918,0.5829589366912842,0.2,123.4,1428.5833333333333,0.0008918817655107602,0.35704985571856424,1.114243984222412,363,302,2,0.33159429762098525,303.1759614308675,Pedakonduru
894.8333333333334,296,0.04540000110864639,0.2976999878883362,0.20360000431537628,0.05820000171661377,0.09049999713897705,0.11659999936819077,0.1736000031232834,0.2815999984741211,0.326200008392334,0.32280001044273376,0.37139999866485596,0.3901999890804291,317,540.0833333333334,0.32505203966773877,9,28_515_shc_2024-25.19910,186,322.9,302.3079679277208,14.848,80.008,113.0,0.30056408047676086,0.4692763090133667,0.24,22.9,1435.0833333333333,0.0010166327749199728,0.3292527287433903,0.9222428202629089,333,351,2,0.15786637200249565,303.1080794864231,Thallapalem
947.0833333333334,0,0.03420000150799751,0.25995001196861267,0.19009999930858612,0.0466499999165535,0.07434999942779541,0.09380000084638596,0.14429999887943268,0.22994999587535858,0.25505000352859497,0.26460000872612,0.2748500108718872,0.2716499865055084,326,472.4166666666667,0.2889968125947303,118,28_515_shc_2024-25.7767,180,335.8,302.3104798634847,14.849812,79.513199,138.0,0.2942039668560028,0.4765625,0.17,7.6,1419.75,0.000845527848976641,0.2984622657998244,0.9824263453483582,391,283,0,0.21887986924913194,303.0301552242703,Utukuru
921.0,180,0.07225000113248825,0.32429999113082886,0.2709999978542328,0.09995000064373016,0.12110000103712082,0.13519999384880066,0.17595000565052032,0.21809999644756317,0.24355000257492065,0.21610000729560852,0.27285000681877136,0.27559998631477356,299,504.0,0.15829537172492472,41,28_515_shc_2024-25.23259,180,90.4,302.3209507836236,14.852,79.798,176.0,0.10241040587425232,0.23028753697872162,0.47,87.4,1424.9166666666667,0.0009554048665878649,0.14254671679440858,1.5006940364837646,364,337,1,0.283011966281467,303.0567177242703,Krakuturu
898.25,90,0.09814999997615814,0.29429998993873596,0.262800008058548,0.24959999322891235,0.27799999713897705,0.2937999963760376,0.2524000108242035,0.24690000712871552,0.26260000467300415,0.3061999976634979,0.25690001249313354,0.1898999959230423,306,539.0833333333334,0.025898080640850005,9,28_515_shc_2024-25.8109,177,58.0,302.24942843119305,14.852,79.988,151.0,0.09631218761205673,0.020666668191552162,0.45,164.0,1437.4166666666667,0.0010499218377364153,0.01690909275634231,0.9611364603042603,342,352,1,0.14475199381510417,303.0208995819092,Musunuru (Part)
912.0,345,0.059300001710653305,0.30559998750686646,0.22564999759197235,0.06589999794960022,0.09685000032186508,0.10760000348091125,0.16075000166893005,0.2493000030517578,0.2838999927043915,0.2987000048160553,0.31869998574256897,0.2989499866962433,306,508.9166666666667,0.3294713905060743,141,28_515_shc_2024-25.19297,183,264.7,302.19219644334584,14.855,79.405,125.0,0.3002502918243408,0.47034209966659546,0.19,79.7,1421.1666666666667,0.0008416834470481484,0.3162859973281493,1.0231000185012817,426,268,4,0.2502034929063585,302.88737093607585,Gattupalle
930.5833333333334,90,0.03779999911785126,0.22769999504089355,0.15594999492168427,0.05220000073313713,0.08780000358819962,0.1054999977350235,0.15039999783039093,0.17910000681877136,0.1981000006198883,0.19599999487400055,0.21525000035762787,0.22509999573230743,332,491.0833333333333,0.15739130202335755,73,28_515_shc_2024-25.22812,177,71.0,302.3625903235542,14.855,79.705,163.0,0.13163971900939941,0.3001658320426941,0.1,120.1,1421.5833333333333,0.0009268078916268191,0.16936992758611932,1.161734700202942,365,303,1,0.33294024997287325,303.09877501593695,Ravulakollu
909.75,90,0.053700000047683716,0.368149995803833,0.2619999945163727,0.0908999964594841,0.12070000171661377,0.1680999994277954,0.21719999611377716,0.27160000801086426,0.3057999908924103,0.31360000371932983,0.3359000086784363,0.30140000581741333,320,510.1666666666667,0.2217379406732275,23,28_515_shc_2024-25.13891,174,200.2,302.2017342037625,14.855,79.885,163.0,0.18161267042160034,0.3020552396774292,0.65,42.6,1420.0833333333333,0.0009985908066002006,0.2223184330626848,1.1739476919174194,349,331,2,0.2240605248345269,303.0202268388536,Brahmanakraka
943.0,134,0.041600000113248825,0.3154500126838684,0.24240000545978546,0.05494999885559082,0.09104999899864197,0.13120000064373016,0.17264999449253082,0.21504999697208405,0.24079999327659607,0.24879999458789825,0.2773999869823456,0.2736999988555908,323,479.0,0.18104840802835423,108,28_515_shc_2024-25.10920,177,174.3,302.2907424502903,14.858,79.568,113.0,0.18068572878837585,0.3094736635684967,0.25,18.6,1422.0833333333333,0.000907677776358895,0.20045453621828846,1.2678859233856201,388,289,1,0.22421315511067708,303.006392203437,Vinjamur
909.75,314,0.04780000075697899,0.25049999356269836,0.16660000383853912,0.043699998408555984,0.06795000284910202,0.06030000001192093,0.13255000114440918,0.2471500039100647,0.28369998931884766,0.3005000054836273,0.3139500021934509,0.30149999260902405,324,510.1666666666667,0.44996441183091385,20,28_515_shc_2024-25.1241,183,251.8,302.2017342037625,14.858,79.892,100.0,0.3878304958343506,0.665742814540863,0.27,116.8,1420.0833333333333,0.0009985908066002006,0.4185641332566452,0.8336105942726135,352,324,1,0.2240605248345269,303.0202268388536,Brahmanakraka
898.25,90,0.043699998408555984,0.20479999482631683,0.11890000104904175,0.06360000371932983,0.09960000216960907,0.10520000010728836,0.16930000483989716,0.28200000524520874,0.34369999170303345,0.35839998722076416,0.38580000400543213,0.37560001015663147,317,539.0833333333334,0.4184847180588611,9,28_515_shc_2024-25.7998,174,187.3,302.24942843119305,14.858,79.988,138.0,0.35834750533103943,0.5461604595184326,0.28,14.2,1437.4166666666667,0.0010499218377364153,0.39414693406478096,0.5714285969734192,349,333,2,0.14475199381510417,303.0208995819092,Gowravaram
899.3333333333334,180,0.04554999992251396,0.31220000982284546,0.2138500064611435,0.07970000058412552,0.10970000177621841,0.1420000046491623,0.16384999454021454,0.26100000739097595,0.3019999861717224,0.31619998812675476,0.33344998955726624,0.3142000138759613,357,518.9166666666666,0.27730902318818546,146,28_515_shc_2024-25.3708,180,161.0,302.19219644334584,14.858277,79.365639,113.0,0.31736278533935547,0.38018330931663513,0.27,164.0,1418.3333333333333,0.0008416834470481484,0.2726987864604335,0.9873498678207397,389,254,1,0.2502034929063585,302.88737093607585,Somalaregada
899.3333333333334,180,0.04554999992251396,0.31220000982284546,0.2138500064611435,0.07970000058412552,0.10970000177621841,0.1420000046491623,0.16384999454021454,0.26100000739097595,0.3019999861717224,0.31619998812675476,0.33344998955726624,0.3142000138759613,357,518.9166666666666,0.27730902318818546,146,28_515_shc_2024-25.3794,180,116.0,302.19219644334584,14.858277,79.365639,75.0,0.31736278533935547,0.38018330931663513,1.11,109.0,1418.3333333333333,0.0008416834470481484,0.2726987864604335,0.9873498678207397,389,254,1,0.2502034929063585,302.88737093607585,Somalaregada
943.0,296,0.05225000157952309,0.2398499995470047,0.19814999401569366,0.07015000283718109,0.09690000116825104,0.12960000336170197,0.16255000233650208,0.1894499957561493,0.2071000039577484,0.210999995470047,0.23229999840259552,0.24574999511241913,312,479.0,0.13914766478432827,108,28_515_shc_2024-25.18352,186,129.1,302.2907424502903,14.858571,79.576755,201.0,0.12970149517059326,0.23898999392986298,0.32,69.9,1422.0833333333333,0.000907677776358895,0.14525337655509155,1.1367298364639282,412,276,2,0.22421315511067708,303.006392203437,Vinjamur
943.0,270,0.052000001072883606,0.30550000071525574,0.23319999873638153,0.07069999724626541,0.10400000214576721,0.15039999783039093,0.18060000240802765,0.23149999976158142,0.25964999198913574,0.2757999897003174,0.29464998841285706,0.28780001401901245,300,479.0,0.19023634223226923,103,28_515_shc_2024-25.10761,186,187.3,302.2907424502903,14.85876,79.582821,88.0,0.20858892798423767,0.29422804713249207,0.5,41.5,1422.0833333333333,0.000907677776358895,0.20308787555306806,1.1076867580413818,410,291,2,0.22421315511067708,303.006392203437,Vinjamur
912.0,333,0.055649999529123306,0.25929999351501465,0.19750000536441803,0.06174999848008156,0.09109999984502792,0.10840000212192535,0.15424999594688416,0.20170000195503235,0.217849999666214,0.2485000044107437,0.23925000429153442,0.25200000405311584,318,508.9166666666667,0.24394490693837642,135,28_515_shc_2024-25.17441,183,90.0,302.19219644334584,14.860562,79.407346,151.0,0.23401616513729095,0.3925469219684601,0.22,70.0,1421.1666666666667,0.0008416834470481484,0.24524448807460197,1.043460726737976,414,269,2,0.2502034929063585,302.88737093607585,Duttalur
943.0,270,0.05469999834895134,0.24165000021457672,0.20000000298023224,0.06984999775886536,0.09560000151395798,0.11990000307559967,0.1433500051498413,0.18334999680519104,0.20309999585151672,0.21080000698566437,0.23145000636577606,0.23190000653266907,298,479.0,0.161591383889418,106,28_515_shc_2024-25.2852,183,116.2,302.2907424502903,14.861029,79.572352,88.0,0.19045601785182953,0.27487149834632874,0.27,25.1,1422.0833333333333,0.000907677776358895,0.16413868329559939,1.146347165107727,406,296,1,0.22421315511067708,303.006392203437,Vinjamur
943.0,270,0.0531499981880188,0.30880001187324524,0.22885000705718994,0.07304999977350235,0.10175000131130219,0.14399999380111694,0.1843000054359436,0.2186499983072281,0.2455500066280365,0.25940001010894775,0.28235000371932983,0.28029999136924744,301,479.0,0.18311359414673128,105,28_515_shc_2024-25.10921,183,174.3,302.2907424502903,14.861218,79.582038,113.0,0.16925852000713348,0.28606846928596497,0.41,99.4,1422.0833333333333,0.000907677776358895,0.19160950156358275,1.1904394626617432,407,292,1,0.22421315511067708,303.006392203437,Vinjamur
899.3333333333334,180,0.034949999302625656,0.24770000576972961,0.14845000207424164,0.04340000078082085,0.0689999982714653,0.05570000037550926,0.1164499968290329,0.25029999017715454,0.2971000075340271,0.3043999969959259,0.32409998774528503,0.3176499903202057,357,518.9166666666666,0.4734978255117847,145,28_515_shc_2024-25.8466,180,309.0,302.19219644334584,14.861701,79.365534,138.0,0.4465961754322052,0.690641462802887,0.2,164.0,1418.3333333333333,0.0008416834470481484,0.4337286316366804,0.8137319684028625,383,260,1,0.2502034929063585,302.88737093607585,Somalaregada
943.0,270,0.053449999541044235,0.2282000035047531,0.19290000200271606,0.07090000063180923,0.08935000002384186,0.11590000241994858,0.1362999975681305,0.16134999692440033,0.17624999582767487,0.18060000240802765,0.19370000064373016,0.20250000059604645,298,479.0,0.12032731895369907,109,28_515_shc_2024-25.20559,183,180.8,302.2907424502903,14.862,79.572,100.0,0.13979174196720123,0.21821247041225433,0.37,89.5,1422.0833333333333,0.000907677776358895,0.12184557362693166,1.2635658979415894,406,296,1,0.22421315511067708,303.006392203437,Ravipadu
930.5833333333334,0,0.03674999997019768,0.20194999873638153,0.14794999361038208,0.053950000554323196,0.08515000343322754,0.09719999879598618,0.14000000059604645,0.1777999997138977,0.19050000607967377,0.2037999927997589,0.2101999968290329,0.20839999616146088,315,491.0833333333333,0.1927841494469289,74,28_515_shc_2024-25.22825,180,45.2,302.3625903235542,14.862,79.702,176.0,0.18557298183441162,0.3541528284549713,0.29,159.4,1421.5833333333333,0.0009268078916268191,0.19962545903041493,0.9909225106239319,367,318,0,0.33294024997287325,303.09877501593695,Ravulakollu
925.0833333333334,161,0.04540000110864639,0.34769999980926514,0.25999999046325684,0.06530000269412994,0.09600000083446503,0.14339999854564667,0.1834000051021576,0.2337999939918518,0.2605000138282776,0.23999999463558197,0.2851000130176544,0.2865999937057495,311,502.4166666666667,0.1499394625568801,59,28_515_shc_2024-25.23040,177,64.6,302.3209507836236,14.862,79.758,100.0,0.13367971777915955,0.25195616483688354,0.98,100.5,1427.25,0.0009554048665878649,0.16402535120370648,1.4487500190734863,365,323,3,0.283011966281467,303.0567177242703,Krakuturu
943.0,90,0.0544000007212162,0.23755000531673431,0.19945000112056732,0.07259999960660934,0.09655000269412994,0.13079999387264252,0.1595499962568283,0.1826999932527542,0.19859999418258667,0.20479999482631683,0.2188500016927719,0.23019999265670776,310,479.0,0.12801882733050085,109,28_515_shc_2024-25.20569,174,238.9,302.2907424502903,14.863865,79.574798,188.0,0.12419376522302628,0.22050060331821442,0.19,69.9,1422.0833333333333,0.000907677776358895,0.1328386823022102,1.159912109375,410,280,2,0.22421315511067708,303.006392203437,Ravipadu
943.0,27,0.053449999541044235,0.3234499990940094,0.2462500035762787,0.06859999895095825,0.09884999692440033,0.13099999725818634,0.1712000072002411,0.22055000066757202,0.24664999544620514,0.26739999651908875,0.2892000079154968,0.2879500091075897,275,479.0,0.2215868482847978,107,28_515_shc_2024-25.18349,177,129.1,302.2907424502903,14.865904,79.580472,176.0,0.219334214925766,0.3423694670200348,0.33,17.5,1422.0833333333333,0.000907677776358895,0.22773820159005542,1.2096110582351685,416,309,2,0.22421315511067708,303.006392203437,Katepalle
898.25,134,0.05665000155568123,0.26704999804496765,0.19404999911785126,0.06185000017285347,0.09390000253915787,0.10589999705553055,0.15424999594688416,0.23479999601840973,0.26385000348091125,0.27790001034736633,0.2815000116825104,0.28360000252723694,313,539.0833333333334,0.2966693935772109,9,28_515_shc_2024-25.20243,174,180.0,302.24942843119305,14.868,79.988,138.0,0.2861275374889374,0.448150098323822,0.0,164.0,1437.4166666666667,0.0010499218377364153,0.2919212692653209,0.9609571099281311,350,337,3,0.14475199381510417,303.0208995819092,Musunuru (Part)
898.25,153,0.03970000147819519,0.2285500019788742,0.12530000507831573,0.050200000405311584,0.08990000188350677,0.07349999994039536,0.14730000495910645,0.30044999718666077,0.3596999943256378,0.3693999946117401,0.39750000834465027,0.3899500072002411,319,539.0833333333334,0.5159006842952251,9,28_515_shc_2024-25.20414,177,90.4,302.24942843119305,14.868,79.998,88.0,0.4298432171344757,0.668096661567688,0.31,25.1,1437.4166666666667,0.0010499218377364153,0.4707285974880505,0.6187060475349426,340,341,2,0.14475199381510417,303.0208995819092,Anemadugu
909.75,270,0.05249999836087227,0.26190000772476196,0.18479999899864197,0.05460000038146973,0.0869000032544136,0.08399999886751175,0.13930000364780426,0.24480000138282776,0.2863999903202057,0.29339998960494995,0.29910001158714294,0.29100000858306885,307,510.1666666666667,0.37718854701823185,16,28_515_shc_2024-25.3092,186,406.8,302.2017342037625,14.872,79.898,176.0,0.35613587498664856,0.5548489689826965,0.24,1.1,1420.0833333333333,0.0009985908066002006,0.3579895033427114,0.892638087272644,348,346,2,0.2240605248345269,303.0202268388536,Jaladanki
898.25,0,0.045249998569488525,0.1782499998807907,0.09440000355243683,0.053599998354911804,0.07639999687671661,0.057349998503923416,0.1221499964594841,0.22294999659061432,0.25885000824928284,0.25589999556541443,0.28744998574256897,0.3355500102043152,327,539.0833333333334,0.4143363882289335,10,28_515_shc_2024-25.19904,180,116.2,302.24942843119305,14.872,79.988,138.0,0.35378918051719666,0.6338387727737427,0.74,5.5,1437.4166666666667,0.0010499218377364153,0.36621579804997073,0.6965611577033997,330,342,2,0.14475199381510417,303.0208995819092,Mannangidinne
909.75,314,0.057999998331069946,0.31630000472068787,0.20990000665187836,0.0560000017285347,0.08070000261068344,0.0869000032544136,0.1477999985218048,0.23190000653266907,0.26339998841285706,0.2619999945163727,0.2865999937057495,0.2953999936580658,305,510.1666666666667,0.3210723029254149,18,28_515_shc_2024-25.21338,186,355.1,302.2017342037625,14.875,79.905,176.0,0.2786725163459778,0.5018630027770996,0.47,34.9,1420.0833333333333,0.0009985908066002006,0.30940038589075064,1.2072519063949585,366,329,3,0.2240605248345269,303.0202268388536,Jammalapalem
919.4166666666666,314,0.05404999852180481,0.2815999984741211,0.22050000727176666,0.08410000056028366,0.11259999871253967,0.12280000001192093,0.16584999859333038,0.2676999866962433,0.304749995470047,0.30979999899864197,0.3384000062942505,0.3204500079154968,306,501.75,0.3301903444300782,14,28_515_shc_2024-25.2076,183,148.5,302.2017342037625,14.876282,79.90194,125.0,0.3026385009288788,0.43226999044418335,0.52,137.6,1421.3333333333333,0.0009985908066002006,0.30077203385982904,0.9089735150337219,361,332,1,0.2240605248345269,303.0202268388536,Jaladanki
919.4166666666666,180,0.051600001752376556,0.21570000052452087,0.12229999899864197,0.05900000035762787,0.08889999985694885,0.07890000194311142,0.1459999978542328,0.26269999146461487,0.32269999384880066,0.3255999982357025,0.34459999203681946,0.34689998626708984,305,501.75,0.4546627257297283,17,28_515_shc_2024-25.1716,180,452.0,302.2017342037625,14.878,79.908,263.0,0.38083121180534363,0.6098887324333191,0.36,34.9,1421.3333333333333,0.0009985908066002006,0.4091210551307132,0.6624692678451538,363,332,2,0.2240605248345269,303.0202268388536,Jaladanki
932.9166666666666,180,0.06894999742507935,0.27079999446868896,0.2029000073671341,0.06319999694824219,0.09200000017881393,0.10660000145435333,0.1655000001192093,0.2326499968767166,0.2606000006198883,0.2815999984741211,0.2858999967575073,0.3061000108718872,329,482.0,0.30230789348635373,131,28_515_shc_2024-25.11931,180,97.0,302.19219644334584,14.882,79.428,113.0,0.25967344641685486,0.45079854130744934,0.26,164.0,1414.9166666666667,0.0008416834470481484,0.2955415396878973,0.9616476893424988,386,285,2,0.2502034929063585,302.88737093607585,Narrawada
924.6666666666666,314,0.051600001752376556,0.31964999437332153,0.20784999430179596,0.06360000371932983,0.09459999948740005,0.11999999731779099,0.1678999960422516,0.25029999017715454,0.2852500081062317,0.28679999709129333,0.32199999690055847,0.3054499924182892,307,495.0,0.2725846595745462,28,28_515_shc_2024-25.19351,186,316.4,302.3209507836236,14.882,79.848,100.0,0.2614910900592804,0.41002950072288513,0.75,164.0,1419.8333333333333,0.0009554048665878649,0.2759153078990657,1.1145397424697876,351,342,3,0.283011966281467,303.0567177242703,Annavaram
919.4166666666666,226,0.05849999934434891,0.33239999413490295,0.24809999763965607,0.07800000160932541,0.1136000007390976,0.13500000536441803,0.1818999946117401,0.25699999928474426,0.2888000011444092,0.2971999943256378,0.32280001044273376,0.30059999227523804,305,501.75,0.2663907295728418,12,28_515_shc_2024-25.13638,192,122.7,302.2017342037625,14.882,79.908,163.0,0.24065957963466644,0.3752892017364502,0.52,164.0,1421.3333333333333,0.0009985908066002006,0.2609954768533831,1.118438720703125,364,331,5,0.2240605248345269,303.0202268388536,Jaladanki
919.4166666666666,46,0.06639999896287918,0.30649998784065247,0.23989999294281006,0.11079999804496765,0.1446000039577484,0.17440000176429749,0.18529999256134033,0.2540000081062317,0.2809999883174896,0.29100000858306885,0.3046000003814697,0.32420000433921814,303,501.75,0.19350770744838935,19,28_515_shc_2024-25.19195,177,155.0,302.2017342037625,14.882,79.912,163.0,0.221918985247612,0.2505371868610382,0.16,164.0,1421.3333333333333,0.0009985908066002006,0.1811684362477117,1.0532644987106323,355,342,1,0.2240605248345269,303.0202268388536,Jaladanki
919.4166666666666,180,0.0754999965429306,0.2863999903202057,0.21629999577999115,0.061000000685453415,0.08540000021457672,0.09430000185966492,0.15880000591278076,0.22550000250339508,0.24959999322891235,0.25540000200271606,0.27970001101493835,0.2825999855995178,302,501.75,0.2953362161685774,21,28_515_shc_2024-25.1730,180,148.5,302.2017342037625,14.882706,79.910505,138.0,0.2332206517457962,0.4606805741786957,0.3,116.8,1421.3333333333333,0.0009985908066002006,0.28439449113350224,1.1213781833648682,362,336,3,0.2240605248345269,303.0202268388536,Brahmanakraka
913.0833333333334,90,0.04670000076293945,0.29269999265670776,0.1959500014781952,0.06994999945163727,0.1088000014424324,0.13279999792575836,0.17935000360012054,0.2512499988079071,0.2809999883174896,0.3019999861717224,0.31700000166893005,0.29875001311302185,314,516.6666666666666,0.2687121676877363,13,28_515_shc_2024-25.1484,174,193.0,302.24942843119305,14.884256,79.957311,201.0,0.25480416417121887,0.3891444206237793,1.24,164.0,1429.8333333333333,0.0010499218377364153,0.27150191130349854,0.9692053198814392,329,357,2,0.14475199381510417,303.0208995819092,Budamagunta
919.4166666666666,0,0.07395000010728836,0.2782999873161316,0.20855000615119934,0.07880000025033951,0.10440000146627426,0.125,0.1551000028848648,0.22595000267028809,0.25235000252723694,0.2433999925851822,0.2707499861717224,0.2689499855041504,299,501.75,0.21106673090720507,20,28_515_shc_2024-25.16624,180,174.3,302.2017342037625,14.886735,79.907462,163.0,0.22158090770244598,0.3213897943496704,0.35,99.4,1421.3333333333333,0.0009985908066002006,0.20451403776394245,1.143385410308838,363,338,0,0.2240605248345269,303.0202268388536,Jaladanki
932.9166666666666,0,0.04729999974370003,0.2687000036239624,0.21924999356269836,0.05950000137090683,0.08959999680519104,0.11590000241994858,0.15770000219345093,0.18709999322891235,0.2082500010728836,0.22380000352859497,0.2293500006198883,0.22484999895095825,323,482.0,0.18313588468671294,122,28_515_shc_2024-25.12007,180,148.0,302.19219644334584,14.888,79.428,125.0,0.17326343059539795,0.3176332116127014,0.43,62.0,1414.9166666666667,0.0008416834470481484,0.1927474104041958,1.2006255388259888,412,266,0,0.2502034929063585,302.88737093607585,Narrawada
913.0833333333334,303,0.06650000065565109,0.23874999582767487,0.1701499968767166,0.06360000371932983,0.08815000206232071,0.09804999828338623,0.15330000221729279,0.22030000388622284,0.2500999867916107,0.258899986743927,0.27900001406669617,0.27924999594688416,295,516.6666666666666,0.29347904411842274,16,28_515_shc_2024-25.1260,189,148.0,302.2017342037625,14.888,79.948,151.0,0.25618627667427063,0.4506233334541321,0.1,164.0,1429.8333333333333,0.0009985908066002006,0.2815508336616881,0.9221707582473755,341,363,3,0.2240605248345269,303.0202268388536,Budamagunta
901.3333333333334,244,0.051500000059604645,0.24060000479221344,0.15459999442100525,0.05790000036358833,0.09099999815225601,0.09149999916553497,0.14980000257492065,0.25690001249313354,0.3025999963283539,0.30720001459121704,0.3418000042438507,0.34439998865127563,294,533.3333333333334,0.37923276905911674,7,28_515_shc_2024-25.16156,186,71.0,302.24942843119305,14.888,80.018,100.0,0.3444201350212097,0.5410082936286926,1.49,74.0,1434.9166666666667,0.0010499218377364153,0.36002004916636987,0.783203125,343,363,2,0.14475199381510417,303.0208995819092,Thallapalem
932.9166666666666,153,0.04470000043511391,0.35740000009536743,0.3124000132083893,0.05900000035762787,0.09369999915361404,0.1728000044822693,0.20919999480247498,0.23944999277591705,0.25824999809265137,0.25940001010894775,0.273250013589859,0.272599995136261,316,482.0,0.11679344557280236,127,28_515_shc_2024-25.12223,177,129.0,302.2358433617486,14.892,79.458,151.0,0.10712764412164688,0.2003702074289322,1.11,164.0,1414.9166666666667,0.0008760792813239802,0.13934778631920608,1.377794861793518,411,273,2,0.21583472357855904,302.9486393822564,Narrawada
946.1666666666666,180,0.034299999475479126,0.2966499924659729,0.21940000355243683,0.0414000004529953,0.06019999831914902,0.08020000159740448,0.1472499966621399,0.21044999361038208,0.23765000700950623,0.2492000013589859,0.2646999955177307,0.24085000157356262,285,469.5833333333333,0.2975561639260583,94,28_515_shc_2024-25.18219,180,167.9,302.2907424502903,14.895,79.595,176.0,0.2571572959423065,0.5130540132522583,0.52,42.6,1415.75,0.000907677776358895,0.3056426317081905,1.1904093027114868,402,313,1,0.22421315511067708,303.006392203437,Katepalle
930.3333333333334,46,0.03554999828338623,0.2687999904155731,0.19830000400543213,0.050999999046325684,0.07524999976158142,0.10320000350475311,0.13899999856948853,0.19054999947547913,0.2168000042438507,0.22059999406337738,0.22450000047683716,0.24009999632835388,311,488.8333333333333,0.20139982976499796,48,28_515_shc_2024-25.19553,177,529.5,302.3209507836236,14.895,79.775,226.0,0.2269187867641449,0.3625694513320923,0.22,25.1,1418.9166666666667,0.0009554048665878649,0.21376546049743397,1.2184950113296509,381,308,1,0.283011966281467,303.0567177242703,Kesavaram
947.8333333333334,90,0.07705000042915344,0.31119999289512634,0.2572000026702881,0.10409999638795853,0.14000000059604645,0.17970000207424164,0.19660000503063202,0.23149999976158142,0.25380000472068787,0.26019999384880066,0.27489998936653137,0.271450012922287,307,466.6666666666667,0.12920102405744424,92,28_515_shc_2024-25.22915,177,135.6,302.2907424502903,14.902,79.562,151.0,0.1392294019460678,0.18299612402915955,0.21,85.2,1414.4166666666667,0.000907677776358895,0.1284711013784549,1.1960030794143677,414,279,1,0.22421315511067708,303.006392203437,Gudladona
930.3333333333334,134,0.08139999955892563,0.3484500050544739,0.2924000024795532,0.07900000363588333,0.11209999769926071,0.14869999885559082,0.18655000627040863,0.2337999939918518,0.26144999265670776,0.2662000060081482,0.2908500134944916,0.3034000098705292,302,488.8333333333333,0.18759181503152783,46,28_515_shc_2024-25.2094,177,458.5,302.3209507836236,14.902,79.788,88.0,0.1759248971939087,0.28320077061653137,0.54,42.6,1418.9166666666667,0.0009554048665878649,0.19264401551193122,1.3089781999588013,381,317,1,0.283011966281467,303.0567177242703,Kesavaram
942.5,199,0.07190000265836716,0.296750009059906,0.23784999549388885,0.09794999659061432,0.12229999899864197,0.1485999971628189,0.16775000095367432,0.2253500074148178,0.2558499872684479,0.2587999999523163,0.28084999322891235,0.2846499979496002,314,471.1666666666667,0.19459307115874758,73,28_515_shc_2024-25.23154,183,109.8,302.2907424502903,14.908,79.648,125.0,0.21345679461956024,0.27049583196640015,0.77,22.9,1413.6666666666667,0.000907677776358895,0.1821688392217088,1.1466383934020996,423,263,3,0.22421315511067708,303.006392203437,China Annaluru
932.9166666666666,270,0.04899999871850014,0.28255000710487366,0.19290000200271606,0.05220000073313713,0.07270000129938126,0.08739999681711197,0.14794999361038208,0.2300499975681305,0.2673499882221222,0.243599995970726,0.290149986743927,0.29829999804496765,334,482.0,0.28369052379565085,116,28_515_shc_2024-25.12861,183,39.0,302.19219644334584,14.912,79.418,50.0,0.24428553879261017,0.47190332412719727,0.15,35.0,1414.9166666666667,0.0008416834470481484,0.2819494594029919,1.159893274307251,398,269,1,0.2502034929063585,302.88737093607585,Theddupadu
900.3333333333334,134,0.0888499990105629,0.4411500096321106,0.35835000872612,0.11379999667406082,0.15369999408721924,0.19699999690055847,0.25,0.3082500100135803,0.3495999872684479,0.35359999537467957,0.38065001368522644,0.3760499954223633,292,552.0,0.23274478080041766,9,28_515_shc_2024-25.16116,171,316.4,302.24942843119305,14.912,80.042,88.0,0.17163683474063873,0.2844170033931732,0.36,110.3,1452.0833333333333,0.0010499218377364153,0.22358652145282154,1.2475961446762085,336,372,4,0.14475199381510417,303.0208995819092,Thummalapenta
932.9166666666666,161,0.04309999942779541,0.25804999470710754,0.1995999962091446,0.06419999897480011,0.093299999833107,0.12950000166893005,0.14135000109672546,0.19470000267028809,0.22139999270439148,0.19589999318122864,0.23964999616146088,0.2782500088214874,328,482.0,0.11130479922846076,112,28_515_shc_2024-25.17868,177,52.0,302.19219644334584,14.912415,79.42392,50.0,0.16174942255020142,0.204056516289711,0.14,70.0,1414.9166666666667,0.0008416834470481484,0.12066875198676133,1.3172537088394165,387,286,3,0.2502034929063585,302.88737093607585,Theddupadu
936.6666666666666,0,0.03849999979138374,0.26190000772476196,0.21709999442100525,0.04740000143647194,0.07739999890327454,0.11599999666213989,0.14730000495910645,0.18700000643730164,0.20579999685287476,0.21080000698566437,0.2207999974489212,0.21660000085830688,312,474.4166666666667,0.15277511084068582,60,28_515_shc_2024-25.23107,180,245.4,302.3625903235542,14.915,79.705,100.0,0.17732477188110352,0.29008570313453674,0.54,131.0,1410.9166666666667,0.0009268078916268191,0.17198840693989678,1.2424098253250122,394,293,3,0.33294024997287325,303.09877501593695,China Annaluru
946.1666666666666,270,0.04270000010728836,0.3483000099658966,0.2554500102996826,0.06334999948740005,0.09655000269412994,0.1387999951839447,0.18314999341964722,0.2248000055551529,0.2526000142097473,0.26589998602867126,0.2847999930381775,0.2927500009536743,288,469.5833333333333,0.19571007483426522,89,28_515_shc_2024-25.10278,186,167.9,302.2907424502903,14.915923,79.585342,213.0,0.18427790701389313,0.3140597939491272,0.23,1.1,1415.75,0.000907677776358895,0.2107328288119912,1.3098909854888916,391,321,2,0.22421315511067708,303.006392203437,Gottigundala
953.3333333333334,90,0.04129999876022339,0.2581999897956848,0.19179999828338623,0.05310000106692314,0.08100000023841858,0.09629999846220016,0.1386999934911728,0.20309999585151672,0.22990000247955322,0.24740000069141388,0.2506999969482422,0.2750000059604645,285,461.5833333333333,0.2647254703744918,86,28_515_shc_2024-25.17100,174,155.0,302.2907424502903,14.917177,79.584242,125.0,0.28153330087661743,0.43962758779525757,0.35,164.0,1415.0,0.000907677776358895,0.2686381457522723,1.043653964996338,390,325,2,0.22421315511067708,303.006392203437,Gottigundala
953.8333333333334,0,0.05950000137090683,0.4185999929904938,0.3537999987602234,0.08420000225305557,0.131400004029274,0.21580000221729279,0.2556999921798706,0.28360000252723694,0.3118000030517578,0.3107999861240387,0.3368000090122223,0.3418000042438507,304,457.3333333333333,0.12030796913462317,112,28_515_shc_2024-25.2532,180,122.0,302.2358433617486,14.918,79.472,138.0,0.0972638949751854,0.18040256202220917,1.11,117.0,1411.1666666666667,0.0008760792813239802,0.13880769284865746,1.3468469381332397,402,293,2,0.21583472357855904,302.9486393822564,Kothapeta
905.3333333333334,314,0.09884999692440033,0.44304999709129333,0.3857499957084656,0.12389999628067017,0.16930000483989716,0.21960000693798065,0.26135000586509705,0.3124000132083893,0.335999995470047,0.35040000081062317,0.3716999888420105,0.37770000100135803,293,549.6666666666666,0.18806612305061754,6,28_515_shc_2024-25.16054,183,187.3,302.24942843119305,14.918,80.042,213.0,0.14556598663330078,0.22947366535663605,0.77,47.0,1455.0833333333333,0.0010499218377364153,0.183364476063687,1.2644120454788208,332,374,1,0.14475199381510417,303.0208995819092,Thummalapenta
937.3333333333334,296,0.05040000006556511,0.3736000061035156,0.2903499901294708,0.07455000281333923,0.11129999905824661,0.1665000021457672,0.20980000495910645,0.2540000081062317,0.2748500108718872,0.2815999984741211,0.30239999294281006,0.29155001044273376,339,471.5,0.1671531636828003,110,28_515_shc_2024-25.5490,186,116.0,302.19219644334584,14.92246,79.419639,50.0,0.14611312747001648,0.2568623125553131,0.45,164.0,1408.75,0.0008416834470481484,0.18210103826563498,1.3267046213150024,375,286,2,0.2502034929063585,302.88737093607585,Theddupadu
937.3333333333334,270,0.045899998396635056,0.28644999861717224,0.2016499936580658,0.058400001376867294,0.08865000307559967,0.10209999978542328,0.16204999387264252,0.22699999809265137,0.2512499988079071,0.2662999927997589,0.27630001306533813,0.265749990940094,313,471.5,0.2848913789269513,107,28_515_shc_2024-25.12886,183,58.0,302.19219644334584,14.926259,79.433269,138.0,0.2433757483959198,0.4457111656665802,0.45,62.0,1408.75,0.0008416834470481484,0.2836250479324407,1.0756665468215942,382,306,1,0.2502034929063585,302.88737093607585,Theddupadu
945.1666666666666,0,0.039400000125169754,0.2976999878883362,0.25369998812675476,0.05719999969005585,0.0877000018954277,0.14380000531673431,0.16509999334812164,0.20329999923706055,0.2273000031709671,0.23399999737739563,0.24079999327659607,0.25690001249313354,306,480.0833333333333,0.1352080440572952,61,28_515_shc_2024-25.6312,180,484.3,302.3625903235542,14.928,79.678,151.0,0.1726384460926056,0.2387506365776062,0.18,137.6,1425.25,0.0009268078916268191,0.1541353243059141,1.2722221612930298,392,302,2,0.33294024997287325,303.09877501593695,Settipalem
914.9166666666666,0,0.04205000028014183,0.2816999852657318,0.17835000157356262,0.05245000123977661,0.08229999989271164,0.07909999787807465,0.14190000295639038,0.24060000479221344,0.2782999873161316,0.29010000824928284,0.30640000104904175,0.3147999942302704,310,519.0,0.3846644896205681,15,28_515_shc_2024-25.15891,180,64.0,302.24942843119305,14.928,79.988,138.0,0.3430555462837219,0.5715059638023376,0.53,99.0,1433.9166666666667,0.0010499218377364153,0.36412794906312723,0.9710443615913391,356,333,0,0.14475199381510417,303.0208995819092,Maddurupadu (Part)
953.3333333333334,90,0.054749999195337296,0.31790000200271606,0.24654999375343323,0.07500000298023224,0.10130000114440918,0.13510000705718994,0.18520000576972961,0.2484000027179718,0.29010000824928284,0.28459998965263367,0.31279999017715454,0.2971999943256378,301,461.5833333333333,0.24385069102688428,80,28_515_shc_2024-25.7025,177,187.3,302.2907424502903,14.92869,79.589899,176.0,0.211579367518425,0.3562067747116089,1.3,137.6,1415.0,0.000907677776358895,0.24382948210873936,1.1170064210891724,410,289,1,0.22421315511067708,303.006392203437,Gottigundala
958.0,27,0.04390000179409981,0.3552500009536743,0.2868500053882599,0.06965000182390213,0.10339999943971634,0.17010000348091125,0.20110000669956207,0.2358500063419342,0.2574000060558319,0.27399998903274536,0.27204999327659607,0.2522999942302704,292,470.0833333333333,0.14656714831967277,95,28_515_shc_2024-25.20864,177,174.3,302.2358433617486,14.932,79.548,213.0,0.15344133973121643,0.23395629227161407,0.45,1.1,1428.0833333333333,0.0008760792813239802,0.16507783027600942,1.2965328693389893,403,305,2,0.21583472357855904,302.9486393822564,Thamidapadu
953.3333333333334,296,0.045049998909235,0.19930000603199005,0.11079999804496765,0.04704999923706055,0.07339999824762344,0.06485000252723694,0.11890000104904175,0.2644500136375427,0.3418000042438507,0.35280001163482666,0.38225001096725464,0.33605000376701355,307,461.5833333333333,0.5182592148557673,80,28_515_shc_2024-25.10095,186,187.3,302.2907424502903,14.932973,79.595435,151.0,0.4958660304546356,0.6894528865814209,0.44,157.2,1415.0,0.000907677776358895,0.4706859990143295,0.5649092793464661,400,293,2,0.22421315511067708,303.006392203437,Gottigundala
937.3333333333334,19,0.042500000447034836,0.2508000135421753,0.16290000081062317,0.043299999088048935,0.07159999758005142,0.06620000302791595,0.13130000233650208,0.21449999511241913,0.2540000081062317,0.2766000032424927,0.2793999910354614,0.28780001401901245,315,471.5,0.38990399875601456,100,28_515_shc_2024-25.12949,177,64.0,302.19219644334584,14.933349,79.444278,100.0,0.3562147617340088,0.6137689352035522,0.14,164.0,1408.75,0.0008416834470481484,0.37446606309184843,0.9067245721817017,399,286,3,0.2502034929063585,302.88737093607585,Theddupadu
953.3333333333334,226,0.05950000137090683,0.3490000069141388,0.2844499945640564,0.10930000245571136,0.14350000023841858,0.1881999969482422,0.20329999923706055,0.23774999380111694,0.25929999351501465,0.28540000319480896,0.288349986076355,0.2838500142097473,307,461.5833333333333,0.1523654392110697,80,28_515_shc_2024-25.6937,189,155.0,302.2907424502903,14.933592,79.595534,151.0,0.16799673438072205,0.2052364945411682,0.13,164.0,1415.0,0.000907677776358895,0.14975350179583785,1.222845196723938,400,293,4,0.22421315511067708,303.006392203437,Gottigundala
937.3333333333334,244,0.05094999819993973,0.3736500144004822,0.28529998660087585,0.07109999656677246,0.10130000114440918,0.14900000393390656,0.1894499957561493,0.23479999601840973,0.25780001282691956,0.26460000872612,0.291049987077713,0.2937999963760376,306,471.5,0.1778078577867368,103,28_515_shc_2024-25.21311,186,45.0,302.19219644334584,14.933602,79.449083,188.0,0.16551043093204498,0.27949708700180054,0.22,164.0,1408.75,0.0008416834470481484,0.18979860418724254,1.4121315479278564,396,298,2,0.2502034929063585,302.88737093607585,Thimmapuram
937.3333333333334,270,0.04104999825358391,0.2788499891757965,0.21580000221729279,0.0580499991774559,0.08330000191926956,0.10610000044107437,0.14755000174045563,0.19805000722408295,0.22169999778270721,0.22869999706745148,0.2475000023841858,0.25270000100135803,306,471.5,0.21434689952616018,102,28_515_shc_2024-25.20056,186,109.0,302.19219644334584,14.933771,79.447248,100.0,0.2156810462474823,0.36618876457214355,0.26,129.0,1408.75,0.0008416834470481484,0.22029228017299735,1.219282865524292,396,298,2,0.2502034929063585,302.88737093607585,Thimmapuram
937.3333333333334,134,0.05584999918937683,0.38839998841285706,0.321150004863739,0.07069999724626541,0.10809999704360962,0.15950000286102295,0.23184999823570251,0.3023500144481659,0.3243499994277954,0.31859999895095825,0.34325000643730164,0.3413499891757965,331,471.5,0.22789124350144854,105,28_515_shc_2024-25.5291,177,97.0,302.19219644334584,14.934277,79.418765,163.0,0.1575983315706253,0.3327755630016327,0.39,138.0,1408.75,0.0008416834470481484,0.24399345025333952,1.2190834283828735,394,276,1,0.2502034929063585,302.88737093607585,Theddupadu
937.3333333333334,108,0.05249999836087227,0.3596999943256378,0.2824999988079071,0.07064999639987946,0.10750000178813934,0.15129999816417694,0.20614999532699585,0.29545000195503235,0.32839998602867126,0.32839998602867126,0.3452500104904175,0.34014999866485596,329,471.5,0.25947575587211485,103,28_515_shc_2024-25.13001,171,71.0,302.19219644334584,14.935206,79.417804,151.0,0.2286970317363739,0.36918905377388,0.25,17.0,1408.75,0.0008416834470481484,0.2711544208256819,1.0953105688095093,394,277,3,0.2502034929063585,302.88737093607585,Theddupadu
953.3333333333334,46,0.0723000019788742,0.3947499990463257,0.33550000190734863,0.1428000032901764,0.1729000061750412,0.21150000393390656,0.24034999310970306,0.26910001039505005,0.29374998807907104,0.3084000051021576,0.3171499967575073,0.3240000009536743,306,461.5833333333333,0.16081386236900191,78,28_515_shc_2024-25.7238,177,245.4,302.2907424502903,14.935438,79.590798,326.0,0.1240091323852539,0.186381995677948,0.61,34.9,1415.0,0.000907677776358895,0.14251397241358088,1.2799935340881348,416,278,1,0.22421315511067708,303.006392203437,Gottigundala
937.3333333333334,296,0.04190000146627426,0.2734000086784363,0.1891999989748001,0.05635000020265579,0.08429999649524689,0.08449999988079071,0.1386999934911728,0.2057500034570694,0.23160000145435333,0.2615000009536743,0.258899986743927,0.25440001487731934,340,471.5,0.328782392944028,98,28_515_shc_2024-25.20255,186,148.0,302.19219644334584,14.936978,79.443841,75.0,0.30684658885002136,0.5115606784820557,0.11,164.0,1408.75,0.0008416834470481484,0.3138297888267676,1.0455067157745361,391,269,2,0.2502034929063585,302.88737093607585,Thimmapuram
937.3333333333334,123,0.04010000079870224,0.26589998602867126,0.17229999601840973,0.0608999989926815,0.0872500017285347,0.09619999676942825,0.148049995303154,0.23960000276565552,0.28734999895095825,0.28450000286102295,0.32170000672340393,0.3172999918460846,329,471.5,0.33506531779329607,105,28_515_shc_2024-25.5838,171,122.0,302.19219644334584,14.937738,79.418503,125.0,0.3154548704624176,0.49461519718170166,0.02,70.0,1408.75,0.0008416834470481484,0.3207108087384017,0.9346221089363098,398,273,3,0.2502034929063585,302.88737093607585,Theddupadu
937.3333333333334,270,0.05184999853372574,0.3012000024318695,0.19965000450611115,0.06459999829530716,0.09189999848604202,0.10369999706745148,0.16134999692440033,0.22325000166893005,0.2538999915122986,0.2694000005722046,0.2853499948978424,0.28905001282691956,341,471.5,0.2943998365500085,94,28_515_shc_2024-25.19010,186,64.0,302.19219644334584,14.939257,79.441482,113.0,0.25084155797958374,0.44411686062812805,0.11,27.0,1408.75,0.0008416834470481484,0.2846753017169411,1.1180400848388672,388,272,2,0.2502034929063585,302.88737093607585,Theddupadu
937.3333333333334,270,0.06040000170469284,0.2888999879360199,0.20160000026226044,0.08115000277757645,0.11720000207424164,0.1152999997138977,0.17229999601840973,0.2946999967098236,0.35260000824928284,0.3547999858856201,0.37834998965263367,0.3484500050544739,333,471.5,0.41638413789886575,100,28_515_shc_2024-25.12937,183,97.0,302.19219644334584,14.940017,79.443753,163.0,0.34623411297798157,0.5094660520553589,0.43,164.0,1408.75,0.0008416834470481484,0.37032263126523873,0.8142615556716919,392,276,1,0.2502034929063585,302.88737093607585,Thimmapuram
953.8333333333334,207,0.03970000147819519,0.28870001435279846,0.21080000698566437,0.04309999942779541,0.07199999690055847,0.08739999681711197,0.15549999475479126,0.23420000076293945,0.26010000705718994,0.28360000252723694,0.29019999504089355,0.2655999958515167,309,457.3333333333333,0.33035865858335745,110,28_515_shc_2024-25.20350,183,277.0,302.2358433617486,14.941029,79.459742,138.0,0.29173311591148376,0.528840959072113,0.27,164.0,1411.1666666666667,0.0008760792813239802,0.3378874957367667,1.017983078956604,391,300,2,0.21583472357855904,302.9486393822564,Thimmapuram
937.3333333333334,46,0.04399999976158142,0.3061000108718872,0.20810000598430634,0.058800000697374344,0.08179999887943268,0.10760000348091125,0.14710000157356262,0.18700000643730164,0.21170000731945038,0.2231999933719635,0.24549999833106995,0.2484000027179718,311,471.5,0.20240928204262293,108,28_515_shc_2024-25.20052,177,142.0,302.2358433617486,14.941536,79.455636,100.0,0.2055090218782425,0.3494558334350586,0.04,164.0,1408.75,0.0008760792813239802,0.20871447459488318,1.3714158535003662,391,298,1,0.21583472357855904,302.9486393822564,Thimmapuram
937.3333333333334,108,0.04270000010728836,0.2890999913215637,0.19900000095367432,0.05460000038146973,0.07559999823570251,0.10010000318288803,0.1429000049829483,0.18799999356269836,0.21539999544620514,0.22619999945163727,0.24539999663829803,0.23669999837875366,311,471.5,0.22242996343921867,112,28_515_shc_2024-25.20329,171,161.0,302.2358433617486,14.941705,79.454762,151.0,0.22568407654762268,0.38645416498184204,0.43,164.0,1408.75,0.0008760792813239802,0.22891200992381627,1.278072476387024,391,298,3,0.21583472357855904,302.9486393822564,Thimmapuram
953.3333333333334,296,0.0681999996304512,0.34119999408721924,0.23524999618530273,0.08224999904632568,0.12380000203847885,0.14589999616146088,0.20454999804496765,0.2843500077724457,0.3168500065803528,0.3303999900817871,0.3519499897956848,0.3753499984741211,312,461.5833333333333,0.29029060043073796,74,28_515_shc_2024-25.14226,186,251.8,302.2907424502903,14.942,79.598,163.0,0.235255628824234,0.38736090064048767,0.75,89.5,1415.0,0.000907677776358895,0.2834681909045283,1.0326876640319824,429,259,2,0.22421315511067708,303.006392203437,Challagirigala
906.9166666666666,90,0.04430000111460686,0.09719999879598618,0.06199999898672104,0.049800001084804535,0.07440000027418137,0.06379999965429306,0.0820000022649765,0.07460000365972519,0.08190000057220459,0.07249999791383743,0.07440000027418137,0.23420000076293945,312,529.8333333333334,0.02010537612875342,7,28_515_shc_2024-25.10771,177,83.9,302.24942843119305,14.945,80.025,163.0,-0.06148870289325714,0.06382977217435837,0.1,16.4,1436.6666666666667,0.0010499218377364153,0.020509189751991563,1.3406896591186523,324,364,1,0.14475199381510417,303.0208995819092,Anemadugu
906.9166666666666,270,0.06629999727010727,0.32670000195503235,0.2732999920845032,0.09350000321865082,0.12349999696016312,0.15279999375343323,0.18039999902248383,0.21654999256134033,0.23919999599456787,0.2515000104904175,0.26930001378059387,0.3160499930381775,297,529.8333333333334,0.16819471077472833,14,28_515_shc_2024-25.10778,183,142.1,302.24942843119305,14.947189,80.026144,113.0,0.16462145745754242,0.24412569403648376,0.1,29.5,1436.6666666666667,0.0010499218377364153,0.1637178197618958,1.2990058660507202,335,368,1,0.14475199381510417,303.0208995819092,Anemadugu
959.0,90,0.04309999942779541,0.23100000619888306,0.14585000276565552,0.04659999907016754,0.07270000129938126,0.0734499990940094,0.11559999734163284,0.22930000722408295,0.2699500024318695,0.2619999945163727,0.2937000095844269,0.3156000077724457,305,461.0833333333333,0.34834096211232746,89,28_515_shc_2024-25.4145,177,200.2,302.2358433617486,14.948,79.528,113.0,0.38771185278892517,0.5620808005332947,0.52,89.5,1419.9166666666667,0.0008760792813239802,0.3385301278312563,0.8816794157028198,431,263,1,0.21583472357855904,302.9486393822564,Chakalakonda
928.0833333333334,46,0.049300000071525574,0.2962000072002411,0.21330000460147858,0.05000000074505806,0.07800000160932541,0.0877000018954277,0.15129999816417694,0.24529999494552612,0.2797999978065491,0.29179999232292175,0.3057999908924103,0.33869999647140503,315,494.3333333333333,0.35360358748296006,38,28_515_shc_2024-25.11500,177,406.0,302.2017342037625,14.948,79.912,201.0,0.3170841634273529,0.5378128886222839,1.15,164.0,1422.25,0.0009985908066002006,0.3480954947740848,1.0150789022445679,357,327,1,0.2240605248345269,303.0202268388536,Kothapalle
936.1666666666666,244,0.050450000911951065,0.3239000141620636,0.24079999327659607,0.06949999928474426,0.09425000101327896,0.10480000078678131,0.1676499992609024,0.2325499951839447,0.26190000772476196,0.24809999763965607,0.2827500104904175,0.29704999923706055,305,481.4166666666667,0.264264367713501,53,28_515_shc_2024-25.16230,186,645.7,302.1000035179986,14.952,79.822,163.0,0.19350570440292358,0.4060640335083008,0.61,164.0,1417.5833333333333,0.0010121233782758705,0.25202250636168994,1.305522084236145,382,313,2,0.23484217325846354,302.85833990308976,Chodavaram
914.9166666666666,90,0.057100001722574234,0.2685000002384186,0.21629999577999115,0.11100000143051147,0.14000000059604645,0.17339999973773956,0.1687999963760376,0.22429999709129333,0.2581999897956848,0.27559998631477356,0.2727999985218048,0.26589998602867126,303,519.0,0.1722278199652019,29,28_515_shc_2024-25.15914,177,122.0,302.1399232228597,14.952,79.962,151.0,0.2403240203857422,0.22761690616607666,1.1,164.0,1433.9166666666667,0.0011028023593931539,0.16153844269610781,0.9742380976676941,364,334,1,0.12360560099283854,302.8965180714925,Maddurupadu (Part)
914.9166666666666,270,0.041099999099969864,0.2948000133037567,0.1911499947309494,0.057100001722574234,0.08049999922513962,0.09610000252723694,0.14524999260902405,0.21969999372959137,0.2547999918460846,0.25519999861717224,0.2786499857902527,0.289900004863739,295,519.0,0.2833885433228309,30,28_515_shc_2024-25.16031,183,129.0,302.1399232228597,14.953875,79.963146,38.0,0.2745661437511444,0.45288926362991333,0.6,117.0,1433.9166666666667,0.0011028023593931539,0.2803359495055608,1.1551724672317505,374,331,1,0.12360560099283854,302.8965180714925,Maddurupadu (Part)
936.1666666666666,90,0.03700000047683716,0.22824999690055847,0.12470000237226486,0.04385000094771385,0.07209999859333038,0.06265000253915787,0.133650004863739,0.3019999861717224,0.3590500056743622,0.37560001015663147,0.3891499936580658,0.3479500114917755,315,481.4166666666667,0.5499516801606318,46,28_515_shc_2024-25.13673,177,58.1,302.1000035179986,14.955,79.815,88.0,0.4751104414463043,0.71409010887146,0.66,89.5,1417.5833333333333,0.0010121233782758705,0.5003197496128498,0.6076943278312683,376,309,1,0.23484217325846354,302.85833990308976,Chodavaram
906.9166666666666,165,0.04899999871850014,0.210999995470047,0.1266999989748001,0.03880000114440918,0.0714000016450882,0.04879999905824661,0.12600000202655792,0.2624000012874603,0.3025999963283539,0.298799991607666,0.32829999923706055,0.3255000114440918,315,529.8333333333334,0.48054743368166836,17,28_515_shc_2024-25.11055,177,84.0,302.1399232228597,14.955,80.005,125.0,0.4067796468734741,0.7192174792289734,0.26,164.0,1436.6666666666667,0.0011028023593931539,0.44242566417386614,0.7061579823493958,357,328,4,0.12360560099283854,302.8965180714925,Maddurupadu (Part)
936.1666666666666,270,0.04479999840259552,0.30169999599456787,0.2386000007390976,0.05220000073313713,0.07620000094175339,0.11159999668598175,0.15719999372959137,0.19660000503063202,0.21690000593662262,0.21699999272823334,0.23440000414848328,0.2578999996185303,314,481.4166666666667,0.17624238904469214,50,28_515_shc_2024-25.13177,183,180.8,302.1000035179986,14.958,79.828,151.0,0.15980759263038635,0.3207547068595886,0.21,25.1,1417.5833333333333,0.0010121233782758705,0.19080376066037286,1.3903225660324097,383,303,1,0.23484217325846354,302.85833990308976,Chodavaram
914.9166666666666,325,0.05299999937415123,0.25119999051094055,0.1547500044107437,0.056449998170137405,0.09120000153779984,0.1039000004529953,0.17225000262260437,0.2870999872684479,0.3441999852657318,0.33959999680519104,0.3858500123023987,0.35580000281333923,314,519.0,0.3827230564653772,23,28_515_shc_2024-25.11383,186,64.0,302.1399232228597,14.958,79.962,100.0,0.3269512355327606,0.53145432472229,0.3,164.0,1433.9166666666667,0.0011028023593931539,0.37472177589370526,0.7396937608718872,363,323,3,0.12360560099283854,302.8965180714925,Maddurupadu (Part)
957.4166666666666,0,0.07699999958276749,0.3336000144481659,0.2721000015735626,0.10189999639987946,0.1404000073671341,0.188400000333786,0.21119999885559082,0.2353000044822693,0.2524000108242035,0.2655999958515167,0.2718000113964081,0.2759000062942505,327,465.8333333333333,0.1182779138069637,45,28_515_shc_2024-25.660,180,368.1,302.2888978322347,14.962,79.702,151.0,0.11409395188093185,0.17004404962062836,0.59,52.4,1423.0,0.0009720568366117751,0.12138364123651774,1.2560241222381592,393,280,1,0.23243399726019964,303.0097721947564,Ganugapenta
952.6666666666666,333,0.042100001126527786,0.3122999966144562,0.23935000598430634,0.05689999833703041,0.08510000258684158,0.12470000237226486,0.1680999994277954,0.210999995470047,0.23350000381469727,0.2282000035047531,0.25290000438690186,0.24570000171661377,308,465.25,0.16697318606579428,49,28_515_shc_2024-25.10416,183,361.6,302.2888978322347,14.962,79.718,151.0,0.15165279805660248,0.29328420758247375,1.06,127.8,1418.0833333333333,0.0009720568366117751,0.1820260295802112,1.368536353111267,405,287,2,0.23243399726019964,303.0097721947564,Ganugapenta
947.5833333333334,64,0.04490000009536743,0.32829999923706055,0.24690000712871552,0.061400000005960464,0.0925000011920929,0.11900000274181366,0.1889999955892563,0.25679999589920044,0.2888999879360199,0.290800005197525,0.30889999866485596,0.29989999532699585,286,476.75,0.27811953644425724,48,28_515_shc_2024-25.9937,174,232.5,302.1000035179986,14.962,79.758,38.0,0.2121717631816864,0.4192288815975189,0.52,1.1,1424.3333333333333,0.0010121233782758705,0.28324906730573396,1.128954529762268,418,297,2,0.23484217325846354,302.85833990308976,Satyavolu
932.0,244,0.04235000163316727,0.2623499929904938,0.17560000717639923,0.04769999906420708,0.0734499990940094,0.07514999806880951,0.13089999556541443,0.20190000534057617,0.23399999737739563,0.23989999294281006,0.2581000030040741,0.26080000400543213,322,477.25,0.30897189961147253,111,28_515_shc_2024-25.20658,192,45.0,302.3151239607069,14.965,79.375,188.0,0.29395902156829834,0.5229328870773315,0.46,69.0,1409.25,0.0008700467370064284,0.3032022514401546,1.0935806035995483,411,267,4,0.3264418707953559,303.0194130367703,Alivelumangapuram
947.5833333333334,0,0.048500001430511475,0.2892000079154968,0.2011999934911728,0.05770000070333481,0.08810000121593475,0.09910000115633011,0.155799999833107,0.24879999458789825,0.28744998574256897,0.29319998621940613,0.32010000944137573,0.30399999022483826,283,476.75,0.3334936714881558,45,28_515_shc_2024-25.573,180,426.2,302.1000035179986,14.966161,79.75748,125.0,0.3060133457183838,0.49477437138557434,0.35,164.0,1424.3333333333333,0.0010121233782758705,0.3262915854687942,0.9863575100898743,412,305,3,0.23484217325846354,302.85833990308976,Satyavolu
942.6666666666666,252,0.0357000008225441,0.27559998631477356,0.19155000150203705,0.04764999821782112,0.07320000231266022,0.09030000120401382,0.13830000162124634,0.21044999361038208,0.23385000228881836,0.23810000717639923,0.2542000114917755,0.2542499899864197,311,470.5833333333333,0.25974939471611946,50,28_515_shc_2024-25.2134,189,180.8,302.1000035179986,14.968,79.828,100.0,0.265143483877182,0.4500609040260315,0.31,25.1,1413.1666666666667,0.0010121233782758705,0.2676243441764553,1.1574968099594116,379,309,3,0.23484217325846354,302.85833990308976,Chodavaram
909.5,0,0.05570000037550926,0.3152500092983246,0.227400004863739,0.08420000225305557,0.11999999731779099,0.14800000190734863,0.1569499969482422,0.2381500005722046,0.2700999975204468,0.2718000113964081,0.2953000068664551,0.3255999982357025,315,532.6666666666666,0.20251261042936636,7,28_515_shc_2024-25.18337,180,258.3,302.1399232228597,14.970048,80.042034,151.0,0.2678717374801636,0.29490235447883606,1.07,34.9,1442.0,0.0011028023593931539,0.20189172814489098,1.1598601341247559,334,352,2,0.12360560099283854,302.8965180714925,Chennayapalem
911.5833333333334,314,0.049400001764297485,0.21860000491142273,0.13600000739097595,0.05339999869465828,0.08919999748468399,0.10119999945163727,0.16179999709129333,0.2806999981403351,0.3605000078678131,0.3619999885559082,0.3855000138282776,0.3944999873638153,321,526.6666666666666,0.415630761022274,13,28_515_shc_2024-25.18775,183,187.3,302.1399232228597,14.972,80.008,226.0,0.3822069466114044,0.5630397200584412,0.31,69.9,1438.1666666666667,0.0011028023593931539,0.4061461674907557,0.6038674116134644,336,342,1,0.12360560099283854,302.8965180714925,Rudrakota
932.0,207,0.03720000013709068,0.2809999883174896,0.19474999606609344,0.04755000025033951,0.07460000365972519,0.08160000294446945,0.13930000364780426,0.21125000715255737,0.23925000429153442,0.24480000138282776,0.2705000042915344,0.27570000290870667,336,477.25,0.29612962276912325,125,28_515_shc_2024-25.8139,183,77.5,302.3151239607069,14.975,79.375,314.0,0.27466803789138794,0.5,0.54,79.7,1409.25,0.0008700467370064284,0.2962245841912943,1.1478757858276367,408,255,2,0.3264418707953559,303.0194130367703,Kancheruvu
958.5,207,0.05389999970793724,0.24719999730587006,0.14480000734329224,0.047200001776218414,0.07460000365972519,0.062199998646974564,0.13840000331401825,0.27239999175071716,0.3154999911785126,0.3352000117301941,0.3467000126838684,0.35679998993873596,307,455.5,0.5039131996462218,58,28_515_shc_2024-25.3578,183,116.2,302.2772496117486,14.975,79.645,113.0,0.41554054617881775,0.68696528673172,0.69,17.5,1413.9166666666667,0.0009392856796920689,0.45631826932197195,0.7374701499938965,397,297,2,0.21861775716145834,302.9861122555203,Chinthaladevi
958.5,180,0.04149999842047691,0.2451000064611435,0.147599995136261,0.048500001430511475,0.07800000160932541,0.07919999957084656,0.12800000607967377,0.20149999856948853,0.22859999537467957,0.24539999663829803,0.257099986076355,0.2678000032901764,316,455.5,0.306223973005116,58,28_515_shc_2024-25.6877,180,206.6,302.2772496117486,14.978,79.648,188.0,0.3144081234931946,0.5120148062705994,0.9,34.9,1413.9166666666667,0.0009392856796920689,0.30232839770465736,0.9987775683403015,386,298,2,0.21861775716145834,302.9861122555203,Chinthaladevi
958.5,0,0.046300001442432404,0.2574000060558319,0.17910000681877136,0.0640999972820282,0.09120000153779984,0.10080000013113022,0.14489999413490295,0.21899999678134918,0.2506999969482422,0.24539999663829803,0.2773999869823456,0.29899999499320984,315,455.5,0.2639745785290205,59,28_515_shc_2024-25.15246,180,200.2,302.2772496117486,14.986485,79.647325,226.0,0.2574942409992218,0.417677640914917,0.45,164.0,1413.9166666666667,0.0009392856796920689,0.2563223772025757,1.04889976978302,391,294,0,0.21861775716145834,302.9861122555203,Chinthaladevi
942.6666666666666,134,0.02969999983906746,0.23549999296665192,0.1497499942779541,0.040550000965595245,0.061799999326467514,0.07689999788999557,0.1225999966263771,0.218299999833107,0.25870001316070557,0.2508000135421753,0.28119999170303345,0.2780500054359436,294,470.5833333333333,0.3087548895435779,48,28_515_shc_2024-25.4636,177,413.3,302.1000035179986,14.988,79.818,276.0,0.34333157539367676,0.530668318271637,0.51,17.5,1413.1666666666667,0.0010121233782758705,0.31515044083051336,0.9389951229095459,383,323,1,0.23484217325846354,302.85833990308976,Mutyalapadu
957.4166666666666,15,0.05700000002980232,0.3266499936580658,0.23270000517368317,0.06069999933242798,0.08879999816417694,0.1006999984383583,0.17125000059604645,0.22759999334812164,0.2551000118255615,0.2757999897003174,0.2844499945640564,0.294050008058548,301,465.8333333333333,0.3072468732479238,52,28_515_shc_2024-25.6107,177,297.0,302.2888978322347,14.992,79.688,326.0,0.23386643826961517,0.46507301926612854,0.13,42.6,1423.0,0.0009720568366117751,0.2996577187076737,1.1843727827072144,404,295,4,0.23243399726019964,303.0097721947564,Gudavalluru (Kondapuram)
942.6666666666666,314,0.038100000470876694,0.31474998593330383,0.23119999468326569,0.05220000073313713,0.09040000289678574,0.12870000302791595,0.17219999432563782,0.249099999666214,0.2852500081062317,0.28690001368522644,0.305649995803833,0.2942500114440918,292,470.5833333333333,0.23716719860453703,39,28_515_shc_2024-25.3743,183,348.7,302.1000035179986,14.992,79.812,125.0,0.24983666837215424,0.3806544840335846,0.15,7.6,1413.1666666666667,0.0010121233782758705,0.2591743246552516,1.0970720052719116,385,323,1,0.23484217325846354,302.85833990308976,Mutyalapadu
963.25,180,0.0786999985575676,0.33535000681877136,0.30055001378059387,0.09380000084638596,0.12099999934434891,0.15299999713897705,0.19715000689029694,0.22065000236034393,0.2467000037431717,0.2273000031709671,0.2630999982357025,0.2992999851703644,289,464.3333333333333,0.12883202781302086,70,28_515_shc_2024-25.15267,180,238.9,302.2772496117486,14.998,79.602,113.0,0.07103309035301208,0.1953720897436142,0.39,34.9,1427.6666666666667,0.0009392856796920689,0.12660457685873533,1.47536301612854,424,287,2,0.21861775716145834,302.9861122555203,Thurpuyerraballe
952.6666666666666,270,0.05404999852180481,0.23704999685287476,0.19345000386238098,0.07109999656677246,0.10159999877214432,0.11460000276565552,0.16304999589920044,0.20550000667572021,0.22795000672340393,0.23240000009536743,0.2531000077724457,0.24449999630451202,298,465.25,0.2123670339367153,48,28_515_shc_2024-25.6898,183,432.6,302.2888978322347,14.998,79.728,251.0,0.17536984384059906,0.33948126435279846,0.27,147.4,1418.0833333333333,0.0009720568366117751,0.20861864863955742,1.0200085639953613,389,313,1,0.23243399726019964,303.0097721947564,Parlapalle
942.6666666666666,27,0.045899998396635056,0.27140000462532043,0.2305999994277954,0.05400000140070915,0.07880000025033951,0.12999999523162842,0.15440000593662262,0.18289999663829803,0.2003999948501587,0.1995999962091446,0.2094999998807907,0.21469999849796295,299,470.5833333333333,0.110504259612048,35,28_515_shc_2024-25.12421,177,368.1,302.1000035179986,14.998,79.822,301.0,0.1276835948228836,0.21116505563259125,0.27,1.1,1413.1666666666667,0.0010121233782758705,0.1258437832008194,1.3597195148468018,384,318,2,0.23484217325846354,302.85833990308976,Mutyalapadu
942.3333333333334,116,0.041999999433755875,0.22349999845027924,0.14569999277591705,0.06310000270605087,0.08389999717473984,0.09539999812841415,0.12449999898672104,0.2160000056028366,0.2583000063896179,0.2264000028371811,0.2802000045776367,0.3138999938964844,287,471.25,0.2470672693294956,30,28_515_shc_2024-25.13496,174,213.1,302.1000035179986,14.998,79.838,176.0,0.290396124124527,0.4070851504802704,0.78,137.6,1413.5,0.0010121233782758705,0.23910928064281772,0.9871907830238342,379,334,2,0.23484217325846354,302.85833990308976,Nayudupalem
911.5833333333334,134,0.04645000025629997,0.26965001225471497,0.21870000660419464,0.0934000015258789,0.12460000067949295,0.16060000658035278,0.18299999833106995,0.20200000703334808,0.21040000021457672,0.18569999933242798,0.20374999940395355,0.22599999606609344,297,526.6666666666666,0.043311692914637864,19,28_515_shc_2024-25.13407,174,400.3,302.1399232228597,14.998,80.008,75.0,0.007323029451072216,0.07248048484325409,0.15,17.5,1438.1666666666667,0.0011028023593931539,0.04448775713702758,1.452073335647583,374,329,3,0.12360560099283854,302.8965180714925,Chevuru
909.5,180,0.035599999129772186,0.19945000112056732,0.10745000094175339,0.04670000076293945,0.08635000139474869,0.05714999884366989,0.1449500024318695,0.267300009727478,0.334850013256073,0.33959999680519104,0.37959998846054077,0.35010001063346863,322,532.6666666666666,0.5300243973032482,4,28_515_shc_2024-25.11632,180,142.1,302.1399232228597,14.998,80.042,251.0,0.40171292424201965,0.711909294128418,1.17,78.6,1442.0,0.0011028023593931539,0.4724560903239519,0.5873085856437683,323,355,1,0.12360560099283854,302.8965180714925,Chennayapalem
947.25,0,0.05640000104904175,0.3555999994277954,0.28859999775886536,0.07159999758005142,0.11140000075101852,0.1703999936580658,0.20100000500679016,0.23399999737739563,0.2522999942302704,0.23819999396800995,0.27129998803138733,0.27630001306533813,293,467.5,0.09834068422210826,31,28_515_shc_2024-25.2485,180,413.3,302.1000035179986,15.002,79.822,163.0,0.08469942957162857,0.16593246161937714,0.84,38.2,1414.8333333333333,0.0010121233782758705,0.11193044447494505,1.4928631782531738,400,307,0,0.23484217325846354,302.85833990308976,Mutyalapadu
947.25,180,0.0917000025510788,0.2971999943256378,0.25859999656677246,0.12849999964237213,0.1573999971151352,0.1867000013589859,0.19200000166893005,0.22055000066757202,0.23205000162124634,0.2483000010251999,0.25554999709129333,0.2551499903202057,302,467.5,0.10962804617561926,40,28_515_shc_2024-25.16397,180,167.9,302.1000035179986,15.005,79.815,50.0,0.12786735594272614,0.14160919189453125,0.31,164.0,1414.8333333333333,0.0010121233782758705,0.09882352862428592,1.1969391107559204,394,304,1,0.23484217325846354,302.85833990308976,Chodavaram
947.25,15,0.0502999983727932,0.29714998602867126,0.20045000314712524,0.06404999643564224,0.09234999865293503,0.10130000114440918,0.15620000660419464,0.2438499927520752,0.26969999074935913,0.27810001373291016,0.3003000020980835,0.2974500060081482,315,467.5,0.3144732513378199,29,28_515_shc_2024-25.3899,177,413.3,302.1000035179986,15.008,79.822,125.0,0.2806815505027771,0.46599894762039185,0.15,18.6,1414.8333333333333,0.0010121233782758705,0.3015692681330557,1.0685003995895386,382,302,4,0.23484217325846354,302.85833990308976,Chinapavani
940.0833333333334,180,0.041600000113248825,0.335999995470047,0.23810000717639923,0.05139999836683273,0.08139999955892563,0.10920000076293945,0.16940000653266907,0.24279999732971191,0.2720000147819519,0.28119999170303345,0.287200003862381,0.26589998602867126,311,479.5,0.27725834998090193,40,28_515_shc_2024-25.19540,180,419.7,302.20212482876246,15.012,79.902,226.0,0.24811358749866486,0.4405737519264221,0.29,134.3,1419.5,0.0010552428419056841,0.2897573995880291,1.1948790550231934,372,317,1,0.2240517086452908,302.9676280975342,Ammavari Palem
926.75,153,0.05310000106692314,0.28519999980926514,0.1940000057220459,0.06610000133514404,0.09610000252723694,0.11800000071525574,0.1551000028848648,0.19439999759197235,0.20430000126361847,0.18240000307559967,0.21230000257492065,0.21979999542236328,280,502.5,0.11544115455947274,23,28_515_shc_2024-25.1708,177,413.3,302.1399232228597,15.012,79.998,163.0,0.08088888972997665,0.21438083052635193,0.2,99.4,1429.4166666666667,0.0011028023593931539,0.12068965902423645,1.563596487045288,387,333,2,0.12360560099283854,302.8965180714925,Chevuru
955.3333333333334,180,0.0560000017285347,0.23899999260902405,0.15800000727176666,0.04740000143647194,0.07500000298023224,0.07580000162124634,0.12559999525547028,0.2240999937057495,0.2590999901294708,0.290800005197525,0.28949999809265137,0.2939000129699707,312,456.5833333333333,0.3866628352891735,45,28_515_shc_2024-25.6513,180,200.2,302.2888978322347,15.022,79.722,213.0,0.39673393964767456,0.5864702463150024,0.17,25.1,1411.9166666666667,0.0009720568366117751,0.3721440143397797,0.8218706846237183,401,287,3,0.23243399726019964,303.0097721947564,Nekunampeta
949.3333333333334,296,0.04430000111460686,0.2694999873638153,0.15569999814033508,0.05119999870657921,0.08070000261068344,0.08079999685287476,0.15230000019073486,0.23729999363422394,0.2736000120639801,0.2687999904155731,0.3125,0.3285999894142151,296,466.0,0.34316588080226057,34,28_515_shc_2024-25.3213,186,361.6,302.1000035179986,15.022,79.782,75.0,0.2766563594341278,0.5377574563026428,1.14,116.8,1415.5,0.0010121233782758705,0.33192089756346016,1.0026041269302368,399,306,2,0.23484217325846354,302.85833990308976,Bhimavarappadu
947.25,180,0.061400000005960464,0.30649998784065247,0.23225000500679016,0.07599999755620956,0.10360000282526016,0.13429999351501465,0.17579999566078186,0.22095000743865967,0.25084999203681946,0.2678999900817871,0.27869999408721924,0.2863500118255615,297,467.5,0.22211877248885176,32,28_515_shc_2024-25.5406,180,497.2,302.1000035179986,15.022,79.808,201.0,0.20757268369197845,0.33217304944992065,0.26,17.5,1414.8333333333333,0.0010121233782758705,0.2221236959584324,1.1440836191177368,377,327,2,0.23484217325846354,302.85833990308976,Mutyalapadu
944.9166666666666,0,0.06270000338554382,0.3479500114917755,0.28290000557899475,0.10215000063180923,0.14010000228881836,0.19280000030994415,0.22595000267028809,0.2736999988555908,0.2946000099182129,0.29350000619888306,0.3118000030517578,0.27239999175071716,311,471.3333333333333,0.14947972403466253,32,28_515_shc_2024-25.19387,180,400.3,302.20212482876246,15.022,79.858,113.0,0.13004139065742493,0.20707383751869202,0.27,127.8,1416.25,0.0010552428419056841,0.15314813731784813,1.1855195760726929,361,329,3,0.2240517086452908,302.9676280975342,Chinala Trapi
944.9166666666666,180,0.03970000147819519,0.3167000114917755,0.23420000076293945,0.054999999701976776,0.08579999953508377,0.1128000020980835,0.1565999984741211,0.22269999980926514,0.24950000643730164,0.24799999594688416,0.267300009727478,0.25780001282691956,310,471.3333333333333,0.22350061642185742,39,28_515_shc_2024-25.19470,180,439.1,302.20212482876246,15.022,79.868,176.0,0.22590212523937225,0.37472280859947205,0.16,69.9,1416.25,0.0010552428419056841,0.23559478535524678,1.2770161628723145,385,305,2,0.2240517086452908,302.9676280975342,Chinala Trapi
955.3333333333334,134,0.0551999993622303,0.2361000031232834,0.1420000046491623,0.045499999076128006,0.066600002348423,0.05510000139474869,0.12039999663829803,0.24210000038146973,0.2858999967575073,0.2971999943256378,0.31290000677108765,0.3061999976634979,314,456.5833333333333,0.47044419400727405,47,28_515_shc_2024-25.18020,177,226.0,302.2888978322347,15.022921,79.721964,213.0,0.42337164282798767,0.6871984004974365,0.18,34.9,1411.9166666666667,0.0009720568366117751,0.4260823550625384,0.7944145798683167,389,297,1,0.23243399726019964,303.0097721947564,Nekunampeta
959.9166666666666,325,0.03824999928474426,0.3032500147819519,0.22505000233650208,0.07050000131130219,0.11479999870061874,0.1459999978542328,0.1855500042438507,0.2371000051498413,0.2612999975681305,0.27880001068115234,0.2859500050544739,0.3273000121116638,280,443.4166666666667,0.20417578458421917,61,28_515_shc_2024-25.14322,186,122.7,302.2772496117486,15.025,79.585,188.0,0.20081835985183716,0.3126177191734314,0.4,164.0,1403.4166666666667,0.0009392856796920689,0.2153979426923388,1.0876972675323486,411,309,3,0.21861775716145834,302.9861122555203,Iskadamerla
916.75,296,0.07339999824762344,0.11670000106096268,0.09070000052452087,0.11020000278949738,0.21040000021457672,0.2919999957084656,0.2994000017642975,0.2354000061750412,0.2401999980211258,0.2223999947309494,0.1979999989271164,0.17509999871253967,288,521.25,-0.081009361074247,7,28_515_shc_2024-25.13228,186,96.8,302.1399232228597,15.025,80.025,88.0,-0.14756612479686737,-0.13530327379703522,0.15,17.5,1437.9166666666667,0.0011028023593931539,-0.10291798348800316,0.5247302055358887,367,345,2,0.12360560099283854,302.8965180714925,Ravur
947.25,72,0.056299999356269836,0.3248000144958496,0.22759999334812164,0.06719999760389328,0.10300000011920929,0.1136000007390976,0.17839999496936798,0.25060001015663147,0.29499998688697815,0.3100000023841858,0.3336000144481659,0.2919999957084656,278,467.5,0.330061841846349,31,28_515_shc_2024-25.9076,171,535.9,302.1000035179986,15.028,79.808,301.0,0.2694512903690338,0.46364495158195496,0.39,1.1,1414.8333333333333,0.0010121233782758705,0.31896925235101875,1.0477420091629028,366,356,3,0.23484217325846354,302.85833990308976,Mutyalapadu
944.9166666666666,180,0.04349999874830246,0.2538999915122986,0.1485999971628189,0.050700001418590546,0.07919999957084656,0.0722000002861023,0.1429000049829483,0.2840000092983246,0.3305000066757202,0.33239999413490295,0.361299991607666,0.3547999858856201,297,471.3333333333333,0.46955642369492245,29,28_515_shc_2024-25.19473,180,142.1,302.20212482876246,15.032,79.852,88.0,0.39869552850723267,0.6431043148040771,0.29,114.6,1416.25,0.0010552428419056841,0.4314614118730068,0.7638387084007263,370,333,1,0.2240517086452908,302.9676280975342,Chinala Trapi
955.3333333333334,333,0.05350000038743019,0.2614000141620636,0.22179999947547913,0.06885000318288803,0.08685000240802765,0.11410000175237656,0.13895000517368317,0.16920000314712524,0.19130000472068787,0.1972000002861023,0.21435000002384186,0.21889999508857727,293,456.5833333333333,0.15215042812539542,49,28_515_shc_2024-25.7239,186,155.6,302.2888978322347,15.03213,79.712426,163.0,0.17328572273254395,0.2669450640678406,0.38,7.6,1411.9166666666667,0.0009720568366117751,0.15364229938049062,1.325557827949524,375,333,4,0.23243399726019964,303.0097721947564,Nekunampeta
955.3333333333334,27,0.06360000371932983,0.27549999952316284,0.24584999680519104,0.0824500024318695,0.11169999837875366,0.14489999413490295,0.17135000228881836,0.18619999289512634,0.20354999601840973,0.21480000019073486,0.22920000553131104,0.22464999556541443,293,456.5833333333333,0.11921615573926835,50,28_515_shc_2024-25.5967,177,226.0,302.2888978322347,15.034682,79.717137,75.0,0.11252103745937347,0.19432862102985382,0.33,164.0,1411.9166666666667,0.0009720568366117751,0.12196116060928192,1.2825884819030762,373,335,2,0.23243399726019964,303.0097721947564,Nekunampeta
959.9166666666666,244,0.04569999873638153,0.33340001106262207,0.21950000524520874,0.06030000001192093,0.08940000087022781,0.1120000034570694,0.16760000586509705,0.22280000150203705,0.25459998846054077,0.2653999924659729,0.2874999940395355,0.29660001397132874,282,443.4166666666667,0.25822305432759995,58,28_515_shc_2024-25.10420,186,297.0,302.2772496117486,15.035,79.595,163.0,0.22586601972579956,0.4064652621746063,0.46,1.1,1403.4166666666667,0.0009392856796920689,0.2622520909306427,1.256217122077942,407,311,2,0.21861775716145834,302.9861122555203,Iskadamerla
955.3333333333334,180,0.04975000023841858,0.2280000001192093,0.16725000739097595,0.06624999642372131,0.10260000079870224,0.13519999384880066,0.16404999792575836,0.2146500051021576,0.24484999477863312,0.23229999840259552,0.26225000619888306,0.3010999858379364,317,456.5833333333333,0.15695466788530618,39,28_515_shc_2024-25.17214,180,167.9,302.2888978322347,15.035,79.745,163.0,0.17219629883766174,0.26421770453453064,0.23,25.1,1411.9166666666667,0.0009720568366117751,0.16789626297596993,0.9814894795417786,357,326,3,0.23243399726019964,303.0097721947564,Saipeta
944.3333333333334,27,0.046950001269578934,0.2802000045776367,0.2046000063419342,0.055799998342990875,0.0856499969959259,0.10999999940395355,0.1547500044107437,0.20520000159740448,0.23104999959468842,0.24120000004768372,0.2562499940395355,0.27000001072883606,344,464.6666666666667,0.22121804791307204,109,28_515_shc_2024-25.2948,177,71.0,302.3151239607069,15.038,79.418,251.0,0.21833562850952148,0.3735763132572174,0.08,41.0,1408.9166666666667,0.0008700467370064284,0.23120300880213623,1.1616915464401245,403,253,2,0.3264418707953559,303.0194130367703,Damancherla
957.3333333333334,0,0.04574999958276749,0.34150001406669617,0.2590999901294708,0.06994999945163727,0.10760000348091125,0.15600000321865082,0.19930000603199005,0.24889999628067017,0.27140000462532043,0.2842000126838684,0.29840001463890076,0.2884500026702881,332,456.6666666666667,0.18902143334135307,88,28_515_shc_2024-25.10988,180,381.0,302.13151393466524,15.038,79.492,176.0,0.17559462785720825,0.29123127460479736,0.21,33.8,1414.0833333333333,0.0009053181852448707,0.20453096250294492,1.2016185522079468,398,270,1,0.22016160753038194,302.82660162183976,Turpurompidodla
949.3333333333334,0,0.0515500009059906,0.20550000667572021,0.14059999585151672,0.06800000369548798,0.10570000112056732,0.09709999710321426,0.16044999659061432,0.21709999442100525,0.23714999854564667,0.2393999993801117,0.2519499957561493,0.25519999861717224,310,466.0,0.27115092842102606,41,28_515_shc_2024-25.3247,180,271.2,302.1000035179986,15.038,79.752,113.0,0.19744905829429626,0.422882616519928,0.15,164.0,1415.5,0.0010121233782758705,0.2551703578155375,0.8583959937095642,374,316,0,0.23484217325846354,302.85833990308976,Saipeta
954.5,27,0.04780000075697899,0.22059999406337738,0.12700000405311584,0.04479999840259552,0.06665000319480896,0.04904999956488609,0.11195000261068344,0.2362000048160553,0.27094998955726624,0.2928999960422516,0.29774999618530273,0.2959499955177307,321,452.25,0.4872322478871989,46,28_515_shc_2024-25.1621,177,206.6,302.2888978322347,15.042,79.718,188.0,0.4469556510448456,0.713115930557251,0.19,52.4,1406.6666666666667,0.0009720568366117751,0.434437907980847,0.7531580924987793,384,295,2,0.23243399726019964,303.0097721947564,Racheruvurajupalem
957.8333333333334,348,0.0478999987244606,0.3626999855041504,0.29670000076293945,0.0674000009894371,0.10499999672174454,0.1648000031709671,0.2126999944448471,0.25850000977516174,0.2815000116825104,0.2784000039100647,0.302700012922287,0.29319998621940613,293,450.3333333333333,0.16120792379326146,51,28_515_shc_2024-25.20290,183,445.5,302.2888978322347,15.044387,79.671132,151.0,0.1337813287973404,0.256317675113678,0.29,27.3,1408.0833333333333,0.0009720568366117751,0.18066157742724342,1.3028016090393066,404,303,5,0.23243399726019964,303.0097721947564,Narasimhapuram
925.5833333333334,180,0.05900000035762787,0.3493500053882599,0.24525000154972076,0.06610000133514404,0.10329999774694443,0.12680000066757202,0.18115000426769257,0.24799999594688416,0.27959999442100525,0.2964000105857849,0.3140000104904175,0.30550000071525574,353,478.5,0.27154249162798,108,28_515_shc_2024-25.18854,180,83.0,302.3151239607069,15.045,79.405,163.0,0.24133598804473877,0.4007561504840851,0.08,229.0,1404.0833333333333,0.0008700467370064284,0.2755632709882014,1.1786437034606934,411,236,1,0.3264418707953559,303.0194130367703,Vempadu
958.4166666666666,0,0.05909999832510948,0.35530000925064087,0.2653999924659729,0.0674000009894371,0.09939999878406525,0.11819999665021896,0.19529999792575836,0.2667999863624573,0.29589998722076416,0.30219998955726624,0.32910001277923584,0.31679999828338623,294,448.4166666666667,0.3054651662552277,56,28_515_shc_2024-25.3613,180,187.3,302.2772496117486,15.048,79.648,113.0,0.21487435698509216,0.43767839670181274,0.19,164.0,1406.75,0.0009392856796920689,0.2998696148376,1.1757115125656128,401,305,4,0.21861775716145834,302.9861122555203,Veligandla
957.8333333333334,90,0.041600000113248825,0.34380000829696655,0.2694000005722046,0.05820000171661377,0.10480000078678131,0.1469999998807907,0.20589999854564667,0.2572999894618988,0.26899999380111694,0.26899999380111694,0.2849999964237213,0.29499998688697815,298,450.3333333333333,0.1778944230511067,51,28_515_shc_2024-25.20323,177,439.1,302.2550328148736,15.052,79.668,176.0,0.13287006318569183,0.29326921701431274,0.21,69.9,1408.0833333333333,0.0009952078426698405,0.1997816508108387,1.2780669927597046,399,303,1,0.2542404598659939,302.98416998121473,Racheruvurajupalem
915.6666666666666,19,0.0357000008225441,0.1492999941110611,0.07954999804496765,0.039000000804662704,0.06064999848604202,0.04439999908208847,0.0856499969959259,0.2179500013589859,0.29600000381469727,0.30300000309944153,0.3174999952316284,0.3156000077724457,311,539.1666666666666,0.5063043420143388,8,28_515_shc_2024-25.2878,177,226.0,302.13380343119303,15.052,80.042,125.0,0.5592435598373413,0.7443868517875671,0.26,25.1,1454.75,0.001120662115097954,0.4577531331454182,0.4927392601966858,356,333,3,0.32459903293185766,302.9024425506592,Ramayapatnam
958.4166666666666,270,0.050599999725818634,0.21449999511241913,0.12639999389648438,0.05260000005364418,0.07580000162124634,0.0737999975681305,0.1282999962568283,0.24210000038146973,0.29440000653266907,0.29319998621940613,0.3240000009536743,0.32760000228881836,288,448.4166666666667,0.408870654784265,53,28_515_shc_2024-25.5641,183,129.1,302.2550328148736,15.058,79.662,113.0,0.391221821308136,0.5978201627731323,0.27,34.9,1406.75,0.0009952078426698405,0.37958476255007784,0.7315825819969177,408,304,1,0.2542404598659939,302.98416998121473,Racheruvurajupalem
957.8333333333334,333,0.03350000083446503,0.2590999901294708,0.20250000059604645,0.044199999421834946,0.0803999975323677,0.0949999988079071,0.15680000185966492,0.23839999735355377,0.27070000767707825,0.2702000141143799,0.28850001096725464,0.271699994802475,283,450.3333333333333,0.2903161894254471,57,28_515_shc_2024-25.20326,183,458.5,302.2550328148736,15.062,79.668,100.0,0.26557379961013794,0.47973716259002686,0.17,164.0,1408.0833333333333,0.0009952078426698405,0.30374482089069743,0.9589192271232605,411,305,2,0.2542404598659939,302.98416998121473,Racheruvurajupalem
918.75,108,0.05404999852180481,0.20059999823570251,0.16075000166893005,0.0681999996304512,0.08205000311136246,0.09629999846220016,0.1326500028371811,0.15389999747276306,0.16660000383853912,0.14190000295639038,0.17329999804496765,0.2017499953508377,308,514.9166666666666,0.0943552487713996,17,28_515_shc_2024-25.16508,171,64.6,302.13380343119303,15.062,80.002,213.0,0.03369149565696716,0.1914357841014862,0.51,157.2,1433.6666666666667,0.001120662115097954,0.09265782526394176,1.413671612739563,358,335,3,0.32459903293185766,302.9024425506592,Mocherla
918.75,19,0.040699999779462814,0.20640000700950623,0.11230000108480453,0.046549998223781586,0.07540000230073929,0.056699998676776886,0.13625000417232513,0.27869999408721924,0.34929999709129333,0.3131999969482422,0.3756999969482422,0.4153999984264374,311,514.9166666666666,0.49165244640344,15,28_515_shc_2024-25.2147,177,232.5,302.13380343119303,15.065,80.005,163.0,0.3937034010887146,0.6934306621551514,0.71,99.4,1433.6666666666667,0.001120662115097954,0.44229221674010577,0.6590038537979126,353,336,3,0.32459903293185766,302.9024425506592,Mocherla
954.5,153,0.057100001722574234,0.3102000057697296,0.25279998779296875,0.10220000147819519,0.13019999861717224,0.15320000052452087,0.1987999975681305,0.2728999853134155,0.3018999993801117,0.2651999890804291,0.32350000739097595,0.32030001282691956,286,452.25,0.1974751217391466,47,28_515_shc_2024-25.13018,174,142.0,302.2550328148736,15.067255,79.719653,163.0,0.1431034356355667,0.2676863968372345,0.26,34.9,1406.6666666666667,0.0009952078426698405,0.1829268126474256,1.1696833372116089,409,305,4,0.2542404598659939,302.98416998121473,Cheemalapenta
936.0,90,0.05550000071525574,0.13950000703334808,0.09309999644756317,0.07800000160932541,0.14239999651908875,0.19629999995231628,0.19715000689029694,0.1628500074148178,0.17155000567436218,0.13770000636577606,0.14630000293254852,0.17045000195503235,307,487.0833333333333,-0.08465760443425148,24,28_515_shc_2024-25.19218,177,432.6,302.1669848548041,15.072,79.928,289.0,-0.17754217982292175,-0.17544907331466675,0.23,89.5,1423.0833333333333,0.0010784428723960263,-0.10539567111979706,1.013071894645691,372,321,1,0.22406879001193578,302.9601411183675,Swarnajipuram
913.0833333333334,0,0.04600000008940697,0.2833000123500824,0.16619999706745148,0.06279999762773514,0.10109999775886536,0.1143999993801117,0.1696999967098236,0.30230000615119934,0.37119999527931213,0.3928000032901764,0.42570000886917114,0.4172999858856201,284,506.3333333333333,0.43278199369533654,6,28_515_shc_2024-25.1970,180,251.8,302.13380343119303,15.085403,80.029993,176.0,0.3966222405433655,0.5488958954811096,0.75,16.4,1419.5,0.001120662115097954,0.4146147783538088,0.7212321758270264,363,353,2,0.32459903293185766,302.9024425506592,Chaki Cherla
913.0833333333334,226,0.04740000143647194,0.32260000705718994,0.22139999270439148,0.0689999982714653,0.10819999873638153,0.12600000202655792,0.1826999932527542,0.2962999939918518,0.3628999888896942,0.36079999804496765,0.38679999113082886,0.39250001311302185,284,506.3333333333333,0.36703556652436997,5,28_515_shc_2024-25.11309,183,83.9,302.13380343119303,15.088,80.032,113.0,0.32769089937210083,0.48233360052108765,0.19,22.9,1419.5,0.001120662115097954,0.3569112221342585,0.8941242098808289,363,353,1,0.32459903293185766,302.9024425506592,Chaki Cherla
905.8333333333334,256,0.053199999034404755,0.3617999851703644,0.2815000116825104,0.09220000356435776,0.12240000069141388,0.15539999306201935,0.18780000507831573,0.2502000033855438,0.27900001406669617,0.2808000147342682,0.30660000443458557,0.3084000051021576,321,517.5833333333334,0.20601962622638637,8,28_515_shc_2024-25.18940,192,148.5,302.13380343119303,15.088,80.042,125.0,0.19846351444721222,0.2874828577041626,0.51,8.7,1423.5,0.001120662115097954,0.20091864018580832,1.288461446762085,339,340,4,0.32459903293185766,302.9024425506592,Chaki Cherla
913.0833333333334,333,0.05380000174045563,0.3797999918460846,0.298799991607666,0.07540000230073929,0.1088000014424324,0.13899999856948853,0.18629999458789825,0.23639999330043793,0.2599000036716461,0.26460000872612,0.2827000021934509,0.31049999594688416,291,506.3333333333333,0.20481379485777407,10,28_515_shc_2024-25.18942,183,51.7,302.13380343119303,15.089427,80.03966,100.0,0.17365272343158722,0.31119921803474426,0.23,5.5,1419.5,0.001120662115097954,0.2084993511662434,1.4353740215301514,364,346,2,0.32459903293185766,302.9024425506592,Chaki Cherla
913.0833333333334,134,0.05820000171661377,0.3605000078678131,0.27390000224113464,0.08820000290870667,0.12600000202655792,0.16060000658035278,0.210099995136261,0.2971999943256378,0.3490999937057495,0.35440000891685486,0.3831999897956848,0.3903000056743622,282,506.3333333333333,0.29248415216779505,5,28_515_shc_2024-25.11307,177,645.2,302.13380343119303,15.089472,80.030427,138.0,0.2556244730949402,0.37631067633628845,0.54,16.4,1419.5,0.001120662115097954,0.2864039399667899,1.017212152481079,364,354,1,0.32459903293185766,302.9024425506592,Chaki Cherla
913.0833333333334,0,0.044199999421834946,0.21719999611377716,0.12189999967813492,0.06300000101327896,0.09560000151395798,0.08699999749660492,0.16609999537467957,0.2939000129699707,0.3725999891757965,0.38760000467300415,0.4050000011920929,0.4075999855995178,268,506.3333333333333,0.522928138143461,5,28_515_shc_2024-25.11416,180,64.6,302.13380343119303,15.091276,80.02795,88.0,0.40003612637519836,0.6333754658699036,0.41,27.3,1419.5,0.001120662115097954,0.4626513541563988,0.5603715181350708,379,353,0,0.32459903293185766,302.9024425506592,Chaki Cherla
955.5833333333334,0,0.052949998527765274,0.3481999933719635,0.265749990940094,0.08184999972581863,0.12080000340938568,0.1662999987602234,0.19339999556541443,0.25769999623298645,0.28125,0.28940001130104065,0.3041999936103821,0.3091999888420105,273,445.1666666666667,0.18391527662796897,54,28_515_shc_2024-25.20914,180,100.3,302.2550328148736,15.092826,79.714941,125.0,0.19884012639522552,0.2701338827610016,0.24,1.1,1400.6666666666667,0.0009952078426698405,0.19320918370544865,1.203178882598877,392,335,2,0.2542404598659939,302.98416998121473,Mukteswaram
955.5833333333334,237,0.05660000070929527,0.296999990940094,0.20409999787807465,0.054499998688697815,0.0803999975323677,0.09260000288486481,0.1509999930858612,0.23849999904632568,0.265500009059906,0.2777999937534332,0.29980000853538513,0.3098999857902527,303,445.1666666666667,0.32499208253250644,58,28_515_shc_2024-25.20904,189,341.7,302.2550328148736,15.095407,79.712649,176.0,0.29570895433425903,0.4999999701976776,0.57,1.1,1400.6666666666667,0.0009952078426698405,0.31916358843725356,1.0691144466400146,372,325,3,0.2542404598659939,302.98416998121473,Thimmareddy Palem
955.5833333333334,237,0.05660000070929527,0.296999990940094,0.20409999787807465,0.054499998688697815,0.0803999975323677,0.09260000288486481,0.1509999930858612,0.23849999904632568,0.265500009059906,0.2777999937534332,0.29980000853538513,0.3098999857902527,303,445.1666666666667,0.32499208253250644,58,28_515_shc_2024-25.12543,189,374.5,302.2550328148736,15.095407,79.712649,138.0,0.29570895433425903,0.4999999701976776,0.66,62.2,1400.6666666666667,0.0009952078426698405,0.31916358843725356,1.0691144466400146,372,325,3,0.2542404598659939,302.98416998121473,Lingasamudram
947.1666666666666,0,0.04430000111460686,0.2515999972820282,0.18979999423027039,0.05640000104904175,0.0868000015616417,0.08619999885559082,0.14429999887943268,0.23170000314712524,0.262800008058548,0.2651999890804291,0.274399995803833,0.2888000011444092,331,460.3333333333333,0.32918933647717075,21,28_515_shc_2024-25.3142,180,155.0,302.1669848548041,15.098,79.872,38.0,0.29523807764053345,0.5093910098075867,0.41,89.5,1407.4166666666667,0.0010784428723960263,0.3153629188886415,0.9487179517745972,363,306,1,0.22406879001193578,302.9601411183675,Gundlapalem
951.25,278,0.04969999939203262,0.2308499962091446,0.18234999477863312,0.06894999742507935,0.10010000318288803,0.11010000109672546,0.1543000042438507,0.20399999618530273,0.22609999775886536,0.23250000178813934,0.24879999458789825,0.27024999260902405,309,455.0833333333333,0.22238775818801448,30,28_515_shc_2024-25.402,201,329.3,302.1876228756375,15.108,79.792,251.0,0.20217165350914001,0.35726794600486755,0.44,116.8,1406.5,0.001035779501360818,0.21789698600583607,0.9929031729698181,356,334,7,0.21825472513834634,302.9240462832981,Veera Raghavuni Kota
935.0,90,0.032249998301267624,0.2667999863624573,0.20069999992847443,0.039650000631809235,0.06305000185966492,0.07750000059604645,0.13785000145435333,0.2029000073671341,0.23080000281333923,0.2393999993801117,0.25369998812675476,0.2529500126838684,283,479.1666666666667,0.28766368577163254,27,28_515_shc_2024-25.11133,177,64.6,302.1669848548041,15.108,79.928,163.0,0.2691848874092102,0.5108867287635803,0.47,16.4,1414.0833333333333,0.0010784428723960263,0.29728240688356666,1.1144527196884155,391,326,1,0.22406879001193578,302.9601411183675,Baddepudi
955.5833333333334,0,0.06840000301599503,0.30390000343322754,0.27140000462532043,0.155799999833107,0.19480000436306,0.2443999946117401,0.2094999998807907,0.2475000023841858,0.26669999957084656,0.30640000104904175,0.28209999203681946,0.27559998631477356,307,445.1666666666667,0.09661535809667723,55,28_515_shc_2024-25.907,180,129.1,302.2550328148736,15.108434,79.713158,138.0,0.18782709538936615,0.11256355792284012,0.32,34.9,1400.6666666666667,0.0009952078426698405,0.08850400650931733,0.9918407201766968,380,313,0,0.2542404598659939,302.98416998121473,Pentrala
953.3333333333334,64,0.04944999888539314,0.24944999814033508,0.18449999392032623,0.06745000183582306,0.10180000215768814,0.1274999976158142,0.16304999589920044,0.22609999775886536,0.24574999511241913,0.24699999392032623,0.2545500099658966,0.25815001130104065,325,454.5,0.19835670846433615,36,28_515_shc_2024-25.3735,174,503.7,302.1876228756375,15.109717,79.788493,213.0,0.20473113656044006,0.31909212470054626,0.43,17.5,1407.8333333333333,0.001035779501360818,0.20497426665710858,1.0099190473556519,358,317,2,0.21825472513834634,302.9240462832981,Veera Raghavuni Kota
955.5833333333334,76,0.05050000175833702,0.27489998936653137,0.19709999859333038,0.06989999860525131,0.10204999893903732,0.11559999734163284,0.1559000015258789,0.24345000088214874,0.26934999227523804,0.2840000092983246,0.29945001006126404,0.2992500066757202,297,445.1666666666667,0.2896755969232678,54,28_515_shc_2024-25.17874,168,471.4,302.2550328148736,15.111875,79.716724,176.0,0.2912025451660156,0.42142143845558167,0.15,164.0,1400.6666666666667,0.0009952078426698405,0.2807914807365431,0.9679576754570007,386,317,4,0.2542404598659939,302.98416998121473,Vengalapuram
953.3333333333334,314,0.052400000393390656,0.24070000648498535,0.19670000672340393,0.07440000027418137,0.1103999987244606,0.13279999792575836,0.17010000348091125,0.2142000049352646,0.2328999936580658,0.24079999327659607,0.25220000743865967,0.2547000050544739,324,454.5,0.18248174658712382,35,28_515_shc_2024-25.3701,183,400.3,302.1876228756375,15.112,79.788,213.0,0.17206130921840668,0.2890792191028595,0.4,17.5,1407.8333333333333,0.001035779501360818,0.1854395543242766,0.9995847940444946,363,313,1,0.21825472513834634,302.9240462832981,Veera Raghavuni Kota
955.5833333333334,314,0.046149998903274536,0.2662999927997589,0.1753000020980835,0.05844999849796295,0.09000000357627869,0.09849999845027924,0.14264999330043793,0.24844999611377716,0.2842499911785126,0.3003000020980835,0.3169499933719635,0.30774998664855957,312,445.1666666666667,0.3472305918805207,50,28_515_shc_2024-25.17885,186,361.6,302.2550328148736,15.114088,79.719399,176.0,0.3559092581272125,0.5060180425643921,0.23,164.0,1400.6666666666667,0.0009952078426698405,0.33678238238432073,0.8867798447608948,385,304,3,0.2542404598659939,302.98416998121473,Vengalapuram
953.3333333333334,153,0.04800000041723251,0.22384999692440033,0.17229999601840973,0.06849999725818634,0.09984999895095825,0.10980000346899033,0.15240000188350677,0.1996999979019165,0.21435000002384186,0.20469999313354492,0.2308499962091446,0.2172500044107437,321,454.5,0.17577326771273163,34,28_515_shc_2024-25.4589,177,355.1,302.1876228756375,15.114391,79.775228,188.0,0.14645755290985107,0.30174878239631653,0.52,116.8,1407.8333333333333,0.001035779501360818,0.1747697791167662,1.093551516532898,343,336,2,0.21825472513834634,302.9240462832981,Veera Raghavuni Kota
913.0833333333334,270,0.062199998646974564,0.3735499978065491,0.2992500066757202,0.07270000129938126,0.10170000046491623,0.11940000206232071,0.21244999766349792,0.27810001373291016,0.3104499876499176,0.3003000020980835,0.34165000915527344,0.3046000003814697,278,506.3333333333333,0.30734989203620383,9,28_515_shc_2024-25.8114,189,406.8,302.13380343119303,15.115,80.035,88.0,0.17133106291294098,0.43102216720581055,0.37,3.3,1419.5,0.001120662115097954,0.29504186020022916,1.2439227104187012,367,354,3,0.32459903293185766,302.9024425506592,Karedu
956.9166666666666,79,0.03999999910593033,0.23270000517368317,0.14219999313354492,0.0560000017285347,0.07159999758005142,0.08240000158548355,0.11379999667406082,0.20319999754428864,0.23669999837875366,0.2345999926328659,0.262800008058548,0.2791999876499176,314,437.9166666666667,0.2906798936310937,62,28_515_shc_2024-25.17936,165,452.0,302.2550328148736,15.118,79.702,125.0,0.3467279076576233,0.48012617230415344,0.17,7.6,1395.0833333333333,0.0009952078426698405,0.2794369500448964,0.991901159286499,391,295,5,0.2542404598659939,302.98416998121473,Vengalapuram
942.5,27,0.08950000256299973,0.489300012588501,0.47279998660087585,0.1395999938249588,0.19979999959468842,0.2750000059604645,0.3188000023365021,0.3321000039577484,0.35280001163482666,0.3391999900341034,0.3614000082015991,0.3287999927997589,313,469.1666666666667,0.08263822172025537,15,28_515_shc_2024-25.13332,177,148.5,302.1669848548041,15.118,79.888,75.0,0.031003020703792572,0.10452618449926376,0.2,164.0,1411.6666666666667,0.0010784428723960263,0.08642970423321368,1.4425119161605835,366,321,2,0.22406879001193578,302.9601411183675,Gundlapalem
935.0,207,0.03060000017285347,0.19480000436306,0.11479999870061874,0.03550000116229057,0.05979999899864197,0.05209999904036522,0.10740000009536743,0.20630000531673431,0.2298000007867813,0.2558000087738037,0.25600001215934753,0.274399995803833,303,479.1666666666667,0.3910839968999257,31,28_515_shc_2024-25.2831,186,38.7,302.1669848548041,15.125,79.945,238.0,0.40859031677246094,0.6615784764289856,0.52,25.1,1414.0833333333333,0.0010784428723960263,0.3782027622785214,0.7615324258804321,357,340,4,0.22406879001193578,302.9601411183675,Baddepudi
932.6666666666666,123,0.030300000682473183,0.19005000591278076,0.11460000276565552,0.041999999433755875,0.06599999964237213,0.06414999812841415,0.10849999636411667,0.2170500010251999,0.25200000405311584,0.22429999709129333,0.26750001311302185,0.2712000012397766,285,479.5,0.30936099557039753,26,28_515_shc_2024-25.8332,171,180.8,302.13380343119303,15.130206,79.95269,188.0,0.34795674681663513,0.5552088618278503,0.14,10.9,1412.25,0.001120662115097954,0.3046800683629636,0.8473027348518372,359,356,3,0.32459903293185766,302.9024425506592,Bheemavaram
932.6666666666666,90,0.06015000119805336,0.28345000743865967,0.20055000483989716,0.04975000023841858,0.07980000227689743,0.0791499987244606,0.16744999587535858,0.2467000037431717,0.27309998869895935,0.29330000281333923,0.28929999470710754,0.27149999141693115,277,479.5,0.3837607388604747,23,28_515_shc_2024-25.10962,177,51.7,302.13380343119303,15.132,79.958,188.0,0.27314162254333496,0.5749765038490295,0.18,14.2,1412.25,0.001120662115097954,0.3681872950508563,0.9664166569709778,363,360,1,0.32459903293185766,302.9024425506592,Veerepalle
924.0,314,0.05195000022649765,0.1991499960422516,0.11514999717473984,0.04879999905824661,0.07970000058412552,0.07129999995231628,0.11999999731779099,0.2280000001192093,0.2619999945163727,0.28209999203681946,0.283050000667572,0.22585000097751617,267,491.3333333333333,0.3921422581117573,15,28_515_shc_2024-25.1955,186,103.3,302.13380343119303,15.133865,79.963692,75.0,0.4031335413455963,0.5964912176132202,0.31,229.0,1415.3333333333333,0.001120662115097954,0.3705179178520313,0.7059553265571594,366,367,3,0.32459903293185766,302.9024425506592,Bheemavaram
924.0,0,0.0544000007212162,0.30820000171661377,0.2365500032901764,0.08384999632835388,0.11900000274181366,0.15919999778270721,0.18524999916553497,0.2345000058412552,0.25920000672340393,0.26109999418258667,0.28450000286102295,0.25949999690055847,279,491.3333333333333,0.16048001615765822,21,28_515_shc_2024-25.5525,180,477.8,302.13380343119303,15.13494,79.960072,201.0,0.16993390023708344,0.24244587123394012,0.19,7.6,1415.3333333333333,0.001120662115097954,0.16608714107821423,1.18039071559906,369,352,1,0.32459903293185766,302.9024425506592,Madanagopalapuram
932.6666666666666,12,0.04349999874830246,0.2674500048160553,0.16355000436306,0.05104999989271164,0.07739999890327454,0.0803999975323677,0.13625000417232513,0.24320000410079956,0.2811500132083893,0.27140000462532043,0.31084999442100525,0.30254998803138733,283,479.5,0.3483049918835994,23,28_515_shc_2024-25.7925,177,25.8,302.13380343119303,15.135141,79.956606,125.0,0.33153438568115234,0.5429221391677856,0.33,5.5,1412.25,0.001120662115097954,0.33634657186393296,0.9854458570480347,360,357,5,0.32459903293185766,302.9024425506592,Bheemavaram
913.0833333333334,46,0.030400000512599945,0.16220000386238098,0.08789999783039093,0.03959999978542328,0.0697999969124794,0.051100000739097595,0.11330000311136246,0.22910000383853912,0.26980000734329224,0.26100000739097595,0.2937000095844269,0.2842000126838684,287,502.5833333333333,0.41299386988916253,14,28_515_shc_2024-25.18263,174,109.8,302.13380343119303,15.142,80.008,113.0,0.39460325241088867,0.6725408434867859,0.15,10.9,1415.8333333333333,0.001120662115097954,0.3876985676958498,0.6214559078216553,360,353,3,0.32459903293185766,302.9024425506592,K.Rajupalem
913.0833333333334,0,0.03889999911189079,0.18459999561309814,0.10980000346899033,0.03680000081658363,0.06419999897480011,0.03909999877214432,0.11490000039339066,0.23559999465942383,0.2833000123500824,0.28459998965263367,0.30550000071525574,0.289900004863739,285,502.5833333333333,0.49368564106349333,18,28_515_shc_2024-25.8094,180,45.2,302.13380343119303,15.143821,80.005442,188.0,0.4247809648513794,0.7584182620048523,0.49,31.7,1415.8333333333333,0.001120662115097954,0.4470680969960501,0.6486296653747559,344,372,4,0.32459903293185766,302.9024425506592,K.Rajupalem
959.25,180,0.041999999433755875,0.3264000117778778,0.257999986410141,0.05420000106096268,0.09030000120401382,0.13699999451637268,0.18320000171661377,0.2126999944448471,0.2313999980688095,0.23600000143051147,0.2524999976158142,0.26260000467300415,324,447.0,0.14986377426233527,39,28_515_shc_2024-25.3045,180,645.7,302.1876228756375,15.148,79.782,63.0,0.12595419585704803,0.26541557908058167,0.69,34.9,1406.3333333333333,0.001035779501360818,0.17010310545321394,1.3830509185791016,364,312,2,0.21825472513834634,302.9240462832981,Kondasamudram
956.3333333333334,161,0.04365000128746033,0.21924999356269836,0.1599999964237213,0.05350000038743019,0.09220000356435776,0.09444999694824219,0.14624999463558197,0.19709999859333038,0.22095000743865967,0.22310000658035278,0.2350499927997589,0.2409999966621399,299,445.5,0.2316265366535912,27,28_515_shc_2024-25.919,177,329.3,302.1876228756375,15.148,79.818,163.0,0.20806826651096344,0.40513306856155396,0.26,1.1,1401.9166666666667,0.001035779501360818,0.23604062579080684,0.9827430844306946,344,356,3,0.21825472513834634,302.9240462832981,Sakhavaram
959.25,0,0.06539999693632126,0.28790000081062317,0.25154998898506165,0.10939999669790268,0.1412000060081482,0.17139999568462372,0.19869999587535858,0.23755000531673431,0.25885000824928284,0.2476000040769577,0.27524998784065247,0.2567499876022339,319,447.0,0.13088287227390877,38,28_515_shc_2024-25.4802,180,116.2,302.28922335306805,15.152,79.778,188.0,0.10956757515668869,0.18186159431934357,0.45,1.1,1406.3333333333333,0.0010415982056074648,0.12437433364325803,1.1627625226974487,362,319,1,0.31043243408203125,303.0658431582981,Veera Raghavuni Kota
959.25,336,0.04259999841451645,0.20720000565052032,0.12439999729394913,0.04540000110864639,0.06340000033378601,0.06759999692440033,0.11349999904632568,0.22390000522136688,0.2635999917984009,0.27559998631477356,0.29739999771118164,0.28279998898506165,317,447.0,0.3878570814993484,40,28_515_shc_2024-25.17768,189,645.7,302.28922335306805,15.152,79.782,88.0,0.41660240292549133,0.6060606241226196,0.29,62.2,1406.3333333333333,0.0010415982056074648,0.37001896381331045,0.7518143057823181,363,320,7,0.31043243408203125,303.0658431582981,Kondasamudram
936.25,296,0.06324999779462814,0.2703000009059906,0.18440000712871552,0.061500001698732376,0.08649999648332596,0.09650000184774399,0.1581999957561493,0.25885000824928284,0.2980499863624573,0.3041999936103821,0.32100000977516174,0.3021000027656555,342,472.4166666666667,0.36516753918483347,18,28_515_shc_2024-25.2652,186,419.7,302.2725838131375,15.162,79.892,138.0,0.31574395298957825,0.518342912197113,0.2,69.9,1408.5833333333333,0.0010840338359355902,0.3458976231986017,0.8885601758956909,336,323,2,0.30141783820258244,303.03600374857587,Mopadu
932.6666666666666,199,0.04309999942779541,0.21449999511241913,0.14810000360012054,0.05779999867081642,0.09080000221729279,0.10360000282526016,0.14740000665187836,0.1979999989271164,0.2152000069618225,0.21240000426769257,0.22450000047683716,0.2337999939918518,301,479.5,0.1942163495528998,13,28_515_shc_2024-25.4408,183,484.3,302.2725838131375,15.162,79.942,163.0,0.18065591156482697,0.34430378675460815,0.15,89.5,1412.25,0.0010840338359355902,0.20000000091306133,1.0098869800567627,355,344,3,0.30141783820258244,303.03600374857587,Donda Padu
924.0,134,0.03905000165104866,0.25475001335144043,0.17149999737739563,0.048700001090765,0.07999999821186066,0.062150001525878906,0.14865000545978546,0.3040499985218048,0.35815000534057617,0.38499999046325684,0.3813000023365021,0.313400000333786,287,491.3333333333333,0.579560533734795,15,28_515_shc_2024-25.8293,177,471.4,301.9462600284153,15.162735,79.975129,251.0,0.44289326667785645,0.722017228603363,0.15,5.5,1415.3333333333333,0.0011397961244583932,0.5112970358464848,0.6616883873939514,343,371,1,0.2722399393717448,302.8551497989231,Kollurupadu
924.0,134,0.04814999923110008,0.27015000581741333,0.1911499947309494,0.06084999814629555,0.09115000069141388,0.10189999639987946,0.16169999539852142,0.2754499912261963,0.296099990606308,0.3082999885082245,0.32829999923706055,0.31470000743865967,314,491.3333333333333,0.35262158921467923,11,28_515_shc_2024-25.10692,177,71.0,301.9462600284153,15.164408,79.967001,314.0,0.3119148910045624,0.5031691789627075,0.58,16.4,1415.3333333333333,0.0011397961244583932,0.34014501570638406,0.8762569427490234,343,342,1,0.2722399393717448,302.8551497989231,Atmakur
957.25,270,0.06639999896287918,0.30790001153945923,0.23989999294281006,0.0771000012755394,0.10145000368356705,0.11860000342130661,0.17475000023841858,0.23774999380111694,0.26124998927116394,0.2556000053882599,0.2915000021457672,0.28734999895095825,319,445.5833333333333,0.2465891507151161,62,28_515_shc_2024-25.2687,183,213.1,302.2056458791097,15.165,79.725,251.0,0.1878703534603119,0.36611437797546387,0.45,1.1,1402.75,0.001006577160905506,0.235072066894929,1.204616665840149,390,292,1,0.30403065151638453,302.9349946339925,Ayyavaripalle
947.0833333333334,270,0.048500001430511475,0.1987999975681305,0.1467999964952469,0.06279999762773514,0.09679999947547913,0.09939999878406525,0.15000000596046448,0.21170000731945038,0.2305999994277954,0.23479999601840973,0.2418999969959259,0.25130000710487366,308,458.6666666666667,0.248860455421694,22,28_515_shc_2024-25.9105,183,309.9,302.2725838131375,15.165,79.855,88.0,0.220374196767807,0.40514662861824036,0.74,100.5,1405.8333333333333,0.0010840338359355902,0.24346679107760905,0.8466780185699463,344,348,1,0.30141783820258244,303.03600374857587,Singamnenipalle
924.0,116,0.06449999660253525,0.30300000309944153,0.2734000086784363,0.10459999740123749,0.13179999589920044,0.16580000519752502,0.19130000472068787,0.21739999949932098,0.23600000143051147,0.24040000140666962,0.2540000081062317,0.26269999146461487,314,491.3333333333333,0.12855861572151542,14,28_515_shc_2024-25.8433,174,64.6,301.9462600284153,15.165288,79.966784,125.0,0.11373638361692429,0.1836533546447754,0.4,48.0,1415.3333333333333,0.0011397961244583932,0.12348266773142057,1.260399341583252,343,342,2,0.2722399393717448,302.8551497989231,Atmakur
924.0,237,0.04780000075697899,0.2496500015258789,0.1765500009059906,0.053050000220537186,0.07204999774694443,0.07150000333786011,0.13175000250339508,0.22734999656677246,0.26409998536109924,0.26269999146461487,0.2865000069141388,0.29249998927116394,301,491.3333333333333,0.3694471560546128,15,28_515_shc_2024-25.1410,189,83.9,301.9462600284153,15.165909,79.966458,88.0,0.33198121190071106,0.572112500667572,0.31,6.6,1415.3333333333333,0.0011397961244583932,0.34380242624916546,0.9503235816955566,344,355,3,0.2722399393717448,302.8551497989231,Atmakur
954.3333333333334,46,0.06310000270605087,0.2761000096797943,0.21105000376701355,0.066600002348423,0.10095000267028809,0.09939999878406525,0.17419999837875366,0.21979999542236328,0.2492000013589859,0.2240000069141388,0.26965001225471497,0.2565000057220459,324,449.25,0.23582407795348154,56,28_515_shc_2024-25.17727,174,568.2,302.2056458791097,15.168,79.732,75.0,0.12506280839443207,0.38528141379356384,0.21,82.2,1403.5,0.001006577160905506,0.2269856824164435,1.2325892448425293,390,286,3,0.30403065151638453,302.9349946339925,Voletivaripalem
959.0833333333334,244,0.0466499999165535,0.2282000035047531,0.16384999454021454,0.051899999380111694,0.07769999653100967,0.09149999916553497,0.15520000457763672,0.2227499932050705,0.25314998626708984,0.265500009059906,0.2770499885082245,0.26954999566078186,336,447.5,0.3052096278406655,39,28_515_shc_2024-25.4815,192,135.6,302.28922335306805,15.172,79.772,163.0,0.2621820867061615,0.4873949885368347,0.75,42.6,1406.6666666666667,0.0010415982056074648,0.3045507728547166,0.8595103621482849,361,303,4,0.31043243408203125,303.0658431582981,Sameerapalem
959.0833333333334,0,0.043299999088048935,0.2113499939441681,0.16814999282360077,0.05844999849796295,0.09049999713897705,0.10170000046491623,0.15360000729560852,0.17544999718666077,0.19155000150203705,0.19920000433921814,0.21649999916553497,0.22669999301433563,329,447.5,0.1777866971175197,37,28_515_shc_2024-25.1186,180,426.2,302.28922335306805,15.172,79.788,251.0,0.12925168871879578,0.3240279257297516,0.75,1.1,1406.6666666666667,0.0010415982056074648,0.18260707321036826,1.0609939098358154,355,317,1,0.31043243408203125,303.0658431582981,Sameerapalem
953.1666666666666,108,0.046799998730421066,0.24529999494552612,0.20260000228881836,0.06620000302791595,0.09719999879598618,0.12020000070333481,0.15360000729560852,0.1914999932050705,0.21040000021457672,0.21899999678134918,0.23270000517368317,0.23929999768733978,326,444.0833333333333,0.1710881719948881,35,28_515_shc_2024-25.9519,171,232.5,302.28922335306805,15.172,79.792,138.0,0.1755233258008957,0.2912735641002655,0.66,34.9,1397.3333333333333,0.0010415982056074648,0.17659675233700928,1.1200913190841675,345,329,3,0.31043243408203125,303.0658431582981,Sameerapalem
939.6666666666666,180,0.042399998754262924,0.05130000039935112,0.039400000125169754,0.05420000106096268,0.06639999896287918,0.06340000033378601,0.07660000026226044,0.06650000065565109,0.06689999997615814,0.06840000301599503,0.06459999829530716,0.07259999960660934,322,463.25,0.01199271490047322,16,28_515_shc_2024-25.4918,180,135.6,302.2725838131375,15.178,79.892,151.0,-0.056551702320575714,0.03793628513813019,0.4,62.2,1402.9166666666667,0.0010840338359355902,0.01187085150925731,0.75,362,316,2,0.30141783820258244,303.03600374857587,Mopadu
919.5833333333334,226,0.031599998474121094,0.17955000698566437,0.10419999808073044,0.035349998623132706,0.05779999867081642,0.04450000077486038,0.10135000199079514,0.21629999577999115,0.2648000121116638,0.27129998803138733,0.28760001063346863,0.28630000352859497,295,488.9166666666667,0.445343308502088,16,28_515_shc_2024-25.1281,186,64.6,301.9462600284153,15.178,79.982,125.0,0.45605793595314026,0.7181760668754578,0.25,81.9,1408.5833333333333,0.0011397961244583932,0.4170139563039241,0.6618135571479797,332,373,3,0.2722399393717448,302.8551497989231,Atmakur
912.0833333333334,134,0.04899999871850014,0.2930000126361847,0.22714999318122864,0.07209999859333038,0.10649999976158142,0.1266999989748001,0.1758500039577484,0.23544999957084656,0.2659499943256378,0.26080000400543213,0.2838999927043915,0.27605000138282776,268,509.5,0.22648202038383206,12,28_515_shc_2024-25.11189,177,103.3,301.9462600284153,15.178,80.022,151.0,0.19454941153526306,0.3460645377635956,0.15,3.3,1421.6666666666667,0.0011397961244583932,0.22664789506533484,1.1234662532806396,374,358,1,0.2722399393717448,302.8551497989231,Karedu
919.5833333333334,180,0.0786999985575676,0.3131999969482422,0.24799999594688416,0.10379999876022339,0.1356000006198883,0.1599999964237213,0.186599999666214,0.24320000410079956,0.26930001378059387,0.2930000126361847,0.29750001430511475,0.28839999437332153,290,488.9166666666667,0.22550019696414486,12,28_515_shc_2024-25.7750,180,90.4,301.9462600284153,15.17898,79.97861,125.0,0.22185155749320984,0.2935982644557953,0.39,57.9,1408.5833333333333,0.0011397961244583932,0.20933895322361368,1.0689419507980347,336,375,1,0.2722399393717448,302.8551497989231,Atmakur
919.5833333333334,134,0.07460000365972519,0.3046000003814697,0.2596000134944916,0.09120000153779984,0.11659999936819077,0.147599995136261,0.17030000686645508,0.20509999990463257,0.22699999809265137,0.23440000414848328,0.25099998712539673,0.25699999928474426,290,488.9166666666667,0.15111422566602895,16,28_515_shc_2024-25.7654,174,161.4,301.9462600284153,15.179923,79.977763,125.0,0.1583889126777649,0.2272251546382904,0.25,31.7,1408.5833333333333,0.0011397961244583932,0.1476190630656676,1.2994880676269531,337,373,3,0.2722399393717448,302.8551497989231,Atmakur
919.5833333333334,226,0.05950000137090683,0.30410000681877136,0.24140000343322754,0.08340000361204147,0.10620000213384628,0.12639999389648438,0.15379999577999115,0.2053000032901764,0.23549999296665192,0.25200000405311584,0.274399995803833,0.2777999937534332,290,488.9166666666667,0.22673120002742014,16,28_515_shc_2024-25.7674,183,71.0,301.9462600284153,15.180091,79.977611,125.0,0.24199114739894867,0.3319239318370819,0.52,22.9,1408.5833333333333,0.0011397961244583932,0.2144808921615651,1.206745982170105,337,373,1,0.2722399393717448,302.8551497989231,Atmakur
953.1666666666666,72,0.035599999129772186,0.2547000050544739,0.15880000591278076,0.04800000041723251,0.07100000232458115,0.0843999981880188,0.1356000006198883,0.22750000655651093,0.25870001316070557,0.27559998631477356,0.28790000081062317,0.265500009059906,322,444.0833333333333,0.3361462585257049,33,28_515_shc_2024-25.9734,171,613.4,302.28922335306805,15.182,79.812,176.0,0.3404669165611267,0.5311111211776733,0.54,116.8,1397.3333333333333,0.0010415982056074648,0.3334883573933377,0.9241655468940735,400,278,3,0.31043243408203125,303.0658431582981,Nekunampuram @ Pokur
946.9166666666666,116,0.03344999998807907,0.21754999458789825,0.12264999747276306,0.041600000113248825,0.0632999986410141,0.06920000165700912,0.12575000524520874,0.2176000028848648,0.26054999232292175,0.26899999380111694,0.288100004196167,0.2689000070095062,312,451.75,0.3640139770491793,23,28_515_shc_2024-25.4882,174,452.0,302.28922335306805,15.182,79.842,75.0,0.3628878891468048,0.590774655342102,0.55,164.0,1398.75,0.0010415982056074648,0.3575518848009035,0.8087360858917236,374,314,2,0.31043243408203125,303.0658431582981,Nekunampuram @ Pokur
959.0833333333334,345,0.04574999958276749,0.20970000326633453,0.16985000669956207,0.059700001031160355,0.09080000221729279,0.10350000113248825,0.13944999873638153,0.1740500032901764,0.19169999659061432,0.19280000030994415,0.20890000462532043,0.2094999998807907,334,447.5,0.16342739873826556,46,28_515_shc_2024-25.4835,183,161.4,302.28922335306805,15.188,79.768,176.0,0.1605718582868576,0.30138373374938965,0.64,79.7,1406.6666666666667,0.0010415982056074648,0.16821549481796355,1.0876556634902954,363,303,4,0.31043243408203125,303.0658431582981,East Polineni Palem
946.9166666666666,270,0.0478999987244606,0.24719999730587006,0.1679999977350235,0.04969999939203262,0.07400000095367432,0.07020000368356705,0.13660000264644623,0.21969999372959137,0.2547000050544739,0.25119999051094055,0.2757999897003174,0.27480000257492065,303,451.75,0.34817063139276994,23,28_515_shc_2024-25.13036,183,400.3,302.28922335306805,15.188,79.838,213.0,0.2955131232738495,0.5631611347198486,0.49,69.9,1398.75,0.0010415982056074648,0.3305332142195865,0.9840764403343201,378,319,1,0.31043243408203125,303.0658431582981,Nekunampuram @ Pokur
946.9166666666666,270,0.041850000619888306,0.23270000517368317,0.15399999916553497,0.04895000159740448,0.07535000145435333,0.07705000042915344,0.13715000450611115,0.25929999351501465,0.30219998955726624,0.30079999566078186,0.3241499960422516,0.3046500086784363,308,451.75,0.4007055954345184,25,28_515_shc_2024-25.467,186,142.1,302.28922335306805,15.188,79.842,188.0,0.3736727833747864,0.5921661853790283,0.67,132.1,1398.75,0.0010415982056074648,0.3823261312779661,0.7736037373542786,380,312,2,0.31043243408203125,303.0658431582981,Nekunampuram @ Pokur
939.6666666666666,38,0.043150000274181366,0.11699999868869781,0.0754999965429306,0.04410000145435333,0.06289999932050705,0.05860000103712082,0.09594999998807907,0.11389999836683273,0.12200000137090683,0.16740000247955322,0.12330000102519989,0.18850000202655792,316,463.25,0.22890806152822085,20,28_515_shc_2024-25.9081,171,497.2,302.2725838131375,15.188,79.892,176.0,0.2713119387626648,0.48141592741012573,0.31,127.8,1402.9166666666667,0.0010840338359355902,0.2247933903211068,0.698924720287323,355,329,5,0.30141783820258244,303.03600374857587,Kondamudusu Palem
953.1666666666666,296,0.04390000179409981,0.2909500002861023,0.21674999594688416,0.05220000073313713,0.07615000009536743,0.11550000309944153,0.15629999339580536,0.19255000352859497,0.21085000038146973,0.20550000667572021,0.22300000488758087,0.23839999735355377,294,444.0833333333333,0.14930325546675374,28,28_515_shc_2024-25.12549,186,180.8,302.28922335306805,15.192,79.818,263.0,0.13598677515983582,0.28037384152412415,0.29,34.9,1397.3333333333333,0.0010415982056074648,0.16443362211577683,1.415814995765686,393,312,2,0.31043243408203125,303.0658431582981,Nekunampuram @ Pokur
959.0833333333334,226,0.04594999924302101,0.21324999630451202,0.1632000058889389,0.062199998646974564,0.09189999848604202,0.10610000044107437,0.1412000060081482,0.17865000665187836,0.19550000131130219,0.20029999315738678,0.2085999995470047,0.20749999582767487,312,447.5,0.1718476216929552,50,28_515_shc_2024-25.4898,183,284.1,302.28922335306805,15.195,79.765,163.0,0.17305998504161835,0.30744123458862305,0.59,147.4,1406.6666666666667,0.0010415982056074648,0.175223202128183,1.0646530389785767,391,297,1,0.31043243408203125,303.0658431582981,East Polineni Palem
953.1666666666666,27,0.03629999980330467,0.2257000058889389,0.15649999678134918,0.039400000125169754,0.057100001722574234,0.08269999921321869,0.1136000007390976,0.1867000013589859,0.2134999930858612,0.20679999887943268,0.2240999937057495,0.23880000412464142,310,444.0833333333333,0.2204262882131662,30,28_515_shc_2024-25.12636,177,206.6,302.28922335306805,15.195,79.805,63.0,0.29088637232780457,0.42867010831832886,0.45,69.9,1397.3333333333333,0.0010415982056074648,0.23578214053076596,1.0913926362991333,407,283,2,0.31043243408203125,303.0658431582981,Nekunampuram @ Pokur
946.9166666666666,215,0.038750000298023224,0.32030001282691956,0.23405000567436218,0.05380000174045563,0.08084999769926071,0.1128000020980835,0.16529999673366547,0.23389999568462372,0.2621999979019165,0.2565000057220459,0.28815001249313354,0.28529998660087585,301,451.75,0.23483462401970842,26,28_515_shc_2024-25.5335,186,400.3,302.28922335306805,15.202,79.848,138.0,0.21621623635292053,0.38911452889442444,0.38,164.0,1398.75,0.0010415982056074648,0.24795813125144245,1.2487329244613647,383,315,3,0.31043243408203125,303.0658431582981,Kakutur
946.9166666666666,90,0.050200000405311584,0.29205000400543213,0.23434999585151672,0.05990000069141388,0.08744999766349792,0.13510000705718994,0.1657000035047531,0.1968500018119812,0.21359999477863312,0.2240000069141388,0.21889999508857727,0.2365500032901764,309,451.75,0.14018985931432826,29,28_515_shc_2024-25.8939,171,213.1,302.2725838131375,15.202,79.852,75.0,0.1496022641658783,0.24756334722042084,0.39,42.6,1398.75,0.0010840338359355902,0.15522057690232285,1.3037946224212646,383,308,3,0.30141783820258244,303.03600374857587,Kakutur
946.9166666666666,180,0.042750000953674316,0.24844999611377716,0.19484999775886536,0.04490000009536743,0.06589999794960022,0.09735000133514404,0.13705000281333923,0.19660000503063202,0.2304999977350235,0.23280000686645508,0.2472500056028366,0.24514999985694885,314,451.75,0.22877749592157293,22,28_515_shc_2024-25.838,180,277.7,302.2725838131375,15.202,79.862,138.0,0.25888875126838684,0.41026806831359863,0.53,79.7,1398.75,0.0010840338359355902,0.244744933192395,1.0672249794006348,388,298,3,0.30141783820258244,303.03600374857587,Kakutur
926.4166666666666,27,0.04470000043511391,0.1987999975681305,0.13819999992847443,0.05480000004172325,0.09059999883174896,0.08410000056028366,0.1467999964952469,0.20900000631809235,0.22689999639987946,0.2231999933719635,0.23409999907016754,0.2295999974012375,311,473.5833333333333,0.2640871681154586,10,28_515_shc_2024-25.1625,177,413.3,302.2725838131375,15.202,79.928,100.0,0.20648647844791412,0.45265212655067444,0.39,147.4,1400.0,0.0010840338359355902,0.258454094866537,0.8906810283660889,379,309,2,0.30141783820258244,303.03600374857587,Anandapuram
946.9166666666666,46,0.050200000405311584,0.31404998898506165,0.25815001130104065,0.08079999685287476,0.11550000309944153,0.17489999532699585,0.18915000557899475,0.21799999475479126,0.23229999840259552,0.24639999866485596,0.24105000495910645,0.2282000035047531,307,451.75,0.10578175461887938,30,28_515_shc_2024-25.5352,177,218.1,302.2725838131375,15.205,79.855,163.0,0.13144297897815704,0.16971279680728912,0.34,62.2,1398.75,0.0010840338359355902,0.11641159850885521,1.2745535373687744,394,299,1,0.30141783820258244,303.03600374857587,Kakutur
953.6666666666666,123,0.03999999910593033,0.2892000079154968,0.17170000076293945,0.04320000112056732,0.0689999982714653,0.058400001376867294,0.11890000104904175,0.23819999396800995,0.28040000796318054,0.2924000024795532,0.3059999942779541,0.30000001192092896,300,431.25,0.4435850786474654,83,28_515_shc_2024-25.8747,171,200.2,302.2056458791097,15.208,79.682,163.0,0.42183321714401245,0.6670467257499695,0.24,164.0,1384.8333333333333,0.001006577160905506,0.4125528914704413,0.9890561103820801,435,265,3,0.30403065151638453,302.9349946339925,Polineni Cheruvu
953.1666666666666,116,0.04075000062584877,0.32475000619888306,0.24169999361038208,0.050700001418590546,0.07635000348091125,0.13359999656677246,0.1623000055551529,0.18930000066757202,0.20845000445842743,0.20800000429153442,0.21699999272823334,0.2228499948978424,312,444.0833333333333,0.11415596550041145,33,28_515_shc_2024-25.9347,168,193.9,302.28922335306805,15.208,79.818,226.0,0.12341344356536865,0.2177986204624176,0.19,164.0,1397.3333333333333,0.0010415982056074648,0.13260457637039866,1.561298131942749,385,303,4,0.31043243408203125,303.0658431582981,Nukavaram
946.9166666666666,27,0.03060000017285347,0.21969999372959137,0.1437000036239624,0.0421999990940094,0.06499999761581421,0.09690000116825104,0.12229999899864197,0.2117999941110611,0.2468000054359436,0.21699999272823334,0.26249998807907104,0.2687999904155731,300,451.75,0.20261149711610899,32,28_515_shc_2024-25.1196,177,326.0,302.28922335306805,15.208,79.838,201.0,0.2791040241718292,0.3826059103012085,0.76,25.1,1398.75,0.0010415982056074648,0.2213416742731734,1.0124423503875732,381,319,2,0.31043243408203125,303.0658431582981,Nukavaram
946.9166666666666,134,0.04540000110864639,0.2353000044822693,0.15459999442100525,0.041999999433755875,0.05959999933838844,0.09099999815225601,0.12399999797344208,0.18549999594688416,0.2134999930858612,0.20479999482631683,0.2214999943971634,0.2150000035762787,314,451.75,0.19814737015291756,25,28_515_shc_2024-25.17331,174,206.6,302.2725838131375,15.208,79.868,163.0,0.2457420825958252,0.3847194015979767,0.14,164.0,1398.75,0.0010840338359355902,0.214501126560939,1.14892578125,390,296,3,0.30141783820258244,303.03600374857587,KANDUKUR
939.6666666666666,180,0.07445000112056732,0.33994999527931213,0.31279999017715454,0.1177000030875206,0.13950000703334808,0.1648000031709671,0.18074999749660492,0.1988999992609024,0.23534999787807465,0.2289000004529953,0.2480500042438507,0.23880000412464142,304,463.25,0.12004194437734564,21,28_515_shc_2024-25.2686,180,342.2,302.2725838131375,15.208,79.898,138.0,0.11753936856985092,0.16281431913375854,0.25,164.0,1402.9166666666667,0.0010840338359355902,0.1075864334039981,1.4851462841033936,396,300,2,0.30141783820258244,303.03600374857587,Kancharagunta
940.5,226,0.0531499981880188,0.2621999979019165,0.18389999866485596,0.06864999979734421,0.09939999878406525,0.1225999966263771,0.15109999477863312,0.23549999296665192,0.26460000872612,0.27709999680519104,0.2847000062465668,0.27320000529289246,315,457.8333333333333,0.257873921251656,21,28_515_shc_2024-25.20017,183,400.3,302.2725838131375,15.212,79.892,176.0,0.29425501823425293,0.38653990626335144,0.21,116.8,1398.25,0.0010840338359355902,0.2575858641326621,0.9462288022041321,402,283,1,0.30141783820258244,303.03600374857587,KANDUKUR
940.5,27,0.042149998247623444,0.24369999766349792,0.15444999933242798,0.05339999869465828,0.06925000250339508,0.08500000089406967,0.12690000236034393,0.19210000336170197,0.21905000507831573,0.225600004196167,0.24120000004768372,0.2303999960422516,315,457.8333333333333,0.2632761614565793,25,28_515_shc_2024-25.20024,177,393.9,302.2725838131375,15.228,79.878,201.0,0.2800000011920929,0.45267224311828613,0.39,164.0,1398.25,0.0010840338359355902,0.26017765066466836,1.080230474472046,395,290,2,0.30141783820258244,303.03600374857587,KANDUKUR
943.5,134,0.043299999088048935,0.22830000519752502,0.18529999256134033,0.0575999990105629,0.0868000015616417,0.10899999737739563,0.14059999585151672,0.1784999966621399,0.19740000367164612,0.1899999976158142,0.21410000324249268,0.22439999878406525,325,458.3333333333333,0.14341359924251657,31,28_515_shc_2024-25.21199,177,109.8,302.271352259318,15.252,79.882,201.0,0.14942529797554016,0.2709030210971832,0.35,5.5,1401.9166666666667,0.001096116102298181,0.1520650827521725,1.201578974723816,402,273,1,0.2522066752115885,303.0417763180203,Kovur
943.5,134,0.055799998342990875,0.28485000133514404,0.21230000257492065,0.07259999960660934,0.10490000247955322,0.12120000272989273,0.16635000705718994,0.2342499941587448,0.2572000026702881,0.272599995136261,0.2831999957561493,0.25804999470710754,338,458.3333333333333,0.260083815882317,19,28_515_shc_2024-25.11839,174,226.0,302.271352259318,15.268,79.898,151.0,0.24205487966537476,0.38445910811424255,0.31,7.6,1401.9166666666667,0.001096116102298181,0.2540836754886192,1.0449376106262207,366,296,3,0.2522066752115885,303.0417763180203,Kondikandukur
930.5833333333334,0,0.06975000351667404,0.2511500120162964,0.19580000638961792,0.06835000216960907,0.09714999794960022,0.10119999945163727,0.15205000340938568,0.21629999577999115,0.23770000040531158,0.25600001215934753,0.2583000063896179,0.2740499973297119,311,461.8333333333333,0.2865446449775363,87,28_515_shc_2024-25.12229,180,406.8,302.05983967251245,15.278,79.572,100.0,0.2547481954097748,0.4333706796169281,0.07,157.2,1392.4166666666667,0.0009936407773162316,0.27088195977176743,0.9810546636581421,417,272,0,0.2354770236545139,302.7789779239231,G.Meka Padu
933.9166666666666,0,0.05555000156164169,0.18434999883174896,0.1023000031709671,0.046166665852069855,0.07050000131130219,0.0588500015437603,0.0970500037074089,0.23829999566078186,0.3026750087738037,0.3016499876976013,0.32838332653045654,0.3148374855518341,286,466.8333333333333,0.463889922782291,18,28_515_shc_2024-25.19018,180,45.2,302.271352259318,15.288,79.918,163.0,0.5131677389144897,0.6735090017318726,0.28,7.6,1400.9166666666667,0.001096116102298181,0.4232422821432565,0.6111387610435486,399,315,2,0.2522066752115885,303.0417763180203,Vikkiralapeta
934.6666666666666,303,0.06539999693632126,0.28060001134872437,0.2013999968767166,0.05756666511297226,0.08682499825954437,0.09269999712705612,0.15176667273044586,0.24040000140666962,0.271699994802475,0.3015333414077759,0.303600013256073,0.30223333835601807,302,472.5833333333333,0.3661216422284114,16,28_515_shc_2024-25.19047,189,142.1,302.271352259318,15.292,79.918,113.0,0.33039194345474243,0.52972012758255,0.34,164.0,1407.1666666666667,0.001096116102298181,0.3503000871498798,0.9305770397186279,409,289,3,0.2522066752115885,303.0417763180203,Vikkiralapeta
