Village,Latitude,Longitude,Feature_ID,N,P,K,OC,B1,B2,B3,B4,B5,B6,B7,B8,B8A,B9,B11,B12,NDVI,NDRE,EVI,SAVI,SWIR_Ratio,Elevation_m,Slope_deg,Aspect_deg,Hillshade,Soil_Moisture_0_7cm,Soil_Temp_0_7cm_K,LST_K,Precipitation_Mean_m,Potential_ET,Actual_ET,Climate_Water_Deficit,Clay_Fraction_g_kg,Silt_Fraction_g_kg,Sand_Fraction_g_kg
Nalabotlapalle,14.115,79.695,28_515_shc_2023-24.4875,138,48,180.0,0.51,0.0440500006079673,0.0498000010848045,0.068800002336502,0.0782499983906745,0.1168500036001205,0.1731500029563903,0.1969999969005584,0.2026000022888183,0.2284999936819076,0.229200005531311,0.2117000073194503,0.1325999945402145,0.4427630603313446,0.2684301137924194,0.2393924329714311,0.2388743109238679,1.0449161529541016,26,1,180,180,0.2123836941189236,303.0087657504612,302.24914338853625,0.0011898327785349,1480.0666666666666,793.4666666666667,686.6,312,303,384
Cheekavolu,14.14,79.72,28_515_shc_2023-24.6380,75,6,33.0,0.18,0.0428000018000602,0.0489000007510185,0.0748500004410743,0.0524000003933906,0.1163500025868415,0.2521499991416931,0.2926999926567077,0.2958000004291534,0.3181999921798706,0.2987500131130218,0.2201499938964843,0.1123500019311904,0.6990235447883606,0.4353997111320495,0.4893642699591771,0.4304409333878655,0.7442528605461121,22,2,296,186,0.2123836941189236,303.0087657504612,302.24914338853625,0.0011898327785349,1473.8666666666666,791.7333333333333,682.0666666666667,314,327,358
Lingasamudram,14.152696,79.703033,28_515_shc_2023-24.6947,364,9,65.0,0.54,0.0544500015676021,0.0620499998331069,0.0888999998569488,0.0908000022172927,0.1385000050067901,0.2306499928236007,0.2621499896049499,0.2465000003576278,0.2874000072479248,0.2734499871730804,0.2446999996900558,0.1700499951839447,0.4616068601608276,0.2805194556713104,0.2935686339520143,0.2789322781467505,0.992697775363922,33,1,90,177,0.2205540127224392,303.28910429212783,302.519694603814,0.0011666922375675,1476.0,788.2666666666667,687.8,319,318,363
Jorepalle,14.155,79.595,28_515_shc_2023-24.5135,201,14,377.0,0.8,0.0485000014305114,0.0636000037193298,0.0938000008463859,0.0869999974966049,0.1358000040054321,0.2653000056743622,0.3125,0.3143999874591827,0.3391000032424927,0.357699990272522,0.2560000121593475,0.1639000028371811,0.566517174243927,0.3967125415802002,0.4181992041328286,0.3784113497190674,0.8142494559288025,58,2,116,174,0.2047743479410807,303.14018393622507,302.38134282430013,0.0010901506561695,1477.1333333333334,782.6666666666666,694.3333333333334,331,273,396
Molakalapundla,14.16,79.725,28_515_shc_2023-24.6396,125,13,338.0,0.81,0.0534499995410442,0.0608000010251998,0.0852499976754188,0.0816999971866607,0.1359499990940094,0.226950004696846,0.2590999901294708,0.2660999894142151,0.2873499989509582,0.2818999886512756,0.2813999950885772,0.1717000007629394,0.5301897525787354,0.3237159550189972,0.354533563817926,0.3262561839028999,1.057497262954712,24,0,0,180,0.2205540127224392,303.28910429212783,302.519694603814,0.0011666922375675,1473.8666666666666,791.7333333333333,682.0666666666667,305,327,368
Molakalapundla,14.16,79.735,28_515_shc_2023-24.5146,125,40,143.0,0.78,0.0508500002324581,0.0648000016808509,0.0917000025510788,0.0934500023722648,0.1613499969244003,0.2829500138759613,0.3521499931812286,0.3655999898910522,0.3837499916553497,0.3758000135421753,0.2138500064611435,0.1262000054121017,0.5928547978401184,0.3876079320907593,0.4723842066261258,0.4256555805967815,0.5849289298057556,24,1,180,180,0.2205540127224392,303.28910429212783,302.519694603814,0.0011666922375675,1473.8666666666666,791.7333333333333,682.0666666666667,313,339,348
Kommipadu,14.165,79.625,28_515_shc_2023-24.5913,263,28,650.0,0.82,0.0366999991238117,0.0465999990701675,0.0732999965548515,0.0685999989509582,0.1234000027179718,0.2456000000238418,0.2845000028610229,0.2854000031948089,0.314300000667572,0.3091999888420105,0.2311999946832656,0.1482000052928924,0.6124293804168701,0.3962818086147308,0.4022263518005792,0.380796259424679,0.8100910782814026,54,4,90,168,0.2047743479410807,303.14018393622507,302.38134282430013,0.0010901506561695,1475.6,786.6,688.8666666666667,351,245,405
Molakalapundla,14.165,79.65,28_515_shc_2023-24.6061,113,13,150.0,0.33,0.0530500002205371,0.0763000026345253,0.1140000000596046,0.1636999994516372,0.1977500021457672,0.2448499947786331,0.2709999978542328,0.3007000088691711,0.2980999946594238,0.29789999127388,0.3837000131607055,0.2868500053882599,0.2950043082237243,0.2065402865409851,0.2002163074754572,0.2130858693003464,1.2760226726531982,65,1,134,177,0.2047743479410807,303.14018393622507,302.38134282430013,0.0010901506561695,1475.6,786.6,688.8666666666667,325,305,370
Molakalapundla,14.165,79.73,28_515_shc_2023-24.7093,63,8,137.0,0.48,0.0438500009477138,0.0511500015854835,0.0726500004529953,0.0856000036001205,0.1375499963760376,0.2137999981641769,0.2473500072956085,0.2524999976158142,0.2810499966144562,0.2768000066280365,0.2612499892711639,0.1641000062227249,0.4936409294605255,0.2947058081626892,0.301813763596683,0.2987113598142548,1.0346534252166748,30,2,90,174,0.2205540127224392,303.28910429212783,302.519694603814,0.0011666922375675,1473.8666666666666,791.7333333333333,682.0666666666667,316,325,360
Ramasagaram,14.165,79.79,28_515_shc_2023-24.5493,314,40,552.0,1.01,0.0469500012695789,0.0552500002086162,0.0821499973535537,0.0569499991834163,0.1278000026941299,0.2672500014305115,0.3533999919891357,0.3628000020980835,0.3772999942302704,0.3549500107765198,0.1713500022888183,0.0873999968171119,0.7286480069160461,0.4790053069591522,0.5926751360327963,0.4988040268907675,0.472298800945282,14,0,0,180,0.2677152845594618,303.0808360629612,302.28411517673067,0.0012467846971224,1477.0,794.2,682.9333333333333,344,349,308
Ramasagaram,14.165,79.835,28_515_shc_2023-24.4859,125,106,650.0,0.95,0.0449500009417533,0.0548000000417232,0.0795999988913536,0.0568000003695488,0.1106000021100044,0.2685999870300293,0.3389999866485595,0.3388000130653381,0.3702999949455261,0.3673999905586242,0.158500000834465,0.0759999975562095,0.712841272354126,0.5077881813049316,0.5557307452470024,0.4723090807260662,0.4678276181221008,10,1,46,177,0.2677152845594618,303.0808360629612,302.28411517673067,0.0012467846971224,1478.6666666666667,794.1333333333333,684.3333333333334,324,326,349
Adurupalle,14.171091,79.555352,28_515_shc_2023-24.5678,125,38,292.0,0.62,0.0639000013470649,0.123999997973442,0.1509000062942505,0.1817999929189682,0.1891500055789947,0.2263499945402145,0.2615000009536743,0.2809000015258789,0.2824499905109405,0.2809500098228454,0.3289999961853027,0.2891499996185303,0.214177668094635,0.1951919943094253,0.171845755666378,0.1544094876577691,1.1712353229522705,68,2,207,183,0.2047743479410807,303.14018393622507,302.38134282430013,0.0010901506561695,1471.3333333333333,777.0,694.2,342,250,408
Molakalapundla,14.172,79.752,28_515_shc_2023-24.6230,251,23,169.0,0.4,0.0523499995470047,0.066500000655651,0.0979000031948089,0.1067999973893165,0.1603499948978424,0.2472999989986419,0.2986499965190887,0.3077999949455261,0.3233999907970428,0.3279500007629394,0.2786000072956085,0.1903000026941299,0.484804630279541,0.314963161945343,0.3465875799397375,0.3296523057742741,0.9051332473754884,17,0,0,180,0.2677152845594618,303.0808360629612,302.28411517673067,0.0012467846971224,1470.6666666666667,789.4,681.3333333333334,329,341,330
Molakalapundla,14.172,79.752,28_515_shc_2023-24.7092,188,1,195.0,0.85,0.0523499995470047,0.066500000655651,0.0979000031948089,0.1067999973893165,0.1603499948978424,0.2472999989986419,0.2986499965190887,0.3077999949455261,0.3233999907970428,0.3279500007629394,0.2786000072956085,0.1903000026941299,0.484804630279541,0.314963161945343,0.3465875799397375,0.3296523057742741,0.9051332473754884,17,0,0,180,0.2677152845594618,303.0808360629612,302.28411517673067,0.0012467846971224,1470.6666666666667,789.4,681.3333333333334,329,341,330
Baddevolu,14.172,79.918,28_515_shc_2024-25.5572,176,14,617.0,0.87,0.0590000003576278,0.0658000037074089,0.0901999995112419,0.0930000022053718,0.155799999833107,0.2712999880313873,0.3641000092029571,0.3695999979972839,0.3916999995708465,0.3736000061035156,0.2630999982357025,0.1580999940633773,0.5979247689247131,0.4069280624389648,0.4821839463583336,0.4310201471021394,0.711850643157959,8,1,134,177,0.2683748457166883,303.2225027296278,302.4102653503418,0.0012769425874743,1482.0,785.7333333333333,696.2,330,330,340
Molakalapundla,14.175,79.745,28_515_shc_2023-24.6950,163,128,143.0,0.36,0.0770500004291534,0.1032000035047531,0.1383000016212463,0.1718000024557113,0.2018499970436096,0.245399996638298,0.2660999894142151,0.2635999917984009,0.2781000137329101,0.279449999332428,0.3450500071048736,0.2949999868869781,0.2108405828475952,0.1326673030853271,0.1509471036164028,0.1472097336539286,1.3089909553527832,25,4,90,168,0.2205540127224392,303.28910429212783,302.519694603814,0.0011666922375675,1470.6666666666667,790.0,680.6,320,323,357
Ramasagaram,14.175,79.795,28_515_shc_2025-26.5262,188,14,182.0,0.62,0.0397999994456768,0.0489999987185001,0.0740000009536743,0.0544000007212162,0.1174999997019767,0.2425000071525573,0.2930999994277954,0.298799991607666,0.325300008058548,0.3246999979019165,0.1806000024080276,0.0970999971032142,0.6919592022895813,0.4355032444000244,0.4858074059964487,0.4296764997957967,0.6044176816940308,13,2,207,183,0.2677152845594618,303.0808360629612,302.28411517673067,0.0012467846971224,1475.4,790.9333333333333,684.3333333333334,338,334,329
Venkanapalem,14.175,79.955,28_515_shc_2023-24.5507,163,34,117.0,0.45,0.048200000077486,0.0541500002145767,0.0851999968290329,0.0772000029683113,0.1348000019788742,0.2669999897480011,0.3616000115871429,0.3441999852657318,0.3844000101089477,0.3429999947547912,0.195700004696846,0.1098499968647956,0.6336022615432739,0.4371607303619385,0.4763518617295597,0.4346646174955241,0.5685648322105408,4,2,153,177,0.1740313635932074,303.34381349351673,302.54216096666124,0.001244653567197,1482.0,785.7333333333333,696.2,331,356,313
Cheekavolu,14.178,79.742,28_515_shc_2023-24.5148,63,31,260.0,0.46,0.0763000026345253,0.0951500013470649,0.1180000007152557,0.1221000030636787,0.1660999953746795,0.2249000072479248,0.2506999969482422,0.2535000145435333,0.2727000117301941,0.2718499898910522,0.2773500084877014,0.2198999971151352,0.3498402833938598,0.2082936465740203,0.2581583314468161,0.2251028018003073,1.0940828323364258,28,2,27,177,0.2205540127224392,303.28910429212783,302.519694603814,0.0011666922375675,1470.6666666666667,790.0,680.6,320,311,369
Kommipadu,14.18,79.625,28_515_shc_2023-24.6218,100,19,169.0,0.35,0.0414000004529953,0.0549999997019767,0.0793000012636184,0.0803499966859817,0.1288499981164932,0.2125999927520752,0.2410500049591064,0.2544000148773193,0.2685000002384186,0.270249992609024,0.2498999983072281,0.1520500034093856,0.5199403166770935,0.3275929987430572,0.3286442948559062,0.3127583392278976,0.9823112487792968,59,2,207,183,0.2047743479410807,303.14018393622507,302.38134282430013,0.0010901506561695,1468.4,781.6666666666666,686.7333333333333,337,258,406
Bandepalle,14.182,79.552,28_515_shc_2023-24.6455,100,23,189.0,1.17,0.049550000578165,0.0494999997317791,0.0737000033259391,0.0599999986588954,0.1073499992489814,0.2066999971866607,0.2266000062227249,0.2648999989032745,0.2428999990224838,0.2737500071525574,0.1968500018119812,0.1212500035762786,0.6306555867195129,0.4232370853424072,0.4086068707573944,0.372590618589988,0.7431105971336365,66,1,226,183,0.2047743479410807,303.14018393622507,302.38134282430013,0.0010901506561695,1471.3333333333333,777.0,694.2,329,270,401
Kommipadu,14.185,79.74,28_515_shc_2023-24.5498,125,1,260.0,1.16,0.0513000003993511,0.0526000000536441,0.0761500000953674,0.0825999975204467,0.1527500003576278,0.2206500023603439,0.2474000006914138,0.248099997639656,0.2617500126361847,0.2590500116348266,0.274399995803833,0.2023999989032745,0.5004535913467407,0.2378695160150528,0.3066632120571899,0.2988443500965329,1.1060056686401367,31,2,244,186,0.2205540127224392,303.28910429212783,302.519694603814,0.0011666922375675,1470.6666666666667,790.0,680.6,333,273,394
Molakalapundla,14.185,79.74,28_515_shc_2023-24.5519,188,109,650.0,0.99,0.0513000003993511,0.0526000000536441,0.0761500000953674,0.0825999975204467,0.1527500003576278,0.2206500023603439,0.2474000006914138,0.248099997639656,0.2617500126361847,0.2590500116348266,0.274399995803833,0.2023999989032745,0.5004535913467407,0.2378695160150528,0.3066632120571899,0.2988443500965329,1.1060056686401367,31,2,244,186,0.2205540127224392,303.28910429212783,302.519694603814,0.0011666922375675,1470.6666666666667,790.0,680.6,333,273,394
Ramasagaram,14.185,79.78,28_515_shc_2023-24.4858,138,52,182.0,0.38,0.0458000004291534,0.0571999996900558,0.0920000001788139,0.061099998652935,0.1425999999046325,0.2874000072479248,0.352400004863739,0.3628000020980835,0.3851999938488006,0.3788999915122986,0.2037999927997589,0.1088000014424324,0.7117244601249695,0.4356945157051086,0.5800138501503864,0.4898257439115212,0.5617420077323914,17,3,226,186,0.2677152845594618,303.0808360629612,302.28411517673067,0.0012467846971224,1470.6666666666667,789.4,681.3333333333334,334,331,336
Puligilapadu,14.19,79.63,28_515_shc_2023-24.6234,188,36,319.0,1.35,0.0706000030040741,0.0883999988436698,0.1156999990344047,0.1420000046491623,0.1793999969959259,0.2274499982595443,0.25,0.2633000016212463,0.2852500081062317,0.2795000076293945,0.3499999940395355,0.2662000060081482,0.2992844581604004,0.1895188689231872,0.2088067096716616,0.2009830931159615,1.3292821645736694,68,2,0,180,0.2047743479410807,303.14018393622507,302.38134282430013,0.0010901506561695,1468.4,781.6666666666666,686.7333333333333,317,275,408
Chaganam,14.19,79.705,28_515_shc_2023-24.6666,213,14,215.0,0.45,0.0488499999046325,0.0566500015556812,0.0864500030875206,0.1107999980449676,0.160300001502037,0.2168000042438507,0.2358999997377395,0.2324000000953674,0.2505500018596649,0.2495999932289123,0.325650006532669,0.2470500022172927,0.3543123602867126,0.1836007088422775,0.2064761584143425,0.2163187897033683,1.4012478590011597,70,1,314,183,0.2205540127224392,303.28910429212783,302.519694603814,0.0011666922375675,1466.2,786.4666666666667,679.7333333333333,312,279,409
Ramasagaram,14.192,79.788,28_515_shc_2025-26.7140,63,66,293.0,0.48,0.0496999993920326,0.0494999997317791,0.0737999975681305,0.0571999996900558,0.1160999983549118,0.2612000107765198,0.3019999861717224,0.323199987411499,0.3260999917984009,0.3100000023841858,0.2325000017881393,0.1356000006198883,0.6992639303207397,0.4714318215847015,0.5134540213019214,0.4532030752246476,0.7193688750267029,21,2,90,174,0.2677152845594618,303.0808360629612,302.28411517673067,0.0012467846971224,1470.6666666666667,789.4,681.3333333333334,345,306,349
Jorepalle,14.195,79.585,28_515_shc_2023-24.5530,151,88,396.0,0.15,0.0528500005602836,0.0666500031948089,0.0975499972701072,0.0966999977827072,0.1492000073194503,0.2438499927520752,0.2720000147819519,0.2937000095844269,0.3042500019073486,0.3058499991893768,0.3307999968528747,0.2188500016927719,0.5046106576919556,0.3262587487697601,0.3584360105718238,0.3318733324995779,1.1263192892074585,70,3,108,171,0.2047743479410807,303.14018393622507,302.38134282430013,0.0010901506561695,1472.9333333333334,781.0666666666667,691.6666666666666,329,280,391
Pothegunta,14.195,79.63,28_515_shc_2023-24.5803,151,50,325.0,0.78,0.0516999997198581,0.0484500005841255,0.0756999999284744,0.0692000016570091,0.1320499926805496,0.2469500005245208,0.2824000120162964,0.2879000008106231,0.3084000051021576,0.3152999877929687,0.2478999942541122,0.1615000069141388,0.6124334931373596,0.3711156249046325,0.4081061376653345,0.382744134623672,0.8610628247261047,65,1,0,180,0.2047743479410807,303.14018393622507,302.38134282430013,0.0010901506561695,1468.4,781.6666666666666,686.7333333333333,305,291,404
Pidur,14.198,79.888,28_515_shc_2023-24.6664,289,87,169.0,1.0,0.0449500009417533,0.0423500016331672,0.0566999986767768,0.045899998396635,0.0709500014781951,0.1071500033140182,0.1179499998688697,0.0862499997019767,0.1215000003576278,0.1661500036716461,0.101400002837181,0.0598499998450279,0.3053348660469055,0.0973282307386398,0.0966212546683791,0.0957446842364318,1.175652265548706,16,5,348,183,0.2683748457166883,303.2225027296278,302.4102653503418,0.0012769425874743,1480.2666666666669,790.1333333333333,690.0666666666667,343,321,336
Ananthamadugu,14.2,79.685,28_515_shc_2023-24.5277,100,22,208.0,0.52,0.0460500009357929,0.052250001579523,0.0794000029563903,0.1050999984145164,0.1431500017642974,0.1711499989032745,0.1916999965906143,0.1845999956130981,0.2037499994039535,0.2152500003576278,0.2777499854564667,0.2269999980926513,0.2744218111038208,0.1264683306217193,0.1396378174988854,0.1510067072302681,1.504604458808899,72,3,226,186,0.2205540127224392,303.28910429212783,302.519694603814,0.0011666922375675,1466.2,786.4666666666667,679.7333333333333,306,310,384
Molakalapundla,14.2,79.735,28_515_shc_2023-24.5159,289,25,241.0,0.76,0.045449998229742,0.064300000667572,0.092299997806549,0.1254999935626983,0.1705500036478042,0.2124000042676925,0.2313999980688095,0.2398000061511993,0.2563500106334686,0.2851999998092651,0.3276999890804291,0.2662999927997589,0.3128935396671295,0.1687583774328231,0.1891695333231029,0.1981393955153583,1.3665553331375122,42,2,207,183,0.2205540127224392,303.28910429212783,302.519694603814,0.0011666922375675,1470.6666666666667,790.0,680.6,328,287,384
Molakalapundla,14.2,79.745,28_515_shc_2023-24.5978,88,16,169.0,0.32,0.0535000003874301,0.0680499970912933,0.094200000166893,0.0989499986171722,0.1268499940633773,0.255950003862381,0.3043000102043152,0.2804000079631805,0.3326500058174133,0.3481999933719635,0.2498999983072281,0.157150000333786,0.4783181846141815,0.3770411610603332,0.3326367238405692,0.3095184078947769,0.8912267684936523,31,1,90,177,0.2205540127224392,303.28910429212783,302.519694603814,0.0011666922375675,1470.6666666666667,790.0,680.6,335,280,386
Lingasamudram,14.2,79.755,28_515_shc_2023-24.5981,151,6,59.0,0.42,0.0443499982357025,0.049550000578165,0.068850003182888,0.0701000019907951,0.1269000023603439,0.2091500014066696,0.244499996304512,0.257099986076355,0.2778500020503998,0.2700999975204468,0.2655499875545501,0.1727000027894973,0.5715158581733704,0.3390624821186065,0.357942662155196,0.3390957207141176,1.032866597175598,27,1,226,183,0.2677152845594618,303.0808360629612,302.28411517673067,0.0012467846971224,1470.6666666666667,789.4,681.3333333333334,318,337,345
Lingasamudram,14.2,79.76,28_515_shc_2023-24.7091,188,11,46.0,0.46,0.0632999986410141,0.0798000022768974,0.1085999980568885,0.1308999955654144,0.1737000048160553,0.2345000058412552,0.2614000141620636,0.26910001039505,0.2876000106334686,0.2841500043869018,0.3009499907493591,0.2392999976873397,0.3455000221729278,0.2154471576213836,0.2372939869322902,0.2303333565239551,1.1183574199676514,26,1,180,180,0.2677152845594618,303.0808360629612,302.28411517673067,0.0012467846971224,1470.6666666666667,789.4,681.3333333333334,334,319,348
Rapur,14.202,79.532,28_515_shc_2023-24.5515,100,110,650.0,0.33,0.0994499996304512,0.0940999984741211,0.1172000020742416,0.1252000033855438,0.1641000062227249,0.1923500001430511,0.2107000052928924,0.2104000002145767,0.2327000051736831,0.2479999959468841,0.2730000019073486,0.2470500022172927,0.2538736462593078,0.1236314922571182,0.1696062321534764,0.1529439859896273,1.2975285053253174,87,3,0,180,0.1963410271538628,302.57522082858617,301.80224126180013,0.0010509146233515,1475.1333333333334,774.6,700.4,338,262,400
Chaganam,14.202,79.682,28_515_shc_2023-24.5386,188,8,195.0,0.58,0.0469999983906745,0.0582499988377094,0.089599996805191,0.1133999973535537,0.1611499935388565,0.2240999937057495,0.2481500059366226,0.2583999931812286,0.2785499989986419,0.2773000001907348,0.3048999905586242,0.2353499978780746,0.3899946212768554,0.2317959815263748,0.2413569205808691,0.2494838220955849,1.1799535751342771,73,2,270,186,0.2205540127224392,303.28910429212783,302.519694603814,0.0011666922375675,1466.2,786.4666666666667,679.7333333333333,299,317,384
Rapur,14.205,79.53,28_515_shc_2023-24.4832,276,24,318.0,0.44,0.0439999997615814,0.0574500001966953,0.0851500034332275,0.0838999971747398,0.1269499957561493,0.2072000056505203,0.2353000044822693,0.255400002002716,0.2690500020980835,0.2784999907016754,0.1936500072479248,0.1243000030517578,0.5054523944854736,0.3359487652778625,0.3228721632417586,0.3065054301132832,0.7582224011421204,85,1,134,177,0.1963410271538628,302.57522082858617,301.80224126180013,0.0010509146233515,1475.1333333333334,774.6,700.4,332,254,415
Rapur,14.205,79.54,28_515_shc_2023-24.5469,213,22,208.0,1.33,0.0366999991238117,0.0446499995887279,0.0685999989509582,0.0547499991953372,0.1052000001072883,0.1856999993324279,0.2130499929189682,0.2120999991893768,0.2316000014543533,0.2269999980926513,0.1598999947309494,0.092299997806549,0.5896571278572083,0.3369051218032837,0.3262559877404681,0.3077850955052751,0.7538896799087524,78,1,180,180,0.1963410271538628,302.57522082858617,301.80224126180013,0.0010509146233515,1475.1333333333334,774.6,700.4,313,301,386
Chaganam,14.205,79.665,28_515_shc_2023-24.5494,201,109,241.0,1.1,0.0498999990522861,0.0606999993324279,0.0851000025868415,0.1039000004529953,0.1518000066280365,0.2174499928951263,0.2429500073194503,0.2483000010251999,0.2699500024318695,0.2700499892234802,0.2941499948501587,0.2032999992370605,0.4099943339824676,0.2411896884441375,0.2548625078191777,0.2541656893717442,1.1846556663513184,88,2,153,177,0.2205540127224392,303.28910429212783,302.519694603814,0.0011666922375675,1468.4,781.6666666666666,686.7333333333333,318,286,396
Ramasagaram,14.205,79.675,28_515_shc_2023-24.6695,163,109,306.0,0.69,0.0424499996006488,0.0469000004231929,0.0731000006198883,0.0845500007271766,0.1297499984502792,0.226500004529953,0.2560499906539917,0.2567000091075897,0.2669999897480011,0.2791999876499176,0.2714999914169311,0.1880500018596649,0.5044688582420349,0.3285030722618103,0.304744215127047,0.306953948947161,1.0576547384262085,76,1,0,180,0.2205540127224392,303.28910429212783,302.519694603814,0.0011666922375675,1466.2,786.4666666666667,679.7333333333333,315,289,397
Chaganam,14.205,79.68,28_515_shc_2023-24.6886,138,10,163.0,0.35,0.0405500009655952,0.0450999997556209,0.0716499984264373,0.0474000014364719,0.1145500019192695,0.2825999855995178,0.3318000137805938,0.3452000021934509,0.3632499873638153,0.3561500012874603,0.2200500071048736,0.1087500005960464,0.7585328817367554,0.5016856789588928,0.5765284350502754,0.5004481282980959,0.6374565362930298,71,4,104,168,0.2205540127224392,303.28910429212783,302.519694603814,0.0011666922375675,1466.2,786.4666666666667,679.7333333333333,304,306,390
Ananthamadugu,14.205,79.685,28_515_shc_2023-24.5010,125,19,156.0,0.32,0.0604999996721744,0.0765499994158744,0.1018999963998794,0.1094999983906745,0.1544000059366226,0.2138500064611435,0.2336000055074691,0.2441000044345855,0.2585499882698059,0.2636500000953674,0.2511500120162964,0.1761499941349029,0.3806561231613159,0.2250940948724746,0.2535842915826569,0.2365276574480017,1.0288816690444946,68,3,314,186,0.2205540127224392,303.28910429212783,302.519694603814,0.0011666922375675,1466.2,786.4666666666667,679.7333333333333,302,311,387
Tocham,14.208,79.672,28_515_shc_2023-24.5495,151,109,260.0,0.8,0.0549499988555908,0.0696000009775161,0.1004000008106231,0.1392000019550323,0.178299993276596,0.223700001835823,0.2441000044345855,0.260699987411499,0.2731499969959259,0.2712000012397766,0.3377000093460083,0.2623000144958496,0.3038259148597717,0.1876993179321289,0.1929919087754675,0.202522480651424,1.2953587770462036,74,2,0,180,0.2205540127224392,303.28910429212783,302.519694603814,0.0011666922375675,1466.2,786.4666666666667,679.7333333333333,308,289,403
Manubolu,14.21,79.875,28_515_shc_2023-24.6964,188,24,650.0,0.68,0.0795999988913536,0.0967999994754791,0.1158000007271766,0.12950000166893,0.1387500017881393,0.1748999953269958,0.1907500028610229,0.188400000333786,0.1992499977350235,0.2431000024080276,0.2046999931335449,0.1750999987125396,0.1852783858776092,0.1517652422189712,0.1188074834318362,0.1080205376952554,1.0865180492401123,21,4,166,177,0.2683748457166883,303.2225027296278,302.4102653503418,0.0012769425874743,1475.6666666666667,787.1333333333333,688.6,341,327,332
Rapur,14.212,79.562,28_515_shc_2023-24.5798,138,34,78.0,0.5,0.0637499988079071,0.0793500021100044,0.1055999994277954,0.1225999966263771,0.1469999998807907,0.1849499940872192,0.2021999955177307,0.2074999958276748,0.2132000029087066,0.2522999942302704,0.2939999997615814,0.2446999996900558,0.2571947872638702,0.1706628948450088,0.1574584130560496,0.1534152511259006,1.41686749458313,81,0,0,180,0.2047743479410807,303.14018393622507,302.38134282430013,0.0010901506561695,1471.1333333333334,774.2,697.0,317,301,382
Chaganam,14.215,79.69,28_515_shc_2023-24.7041,276,108,117.0,1.08,0.0405500009655952,0.0511500015854835,0.0803999975323677,0.0631000027060508,0.1316000074148178,0.262499988079071,0.3000499904155731,0.3212000131607055,0.3348999917507171,0.3323999941349029,0.2617500126361847,0.1505499929189682,0.6716107130050659,0.4187279045581817,0.4902463711546265,0.4378039225776929,0.8149128556251526,59,4,244,192,0.2205540127224392,303.28910429212783,302.519694603814,0.0011666922375675,1461.6,782.3333333333334,679.1333333333333,316,275,409
Veerayapalem,14.22,79.595,28_515_shc_2023-24.5164,163,50,117.0,1.32,0.0443999990820884,0.0599999986588954,0.0874999985098838,0.1162000000476837,0.1501999944448471,0.2132000029087066,0.2457000017166137,0.2603999972343445,0.2734000086784363,0.2732000052928924,0.3012000024318695,0.2161999940872192,0.3828996121883392,0.2683877348899841,0.2391217770989734,0.2467487981412816,1.156682014465332,84,1,90,177,0.2047743479410807,303.14018393622507,302.38134282430013,0.0010901506561695,1472.8666666666666,777.2,695.6666666666666,305,275,420
Chaganam,14.22,79.695,28_515_shc_2023-24.5549,163,62,150.0,0.61,0.0416500009596347,0.050450000911951,0.0745000019669532,0.0847499966621398,0.1307000070810318,0.2029500007629394,0.2266999930143356,0.2304999977350235,0.245849996805191,0.2614499926567077,0.2551000118255615,0.1823499947786331,0.4623315036296844,0.2763011753559112,0.2677997320964184,0.2681692770461013,1.1067246198654177,63,2,90,174,0.2205540127224392,303.28910429212783,302.519694603814,0.0011666922375675,1461.6,782.3333333333334,679.1333333333333,318,278,404
Kagithalapuru,14.22,79.895,28_515_shc_2023-24.6233,138,73,65.0,0.75,0.0683000013232231,0.0944000035524368,0.121799997985363,0.1395999938249588,0.1952999979257583,0.2696999907493591,0.2960000038146972,0.2931999862194061,0.3249000012874603,0.3086000084877014,0.3655999898910522,0.2764999866485595,0.3548983335494995,0.200409397482872,0.269890358374779,0.2469982777880344,1.246930480003357,14,3,90,171,0.2683748457166883,303.2225027296278,302.4102653503418,0.0012769425874743,1475.6666666666667,787.1333333333333,688.6,315,352,334
Rapur,14.225,79.555,28_515_shc_2023-24.5528,351,68,650.0,2.44,0.0513999983668327,0.0592500008642673,0.0869000032544136,0.123599998652935,0.1588499993085861,0.2046000063419342,0.2291499972343444,0.2424000054597854,0.2520999908447265,0.263399988412857,0.3352499902248382,0.2594999969005584,0.3245901763439178,0.2082243114709854,0.1929041284555933,0.2057736828683441,1.3830444812774658,91,1,90,177,0.2047743479410807,303.14018393622507,302.38134282430013,0.0010901506561695,1471.1333333333334,774.2,697.0,320,299,382
Veerayapalem,14.225,79.59,28_515_shc_2023-24.5987,238,164,117.0,1.25,0.0428999997675418,0.0483499988913536,0.0788500010967254,0.0782499983906745,0.1438000053167343,0.2736499905586242,0.3113499879837036,0.3176000118255615,0.3314499855041504,0.2911500036716461,0.2773500084877014,0.1802999973297119,0.604648232460022,0.3766796588897705,0.4200670627305093,0.4007646548618899,0.8732682466506958,87,2,116,174,0.2047743479410807,303.14018393622507,302.38134282430013,0.0010901506561695,1472.8666666666666,777.2,695.6666666666666,318,258,425
Veerayapalem,14.225,79.6,28_515_shc_2023-24.6229,176,13,111.0,1.25,0.0434999987483024,0.0548000000417232,0.0886000022292137,0.0816000029444694,0.148399993777275,0.250900000333786,0.2816999852657318,0.2962000072002411,0.3023000061511993,0.3066999912261963,0.2754999995231628,0.1841000020503997,0.5680254101753235,0.332433670759201,0.3902385809262867,0.3667122381675415,0.93011474609375,76,0,0,180,0.2047743479410807,303.14018393622507,302.38134282430013,0.0010901506561695,1472.8666666666666,777.2,695.6666666666666,317,263,420
Molakalapundla,14.225,79.685,28_515_shc_2023-24.6945,113,33,189.0,0.52,0.0485499985516071,0.0740500018000602,0.1075000017881393,0.1331000030040741,0.1849499940872192,0.2527500092983246,0.2782000005245209,0.2766999900341034,0.3031499981880188,0.2872999906539917,0.3537499904632568,0.2581500113010406,0.3504148125648498,0.1987436413764953,0.2361958444399746,0.2367553112698311,1.2784603834152222,73,1,180,180,0.2205540127224392,303.28910429212783,302.519694603814,0.0011666922375675,1461.6,782.3333333333334,679.1333333333333,332,267,401
Pudiparthi,14.225,79.995,28_515_shc_2023-24.7530,100,10,650.0,0.49,0.0791999995708465,0.0898000001907348,0.1187999993562698,0.1054000034928321,0.18469999730587,0.311599999666214,0.3713999986648559,0.3727999925613403,0.4110000133514404,0.3578000068664551,0.2669000029563904,0.1552000045776367,0.5591802597045898,0.3373990952968597,0.5019899125954087,0.4100388317529183,0.7159335017204285,5,0,0,180,0.1740313635932074,303.34381349351673,302.54216096666124,0.001244653567197,1478.1333333333334,780.9333333333333,697.0,347,333,320
Pudiparthi,14.228,79.998,28_515_shc_2023-24.7499,125,11,72.0,1.57,0.0860999971628189,0.062899999320507,0.0850000008940696,0.0887999981641769,0.161200001835823,0.26460000872612,0.3073000013828277,0.3064000010490417,0.3316999971866607,0.3364000022411346,0.2833999991416931,0.2037000060081482,0.5506073236465454,0.3105218112468719,0.3978207679618484,0.3646112652079608,0.9249347448349,9,1,90,177,0.1740313635932074,303.34381349351673,302.54216096666124,0.001244653567197,1478.1333333333334,780.9333333333333,697.0,350,328,322
Edagali,14.23,79.965,28_515_shc_2023-24.7522,213,41,124.0,1.0,0.0612500011920928,0.0682500004768371,0.1084000021219253,0.0961999967694282,0.1685999929904937,0.3039999902248382,0.3749499917030334,0.391400009393692,0.4147000014781952,0.4108999967575073,0.2612499892711639,0.1434500068426132,0.6054142713546753,0.3978571593761444,0.5066158941690568,0.4483596761574534,0.667475700378418,3,0,0,180,0.1740313635932074,303.34381349351673,302.54216096666124,0.001244653567197,1478.1333333333334,780.9333333333333,697.0,344,346,310
Molakalapundla,14.232,79.742,28_515_shc_2023-24.5025,88,3,91.0,0.31,0.0507000014185905,0.0570500008761882,0.0728999972343444,0.0577500015497207,0.0830499976873397,0.1270000040531158,0.1394499987363815,0.0838000029325485,0.1456499993801117,0.2583999931812286,0.1024999991059303,0.0557500012218952,0.184033915400505,0.0044950870797038,0.0649674570061487,0.0609071807360911,1.2231502532958984,38,2,153,177,0.2205540127224392,303.28910429212783,302.519694603814,0.0011666922375675,1466.7333333333331,785.5333333333333,681.2,332,283,385
JATLAKONDURU,14.232,79.872,28_515_shc_2023-24.7118,100,12,286.0,0.15,0.0839999988675117,0.0791999995708465,0.1055999994277954,0.1176000013947486,0.1905000060796737,0.252700001001358,0.2874000072479248,0.2775999903678894,0.3181000053882599,0.3136999905109405,0.3420000076293945,0.2486999928951263,0.4048582911491394,0.1860713213682174,0.2879354821983362,0.268096498735611,1.231988549232483,18,2,27,177,0.2683748457166883,303.2225027296278,302.4102653503418,0.0012769425874743,1476.4666666666667,786.0,690.5333333333333,315,339,345
Edagali,14.232,79.962,28_515_shc_2023-24.7507,163,85,280.0,1.2,0.0671499967575073,0.0764999985694885,0.1102999970316886,0.1064999997615814,0.1660999953746795,0.2630499899387359,0.3255000114440918,0.3477999866008758,0.3731000125408172,0.3578000068664551,0.3091500103473663,0.2036499977111816,0.5311468243598938,0.3535707294940948,0.4269133922005041,0.3792832289965764,0.8888729810714722,3,2,270,186,0.1740313635932074,303.34381349351673,302.54216096666124,0.001244653567197,1478.1333333333334,780.9333333333333,697.0,350,353,297
Epuru Bit-I-A,14.232,80.052,28_515_shc_2023-24.6877,226,40,195.0,0.38,0.0895500034093856,0.125,0.1623000055551529,0.188400000333786,0.2151499986648559,0.2748500108718872,0.2976999878883362,0.2888000011444092,0.3172000050544739,0.3091999888420105,0.3594000041484833,0.3094500005245209,0.2103939652442932,0.1461454629898071,0.1694000145059289,0.15411379552612,1.244459867477417,11,2,296,186,0.115121587117513,303.4052175733778,301.9982970343696,0.0012112925629454,1490.0666666666666,767.6,722.4,336,326,338
Utukur,14.235,79.74,28_515_shc_2023-24.6092,50,1,46.0,0.46,0.047749999910593,0.0496999993920326,0.0744000002741813,0.0606000013649463,0.1195999979972839,0.2171999961137771,0.2483499944210052,0.257099986076355,0.2856000065803528,0.2681500017642975,0.2080499976873397,0.129950001835823,0.618507981300354,0.3650119304656982,0.3936455484921228,0.3604622497175611,0.8092182278633118,39,1,46,177,0.2205540127224392,303.28910429212783,302.519694603814,0.0011666922375675,1466.7333333333331,785.5333333333333,681.2,327,295,379
Utukur,14.235,79.75,28_515_shc_2023-24.5482,301,68,195.0,1.99,0.0405000001192092,0.050000000745058,0.0791999995708465,0.0683000013232231,0.1255999952554702,0.2599999904632568,0.3186999857425689,0.3332000076770782,0.3447999954223633,0.3598999977111816,0.1868000030517578,0.097800001502037,0.6597758531570435,0.4524847567081451,0.4841008852557318,0.4407653971866459,0.5606242418289185,33,3,90,171,0.2205540127224392,303.28910429212783,302.519694603814,0.0011666922375675,1466.7333333333331,785.5333333333333,681.2,333,288,379
Raviguntapalle,14.24,79.535,28_515_shc_2023-24.5516,138,68,253.0,0.92,0.0422499999403953,0.0525499992072582,0.0808999985456466,0.0835499987006187,0.1367000043392181,0.2275999933481216,0.2572999894618988,0.2727000117301941,0.2844499945640564,0.2849999964237213,0.2680000066757202,0.1802500039339065,0.5309473872184753,0.3321934640407562,0.3426941057619728,0.3313576830225203,0.9827648997306824,92,3,226,186,0.1963410271538628,302.57522082858617,301.80224126180013,0.0010509146233515,1472.5333333333333,769.3333333333334,703.4666666666667,347,261,393
Rapur,14.24,79.54,28_515_shc_2023-24.7089,188,21,91.0,0.83,0.0650999993085861,0.0542499981820583,0.0750999972224235,0.0662999972701072,0.1137500032782554,0.2600499987602234,0.3078500032424927,0.3179999887943268,0.3349500000476837,0.2887499928474426,0.2295500040054321,0.1323499977588653,0.6549570560455322,0.4730746746063232,0.4807379991344565,0.4269478607215756,0.7218554019927979,94,1,46,177,0.1963410271538628,302.57522082858617,301.80224126180013,0.0010509146233515,1472.5333333333333,769.3333333333334,703.4666666666667,332,283,385
Gilakapadu,14.24,79.62,28_515_shc_2023-24.6294,163,29,176.0,0.78,0.0503499992191791,0.0759999975562095,0.0985499992966651,0.1098999977111816,0.1211000010371208,0.1651500016450882,0.1859499961137771,0.2275999933481216,0.2036499977111816,0.2180999964475631,0.2131000012159347,0.1552000045776367,0.3487407267093658,0.3054201006889343,0.223424441573114,0.2108059645852683,0.936291754245758,69,1,314,183,0.2047743479410807,303.14018393622507,302.38134282430013,0.0010901506561695,1472.8666666666666,777.2,695.6666666666666,313,276,411
Utukur,14.24,79.735,28_515_shc_2023-24.6391,75,3,39.0,0.22,0.0449000000953674,0.0608999989926815,0.0851500034332275,0.0917500033974647,0.1444499939680099,0.2176000028848648,0.2539499998092651,0.2425999939441681,0.2775999903678894,0.2565999925136566,0.2669000029563904,0.1695999950170517,0.4511739015579223,0.2535848021507263,0.2822052382916321,0.2711991209216777,1.1001648902893066,44,4,64,168,0.2205540127224392,303.28910429212783,302.519694603814,0.0011666922375675,1466.7333333333331,785.5333333333333,681.2,339,268,393
Utukur,14.24,79.74,28_515_shc_2023-24.6683,125,11,234.0,0.32,0.0861999988555908,0.0678000003099441,0.0988000035285949,0.0983999967575073,0.1699000000953674,0.2725000083446502,0.3192000091075897,0.3219999969005584,0.337799996137619,0.3064999878406524,0.3046000003814697,0.2087000012397766,0.531874418258667,0.3092091977596283,0.3981765156092691,0.3644067824050636,0.9459627270698548,43,0,0,180,0.2205540127224392,303.28910429212783,302.519694603814,0.0011666922375675,1466.7333333333331,785.5333333333333,681.2,321,287,392
JATLAKONDURU,14.24,79.885,28_515_shc_2023-24.6892,138,8,117.0,0.11,0.0685999989509582,0.1146000027656555,0.147599995136261,0.1827999949455261,0.1983000040054321,0.2723999917507171,0.3012000024318695,0.2745999991893768,0.3240000009536743,0.291700005531311,0.336899995803833,0.2601999938488006,0.2006996124982834,0.1613448858261108,0.1517957659136009,0.143827039073883,1.2268754243850708,13,5,322,189,0.2683748457166883,303.2225027296278,302.4102653503418,0.0012769425874743,1475.6666666666667,787.1333333333333,688.6,334,333,333
Kudithipalle,14.24,79.885,28_515_shc_2023-24.6979,163,67,52.0,0.12,0.0685999989509582,0.1146000027656555,0.147599995136261,0.1827999949455261,0.1983000040054321,0.2723999917507171,0.3012000024318695,0.2745999991893768,0.3240000009536743,0.291700005531311,0.336899995803833,0.2601999938488006,0.2006996124982834,0.1613448858261108,0.1517957659136009,0.143827039073883,1.2268754243850708,13,5,322,189,0.2683748457166883,303.2225027296278,302.4102653503418,0.0012769425874743,1475.6666666666667,787.1333333333333,688.6,334,333,333
Madamanuru,14.248,79.852,28_515_shc_2024-25.4998,138,17,371.0,0.21,0.0606000013649463,0.0733999982476234,0.1015999987721443,0.1195999979972839,0.1474000066518783,0.2442999929189682,0.293500006198883,0.3019999861717224,0.3208999931812286,0.3215000033378601,0.2506999969482422,0.1784999966621399,0.4326375722885132,0.3440141975879669,0.3103941014081032,0.2968749858523044,0.8301324844360352,22,1,226,183,0.2683748457166883,303.2225027296278,302.4102653503418,0.0012769425874743,1476.4666666666667,786.0,690.5333333333333,327,315,359
Idimepalle,14.25,79.965,28_515_shc_2023-24.7539,188,50,130.0,1.1,0.0722500011324882,0.0867500007152557,0.1296000033617019,0.1890999972820282,0.2261999994516372,0.2596000134944916,0.2822999954223633,0.277999997138977,0.2985999882221222,0.3020499944686889,0.3914499878883362,0.2933500111103058,0.1903232783079147,0.1027370020747184,0.1261368650162017,0.1378864652618045,1.4080934524536133,7,4,284,192,0.22248658074273,302.8724322001139,301.8127284579807,0.0012114176919541,1474.6,776.0,698.5333333333333,358,323,319
Epuru Bit - II (G V R Palem),14.25,80.025,28_515_shc_2023-24.7545,201,45,26.0,1.0,0.0648000016808509,0.0772000029683113,0.1115000024437904,0.0975999981164932,0.155699998140335,0.2721999883651733,0.3264000117778778,0.3409999907016754,0.3572500050067901,0.3895500004291534,0.2741000056266784,0.1702499985694885,0.554947555065155,0.3730621933937073,0.4515434853197365,0.3889835853689773,0.8038123846054077,6,1,270,183,0.22248658074273,302.8724322001139,301.8127284579807,0.0012114176919541,1464.7333333333331,768.1333333333333,696.8,339,327,334
Chuttupalem,14.252,79.642,28_515_shc_2023-24.5486,188,91,20.0,1.25,0.0417000018060207,0.0489999987185001,0.0819000005722045,0.0720499977469444,0.1324000060558319,0.2529999911785126,0.2897500097751617,0.3118000030517578,0.3145000040531158,0.3337999880313873,0.2407000064849853,0.1556500047445297,0.6245929598808289,0.4038721024990082,0.4354024507005991,0.4068846610083616,0.771969199180603,56,3,161,177,0.2069277869330512,303.36069717407224,302.412712181939,0.001085732387499,1462.1333333333334,775.9333333333333,686.4,279,324,397
Idimepalle,14.252,79.972,28_515_shc_2023-24.7510,63,4,650.0,0.02,0.0703499987721443,0.0851999968290329,0.1124999970197677,0.1086999997496604,0.1938499957323074,0.2967999875545501,0.3619000017642975,0.3664000034332275,0.4049000144004822,0.3877499997615814,0.2745000123977661,0.1717000007629394,0.5424121022224426,0.3079875111579895,0.466983181502734,0.3964208842822144,0.7491812705993652,8,1,180,180,0.22248658074273,302.8724322001139,301.8127284579807,0.0012114176919541,1474.6,776.0,698.5333333333333,352,336,312
Yepuru,14.255,79.53,28_515_shc_2023-24.5522,138,24,429.0,0.86,0.0416000001132488,0.0483000017702579,0.0735500007867813,0.0939999967813491,0.1375000029802322,0.2427999973297119,0.2761000096797943,0.2768999934196472,0.3070499897003174,0.2828499972820282,0.2786499857902527,0.2121499925851822,0.4931248426437378,0.3363899290561676,0.309234777471492,0.3150189436724294,1.0063199996948242,95,1,270,183,0.1816668192545573,302.8228119744195,302.14328401353623,0.0010487423561319,1470.8,767.6,703.2,340,276,384
Gandurupalle,14.255,79.595,28_515_shc_2025-26.4904,125,16,65.0,0.49,0.048599999397993,0.0610000006854534,0.0952000021934509,0.1155999973416328,0.1632999926805496,0.2483000010251999,0.2791000008583069,0.2878000140190124,0.3064999878406524,0.3077000081539154,0.2915000021457672,0.223700001835823,0.4268716275691986,0.2759920656681061,0.2824988803014022,0.2859198824084957,1.012856125831604,83,3,46,174,0.2069277869330512,303.36069717407224,302.412712181939,0.001085732387499,1466.9333333333334,771.7333333333333,695.1333333333333,320,282,398
Survepalle-III @ Iskapalem,14.255,80.005,28_515_shc_2023-24.7523,201,31,143.0,0.68,0.0498000010848045,0.0568000003695488,0.0847000032663345,0.0745000019669532,0.1234999969601631,0.2655999958515167,0.3560999929904938,0.3492000102996826,0.3801000118255615,0.3616000115871429,0.1862999945878982,0.1040999963879585,0.6483361124992371,0.4774698615074157,0.5012042118987396,0.4460863992931845,0.5335051417350769,5,1,90,177,0.22248658074273,302.8724322001139,301.8127284579807,0.0012114176919541,1464.7333333333331,768.1333333333333,696.8,340,354,307
Epuru Bit-I-A,14.255,80.05,28_515_shc_2023-24.4812,201,27,98.0,0.2,0.0888999998569488,0.1077999994158744,0.1472000032663345,0.1798000037670135,0.2123000025749206,0.2818999886512756,0.3073000013828277,0.2937999963760376,0.3273999989032745,0.3174999952316284,0.3436000049114227,0.3041000068187713,0.240709438920021,0.1610353589057922,0.1822133989298806,0.1756368004194854,1.169503092765808,5,3,46,174,0.22248658074273,302.8724322001139,301.8127284579807,0.0012114176919541,1474.0666666666666,761.5333333333333,712.6666666666666,345,346,309
Epuru Bit - II (G V R Palem),14.258,80.032,28_515_shc_2023-24.7543,138,23,46.0,1.38,0.0582999996840953,0.0627999976277351,0.0997999981045723,0.0722000002861023,0.1504999995231628,0.2581999897956848,0.3061999976634979,0.3016000092029571,0.3321000039577484,0.3228000104427337,0.1800000071525573,0.1045000031590461,0.6136971712112427,0.3342181146144867,0.4537901639999326,0.3937972186295686,0.5968169569969177,3,2,90,174,0.22248658074273,302.8724322001139,301.8127284579807,0.0012114176919541,1464.7333333333331,768.1333333333333,696.8,321,360,319
Idimepalle,14.26,79.955,28_515_shc_2023-24.7537,38,14,650.0,0.22,0.0668999999761581,0.0922000035643577,0.1315000057220459,0.1807000041007995,0.2125499993562698,0.2551000118255615,0.2846499979496002,0.2836999893188476,0.3127500116825104,0.2981500029563904,0.4457499980926513,0.3720000088214874,0.221791535615921,0.1433752924203872,0.1536029378505286,0.1602032132738135,1.571202039718628,13,4,284,192,0.22248658074273,302.8724322001139,301.8127284579807,0.0012114176919541,1476.1333333333334,777.8,698.2666666666667,343,328,329
Orupalle @ Turimerla,14.265,79.74,28_515_shc_2023-24.5970,138,21,104.0,0.76,0.052700001746416,0.050500001758337,0.0830499976873397,0.0621999986469745,0.1316500008106231,0.2576000094413757,0.2953499853610992,0.300599992275238,0.3183999955654144,0.3109999895095825,0.2238000035285949,0.1342999935150146,0.6571113467216492,0.3908617496490478,0.4602138893717397,0.4144645273583867,0.7445110082626343,44,1,270,183,0.2393033345540364,303.21989313761395,302.4602110968696,0.0011644987698243,1465.6,781.4666666666667,684.2,319,268,413
Muthukur,14.265,80.03,28_515_shc_2023-24.6360,88,14,39.0,1.38,0.0524999983608722,0.0571000017225742,0.0913000032305717,0.0701000019907951,0.1339000016450882,0.2621999979019165,0.3443999886512756,0.3576000034809112,0.3828999996185303,0.3781000077724457,0.1719000041484832,0.0966000035405159,0.6722001433372498,0.4551373422145843,0.5324271287016764,0.4648593291921962,0.4807046949863434,3,1,90,177,0.22248658074273,302.8724322001139,301.8127284579807,0.0012114176919541,1464.7333333333331,768.1333333333333,696.8,337,339,325
Epuru Bit-I-A,14.265,80.05,28_515_shc_2023-24.6869,201,5,156.0,0.33,0.049600001424551,0.0483000017702579,0.0794000029563903,0.0498999990522861,0.1146999970078468,0.296999990940094,0.3438000082969665,0.3488000035285949,0.3700000047683716,0.3529999852180481,0.19930000603199,0.0991000011563301,0.7496864795684814,0.505070149898529,0.5810879273374898,0.4988872876676248,0.5713876485824585,5,1,270,183,0.22248658074273,302.8724322001139,301.8127284579807,0.0012114176919541,1474.0666666666666,761.5333333333333,712.6666666666666,328,346,326
Vepinapiakkmambapuram,14.268,79.602,28_515_shc_2025-26.7049,63,6,124.0,0.23,0.0500999987125396,0.0604000017046928,0.0903000012040138,0.09740000218153,0.170300006866455,0.2547000050544739,0.2791999876499176,0.3077999949455261,0.3066000044345855,0.3129000067710876,0.2921000123023987,0.2170999944210052,0.5192497372627258,0.2875967025756836,0.3654808113161501,0.3486522206668719,0.948992908000946,78,2,333,183,0.2069277869330512,303.36069717407224,302.412712181939,0.001085732387499,1466.9333333333334,771.7333333333333,695.1333333333333,308,298,394
Survepalle-III @ Iskapalem,14.268,79.998,28_515_shc_2023-24.7528,138,64,162.0,0.58,0.0564000010490417,0.0615000016987323,0.0938000008463859,0.0790999978780746,0.1480000019073486,0.2526000142097473,0.3046999871730804,0.315200001001358,0.3336000144481659,0.3057000041007995,0.1645999997854232,0.0956000015139579,0.5987826585769653,0.3609671890735626,0.4442813734372653,0.3960080567244535,0.5222080945968628,6,1,270,183,0.22248658074273,302.8724322001139,301.8127284579807,0.0012114176919541,1474.6,776.0,698.5333333333333,330,339,330
Epuru Bit - I - B,14.27,80.035,28_515_shc_2023-24.7285,163,53,104.0,1.0,0.0615000016987323,0.0891999974846839,0.1202000007033348,0.126800000667572,0.1588000059127807,0.2027000039815902,0.230100005865097,0.255400002002716,0.2572000026702881,0.2313999980688095,0.24719999730587,0.1615000069141388,0.3364730477333069,0.2332206517457962,0.2386431097105742,0.2186579023110819,0.9678934812545776,3,2,180,180,0.22248658074273,302.8724322001139,301.8127284579807,0.0012114176919541,1464.7333333333331,768.1333333333333,696.8,320,344,336
Sankurathripalle,14.272,79.618,28_515_shc_2025-26.4870,113,6,215.0,0.21,0.0723000019788742,0.0553000010550022,0.0798000022768974,0.0668999999761581,0.130400002002716,0.2405000030994415,0.2617000043392181,0.2013999968767166,0.2928999960422516,0.3353999853134155,0.2653000056743622,0.1590999960899353,0.5013045072555542,0.2139843106269836,0.2830268047769965,0.262592732236431,1.3172791004180908,71,0,0,180,0.2069277869330512,303.36069717407224,302.412712181939,0.001085732387499,1466.9333333333334,771.7333333333333,695.1333333333333,288,317,395
Survepalle Bit 閳 II,14.272,79.972,28_515_shc_2023-24.7553,251,16,104.0,1.86,0.0410999990999698,0.0399999991059303,0.049600001424551,0.0331999994814395,0.0394000001251697,0.0280000008642673,0.0299999993294477,0.024100000038743,0.0245999991893768,0.0890000015497207,0.0197999998927116,0.016499999910593,-0.1588132530450821,-0.2409448772668838,-0.0246398770900326,-0.0244930902131653,0.8215767741203308,9,2,0,180,0.22248658074273,302.8724322001139,301.8127284579807,0.0012114176919541,1474.6,776.0,698.5333333333333,340,338,322
Cherukumudi,14.275,79.885,28_515_shc_2023-24.5257,113,62,98.0,0.68,0.0606999993324279,0.0571000017225742,0.0824000015854835,0.0794999971985817,0.1430999934673309,0.2669999897480011,0.3098999857902527,0.3355999886989593,0.3300999999046325,0.357699990272522,0.2858000099658966,0.1849000006914138,0.6169597506523132,0.4021307826042175,0.4624914203246567,0.419790179401858,0.8516091108322144,15,0,0,180,0.2240514119466145,303.1956418355306,302.3474018520779,0.0012764650408294,1473.4,780.8666666666667,692.6666666666666,339,348,313
Survepalle-IV @ N.G.Palem,14.275,80.02,28_515_shc_2023-24.7531,276,13,46.0,1.57,0.0606000013649463,0.0710999965667724,0.098300002515316,0.0883999988436698,0.1410000026226043,0.2851000130176544,0.3368000090122223,0.3519999980926513,0.3614000082015991,0.3486000001430511,0.2337000072002411,0.1371999979019165,0.5985468029975891,0.4279918670654297,0.4884556868144081,0.4204593791595328,0.6639204621315002,7,1,180,180,0.22248658074273,302.8724322001139,301.8127284579807,0.0012114176919541,1464.7333333333331,768.1333333333333,696.8,334,343,323
Akkampeta,14.278,79.832,28_515_shc_2023-24.6364,100,6,189.0,0.75,0.0756499990820884,0.0871500000357627,0.1194000020623207,0.1326999962329864,0.2008000016212463,0.2829999923706054,0.3145500123500824,0.333400011062622,0.3538500070571899,0.3689000010490417,0.2484499961137771,0.1577000021934509,0.4305943250656128,0.2482216507196426,0.339944810100475,0.3116137252572629,0.7452009320259094,18,1,180,180,0.2709937625461154,303.14552790323893,302.373161400689,0.001249187253898,1471.2,783.4666666666667,687.6,344,328,328
Kalichedu,14.28,79.75,28_515_shc_2023-24.6458,113,35,182.0,0.45,0.0509499981999397,0.068350002169609,0.0986500009894371,0.1081999987363815,0.1588000059127807,0.2478999942541122,0.3036499917507171,0.3093999922275543,0.3305999934673309,0.3431000113487243,0.1975499987602234,0.1088000014424324,0.481800764799118,0.3216573894023895,0.3478621654796929,0.3289014747261705,0.6384938955307007,30,1,0,180,0.2393033345540364,303.21989313761395,302.4602110968696,0.0011644987698243,1465.6,781.4666666666667,684.2,319,327,354
Manubolu,14.28,79.82,28_515_shc_2023-24.5385,125,117,163.0,0.72,0.0671999976038932,0.0741500034928321,0.1018500030040741,0.1136000007390976,0.148499995470047,0.1962500065565109,0.2176000028848648,0.2248000055551529,0.2398499995470047,0.2502500116825104,0.2754499912261963,0.2117000073194503,0.3286052048206329,0.2043932825326919,0.205883997983224,0.1989503888022893,1.225311279296875,24,3,180,180,0.2709937625461154,303.14552790323893,302.373161400689,0.001249187253898,1471.2,783.4666666666667,687.6,336,332,332
Gurivindapudi,14.28,79.905,28_515_shc_2023-24.5985,25,21,455.0,0.08,0.1137999966740608,0.1128000020980835,0.1448000073432922,0.1775999963283538,0.2184000015258789,0.2398000061511993,0.2518999874591827,0.253600001335144,0.2754000127315521,0.2899999916553497,0.353300005197525,0.3165000081062317,0.1762523353099823,0.0745762735605239,0.1289709592828087,0.122422688784607,1.393138766288757,10,3,35,174,0.2240514119466145,303.1956418355306,302.3474018520779,0.0012764650408294,1473.4,780.8666666666667,692.6666666666666,349,339,312
Manubolu,14.282,79.812,28_515_shc_2023-24.6957,125,55,85.0,0.31,0.0577000007033348,0.0794000029563903,0.1093999966979026,0.1283999979496002,0.1702000051736831,0.2689000070095062,0.3217000067234039,0.3264000117778778,0.3537000119686126,0.3292999863624573,0.3091000020503998,0.2352000027894973,0.4353562295436859,0.3145388662815094,0.3297142756640024,0.3110599263893881,0.9469975233078004,30,3,161,177,0.2709937625461154,303.14552790323893,302.373161400689,0.001249187253898,1471.2,783.4666666666667,687.6,333,342,325
Akilavalasa,14.285,79.52,28_515_shc_2023-24.6316,163,11,98.0,0.98,0.0427500009536743,0.0391499996185302,0.0562499985098838,0.0503499992191791,0.0887499973177909,0.2003999948501587,0.2463999986648559,0.2492000013589859,0.2768999934196472,0.2542999982833862,0.1535000056028366,0.0790499970316886,0.6638290882110596,0.4747743904590606,0.3952730280344967,0.3730535963904991,0.6159711480140686,90,1,180,180,0.1816668192545573,302.8228119744195,302.14328401353623,0.0010487423561319,1470.8,767.6,703.2,336,236,428
Kalichedu,14.285,79.735,28_515_shc_2023-24.5262,188,14,182.0,0.62,0.0500999987125396,0.0443999990820884,0.0615999996662139,0.05180000141263,0.1081999987363815,0.2322999984025955,0.2757000029087066,0.2687999904155731,0.3055999875068664,0.2800000011920929,0.225500002503395,0.1379999965429306,0.6768558621406555,0.4259946942329407,0.4351836755927094,0.3966609636191169,0.8389137387275696,34,5,38,171,0.2393033345540364,303.21989313761395,302.4602110968696,0.0011644987698243,1465.6,781.4666666666667,684.2,311,320,370
Survepalle-III @ Iskapalem,14.285,80.005,28_515_shc_2023-24.7534,125,19,143.0,1.15,0.0710000023245811,0.0798999965190887,0.1096000000834465,0.1199999973177909,0.1821999996900558,0.2933000028133392,0.335999995470047,0.3404000103473663,0.3813000023365021,0.3729000091552734,0.2413000017404556,0.1660999953746795,0.4787141680717468,0.3027172088623047,0.3771002463099753,0.3442315877819385,0.7088719010353088,4,5,134,168,0.22248658074273,302.8724322001139,301.8127284579807,0.0012114176919541,1464.7333333333331,768.1333333333333,696.8,337,339,324
Survepalle-III @ Iskapalem,14.285,80.005,28_515_shc_2023-24.7492,88,13,598.0,1.43,0.0710000023245811,0.0798999965190887,0.1096000000834465,0.1199999973177909,0.1821999996900558,0.2933000028133392,0.335999995470047,0.3404000103473663,0.3813000023365021,0.3729000091552734,0.2413000017404556,0.1660999953746795,0.4787141680717468,0.3027172088623047,0.3771002463099753,0.3442315877819385,0.7088719010353088,4,5,134,168,0.22248658074273,302.8724322001139,301.8127284579807,0.0012114176919541,1464.7333333333331,768.1333333333333,696.8,337,339,324
Sanayapalem,14.288,79.618,28_515_shc_2023-24.6293,88,21,46.0,0.62,0.0636999979615211,0.0548000000417232,0.0780000016093254,0.0759999975562095,0.1415999978780746,0.2362000048160553,0.2666000127792358,0.26460000872612,0.290800005197525,0.2662999927997589,0.2635000050067901,0.1808000057935714,0.5537287592887878,0.3028065264225006,0.3600336210864562,0.3365453421848404,0.9958427548408508,92,1,134,177,0.2069277869330512,303.36069717407224,302.412712181939,0.001085732387499,1466.9333333333334,771.7333333333333,695.1333333333333,313,284,403
Orupalle,14.288,79.732,28_515_shc_2025-26.5141,138,1,52.0,0.58,0.0995000004768371,0.0575999990105629,0.0825000032782554,0.0750000029802322,0.1045000031590461,0.2291000038385391,0.2671000063419342,0.2745999991893768,0.2878000140190124,0.3084999918937683,0.2354999929666519,0.1448999941349029,0.570938229560852,0.4486942589282989,0.3860436183413704,0.3524011223506876,0.8576110601425171,36,1,46,177,0.2393033345540364,303.21989313761395,302.4602110968696,0.0011644987698243,1465.6,781.4666666666667,684.2,313,307,380
Akilavalasa,14.29,79.51,28_515_shc_2023-24.5134,176,69,143.0,0.33,0.0475500002503395,0.0511999987065792,0.0858500003814697,0.0896999984979629,0.1604499965906143,0.2336499989032745,0.2608000040054321,0.2648999989032745,0.2903499901294708,0.2974500060081482,0.2926500141620636,0.2150000035762787,0.4940778315067291,0.2455624788999557,0.3086463259384798,0.3075122880963243,1.1047565937042236,99,1,46,177,0.1816668192545573,302.8228119744195,302.14328401353623,0.0010487423561319,1470.8,767.6,703.2,341,256,403
Sanayapalem,14.29,79.625,28_515_shc_2023-24.5271,151,22,163.0,0.48,0.0474999994039535,0.061099998652935,0.0894000008702278,0.1111999973654747,0.1695999950170517,0.2466000020503997,0.2782000005245209,0.2901999950408935,0.3097999989986419,0.2998000085353851,0.3296999931335449,0.2382999956607818,0.4459392130374908,0.2622879445552826,0.2985024829880666,0.2978699786721136,1.1361130475997925,83,1,46,177,0.2069277869330512,303.36069717407224,302.412712181939,0.001085732387499,1462.1333333333334,775.9333333333333,686.4,309,261,429
Griddalur,14.29,79.73,28_515_shc_2023-24.5158,125,16,195.0,0.58,0.0653999969363212,0.0562000013887882,0.0769999995827674,0.0749000012874603,0.1243000030517578,0.2186000049114227,0.2515000104904175,0.2696000039577484,0.2732999920845032,0.2658999860286712,0.2469999939203262,0.1680999994277954,0.5651668906211853,0.3688753545284271,0.3751445134493739,0.3458259350994705,0.9161720871925354,36,3,72,171,0.2393033345540364,303.21989313761395,302.4602110968696,0.0011644987698243,1465.6,781.4666666666667,684.2,323,299,377
Akilavalasa,14.292,79.502,28_515_shc_2025-26.4935,151,75,46.0,0.55,0.0564999990165233,0.0666999965906143,0.088699996471405,0.0956000015139579,0.138600006699562,0.2292499989271164,0.271450012922287,0.2867999970912933,0.3014500141143799,0.2982000112533569,0.2283499985933303,0.1605000048875808,0.5,0.3483779728412628,0.3514318110406816,0.3250226584534542,0.7961994409561157,102,3,134,174,0.1816668192545573,302.8228119744195,302.14328401353623,0.0010487423561319,1478.2666666666669,762.9333333333333,715.2666666666667,330,260,409
Devaravemur,14.292,79.752,28_515_shc_2023-24.5034,138,121,143.0,0.35,0.0524000003933906,0.0712999999523162,0.0979999974370002,0.1041999980807304,0.1530999988317489,0.2433999925851822,0.2892999947071075,0.2906000018119812,0.3190000057220459,0.3287000060081482,0.2419999986886978,0.1668000072240829,0.4721378087997436,0.3098940849304199,0.3374244324837612,0.3124720670880652,0.8327597975730896,26,2,116,174,0.2709937625461154,303.14552790323893,302.373161400689,0.001249187253898,1466.9333333333334,778.9333333333333,688.2,322,337,341
Kuricherlapadu,14.292,79.832,28_515_shc_2023-24.7540,289,29,91.0,0.98,0.0622499994933605,0.0718000009655952,0.1030500009655952,0.1130999997258186,0.1730999946594238,0.2553499937057495,0.319599986076355,0.3242000043392181,0.3497999906539917,0.3546499907970428,0.243149995803833,0.157600000500679,0.4827349781990051,0.3038407564163208,0.3604111269361393,0.3378320767596281,0.75,18,1,90,177,0.2709937625461154,303.14552790323893,302.373161400689,0.001249187253898,1466.4,779.1333333333333,687.2666666666667,325,365,310
Survepalle Bit 閳 II,14.292,79.978,28_515_shc_2023-24.7532,339,24,78.0,1.59,0.0551000013947486,0.0469999983906745,0.0702499970793724,0.0483999997377395,0.1097000017762184,0.2651999890804291,0.3057999908924103,0.3237999975681305,0.326200008392334,0.3117499947547912,0.2334499955177307,0.1293999999761581,0.7399247884750366,0.4938869476318359,0.5456923120989435,0.4736298991304826,0.7209697365760803,19,0,0,180,0.22248658074273,302.8724322001139,301.8127284579807,0.0012114176919541,1461.2,768.5333333333333,692.6,352,319,330
Devaravemur,14.295,79.75,28_515_shc_2023-24.5369,151,16,117.0,0.28,0.0511999987065792,0.0579000003635883,0.0833000019192695,0.0806000009179115,0.1324000060558319,0.240799993276596,0.2849999964237213,0.2984000146389007,0.3145999908447265,0.3183999955654144,0.2486999928951263,0.1659000068902969,0.5746701955795288,0.3853296339511871,0.4040066980262627,0.3716723717854909,0.8334449529647827,29,1,134,177,0.2393033345540364,303.21989313761395,302.4602110968696,0.0011644987698243,1467.8,778.6666666666666,689.0666666666667,319,336,345
Kuricherlapadu,14.295,79.835,28_515_shc_2023-24.7508,213,19,78.0,1.29,0.0700000002980232,0.101400002837181,0.1307999938726425,0.1634999960660934,0.2064999938011169,0.2644000053405761,0.3087500035762787,0.3210000097751617,0.3436999917030334,0.34825000166893,0.3594500124454498,0.2567000091075897,0.3250774145126343,0.2170616388320922,0.2554330478366483,0.2399695471425892,1.1197819709777832,28,2,90,174,0.2709937625461154,303.14552790323893,302.373161400689,0.001249187253898,1470.6,778.1333333333333,692.4666666666667,320,374,306
Narikellapalle,14.295,80.09,28_515_shc_2023-24.6361,151,25,500.0,0.68,0.0720499977469444,0.0701000019907951,0.1032000035047531,0.0988999977707862,0.158500000834465,0.261599987745285,0.295549988746643,0.3059000074863434,0.3300000131130218,0.3064500093460083,0.33160001039505,0.2258500009775161,0.5113636255264282,0.3173988163471222,0.3767609713028425,0.3431697753859943,1.0840144157409668,2,3,145,174,0.1083714379204644,303.2952023824056,302.373503197564,0.0011789328067783,1482.2666666666669,752.0666666666667,730.3333333333334,312,364,324
Sanayapalem,14.298,79.632,28_515_shc_2023-24.4837,75,11,59.0,0.42,0.046799998730421,0.0658999979496002,0.0921000018715858,0.1296000033617019,0.1704999953508377,0.2137999981641769,0.2380000054836273,0.2599999904632568,0.2730000019073486,0.2630000114440918,0.3440999984741211,0.2660999894142151,0.3347022235393524,0.2078977823257446,0.2112287959694925,0.2198740804969242,1.3234615325927734,76,2,27,177,0.2069277869330512,303.36069717407224,302.412712181939,0.001085732387499,1458.4666666666667,770.0666666666667,688.3333333333334,314,266,420
Orupalle,14.298,79.712,28_515_shc_2023-24.6058,113,6,137.0,0.48,0.0447999984025955,0.0582999996840953,0.0813999995589256,0.120399996638298,0.1500999927520752,0.1879000067710876,0.2079000025987625,0.2142000049352646,0.2245000004768371,0.2502000033855438,0.2966000139713287,0.2415000051259994,0.2803347408771515,0.1759539246559143,0.1564011223227535,0.1685837672899265,1.3846871852874756,37,1,46,177,0.2393033345540364,303.21989313761395,302.4602110968696,0.0011644987698243,1467.8,778.6666666666666,689.0666666666667,347,247,407
Duggunta Rajupalem,14.3,79.66,28_515_shc_2023-24.5028,138,9,52.0,0.41,0.049550000578165,0.0443999990820884,0.0676999986171722,0.0584000013768672,0.1071500033140182,0.2265499979257583,0.2635000050067901,0.2782999873161316,0.2856500148773193,0.2645500004291534,0.191550001502037,0.1182999983429908,0.6531036496162415,0.4440264403820038,0.4242880017007817,0.3942273017406776,0.6882860660552979,64,2,116,174,0.2393033345540364,303.21989313761395,302.4602110968696,0.0011644987698243,1458.4666666666667,770.0666666666667,688.3333333333334,301,289,410
Orupalle @ Turimerla,14.3,79.72,28_515_shc_2023-24.6295,238,11,104.0,0.4,0.0559000000357627,0.0663999989628791,0.096000000834465,0.0970999971032142,0.1539999991655349,0.2171999961137771,0.245399996638298,0.2495999932289123,0.2739999890327453,0.272599995136261,0.2942000031471252,0.1908999979496002,0.4398615658283233,0.2368681728839874,0.2857517576022874,0.2701665250980074,1.1786859035491943,35,1,226,183,0.2393033345540364,303.21989313761395,302.4602110968696,0.0011644987698243,1467.8,778.6666666666666,689.0666666666667,321,299,380
Kanupur Bit-II @ Chowtapalem,14.3,79.89,28_515_shc_2023-24.7536,63,59,130.0,0.91,0.0666500031948089,0.0825000032782554,0.1149000003933906,0.1331000030040741,0.1690499931573867,0.2529999911785126,0.2844499945640564,0.3095999956130981,0.3096500039100647,0.2994999885559082,0.3177999854087829,0.2319499999284744,0.3986898362636566,0.2936383783817291,0.2962502835048609,0.2808422502406837,1.026485800743103,12,1,180,180,0.2240514119466145,303.1956418355306,302.3474018520779,0.0012764650408294,1470.4,775.8666666666667,694.6,348,336,316
Devaravemur,14.302,79.758,28_515_shc_2025-26.7062,75,21,91.0,0.45,0.0513000003993511,0.0588000006973743,0.0910999998450279,0.0706000030040741,0.1354999989271164,0.2581000030040741,0.2885999977588653,0.3007999956607818,0.3091999888420105,0.289900004863739,0.2212000042200088,0.1451999992132187,0.6198168992996216,0.3788677453994751,0.4484182467277774,0.3962588817008542,0.7353723645210266,32,1,314,183,0.2709937625461154,303.14552790323893,302.373161400689,0.001249187253898,1466.9333333333334,778.9333333333333,688.2,320,326,353
Perumallapadu,14.305,79.72,28_515_shc_2023-24.5525,75,85,293.0,0.88,0.0612999983131885,0.0746000036597251,0.099200002849102,0.1224000006914138,0.1643999963998794,0.2233999967575073,0.2506999969482422,0.2675999999046325,0.2815999984741211,0.2831000089645386,0.2982999980449676,0.2141000032424926,0.372307687997818,0.2388889044523239,0.2516464498580734,0.2447190996336675,1.1147234439849854,34,1,226,183,0.2393033345540364,303.21989313761395,302.4602110968696,0.0011644987698243,1467.8,778.6666666666666,689.0666666666667,324,285,391
Mollur,14.305,80.075,28_515_shc_2023-24.5662,125,52,98.0,0.1,0.0681999996304512,0.0728000029921531,0.1121999993920326,0.0922000035643577,0.1645999997854232,0.3037999868392944,0.3810999989509582,0.3971999883651733,0.4088999927043915,0.3810000121593475,0.225600004196167,0.1446000039577484,0.6232120990753174,0.4140263199806213,0.5429364631812943,0.4624014361562764,0.5679758787155151,7,1,134,177,0.1083714379204644,303.2952023824056,302.373503197564,0.0011789328067783,1466.2666666666669,756.3333333333334,709.8,318,347,334
Duggunta,14.31,79.66,28_515_shc_2023-24.5031,188,53,13.0,0.74,0.0450000017881393,0.0588500015437603,0.0844499990344047,0.0921500027179718,0.1409499943256378,0.2157000005245208,0.2483499944210052,0.2551999986171722,0.2759999930858612,0.2633000016212463,0.2849000096321106,0.1842000037431717,0.4694112539291382,0.2884008884429931,0.2982494567303734,0.2886351489507655,1.1163793802261353,59,2,153,177,0.2393033345540364,303.21989313761395,302.4602110968696,0.0011644987698243,1458.4666666666667,770.0666666666667,688.3333333333334,327,262,411
Mollur,14.312,80.078,28_515_shc_2023-24.4987,163,32,72.0,0.18,0.0998499989509582,0.0905999988317489,0.1177999973297119,0.1261000037193298,0.1702499985694885,0.2478500008583068,0.2777000069618225,0.2808000147342682,0.3009499907493591,0.2897500097751617,0.3041999936103821,0.2366999983787536,0.3801917135715484,0.2450948059558868,0.2848147982100105,0.2558716636902136,1.0833332538604736,11,1,90,177,0.1083714379204644,303.2952023824056,302.373503197564,0.0011789328067783,1466.2666666666669,756.3333333333334,709.8,328,339,333
Duggunta Rajupalem,14.315,79.65,28_515_shc_2023-24.6216,151,7,72.0,0.8,0.1106000021100044,0.1169999986886978,0.1485999971628189,0.1788000017404556,0.2269999980926513,0.2502999901771545,0.2678000032901764,0.2576000094413757,0.2802999913692474,0.2888000011444092,0.301800012588501,0.2558000087738037,0.1805682927370071,0.0631448850035667,0.1355908976685877,0.1262281184749237,1.171583890914917,53,5,306,192,0.2069277869330512,303.36069717407224,302.412712181939,0.001085732387499,1458.4666666666667,770.0666666666667,688.3333333333334,317,299,383
Kanupuru Bit - I,14.315,79.865,28_515_shc_2023-24.7501,213,13,46.0,0.98,0.050500001758337,0.0592000000178813,0.0842000022530555,0.0729999989271164,0.12950000166893,0.2342000007629394,0.2797000110149383,0.2827999889850616,0.3018999993801117,0.3197999894618988,0.2009000033140182,0.1086999997496604,0.5896571278572083,0.3718166053295135,0.4107925927077111,0.3677260919980432,0.7103960514068604,19,1,270,183,0.2240514119466145,303.1956418355306,302.3474018520779,0.0012764650408294,1470.6,778.1333333333333,692.4666666666667,330,326,343
Kasumuru,14.315,79.87,28_515_shc_2023-24.7527,50,38,650.0,0.59,0.0549000017344951,0.0599999986588954,0.09009999781847,0.0799999982118606,0.1418000012636184,0.266400009393692,0.3210000097751617,0.328000009059906,0.3540000021457672,0.3461000025272369,0.1832000017166137,0.0976999998092651,0.6078431606292725,0.3963388800621032,0.4565537726729913,0.4096916445956894,0.5585365891456604,20,1,270,183,0.2240514119466145,303.1956418355306,302.3474018520779,0.0012764650408294,1470.6,778.1333333333333,692.4666666666667,322,331,347
Survepalle Bit-I,14.315,79.955,28_515_shc_2023-24.7526,138,13,234.0,0.97,0.0804999992251396,0.1041999980807304,0.1509999930858612,0.196600005030632,0.2554999887943268,0.321399986743927,0.3544000089168548,0.3596000075340271,0.3946000039577484,0.3750999867916107,0.3871999979019165,0.2834999859333038,0.2930600345134735,0.169240802526474,0.2318370564811492,0.2314902488605345,1.076751947402954,18,0,0,180,0.22248658074273,302.8724322001139,301.8127284579807,0.0012114176919541,1466.6666666666667,776.1333333333333,690.7333333333333,348,321,331
Valluru,14.315,80.06,28_515_shc_2023-24.5453,88,14,98.0,0.44,0.0581000000238418,0.0680999979376792,0.0914999991655349,0.0833000019192695,0.1386999934911728,0.2520999908447265,0.3121500015258789,0.3242000043392181,0.3440499901771545,0.3405500054359436,0.2170500010251999,0.1353500038385391,0.5911656618118286,0.4007345139980316,0.458595082189717,0.3981818194357099,0.6694941520690918,10,3,226,186,0.1083714379204644,303.2952023824056,302.373503197564,0.0011789328067783,1466.2666666666669,756.3333333333334,709.8,323,350,327
Valluru,14.315,80.065,28_515_shc_2023-24.4993,238,23,46.0,0.1,0.062449999153614,0.0581000000238418,0.0827500000596046,0.0703999996185302,0.1479000002145767,0.2256499975919723,0.2620500028133392,0.2642000019550323,0.2739000022411346,0.2859500050544739,0.1938499957323074,0.1365000009536743,0.5791990756988525,0.2822130620479584,0.3873366159330087,0.3483105714793489,0.7337244153022766,8,2,90,174,0.1083714379204644,303.2952023824056,302.373503197564,0.0011789328067783,1466.2666666666669,756.3333333333334,709.8,320,349,330
Degapudi,14.318,79.718,28_515_shc_2023-24.6235,125,50,111.0,0.88,0.0432000011205673,0.049049999564886,0.0727000012993812,0.0560499988496303,0.1092000007629394,0.2475000023841858,0.3106499910354614,0.3237999975681305,0.352400004863739,0.3134999871253967,0.16075000166893,0.0851500034332275,0.7048835158348083,0.4956119954586029,0.5180018959089181,0.4564698524895543,0.4964484274387359,32,2,27,177,0.2393033345540364,303.21989313761395,302.4602110968696,0.0011644987698243,1467.8,778.6666666666666,689.0666666666667,332,262,406
Kanupuru Bit - I,14.32,79.92,28_515_shc_2023-24.7496,226,32,46.0,1.57,0.0738999992609024,0.1361999958753585,0.1650000065565109,0.1914000064134597,0.2092999964952469,0.257099986076355,0.2820000052452087,0.2978000044822693,0.2937000095844269,0.2383999973535537,0.299699991941452,0.2517000138759613,0.2174979448318481,0.174521803855896,0.1867059601143095,0.1613424942835323,1.0063800811767578,20,2,153,177,0.2240514119466145,303.1956418355306,302.3474018520779,0.0012764650408294,1466.6666666666667,776.1333333333333,690.7333333333333,348,343,310
Survepalle Bit-I,14.32,79.96,28_515_shc_2023-24.7546,138,16,78.0,1.17,0.0627999976277351,0.0802000015974044,0.1220000013709068,0.1342000067234039,0.2034000009298324,0.2892999947071075,0.3255000114440918,0.3452000021934509,0.3578000068664551,0.339599996805191,0.3095000088214874,0.2304999977350235,0.4401334822177887,0.2584761083126068,0.3405642573889481,0.3231570250393365,0.8965817093849182,13,1,134,177,0.22248658074273,302.8724322001139,301.8127284579807,0.0012114176919541,1461.2,768.5333333333333,692.6,363,335,302
Degapudi,14.322,79.712,28_515_shc_2023-24.4862,163,1,98.0,0.72,0.0419999994337558,0.0527999997138977,0.0784000009298324,0.0619000010192394,0.1315000057220459,0.2721000015735626,0.3529999852180481,0.3664000034332275,0.3876000046730041,0.3973999917507171,0.1808999925851822,0.0925000011920929,0.7109502553939819,0.471781462430954,0.5673349227905135,0.492028440622904,0.4937226772308349,35,1,0,180,0.2393033345540364,303.21989313761395,302.4602110968696,0.0011644987698243,1467.8,778.6666666666666,689.0666666666667,329,266,405
Degapudi,14.322,79.718,28_515_shc_2023-24.5463,125,6,104.0,0.71,0.047249998897314,0.0570000000298023,0.0812499970197677,0.0635000020265579,0.1256500035524368,0.2592999935150146,0.3246999979019165,0.3283999860286712,0.3603000044822693,0.3476000130176544,0.183799996972084,0.0966000035405159,0.6759377121925354,0.4465366899967193,0.5166159303041222,0.4455095653376832,0.5596833229064941,33,0,0,180,0.2393033345540364,303.21989313761395,302.4602110968696,0.0011644987698243,1467.8,778.6666666666666,689.0666666666667,343,259,398
Sankurathripalle,14.325,79.63,28_515_shc_2023-24.5911,176,68,442.0,0.62,0.0544000007212162,0.0610000006854534,0.0923999994993209,0.0878999978303909,0.1448999941349029,0.273499995470047,0.3201999962329864,0.3319999873638153,0.350600004196167,0.3300999999046325,0.2461999952793121,0.1497000008821487,0.5813288688659668,0.3923254311084747,0.4353020809177368,0.3980323841649331,0.7415663003921509,54,2,0,180,0.2069277869330512,303.36069717407224,302.412712181939,0.001085732387499,1458.4666666666667,770.0666666666667,688.3333333333334,296,339,365
Sankurathripalle,14.325,79.63,28_515_shc_2023-24.5279,113,75,461.0,0.85,0.0544000007212162,0.0610000006854534,0.0923999994993209,0.0878999978303909,0.1448999941349029,0.273499995470047,0.3201999962329864,0.3319999873638153,0.350600004196167,0.3300999999046325,0.2461999952793121,0.1497000008821487,0.5813288688659668,0.3923254311084747,0.4353020809177368,0.3980323841649331,0.7415663003921509,54,2,0,180,0.2069277869330512,303.36069717407224,302.412712181939,0.001085732387499,1458.4666666666667,770.0666666666667,688.3333333333334,296,339,365
Duggunta Rajupalem,14.325,79.665,28_515_shc_2023-24.5510,176,11,183.0,1.0,0.0621000006794929,0.0772000029683113,0.1066000014543533,0.1177999973297119,0.1699000000953674,0.2263000011444091,0.2506999969482422,0.2619999945163727,0.2768000066280365,0.2727999985218048,0.2845000028610229,0.2150000035762787,0.3796735107898712,0.2132437974214553,0.2593898433728208,0.2458513273296682,1.0858778953552246,47,1,270,183,0.2393033345540364,303.21989313761395,302.4602110968696,0.0011644987698243,1458.4666666666667,770.0666666666667,688.3333333333334,326,273,401
Degapudi,14.325,79.715,28_515_shc_2023-24.5489,151,48,78.0,0.32,0.0447500012814998,0.0518999993801116,0.0832000002264976,0.0601500011980533,0.1306499987840652,0.2926500141620636,0.3625999987125397,0.3808000087738037,0.4034000039100647,0.4129000008106231,0.192900002002716,0.095100000500679,0.7271799445152283,0.4890996217727661,0.5927206231081678,0.5111589417784385,0.5065650939941406,33,1,270,183,0.2393033345540364,303.21989313761395,302.4602110968696,0.0011644987698243,1467.8,778.6666666666666,689.0666666666667,344,248,409
Survepalle Bit-I,14.325,79.955,28_515_shc_2023-24.7533,38,4,344.0,0.72,0.0631999969482421,0.0688999965786933,0.1019999980926513,0.1261000037193298,0.1760500073432922,0.2215500026941299,0.2430499941110611,0.1950999945402145,0.2472999989986419,0.275050014257431,0.291949987411499,0.200650006532669,0.2148194015026092,0.0513269230723381,0.1202132282945238,0.1260350541289399,1.4964120388031006,17,1,270,183,0.22248658074273,302.8724322001139,301.8127284579807,0.0012114176919541,1466.6666666666667,776.1333333333333,690.7333333333333,354,335,312
Mamidipudi,14.325,80.1,28_515_shc_2023-24.5119,163,58,46.0,1.0,0.0739500001072883,0.0737000033259391,0.1124000027775764,0.1018000021576881,0.1856500059366226,0.30239999294281,0.3630000054836273,0.3677999973297119,0.3938499987125397,0.3917999863624573,0.2448499947786331,0.1626999974250793,0.5664395093917847,0.3291173279285431,0.4663884663683931,0.4115098937386299,0.6657150387763977,2,3,19,177,0.1083714379204644,303.2952023824056,302.373503197564,0.0011789328067783,1482.2666666666669,752.0666666666667,730.3333333333334,312,360,329
Degapudi,14.33,79.715,28_515_shc_2023-24.5796,100,6,189.0,0.21,0.0432000011205673,0.0512499995529651,0.0799499973654747,0.060649998486042,0.1216999962925911,0.267300009727478,0.3131999969482422,0.3305999934673309,0.338450014591217,0.3192499876022339,0.2225999981164932,0.1261000037193298,0.6899680495262146,0.4618616104125976,0.5151225980501926,0.4543337964968168,0.6733212471008301,33,2,180,180,0.2393033345540364,303.21989313761395,302.4602110968696,0.0011644987698243,1467.8,778.6666666666666,689.0666666666667,348,246,406
Inukurthy,14.33,79.74,28_515_shc_2023-24.5273,163,14,33.0,0.15,0.0516999997198581,0.0601000003516674,0.0899000018835067,0.1006999984383583,0.1449999958276748,0.2515000104904175,0.2906000018119812,0.2856000065803528,0.3125,0.2998999953269958,0.2816999852657318,0.1946000009775161,0.4786435663700104,0.3265211582183838,0.321218875020494,0.3129301710961137,0.9863444566726683,41,3,134,174,0.2393033345540364,303.21989313761395,302.4602110968696,0.0011644987698243,1467.8,778.6666666666666,689.0666666666667,325,274,402
Degapudi,14.33,79.79,28_515_shc_2023-24.6891,113,19,85.0,0.38,0.048700001090765,0.0516000017523765,0.0746000036597251,0.0876000002026557,0.1412999927997589,0.2052000015974044,0.2371000051498413,0.2469999939203262,0.2644999921321869,0.2703000009059906,0.2829999923706054,0.193900004029274,0.4763897061347961,0.2722122073173523,0.2876010316634543,0.2864845342202018,1.1457489728927612,39,1,134,177,0.2709937625461154,303.14552790323893,302.373161400689,0.001249187253898,1466.9333333333334,778.9333333333333,688.2,318,316,366
Palicherlapadu,14.332,79.852,28_515_shc_2023-24.7505,151,16,85.0,0.9,0.0795999988913536,0.0948999971151351,0.121799997985363,0.1418000012636184,0.1691000014543533,0.2194000035524368,0.2436999976634979,0.2569999992847442,0.2667999863624573,0.2721000015735626,0.2955000102519989,0.2468000054359436,0.2888666093349457,0.206289604306221,0.2062963283354911,0.1922563383692284,1.1498055458068848,35,1,90,177,0.2240514119466145,303.1956418355306,302.3474018520779,0.0012764650408294,1470.6,778.1333333333333,692.4666666666667,299,306,395
Inukurthy,14.335,79.735,28_515_shc_2023-24.6917,75,14,65.0,0.52,0.0546000003814697,0.0617999993264675,0.0961999967694282,0.0832000002264976,0.1541000008583068,0.2454999983310699,0.2763000130653381,0.2809999883174896,0.3039999902248382,0.3025000095367431,0.2651000022888183,0.1790000051259994,0.5431081652641296,0.2916570603847503,0.3755600912944818,0.3433232886711455,0.94341641664505,42,1,90,177,0.2393033345540364,303.21989313761395,302.4602110968696,0.0011644987698243,1465.6666666666667,774.4,691.2666666666667,316,271,413
Kanupuru Bit - I,14.335,79.87,28_515_shc_2023-24.7552,163,14,156.0,1.0,0.0487999990582466,0.0590999983251094,0.0874999985098838,0.0895000025629997,0.1398999989032745,0.2726500034332275,0.3194999992847442,0.3314000070095062,0.3514499962329864,0.3504500091075897,0.1863999962806701,0.0940499976277351,0.5747208595275879,0.4063229560852051,0.4243412948011679,0.3940167259181586,0.5624622702598572,28,2,116,174,0.2240514119466145,303.1956418355306,302.3474018520779,0.0012764650408294,1471.4666666666667,775.7333333333333,695.5333333333333,338,343,319
Anikepalle,14.335,79.96,28_515_shc_2023-24.7511,113,6,130.0,1.14,0.0705000013113021,0.0692000016570091,0.0945999994874,0.101000003516674,0.1411000043153762,0.2178999930620193,0.252700001001358,0.2766000032424927,0.2745999991893768,0.3080999851226806,0.2270999997854232,0.1553999930620193,0.4650423526763916,0.324395477771759,0.3219419151353908,0.3001367337739901,0.8210412263870239,10,2,207,183,0.22248658074273,302.8724322001139,301.8127284579807,0.0012114176919541,1457.0666666666666,762.8,694.2666666666667,336,336,328
Anikepalle,14.335,80.0,28_515_shc_2023-24.7500,251,32,163.0,1.3,0.060199998319149,0.0812000036239624,0.1234000027179718,0.1379999965429306,0.2134000062942505,0.3007499873638153,0.3575499951839447,0.3709999918937683,0.3907999992370605,0.3677999973297119,0.2944999933242798,0.1928499937057495,0.4577603042125702,0.2696782648563385,0.3663522068573647,0.3463825540451757,0.7938005328178406,8,1,180,180,0.22248658074273,302.8724322001139,301.8127284579807,0.0012114176919541,1457.0666666666666,762.8,694.2666666666667,343,329,328
Inukurthy,14.338,79.712,28_515_shc_2023-24.4870,113,6,215.0,0.21,0.0641499981284141,0.0903000012040138,0.1203000023961067,0.1450999975204467,0.1914999932050705,0.2625499963760376,0.3017500042915344,0.3009000122547149,0.3330999910831451,0.3303999900817871,0.3199000060558319,0.2299000024795532,0.3493273854255676,0.2221771329641342,0.2606659125803141,0.247040189943493,1.0631438493728638,36,1,90,177,0.2393033345540364,303.21989313761395,302.4602110968696,0.0011644987698243,1465.6666666666667,774.4,691.2666666666667,325,273,403
Kanupuru Bit - I,14.338,79.872,28_515_shc_2023-24.7538,176,38,65.0,1.0,0.0527499988675117,0.0582499988377094,0.0834999978542327,0.0734499990940094,0.1202000007033348,0.2147500067949295,0.2563000023365021,0.2793999910354614,0.2802500128746032,0.2887000143527984,0.176499992609024,0.1010999977588653,0.5836758017539978,0.3983983695507049,0.4012351552798387,0.3622266418333196,0.6317108273506165,28,1,226,183,0.2240514119466145,303.1956418355306,302.3474018520779,0.0012764650408294,1471.4666666666667,775.7333333333333,695.5333333333333,340,342,319
Nagulavaram,14.34,79.97,28_515_shc_2023-24.7493,113,6,130.0,1.14,0.0574500001966953,0.0706000030040741,0.100100003182888,0.0813999995589256,0.1705500036478042,0.3168500065803528,0.3888500034809112,0.3970000147819519,0.431549996137619,0.4105499982833862,0.2094999998807907,0.1106000021100044,0.659699022769928,0.3989956974983215,0.58190135268564,0.4838512018557733,0.5277078151702881,11,0,0,180,0.22248658074273,302.8724322001139,301.8127284579807,0.0012114176919541,1457.0666666666666,762.8,694.2666666666667,332,338,330
Biradavolu,14.342,79.762,28_515_shc_2023-24.5133,301,38,78.0,0.5,0.0538000017404556,0.0612999983131885,0.0948000028729438,0.0791999995708465,0.1284999996423721,0.2723000049591064,0.3468999862670898,0.3104000091552734,0.3749000132083893,0.316100001335144,0.2169999927282333,0.1168000027537345,0.5934291481971741,0.4144452214241028,0.4359467628896057,0.3898381418332576,0.6990978717803955,40,1,314,183,0.2709937625461154,303.14552790323893,302.373161400689,0.001249187253898,1460.0,775.0,685.0666666666667,332,288,380
Brahmadevam,14.342,80.062,28_515_shc_2023-24.6739,88,70,331.0,0.05,0.0564499981701374,0.0575499981641769,0.0877000018954277,0.0772000029683113,0.1422999948263168,0.2797999978065491,0.3495999872684479,0.3668000102043152,0.3904500007629394,0.3609000146389007,0.1904499977827072,0.1030500009655952,0.6522522568702698,0.4409742951393127,0.5177438072456921,0.4601694966020815,0.5192202925682068,8,2,153,177,0.1083714379204644,303.2952023824056,302.373503197564,0.0011789328067783,1466.4666666666667,752.4666666666667,714.0,340,330,330
Gonupalle,14.345,79.425,28_515_shc_2023-24.5517,100,31,494.0,0.42,0.0295000001788139,0.0416000001132488,0.0594500005245208,0.0549999997019767,0.0911500006914138,0.1867499947547912,0.2221499979496002,0.231900006532669,0.2446500062942505,0.2522499859333038,0.1868000030517578,0.1112999990582466,0.6165911555290222,0.435691088438034,0.3538283188243152,0.3372093126746191,0.8055196404457092,139,0,0,180,0.2045961168077257,302.2417844136556,301.51024907430013,0.0010115606766879,1460.8666666666666,704.5333333333333,756.4,316,279,405
Penubarthi,14.345,79.455,28_515_shc_2023-24.5523,125,88,546.0,0.36,0.0645499974489212,0.0893500000238418,0.1279000043869018,0.1731999963521957,0.2125999927520752,0.2556500136852264,0.2978000044822693,0.3005000054836273,0.3248499929904938,0.3177500069141388,0.4090499877929687,0.3172500133514404,0.2687354981899261,0.1713116616010666,0.190617388251141,0.1961076443844391,1.3612312078475952,105,1,90,177,0.1816668192545573,302.8228119744195,302.14328401353623,0.0010487423561319,1460.8666666666666,704.5333333333333,756.4,314,260,426
Penubarthi Gopasamudram,14.345,79.47,28_515_shc_2023-24.6226,151,14,52.0,1.3,0.0537500008940696,0.045949999243021,0.0741999968886375,0.0627999976277351,0.1354999989271164,0.2467000037431717,0.2870500087738037,0.2804000079631805,0.3084999918937683,0.3009999990463257,0.249549999833107,0.1642500013113021,0.634032666683197,0.3484010696411133,0.4144525273484649,0.3870967900129775,0.8899785876274109,97,3,325,186,0.1816668192545573,302.8228119744195,302.14328401353623,0.0010487423561319,1468.2,729.6666666666666,738.6,322,258,421
Kasumuru,14.345,79.86,28_515_shc_2023-24.7525,163,70,39.0,0.73,0.0716999992728233,0.0851999968290329,0.1134999990463256,0.1457999944686889,0.1728499978780746,0.2225999981164932,0.2401500046253204,0.2194000035524368,0.2547000050544739,0.2599500119686126,0.2992999851703644,0.2433000057935714,0.2015334367752075,0.1186743304133415,0.1264431167189826,0.1276005708253898,1.3641749620437622,30,3,325,186,0.2240514119466145,303.1956418355306,302.3474018520779,0.0012764650408294,1471.4666666666667,775.7333333333333,695.5333333333333,334,316,350
Kasumuru,14.345,79.865,28_515_shc_2023-24.7535,138,10,123.0,0.79,0.0520999990403652,0.064300000667572,0.0864999964833259,0.0901999995112419,0.1263000071048736,0.1943999975919723,0.2250999957323074,0.2316000014543533,0.2304999977350235,0.2689000070095062,0.1695999950170517,0.1155999973416328,0.4394033551216125,0.2942162454128265,0.2739142277587914,0.2580919964291247,0.7322970628738403,28,2,90,174,0.2240514119466145,303.1956418355306,302.3474018520779,0.0012764650408294,1471.4666666666667,775.7333333333333,695.5333333333333,321,340,340
Kanupuru Bit - I,14.348,79.862,28_515_shc_2023-24.7497,151,23,91.0,0.9,0.0560000017285347,0.0745000019669532,0.0988000035285949,0.096900001168251,0.1405999958515167,0.1914000064134597,0.2098000049591064,0.1645999997854232,0.2204000055789947,0.2775000035762787,0.225500002503395,0.1606000065803527,0.2588910162448883,0.0786369740962982,0.1425563256915415,0.1333552170697057,1.3699878454208374,34,2,244,186,0.2240514119466145,303.1956418355306,302.3474018520779,0.0012764650408294,1471.4666666666667,775.7333333333333,695.5333333333333,347,286,367
T.P.Gudur Bit-I,14.348,80.082,28_515_shc_2023-24.5747,138,82,351.0,0.26,0.0608000010251998,0.0617999993264675,0.095499999821186,0.0821999981999397,0.1523000001907348,0.3025999963283539,0.3438000082969665,0.3851999938488006,0.3790999948978424,0.3497999906539917,0.2632000148296356,0.1693000048398971,0.6482670307159424,0.4333023130893707,0.535373521445426,0.4698159987687826,0.6832814812660217,8,1,0,180,0.1083714379204644,303.2952023824056,302.373503197564,0.0011789328067783,1466.4666666666667,752.4666666666667,714.0,337,356,307
Biradavolu,14.35,79.765,28_515_shc_2023-24.6676,63,55,98.0,0.38,0.0465000011026859,0.049100000411272,0.0527999997138977,0.0476000010967254,0.0516999997198581,0.0520000010728836,0.0505999997258186,0.0436999984085559,0.0471000000834465,0.0627999976277351,0.0375999994575977,0.0273000001907348,-0.0427163504064083,-0.0838574543595314,-0.0101451607107887,-0.0098934619265156,0.8604119420051575,40,2,116,174,0.2129429711235894,303.1358219570584,302.3540913052029,0.0012646543177323,1460.0,775.0,685.0666666666667,316,323,361
Ananthapuram,14.35,80.1,28_515_shc_2023-24.6722,163,25,156.0,0.45,0.0816999971866607,0.1045000031590461,0.1420000046491623,0.1534000039100647,0.21594999730587,0.3041000068187713,0.3450500071048736,0.3508000075817108,0.3777500092983246,0.363750010728836,0.3612000048160553,0.2576000094413757,0.3915112912654876,0.2379356175661087,0.3317758625438238,0.2948615834684187,1.0296465158462524,8,2,90,174,0.1097453223334418,303.2792789883084,302.32053553263347,0.0011346938591359,1478.3333333333333,747.4,730.9333333333333,320,351,330
T.P.Gudur Bit-I,14.35,80.105,28_515_shc_2023-24.7218,113,21,273.0,0.28,0.0780000016093254,0.1025499999523162,0.1356000006198883,0.1375000029802322,0.1995500028133392,0.2908999919891357,0.3295499980449676,0.334199994802475,0.3669500052928924,0.3576500117778778,0.2433499991893768,0.1532000005245208,0.4170023202896118,0.2522716522216797,0.3537578727349782,0.3036430877911183,0.7281568050384521,6,1,226,183,0.1097453223334418,303.2792789883084,302.32053553263347,0.0011346938591359,1478.3333333333333,747.4,730.9333333333333,335,336,328
Kanupuru Bit - I,14.352,79.938,28_515_shc_2023-24.7502,301,60,65.0,1.0,0.0672999992966651,0.0861999988555908,0.1224000006914138,0.1542000025510788,0.1903000026941299,0.2533000111579895,0.2851000130176544,0.2863999903202057,0.3172000050544739,0.2975000143051147,0.4016000032424927,0.2906000018119812,0.300045371055603,0.201594278216362,0.2111685939698197,0.2108228611063008,1.402234673500061,19,0,0,180,0.2152747260199652,303.1749929640028,302.33747889200845,0.0012981579145843,1468.5333333333333,771.7333333333333,696.8666666666667,355,324,321
Pynampuram,14.352,80.108,28_515_shc_2025-26.7386,100,20,130.0,0.48,0.0747999995946884,0.0890000015497207,0.1240999996662139,0.1387999951839447,0.2010499984025955,0.2835499942302704,0.3401499986648559,0.3445999920368194,0.3779999911785126,0.3725999891757965,0.2833999991416931,0.1613499969244003,0.4257344007492065,0.2630807161331177,0.3407510488460307,0.3139109205723549,0.8224027752876282,6,0,0,180,0.1097453223334418,303.2792789883084,302.32053553263347,0.0011346938591359,1478.3333333333333,747.4,730.9333333333333,332,341,327
Palicherlapadu,14.358,79.822,28_515_shc_2023-24.7519,201,14,85.0,1.05,0.0671000033617019,0.068800002336502,0.0881000012159347,0.0991000011563301,0.1532000005245208,0.2138999998569488,0.2461999952793121,0.2509999871253967,0.2680000066757202,0.2133000046014785,0.2865000069141388,0.2205000072717666,0.4338760077953338,0.2419593930244445,0.2856121928574304,0.2680272698440379,1.1414343118667605,44,2,0,180,0.2129429711235894,303.1358219570584,302.3540913052029,0.0012646543177323,1457.4666666666667,774.3333333333334,683.0666666666667,333,290,377
Epuru Bit - II (G V R Palem),14.36,79.975,28_515_shc_2023-24.7551,100,35,500.0,0.32,0.0535999983549118,0.0706000030040741,0.0997499972581863,0.0785999968647956,0.1393499970436096,0.2811999917030334,0.3472000062465668,0.3535999953746795,0.384550005197525,0.3662500083446502,0.186949998140335,0.1036000028252601,0.6362795233726501,0.4346282482147217,0.5306012353669143,0.4425016103828261,0.5287047624588013,10,1,180,180,0.1781277974446614,303.0881494310167,302.29853574964733,0.0012157841603336,1457.0666666666666,762.8,694.2666666666667,352,316,332
Penubarthi,14.36,80.0,28_515_shc_2023-24.5603,138,59,377.0,0.5,0.0546999983489513,0.0672499984502792,0.0935499966144561,0.0709000006318092,0.1367499977350235,0.2829000055789947,0.3794000148773193,0.3783999979496002,0.4165500104427337,0.4141499996185303,0.2058500051498413,0.1107499971985817,0.6843979358673096,0.4690866768360138,0.5916078152941558,0.485884332314292,0.5440011024475098,10,1,180,180,0.1781277974446614,303.0881494310167,302.29853574964733,0.0012157841603336,1457.0666666666666,762.8,694.2666666666667,346,327,327
Kakupalle -II (Madaraja Gudur),14.36,80.03,28_515_shc_2023-24.5604,251,26,384.0,0.96,0.0368999987840652,0.0397000014781951,0.0640000030398368,0.0401500016450881,0.1070000007748603,0.2842000126838684,0.3341499865055084,0.3589999973773956,0.3677499890327453,0.332749992609024,0.1360500007867813,0.0662000030279159,0.7988224625587463,0.5407724976539612,0.6121606509853482,0.5319190281025642,0.3789693713188171,9,2,180,180,0.1781277974446614,303.0881494310167,302.29853574964733,0.0012157841603336,1454.4666666666667,757.8666666666667,696.4666666666667,352,326,322
Ananthapuram,14.36,80.12,28_515_shc_2023-24.6135,50,5,143.0,0.28,0.0883999988436698,0.0979000031948089,0.1203000023961067,0.1333000063896179,0.1772000044584274,0.2465499937534332,0.2811500132083893,0.2531999945640564,0.3055999875068664,0.333950012922287,0.2997500002384186,0.2439000010490417,0.3102198839187622,0.1765799075365066,0.2272985542399156,0.2028764603137954,1.1838468313217163,5,0,0,180,0.1097453223334418,303.2792789883084,302.32053553263347,0.0011346938591359,1478.3333333333333,747.4,730.9333333333333,335,335,330
Vavintaparthi,14.362,79.652,28_515_shc_2023-24.6915,238,58,72.0,0.52,0.0748500004410743,0.0990500003099441,0.1282999962568283,0.1389999985694885,0.1747500002384185,0.2557500004768371,0.2894499897956848,0.2953000068664551,0.3190999925136566,0.2975499927997589,0.3111999928951263,0.2418500036001205,0.3598894774913788,0.2564620971679687,0.2818399999144467,0.250936541883092,1.0538434982299805,49,2,27,177,0.2101768493652343,303.15092069837783,302.3469352722168,0.0011733433999702,1453.6,764.4666666666667,689.2666666666667,300,303,397
Ananthapuram,14.362,80.112,28_515_shc_2023-24.6333,213,62,150.0,0.52,0.0674416646361351,0.0749199986457824,0.1107142865657806,0.1064857169985771,0.1681142896413803,0.2682571411132812,0.3097999989986419,0.323199987411499,0.338699996471405,0.3477799892425537,0.2531000077724457,0.1456499993801117,0.5043553113937378,0.3156547844409942,0.3869305407055988,0.3496573133020842,0.7831065058708191,9,3,226,186,0.1097453223334418,303.2792789883084,302.32053553263347,0.0011346938591359,1478.3333333333333,747.4,730.9333333333333,333,350,318
Kandalapadu,14.365,79.885,28_515_shc_2023-24.7520,176,23,111.0,1.86,0.0540000014007091,0.0671499967575073,0.0833000019192695,0.0794999971985817,0.1312000006437301,0.2540000081062317,0.3258500099182129,0.3212000131607055,0.3486500084400177,0.3420499861240387,0.1755499988794326,0.093299999833107,0.6031944155693054,0.4199823439121246,0.4667555222811017,0.4025202839717581,0.5465441942214966,27,3,123,171,0.2152747260199652,303.1749929640028,302.33747889200845,0.0012981579145843,1473.8,774.3333333333334,699.4666666666667,347,328,325
Donthali,14.368,79.892,28_515_shc_2023-24.6035,226,12,228.0,0.4,0.0636999979615211,0.0640000030398368,0.0853499993681907,0.0833000019192695,0.1357000023126602,0.231000006198883,0.261350005865097,0.2590000033378601,0.2903999984264374,0.3048999905586242,0.2054000049829483,0.125900000333786,0.5132924318313599,0.3123891651630401,0.3434860856080513,0.3128932690050639,0.793050229549408,26,1,180,180,0.2152747260199652,303.1749929640028,302.33747889200845,0.0012981579145843,1473.8,774.3333333333334,699.4666666666667,358,331,311
Penubarthi,14.368,80.042,28_515_shc_2024-25.7634,138,22,124.0,0.71,0.0537500008940696,0.0595000013709068,0.092749997973442,0.0754500031471252,0.1552000045776367,0.2974500060081482,0.3788000047206878,0.375,0.4106500148773193,0.3890500068664551,0.2460500001907348,0.1442500054836273,0.665001630783081,0.4145605266094208,0.54209344346134,0.472749743586206,0.6561333537101746,11,1,46,177,0.1781277974446614,303.0881494310167,302.29853574964733,0.0012157841603336,1466.4666666666667,752.4666666666667,714.0,344,330,327
Podalakur,14.37,79.75,28_515_shc_2023-24.5967,75,3,98.0,0.25,0.0526000000536441,0.0632999986410141,0.0850000008940696,0.0953999981284141,0.1455000042915344,0.2176000028848648,0.2467000037431717,0.2655999958515167,0.2800000011920929,0.2795000076293945,0.2836999893188476,0.1921000033617019,0.4714681506156921,0.2921430170536041,0.3121217648459903,0.2965156775490113,1.0681475400924685,57,1,46,177,0.2101768493652343,303.15092069837783,302.3469352722168,0.0011733433999702,1465.6666666666667,774.4,691.2666666666667,307,312,380
Kakupalle -II (Madaraja Gudur),14.37,80.04,28_515_shc_2023-24.7163,75,12,202.0,0.7,0.0535000003874301,0.0610500015318393,0.0900000035762786,0.0662999972701072,0.1318999975919723,0.3162499964237213,0.3986499905586242,0.4147999882698059,0.4230999946594238,0.3759500086307525,0.245399996638298,0.1344999969005584,0.7243816256523132,0.5174684524536133,0.6431194544765271,0.5328202978332237,0.5916104316711426,13,2,270,186,0.1781277974446614,303.0881494310167,302.29853574964733,0.0012157841603336,1454.4666666666667,757.8666666666667,696.4666666666667,349,333,318
Kumkumpudi,14.375,79.93,28_515_shc_2023-24.7513,113,11,72.0,1.0,0.0599999986588954,0.0658000037074089,0.0979999974370002,0.1019999980926513,0.181099995970726,0.2470999956130981,0.277099996805191,0.2928000092506408,0.3052999973297119,0.3046999871730804,0.245399996638298,0.1691000014543533,0.4832826852798462,0.2357037663459777,0.3379862807583293,0.319848026808501,0.8381147384643555,22,0,0,180,0.2152747260199652,303.1749929640028,302.33747889200845,0.0012981579145843,1468.5333333333333,771.7333333333333,696.8666666666667,371,319,310
Tegacherla,14.38,79.42,28_515_shc_2023-24.6300,163,23,124.0,0.25,0.0687000006437301,0.0754000023007392,0.1040000021457672,0.1263999938964843,0.1737000048160553,0.2334000021219253,0.2603999972343445,0.2669999897480011,0.2917999923229217,0.2903000116348266,0.3596000075340271,0.2685000002384186,0.357397049665451,0.2117086201906204,0.240769919219836,0.2360644701569632,1.3468165397644043,131,2,207,183,0.199139658610026,302.88432998657225,302.1369960361057,0.0009971011758225,1466.2666666666669,697.1333333333333,769.2666666666667,356,252,393
Donthali,14.38,79.88,28_515_shc_2023-24.5622,100,64,163.0,0.24,0.0516000017523765,0.0599000006914138,0.0935999974608421,0.1040000021457672,0.146599993109703,0.2161999940872192,0.2502999901771545,0.2820000052452087,0.2639000117778778,0.2976000010967254,0.2251999974250793,0.1555999964475631,0.4611398875713348,0.3159123063087463,0.3054745177947712,0.3013544045393444,0.7985815405845642,30,3,226,186,0.2152747260199652,303.1749929640028,302.33747889200845,0.0012981579145843,1466.4666666666667,770.8666666666667,695.6,335,344,321
Prabagiripatnam,14.382,79.728,28_515_shc_2023-24.6694,339,110,357.0,1.17,0.0848319977521896,0.0693813934922218,0.089717648923397,0.0977888852357864,0.1635062545537948,0.2372400015592575,0.2680285573005676,0.245709091424942,0.2990374863147735,0.3397625088691711,0.3223571479320526,0.2325333356857299,0.4306290447711944,0.2008791714906692,0.2818425442163985,0.2630478263411152,1.3119463920593262,49,5,281,195,0.2101768493652343,303.15092069837783,302.3469352722168,0.0011733433999702,1460.4,770.8666666666667,689.4666666666667,298,313,389
Navooru,14.382,79.728,28_515_shc_2023-24.5801,213,28,650.0,1.59,0.0848319977521896,0.0693813934922218,0.089717648923397,0.0977888852357864,0.1635062545537948,0.2372400015592575,0.2680285573005676,0.245709091424942,0.2990374863147735,0.3397625088691711,0.3223571479320526,0.2325333356857299,0.4306290447711944,0.2008791714906692,0.2818425442163985,0.2630478263411152,1.3119463920593262,49,5,281,195,0.2101768493652343,303.15092069837783,302.3469352722168,0.0011733433999702,1460.4,770.8666666666667,689.4666666666667,298,313,389
Tegacherla,14.385,79.415,28_515_shc_2023-24.6103,151,17,195.0,0.25,0.0425999984145164,0.0527999997138977,0.0784000009298324,0.0606999993324279,0.1237000003457069,0.2535000145435333,0.3327000141143799,0.3467999994754791,0.3754999935626983,0.3745000064373016,0.1831000000238418,0.0989999994635582,0.7020859122276306,0.4741764068603515,0.5439163510680042,0.4728925628411113,0.527970016002655,127,2,153,177,0.199139658610026,302.88432998657225,302.1369960361057,0.0009971011758225,1465.8,673.5333333333333,792.4,330,264,405
Vavintaparthi,14.385,79.645,28_515_shc_2023-24.6063,138,14,169.0,0.93,0.0530361719429492,0.0544152185320854,0.0738222226500511,0.0591512806713581,0.1132360026240348,0.2306695580482483,0.2703250050544739,0.285571426153183,0.3001466691493988,0.2806833386421203,0.2137999981641769,0.1264363676309585,0.6568182110786438,0.4321269094944,0.4593203936636186,0.4020611917719912,0.7486743330955505,55,3,180,180,0.2241705152723524,302.9783512539334,301.76221304999456,0.0010929466818575,1463.1333333333334,767.6666666666666,695.4,312,286,402
Varigonda,14.385,80.045,28_515_shc_2023-24.6650,138,14,501.0,0.21,0.0824500024318695,0.1016499996185302,0.1416999995708465,0.162100002169609,0.1834499984979629,0.2707000076770782,0.3025999963283539,0.311599999666214,0.3246499896049499,0.3062500059604645,0.319350004196167,0.2358999997377395,0.315600574016571,0.2588627338409424,0.245593277757818,0.2303070718107264,1.024871587753296,16,3,19,177,0.1781277974446614,303.0881494310167,302.29853574964733,0.0012157841603336,1468.4,748.6666666666666,719.7333333333333,335,326,338
Varigonda,14.385,80.055,28_515_shc_2023-24.7084,75,29,78.0,0.25,0.0584000013768672,0.0575999990105629,0.100100003182888,0.0794000029563903,0.1421000063419342,0.2784999907016754,0.3623999953269958,0.3544000089168548,0.3961000144481659,0.3664999902248382,0.1762000024318695,0.0920000001788139,0.6339327096939087,0.4275931417942047,0.4914927067150899,0.4417434179650554,0.497178316116333,13,1,0,180,0.1097453223334418,303.2792789883084,302.32053553263347,0.0011346938591359,1468.4,748.6666666666666,719.7333333333333,339,328,333
Eduru - I,14.385,80.11,28_515_shc_2023-24.5732,100,14,98.0,0.3,0.0979454517364502,0.127480000257492,0.1776749938726425,0.2170500010251999,0.2707000076770782,0.3373500108718872,0.3698999881744385,0.3745999932289123,0.3950999975204468,0.3260999917984009,0.4235833287239074,0.3553400039672851,0.2662891745567322,0.1610103547573089,0.2288906212768475,0.2164842115599896,1.130761742591858,10,1,0,180,0.1097453223334418,303.2792789883084,302.32053553263347,0.0011346938591359,1475.8,742.6666666666666,733.3333333333334,328,342,331
Tegacherla,14.388,79.438,28_515_shc_2023-24.5288,163,85,52.0,0.67,0.0388999991118907,0.0474000014364719,0.0725999996066093,0.0843999981880188,0.1289999932050705,0.1932999938726425,0.2178999930620193,0.2308000028133392,0.2432000041007995,0.2460000067949295,0.2818000018596649,0.1756000071763992,0.4644670188426971,0.2829349935054779,0.2648910881897324,0.2693817549904723,1.2209705114364624,128,3,199,183,0.199139658610026,302.88432998657225,302.1369960361057,0.0009971011758225,1466.2666666666669,697.1333333333333,769.2666666666667,316,261,423
Uchapalle,14.388,79.642,28_515_shc_2023-24.6801,88,27,39.0,0.4,0.0390162803232669,0.0528358966112136,0.074991300702095,0.0663043484091758,0.1217473670840263,0.2364999949932098,0.2780666649341583,0.2931454479694366,0.3094100058078766,0.3137336373329162,0.2322888821363449,0.1505749970674514,0.6310786604881287,0.4131141304969787,0.4380178693112031,0.395906370301234,0.7924014925956726,62,3,46,174,0.2241705152723524,302.9783512539334,301.76221304999456,0.0010929466818575,1463.1333333333334,767.6666666666666,695.4,319,290,390
Podalakur,14.388,79.718,28_515_shc_2023-24.5391,163,48,253.0,1.11,0.0530076920986175,0.0533977262675762,0.073817141354084,0.0746190473437309,0.1292166709899902,0.2581104040145874,0.3016200065612793,0.3083800077438354,0.3299142718315124,0.3169666528701782,0.2551666796207428,0.1573600023984909,0.6103434562683105,0.4094257354736328,0.4310987830267384,0.3971028491818532,0.8274423480033875,61,2,180,180,0.2101768493652343,303.15092069837783,302.3469352722168,0.0011733433999702,1460.4,770.8666666666667,689.4666666666667,295,313,392
Gonupalle,14.39,79.425,28_515_shc_2023-24.6890,113,10,124.0,0.32,0.0663999989628791,0.0829999968409538,0.1225999966263771,0.1860000044107437,0.2281000018119812,0.2730000019073486,0.3018999993801117,0.315200001001358,0.3346999883651733,0.3352000117301941,0.4873999953269958,0.3883000016212463,0.2577813267707824,0.1603165864944458,0.178581291723644,0.1935677125832134,1.5463197231292725,128,2,333,183,0.199139658610026,302.88432998657225,302.1369960361057,0.0009971011758225,1466.2666666666669,697.1333333333333,769.2666666666667,340,262,398
Tegacherla,14.39,79.435,28_515_shc_2023-24.5150,138,22,111.0,0.48,0.0502999983727932,0.0619000010192394,0.096000000834465,0.1345999985933303,0.1944999992847442,0.2495000064373016,0.2732999920845032,0.2736000120639801,0.2919999957084656,0.2707999944686889,0.3819999992847442,0.3016000092029571,0.340519368648529,0.1689810156822204,0.2149108101924224,0.2295750030382322,1.3961987495422363,132,3,123,171,0.199139658610026,302.88432998657225,302.1369960361057,0.0009971011758225,1466.2666666666669,697.1333333333333,769.2666666666667,323,261,417
Podalakur,14.39,79.715,28_515_shc_2023-24.6905,138,1,124.0,0.21,0.0401568636298179,0.0540437512099742,0.0850433930754661,0.0816111117601394,0.1432999968528747,0.2691699862480163,0.3106714189052582,0.3165142834186554,0.3392800092697143,0.3184333443641662,0.2477857172489166,0.1537888944149017,0.5900231003761292,0.3767049014568329,0.419214581861817,0.3923224522758636,0.7828579545021057,67,3,46,174,0.2101768493652343,303.15092069837783,302.3469352722168,0.0011733433999702,1460.4,770.8666666666667,689.4666666666667,297,315,388
Kanuparthipadu,14.39,79.99,28_515_shc_2023-24.4792,125,16,215.0,0.1,0.0714000016450882,0.0873500034213066,0.1287000030279159,0.1597999930381775,0.2179500013589859,0.2806000113487243,0.3148500025272369,0.3230000138282776,0.3443999886512756,0.3405500054359436,0.3641000092029571,0.2563999891281128,0.3380281925201416,0.194195419549942,0.2508184274177289,0.2490842790749126,1.1272445917129517,15,3,108,171,0.1781277974446614,303.0881494310167,302.29853574964733,0.0012157841603336,1465.7333333333331,762.6,703.2,340,312,348
T.P.Gudur Bit-I,14.39,80.085,28_515_shc_2023-24.5733,88,35,351.0,0.43,0.0705703720450401,0.083978570997715,0.112555555999279,0.1147666648030281,0.1669666618108749,0.2687875032424927,0.3326166570186615,0.3390666544437408,0.3558999896049499,0.3670370280742645,0.2055333405733108,0.1177999973297119,0.4942342936992645,0.3400961756706238,0.4011582473169367,0.3527345686841384,0.6061738729476929,7,3,108,171,0.1097453223334418,303.2792789883084,302.32053553263347,0.0011346938591359,1475.8,742.6666666666666,733.3333333333334,326,338,336
Varigonda,14.390169,80.036942,28_515_shc_2023-24.5312,88,43,338.0,0.22,0.0832000002264976,0.147599995136261,0.1788000017404556,0.1951999962329864,0.210899993777275,0.2716000080108642,0.2937000095844269,0.3183999955654144,0.3192999958992004,0.315200001001358,0.3438999950885772,0.2800000011920929,0.239875391125679,0.2030984461307525,0.2227686939301512,0.1823204424762837,1.0800879001617432,12,1,134,177,0.1781277974446614,303.0881494310167,302.29853574964733,0.0012157841603336,1466.2,757.0,709.2666666666667,342,328,330
Tegacherla,14.392,79.418,28_515_shc_2023-24.5694,176,45,26.0,0.2,0.069700002670288,0.0693999975919723,0.1026000007987022,0.1115999966859817,0.181099995970726,0.2524999976158142,0.2811000049114227,0.2946000099182129,0.300599992275238,0.2811000049114227,0.3185999989509582,0.2585000097751617,0.4505169987678528,0.2385957837104797,0.3168941127073065,0.3029132838753569,1.0814663171768188,121,3,19,177,0.199139658610026,302.88432998657225,302.1369960361057,0.0009971011758225,1466.2666666666669,697.1333333333333,769.2666666666667,351,252,397
Mogallur,14.395,79.685,28_515_shc_2023-24.4879,151,14,130.0,0.58,0.0546861104667186,0.0670280009508133,0.0895615369081497,0.1053000018000602,0.1595818251371383,0.2284999936819076,0.2523750066757202,0.2550800144672394,0.2906777858734131,0.2925750017166137,0.3299750089645386,0.2437250018119812,0.4156168699264526,0.2303037792444229,0.2705231487184408,0.2611288206988864,1.2936136722564695,78,1,0,180,0.2101768493652343,303.15092069837783,302.3469352722168,0.0011733433999702,1462.6,768.7333333333333,693.8666666666667,310,292,398
Podalakur,14.395,79.705,28_515_shc_2023-24.5009,125,11,98.0,0.24,0.0550133325159549,0.0881842076778411,0.1032999977469444,0.1090333312749862,0.1534000039100647,0.2495872974395752,0.2894232273101806,0.2948499917984009,0.3133452236652374,0.3033229112625122,0.260366678237915,0.188933327794075,0.4600751101970672,0.3155604898929596,0.3607618571836161,0.3083639045771972,0.8830479383468628,74,0,0,180,0.2101768493652343,303.15092069837783,302.3469352722168,0.0011733433999702,1462.6,768.7333333333333,693.8666666666667,300,310,390
Mogallur,14.4,79.675,28_515_shc_2023-24.6210,125,14,247.0,1.0,0.0660749971866607,0.0815461501479148,0.1055977791547775,0.1348499953746795,0.1774923056364059,0.2190660685300827,0.2442571371793747,0.2514444589614868,0.2747666537761688,0.2689799964427948,0.378787487745285,0.2824000120162964,0.3018279373645782,0.1724080592393875,0.2011708478080315,0.1973291094450146,1.5064460039138794,69,5,306,192,0.2101768493652343,303.15092069837783,302.3469352722168,0.0011733433999702,1462.6,768.7333333333333,693.8666666666667,300,297,403
Podalakur,14.4,79.725,28_515_shc_2023-24.5030,113,106,59.0,0.32,0.0506846159696579,0.0471945069730281,0.073482759296894,0.0569499991834163,0.1110000014305114,0.2437999993562698,0.2874999940395355,0.3068000078201294,0.3152999877929687,0.3003111183643341,0.2212714254856109,0.1231692284345626,0.6868728399276733,0.468645304441452,0.4825068690677602,0.4338929203082844,0.7212236523628235,63,4,194,183,0.2101768493652343,303.15092069837783,302.3469352722168,0.0011733433999702,1460.4,770.8666666666667,689.4666666666667,285,312,403
Thoderu,14.4,79.76,28_515_shc_2023-24.5795,125,19,117.0,0.52,0.0581818185746669,0.0798454582691192,0.1039000004529953,0.1349599957466125,0.1637357175350189,0.221000000834465,0.2517111003398895,0.2544291019439697,0.2831833362579345,0.2693769335746765,0.3260500133037567,0.2358500063419342,0.3068116307258606,0.2168843001127243,0.2038237586425141,0.2014907308413854,1.281496524810791,63,1,46,177,0.2129429711235894,303.1358219570584,302.3540913052029,0.0012646543177323,1463.0666666666666,772.7333333333333,690.3333333333334,308,323,370
Marupuru,14.402,79.802,28_515_shc_2023-24.7048,151,36,176.0,0.31,0.0824280008673667,0.08241818100214,0.1119052618741989,0.1228000000119209,0.1655199974775314,0.2282666712999344,0.2608000040054321,0.260699987411499,0.2829000055789947,0.2854846119880676,0.2993666529655456,0.2362750023603439,0.359582781791687,0.2233118861913681,0.2499340717771422,0.2341256186121864,1.148318648338318,49,1,90,177,0.2129429711235894,303.1358219570584,302.3540913052029,0.0012646543177323,1461.4666666666667,769.8666666666667,691.5333333333333,336,296,368
Amancherla,14.402,79.838,28_515_shc_2023-24.5214,138,105,143.0,0.36,0.0388922095298767,0.050578124821186,0.0664909109473228,0.0725705847144126,0.1103999987244606,0.1971800029277801,0.2266833335161209,0.236175000667572,0.2601714432239532,0.2771444320678711,0.2254619002342224,0.1360166668891906,0.5299004316329956,0.3629084527492523,0.3165076885251044,0.3034410677046591,0.9546391367912292,46,1,134,177,0.2129429711235894,303.1358219570584,302.3540913052029,0.0012646543177323,1460.9333333333334,770.0,691.0666666666667,339,288,374
Dachuru,14.405,79.56,28_515_shc_2023-24.6022,100,1,78.0,0.88,0.0366499982774257,0.0452999994158744,0.0746499970555305,0.0614000000059604,0.1206000000238418,0.2337000072002411,0.2669000029563904,0.2750000059604645,0.2922500073909759,0.2942500114440918,0.2153500020503997,0.1257999986410141,0.6349583864212036,0.3902932405471802,0.4096191544015441,0.3830703092374411,0.7830908894538879,85,1,0,180,0.2241705152723524,302.9783512539334,301.76221304999456,0.0010929466818575,1475.1333333333334,766.4666666666667,708.6,326,282,392
Mogallur,14.405,79.66,28_515_shc_2023-24.5908,163,16,156.0,0.81,0.0552459470927715,0.0668611079454422,0.0935309529304504,0.1047272756695747,0.1492100059986114,0.2281599938869476,0.2620750069618225,0.2698333263397217,0.2901124954223633,0.3079000115394592,0.266629159450531,0.1898285746574401,0.4407992959022522,0.2878540456295013,0.2955206548759003,0.2831811488377427,0.9881253838539124,74,2,64,174,0.2101768493652343,303.15092069837783,302.3469352722168,0.0011733433999702,1463.1333333333334,767.6666666666666,695.4,301,303,396
Dachuru,14.408,79.568,28_515_shc_2023-24.5106,176,14,169.0,0.32,0.0456000007688999,0.050900001078844,0.0777999982237815,0.0671999976038932,0.1225500032305717,0.2207500040531158,0.2498500049114227,0.2494000047445297,0.2781000137329101,0.2671000063419342,0.2193499952554702,0.1394499987363815,0.5754895806312561,0.3410404622554779,0.3584215479435451,0.334680394226039,0.8795108199119568,89,1,314,183,0.2241705152723524,302.9783512539334,301.76221304999456,0.0010929466818575,1475.1333333333334,766.4666666666667,708.6,323,275,402
Marupuru,14.408,79.802,28_515_shc_2023-24.6902,113,32,189.0,0.18,0.0550391301512718,0.0591928586363792,0.0811571404337883,0.0745500028133392,0.1329624950885772,0.2852999866008758,0.3786750137805938,0.3754619061946869,0.4090499877929687,0.3984083235263824,0.2204000055789947,0.1242500022053718,0.668675422668457,0.4769625663757324,0.5455985717913968,0.4751181019860332,0.5870103240013123,41,3,46,174,0.2129429711235894,303.1358219570584,302.3540913052029,0.0012646543177323,1461.4666666666667,769.8666666666667,691.5333333333333,335,285,380
Dachuru,14.41,79.575,28_515_shc_2023-24.6159,163,47,273.0,0.59,0.0675999969244003,0.0911500006914138,0.1167000010609626,0.1260000020265579,0.1840000003576278,0.2338500022888183,0.2542999982833862,0.2590999901294708,0.2761499881744385,0.2822999954223633,0.2975000143051147,0.2526000142097473,0.3456244766712188,0.1694876849651336,0.2499107914014309,0.2255677142963688,1.1482053995132446,91,1,90,177,0.2241705152723524,302.9783512539334,301.76221304999456,0.0010929466818575,1475.1333333333334,766.4666666666667,708.6,327,299,374
Varigonda,14.412,80.042,28_515_shc_2023-24.6721,188,54,143.0,0.38,0.0537000000476837,0.061999998986721,0.0835999995470047,0.0923999994993209,0.1492000073194503,0.2431000024080276,0.2951000034809112,0.3001999855041504,0.3296000063419342,0.3380999863147735,0.2067999988794326,0.1158000007271766,0.5292918682098389,0.3360035121440887,0.373848567007267,0.3492045532647325,0.6888741254806519,12,1,90,177,0.1781277974446614,303.0881494310167,302.29853574964733,0.0012157841603336,1468.4,748.6666666666666,719.7333333333333,326,344,329
Mogallur,14.415,79.665,28_515_shc_2023-24.6888,113,14,98.0,0.68,0.0434454530477523,0.0507239997386932,0.0741076916456222,0.081675000488758,0.1207949966192245,0.2228666692972183,0.2618249952793121,0.2541874945163727,0.2858499884605407,0.2939110994338989,0.2281166613101959,0.1471749991178512,0.5136402249336243,0.3557299375534057,0.3162332185854809,0.3095829069826054,0.897434651851654,75,1,134,177,0.2101768493652343,303.15092069837783,302.3469352722168,0.0011733433999702,1463.1333333333334,767.6666666666666,695.4,308,293,399
Marupuru,14.415,79.805,28_515_shc_2023-24.7049,63,6,124.0,0.23,0.0562999993562698,0.0577600002288818,0.0834000036120414,0.0756999999284744,0.1297000050544738,0.2483333349227905,0.3046166598796844,0.3105500042438507,0.3372400104999542,0.3480294048786163,0.2316499948501587,0.1285624951124191,0.6080259084701538,0.4107893109321594,0.4409335059617178,0.3974894271532968,0.7459346055984497,39,1,314,183,0.2129429711235894,303.1358219570584,302.3540913052029,0.0012646543177323,1461.4666666666667,769.8666666666667,691.5333333333333,339,301,360
Amancherla,14.415,79.855,28_515_shc_2023-24.4807,100,14,650.0,0.66,0.0875300019979476,0.0891333296895027,0.1085750013589859,0.116125002503395,0.1799922287464141,0.2477999925613403,0.2818566560745239,0.2632800042629242,0.306362509727478,0.2854803502559662,0.3183333277702331,0.2612499892711639,0.3878572881221771,0.1878930628299713,0.2848462607307317,0.2510020990794154,1.2091056108474731,41,1,46,177,0.2152747260199652,303.1749929640028,302.33747889200845,0.0012981579145843,1460.9333333333334,770.0,691.0666666666667,330,319,351
Nernoor,14.418,79.588,28_515_shc_2023-24.6913,63,1,52.0,1.34,0.0480000004172325,0.068400003015995,0.095100000500679,0.1186000034213066,0.1507000029087066,0.2000000029802322,0.2241999953985214,0.2282000035047531,0.2513000071048736,0.2498999983072281,0.2576000094413757,0.1937000006437301,0.3160322904586792,0.2045394480228424,0.1920381272339062,0.1941426532599505,1.1288343667984009,94,4,256,192,0.2241705152723524,302.9783512539334,301.76221304999456,0.0010929466818575,1467.5333333333333,764.0666666666667,703.4,294,311,395
Chinna Cherukur,14.418,80.028,28_515_shc_2023-24.7073,100,83,189.0,1.0,0.0601500011980533,0.0832500010728836,0.1180000007152557,0.1079000011086463,0.1665000021457672,0.2843999862670898,0.3368499875068664,0.3452000021934509,0.3651500046253204,0.3650999963283539,0.273250013589859,0.1494999974966049,0.5237254500389099,0.3492280542850494,0.4335909681270999,0.3734655339355652,0.7915701270103455,15,4,296,192,0.1781277974446614,303.0881494310167,302.29853574964733,0.0012157841603336,1474.3333333333333,754.6666666666666,719.6666666666666,326,340,334
Peduru,14.418,80.082,28_515_shc_2025-26.6625,25,53,650.0,1.42,0.0630560219287872,0.0815583318471908,0.1205800026655197,0.1052090898156166,0.1714625060558319,0.2779400050640106,0.3479285836219787,0.3707333207130432,0.388233333826065,0.3782666623592376,0.2033333331346511,0.1154000014066696,0.5578914880752563,0.3675255477428436,0.4774583904369747,0.4081043533402668,0.5484625101089478,10,2,180,180,0.1097453223334418,303.2792789883084,302.32053553263347,0.0011346938591359,1458.1333333333334,744.2,713.8666666666667,328,327,345
Kesamanenipalle,14.42,79.525,28_515_shc_2023-24.7158,113,3,189.0,0.66,0.0581000000238418,0.0755999982357025,0.1027999967336654,0.1164000034332275,0.1562000066041946,0.2123000025749206,0.2331999987363815,0.2451999932527542,0.2563999891281128,0.2549999952316284,0.2642000019550323,0.2022999972105026,0.3561946749687195,0.2217239290475845,0.2339096093371544,0.2242339664257259,1.077487826347351,94,2,90,174,0.1984325832790798,303.1142453511556,302.3787169562446,0.0010472338211683,1481.6666666666667,734.1333333333333,747.5333333333333,319,284,396
Yeturu,14.42,79.635,28_515_shc_2023-24.6680,100,19,104.0,0.67,0.0553666651248931,0.0734357163310051,0.0886916667222976,0.1013888865709304,0.1374125033617019,0.2250750064849853,0.2730750143527984,0.2795916795730591,0.3113000094890594,0.3013666570186615,0.2520999908447265,0.1952700018882751,0.4677477180957794,0.3409538269042969,0.3331747433946433,0.3034166697605723,0.9016720056533812,83,1,134,177,0.2241705152723524,302.9783512539334,301.76221304999456,0.0010929466818575,1462.4666666666667,764.9333333333333,697.4666666666667,278,337,385
Ravalla Yeruguntapalem,14.42,79.655,28_515_shc_2023-24.6937,151,29,65.0,0.41,0.0543514303863048,0.0740454569458961,0.0964777767658233,0.1122666671872139,0.1507750004529953,0.2390142828226089,0.293666660785675,0.3034000098705292,0.3188999891281128,0.3198666572570801,0.261929988861084,0.194521427154541,0.4598235785961151,0.3360489010810852,0.3361096633134988,0.3131052174424528,0.8633157014846802,66,3,46,174,0.2101768493652343,303.15092069837783,302.3469352722168,0.0011733433999702,1462.4666666666667,764.9333333333333,697.4666666666667,307,301,393
Thoderu,14.42,79.745,28_515_shc_2023-24.6693,113,52,91.0,0.22,0.0488933324813842,0.0566888898611068,0.0822327807545661,0.0719999969005584,0.1310124993324279,0.2374999970197677,0.2726333439350128,0.2804000079631805,0.3052999973297119,0.3155714273452759,0.2563166618347168,0.1521899998188018,0.5913734436035156,0.3631088137626648,0.4047440517738049,0.366729252475666,0.914110779762268,54,3,237,189,0.2101768493652343,303.15092069837783,302.3469352722168,0.0011733433999702,1460.0666666666666,766.2,694.0,315,307,378
Thotapalle,14.42,80.085,28_515_shc_2023-24.5409,151,40,351.0,0.38,0.0592857152223587,0.0651099979877471,0.0962111130356788,0.0905124992132186,0.1444333344697952,0.2780399918556213,0.3647800087928772,0.3711428642272949,0.3867363631725311,0.3723999857902527,0.1897999942302703,0.0926000028848648,0.6078785061836243,0.4397207200527191,0.4920256809143095,0.4377301510752228,0.5113933682441711,12,2,27,177,0.1097453223334418,303.2792789883084,302.32053553263347,0.0011346938591359,1456.6666666666667,736.4,720.4666666666667,341,329,330
Garimenapenta,14.422,79.392,28_515_shc_2024-25.5302,38,55,130.0,0.46,0.0471000000834465,0.0755999982357025,0.0971999987959861,0.1048000007867813,0.1542000025510788,0.2291000038385391,0.2578000128269195,0.2463999986648559,0.2804999947547912,0.3073999881744385,0.2698000073432922,0.2010000050067901,0.4031890630722046,0.2301547527313232,0.2706008180694107,0.2495300716094278,1.0949676036834717,95,1,90,177,0.199139658610026,302.88432998657225,302.1369960361057,0.0009971011758225,1480.0,668.2666666666667,811.5333333333333,354,259,386
Chinna Cherukur,14.422,80.048,28_515_shc_2024-25.6475,63,68,59.0,0.24,0.0671000033617019,0.0837500020861625,0.1169999986886978,0.1130999997258186,0.1685499995946884,0.2625499963760376,0.3025000095367431,0.3149999976158142,0.3386499881744385,0.3384999930858612,0.2293500006198883,0.1321499943733215,0.4716187715530395,0.3028642237186432,0.3696515879075532,0.3263118173714578,0.7280952334403992,9,6,10,177,0.1781277974446614,303.0881494310167,302.29853574964733,0.0012157841603336,1458.1333333333334,744.2,713.8666666666667,342,335,322
Uyyalapalle,14.425,79.39,28_515_shc_2023-24.6352,75,1,241.0,0.72,0.0590999983251094,0.0663999989628791,0.0983999967575073,0.0938000008463859,0.1533000022172927,0.2685999870300293,0.3091000020503998,0.3375999927520752,0.3294999897480011,0.301800012588501,0.2712999880313873,0.1973000019788742,0.565136730670929,0.3754328489303589,0.4346120773863178,0.3926347330599101,0.8036137223243713,101,4,14,177,0.199139658610026,302.88432998657225,302.1369960361057,0.0009971011758225,1480.0,668.2666666666667,811.5333333333333,356,252,392
Ravalla Yeruguntapalem,14.425,79.65,28_515_shc_2023-24.6384,151,29,52.0,0.25,0.0588521733880043,0.0721636340022087,0.0996785685420036,0.1149111092090606,0.1579916626214981,0.2282000035047531,0.2599666714668274,0.2724666595458984,0.2875142991542816,0.2843666672706604,0.2951000034809112,0.2231249958276748,0.4067232608795166,0.265937477350235,0.2772486772542267,0.2663277510736443,1.0830682516098022,72,1,134,177,0.2241705152723524,302.9783512539334,301.76221304999456,0.0010929466818575,1462.4666666666667,764.9333333333333,697.4666666666667,306,292,401
Ravalla Yeruguntapalem,14.425,79.66,28_515_shc_2023-24.7116,138,27,20.0,0.17,0.080142855644226,0.0823488608002662,0.1067714318633079,0.1280000060796737,0.1529625058174133,0.1943666636943817,0.2155749946832656,0.2297800034284591,0.2436666637659073,0.276586651802063,0.2831999957561493,0.2172333300113678,0.284476488828659,0.20070281624794,0.1843621990460872,0.177982692917642,1.232483148574829,61,3,90,171,0.2101768493652343,303.15092069837783,302.3469352722168,0.0011733433999702,1462.4666666666667,764.9333333333333,697.4666666666667,303,287,410
Kanuparthi,14.425,79.695,28_515_shc_2023-24.6793,213,50,65.0,0.34,0.074433334171772,0.0680652186274528,0.0924374982714653,0.096400000154972,0.162914291024208,0.2360444515943527,0.2718699872493744,0.3179999887943268,0.300475001335144,0.2928000092506408,0.3081333339214325,0.2455749958753585,0.5347490310668945,0.3224809467792511,0.3997370910193007,0.3635170461243988,0.9689728021621704,65,1,90,177,0.2101768493652343,303.15092069837783,302.3469352722168,0.0011733433999702,1465.3333333333333,766.5333333333333,699.0,319,291,389
Chinna Cherukur,14.425,80.055,28_515_shc_2023-24.6337,163,38,111.0,0.31,0.0610000006854534,0.0748500004410743,0.1076999977231025,0.1123000010848045,0.1858499944210052,0.3016999959945678,0.3598499894142151,0.3668000102043152,0.3991000056266784,0.3890500068664551,0.2551999986171722,0.1632999926805496,0.531204342842102,0.3274224400520324,0.4301238939532048,0.3898988962084063,0.6957469582557678,12,1,90,177,0.1097453223334418,303.2792789883084,302.32053553263347,0.0011346938591359,1458.1333333333334,744.2,713.8666666666667,348,321,331
Peduru,14.428,80.092,28_515_shc_2023-24.5184,100,12,176.0,0.82,0.0547749996185302,0.0676999986171722,0.0918874964118003,0.072533331811428,0.1321299970149994,0.2900142967700958,0.3667249977588653,0.382999986410141,0.3945428431034088,0.3757916688919067,0.1830399930477142,0.0961571410298347,0.6815454363822937,0.4870032668113708,0.5922901627773778,0.4873717881076365,0.4779112339019775,8,2,27,177,0.1097453223334418,303.2792789883084,302.32053553263347,0.0011346938591359,1456.6666666666667,736.4,720.4666666666667,321,354,325
Uyyalapalle,14.43,79.39,28_515_shc_2023-24.5617,63,1,59.0,0.66,0.0516000017523765,0.0610000006854534,0.0970000028610229,0.100100003182888,0.1710000038146972,0.2569000124931335,0.2854000031948089,0.2933999896049499,0.2958000004291534,0.2908999919891357,0.3125,0.2208999991416931,0.4912325143814087,0.2635658681392669,0.3364079114911794,0.3245103323710285,1.0650988817214966,90,2,64,174,0.199139658610026,302.88432998657225,302.1369960361057,0.0009971011758225,1480.0,668.2666666666667,811.5333333333333,350,262,388
Pallakonda,14.43,79.495,28_515_shc_2023-24.6728,88,1,52.0,0.42,0.067900002002716,0.0509999990463256,0.0715999975800514,0.0671999976038932,0.1386999934911728,0.2190999984741211,0.2576999962329864,0.255400002002716,0.2781000137329101,0.2711000144481659,0.2667999863624573,0.1949999928474426,0.5833849906921387,0.296117752790451,0.3687015225469656,0.343180168652125,1.044635772705078,98,1,226,183,0.1984325832790798,303.1142453511556,302.3787169562446,0.0010472338211683,1470.8,711.7333333333333,759.1333333333333,339,259,402
Nernoor,14.43,79.595,28_515_shc_2023-24.6802,100,6,124.0,0.58,0.0372500009834766,0.0489500015974044,0.0776000022888183,0.0754999965429306,0.1307500004768371,0.2456499934196472,0.2813499867916107,0.294400006532669,0.3075500130653381,0.3016000092029571,0.2452500015497207,0.1585499942302703,0.5917815566062927,0.384922981262207,0.3964789881423935,0.3774571948772278,0.8330502510070801,98,2,270,186,0.2241705152723524,302.9783512539334,301.76221304999456,0.0010929466818575,1467.5333333333333,764.0666666666667,703.4,312,278,409
Yeturu,14.43,79.645,28_515_shc_2023-24.5884,50,14,156.0,0.49,0.0507409088313579,0.0502157881855964,0.0723272711038589,0.0640555545687675,0.1396999955177307,0.23989999294281,0.2817299962043762,0.3163500130176544,0.3098142743110657,0.292739987373352,0.2567833364009857,0.1776500046253204,0.6632249355316162,0.3873479068279266,0.4763634564207833,0.4298492667541904,0.8117064237594604,71,0,0,180,0.2241705152723524,302.9783512539334,301.76221304999456,0.0010929466818575,1462.4666666666667,764.9333333333333,697.4666666666667,292,306,402
Kanuparthi,14.43,79.695,28_515_shc_2023-24.6095,151,19,104.0,0.25,0.0515500009059906,0.0628464296460151,0.1004333347082138,0.0835999995470047,0.1509000062942505,0.2842749953269958,0.3549333214759826,0.3574000000953674,0.3888125121593475,0.3955999910831451,0.210549995303154,0.1256500035524368,0.6208617091178894,0.4062561392784118,0.4932793757677302,0.4364505855245812,0.5891157984733582,62,4,27,174,0.2101768493652343,303.15092069837783,302.3469352722168,0.0011733433999702,1465.3333333333333,766.5333333333333,699.0,315,291,394
Narukur,14.43,80.06,28_515_shc_2023-24.5928,188,27,332.0,0.5,0.0474000014364719,0.0593999996781349,0.0910999998450279,0.0838000029325485,0.1401000022888183,0.2698000073432922,0.3445000052452087,0.3111999928951263,0.358599990606308,0.3571000099182129,0.2207999974489212,0.125,0.5756961703300476,0.3791269361972809,0.4154183189957749,0.3811173033899576,0.7095115780830383,12,1,314,183,0.1097453223334418,303.2792789883084,302.32053553263347,0.0011346938591359,1458.1333333333334,744.2,713.8666666666667,346,332,322
Yeturu,14.435,79.645,28_515_shc_2023-24.6800,63,1,130.0,0.5,0.0510117635130882,0.0822833329439163,0.1145600005984306,0.1189600005745887,0.1775625050067901,0.2614524960517883,0.2822999954223633,0.2874000072479248,0.3134666681289673,0.3079153895378113,0.3151499927043915,0.2244666665792465,0.4145092964172363,0.2362287193536758,0.3042553205233782,0.2787634139076895,1.096555233001709,73,2,153,177,0.2241705152723524,302.9783512539334,301.76221304999456,0.0010929466818575,1462.4666666666667,764.9333333333333,697.4666666666667,304,291,406
Yeturu,14.435,79.65,28_515_shc_2023-24.5372,113,9,124.0,0.6,0.0579250007867813,0.0741000026464462,0.0951799973845481,0.1100500002503395,0.1478500068187713,0.2324000000953674,0.2615599930286407,0.2646799981594085,0.2867499887943268,0.2874499857425689,0.2459374964237213,0.1852249950170517,0.4126437604427337,0.2832036316394806,0.2823302151370075,0.2651618182585228,0.929188072681427,69,2,27,177,0.2241705152723524,302.9783512539334,301.76221304999456,0.0010929466818575,1462.4666666666667,764.9333333333333,697.4666666666667,314,289,397
Kanuparthi,14.435,79.685,28_515_shc_2023-24.6123,113,11,91.0,0.32,0.0562627911567688,0.0777475014328956,0.1039666682481765,0.1202000007033348,0.1668400019407272,0.232924997806549,0.2598400115966797,0.2677400112152099,0.290800005197525,0.2917090952396393,0.2867499887943268,0.2129250019788742,0.3803165555000305,0.2321782112121582,0.2623710129661925,0.2492398279131885,1.071001648902893,64,2,180,180,0.2101768493652343,303.15092069837783,302.3469352722168,0.0011733433999702,1465.3333333333333,766.5333333333333,699.0,318,313,369
Kesamanenipalle,14.438,79.532,28_515_shc_2024-25.7766,50,75,156.0,0.79,0.0405500009655952,0.0541500002145767,0.0764999985694885,0.0680999979376792,0.0965500026941299,0.126800000667572,0.149849995970726,0.2046999931335449,0.1568000018596649,0.1816000044345855,0.131400004029274,0.0817499980330467,0.5007331371307373,0.3590041100978851,0.2828918705969524,0.2651397452913713,0.6419150233268738,77,1,0,180,0.1984325832790798,303.1142453511556,302.3787169562446,0.0010472338211683,1481.6666666666667,734.1333333333333,747.5333333333333,305,289,405
Yeturu,14.438,79.652,28_515_shc_2023-24.4867,88,3,46.0,1.2,0.0668312534689903,0.074181817471981,0.1073777750134468,0.1214900016784668,0.1707749962806701,0.2488666623830795,0.2785666584968567,0.293367862701416,0.3040833473205566,0.3097666800022125,0.273499995470047,0.2164500057697296,0.4143054187297821,0.2641274333000183,0.2931180056682015,0.2818107616194342,0.9322766065597534,67,2,153,177,0.2101768493652343,303.15092069837783,302.3469352722168,0.0011733433999702,1462.4666666666667,764.9333333333333,697.4666666666667,331,275,394
Peduru,14.438,80.072,28_515_shc_2023-24.6249,88,30,98.0,0.28,0.0779968723654747,0.0972230732440948,0.1296000033617019,0.1252302974462509,0.190310001373291,0.2612923085689544,0.3023266792297363,0.33591428399086,0.3329562544822693,0.3702600002288818,0.2800500094890594,0.1999071389436721,0.4568718671798706,0.2766962349414825,0.387821985830411,0.3288017077975814,0.8336948752403259,14,3,270,189,0.1097453223334418,303.2792789883084,302.32053553263347,0.0011346938591359,1458.1333333333334,744.2,713.8666666666667,370,305,325
Kanupurupalle,14.44,79.57,28_515_shc_2023-24.7148,314,16,143.0,0.88,0.0480000004172325,0.065600000321865,0.091399997472763,0.1137000024318695,0.1420000046491623,0.1667499989271164,0.1840000003576278,0.1940000057220459,0.2046499997377395,0.2221499979496002,0.2038500010967254,0.1771000027656555,0.2609684765338897,0.1547619104385376,0.1450296240640918,0.1491271557747856,1.0507731437683103,78,1,0,180,0.2241705152723524,302.9783512539334,301.76221304999456,0.0010929466818575,1477.0666666666666,756.9333333333333,720.3333333333334,341,278,381
Kanuparthi,14.44,79.685,28_515_shc_2023-24.6368,113,25,156.0,0.24,0.0702128186821937,0.074143998324871,0.1054272726178169,0.1297619044780731,0.1911733299493789,0.2434090971946716,0.2751500010490417,0.2978000044822693,0.3144749999046325,0.2917999923229217,0.3424000144004822,0.2601799964904785,0.3930146694183349,0.2180623561143875,0.2763254714694073,0.2717415922014439,1.1497650146484375,57,1,270,183,0.2101768493652343,303.15092069837783,302.3469352722168,0.0011733433999702,1465.3333333333333,766.5333333333333,699.0,312,319,369
Kothapalem,14.44,80.12,28_515_shc_2023-24.7372,389,20,78.0,0.41,0.0591499991714954,0.0584187507629394,0.0816499963402748,0.0667066648602485,0.0898874998092651,0.094370000064373,0.0970142856240272,0.0970333367586135,0.0900666639208793,0.0868357121944427,0.0644285678863525,0.0438444428145885,0.1852123588323593,0.0382292158901691,0.0715837402524286,0.0685358841362542,0.6639838218688965,10,1,46,177,0.1097453223334418,303.2792789883084,302.32053553263347,0.0011346938591359,1456.6666666666667,736.4,720.4666666666667,364,311,325
Mungaladoruvu,14.442,80.098,28_515_shc_2025-26.7784,138,15,52.0,0.48,0.0999416634440422,0.0979999974370002,0.1332071423530578,0.0993346124887466,0.1331000030040741,0.1633071452379226,0.1756333261728286,0.1684499979019165,0.1768199950456619,0.2227545380592346,0.1658249944448471,0.1235250011086463,0.2581006586551666,0.1172276362776756,0.1678441618981805,0.1350288566828709,0.9844167232513428,11,1,226,183,0.1097453223334418,303.2792789883084,302.32053553263347,0.0011346938591359,1456.6666666666667,736.4,720.4666666666667,354,325,321
Amulur (South),14.442,80.108,28_515_shc_2023-24.7184,226,19,156.0,0.48,0.065882608294487,0.0899333357810974,0.1127299964427948,0.1111624985933303,0.1467285752296447,0.2358999997377395,0.2754833400249481,0.2721000015735626,0.2948499917984009,0.2688461542129516,0.2458068132400512,0.1799750030040741,0.4199145436286926,0.2993382811546325,0.3181652060780878,0.2733120158783311,0.90336936712265,13,3,199,183,0.1097453223334418,303.2792789883084,302.32053553263347,0.0011346938591359,1456.6666666666667,736.4,720.4666666666667,346,334,320
Madannagaripalle,14.445,79.375,28_515_shc_2023-24.4982,138,29,52.0,0.62,0.0405000001192092,0.0599999986588954,0.0921000018715858,0.0904000028967857,0.1362999975681305,0.2504000067710876,0.2933999896049499,0.3061999976634979,0.3228000104427337,0.332500010728836,0.2508000135421753,0.1600999981164932,0.5441250205039978,0.383954793214798,0.3857428694649446,0.3610305509120999,0.8190725445747375,89,2,27,177,0.199139658610026,302.88432998657225,302.1369960361057,0.0009971011758225,1480.0,668.2666666666667,811.5333333333333,324,274,403
Kesamanenipalle,14.445,79.53,28_515_shc_2023-24.4975,125,8,104.0,0.16,0.0560999996960163,0.0763000026345253,0.1023000031709671,0.1190000027418136,0.1447000056505203,0.2202499955892563,0.248549997806549,0.2452999949455261,0.2707499861717224,0.2771500051021576,0.2571499943733215,0.1870000064373016,0.3466922640800476,0.2579486966133117,0.2276413845304347,0.2191947111101372,1.0483081340789795,75,2,90,174,0.1984325832790798,303.1142453511556,302.3787169562446,0.0010472338211683,1481.6666666666667,734.1333333333333,747.5333333333333,327,285,389
Chittaluru,14.445,79.595,28_515_shc_2023-24.5906,50,7,85.0,0.58,0.0433499999344348,0.0516499988734722,0.0747499987483024,0.0756499990820884,0.1264500021934509,0.1836999952793121,0.2093500047922134,0.2311999946832656,0.2294999957084655,0.2608500123023987,0.2308000028133392,0.1518000066280365,0.5069252252578735,0.2928840816020965,0.2996590107416491,0.2891801390651318,0.9982699155807496,95,3,134,174,0.2241705152723524,302.9783512539334,301.76221304999456,0.0010929466818575,1467.5333333333333,764.0666666666667,703.4,321,282,397
Chittaluru,14.445,79.6,28_515_shc_2023-24.7112,138,11,260.0,1.03,0.0636999979615211,0.0883999988436698,0.1165999993681907,0.1482000052928924,0.183799996972084,0.2298499941825866,0.2529500126838684,0.2547999918460846,0.26910001039505,0.278899997472763,0.3104999959468841,0.2617999911308288,0.2645160853862762,0.161878690123558,0.1799459558238081,0.1770763901842832,1.2186028957366943,94,2,296,186,0.2241705152723524,302.9783512539334,301.76221304999456,0.0010929466818575,1467.5333333333333,764.0666666666667,703.4,322,283,395
South Mopur,14.445,79.825,28_515_shc_2023-24.5438,176,225,142.0,0.2,0.0407299995422363,0.0503083318471908,0.0760399997234344,0.0623533315956592,0.1230666637420654,0.256137490272522,0.3340285718441009,0.3346666693687439,0.3708750009536743,0.3633166551589966,0.1744666695594787,0.0876000002026557,0.6858932375907898,0.462277889251709,0.5113004515794133,0.4553633210190109,0.5213147401809692,29,1,0,180,0.2129429711235894,303.1358219570584,302.3540913052029,0.0012646543177323,1457.2,765.1333333333333,692.2666666666667,334,336,330
Ananthapuram,14.445,80.06,28_515_shc_2023-24.6713,125,123,205.0,0.45,0.0617499984800815,0.0844499990344047,0.1096000000834465,0.1028999984264373,0.1838500052690506,0.2903499901294708,0.3321000039577484,0.3571999967098236,0.3783499896526336,0.3561500012874603,0.2101999968290329,0.1253499984741211,0.5527059435844421,0.3203954994678497,0.474006969979361,0.3973023636677995,0.5884658694267273,14,1,270,183,0.1097453223334418,303.2792789883084,302.32053553263347,0.0011346938591359,1458.1333333333334,744.2,713.8666666666667,345,318,337
Amulur (South),14.445,80.105,28_515_shc_2023-24.5079,75,18,279.0,0.19,0.0661666691303253,0.0748117640614509,0.1049399971961975,0.0881333351135253,0.1309909075498581,0.1553000062704086,0.1738249957561493,0.213249996304512,0.1682624965906143,0.2632499933242798,0.1330624967813491,0.0986249968409538,0.4151412844657898,0.2389579117298126,0.2648617924772459,0.2341887888463957,0.6239742040634155,9,1,226,183,0.1097453223334418,303.2792789883084,302.32053553263347,0.0011346938591359,1456.6666666666667,736.4,720.4666666666667,344,333,323
Kanupurupalle,14.448,79.522,28_515_shc_2023-24.5205,125,6,39.0,0.23,0.0461999997496604,0.0682500004768371,0.0921500027179718,0.0944999977946281,0.1509000062942505,0.2310999929904937,0.255400002002716,0.2667999863624573,0.2880499958992004,0.2849499881267547,0.2693000137805938,0.1905999928712844,0.4768890142440796,0.2774718403816223,0.3258505447286613,0.3000696477484285,1.0093704462051392,81,1,46,177,0.1984325832790798,303.1142453511556,302.3787169562446,0.0010472338211683,1481.6666666666667,734.1333333333333,747.5333333333333,310,301,389
South Mopur,14.45,79.835,28_515_shc_2023-24.5777,113,22,228.0,1.0,0.0490428581833839,0.0644333362579345,0.0915833339095115,0.0768499970436096,0.1349000036716461,0.2602249979972839,0.3289999961853027,0.3343000113964081,0.3596250116825104,0.3474666774272918,0.2112250030040741,0.1156499981880188,0.6261705160140991,0.4249787032604217,0.4905117934320963,0.423832539046308,0.6318426728248596,26,0,0,180,0.2129429711235894,303.1358219570584,302.3540913052029,0.0012646543177323,1464.0666666666666,765.9333333333333,698.0,346,316,339
Mulumudi,14.45,79.845,28_515_shc_2023-24.7138,100,4,195.0,0.38,0.0478500016033649,0.056533332914114,0.0876000002026557,0.0724000036716461,0.1392499953508377,0.2540499866008758,0.329800009727478,0.3465999960899353,0.3486166596412658,0.3176400065422058,0.2074999958276748,0.1317833364009857,0.6544152498245239,0.4267778098583221,0.5051584158467621,0.4475516743570603,0.5986728072166443,30,2,333,183,0.2129429711235894,303.1358219570584,302.3540913052029,0.0012646543177323,1464.0666666666666,765.9333333333333,698.0,334,330,335
Nagulavaram,14.45,79.965,28_515_shc_2023-24.7547,50,31,630.0,1.88,0.090999998152256,0.0949999988079071,0.1149000003933906,0.1269000023603439,0.1832499951124191,0.2275000065565109,0.2483499944210052,0.219200000166893,0.2669999897480011,0.303600013256073,0.2765499949455261,0.2335000038146972,0.2666859328746795,0.0893278792500495,0.1819651370413272,0.1636331359133482,1.2616331577301023,19,2,0,180,0.1781277974446614,303.0881494310167,302.29853574964733,0.0012157841603336,1476.2,760.6,715.7333333333333,357,321,322
Mungaladoruvu,14.45,80.085,28_515_shc_2023-24.5396,163,22,254.0,0.52,0.0701291635632515,0.0821357145905494,0.1061500012874603,0.0891000032424926,0.1497769206762313,0.2716187536716461,0.3199857175350189,0.3372615277767181,0.3495588302612304,0.3197818100452423,0.182339996099472,0.1071299985051155,0.5820448398590088,0.3849482536315918,0.4940135602553628,0.4018326261797443,0.5406486988067627,12,2,180,180,0.1097453223334418,303.2792789883084,302.32053553263347,0.0011346938591359,1456.6666666666667,736.4,720.4666666666667,371,319,309
Allipuram (Part),14.452,80.038,28_515_shc_2023-24.6417,188,43,91.0,1.1,0.0785999968647956,0.0834000036120414,0.1076000034809112,0.1133999973535537,0.1757999956607818,0.2581000030040741,0.2937000095844269,0.2863999903202057,0.3190999925136566,0.2797000110149383,0.2935999929904938,0.2164999991655349,0.4327163398265838,0.2392903417348861,0.3224483705309356,0.2883974138751208,1.0251396894454956,18,4,194,183,0.1756394704182942,303.2865977817112,302.497233666314,0.0012059236771543,1474.3333333333333,754.6666666666666,719.6666666666666,347,335,318
Cheepinapi,14.455,79.485,28_515_shc_2023-24.4971,163,16,98.0,0.98,0.0613499991595745,0.0869499966502189,0.1033999994397163,0.1134999990463256,0.1468999981880188,0.2097499966621399,0.241799995303154,0.2463999986648559,0.2644000053405761,0.2669000029563904,0.273250013589859,0.2165499925613403,0.3692692518234253,0.2529875338077545,0.2605320376699223,0.2318292824263409,1.1089692115783691,94,5,90,165,0.2007908715142144,303.34672690497507,302.605583275689,0.0010406639897432,1470.8,711.7333333333333,759.1333333333333,326,280,394
China Gopavaram,14.458,79.572,28_515_shc_2023-24.5623,113,6,130.0,0.48,0.0401000007987022,0.0538499988615512,0.0785999968647956,0.0772000029683113,0.1368499994277954,0.2306499928236007,0.2612499892711639,0.263700008392334,0.2885999977588653,0.2874999940395355,0.2235500067472458,0.1469999998807907,0.5470812320709229,0.3166895806789398,0.3524120869349112,0.3326792773892053,0.8477436304092407,85,2,180,180,0.2047082265218099,303.34257108900283,302.59094568888344,0.0010869988329203,1477.0666666666666,756.9333333333333,720.3333333333334,340,263,397
Cheepinapi,14.46,79.485,28_515_shc_2023-24.5325,138,16,78.0,0.58,0.052700001746416,0.0715000033378601,0.1106000021100044,0.135000005364418,0.1839500069618225,0.2432499974966049,0.2707999944686889,0.289900004863739,0.3016999959945678,0.2861999869346618,0.3303000032901764,0.2479999959468841,0.3645563423633575,0.2235939502716064,0.2476577212115076,0.2512163441231498,1.139358401298523,79,1,46,177,0.2007908715142144,303.34672690497507,302.605583275689,0.0010406639897432,1482.0,707.4,774.7333333333333,326,285,388
Chittaluru,14.46,79.595,28_515_shc_2023-24.7114,151,16,325.0,0.49,0.0474999994039535,0.0507999993860721,0.0723000019788742,0.0790000036358833,0.1482000052928924,0.2022999972105026,0.2273000031709671,0.2311999946832656,0.2524000108242035,0.2567000091075897,0.2987000048160553,0.2161999940872192,0.4906511604785919,0.218766450881958,0.2873432801349068,0.2817822599909991,1.2919551134109497,82,1,0,180,0.2047082265218099,303.34257108900283,302.59094568888344,0.0010869988329203,1468.6666666666667,760.0666666666667,708.5333333333333,315,293,391
Prabagiripatnam,14.46,79.725,28_515_shc_2023-24.5388,113,1,299.0,0.42,0.0571125000715255,0.0605500005185604,0.0835866630077362,0.0857593715190887,0.1580000072717666,0.2560666799545288,0.2988750040531158,0.3109428584575653,0.3208333253860473,0.3017714321613312,0.2905166745185852,0.2068533301353454,0.5676385760307312,0.3261438906192779,0.4105070411089709,0.3766860604512034,0.9343088865280152,60,3,46,174,0.2090126461452908,303.2819699605306,302.4859326680501,0.0011616126153941,1460.3333333333333,763.0,697.4,334,299,367
Indukurpet Bit - II,14.46,80.085,28_515_shc_2023-24.6176,113,13,156.0,0.62,0.0742750018835067,0.1369999945163726,0.1599529385566711,0.1760500073432922,0.1840055584907531,0.263729989528656,0.2992166578769684,0.2878333330154419,0.3258500099182129,0.3080157935619354,0.2866454422473907,0.2254666686058044,0.2409729212522506,0.2200492024421692,0.2122521806881665,0.1739577617824786,0.995872974395752,16,2,180,180,0.1375673082139757,303.39487686157224,302.4629508972168,0.0011291041806922,1450.6,729.7333333333333,720.8,364,320,316
Indukurpet Bit - I,14.462,80.118,28_515_shc_2023-24.6876,138,36,423.0,0.18,0.0864999964833259,0.1048374995589256,0.1526249945163726,0.1488333344459533,0.2249666601419448,0.3226333260536194,0.3745333254337311,0.3969599902629852,0.4120607078075409,0.3843769133090973,0.3070999979972839,0.1955250054597854,0.454616516828537,0.276549220085144,0.4125326898719436,0.355892483659842,0.7736296057701111,10,1,226,183,0.1375673082139757,303.39487686157224,302.4629508972168,0.0011291041806922,1450.6,729.7333333333333,720.8,334,313,353
Madannagaripalle,14.465,79.375,28_515_shc_2023-24.6750,125,25,91.0,0.38,0.0617000013589859,0.0905999988317489,0.1159999966621398,0.1324000060558319,0.1697999984025955,0.2211000025272369,0.251800000667572,0.2592000067234039,0.2720000147819519,0.3093000054359436,0.2653000056743622,0.2088000029325485,0.3237997889518738,0.2083916217088699,0.2306964483765198,0.2133243587654057,1.0235339403152466,88,1,46,177,0.2035071478949652,303.021726904975,302.14802576700845,0.0009907159383524,1482.7333333333331,665.4666666666667,817.2666666666667,375,242,384
Thopugunta,14.465,79.445,28_515_shc_2023-24.6749,201,6,260.0,0.89,0.0476000010967254,0.0461999997496604,0.0729999989271164,0.0675999969244003,0.1174999997019767,0.2536999881267547,0.2994999885559082,0.3016000092029571,0.3219999969005584,0.2849999964237213,0.2291000038385391,0.1476999968290329,0.6338028311729431,0.4392746388912201,0.4299257983877971,0.4038196225764934,0.7596153616905212,100,2,90,174,0.2035071478949652,303.021726904975,302.14802576700845,0.0009907159383524,1476.7333333333331,686.5333333333333,790.1333333333333,340,257,402
Cheepinapi,14.465,79.49,28_515_shc_2023-24.6348,201,3,117.0,0.47,0.0507499985396862,0.0518999993801116,0.0802500024437904,0.0700000002980232,0.1261499971151352,0.2358500063419342,0.2676500082015991,0.2682999968528747,0.296099990606308,0.2902500033378601,0.2108000069856643,0.1292999982833862,0.5861661434173584,0.3603752255439758,0.3816250260817637,0.3548252366017065,0.7856876850128174,86,1,90,177,0.2007908715142144,303.34672690497507,302.605583275689,0.0010406639897432,1482.0,707.4,774.7333333333333,310,301,389
China Gopavaram,14.465,79.545,28_515_shc_2023-24.5780,38,34,338.0,0.87,0.0529999993741512,0.0489999987185001,0.068800002336502,0.0562000013887882,0.1196999996900558,0.2193000018596649,0.2736999988555908,0.2820000052452087,0.2960000038146972,0.2816999852657318,0.1650000065565109,0.0899000018835067,0.6676522493362427,0.4040328562259674,0.4509866574922404,0.4040801754998379,0.585106372833252,62,1,46,177,0.2007908715142144,303.34672690497507,302.605583275689,0.0010406639897432,1473.4666666666667,746.6666666666666,726.8666666666667,329,279,392
China Gopavaram,14.465,79.555,28_515_shc_2023-24.7365,176,9,124.0,0.72,0.0540000014007091,0.0544999986886978,0.0806000009179115,0.0885000005364418,0.1404000073671341,0.2304999977350235,0.277099996805191,0.3224000036716461,0.3082000017166137,0.3100999891757965,0.2264000028371811,0.1432999968528747,0.5692382454872131,0.3932584226131439,0.4047693220283239,0.3851685180392836,0.7022332549095154,68,1,90,177,0.2047082265218099,303.34257108900283,302.59094568888344,0.0010869988329203,1473.4666666666667,746.6666666666666,726.8666666666667,331,274,396
Chittaluru,14.465,79.575,28_515_shc_2023-24.6296,125,10,182.0,0.69,0.061099998652935,0.0700000002980232,0.101000003516674,0.1246000006794929,0.1673000007867813,0.2005999982357025,0.2241999953985214,0.2257999926805496,0.2515999972820282,0.2477000057697296,0.2644000053405761,0.2170999944210052,0.2888127565383911,0.1488170772790908,0.174675490858503,0.1785042205866009,1.170947790145874,87,1,46,177,0.2047082265218099,303.34257108900283,302.59094568888344,0.0010869988329203,1473.4666666666667,746.6666666666666,726.8666666666667,343,268,390
Chittaluru,14.465,79.595,28_515_shc_2023-24.7045,138,2,234.0,0.85,0.0571999996900558,0.0513999983668327,0.0728000029921531,0.0614000000059604,0.1158000007271766,0.1940000057220459,0.221000000834465,0.2318000048398971,0.2346999943256378,0.2806999981403351,0.2128999978303909,0.120899997651577,0.5811732411384583,0.3337169289588928,0.3507038825053454,0.3222390389427389,0.918464183807373,78,1,180,180,0.2047082265218099,303.34257108900283,302.59094568888344,0.0010869988329203,1468.6666666666667,760.0666666666667,708.5333333333333,339,276,384
Vavileru,14.465,79.63,28_515_shc_2023-24.6451,63,3,98.0,0.21,0.0678500011563301,0.0655416697263717,0.0981357172131538,0.1133600026369094,0.144675001502037,0.2010000050067901,0.2203599959611892,0.2164333313703537,0.2479874938726425,0.2413250058889389,0.2359250038862228,0.1921000033617019,0.3125391602516174,0.1987169086933136,0.1834004759093148,0.1863234937710562,1.0900585651397705,80,2,64,174,0.2047082265218099,303.34257108900283,302.59094568888344,0.0010869988329203,1464.8666666666666,761.4,703.4666666666667,313,277,410
Nallapalem,14.465,79.75,28_515_shc_2023-24.5461,75,3,176.0,0.71,0.0522888898849487,0.0446499995887279,0.0685142874717712,0.0525785721838474,0.1135083362460136,0.2398000061511993,0.3025000095367431,0.3021999895572662,0.3271666765213012,0.3204901814460754,0.2026199996471405,0.1121250018477439,0.7035977840423584,0.4539039433002472,0.4864790163966765,0.4380457615799825,0.6704831719398499,56,1,180,180,0.2090126461452908,303.2819699605306,302.4859326680501,0.0011616126153941,1460.3333333333333,763.0,697.4,318,287,395
Devarapalem,14.465,79.885,28_515_shc_2023-24.5439,100,3,423.0,0.58,0.0643888860940933,0.0678333342075347,0.0958333313465118,0.1076999977231025,0.1625699996948242,0.2563090920448303,0.2876000106334686,0.2907600104808807,0.3167999982833862,0.3007333278656006,0.319433331489563,0.2212499976158142,0.459418773651123,0.2827741503715515,0.3204360948421705,0.3056229733425433,1.098615050315857,31,2,116,174,0.2054083082411024,303.26074057685,302.4545524597168,0.0013007060513068,1460.1333333333334,758.3333333333334,701.8,316,306,379
Indukurpet Bit - I,14.465,80.1,28_515_shc_2023-24.6280,163,85,208.0,0.18,0.0745249986648559,0.090559996664524,0.1208750009536743,0.1233333349227905,0.1944999992847442,0.2856916785240173,0.3542999923229217,0.3734000027179718,0.3918666541576385,0.3917374908924103,0.2780500054359436,0.1673499941825866,0.5034223794937134,0.3150202631950378,0.4358992143645569,0.3763293425908902,0.7446438074111938,11,3,226,186,0.1375673082139757,303.39487686157224,302.4629508972168,0.0011291041806922,1450.6,729.7333333333333,720.8,368,319,312
Indukurpet Bit - I,14.468,80.112,28_515_shc_2023-24.6737,176,38,429.0,0.32,0.0736933350563049,0.0815454572439193,0.1157333329319953,0.1204666644334793,0.1674000024795532,0.2675000131130218,0.3087458312511444,0.35475555062294,0.3420999944210052,0.3876142799854278,0.2481749951839447,0.1555200070142746,0.4930091202259063,0.3588117361068725,0.3995473098869218,0.3603623090803564,0.6995661854743958,12,3,46,174,0.1375673082139757,303.39487686157224,302.4629508972168,0.0011291041806922,1450.6,729.7333333333333,720.8,351,317,332
Madannagaripalle,14.47,79.375,28_515_shc_2023-24.7139,125,27,137.0,0.76,0.0414000004529953,0.0833000019192695,0.1230000033974647,0.1488000005483627,0.1876000016927719,0.2415000051259994,0.2675000131130218,0.2608000040054321,0.2791999876499176,0.2788000106811523,0.2770000100135803,0.2345999926328659,0.2734375,0.1632471084594726,0.1831441998513904,0.1846965746971567,1.062116622924805,83,2,153,177,0.2035071478949652,303.021726904975,302.14802576700845,0.0009907159383524,1482.7333333333331,665.4666666666667,817.2666666666667,369,245,385
Thopugunta,14.47,79.445,28_515_shc_2023-24.5423,100,1,91.0,0.02,0.0308999996632337,0.0302000008523464,0.0529999993741512,0.0350000001490116,0.0798999965190887,0.2076999992132187,0.2495999932289123,0.2942000031471252,0.2806000113487243,0.2915000021457672,0.1652999967336654,0.0866999998688697,0.7873632907867432,0.5728415250778198,0.507161312270349,0.4688856764974181,0.5618626475334167,95,2,333,183,0.2035071478949652,303.021726904975,302.14802576700845,0.0009907159383524,1476.7333333333331,686.5333333333333,790.1333333333333,339,251,410
Kalayapalem,14.47,79.515,28_515_shc_2023-24.6794,38,3,163.0,0.9,0.0401999987661838,0.0476000010967254,0.0727000012993812,0.0685999989509582,0.1310999989509582,0.2266000062227249,0.260699987411499,0.2784000039100647,0.2912000119686126,0.2876999974250793,0.2319999933242797,0.1504999995231628,0.6046109795570374,0.3597069680690765,0.3934733807744724,0.3715466427103379,0.8333333134651184,75,2,90,174,0.2007908715142144,303.34672690497507,302.605583275689,0.0010406639897432,1482.8,726.0666666666667,756.8666666666667,332,275,393
Prabagiripatnam,14.47,79.715,28_515_shc_2023-24.5508,113,2,91.0,0.42,0.0412000007927417,0.0535999983549118,0.0857499986886978,0.1143999993801117,0.1603499948978424,0.2252999991178512,0.2524999976158142,0.2583999931812286,0.2835499942302704,0.2876499891281128,0.3222500085830688,0.2226999998092651,0.3862660825252533,0.2341492623090744,0.233341965311617,0.24747936817437,1.2470976114273071,64,1,90,177,0.2090126461452908,303.2819699605306,302.4859326680501,0.0011616126153941,1460.3333333333333,763.0,697.4,332,297,370
Vellanti,14.47,79.81,28_515_shc_2023-24.5435,113,3,247.0,0.42,0.049100000411272,0.0610500015318393,0.0899000018835067,0.0845500007271766,0.1554500013589859,0.2943499982357025,0.3552500009536743,0.3680000007152557,0.3846000134944916,0.393200010061264,0.2241999953985214,0.1278000026941299,0.6263396143913269,0.4060559570789337,0.4999382705787197,0.4463545213776519,0.6092391014099121,36,2,90,174,0.2118243323432074,303.16526531643336,302.3867410447862,0.0012547519295644,1457.4666666666667,761.8666666666667,695.6,345,302,352
Devarapalem,14.47,79.875,28_515_shc_2023-24.6033,125,21,371.0,1.5,0.0516000017523765,0.0674000009894371,0.098300002515316,0.0983500033617019,0.1632333397865295,0.2510749995708465,0.2958199977874756,0.3077999949455261,0.3328999876976013,0.3141599893569946,0.2890749871730804,0.179299995303154,0.5156961679458618,0.3069138526916504,0.376059304844728,0.3467141068947129,0.9391649961471558,26,2,27,177,0.2054083082411024,303.26074057685,302.4545524597168,0.0013007060513068,1460.1333333333334,758.3333333333334,701.8,323,320,357
Pidatapolur,14.47,80.02,28_515_shc_2023-24.7280,226,19,52.0,0.89,0.1024999991059303,0.1708000004291534,0.2186000049114227,0.2614000141620636,0.2524000108242035,0.3010999858379364,0.3212999999523163,0.3440000116825104,0.3380999863147735,0.3106000125408172,0.3808000087738037,0.3176000118255615,0.136438712477684,0.1535881906747818,0.1265783878718329,0.112086116685229,1.1069767475128174,16,3,0,180,0.1756394704182942,303.2865977817112,302.497233666314,0.0012059236771543,1475.5333333333333,752.0,723.5333333333333,342,328,329
Kandamur,14.47,80.025,28_515_shc_2023-24.7318,138,4,293.0,0.66,0.093299999833107,0.0929000005125999,0.1224000006914138,0.1469999998807907,0.2094999998807907,0.2635000050067901,0.2931999862194061,0.3131999969482422,0.328900009393692,0.2919999957084656,0.3695999979972839,0.289000004529953,0.3611473143100738,0.1983929574489593,0.2772865259295931,0.2596334059825726,1.1800765991210938,17,0,0,180,0.1756394704182942,303.2865977817112,302.497233666314,0.0012059236771543,1475.5333333333333,752.0,723.5333333333333,343,328,329
Lebur Bit - II,14.47,80.08,28_515_shc_2023-24.5448,138,75,143.0,0.31,0.0661100000143051,0.0654961541295051,0.0901185199618339,0.0977363660931587,0.1580555588006973,0.2449000030755996,0.281056672334671,0.2657333314418793,0.3059818148612976,0.2699428498744964,0.2597666680812835,0.194333329796791,0.4622035026550293,0.254083514213562,0.3086068339745189,0.2918405228839607,0.977546453475952,16,0,0,180,0.1375673082139757,303.39487686157224,302.4629508972168,0.0011291041806922,1458.5333333333333,741.5333333333333,716.8666666666667,360,319,321
Lebur Bit - II,14.47,80.095,28_515_shc_2023-24.5121,188,73,286.0,0.1,0.0899363607168197,0.0979999974370002,0.1293454617261886,0.1442900002002716,0.1742692291736602,0.2304222285747528,0.2478500008583068,0.2529538571834564,0.2688499987125397,0.294524997472763,0.2874888777732849,0.2443857192993164,0.2735444605350494,0.1841769069433212,0.1963292942566627,0.1816627487983661,1.1365269422531128,14,2,180,180,0.1375673082139757,303.39487686157224,302.4629508972168,0.0011291041806922,1450.6,729.7333333333333,720.8,360,318,323
Indukurpet Bit - I,14.47,80.125,28_515_shc_2023-24.5457,138,25,377.0,0.1,0.085464708507061,0.0817999988794326,0.1213999986648559,0.1130499988794326,0.1832199990749359,0.2927444577217102,0.3605333268642425,0.3632000088691711,0.3951599895954132,0.3637999892234802,0.1976750046014785,0.1115500032901763,0.5252493619918823,0.3293803334236145,0.4379376893235951,0.3843534053842821,0.5442593693733215,8,2,64,174,0.1375673082139757,303.39487686157224,302.4629508972168,0.0011291041806922,1453.8,723.0,730.7333333333333,350,310,341
Chintalapalem,14.472,79.372,28_515_shc_2023-24.6859,75,69,195.0,0.81,0.0266999993473291,0.0399999991059303,0.0715999975800514,0.0529999993741512,0.1195999979972839,0.2352000027894973,0.3244999945163727,0.3215999901294708,0.3441999852657318,0.3055999875068664,0.1659000068902969,0.0891999974846839,0.7170314788818359,0.4578422307968139,0.5012690208697599,0.4606677234945369,0.5158582329750061,86,1,134,177,0.2035071478949652,303.021726904975,302.14802576700845,0.0009907159383524,1482.1333333333334,649.7333333333333,832.5333333333333,359,252,388
Devarapalem,14.472,79.872,28_515_shc_2024-25.7559,100,22,98.0,0.78,0.0435499995946884,0.0617000013589859,0.092749997973442,0.0957499966025352,0.1486999988555908,0.2439499944448471,0.2842999994754791,0.2955000102519989,0.3165999948978424,0.3142000138759613,0.2408500015735626,0.1480000019073486,0.510543167591095,0.3304817974567413,0.3548587964727159,0.3361851536267073,0.8150591850280762,24,1,226,183,0.2054083082411024,303.26074057685,302.4545524597168,0.0013007060513068,1455.2666666666669,761.6,693.6666666666666,342,327,330
Lebur Bit - II,14.472,80.042,28_515_shc_2023-24.4989,151,73,137.0,0.41,0.0984999984502792,0.1473000049591064,0.1592999994754791,0.1791000068187713,0.2167499959468841,0.2202000021934509,0.2377000004053115,0.2436999976634979,0.2612499892711639,0.2624000012874603,0.331849992275238,0.2972500026226043,0.1527908891439438,0.0585297048091888,0.1330806121938023,0.1050064865587586,1.3617151975631714,18,2,333,183,0.1756394704182942,303.2865977817112,302.497233666314,0.0012059236771543,1458.5333333333333,741.5333333333333,716.8666666666667,346,318,335
Kaluvoya,14.475,79.395,28_515_shc_2023-24.5096,63,16,78.0,0.6,0.0284000001847744,0.0465000011026859,0.0744000002741813,0.1044000014662742,0.1512999981641769,0.1918999999761581,0.2186000049114227,0.231000006198883,0.2542999982833862,0.2649999856948852,0.329800009727478,0.2309000045061111,0.3774597644805908,0.2084750384092331,0.2097902166973071,0.2273162620977954,1.4277056455612185,87,4,284,192,0.2035071478949652,303.021726904975,302.14802576700845,0.0009907159383524,1482.7333333333331,665.4666666666667,817.2666666666667,351,249,400
China Gopavaram,14.475,79.555,28_515_shc_2023-24.6155,163,8,124.0,0.47,0.0293000005185604,0.0379000008106231,0.0688999965786933,0.0533999986946582,0.1229000017046928,0.2384999990463256,0.2761000096797943,0.2928000092506408,0.2985000014305115,0.2953999936580658,0.2231999933719635,0.1425999999046325,0.6915078163146973,0.4087082147598266,0.4503555652877092,0.4243677764857538,0.7622950077056885,71,1,226,183,0.2047082265218099,303.34257108900283,302.59094568888344,0.0010869988329203,1473.4666666666667,746.6666666666666,726.8666666666667,332,287,381
Prabagiripatnam,14.475,79.765,28_515_shc_2023-24.6887,125,1,124.0,0.48,0.0439499989151954,0.0553999990224838,0.0848999992012977,0.0825499966740608,0.1402000039815902,0.2365500032901764,0.2714000046253204,0.2693000137805938,0.300599992275238,0.3030000030994415,0.2820500135421753,0.1914999932050705,0.5307660102844238,0.3152625262737274,0.3460640740984125,0.3288431322672515,1.0473449230194092,51,2,244,186,0.2118243323432074,303.16526531643336,302.3867410447862,0.0012547519295644,1455.6666666666667,764.8666666666667,690.6,324,302,374
Indukurpet Bit - I,14.475,80.11,28_515_shc_2023-24.4995,118,45,371.0,0.41,0.0421999990940094,0.0449750013649463,0.0716800019145011,0.057181816548109,0.1145333349704742,0.2403666675090789,0.2892000079154968,0.2795200049877167,0.3207666575908661,0.3025000095367431,0.2300333380699157,0.148399993777275,0.6603415012359619,0.4186912178993225,0.4324641450396418,0.3985975338827816,0.8229584097862244,16,2,0,180,0.1375673082139757,303.39487686157224,302.4629508972168,0.0011291041806922,1450.6,729.7333333333333,720.8,360,302,339
Madannagaripalle,14.478,79.372,28_515_shc_2023-24.6420,213,29,59.0,0.52,0.046799998730421,0.0807000026106834,0.1049999967217445,0.1306000053882599,0.1683000028133392,0.2125000059604644,0.2337000072002411,0.2018000036478042,0.2492000013589859,0.2813000082969665,0.3122000098228454,0.2487999945878982,0.2141997516155243,0.0905160754919052,0.1289714839213743,0.1283036956150362,1.5470763444900513,86,6,120,165,0.2035071478949652,303.021726904975,302.14802576700845,0.0009907159383524,1482.1333333333334,649.7333333333333,832.5333333333333,359,256,384
Vavileru,14.478,79.618,28_515_shc_2025-26.7067,176,85,124.0,0.38,0.0478000007569789,0.0781999975442886,0.1114000007510185,0.1415999978780746,0.1807000041007995,0.2421000003814697,0.268200010061264,0.2757999897003174,0.301499992609024,0.2890999913215637,0.3429000079631805,0.2515000104904175,0.3215141296386719,0.2083241790533065,0.2180128537015967,0.2194244500315768,1.2432923316955566,69,1,314,183,0.2047082265218099,303.34257108900283,302.59094568888344,0.0010869988329203,1468.6666666666667,760.0666666666667,708.5333333333333,338,251,411
Vavileru,14.478,79.632,28_515_shc_2023-24.5554,63,3,98.0,0.5,0.0450000017881393,0.0653999969363212,0.0986000001430511,0.1433999985456466,0.1671999990940094,0.201100006699562,0.2242999970912933,0.2372000068426132,0.2459000051021576,0.2574500143527984,0.3248000144958496,0.2703000009059906,0.2464529871940612,0.1730959564447403,0.1459150131693565,0.1597774376385731,1.369308590888977,68,0,0,180,0.2047082265218099,303.34257108900283,302.59094568888344,0.0010869988329203,1464.8666666666666,761.4,703.4666666666667,344,245,411
Pottepalem,14.478,79.892,28_515_shc_2023-24.7160,151,79,731.0,0.2,0.0816999971866607,0.1103999987244606,0.156700000166893,0.2088000029325485,0.2427999973297119,0.3007999956607818,0.3288500010967254,0.3382000029087066,0.3371500074863434,0.3019999861717224,0.3914499878883362,0.3180499970912933,0.2365630716085434,0.1641996651887893,0.1834940410792001,0.1853868184158028,1.1574511528015137,23,5,180,180,0.2054083082411024,303.26074057685,302.4545524597168,0.0013007060513068,1460.1333333333334,758.3333333333334,701.8,351,320,329
Gangavaram,14.478,79.972,28_515_shc_2023-24.7445,201,82,111.0,0.67,0.1216999962925911,0.0938000008463859,0.1208000034093856,0.1257999986410141,0.1914999932050705,0.2626999914646148,0.2992999851703644,0.3030000030994415,0.3127000033855438,0.3177999854087829,0.3235000073909759,0.2371000051498413,0.4132462739944458,0.2254803031682968,0.3271062651376022,0.2861757172583602,1.0676567554473877,22,3,226,186,0.1756394704182942,303.2865977817112,302.497233666314,0.0012059236771543,1474.0,753.9333333333333,720.0666666666667,350,298,352
Indukurpet Bit - I,14.478,80.118,28_515_shc_2023-24.5664,113,24,280.0,0.26,0.038566667586565,0.0516125001013278,0.0736363604664802,0.0588800013065338,0.0986125022172927,0.1687833368778228,0.2082888931035995,0.2404000014066696,0.2159000039100647,0.1763583272695541,0.1385000050067901,0.0875499993562698,0.6065223217010498,0.4182367920875549,0.376102410464869,0.3406565899633834,0.5761231184005737,13,5,259,195,0.1375673082139757,303.39487686157224,302.4629508972168,0.0011291041806922,1450.6,729.7333333333333,720.8,328,329,343
Indukurpet Bit - I,14.478,80.122,28_515_shc_2023-24.6201,213,55,377.0,0.41,0.0727285742759704,0.0893666669726371,0.12848000228405,0.127700001001358,0.1829500049352646,0.3009249866008758,0.3624500036239624,0.3716000020503998,0.4020000100135803,0.3964000046253204,0.1926666647195816,0.1068999990820884,0.4884838759899139,0.3401857316493988,0.4154883991876428,0.366106274848689,0.5184786319732666,8,1,134,177,0.1375673082139757,303.39487686157224,302.4629508972168,0.0011291041806922,1450.6,729.7333333333333,720.8,328,326,346
Kulluru,14.48,79.37,28_515_shc_2023-24.6195,213,16,78.0,0.2,0.033900000154972,0.0489999987185001,0.0762000009417533,0.0878000035881996,0.1498000025749206,0.2239000052213668,0.252700001001358,0.2712000012397766,0.2858999967575073,0.2698000073432922,0.2876000106334686,0.2017000019550323,0.5108634829521179,0.2883610427379608,0.3205172902834821,0.3202561058570158,1.060472011566162,85,3,314,186,0.2035071478949652,303.021726904975,302.14802576700845,0.0009907159383524,1482.1333333333334,649.7333333333333,832.5333333333333,351,258,391
Nagulavellaturu,14.48,79.51,28_515_shc_2023-24.5278,188,92,84.0,1.15,0.0362999998033046,0.0469999983906745,0.0755999982357025,0.0612000003457069,0.1181999966502189,0.2442999929189682,0.2948000133037567,0.3043999969959259,0.3269000053405761,0.3269999921321869,0.1499000042676925,0.0772000029683113,0.6652078628540039,0.4406057894229889,0.4609203142224587,0.4214417699811407,0.4924441576004028,72,2,296,186,0.2007908715142144,303.34672690497507,302.605583275689,0.0010406639897432,1482.8,726.0666666666667,756.8666666666667,339,262,399
Gangavaram,14.48,79.97,28_515_shc_2023-24.7237,276,79,195.0,0.83,0.0885000005364418,0.089599996805191,0.1230000033974647,0.1301999986171722,0.2158000022172927,0.265500009059906,0.2887000143527984,0.277999997138977,0.3073999881744385,0.3055999875068664,0.314300000667572,0.264299988746643,0.3620774149894714,0.1259619146585464,0.2663638933781966,0.2441092257417643,1.1305755376815796,22,2,296,186,0.1756394704182942,303.2865977817112,302.497233666314,0.0012059236771543,1474.0,753.9333333333333,720.0666666666667,345,307,348
Lebur Bit - II,14.48,80.07,28_515_shc_2023-24.5783,163,159,176.0,0.18,0.0667499974370002,0.0817499980330467,0.1052000001072883,0.1172000020742416,0.160300001502037,0.2264000028371811,0.2618499994277954,0.2687999904155731,0.2864499986171722,0.2856000065803528,0.2802500128746032,0.2206500023603439,0.392746090888977,0.2528547942638397,0.2789071591874814,0.2566591246496104,1.0425968170166016,19,3,123,171,0.1375673082139757,303.39487686157224,302.4629508972168,0.0011291041806922,1458.5333333333333,741.5333333333333,716.8666666666667,360,326,314
Lebur Bit - II,14.48,80.075,28_515_shc_2023-24.5787,276,94,462.0,0.48,0.0858649984002113,0.074657142162323,0.1050666645169258,0.103833332657814,0.1740999966859817,0.2467249929904937,0.2736833393573761,0.2756666541099548,0.2991749942302704,0.3084833323955536,0.3221400082111358,0.2370499968528747,0.4527887403964996,0.225820779800415,0.3208867431322594,0.2930642251917053,1.1685853004455566,16,2,64,174,0.1375673082139757,303.39487686157224,302.4629508972168,0.0011291041806922,1458.5333333333333,741.5333333333333,716.8666666666667,368,321,311
Indukurpet Bit - I,14.48,80.14,28_515_shc_2023-24.6275,113,32,265.0,0.23,0.0395178571343421,0.0503166653215885,0.0736090913414955,0.0505923070013523,0.0822833329439163,0.0513428561389446,0.0509499981999397,0.0349400006234645,0.0331000015139579,0.0651199966669082,0.0220555551350116,0.0171533338725566,-0.1829987615346908,-0.403872936964035,-0.0407137637910145,-0.0400976329761731,0.6312408447265625,6,1,90,177,0.1375673082139757,303.39487686157224,302.4629508972168,0.0011291041806922,1453.8,723.0,730.7333333333333,335,313,352
Devarapalem,14.482,79.898,28_515_shc_2023-24.6191,50,15,122.0,0.1,0.0436500012874603,0.0627999976277351,0.0875499993562698,0.0938500016927719,0.1333499997854232,0.2230000048875808,0.2652499973773956,0.2576000094413757,0.2940999865531921,0.2997500002384186,0.2122000008821487,0.1333999931812286,0.4659268856048584,0.3178156018257141,0.303308148500274,0.2884784877690335,0.8237577080726624,24,2,296,186,0.2054083082411024,303.26074057685,302.4545524597168,0.0013007060513068,1460.1333333333334,758.3333333333334,701.8,340,348,312
Thopugunta,14.485,79.45,28_515_shc_2023-24.6757,88,1,111.0,0.46,0.0296999998390674,0.0410000011324882,0.0736000016331672,0.0850000008940696,0.1412999927997589,0.2389000058174133,0.2714000046253204,0.2714000046253204,0.2912999987602234,0.3052000105381012,0.2669000029563904,0.1970999985933303,0.523007869720459,0.315241128206253,0.3161679956951729,0.3264829563228507,0.9834192991256714,81,0,0,180,0.2007908715142144,303.34672690497507,302.605583275689,0.0010406639897432,1476.7333333333331,686.5333333333333,790.1333333333333,345,237,419
Chejerla,14.485,79.575,28_515_shc_2023-24.5808,75,6,293.0,0.85,0.0362999998033046,0.0465000011026859,0.0689999982714653,0.0771000012755394,0.1211000010371208,0.1976000070571899,0.2233999967575073,0.2134000062942505,0.2485000044107437,0.2457000017166137,0.2401999980211258,0.1851000040769577,0.4691910445690155,0.2759342491626739,0.2567338565373604,0.2586337831375879,1.125585675239563,81,2,207,183,0.2047082265218099,303.34257108900283,302.59094568888344,0.0010869988329203,1473.4666666666667,746.6666666666666,726.8666666666667,337,263,400
Navooru,14.485,79.675,28_515_shc_2023-24.6927,125,7,163.0,0.42,0.0614000000059604,0.0759000033140182,0.1057000011205673,0.1266999989748001,0.1701499968767166,0.2398000061511993,0.2749499976634979,0.2768999934196472,0.3050499856472015,0.3160000145435333,0.2831999957561493,0.2220499962568283,0.3721506297588348,0.2387876063585281,0.2558163270956886,0.2493359822527762,1.0227519273757937,51,3,19,177,0.2090126461452908,303.2819699605306,302.4859326680501,0.0011616126153941,1462.2,759.1333333333333,703.0666666666667,319,287,393
Gangavaram,14.485,79.955,28_515_shc_2023-24.7451,201,23,117.0,0.5,0.0524999983608722,0.0654999986290931,0.0972499996423721,0.0838999971747398,0.1430999934673309,0.2748999893665313,0.3459999859333038,0.3598000109195709,0.3787499964237213,0.346450001001358,0.2009000033140182,0.1147999987006187,0.6218165755271912,0.4309008121490478,0.5027515814901989,0.4385398082733592,0.5583657622337341,21,1,46,177,0.1756394704182942,303.2865977817112,302.497233666314,0.0012059236771543,1465.1333333333334,758.7333333333333,706.3333333333334,364,302,334
Pothireddipalem,14.485,79.965,28_515_shc_2023-24.6000,113,40,364.0,1.02,0.0709000006318092,0.0719999969005584,0.1158000007271766,0.1519999951124191,0.1761000007390976,0.2459000051021576,0.2750999927520752,0.2809999883174896,0.2976000010967254,0.3046999871730804,0.336899995803833,0.2313999980688095,0.2979214787483215,0.2294902503490448,0.1950998103315638,0.2073954911513054,1.198932409286499,25,4,226,189,0.1756394704182942,303.2865977817112,302.497233666314,0.0012059236771543,1474.0,753.9333333333333,720.0666666666667,341,329,329
Inamadugu,14.485,80.005,28_515_shc_2023-24.5852,226,58,176.0,0.4,0.0792500004172325,0.1125999987125396,0.1430000066757202,0.1721999943256378,0.2369000017642974,0.2754999995231628,0.2966499924659729,0.2955999970436096,0.3147999942302704,0.2881500124931335,0.389849990606308,0.3287000060081482,0.2637879550457001,0.1102347299456596,0.2078420888490913,0.1912585304067604,1.3188430070877075,16,1,180,180,0.1756394704182942,303.2865977817112,302.497233666314,0.0012059236771543,1475.5333333333333,752.0,723.5333333333333,354,318,328
Kulluru,14.488,79.368,28_515_shc_2023-24.7147,251,9,72.0,0.24,0.0373000018298625,0.0388999991118907,0.0662000030279159,0.0557000003755092,0.1098000034689903,0.2202000021934509,0.2558000087738037,0.2442000061273574,0.2813000082969665,0.2718999981880188,0.1903000026941299,0.1158000007271766,0.6285428404808044,0.3796610236167907,0.3662612278946103,0.3534816931230504,0.7792792916297913,79,3,72,171,0.2035071478949652,303.021726904975,302.14802576700845,0.0009907159383524,1482.1333333333334,649.7333333333333,832.5333333333333,368,238,394
Billupadu,14.488,79.588,28_515_shc_2023-24.4854,38,1,130.0,0.63,0.0450000017881393,0.0553999990224838,0.0790000036358833,0.1008000001311302,0.1528999954462051,0.1996999979019165,0.2263000011444091,0.2365999966859817,0.2565999925136566,0.24719999730587,0.3106000125408172,0.2167000025510788,0.4024896323680877,0.2148908972740173,0.2380952312527437,0.2432529204759065,1.312764286994934,68,3,57,171,0.2047082265218099,303.34257108900283,302.59094568888344,0.0010869988329203,1468.6666666666667,760.0666666666667,708.5333333333333,338,282,380
Navooru,14.488,79.678,28_515_shc_2023-24.5488,226,9,163.0,0.82,0.0576499998569488,0.0681999996304512,0.1049000024795532,0.1111999973654747,0.162650004029274,0.2651500105857849,0.299699991941452,0.3077999949455261,0.3270500004291534,0.3005000054836273,0.2824000120162964,0.1995999962091446,0.4692124128341675,0.3085343539714813,0.3358387427573999,0.3208922729460474,0.9174789190292358,48,4,194,183,0.2090126461452908,303.2819699605306,302.4859326680501,0.0011616126153941,1462.2,759.1333333333333,703.0666666666667,321,287,392
Minagallu,14.49,79.89,28_515_shc_2023-24.5477,63,75,611.0,0.75,0.0617499984800815,0.064300000667572,0.0920000001788139,0.1150999963283538,0.1632499992847442,0.231000006198883,0.2584500014781952,0.2624000012874603,0.2776499986648559,0.2782999873161316,0.3239499926567077,0.2309000045061111,0.390198677778244,0.2329378575086593,0.2503824707427612,0.2517948809561087,1.234565496444702,36,5,270,195,0.2054083082411024,303.26074057685,302.4545524597168,0.0013007060513068,1460.1333333333334,758.3333333333334,701.8,352,312,336
Inamadugu,14.49,80.005,28_515_shc_2023-24.5176,188,21,137.0,0.58,0.0469999983906745,0.068850003182888,0.1040000021457672,0.1040000021457672,0.1423500031232834,0.2811999917030334,0.3257000148296356,0.3100999891757965,0.3567999899387359,0.322950005531311,0.2567499876022339,0.1673499941825866,0.4977058470249176,0.3707591891288757,0.3634343582187441,0.3382014916093469,0.8279587030410767,16,2,0,180,0.1756394704182942,303.2865977817112,302.497233666314,0.0012059236771543,1475.5333333333333,752.0,723.5333333333333,349,315,336
Inamadugu,14.49,80.015,28_515_shc_2023-24.5754,138,23,189.0,0.31,0.0742999985814094,0.092799998819828,0.1289000064134597,0.1743000000715255,0.2248000055551529,0.2637999951839447,0.2855499982833862,0.296099990606308,0.3154999911785126,0.2996000051498413,0.3732500076293945,0.313400000333786,0.2589285671710968,0.1368784457445144,0.1850051499835394,0.1882728643418019,1.260553956031799,15,4,284,192,0.1756394704182942,303.2865977817112,302.497233666314,0.0012059236771543,1475.5333333333333,752.0,723.5333333333333,334,338,328
Kalayapalem,14.492,79.542,28_515_shc_2025-26.7179,138,13,137.0,0.56,0.0337999984622001,0.0443999990820884,0.0737000033259391,0.0706000030040741,0.134100005030632,0.2409999966621399,0.2872999906539917,0.3107999861240387,0.3231000006198883,0.3257000148296356,0.1702000051736831,0.0957000032067298,0.6297850012779236,0.3971678614616394,0.4285000378709489,0.4087814603178725,0.547619104385376,59,1,314,183,0.2007908715142144,303.34672690497507,302.605583275689,0.0010406639897432,1473.4666666666667,746.6666666666666,726.8666666666667,333,289,378
Somasila,14.495,79.315,28_515_shc_2023-24.6986,125,35,5.7,0.62,0.0337000004947185,0.0456000007688999,0.0606000013649463,0.0408000014722347,0.0401999987661838,0.0242999996989965,0.0248000007122755,0.0176999997347593,0.0172000005841255,0.0171000007539987,0.0208000000566244,0.02449999935925,-0.3948718309402466,-0.3886010348796844,-0.0627376471134536,-0.0620411862691669,1.175141215324402,72,3,237,189,0.1986786312527126,302.8799625820584,301.7794819302029,0.0009402949193194,1442.2666666666669,639.3333333333334,803.0,320,260,420
Kulluru,14.495,79.37,28_515_shc_2023-24.5441,63,38,227.0,0.57,0.0443000011146068,0.0678000003099441,0.101000003516674,0.1278000026941299,0.1564999967813491,0.2081000059843063,0.2313999980688095,0.2349999994039535,0.251800000667572,0.2357999980449676,0.2816999852657318,0.2128999978303909,0.2954795956611633,0.2005108594894409,0.1794682846029958,0.1863699521021276,1.198723316192627,70,2,207,183,0.2035071478949652,303.021726904975,302.14802576700845,0.0009907159383524,1482.1333333333334,649.7333333333333,832.5333333333333,358,244,398
Thopugunta,14.495,79.46,28_515_shc_2023-24.6023,113,6,325.0,0.4,0.0533000007271766,0.0681999996304512,0.0939999967813491,0.1173999980092048,0.1508000046014785,0.2017000019550323,0.221000000834465,0.2293999940156936,0.2506999969482422,0.2664999961853027,0.2671000063419342,0.2091999948024749,0.3229527175426483,0.2067332714796066,0.1968642290657273,0.1983939485025331,1.1643418073654177,83,2,0,180,0.2007908715142144,303.34672690497507,302.605583275689,0.0010406639897432,1482.0,707.4,774.7333333333333,322,284,393
Nagulavellaturu,14.495,79.535,28_515_shc_2023-24.4833,75,3,143.0,0.63,0.0342999994754791,0.0412000007927417,0.0595999993383884,0.0438000001013278,0.1088000014424324,0.2422000020742416,0.3149999976158142,0.3283999860286712,0.3521000146865845,0.3371999859809875,0.1723999977111816,0.092299997806549,0.7646426558494568,0.5022872686386108,0.5549056118647552,0.4894519441409241,0.5249695777893066,57,4,244,192,0.2007908715142144,303.34672690497507,302.605583275689,0.0010406639897432,1482.8,726.0666666666667,756.8666666666667,331,288,381
Gangavaram,14.495,79.955,28_515_shc_2023-24.5998,63,21,500.0,0.72,0.0469000004231929,0.0553999990224838,0.0888999998569488,0.0826999992132186,0.1560000032186508,0.2596000134944916,0.3082999885082245,0.3240000009536743,0.3348000049591064,0.3366000056266784,0.1985000073909759,0.1076000034809112,0.5933120250701904,0.3499999940395355,0.4294511303626551,0.3991948853469291,0.6126543283462524,21,2,333,183,0.1756394704182942,303.2865977817112,302.497233666314,0.0012059236771543,1465.1333333333334,758.7333333333333,706.3333333333334,351,318,331
Gangavaram,14.495,79.96,28_515_shc_2023-24.7452,152,20,182.0,0.5,0.05180000141263,0.0590000003576278,0.1008000001311302,0.0966000035405159,0.1601999998092651,0.2745000123977661,0.3294999897480011,0.3456000089645386,0.3722000122070312,0.3494000136852264,0.2140000015497207,0.1200999990105629,0.5630936026573181,0.3665480613708496,0.4198421811585096,0.3964126546156571,0.6192129254341125,21,1,46,177,0.1756394704182942,303.2865977817112,302.497233666314,0.0012059236771543,1474.0,753.9333333333333,720.0666666666667,344,324,332
Gangavaram,14.495,79.965,28_515_shc_2023-24.7454,226,11,202.0,0.72,0.0439999997615814,0.0417999997735023,0.0728000029921531,0.0526000000536441,0.1230000033974647,0.2484000027179718,0.3070999979972839,0.3219999969005584,0.3373999893665313,0.3395000100135803,0.1946000009775161,0.1071999967098236,0.7191671133041382,0.4471909999847412,0.5086473775893339,0.4620397858194043,0.604347825050354,21,4,0,180,0.1756394704182942,303.2865977817112,302.497233666314,0.0012059236771543,1474.0,753.9333333333333,720.0666666666667,346,335,319
Lebur Bit - II,14.495,80.075,28_515_shc_2023-24.4815,163,120,189.0,0.38,0.0695916637778282,0.0835333317518234,0.1057333350181579,0.1114000007510185,0.1607200056314468,0.2615000009536743,0.3081333339214325,0.3332000076770782,0.3311428427696228,0.3316142857074737,0.2662000060081482,0.1825000047683715,0.4988754093647003,0.3492063581943512,0.4032434060209131,0.3522125846078846,0.7989195585250854,15,4,134,171,0.1375673082139757,303.39487686157224,302.4629508972168,0.0011291041806922,1458.5333333333333,741.5333333333333,716.8666666666667,348,325,327
Lebur Bit 閳 I,14.495,80.095,28_515_shc_2025-26.5718,38,60,455.0,0.18,0.0717874988913536,0.0871166661381721,0.1120499968528747,0.1133000031113624,0.1648125052452087,0.262455552816391,0.3152199983596802,0.3254857063293457,0.3537749946117401,0.3630500137805938,0.2166000008583068,0.1264999955892563,0.483574777841568,0.327705055475235,0.3923811289319023,0.3390321684983816,0.6654670238494873,9,2,90,174,0.1375673082139757,303.39487686157224,302.4629508972168,0.0011291041806922,1450.6,729.7333333333333,720.8,332,329,338
Komarika,14.495,80.11,28_515_shc_2023-24.6039,176,48,319.0,0.48,0.0527714267373085,0.0564333349466323,0.0922250002622604,0.0835999995470047,0.1377999931573867,0.2363999933004379,0.2865000069141388,0.2876999974250793,0.3063499927520752,0.3082714378833771,0.1756000071763992,0.09740000218153,0.5496902465820312,0.3522914350032806,0.373522199913416,0.3513715113979517,0.6103580594062805,9,2,116,174,0.1375673082139757,303.39487686157224,302.4629508972168,0.0011291041806922,1450.6,729.7333333333333,720.8,352,313,335
Nagulavellaturu,14.498,79.528,28_515_shc_2023-24.6448,100,12,221.0,0.4,0.0557999983429908,0.0794000029563903,0.1096000000834465,0.1278000026941299,0.1632000058889389,0.2030999958515167,0.2384999990463256,0.2425999939441681,0.2485000044107437,0.2524999976158142,0.2590000033378601,0.2008000016212463,0.3099351823329925,0.1956628561019897,0.2029846386405672,0.1978400592143113,1.0676010847091677,57,1,0,180,0.2007908715142144,303.34672690497507,302.605583275689,0.0010406639897432,1482.8,726.0666666666667,756.8666666666667,337,280,383
Padugupadu,14.498,80.002,28_515_shc_2023-24.7249,201,23,137.0,0.28,0.0627999976277351,0.0657500028610229,0.1012500002980232,0.0860000029206276,0.1513999998569488,0.2592499852180481,0.2948000133037567,0.301499992609024,0.3116500079631805,0.3067499995231628,0.2368000000715255,0.1688500046730041,0.5561290383338928,0.3314197361469269,0.4067956423429195,0.3642253365192212,0.7854063510894775,20,2,116,174,0.1756394704182942,303.2865977817112,302.497233666314,0.0012059236771543,1475.5333333333333,752.0,723.5333333333333,332,333,335
Punnur,14.498,80.102,28_515_shc_2023-24.4814,63,70,650.0,1.0,0.0664958357810974,0.0844999998807907,0.1151999980211258,0.1128000020980835,0.1513250023126602,0.263316661119461,0.3285250067710876,0.3364999890327453,0.3764500021934509,0.3882833421230316,0.1853999942541122,0.0977249965071678,0.4978855848312378,0.3795930743217468,0.4053857897988339,0.3534709612735565,0.5509658455848694,10,2,90,174,0.1375673082139757,303.39487686157224,302.4629508972168,0.0011291041806922,1450.6,729.7333333333333,720.8,331,320,349
Somasila,14.5,79.315,28_515_shc_2023-24.6898,188,79,377.0,0.17,0.0791999995708465,0.1052000001072883,0.1306000053882599,0.1570000052452087,0.1835999935865402,0.1952999979257583,0.2129999995231628,0.2041999995708465,0.2321999967098236,0.24269999563694,0.3052999973297119,0.2843999862670898,0.1306755095720291,0.0531201809644699,0.0869436952439876,0.0822108582124067,1.495102882385254,78,1,46,177,0.1986786312527126,302.8799625820584,301.7794819302029,0.0009402949193194,1478.2666666666669,637.1333333333333,841.2,312,256,432
Kulluru,14.5,79.375,28_515_shc_2023-24.7181,125,35,182.0,0.1,0.0619000010192394,0.0696000009775161,0.096000000834465,0.1114000007510185,0.1680999994277954,0.2239000052213668,0.2515999972820282,0.219200000166893,0.2763000130653381,0.2834999859333038,0.3073000013828277,0.2427999973297119,0.3260737955570221,0.1319390684366226,0.1973491498713478,0.1946785443596364,1.4019160270690918,75,2,207,183,0.2035071478949652,303.021726904975,302.14802576700845,0.0009907159383524,1483.8666666666666,666.9333333333333,816.8,364,241,395
Thopugunta,14.5,79.44,28_515_shc_2023-24.6840,151,1,215.0,0.74,0.026300000026822,0.031599998474121,0.0575999990105629,0.0355000011622905,0.0929000005125999,0.2578999996185303,0.3030000030994415,0.3228000104427337,0.3262999951839447,0.3282999992370605,0.1935999989509582,0.0939999967813491,0.8018420338630676,0.5530430674552917,0.5530104767792663,0.5020971782521435,0.5997521281242371,82,4,134,171,0.2035071478949652,303.021726904975,302.14802576700845,0.0009907159383524,1481.1333333333334,688.3333333333334,792.8,348,251,401
Vavileru,14.5,79.635,28_515_shc_2023-24.6098,100,1,65.0,0.25,0.0428999997675418,0.0582499988377094,0.0873999968171119,0.0879499986767768,0.1383000016212463,0.1793999969959259,0.2013500034809112,0.2058999985456466,0.2240999937057495,0.2355999946594238,0.1998499929904937,0.155699998140335,0.4013952612876892,0.1963974386453628,0.2273997955048397,0.2228695602725224,0.9706167578697203,71,1,314,183,0.2047082265218099,303.34257108900283,302.59094568888344,0.0010869988329203,1463.1333333333334,759.5333333333333,703.6666666666666,336,264,400
Kalayakagollu,14.5,79.905,28_515_shc_2023-24.5890,125,9,58.0,0.35,0.0571000017225742,0.06700000166893,0.091399997472763,0.0982000008225441,0.1429000049829483,0.2216999977827072,0.2527999877929687,0.2639999985694885,0.2721999883651733,0.2707000076770782,0.2486000061035156,0.1873999983072281,0.4577581286430359,0.2976160943508148,0.3068779130325113,0.2884481521639802,0.9416667222976683,25,3,325,186,0.2054083082411024,303.26074057685,302.4545524597168,0.0013007060513068,1439.2,751.1333333333333,688.1333333333333,351,328,321
Damaramadugu,14.5,79.93,28_515_shc_2023-24.5287,125,43,33.0,0.58,0.0992500036954879,0.1187999993562698,0.1437000036239624,0.1685999929904937,0.1889500021934509,0.2257000058889389,0.2374500036239624,0.2212000042200088,0.2547000050544739,0.2612999975681305,0.2916499972343445,0.2563500106334686,0.1349410265684127,0.0786297768354415,0.0980027062965897,0.0886716308064979,1.3184900283813477,26,2,116,174,0.2054083082411024,303.26074057685,302.4545524597168,0.0013007060513068,1440.0,747.2666666666667,692.9333333333333,360,328,312
Inamadugu,14.5,80.01,28_515_shc_2023-24.6719,138,44,39.0,1.0,0.0592000000178813,0.0740000009536743,0.1061000004410743,0.1307999938726425,0.1729000061750412,0.24269999563694,0.2739999890327453,0.270900011062622,0.3069500029087066,0.3061499893665313,0.2294999957084655,0.1374000012874603,0.3487677872180938,0.2208201885223388,0.233391117906843,0.2330598032990546,0.8471760153770447,17,2,333,183,0.1756394704182942,303.2865977817112,302.497233666314,0.0012059236771543,1448.2,741.2,707.2,332,343,325
Lebur Bit 閳 I,14.5,80.07,28_515_shc_2023-24.6861,151,78,293.0,0.21,0.0263999998569488,0.0320000015199184,0.0557999983429908,0.0401000007987022,0.094149999320507,0.23055000603199,0.2809500098228454,0.2924000024795532,0.3109000027179718,0.3054499924182892,0.1725499927997589,0.0903500020503997,0.7587969899177551,0.5128702521324158,0.4878190303292032,0.4545945958330321,0.5901162624359131,14,0,0,180,0.1375673082139757,303.39487686157224,302.4629508972168,0.0011291041806922,1456.3333333333333,735.8666666666667,720.2666666666667,342,320,338
Thopugunta,14.502,79.448,28_515_shc_2023-24.6850,88,1,221.0,0.08,0.0310999993234872,0.0430999994277954,0.0675999969244003,0.0626000016927719,0.1141000017523765,0.2307000011205673,0.2705999910831451,0.2766000032424927,0.2964000105857849,0.2842999994754791,0.2203000038862228,0.1243000030517578,0.6308962106704712,0.4159201383590698,0.4025734578069245,0.3825071501868531,0.7964569926261902,81,1,226,183,0.2035071478949652,303.021726904975,302.14802576700845,0.0009907159383524,1481.1333333333334,688.3333333333334,792.8,344,265,391
Komarika,14.502,80.138,28_515_shc_2023-24.5786,188,27,156.0,0.31,0.0415299981832504,0.0505999997258186,0.0743699967861175,0.0440250001847744,0.103312499821186,0.1984333395957946,0.2276999950408935,0.1553000062704086,0.2440333366394043,0.1367499977350235,0.1264500021934509,0.0761571452021598,0.558259129524231,0.2010247260332107,0.2675008535892148,0.2386765918389164,0.8142305016517639,10,2,180,180,0.1375673082139757,303.39487686157224,302.4629508972168,0.0011291041806922,1455.3333333333333,720.2666666666667,735.2666666666667,349,328,324
Indukurpet Bit - I,14.502618,80.139189,28_515_shc_2023-24.6870,163,60,358.0,0.25,0.0517399981617927,0.0596200004220008,0.0750999972224235,0.0523333325982093,0.0875428542494773,0.0840333327651023,0.1067499965429306,0.0872749984264373,0.0876000002026557,0.1364166736602783,0.0494000017642974,0.0292499996721744,0.2502835392951965,-0.0015321994433179,0.0915542150223798,0.0819446780162754,0.5660269856452942,8,3,134,174,0.1375673082139757,303.39487686157224,302.4629508972168,0.0011291041806922,1455.3333333333333,720.2666666666667,735.2666666666667,350,331,319
Somarajupalle,14.503072,80.141273,28_515_shc_2023-24.5449,163,81,384.0,0.32,0.0660222247242927,0.0815857127308845,0.1041666641831398,0.1199333369731903,0.1530666649341583,0.2208333313465118,0.2584500014781952,0.2619999945163727,0.2831000089645386,0.2937000095844269,0.2594999969005584,0.2044666707515716,0.3719671666622162,0.2624478042125702,0.2593011494795327,0.2416282259735587,0.9904580116271972,7,3,314,186,0.1375673082139757,303.39487686157224,302.4629508972168,0.0011291041806922,1455.3333333333333,720.2666666666667,735.2666666666667,350,331,319
Somasila,14.505,79.32,28_515_shc_2023-24.4847,188,79,377.0,0.17,0.0355999991297721,0.0478999987244606,0.0728000029921531,0.069700002670288,0.1334999948740005,0.2552999854087829,0.3285999894142151,0.3431999981403351,0.3393999934196472,0.3429000079631805,0.1985999941825866,0.120899997651577,0.6623879671096802,0.4398993253707886,0.4876439589944047,0.4493920394794423,0.5786713361740112,73,1,90,177,0.1986786312527126,302.8799625820584,301.7794819302029,0.0009402949193194,1478.2666666666669,637.1333333333333,841.2,309,259,432
Kulluru,14.505,79.38,28_515_shc_2023-24.5320,125,6,78.0,0.85,0.036200001835823,0.0520000010728836,0.0758000016212463,0.0738999992609024,0.1102999970316886,0.2044000029563903,0.2581999897956848,0.2687999904155731,0.2818999886512756,0.2815999984741211,0.1391000002622604,0.0771000012755394,0.5687189698219299,0.4180954992771148,0.368514586309323,0.3469206008228899,0.5174851417541504,68,1,0,180,0.2035071478949652,303.021726904975,302.14802576700845,0.0009907159383524,1483.8666666666666,666.9333333333333,816.8,376,249,375
Paderu,14.505,79.615,28_515_shc_2023-24.7108,38,3,176.0,0.49,0.0351999998092651,0.0456000007688999,0.0696000009775161,0.0697999969124794,0.1260000020265579,0.2443999946117401,0.2856999933719635,0.2964000105857849,0.3160000145435333,0.2896000146865845,0.2295999974012375,0.1451999992132187,0.6187875866889954,0.4034090936183929,0.4125400814430341,0.3924036222207483,0.7746288180351257,62,2,116,174,0.2047082265218099,303.34257108900283,302.59094568888344,0.0010869988329203,1467.4,758.0666666666667,709.3333333333334,335,291,373
Bathulapalle,14.505,79.695,28_515_shc_2023-24.5274,75,13,182.0,0.56,0.0430000014603138,0.0584999993443489,0.0910999998450279,0.0892499983310699,0.1489000022411346,0.2500500082969665,0.2895500063896179,0.2892999947071075,0.3249500095844269,0.3119499981403351,0.2529500126838684,0.1917500048875808,0.5284639000892639,0.3204016387462616,0.3608275276424108,0.3415571076682219,0.8743519186973572,42,3,325,186,0.2090126461452908,303.2819699605306,302.4859326680501,0.0011616126153941,1463.3333333333333,757.8666666666667,705.4666666666667,324,279,397
Nedurupalle,14.505,79.73,28_515_shc_2023-24.7120,263,25,26.0,0.42,0.0436999984085559,0.0557999983429908,0.0884499996900558,0.1031000018119812,0.151649996638298,0.2374999970197677,0.2707000076770782,0.2784999907016754,0.3011499941349029,0.2927500009536743,0.26664999127388,0.1871999949216842,0.4596435725688934,0.2948971092700958,0.2965642960043284,0.298434647877411,0.9574506282806396,48,1,226,183,0.2090126461452908,303.2819699605306,302.4859326680501,0.0011616126153941,1463.6,759.2666666666667,704.3333333333334,333,301,366
Thatiparthi,14.505,79.775,28_515_shc_2023-24.6385,63,25,78.0,0.25,0.0428999997675418,0.0623000003397464,0.0916000008583068,0.1084000021219253,0.1499000042676925,0.2450000047683715,0.2854000031948089,0.2937999963760376,0.3152999877929687,0.3177999854087829,0.2714000046253204,0.163100004196167,0.4609646797180176,0.3243182003498077,0.313822393159393,0.3082464994947528,0.9237576723098756,34,2,180,180,0.2118243323432074,303.16526531643336,302.3867410447862,0.0012547519295644,1461.3333333333333,760.7333333333333,700.5333333333333,339,340,321
Damaramadugu,14.505,79.93,28_515_shc_2023-24.6663,113,19,111.0,0.61,0.0541500002145767,0.0721499994397163,0.1124000027775764,0.1381999999284744,0.1872999966144561,0.2302999943494796,0.2535499930381775,0.2465000003576278,0.2615000009536743,0.2642500102519989,0.2854500114917755,0.218299999833107,0.2815180718898773,0.1364684253931045,0.1764332146321348,0.183621567301001,1.1580122709274292,23,0,0,180,0.2054083082411024,303.26074057685,302.4545524597168,0.0013007060513068,1440.0,747.2666666666667,692.9333333333333,355,327,318
Damaramadugu,14.505,79.935,28_515_shc_2023-24.4821,201,14,91.0,0.68,0.068800002336502,0.0648500025272369,0.0877500027418136,0.0883999988436698,0.1550000011920929,0.2621000111103058,0.297650009393692,0.3086000084877014,0.3346999883651733,0.3207499980926513,0.304500013589859,0.2124000042676925,0.5546599626541138,0.3313201069831848,0.4069864383650289,0.3682274378667059,0.9867141842842102,24,3,57,171,0.2054083082411024,303.26074057685,302.4545524597168,0.0013007060513068,1440.0,747.2666666666667,692.9333333333333,351,336,312
Inamadugu,14.505,80.055,28_515_shc_2023-24.5996,176,62,208.0,0.41,0.0471000000834465,0.0874999985098838,0.1199000030755996,0.1398999989032745,0.1873500049114227,0.2392999976873397,0.2633500099182129,0.2349999994039535,0.2820000052452087,0.2869000136852264,0.2973999977111816,0.2527500092983246,0.2536676526069641,0.1128211021423339,0.1676479925122125,0.1630472065687738,1.2655318975448608,15,2,207,183,0.1375673082139757,303.39487686157224,302.4629508972168,0.0011291041806922,1456.3333333333333,735.8666666666667,720.2666666666667,347,314,340
Pallipadu,14.505,80.06,28_515_shc_2023-24.6774,188,21,461.0,0.91,0.0592500008642673,0.0755999982357025,0.1026000007987022,0.12950000166893,0.1710000038146972,0.2783499956130981,0.3299500048160553,0.3429999947547912,0.3806999921798706,0.3762499988079071,0.2793999910354614,0.1861499994993209,0.4518518447875976,0.3346303403377533,0.3436896178544963,0.3293059031429116,0.8145772218704224,13,1,0,180,0.1375673082139757,303.39487686157224,302.4629508972168,0.0011291041806922,1456.3333333333333,735.8666666666667,720.2666666666667,326,332,342
Lebur Bit 閳 I,14.505,80.08,28_515_shc_2023-24.6783,100,120,396.0,0.43,0.0742250010371208,0.0702666640281677,0.099600002169609,0.1000000014901161,0.1434500068426132,0.2692285776138305,0.325300008058548,0.2941333353519439,0.357450008392334,0.3635999858379364,0.188766673207283,0.0992500036954879,0.4925574958324432,0.344353437423706,0.355000724439696,0.3256784964770634,0.641772449016571,13,2,90,174,0.1375673082139757,303.39487686157224,302.4629508972168,0.0011291041806922,1456.3333333333333,735.8666666666667,720.2666666666667,362,303,335
Lebur Bit 閳 I,14.505,80.085,28_515_shc_2023-24.6286,138,40,150.0,0.1,0.0980636328458786,0.1131599992513656,0.1347428560256958,0.1460800021886825,0.1836100071668625,0.2366999983787536,0.2675000131130218,0.2517000138759613,0.2877333462238312,0.2934499979019165,0.290800005197525,0.2465000003576278,0.2655236721038818,0.1564172804355621,0.206372919065348,0.1764686389716994,1.1553436517715454,16,1,0,180,0.1375673082139757,303.39487686157224,302.4629508972168,0.0011291041806922,1446.1333333333334,725.6,720.6,363,298,339
Kaluvoya,14.508,79.432,28_515_shc_2023-24.4798,151,14,65.0,0.83,0.0344999991357326,0.0586000010371208,0.0914999991655349,0.1085999980568885,0.1404999941587448,0.2231000065803527,0.2492000013589859,0.2696000039577484,0.2779000103473663,0.2646999955177307,0.2642000019550323,0.1835000067949295,0.425700694322586,0.3148013055324554,0.2716474447979138,0.2749943159841448,0.9799703359603882,88,4,153,174,0.2035071478949652,303.021726904975,302.14802576700845,0.0009907159383524,1481.1333333333334,688.3333333333334,792.8,310,281,409
Gangavaram,14.508,79.982,28_515_shc_2023-24.5999,100,35,136.0,0.84,0.0895000025629997,0.1136000007390976,0.1387999951839447,0.1560000032186508,0.215499997138977,0.2392999976873397,0.2599999904632568,0.2919999957084656,0.2897000014781952,0.3012000024318695,0.3278999924659729,0.2948000133037567,0.3035714030265808,0.1507389098405838,0.2470930079090132,0.2151898617780546,1.1229451894760132,23,2,116,174,0.1756394704182942,303.2865977817112,302.497233666314,0.0012059236771543,1443.2666666666669,744.2666666666667,698.9333333333333,345,319,336
Inamadugu,14.508,80.018,28_515_shc_2023-24.5073,138,36,143.0,0.52,0.0493500009179115,0.0610000006854534,0.089149996638298,0.0794000029563903,0.1317999958992004,0.3016999959945678,0.3492499887943268,0.358599990606308,0.3783999979496002,0.3479500114917755,0.2344000041484832,0.1363999992609024,0.6374428868293762,0.4624796211719513,0.5067150399284253,0.4464818596471374,0.6536531448364258,19,1,90,177,0.1756394704182942,303.2865977817112,302.497233666314,0.0012059236771543,1448.2,741.2,707.2,346,334,319
Leguntapadu,14.508,80.028,28_515_shc_2023-24.4886,201,21,215.0,0.31,0.0691500008106231,0.0729999989271164,0.0988000035285949,0.099600002169609,0.1535000056028366,0.241249993443489,0.2854500114917755,0.2766000032424927,0.3190000057220459,0.3147499859333038,0.2379499971866607,0.1618999987840652,0.4704944193363189,0.2862125039100647,0.3335343292191644,0.3030130106932072,0.8602675199508667,15,2,90,174,0.1756394704182942,303.2865977817112,302.497233666314,0.0012059236771543,1448.2,741.2,707.2,336,328,336
Leguntapadu,14.508,80.038,28_515_shc_2023-24.6829,176,22,163.0,0.18,0.0476499982178211,0.0532499998807907,0.0868500024080276,0.0860999971628189,0.1465000063180923,0.248999997973442,0.3093999922275543,0.3192000091075897,0.3382999897003174,0.3255999982357025,0.1847500056028366,0.1097000017762184,0.5751295685768127,0.3708395957946777,0.4056947161950557,0.3862255777039258,0.5787907242774963,15,2,27,177,0.1756394704182942,303.2865977817112,302.497233666314,0.0012059236771543,1448.2,741.2,707.2,331,318,351
Somasila,14.51,79.325,28_515_shc_2023-24.7020,151,139,351.0,0.28,0.0305000003427267,0.0366000011563301,0.0608000010251998,0.048599999397993,0.1049000024795532,0.2322999984025955,0.272599995136261,0.2809999883174896,0.3023000061511993,0.3185000121593475,0.2098000049591064,0.1130999997258186,0.7050970792770386,0.4563358128070831,0.4475772151805229,0.420202493419997,0.7466192841529846,72,1,270,183,0.1986786312527126,302.8799625820584,301.7794819302029,0.0009402949193194,1478.2666666666669,637.1333333333333,841.2,310,265,425
Padamati Kambhampadu,14.51,79.335,28_515_shc_2023-24.4872,163,19,338.0,0.38,0.1152999997138977,0.1425999999046325,0.2178000062704086,0.2996000051498413,0.3429000079631805,0.3558999896049499,0.3765999972820282,0.3704000115394592,0.3851000070571899,0.3880000114440918,0.5770999789237976,0.5475999712944031,0.105671651661396,0.0385532081127166,0.084345967278627,0.0907692376662835,1.5580452680587769,62,5,22,174,0.1986786312527126,302.8799625820584,301.7794819302029,0.0009402949193194,1485.0,650.4,834.8,343,266,392
Kaluvoya,14.51,79.395,28_515_shc_2023-24.5326,163,13,104.0,0.62,0.0293000005185604,0.0425999984145164,0.0714000016450882,0.0590000003576278,0.1142999976873397,0.2345999926328659,0.2922999858856201,0.3120000064373016,0.3332000076770782,0.3314000070095062,0.1592999994754791,0.0882000029087066,0.6819407343864441,0.4637579321861267,0.4697363576544451,0.4357060920309052,0.5105769038200378,72,2,90,174,0.2035071478949652,303.021726904975,302.14802576700845,0.0009907159383524,1483.8666666666666,666.9333333333333,816.8,352,272,376
Kaluvoya,14.51,79.405,28_515_shc_2023-24.6422,113,3,111.0,0.4,0.032999999821186,0.0432000011205673,0.0678000003099441,0.060199998319149,0.1213999986648559,0.252700001001358,0.2808000147342682,0.3203999996185303,0.3027999997138977,0.2921999990940094,0.2270999997854232,0.1377999931573867,0.6836574077606201,0.4504300653934479,0.4791543991532812,0.443220534707171,0.7088015079498291,73,2,207,183,0.2035071478949652,303.021726904975,302.14802576700845,0.0009907159383524,1483.8666666666666,666.9333333333333,816.8,342,272,386
Yanamadala,14.51,79.49,28_515_shc_2023-24.5163,75,1,111.0,0.4,0.045899998396635,0.0586000010371208,0.0825000032782554,0.0838000029325485,0.13230000436306,0.2080000042915344,0.2419999986886978,0.2533999979496002,0.2718000113964081,0.2842999994754791,0.2696000039577484,0.1738999933004379,0.5029655694961548,0.3139745593070984,0.3220171527619714,0.3038700337524116,1.0639305114746094,64,3,226,186,0.2007908715142144,303.34672690497507,302.605583275689,0.0010406639897432,1482.7333333333331,708.0666666666667,774.6,346,257,397
Kalayapalem,14.51,79.515,28_515_shc_2023-24.5039,63,1,52.0,0.99,0.0579999983310699,0.0767000019550323,0.1092000007629394,0.1377999931573867,0.1642999947071075,0.1958000063896179,0.2197999954223632,0.2171999961137771,0.2445999979972839,0.2552999854087829,0.3212999999523163,0.2515000104904175,0.2236619889736175,0.1386631727218628,0.1351489466869657,0.1392982525486475,1.4792817831039429,54,5,142,171,0.2007908715142144,303.34672690497507,302.605583275689,0.0010406639897432,1474.5333333333333,724.3333333333334,750.4,342,268,390
Chejerla,14.51,79.585,28_515_shc_2023-24.5384,38,3,182.0,0.72,0.0366000011563301,0.0388999991118907,0.0666999965906143,0.050500001758337,0.1193000003695488,0.2404000014066696,0.2813000082969665,0.2856000065803528,0.3102999925613403,0.302700012922287,0.2289000004529953,0.1414999961853027,0.6994941830635071,0.410718709230423,0.4532135569052302,0.4217796958688358,0.8014705777168274,58,1,46,177,0.2047082265218099,303.34257108900283,302.59094568888344,0.0010869988329203,1467.4,758.0666666666667,709.3333333333334,332,278,390
Nallapalem,14.51,79.755,28_515_shc_2023-24.6922,176,16,117.0,0.32,0.0662000030279159,0.0872000008821487,0.1146000027656555,0.1421999931335449,0.19200000166893,0.2795000076293945,0.341399997472763,0.3515999913215637,0.3680999875068664,0.3614999949932098,0.3161999881267547,0.2619000077247619,0.4240583181381225,0.2935982048511505,0.3375677163659758,0.3160595715386797,0.8993173837661743,33,4,90,168,0.2118243323432074,303.16526531643336,302.3867410447862,0.0012547519295644,1461.3333333333333,760.7333333333333,700.5333333333333,328,333,339
Panchedu,14.51,79.835,28_515_shc_2023-24.6932,138,40,52.0,0.38,0.0588000006973743,0.0718000009655952,0.1094999983906745,0.1106000021100044,0.1888000071048736,0.3501999974250793,0.3968999981880188,0.3964000046253204,0.4316000044345855,0.4228500127792358,0.3274500072002411,0.2324000000953674,0.5637080669403076,0.3547505140304565,0.4696023671192204,0.4257199611773702,0.8260595202445984,32,3,57,171,0.2118243323432074,303.16526531643336,302.3867410447862,0.0012547519295644,1437.2,752.6,684.3333333333334,334,309,357
Kovur,14.51,79.965,28_515_shc_2023-24.6405,151,8,143.0,0.7,0.0741000026464462,0.0838000029325485,0.1107999980449676,0.126800000667572,0.1747000068426132,0.2666999995708465,0.3131000101566314,0.3160000145435333,0.3445000052452087,0.3362999856472015,0.2614000141620636,0.1799000054597854,0.4272809624671936,0.2879559695720672,0.3265898196610189,0.3010182607500228,0.8272151947021484,20,1,180,180,0.1756394704182942,303.2865977817112,302.497233666314,0.0012059236771543,1443.2666666666669,744.2666666666667,698.9333333333333,351,326,323
Inamadugu,14.51,80.015,28_515_shc_2023-24.7081,88,40,312.0,0.71,0.0916500017046928,0.0876500010490417,0.1150999963283538,0.1172999963164329,0.1715500056743621,0.2543500065803528,0.2844499945640564,0.2678999900817871,0.2991000115871429,0.2903000116348266,0.3044500052928924,0.2450000047683715,0.3909657299518585,0.2192513048648834,0.2864588255108068,0.2551965591043365,1.1364315748214722,18,4,180,180,0.1756394704182942,303.2865977817112,302.497233666314,0.0012059236771543,1448.2,741.2,707.2,356,319,326
Pallipadu,14.51,80.055,28_515_shc_2023-24.5660,225,16,234.0,0.25,0.0731500014662742,0.0995500013232231,0.1400000005960464,0.1524000018835067,0.1982499957084655,0.2612499892711639,0.2894000113010406,0.2847999930381775,0.3161999881267547,0.3080500066280365,0.3503000140190124,0.2856000065803528,0.3028362095355987,0.1791739910840988,0.2278711799110731,0.2119077974905471,1.2299860715866089,15,1,0,180,0.1375673082139757,303.39487686157224,302.4629508972168,0.0011291041806922,1456.3333333333333,735.8666666666667,720.2666666666667,334,330,336
Pallipadu,14.51,80.065,28_515_shc_2023-24.5354,238,16,98.0,0.42,0.065200001001358,0.0803999975323677,0.1159999966621398,0.1103499978780746,0.1803999990224838,0.2851000130176544,0.3295499980449676,0.3459999859333038,0.3694500029087066,0.3578999936580658,0.2599999904632568,0.1536000072956085,0.5163799524307251,0.314589649438858,0.4192761893205426,0.3696083944855902,0.7514451146125793,12,2,180,180,0.1375673082139757,303.39487686157224,302.4629508972168,0.0011291041806922,1456.3333333333333,735.8666666666667,720.2666666666667,327,327,345
Kulluru,14.512,79.368,28_515_shc_2023-24.5339,163,13,91.0,0.32,0.0366999991238117,0.0595000013709068,0.0916000008583068,0.1026000007987022,0.1525000035762787,0.2316000014543533,0.3028999865055084,0.3037999868392944,0.3237999975681305,0.3120000064373016,0.2955000102519989,0.2058999985456466,0.4950787127017975,0.3315800726413727,0.3414451830903393,0.3329655595509815,0.9726794958114624,70,2,333,183,0.2035071478949652,303.021726904975,302.14802576700845,0.0009907159383524,1485.0,650.4,834.8,356,249,395
Baddevolu,14.512,79.412,28_515_shc_2023-24.6761,113,9,124.0,0.13,0.0511999987065792,0.0408000014722347,0.0631000027060508,0.0531999990344047,0.1208000034093856,0.1983000040054321,0.2231999933719635,0.253600001335144,0.2585999965667724,0.2603999972343445,0.2257999926805496,0.1797000020742416,0.6531942486763,0.3547008335590362,0.3954846952020329,0.3725830482318063,0.8903785347938538,79,3,341,183,0.2035071478949652,303.021726904975,302.14802576700845,0.0009907159383524,1483.8666666666666,666.9333333333333,816.8,342,283,376
Kesamanenipalle,14.512,79.422,28_515_shc_2023-24.5440,63,56,247.0,0.77,0.0340000018477439,0.0577999986708164,0.0829999968409538,0.0820000022649765,0.1215000003576278,0.2193000018596649,0.2481999993324279,0.2578000128269195,0.2694999873638153,0.2590000033378601,0.2386000007390976,0.164000004529953,0.5173631906509399,0.3593461811542511,0.3338904613355878,0.3140033473493793,0.9255236387252808,80,1,90,177,0.2035071478949652,303.021726904975,302.14802576700845,0.0009907159383524,1481.1333333333334,688.3333333333334,792.8,332,270,398
Kovur,14.512,79.968,28_515_shc_2023-24.5740,88,73,104.0,0.75,0.0876000002026557,0.0923999994993209,0.1270000040531158,0.1560000032186508,0.1976000070571899,0.2594000101089477,0.288100004196167,0.2998000085353851,0.3080999851226806,0.3059999942779541,0.3203000128269195,0.2569999992847442,0.315489262342453,0.2054684311151504,0.2330178933937743,0.2256748329383881,1.0683789253234863,22,0,0,180,0.1756394704182942,303.2865977817112,302.497233666314,0.0012059236771543,1443.2666666666669,744.2666666666667,698.9333333333333,348,323,329
Kovur,14.512,79.992,28_515_shc_2023-24.5825,188,138,221.0,0.3,0.0603000000119209,0.0785999968647956,0.096400000154972,0.0926000028848648,0.1775999963283538,0.2215999960899353,0.2437999993562698,0.2547999918460846,0.2721000015735626,0.2648000121116638,0.1908999979496002,0.1133999973535537,0.4668969213962555,0.1785383820533752,0.3321320022545069,0.287113505964887,0.7492150664329529,16,2,64,174,0.1756394704182942,303.2865977817112,302.497233666314,0.0012059236771543,1443.2666666666669,744.2666666666667,698.9333333333333,354,311,335
Kovur,14.512,79.998,28_515_shc_2023-24.7479,263,17,163.0,0.58,0.0487499982118606,0.0743499994277954,0.1124000027775764,0.1076999977231025,0.1495500057935714,0.2626000046730041,0.3288500010967254,0.326799988746643,0.3692499995231628,0.3788500130176544,0.1819500029087066,0.0921000018715858,0.5042577385902405,0.3721003234386444,0.3869999014678303,0.3516853839418977,0.5567625761032104,16,2,153,177,0.1756394704182942,303.2865977817112,302.497233666314,0.0012059236771543,1443.2666666666669,744.2666666666667,698.9333333333333,357,315,328
Yanamadala,14.515,79.505,28_515_shc_2023-24.6668,38,3,280.0,0.67,0.0439000017940998,0.0843999981880188,0.1283999979496002,0.1555999964475631,0.1677999943494796,0.2495999932289123,0.2815999984741211,0.2849999964237213,0.3032000064849853,0.302700012922287,0.2885999977588653,0.2177000045776367,0.293690413236618,0.2588339447975158,0.2040237148373332,0.2063576455829281,1.0126315355300903,60,1,270,183,0.2007908715142144,303.34672690497507,302.605583275689,0.0010406639897432,1474.5333333333333,724.3333333333334,750.4,345,268,387
Chejerla,14.515,79.565,28_515_shc_2023-24.6119,113,21,78.0,0.99,0.050000000745058,0.0697999969124794,0.099200002849102,0.1252000033855438,0.1710000038146972,0.2313999980688095,0.270900011062622,0.2790000140666961,0.3066999912261963,0.3097999989986419,0.3260000050067901,0.2208999991416931,0.380504697561264,0.2400000095367431,0.2551934771487198,0.2551426803460708,1.1684587001800537,61,2,180,180,0.2047082265218099,303.34257108900283,302.59094568888344,0.0010869988329203,1473.0,745.4666666666667,727.4,332,299,369
Bathulapalle,14.515,79.705,28_515_shc_2023-24.5973,88,95,19.0,0.34,0.0500999987125396,0.0471500009298324,0.0781000033020973,0.0707999989390373,0.1379999965429306,0.243599995970726,0.2854999899864197,0.3172000050544739,0.3197500109672546,0.3064000010490417,0.2601499855518341,0.1777500063180923,0.6350515484809875,0.3936731219291687,0.4436841767998811,0.4162162246745391,0.8201449513435364,51,3,0,180,0.2090126461452908,303.2819699605306,302.4859326680501,0.0011616126153941,1463.3333333333333,757.8666666666667,705.4666666666667,319,286,395
Bathulapalle,14.515,79.71,28_515_shc_2023-24.5693,138,52,20.0,0.5,0.0500999987125396,0.0710500031709671,0.1006999984383583,0.1255999952554702,0.1684000045061111,0.2190999984741211,0.2442999929189682,0.2599999904632568,0.2752499878406524,0.2882499992847442,0.34375,0.2441000044345855,0.3485477268695831,0.2138188332319259,0.2269158702930861,0.2276422719768532,1.322115421295166,48,2,27,177,0.2090126461452908,303.2819699605306,302.4859326680501,0.0011616126153941,1463.6,759.2666666666667,704.3333333333334,338,275,387
Nallapalem,14.515,79.755,28_515_shc_2023-24.6393,176,7,163.0,0.44,0.0537000000476837,0.0737999975681305,0.1019999980926513,0.1092000007629394,0.1668000072240829,0.2487999945878982,0.3190000057220459,0.3228000104427337,0.3355000019073486,0.3700999915599823,0.2601999938488006,0.1554999947547912,0.4944444596767425,0.3186274468898773,0.3748683831039602,0.3437768354800865,0.8060718178749084,32,1,270,183,0.2118243323432074,303.16526531643336,302.3867410447862,0.0012547519295644,1461.3333333333333,760.7333333333333,700.5333333333333,334,330,336
Panchedu,14.515,79.83,28_515_shc_2023-24.7123,151,20,111.0,0.36,0.0570000000298023,0.0769999995827674,0.1180000007152557,0.1542000025510788,0.2177000045776367,0.2849499881267547,0.3145000040531158,0.326799988746643,0.3481000065803528,0.3452999889850616,0.4217000007629394,0.3423500061035156,0.3588357269763946,0.2003672868013382,0.2576888406318882,0.2639143543221228,1.2903916835784912,36,1,134,177,0.2118243323432074,303.16526531643336,302.3867410447862,0.0012547519295644,1442.5333333333333,753.4,689.1333333333333,331,303,366
Panchedu,14.515,79.835,28_515_shc_2023-24.5281,88,20,98.0,0.41,0.0326500013470649,0.0419499985873699,0.0705000013113021,0.0472999997437,0.1209999993443489,0.2409500032663345,0.3043499886989593,0.3181999921798706,0.3371999859809875,0.3280499875545501,0.1897000074386596,0.1006999984383583,0.7411764860153198,0.4489981830120086,0.5260704770869283,0.4694973916188543,0.5961659550666809,30,1,0,180,0.2118243323432074,303.16526531643336,302.3867410447862,0.0012547519295644,1437.2,752.6,684.3333333333334,342,322,337
Panchedu,14.515,79.835,28_515_shc_2023-24.6059,163,14,163.0,0.38,0.0326500013470649,0.0419499985873699,0.0705000013113021,0.0472999997437,0.1209999993443489,0.2409500032663345,0.3043499886989593,0.3181999921798706,0.3371999859809875,0.3280499875545501,0.1897000074386596,0.1006999984383583,0.7411764860153198,0.4489981830120086,0.5260704770869283,0.4694973916188543,0.5961659550666809,30,1,0,180,0.2118243323432074,303.16526531643336,302.3867410447862,0.0012547519295644,1437.2,752.6,684.3333333333334,342,322,337
Rebala,14.515,79.915,28_515_shc_2023-24.6919,113,18,143.0,0.61,0.0538999997079372,0.063400000333786,0.0824000015854835,0.0798000022768974,0.1271000057458877,0.2430000007152557,0.2806999981403351,0.2861999869346618,0.2989000082015991,0.2708500027656555,0.2022999972105026,0.1234000027179718,0.5639343857765198,0.3849503695964813,0.4001550697228742,0.3575057515514737,0.7068483829498291,24,2,64,174,0.2054083082411024,303.26074057685,302.4545524597168,0.0013007060513068,1439.2,751.1333333333333,688.1333333333333,358,337,304
Patur,14.515,79.94,28_515_shc_2023-24.6153,138,28,97.0,0.98,0.0860999971628189,0.1164999976754188,0.155799999833107,0.1900999993085861,0.218199998140335,0.2707000076770782,0.3016499876976013,0.3176000118255615,0.325899988412857,0.3287999927997589,0.3785499930381775,0.3070999979972839,0.2511325776576996,0.1855170130729675,0.201173925488764,0.1897886441027372,1.1919080018997192,22,3,0,180,0.2054083082411024,303.26074057685,302.4545524597168,0.0013007060513068,1440.0,747.2666666666667,692.9333333333333,380,293,327
Cherlopalem,14.515,79.99,28_515_shc_2023-24.5202,100,38,149.0,0.65,0.092299997806549,0.099600002169609,0.1243999972939491,0.1358000040054321,0.179299995303154,0.2304999977350235,0.2431000024080276,0.2336000055074691,0.2675999999046325,0.2671000063419342,0.2913999855518341,0.2418999969959259,0.2647536396980285,0.131508857011795,0.1878745975583015,0.1687370607866075,1.247431397438049,18,1,134,177,0.1756394704182942,303.2865977817112,302.497233666314,0.0012059236771543,1443.2666666666669,744.2666666666667,698.9333333333333,361,312,328
Kovur,14.515,79.995,28_515_shc_2023-24.6151,201,70,273.0,0.16,0.0557000003755092,0.063400000333786,0.091399997472763,0.0974999964237213,0.147499993443489,0.2599000036716461,0.3395000100135803,0.3456000089645386,0.3847000002861023,0.3529999852180481,0.1802999973297119,0.1106999963521957,0.5599187612533569,0.4017440974712372,0.4262593895570437,0.3946029230039262,0.5217013955116272,18,1,90,177,0.1756394704182942,303.2865977817112,302.497233666314,0.0012059236771543,1443.2666666666669,744.2666666666667,698.9333333333333,365,310,326
Kovur,14.515,80.005,28_515_shc_2023-24.5555,188,112,267.0,0.18,0.0399999991059303,0.0447999984025955,0.0738999992609024,0.0582499988377094,0.1150500029325485,0.2619000077247619,0.3395499885082245,0.3420000076293945,0.3738999962806701,0.3416500091552734,0.1856500059366226,0.0983999967575073,0.7089319229125977,0.4965539872646332,0.5233308855524212,0.4727853486586789,0.5428362488746643,16,1,46,177,0.1756394704182942,303.2865977817112,302.497233666314,0.0012059236771543,1448.2,741.2,707.2,359,327,313
Inamadugu,14.515,80.015,28_515_shc_2023-24.6412,188,50,39.0,0.28,0.0829999968409538,0.1272000074386596,0.1548999994993209,0.1750999987125396,0.1882999986410141,0.2389000058174133,0.2648999989032745,0.2813999950885772,0.2824999988079071,0.2858999967575073,0.301800012588501,0.2520500123500824,0.2328587025403976,0.1982116252183914,0.1928519623629955,0.1667015113407418,1.0724947452545166,17,4,0,180,0.1756394704182942,303.2865977817112,302.497233666314,0.0012059236771543,1448.2,741.2,707.2,361,327,313
Leguntapadu,14.515,80.035,28_515_shc_2023-24.4892,213,43,150.0,0.38,0.0282000005245208,0.0346999987959861,0.0513999983668327,0.0296999998390674,0.0548000000417232,0.0359000004827976,0.0394000001251697,0.0302000008523464,0.0255999993532896,0.0461000017821788,0.0256999991834163,0.0208000000566244,0.0083472626283764,-0.2894117534160614,0.0013183594594123,0.001339527628134,0.8509933352470398,12,1,314,183,0.1756394704182942,303.2865977817112,302.497233666314,0.0012059236771543,1448.2,741.2,707.2,328,335,337
Lebur Bit 閳 I,14.515,80.09,28_515_shc_2023-24.6866,176,46,371.0,0.8,0.0596599988639354,0.0802799984812736,0.1069125011563301,0.1020499989390373,0.1535100042819976,0.2654166519641876,0.3247750103473663,0.3361999988555908,0.3507499992847442,0.3406000137329101,0.1883333325386047,0.1159666702151298,0.5342841148376465,0.3730575144290924,0.4347704977008022,0.3743405283244234,0.5601824522018433,9,1,226,183,0.1375673082139757,303.39487686157224,302.4629508972168,0.0011291041806922,1446.1333333333334,725.6,720.6,361,297,342
Paderu,14.518,79.632,28_515_shc_2024-25.5504,100,21,533.0,0.51,0.0274999998509883,0.0399999991059303,0.0692000016570091,0.0654999986290931,0.1177000030875206,0.2397000044584274,0.2745000123977661,0.2808000147342682,0.2962999939918518,0.2901000082492828,0.2153999954462051,0.1387999951839447,0.6217153072357178,0.4092848300933838,0.3917965024644064,0.381602291218567,0.7670939564704895,56,2,64,174,0.2047082265218099,303.34257108900283,302.59094568888344,0.0010869988329203,1463.1333333333334,759.5333333333333,703.6666666666666,308,317,375
Golla Kandukur,14.518,79.802,28_515_shc_2023-24.6755,176,14,163.0,0.26,0.0618500001728534,0.0606999993324279,0.0908999964594841,0.098700001835823,0.1535499989986419,0.2549499869346618,0.2925499975681305,0.3242000043392181,0.3371500074863434,0.3046000003814697,0.3064500093460083,0.2036000043153762,0.5332229733467102,0.3571951985359192,0.3858262316686859,0.3665077489347623,0.9452498555183412,35,1,134,177,0.2118243323432074,303.16526531643336,302.3867410447862,0.0012547519295644,1442.5333333333333,753.4,689.1333333333333,347,291,362
Gangapatnam,14.518,80.138,28_515_shc_2023-24.6777,263,11,234.0,0.68,0.066780000925064,0.0843777805566787,0.1158666685223579,0.1221333369612693,0.1608500033617019,0.2457499951124191,0.2822000086307525,0.2865999937057495,0.3064000010490417,0.3153750002384186,0.2912999987602234,0.1829999983310699,0.4023813307285309,0.2810369729995727,0.2965357911290145,0.2714767652856312,1.0163991451263428,7,1,0,180,0.1375673082139757,303.39487686157224,302.4629508972168,0.0011291041806922,1455.3333333333333,720.2666666666667,735.2666666666667,348,335,317
Kotitheertham,14.52,79.565,28_515_shc_2023-24.7111,75,45,72.0,0.63,0.0498999990522861,0.0776000022888183,0.1111999973654747,0.1289999932050705,0.1449999958276748,0.2016000002622604,0.2301999926567077,0.2601999938488006,0.2606000006198883,0.2682999968528747,0.2723999917507171,0.2179999947547912,0.3371017575263977,0.2843040525913238,0.2258642171080196,0.2213225414202264,1.0468870401382446,60,4,333,186,0.2047082265218099,303.34257108900283,302.59094568888344,0.0010869988329203,1473.0,745.4666666666667,727.4,322,301,376
Pathapadu,14.52,79.635,28_515_shc_2023-24.5140,75,13,150.0,0.58,0.0487999990582466,0.0719999969005584,0.1011999994516372,0.1343999952077865,0.170300006866455,0.2241999953985214,0.2750999927520752,0.287200003862381,0.3131000101566314,0.3188000023365021,0.2903999984264374,0.2242999970912933,0.3624288737773895,0.2555191218852997,0.2458805497174184,0.2486979310038401,1.011142015457153,55,1,46,177,0.2047082265218099,303.34257108900283,302.59094568888344,0.0010869988329203,1463.1333333333334,759.5333333333333,703.6666666666666,312,307,381
Thatiparthi,14.52,79.77,28_515_shc_2023-24.5980,138,19,182.0,0.31,0.0388999991118907,0.0432000011205673,0.0769999995827674,0.062899999320507,0.1333999931812286,0.2563000023365021,0.3353999853134155,0.339599996805191,0.3619000017642975,0.3560999929904938,0.2055999934673309,0.1129999980330467,0.6874533891677856,0.4359408318996429,0.4965900943978945,0.4598891944695574,0.6054181456565857,32,0,0,180,0.2118243323432074,303.16526531643336,302.3867410447862,0.0012547519295644,1461.3333333333333,760.7333333333333,700.5333333333333,343,340,318
Golla Kandukur,14.52,79.805,28_515_shc_2023-24.5605,151,43,286.0,1.05,0.0340000018477439,0.0511500015854835,0.0776999965310096,0.0732999965548515,0.1351500004529953,0.2327000051736831,0.26910001039505,0.2786000072956085,0.3027499914169311,0.2878000140190124,0.2001000046730041,0.1110000014305114,0.5834044218063354,0.3467069566249847,0.3845217632689978,0.3614861071947971,0.7182340025901794,30,1,180,180,0.2118243323432074,303.16526531643336,302.3867410447862,0.0012547519295644,1442.5333333333333,753.4,689.1333333333333,349,307,344
Panchedu,14.52,79.835,28_515_shc_2023-24.6459,125,17,130.0,0.61,0.0471000000834465,0.0615000016987323,0.0898000001907348,0.0838999971747398,0.1351000070571899,0.2602500021457672,0.3042500019073486,0.2998999953269958,0.328000009059906,0.3194000124931335,0.2517000138759613,0.1647000014781952,0.5627931356430054,0.3788505494594574,0.4023695161939509,0.3665987779783192,0.83927983045578,31,1,90,177,0.2118243323432074,303.16526531643336,302.3867410447862,0.0012547519295644,1437.2,752.6,684.3333333333334,335,334,331
Penuballe,14.52,79.9,28_515_shc_2023-24.7105,100,23,52.0,0.41,0.0399999991059303,0.0557000003755092,0.095100000500679,0.0925500020384788,0.1543000042438507,0.2634499967098236,0.294050008058548,0.3012999892234802,0.3165499866008758,0.2603999972343445,0.2696500122547149,0.1863500028848648,0.5300241112709045,0.3226514160633087,0.3627028310501389,0.3503104366935492,0.8949552774429321,25,3,161,177,0.2054083082411024,303.26074057685,302.4545524597168,0.0013007060513068,1439.2,751.1333333333333,688.1333333333333,365,321,313
Kovur,14.52,80.005,28_515_shc_2023-24.5181,113,158,267.0,0.42,0.0474499985575675,0.0545499995350837,0.0800999999046325,0.0731000006198883,0.1232500001788139,0.2374999970197677,0.2737999856472015,0.2766999900341034,0.3055500090122223,0.3066500127315521,0.2572500109672546,0.1539500057697296,0.5820468664169312,0.3836729526519775,0.3896874267314534,0.3593786626030579,0.9297073483467102,16,1,180,180,0.1756394704182942,303.2865977817112,302.497233666314,0.0012059236771543,1448.2,741.2,707.2,366,325,309
Kovur,14.52,80.01,28_515_shc_2023-24.6149,151,70,130.0,0.22,0.0487499982118606,0.0538499988615512,0.0778499990701675,0.0648500025272369,0.1293999999761581,0.260699987411499,0.3292999863624573,0.321399986743927,0.3496499955654144,0.331849992275238,0.1876000016927719,0.0935999974608421,0.6642071008682251,0.4259094893932342,0.4908638327096925,0.434217185877213,0.5836963653564453,15,2,207,183,0.1756394704182942,303.2865977817112,302.497233666314,0.0012059236771543,1448.2,741.2,707.2,363,335,302
Nedurupalle,14.522,79.742,28_515_shc_2023-24.5692,113,16,215.0,1.0,0.0326999984681606,0.0443999990820884,0.0851999968290329,0.0728000029921531,0.1404000073671341,0.2508000135421753,0.3088999986648559,0.3212000131607055,0.3373999893665313,0.3233999907970428,0.1934999972581863,0.1145000010728836,0.6304568648338318,0.3916811048984527,0.4357894799033469,0.4167785330208767,0.6024283766746521,40,2,270,186,0.2090126461452908,303.2819699605306,302.4859326680501,0.0011616126153941,1463.6,759.2666666666667,704.3333333333334,322,328,351
Annareddipalem,14.522,79.868,28_515_shc_2023-24.7275,88,75,630.0,0.26,0.0531000010669231,0.067950002849102,0.0967499986290931,0.094200000166893,0.1502500027418136,0.2674500048160553,0.3163999915122986,0.3364000022411346,0.3468999862670898,0.3443999886512756,0.2400500029325485,0.1524000018835067,0.5624709725379944,0.3825131058692932,0.4349934539558515,0.3903932969818231,0.7135850191116333,28,0,0,180,0.2054083082411024,303.26074057685,302.4545524597168,0.0013007060513068,1437.2,752.6,684.3333333333334,348,321,331
Chellayapalem,14.522,79.888,28_515_shc_2023-24.5894,50,38,149.0,0.08,0.0395499989390373,0.034800000488758,0.0583500005304813,0.0448499992489814,0.1140000000596046,0.2483000010251999,0.2994999885559082,0.3104000091552734,0.326200008392334,0.3073500096797943,0.2302999943494796,0.1409000009298324,0.747501790523529,0.4627709686756134,0.5035077923932816,0.4657410241978739,0.7419458627700806,30,1,180,180,0.2054083082411024,303.26074057685,302.4545524597168,0.0013007060513068,1439.2,751.1333333333333,688.1333333333333,370,307,324
Penuballe,14.522,79.898,28_515_shc_2023-24.6962,50,13,52.0,0.31,0.0353499986231327,0.036200001835823,0.0494499988853931,0.0322499983012676,0.0680999979376792,0.0984499976038932,0.1147999987006187,0.0617000013589859,0.1046999990940094,0.1222999989986419,0.0522999987006187,0.0337999984622001,0.3134646415710449,-0.0493066012859344,0.0748449825515381,0.0743749551508477,0.847649872303009,24,2,0,180,0.2054083082411024,303.26074057685,302.4545524597168,0.0013007060513068,1439.2,751.1333333333333,688.1333333333333,371,318,312
Leguntapadu,14.522,80.028,28_515_shc_2024-25.7321,125,25,111.0,1.5,0.0472999997437,0.0763000026345253,0.1115999966859817,0.0967999994754791,0.1564999967813491,0.2572000026702881,0.3077000081539154,0.3140000104904175,0.3425999879837036,0.323199987411499,0.2296999990940094,0.1324000060558319,0.5287244319915771,0.3347502946853637,0.4105705135040979,0.3577075241079614,0.731528639793396,12,2,180,180,0.1756394704182942,303.2865977817112,302.497233666314,0.0012059236771543,1448.2,741.2,707.2,348,335,317
Padamati Kambhampadu,14.525,79.325,28_515_shc_2023-24.5668,125,111,416.0,0.12,0.0289999991655349,0.0381999984383583,0.0710000023245811,0.0564000010490417,0.123099997639656,0.2500999867916107,0.3185999989509582,0.3364000022411346,0.3585000038146972,0.3513000011444092,0.1650000065565109,0.0904000028967857,0.7128309607505798,0.4642002284526825,0.5042137814384959,0.4704301077960812,0.4904875457286834,76,3,123,171,0.1986786312527126,302.8799625820584,301.7794819302029,0.0009402949193194,1478.2666666666669,637.1333333333333,841.2,330,255,415
Padamati Kambhampadu,14.525,79.335,28_515_shc_2023-24.7030,326,132,371.0,0.23,0.0275999996811151,0.0359999984502792,0.0579999983310699,0.0529000014066696,0.0996999964118003,0.1777999997138977,0.2022999972105026,0.2072000056505203,0.2238000035285949,0.2177000045776367,0.1466999948024749,0.0886000022292137,0.5932333469390869,0.3502769768238067,0.307468518016541,0.3044994135204129,0.7080115675926208,70,1,226,183,0.1986786312527126,302.8799625820584,301.7794819302029,0.0009402949193194,1485.0,650.4,834.8,341,272,387
Padamati Kambhampadu,14.525,79.34,28_515_shc_2023-24.6100,125,29,351.0,0.22,0.0351999998092651,0.0423999987542629,0.0706000030040741,0.0559000000357627,0.1140000000596046,0.2707000076770782,0.3246999979019165,0.3420000076293945,0.3598000109195709,0.3382000029087066,0.2360000014305114,0.1283999979496002,0.7190248966217041,0.5,0.5261512505083994,0.4779485552142741,0.6900584697723389,74,3,145,174,0.1986786312527126,302.8799625820584,301.7794819302029,0.0009402949193194,1485.0,650.4,834.8,347,258,395
Chejerla,14.525,79.555,28_515_shc_2023-24.4868,125,11,52.0,0.85,0.0439999997615814,0.0493000000715255,0.0644000023603439,0.0797000005841255,0.1146000027656555,0.2001000046730041,0.2386000007390976,0.2357999980449676,0.2649999856948852,0.2791999876499176,0.2459000051021576,0.1598999947309494,0.49477019906044,0.3458904027938843,0.2903105771678927,0.2871244593315562,1.0428329706192017,67,2,0,180,0.2047082265218099,303.34257108900283,302.59094568888344,0.0010869988329203,1473.0,745.4666666666667,727.4,336,285,379
Pathapadu,14.525,79.665,28_515_shc_2023-24.5820,63,13,111.0,0.67,0.0549999997019767,0.0564999990165233,0.0825999975204467,0.0926000028848648,0.1473000049591064,0.2245000004768371,0.2603999972343445,0.2576000094413757,0.2949000000953674,0.2869000136852264,0.2723999917507171,0.1916999965906143,0.4711593389511108,0.2724129557609558,0.2968800649607819,0.2911079819413072,1.0574533939361572,56,2,27,177,0.2090126461452908,303.2819699605306,302.4859326680501,0.0011616126153941,1463.1333333333334,759.5333333333333,703.6666666666666,323,307,370
Panchedu,14.525,79.86,28_515_shc_2023-24.6106,113,23,124.0,0.44,0.0597999989986419,0.0772999972105026,0.1055999994277954,0.1220000013709068,0.1931000053882599,0.2514500021934509,0.2829000055789947,0.2836000025272369,0.3089999854564667,0.3155499994754791,0.3181999921798706,0.247649997472763,0.3984220921993255,0.189846858382225,0.2813664338049592,0.2676678452860948,1.1220028400421145,30,2,207,183,0.2054083082411024,303.26074057685,302.4545524597168,0.0013007060513068,1437.2,752.6,684.3333333333334,348,322,330
Rebala,14.525,79.915,28_515_shc_2025-26.4941,163,107,143.0,0.6,0.0414000004529953,0.0411499999463558,0.0580499991774559,0.0344999991357326,0.0676999986171722,0.0795999988913536,0.0808999985456466,0.0689999982714653,0.0537000000476837,0.2030999958515167,0.0406999997794628,0.0311500001698732,0.3333333432674408,0.0095098735764622,0.0891588044139207,0.0857497910951635,0.5898550748825073,23,2,27,177,0.2054083082411024,303.26074057685,302.4545524597168,0.0013007060513068,1439.2,751.1333333333333,688.1333333333333,369,329,303
Kovur,14.525,80.015,28_515_shc_2023-24.6089,125,102,260.0,0.18,0.061099998652935,0.0725499987602233,0.1190000027418136,0.1111999973654747,0.1856999993324279,0.2635000050067901,0.3205499947071075,0.352400004863739,0.3662500083446502,0.3652499914169311,0.2483499944210052,0.1440500020980835,0.5202761292457581,0.3097937405109405,0.4086819630410401,0.3754670095583232,0.7047389149665833,16,2,64,174,0.1756394704182942,303.2865977817112,302.497233666314,0.0012059236771543,1448.2,741.2,707.2,366,324,310
Yanamadala,14.528,79.518,28_515_shc_2023-24.4871,113,128,247.0,0.58,0.046799998730421,0.0759000033140182,0.1085999980568885,0.1278000026941299,0.1616999953985214,0.2459000051021576,0.2887000143527984,0.2994000017642975,0.3251999914646148,0.3273000121116638,0.2730999886989593,0.1761000007390976,0.4016853868961334,0.298633724451065,0.2865827179667376,0.2776100057889853,0.9121575951576232,54,2,27,177,0.2007908715142144,303.34672690497507,302.605583275689,0.0010406639897432,1474.5333333333333,724.3333333333334,750.4,336,258,406
Yanamadala,14.528,79.522,28_515_shc_2025-26.5474,100,3,150.0,0.24,0.0454000011086463,0.0581000000238418,0.0882000029087066,0.0891000032424926,0.1536000072956085,0.2321999967098236,0.2834999859333038,0.2883999943733215,0.326799988746643,0.3224000036716461,0.216399997472763,0.1308999955654144,0.5279470086097717,0.3049773573875427,0.3591637937824321,0.3406837464484292,0.7503467202186584,57,4,90,168,0.2007908715142144,303.34672690497507,302.605583275689,0.0010406639897432,1474.5333333333333,724.3333333333334,750.4,338,265,397
Mahammadapuram,14.528,79.768,28_515_shc_2023-24.5151,151,9,91.0,0.52,0.046399999409914,0.0568999983370304,0.0791999995708465,0.0890000015497207,0.1376000046730041,0.2208999991416931,0.2389000058174133,0.2386000007390976,0.2660999894142151,0.2581999897956848,0.2535000145435333,0.1869000047445297,0.4566544592380523,0.2684741914272308,0.2778912893102457,0.271145478689539,1.0624476671218872,32,3,226,186,0.2118243323432074,303.16526531643336,302.3867410447862,0.0012547519295644,1461.3333333333333,760.7333333333333,700.5333333333333,359,309,333
Mahammadapuram,14.528,79.772,28_515_shc_2023-24.6444,113,23,104.0,0.22,0.0388000011444091,0.0458000004291534,0.0797000005841255,0.0511999987065792,0.1253000050783157,0.287200003862381,0.3260999917984009,0.3244000077247619,0.3513999879360199,0.3393999934196472,0.2117999941110611,0.1155999973416328,0.7273695468902588,0.4427396059036255,0.5302383543754925,0.4680219398324181,0.6528975963592529,35,3,108,171,0.2118243323432074,303.16526531643336,302.3867410447862,0.0012547519295644,1461.3333333333333,760.7333333333333,700.5333333333333,358,314,327
Cherlopalem,14.528,80.018,28_515_shc_2023-24.7437,188,23,202.0,0.58,0.0532499998807907,0.068400003015995,0.1031000018119812,0.1062999963760376,0.1659500002861023,0.2639999985694885,0.2933500111103058,0.3061000108718872,0.3323000073432922,0.3240000009536743,0.2210499942302703,0.1347499936819076,0.4844811260700226,0.2968965172767639,0.3490810314703987,0.3284743745758623,0.7221495509147644,17,2,207,183,0.1756394704182942,303.2865977817112,302.497233666314,0.0012059236771543,1448.2,741.2,707.2,371,316,313
Padamati Kambhampadu,14.53,79.325,28_515_shc_2023-24.6113,151,66,351.0,0.42,0.0401000007987022,0.0553999990224838,0.0854000002145767,0.0692000016570091,0.12950000166893,0.2675000131130218,0.3276000022888183,0.3427999913692474,0.3571000099182129,0.357699990272522,0.1499000042676925,0.0878999978303909,0.664077639579773,0.4516197144985199,0.5094971842660544,0.449999986520331,0.4372812509536743,76,2,27,177,0.1986786312527126,302.8799625820584,301.7794819302029,0.0009402949193194,1478.2666666666669,637.1333333333333,841.2,326,260,414
Chejerla,14.53,79.545,28_515_shc_2023-24.5024,50,3,195.0,0.67,0.0372000001370906,0.0441999994218349,0.0681999996304512,0.0763999968767166,0.1293999999761581,0.2194000035524368,0.2565999925136566,0.2883999943733215,0.2763999998569488,0.2635000050067901,0.2576000094413757,0.1881999969482422,0.5811403393745422,0.3805648684501648,0.3744789099430351,0.367715078009251,0.8932039141654968,54,1,314,183,0.2007908715142144,303.34672690497507,302.605583275689,0.0010406639897432,1473.0,745.4666666666667,727.4,338,258,404
Pathapadu,14.53,79.63,28_515_shc_2023-24.5472,75,3,65.0,0.78,0.0658000037074089,0.050500001758337,0.0703999996185302,0.0697999969124794,0.1272999942302703,0.1790000051259994,0.2006999999284744,0.2029999941587448,0.2199999988079071,0.2520999908447265,0.2415000051259994,0.1595000028610229,0.4882698059082031,0.2291855961084365,0.2678894679827517,0.2585403703129492,1.1896551847457886,48,3,226,186,0.2047082265218099,303.34257108900283,302.59094568888344,0.0010869988329203,1463.1333333333334,759.5333333333333,703.6666666666666,312,308,380
Pathapadu,14.53,79.65,28_515_shc_2023-24.6209,88,3,117.0,0.8,0.0443999990820884,0.0979000031948089,0.1371999979019165,0.1816000044345855,0.2014999985694885,0.2558000087738037,0.2802000045776367,0.2885999977588653,0.3073999881744385,0.2896000146865845,0.3398999869823456,0.2732000052928924,0.2275627255439758,0.1777188330888748,0.1627178340246041,0.1654297975917929,1.1777546405792236,53,3,314,186,0.2047082265218099,303.34257108900283,302.59094568888344,0.0010869988329203,1463.1333333333334,759.5333333333333,703.6666666666666,309,326,364
Nedurupalle,14.53,79.745,28_515_shc_2023-24.6689,113,61,253.0,0.62,0.0359000004827976,0.0403999984264373,0.0658000037074089,0.0560000017285347,0.1070000007748603,0.2073000073432922,0.2430000007152557,0.2561999857425689,0.2741000056266784,0.2612999975681305,0.1888000071048736,0.1027999967336654,0.6412555575370789,0.4107929170131683,0.3882252225892725,0.3697364942790465,0.7369243502616882,33,1,46,177,0.2090126461452908,303.2819699605306,302.4859326680501,0.0011616126153941,1463.6,759.2666666666667,704.3333333333334,333,320,347
Vavveru,14.53,79.88,28_515_shc_2023-24.5675,125,15,71.0,0.82,0.0714000016450882,0.064699999988079,0.097300000488758,0.0984999984502792,0.1668000072240829,0.2478999942541122,0.2781499922275543,0.2969000041484833,0.2928999960422516,0.2969500124454498,0.3018999993801117,0.2285999953746795,0.5017703771591187,0.280569314956665,0.3536163804476973,0.3323654318556703,1.0168406963348389,25,2,153,177,0.2054083082411024,303.26074057685,302.4545524597168,0.0013007060513068,1439.2,751.1333333333333,688.1333333333333,349,319,332
Munulapudi,14.53,79.885,28_515_shc_2023-24.5480,50,14,78.0,0.56,0.0784000009298324,0.0673500001430511,0.098700001835823,0.1238999962806701,0.1590500026941299,0.2448499947786331,0.2779000103473663,0.2723000049591064,0.2991499900817871,0.2901999950408935,0.3109500110149383,0.2296999990940094,0.3745583295822143,0.2625478208065033,0.2456018577180696,0.2483820717582193,1.1419390439987185,28,3,161,177,0.2054083082411024,303.26074057685,302.4545524597168,0.0013007060513068,1439.2,751.1333333333333,688.1333333333333,350,303,347
Rebala,14.53,79.895,28_515_shc_2023-24.6050,226,20,124.0,0.8,0.0517500005662441,0.0814500004053115,0.1120000034570694,0.1291999965906143,0.1781000047922134,0.2423499971628189,0.272350013256073,0.2894999980926513,0.3061999976634979,0.3262999951839447,0.3488500118255615,0.2537499964237213,0.3828516900539398,0.2382377982139587,0.2756521663595153,0.2617285334109031,1.205008625984192,25,1,134,177,0.2054083082411024,303.26074057685,302.4545524597168,0.0013007060513068,1439.2,751.1333333333333,688.1333333333333,366,305,329
Nidumusali,14.53,80.095,28_515_shc_2023-24.5876,251,15,221.0,0.52,0.0462305545806884,0.0648000016808509,0.0958666652441024,0.0834200009703636,0.138600006699562,0.2178000062704086,0.2535625100135803,0.2269999980926513,0.2622666656970978,0.1677888929843902,0.1853750050067901,0.1326099932193756,0.462534636259079,0.2417942881584167,0.2891213958040404,0.2657510870072757,0.8166300058364868,12,0,0,180,0.1375673082139757,303.39487686157224,302.4629508972168,0.0011291041806922,1446.1333333333334,725.6,720.6,350,326,324
Chejerla,14.532,79.552,28_515_shc_2023-24.5260,38,3,358.0,0.67,0.0390000008046627,0.0524000003933906,0.0847999975085258,0.0917000025510788,0.1579000055789947,0.2334000021219253,0.2815000116825104,0.2958000004291534,0.3115000128746032,0.2720000147819519,0.226500004529953,0.1412999927997589,0.5267096757888794,0.3039453327655792,0.3511699863767442,0.3449577417341496,0.7657200694084167,54,1,90,177,0.2047082265218099,303.34257108900283,302.59094568888344,0.0010869988329203,1473.0,745.4666666666667,727.4,315,293,392
Chejerla,14.532,79.562,28_515_shc_2023-24.6952,100,1,163.0,0.94,0.0351999998092651,0.0520000010728836,0.0846000015735626,0.0791999995708465,0.1336999982595443,0.2416000068187713,0.3095000088214874,0.3172000050544739,0.3447999954223633,0.330700010061264,0.1656000018119812,0.0878999978303909,0.6004036664962769,0.4069638550281524,0.4242726868732356,0.3982597126097302,0.5220680832862854,50,1,314,183,0.2047082265218099,303.34257108900283,302.59094568888344,0.0010869988329203,1473.0,745.4666666666667,727.4,332,297,372
Vavveru,14.532,79.868,28_515_shc_2023-24.4857,188,19,46.0,0.58,0.0449500009417533,0.0454000011086463,0.069250002503395,0.045899998396635,0.1114500015974044,0.1307999938726425,0.1407500058412552,0.0786999985575676,0.1358499974012375,0.2437999993562698,0.1160999983549118,0.0773999989032745,0.2632423937320709,-0.1722324639558792,0.0808997651637373,0.0787704138349624,1.47522234916687,26,3,108,171,0.2054083082411024,303.26074057685,302.4545524597168,0.0013007060513068,1437.2,752.6,684.3333333333334,352,324,324
Isakapalem,14.532,79.888,28_515_shc_2023-24.5673,88,100,85.0,0.5,0.0627499967813491,0.0933500006794929,0.1299999952316284,0.1569000035524368,0.2072000056505203,0.2610000073909759,0.2862499952316284,0.3001999855041504,0.3154000043869018,0.2829500138759613,0.3689999878406524,0.2797000110149383,0.3134981095790863,0.1832873076200485,0.2324072427246275,0.2245846571782394,1.2291805744171145,21,2,244,186,0.2054083082411024,303.26074057685,302.4545524597168,0.0013007060513068,1439.2,751.1333333333333,688.1333333333333,346,311,343
Gangapatnam,14.532324,80.113491,28_515_shc_2023-24.5245,100,6,436.0,0.65,0.069750003516674,0.0821200013160705,0.0996428579092025,0.0932357162237167,0.1799000054597854,0.2887625098228454,0.3478714227676391,0.3369771540164947,0.3737216591835022,0.3876599967479706,0.1868250072002411,0.1127500012516975,0.5665600895881653,0.3038964867591858,0.4758747889589303,0.3930413869620552,0.5544144511222839,8,3,161,177,0.1375673082139757,303.39487686157224,302.4629508972168,0.0011291041806922,1446.1333333333334,725.6,720.6,363,328,309
Padamati Kambhampadu,14.535,79.32,28_515_shc_2023-24.6691,125,33,189.0,0.56,0.0215000007301569,0.0272000003606081,0.0489999987185001,0.0307999998331069,0.0935000032186508,0.2030999958515167,0.2377000004053115,0.2461999952793121,0.2615000009536743,0.2576999962329864,0.1583999991416931,0.0795999988913536,0.777617335319519,0.4495142698287964,0.4388752993592032,0.4158301096547117,0.6433793902397156,79,3,180,180,0.1986786312527126,302.8799625820584,301.7794819302029,0.0009402949193194,1478.2666666666669,637.1333333333333,841.2,330,263,407
Varekuntapadu,14.535,79.365,28_515_shc_2023-24.6907,201,2,280.0,0.62,0.0318999998271465,0.0308999996632337,0.0603000000119209,0.045899998396635,0.1026000007987022,0.2266000062227249,0.2966000139713287,0.315200001001358,0.3361000120639801,0.2998999953269958,0.1492000073194503,0.0709000006318092,0.7457767724990845,0.508855938911438,0.4954557232444061,0.4691092836946829,0.4733502864837646,74,0,0,180,0.2035071478949652,303.021726904975,302.14802576700845,0.0009907159383524,1485.0,650.4,834.8,335,239,426
Kotitheertham,14.535,79.525,28_515_shc_2023-24.5552,25,1,78.0,0.49,0.0516000017523765,0.0449000000953674,0.0570000000298023,0.0522000007331371,0.0771000012755394,0.100100003182888,0.1196999996900558,0.0775000005960464,0.1221000030636787,0.243599995970726,0.125,0.0864999964833259,0.1950655281543731,0.0025873177219182,0.0600123339821089,0.0602667932575168,1.6129032373428345,53,1,180,180,0.2007908715142144,303.34672690497507,302.605583275689,0.0010406639897432,1474.5333333333333,724.3333333333334,750.4,332,270,398
Yanamadala,14.535,79.535,28_515_shc_2023-24.6125,25,58,299.0,0.66,0.0324000008404254,0.0478000007569789,0.0746000036597251,0.0806000009179115,0.1324000060558319,0.2092999964952469,0.2388000041246414,0.2484000027179718,0.2687000036239624,0.2727000117301941,0.2594999969005584,0.1591999977827072,0.5100303888320923,0.3046218454837799,0.305424101726902,0.3036188197782482,1.044685959815979,55,4,226,189,0.2007908715142144,303.34672690497507,302.605583275689,0.0010406639897432,1474.5333333333333,724.3333333333334,750.4,318,279,403
Pelleru,14.535,79.66,28_515_shc_2023-24.5703,50,1,299.0,0.4,0.0615999996662139,0.0870999991893768,0.1136000007390976,0.1206000000238418,0.1677999943494796,0.238999992609024,0.2632000148296356,0.2617999911308288,0.2860000133514404,0.2976999878883362,0.2700999975204468,0.2115000039339065,0.3692468404769897,0.2188081890344619,0.2649851581794366,0.2400271858381686,1.0317035913467407,58,1,270,183,0.2090126461452908,303.2819699605306,302.4859326680501,0.0011616126153941,1463.1333333333334,759.5333333333333,703.6666666666666,322,318,361
Mahammadapuram,14.535,79.77,28_515_shc_2023-24.6881,63,16,72.0,0.18,0.0756999999284744,0.1136000007390976,0.1492000073194503,0.1803999990224838,0.1940000057220459,0.2395000010728836,0.2644000053405761,0.2833999991416931,0.289000004529953,0.2980000078678131,0.31700000166893,0.2680000066757202,0.2220784872770309,0.1872643381357193,0.1701017323190641,0.160302967911498,1.1185603141784668,38,1,134,177,0.2118243323432074,303.16526531643336,302.3867410447862,0.0012547519295644,1461.3333333333333,760.7333333333333,700.5333333333333,360,299,341
Isakapalem,14.535,79.89,28_515_shc_2023-24.5473,138,1,357.0,0.79,0.0359000004827976,0.0395999997854232,0.0731000006198883,0.0515000000596046,0.1161499992012977,0.3050000071525574,0.3806000053882599,0.362199991941452,0.4034500122070312,0.4023999869823456,0.2165499925613403,0.1167500019073486,0.7510272860527039,0.5143722891807556,0.5652379443660449,0.510068941559356,0.597874104976654,26,2,90,174,0.2054083082411024,303.26074057685,302.4545524597168,0.0013007060513068,1439.2,751.1333333333333,688.1333333333333,363,303,334
Yellayapalem,14.535,79.955,28_515_shc_2023-24.4894,100,20,228.0,0.48,0.0724000036716461,0.0689999982714653,0.1080000028014183,0.1209999993443489,0.1870000064373016,0.2576999962329864,0.295199990272522,0.2985999882221222,0.3154000043869018,0.3170999884605407,0.2213000059127807,0.1298000067472458,0.4232602417469024,0.2298187464475631,0.2946055158940631,0.2896911558487856,0.7411252856254578,21,3,134,174,0.1756394704182942,303.2865977817112,302.497233666314,0.0012059236771543,1440.0,747.2666666666667,692.9333333333333,355,304,340
Nedurupalle,14.538,79.768,28_515_shc_2023-24.5049,226,62,254.0,0.33,0.0511000007390975,0.0511000007390975,0.0811000019311904,0.0710999965667724,0.1460999995470047,0.2630999982357025,0.30239999294281,0.3371999859809875,0.3287000060081482,0.3120999932289123,0.2535000145435333,0.1771000027656555,0.6517266631126404,0.395406574010849,0.4818731613402915,0.4394473101295415,0.7517794370651245,38,2,207,183,0.2118243323432074,303.16526531643336,302.3867410447862,0.0012547519295644,1461.3333333333333,760.7333333333333,700.5333333333333,355,296,349
Isakapalem,14.538,79.888,28_515_shc_2023-24.5500,113,52,286.0,1.03,0.0742999985814094,0.1598999947309494,0.1847999989986419,0.2031999975442886,0.2029000073671341,0.2718499898910522,0.2964000105857849,0.2928000092506408,0.3156999945640564,0.311599999666214,0.3174499869346618,0.2691999971866607,0.1806451827287674,0.1813596934080124,0.1706341827906865,0.1349397757456045,1.0841870307922363,24,0,0,180,0.2054083082411024,303.26074057685,302.4545524597168,0.0013007060513068,1439.2,751.1333333333333,688.1333333333333,363,313,325
Kovur,14.538,79.992,28_515_shc_2023-24.5557,138,29,91.0,0.77,0.0649999976158142,0.0842000022530555,0.1103999987244606,0.1238000020384788,0.1551000028848648,0.2082999944686889,0.2289000004529953,0.1747999936342239,0.2374999970197677,0.2204000055789947,0.2220000028610229,0.1582999974489212,0.1707970201969146,0.0597150363028049,0.099136910102731,0.0957926218484107,1.270022988319397,20,5,270,195,0.1756394704182942,303.2865977817112,302.497233666314,0.0012059236771543,1443.2666666666669,744.2666666666667,698.9333333333333,354,331,314
Viroor,14.54,79.765,28_515_shc_2023-24.5823,100,13,111.0,0.19,0.050500001758337,0.0678000003099441,0.0989999994635582,0.1062000021338462,0.163100004196167,0.2460000067949295,0.2922999858856201,0.3043999969959259,0.3203000128269195,0.3371999859809875,0.2831000089645386,0.186599999666214,0.482708215713501,0.3022459745407104,0.3457539491807187,0.3264880217189088,0.9300262928009032,35,3,314,186,0.2118243323432074,303.16526531643336,302.3867410447862,0.0012547519295644,1461.3333333333333,760.7333333333333,700.5333333333333,339,310,350
Minagallu,14.54,79.825,28_515_shc_2023-24.5492,100,27,442.0,0.9,0.0627999976277351,0.0865999981760978,0.1146000027656555,0.1479000002145767,0.2074999958276748,0.2678000032901764,0.3261500000953674,0.3361999988555908,0.3720999956130981,0.359250009059906,0.3100000023841858,0.2294999957084655,0.388969212770462,0.2367114275693893,0.2990597754074304,0.2870135130864705,0.9220702052116394,31,2,90,174,0.2118243323432074,303.16526531643336,302.3867410447862,0.0012547519295644,1442.5333333333333,753.4,689.1333333333333,350,319,331
Duvvuru,14.54,79.855,28_515_shc_2023-24.5855,25,68,182.0,0.73,0.0527499988675117,0.0574500001966953,0.0839999988675117,0.0877000018954277,0.1337999999523162,0.2339500039815902,0.2849499881267547,0.2897999882698059,0.3114500045776367,0.3245500028133392,0.2429500073194503,0.1600999981164932,0.5353642106056213,0.3682719469070434,0.3647684985864155,0.3454700660503529,0.8383368253707886,29,1,226,183,0.2054083082411024,303.26074057685,302.4545524597168,0.0013007060513068,1437.2,752.6,684.3333333333334,338,342,320
North Rajupalem,14.54,79.99,28_515_shc_2023-24.5927,138,45,176.0,0.51,0.0447000004351139,0.0447000004351139,0.066500000655651,0.0489999987185001,0.0965000018477439,0.163000002503395,0.2126999944448471,0.1307999938726425,0.2044000029563903,0.2529000043869018,0.1437000036239624,0.0817999988794326,0.4549499452114105,0.1509018540382385,0.1876921583140597,0.1804942542931299,1.0986239910125732,15,1,46,177,0.1756394704182942,303.2865977817112,302.497233666314,0.0012059236771543,1443.2666666666669,744.2666666666667,698.9333333333333,357,333,310
Vegur,14.54,80.055,28_515_shc_2023-24.5739,163,34,182.0,0.48,0.0614500008523464,0.0635500028729438,0.1110000014305114,0.094200000166893,0.1605000048875808,0.2833999991416931,0.3465499877929687,0.3459999859333038,0.3795500099658966,0.3519000113010406,0.2249500006437301,0.1394499987363815,0.572012722492218,0.3662388622760772,0.4388059039117231,0.4017230208822454,0.6501445174217224,10,1,180,180,0.1375673082139757,303.39487686157224,302.4629508972168,0.0011291041806922,1456.3333333333333,735.8666666666667,720.2666666666667,334,341,325
Vegur,14.54,80.07,28_515_shc_2023-24.7426,125,27,78.0,0.12,0.0438500009477138,0.0588999986648559,0.0826999992132186,0.0781999975442886,0.1189500018954277,0.2659499943256378,0.3007999956607818,0.2498999983072281,0.323199987411499,0.3048500120639801,0.2352499961853027,0.1500000059604644,0.5233160853385925,0.3550223708152771,0.3360472885760163,0.3110131656015482,0.941376566886902,10,1,134,177,0.1375673082139757,303.39487686157224,302.4629508972168,0.0011291041806922,1456.3333333333333,735.8666666666667,720.2666666666667,334,328,338
Perumallapadu,14.542,79.612,28_515_shc_2023-24.5139,50,1,156.0,0.63,0.0469000004231929,0.05180000141263,0.0729999989271164,0.0711999982595443,0.1145000010728836,0.2143000066280365,0.2432000041007995,0.2556000053882599,0.2698999941349029,0.2824999988079071,0.1668999940156936,0.0998999997973442,0.5642595291137695,0.3812483251094818,0.3561771022140735,0.3345428271319866,0.6529733538627625,49,2,244,186,0.2047082265218099,303.34257108900283,302.59094568888344,0.0010869988329203,1465.5333333333333,758.0,707.7333333333333,331,324,346
Kovur,14.542,80.062,28_515_shc_2023-24.6815,263,97,215.0,0.33,0.0412500016391277,0.0458500012755394,0.0776999965310096,0.0649000033736229,0.1362999975681305,0.2818500101566314,0.3265999853610992,0.3425999879837036,0.3573000133037567,0.3450500071048736,0.2496999949216842,0.147599995136261,0.6814723610877991,0.4307788610458374,0.5001350470569547,0.459008243396341,0.728838324546814,15,3,134,174,0.1375673082139757,303.39487686157224,302.4629508972168,0.0011291041806922,1439.5333333333333,729.0666666666667,710.4,345,320,335
Telugurayapuram,14.545,79.455,28_515_shc_2023-24.6764,88,1,137.0,0.31,0.0399999991059303,0.0467000007629394,0.0755999982357025,0.0723000019788742,0.1233000010251998,0.2380000054836273,0.2876999974250793,0.276199996471405,0.3107999861240387,0.3327000141143799,0.2245000004768371,0.1555999964475631,0.5850788950920105,0.3827283978462219,0.374885078321862,0.3604596255714885,0.8128167986869812,68,3,237,189,0.2007908715142144,303.34672690497507,302.605583275689,0.0010406639897432,1479.5333333333333,690.6666666666666,788.8666666666667,339,272,388
Telugurayapuram,14.545,79.46,28_515_shc_2023-24.6034,163,16,65.0,0.32,0.033900000154972,0.048599999397993,0.0798999965190887,0.0784000009298324,0.1363999992609024,0.2556999921798706,0.2867000102996826,0.2966000139713287,0.3244000077247619,0.3113000094890594,0.2285999953746795,0.1344999969005584,0.5818666815757751,0.3699769377708435,0.3889483231683089,0.3740571588438381,0.770734965801239,68,2,27,177,0.2007908715142144,303.34672690497507,302.605583275689,0.0010406639897432,1479.0,709.2,769.8,347,266,386
Thimmayapalem,14.545,79.585,28_515_shc_2025-26.4908,238,82,143.0,0.48,0.031700000166893,0.0395999997854232,0.0617000013589859,0.0443999990820884,0.1052000001072883,0.2487999945878982,0.3215999901294708,0.3251999914646148,0.3560999929904938,0.3449000120162964,0.1618999987840652,0.0829999968409538,0.7597402334213257,0.5111523866653442,0.542252423681776,0.4843606177007753,0.4978474974632263,49,1,180,180,0.2047082265218099,303.34257108900283,302.59094568888344,0.0010869988329203,1465.5333333333333,758.0,707.7333333333333,319,313,367
Perumallapadu,14.545,79.625,28_515_shc_2023-24.6112,75,6,59.0,0.9,0.0617000013589859,0.091399997472763,0.1092000007629394,0.1181999966502189,0.1564999967813491,0.2284999936819076,0.258899986743927,0.2820000052452087,0.2915000021457672,0.2843999862670898,0.2736000120639801,0.2190999984741211,0.409295380115509,0.286202996969223,0.3136248910173559,0.272939360558929,0.9702128171920776,55,3,134,174,0.2047082265218099,303.34257108900283,302.59094568888344,0.0010869988329203,1462.6666666666667,756.3333333333334,706.3333333333334,324,319,358
Chejerla,14.545,79.63,28_515_shc_2023-24.5478,88,5,189.0,0.45,0.0553999990224838,0.0762000009417533,0.1032000035047531,0.1299999952316284,0.1512999981641769,0.1988999992609024,0.2300000041723251,0.2363999933004379,0.2711000144481659,0.2551000118255615,0.2759999930858612,0.2293999940156936,0.2903930246829986,0.2194996029138565,0.1840957872328215,0.1842105254105821,1.1675126552581787,47,1,134,177,0.2047082265218099,303.34257108900283,302.59094568888344,0.0010869988329203,1462.6666666666667,756.3333333333334,706.3333333333334,321,317,363
Pathapadu,14.545,79.68,28_515_shc_2023-24.4820,125,21,104.0,1.03,0.0370500013232231,0.0450999997556209,0.0754000023007392,0.0694499984383583,0.1270000040531158,0.2443500012159347,0.3088999986648559,0.3066999912261963,0.3310500085353851,0.3174499869346618,0.1969999969005584,0.1222999989986419,0.6307324171066284,0.4143416881561279,0.4282027137522495,0.4061804409973323,0.6423214673995972,51,1,314,183,0.2090126461452908,303.2819699605306,302.4859326680501,0.0011616126153941,1462.9333333333334,754.4666666666667,708.3333333333334,318,304,378
Viroor,14.545,79.765,28_515_shc_2023-24.5671,163,82,65.0,0.39,0.0568999983370304,0.0644000023603439,0.092799998819828,0.1114000007510185,0.1569000035524368,0.2260999977588653,0.2750000059604645,0.2777999937534332,0.2994999885559082,0.2860000133514404,0.2456000000238418,0.1695999950170517,0.4275436699390411,0.2781228125095367,0.2843083570488341,0.2807017443165002,0.8840892910957336,34,1,90,177,0.2118243323432074,303.16526531643336,302.3867410447862,0.0012547519295644,1449.7333333333331,751.2666666666667,698.4,330,321,348
Sangam,14.545,79.82,28_515_shc_2023-24.5742,314,25,85.0,0.48,0.050000000745058,0.0620499998331069,0.0935000032186508,0.0794999971985817,0.1447000056505203,0.2580499947071075,0.3089999854564667,0.3319999873638153,0.3339999914169311,0.3131499886512756,0.2176000028848648,0.1341499984264373,0.613608717918396,0.3929095566272735,0.4698111367818163,0.4155238526193557,0.6554217338562012,31,2,0,180,0.2118243323432074,303.16526531643336,302.3867410447862,0.0012547519295644,1439.6,749.6,690.0666666666667,336,339,324
Vavveru,14.545,79.885,28_515_shc_2023-24.5008,213,11,117.0,0.4,0.0461499989032745,0.0533999986946582,0.0832000002264976,0.0825000032782554,0.131400004029274,0.2537499964237213,0.3015500009059906,0.3190000057220459,0.3275499939918518,0.301250010728836,0.2736000120639801,0.1643999963998794,0.5890411138534546,0.4165186583995819,0.4182879316543474,0.3935108154453353,0.8576802611351013,24,4,116,168,0.2054083082411024,303.26074057685,302.4545524597168,0.0013007060513068,1425.4,741.7333333333333,683.9333333333333,346,318,336
Rebala,14.545,79.905,28_515_shc_2023-24.5289,75,20,85.0,0.62,0.0555000007152557,0.0707999989390373,0.0976999998092651,0.1107999980449676,0.1617999970912933,0.2272000014781952,0.2529000043869018,0.245399996638298,0.2739999890327453,0.2867000102996826,0.3000999987125397,0.220100000500679,0.3778775930404663,0.2053045183420181,0.2439820172738244,0.2358093893292822,1.2229013442993164,29,2,180,180,0.2054083082411024,303.26074057685,302.4545524597168,0.0013007060513068,1425.4,741.7333333333333,683.9333333333333,371,303,325
Patur,14.545,79.93,28_515_shc_2023-24.7086,163,44,130.0,1.12,0.0498999990522861,0.0718000009655952,0.1147999987006187,0.1650000065565109,0.2189999967813491,0.25450000166893,0.268200010061264,0.2651999890804291,0.2727000117301941,0.268200010061264,0.36489999294281,0.2856000065803528,0.2329148799180984,0.0954151079058647,0.1459194694586016,0.1615781278121396,1.3759427070617676,26,1,46,177,0.2054083082411024,303.26074057685,302.4545524597168,0.0013007060513068,1427.2,738.6666666666666,688.5333333333333,372,307,321
North Rajupalem,14.545,79.995,28_515_shc_2023-24.7076,238,62,124.0,0.25,0.062950000166893,0.0772499963641166,0.1016499996185302,0.1015499979257583,0.1579000055789947,0.2800999879837036,0.3334999978542328,0.3461999893188476,0.3628000020980835,0.3641499876976013,0.2739999890327453,0.1643500030040741,0.5463986396789551,0.3735369741916656,0.4444545202227706,0.3872065333986872,0.791450023651123,14,2,333,183,0.1756394704182942,303.2865977817112,302.497233666314,0.0012059236771543,1425.7333333333331,736.1333333333333,689.4666666666667,349,328,323
Ananthasagaram,14.548,79.368,28_515_shc_2023-24.6906,113,32,371.0,0.61,0.0366999991238117,0.0551999993622303,0.0828000009059906,0.1027999967336654,0.1525000035762787,0.2026000022888183,0.2275000065565109,0.2142000049352646,0.2412000000476837,0.2838000059127807,0.2793000042438507,0.2114000022411346,0.3514195680618286,0.1682574301958084,0.1965420059602883,0.2045287784101033,1.3039215803146362,70,2,180,180,0.2035071478949652,303.021726904975,302.14802576700845,0.0009907159383524,1484.6666666666667,651.1333333333333,833.7333333333333,358,240,402
Annareddipalem,14.548,79.832,28_515_shc_2023-24.7187,201,109,383.0,0.31,0.0539500005543231,0.0653500035405159,0.0915500000119209,0.0996999964118003,0.1403000056743621,0.219650000333786,0.2529500126838684,0.2694000005722046,0.2773999869823456,0.2788000106811523,0.2718499898910522,0.2150000035762787,0.4597670137882232,0.3151085972785949,0.3079910887921252,0.2928892039166479,1.00909423828125,34,1,180,180,0.2118243323432074,303.16526531643336,302.3867410447862,0.0012547519295644,1439.6,749.6,690.0666666666667,331,336,333
Nagamambapuram,14.548,79.922,28_515_shc_2023-24.6390,100,23,39.0,0.6,0.0533000007271766,0.0668999999761581,0.1023000031709671,0.1151999980211258,0.1746000051498413,0.2530499994754791,0.2938500046730041,0.3025000095367431,0.3177500069141388,0.2619000077247619,0.2381000071763992,0.1446000039577484,0.4484079778194427,0.2680779695510864,0.3138510201187949,0.306145815582016,0.7871074080467224,27,3,288,189,0.2054083082411024,303.26074057685,302.4545524597168,0.0013007060513068,1427.2,738.6666666666666,688.5333333333333,363,309,327
Telugurayapuram,14.55,79.465,28_515_shc_2023-24.6724,63,3,104.0,0.06,0.0399999991059303,0.0636000037193298,0.0970000028610229,0.1045999974012374,0.1656000018119812,0.2498999983072281,0.3201000094413757,0.3328000009059906,0.3558000028133392,0.3501999974250793,0.2401999980211258,0.151199996471405,0.5217192769050598,0.3354735076427459,0.3845894736000417,0.3651589565556438,0.721754789352417,60,1,90,177,0.2007908715142144,303.34672690497507,302.605583275689,0.0010406639897432,1479.0,709.2,769.8,328,262,410
Nedurupalle,14.55,79.745,28_515_shc_2023-24.5912,113,61,253.0,0.62,0.0445999987423419,0.0630000010132789,0.092799998819828,0.0952000021934509,0.162100002169609,0.2556000053882599,0.2964999973773956,0.2966000139713287,0.3237999975681305,0.3169000148773193,0.2581999897956848,0.1790000051259994,0.5140377879142761,0.2932199835777282,0.3608543126183104,0.3387530973210894,0.8705326318740845,36,1,226,183,0.2090126461452908,303.2819699605306,302.4859326680501,0.0011616126153941,1464.1333333333334,755.2666666666667,708.9333333333333,323,311,366
North Rajupalem,14.55,79.985,28_515_shc_2023-24.5301,125,23,494.0,0.9,0.049049999564886,0.0593999996781349,0.0857499986886978,0.0751999989151954,0.1373499929904937,0.2483000010251999,0.2833499908447265,0.2940999865531921,0.3170999884605407,0.3068999946117401,0.1724999994039535,0.093249998986721,0.5927430391311646,0.363309770822525,0.4210262936455503,0.3777176888828276,0.5865352153778076,16,1,90,177,0.1756394704182942,303.2865977817112,302.497233666314,0.0012059236771543,1425.7333333333331,736.1333333333333,689.4666666666667,354,331,315
North Rajupalem,14.55,79.99,28_515_shc_2023-24.5573,226,34,124.0,0.68,0.0597000010311603,0.0579000003635883,0.0857499986886978,0.0768000036478042,0.1420499980449676,0.2791500091552734,0.3260999917984009,0.3336000144481659,0.3571999967098236,0.3226999938488006,0.2461500018835067,0.1446000039577484,0.6257309913635254,0.4027121067047119,0.4720067721484124,0.4231107299472136,0.7378596663475037,19,4,116,168,0.1756394704182942,303.2865977817112,302.497233666314,0.0012059236771543,1425.7333333333331,736.1333333333333,689.4666666666667,366,321,313
Pathalapalle,14.555,79.34,28_515_shc_2023-24.5387,138,19,397.0,0.72,0.0320000015199184,0.0436000004410743,0.068800002336502,0.0614000000059604,0.1269000023603439,0.2529000043869018,0.3508999943733215,0.3551999926567077,0.374099999666214,0.3785000145435333,0.1524000018835067,0.0808999985456466,0.7052328586578369,0.4735531806945801,0.525920082493068,0.4807985953566439,0.4290540814399719,81,0,0,180,0.3048760308159722,303.25781631469727,302.53789121839736,0.0009485898848221,1484.6666666666667,651.1333333333333,833.7333333333333,348,239,413
Viroor,14.555,79.755,28_515_shc_2023-24.5268,201,7,59.0,0.32,0.0597000010311603,0.065600000321865,0.094200000166893,0.120399996638298,0.1609999984502792,0.2361000031232834,0.2732999920845032,0.257999986410141,0.300599992275238,0.3039999902248382,0.3131000101566314,0.2263000011444091,0.3636363446712494,0.2315035611391067,0.231120654924872,0.2349726646640686,1.2135659456253052,38,2,270,186,0.206824239095052,303.2787256028917,302.426237572564,0.0011970777522112,1449.7333333333331,751.2666666666667,698.4,330,310,360
Tharunavaya,14.555,79.815,28_515_shc_2023-24.5085,263,6,111.0,0.1,0.0424499996006488,0.0595499984920024,0.0882999971508979,0.1053000018000602,0.1413500010967254,0.1999000012874603,0.2164500057697296,0.2178999930620193,0.23989999294281,0.2646999955177307,0.2512499988079071,0.1876499950885772,0.348391056060791,0.2130827903747558,0.2006307397044743,0.205174912472195,1.1530518531799316,32,3,46,174,0.206824239095052,303.2787256028917,302.426237572564,0.0011970777522112,1439.6,749.6,690.0666666666667,348,326,326
Vavveru,14.555,79.885,28_515_shc_2023-24.5677,63,16,130.0,0.1,0.0649999976158142,0.0755999982357025,0.1151999980211258,0.1301999986171722,0.18469999730587,0.2576999962329864,0.2892000079154968,0.2820000052452087,0.3048999905586242,0.289000004529953,0.2849999964237213,0.2317000031471252,0.3682678341865539,0.2084851264953613,0.2536425705038697,0.2496163220543098,1.0106382369995115,30,1,0,180,0.2061641269259982,302.9462223476834,301.7036518520779,0.0012432403369301,1425.4,741.7333333333333,683.9333333333333,366,321,313
Alurupadu,14.555,80.025,28_515_shc_2023-24.5195,88,58,162.0,0.31,0.0554499998688697,0.0735500007867813,0.1018500030040741,0.0983500033617019,0.1597999930381775,0.2465000003576278,0.2778500020503998,0.2842000126838684,0.3154500126838684,0.3253999948501587,0.2234500050544738,0.1291999965906143,0.485818862915039,0.2801802158355713,0.3512767791312118,0.3158744648063721,0.7862420678138733,10,3,288,189,0.2061318715413411,303.0668278164334,302.3311854892307,0.0011688863915145,1427.9333333333334,730.2,697.6,340,325,335
Parlapalle,14.555,80.05,28_515_shc_2023-24.5211,125,45,124.0,1.0,0.0602499991655349,0.065600000321865,0.0903500020503997,0.0873999968171119,0.1440500020980835,0.2567999958992004,0.3154999911785126,0.3422000110149383,0.3637000024318695,0.3373500108718872,0.1896000057458877,0.1014999970793724,0.5931099057197571,0.4075064361095428,0.463407566098259,0.411144597758858,0.5540619492530823,10,2,27,177,0.2061318715413411,303.0668278164334,302.3311854892307,0.0011688863915145,1439.5333333333333,729.0666666666667,710.4,352,311,337
Mudivarthi,14.555,80.105,28_515_shc_2023-24.6852,213,23,215.0,0.39,0.0685666650533676,0.0803499966859817,0.1154666692018508,0.1228400021791458,0.177279993891716,0.2873199880123138,0.3226499855518341,0.3296888768672943,0.3667833209037781,0.357450008392334,0.330049991607666,0.2134400010108947,0.4570954144001007,0.3006277084350586,0.353200467189491,0.3257363832819765,1.0010952949523926,8,3,57,171,0.1446326785617404,303.37724448310007,302.4668083190918,0.0011443497598494,1450.6,721.4,729.2,335,315,351
Mudivarthi,14.555,80.115,28_515_shc_2023-24.5609,63,80,312.0,0.83,0.0328500010073185,0.0329833328723907,0.0558249987661838,0.0374500006437301,0.0957399979233741,0.2170799970626831,0.2627499997615814,0.2803333401679992,0.2924333214759826,0.2936750054359436,0.1982499957084655,0.1006666645407676,0.7643048167228699,0.4908440113067627,0.482808665822283,0.4455030948964742,0.7071937918663025,11,4,284,192,0.1446326785617404,303.37724448310007,302.4668083190918,0.0011443497598494,1450.6,721.4,729.2,325,315,360
Nallapalem,14.558,79.752,28_515_shc_2023-24.4830,389,11,104.0,0.42,0.0557000003755092,0.0788000002503395,0.1032000035047531,0.1177999973297119,0.1669999957084655,0.2522999942302704,0.2935999929904938,0.305400013923645,0.3328999876976013,0.3224999904632568,0.2642000019550323,0.1903000026941299,0.4432892501354217,0.2929720878601074,0.3300028446360835,0.3048093819982354,0.8650949001312256,40,4,346,183,0.206824239095052,303.2787256028917,302.426237572564,0.0011970777522112,1449.7333333333331,751.2666666666667,698.4,326,319,355
Naidupalem,14.558,79.992,28_515_shc_2024-25.5903,113,40,338.0,0.36,0.060649998486042,0.0803000032901763,0.1140000000596046,0.1270000040531158,0.1808000057935714,0.2565500140190124,0.283950001001358,0.2865999937057495,0.307200014591217,0.3039000034332275,0.3222000002861023,0.2477000057697296,0.3858800530433655,0.2263585478067398,0.2758668205943352,0.262040263864074,1.124215006828308,21,3,288,189,0.2061318715413411,303.0668278164334,302.3311854892307,0.0011688863915145,1425.7333333333331,736.1333333333333,689.4666666666667,362,320,317
Mudivarthi,14.558,80.092,28_515_shc_2023-24.6765,125,20,195.0,0.42,0.0527090914547443,0.0697310343384742,0.1048799976706504,0.1041999980807304,0.1606333404779434,0.2623714208602905,0.3098666667938232,0.3092666566371918,0.330700010061264,0.3070333302021026,0.2757333219051361,0.201633334159851,0.4959690272808075,0.3163084089756012,0.3632111219271715,0.3367391532531405,0.8915714621543884,9,2,296,186,0.1446326785617404,303.37724448310007,302.4668083190918,0.0011443497598494,1450.6,721.4,729.2,355,306,339
Pathalapalle,14.56,79.34,28_515_shc_2023-24.5026,100,9,377.0,0.58,0.0439000017940998,0.0417000018060207,0.0648000016808509,0.0438000001013278,0.097300000488758,0.2381999939680099,0.3172999918460846,0.3283999860286712,0.3542999923229217,0.3578999936580658,0.1580999940633773,0.0813999995589256,0.7646426558494568,0.5428705215454102,0.556533286240247,0.4894519441409241,0.4814251065254211,81,3,19,177,0.3048760308159722,303.25781631469727,302.53789121839736,0.0009485898848221,1484.6666666666667,651.1333333333333,833.7333333333333,340,243,417
Ananthasagaram,14.56,79.395,28_515_shc_2023-24.7022,100,38,345.0,0.42,0.0313000008463859,0.0436000004410743,0.0671999976038932,0.0579000003635883,0.1108999997377395,0.2277999967336654,0.3050000071525574,0.3251999914646148,0.3476000130176544,0.3513000011444092,0.1292999982833862,0.063400000333786,0.6977290511131287,0.4914010465145111,0.4966185958314892,0.4540255807516075,0.3976014852523803,66,1,270,183,0.3036234961615668,303.28671713935006,302.2583393520779,0.0009972034059374,1482.5333333333333,670.4,812.1333333333333,306,297,397
Chejerla,14.56,79.66,28_515_shc_2023-24.5041,75,4,98.0,0.4,0.0410000011324882,0.0463000014424324,0.0738999992609024,0.0700000002980232,0.1057000011205673,0.2079000025987625,0.2533999979496002,0.2910000085830688,0.2705999910831451,0.2872999906539917,0.192900002002716,0.1127000004053115,0.6121883988380432,0.4671036005020141,0.4051329209119872,0.385017432065265,0.6628865599632263,43,1,0,180,0.208161375257704,303.2591997782389,302.46872889200847,0.0011190813964452,1462.6666666666667,756.3333333333334,706.3333333333334,320,319,361
Mamuduru,14.56,79.685,28_515_shc_2023-24.4855,38,1,78.0,0.72,0.0447000004351139,0.0564999990165233,0.0864000022411346,0.1026000007987022,0.1504999995231628,0.214599996805191,0.2470999956130981,0.2585999965667724,0.2838000059127807,0.2791999876499176,0.3206999897956848,0.2309000045061111,0.4318936765193939,0.264238566160202,0.2688820621679302,0.2717138810589206,1.2401392459869385,40,1,226,183,0.208161375257704,303.2591997782389,302.46872889200847,0.0011190813964452,1462.9333333333334,754.4666666666667,708.3333333333334,316,310,374
Nallapalem,14.56,79.745,28_515_shc_2023-24.5506,100,27,618.0,0.9,0.0469999983906745,0.0645999982953071,0.0935000032186508,0.1077999994158744,0.1700000017881393,0.2581000030040741,0.3061000108718872,0.3120000064373016,0.3353999853134155,0.3181000053882599,0.2928999960422516,0.1882999986410141,0.4864221215248108,0.2946058213710785,0.3462660327688033,0.3330071848042955,0.938782036304474,38,1,46,177,0.208161375257704,303.2591997782389,302.46872889200847,0.0011190813964452,1464.1333333333334,755.2666666666667,708.9333333333333,342,308,350
Padamatipalem,14.56,79.815,28_515_shc_2023-24.5303,100,16,123.0,1.03,0.0573499985039234,0.0759000033140182,0.1099999994039535,0.1229000017046928,0.1730500012636184,0.2522000074386596,0.3091500103473663,0.3278000056743622,0.3355000019073486,0.3438499867916107,0.2428500056266784,0.1666000038385391,0.4546261429786682,0.3089747428894043,0.3424245549582335,0.3232881072566985,0.7408480644226074,32,2,64,174,0.206824239095052,303.2787256028917,302.426237572564,0.0011970777522112,1439.6,749.6,690.0666666666667,345,320,335
Kodavalur,14.56,80.0,28_515_shc_2023-24.6406,163,23,176.0,0.32,0.0614500008523464,0.070200003683567,0.1016499996185302,0.0935999974608421,0.1663500070571899,0.2932499945163727,0.3312999904155731,0.3429999947547912,0.3693000078201294,0.3564499914646148,0.2446999996900558,0.131750002503395,0.571232259273529,0.3468145430088043,0.4524345221682745,0.3994234454945358,0.7134110927581787,15,1,270,183,0.2061318715413411,303.0668278164334,302.3311854892307,0.0011688863915145,1425.7333333333331,736.1333333333333,689.4666666666667,352,312,337
Mudivarthi,14.56,80.105,28_515_shc_2023-24.7180,201,57,169.0,1.93,0.0750666633248329,0.0956666693091392,0.1238000020384788,0.1488499939441681,0.2120999991893768,0.2795400023460388,0.3242124915122986,0.3364000022411346,0.3537999987602234,0.3590874969959259,0.2816500067710876,0.1863999962806701,0.3865018188953399,0.2266180515289306,0.3101025380031672,0.2855366795581688,0.8372473120689392,4,0,0,180,0.1446326785617404,303.37724448310007,302.4668083190918,0.0011443497598494,1450.6,721.4,729.2,335,311,354
Nallapalem,14.562,79.748,28_515_shc_2023-24.6124,339,13,130.0,0.52,0.0443999990820884,0.0606999993324279,0.0877000018954277,0.0873999968171119,0.1445000022649765,0.2450000047683715,0.2888000011444092,0.2978000044822693,0.3242000043392181,0.323199987411499,0.2261999994516372,0.1301999986171722,0.5462097525596619,0.3465973436832428,0.3847982902521223,0.3565296102965071,0.7595701813697815,36,1,314,183,0.208161375257704,303.2591997782389,302.46872889200847,0.0011190813964452,1464.1333333333334,755.2666666666667,708.9333333333333,322,316,362
Duvvuru,14.562,79.822,28_515_shc_2023-24.5718,38,60,455.0,0.18,0.0531499981880188,0.0709500014781951,0.1049999967217445,0.1620000004768371,0.1923000067472458,0.2266999930143356,0.2461500018835067,0.2334000021219253,0.2472999989986419,0.2459499984979629,0.3176000118255615,0.2537499964237213,0.1805766373872757,0.0965468510985374,0.1066770284405285,0.1196113492928197,1.360754132270813,32,3,270,189,0.206824239095052,303.2787256028917,302.426237572564,0.0011970777522112,1439.6,749.6,690.0666666666667,329,345,325
Gandavaram,14.562,79.972,28_515_shc_2023-24.6330,201,24,78.0,0.28,0.0500999987125396,0.0546000003814697,0.0877000018954277,0.0811000019311904,0.1586000025272369,0.2596499919891357,0.3012000024318695,0.3019999861717224,0.3295499980449676,0.3208500146865845,0.2638500034809112,0.1734499931335449,0.5766118168830872,0.311333030462265,0.4004422903665067,0.3752122985219469,0.873675525188446,19,4,314,189,0.2061318715413411,303.0668278164334,302.3311854892307,0.0011688863915145,1425.7333333333331,736.1333333333333,689.4666666666667,340,325,334
Pathalapalle,14.565,79.33,28_515_shc_2023-24.6109,88,52,358.0,0.61,0.0414000004529953,0.0549999997019767,0.0872000008821487,0.1111999973654747,0.153899997472763,0.2402999997138977,0.3151000142097473,0.3131999969482422,0.3246000111103058,0.3352000117301941,0.222800001502037,0.1404999941587448,0.475966066122055,0.3410404622554779,0.322086870534604,0.3277801830787561,0.7113665342330933,82,3,19,177,0.3048760308159722,303.25781631469727,302.53789121839736,0.0009485898848221,1475.0,638.4,836.3333333333334,312,257,432
Pathalapalle,14.565,79.345,28_515_shc_2023-24.4839,113,21,358.0,0.37,0.0454000011086463,0.0516000017523765,0.0718000009655952,0.0644000023603439,0.1058999970555305,0.1897999942302703,0.198400005698204,0.2018000036478042,0.2019000053405761,0.2294999957084655,0.1469999998807907,0.0781999975442886,0.5161532759666443,0.3116672337055206,0.2859640375325043,0.2689898203015659,0.72844398021698,74,2,0,180,0.3048760308159722,303.25781631469727,302.53789121839736,0.0009485898848221,1484.6666666666667,651.1333333333333,833.7333333333333,359,240,401
Kanupurupalle,14.565,79.58,28_515_shc_2023-24.6427,100,8,156.0,0.3,0.0425000004470348,0.0557000003755092,0.0829999968409538,0.0945999994874,0.1427000015974044,0.2179999947547912,0.2660000026226043,0.2718000113964081,0.2976999878883362,0.3156999945640564,0.2590999901294708,0.1656000018119812,0.4836244583129883,0.3114596009254455,0.3116097689707505,0.3067867203653096,0.9532743692398072,52,1,180,180,0.2070652855767144,303.2382579379612,302.40424321492515,0.0010760653678288,1471.9333333333334,747.2,724.6,323,317,360
Surayapalem,14.565,79.72,28_515_shc_2023-24.5170,151,36,13.0,0.62,0.048599999397993,0.066600002348423,0.09740000218153,0.1176000013947486,0.1679999977350235,0.2608000040054321,0.3165999948978424,0.3328000009059906,0.3547999858856201,0.3398000001907348,0.2874000072479248,0.1979999989271164,0.4777975082397461,0.3290734887123108,0.3496003649966299,0.339646463052846,0.8635817766189575,43,2,0,180,0.208161375257704,303.2591997782389,302.46872889200847,0.0011190813964452,1464.1333333333334,755.2666666666667,708.9333333333333,322,319,360
Padamatipalem,14.565,79.8,28_515_shc_2023-24.5719,176,1,325.0,0.87,0.0577999986708164,0.0794000029563903,0.1066000014543533,0.1299999952316284,0.1705999970436096,0.2346999943256378,0.2707999944686889,0.3050000071525574,0.3039999902248382,0.3052000105381012,0.300599992275238,0.2160000056028366,0.4022988677024841,0.2825904190540313,0.2937227543589274,0.2807486815101994,0.985573709011078,37,5,281,195,0.206824239095052,303.2787256028917,302.426237572564,0.0011970777522112,1439.6,749.6,690.0666666666667,351,297,352
Gandavaram,14.565,79.985,28_515_shc_2023-24.6705,188,22,104.0,0.52,0.0498000010848045,0.1093999966979026,0.1510999947786331,0.1852999925613403,0.1823499947786331,0.2553499937057495,0.2811500132083893,0.3079999983310699,0.3110499978065491,0.2992500066757202,0.2694500088691711,0.2002999931573867,0.2487330436706543,0.2562455534934997,0.191802675267195,0.185291463145226,0.8748376965522766,17,3,161,177,0.2061318715413411,303.0668278164334,302.3311854892307,0.0011688863915145,1425.7333333333331,736.1333333333333,689.4666666666667,342,331,326
Kodavalur,14.565,80.0,28_515_shc_2023-24.6807,188,21,111.0,0.48,0.0436999984085559,0.0457499995827674,0.0753000006079673,0.070150002837181,0.1338499933481216,0.2355999946594238,0.2678999900817871,0.2689999938011169,0.2906500101089477,0.3195500075817108,0.1977500021457672,0.1162500008940696,0.5863187313079834,0.3354846835136413,0.369122512861694,0.3554489514875972,0.7351301312446594,16,1,226,183,0.2061318715413411,303.0668278164334,302.3311854892307,0.0011688863915145,1425.7333333333331,736.1333333333333,689.4666666666667,347,319,334
Padamatipalem,14.568,79.808,28_515_shc_2023-24.5914,125,5,292.0,0.58,0.0862499997019767,0.0794999971985817,0.100500002503395,0.099200002849102,0.1653999984264373,0.2303500026464462,0.26910001039505,0.2746999859809875,0.2890500128269195,0.2858000099658966,0.2566500008106231,0.1940000057220459,0.469376802444458,0.2483526319265365,0.3444823534977664,0.3012358142380196,0.9342920184135436,33,1,226,183,0.206824239095052,303.2787256028917,302.426237572564,0.0011970777522112,1439.6,749.6,690.0666666666667,355,296,349
Kodavalur,14.568,80.002,28_515_shc_2023-24.5741,176,15,124.0,0.35,0.0586000010371208,0.0555500015616416,0.0842000022530555,0.0759999975562095,0.1301999986171722,0.2354499995708465,0.2733500003814697,0.2896000146865845,0.2964000105857849,0.3070000112056732,0.2151499986648559,0.1268499940633773,0.5842450857162476,0.3797046542167663,0.4018134634003816,0.3701478987568367,0.7429212331771851,17,4,346,183,0.2061318715413411,303.0668278164334,302.3311854892307,0.0011688863915145,1427.9333333333334,730.2,697.6,355,312,333
Parlapalle,14.568,80.032,28_515_shc_2023-24.5608,75,65,266.0,0.46,0.0703999996185302,0.0524000003933906,0.0900000035762786,0.0747999995946884,0.1492999941110611,0.2461999952793121,0.2842000126838684,0.3027999997138977,0.3156000077724457,0.2820000052452087,0.228300005197525,0.1488000005483627,0.6038135886192322,0.3395266830921173,0.4195495382571754,0.389699180091451,0.753963053226471,14,4,226,189,0.2061318715413411,303.0668278164334,302.3311854892307,0.0011688863915145,1427.9333333333334,730.2,697.6,355,323,322
Bedusupalle,14.57,79.405,28_515_shc_2023-24.7034,88,1,202.0,0.52,0.068400003015995,0.0469000004231929,0.069300003349781,0.0736000016331672,0.1528999954462051,0.2105000019073486,0.2391999959945678,0.2357999980449676,0.2648999989032745,0.2664999961853027,0.2578999996185303,0.2128999978303909,0.5242404341697693,0.2132750302553177,0.305887669898539,0.3005930253452569,1.0937235355377195,71,1,46,177,0.3036234961615668,303.28671713935006,302.2583393520779,0.0009972034059374,1482.5333333333333,670.4,812.1333333333333,336,259,405
Devarayapalle Bit-II,14.57,79.43,28_515_shc_2023-24.5505,301,38,345.0,0.35,0.0439999997615814,0.0388000011444091,0.0712999999523162,0.0537000000476837,0.1262000054121017,0.2703000009059906,0.3201000094413757,0.3296000063419342,0.3479999899864197,0.3269000053405761,0.2373999953269958,0.1571000069379806,0.7198017239570618,0.4462483525276184,0.5068709705515693,0.4685271215302461,0.7202669382095337,68,3,161,177,0.3036234961615668,303.28671713935006,302.2583393520779,0.0009972034059374,1479.5333333333333,690.6666666666666,788.8666666666667,327,275,399
Devarayapalle Bit- I,14.57,79.445,28_515_shc_2023-24.5256,125,8,142.0,0.44,0.0299999993294477,0.0423999987542629,0.0724000036716461,0.0648000016808509,0.1334999948740005,0.2524999976158142,0.3282999992370605,0.3427999913692474,0.3711999952793121,0.3743999898433685,0.1818999946117401,0.1199000030755996,0.6820412278175354,0.4394289255142212,0.4916524964009844,0.4594534902222909,0.5306301116943359,62,1,314,183,0.3036234961615668,303.28671713935006,302.2583393520779,0.0009972034059374,1479.5333333333333,690.6666666666666,788.8666666666667,327,289,384
Kanupurupalle,14.57,79.57,28_515_shc_2023-24.5323,263,17,241.0,0.48,0.0281000006943941,0.0421999990940094,0.065200001001358,0.0573999993503093,0.1202000007033348,0.2424000054597854,0.3014000058174133,0.3136000037193298,0.337799996137619,0.3407999873161316,0.1625999957323074,0.0899000018835067,0.6905660629272461,0.4458275735378265,0.4774506207705424,0.4412169979324382,0.5184949040412903,54,3,134,174,0.2070652855767144,303.2382579379612,302.40424321492515,0.0010760653678288,1471.9333333333334,747.2,724.6,340,291,369
Kanupurupalle,14.57,79.575,28_515_shc_2023-24.5332,163,33,208.0,0.51,0.0256999991834163,0.034800000488758,0.061999998986721,0.0417999997735023,0.1028999984264373,0.2538999915122986,0.3283999860286712,0.3364000022411346,0.3659000098705292,0.3411999940872192,0.1563999950885772,0.0786999985575676,0.778952956199646,0.5315274596214294,0.5553461074610972,0.5031883428463979,0.464922696352005,52,2,90,174,0.2070652855767144,303.2382579379612,302.40424321492515,0.0010760653678288,1471.9333333333334,747.2,724.6,336,295,369
Surayapalem,14.57,79.72,28_515_shc_2023-24.6367,75,3,91.0,0.35,0.0419999994337558,0.0575999990105629,0.0865999981760978,0.1036000028252601,0.155699998140335,0.2231999933719635,0.2739999890327453,0.2734000086784363,0.3046999871730804,0.3109999895095825,0.2939999997615814,0.1941999942064285,0.4503978788852691,0.2742950618267059,0.2901572146568826,0.2904218990180602,1.0753474235534668,41,0,0,180,0.208161375257704,303.2591997782389,302.46872889200847,0.0011190813964452,1464.1333333333334,755.2666666666667,708.9333333333333,336,315,349
Surayapalem,14.57,79.725,28_515_shc_2023-24.5484,88,10,422.0,1.57,0.0549999997019767,0.0692000016570091,0.0952000021934509,0.1191999986767768,0.1570000052452087,0.2034000009298324,0.2327000051736831,0.2477999925613403,0.2680999934673309,0.2680999934673309,0.356900006532669,0.265500009059906,0.3504087030887604,0.2243082672357559,0.222645423062459,0.2224913411491214,1.4402744770050049,39,1,226,183,0.208161375257704,303.2591997782389,302.46872889200847,0.0011190813964452,1464.1333333333334,755.2666666666667,708.9333333333333,330,319,351
Gandavaram,14.57,79.965,28_515_shc_2023-24.5407,176,20,59.0,0.81,0.0484500005841255,0.0734999999403953,0.1086999997496604,0.1106999963521957,0.1721999943256378,0.249449998140335,0.2792499959468841,0.298799991607666,0.3169000148773193,0.3189499974250793,0.1889500021934509,0.1093500033020973,0.4593406617641449,0.2687897980213165,0.333097218399627,0.3102253948525146,0.6323627829551697,16,1,90,177,0.2061318715413411,303.0668278164334,302.3311854892307,0.0011688863915145,1425.7333333333331,736.1333333333333,689.4666666666667,347,335,318
Naidupalem,14.57,79.995,28_515_shc_2023-24.5180,238,91,189.0,0.48,0.0489000007510185,0.0498499982059001,0.0732000023126602,0.062899999320507,0.1238999962806701,0.2495999932289123,0.2971999943256378,0.2994999885559082,0.3221499919891357,0.3332499861717224,0.1956000030040741,0.1138999983668327,0.6528697609901428,0.4147378206253052,0.4539436879768487,0.4115259610879772,0.6530885100364685,18,2,0,180,0.2061318715413411,303.0668278164334,302.3311854892307,0.0011688863915145,1425.7333333333331,736.1333333333333,689.4666666666667,340,331,330
Kodavalur,14.57,80.005,28_515_shc_2023-24.5191,201,40,163.0,0.38,0.0604499988257885,0.0771000012755394,0.0997999981045723,0.1074000000953674,0.1486500054597854,0.2386499941349029,0.2673499882221222,0.2782999873161316,0.3036499917507171,0.3181999921798706,0.2465499937534332,0.1680999994277954,0.4430904686450958,0.3036654889583587,0.317787924386168,0.2894320700854264,0.8859145045280457,15,2,0,180,0.2061318715413411,303.0668278164334,302.3311854892307,0.0011688863915145,1427.9333333333334,730.2,697.6,356,309,336
Utukuru,14.57,80.105,28_515_shc_2023-24.4986,88,71,299.0,0.59,0.0730733349919319,0.0823799967765808,0.1180000007152557,0.1049500033259391,0.1799666732549667,0.2742153704166412,0.3060714304447174,0.3207199871540069,0.3492166697978973,0.3355999886989593,0.2453500032424926,0.1582999974489212,0.5068950057029724,0.2811205685138702,0.4048004584418615,0.3496440190032426,0.7649975419044495,8,2,244,186,0.1446326785617404,303.37724448310007,302.4668083190918,0.0011443497598494,1450.6,721.4,729.2,344,303,352
Utukuru,14.57,80.115,28_515_shc_2023-24.7178,75,10,182.0,0.54,0.069322220981121,0.1014882326126098,0.128260001540184,0.1614499986171722,0.1935727298259735,0.2458399981260299,0.276199996471405,0.2621499896049499,0.2922999858856201,0.2849000096321106,0.292600005865097,0.2012999951839447,0.2377242594957351,0.1504802256822586,0.1712948169418707,0.163544812048373,1.1161549091339111,7,3,72,171,0.1446326785617404,303.37724448310007,302.4668083190918,0.0011443497598494,1450.6,721.4,729.2,350,305,345
Bedusupalle,14.572,79.412,28_515_shc_2023-24.7035,151,97,375.0,0.48,0.0388999991118907,0.0575999990105629,0.0929000005125999,0.0970000028610229,0.1586000025272369,0.2388000041246414,0.2705000042915344,0.2626000046730041,0.2937999963760376,0.2985999882221222,0.2612999975681305,0.1932999938726425,0.4605116844177246,0.2469135820865631,0.2930765934833323,0.2889716153337038,0.9950494766235352,72,1,226,183,0.3036234961615668,303.28671713935006,302.2583393520779,0.0009972034059374,1482.5333333333333,670.4,812.1333333333333,359,240,401
Naidupalem,14.572,80.002,28_515_shc_2024-25.7173,100,7,59.0,0.76,0.0559000000357627,0.0798999965190887,0.1129999980330467,0.1051499992609024,0.1727000027894973,0.2843999862670898,0.3337000012397766,0.3476000130176544,0.3811999857425689,0.3261500000953674,0.2599999904632568,0.1459500044584274,0.5355052351951599,0.3361522257328033,0.4394598652507231,0.3817108537898396,0.7479861378669739,14,0,0,180,0.2061318715413411,303.0668278164334,302.3311854892307,0.0011688863915145,1427.9333333333334,730.2,697.6,358,307,335
Vidavalur,14.572,80.072,28_515_shc_2023-24.5632,188,65,182.0,1.69,0.0848800018429756,0.100500002503395,0.1321538388729095,0.1296599954366684,0.1672333329916,0.2694799900054931,0.3171692192554474,0.3244666755199432,0.3312571346759796,0.3460333347320556,0.2694649994373321,0.1922799944877624,0.4289699196815491,0.3197749555110931,0.3611070953588586,0.3062591467356648,0.8304858803749084,10,2,180,180,0.1446326785617404,303.37724448310007,302.4668083190918,0.0011443497598494,1439.5333333333333,729.0666666666667,710.4,346,315,339
Vidavalur,14.572,80.072,28_515_shc_2023-24.6345,125,10,637.0,1.0,0.0848800018429756,0.100500002503395,0.1321538388729095,0.1296599954366684,0.1672333329916,0.2694799900054931,0.3171692192554474,0.3244666755199432,0.3312571346759796,0.3460333347320556,0.2694649994373321,0.1922799944877624,0.4289699196815491,0.3197749555110931,0.3611070953588586,0.3062591467356648,0.8304858803749084,10,2,180,180,0.1446326785617404,303.37724448310007,302.4668083190918,0.0011443497598494,1439.5333333333333,729.0666666666667,710.4,346,315,339
Kamireddipadu,14.575,79.355,28_515_shc_2023-24.6951,151,56,364.0,0.32,0.0423999987542629,0.0582000017166137,0.0781999975442886,0.0839999988675117,0.1207000017166137,0.2343000024557113,0.2687999904155731,0.2511999905109405,0.2942999899387359,0.3055999875068664,0.2357999980449676,0.1528999954462051,0.4988066852092743,0.3509007692337036,0.3169788339662004,0.3002873451324947,0.9386942982673644,78,1,0,180,0.3036234961615668,303.28671713935006,302.2583393520779,0.0009972034059374,1484.6666666666667,651.1333333333333,833.7333333333333,340,251,409
Ananthasagaram,14.575,79.41,28_515_shc_2023-24.5142,75,114,91.0,0.42,0.0427000001072883,0.0544000007212162,0.0773999989032745,0.0870999991893768,0.1349000036716461,0.2029999941587448,0.2321999967098236,0.2450000047683715,0.2495999932289123,0.2549000084400177,0.268200010061264,0.2022999972105026,0.4754592180252075,0.2898131012916565,0.2903427593010263,0.2846412777814608,1.094693899154663,78,2,296,186,0.3036234961615668,303.28671713935006,302.2583393520779,0.0009972034059374,1482.5333333333333,670.4,812.1333333333333,353,254,394
Ananthasagaram,14.575,79.41,28_515_shc_2023-24.5812,113,3,585.0,0.4,0.0427000001072883,0.0544000007212162,0.0773999989032745,0.0870999991893768,0.1349000036716461,0.2029999941587448,0.2321999967098236,0.2450000047683715,0.2495999932289123,0.2549000084400177,0.268200010061264,0.2022999972105026,0.4754592180252075,0.2898131012916565,0.2903427593010263,0.2846412777814608,1.094693899154663,78,2,296,186,0.3036234961615668,303.28671713935006,302.2583393520779,0.0009972034059374,1482.5333333333333,670.4,812.1333333333333,353,254,394
Ananthasagaram,14.575,79.415,28_515_shc_2023-24.6066,113,22,104.0,0.54,0.0256999991834163,0.036200001835823,0.0750000029802322,0.0566000007092952,0.131400004029274,0.2569000124931335,0.3255000114440918,0.3431999981403351,0.3555000126361847,0.365799993276596,0.1870000064373016,0.0998999997973442,0.716858446598053,0.4462705254554748,0.5076879468230102,0.4777728347368026,0.5448718070983887,69,1,270,183,0.3036234961615668,303.28671713935006,302.2583393520779,0.0009972034059374,1482.5333333333333,670.4,812.1333333333333,348,246,405
Devarayapalle Bit-II,14.575,79.42,28_515_shc_2023-24.6901,151,131,371.0,0.38,0.0439000017940998,0.0522000007331371,0.0740000009536743,0.0722000002861023,0.1360999941825866,0.1772000044584274,0.1993999928236007,0.179199993610382,0.2096000015735626,0.2307000011205673,0.1744000017642974,0.124499998986721,0.4256165325641632,0.1366952210664749,0.2191006516006953,0.213601266023607,0.973214328289032,65,3,46,174,0.3036234961615668,303.28671713935006,302.2583393520779,0.0009972034059374,1479.5333333333333,690.6666666666666,788.8666666666667,334,241,425
Battepadu,14.575,79.61,28_515_shc_2023-24.6843,113,10,241.0,0.5,0.0373999997973442,0.0513000003993511,0.0791999995708465,0.0772999972105026,0.139500007033348,0.2273000031709671,0.2755999863147735,0.2849999964237213,0.3052999973297119,0.289900004863739,0.2291000038385391,0.1431999951601028,0.5732818245887756,0.3427561521530151,0.3806678691439494,0.3613011725847041,0.8038596510887146,49,2,116,174,0.2070652855767144,303.2382579379612,302.40424321492515,0.0010760653678288,1465.5333333333333,758.0,707.7333333333333,314,323,363
Battepadu,14.575,79.63,28_515_shc_2023-24.5107,163,37,195.0,0.9,0.033900000154972,0.0372000001370906,0.0707999989390373,0.0483000017702579,0.1140000000596046,0.3050000071525574,0.3691999912261963,0.3763999938964844,0.396699994802475,0.3411000072956085,0.2155999988317489,0.1127000004053115,0.772545337677002,0.5350733995437622,0.5912990039302336,0.5322266578302313,0.5727949142456055,50,2,333,183,0.2070652855767144,303.2382579379612,302.40424321492515,0.0010760653678288,1462.6666666666667,756.3333333333334,706.3333333333334,325,306,369
Gandavaram,14.575,79.96,28_515_shc_2023-24.5187,151,14,117.0,0.88,0.0604000017046928,0.0781000033020973,0.1032000035047531,0.1254000067710876,0.1861000061035156,0.2644000053405761,0.2966000139713287,0.3093999922275543,0.3389999866485595,0.3336000144481659,0.2506999969482422,0.1554999947547912,0.4231830537319183,0.2488395273685455,0.3116425331936538,0.2952502979036706,0.8102779388427734,17,1,134,177,0.2061318715413411,303.0668278164334,302.3311854892307,0.0011688863915145,1425.7333333333331,736.1333333333333,689.4666666666667,339,336,325
Vidavalur,14.575,80.075,28_515_shc_2023-24.5206,75,132,124.0,0.21,0.065600000321865,0.0821999981999397,0.1087083369493484,0.1142000034451484,0.1601333320140838,0.2928999960422516,0.3393000066280365,0.3472000062465668,0.3725999891757965,0.3710333406925201,0.2058749943971634,0.1126166656613349,0.5049847960472107,0.3687253594398498,0.4113991033093114,0.3635323493643389,0.5929579138755798,10,2,180,180,0.1446326785617404,303.37724448310007,302.4668083190918,0.0011443497598494,1439.5333333333333,729.0666666666667,710.4,344,316,340
Devarayapalle Bit-II,14.578,79.482,28_515_shc_2023-24.6108,63,16,358.0,0.28,0.0478000007569789,0.0659999996423721,0.096000000834465,0.1198000013828277,0.1788000017404556,0.249099999666214,0.3070999979972839,0.3283999860286712,0.3501999974250793,0.3388000130653381,0.2527999877929687,0.1553000062704086,0.465417206287384,0.2949526607990265,0.3359747214404693,0.3299936523126879,0.769792914390564,58,3,288,189,0.2071796417236328,303.27855741712784,302.41706331041127,0.0010418409758104,1479.0,709.2,769.8,332,284,384
Vangallu,14.578,79.822,28_515_shc_2023-24.7271,138,12,156.0,0.48,0.0368999987840652,0.0381999984383583,0.0666999965906143,0.0436000004410743,0.1086999997496604,0.2861999869346618,0.3319999873638153,0.3255999982357025,0.3632999956607818,0.2556000053882599,0.1888999938964843,0.092299997806549,0.7638136744499207,0.4994243681430816,0.5420158281388275,0.4866543917808267,0.5801596641540527,32,1,90,177,0.206824239095052,303.2787256028917,302.426237572564,0.0011970777522112,1439.6,749.6,690.0666666666667,346,311,343
Kothavangallu,14.578,79.932,28_515_shc_2023-24.5839,188,1,123.0,0.48,0.0445999987423419,0.0559500008821487,0.0803999975323677,0.0666999965906143,0.1118000000715255,0.2197500020265579,0.2596000134944916,0.2741000056266784,0.2838000059127807,0.3095000088214874,0.1694999933242797,0.0930500030517578,0.6085680723190308,0.4205752909183502,0.4132544535060574,0.3700047725186576,0.6183874011039734,26,4,314,189,0.2061641269259982,302.9462223476834,301.7036518520779,0.0012432403369301,1427.2,738.6666666666666,688.5333333333333,342,319,339
Naidupalem,14.578,79.992,28_515_shc_2023-24.6838,176,60,143.0,0.6,0.0480500012636184,0.0736500024795532,0.1003499999642372,0.1057000011205673,0.1680999994277954,0.2504000067710876,0.2824000120162964,0.2991999983787536,0.3169000148773193,0.3171499967575073,0.1618999987840652,0.092349998652935,0.4778957664966583,0.2805478274822235,0.3502833025270078,0.3207536700716921,0.5411096215248108,14,2,207,183,0.2061318715413411,303.0668278164334,302.3311854892307,0.0011688863915145,1425.7333333333331,736.1333333333333,689.4666666666667,328,343,330
Alaganipadu,14.578,80.142,28_515_shc_2023-24.5611,50,99,149.0,0.68,0.1116142868995666,0.074362501502037,0.1039400026202201,0.0991000011563301,0.1462384611368179,0.2221000045537948,0.2495799958705902,0.2751500010490417,0.2809958457946777,0.3126125037670135,0.2834999859333038,0.2207600027322769,0.470407485961914,0.3059208989143371,0.3354531386592203,0.3020589066890652,1.0303469896316528,11,1,0,180,0.1446326785617404,303.37724448310007,302.4668083190918,0.0011443497598494,1469.8,718.6,751.1333333333333,337,328,336
Kamireddipadu,14.58,79.355,28_515_shc_2023-24.7023,125,12,154.0,0.54,0.0759000033140182,0.1202000007033348,0.1412000060081482,0.1542000025510788,0.2014999985694885,0.2488999962806701,0.2820000052452087,0.2829999923706054,0.3079999983310699,0.2962999939918518,0.3210000097751617,0.2685999870300293,0.2946020066738128,0.1682146489620208,0.2464222652153469,0.2061459515323988,1.1342756748199463,85,3,226,186,0.3036234961615668,303.28671713935006,302.2583393520779,0.0009972034059374,1484.6666666666667,651.1333333333333,833.7333333333333,348,251,401
Kamireddipadu,14.58,79.36,28_515_shc_2023-24.5968,125,82,345.0,0.28,0.0313000008463859,0.0399999991059303,0.066100001335144,0.0564999990165233,0.1173999980092048,0.2465000003576278,0.2829000055789947,0.3007999956607818,0.3012000024318695,0.2664999961853027,0.2162999957799911,0.1297000050544738,0.683739185333252,0.4385461509227752,0.4558516145856688,0.4274466315660279,0.7190824151039124,82,3,226,186,0.3036234961615668,303.28671713935006,302.2583393520779,0.0009972034059374,1484.6666666666667,651.1333333333333,833.7333333333333,351,259,390
Ananthasagaram,14.58,79.41,28_515_shc_2023-24.4829,75,4,293.0,0.42,0.0282000005245208,0.0390000008046627,0.0714000016450882,0.0749000012874603,0.124499998986721,0.1967999935150146,0.2340999990701675,0.2230000048875808,0.2477999925613403,0.2617999911308288,0.2222999930381775,0.1591999977827072,0.4971466958522796,0.2834532558917999,0.2683165499206344,0.2784183527772101,0.996860921382904,78,1,270,183,0.3036234961615668,303.28671713935006,302.2583393520779,0.0009972034059374,1482.5333333333333,670.4,812.1333333333333,355,242,403
Bedusupalle,14.58,79.445,28_515_shc_2023-24.7036,162,12,136.0,0.51,0.0573999993503093,0.0728000029921531,0.1022000014781951,0.1115999966859817,0.1579000055789947,0.2449000030755996,0.2723000049591064,0.3104000091552734,0.2987000048160553,0.3061000108718872,0.2728999853134155,0.2144999951124191,0.4710900783538818,0.3256459534168243,0.3465830144137953,0.3234273501244207,0.879188060760498,65,0,0,180,0.3036234961615668,303.28671713935006,302.2583393520779,0.0009972034059374,1479.5333333333333,690.6666666666666,788.8666666666667,333,261,406
Sangam,14.58,79.755,28_515_shc_2023-24.5837,100,109,136.0,0.42,0.0502999983727932,0.0568999983370304,0.0939000025391578,0.0988000035285949,0.1685999929904937,0.3080999851226806,0.3567999899387359,0.3776000142097473,0.3810999989509582,0.3643999993801117,0.3258000016212463,0.2296999990940094,0.5852224826812744,0.3826437592506408,0.4515272277366517,0.428308079090796,0.8628177642822266,35,1,180,180,0.206824239095052,303.2787256028917,302.426237572564,0.0011970777522112,1449.7333333333331,751.2666666666667,698.4,337,312,351
Naidupalem,14.58,79.99,28_515_shc_2023-24.5711,138,23,85.0,0.71,0.0653500035405159,0.0535000003874301,0.0892499983310699,0.0848999992012977,0.1689999997615814,0.2951000034809112,0.3382000029087066,0.3508000075817108,0.3684999942779541,0.3490499854087829,0.2809500098228454,0.1872999966144561,0.610282301902771,0.3497499227523803,0.4556359169292922,0.4262584265034786,0.8008837103843689,17,2,333,183,0.2061318715413411,303.0668278164334,302.3311854892307,0.0011688863915145,1425.7333333333331,736.1333333333333,689.4666666666667,329,340,332
Alaganipadu,14.58,80.095,28_515_shc_2023-24.6856,113,164,403.0,1.0,0.0586230754852294,0.0496666654944419,0.0817888900637626,0.0581272728741169,0.1292384564876556,0.3192999958992004,0.3728333413600921,0.3589333295822143,0.4096249938011169,0.3470099866390228,0.2245199978351593,0.1196750029921531,0.7212526202201843,0.4705205857753753,0.5632241201129389,0.4920166495579358,0.6255200505256653,10,3,314,186,0.1446326785617404,303.37724448310007,302.4668083190918,0.0011443497598494,1450.6,721.4,729.2,342,306,352
Devarayapalle Bit- I,14.582,79.482,28_515_shc_2023-24.4880,188,20,323.0,0.42,0.0272000003606081,0.0372000001370906,0.0621999986469745,0.0520000010728836,0.1053000018000602,0.2309000045061111,0.2935999929904938,0.3016000092029571,0.3276000022888183,0.3361999988555908,0.1501999944448471,0.0772999972105026,0.7058823704719543,0.4824281334877014,0.4675558320794404,0.4386129424648471,0.4980105757713318,57,1,180,180,0.2071796417236328,303.27855741712784,302.41706331041127,0.0010418409758104,1479.0,709.2,769.8,334,280,386
Sangam,14.582,79.758,28_515_shc_2023-24.6007,151,15,72.0,0.61,0.0395999997854232,0.0478999987244606,0.0759999975562095,0.0707999989390373,0.1228000000119209,0.2344000041484832,0.2757999897003174,0.2827999889850616,0.2989999949932098,0.257099986076355,0.2186000049114227,0.1378999948501587,0.5995475053787231,0.3944773077964782,0.3930729989888379,0.3725398190812916,0.772984504699707,38,1,314,183,0.206824239095052,303.2787256028917,302.426237572564,0.0011970777522112,1449.7333333333331,751.2666666666667,698.4,349,295,356
Sangam,14.582,79.768,28_515_shc_2023-24.6326,38,45,286.0,0.42,0.0532499998807907,0.0562499985098838,0.0858500003814697,0.0815000012516975,0.1484500020742416,0.2413000017404556,0.2844499945640564,0.3010999858379364,0.3154500126838684,0.3192499876022339,0.2159000039100647,0.1337999999523162,0.5739675760269165,0.3395617604255676,0.4012497649511931,0.3732154789233024,0.717037558555603,38,5,0,180,0.206824239095052,303.2787256028917,302.426237572564,0.0011970777522112,1449.7333333333331,751.2666666666667,698.4,334,301,365
Gandavaram,14.582,79.972,28_515_shc_2023-24.6003,163,16,59.0,0.31,0.0595000013709068,0.0806000009179115,0.1059999987483024,0.0944000035524368,0.1450999975204467,0.2231000065803527,0.2612999975681305,0.2752000093460083,0.2928000092506408,0.2906999886035919,0.1625999957323074,0.0923999994993209,0.4891774952411651,0.3095408380031585,0.3653706295342087,0.311867530666687,0.5908429622650146,16,3,90,171,0.2061318715413411,303.0668278164334,302.3311854892307,0.0011688863915145,1425.7333333333331,736.1333333333333,689.4666666666667,355,317,328
Ananthasagaram,14.585,79.41,28_515_shc_2023-24.5147,88,19,325.0,0.58,0.0252999998629093,0.0303000006824731,0.0575000010430812,0.0454000011086463,0.1114000007510185,0.2144999951124191,0.2495999932289123,0.2687999904155731,0.2635999917984009,0.2851000130176544,0.1987999975681305,0.131300002336502,0.711012065410614,0.4139926135540008,0.4250542080668744,0.4115696234939374,0.7395833730697632,77,1,226,183,0.3036234961615668,303.28671713935006,302.2583393520779,0.0009972034059374,1481.0666666666666,672.2,809.0,336,246,417
Atmakur,14.585,79.58,28_515_shc_2023-24.5864,163,21,344.0,1.04,0.0386999994516372,0.0480999983847141,0.0712999999523162,0.0716999992728233,0.1098999977111816,0.1794999986886978,0.2022999972105026,0.200200006365776,0.2220000028610229,0.2352000027894973,0.198400005698204,0.1348000019788742,0.4726002514362335,0.2911964058876037,0.2530224976650038,0.2497085234245663,0.991008996963501,62,2,27,177,0.2070652855767144,303.2382579379612,302.40424321492515,0.0010760653678288,1465.5333333333333,746.6666666666666,718.7333333333333,322,314,364
Battepadu,14.585,79.615,28_515_shc_2023-24.5426,188,29,241.0,0.24,0.0392999984323978,0.0476000010967254,0.0728000029921531,0.0687000006437301,0.1288000047206878,0.2522000074386596,0.2933000028133392,0.3055999875068664,0.3210999965667724,0.3027999997138977,0.2540999948978424,0.1623000055551529,0.6329147815704346,0.4069981276988983,0.4352219095341163,0.4064394202342092,0.8314790725708008,49,3,46,174,0.2070652855767144,303.2382579379612,302.40424321492515,0.0010760653678288,1468.4,757.0,711.4666666666667,326,307,367
Tharunavaya,14.585,79.75,28_515_shc_2023-24.7483,151,25,130.0,0.18,0.067900002002716,0.1102999970316886,0.133200004696846,0.1623000055551529,0.1973499953746795,0.2355999946594238,0.256850004196167,0.2529999911785126,0.2809500098228454,0.3075999915599823,0.3126499950885772,0.2685500085353851,0.2183963060379028,0.1235705539584159,0.1620163313069268,0.1486397672026075,1.23577082157135,41,2,244,186,0.208161375257704,303.2591997782389,302.46872889200847,0.0011190813964452,1451.0,748.7333333333333,702.1333333333333,315,287,399
Sangam,14.585,79.77,28_515_shc_2023-24.5827,113,11,214.0,0.46,0.0439000017940998,0.0502999983727932,0.0737999975681305,0.0663999989628791,0.1218999996781349,0.2020999938249588,0.2347999960184097,0.243599995970726,0.253600001335144,0.2615000009536743,0.2225999981164932,0.1174999997019767,0.5716128945350647,0.332968533039093,0.3502668447012278,0.3281481446596275,0.9137930870056152,34,4,90,168,0.206824239095052,303.2787256028917,302.426237572564,0.0011970777522112,1440.2666666666669,746.6,693.6,329,315,356
Vangallu,14.585,79.785,28_515_shc_2023-24.7274,151,16,46.0,0.5,0.0373000018298625,0.0465999990701675,0.0773999989032745,0.0564999990165233,0.1238000020384788,0.2461999952793121,0.303600013256073,0.3167999982833862,0.3339999914169311,0.3384999930858612,0.1692000031471252,0.096000000834465,0.6972944140434265,0.4380390346050262,0.4981627485936152,0.4470972175741408,0.5340909361839294,33,2,180,180,0.206824239095052,303.2787256028917,302.426237572564,0.0011970777522112,1440.2666666666669,746.6,693.6,344,313,342
Gandavaram,14.585,79.96,28_515_shc_2023-24.7183,213,21,85.0,0.28,0.046399999409914,0.0595999993383884,0.0923999994993209,0.0857999995350837,0.1546999961137771,0.2515000104904175,0.289900004863739,0.3061999976634979,0.3350000083446502,0.3217000067234039,0.2003999948501587,0.1118000000715255,0.5622448921203613,0.3287047147750854,0.401018919495464,0.3706278007072923,0.6544741988182068,15,1,46,177,0.2061318715413411,303.0668278164334,302.3311854892307,0.0011688863915145,1435.2,732.1333333333333,703.0,348,331,321
Gandavaram,14.585,79.97,28_515_shc_2023-24.5307,151,22,59.0,0.31,0.0590000003576278,0.068800002336502,0.0882999971508979,0.0838999971747398,0.1483000069856643,0.2603000104427337,0.2888999879360199,0.2985999882221222,0.3233999907970428,0.3253999948501587,0.1933999955654144,0.1057000011205673,0.5613071918487549,0.3363168239593506,0.417379468836387,0.3649291692919938,0.6476892232894897,16,2,180,180,0.2061318715413411,303.0668278164334,302.3311854892307,0.0011688863915145,1435.2,732.1333333333333,703.0,347,325,329
Naidupalem,14.585,79.995,28_515_shc_2023-24.6654,75,38,169.0,0.88,0.0456000007688999,0.0671999976038932,0.1030000001192092,0.1040000021457672,0.1955000013113021,0.2836999893188476,0.320499986410141,0.3276000022888183,0.3598000109195709,0.3459999859333038,0.2071000039577484,0.1116999983787536,0.5180723071098328,0.2525329887866974,0.3861563882029817,0.3600257606462126,0.6321734189987183,16,2,153,177,0.2061318715413411,303.0668278164334,302.3311854892307,0.0011688863915145,1435.2,732.1333333333333,703.0,342,328,330
Gundalammapalem,14.585,80.0,28_515_shc_2023-24.5921,163,20,195.0,0.48,0.0606000013649463,0.0745000019669532,0.1074000000953674,0.1165999993681907,0.1607999950647354,0.2619000077247619,0.2985999882221222,0.3120000064373016,0.3386000096797943,0.3300999999046325,0.2382999956607818,0.1551000028848648,0.4559029638767242,0.3197969794273376,0.3362356896741898,0.3156364514012936,0.7637820243835449,15,2,90,174,0.2061318715413411,303.0668278164334,302.3311854892307,0.0011688863915145,1435.2,732.1333333333333,703.0,349,320,331
Gundalammapalem,14.585,80.01,28_515_shc_2023-24.5596,151,38,221.0,0.83,0.0557000003755092,0.0714000016450882,0.0967499986290931,0.0904000028967857,0.1632000058889389,0.2418500036001205,0.2707999944686889,0.2694999873638153,0.3027499914169311,0.3061999976634979,0.1991499960422516,0.1185000017285347,0.4976381957530975,0.2456666976213455,0.3507912596610416,0.3124200252858793,0.7389610409736633,16,1,0,180,0.2061318715413411,303.0668278164334,302.3311854892307,0.0011688863915145,1435.2666666666669,725.8666666666667,709.2666666666667,370,306,323
Gundalammapalem,14.585,80.015,28_515_shc_2023-24.5420,75,23,97.0,0.91,0.0511500015854835,0.0795499980449676,0.1124000027775764,0.1049000024795532,0.1780000030994415,0.2437999993562698,0.2837499976158142,0.3009999990463257,0.3282999992370605,0.319599986076355,0.2303500026464462,0.1445499956607818,0.4831238985061645,0.2567849457263946,0.3675657295342578,0.3247047073128365,0.765282392501831,12,1,46,177,0.2061318715413411,303.0668278164334,302.3311854892307,0.0011688863915145,1435.2666666666669,725.8666666666667,709.2666666666667,363,316,321
Minagallu,14.588,79.482,28_515_shc_2023-24.6672,38,36,371.0,0.6,0.050450000911951,0.0537000000476837,0.0796499997377395,0.1010499969124794,0.1592500060796737,0.216849997639656,0.244499996304512,0.223700001835823,0.2707999944686889,0.2802999913692474,0.3226000070571899,0.2502500116825104,0.3776751458644867,0.1682987213134765,0.2148362346965542,0.2230676055340754,1.4421099424362185,66,2,27,177,0.2071796417236328,303.27855741712784,302.41706331041127,0.0010418409758104,1470.4,712.5333333333333,757.6,317,297,386
Sangam,14.588,79.762,28_515_shc_2023-24.5828,50,109,123.0,0.51,0.0441499985754489,0.0533000007271766,0.0824500024318695,0.0869000032544136,0.1451500058174133,0.2417500019073486,0.2896000146865845,0.30239999294281,0.3141500055789947,0.3051500022411346,0.214149996638298,0.1325500011444091,0.5535576343536377,0.3513573706150055,0.3783223703991314,0.3634881208983005,0.7081679701805115,34,1,134,177,0.206824239095052,303.2787256028917,302.426237572564,0.0011970777522112,1440.2666666666669,746.6,693.6,316,272,412
Naidupalem,14.588,79.998,28_515_shc_2023-24.5072,226,45,195.0,0.88,0.0494999997317791,0.0540000014007091,0.0856999978423118,0.0786999985575676,0.157600000500679,0.2626999914646148,0.2955999970436096,0.3068000078201294,0.3264000117778778,0.3107999861240387,0.3070999979972839,0.2029000073671341,0.5916991233825684,0.3212747871875763,0.4150291323600764,0.3863918819080207,1.0009777545928955,17,3,108,171,0.2061318715413411,303.0668278164334,302.3311854892307,0.0011688863915145,1435.2,732.1333333333333,703.0,343,320,337
Mangupalle,14.59,79.32,28_515_shc_2023-24.5680,163,79,124.0,0.34,0.0346000008285045,0.0755999982357025,0.0996999964118003,0.1103999987244606,0.1212000027298927,0.1825000047683715,0.2149000018835067,0.2275999933481216,0.2284000068902969,0.2799000144004822,0.181099995970726,0.1429000049829483,0.3467455506324768,0.3050458431243896,0.2214663543437341,0.2097851952249957,0.7956942319869995,85,2,244,186,0.3048760308159722,303.25781631469727,302.53789121839736,0.0009485898848221,1476.1333333333334,636.7333333333333,839.2666666666667,347,265,388
Mangupalle,14.59,79.325,28_515_shc_2023-24.5546,88,16,137.0,0.21,0.0658000037074089,0.0755999982357025,0.1063999980688095,0.1180000007152557,0.164000004529953,0.1949999928474426,0.2132000029087066,0.2508000135421753,0.2386000007390976,0.2712999880313873,0.2876000106334686,0.250900000333786,0.3600867986679077,0.2092574834823608,0.238540037833617,0.2292817863390999,1.1467304229736328,84,1,134,177,0.3048760308159722,303.25781631469727,302.53789121839736,0.0009485898848221,1476.1333333333334,636.7333333333333,839.2666666666667,346,255,399
Minagallu,14.59,79.495,28_515_shc_2023-24.7026,115,62,125.0,0.36,0.0304000005125999,0.0414999984204769,0.0654999986290931,0.0544999986886978,0.1037499979138374,0.2067999988794326,0.2420500069856643,0.2569999992847442,0.2698999941349029,0.2611500024795532,0.1351500004529953,0.0726500004529953,0.6500802636146545,0.4248094260692596,0.3977607544231639,0.3743068412231968,0.5258755087852478,56,1,0,180,0.2071796417236328,303.27855741712784,302.41706331041127,0.0010418409758104,1470.4,712.5333333333333,757.6,333,265,402
Minagallu,14.59,79.5,28_515_shc_2023-24.6099,88,17,332.0,0.42,0.0442500002682209,0.0480999983847141,0.0742499977350235,0.0684999972581863,0.1223499998450279,0.2430499941110611,0.2777000069618225,0.2949999868869781,0.3093500137329101,0.3224999904632568,0.2331500053405761,0.1360500007867813,0.6231086850166321,0.4136815369129181,0.4209254647216631,0.3934568508180444,0.7903390526771545,63,1,180,180,0.2071796417236328,303.27855741712784,302.41706331041127,0.0010418409758104,1470.4,712.5333333333333,757.6,318,271,411
Battepadu,14.59,79.615,28_515_shc_2023-24.7129,138,16,137.0,0.28,0.0350000001490116,0.0362999998033046,0.068400003015995,0.0597999989986419,0.127700001001358,0.2346999943256378,0.2939999997615814,0.3156000077724457,0.3226999938488006,0.2989999949932098,0.2058999985456466,0.1264999955892563,0.6814064979553223,0.4238664507865906,0.4560853121684665,0.4383139252831204,0.6524080634117126,47,1,46,177,0.2070652855767144,303.2382579379612,302.40424321492515,0.0010760653678288,1468.4,757.0,711.4666666666667,324,308,368
Basavaipalem,14.59,80.015,28_515_shc_2023-24.5071,125,36,65.0,0.7,0.0522000007331371,0.1133999973535537,0.1444000005722046,0.1693000048398971,0.1794999986886978,0.261599987745285,0.2926999926567077,0.3050000071525574,0.3192999958992004,0.3203000128269195,0.30239999294281,0.2325000017881393,0.2861058413982391,0.2590299546718597,0.2307352192417755,0.2089192250472503,0.9914753437042236,16,1,90,177,0.2061318715413411,303.0668278164334,302.3311854892307,0.0011688863915145,1435.2666666666669,725.8666666666667,709.2666666666667,351,321,328
Sangam,14.592,79.748,28_515_shc_2023-24.7257,151,12,221.0,0.32,0.0768000036478042,0.0740000009536743,0.0965500026941299,0.1063999980688095,0.1523000001907348,0.2130499929189682,0.2420500069856643,0.2463999986648559,0.262499988079071,0.2742500007152557,0.2597500085830688,0.2169499993324279,0.3968254029750824,0.2360170483589172,0.2631974783980783,0.2462476567757937,1.0541802644729614,39,3,180,180,0.208161375257704,303.2591997782389,302.46872889200847,0.0011190813964452,1451.0,748.7333333333333,702.1333333333333,337,258,404
Mangupalle,14.595,79.315,28_515_shc_2023-24.6213,125,23,91.0,0.25,0.046799998730421,0.0425999984145164,0.0692000016570091,0.0599999986588954,0.1401000022888183,0.2384999990463256,0.2797999978065491,0.2667999863624573,0.3091000020503998,0.2851000130176544,0.2962999939918518,0.2164999991655349,0.6328029036521912,0.3113786876201629,0.3954715620988102,0.3751814068396862,1.110569715499878,86,3,288,189,0.3048760308159722,303.25781631469727,302.53789121839736,0.0009485898848221,1476.1333333333334,636.7333333333333,839.2666666666667,349,264,386
Mangupalle,14.595,79.32,28_515_shc_2023-24.5038,100,19,46.0,0.28,0.0280000008642673,0.0436000004410743,0.0729999989271164,0.0612000003457069,0.128600001335144,0.2782999873161316,0.3287999927997589,0.3352000117301941,0.3501000106334686,0.3321000039577484,0.2276999950408935,0.1394000053405761,0.6912209987640381,0.4454506337642669,0.4980369516021766,0.4585006822176727,0.6792958974838257,86,2,207,183,0.3048760308159722,303.25781631469727,302.53789121839736,0.0009485898848221,1476.1333333333334,636.7333333333333,839.2666666666667,342,266,392
Minagallu,14.595,79.5,28_515_shc_2023-24.4840,138,23,364.0,0.53,0.0297999996691942,0.0478000007569789,0.0736000016331672,0.0750000029802322,0.1098000034689903,0.2152000069618225,0.262499988079071,0.2797999978065491,0.2994000017642975,0.3102000057697296,0.1823000013828277,0.1057000011205673,0.5772265791893005,0.4363449513912201,0.3733683244571947,0.3593823022423023,0.6515368223190308,62,2,180,180,0.2071796417236328,303.27855741712784,302.41706331041127,0.0010418409758104,1470.4,712.5333333333333,757.6,318,278,405
Battepadu,14.595,79.62,28_515_shc_2023-24.4968,138,21,91.0,1.0,0.035300001502037,0.0535000003874301,0.0795999988913536,0.0807999968528747,0.1360000073909759,0.2377000004053115,0.2872999906539917,0.2921999990940094,0.3052999973297119,0.313400000333786,0.1854999959468841,0.1199000030755996,0.5667560696601868,0.3647827804088592,0.3841541081744575,0.3632302460869602,0.6348391175270081,44,0,0,180,0.2070652855767144,303.2382579379612,302.40424321492515,0.0010760653678288,1468.4,757.0,711.4666666666667,325,304,371
Vangallu,14.595,79.75,28_515_shc_2023-24.6013,238,12,267.0,0.25,0.0432000011205673,0.0430000014603138,0.0657500028610229,0.0759000033140182,0.1301500052213668,0.2225999981164932,0.2535499930381775,0.2494000047445297,0.2757999897003174,0.2356999963521957,0.2469999939203262,0.1618999987840652,0.5333538055419922,0.3141878545284271,0.3137886126635433,0.3153398759294629,0.990376889705658,46,8,153,168,0.208161375257704,303.2591997782389,302.46872889200847,0.0011190813964452,1451.0,748.7333333333333,702.1333333333333,311,283,406
Sangam,14.595,79.76,28_515_shc_2023-24.7205,138,34,150.0,0.21,0.0461000017821788,0.0593499988317489,0.0916000008583068,0.0948999971151351,0.1495500057935714,0.2569499909877777,0.3082999885082245,0.3147999942302704,0.3331499993801117,0.336899995803833,0.249449998140335,0.16075000166893,0.5367342233657837,0.3558737635612488,0.3820162244894657,0.3625920620103221,0.7924078702926636,37,1,270,183,0.206824239095052,303.2787256028917,302.426237572564,0.0011970777522112,1440.2666666666669,746.6,693.6,317,287,397
Sangam,14.595,79.76,28_515_shc_2023-24.6701,100,11,195.0,0.1,0.0461000017821788,0.0593499988317489,0.0916000008583068,0.0948999971151351,0.1495500057935714,0.2569499909877777,0.3082999885082245,0.3147999942302704,0.3331499993801117,0.336899995803833,0.249449998140335,0.16075000166893,0.5367342233657837,0.3558737635612488,0.3820162244894657,0.3625920620103221,0.7924078702926636,37,1,270,183,0.206824239095052,303.2787256028917,302.426237572564,0.0011970777522112,1440.2666666666669,746.6,693.6,317,287,397
Vangallu,14.595,79.815,28_515_shc_2023-24.7407,226,45,117.0,0.1,0.0732999965548515,0.0938000008463859,0.125,0.1581999957561493,0.19200000166893,0.2486999928951263,0.2755999863147735,0.2763999998569488,0.3012000024318695,0.3043999969959259,0.3393999934196472,0.2646999955177307,0.2719742357730865,0.1801878660917282,0.1941396862594758,0.189706833921918,1.2279305458068848,42,6,153,171,0.206824239095052,303.2787256028917,302.426237572564,0.0011970777522112,1436.0666666666666,743.6666666666666,692.3333333333334,328,326,347
Vangallu,14.595,79.815,28_515_shc_2023-24.7405,100,70,85.0,0.13,0.0732999965548515,0.0938000008463859,0.125,0.1581999957561493,0.19200000166893,0.2486999928951263,0.2755999863147735,0.2763999998569488,0.3012000024318695,0.3043999969959259,0.3393999934196472,0.2646999955177307,0.2719742357730865,0.1801878660917282,0.1941396862594758,0.189706833921918,1.2279305458068848,42,6,153,171,0.206824239095052,303.2787256028917,302.426237572564,0.0011970777522112,1436.0666666666666,743.6666666666666,692.3333333333334,328,326,347
Vangallu,14.595,79.82,28_515_shc_2023-24.7266,113,19,104.0,0.42,0.0509999990463256,0.0612999983131885,0.0887999981641769,0.0830999985337257,0.1367000043392181,0.2449000030755996,0.296099990606308,0.3016000092029571,0.3361000120639801,0.3321000039577484,0.185599997639656,0.1001999974250793,0.5679750442504883,0.3762263357639313,0.4075124184806852,0.370464579108941,0.615384578704834,31,2,116,174,0.206824239095052,303.2787256028917,302.426237572564,0.0011970777522112,1436.0666666666666,743.6666666666666,692.3333333333334,327,330,343
Gundalammapalem,14.595,80.02,28_515_shc_2023-24.5917,163,16,176.0,0.48,0.0588000006973743,0.0866999998688697,0.1129999980330467,0.1202000007033348,0.1676999926567077,0.2861999869346618,0.3224000036716461,0.3336000144481659,0.357699990272522,0.3472999930381775,0.2138999998569488,0.1298000067472458,0.4702512323856354,0.3309395909309387,0.3798369776068163,0.3356049649112264,0.6411870121955872,13,1,90,177,0.2061318715413411,303.0668278164334,302.3311854892307,0.0011688863915145,1435.2666666666669,725.8666666666667,709.2666666666667,345,331,324
Chowkacherla,14.595,80.06,28_515_shc_2023-24.5620,138,57,156.0,0.69,0.0403000004589557,0.05180000141263,0.0829999968409538,0.0846000015735626,0.1591999977827072,0.2930000126361847,0.3495999872684479,0.36039999127388,0.3772999942302704,0.3752000033855438,0.2396000027656555,0.1361999958753585,0.6197752952575684,0.387220948934555,0.4660358086211424,0.4377777647425467,0.6648169159889221,7,2,207,183,0.1446326785617404,303.37724448310007,302.4668083190918,0.0011443497598494,1435.0666666666666,721.4,713.8,370,313,317
Chowkacherla,14.595,80.065,28_515_shc_2023-24.5621,176,110,162.0,0.93,0.0522000007331371,0.0533999986946582,0.0874999985098838,0.0788000002503395,0.1438000053167343,0.2867000102996826,0.3454999923706054,0.3700000047683716,0.380400002002716,0.3443999886512756,0.2354000061750412,0.1412000060081482,0.648841381072998,0.4402491152286529,0.5047493608739981,0.4603709996485867,0.6362162232398987,10,0,0,180,0.1446326785617404,303.37724448310007,302.4668083190918,0.0011443497598494,1435.0666666666666,721.4,713.8,367,313,320
Utukuru,14.595,80.115,28_515_shc_2023-24.5322,176,11,202.0,0.51,0.0598799996078014,0.0645399987697601,0.0914800018072128,0.0921000018715858,0.1619749963283538,0.2558000087738037,0.2867999970912933,0.2822000086307525,0.3095999956130981,0.2989000082015991,0.188400000333786,0.1069666668772697,0.5078814029693604,0.2706703543663025,0.3518415744318915,0.3261466392696416,0.6676115989685059,7,2,0,180,0.1446326785617404,303.37724448310007,302.4668083190918,0.0011443497598494,1444.9333333333334,714.7333333333333,730.2666666666667,351,316,333
Tharunavaya,14.598,79.778,28_515_shc_2023-24.5080,163,12,169.0,0.35,0.0529000014066696,0.0507999993860721,0.0759999975562095,0.0794000029563903,0.1428000032901764,0.2511000037193298,0.2935999929904938,0.2955999970436096,0.326799988746643,0.335999995470047,0.2277999967336654,0.1433999985456466,0.576533317565918,0.3485401272773742,0.3885693585083271,0.3706285612923758,0.7706359624862671,40,0,0,180,0.206824239095052,303.2787256028917,302.426237572564,0.0011970777522112,1440.2666666666669,746.6,693.6,338,303,359
Gundalammapalem,14.598,80.012,28_515_shc_2023-24.5178,138,34,169.0,0.58,0.0640000030398368,0.0904000028967857,0.1275999993085861,0.1327999979257583,0.1923999935388565,0.2671999931335449,0.2998999953269958,0.3303999900817871,0.3422000110149383,0.3580999970436096,0.2678999900817871,0.1592999994754791,0.4265975654125213,0.2639632821083069,0.3408777224808302,0.3077242441075707,0.8108353614807129,14,0,0,180,0.2061318715413411,303.0668278164334,302.3311854892307,0.0011688863915145,1435.2666666666669,725.8666666666667,709.2666666666667,339,323,338
Alaganipadu,14.598,80.102,28_515_shc_2023-24.5230,125,61,260.0,0.21,0.0637750029563903,0.0819833353161811,0.1203500032424926,0.1373666673898697,0.1932583302259445,0.2977499961853027,0.3325499892234802,0.3429999947547912,0.3790250122547149,0.3636666536331177,0.2318499982357025,0.1392250061035156,0.428075760602951,0.2792342007160187,0.3311699055528238,0.3146271726260191,0.6759475469589233,8,1,314,183,0.1446326785617404,303.37724448310007,302.4668083190918,0.0011443497598494,1444.9333333333334,714.7333333333333,730.2666666666667,353,323,324
Vangallu,14.6,79.825,28_515_shc_2023-24.7272,125,11,111.0,0.52,0.032999999821186,0.0423000007867813,0.0671999976038932,0.0615000016987323,0.1123000010848045,0.1912000030279159,0.2208999991416931,0.2380000054836273,0.2466000020503997,0.2443999946117401,0.1827999949455261,0.09740000218153,0.5893155336380005,0.3588352799415588,0.3421205707446818,0.3311444694170653,0.7680671811103821,32,1,90,177,0.206824239095052,303.2787256028917,302.426237572564,0.0011970777522112,1436.0666666666666,743.6666666666666,692.3333333333334,326,331,343
Damegunta,14.6,80.005,28_515_shc_2023-24.5599,100,50,234.0,1.2,0.0603000000119209,0.0807999968528747,0.1037999987602233,0.0890000015497207,0.1583999991416931,0.2446999996900558,0.2813999950885772,0.2879999876022339,0.3147999942302704,0.3021000027656555,0.1606999933719635,0.0921000018715858,0.5278514623641968,0.2903225719928741,0.409128253900097,0.3403648606283502,0.5579861402511597,13,2,90,174,0.2061318715413411,303.0668278164334,302.3311854892307,0.0011688863915145,1435.2666666666669,725.8666666666667,709.2666666666667,338,315,347
Damegunta,14.6,80.005,28_515_shc_2023-24.5602,13,13,182.0,0.74,0.0603000000119209,0.0807999968528747,0.1037999987602233,0.0890000015497207,0.1583999991416931,0.2446999996900558,0.2813999950885772,0.2879999876022339,0.3147999942302704,0.3021000027656555,0.1606999933719635,0.0921000018715858,0.5278514623641968,0.2903225719928741,0.409128253900097,0.3403648606283502,0.5579861402511597,13,2,90,174,0.2061318715413411,303.0668278164334,302.3311854892307,0.0011688863915145,1435.2666666666669,725.8666666666667,709.2666666666667,338,315,347
Bandarupalle,14.602,79.578,28_515_shc_2023-24.7369,100,7,280.0,0.49,0.0322999991476535,0.0405000001192092,0.0676999986171722,0.0562000013887882,0.12219999730587,0.2477000057697296,0.3027999997138977,0.3059999942779541,0.3291999995708465,0.3248000144958496,0.1553999930620193,0.0768000036478042,0.6896741986274719,0.4292386770248413,0.466236127830503,0.4345859327498511,0.5078431367874146,53,1,46,177,0.2070652855767144,303.2382579379612,302.40424321492515,0.0010760653678288,1465.5333333333333,746.6666666666666,718.7333333333333,313,299,389
Tharunavaya,14.602,79.792,28_515_shc_2023-24.5840,38,13,52.0,0.13,0.050500001758337,0.0658999979496002,0.101400002837181,0.1176000013947486,0.1816000044345855,0.263399988412857,0.3079000115394592,0.3183999955654144,0.3391999900341034,0.3406000137329101,0.2299000024795532,0.1349000036716461,0.460550457239151,0.2735999822616577,0.3281581821142701,0.3217948634980796,0.722047746181488,39,3,19,177,0.206824239095052,303.2787256028917,302.426237572564,0.0011970777522112,1436.0666666666666,743.6666666666666,692.3333333333334,328,329,343
Venkannapuram,14.602,80.048,28_515_shc_2023-24.5302,38,55,130.0,0.46,0.0275999996811151,0.0324999988079071,0.0588000006973743,0.0394000001251697,0.0934000015258789,0.2522000074386596,0.2980000078678131,0.3215999901294708,0.3389999866485595,0.3203000128269195,0.1404000073671341,0.0608000010251998,0.7817174196243286,0.5498794913291931,0.5368080464955233,0.4916376188125864,0.4365671873092651,11,0,0,180,0.2061318715413411,303.0668278164334,302.3311854892307,0.0011688863915145,1435.0666666666666,721.4,713.8,368,310,322
Chowkacherla,14.602,80.068,28_515_shc_2023-24.5938,138,14,215.0,0.48,0.0568000003695488,0.0931499972939491,0.1263999938964843,0.155699998140335,0.1915999948978424,0.2569000124931335,0.2883999943733215,0.3070000112056732,0.3136999905109405,0.2923499941825866,0.3021000027656555,0.2330500036478042,0.3269937634468078,0.231448084115982,0.2452068960504905,0.2357432402563092,0.984039068222046,8,1,90,177,0.1446326785617404,303.37724448310007,302.4668083190918,0.0011443497598494,1435.0666666666666,721.4,713.8,369,322,309
Ananthasagaram,14.605,79.395,28_515_shc_2023-24.5383,125,114,72.0,0.12,0.0342999994754791,0.0373999997973442,0.0636000037193298,0.0461999997496604,0.1111999973654747,0.2838000059127807,0.3447999954223633,0.3508000075817108,0.3795999884605407,0.3120999932289123,0.1914999932050705,0.0998999997973442,0.7672544121742249,0.5186147093772888,0.5651206050355768,0.5093645574289127,0.5458950400352478,84,2,270,186,0.3036234961615668,303.28671713935006,302.2583393520779,0.0009972034059374,1481.0666666666666,672.2,809.0,352,258,390
Tharunavaya,14.605,79.78,28_515_shc_2023-24.5404,100,9,78.0,0.82,0.0480000004172325,0.062899999320507,0.090999998152256,0.0983999967575073,0.1560000032186508,0.2343000024557113,0.2712999880313873,0.2657999992370605,0.2897999882698059,0.2976999878883362,0.2800999879837036,0.1940000057220459,0.4596375823020935,0.26031294465065,0.3022861141752772,0.2905577469140698,1.053799748420715,39,3,314,186,0.206824239095052,303.2787256028917,302.426237572564,0.0011970777522112,1440.2666666666669,746.6,693.6,329,324,346
Vavveru,14.605,79.925,28_515_shc_2023-24.5982,201,25,91.0,0.6,0.0425000004470348,0.0498000010848045,0.0744000002741813,0.0640000030398368,0.1068999990820884,0.1899999976158142,0.2151000052690506,0.2083999961614608,0.2334000021219253,0.2388000041246414,0.188400000333786,0.1173999980092048,0.5301027894020081,0.3219156265258789,0.2961686610458009,0.2804246373723612,0.904030740261078,20,2,180,180,0.2061641269259982,302.9462223476834,301.7036518520779,0.0012432403369301,1431.2,733.9333333333333,697.2,340,317,344
Talamanchi,14.605,79.995,28_515_shc_2023-24.6140,125,17,195.0,0.48,0.052700001746416,0.0640000030398368,0.0944000035524368,0.0945999994874,0.1504999995231628,0.2565999925136566,0.2953000068664551,0.3084000051021576,0.3346999883651733,0.3366000056266784,0.2199999988079071,0.1222999989986419,0.5305210947990417,0.344083696603775,0.3828796719127178,0.3551495091828983,0.7133592367172241,13,2,116,174,0.2061318715413411,303.0668278164334,302.3311854892307,0.0011688863915145,1435.2,732.1333333333333,703.0,342,338,319
Talamanchi,14.605,80.02,28_515_shc_2023-24.5086,226,23,189.0,0.44,0.0588000006973743,0.0694999992847442,0.0952000021934509,0.0891999974846839,0.1458999961614608,0.26460000872612,0.3010999858379364,0.3111999928951263,0.3359000086784363,0.3188999891281128,0.1842000037431717,0.0989999994635582,0.5544455647468567,0.3616276681423187,0.4188205075469493,0.3698356249150959,0.5919023156166077,13,1,314,183,0.2061318715413411,303.0668278164334,302.3311854892307,0.0011688863915145,1435.2666666666669,725.8666666666667,709.2666666666667,352,313,335
Vavilla,14.605,80.085,28_515_shc_2023-24.7307,50,22,462.0,0.62,0.0916666686534881,0.127700001001358,0.1550222188234329,0.1778800040483474,0.1934833377599716,0.2675000131130218,0.3120999932289123,0.3010666668415069,0.3429999947547912,0.3172000050544739,0.320499986410141,0.2416500002145767,0.2572033107280731,0.2175378203392028,0.2183236785955429,0.188753891998811,1.0645482540130615,11,2,116,174,0.1446326785617404,303.37724448310007,302.4668083190918,0.0011443497598494,1444.9333333333334,714.7333333333333,730.2666666666667,344,322,335
Amanichiruvella,14.61,79.425,28_515_shc_2023-24.4823,188,62,384.0,0.31,0.0245999991893768,0.0340999998152256,0.062399998307228,0.0406000018119812,0.1098000034689903,0.2675999999046325,0.3519999980926513,0.3659999966621399,0.3955000042915344,0.3677999973297119,0.1799000054597854,0.0879999995231628,0.8002951145172119,0.5384615063667297,0.6008789613071281,0.5383851677661026,0.4915300607681274,74,4,116,168,0.3036234961615668,303.28671713935006,302.2583393520779,0.0009972034059374,1478.8,690.8,787.9333333333333,312,297,391
Atmakur,14.61,79.635,28_515_shc_2023-24.7150,38,1,91.0,1.0,0.0340000018477439,0.050000000745058,0.0808999985456466,0.0773999989032745,0.1199999973177909,0.2300000041723251,0.2825999855995178,0.3163999915122986,0.3194000124931335,0.3285000026226043,0.2137999981641769,0.1316999942064285,0.606907069683075,0.4500458240509033,0.4250248899572271,0.4010964340543919,0.6757269501686096,47,3,145,174,0.2070652855767144,303.2382579379612,302.40424321492515,0.0010760653678288,1460.8666666666666,753.6666666666666,707.1333333333333,327,317,355
Atmakur,14.61,79.64,28_515_shc_2023-24.6841,125,25,124.0,0.48,0.0386999994516372,0.0520000010728836,0.0834999978542327,0.0868000015616417,0.1312000006437301,0.2080000042915344,0.2511000037193298,0.2569999992847442,0.2644999921321869,0.2777000069618225,0.2093999981880188,0.1155000030994415,0.4950552582740783,0.3240597546100616,0.3066003704578134,0.3025598439542207,0.8147860169410706,46,1,0,180,0.2070652855767144,303.2382579379612,302.40424321492515,0.0010760653678288,1460.8666666666666,753.6666666666666,707.1333333333333,326,319,355
Vasili,14.61,79.675,28_515_shc_2023-24.7149,151,19,78.0,1.0,0.0597999989986419,0.0851500034332275,0.1196999996900558,0.1381999999284744,0.1909999996423721,0.2802000045776367,0.3318000137805938,0.3441999852657318,0.3650499880313873,0.3745500147342682,0.3281500041484833,0.2402999997138977,0.4270314872264862,0.286248117685318,0.3355540565044008,0.3145358129711303,0.953370213508606,41,2,116,174,0.208161375257704,303.2591997782389,302.46872889200847,0.0011190813964452,1459.5333333333333,752.4666666666667,707.2666666666667,333,285,382
Talamanchi,14.61,80.025,28_515_shc_2023-24.6253,238,22,150.0,0.58,0.0445999987423419,0.0504000000655651,0.0795999988913536,0.0722000002861023,0.128600001335144,0.2506000101566314,0.3206999897956848,0.3364000022411346,0.3628999888896942,0.3485000133514404,0.1697999984025955,0.0864000022411346,0.6465981602668762,0.4468817114830017,0.4746335177080312,0.4361655314002365,0.5047562122344971,11,2,153,177,0.2061318715413411,303.0668278164334,302.3311854892307,0.0011688863915145,1435.2666666666669,725.8666666666667,709.2666666666667,360,309,330
Damegunta,14.61,80.03,28_515_shc_2023-24.5577,100,20,169.0,0.25,0.0538000017404556,0.0653999969363212,0.094200000166893,0.0828000009059906,0.1546999961137771,0.2721999883651733,0.3492000102996826,0.3472000062465668,0.3709000051021576,0.359499990940094,0.2506000101566314,0.1608999967575073,0.6148837208747864,0.3835425674915313,0.4883634993902566,0.4264516182372523,0.7217742204666138,12,0,0,180,0.2061318715413411,303.0668278164334,302.3311854892307,0.0011688863915145,1435.2666666666669,725.8666666666667,709.2666666666667,363,313,324
Damegunta,14.612,80.032,28_515_shc_2023-24.6399,251,15,98.0,0.61,0.0516999997198581,0.0575000010430812,0.0790000036358833,0.0771000012755394,0.1416999995708465,0.2608000040054321,0.3147999942302704,0.3089999854564667,0.3330999910831451,0.3831000030040741,0.2436999976634979,0.1448999941349029,0.6006215810775757,0.3712003231048584,0.4325362530804639,0.3925628952487451,0.7886731624603271,10,1,90,177,0.2061318715413411,303.0668278164334,302.3311854892307,0.0011688863915145,1435.2666666666669,725.8666666666667,709.2666666666667,355,319,326
Depuru,14.615,79.565,28_515_shc_2023-24.5236,113,21,104.0,0.39,0.0377000011503696,0.0474999994039535,0.0693999975919723,0.0799999982118606,0.1085999980568885,0.1544000059366226,0.1782000064849853,0.1886000037193298,0.1996999979019165,0.1993999928236007,0.2309000045061111,0.1510999947786331,0.4043187201023102,0.2691790163516998,0.2068807972674789,0.2119438041268538,1.2242841720581057,48,1,46,177,0.2070652855767144,303.2382579379612,302.40424321492515,0.0010760653678288,1465.5333333333333,746.6666666666666,718.7333333333333,322,298,380
Nuvvurupadu,14.615,79.595,28_515_shc_2023-24.7305,113,16,176.0,0.61,0.0296999998390674,0.0392999984323978,0.0649999976158142,0.0419000014662742,0.1080000028014183,0.2658999860286712,0.3725000023841858,0.3772000074386596,0.3783000111579895,0.3483000099658966,0.1728000044822693,0.0790999978780746,0.8000476956367493,0.5548227429389954,0.6284439759633611,0.5472201110712862,0.4581124186515808,51,1,0,180,0.2070652855767144,303.2382579379612,302.40424321492515,0.0010760653678288,1468.4,757.0,711.4666666666667,340,291,370
Vasili,14.615,79.685,28_515_shc_2023-24.5212,88,31,318.0,0.76,0.0595999993383884,0.1074000000953674,0.1345999985933303,0.1560000032186508,0.1749999970197677,0.2250999957323074,0.2522999942302704,0.2437999993562698,0.2716000080108642,0.3102999925613403,0.3030000030994415,0.243599995970726,0.219609797000885,0.164278894662857,0.1597176653399179,0.1463658522222139,1.2428220510482788,41,2,153,177,0.208161375257704,303.2591997782389,302.46872889200847,0.0011190813964452,1459.5333333333333,752.4666666666667,707.2666666666667,331,300,369
Vasili,14.615,79.69,28_515_shc_2023-24.4794,188,33,98.0,0.28,0.0509999990463256,0.061999998986721,0.0899000018835067,0.1044000014662742,0.1548999994993209,0.2509999871253967,0.2930000126361847,0.2967999875545501,0.3192999958992004,0.3235999941825866,0.2662999927997589,0.1847999989986419,0.479561299085617,0.3141465485095978,0.3298587051962406,0.3202396611721941,0.8972371816635132,40,1,134,177,0.208161375257704,303.2591997782389,302.46872889200847,0.0011190813964452,1459.5333333333333,752.4666666666667,707.2666666666667,326,300,373
Thurimerla,14.615,79.9,28_515_shc_2023-24.5203,88,109,240.0,0.68,0.0471000000834465,0.062399998307228,0.0917999967932701,0.1106000021100044,0.1609999984502792,0.2249999940395355,0.2509999871253967,0.2578000128269195,0.2806999981403351,0.2901000082492828,0.2117999941110611,0.1324000060558319,0.3995656967163086,0.231136605143547,0.2531994063055194,0.2542607234885993,0.8215670585632324,30,0,0,180,0.2061641269259982,302.9462223476834,301.7036518520779,0.0012432403369301,1421.9333333333334,738.0,683.8666666666667,336,319,345
Talamanchi,14.615,79.99,28_515_shc_2023-24.6649,226,48,111.0,0.61,0.064699999988079,0.0820999965071678,0.1180000007152557,0.1418000012636184,0.1912000030279159,0.2626000046730041,0.300599992275238,0.2973999977111816,0.3425999879837036,0.3474999964237213,0.3163999915122986,0.2357999980449676,0.3542805016040802,0.2173556983470916,0.2538418761627766,0.2485093642739741,1.0638870000839231,14,3,134,174,0.2061318715413411,303.0668278164334,302.3311854892307,0.0011688863915145,1435.2,732.1333333333333,703.0,338,325,337
Talamanchi,14.615,79.995,28_515_shc_2023-24.5575,188,52,46.0,0.81,0.0384999997913837,0.0395999997854232,0.0675999969244003,0.0456000007688999,0.1125999987125396,0.2430000007152557,0.2784999907016754,0.3291999995708465,0.305400013923645,0.2669999897480011,0.2224999964237213,0.131300002336502,0.7566702365875244,0.4902670979499817,0.5429621640826899,0.4862825766320383,0.6758809089660645,12,2,296,186,0.2061318715413411,303.0668278164334,302.3311854892307,0.0011688863915145,1435.2,732.1333333333333,703.0,336,328,335
Talamanchi,14.615,80.025,28_515_shc_2023-24.5600,25,13,39.0,0.59,0.045499999076128,0.0785999968647956,0.1030000001192092,0.1036000028252601,0.1579000055789947,0.2486000061035156,0.3061000108718872,0.3120000064373016,0.3375000059604645,0.3276999890804291,0.210099995136261,0.1237000003457069,0.5014436841011047,0.3279421031475067,0.3876199619445021,0.3414154677322852,0.673397421836853,12,3,46,174,0.2061318715413411,303.0668278164334,302.3311854892307,0.0011688863915145,1435.2666666666669,725.8666666666667,709.2666666666667,367,306,327
Dampuru,14.615,80.08,28_515_shc_2023-24.6267,138,22,631.0,0.51,0.0593000017106533,0.0655200034379959,0.0811857134103775,0.0743750035762786,0.13680000603199,0.2621400058269501,0.3066999912261963,0.3111999928951263,0.3319666683673858,0.32710000872612,0.1853500008583068,0.0995666682720184,0.6142125129699707,0.389285683631897,0.4676454157760921,0.4011376624156325,0.5955976843833923,6,0,0,180,0.1446326785617404,303.37724448310007,302.4668083190918,0.0011443497598494,1435.0666666666666,721.4,713.8,345,323,332
Dampuru,14.615,80.085,28_515_shc_2023-24.5433,188,1,267.0,0.44,0.0562333315610885,0.0693999975919723,0.1006499975919723,0.0989999994635582,0.1527999937534332,0.253600001335144,0.2838000059127807,0.2943333387374878,0.3188500106334686,0.3007499873638153,0.1729999929666519,0.093249998986721,0.496610164642334,0.3165349960327148,0.3570123121409937,0.327985082814579,0.5877689123153687,8,4,194,183,0.1446326785617404,303.37724448310007,302.4668083190918,0.0011443497598494,1444.9333333333334,714.7333333333333,730.2666666666667,351,332,317
Vangallu,14.618,79.822,28_515_shc_2023-24.6710,176,7,124.0,0.25,0.066600002348423,0.0773999989032745,0.1077999994158744,0.125,0.185599997639656,0.2698999941349029,0.3271999955177307,0.3476000130176544,0.3573000133037567,0.3517999947071075,0.3309000134468078,0.248999997973442,0.4710114300251007,0.3038259744644165,0.366818288017784,0.3433066163452958,0.951956272125244,36,1,180,180,0.206824239095052,303.2787256028917,302.426237572564,0.0011970777522112,1436.0666666666666,743.6666666666666,692.3333333333334,330,317,353
Dampuru,14.618,80.072,28_515_shc_2023-24.5635,88,30,26.0,1.09,0.0739666670560836,0.0736000016331672,0.1096000000834465,0.1111999973654747,0.1613000035285949,0.2848166525363922,0.3418999910354614,0.3535999953746795,0.4016000032424927,0.3774999976158142,0.2280000001192093,0.1180500015616417,0.5215146541595459,0.3734705746173858,0.4125817051379959,0.3768656713824563,0.6447963714599609,6,1,226,183,0.1446326785617404,303.37724448310007,302.4668083190918,0.0011443497598494,1435.0666666666666,721.4,713.8,358,316,326
Jangalapalle,14.62,79.565,28_515_shc_2023-24.6161,289,16,208.0,0.18,0.0406999997794628,0.0593999996781349,0.090999998152256,0.0812999978661537,0.1448000073432922,0.2465000003576278,0.2953000068664551,0.3124000132083893,0.332500010728836,0.3296999931335449,0.2736999988555908,0.1641000062227249,0.5869951844215393,0.3665791749954223,0.4264782144779058,0.3878818604875674,0.8761203289031982,52,0,0,180,0.2070652855767144,303.2382579379612,302.40424321492515,0.0010760653678288,1465.5333333333333,746.6666666666666,718.7333333333333,327,296,377
Zammavaram,14.62,79.67,28_515_shc_2023-24.5042,163,19,234.0,0.64,0.0439000017940998,0.0621500015258789,0.0908000022172927,0.0850000008940696,0.1502500027418136,0.26460000872612,0.3418500125408172,0.3445999920368194,0.3637000024318695,0.3704999983310699,0.2116000056266784,0.1098999977111816,0.6042830348014832,0.3927452564239502,0.4674192797283172,0.418889833988063,0.6140453219413757,42,0,0,180,0.208161375257704,303.2591997782389,302.46872889200847,0.0011190813964452,1459.5333333333333,752.4666666666667,707.2666666666667,315,308,377
Zammavaram,14.62,79.675,28_515_shc_2023-24.6943,113,23,156.0,0.61,0.0573499985039234,0.0764999985694885,0.1106000021100044,0.147499993443489,0.1854999959468841,0.2482499927282333,0.2964499890804291,0.30239999294281,0.3364500105381012,0.3156000077724457,0.3322499990463257,0.2468499988317489,0.3442987501621246,0.239598274230957,0.2399838919889124,0.2446046979460539,1.098710298538208,40,1,180,180,0.208161375257704,303.2591997782389,302.46872889200847,0.0011190813964452,1459.5333333333333,752.4666666666667,707.2666666666667,316,308,376
Peramana,14.62,79.71,28_515_shc_2023-24.5292,151,32,202.0,0.25,0.0667999982833862,0.1107999980449676,0.1369999945163726,0.1591999977827072,0.1817000061273574,0.2468000054359436,0.2737999856472015,0.2766000032424927,0.2989000082015991,0.3007000088691711,0.3043999969959259,0.2451000064611435,0.2693896293640136,0.2070695906877517,0.2095231386959933,0.1881812438520568,1.100506067276001,47,8,119,159,0.208161375257704,303.2591997782389,302.46872889200847,0.0011190813964452,1451.0,748.7333333333333,702.1333333333333,316,270,414
Vangallu,14.62,79.82,28_515_shc_2023-24.6339,113,19,59.0,0.62,0.0586000010371208,0.0821999981999397,0.1155999973416328,0.1395999938249588,0.1886000037193298,0.2698000073432922,0.3233999907970428,0.3307999968528747,0.3555000126361847,0.3540000021457672,0.3632000088691711,0.2612000107765198,0.4064626097679138,0.273777425289154,0.3080095468733141,0.2955482350546411,1.0979443788528442,31,1,180,180,0.206824239095052,303.2787256028917,302.426237572564,0.0011970777522112,1436.0666666666666,743.6666666666666,692.3333333333334,356,323,321
Vangallu,14.62,79.825,28_515_shc_2023-24.5561,125,11,78.0,0.28,0.0566000007092952,0.0826999992132186,0.1213999986648559,0.1586000025272369,0.2046000063419342,0.2576999962329864,0.2933999896049499,0.3050000071525574,0.330700010061264,0.2980000078678131,0.3723999857902527,0.2718000113964081,0.3157894909381866,0.1970172673463821,0.2236685337807206,0.2278953971897053,1.2209835052490234,36,2,244,186,0.206824239095052,303.2787256028917,302.426237572564,0.0011970777522112,1436.0666666666666,743.6666666666666,692.3333333333334,334,315,351
Talamanchi,14.62,79.985,28_515_shc_2023-24.7071,75,21,156.0,0.71,0.0582999996840953,0.0566999986767768,0.092799998819828,0.0766000002622604,0.1455000042915344,0.3242999911308288,0.3894000053405761,0.4144000113010406,0.423799991607666,0.3567000031471252,0.3129000067710876,0.1853999942541122,0.6879836916923523,0.4802643358707428,0.5829163170368743,0.5113017261814677,0.7550675868988037,17,2,0,180,0.2061318715413411,303.0668278164334,302.3311854892307,0.0011688863915145,1435.2,732.1333333333333,703.0,313,338,349
Talamanchi,14.62,79.995,28_515_shc_2023-24.6128,88,22,124.0,0.48,0.0472999997437,0.0560000017285347,0.0816000029444694,0.0769999995827674,0.1356000006198883,0.2442999929189682,0.2863000035285949,0.2822000086307525,0.3203000128269195,0.3084999918937683,0.1824000030755996,0.1004000008106231,0.5712695121765137,0.3508855998516083,0.3874037345329312,0.3582402358351539,0.646350085735321,13,5,180,180,0.2061318715413411,303.0668278164334,302.3311854892307,0.0011688863915145,1435.2,732.1333333333333,703.0,336,328,335
Talamanchi,14.62,80.015,28_515_shc_2023-24.4893,88,45,65.0,0.35,0.0631000027060508,0.0700000002980232,0.1054000034928321,0.1143999993801117,0.1674000024795532,0.2410999983549118,0.2694000005722046,0.2854000031948089,0.3043000102043152,0.3097000122070312,0.2067999988794326,0.1319999992847442,0.4277138710021972,0.2606007158756256,0.2954796864474543,0.2850633529540235,0.7245970368385315,14,0,0,180,0.2061318715413411,303.0668278164334,302.3311854892307,0.0011688863915145,1435.2666666666669,725.8666666666667,709.2666666666667,341,315,343
Peramana,14.622,79.712,28_515_shc_2023-24.6818,188,37,117.0,1.02,0.050500001758337,0.0568000003695488,0.0860999971628189,0.0807999968528747,0.1360999941825866,0.263399988412857,0.3233000040054321,0.3343999981880188,0.356900006532669,0.3560999929904938,0.2291000038385391,0.1333999931812286,0.6107900142669678,0.4214665293693542,0.4550674806320932,0.4156468575873613,0.6851076483726501,39,1,226,183,0.208161375257704,303.2591997782389,302.46872889200847,0.0011190813964452,1451.0,748.7333333333333,702.1333333333333,313,296,391
Peramana,14.622,79.722,28_515_shc_2023-24.5296,88,14,52.0,0.32,0.0604999996721744,0.0804999992251396,0.1088000014424324,0.1420000046491623,0.17739999294281,0.2460000067949295,0.2869000136852264,0.2861999869346618,0.3125999867916107,0.3116999864578247,0.2933999896049499,0.2196000069379806,0.3367584943771362,0.2346850633621215,0.2349375677698079,0.2330316476939072,1.0251572132110596,38,3,108,171,0.208161375257704,303.2591997782389,302.46872889200847,0.0011190813964452,1451.0,748.7333333333333,702.1333333333333,332,314,354
Bommavaram,14.625,79.315,28_515_shc_2023-24.5040,88,24,91.0,0.49,0.050000000745058,0.0719000026583671,0.1071999967098236,0.1423999965190887,0.1823000013828277,0.2207999974489212,0.2439000010490417,0.2412000000476837,0.262800008058548,0.2578000128269195,0.2901999950408935,0.240799993276596,0.2575599551200866,0.1390790939331054,0.1587046713738912,0.1677229582036255,1.2031508684158323,93,1,270,183,0.3048760308159722,303.25781631469727,302.53789121839736,0.0009485898848221,1476.1333333333334,636.7333333333333,839.2666666666667,324,283,393
Amanichiruvella,14.625,79.43,28_515_shc_2023-24.6057,100,23,182.0,0.58,0.0260000005364418,0.0322000011801719,0.0408000014722347,0.0299999993294477,0.0662000030279159,0.0878000035881996,0.1006999984383583,0.0302000008523464,0.098700001835823,0.1191999986767768,0.0989999994635582,0.0654999986290931,0.0033222844358533,-0.373443990945816,0.0005161596092206,0.0005355271050529,3.2781455516815186,72,0,0,180,0.3036234961615668,303.28671713935006,302.2583393520779,0.0009972034059374,1478.8,690.8,787.9333333333333,340,276,384
Atmakur,14.625,79.635,28_515_shc_2023-24.6848,151,8,59.0,0.6,0.0386999994516372,0.0455499999225139,0.0690499991178512,0.0534499995410442,0.1108499988913536,0.2346500009298324,0.2996500134468078,0.3125999867916107,0.3434500098228454,0.3339999914169311,0.1544499993324279,0.0816000029444694,0.7079634070396423,0.4764434993267059,0.5015773904745136,0.4488482039263472,0.4940819144248962,45,3,161,177,0.2070652855767144,303.2382579379612,302.40424321492515,0.0010760653678288,1460.8666666666666,753.6666666666666,707.1333333333333,325,316,360
Talamanchi,14.625,79.99,28_515_shc_2023-24.6004,88,16,72.0,0.4,0.0441999994218349,0.0762000009417533,0.1194000020623207,0.1423999965190887,0.1713999956846237,0.2459000051021576,0.2759999930858612,0.2865999937057495,0.2957000136375427,0.2955000102519989,0.2958000004291534,0.2111999988555908,0.3361305296421051,0.2515283823013305,0.2296909849199936,0.2328309989838017,1.0321005582809448,15,1,270,183,0.2061318715413411,303.0668278164334,302.3311854892307,0.0011688863915145,1435.2,732.1333333333333,703.0,336,317,347
North Amuluru,14.628,80.048,28_515_shc_2023-24.6704,138,80,137.0,0.61,0.0626500025391578,0.0845500007271766,0.1190000027418136,0.1398999989032745,0.2073999941349029,0.2853499948978424,0.3308500051498413,0.3366000056266784,0.3684000074863434,0.360150009393692,0.3310000002384186,0.2291000038385391,0.4128016829490661,0.2375000268220901,0.3189298865680116,0.302150546560551,0.9833630323410034,4,2,116,174,0.2061318715413411,303.0668278164334,302.3311854892307,0.0011688863915145,1431.4666666666667,714.4,717.2,357,315,328
Bommavaram,14.63,79.31,28_515_shc_2023-24.6909,113,114,364.0,0.31,0.0310999993234872,0.0355999991297721,0.0645999982953071,0.0546000003814697,0.1328999996185302,0.2910999953746795,0.3481999933719635,0.3596000075340271,0.3831000030040741,0.3165999948978424,0.2122000008821487,0.1224000006914138,0.7363592386245728,0.4603045880794525,0.5368962182110827,0.5004375484222536,0.590100109577179,93,6,99,162,0.3048760308159722,303.25781631469727,302.53789121839736,0.0009485898848221,1482.3333333333333,640.6666666666666,841.8666666666667,337,245,418
Mahimalur,14.63,79.49,28_515_shc_2023-24.5223,188,19,91.0,0.52,0.0340999998152256,0.046799998730421,0.0825999975204467,0.0813999995589256,0.135900005698204,0.2478999942541122,0.2818000018596649,0.2827999889850616,0.3050999939441681,0.2949999868869781,0.2330999970436096,0.1678999960422516,0.5529928207397461,0.350847840309143,0.3545275137536416,0.3495718446469608,0.8242574334144592,80,1,134,177,0.2071796417236328,303.27855741712784,302.41706331041127,0.0010418409758104,1467.3333333333333,715.2666666666667,752.0,349,248,403
Mahimalur,14.63,79.51,28_515_shc_2023-24.6018,163,13,280.0,0.85,0.0410999990999698,0.0489999987185001,0.089599996805191,0.1027999967336654,0.1552000045776367,0.2159000039100647,0.2353000044822693,0.2373999953269958,0.2576999962329864,0.2556999921798706,0.2874999940395355,0.2294999957084655,0.3956496119499206,0.2093733847141266,0.2263402164535008,0.2402999283477959,1.211036205291748,74,2,116,174,0.2071796417236328,303.27855741712784,302.41706331041127,0.0010418409758104,1467.6666666666667,731.5333333333333,736.2,314,253,432
Nagulapadu,14.63,79.57,28_515_shc_2023-24.5447,100,28,650.0,0.82,0.0379000008106231,0.0680999979376792,0.1084000021219253,0.1044000014662742,0.1587000042200088,0.2558999955654144,0.303600013256073,0.3371999859809875,0.3434000015258789,0.3411000072956085,0.2196999937295913,0.1397999972105026,0.5271738767623901,0.3599515855312347,0.4005919105085199,0.3708580941242082,0.6515421271324158,55,1,0,180,0.2070652855767144,303.2382579379612,302.40424321492515,0.0010760653678288,1462.9333333333334,744.2666666666667,718.6,306,313,381
Talamanchi,14.63,79.98,28_515_shc_2023-24.5398,138,13,91.0,0.51,0.0590999983251094,0.0766000002622604,0.0916000008583068,0.1084000021219253,0.1395999938249588,0.1705999970436096,0.1834000051021576,0.1451999992132187,0.19200000166893,0.2142000049352646,0.2250999957323074,0.1714999973773956,0.14511039853096,0.0196629408746957,0.0753418982691717,0.0732484017239156,1.550275444984436,15,3,35,174,0.2061318715413411,303.0668278164334,302.3311854892307,0.0011688863915145,1444.8666666666666,729.6,715.3333333333334,334,311,354
North Amuluru,14.63,80.05,28_515_shc_2023-24.4949,138,92,65.0,0.52,0.0599500015377998,0.0667499974370002,0.1054999977350235,0.1079000011086463,0.1666000038385391,0.2585499882698059,0.2962499856948852,0.301499992609024,0.3268499970436096,0.332500010728836,0.2905499935150146,0.1798000037670135,0.4728871285915375,0.288186252117157,0.3341906561764612,0.3193314155011124,0.9636815786361694,5,3,19,177,0.2061318715413411,303.0668278164334,302.3311854892307,0.0011688863915145,1431.4666666666667,714.4,717.2,355,309,336
Mahimalur,14.632,79.492,28_515_shc_2023-24.5109,50,33,448.0,0.21,0.0619000010192394,0.0663999989628791,0.096900001168251,0.1270000040531158,0.1580999940633773,0.2169999927282333,0.2410999983549118,0.2754000127315521,0.2667999863624573,0.2689000070095062,0.2858999967575073,0.2250999957323074,0.3687872886657715,0.2705882787704468,0.2410029952528589,0.2466755417523131,1.0381263494491575,81,1,90,177,0.2071796417236328,303.27855741712784,302.41706331041127,0.0010418409758104,1467.3333333333333,715.2666666666667,752.0,347,251,402
Mahimalur,14.632,79.528,28_515_shc_2023-24.6744,113,53,279.0,0.82,0.0394000001251697,0.062399998307228,0.0922000035643577,0.1058000028133392,0.1517000049352646,0.2655999958515167,0.33160001039505,0.3483999967575073,0.3675000071525574,0.3454000055789947,0.266400009393692,0.1738000065088272,0.5341259241104126,0.3933213055133819,0.4002771741814865,0.3813665804652242,0.764638364315033,59,1,314,183,0.2071796417236328,303.27855741712784,302.41706331041127,0.0010418409758104,1467.6666666666667,731.5333333333333,736.2,346,270,384
Marripadu,14.632,79.832,28_515_shc_2023-24.4888,125,16,117.0,0.58,0.0456999987363815,0.0549999997019767,0.0850000008940696,0.090999998152256,0.1521999984979629,0.2406000047922134,0.2806000113487243,0.2818000018596649,0.3059999942779541,0.2996000051498413,0.2660000026226043,0.1858000010251999,0.511802613735199,0.2986175119876861,0.3370310263724417,0.3279101805192533,0.9439318776130676,39,2,0,180,0.206824239095052,303.2787256028917,302.426237572564,0.0011970777522112,1438.4,739.8,698.6,328,311,360
North Amuluru,14.632,80.052,28_515_shc_2023-24.6655,113,68,52.0,0.45,0.0488499999046325,0.05180000141263,0.0783500000834465,0.0794999971985817,0.1186000034213066,0.2088000029325485,0.2481500059366226,0.2010000050067901,0.2656500041484833,0.3323499858379364,0.2120999991893768,0.1306499987840652,0.4331551194190979,0.2578222751617431,0.2355564364452485,0.2335041783438169,1.055223822593689,5,2,333,183,0.1446326785617404,303.37724448310007,302.4668083190918,0.0011443497598494,1431.4666666666667,714.4,717.2,357,311,332
Varini,14.632,80.118,28_515_shc_2023-24.5215,113,16,527.0,0.62,0.0678000003099441,0.0877600014209747,0.1140000000596046,0.1155999973416328,0.1803999990224838,0.2806999981403351,0.3233999907970428,0.3217999935150146,0.3578499853610992,0.3481000065803528,0.2249500006437301,0.1374000012874603,0.4714220464229584,0.2815611362457275,0.3798261147972662,0.3299551923159476,0.6990366578102112,4,3,199,183,0.1446326785617404,303.37724448310007,302.4668083190918,0.0011443497598494,1440.9333333333334,707.2666666666667,733.7333333333333,347,331,322
Bommavaram,14.635,79.305,28_515_shc_2023-24.6933,63,19,117.0,0.82,0.0421000011265277,0.0544000007212162,0.0879999995231628,0.147599995136261,0.186599999666214,0.2281000018119812,0.2522000074386596,0.2590000033378601,0.2757999897003174,0.275299996137619,0.3898000121116638,0.301499992609024,0.2739793658256531,0.1624775677919387,0.1603708542647585,0.1843150370435044,1.5050193071365356,102,2,90,174,0.3048760308159722,303.25781631469727,302.53789121839736,0.0009485898848221,1482.3333333333333,640.6666666666666,841.8666666666667,351,243,407
Kondameeda Konduru,14.635,79.695,28_515_shc_2023-24.7014,63,35,650.0,0.14,0.034400001168251,0.0353999994695186,0.0631999969482421,0.0425999984145164,0.1033999994397163,0.2330999970436096,0.2678000032901764,0.290800005197525,0.291700005531311,0.2824999988079071,0.2074999958276748,0.1133000031113624,0.744451105594635,0.4753932058811188,0.4844250270283858,0.446724272331325,0.7135487794876099,58,6,153,171,0.208161375257704,303.2591997782389,302.46872889200847,0.0011190813964452,1454.0666666666666,749.4,704.5333333333333,312,305,383
Peramana,14.635,79.72,28_515_shc_2023-24.6077,113,17,104.0,0.81,0.0529000014066696,0.066600002348423,0.0948000028729438,0.1115999966859817,0.1554999947547912,0.2193000018596649,0.2520000040531158,0.2648000121116638,0.2827999889850616,0.2781000137329101,0.2779000103473663,0.2047999948263168,0.4070138335227966,0.2600523829460144,0.2669175868284014,0.2622090607390469,1.0494712591171265,40,6,220,192,0.208161375257704,303.2591997782389,302.46872889200847,0.0011190813964452,1447.1333333333334,746.9333333333333,700.3333333333334,316,316,368
Peramana,14.635,79.725,28_515_shc_2023-24.6328,63,3,156.0,0.19,0.0425000004470348,0.0538000017404556,0.0843999981880188,0.0838000029325485,0.1372999995946884,0.217299997806549,0.2515000104904175,0.2469999939203262,0.2854999899864197,0.2854000031948089,0.2168000042438507,0.12219999730587,0.4933494329452514,0.2854540646076202,0.3030527950200392,0.2946557383353215,0.8777328133583069,37,0,0,180,0.208161375257704,303.2591997782389,302.46872889200847,0.0011190813964452,1447.1333333333334,746.9333333333333,700.3333333333334,326,315,359
Beeramgunta,14.635,80.035,28_515_shc_2023-24.7209,125,56,182.0,0.41,0.0615000016987323,0.0846500024199485,0.1171000003814697,0.1402000039815902,0.1655499935150146,0.242149993777275,0.2751500010490417,0.270000010728836,0.3081499934196472,0.323850005865097,0.275299996137619,0.2174499928951263,0.3164310157299042,0.2398117631673813,0.2198025592252641,0.2139090386444468,1.0196295976638794,12,1,226,183,0.2061318715413411,303.0668278164334,302.3311854892307,0.0011688863915145,1446.2,721.4,724.6,347,321,333
Dandigunta,14.635,80.13,28_515_shc_2023-24.7135,113,12,85.0,0.68,0.0582999996840953,0.0810500010848045,0.1124571412801742,0.1299200057983398,0.181439995765686,0.2766428589820862,0.3314999938011169,0.3310999870300293,0.3544749915599823,0.3623999953269958,0.2474000006914138,0.1475333273410797,0.4363801777362823,0.2919967174530029,0.3346874875639902,0.3140100873025521,0.7472063302993774,7,1,90,177,0.1446326785617404,303.37724448310007,302.4668083190918,0.0011443497598494,1460.8,707.4,753.5333333333333,353,308,339
Nagulapadu,14.638,79.572,28_515_shc_2023-24.5648,113,34,189.0,0.42,0.0421999990940094,0.0609499998390674,0.0855500027537345,0.068800002336502,0.1043500006198883,0.1019999980926513,0.1060499995946884,0.100500002503395,0.0896999984979629,0.1004500016570091,0.0725499987602233,0.052250001579523,0.1872415840625763,-0.0187942311167716,0.0750349128571575,0.0710443745801464,0.7218905091285706,60,1,270,183,0.2070652855767144,303.2382579379612,302.40424321492515,0.0010760653678288,1462.9333333333334,744.2666666666667,718.6,315,302,382
North Mopuru,14.638,80.038,28_515_shc_2023-24.5726,151,85,416.0,0.98,0.064249999821186,0.0790000036358833,0.1237000003457069,0.13680000603199,0.1861999928951263,0.275050014257431,0.3215500116348266,0.3350000083446502,0.3613499999046325,0.3457500040531158,0.2932499945163727,0.2162500023841858,0.4200932383537292,0.2854950428009033,0.3169577178459631,0.3059271445470115,0.875373125076294,11,3,199,183,0.2061318715413411,303.0668278164334,302.3311854892307,0.0011688863915145,1446.2,721.4,724.6,347,324,329
Nagulapadu,14.64,79.575,28_515_shc_2023-24.5646,151,13,137.0,0.54,0.0401500016450881,0.0447999984025955,0.0662000030279159,0.0633499994874,0.1238000020384788,0.2395000010728836,0.2728999853134155,0.2849000096321106,0.3111500144004822,0.2998499870300293,0.2116000056266784,0.1257500052452087,0.6361809372901917,0.3941766619682312,0.4167607356179564,0.3917772020562917,0.7427167296409607,61,0,0,180,0.2070652855767144,303.2382579379612,302.40424321492515,0.0010760653678288,1462.9333333333334,744.2666666666667,718.6,324,296,380
Nagulapadu,14.64,79.59,28_515_shc_2023-24.5649,138,35,208.0,0.61,0.0425999984145164,0.0533500015735626,0.0886500030755996,0.0871500000357627,0.1388500034809112,0.1763499975204467,0.1969500035047531,0.2029999941587448,0.2198999971151352,0.2217999994754791,0.2196000069379806,0.1718499958515167,0.3992762267589569,0.1876553744077682,0.2184571206387303,0.2199265866750049,1.0817735195159912,60,1,226,183,0.2070652855767144,303.2382579379612,302.40424321492515,0.0010760653678288,1459.0,754.0666666666667,704.8666666666667,322,293,386
Peramana,14.64,79.72,28_515_shc_2023-24.6258,75,9,137.0,0.18,0.0472000017762184,0.0527999997138977,0.0812999978661537,0.0830999985337257,0.1439000070095062,0.2617000043392181,0.3028999865055084,0.2955999970436096,0.3348000049591064,0.3152999877929687,0.2892000079154968,0.1796000003814697,0.561130166053772,0.3451649248600006,0.3799527963992263,0.3627517917026918,0.9783491492271424,39,3,90,171,0.208161375257704,303.2591997782389,302.46872889200847,0.0011190813964452,1447.1333333333334,746.9333333333333,700.3333333333334,330,301,368
North Amuluru,14.64,80.01,28_515_shc_2023-24.7417,201,7,117.0,0.18,0.0548000000417232,0.0685999989509582,0.1129999980330467,0.1764000058174133,0.200200006365776,0.2405000030994415,0.2554999887943268,0.2414000034332275,0.252700001001358,0.2684000134468078,0.3652999997138977,0.2372000068426132,0.1555768251419067,0.0932970941066742,0.0910211112047598,0.1062322896502555,1.513255953788757,20,2,180,180,0.2061318715413411,303.0668278164334,302.3311854892307,0.0011688863915145,1446.2,721.4,724.6,354,306,339
North Amuluru,14.64,80.015,28_515_shc_2023-24.7219,138,12,65.0,0.3,0.0439000017940998,0.0631000027060508,0.0998999997973442,0.153899997472763,0.1914499998092651,0.2542499899864197,0.3068000078201294,0.2940999865531921,0.3061000108718872,0.2933500111103058,0.3115499913692474,0.1967999935150146,0.3129464089870453,0.211409717798233,0.2009459552979546,0.2218354294981568,1.059333562850952,15,4,46,171,0.2061318715413411,303.0668278164334,302.3311854892307,0.0011688863915145,1446.2,721.4,724.6,332,311,357
Vavilla,14.64,80.14,28_515_shc_2023-24.5344,163,19,637.0,0.75,0.0568999983370304,0.0675799995660781,0.0969714298844337,0.0766000002622604,0.126919999718666,0.2644500136375427,0.3219000101089477,0.3424000144004822,0.3464249968528747,0.3616249859333038,0.2053000032901764,0.1121999993920326,0.6343675255775452,0.4591323733329773,0.5130680040767845,0.4338411478194032,0.599591076374054,4,2,64,174,0.1446326785617404,303.37724448310007,302.4668083190918,0.0011443497598494,1460.8,707.4,753.5333333333333,346,326,328
Marripadu,14.642,79.818,28_515_shc_2024-25.6429,125,21,117.0,0.29,0.0480000004172325,0.0641999989748001,0.0961999967694282,0.0961999967694282,0.1604000031948089,0.2558999955654144,0.2888000011444092,0.3021999895572662,0.3278000056743622,0.3212999999523163,0.2865999937057495,0.1756999939680099,0.5170682668685913,0.3065283000469208,0.3684097504293171,0.3439447839321227,0.948378562927246,34,2,180,180,0.206824239095052,303.2787256028917,302.426237572564,0.0011970777522112,1438.4,739.8,698.6,318,331,351
Ponguru,14.645,79.405,28_515_shc_2023-24.6239,88,13,39.0,0.1,0.032999999821186,0.0432999990880489,0.0714000016450882,0.0712999999523162,0.1230000033974647,0.2049999982118606,0.2371000051498413,0.2419999986886978,0.2617999911308288,0.2597000002861023,0.2222000062465667,0.1530999988317489,0.5448452234268188,0.3260273933410644,0.3172744471787135,0.314828474772433,0.918181836605072,94,3,0,180,0.3036234961615668,303.28671713935006,302.2583393520779,0.0009972034059374,1476.6,675.6,801.0,317,287,396
Mahimalur,14.645,79.515,28_515_shc_2024-25.7790,75,12,65.0,0.49,0.0328000001609325,0.0446499995887279,0.0711499974131584,0.0788500010967254,0.1392000019550323,0.248999997973442,0.3122000098228454,0.326200008392334,0.3406000137329101,0.3186500072479248,0.1730999946594238,0.096900001168251,0.6106653809547424,0.4018048942089081,0.4222647186534588,0.4099497343278,0.5306559801101685,64,2,64,174,0.2071796417236328,303.27855741712784,302.41706331041127,0.0010418409758104,1467.6666666666667,731.5333333333333,736.2,328,263,409
Marripadu,14.645,79.81,28_515_shc_2023-24.5758,88,132,130.0,0.61,0.0416000001132488,0.0498000010848045,0.0714000016450882,0.0659999996423721,0.0776999965310096,0.1265999972820282,0.1510999947786331,0.1959999948740005,0.1544000059366226,0.2492000013589859,0.1327999979257583,0.0791999995708465,0.4961831867694855,0.4322250783443451,0.2667213723337388,0.2559055042660538,0.6775510311126709,35,2,153,177,0.206824239095052,303.2787256028917,302.426237572564,0.0011970777522112,1438.4,739.8,698.6,331,333,336
Dundigam,14.645,79.9,28_515_shc_2023-24.6831,188,13,130.0,0.63,0.0456000007688999,0.068800002336502,0.1023999974131584,0.1238000020384788,0.176499992609024,0.2451000064611435,0.2728999853134155,0.2883999943733215,0.3068999946117401,0.3021000027656555,0.2840999960899353,0.1898999959230423,0.3993206918239593,0.2406969368457794,0.2715812987081956,0.2706643164585196,0.9850901365280152,31,1,226,183,0.2061641269259982,302.9462223476834,301.7036518520779,0.0012432403369301,1431.8,732.2666666666667,699.4666666666667,349,309,341
Varini,14.645,80.14,28_515_shc_2023-24.6752,188,2,202.0,0.21,0.0719428583979606,0.0728799998760223,0.1076499968767166,0.0995000004768371,0.1561000049114227,0.2639833390712738,0.303849995136261,0.3182666599750519,0.3346250057220459,0.332666665315628,0.1961666643619537,0.1142666637897491,0.5236575603485107,0.3418593108654022,0.3995981368032208,0.3575527455810477,0.6163594722747803,5,2,180,180,0.1446326785617404,303.37724448310007,302.4668083190918,0.0011443497598494,1460.8,707.4,753.5333333333333,353,335,312
Dagadarthi,14.648,79.892,28_515_shc_2023-24.5833,113,2,78.0,0.3,0.0511999987065792,0.0649999976158142,0.1004000008106231,0.1070000007748603,0.1629000008106231,0.253600001335144,0.3050000071525574,0.3034000098705292,0.3357999920845032,0.3409000039100647,0.2470999956130981,0.1546999961137771,0.4785575270652771,0.3013081848621368,0.3367857958892563,0.3235940358070284,0.8144363760948181,30,3,46,174,0.2061641269259982,302.9462223476834,301.7036518520779,0.0012432403369301,1431.8,732.2666666666667,699.4666666666667,365,282,353
Thurimerla,14.648,79.902,28_515_shc_2024-25.6469,63,25,189.0,1.01,0.0522000007331371,0.0667999982833862,0.1005999967455864,0.1199999973177909,0.1812999993562698,0.2463999986648559,0.2870999872684479,0.2928000092506408,0.3147000074386596,0.3106000125408172,0.200200006365776,0.125900000333786,0.4186046719551086,0.2351824641227722,0.2857521022016608,0.2839614549015045,0.6837431788444519,27,1,226,183,0.2061641269259982,302.9462223476834,301.7036518520779,0.0012432403369301,1431.8,732.2666666666667,699.4666666666667,330,315,354
Mahimalur,14.65,79.515,28_515_shc_2023-24.5614,138,32,78.0,0.71,0.0313000008463859,0.0392000004649162,0.0579500012099742,0.0483499988913536,0.0944000035524368,0.1841000020503997,0.2303999960422516,0.2427999973297119,0.2483499944210052,0.2422000020742416,0.1488499939441681,0.0844499990344047,0.6678687930107117,0.4400948882102966,0.3923843741399324,0.3686721848584029,0.6130560040473938,62,1,134,177,0.2078681945800781,303.28798667060005,302.5537006802029,0.0010331102800464,1467.6666666666667,731.5333333333333,736.2,336,269,394
Chennuru,14.65,79.89,28_515_shc_2023-24.5419,63,2,91.0,0.9,0.0520999990403652,0.0722000002861023,0.1093999966979026,0.1220000013709068,0.1835999935865402,0.2922999858856201,0.3343000113964081,0.3508000075817108,0.3772000074386596,0.3641000092029571,0.2676999866962433,0.1780000030994415,0.4839255511760711,0.312874287366867,0.371115299070305,0.3527960589615108,0.7631128430366516,31,3,46,174,0.2084049648708767,303.15537490844724,302.2488015916612,0.0011988663054756,1431.8,732.2666666666667,699.4666666666667,351,318,331
Neelayapalem,14.655,79.75,28_515_shc_2023-24.5745,163,52,117.0,0.52,0.0434999987483024,0.0608000010251998,0.0847999975085258,0.1096000000834465,0.1469999998807907,0.2053000032901764,0.225500002503395,0.2217999994754791,0.2475000023841858,0.2389000058174133,0.2542999982833862,0.19480000436306,0.3385636806488037,0.2028199583292007,0.1970633693972179,0.2024296357677837,1.1465283632278442,50,1,270,183,0.2758597056070963,303.35273276435004,302.59902403089734,0.0011049831556065,1447.1333333333334,746.9333333333333,700.3333333333334,308,329,363
Srikolanu,14.655,79.79,28_515_shc_2023-24.5022,151,21,241.0,0.72,0.0524000003933906,0.0794999971985817,0.1125999987125396,0.1467999964952469,0.186499997973442,0.2375999987125396,0.2685000002384186,0.253600001335144,0.2955000102519989,0.2804999947547912,0.3305000066757202,0.2608000040054321,0.2667332887649536,0.152465358376503,0.1735851587108446,0.1779209325253938,1.3032335042953491,42,1,180,180,0.2635773552788628,303.33829049004447,302.5403706020779,0.0011504009726573,1439.0,743.2666666666667,695.8,330,295,375
Chennuru,14.655,79.89,28_515_shc_2023-24.5925,113,62,91.0,0.63,0.046399999409914,0.0593999996781349,0.096000000834465,0.0912000015377998,0.1583999991416931,0.26460000872612,0.3219000101089477,0.33160001039505,0.3472999930381775,0.3494000136852264,0.2141000032424926,0.1391000002622604,0.5685903429985046,0.3534694015979767,0.4193120860275118,0.3907672395133382,0.6456574201583862,27,3,35,174,0.2084049648708767,303.15537490844724,302.2488015916612,0.0011988663054756,1431.8,732.2666666666667,699.4666666666667,332,347,320
Allur,14.655,80.02,28_515_shc_2023-24.4954,125,95,104.0,0.5,0.0562499985098838,0.0823500007390976,0.1316000074148178,0.1627999991178512,0.202000007033348,0.2734499871730804,0.3081499934196472,0.2808000147342682,0.3216499984264374,0.3167999982833862,0.3264000117778778,0.2291499972343444,0.2660054266452789,0.1632145941257476,0.1798808142440226,0.1875795049027678,1.1623930931091309,8,3,180,180,0.2066191355387369,303.31631783379447,302.45576231214733,0.0011813175811134,1446.2,721.4,724.6,320,310,369
North Mopuru,14.655,80.025,28_515_shc_2023-24.4923,138,15,46.0,0.52,0.0838000029325485,0.0872000008821487,0.1263999938964843,0.1708000004291534,0.2010499984025955,0.2315499931573867,0.2592000067234039,0.2442000061273574,0.2707499861717224,0.2845999896526336,0.3506999909877777,0.2766500115394592,0.1768674850463867,0.0969118624925613,0.1136222996956504,0.1203278773315573,1.4361178874969482,12,2,180,180,0.2066191355387369,303.31631783379447,302.45576231214733,0.0011813175811134,1446.2,721.4,724.6,323,319,358
North Mopuru,14.655,80.03,28_515_shc_2023-24.5308,163,14,59.0,0.45,0.0549499988555908,0.0741999968886375,0.1084999963641166,0.1169999986886978,0.1745000034570694,0.2677499949932098,0.304749995470047,0.3120000064373016,0.3456999957561493,0.3288500010967254,0.2203499972820282,0.1255999952554702,0.4545454680919647,0.2826310396194458,0.3344768521748831,0.3148546932281601,0.7062499523162842,8,1,180,180,0.2066191355387369,303.31631783379447,302.45576231214733,0.0011813175811134,1446.2,721.4,724.6,337,317,345
Indupuru,14.655,80.045,28_515_shc_2023-24.7421,151,11,91.0,0.42,0.0430999994277954,0.0590000003576278,0.09094999730587,0.0540000014007091,0.067950002849102,0.0574500001966953,0.0609499998390674,0.0559500008821487,0.046799998730421,0.121749997138977,0.0368000008165836,0.0276999995112419,0.0177353285253047,-0.0968523100018501,0.0052002759285885,0.0047954737457365,0.6577301025390625,9,1,270,183,0.2066191355387369,303.31631783379447,302.45576231214733,0.0011813175811134,1431.4666666666667,714.4,717.2,362,339,299
Varini,14.655,80.14,28_515_shc_2023-24.4984,213,26,104.0,0.92,0.0505999997258186,0.0496749989688396,0.0748818218708038,0.0695331767201423,0.1211764737963676,0.2214750051498413,0.2501535713672638,0.2150000035762787,0.270166665315628,0.2868111133575439,0.2190299928188324,0.1444250047206878,0.5112473368644714,0.2790901064872741,0.2887079299940503,0.2781274849353874,1.0187441110610962,6,2,296,186,0.1328507317437066,303.62683215671115,302.29513948228623,0.0012105697945393,1460.8,707.4,753.5333333333333,358,329,313
Srikolanu,14.658,79.792,28_515_shc_2023-24.4860,188,23,163.0,0.83,0.0636999979615211,0.0824000015854835,0.1202000007033348,0.1544000059366226,0.1932999938726425,0.2714000046253204,0.316100001335144,0.3208000063896179,0.3501999974250793,0.338699996471405,0.3066999912261963,0.2202000021934509,0.3501683473587036,0.2480062544345855,0.2553400401682414,0.2559474954108106,0.9560473561286926,43,0,0,180,0.2635773552788628,303.33829049004447,302.5403706020779,0.0011504009726573,1438.4,739.8,698.6,346,301,353
Indupuru,14.658,80.072,28_515_shc_2023-24.6658,25,70,378.0,0.22,0.0663857161998748,0.0654666647315025,0.096000000834465,0.0886833369731903,0.1421999931335449,0.258899986743927,0.3070000112056732,0.2958999872207641,0.3260500133037567,0.3465499877929687,0.2244500070810318,0.1349499970674514,0.5388082265853882,0.3508331477642059,0.3874656817389374,0.3513800982565312,0.7585333585739136,7,1,134,177,0.1328507317437066,303.62683215671115,302.29513948228623,0.0012105697945393,1431.4666666666667,714.4,717.2,348,318,334
Pallavolu,14.66,79.355,28_515_shc_2023-24.6246,151,6,33.0,0.41,0.0288999993354082,0.0357000008225441,0.0599999986588954,0.0419000014662742,0.1024999991059303,0.2470999956130981,0.289900004863739,0.3163999915122986,0.3181999921798706,0.339599996805191,0.210999995470047,0.1154000014066696,0.7661177515983582,0.510623037815094,0.5278642961485249,0.4797273545816231,0.6668773889541626,96,4,90,168,0.2809593624538845,303.2411930508084,302.5173562791612,0.0009998169383201,1478.0,655.4666666666667,822.6,338,266,396
Srikolanu,14.66,79.76,28_515_shc_2023-24.5283,238,46,124.0,0.77,0.0496999993920326,0.0729999989271164,0.1052000001072883,0.1260000020265579,0.179299995303154,0.2475000023841858,0.2842000126838684,0.3037999868392944,0.3143999874591827,0.3208999931812286,0.3077000081539154,0.2129999995231628,0.413680762052536,0.2577106058597564,0.2939231369179883,0.286835857617528,1.0128374099731443,54,3,180,180,0.2635773552788628,303.33829049004447,302.5403706020779,0.0011504009726573,1439.0,743.2666666666667,695.8,323,326,351
Hasanapuram,14.66,79.765,28_515_shc_2023-24.6893,151,21,176.0,0.64,0.0498000010848045,0.0553999990224838,0.0834000036120414,0.0961000025272369,0.1414999961853027,0.2152999937534332,0.2378000020980835,0.2419999986886978,0.2639000117778778,0.2495999932289123,0.2448000013828277,0.1871999949216842,0.4315291345119476,0.2620599865913391,0.2599600776115675,0.2611263499876849,1.0115702152252195,51,1,90,177,0.2635773552788628,303.33829049004447,302.5403706020779,0.0011504009726573,1439.0,743.2666666666667,695.8,333,320,348
North Mopuru,14.66,80.02,28_515_shc_2023-24.4921,113,3,78.0,0.28,0.0581500008702278,0.0755999982357025,0.1216999962925911,0.1441999971866607,0.2039999961853027,0.2992999851703644,0.3323999941349029,0.3364000022411346,0.3731000125408172,0.3434500098228454,0.3679499924182892,0.2575500011444092,0.3999167680740356,0.2450037151575088,0.2939557158018373,0.2940036791249654,1.0937870740890503,10,4,134,171,0.2066191355387369,303.31631783379447,302.45576231214733,0.0011813175811134,1446.2,721.4,724.6,331,316,353
North Mopuru,14.66,80.025,28_515_shc_2023-24.6703,151,32,39.0,0.48,0.0596500001847744,0.06700000166893,0.1067499965429306,0.132200002670288,0.1909500062465667,0.2689499855041504,0.3425500094890594,0.3565999865531921,0.3844499886035919,0.3942500054836273,0.2849000096321106,0.1997999995946884,0.4590834379196167,0.3025294244289398,0.340557253137315,0.3404126006197605,0.7989344596862793,9,1,226,183,0.2066191355387369,303.31631783379447,302.45576231214733,0.0011813175811134,1446.2,721.4,724.6,328,326,346
Indupuru,14.66,80.065,28_515_shc_2023-24.7424,113,21,78.0,0.3,0.0540000014007091,0.0636000037193298,0.1020499989390373,0.099200002849102,0.1661500036716461,0.2705999910831451,0.3215000033378601,0.3353999853134155,0.363750010728836,0.3686499893665313,0.2113499939441681,0.1142499968409538,0.5434882640838623,0.3374538719654083,0.4062327782845464,0.3790926366188452,0.6301431059837341,4,2,333,183,0.1328507317437066,303.62683215671115,302.29513948228623,0.0012105697945393,1431.4666666666667,714.4,717.2,351,324,325
Chennuru,14.662,79.882,28_515_shc_2023-24.6005,138,7,52.0,0.5,0.0443000011146068,0.0531000010669231,0.0914999991655349,0.0878000035881996,0.1372999995946884,0.2486999928951263,0.2842000126838684,0.2811999917030334,0.3088999986648559,0.3057999908924103,0.1847999989986419,0.1058000028133392,0.5241191983222961,0.3438470661640167,0.3429685891067588,0.3338319720876728,0.6571835279464722,31,4,134,171,0.2084049648708767,303.15537490844724,302.2488015916612,0.0011988663054756,1431.8,732.2666666666667,699.4666666666667,334,341,325
North Mopuru,14.662,80.022,28_515_shc_2023-24.5186,364,4,39.0,0.61,0.0646499991416931,0.0897499993443489,0.1301999986171722,0.1595000028610229,0.210099995136261,0.2739000022411346,0.3366999924182892,0.3409999907016754,0.3788500130176544,0.3688499927520752,0.3442499935626983,0.2540000081062317,0.3626373410224914,0.2375249415636062,0.2792522292676892,0.2721139265493834,1.009530782699585,8,0,0,180,0.2066191355387369,303.31631783379447,302.45576231214733,0.0011813175811134,1446.2,721.4,724.6,334,315,351
Dundigam,14.665,79.88,28_515_shc_2023-24.6259,176,14,98.0,0.75,0.045899998396635,0.0450000017881393,0.067500002682209,0.0649999976158142,0.1080000028014183,0.2300000041723251,0.2755999863147735,0.2802000045776367,0.300599992275238,0.2903999984264374,0.2155999988317489,0.1262000054121017,0.623406708240509,0.4435857832431793,0.4036917736515252,0.3819214500769141,0.7694503664970398,34,4,256,192,0.2084049648708767,303.15537490844724,302.2488015916612,0.0011988663054756,1431.8,732.2666666666667,699.4666666666667,338,323,339
Allurupeta,14.665,80.05,28_515_shc_2023-24.7420,138,66,65.0,0.52,0.0555999986827373,0.062449999153614,0.0913499966263771,0.0957999974489212,0.1487500071525573,0.2515999972820282,0.3067499995231628,0.3192000091075897,0.3447499871253967,0.336650013923645,0.2171999961137771,0.1316999942064285,0.5383132696151733,0.3642483055591583,0.3917580212806978,0.3662295246850436,0.6804510951042175,8,0,0,180,0.2066191355387369,303.31631783379447,302.45576231214733,0.0011813175811134,1431.4666666666667,714.4,717.2,338,332,330
Varini,14.665,80.14,28_515_shc_2023-24.5862,100,10,650.0,0.79,0.0578499995172023,0.0733499974012374,0.1066000014543533,0.1076100021600723,0.1520249992609024,0.2442833334207534,0.2835200130939483,0.2889499962329864,0.3097499907016754,0.2963399887084961,0.2881500124931335,0.1946000009775161,0.4572826027870178,0.3105051219463348,0.3274502618588546,0.3033929593076936,0.997231423854828,6,3,270,189,0.1328507317437066,303.62683215671115,302.29513948228623,0.0012105697945393,1460.8,707.4,753.5333333333333,352,334,314
Chennuru,14.668,79.878,28_515_shc_2023-24.7254,151,38,91.0,0.17,0.0397000014781951,0.0474000014364719,0.0736000016331672,0.0804999992251396,0.1326999962329864,0.1987999975681305,0.2319999933242797,0.2090000063180923,0.2386000007390976,0.2621000111103058,0.2141000032424926,0.153899997472763,0.4438687562942505,0.2232953161001205,0.2403666441607379,0.2441418736999291,1.0244019031524658,35,2,27,177,0.2084049648708767,303.15537490844724,302.2488015916612,0.0011988663054756,1447.4,730.8666666666667,716.6,335,308,357
Choutaputhedu,14.668,79.922,28_515_shc_2023-24.7251,25,109,149.0,0.71,0.0472000017762184,0.070200003683567,0.1041999980807304,0.1234000027179718,0.1527999937534332,0.2138999998569488,0.2419999986886978,0.2365999966859817,0.2601000070571899,0.2727000117301941,0.2370000034570694,0.1870999932289123,0.3144444227218628,0.2152028828859329,0.1951051277318073,0.1974418500810458,1.0016906261444092,27,0,0,180,0.2084049648708767,303.15537490844724,302.2488015916612,0.0011988663054756,1446.5333333333333,728.5333333333333,717.8666666666667,355,303,342
Dagadarthi,14.67,79.935,28_515_shc_2023-24.6408,176,8,91.0,0.38,0.0690999999642372,0.0930000022053718,0.1260000020265579,0.1596000045537948,0.1940000057220459,0.2322999984025955,0.260699987411499,0.2630000114440918,0.278899997472763,0.2910000085830688,0.3375000059604645,0.2827000021934509,0.2446758300065994,0.1509846895933151,0.1697196595453063,0.1681118660806534,1.2832698822021484,33,1,180,180,0.2084049648708767,303.15537490844724,302.2488015916612,0.0011988663054756,1446.5333333333333,728.5333333333333,717.8666666666667,355,295,351
Graddagunta,14.67,80.025,28_515_shc_2023-24.4947,50,128,496.0,0.42,0.0423999987542629,0.0455499999225139,0.0706000030040741,0.0569499991834163,0.121299996972084,0.2297500073909759,0.2708500027656555,0.2786000072956085,0.2945500016212463,0.2912000119686126,0.1743000000715255,0.0970000028610229,0.6605573296546936,0.39334836602211,0.4333587651203489,0.3979115667407208,0.6256281137466431,9,1,180,180,0.2066191355387369,303.31631783379447,302.45576231214733,0.0011813175811134,1451.8666666666666,715.6,736.3333333333334,345,317,338
Chennuru,14.672,79.892,28_515_shc_2023-24.7229,163,1,117.0,0.45,0.0526000000536441,0.0663999989628791,0.09740000218153,0.0830999985337257,0.1500999927520752,0.2509999871253967,0.2786999940872192,0.300599992275238,0.3127999901771545,0.2869000136852264,0.2378000020980835,0.1361999958753585,0.5668491125106812,0.3339250087738037,0.4178834829447852,0.369186368683347,0.7910845279693604,29,1,0,180,0.2084049648708767,303.15537490844724,302.2488015916612,0.0011988663054756,1447.4,730.8666666666667,716.6,341,329,331
Batrakagollu,14.672,80.018,28_515_shc_2023-24.4930,238,93,323.0,0.62,0.0640999972820282,0.0777999982237815,0.1270000040531158,0.1459999978542328,0.2093500047922134,0.3228000104427337,0.3868499994277954,0.4095999896526336,0.4415999948978424,0.4253000020980835,0.3548499941825866,0.2766000032424927,0.4744420349597931,0.3235317766666412,0.3871687816985497,0.3745736949386136,0.8663330078125,12,1,0,180,0.2066191355387369,303.31631783379447,302.45576231214733,0.0011813175811134,1451.8666666666666,715.6,736.3333333333334,340,312,348
Graddagunta,14.672,80.022,28_515_shc_2023-24.4946,151,21,117.0,0.51,0.0568999983370304,0.0722000002861023,0.1200999990105629,0.130400002002716,0.1884499937295913,0.2951000034809112,0.3521000146865845,0.3384000062942505,0.3826999962329864,0.3641000092029571,0.3129000067710876,0.2479999959468841,0.4436860084533691,0.2846161425113678,0.3292598020682732,0.3220478981887706,0.9246453642845154,9,3,270,189,0.2066191355387369,303.31631783379447,302.45576231214733,0.0011813175811134,1451.8666666666666,715.6,736.3333333333334,336,335,330
Ponguru,14.675,79.39,28_515_shc_2023-24.6008,151,27,299.0,0.1,0.0294000003486871,0.0373999997973442,0.0645999982953071,0.0648000016808509,0.1184000000357627,0.2233999967575073,0.2531000077724457,0.2561999857425689,0.2777999937534332,0.2759999930858612,0.218299999833107,0.150299996137619,0.5962616801261902,0.3678590357303619,0.350677875474119,0.3496954695378198,0.8520687222480774,106,3,180,180,0.2809593624538845,303.2411930508084,302.5173562791612,0.0009998169383201,1479.8,677.0666666666667,802.7333333333333,318,299,382
Karatampadu,14.675,79.54,28_515_shc_2023-24.5615,75,8,169.0,0.32,0.0355000011622905,0.0456999987363815,0.0715499967336654,0.0797000005841255,0.1360999941825866,0.244949996471405,0.3043999969959259,0.3201999962329864,0.3476999998092651,0.3245500028133392,0.1747000068426132,0.1026000007987022,0.6014003157615662,0.4034626483917236,0.4130457083199852,0.4008778694846547,0.5455965399742126,65,2,296,186,0.2078681945800781,303.28798667060005,302.5537006802029,0.0010331102800464,1469.1333333333334,731.8,737.4666666666667,334,282,384
Karatampadu,14.675,79.545,28_515_shc_2023-24.6763,188,21,65.0,0.19,0.0483999997377395,0.0688999965786933,0.0948999971151351,0.1115999966859817,0.1545999944210052,0.2114000022411346,0.2433499991893768,0.2344000041484832,0.2690500020980835,0.2889499962329864,0.2921499907970428,0.2377499938011169,0.3549133241176605,0.2051414102315902,0.2213011472049182,0.2177305094705245,1.2463736534118652,64,1,46,177,0.2078681945800781,303.28798667060005,302.5537006802029,0.0010331102800464,1460.7333333333331,744.4666666666667,716.2666666666667,337,275,388
Graddagunta,14.675,80.02,28_515_shc_2023-24.4945,201,66,78.0,0.48,0.059749998152256,0.0750000029802322,0.1184000000357627,0.130400002002716,0.1903499960899353,0.2908999919891357,0.3373999893665313,0.3353999853134155,0.3539499938488006,0.3783000111579895,0.3039999902248382,0.2110500037670135,0.4401030242443084,0.2758915722370147,0.3295183993583025,0.3183888786544334,0.9063804745674132,10,1,134,177,0.2066191355387369,303.31631783379447,302.45576231214733,0.0011813175811134,1451.8666666666666,715.6,736.3333333333334,333,333,334
Allur,14.675,80.05,28_515_shc_2023-24.7441,188,14,182.0,0.32,0.0577000007033348,0.0682500004768371,0.1094999983906745,0.1366000026464462,0.2064500004053115,0.2776499986648559,0.3246999979019165,0.3319999873638153,0.3644500076770782,0.3477500081062317,0.2341500073671341,0.1618500053882599,0.416986733675003,0.2331692576408386,0.2979157858133912,0.3026016726192083,0.7052711248397827,7,2,64,174,0.2066191355387369,303.31631783379447,302.45576231214733,0.0011813175811134,1430.0666666666666,706.8666666666667,723.3333333333334,342,325,333
Allur,14.675,80.055,28_515_shc_2023-24.4919,113,65,212.0,0.79,0.052700001746416,0.0719500035047531,0.1093999966979026,0.0991000011563301,0.1733999997377395,0.2836999893188476,0.3303999900817871,0.3533999919891357,0.3695000112056732,0.3831999897956848,0.189750000834465,0.0997499972581863,0.5619889497756958,0.3416856527328491,0.4514067556097206,0.4004724293902996,0.5369269847869873,6,1,90,177,0.1328507317437066,303.62683215671115,302.29513948228623,0.0012105697945393,1430.0666666666666,706.8666666666667,723.3333333333334,341,321,338
Chiruvella Khandrika,14.678,79.558,28_515_shc_2023-24.6193,201,16,202.0,0.54,0.0270000007003545,0.0364000014960765,0.0571499988436698,0.0480000004172325,0.090999998152256,0.1980500072240829,0.2342000007629394,0.253600001335144,0.2573499977588653,0.263150006532669,0.1879999935626983,0.1049500033259391,0.6816976070404053,0.4718514382839203,0.4051710588725885,0.3847305397987456,0.7413249015808105,61,3,288,189,0.2057216644287109,303.2948768615723,302.5484380933973,0.0010658192815323,1460.7333333333331,744.4666666666667,716.2666666666667,307,294,399
Neelayapalem,14.678,79.752,28_515_shc_2023-24.5194,125,34,111.0,0.48,0.0388000011444091,0.0540000014007091,0.0891999974846839,0.1001999974250793,0.1527000069618225,0.208199992775917,0.2335000038146972,0.2422000020742416,0.2428999990224838,0.2529999911785126,0.2651000022888183,0.1876000016927719,0.4147196412086487,0.2266396433115005,0.2468020144025904,0.2528490112777061,1.0945500135421753,60,1,134,177,0.2635773552788628,303.33829049004447,302.5403706020779,0.0011504009726573,1450.9333333333334,745.6666666666666,705.1333333333333,312,335,354
Dampuru,14.678,80.052,28_515_shc_2023-24.6162,125,21,468.0,0.35,0.0559000000357627,0.0675999969244003,0.1006499975919723,0.1001999974250793,0.1615999937057495,0.2603499889373779,0.3204500079154968,0.3165999948978424,0.3526000082492828,0.382999986410141,0.2396499961614608,0.1421000063419342,0.5191938877105713,0.3241321742534637,0.3834703662584055,0.3540575904529586,0.7569488286972046,8,1,226,183,0.1328507317437066,303.62683215671115,302.29513948228623,0.0012105697945393,1430.0666666666666,706.8666666666667,723.3333333333334,343,320,336
Gogulapalle,14.678,80.102,28_515_shc_2023-24.4933,125,110,104.0,0.31,0.0663142874836921,0.0663625001907348,0.1047714278101921,0.0896250009536743,0.1520333290100097,0.2762333452701568,0.33283331990242,0.3237333297729492,0.3641333281993866,0.3556199967861175,0.2125000059604644,0.1341499984264373,0.5663568377494812,0.360891193151474,0.4291582498086881,0.3844739588125774,0.6564044952392578,4,2,270,186,0.1328507317437066,303.62683215671115,302.29513948228623,0.0012105697945393,1447.6,703.3333333333334,744.3333333333334,317,345,337
Boyila Chiruvella,14.68,79.555,28_515_shc_2023-24.5097,113,8,202.0,0.28,0.0428499989211559,0.0606000013649463,0.0913000032305717,0.1009000018239021,0.1410499960184097,0.246749997138977,0.2949999868869781,0.2996000051498413,0.324750006198883,0.3187499940395355,0.2379499971866607,0.1464499980211258,0.4961298406124115,0.359809398651123,0.3424681187930376,0.33098279031729,0.7942256331443787,64,1,134,177,0.2057216644287109,303.2948768615723,302.5484380933973,0.0010658192815323,1460.7333333333331,744.4666666666667,716.2666666666667,328,275,397
Dharmarao Cheruvupalle,14.682,79.508,28_515_shc_2023-24.5848,163,36,234.0,0.58,0.0370500013232231,0.0447999984025955,0.0754999965429306,0.0723500028252601,0.1295499950647354,0.2542499899864197,0.3100999891757965,0.3242000043392181,0.3407000005245209,0.3359499871730804,0.1796000003814697,0.094149999320507,0.6351027488708496,0.4289807379245758,0.4426808613206226,0.4213652325604539,0.5539790391921997,68,2,180,180,0.2078681945800781,303.28798667060005,302.5537006802029,0.0010331102800464,1469.1333333333334,731.8,737.4666666666667,325,288,387
Karatampadu,14.682,79.552,28_515_shc_2023-24.6351,113,11,130.0,0.28,0.0472000017762184,0.0728000029921531,0.1001499965786933,0.1061000004410743,0.1513999998569488,0.2302999943494796,0.3005500137805938,0.3046999871730804,0.3331499993801117,0.3276999890804291,0.2079000025987625,0.1302500069141388,0.4834469258785248,0.3361104726791382,0.3558374388576003,0.3270750814109688,0.6823105216026306,67,4,346,183,0.2057216644287109,303.2948768615723,302.5484380933973,0.0010658192815323,1460.7333333333331,744.4666666666667,716.2666666666667,326,281,393
Anumasamudrampeta,14.682,79.668,28_515_shc_2023-24.5382,113,50,111.0,0.28,0.0432499982416629,0.0599500015377998,0.0865999981760978,0.1297000050544738,0.1656499952077865,0.2006999999284744,0.2230000048875808,0.2309000045061111,0.2517499923706054,0.2498500049114227,0.3547500073909759,0.2675000131130218,0.2806433737277984,0.1645442098379135,0.1622340818859727,0.1763885632013456,1.536379337310791,56,3,252,189,0.2758597056070963,303.35273276435004,302.59902403089734,0.0011049831556065,1460.7333333333331,748.0,712.8666666666667,328,303,369
Chiramana,14.682,79.732,28_515_shc_2023-24.7065,226,20,98.0,0.77,0.0582499988377094,0.069700002670288,0.0954499989748001,0.1072999984025955,0.1421000063419342,0.2065500020980835,0.2375500053167343,0.2432000041007995,0.2634499967098236,0.2800500094890594,0.2539499998092651,0.188400000333786,0.3877318203449249,0.2623929381370544,0.2490379480290741,0.2396825490267912,1.0442023277282717,54,2,64,174,0.2758597056070963,303.35273276435004,302.59902403089734,0.0011049831556065,1456.8666666666666,745.1333333333333,711.8,300,303,397
Kothapalle Kowrugunta,14.682,79.978,28_515_shc_2024-25.6735,75,22,130.0,0.42,0.0456500016152858,0.0527999997138977,0.0938500016927719,0.0804999992251396,0.1319999992847442,0.2341500073671341,0.2752000093460083,0.3007999956607818,0.3008500039577484,0.3062500059604645,0.2392999976873397,0.147599995136261,0.5777602791786194,0.390018492937088,0.3968511268227442,0.3749574453319246,0.795545220375061,12,2,27,177,0.2066191355387369,303.31631783379447,302.45576231214733,0.0011813175811134,1455.3333333333333,722.8666666666667,732.4,352,305,343
Allur,14.682,80.082,28_515_shc_2023-24.4958,151,26,78.0,0.4,0.064920000731945,0.0719999969005584,0.0991000011563301,0.1118500009179115,0.1501374989748001,0.2045799940824508,0.2377000004053115,0.2143999934196472,0.2393500059843063,0.2818666696548462,0.2401600033044815,0.1736000031232834,0.3143294751644134,0.1762850135564804,0.1905425321660746,0.1861724536239565,1.1201492547988892,3,2,296,186,0.1328507317437066,303.62683215671115,302.29513948228623,0.0012105697945393,1430.0666666666666,706.8666666666667,723.3333333333334,334,319,346
Gogulapalle,14.682,80.098,28_515_shc_2023-24.5074,163,98,111.0,0.32,0.0811000019311904,0.1048444435000419,0.1427000015974044,0.1542000025510788,0.2094199955463409,0.2984571456909179,0.3652999997138977,0.384799987077713,0.4000999927520752,0.4113999903202057,0.3790999948978424,0.2797000110149383,0.4278292953968048,0.2951432168483734,0.3783635688478715,0.3329162466243455,0.9851871132850648,4,3,161,177,0.1328507317437066,303.62683215671115,302.29513948228623,0.0012105697945393,1447.6,703.3333333333334,744.3333333333334,327,337,336
Nandavaram,14.685,79.445,28_515_shc_2023-24.5057,63,23,39.0,0.28,0.0417999997735023,0.0543499998748302,0.0837000012397766,0.100100003182888,0.1449999958276748,0.2152000069618225,0.2415000051259994,0.2393999993801117,0.2664499878883362,0.2597500085830688,0.2517000138759613,0.1894499957561493,0.4103092551231384,0.2455775290727615,0.2431276626389323,0.2488981461082902,1.0513784885406494,96,2,296,186,0.2809593624538845,303.2411930508084,302.5173562791612,0.0009998169383201,1470.0,696.6666666666666,773.4,333,258,409
Dharmarao Cheruvupalle,14.685,79.515,28_515_shc_2023-24.6415,226,9,247.0,0.12,0.0357999987900257,0.0390500016510486,0.0636999979615211,0.0546500012278556,0.1033999994397163,0.2338500022888183,0.2713499963283539,0.2795000076293945,0.2935500144958496,0.2359499931335449,0.1956000030040741,0.1077999994158744,0.6729013919830322,0.4599112272262573,0.4276259598609206,0.4043337601402901,0.6998211145401001,67,1,90,177,0.2078681945800781,303.28798667060005,302.5537006802029,0.0010331102800464,1469.1333333333334,731.8,737.4666666666667,325,293,383
Gogulapalle,14.685,80.095,28_515_shc_2023-24.7490,51,64,111.0,0.48,0.0824555531144142,0.1077200025320053,0.1463714241981506,0.1891999989748001,0.2234666645526886,0.287285715341568,0.3212000131607055,0.3254666626453399,0.3465999960899353,0.3632999956607818,0.4009000062942505,0.300599992275238,0.2647668421268463,0.1858149170875549,0.2061190318379138,0.2014454630641357,1.2317698001861572,4,0,0,180,0.1328507317437066,303.62683215671115,302.29513948228623,0.0012105697945393,1447.6,703.3333333333334,744.3333333333334,325,337,338
Gogulapalle,14.685,80.095,28_515_shc_2023-24.4918,226,83,163.0,0.61,0.0824555531144142,0.1077200025320053,0.1463714241981506,0.1891999989748001,0.2234666645526886,0.287285715341568,0.3212000131607055,0.3254666626453399,0.3465999960899353,0.3632999956607818,0.4009000062942505,0.300599992275238,0.2647668421268463,0.1858149170875549,0.2061190318379138,0.2014454630641357,1.2317698001861572,4,0,0,180,0.1328507317437066,303.62683215671115,302.29513948228623,0.0012105697945393,1447.6,703.3333333333334,744.3333333333334,325,337,338
Chandulurupadu,14.688,79.702,28_515_shc_2023-24.5272,188,6,72.0,0.61,0.0469999983906745,0.0636999979615211,0.1041999980807304,0.146599993109703,0.1881999969482422,0.2409999966621399,0.2671999931335449,0.2754000127315521,0.2946000099182129,0.2827000021934509,0.3201000094413757,0.2644000053405761,0.3052133023738861,0.188093215227127,0.1919809519225657,0.2095444991418337,1.1623094081878662,45,1,270,183,0.2758597056070963,303.35273276435004,302.59902403089734,0.0011049831556065,1460.7333333333331,748.0,712.8666666666667,303,295,402
Gogulapalle,14.688,80.098,28_515_shc_2023-24.4941,163,107,143.0,0.6,0.0922250002622604,0.1035833358764648,0.1395999938249588,0.1466999948024749,0.2327333390712738,0.2971000075340271,0.3486000001430511,0.3416000008583069,0.3660666644573211,0.3788714408874511,0.2594000101089477,0.1915999948978424,0.3991398811340332,0.1895530968904495,0.337214756335519,0.295810999056295,0.7593677043914795,3,1,90,177,0.1328507317437066,303.62683215671115,302.29513948228623,0.0012105697945393,1447.6,703.3333333333334,744.3333333333334,351,322,327
Anumasamudrampeta,14.692,79.678,28_515_shc_2023-24.5683,151,13,124.0,0.61,0.0873999968171119,0.1431999951601028,0.1614000052213668,0.1888000071048736,0.2048999965190887,0.2263000011444091,0.273499995470047,0.2639999985694885,0.2802999913692474,0.2406000047922134,0.3111999928951263,0.291700005531311,0.1660777181386947,0.1260396689176559,0.1421227454243381,0.1183878951775257,1.1787878274917605,48,4,284,192,0.2758597056070963,303.35273276435004,302.59902403089734,0.0011049831556065,1460.7333333333331,748.0,712.8666666666667,310,315,374
Kothapalle Kowrugunta,14.692,79.988,28_515_shc_2023-24.5743,176,21,72.0,0.46,0.048200000077486,0.0606000013649463,0.099600002169609,0.0879999995231628,0.1595000028610229,0.2637999951839447,0.3023000061511993,0.3208000063896179,0.3314000070095062,0.3310999870300293,0.2280000001192093,0.1400000005960464,0.5694716572761536,0.3358317613601684,0.4174137703265862,0.3842429665798175,0.7107231616973877,9,1,0,180,0.2066191355387369,303.31631783379447,302.45576231214733,0.0011813175811134,1455.3333333333333,722.8666666666667,732.4,339,312,349
Nabbinagaram,14.695,79.605,28_515_shc_2023-24.6272,88,8,221.0,0.4,0.0529000014066696,0.0614000000059604,0.0881000012159347,0.1132000014185905,0.1451500058174133,0.200200006365776,0.225150004029274,0.227400004863739,0.2603000104427337,0.2680000066757202,0.3142000138759613,0.2213999927043914,0.3352906703948974,0.2207757234573364,0.1974275679282535,0.2037830167588515,1.3817062377929688,63,2,296,186,0.2057216644287109,303.2948768615723,302.5484380933973,0.0010658192815323,1462.0666666666666,756.3333333333334,705.8,297,301,403
Nandavaram,14.698,79.468,28_515_shc_2023-24.4961,138,29,137.0,0.11,0.0390000008046627,0.0535000003874301,0.0804999992251396,0.0857999995350837,0.1204999983310699,0.2608000040054321,0.2997500002384186,0.3091999888420105,0.3377499878406524,0.3246000111103058,0.2194499969482422,0.1280999928712844,0.5655696392059326,0.439143568277359,0.3925496256426213,0.3744133947621918,0.7097347974777222,84,1,0,180,0.2078681945800781,303.28798667060005,302.5537006802029,0.0010331102800464,1471.1333333333334,715.4666666666667,755.4666666666667,287,272,440
Chiramana,14.698,79.722,28_515_shc_2025-26.4983,88,52,228.0,0.78,0.0507000014185905,0.0595999993383884,0.0892999991774559,0.0812000036239624,0.1412999927997589,0.2556000053882599,0.3016000092029571,0.3059999942779541,0.32710000872612,0.3176999986171722,0.2143999934196472,0.1247000023722648,0.5805785059928894,0.3682092726230621,0.4174713771169492,0.3800721221578118,0.700653612613678,46,2,296,186,0.2758597056070963,303.35273276435004,302.59902403089734,0.0011049831556065,1456.8666666666666,745.1333333333333,711.8,302,319,379
Singapeta,14.698,80.022,28_515_shc_2024-25.6734,176,16,221.0,0.22,0.0489999987185001,0.0557999983429908,0.090999998152256,0.0763999968767166,0.1451999992132187,0.2808000147342682,0.33160001039505,0.3467999994754791,0.3720999956130981,0.3684000074863434,0.164000004529953,0.0832000002264976,0.6389414072036743,0.4097560942173004,0.4874882886202455,0.4393414271022263,0.4728950560092926,7,1,270,183,0.2066191355387369,303.31631783379447,302.45576231214733,0.0011813175811134,1451.8666666666666,715.6,736.3333333333334,335,323,342
Velpulagunta,14.702,79.788,28_515_shc_2023-24.5033,201,17,98.0,0.75,0.035300001502037,0.046799998730421,0.0728000029921531,0.0821999981999397,0.1300999969244003,0.2213000059127807,0.2565000057220459,0.2451999932527542,0.2818999886512756,0.2806999981403351,0.2556999921798706,0.1661999970674514,0.4978619515895843,0.306687980890274,0.2937148551169978,0.2955039824812481,1.042822241783142,60,3,0,180,0.2635773552788628,303.33829049004447,302.5403706020779,0.0011504009726573,1450.9333333333334,745.6666666666666,705.1333333333333,299,355,346
Lingalapadu,14.702,79.872,28_515_shc_2023-24.4962,63,108,149.0,0.78,0.0544000007212162,0.0729999989271164,0.1049999967217445,0.1254000067710876,0.1761000007390976,0.2299000024795532,0.2524000108242035,0.2626000046730041,0.2845000028610229,0.2865000069141388,0.3012000024318695,0.2135999947786331,0.3536082208156585,0.1971734762191772,0.2337308226822146,0.2317567502259338,1.1469916105270386,39,1,90,177,0.2084049648708767,303.15537490844724,302.2488015916612,0.0011988663054756,1451.1333333333334,738.3333333333334,712.9333333333333,337,291,372
Singapeta,14.702,80.028,28_515_shc_2024-25.6762,75,23,156.0,0.82,0.0493000000715255,0.0540000014007091,0.0816999971866607,0.0747999995946884,0.1337999999523162,0.2493000030517578,0.3048999905586242,0.3127999901771545,0.3312999904155731,0.3233000040054321,0.1627999991178512,0.0832000002264976,0.6140350699424744,0.4008060693740845,0.4385964812314875,0.4022081906123791,0.5204603672027588,7,0,0,180,0.2066191355387369,303.31631783379447,302.45576231214733,0.0011813175811134,1451.8666666666666,715.6,736.3333333333334,333,324,343
Padakandla,14.705,79.505,28_515_shc_2023-24.6725,100,109,650.0,0.82,0.0429500006139278,0.0555999986827373,0.0940499976277351,0.089599996805191,0.1423999965190887,0.2048999965190887,0.225600004196167,0.2290000021457672,0.2468000054359436,0.2504499852657318,0.2250999957323074,0.1599999964237213,0.4375392496585846,0.2331718057394027,0.2582246704179746,0.2554361205458434,0.9829694032669068,77,1,270,183,0.2078681945800781,303.28798667060005,302.5537006802029,0.0010331102800464,1469.1333333333334,731.8,737.4666666666667,330,278,392
Nandavaram,14.708,79.478,28_515_shc_2023-24.6416,100,5,383.0,1.82,0.033050000667572,0.0443999990820884,0.0746499970555305,0.0631000027060508,0.1195999979972839,0.2563000023365021,0.2942999899387359,0.2851000130176544,0.3322499990463257,0.3366000056266784,0.1749500036239624,0.1030000001192092,0.6375645995140076,0.4089449346065521,0.4170737286440783,0.3925960967865362,0.6136443018913269,83,2,270,186,0.2078681945800781,303.28798667060005,302.5537006802029,0.0010331102800464,1471.1333333333334,715.4666666666667,755.4666666666667,296,273,430
Aravedu,14.708,79.538,28_515_shc_2023-24.7368,125,16,156.0,0.32,0.0292499996721744,0.0379500016570091,0.067450001835823,0.067950002849102,0.1338499933481216,0.2437999993562698,0.3133499920368194,0.3273999989032745,0.3418999910354614,0.3070000112056732,0.1495999991893768,0.0741000026464462,0.6562539339065552,0.4196206033229828,0.4471810879462607,0.4346624150550807,0.4569334089756012,69,3,0,180,0.2078681945800781,303.28798667060005,302.5537006802029,0.0010331102800464,1469.1333333333334,731.8,737.4666666666667,326,266,408
Katrayapadu,14.708,79.888,28_515_shc_2023-24.5197,213,25,91.0,0.06,0.0460000000894069,0.0632999986410141,0.100100003182888,0.100500002503395,0.1727000027894973,0.2727999985218048,0.3203999996185303,0.3167999982833862,0.3510000109672546,0.3537999987602234,0.2978000044822693,0.1898999959230423,0.5183321237564087,0.2943820059299469,0.3742084915106872,0.3537010720502576,0.940025269985199,36,2,116,174,0.2084049648708767,303.15537490844724,302.2488015916612,0.0011988663054756,1447.4,730.8666666666667,716.6,342,303,354
Anumasamudrampeta,14.712,79.678,28_515_shc_2023-24.6990,188,29,137.0,0.58,0.0310500003397464,0.0420500002801418,0.0690999999642372,0.0680999979376792,0.1195499971508979,0.2400500029325485,0.2773500084877014,0.2777999937534332,0.3089999854564667,0.3172999918460846,0.2314999997615814,0.1432500034570694,0.6062445640563965,0.3982634842395782,0.3823781458856363,0.3718524610631412,0.8333333730697632,46,1,0,180,0.2758597056070963,303.35273276435004,302.59902403089734,0.0011049831556065,1464.7333333333331,746.6,718.3333333333334,314,309,377
Katrayapadu,14.712,79.882,28_515_shc_2023-24.6652,163,38,72.0,0.81,0.0461999997496604,0.0644000023603439,0.099600002169609,0.1129999980330467,0.158500000834465,0.2280000001192093,0.2576000094413757,0.2727999985218048,0.2825999855995178,0.2712000012397766,0.3273000121116638,0.229200005531311,0.4142042696475982,0.2650127410888672,0.2721760523603953,0.2706028467660918,1.1997801065444946,40,0,0,180,0.2084049648708767,303.15537490844724,302.2488015916612,0.0011988663054756,1449.6666666666667,727.6,722.0666666666667,352,309,338
Ulavapalle,14.712,79.988,28_515_shc_2023-24.6335,226,3,65.0,0.48,0.0568000003695488,0.0817999988794326,0.1181999966502189,0.1262000054121017,0.1831000000238418,0.2863999903202057,0.3172999918460846,0.3287999927997589,0.3619000017642975,0.3562000095844269,0.2775000035762787,0.2056999951601028,0.4452747106552124,0.2846258878707886,0.3439728060341596,0.3182198760738295,0.8439781069755554,8,2,207,183,0.2066191355387369,303.31631783379447,302.45576231214733,0.0011813175811134,1462.5333333333333,718.6,743.9333333333333,328,337,335
Ananthavaram,14.715,79.985,28_515_shc_2023-24.6134,176,27,59.0,0.38,0.0542999990284442,0.0719000026583671,0.1110000014305114,0.1044000014662742,0.1729999929666519,0.2874999940395355,0.3255000114440918,0.3440000116825104,0.3569999933242798,0.3461000025272369,0.2748000025749206,0.1675000041723251,0.5343443155288696,0.3307543992996216,0.4185445448161065,0.3789540387405832,0.7988371849060059,9,3,252,189,0.2066191355387369,303.31631783379447,302.45576231214733,0.0011813175811134,1462.5333333333333,718.6,743.9333333333333,323,342,335
Padakandla,14.718,79.452,28_515_shc_2023-24.6274,63,3,247.0,0.4,0.0301500000059604,0.0378499999642372,0.066600002348423,0.0538000017404556,0.1098499968647956,0.244949996471405,0.2804499864578247,0.2863000035285949,0.3126499950885772,0.3023000061511993,0.2074500024318695,0.1101000010967254,0.6836224794387817,0.4454120993614197,0.4386047638890106,0.4151291518805767,0.7245895862579346,91,1,0,180,0.2078681945800781,303.28798667060005,302.5537006802029,0.0010331102800464,1476.4,694.0666666666667,782.4,286,311,403
Zammavaram,14.718,79.722,28_515_shc_2023-24.7062,75,21,91.0,0.45,0.0460500009357929,0.0676499977707862,0.0942500010132789,0.1098000034689903,0.1566500067710876,0.2113000005483627,0.2302999943494796,0.2484000027179718,0.2623000144958496,0.2664499878883362,0.2934499979019165,0.196600005030632,0.3869346678256988,0.2265152335166931,0.247530932908815,0.2422512204319192,1.1813607215881348,56,3,303,189,0.2758597056070963,303.35273276435004,302.59902403089734,0.0011049831556065,1461.8,743.4,718.4,299,318,382
Padakandla,14.722,79.488,28_515_shc_2023-24.7133,113,14,78.0,0.68,0.0474000014364719,0.0542999990284442,0.0873000025749206,0.1130999997258186,0.15625,0.2374500036239624,0.2814500033855438,0.2624000012874603,0.3145500123500824,0.316100001335144,0.3165499866008758,0.2253500074148178,0.3976031839847564,0.2535530924797058,0.2433577846571269,0.2557966899866009,1.2063642740249634,75,1,0,180,0.2078681945800781,303.28798667060005,302.5537006802029,0.0010331102800464,1471.0666666666666,713.1333333333333,757.9333333333333,324,268,407
Rajavolu,14.728,79.612,28_515_shc_2023-24.7000,100,22,59.0,0.81,0.0381000004708766,0.0550500005483627,0.0871500000357627,0.1128999963402748,0.1608999967575073,0.2273499965667724,0.2632499933242798,0.2621999979019165,0.2932499945163727,0.2890500128269195,0.3140000104904175,0.2282000035047531,0.3980272114276886,0.2394233047962188,0.2444775652398635,0.2559136142337609,1.197559118270874,70,5,111,165,0.2057216644287109,303.2948768615723,302.5484380933973,0.0010658192815323,1463.8,754.8666666666667,708.8666666666667,291,299,410
Gudipadu,14.728,79.658,28_515_shc_2023-24.5511,138,3,143.0,0.58,0.0454000011086463,0.0568000003695488,0.0856000036001205,0.1128000020980835,0.1379999965429306,0.1221000030636787,0.1344999969005584,0.1451999992132187,0.121299996972084,0.2021999955177307,0.1189000010490417,0.0762000009417533,0.1255813837051391,0.025423739105463,0.0580229170944735,0.0641160891670543,0.8188705444335938,61,1,134,177,0.2758597056070963,303.35273276435004,302.59902403089734,0.0011049831556065,1464.2666666666669,751.4666666666667,712.6666666666666,318,288,395
Ulavapalle,14.728,79.998,28_515_shc_2023-24.5417,201,27,514.0,0.56,0.0582000017166137,0.0821999981999397,0.1280000060796737,0.1604000031948089,0.1992000043392181,0.2770000100135803,0.3217000067234039,0.3208000063896179,0.3497999906539917,0.3443999886512756,0.3239000141620636,0.2381000071763992,0.3333333432674408,0.2338461577892303,0.240595187250035,0.2452099494924751,1.0096633434295654,9,1,226,183,0.2066191355387369,303.31631783379447,302.45576231214733,0.0011813175811134,1462.5333333333333,718.6,743.9333333333333,322,328,350
Pedabbipuram,14.732,79.662,28_515_shc_2023-24.6991,176,6,137.0,0.33,0.0296000000089406,0.0520000010728836,0.0869999974966049,0.0953999981284141,0.162100002169609,0.2496999949216842,0.3127999901771545,0.3260000050067901,0.3307999968528747,0.3592999875545501,0.2545999884605407,0.1727000027894973,0.5472235679626465,0.3357918560504913,0.3821930672564222,0.3754069992843351,0.7809815406799316,55,2,27,177,0.2758597056070963,303.35273276435004,302.59902403089734,0.0011049831556065,1464.2666666666669,751.4666666666667,712.6666666666666,321,287,392
Chouta Bheemavaram,14.735,79.645,28_515_shc_2023-24.6305,163,37,65.0,0.88,0.0430000014603138,0.0465999990701675,0.0731000006198883,0.0922000035643577,0.1527000069618225,0.2245000004768371,0.2630000114440918,0.2373999953269958,0.2854999899864197,0.2840999960899353,0.322299987077713,0.2158000022172927,0.4405339658260345,0.2171237766742706,0.2518908982305768,0.2625361474626529,1.3576242923736572,65,2,244,186,0.2057216644287109,303.2948768615723,302.5484380933973,0.0010658192815323,1464.2666666666669,751.4666666666667,712.6666666666666,294,295,411
Ulavapalle,14.735,80.005,28_515_shc_2023-24.6073,339,45,65.0,0.75,0.0566999986767768,0.0706000030040741,0.1114000007510185,0.1462000012397766,0.1905999928712844,0.2560000121593475,0.2793999910354614,0.2662000060081482,0.2937000095844269,0.2651000022888183,0.3449000120162964,0.2467000037431717,0.2909796237945556,0.1654991507530212,0.1858851314266451,0.1972819001782912,1.295642375946045,6,3,134,174,0.2066191355387369,303.31631783379447,302.45576231214733,0.0011813175811134,1455.3333333333333,707.6666666666666,747.6,294,348,359
Bitragunta,14.738,79.938,28_515_shc_2023-24.6639,38,14,169.0,1.2,0.0414000004529953,0.0557999983429908,0.0807999968528747,0.0886000022292137,0.1400000005960464,0.2250999957323074,0.2725000083446502,0.2885999977588653,0.2937000095844269,0.2964999973773956,0.2251999974250793,0.1309999972581863,0.5302226543426514,0.346710205078125,0.3567096956691421,0.3419972563823009,0.7803187966346741,31,4,14,177,0.2084049648708767,303.15537490844724,302.2488015916612,0.0011988663054756,1451.7333333333331,724.8666666666667,727.1333333333333,346,299,355
Vinjamur,14.742,79.602,28_515_shc_2023-24.5324,125,19,117.0,0.51,0.0419000014662742,0.0540000014007091,0.0799999982118606,0.1089999973773956,0.1455000042915344,0.181999996304512,0.2072000056505203,0.2207999974489212,0.2329999953508377,0.2339999973773956,0.3240000009536743,0.2314999997615814,0.3389933407306671,0.2055691927671432,0.190161930639516,0.2020968922064035,1.4673913717269895,76,5,142,171,0.2057216644287109,303.2948768615723,302.5484380933973,0.0010658192815323,1463.8,754.8666666666667,708.8666666666667,304,285,410
Bodagudipadu,14.742,79.862,28_515_shc_2023-24.7206,201,10,85.0,0.78,0.0498499982059001,0.0386499986052513,0.0673500001430511,0.0542499981820583,0.1313499957323074,0.2640500068664551,0.3152999877929687,0.3224000036716461,0.3397499918937683,0.3260999917984009,0.2477000057697296,0.1438499987125396,0.7119341492652893,0.4210468530654907,0.4936396694701301,0.4588205183184441,0.7683002352714539,36,2,0,180,0.2084049648708767,303.15537490844724,302.2488015916612,0.0011988663054756,1456.0,734.2666666666667,721.6666666666666,326,303,371
Kaminenipalem,14.755,79.915,28_515_shc_2023-24.6015,125,23,98.0,0.56,0.0401999987661838,0.0472999997437,0.0750000029802322,0.0799999982118606,0.1468999981880188,0.2418999969959259,0.2782999873161316,0.2802000045776367,0.3136000037193298,0.2673999965190887,0.2906000018119812,0.1922000050544738,0.5558023452758789,0.3121049106121063,0.3561137126332684,0.3491048693034608,1.037116289138794,31,2,27,177,0.2112484825981987,303.31777182685005,302.4691791958279,0.0011770449150262,1451.2666666666669,722.3333333333334,728.9333333333333,334,302,364
Kavali Musthapuram,14.758,79.752,28_515_shc_2023-24.7823,151,52,546.0,0.21,0.0465000011026859,0.06615000218153,0.1007499992847442,0.1234000027179718,0.1572999954223632,0.2144500017166137,0.2345999926328659,0.238999992609024,0.260450005531311,0.2668499946594238,0.2639999985694885,0.2091999948024749,0.3189845383167267,0.2061569541692733,0.1948391068265384,0.2010667738591885,1.104602575302124,64,1,90,177,0.2913965861002604,303.34452421400283,302.57063318888345,0.0011502324084453,1457.2,739.6,717.6666666666666,322,310,368
Thalluru,14.758,79.968,28_515_shc_2023-24.6532,125,20,137.0,0.68,0.0571999996900558,0.0458000004291534,0.0719999969005584,0.0732000023126602,0.1535000056028366,0.2594000101089477,0.289000004529953,0.298799991607666,0.3131999969482422,0.2800999879837036,0.2761000096797943,0.1821999996900558,0.6064515709877014,0.3212469220161438,0.404446018158088,0.3880733787865461,0.924029529094696,16,2,296,186,0.1452240414089626,303.35650880601673,302.5453998989529,0.0012047889595501,1463.3333333333333,714.4,748.8,334,316,350
Bogole,14.758,79.978,28_515_shc_2023-24.6492,88,38,182.0,0.25,0.0463000014424324,0.0636000037193298,0.0926000028848648,0.1081999987363815,0.1537999957799911,0.2381999939680099,0.2680000066757202,0.2723999917507171,0.2917999923229217,0.2890999913215637,0.295199990272522,0.1979999989271164,0.4314240515232086,0.2782731056213379,0.2841617021743627,0.279695653170816,1.08370041847229,14,3,108,171,0.1452240414089626,303.35650880601673,302.5453998989529,0.0012047889595501,1463.3333333333333,714.4,748.8,343,324,333
Bogole,14.758,79.992,28_515_shc_2023-24.6512,100,20,65.0,0.25,0.0566500015556812,0.0549999997019767,0.0901499986648559,0.0990500003099441,0.1724999994039535,0.2587499916553497,0.2908500134944916,0.2824000120162964,0.3132500052452087,0.294950008392334,0.3080500066280365,0.2162999957799911,0.4806658923625946,0.2415915876626968,0.3130549270743138,0.3120143101861307,1.090828537940979,10,2,296,186,0.1452240414089626,303.35650880601673,302.5453998989529,0.0012047889595501,1463.3333333333333,714.4,748.8,294,332,374
Gudladona,14.762,79.828,28_515_shc_2023-24.7558,151,38,33.0,0.18,0.052700001746416,0.0689999982714653,0.1066000014543533,0.1516000032424926,0.201100006699562,0.2451999932527542,0.2718999981880188,0.2755999863147735,0.2992999851703644,0.2985999882221222,0.4041999876499176,0.302700012922287,0.2902621328830719,0.1562827378511428,0.1858847239901578,0.2006039438128504,1.466618299484253,45,1,134,177,0.2913965861002604,303.34452421400283,302.57063318888345,0.0011502324084453,1455.5333333333333,735.9333333333333,719.6,310,309,380
Gudladona,14.762,79.828,28_515_shc_2023-24.7704,51,36,26.0,0.18,0.052700001746416,0.0689999982714653,0.1066000014543533,0.1516000032424926,0.201100006699562,0.2451999932527542,0.2718999981880188,0.2755999863147735,0.2992999851703644,0.2985999882221222,0.4041999876499176,0.302700012922287,0.2902621328830719,0.1562827378511428,0.1858847239901578,0.2006039438128504,1.466618299484253,45,1,134,177,0.2913965861002604,303.34452421400283,302.57063318888345,0.0011502324084453,1455.5333333333333,735.9333333333333,719.6,310,309,380
Bogole,14.765,79.975,28_515_shc_2023-24.7128,50,7,150.0,0.91,0.0430000014603138,0.0571999996900558,0.0854000002145767,0.0886000022292137,0.1422999948263168,0.2445999979972839,0.2829000055789947,0.2840000092983246,0.3143999874591827,0.2973000109195709,0.2750999927520752,0.1759999990463256,0.5244230031967163,0.3323950469493866,0.352300597768571,0.3358927420715675,0.968661904335022,19,1,314,183,0.1452240414089626,303.35650880601673,302.5453998989529,0.0012047889595501,1463.3333333333333,714.4,748.8,346,309,345
Velagapadu,14.768,79.732,28_515_shc_2023-24.7595,113,22,124.0,0.88,0.0396500006318092,0.0494000017642974,0.0785000026226043,0.0899500027298927,0.1322499960660934,0.1885000020265579,0.2092999964952469,0.216399997472763,0.2327499985694885,0.2515999972820282,0.2612999975681305,0.1950999945402145,0.4127631485462188,0.241359531879425,0.2281502502278783,0.2352266287178464,1.2074861526489258,65,1,180,180,0.3218229081895616,303.3458317226834,302.605876244439,0.0011124116276403,1458.4,744.8,713.4666666666667,337,295,368
Ananthapuram,14.768,79.782,28_515_shc_2023-24.7573,63,16,143.0,0.89,0.0469000004231929,0.0692000016570091,0.0984999984502792,0.1195999979972839,0.1564999967813491,0.2074999958276748,0.230100005865097,0.2326000034809112,0.25450000166893,0.2648000121116638,0.2718999981880188,0.2092999964952469,0.320840448141098,0.1955795586109161,0.1973868207426488,0.1988969818486651,1.168959617614746,54,1,226,183,0.2913965861002604,303.34452421400283,302.57063318888345,0.0011502324084453,1457.2,739.6,717.6666666666666,302,351,347
Gudladona,14.768,79.832,28_515_shc_2023-24.7763,100,17,85.0,0.52,0.0377000011503696,0.046399999409914,0.0762000009417533,0.0916000008583068,0.1357000023126602,0.2343000024557113,0.2702000141143799,0.2684000134468078,0.2935999929904938,0.296999990940094,0.2777999937534332,0.1876000016927719,0.4911111295223236,0.3283840715885162,0.3006802888087772,0.3083721098505268,1.035022258758545,42,1,314,183,0.2913965861002604,303.34452421400283,302.57063318888345,0.0011502324084453,1455.5333333333333,735.9333333333333,719.6,303,324,373
Ananthapuram,14.775,79.785,28_515_shc_2023-24.7561,63,55,72.0,1.03,0.0436999984085559,0.0627999976277351,0.093199998140335,0.0983999967575073,0.1446000039577484,0.2590000033378601,0.3021999895572662,0.305400013923645,0.3348999917507171,0.335999995470047,0.25,0.1635999977588653,0.512630045413971,0.3573333323001861,0.3632088984153269,0.3435494822745101,0.8185985088348389,55,2,90,174,0.2913965861002604,303.34452421400283,302.57063318888345,0.0011502324084453,1457.2,739.6,717.6666666666666,310,337,353
Gundemadakala,14.782,79.482,28_515_shc_2025-26.7715,188,19,234.0,0.54,0.0342000015079975,0.0623500011861324,0.0926000028848648,0.1019499972462654,0.1404999941587448,0.2545999884605407,0.2877500057220459,0.2854000031948089,0.3216499984264374,0.3439500033855438,0.2629500031471252,0.1617999970912933,0.4736027121543884,0.3402207195758819,0.3208345875244098,0.3101087606762092,0.9213384985923768,83,1,226,183,0.2110805935329861,303.16565051608615,302.4292432149251,0.0010406898636952,1471.1333333333334,716.9333333333333,754.2,300,275,425
Velagapadu,14.784418,79.723288,28_515_shc_2023-24.7582,188,48,299.0,0.21,0.0584000013768672,0.0529000014066696,0.0857999995350837,0.0829999968409538,0.1339000016450882,0.2484000027179718,0.2856000065803528,0.3009999990463257,0.3120000064373016,0.2885999977588653,0.2465000003576278,0.1765999943017959,0.5677083730697632,0.3842262625694275,0.3886610927803594,0.3699095077255568,0.8189368844032288,64,3,314,186,0.3218229081895616,303.3458317226834,302.605876244439,0.0011124116276403,1458.4,744.8,713.4666666666667,316,293,391
Velagapadu,14.788,79.722,28_515_shc_2023-24.7562,50,82,345.0,0.48,0.0375499986112117,0.0614000000059604,0.0882999971508979,0.1130999997258186,0.1555500030517578,0.2208999991416931,0.2466000020503997,0.2504000067710876,0.2781000137329101,0.2779499888420105,0.3016999959945678,0.2079000025987625,0.3777166604995727,0.2336494624614715,0.2337419247023906,0.2385060903513049,1.2048721313476562,61,5,314,192,0.3218229081895616,303.3458317226834,302.605876244439,0.0011124116276403,1458.4,744.8,713.4666666666667,321,287,393
Allimadugu,14.788,79.998,28_515_shc_2023-24.7067,176,85,124.0,0.38,0.0654999986290931,0.0577999986708164,0.0891999974846839,0.0961000025272369,0.1763000041246414,0.2550500035285949,0.2808499932289123,0.2876000106334686,0.3073999881744385,0.2896000146865845,0.3111999928951263,0.2290499955415725,0.4990878403186798,0.2399224042892456,0.3346264124536303,0.3250537601917061,1.082058310508728,10,3,90,171,0.1452240414089626,303.35650880601673,302.5453998989529,0.0012047889595501,1463.3333333333333,714.4,748.8,330,333,338
Sankavaram,14.798,79.522,28_515_shc_2023-24.5606,163,78,150.0,0.18,0.0384000018239021,0.0512499995529651,0.0812999978661537,0.1319999992847442,0.1557500064373016,0.2014999985694885,0.2237499952316284,0.2302999943494796,0.2448000013828277,0.2382500022649765,0.2973999977111816,0.2311999946832656,0.271322101354599,0.1931096762418747,0.1500373879454058,0.1709961657029182,1.2913590669631958,101,1,90,177,0.2110805935329861,303.16565051608615,302.4292432149251,0.0010406898636952,1456.8666666666666,733.2666666666667,723.4,306,282,412
Lakshmipuram,14.798,79.798,28_515_shc_2023-24.7601,151,62,403.0,0.88,0.0426499992609024,0.0584999993443489,0.092749997973442,0.1103999987244606,0.1620000004768371,0.2447499930858612,0.2730000019073486,0.2838000059127807,0.2973999977111816,0.3042500019073486,0.2833499908447265,0.1901499927043914,0.4398782551288605,0.2732166945934295,0.2875717384040637,0.2908745352646218,0.9984143376350404,45,0,0,180,0.2913965861002604,303.34452421400283,302.57063318888345,0.0011502324084453,1450.4,735.0,715.2,319,307,374
Lakshmipuram,14.798,79.798,28_515_shc_2023-24.7602,100,20,254.0,0.32,0.0426499992609024,0.0584999993443489,0.092749997973442,0.1103999987244606,0.1620000004768371,0.2447499930858612,0.2730000019073486,0.2838000059127807,0.2973999977111816,0.3042500019073486,0.2833499908447265,0.1901499927043914,0.4398782551288605,0.2732166945934295,0.2875717384040637,0.2908745352646218,0.9984143376350404,45,0,0,180,0.2913965861002604,303.34452421400283,302.57063318888345,0.0011502324084453,1450.4,735.0,715.2,319,307,374
Lakshmipuram,14.798,79.798,28_515_shc_2023-24.7832,175,159,546.0,0.32,0.0426499992609024,0.0584999993443489,0.092749997973442,0.1103999987244606,0.1620000004768371,0.2447499930858612,0.2730000019073486,0.2838000059127807,0.2973999977111816,0.3042500019073486,0.2833499908447265,0.1901499927043914,0.4398782551288605,0.2732166945934295,0.2875717384040637,0.2908745352646218,0.9984143376350404,45,0,0,180,0.2913965861002604,303.34452421400283,302.57063318888345,0.0011502324084453,1450.4,735.0,715.2,319,307,374
Bogole,14.798,80.002,28_515_shc_2023-24.6499,38,48,228.0,0.61,0.0537500008940696,0.0710500031709671,0.1159999966621398,0.1184500008821487,0.1928000003099441,0.270550012588501,0.3088999986648559,0.3039999902248382,0.3378500044345855,0.333950012922287,0.2638500034809112,0.1620499938726425,0.4392235577106476,0.2238325178623199,0.313043026136511,0.3017236562385675,0.8679276704788208,8,2,0,180,0.1452240414089626,303.35650880601673,302.5453998989529,0.0012047889595501,1464.2,703.1333333333333,761.2,299,350,351
Allimadugu,14.798,80.008,28_515_shc_2023-24.6642,314,6,280.0,0.26,0.0557000003755092,0.0790000036358833,0.1142000034451484,0.1449999958276748,0.1838999986648559,0.2382999956607818,0.2619000077247619,0.2680000066757202,0.3039999902248382,0.3135499954223633,0.2820999920368194,0.1976000070571899,0.2978208363056183,0.1861031353473663,0.1989647597530567,0.2020810687471843,1.0526118278503418,5,3,123,171,0.1452240414089626,303.35650880601673,302.5453998989529,0.0012047889595501,1464.2,703.1333333333333,761.2,302,346,352
Mungamur,14.798,80.022,28_515_shc_2023-24.6552,88,110,618.0,0.38,0.0571000017225742,0.0729999989271164,0.1206000000238418,0.1293999999761581,0.1950999945402145,0.2897999882698059,0.3237999975681305,0.3332000076770782,0.3718000054359436,0.3476000130176544,0.3242000043392181,0.217299997806549,0.4405533969402313,0.2614045143127441,0.3261635069268673,0.3175774040316697,0.9729892015457152,6,0,0,180,0.1452240414089626,303.35650880601673,302.5453998989529,0.0012047889595501,1464.2,703.1333333333333,761.2,316,350,334
China Annaluru,14.802,79.792,28_515_shc_2023-24.7605,100,20,228.0,0.81,0.0411499999463558,0.0671999976038932,0.096900001168251,0.121299996972084,0.1564999967813491,0.2316000014543533,0.2675999999046325,0.2795999944210052,0.2953000068664551,0.2969000041484833,0.2823500037193298,0.1925500035285949,0.3948615491390228,0.2822746932506561,0.263236660331699,0.2635697618402743,1.0098354816436768,51,1,134,177,0.2913965861002604,303.34452421400283,302.57063318888345,0.0011502324084453,1450.4,735.0,715.2,304,304,392
Lakshmipuram,14.802,79.798,28_515_shc_2023-24.7771,88,26,299.0,0.52,0.0424499996006488,0.0544000007212162,0.0842000022530555,0.0866999998688697,0.1404500007629394,0.2618499994277954,0.2969500124454498,0.2960000038146972,0.3228000104427337,0.3194000124931335,0.2677499949932098,0.1735000014305114,0.5469036102294922,0.3563982248306274,0.3715736477413449,0.3556701083138173,0.9045608043670654,45,4,14,177,0.2913965861002604,303.34452421400283,302.57063318888345,0.0011502324084453,1450.4,735.0,715.2,317,305,379
Mungamur,14.808,80.028,28_515_shc_2023-24.6562,13,73,624.0,0.25,0.0604999996721744,0.0887999981641769,0.1218999996781349,0.151199996471405,0.1937000006437301,0.261350005865097,0.2982999980449676,0.31700000166893,0.3382500112056732,0.3282000124454498,0.3203499913215637,0.2469000071287155,0.3541221916675567,0.2414333224296569,0.2660120745213175,0.2568684241623391,1.0105677843093872,5,2,0,180,0.1452240414089626,303.35650880601673,302.5453998989529,0.0012047889595501,1464.2,703.1333333333333,761.2,362,327,311
China Annaluru,14.812,79.692,28_515_shc_2023-24.7755,63,3,273.0,1.13,0.0348999984562397,0.0425999984145164,0.0692000016570091,0.0631999969482421,0.1207000017166137,0.2639999985694885,0.3050000071525574,0.3244000077247619,0.3287999927997589,0.3003999888896942,0.217299997806549,0.1360000073909759,0.6738906502723694,0.4576499760150909,0.4717867396325819,0.4414150677129846,0.6698520183563232,63,4,104,168,0.3218229081895616,303.3458317226834,302.605876244439,0.0011124116276403,1457.4,749.0,708.3333333333334,301,310,390
Kodandaramapuram,14.812,79.822,28_515_shc_2023-24.6357,151,22,137.0,0.39,0.0384999997913837,0.0518999993801116,0.0802000015974044,0.0930000022053718,0.1495999991893768,0.2569999992847442,0.2989000082015991,0.3143999874591827,0.330700010061264,0.3341000080108642,0.2296999990940094,0.1388999968767166,0.5434462428092957,0.3551723957061767,0.3731921660934268,0.3659907225737199,0.730597972869873,37,1,0,180,0.2913965861002604,303.34452421400283,302.57063318888345,0.0011502324084453,1450.4,735.0,715.2,302,316,381
Bitragunta,14.812,79.978,28_515_shc_2023-24.6488,50,12,117.0,0.64,0.0582000017166137,0.0757500007748603,0.1124000027775764,0.1414999961853027,0.2004500031471252,0.2596499919891357,0.2865499854087829,0.2976000010967254,0.3077000081539154,0.3058499991893768,0.3693000078201294,0.2718999981880188,0.3554998934268951,0.1950607299804687,0.2472323090976342,0.2493344777391312,1.2409274578094482,16,3,226,186,0.1452240414089626,303.35650880601673,302.5453998989529,0.0012047889595501,1461.7333333333331,712.1333333333333,749.8,332,332,337
Pedakonduru,14.815,79.735,28_515_shc_2023-24.7795,188,20,559.0,0.22,0.0505499988794326,0.0648000016808509,0.09740000218153,0.1124000027775764,0.1546500027179718,0.2134000062942505,0.2351499944925308,0.2437999993562698,0.260450005531311,0.2555499970912933,0.2687000036239624,0.2079000025987625,0.3688938617706299,0.2237419933080673,0.2293674002676752,0.2302032169783016,1.1021329164505005,70,4,284,192,0.3218229081895616,303.3458317226834,302.605876244439,0.0011124116276403,1455.5333333333333,745.4,710.2666666666667,306,320,374
Nagasamudram,14.818,79.658,28_515_shc_2023-24.7736,100,17,637.0,0.12,0.0414000004529953,0.0516999997198581,0.0808999985456466,0.0879999995231628,0.1433999985456466,0.2337999939918518,0.2648999989032745,0.2732000052928924,0.2879999876022339,0.3050000071525574,0.2599000036716461,0.1710000038146972,0.5127353072166443,0.31156986951828,0.3275673090236536,0.3225731619845149,0.9513177275657654,68,1,270,183,0.3218229081895616,303.3458317226834,302.605876244439,0.0011124116276403,1459.7333333333331,752.7333333333333,707.1333333333333,299,323,378
Pedakonduru,14.818,79.738,28_515_shc_2023-24.7590,100,123,319.0,0.54,0.0531999990344047,0.0706499963998794,0.1040000021457672,0.123099997639656,0.1696500033140182,0.2224500030279159,0.248999997973442,0.2639999985694885,0.2832500040531158,0.2734499871730804,0.2960500121116638,0.2326000034809112,0.3639886379241943,0.2175717651844024,0.2391824675997955,0.2382482271422762,1.12140154838562,71,4,333,186,0.3218229081895616,303.3458317226834,302.605876244439,0.0011124116276403,1455.5333333333333,745.4,710.2666666666667,302,332,366
Bitragunta,14.818,79.958,28_515_shc_2023-24.6482,75,97,163.0,0.78,0.0511000007390975,0.0645999982953071,0.0979999974370002,0.120399996638298,0.1578000038862228,0.2460000067949295,0.2799000144004822,0.2666000127792358,0.3093999922275543,0.3170999884605407,0.2658999860286712,0.1840000003576278,0.3777778148651123,0.2563619315624237,0.2429378790574171,0.2472379051668944,0.9973742365837096,10,0,0,180,0.1452240414089626,303.35650880601673,302.5453998989529,0.0012047889595501,1454.8,714.4,740.4,315,330,354
Juvvaladinne,14.818,80.042,28_515_shc_2023-24.6508,50,29,247.0,0.51,0.0702999979257583,0.092799998819828,0.1381999999284744,0.1454000025987625,0.2073000073432922,0.2574000060558319,0.3019999861717224,0.2845999896526336,0.3210000097751617,0.3307999968528747,0.3506999909877777,0.248999997973442,0.3237209022045135,0.1571457237005233,0.2381929940294255,0.2245161100220356,1.2322558164596558,7,3,145,174,0.1452240414089626,303.35650880601673,302.5453998989529,0.0012047889595501,1467.8,694.8666666666667,773.0,347,349,304
Jaladanki,14.822,79.908,28_515_shc_2023-24.5458,201,21,332.0,0.28,0.0469500012695789,0.0593999996781349,0.0930500030517578,0.0883499979972839,0.1550499945878982,0.2655999958515167,0.3050999939441681,0.3138000071048736,0.3341000080108642,0.3176499903202057,0.2692500054836273,0.1650000065565109,0.5606117248535156,0.3385944664478302,0.4030499311896204,0.3748545272391705,0.8580306172370911,11,0,0,180,0.2112484825981987,303.31777182685005,302.4691791958279,0.0011770449150262,1448.5333333333333,721.1333333333333,727.2666666666667,341,327,332
Kaligiri,14.825,79.695,28_515_shc_2023-24.7809,113,62,33.0,0.11,0.0524000003933906,0.0703999996185302,0.1001999974250793,0.1405999958515167,0.1771000027656555,0.2284000068902969,0.2497999966144561,0.2481999993324279,0.2712000012397766,0.2802999913692474,0.2971999943256378,0.2339999973773956,0.2767489850521087,0.1671760976314544,0.1720168900157454,0.1815931661745382,1.1974214315414429,71,1,46,177,0.3218229081895616,303.3458317226834,302.605876244439,0.0011124116276403,1457.4,749.0,708.3333333333334,310,297,393
Bitragunta,14.825,79.955,28_515_shc_2023-24.6595,125,21,91.0,0.28,0.05180000141263,0.0620499998331069,0.0914999991655349,0.1070000007748603,0.1553999930620193,0.2253500074148178,0.2578499913215637,0.2621999979019165,0.2813499867916107,0.2829500138759613,0.2259999960660934,0.1715999990701675,0.42036834359169,0.2557471394538879,0.2696644774674936,0.2678324850954743,0.8619374632835388,10,1,134,177,0.1452240414089626,303.35650880601673,302.5453998989529,0.0012047889595501,1454.8,714.4,740.4,312,335,353
Yerukollu,14.828,79.462,28_515_shc_2023-24.5676,226,1,267.0,0.41,0.0357999987900257,0.048599999397993,0.0736000016331672,0.0792500004172325,0.1090999990701675,0.2610499858856201,0.3140000104904175,0.287200003862381,0.3431999981403351,0.3332999944686889,0.2240000069141388,0.1195499971508979,0.5674716830253601,0.449407011270523,0.371817339842076,0.3600034665901633,0.7799443006515503,102,1,270,183,0.2110805935329861,303.16565051608615,302.4292432149251,0.0010406898636952,1466.2666666666669,718.3333333333334,747.9333333333333,334,262,403
Pedakonduru,14.828,79.728,28_515_shc_2023-24.7843,75,61,357.0,0.28,0.0423999987542629,0.0548000000417232,0.0777999982237815,0.1177999973297119,0.1600999981164932,0.1993999928236007,0.2126999944448471,0.1992000043392181,0.2298000007867813,0.2113000005483627,0.2912000119686126,0.2400999963283538,0.2567823529243469,0.108822725713253,0.1361204141515646,0.1494492169704272,1.4618474245071411,75,1,270,183,0.3218229081895616,303.3458317226834,302.605876244439,0.0011124116276403,1455.5333333333333,745.4,710.2666666666667,307,317,376
Gowravaram,14.828319,79.994628,28_515_shc_2023-24.7311,100,1,208.0,0.48,0.0544000007212162,0.0825000032782554,0.1137999966740608,0.145699992775917,0.1657000035047531,0.25,0.2845000028610229,0.2660999894142151,0.3022499978542328,0.3264999985694885,0.3079499900341034,0.217749997973442,0.2923749387264251,0.2325150221586227,0.1978245914550148,0.1980697504771256,1.1572717428207395,10,4,46,171,0.1452240414089626,303.35650880601673,302.5453998989529,0.0012047889595501,1461.7333333333331,712.1333333333333,749.8,306,347,347
Kaligiri,14.832,79.662,28_515_shc_2023-24.7666,75,85,39.0,0.91,0.0403000004589557,0.0476000010967254,0.0806000009179115,0.1246000006794929,0.1699000000953674,0.221900001168251,0.2486000061035156,0.2520000040531158,0.2689999938011169,0.2739000022411346,0.303600013256073,0.2276999950408935,0.3382899761199951,0.1945958882570266,0.1938999199151034,0.2180013735212401,1.204761981964111,71,3,252,189,0.3218229081895616,303.3458317226834,302.605876244439,0.0011124116276403,1459.7333333333331,752.7333333333333,707.1333333333333,318,306,376
Pedakonduru,14.832,79.732,28_515_shc_2023-24.7589,75,19,345.0,0.58,0.0392999984323978,0.0507999993860721,0.0798500031232833,0.0983500033617019,0.149399995803833,0.2264000028371811,0.2515000104904175,0.2786999940872192,0.2840000092983246,0.290800005197525,0.3085500001907348,0.2119999974966049,0.4783185124397278,0.3020322322845459,0.3030481053217725,0.3084487621859107,1.1071044206619265,70,6,90,162,0.3218229081895616,303.3458317226834,302.605876244439,0.0011124116276403,1455.5333333333333,745.4,710.2666666666667,315,315,370
China Kraka,14.832,79.818,28_515_shc_2023-24.6276,138,85,163.0,0.18,0.0535999983549118,0.0636000037193298,0.100500002503395,0.1137999966740608,0.1675000041723251,0.2515999972820282,0.2854999899864197,0.2946000099182129,0.3136000037193298,0.3109999895095825,0.3235000073909759,0.2180999964475631,0.4427032470703125,0.2750487029552459,0.3012530288840505,0.2985469153435988,1.0980991125106812,37,3,161,177,0.2913965861002604,303.34452421400283,302.57063318888345,0.0011502324084453,1450.4,735.0,715.2,288,356,356
Somavarappadu,14.832,79.898,28_515_shc_2023-24.6781,88,20,143.0,0.41,0.0430000014603138,0.0470499992370605,0.0754500031471252,0.0680999979376792,0.1394000053405761,0.2414000034332275,0.2867999970912933,0.2930999994277954,0.3181999921798706,0.3098999857902527,0.2544499933719635,0.1501999944448471,0.6229236125946045,0.3553757071495056,0.4170296419016159,0.3918950339847092,0.8681337237358093,19,2,116,174,0.2112484825981987,303.31777182685005,302.4691791958279,0.0011770449150262,1448.5333333333333,721.1333333333333,727.2666666666667,334,325,341
Thurpuyerraballe,14.835,79.575,28_515_shc_2023-24.7388,138,23,176.0,0.53,0.0474000014364719,0.0496999993920326,0.0728000029921531,0.0820999965071678,0.1318999975919723,0.2232999950647354,0.2518999874591827,0.2524000108242035,0.2720000147819519,0.2671999931335449,0.2572999894618988,0.1838999986648559,0.5091181397438049,0.3135571479797363,0.3102569047343134,0.3061114670237707,1.0194135904312134,96,2,0,180,0.2080176035563151,303.1631168789333,302.4351676940918,0.0010728165609153,1462.6,743.4666666666667,719.2,310,281,409
Brahmanakraka,14.835,79.915,28_515_shc_2023-24.4992,163,17,163.0,0.12,0.049049999564886,0.061099998652935,0.0934000015258789,0.1040999963879585,0.1606999933719635,0.2439499944448471,0.2860499918460846,0.2845999896526336,0.3089999854564667,0.3037500083446502,0.2921000123023987,0.1981000006198883,0.4643684029579162,0.2782393991947174,0.3110031289691772,0.3046584833463089,1.026352882385254,14,3,134,174,0.2112484825981987,303.31777182685005,302.4691791958279,0.0011770449150262,1446.5333333333333,720.4,726.0666666666667,307,342,351
China Annaluru,14.838,79.652,28_515_shc_2023-24.7682,113,20,208.0,0.55,0.0370999984443187,0.0417000018060207,0.0671999976038932,0.066500000655651,0.1172999963164329,0.2337000072002411,0.2784000039100647,0.2741999924182892,0.3016000092029571,0.2976000010967254,0.2275000065565109,0.1389999985694885,0.6096272468566895,0.4007662832736969,0.3816751706925805,0.3705840254676391,0.8296864032745361,71,0,0,180,0.3218229081895616,303.3458317226834,302.605876244439,0.0011124116276403,1452.1333333333334,756.7333333333333,695.4,317,298,386
Gowravaram,14.838,79.988,28_515_shc_2023-24.7306,50,4,59.0,0.22,0.0383000001311302,0.0526000000536441,0.0768000036478042,0.0714000016450882,0.1164000034332275,0.2234999984502792,0.2680999934673309,0.2784000039100647,0.2897000014781952,0.2966000139713287,0.1597999930381775,0.0851000025868415,0.5917667150497437,0.4103343486785888,0.3943458053697931,0.3653800910422717,0.5739942193031311,9,2,153,177,0.1452240414089626,303.35650880601673,302.5453998989529,0.0012047889595501,1461.0666666666666,707.1333333333333,753.8,316,346,339
Gowravaram,14.838,79.988,28_515_shc_2023-24.5094,25,1,91.0,0.3,0.0383000001311302,0.0526000000536441,0.0768000036478042,0.0714000016450882,0.1164000034332275,0.2234999984502792,0.2680999934673309,0.2784000039100647,0.2897000014781952,0.2966000139713287,0.1597999930381775,0.0851000025868415,0.5917667150497437,0.4103343486785888,0.3943458053697931,0.3653800910422717,0.5739942193031311,9,2,153,177,0.1452240414089626,303.35650880601673,302.5453998989529,0.0012047889595501,1461.0666666666666,707.1333333333333,753.8,316,346,339
Vinjamur,14.842,79.582,28_515_shc_2023-24.5776,75,80,156.0,0.62,0.0542999990284442,0.0799999982118606,0.1037999987602233,0.1263999938964843,0.1444000005722046,0.1850000023841858,0.2063000053167343,0.1985999941825866,0.2243999987840652,0.2293999940156936,0.2289000004529953,0.2002999931573867,0.2221538573503494,0.1580174714326858,0.1330140048462157,0.1312727296897531,1.152567982673645,103,6,161,174,0.2080176035563151,303.1631168789333,302.4351676940918,0.0010728165609153,1462.6,743.4666666666667,719.2,311,275,414
Kummarakonduru,14.842,79.588,28_515_shc_2023-24.7634,138,22,124.0,0.71,0.0504000000655651,0.0636000037193298,0.0945999994874,0.1224000006914138,0.1679999977350235,0.2286999970674514,0.250900000333786,0.2578000128269195,0.261599987745285,0.262499988079071,0.2825999855995178,0.2328999936580658,0.3561283648014068,0.2108971625566482,0.2234028727417025,0.2307430300886131,1.0961984395980835,99,3,90,171,0.2080176035563151,303.1631168789333,302.4351676940918,0.0010728165609153,1458.0,751.7333333333333,706.2666666666667,296,283,421
China Kraka,14.842,79.838,28_515_shc_2023-24.5790,188,69,137.0,0.31,0.0412000007927417,0.0549000017344951,0.0873999968171119,0.1026000007987022,0.1539999991655349,0.2427999973297119,0.2849999964237213,0.2994000017642975,0.3181000053882599,0.3177999854087829,0.2276999950408935,0.1372999995946884,0.489552229642868,0.3206881284713745,0.3272908727927724,0.3272727279485509,0.7605209946632385,31,2,0,180,0.2913965861002604,303.34452421400283,302.57063318888345,0.0011502324084453,1448.2,728.0666666666667,720.0666666666667,309,324,367
Vinjamur,14.844402,79.618837,28_515_shc_2023-24.6743,163,91,130.0,0.48,0.0357999987900257,0.0320999994874,0.0538999997079372,0.0548000000417232,0.0965000018477439,0.2027000039815902,0.24269999563694,0.2368000000715255,0.2640999853610992,0.2605000138282776,0.1956000030040741,0.1256999969482422,0.6241426467895508,0.420942097902298,0.3434351048372494,0.3448711470510955,0.8260135054588318,88,6,350,183,0.2080176035563151,303.1631168789333,302.4351676940918,0.0010728165609153,1458.0,751.7333333333333,706.2666666666667,304,277,419
Vinjamur,14.845333,79.580668,28_515_shc_2023-24.5111,88,3,176.0,0.78,0.0425000004470348,0.0917999967932701,0.1275999993085861,0.1718000024557113,0.1703999936580658,0.2251999974250793,0.2567999958992004,0.2608000040054321,0.2723999917507171,0.2718999981880188,0.2759000062942505,0.2251999974250793,0.2057327777147293,0.2096475213766098,0.1387935861364232,0.143148189362728,1.057898759841919,104,2,0,180,0.2080176035563151,303.1631168789333,302.4351676940918,0.0010728165609153,1462.6,743.4666666666667,719.2,294,276,431
Vinjamur,14.848,79.622,28_515_shc_2023-24.5207,151,27,364.0,0.32,0.0383000001311302,0.0432000011205673,0.0723000019788742,0.06700000166893,0.1361999958753585,0.2526000142097473,0.2854999899864197,0.311599999666214,0.3019999861717224,0.3233000040054321,0.2590000033378601,0.1704999953508377,0.6460644602775574,0.3916927278041839,0.4400546879907187,0.417596171680372,0.8311938643455505,86,2,90,174,0.2080176035563151,303.1631168789333,302.4351676940918,0.0010728165609153,1458.0,751.7333333333333,706.2666666666667,295,271,434
Thallapalem,14.848,79.988,28_515_shc_2023-24.7179,138,13,137.0,0.56,0.0577999986708164,0.0769999995827674,0.1096000000834465,0.1415999978780746,0.1664000004529953,0.219200000166893,0.2354999929666519,0.2169999927282333,0.2391999959945678,0.2599999904632568,0.2727000117301941,0.1968999952077865,0.21026211977005,0.1319770365953445,0.1265865215643188,0.1317260581325786,1.2566821575164795,7,2,296,186,0.1452240414089626,303.35650880601673,302.5453998989529,0.0012047889595501,1461.0666666666666,707.1333333333333,753.8,301,352,347
Duttalur,14.852,79.448,28_515_shc_2023-24.7040,100,14,240.0,0.44,0.0428999997675418,0.0599999986588954,0.0876000002026557,0.0957999974489212,0.1363999992609024,0.1868000030517578,0.2119999974966049,0.209999993443489,0.2241999953985214,0.2309000045061111,0.2167000025510788,0.1719000041484832,0.3734467029571533,0.2124711126089096,0.2138897156962268,0.2125837626308978,1.0319048166275024,111,3,303,189,0.2427232106526692,303.04275555080835,302.3309196472168,0.0010299102776696,1463.4,696.2,767.3333333333334,303,294,403
Kummarakonduru,14.852,79.798,28_515_shc_2023-24.7643,138,13,137.0,0.31,0.0728000029921531,0.100500002503395,0.1151999980211258,0.1335999965667724,0.1749999970197677,0.2204499989748001,0.244949996471405,0.228300005197525,0.2728999853134155,0.2781000137329101,0.3250499963760376,0.2696000039577484,0.2616745233535766,0.1321596950292587,0.1855189655741247,0.1648103175024416,1.4237844944000244,41,1,180,180,0.2723537445068359,303.2297455681695,302.4905116611057,0.0011620333558892,1455.0666666666666,734.4666666666667,720.5333333333333,299,337,364
Duttalur,14.855,79.405,28_515_shc_2023-24.6445,151,1,26.0,0.42,0.0599500015377998,0.0702499970793724,0.0982000008225441,0.1212000027298927,0.1638499945402145,0.2352499961853027,0.2689999938011169,0.2763000130653381,0.2942999899387359,0.2904500067234039,0.3429000079631805,0.2537499964237213,0.3901886940002441,0.2554811239242553,0.2625920679621895,0.2592200684219802,1.2410422563552856,141,4,345,183,0.2427232106526692,303.04275555080835,302.3309196472168,0.0010299102776696,1465.8666666666666,685.4,780.4666666666667,306,268,426
Kaligiri,14.855,79.735,28_515_shc_2023-24.7557,51,20,650.0,0.52,0.0388000011444091,0.0590000003576278,0.0899000018835067,0.1263999938964843,0.166700005531311,0.2184000015258789,0.2401999980211258,0.2513999938964844,0.2680000066757202,0.2603999972343445,0.3319000005722046,0.2486000061035156,0.3308629095554352,0.2025830894708633,0.1993874874328791,0.2136021902568337,1.320206880569458,67,3,46,174,0.3233258141411675,303.2717540317112,302.53017637464734,0.0011360377000502,1458.7333333333331,746.9333333333333,711.7333333333333,334,284,382
Brahmanakraka,14.855,79.885,28_515_shc_2023-24.6878,75,48,130.0,0.18,0.0461999997496604,0.0746000036597251,0.1098000034689903,0.1503999978303909,0.2005999982357025,0.2605000138282776,0.295199990272522,0.2962000072002411,0.3185999989509582,0.3030999898910522,0.3497999906539917,0.2485000044107437,0.3264666497707367,0.1924315840005874,0.2223781531463077,0.2310374106195975,1.1809587478637695,23,2,90,174,0.2133649614122179,303.20196779039173,302.37590120103624,0.0011762973566241,1446.5333333333333,720.4,726.0666666666667,320,331,349
Ravulakollu,14.858,79.742,28_515_shc_2023-24.7566,125,19,579.0,0.45,0.0384999997913837,0.0505999997258186,0.0773999989032745,0.0925000011920929,0.1428000032901764,0.2504999935626983,0.2845000028610229,0.2833999991416931,0.3147999942302704,0.314300000667572,0.3037000000476837,0.2166000008583068,0.5078478455543518,0.3298920691013336,0.3271300240881931,0.3269208777432112,1.0716302394866943,61,0,0,180,0.3233258141411675,303.2717540317112,302.53017637464734,0.0011360377000502,1458.7333333333331,746.9333333333333,711.7333333333333,351,281,368
Brahmanakraka,14.858,79.892,28_515_shc_2023-24.7296,88,16,111.0,0.27,0.0463000014424324,0.0438000001013278,0.0715000033378601,0.0614000000059604,0.133200004696846,0.2567999958992004,0.2973999977111816,0.3248000144958496,0.3222000002861023,0.3009999990463257,0.25,0.1627999991178512,0.6820300221443176,0.4183406233787536,0.482523653242159,0.4458361715971589,0.7697044014930725,20,1,314,183,0.2133649614122179,303.20196779039173,302.37590120103624,0.0011762973566241,1446.5333333333333,720.4,726.0666666666667,324,324,352
Somalaregada,14.858277,79.365639,28_515_shc_2023-24.6982,226,5,273.0,0.55,0.0437499992549419,0.0842500030994415,0.1150999963283538,0.148499995470047,0.1679999977350235,0.274399995803833,0.3141500055789947,0.3172000050544739,0.3448500037193298,0.3147999942302704,0.2997500002384186,0.1970999985933303,0.3622503876686096,0.3075020611286163,0.2675527166670682,0.2620379147138821,0.9449873566627502,146,1,180,180,0.2427232106526692,303.04275555080835,302.3309196472168,0.0010299102776696,1466.2,667.2666666666667,798.9333333333333,357,254,389
Somalaregada,14.861701,79.365534,28_515_shc_2023-24.6314,113,1,91.0,0.11,0.0300500001758337,0.0394500009715557,0.0674000009894371,0.0521499998867511,0.1142000034451484,0.2540499866008758,0.3021000027656555,0.3201999962329864,0.3282999992370605,0.3077000081539154,0.2365999966859817,0.1449500024318695,0.7198871970176697,0.4742172956466675,0.5011310712448889,0.460910180899645,0.7389131784439087,145,1,180,180,0.2427232106526692,303.04275555080835,302.3309196472168,0.0010299102776696,1466.2,667.2666666666667,798.9333333333333,357,260,383
Krakuturu,14.862,79.758,28_515_shc_2023-24.7815,226,12,163.0,0.21,0.0381999984383583,0.0488499999046325,0.0775500014424324,0.1042999997735023,0.1383499950170517,0.2408500015735626,0.2598499953746795,0.2623000144958496,0.2912000119686126,0.289900004863739,0.2743000090122223,0.2071000039577484,0.4309874773025512,0.3093723058700561,0.2595738607239941,0.2734825965625449,1.0457490682601929,59,3,161,177,0.2723537445068359,303.2297455681695,302.4905116611057,0.0011620333558892,1455.8,741.9333333333333,713.8,311,323,365
China Annaluru,14.868,79.618,28_515_shc_2023-24.7757,125,19,104.0,0.29,0.0300999991595745,0.0377999991178512,0.0617999993264675,0.091399997472763,0.1150999963283538,0.1784999966621399,0.1987999975681305,0.1917999982833862,0.2193000018596649,0.2567000091075897,0.2328999936580658,0.1771000027656555,0.354519784450531,0.2499185502529144,0.1723072724618013,0.1922880516240762,1.2142857313156128,88,2,180,180,0.2160569085015191,303.1444211324056,302.41895133124456,0.0011003672188936,1458.0,751.7333333333333,706.2666666666667,314,273,413
China Annaluru,14.868,79.618,28_515_shc_2023-24.7769,163,23,130.0,0.48,0.0300999991595745,0.0377999991178512,0.0617999993264675,0.091399997472763,0.1150999963283538,0.1784999966621399,0.1987999975681305,0.1917999982833862,0.2193000018596649,0.2567000091075897,0.2328999936580658,0.1771000027656555,0.354519784450531,0.2499185502529144,0.1723072724618013,0.1922880516240762,1.2142857313156128,88,2,180,180,0.2160569085015191,303.1444211324056,302.41895133124456,0.0011003672188936,1458.0,751.7333333333333,706.2666666666667,314,273,413
Thallapalem,14.868,79.998,28_515_shc_2023-24.7323,201,8,124.0,0.38,0.0405500009655952,0.0640000030398368,0.0952000021934509,0.0817999988794326,0.1486999988555908,0.25,0.2863999903202057,0.2917999923229217,0.3131999969482422,0.2797999978065491,0.1985999941825866,0.1101000010967254,0.562098503112793,0.3248580992221832,0.4030400726251456,0.3605769154503909,0.6806031465530396,9,2,153,177,0.131563737657335,303.2977902730306,302.51826231214733,0.0011936099590228,1461.0666666666666,707.1333333333333,753.8,319,341,340
Musunuru (Part),14.872,79.988,28_515_shc_2023-24.5858,213,40,78.0,0.68,0.0465000011026859,0.0529000014066696,0.0851999968290329,0.068800002336502,0.1182999983429908,0.2238000035285949,0.2588500082492828,0.2551999986171722,0.2874499857425689,0.3218500018119812,0.2026000022888183,0.1118500009179115,0.575308620929718,0.3665328025817871,0.3665683303338873,0.33932038118617,0.7938871383666992,10,2,0,180,0.131563737657335,303.2977902730306,302.51826231214733,0.0011936099590228,1461.0666666666666,707.1333333333333,753.8,327,342,330
Jaladanki,14.875,79.905,28_515_shc_2023-24.5653,138,27,116.0,0.2,0.0529000014066696,0.050000000745058,0.0750999972224235,0.0700000002980232,0.1388999968767166,0.2325499951839447,0.2658500075340271,0.2610999941825866,0.2881500124931335,0.2922500073909759,0.2836999893188476,0.1852499991655349,0.5771670341491699,0.3055000007152557,0.3657836216439983,0.3449043348941243,1.086556911468506,18,3,314,186,0.2133649614122179,303.20196779039173,302.37590120103624,0.0011762973566241,1446.5333333333333,720.4,726.0666666666667,305,329,366
Jaladanki,14.878,79.908,28_515_shc_2023-24.5962,176,16,176.0,0.1,0.0427000001072883,0.0538000017404556,0.0846000015735626,0.0741999968886375,0.1305000036954879,0.228300005197525,0.2679499983787536,0.2621999979019165,0.2976999878883362,0.3048999905586242,0.2088499963283538,0.1143999993801117,0.5588585138320923,0.3353704810142517,0.3604571015597358,0.337159257862663,0.7965293526649475,17,2,180,180,0.2133649614122179,303.20196779039173,302.37590120103624,0.0011762973566241,1442.4666666666667,719.6,722.8,305,332,363
Jaladanki,14.880746,79.904194,28_515_shc_2023-24.6359,163,17,189.0,0.25,0.0493000000715255,0.0618500001728534,0.090999998152256,0.091849997639656,0.1615999937057495,0.2605499923229217,0.292600005865097,0.3070000112056732,0.3217499852180481,0.3244499862194061,0.3040499985218048,0.2146999984979629,0.5394258499145508,0.3102859854698181,0.3857878287620133,0.3590421284676863,0.9903908371925354,17,2,180,180,0.2133649614122179,303.20196779039173,302.37590120103624,0.0011762973566241,1442.4666666666667,719.6,722.8,306,333,361
Budamagunta,14.884256,79.957311,28_515_shc_2023-24.5428,125,32,72.0,0.53,0.0447999984025955,0.0617999993264675,0.0986000001430511,0.1159999966621398,0.1643999963998794,0.2369000017642974,0.2644999921321869,0.2651999890804291,0.2885999977588653,0.2714000046253204,0.2486000061035156,0.1755000054836273,0.3913955986499786,0.2346368581056594,0.2490485327468077,0.253971847762619,0.93740576505661,13,2,90,174,0.131563737657335,303.2977902730306,302.51826231214733,0.0011936099590228,1450.1333333333334,714.6666666666666,735.6,314,357,329
Thamidapadu,14.885,79.565,28_515_shc_2023-24.6759,88,62,169.0,0.48,0.0362999998033046,0.0423999987542629,0.0681999996304512,0.1168000027537345,0.1483000069856643,0.196600005030632,0.2247000038623809,0.2047999948263168,0.2407000064849853,0.2393999993801117,0.2860000133514404,0.2268999963998794,0.2736318111419678,0.1600112915039062,0.1385739338083384,0.1606621086875211,1.3964844942092896,98,1,0,180,0.2160569085015191,303.1444211324056,302.41895133124456,0.0011003672188936,1455.9333333333334,735.9333333333333,720.0,305,290,405
Jaladanki,14.885,79.905,28_515_shc_2023-24.5451,163,14,176.0,0.28,0.0604999996721744,0.0719000026583671,0.1062000021338462,0.1243999972939491,0.1891500055789947,0.263700008392334,0.295549988746643,0.3039000034332275,0.3299500048160553,0.3191500008106231,0.3296000063419342,0.2368499934673309,0.4190987646579742,0.2327350080013275,0.296978938533823,0.2900463309253503,1.084567308425903,17,1,0,180,0.2133649614122179,303.20196779039173,302.37590120103624,0.0011762973566241,1442.4666666666667,719.6,722.8,308,335,357
Mandallanaidupalle,14.888,79.388,28_515_shc_2023-24.6372,301,8,59.0,0.13,0.0346000008285045,0.0447999984025955,0.0700000002980232,0.063400000333786,0.1240999996662139,0.215499997138977,0.2477999925613403,0.2578000128269195,0.2754000127315521,0.2948000133037567,0.2515000104904175,0.1697999984025955,0.6052303910255432,0.3500916659832001,0.3732145762762155,0.3550901291603308,0.9755624532699584,127,1,270,183,0.2427232106526692,303.04275555080835,302.3309196472168,0.0010299102776696,1461.5333333333333,682.8666666666667,778.8,352,245,403
Budamagunta,14.888,79.942,28_515_shc_2023-24.6350,113,38,91.0,0.79,0.0432499982416629,0.0533500015735626,0.0858500003814697,0.0907500013709068,0.1500499993562698,0.229650005698204,0.2659499943256378,0.2709999978542328,0.293749988079071,0.2939000129699707,0.2150000035762787,0.13680000603199,0.4982722699642181,0.2872580289840698,0.3183785166687919,0.313751082063362,0.7933579683303833,12,0,0,180,0.2133649614122179,303.20196779039173,302.37590120103624,0.0011762973566241,1450.1333333333334,714.6666666666666,735.6,297,374,329
Budamagunta,14.888,79.948,28_515_shc_2023-24.6857,100,40,117.0,0.12,0.064300000667572,0.065200001001358,0.0930999964475631,0.0970000028610229,0.149399995803833,0.2258500009775161,0.2541500031948089,0.2718999981880188,0.2765499949455261,0.2779499888420105,0.2243999987840652,0.1578499972820282,0.4741122126579284,0.2907666862010956,0.3203531290238471,0.301933470679886,0.8253034353256226,16,3,303,189,0.2133649614122179,303.20196779039173,302.37590120103624,0.0011762973566241,1450.1333333333334,714.6666666666666,735.6,295,363,341
Narrawada,14.892,79.458,28_515_shc_2023-24.5470,138,6,85.0,0.62,0.045499999076128,0.0592000000178813,0.097300000488758,0.1777999997138977,0.2177000045776367,0.2326000034809112,0.2502999901771545,0.25,0.2612000107765198,0.2615000009536743,0.3695999979972839,0.3116999864578247,0.1687704473733902,0.0690613538026809,0.0963797527197928,0.1167277435466151,1.4783999919891355,127,2,153,177,0.2085823059082031,303.08084148830835,302.3562234666612,0.0010688264755596,1457.1333333333334,699.0666666666667,758.0666666666667,316,273,411
China Annaluru,14.892,79.678,28_515_shc_2023-24.7656,125,12,267.0,0.25,0.0395999997854232,0.052700001746416,0.0821999981999397,0.0754000023007392,0.1503999978303909,0.2630999982357025,0.3016000092029571,0.319599986076355,0.3314000070095062,0.2991999983787536,0.270900011062622,0.1755000054836273,0.6182278394699097,0.3599999845027923,0.4434356021790985,0.409273721140082,0.8476220965385437,63,1,46,177,0.3233258141411675,303.2717540317112,302.53017637464734,0.0011360377000502,1444.8666666666666,752.3333333333334,692.5333333333333,285,311,404
Ananthapuram,14.892,79.852,28_515_shc_2023-24.7659,100,9,78.0,0.72,0.0414000004529953,0.0507499985396862,0.0773999989032745,0.0711499974131584,0.126350000500679,0.2205999940633773,0.2558999955654144,0.255400002002716,0.2884500026702881,0.296099990606308,0.2562499940395355,0.1584500074386596,0.5642321109771729,0.3380484580993652,0.3538709834497244,0.3343717949061177,1.0033280849456787,26,1,46,177,0.2133649614122179,303.20196779039173,302.37590120103624,0.0011762973566241,1444.8666666666666,729.4,715.4666666666667,288,354,359
Gattupalle,14.892,79.868,28_515_shc_2023-24.5651,125,35,169.0,0.83,0.0390999987721443,0.0456500016152858,0.0753500014543533,0.0704500004649162,0.1340499967336654,0.2847000062465668,0.3267500102519989,0.3352000117301941,0.3607999980449676,0.3495500087738037,0.2526000142097473,0.1553000062704086,0.6526562571525574,0.4286627769470215,0.4675827181000943,0.4384972247009273,0.7535799741744995,26,3,46,174,0.2133649614122179,303.20196779039173,302.37590120103624,0.0011762973566241,1444.8666666666666,729.4,715.4666666666667,305,337,358
Chodavaram,14.895,79.775,28_515_shc_2023-24.6168,163,52,280.0,0.5,0.0369499996304512,0.0498000010848045,0.0798999965190887,0.0829500034451484,0.1443500071763992,0.2576000094413757,0.2946000099182129,0.2849000096321106,0.3103500008583069,0.2889499962329864,0.2635500133037567,0.1677500009536743,0.5490009784698486,0.3274315595626831,0.3582960808495264,0.3490522610080041,0.9250614643096924,48,1,46,177,0.2723537445068359,303.2297455681695,302.4905116611057,0.0011620333558892,1448.6666666666667,741.1333333333333,707.5333333333333,311,308,381
Kesavaram,14.895,79.775,28_515_shc_2023-24.6733,176,20,202.0,0.22,0.0369499996304512,0.0498000010848045,0.0798999965190887,0.0829500034451484,0.1443500071763992,0.2576000094413757,0.2946000099182129,0.2849000096321106,0.3103500008583069,0.2889499962329864,0.2635500133037567,0.1677500009536743,0.5490009784698486,0.3274315595626831,0.3582960808495264,0.3490522610080041,0.9250614643096924,48,1,46,177,0.2723537445068359,303.2297455681695,302.4905116611057,0.0011620333558892,1448.6666666666667,741.1333333333333,707.5333333333333,311,308,381
Chennayapalem,14.898,80.048,28_515_shc_2023-24.7146,100,26,592.0,0.38,0.0707999989390373,0.0926000028848648,0.1402000039815902,0.1498000025749206,0.2287999987602234,0.3454000055789947,0.3740000128746032,0.3776000142097473,0.4018000066280365,0.3815000057220459,0.3925999999046325,0.3106000125408172,0.4319302439689636,0.2453826069831848,0.3600101309809613,0.3325871246543465,1.039724588394165,9,0,0,180,0.131563737657335,303.2977902730306,302.51826231214733,0.0011936099590228,1473.6666666666667,692.3333333333334,781.4666666666667,311,357,333
Turpurompidodla,14.902,79.562,28_515_shc_2023-24.7169,176,15,104.0,0.18,0.0706999972462654,0.091899998486042,0.1316000074148178,0.1738000065088272,0.1904000043869018,0.2270999997854232,0.2472999989986419,0.2585999965667724,0.2741000056266784,0.2696999907493591,0.3079999983310699,0.2529999911785126,0.1961146891117096,0.1518930792808532,0.131501391909972,0.13642211997784,1.1910285949707031,92,1,90,177,0.2160569085015191,303.1444211324056,302.41895133124456,0.0011003672188936,1455.9333333333334,735.9333333333333,720.0,307,279,414
Kesavaram,14.902,79.778,28_515_shc_2023-24.6734,176,16,221.0,0.22,0.0450000017881393,0.0612999983131885,0.0911500006914138,0.1301999986171722,0.1838999986648559,0.2449000030755996,0.2730999886989593,0.2676999866962433,0.2976999878883362,0.3019999861717224,0.3489499986171722,0.2585499882698059,0.3455641865730285,0.1855624169111251,0.2163105887635396,0.229702623334618,1.3035115003585815,51,2,270,186,0.2723537445068359,303.2297455681695,302.4905116611057,0.0011620333558892,1448.6666666666667,741.1333333333333,707.5333333333333,310,310,380
Appasamudram,14.905,79.375,28_515_shc_2023-24.5174,88,1,13.0,0.42,0.0423000007867813,0.0502000004053115,0.0830999985337257,0.0983999967575073,0.1526000052690506,0.2334000021219253,0.2685999870300293,0.2666000127792358,0.2975000143051147,0.3010999858379364,0.2897000014781952,0.2091999948024749,0.4608219563961029,0.2719465792179107,0.2840256959228566,0.2916763251456076,1.086646556854248,126,2,153,177,0.2427232106526692,303.04275555080835,302.3309196472168,0.0010299102776696,1461.5333333333333,682.8666666666667,778.8,339,247,414
Kothapeta,14.908,79.462,28_515_shc_2023-24.6974,125,1,500.0,0.86,0.0423000007867813,0.0617999993264675,0.0961999967694282,0.154799997806549,0.1879999935626983,0.2238000035285949,0.2425000071525573,0.2574000060558319,0.2662999927997589,0.2513999938964844,0.3389999866485595,0.2802999913692474,0.2489083111286163,0.1558150202035904,0.148894189893158,0.1687130143853215,1.3170162439346311,120,5,218,189,0.2085823059082031,303.08084148830835,302.3562234666612,0.0010688264755596,1453.2,717.1333333333333,736.0,309,295,397
Thellapadu,14.908,79.648,28_515_shc_2023-24.7787,113,16,234.0,0.92,0.0707999989390373,0.092799998819828,0.1176000013947486,0.1356000006198883,0.1666000038385391,0.2325000017881393,0.2671000063419342,0.2619999945163727,0.2955999970436096,0.2822000086307525,0.2919999957084656,0.2275999933481216,0.3179074227809906,0.2225851416587829,0.2290518868642519,0.2112299374689102,1.1145038604736328,73,3,199,183,0.2160569085015191,303.1444211324056,302.41895133124456,0.0011003672188936,1448.4,755.0,693.4,314,263,423
Theddupadu,14.913344,79.42226,28_515_shc_2023-24.5512,113,3,143.0,0.79,0.0414999984204769,0.0502000004053115,0.0812999978661537,0.0784000009298324,0.12950000166893,0.2278999984264373,0.260699987411499,0.2894000113010406,0.2863999903202057,0.2635000050067901,0.248099997639656,0.1607999950647354,0.5736813545227051,0.3817140161991119,0.38133450491598,0.3647153849919621,0.8572909235954285,113,3,314,186,0.2427232106526692,303.04275555080835,302.3309196472168,0.0010299102776696,1457.1333333333334,699.0666666666667,758.0666666666667,328,286,387
Theddupadu,14.915,79.425,28_515_shc_2023-24.6988,163,16,650.0,0.82,0.0441999994218349,0.0557999983429908,0.092799998819828,0.0947000011801719,0.1642999947071075,0.2572999894618988,0.2847999930381775,0.2802000045776367,0.3316999971866607,0.3449999988079071,0.2784999907016754,0.2044000029563903,0.4947986006736755,0.2607424259185791,0.3243233797341996,0.3180363507429474,0.993932843208313,109,1,134,177,0.2427232106526692,303.04275555080835,302.3309196472168,0.0010299102776696,1457.1333333333334,699.0666666666667,758.0666666666667,319,302,379
China Annaluru,14.915,79.705,28_515_shc_2023-24.7670,201,23,189.0,0.73,0.0450000017881393,0.0571999996900558,0.0883999988436698,0.1225999966263771,0.1583999991416931,0.2078000009059906,0.2335000038146972,0.2412000000476837,0.2536999881267547,0.2558999955654144,0.2759999930858612,0.2216999977827072,0.3260033130645752,0.2072072029113769,0.1915622250784225,0.2059504582275279,1.1442785263061523,60,3,0,180,0.3233258141411675,303.2717540317112,302.53017637464734,0.0011360377000502,1444.8666666666666,752.3333333333334,692.5333333333333,312,293,394
Theddupadu,14.918,79.422,28_515_shc_2023-24.5485,151,8,59.0,0.65,0.0491999983787536,0.0507999993860721,0.0781999975442886,0.0802000015974044,0.1340000033378601,0.2075999975204467,0.2389000058174133,0.2576000094413757,0.2669000029563904,0.2680999934673309,0.2526000142097473,0.1682000011205673,0.5251628160476685,0.3156282007694244,0.3266313241210373,0.3176175796847054,0.9805901050567628,112,1,46,177,0.2427232106526692,303.04275555080835,302.3309196472168,0.0010299102776696,1451.8666666666666,694.0666666666667,757.9333333333333,331,280,389
Ganugapenta,14.918,79.678,28_515_shc_2023-24.5082,125,24,163.0,0.31,0.0546999983489513,0.0807999968528747,0.1103999987244606,0.1360000073909759,0.1790000051259994,0.2302999943494796,0.257999986410141,0.2790000140666961,0.2808000147342682,0.2790000140666961,0.3235999941825866,0.2400999963283538,0.3445783257484436,0.2183406203985214,0.2400940208178317,0.2344262349544689,1.1598565578460691,56,1,226,183,0.3233258141411675,303.2717540317112,302.53017637464734,0.0011360377000502,1457.8666666666666,754.5333333333333,703.4,282,297,420
Thummalapenta,14.918,80.042,28_515_shc_2023-24.7131,50,1,65.0,0.26,0.0744000002741813,0.1018000021576881,0.1394000053405761,0.17739999294281,0.2366999983787536,0.2994000017642975,0.3276000022888183,0.3400000035762787,0.3657000064849853,0.3743000030517578,0.426800012588501,0.3289999961853027,0.314263641834259,0.1791225969791412,0.2477299288173031,0.2397287367649669,1.2552940845489502,6,1,314,183,0.131563737657335,303.2977902730306,302.51826231214733,0.0011936099590228,1474.2,687.8,786.6,293,374,332
Theddupadu,14.92457,79.43257,28_515_shc_2023-24.4874,125,6,176.0,0.88,0.0421999990940094,0.0489999987185001,0.0807000026106834,0.1023999974131584,0.147499993443489,0.2160000056028366,0.2379000037908554,0.2492000013589859,0.2644999921321869,0.2669999897480011,0.2556999921798706,0.2117999941110611,0.4175199270248413,0.256365031003952,0.2453044655978235,0.2585721069002236,1.0260834693908691,110,3,341,183,0.2427232106526692,303.04275555080835,302.3309196472168,0.0010299102776696,1451.8666666666666,694.0666666666667,757.9333333333333,307,309,384
Palukur,14.928,80.028,28_515_shc_2023-24.7106,100,23,293.0,0.42,0.0431500002741813,0.0509999990463256,0.0784500017762184,0.0741999968886375,0.1238500028848648,0.1715999990701675,0.1892500072717666,0.1384000033140182,0.194700002670288,0.1457999944686889,0.1767999976873397,0.1082499995827674,0.3019755780696869,0.0554814115166664,0.1336275224039723,0.1351389413565596,1.2774566411972046,6,2,153,177,0.131563737657335,303.2977902730306,302.51826231214733,0.0011936099590228,1456.4,693.6,762.8,286,372,342
Theddupadu,14.928538,79.433706,28_515_shc_2023-24.6995,213,8,344.0,1.46,0.0397999994456768,0.0562999993562698,0.0852999985218048,0.1164000034332275,0.1456000059843063,0.2167000025510788,0.2506000101566314,0.2578000128269195,0.2750000059604645,0.2788000106811523,0.2797000110149383,0.1987999975681305,0.3778727948665619,0.2781358361244201,0.2304508065246616,0.2426218372746182,1.084949612617493,106,1,90,177,0.2427232106526692,303.04275555080835,302.3309196472168,0.0010299102776696,1451.8666666666666,694.0666666666667,757.9333333333333,311,311,378
Thimmapuram,14.933602,79.449083,28_515_shc_2023-24.6379,163,7,104.0,0.34,0.049600001424551,0.0644000023603439,0.0901999995112419,0.1225999966263771,0.166700005531311,0.2189999967813491,0.2425000071525573,0.2502000033855438,0.2728999853134155,0.2732000052928924,0.3587999939918518,0.2603999972343445,0.3422746956348419,0.2002878338098526,0.2122704446591182,0.2192942370945644,1.4340527057647705,103,2,244,186,0.2427232106526692,303.04275555080835,302.3309196472168,0.0010299102776696,1451.8666666666666,694.0666666666667,757.9333333333333,306,298,396
Anemadugu,14.935,80.025,28_515_shc_2023-24.6026,75,1,78.0,0.72,0.0691500008106231,0.0692000016570091,0.0967999994754791,0.1077999994158744,0.1817999929189682,0.2373999953269958,0.2741999924182892,0.2524000108242035,0.3030999898910522,0.316100001335144,0.3447999954223633,0.2696999907493591,0.4014436602592468,0.1625979244709015,0.2619185841607981,0.2521506795285409,1.3660855293273926,12,2,180,180,0.131563737657335,303.2977902730306,302.51826231214733,0.0011936099590228,1456.4,693.6,762.8,292,351,357
Kothapalle,14.948,79.912,28_515_shc_2023-24.4795,125,38,78.0,0.42,0.0487499982118606,0.0509999990463256,0.0768499970436096,0.0870999991893768,0.151199996471405,0.2343000024557113,0.2649500072002411,0.2770000100135803,0.2928999960422516,0.3118500113487243,0.3014000058174133,0.2152000069618225,0.52156001329422,0.2937879860401153,0.33501518801709,0.329649361419461,1.0880866050720217,38,1,46,177,0.2133649614122179,303.20196779039173,302.37590120103624,0.0011762973566241,1442.6,723.2,719.4,315,327,357
Maddurupadu (Part),14.949521,79.95537,28_515_shc_2023-24.7142,138,9,111.0,0.78,0.0359999984502792,0.0461000017821788,0.0773999989032745,0.0881000012159347,0.1388999968767166,0.2202000021934509,0.2542999982833862,0.2592000067234039,0.2763999998569488,0.2599000036716461,0.2617999911308288,0.1721999943256378,0.4926576614379883,0.3021854162216186,0.296626339984795,0.3029033469330243,1.010030746459961,31,3,237,189,0.131563737657335,303.2977902730306,302.51826231214733,0.0011936099590228,1449.1333333333334,713.0,736.2666666666667,291,343,366
Chodavaram,14.952,79.822,28_515_shc_2023-24.4810,163,14,111.0,0.09,0.0487999990582466,0.0675500035285949,0.089599996805191,0.1041999980807304,0.1724999994039535,0.241249993443489,0.2735500037670135,0.262499988079071,0.2917999923229217,0.2976000010967254,0.3239000141620636,0.2421000003814697,0.4316880106925964,0.2068965286016464,0.2865521346017357,0.2739702189792467,1.2339048385620115,53,2,244,186,0.2258542378743489,303.0382145351834,302.2715066697862,0.0011633539861753,1445.2,735.8666666666667,709.1333333333333,305,313,382
Maddurupadu (Part),14.952,79.962,28_515_shc_2023-24.7367,113,9,117.0,0.79,0.0560999996960163,0.1110000014305114,0.1400000005960464,0.163000002503395,0.1599999964237213,0.2231000065803527,0.2531000077724457,0.2730000019073486,0.271699994802475,0.257999986410141,0.2694999873638153,0.2153999954462051,0.252293586730957,0.2609699964523315,0.1938667587649817,0.1762820494961489,0.9871794581413268,29,1,90,177,0.1107796563042534,303.2220524258084,302.4527783711752,0.0011928861027803,1455.9333333333334,707.2666666666667,748.9333333333333,303,334,364
Maddurupadu (Part),14.955,79.965,28_515_shc_2023-24.7312,63,14,117.0,0.8,0.0403000004589557,0.049600001424551,0.0831499993801117,0.1059999987483024,0.160300001502037,0.2386499941349029,0.2619000077247619,0.2612000107765198,0.2807500064373016,0.2689000070095062,0.3003000020980835,0.2180500030517578,0.4226579666137695,0.2393831759691238,0.2543928874623514,0.2684502023586088,1.149693727493286,30,1,134,177,0.1107796563042534,303.2220524258084,302.4527783711752,0.0011928861027803,1455.9333333333334,707.2666666666667,748.9333333333333,308,329,362
Maddurupadu (Part),14.955,80.005,28_515_shc_2023-24.5868,163,97,104.0,0.1,0.0465000011026859,0.0359000004827976,0.066600002348423,0.0461999997496604,0.1146000027656555,0.2373999953269958,0.2838000059127807,0.2730000019073486,0.2942999899387359,0.3246999979019165,0.2032999992370605,0.1138999983668327,0.7105263471603394,0.4086687266826629,0.4426402332781182,0.4152832062358449,0.7446886301040649,17,4,165,177,0.1107796563042534,303.2220524258084,302.4527783711752,0.0011928861027803,1456.4,693.6,762.8,315,328,357
Maddurupadu (Part),14.958,80.008,28_515_shc_2023-24.6771,188,69,104.0,0.62,0.0361000001430511,0.0443000011146068,0.0732999965548515,0.068400003015995,0.1147999987006187,0.2301999926567077,0.2676999866962433,0.2651999890804291,0.2919000089168548,0.2967999875545501,0.2254000008106231,0.1298999935388565,0.5899280309677124,0.3957894742488861,0.3662485320984203,0.3541266577441435,0.849924623966217,16,2,270,186,0.1107796563042534,303.2220524258084,302.4527783711752,0.0011928861027803,1456.4,693.6,762.8,312,342,346
Satyavolu,14.963328,79.732471,28_515_shc_2023-24.6014,163,9,650.0,0.38,0.0362999998033046,0.0460000000894069,0.0728000029921531,0.1132000014185905,0.1333999931812286,0.1790000051259994,0.2021999955177307,0.2301999926567077,0.2153999954462051,0.2391999959945678,0.2667999863624573,0.2005999982357025,0.3407105207443237,0.2662266194820404,0.1869726272067483,0.2080863031657874,1.1589921712875366,50,2,180,180,0.2236790127224392,303.1807438320584,302.45360844930013,0.0011490993872711,1454.1333333333334,749.4666666666667,704.6666666666666,302,294,404
Thurpu Boyamadugula,14.968,79.368,28_515_shc_2023-24.6156,238,33,195.0,0.19,0.0493500009179115,0.0671000033617019,0.0970000028610229,0.1118000000715255,0.1615999937057495,0.2475499957799911,0.2773000001907348,0.2793999910354614,0.3039000034332275,0.301499992609024,0.2973999977111816,0.2108500003814697,0.4284253418445587,0.2671201825141907,0.2895746136234473,0.2820915495450489,1.0644237995147705,118,2,244,186,0.3173783620198567,303.2192203945584,302.50189946492515,0.001044619292141,1458.8666666666666,666.3333333333334,792.6,318,277,405
Chodavaram,14.968,79.828,28_515_shc_2023-24.7300,88,22,111.0,0.6,0.0315000005066394,0.0406499989330768,0.0723000019788742,0.0797500014305114,0.137700006365776,0.2169999927282333,0.2432499974966049,0.2460000067949295,0.2581000030040741,0.2676500082015991,0.2619499862194061,0.1823499947786331,0.5103607177734375,0.2822517454624176,0.2927709828765218,0.3019981902059446,1.0648373365402222,50,3,252,189,0.2258542378743489,303.0382145351834,302.2715066697862,0.0011633539861753,1443.8666666666666,735.9333333333333,707.8666666666667,311,309,379
Rudrakota,14.972,80.008,28_515_shc_2023-24.5870,75,3,78.0,1.01,0.0456250011920928,0.0676999986171722,0.1032000035047531,0.1105333343148231,0.1886000037193298,0.2784999907016754,0.3452000021934509,0.3508000075817108,0.3844000101089477,0.3700500130653381,0.3127999901771545,0.1928000003099441,0.5208092331886292,0.3007044792175293,0.3987828538818224,0.3748959847677066,0.891676127910614,13,1,314,183,0.1107796563042534,303.2220524258084,302.4527783711752,0.0011928861027803,1459.0666666666666,690.1333333333333,769.0666666666667,321,342,336
Guvvadi,14.975,79.375,28_515_shc_2023-24.6842,138,23,91.0,0.38,0.0350000001490116,0.047699999064207,0.0715000033378601,0.0758000016212463,0.1312000006437301,0.2106000036001205,0.23989999294281,0.2474000006914138,0.2718999981880188,0.2709999978542328,0.2845999896526336,0.1904000043869018,0.530940592288971,0.3069202303886413,0.3190895846713121,0.312682213170704,1.1503636837005615,125,2,207,183,0.3173783620198567,303.2192203945584,302.50189946492515,0.001044619292141,1455.8,681.9333333333333,773.8666666666667,336,255,408
Thurpu- Brahmanapalle,14.978,79.648,28_515_shc_2023-24.7383,163,19,345.0,0.38,0.0375999994575977,0.0440500006079673,0.0719000026583671,0.0593499988317489,0.1177999973297119,0.2493000030517578,0.2888000011444092,0.2933000028133392,0.3197500109672546,0.3102000057697296,0.2217500060796737,0.128150001168251,0.6634056568145752,0.4269034564495086,0.4434146538818293,0.4115698179737486,0.7560518383979797,58,2,180,180,0.2106141832139756,303.1424191792806,302.42528813680013,0.00112655807283,1449.1333333333334,744.8666666666667,704.0666666666667,316,298,386
Chinthaladevi,14.982,79.648,28_515_shc_2023-24.7228,125,48,660.0,0.88,0.0364499986171722,0.0440500006079673,0.0639000013470649,0.0631999969482421,0.1044000014662742,0.1985000073909759,0.2273000031709671,0.2294999957084655,0.2485000044107437,0.2471500039100647,0.2120999991893768,0.1266500055789947,0.5681585073471069,0.3746630549430847,0.3252302862999709,0.314683991990856,0.9241830110549928,57,1,226,183,0.2106141832139756,303.1424191792806,302.42528813680013,0.00112655807283,1449.1333333333334,744.8666666666667,704.0666666666667,311,289,400
Gudavalluru (Kondapuram),14.992,79.692,28_515_shc_2023-24.5850,138,20,234.0,1.0,0.0397499985992908,0.0513999983668327,0.0772499963641166,0.0856000036001205,0.1347499936819076,0.2230499982833862,0.2685999870300293,0.2763000130653381,0.2980999946594238,0.2912499904632568,0.2471500039100647,0.1523499935865402,0.5269411206245422,0.3443620502948761,0.339468817813249,0.3318830591331279,0.8944987058639526,58,5,12,177,0.2236790127224392,303.1807438320584,302.45360844930013,0.0011490993872711,1458.5333333333333,756.1333333333333,702.5333333333333,292,301,407
Mutyalapadu,14.992,79.812,28_515_shc_2023-24.7057,113,27,91.0,0.46,0.0375999994575977,0.0548000000417232,0.0929000005125999,0.1279000043869018,0.1720999926328659,0.2507500052452087,0.2815000116825104,0.2869000136852264,0.3057000041007995,0.2993499934673309,0.3120500147342682,0.2258999943733215,0.3833172619342804,0.2501089870929718,0.2418913245568348,0.260712734188733,1.0876611471176147,39,1,314,183,0.2258542378743489,303.0382145351834,302.2715066697862,0.0011633539861753,1443.8666666666666,735.9333333333333,707.8666666666667,292,323,385
Thurpuyerraballe,14.998,79.602,28_515_shc_2023-24.6662,125,22,124.0,0.68,0.0710999965667724,0.0781000033020973,0.1045999974012374,0.1360000073909759,0.1768999993801117,0.2078000009059906,0.2277999967336654,0.2197999954223632,0.251800000667572,0.303299993276596,0.3190999925136566,0.274399995803833,0.2355255335569381,0.1081421673297882,0.1444777544987706,0.1468800907149538,1.4517743587493896,70,2,180,180,0.2106141832139756,303.1424191792806,302.42528813680013,0.00112655807283,1464.4666666666667,739.9333333333333,724.6,289,287,424
Parlapalle,14.998,79.728,28_515_shc_2023-24.6648,138,4,124.0,0.52,0.0507000014185905,0.0667999982833862,0.0970000028610229,0.1111999973654747,0.1560000032186508,0.2124000042676925,0.2354000061750412,0.2424000054597854,0.258899986743927,0.2623000144958496,0.2384999990463256,0.1854999959468841,0.3710407316684723,0.2168674767017364,0.2328553312844642,0.2305529656631842,0.983910858631134,48,1,270,183,0.2236790127224392,303.1807438320584,302.45360844930013,0.0011490993872711,1454.1333333333334,749.4666666666667,704.6666666666666,298,313,389
Nayudupalem,14.998,79.838,28_515_shc_2023-24.6356,163,36,410.0,0.35,0.0518999993801116,0.0658000037074089,0.0887999981641769,0.1096000000834465,0.1469999998807907,0.2203000038862228,0.2642000019550323,0.2373999953269958,0.2930999994277954,0.3215999901294708,0.2443999946117401,0.1618999987840652,0.3682996928691864,0.235171690583229,0.2279700288254543,0.2263282100402247,1.029486060142517,30,2,116,174,0.2258542378743489,303.0382145351834,302.2715066697862,0.0011633539861753,1434.6666666666667,731.6,703.1333333333333,287,334,379
Chevuru,14.998,80.008,28_515_shc_2023-24.5353,176,6,39.0,0.25,0.0354500003159046,0.0524999983608722,0.0899500027298927,0.0990500003099441,0.1583999991416931,0.2176000028848648,0.232800006866455,0.2206999957561493,0.2351499944925308,0.2371499985456466,0.2508000135421753,0.1615500003099441,0.3804534673690796,0.1643365770578384,0.2139841593632968,0.2225983458920266,1.13638436794281,19,3,134,174,0.1107796563042534,303.2220524258084,302.4527783711752,0.0011928861027803,1459.0666666666666,690.1333333333333,769.0666666666667,297,329,374
Thummalapenta,14.998,80.042,28_515_shc_2023-24.6187,88,25,91.0,0.97,0.0386999994516372,0.0450999997556209,0.0754000023007392,0.0791999995708465,0.1243000030517578,0.2363000065088272,0.3061000108718872,0.3199999928474426,0.3429000079631805,0.332500010728836,0.1805000007152557,0.0920000001788139,0.6032063961029053,0.4404681324958801,0.4131919327729089,0.4016903836303319,0.5640625357627869,4,1,180,180,0.1107796563042534,303.2220524258084,302.4527783711752,0.0011928861027803,1462.8666666666666,682.5333333333333,780.2666666666667,322,355,323
Parlapalle,15.002,79.702,28_515_shc_2023-24.7083,175,27,111.0,0.58,0.0494499988853931,0.0736000016331672,0.1048000007867813,0.125900000333786,0.1623499989509582,0.2430499941110611,0.2858000099658966,0.2944999933242798,0.3212499916553497,0.298799991607666,0.3061499893665313,0.2340999990701675,0.4010466039180755,0.2892634272575378,0.2813939430121602,0.2747718288008751,1.0395585298538208,46,0,0,180,0.2236790127224392,303.1807438320584,302.45360844930013,0.0011490993872711,1446.0666666666666,746.8666666666667,699.2,291,304,406
Nayudupalem,15.002,79.838,28_515_shc_2023-24.7301,88,6,124.0,0.62,0.0538000017404556,0.0498000010848045,0.0799999982118606,0.0758000016212463,0.1416999995708465,0.2736999988555908,0.3429000079631805,0.3544000089168548,0.3788000047206878,0.3578999936580658,0.2084999978542328,0.1076000034809112,0.6476057767868042,0.428744226694107,0.4851292144188469,0.4492582307128403,0.5883182883262634,29,1,0,180,0.2258542378743489,303.0382145351834,302.2715066697862,0.0011633539861753,1438.4666666666667,726.3333333333334,712.0666666666667,284,332,384
Nayudupalem,15.005,79.845,28_515_shc_2023-24.6780,188,17,117.0,0.62,0.0507000014185905,0.0538000017404556,0.0816000029444694,0.0922000035643577,0.1754000037908554,0.2590999901294708,0.2946999967098236,0.3111999928951263,0.3267000019550323,0.3251999914646148,0.3316999971866607,0.2485000044107437,0.542885422706604,0.2790793180465698,0.3747689594542811,0.3636262843519786,1.065874099731445,36,1,0,180,0.2258542378743489,303.0382145351834,302.2715066697862,0.0011633539861753,1438.4666666666667,726.3333333333334,712.0666666666667,298,316,386
Iskadamerla,15.025,79.565,28_515_shc_2023-24.5709,51,34,501.0,1.15,0.0384499989449977,0.0466499999165535,0.0825999975204467,0.096400000154972,0.1333999931812286,0.2508000135421753,0.2933999896049499,0.3095999956130981,0.3212000131607055,0.291049987077713,0.2431000024080276,0.1599500030279159,0.525123119354248,0.3977426886558532,0.3465257957749897,0.3529801265794439,0.7852067351341248,59,3,215,186,0.2106141832139756,303.1424191792806,302.42528813680013,0.00112655807283,1441.1333333333334,719.7333333333333,721.3333333333334,293,315,392
Saipeta,15.035,79.745,28_515_shc_2023-24.7489,125,20,163.0,1.02,0.045899998396635,0.0551999993622303,0.0839999988675117,0.0864999964833259,0.1501999944448471,0.2535000145435333,0.2967999875545501,0.3016999959945678,0.322299987077713,0.3459500074386596,0.2267999947071075,0.153899997472763,0.5543534159660339,0.3352511823177337,0.3824553967089225,0.3634316617885998,0.7517401576042175,39,3,180,180,0.2236790127224392,303.1807438320584,302.45360844930013,0.0011490993872711,1448.7333333333331,749.2,699.6,317,326,357
Ammavari Palem,15.038,79.878,28_515_shc_2023-24.5125,125,13,332.0,0.48,0.0401999987661838,0.0423999987542629,0.068400003015995,0.0641999989748001,0.1234999969601631,0.2339999973773956,0.2748000025749206,0.2878000140190124,0.2991000115871429,0.2754000127315521,0.2412000000476837,0.1568000018596649,0.6352272629737854,0.3994651436805725,0.412546147978055,0.3936619923135543,0.838081955909729,37,2,333,183,0.2132252587212456,303.1726654900445,302.40368982950844,0.0011776036697659,1439.3333333333333,719.9333333333333,719.3333333333334,313,304,383
Turpurompidodla,15.042,79.498,28_515_shc_2023-24.7358,138,85,117.0,1.0,0.0361000001430511,0.0472999997437,0.0755499973893165,0.0797000005841255,0.1334500014781952,0.2268999963998794,0.2647500038146972,0.2781000137329101,0.288100004196167,0.2906999886035919,0.2642000019550323,0.1785999983549118,0.5544997453689575,0.3514761328697204,0.3538939217947164,0.3469340344557123,0.9500179290771484,81,1,180,180,0.2124381595187717,302.9857080247667,302.2783697340224,0.0010887802111204,1446.3333333333333,692.6,753.8,326,273,401
Nekunampeta,15.042,79.718,28_515_shc_2023-24.5060,138,20,241.0,0.8,0.0403999984264373,0.0336499996483325,0.0592000000178813,0.0378499999642372,0.1008000001311302,0.2700499892234802,0.3084999918937683,0.3190000057220459,0.3319000005722046,0.3143500089645386,0.1907999962568283,0.0957999974489212,0.7878660559654236,0.5197713375091553,0.5432955303247547,0.4921806685394578,0.5981190800666809,46,2,27,177,0.2236790127224392,303.1807438320584,302.45360844930013,0.0011490993872711,1443.4,741.8,701.5333333333333,321,295,384
Rallapadu,15.042,79.738,28_515_shc_2023-24.6114,263,8,130.0,0.21,0.0469000004231929,0.0772999972105026,0.1059999987483024,0.1129999980330467,0.1395999938249588,0.2574999928474426,0.3111000061035156,0.259799987077713,0.3310000002384186,0.324999988079071,0.229200005531311,0.1590999960899353,0.3937768042087555,0.3009514212608337,0.2702403988360734,0.2522914611863286,0.8822171688079834,42,1,270,183,0.2236790127224392,303.1807438320584,302.45360844930013,0.0011490993872711,1443.4,741.8,701.5333333333333,305,302,392
Vempadu,15.045,79.405,28_515_shc_2023-24.7334,138,20,117.0,0.39,0.0548000000417232,0.0644500032067298,0.0986000001430511,0.1196999996900558,0.1730500012636184,0.2303999960422516,0.2605000138282776,0.2797999978065491,0.2897999882698059,0.2948000133037567,0.3316999971866607,0.246299996972084,0.4007509350776672,0.2357292622327804,0.2642568310425344,0.2669816540779326,1.1854896545410156,108,1,180,180,0.3173783620198567,303.2192203945584,302.50189946492515,0.001044619292141,1451.7333333333331,659.9333333333333,791.6,353,236,411
Mogilicherla,15.048,79.648,28_515_shc_2023-24.5464,50,8,338.0,1.21,0.0549999997019767,0.0678000003099441,0.1036000028252601,0.132200002670288,0.1832000017166137,0.2460000067949295,0.2727999985218048,0.2919999957084656,0.3014000058174133,0.3142000138759613,0.3441999852657318,0.2669999897480011,0.3767090737819671,0.2289562225341797,0.2533772944835891,0.259359435163116,1.1787670850753784,56,4,0,180,0.2106141832139756,303.1424191792806,302.42528813680013,0.00112655807283,1442.1333333333334,730.0666666666667,712.0666666666667,294,305,401
Gudluru,15.052,79.882,28_515_shc_2023-24.6436,113,110,299.0,0.17,0.0353999994695186,0.0406999997794628,0.0671999976038932,0.0663999989628791,0.1414999961853027,0.2180999964475631,0.2524999976158142,0.2752000093460083,0.2768999934196472,0.2750000059604645,0.2890999913215637,0.2039999961853027,0.6112412214279175,0.3208543658256531,0.3814813637851187,0.3721483038053176,1.0505086183547974,39,2,296,186,0.2123565673828125,303.18786731296115,302.39003965589734,0.0011588241366526,1440.2666666666669,714.8,725.4,288,334,377
Ramayapatnam,15.052,80.042,28_515_shc_2023-24.5934,138,23,117.0,0.48,0.036200001835823,0.0447500012814998,0.0693499967455864,0.0590500012040138,0.1052000001072883,0.2327499985694885,0.3059499859809875,0.3122999966144562,0.3340499997138977,0.3201000094413757,0.162550002336502,0.0865499973297119,0.6819711923599243,0.4960479140281677,0.4756851114950303,0.435961432336864,0.5204931497573853,8,3,19,177,0.3101531134711371,303.22557890150284,302.4534022861057,0.0011749911430821,1477.1333333333334,680.4666666666667,796.8,311,333,356
Mocherla,15.062,80.002,28_515_shc_2023-24.7290,75,28,84.0,0.18,0.0555500015616416,0.068800002336502,0.0906333327293396,0.1040000021457672,0.1425999999046325,0.1694499999284744,0.1816000044345855,0.1534399986267089,0.1896000057458877,0.2164500057697296,0.2091999948024749,0.1686999946832656,0.1920447349548339,0.0366166681051254,0.0979832507233431,0.0979087381783118,1.3633993864059448,17,3,108,171,0.3101531134711371,303.22557890150284,302.4534022861057,0.0011749911430821,1454.8666666666666,683.4,771.6,308,335,358
Racheruvurajupalem,15.067378,79.686924,28_515_shc_2023-24.5687,213,29,169.0,0.04,0.0366999991238117,0.0546000003814697,0.0835999995470047,0.1456000059843063,0.1695999950170517,0.2179999947547912,0.2440000027418136,0.2492000013589859,0.267300009727478,0.2576000094413757,0.3488000035285949,0.2630999982357025,0.2624113261699676,0.1900668740272522,0.1511702464459626,0.173670084696814,1.3996789455413818,60,3,0,180,0.2443205091688368,303.1743473476833,302.4398931715224,0.0011310232853322,1444.0,739.4,704.6,301,300,399
Cheemalapenta,15.068,79.732,28_515_shc_2023-24.5550,213,46,85.0,0.44,0.0379000008106231,0.0599999986588954,0.0887999981641769,0.1037999987602233,0.1446000039577484,0.2180999964475631,0.2427999973297119,0.2432000041007995,0.2653999924659729,0.2763000130653381,0.2408999949693679,0.1660999953746795,0.4017291069030761,0.2542547583580017,0.2461158274699419,0.2468713191317116,0.9905427098274232,38,2,0,180,0.2443205091688368,303.1743473476833,302.4398931715224,0.0011310232853322,1443.4,741.8,701.5333333333333,304,282,414
K.Rajupalem,15.082,80.032,28_515_shc_2023-24.7170,188,19,124.0,0.39,0.0521499998867511,0.0631500035524368,0.1040999963879585,0.1168999969959259,0.1609999984502792,0.2669500112533569,0.3217999935150146,0.321399986743927,0.3513500094413757,0.3356499969959259,0.2264499962329864,0.147049993276596,0.4665753841400146,0.3325041234493255,0.3300143582782361,0.3269210166660828,0.7045737504959106,2,5,348,183,0.3101531134711371,303.22557890150284,302.4534022861057,0.0011749911430821,1454.8666666666666,683.4,771.6,295,348,357
Lingasamudram,15.088,79.708,28_515_shc_2023-24.6060,213,22,130.0,0.2,0.0412999987602233,0.0551999993622303,0.0900000035762786,0.1037999987602233,0.1605000048875808,0.253600001335144,0.2849000096321106,0.2879999876022339,0.3143999874591827,0.3172999918460846,0.3100000023841858,0.2143999934196472,0.4701378047466278,0.2842808961868286,0.3076563179691501,0.3098228162012084,1.076388955116272,53,6,99,162,0.2443205091688368,303.1743473476833,302.4398931715224,0.0011310232853322,1433.3333333333333,740.6,692.5333333333333,283,313,404
Mala Konda Rayunipalem,15.088,79.722,28_515_shc_2023-24.6941,188,37,130.0,0.2,0.0921000018715858,0.1228000000119209,0.1565999984741211,0.19480000436306,0.1967999935150146,0.2134000062942505,0.2317000031471252,0.2375999987125396,0.24269999563694,0.2353000044822693,0.3012000024318695,0.2689000070095062,0.0989824086427688,0.0939226672053337,0.0720344581170978,0.0688545595371626,1.267676830291748,52,3,46,174,0.2443205091688368,303.1743473476833,302.4398931715224,0.0011310232853322,1436.1333333333334,737.8,698.4,293,303,404
Veerepalle,15.088,80.002,28_515_shc_2023-24.6746,157,38,156.0,0.82,0.0511999987065792,0.0739500001072883,0.1072999984025955,0.1446000039577484,0.1822499930858612,0.2252999991178512,0.2459000051021576,0.2542000114917755,0.258650004863739,0.2526000142097473,0.2986499965190887,0.2452500015497207,0.2748244702816009,0.1648528277873993,0.1748368962080198,0.1829105568259453,1.174862265586853,19,1,226,183,0.3101531134711371,303.22557890150284,302.4534022861057,0.0011749911430821,1443.6666666666667,679.3333333333334,764.3333333333334,299,340,361
K.Rajupalem,15.088,80.032,28_515_shc_2023-24.6179,213,15,156.0,0.58,0.0476000010967254,0.0680000036954879,0.1093999966979026,0.1155999973416328,0.1836500018835067,0.2810499966144562,0.3486500084400177,0.3513999879360199,0.3841499984264374,0.3722999989986419,0.3260000050067901,0.2035000026226043,0.5049250721931458,0.313522070646286,0.3840390865723763,0.3657704149706098,0.9277177453041076,5,1,226,183,0.3101531134711371,303.22557890150284,302.4534022861057,0.0011749911430821,1443.6666666666667,679.3333333333334,764.3333333333334,284,353,363
K.Rajupalem,15.092408,80.029341,28_515_shc_2023-24.5333,100,55,202.0,0.38,0.0471000000834465,0.0636999979615211,0.0991000011563301,0.0984999984502792,0.1642500013113021,0.2762500047683716,0.3353999853134155,0.3418000042438507,0.3686999976634979,0.3697499930858612,0.2655999958515167,0.1700000017881393,0.552577793598175,0.3508546650409698,0.418026878942849,0.3881208206367216,0.7770625948905945,6,1,90,177,0.3101531134711371,303.22557890150284,302.4534022861057,0.0011749911430821,1443.6666666666667,679.3333333333334,764.3333333333334,271,351,378
Lingasamudram,15.095407,79.712649,28_515_shc_2023-24.6369,176,59,150.0,0.25,0.0538000017404556,0.0511999987065792,0.0803999975323677,0.0877000018954277,0.1349000036716461,0.2576999962329864,0.3025999963283539,0.323199987411499,0.3294999897480011,0.310699999332428,0.2773999869823456,0.193800002336502,0.5731321573257446,0.4110455811023712,0.4017674084763845,0.3878032521911467,0.8582920432090759,58,3,237,189,0.2443205091688368,303.1743473476833,302.4398931715224,0.0011310232853322,1436.1333333333334,737.8,698.4,303,325,372
Veerepalle,15.102,80.008,28_515_shc_2023-24.5228,113,34,104.0,0.81,0.049100000411272,0.0755999982357025,0.089599996805191,0.0966999977827072,0.1227499991655349,0.1564500033855438,0.170300006866455,0.1574999988079071,0.1761499941349029,0.2340999990701675,0.1773499995470047,0.1304499953985214,0.2391817569732666,0.1239964291453361,0.1298368520774442,0.120922834725633,1.126031756401062,9,1,0,180,0.3101531134711371,303.22557890150284,302.4534022861057,0.0011749911430821,1443.6666666666667,679.3333333333334,764.3333333333334,292,326,382
Veera Raghavuni Kota,15.108,79.792,28_515_shc_2023-24.5666,113,23,124.0,0.28,0.0542999990284442,0.069300003349781,0.09740000218153,0.1195999979972839,0.1524000018835067,0.2055000066757202,0.2220000028610229,0.2186000049114227,0.2477000057697296,0.2542000114917755,0.2399999946355819,0.201100006699562,0.2927262187004089,0.178436666727066,0.1747326223422432,0.177165366089103,1.097895622253418,30,7,278,201,0.2083671569824218,303.12320259941947,302.3807080586751,0.0011446682909257,1439.0,725.2666666666667,713.6,309,334,356
Karedu,15.115,80.035,28_515_shc_2023-24.7360,113,62,221.0,0.1,0.0601500011980533,0.0772999972105026,0.1066000014543533,0.1266999989748001,0.2261500060558319,0.294649988412857,0.3281500041484833,0.3179999887943268,0.3583000004291534,0.3124499917030334,0.3709500133991241,0.3063499927520752,0.430177628993988,0.1687953323125839,0.3191631174955489,0.3037472091080592,1.1665095090866089,9,3,270,189,0.3101531134711371,303.22557890150284,302.4534022861057,0.0011749911430821,1443.6666666666667,679.3333333333334,764.3333333333334,278,354,367
Vengalapuram,15.116177,79.698258,28_515_shc_2023-24.7004,251,27,124.0,0.3,0.0465499982237815,0.0414999984204769,0.0652500018477439,0.0575999990105629,0.1077999994158744,0.2375999987125396,0.2802999913692474,0.2912000119686126,0.3073000013828277,0.2905499935150146,0.2302999943494796,0.1402499973773956,0.6697247624397278,0.4596491456031799,0.4405718566017115,0.4128181136954195,0.7908653616905212,63,1,226,183,0.2443205091688368,303.1743473476833,302.4398931715224,0.0011310232853322,1433.3333333333333,740.6,692.5333333333333,324,277,399
Jagamreddi Khandrika,15.118,79.702,28_515_shc_2023-24.7002,50,56,429.0,0.26,0.033950001001358,0.0387500002980232,0.0566000007092952,0.0494499988853931,0.09740000218153,0.1961999982595443,0.2321999967098236,0.2309000045061111,0.2544499933719635,0.277999997138977,0.1960500031709671,0.1130999997258186,0.6472266912460327,0.4066402614116668,0.3667212479407379,0.3487858105313877,0.8490688800811768,62,5,79,165,0.2443205091688368,303.1743473476833,302.4398931715224,0.0011310232853322,1433.3333333333333,740.6,692.5333333333333,314,295,391
Bheemavaram,15.118,79.948,28_515_shc_2023-24.5943,50,3,98.0,0.62,0.047699999064207,0.067050002515316,0.092299997806549,0.1374000012874603,0.1660500019788742,0.2053000032901764,0.2278999984264373,0.2425000071525573,0.2563500106334686,0.2580499947071075,0.3636499941349029,0.2611500024795532,0.2766517698764801,0.1871252059936523,0.1679960456723104,0.1791680955625226,1.4995875358581543,28,2,116,174,0.2123565673828125,303.18786731296115,302.39003965589734,0.0011588241366526,1434.4,700.0666666666667,734.4,320,300,380
Baddepudi,15.122,79.958,28_515_shc_2023-24.5945,138,35,195.0,0.76,0.0274500008672475,0.0421999990940094,0.0724000036716461,0.0988000035285949,0.1453499943017959,0.221450001001358,0.25,0.2406000047922134,0.2639000117778778,0.2813999950885772,0.2472500056028366,0.1764499992132187,0.4177961051464081,0.246793657541275,0.2337003068780571,0.2533952820907483,1.0276392698287964,20,1,134,177,0.3101531134711371,303.22557890150284,302.4534022861057,0.0011749911430821,1434.4,700.0666666666667,734.4,306,322,372
Bheemavaram,15.132,79.958,28_515_shc_2023-24.6429,125,21,117.0,0.29,0.0577999986708164,0.0509499981999397,0.0808999985456466,0.0811000019311904,0.1551000028848648,0.241699993610382,0.2680000066757202,0.2894000113010406,0.2822000086307525,0.2680999934673309,0.2662500143051147,0.1892500072717666,0.5622132420539856,0.3021372556686401,0.3735987874306342,0.3589316591674998,0.9200069308280944,23,1,90,177,0.3101531134711371,303.22557890150284,302.4534022861057,0.0011749911430821,1435.3333333333333,694.9333333333333,740.6,277,360,363
Bheemavaram,15.133865,79.963692,28_515_shc_2023-24.6766,163,43,260.0,0.15,0.0461000017821788,0.0419000014662742,0.0719000026583671,0.0594500005245208,0.1168999969959259,0.2186000049114227,0.2552500069141388,0.2605000138282776,0.2723999917507171,0.1914000064134597,0.189750000834465,0.1115999966859817,0.6283794641494751,0.3804981708526611,0.3857592624069914,0.3677968347786099,0.7284068465232849,15,3,314,186,0.3101531134711371,303.22557890150284,302.4534022861057,0.0011749911430821,1439.5333333333333,687.6666666666666,751.8666666666667,267,367,366
Bheemavaram,15.13494,79.960072,28_515_shc_2023-24.5644,226,22,104.0,0.88,0.0512499995529651,0.0739500001072883,0.1058999970555305,0.1428000032901764,0.1654500067234039,0.2217999994754791,0.2437999993562698,0.225600004196167,0.2644999921321869,0.2679499983787536,0.3061000108718872,0.2337999939918518,0.2247557044029235,0.1538166403770446,0.1354911548694793,0.143021649341636,1.3568263053894043,21,1,0,180,0.3101531134711371,303.22557890150284,302.4534022861057,0.0011749911430821,1439.5333333333333,687.6666666666666,751.8666666666667,279,352,369
K.Rajupalem,15.142,80.008,28_515_shc_2023-24.7363,125,21,241.0,0.48,0.0283000003546476,0.0366000011563301,0.0640000030398368,0.0494999997317791,0.1046999990940094,0.221000000834465,0.2608999907970428,0.2603999972343445,0.2834999859333038,0.2705999910831451,0.1633999943733215,0.0952999964356422,0.6805421113967896,0.4264585077762604,0.41098292861384,0.3906037750819751,0.6274961233139038,14,3,46,174,0.3101531134711371,303.22557890150284,302.4534022861057,0.0011749911430821,1441.4,676.7333333333333,764.6666666666666,287,353,360
Bheemavaram,15.142971,79.984281,28_515_shc_2023-24.6273,163,24,195.0,0.62,0.0443499982357025,0.0540999993681907,0.0850500017404556,0.0720999985933303,0.1311500072479248,0.2515999972820282,0.3199000060558319,0.3224000036716461,0.3420499861240387,0.3321000039577484,0.1940000057220459,0.1052000001072883,0.6344740390777588,0.421673446893692,0.463776181367138,0.4197317011367145,0.6017369627952576,12,5,90,165,0.3101531134711371,303.22557890150284,302.4534022861057,0.0011749911430821,1439.5333333333333,687.6666666666666,751.8666666666667,300,324,376
K.Rajupalem,15.143821,80.005442,28_515_shc_2023-24.5091,63,53,126.0,0.62,0.033500000834465,0.032999999821186,0.0614000000059604,0.0373000018298625,0.1085999980568885,0.2388000041246414,0.2806999981403351,0.2806000113487243,0.300599992275238,0.296999990940094,0.1812999993562698,0.1054999977350235,0.7653350234031677,0.441932201385498,0.4839287233216988,0.4462037026506399,0.6461154222488403,18,4,0,180,0.3101531134711371,303.22557890150284,302.4534022861057,0.0011749911430821,1441.4,676.7333333333333,764.6666666666666,285,372,344
Karedu,15.145,80.025,28_515_shc_2023-24.7151,100,42,169.0,0.68,0.0485000014305114,0.0469000004231929,0.0824000015854835,0.0648000016808509,0.1306000053882599,0.2531999945640564,0.2955000102519989,0.2906000018119812,0.3145999908447265,0.3273000121116638,0.2170999944210052,0.1397999972105026,0.6353404521942139,0.3798670172691345,0.4251873585800902,0.3959551073342185,0.7470750212669373,7,3,237,189,0.3101531134711371,303.22557890150284,302.4534022861057,0.0011749911430821,1441.4,676.7333333333333,764.6666666666666,276,346,378
Sakhavaram,15.148,79.818,28_515_shc_2023-24.5138,25,1,150.0,0.16,0.0480000004172325,0.0588999986648559,0.1009000018239021,0.1096000000834465,0.1530999988317489,0.1970999985933303,0.2169000059366226,0.2171999961137771,0.2320999950170517,0.2413000017404556,0.2339999973773956,0.1753000020980835,0.3292533457279205,0.1731028854846954,0.1877115165776964,0.1952104436234127,1.0773481130599976,27,3,161,177,0.2083671569824218,303.12320259941947,302.3807080586751,0.0011446682909257,1433.1333333333334,721.4,711.6,299,356,344
Karedu,15.148,80.048,28_515_shc_2023-24.5422,138,34,208.0,0.32,0.0625,0.0662499964237213,0.1053000018000602,0.1243000030517578,0.1741500049829483,0.2545999884605407,0.2804499864578247,0.2813999950885772,0.3039500117301941,0.2955000102519989,0.320250004529953,0.2404499948024749,0.3872319161891937,0.2354296743869781,0.2566448105921832,0.2601854792305256,1.1380597352981567,10,1,134,177,0.3101531134711371,303.22557890150284,302.4534022861057,0.0011749911430821,1446.8,674.4,772.5333333333333,277,385,338
Kondasamudram,15.152,79.778,28_515_shc_2023-24.5533,125,13,111.0,0.6,0.0655499994754791,0.1115999966859817,0.1405999958515167,0.1758999973535537,0.1979999989271164,0.2354999929666519,0.2518500089645386,0.2352000027894973,0.262250006198883,0.2558000087738037,0.2922999858856201,0.2465499937534332,0.1442471593618393,0.085872583091259,0.101988175832327,0.0976292483151678,1.2427719831466677,38,1,0,180,0.2980663723415798,303.32139053344724,302.54076665242513,0.0011151868408558,1437.5333333333333,726.8666666666667,710.6666666666666,319,319,362
Atmakur,15.158,79.958,28_515_shc_2023-24.6727,75,15,182.0,0.18,0.0474000014364719,0.0653000026941299,0.1022000014781951,0.1586000025272369,0.1905499994754791,0.2205000072717666,0.2367500066757202,0.2477999925613403,0.2539499998092651,0.2769500017166137,0.3244499862194061,0.2885999977588653,0.2194881737232208,0.1306033879518509,0.1304360405423674,0.1476169304679658,1.3093219995498655,14,5,168,177,0.2564389970567491,303.2372922261556,302.2958502027724,0.0011406833963998,1435.3333333333333,694.9333333333333,740.6,291,356,353
Mopadu,15.162,79.892,28_515_shc_2023-24.5155,75,29,98.0,0.42,0.0579000003635883,0.0641999989748001,0.0888999998569488,0.0997999981045723,0.1467999964952469,0.2378000020980835,0.2669000029563904,0.2727999985218048,0.2998999953269958,0.2960000038146972,0.2644000053405761,0.1834000051021576,0.4643048942089081,0.3002859950065613,0.3111286976829391,0.2973871208218207,0.9692082405090332,18,2,296,186,0.2894867791069878,303.31367026435004,302.5501416524251,0.0011292681956521,1438.8,703.5333333333333,735.3333333333334,342,323,336
Kollurupadu,15.162735,79.975129,28_515_shc_2023-24.6157,138,30,195.0,0.68,0.0388000011444091,0.0522000007331371,0.0872000008821487,0.09740000218153,0.1581999957561493,0.2902500033378601,0.3353999853134155,0.3391999900341034,0.358049988746643,0.3179500102996826,0.2739000022411346,0.191550001502037,0.5538250207901001,0.3638922274112701,0.3945564718808184,0.3872517454552313,0.8074882626533508,15,1,134,177,0.2564389970567491,303.2372922261556,302.2958502027724,0.0011406833963998,1439.5333333333333,687.6666666666666,751.8666666666667,287,371,343
Voletivaripalem,15.165,79.725,28_515_shc_2023-24.5824,88,16,26.0,0.31,0.0644000023603439,0.0768000036478042,0.1005999967455864,0.1202000007033348,0.1756000071763992,0.2267999947071075,0.2565000057220459,0.2404000014066696,0.2763999998569488,0.2786999940872192,0.3104000091552734,0.2496999949216842,0.3333333432674408,0.1557692140340805,0.2168735612524548,0.2095049972262906,1.2911814451217651,62,1,270,183,0.2945787217881944,303.1393701341417,302.4053174336751,0.0011091490158099,1438.4,734.1333333333333,704.4,319,292,390
Atmakur,15.165909,79.966458,28_515_shc_2023-24.7308,125,40,39.0,0.68,0.0398500002920627,0.0428999997675418,0.0625500008463859,0.0581500008702278,0.1136000007390976,0.2075500041246414,0.2481500059366226,0.2281000018119812,0.272599995136261,0.3010999858379364,0.2208999991416931,0.1546999961137771,0.593711793422699,0.3350892663002014,0.3384783902677807,0.3242289355077651,0.9684348702430724,15,3,237,189,0.2564389970567491,303.2372922261556,302.2958502027724,0.0011406833963998,1439.5333333333333,687.6666666666666,751.8666666666667,301,355,344
K.Rajupalem,15.168,80.008,28_515_shc_2023-24.5949,100,68,182.0,0.58,0.1002499982714653,0.1093000024557113,0.1272000074386596,0.1388999968767166,0.1522500067949295,0.1901499927043914,0.2099500000476837,0.2025000005960464,0.2319999933242797,0.2427500039339065,0.2624000012874603,0.2316000014543533,0.186291754245758,0.1416490226984024,0.1307404630007734,0.1133824647795805,1.2958024740219116,14,2,244,186,0.2564389970567491,303.2372922261556,302.2958502027724,0.0011406833963998,1447.2,673.1333333333333,774.0666666666667,294,337,369
Chaki Cherla,15.168,80.012,28_515_shc_2023-24.5942,63,70,84.0,0.51,0.0790499970316886,0.0776000022888183,0.1024999991059303,0.1307000070810318,0.1766500025987625,0.2251999974250793,0.2526499927043915,0.265500009059906,0.2768499851226806,0.269349992275238,0.3191500008106231,0.2513499855995178,0.3402321934700012,0.2009499073028564,0.2296109539096343,0.2256192806590097,1.2020715475082395,15,2,153,177,0.2564389970567491,303.2372922261556,302.2958502027724,0.0011406833963998,1447.2,673.1333333333333,774.0666666666667,292,339,369
Kollurupadu,15.170278,80.005474,28_515_shc_2023-24.5954,151,109,123.0,0.72,0.0478999987244606,0.0654999986290931,0.0986000001430511,0.1071000024676323,0.1683000028133392,0.2517499923706054,0.2838500142097473,0.2847000062465668,0.3059999942779541,0.303600013256073,0.3131999969482422,0.2248000055551529,0.4532924890518188,0.2569536566734314,0.3091814350192507,0.2987216899139734,1.1001052856445312,8,2,333,183,0.2564389970567491,303.2372922261556,302.2958502027724,0.0011406833963998,1447.2,673.1333333333333,774.0666666666667,289,347,365
Sameerapalem,15.172,79.792,28_515_shc_2023-24.6208,100,3,91.0,0.6,0.048200000077486,0.0645999982953071,0.0966000035405159,0.1198000013828277,0.1538500040769577,0.2132000029087066,0.232350006699562,0.2400999963283538,0.2571499943733215,0.2614499926567077,0.2524499893188476,0.2112500071525573,0.3342595100402832,0.2189363986253738,0.2039812695417769,0.2098499742977063,1.0514369010925293,35,3,108,171,0.2980663723415798,303.32139053344724,302.54076665242513,0.0011151868408558,1428.9333333333334,716.4,712.4,326,329,345
Kondamudusu Palem,15.178,79.892,28_515_shc_2023-24.7097,226,80,109.0,0.28,0.0342999994754791,0.0403500013053417,0.0615999996662139,0.0436500012874603,0.0655499994754791,0.0537000000476837,0.0562999993562698,0.0498999990522861,0.0472000017762184,0.0618500001728534,0.032549999654293,0.02449999935925,0.066809169948101,-0.1355565190315246,0.0154829384979957,0.0157947883781863,0.6523045897483826,16,2,180,180,0.2894867791069878,303.31367026435004,302.5501416524251,0.0011292681956521,1434.4,701.3333333333334,733.2,322,316,362
Karedu,15.178,80.022,28_515_shc_2023-24.6419,125,88,292.0,0.48,0.048200000077486,0.0773999989032745,0.1093999966979026,0.1345999985933303,0.1856999993324279,0.2509999871253967,0.276199996471405,0.2639999985694885,0.2912999987602234,0.2931999862194061,0.2984000146389007,0.2369000017642974,0.3246362209320068,0.1741160750389099,0.2169539268307314,0.2160026714634719,1.130303144454956,12,1,134,177,0.2564389970567491,303.2372922261556,302.2958502027724,0.0011406833963998,1447.2,673.1333333333333,774.0666666666667,268,358,374
Nekunam Puram K.Kandrika,15.182,79.842,28_515_shc_2023-24.6450,125,105,456.0,0.59,0.0375499986112117,0.0450999997556209,0.0680999979376792,0.0776500031352043,0.1278000026941299,0.2321999967098236,0.2696000039577484,0.2748000025749206,0.3057999908924103,0.2645500004291534,0.239449992775917,0.1528500020503997,0.5593701004981995,0.3651266694068908,0.3514385471419607,0.3469118390271154,0.8713609576225281,23,2,116,174,0.2980663723415798,303.32139053344724,302.54076665242513,0.0011151868408558,1430.3333333333333,708.1333333333333,722.1333333333333,312,314,374
Polineni Cheruvu,15.185,79.655,28_515_shc_2023-24.6882,163,36,169.0,0.41,0.0493000000715255,0.0520000010728836,0.0791999995708465,0.0838999971747398,0.1316000074148178,0.1913000047206878,0.2115000039339065,0.2196000069379806,0.2336000055074691,0.2374999970197677,0.2496999949216842,0.1757999956607818,0.4471170008182525,0.2505694627761841,0.2545011470400942,0.2533292017460971,1.1370673179626465,118,2,0,180,0.2945787217881944,303.1393701341417,302.4053174336751,0.0011091490158099,1424.8666666666666,723.4,701.4,313,255,432
Nekunam Puram K.Kandrika,15.188,79.838,28_515_shc_2023-24.6301,50,38,266.0,0.62,0.0430499985814094,0.0431500002741813,0.0684999972581863,0.0564000010490417,0.1284999996423721,0.2279500067234039,0.2572999894618988,0.2626000046730041,0.2790000140666961,0.2639999985694885,0.2386000007390976,0.1578000038862228,0.6463949680328369,0.342879056930542,0.4035619966445309,0.3776556816544328,0.908606231212616,23,1,270,183,0.2980663723415798,303.32139053344724,302.54076665242513,0.0011151868408558,1430.3333333333333,708.1333333333333,722.1333333333333,303,319,378
Manneti Kota,15.188,79.998,28_515_shc_2023-24.5859,188,27,117.0,0.88,0.060199998319149,0.0774499997496604,0.1112999990582466,0.1490000039339065,0.2101999968290329,0.2619999945163727,0.287200003862381,0.2878000140190124,0.3127500116825104,0.3037000000476837,0.3722999989986419,0.3034000098705292,0.3177655637264251,0.1558233201503753,0.2167497019855095,0.2222459555270017,1.2936066389083862,9,1,270,183,0.2564389970567491,303.2372922261556,302.2958502027724,0.0011406833963998,1434.5333333333333,682.3333333333334,752.1333333333333,283,353,364
Karedu,15.189469,80.035239,28_515_shc_2023-24.5219,163,32,78.0,0.28,0.0368999987840652,0.049150001257658,0.0712499991059303,0.0792500004172325,0.1318999975919723,0.2102999985218048,0.2425000071525573,0.2520000040531158,0.2759000062942505,0.2671500146389007,0.2539499998092651,0.155799999833107,0.5215094089508057,0.3128418922424316,0.3178180553794344,0.3117293281928256,1.0077381134033203,7,3,226,186,0.2564389970567491,303.2372922261556,302.2958502027724,0.0011406833963998,1447.2,673.1333333333333,774.0666666666667,290,354,356
Kondamudusu Palem,15.192,79.892,28_515_shc_2023-24.7102,163,25,122.0,0.16,0.0414500012993812,0.0435499995946884,0.0662999972701072,0.0557000003755092,0.1207000017166137,0.2892999947071075,0.3612000048160553,0.3817999958992004,0.3747999966144562,0.3540000021457672,0.2174499928951263,0.1316999942064285,0.745371401309967,0.5196020007133484,0.5867746203218988,0.5217599949111938,0.5695390105247498,15,3,134,174,0.2894867791069878,303.31367026435004,302.5501416524251,0.0011292681956521,1434.4,701.3333333333334,733.2,325,325,351
Karedu,15.192879,80.036543,28_515_shc_2023-24.6858,138,22,117.0,0.62,0.0426499992609024,0.0471500009298324,0.0700500011444091,0.0659499987959861,0.1180500015616417,0.2363999933004379,0.288349986076355,0.2723000049591064,0.3091500103473663,0.3228499889373779,0.1934999972581863,0.1202500015497207,0.6100517511367798,0.3951582014560699,0.3924869379240153,0.3692514260162327,0.7106132507324219,6,3,341,183,0.2564389970567491,303.2372922261556,302.2958502027724,0.0011406833963998,1447.2,673.1333333333333,774.0666666666667,279,355,366
East Polineni Palem,15.195,79.765,28_515_shc_2023-24.6678,75,6,91.0,0.62,0.045899998396635,0.0588999986648559,0.0934000015258789,0.1022500023245811,0.1417499929666519,0.1967999935150146,0.2183499932289123,0.2152999937534332,0.2382999956607818,0.2349999994039535,0.2080499976873397,0.1692000031471252,0.356006920337677,0.2059935629367828,0.2037597598951933,0.2074184917824848,0.9663260579109192,50,1,226,183,0.2980663723415798,303.32139053344724,302.54076665242513,0.0011151868408558,1440.8666666666666,722.3333333333334,718.3333333333334,312,297,391
Kancharagunta,15.195,79.865,28_515_shc_2023-24.5965,163,40,176.0,0.62,0.0351999998092651,0.0448499992489814,0.070200003683567,0.1252000033855438,0.1565500050783157,0.1813499927520752,0.1964499950408935,0.1942999958992004,0.2108500003814697,0.2299000024795532,0.2942500114440918,0.2481500059366226,0.2162754088640213,0.1075958088040351,0.1073564694718735,0.1264795471152534,1.5144108533859253,24,2,270,186,0.2894867791069878,303.31367026435004,302.5501416524251,0.0011292681956521,1430.3333333333333,708.1333333333333,722.1333333333333,317,297,386
Kancharagunta,15.198,79.862,28_515_shc_2023-24.6998,125,34,122.0,0.29,0.0584499984979629,0.0478000007569789,0.0751499980688095,0.0767000019550323,0.1248499974608421,0.2331500053405761,0.270249992609024,0.2795999944210052,0.2953000068664551,0.2739000022411346,0.2522499859333038,0.1659999936819076,0.5694639086723328,0.3826183676719665,0.3672265119748927,0.355424489065753,0.9021816849708556,28,1,134,177,0.2894867791069878,303.31367026435004,302.5501416524251,0.0011292681956521,1430.3333333333333,708.1333333333333,722.1333333333333,314,304,382
Kancharagunta,15.198,79.862,28_515_shc_2023-24.7008,25,45,221.0,0.18,0.0584499984979629,0.0478000007569789,0.0751499980688095,0.0767000019550323,0.1248499974608421,0.2331500053405761,0.270249992609024,0.2795999944210052,0.2953000068664551,0.2739000022411346,0.2522499859333038,0.1659999936819076,0.5694639086723328,0.3826183676719665,0.3672265119748927,0.355424489065753,0.9021816849708556,28,1,134,177,0.2894867791069878,303.31367026435004,302.5501416524251,0.0011292681956521,1430.3333333333333,708.1333333333333,722.1333333333333,314,304,382
Kancharagunta,15.202,79.862,28_515_shc_2023-24.5903,113,40,338.0,0.36,0.0447999984025955,0.0549499988555908,0.0856000036001205,0.1283999979496002,0.1739500015974044,0.2108500003814697,0.2312999963760376,0.2284999936819076,0.244949996471405,0.2432499974966049,0.32914999127388,0.2576999962329864,0.2804707288742065,0.1355447769165039,0.1577098145066367,0.1752246412239785,1.440481424331665,22,3,180,180,0.2894867791069878,303.31367026435004,302.5501416524251,0.0011292681956521,1430.3333333333333,708.1333333333333,722.1333333333333,314,298,388
Kondikandukur,15.228,79.878,28_515_shc_2023-24.6382,138,9,306.0,0.32,0.0377499982714653,0.0462500005960464,0.0663999989628791,0.0790000036358833,0.1198000013828277,0.1881500035524368,0.2165499925613403,0.2305999994277954,0.2471500039100647,0.2447499930858612,0.2445500046014785,0.1515000015497207,0.489664077758789,0.3162100315093994,0.2791434088624562,0.28087943778081,1.0604944229125977,25,2,27,177,0.2894867791069878,303.31367026435004,302.5501416524251,0.0011292681956521,1428.5333333333333,699.3333333333334,729.4666666666667,315,290,395
Kondikandukur,15.232,79.882,28_515_shc_2023-24.5371,88,10,293.0,0.74,0.0401999987661838,0.0540999993681907,0.0793500021100044,0.1238000020384788,0.1583500057458877,0.1990499943494796,0.2209500074386596,0.2223999947309494,0.2379000037908554,0.2423000037670135,0.3134999871253967,0.2396000027656555,0.2848064601421356,0.1682205945253372,0.1580685369083411,0.1747813632750526,1.409622311592102,25,1,180,180,0.2894867791069878,303.31367026435004,302.5501416524251,0.0011292681956521,1428.5333333333333,699.3333333333334,729.4666666666667,312,275,413
Kondikandukur,15.268,79.898,28_515_shc_2023-24.6064,163,14,221.0,0.64,0.0524999983608722,0.0593499988317489,0.0877000018954277,0.1019499972462654,0.1551000028848648,0.2264499962329864,0.2567000091075897,0.2736000120639801,0.2800500094890594,0.2506999969482422,0.2861999869346618,0.210449993610382,0.4570629894733429,0.276417076587677,0.2979672857548546,0.294072319671848,1.0460525751113892,19,3,134,174,0.2394121381971571,303.32834040323894,302.5552197774251,0.001098685028488,1431.8,697.6666666666666,734.0666666666667,338,296,366
Vikkiralapeta,15.292,79.918,28_515_shc_2023-24.6983,188,1,377.0,1.2,0.0664833337068557,0.0662421062588691,0.0898636355996131,0.1058733314275741,0.1700499951839447,0.2519499957561493,0.2829999923706054,0.3016000092029571,0.3205666542053222,0.3083699941635132,0.3066200017929077,0.209879994392395,0.480342298746109,0.2789144814014435,0.3397975493449933,0.3235246739690248,1.0166444778442385,16,3,303,189,0.2394121381971571,303.32834040323894,302.5552197774251,0.001098685028488,1432.9333333333334,686.4666666666667,746.4,302,289,409
Vikkiralapeta,15.298,79.918,28_515_shc_2023-24.6959,113,14,267.0,0.58,0.0536644458770751,0.0858480781316757,0.1211809515953064,0.1603764742612838,0.1832266598939895,0.2226076871156692,0.2554272711277008,0.2696428596973419,0.2848909199237823,0.2780588269233703,0.347376674413681,0.2639833390712738,0.2540964484214782,0.1908192038536071,0.1720144146610192,0.1762324418100522,1.2882843017578125,17,1,180,180,0.2394121381971571,303.32834040323894,302.5552197774251,0.001098685028488,1432.9333333333334,686.4666666666667,746.4,298,303,399
Pandalapadu,15.298906,79.883129,28_515_shc_2023-24.4865,163,21,423.0,0.64,0.0735285729169845,0.062759168446064,0.0816464275121688,0.1037200018763542,0.1584333330392837,0.2014400064945221,0.2199999988079071,0.2284285724163055,0.2439000010490417,0.2682666778564453,0.2746999859809875,0.2214666604995727,0.3754602074623108,0.180930808186531,0.2259123491018742,0.2247950204913029,1.202564001083374,25,2,270,186,0.2394121381971571,303.32834040323894,302.5552197774251,0.001098685028488,1440.4666666666667,697.6,742.7333333333333,281,323,396
