Aspect_deg,B1,B11,B12,B2,B3,B4,B5,B6,B7,B8,B8A,B9,Clay_Fraction_g_kg,EVI,Elevation_m,Feature_ID,Hillshade,K,LST_K,Latitude,Longitude,N,NDRE,NDVI,OC,P,Precipitation_Mean_m,SAVI,SWIR_Ratio,Sand_Fraction_g_kg,Silt_Fraction_g_kg,Slope_deg,Soil_Moisture_0_7cm,Soil_Temp_0_7cm_K,Village
180,0.05719999969005585,0.32429999113082886,0.23119999468326569,0.07642500102519989,0.11209999769926071,0.1206749975681305,0.17906667292118073,0.2765333354473114,0.3093000054359436,0.31630000472068787,0.3402999937534332,0.33059999346733093,319,0.33333902940858257,31,28_515_shc_2025-26.7014,180,463.5,302.8500899933932,14.124534,79.672067,113.0,0.27703383564949036,0.4476800858974457,0.33,23.8,0.0008257483556553097,0.3131753888972859,1.0252923965454102,382,299,2,0.1995931257281387,303.5830048008969,Vemulachedu
226,0.05582857131958008,0.2704666554927826,0.1834000051021576,0.049300000071525574,0.08143333345651627,0.07670000195503235,0.14749999344348907,0.25485000014305115,0.28760001063346863,0.30570000410079956,0.31302499771118164,0.3111000061035156,329,0.41005622540041675,33,28_515_shc_2025-26.4697,183,273.1,302.8500899933932,14.126984,79.674958,238.0,0.34907329082489014,0.598849356174469,0.34,6.9,0.0008257483556553097,0.3892792394166378,0.8847453594207764,384,287,1,0.1995931257281387,303.5830048008969,Palur
314,0.06712000072002411,0.37400001287460327,0.26660001277923584,0.08910000324249268,0.12987500429153442,0.14293333888053894,0.2079000025987625,0.26813334226608276,0.29807499051094055,0.3176000118255615,0.33489999175071716,0.32739999890327454,325,0.2897685234004047,33,28_515_shc_2025-26.7024,186,471.8,302.8500899933932,14.127094,79.672796,88.0,0.2087535858154297,0.37927040457725525,0.52,29.2,0.0008257483556553097,0.2727651353541595,1.1775819063186646,384,291,3,0.1995931257281387,303.5830048008969,Vemulachedu
333,0.06435000151395798,0.2632499933242798,0.20804999768733978,0.09570000320672989,0.12575000524520874,0.1362999975681305,0.15809999406337738,0.219200000166893,0.24484999477863312,0.25745001435279846,0.26409998536109924,0.2745000123977661,347,0.22311237376119514,23,28_515_shc_2025-26.8423,183,533.8,302.7622721822638,14.128,79.832,176.0,0.2390807867050171,0.3076825737953186,0.16,23.8,0.0008850223594717841,0.2033286967867245,1.0225285291671753,346,307,2,0.22176498279236911,303.5035820007324,Cheekavolu
333,0.06435000151395798,0.2632499933242798,0.20804999768733978,0.09570000320672989,0.12575000524520874,0.1362999975681305,0.15809999406337738,0.219200000166893,0.24484999477863312,0.25745001435279846,0.26409998536109924,0.2745000123977661,347,0.22311237376119514,23,28_515_shc_2025-26.1918,183,285.5,302.7622721822638,14.128,79.832,100.0,0.2390807867050171,0.3076825737953186,0.27,10.0,0.0008850223594717841,0.2033286967867245,1.0225285291671753,346,307,2,0.22176498279236911,303.5035820007324,Vemulachedu
333,0.06435000151395798,0.2632499933242798,0.20804999768733978,0.09570000320672989,0.12575000524520874,0.1362999975681305,0.15809999406337738,0.219200000166893,0.24484999477863312,0.25745001435279846,0.26409998536109924,0.2745000123977661,347,0.22311237376119514,23,28_515_shc_2025-26.8430,183,360.0,302.7622721822638,14.128,79.832,151.0,0.2390807867050171,0.3076825737953186,0.2,91.4,0.0008850223594717841,0.2033286967867245,1.0225285291671753,346,307,2,0.22176498279236911,303.5035820007324,Cheekavolu
333,0.06435000151395798,0.2632499933242798,0.20804999768733978,0.09570000320672989,0.12575000524520874,0.1362999975681305,0.15809999406337738,0.219200000166893,0.24484999477863312,0.25745001435279846,0.26409998536109924,0.2745000123977661,347,0.22311237376119514,23,28_515_shc_2025-26.8439,183,378.6,302.7622721822638,14.128,79.832,50.0,0.2390807867050171,0.3076825737953186,0.13,35.3,0.0008850223594717841,0.2033286967867245,1.0225285291671753,346,307,2,0.22176498279236911,303.5035820007324,Cheekavolu
226,0.04386666789650917,0.25146666169166565,0.16040000319480896,0.04729999974370003,0.07530000060796738,0.0737999975681305,0.1298999935388565,0.22589999437332153,0.2574000060558319,0.2687999904155731,0.28529998660087585,0.28466665744781494,342,0.35928804961048394,37,28_515_shc_2025-26.7019,183,353.8,302.8500899933932,14.132998,79.675209,138.0,0.34838223457336426,0.5691768527030945,0.34,34.6,0.0008257483556553097,0.3471397975818878,0.9355158805847168,388,270,1,0.1995931257281387,303.5830048008969,Vemulachedu
161,0.055816665291786194,0.3244999945163727,0.23770000040531158,0.06866666674613953,0.09703333675861359,0.12183333188295364,0.170933336019516,0.23125000298023224,0.26221999526023865,0.2632000148296356,0.2915000021457672,0.28769999742507935,313,0.2389242198790838,28,28_515_shc_2025-26.1862,177,155.2,302.8500899933932,14.148,79.712,100.0,0.2125307321548462,0.36715438961982727,0.2,0.8,0.0008257483556553097,0.23959551943175006,1.2329026460647583,367,320,3,0.1995931257281387,303.5830048008969,Ananthamadugu
180,0.06279999762773514,0.26589998602867126,0.17307500541210175,0.07005000114440918,0.10254999995231628,0.1054999977350235,0.1716500073671341,0.26932498812675476,0.3268499970436096,0.3414500057697296,0.3625999987125397,0.3177500069141388,310,0.4070700459010168,18,28_515_shc_2025-26.8321,180,304.2,303.0659317217375,14.152,79.738,63.0,0.33092963695526123,0.5279114246368408,0.1,38.4,0.0008190243098064764,0.37375258539748524,0.7787376642227173,368,322,2,0.21051701328210665,303.8115975229364,Ananthamadugu
90,0.05583333224058151,0.2899250090122223,0.20016667246818542,0.06584999710321426,0.09645000100135803,0.10520000010728836,0.1522500067949295,0.24651999771595,0.2767750024795532,0.28345000743865967,0.3086000084877014,0.298633337020874,319,0.31364924705113956,33,28_515_shc_2025-26.6815,177,111.7,303.0659317217375,14.152696,79.703033,125.0,0.301124632358551,0.45863887667655945,0.1,20.7,0.0008190243098064764,0.3008777457116403,1.022843599319458,363,318,1,0.21051701328210665,303.8115975229364,Thippireddipalle
90,0.05583333224058151,0.2899250090122223,0.20016667246818542,0.06584999710321426,0.09645000100135803,0.10520000010728836,0.1522500067949295,0.24651999771595,0.2767750024795532,0.28345000743865967,0.3086000084877014,0.298633337020874,319,0.31364924705113956,33,28_515_shc_2025-26.7066,177,329.0,303.0659317217375,14.152696,79.703033,113.0,0.301124632358551,0.45863887667655945,0.46,10.0,0.0008190243098064764,0.3008777457116403,1.022843599319458,363,318,1,0.21051701328210665,303.8115975229364,Lingasamudram
90,0.05583333224058151,0.2899250090122223,0.20016667246818542,0.06584999710321426,0.09645000100135803,0.10520000010728836,0.1522500067949295,0.24651999771595,0.2767750024795532,0.28345000743865967,0.3086000084877014,0.298633337020874,319,0.31364924705113956,33,28_515_shc_2025-26.6804,177,403.5,303.0659317217375,14.152696,79.703033,13.0,0.301124632358551,0.45863887667655945,0.1,10.0,0.0008190243098064764,0.3008777457116403,1.022843599319458,363,318,1,0.21051701328210665,303.8115975229364,Samudralavari Khandrika
116,0.05835000053048134,0.22544999420642853,0.13635000586509705,0.044725000858306885,0.0648166686296463,0.060474999248981476,0.11159999668598175,0.225150004029274,0.2639875113964081,0.26190000772476196,0.29778334498405457,0.3666499853134155,331,0.39056669538730837,58,28_515_shc_2025-26.2284,174,136.6,302.9800456197638,14.155,79.595,151.0,0.4024096727371216,0.624815821647644,0.46,18.4,0.0007555945000877731,0.3673962731740914,0.860824704170227,396,273,2,0.19181154485334428,303.7188754834627,Jorepalle
0,0.08407692611217499,0.37024998664855957,0.320250004529953,0.094760000705719,0.12608332931995392,0.15985000133514404,0.209525004029274,0.251714289188385,0.279449999332428,0.2640833258628845,0.30463001132011414,0.31474000215530396,331,0.17228838585867465,59,28_515_shc_2025-26.2313,180,204.8,302.9800456197638,14.155398,79.594032,50.0,0.11519712954759598,0.24587197601795197,0.25,11.5,0.0007555945000877731,0.16922215292933135,1.4020195007324219,398,271,1,0.19181154485334428,303.7188754834627,Jorepalle Akkamambapuram
303,0.06289999932050705,0.3052999973297119,0.20225000381469727,0.051624998450279236,0.07501111179590225,0.08123333007097244,0.14667083323001862,0.2520250082015991,0.29214999079704285,0.2939000129699707,0.33086666464805603,0.349824994802475,331,0.3813657113995688,60,28_515_shc_2025-26.2263,189,105.5,302.9800456197638,14.155667,79.594586,100.0,0.33417820930480957,0.5669095516204834,0.48,19.2,0.0007555945000877731,0.36451590707311554,1.0387886762619019,396,273,3,0.19181154485334428,303.7188754834627,Jorepalle Akkamambapuram
46,0.0793600007891655,0.39890000224113464,0.34656667709350586,0.1628199964761734,0.20600000023841858,0.2581374943256378,0.2357500046491623,0.27898332476615906,0.3100166618824005,0.3476392924785614,0.34033751487731934,0.31937143206596375,331,0.13355971318591248,58,28_515_shc_2025-26.2261,177,105.5,302.9800456197638,14.15574,79.593975,125.0,0.19179180264472961,0.14774715900421143,0.25,30.0,0.0007555945000877731,0.12141030525463328,1.147453784942627,398,271,1,0.19181154485334428,303.7188754834627,Jorepalle
46,0.0793600007891655,0.39890000224113464,0.34656667709350586,0.1628199964761734,0.20600000023841858,0.2581374943256378,0.2357500046491623,0.27898332476615906,0.3100166618824005,0.3476392924785614,0.34033751487731934,0.31937143206596375,331,0.13355971318591248,58,28_515_shc_2025-26.2267,177,49.7,302.9800456197638,14.15574,79.593975,163.0,0.19179180264472961,0.14774715900421143,0.27,10.0,0.0007555945000877731,0.12141030525463328,1.147453784942627,398,271,1,0.19181154485334428,303.7188754834627,Jorepalle
46,0.0793600007891655,0.39890000224113464,0.34656667709350586,0.1628199964761734,0.20600000023841858,0.2581374943256378,0.2357500046491623,0.27898332476615906,0.3100166618824005,0.3476392924785614,0.34033751487731934,0.31937143206596375,331,0.13355971318591248,58,28_515_shc_2025-26.2315,177,372.4,302.9800456197638,14.15574,79.593975,50.0,0.19179180264472961,0.14774715900421143,0.11,18.4,0.0007555945000877731,0.12141030525463328,1.147453784942627,398,271,1,0.19181154485334428,303.7188754834627,Jorepalle Akkamambapuram
19,0.060462500900030136,0.2851499915122986,0.17694999277591705,0.07176154106855392,0.09927777945995331,0.1090874969959259,0.16007499396800995,0.2559666633605957,0.2990500032901764,0.28644001483917236,0.3296666741371155,0.3469125032424927,331,0.31607927832793625,59,28_515_shc_2025-26.9401,177,49.7,302.9800456197638,14.156444,79.59325,13.0,0.2830028533935547,0.44839489459991455,0.2,0.8,0.0007555945000877731,0.29706376772247733,0.9954963326454163,398,271,3,0.19181154485334428,303.7188754834627,Thatipalle
270,0.053360000252723694,0.20659999549388885,0.12014999985694885,0.06502500176429749,0.09375,0.09910000115633011,0.1648000031709671,0.2753666639328003,0.33597081899642944,0.3551666736602783,0.3824999928474426,0.37942999601364136,336,0.43784679759383127,54,28_515_shc_2025-26.2057,183,273.1,302.9800456197638,14.158,79.592,100.0,0.36611321568489075,0.5636923909187317,0.34,3.1,0.0007555945000877731,0.4025080398304163,0.5816987156867981,399,264,1,0.19181154485334428,303.7188754834627,Jorepalle
270,0.053360000252723694,0.20659999549388885,0.12014999985694885,0.06502500176429749,0.09375,0.09910000115633011,0.1648000031709671,0.2753666639328003,0.33597081899642944,0.3551666736602783,0.3824999928474426,0.37942999601364136,336,0.43784679759383127,54,28_515_shc_2025-26.2254,183,49.7,302.9800456197638,14.158,79.592,50.0,0.36611321568489075,0.5636923909187317,0.41,10.8,0.0007555945000877731,0.4025080398304163,0.5816987156867981,399,264,1,0.19181154485334428,303.7188754834627,Jorepalle
19,0.04456000030040741,0.23655714094638824,0.14238333702087402,0.05602142959833145,0.0836428552865982,0.08366666734218597,0.11851999908685684,0.21287143230438232,0.25527143478393555,0.263616681098938,0.2854500114917755,0.27878332138061523,313,0.33436622729275767,19,28_515_shc_2025-26.2177,177,614.5,303.0659317217375,14.162,79.742,176.0,0.37969839572906494,0.5181648135185242,0.22,4.6,0.0008190243098064764,0.3185770393478759,0.8973526954650879,353,334,3,0.21051701328210665,303.8115975229364,Molakalapundla
19,0.04456000030040741,0.23655714094638824,0.14238333702087402,0.05602142959833145,0.0836428552865982,0.08366666734218597,0.11851999908685684,0.21287143230438232,0.25527143478393555,0.263616681098938,0.2854500114917755,0.27878332138061523,313,0.33436622729275767,19,28_515_shc_2025-26.2080,177,391.1,303.0659317217375,14.162,79.742,138.0,0.37969839572906494,0.5181648135185242,0.08,19.2,0.0008190243098064764,0.3185770393478759,0.8973526954650879,353,334,3,0.21051701328210665,303.8115975229364,Molakalapundla
19,0.04456000030040741,0.23655714094638824,0.14238333702087402,0.05602142959833145,0.0836428552865982,0.08366666734218597,0.11851999908685684,0.21287143230438232,0.25527143478393555,0.263616681098938,0.2854500114917755,0.27878332138061523,313,0.33436622729275767,19,28_515_shc_2025-26.2207,177,335.2,303.0659317217375,14.162,79.742,138.0,0.37969839572906494,0.5181648135185242,0.11,25.3,0.0008190243098064764,0.3185770393478759,0.8973526954650879,353,334,3,0.21051701328210665,303.8115975229364,Molakalapundla
116,0.05544999986886978,0.2558499872684479,0.1577499955892563,0.06599999964237213,0.09650000184774399,0.08290000259876251,0.14219999313354492,0.28235000371932983,0.3252499997615814,0.33785000443458557,0.3568499982357025,0.34700000286102295,345,0.475564255765561,68,28_515_shc_2025-26.575,168,105.5,302.9800456197638,14.171031,79.557042,50.0,0.4075617492198944,0.6059417724609375,0.31,19.2,0.0007555945000877731,0.4153407546375221,0.7572886943817139,401,255,4,0.19181154485334428,303.7188754834627,Kambhalapalle
207,0.06340000033378601,0.35089999437332153,0.3059000074863434,0.13899999856948853,0.16500000655651093,0.19480000436306,0.20890000462532043,0.24210000038146973,0.27140000462532043,0.2809999883174896,0.29010000824928284,0.2865000069141388,342,0.15313007604875722,68,28_515_shc_2025-26.11678,183,322.8,302.9800456197638,14.171091,79.555352,25.0,0.14717286825180054,0.18116852641105652,0.35,21.5,0.0007555945000877731,0.1325066375297399,1.2487545013427734,408,250,2,0.19181154485334428,303.7188754834627,Siddavaram
207,0.06340000033378601,0.35089999437332153,0.3059000074863434,0.13899999856948853,0.16500000655651093,0.19480000436306,0.20890000462532043,0.24210000038146973,0.27140000462532043,0.2809999883174896,0.29010000824928284,0.2865000069141388,342,0.15313007604875722,68,28_515_shc_2025-26.572,183,378.6,302.9800456197638,14.171091,79.555352,13.0,0.14717286825180054,0.18116852641105652,0.39,21.5,0.0007555945000877731,0.1325066375297399,1.2487545013427734,408,250,2,0.19181154485334428,303.7188754834627,Siddavaram
207,0.06340000033378601,0.35089999437332153,0.3059000074863434,0.13899999856948853,0.16500000655651093,0.19480000436306,0.20890000462532043,0.24210000038146973,0.27140000462532043,0.2809999883174896,0.29010000824928284,0.2865000069141388,342,0.15313007604875722,68,28_515_shc_2025-26.574,183,117.9,302.9800456197638,14.171091,79.555352,13.0,0.14717286825180054,0.18116852641105652,0.33,15.4,0.0007555945000877731,0.1325066375297399,1.2487545013427734,408,250,2,0.19181154485334428,303.7188754834627,Kambhalapalle
207,0.06340000033378601,0.35089999437332153,0.3059000074863434,0.13899999856948853,0.16500000655651093,0.19480000436306,0.20890000462532043,0.24210000038146973,0.27140000462532043,0.2809999883174896,0.29010000824928284,0.2865000069141388,342,0.15313007604875722,68,28_515_shc_2025-26.9208,183,341.4,302.9800456197638,14.171091,79.555352,201.0,0.14717286825180054,0.18116852641105652,0.21,6.1,0.0007555945000877731,0.1325066375297399,1.2487545013427734,408,250,2,0.19181154485334428,303.7188754834627,Siddavaram
207,0.06340000033378601,0.35089999437332153,0.3059000074863434,0.13899999856948853,0.16500000655651093,0.19480000436306,0.20890000462532043,0.24210000038146973,0.27140000462532043,0.2809999883174896,0.29010000824928284,0.2865000069141388,342,0.15313007604875722,68,28_515_shc_2025-26.11677,183,322.8,302.9800456197638,14.171091,79.555352,201.0,0.14717286825180054,0.18116852641105652,0.21,10.8,0.0007555945000877731,0.1325066375297399,1.2487545013427734,408,250,2,0.19181154485334428,303.7188754834627,Siddavaram
207,0.06340000033378601,0.35089999437332153,0.3059000074863434,0.13899999856948853,0.16500000655651093,0.19480000436306,0.20890000462532043,0.24210000038146973,0.27140000462532043,0.2809999883174896,0.29010000824928284,0.2865000069141388,342,0.15313007604875722,68,28_515_shc_2025-26.11684,183,68.3,302.9800456197638,14.171091,79.555352,38.0,0.14717286825180054,0.18116852641105652,0.21,15.4,0.0007555945000877731,0.1325066375297399,1.2487545013427734,408,250,2,0.19181154485334428,303.7188754834627,Kambhalapalle
207,0.06340000033378601,0.35089999437332153,0.3059000074863434,0.13899999856948853,0.16500000655651093,0.19480000436306,0.20890000462532043,0.24210000038146973,0.27140000462532043,0.2809999883174896,0.29010000824928284,0.2865000069141388,342,0.15313007604875722,68,28_515_shc_2025-26.11687,183,316.6,302.9800456197638,14.171091,79.555352,13.0,0.14717286825180054,0.18116852641105652,0.31,12.3,0.0007555945000877731,0.1325066375297399,1.2487545013427734,408,250,2,0.19181154485334428,303.7188754834627,Bandepalle
207,0.06340000033378601,0.35089999437332153,0.3059000074863434,0.13899999856948853,0.16500000655651093,0.19480000436306,0.20890000462532043,0.24210000038146973,0.27140000462532043,0.2809999883174896,0.29010000824928284,0.2865000069141388,342,0.15313007604875722,68,28_515_shc_2025-26.9214,183,366.2,302.9800456197638,14.171091,79.555352,50.0,0.14717286825180054,0.18116852641105652,0.31,13.1,0.0007555945000877731,0.1325066375297399,1.2487545013427734,408,250,2,0.19181154485334428,303.7188754834627,Siddavaram
207,0.06340000033378601,0.35089999437332153,0.3059000074863434,0.13899999856948853,0.16500000655651093,0.19480000436306,0.20890000462532043,0.24210000038146973,0.27140000462532043,0.2809999883174896,0.29010000824928284,0.2865000069141388,342,0.15313007604875722,68,28_515_shc_2025-26.9226,183,384.9,302.9800456197638,14.171091,79.555352,63.0,0.14717286825180054,0.18116852641105652,0.31,69.9,0.0007555945000877731,0.1325066375297399,1.2487545013427734,408,250,2,0.19181154485334428,303.7188754834627,Siddavaram
134,0.07360000163316727,0.290800005197525,0.1889999955892563,0.08299999684095383,0.11800000071525574,0.1395999938249588,0.18639999628067017,0.30660000443458557,0.35420000553131104,0.3684000074863434,0.39480000734329224,0.3849000036716461,330,0.3612251571040323,8,28_515_shc_2024-25.4984,177,484.0,302.86739827875505,14.172,79.918,50.0,0.32804617285728455,0.4503937363624573,0.32,3.1,0.000928226317716615,0.34047621036270803,0.7893593907356262,340,330,1,0.2627870660079153,303.65991338094074,Baddevolu
134,0.09510000050067902,0.3508000075817108,0.3239000141620636,0.13179999589920044,0.15809999406337738,0.1915999948978424,0.21580000221729279,0.23319999873638153,0.2538999915122986,0.2667999863624573,0.26989999413490295,0.273499995470047,336,0.1316618673844437,74,28_515_shc_2025-26.699,177,86.9,302.9800456197638,14.173949,79.553736,75.0,0.10567755252122879,0.16404885053634644,0.23,17.7,0.0007555945000877731,0.11769614920963362,1.314842700958252,412,252,1,0.19181154485334428,303.7188754834627,Kambhalapalle
207,0.05530000105500221,0.2876499891281128,0.17409999668598175,0.07067500054836273,0.1062999963760376,0.10540000349283218,0.1748500019311905,0.27250000834465027,0.33079999685287476,0.3296000063419342,0.35910001397132874,0.36809998750686646,338,0.3914276971215793,13,28_515_shc_2025-26.5262,183,192.4,302.76878688209933,14.175,79.795,151.0,0.3067697584629059,0.5154023170471191,0.24,50.69,0.0008863091853354286,0.35967914517250554,0.8727244734764099,329,334,2,0.2614608563874897,303.54699191712496,Ramasagaram
27,0.08217500150203705,0.3122499883174896,0.259550005197525,0.09915000200271606,0.12345000356435776,0.1430249959230423,0.18529999256134033,0.22611667215824127,0.25116249918937683,0.255825012922287,0.27184998989105225,0.2862333357334137,320,0.20578687777850632,28,28_515_shc_2025-26.8366,177,415.9,303.0659317217375,14.178,79.742,13.0,0.15987536311149597,0.2828131318092346,0.37,16.1,0.0008190243098064764,0.18824055608145668,1.2205607891082764,369,311,2,0.21051701328210665,303.8115975229364,Vemulachedu
27,0.08217500150203705,0.3122499883174896,0.259550005197525,0.09915000200271606,0.12345000356435776,0.1430249959230423,0.18529999256134033,0.22611667215824127,0.25116249918937683,0.255825012922287,0.27184998989105225,0.2862333357334137,320,0.20578687777850632,28,28_515_shc_2025-26.8302,177,521.4,303.0659317217375,14.178,79.742,163.0,0.15987536311149597,0.2828131318092346,0.18,0.8,0.0008190243098064764,0.18824055608145668,1.2205607891082764,369,311,2,0.21051701328210665,303.8115975229364,Ananthamadugu
27,0.08217500150203705,0.3122499883174896,0.259550005197525,0.09915000200271606,0.12345000356435776,0.1430249959230423,0.18529999256134033,0.22611667215824127,0.25116249918937683,0.255825012922287,0.27184998989105225,0.2862333357334137,320,0.20578687777850632,28,28_515_shc_2025-26.9306,177,186.2,303.0659317217375,14.178,79.742,138.0,0.15987536311149597,0.2828131318092346,0.05,6.9,0.0008190243098064764,0.18824055608145668,1.2205607891082764,369,311,2,0.21051701328210665,303.8115975229364,Devaravemur
27,0.08217500150203705,0.3122499883174896,0.259550005197525,0.09915000200271606,0.12345000356435776,0.1430249959230423,0.18529999256134033,0.22611667215824127,0.25116249918937683,0.255825012922287,0.27184998989105225,0.2862333357334137,320,0.20578687777850632,28,28_515_shc_2025-26.8353,177,186.2,303.0659317217375,14.178,79.742,163.0,0.15987536311149597,0.2828131318092346,0.22,1.5,0.0008190243098064764,0.18824055608145668,1.2205607891082764,369,311,2,0.21051701328210665,303.8115975229364,Ananthamadugu
27,0.08217500150203705,0.3122499883174896,0.259550005197525,0.09915000200271606,0.12345000356435776,0.1430249959230423,0.18529999256134033,0.22611667215824127,0.25116249918937683,0.255825012922287,0.27184998989105225,0.2862333357334137,320,0.20578687777850632,28,28_515_shc_2025-26.8355,177,37.2,303.0659317217375,14.178,79.742,226.0,0.15987536311149597,0.2828131318092346,0.1,3.8,0.0008190243098064764,0.18824055608145668,1.2205607891082764,369,311,2,0.21051701328210665,303.8115975229364,Devaravemur
27,0.08217500150203705,0.3122499883174896,0.259550005197525,0.09915000200271606,0.12345000356435776,0.1430249959230423,0.18529999256134033,0.22611667215824127,0.25116249918937683,0.255825012922287,0.27184998989105225,0.2862333357334137,320,0.20578687777850632,28,28_515_shc_2025-26.9397,177,583.5,303.0659317217375,14.178,79.742,88.0,0.15987536311149597,0.2828131318092346,0.18,11.5,0.0008190243098064764,0.18824055608145668,1.2205607891082764,369,311,2,0.21051701328210665,303.8115975229364,Ananthamadugu
27,0.08217500150203705,0.3122499883174896,0.259550005197525,0.09915000200271606,0.12345000356435776,0.1430249959230423,0.18529999256134033,0.22611667215824127,0.25116249918937683,0.255825012922287,0.27184998989105225,0.2862333357334137,320,0.20578687777850632,28,28_515_shc_2025-26.2271,177,192.4,303.0659317217375,14.178,79.742,88.0,0.15987536311149597,0.2828131318092346,0.11,7.5,0.0008190243098064764,0.18824055608145668,1.2205607891082764,369,311,2,0.21051701328210665,303.8115975229364,Ananthamadugu
27,0.08217500150203705,0.3122499883174896,0.259550005197525,0.09915000200271606,0.12345000356435776,0.1430249959230423,0.18529999256134033,0.22611667215824127,0.25116249918937683,0.255825012922287,0.27184998989105225,0.2862333357334137,320,0.20578687777850632,28,28_515_shc_2025-26.9196,177,273.1,303.0659317217375,14.178,79.742,113.0,0.15987536311149597,0.2828131318092346,0.27,0.8,0.0008190243098064764,0.18824055608145668,1.2205607891082764,369,311,2,0.21051701328210665,303.8115975229364,Devaravemur
226,0.04213333502411842,0.17749999463558197,0.10976666957139969,0.03680000081658363,0.05582499876618385,0.04645000025629997,0.08727499842643738,0.22265000641345978,0.2804499864578247,0.28876665234565735,0.30845001339912415,0.3183499872684479,321,0.4690726092497609,18,28_515_shc_2025-26.1748,183,285.5,302.76878688209933,14.185,79.775,50.0,0.5358226895332336,0.7228658199310303,0.29,110.6,0.0008863091853354286,0.4351864597068311,0.6146831512451172,325,355,1,0.2614608563874897,303.54699191712496,Ramasagaram
90,0.06532499939203262,0.2965500056743622,0.23772500455379486,0.11331667006015778,0.14014999568462372,0.15583333373069763,0.17139999568462372,0.2531749904155731,0.28371667861938477,0.28220000863075256,0.30079999566078186,0.2971666753292084,333,0.23104725693276443,21,28_515_shc_2025-26.2216,177,192.4,302.76878688209933,14.189896,79.787029,113.0,0.24426810443401337,0.28848642110824585,0.3,90.6,0.0008863091853354286,0.2020717215369979,1.0508503913879395,336,331,1,0.2614608563874897,303.54699191712496,Ramasagaram
0,0.047216664999723434,0.3005000054836273,0.2188500016927719,0.06685999780893326,0.09745000302791595,0.10154999792575836,0.1628749966621399,0.2502000033855438,0.27854999899864197,0.28929999470710754,0.3066500127315521,0.3116750121116638,327,0.33595175349239864,20,28_515_shc_2025-26.4175,180,167.6,302.76878688209933,14.192,79.772,125.0,0.2795930802822113,0.48036330938339233,0.21,33.8,0.0008863091853354286,0.3161306589223783,1.0387141704559326,345,328,0,0.2614608563874897,303.54699191712496,Ramasagaram
90,0.055537499487400055,0.2754666805267334,0.17425000667572021,0.059700001031160355,0.08299999684095383,0.08235833048820496,0.13979999721050262,0.2567833364009857,0.29192501306533813,0.30763334035873413,0.3255249857902527,0.31001999974250793,345,0.4159332848067976,21,28_515_shc_2025-26.9373,174,242.1,302.76878688209933,14.192,79.788,201.0,0.3751024603843689,0.5776405930519104,0.49,139.8,0.0008863091853354286,0.3796805362057237,0.8954383134841919,349,306,2,0.2614608563874897,303.54699191712496,Ramasagaram
90,0.055537499487400055,0.2754666805267334,0.17425000667572021,0.059700001031160355,0.08299999684095383,0.08235833048820496,0.13979999721050262,0.2567833364009857,0.29192501306533813,0.30763334035873413,0.3255249857902527,0.31001999974250793,345,0.4159332848067976,21,28_515_shc_2025-26.1863,174,378.6,302.76878688209933,14.192,79.788,13.0,0.3751024603843689,0.5776405930519104,0.2,61.4,0.0008863091853354286,0.3796805362057237,0.8954383134841919,349,306,2,0.2614608563874897,303.54699191712496,Ramasagaram
90,0.055537499487400055,0.2754666805267334,0.17425000667572021,0.059700001031160355,0.08299999684095383,0.08235833048820496,0.13979999721050262,0.2567833364009857,0.29192501306533813,0.30763334035873413,0.3255249857902527,0.31001999974250793,345,0.4159332848067976,21,28_515_shc_2025-26.5338,174,273.1,302.76878688209933,14.192,79.788,13.0,0.3751024603843689,0.5776405930519104,0.16,144.4,0.0008863091853354286,0.3796805362057237,0.8954383134841919,349,306,2,0.2614608563874897,303.54699191712496,Ramasagaram
0,0.06852307915687561,0.2902333438396454,0.19276000559329987,0.050530001521110535,0.07566666603088379,0.08214285969734192,0.14562000334262848,0.24428333342075348,0.28247499465942383,0.28266000747680664,0.3166833221912384,0.3149999976158142,340,0.35895290945726493,24,28_515_shc_2025-26.5097,180,248.3,302.76878688209933,14.193455,79.784149,151.0,0.3199775815010071,0.5496588945388794,0.52,82.2,0.0008863091853354286,0.34779685993875037,1.026793122291565,352,308,0,0.2614608563874897,303.54699191712496,Ramasagaram
296,0.061500001698732376,0.4323999881744385,0.34459999203681946,0.08330000191926956,0.12300000339746475,0.16695000231266022,0.20943333208560944,0.25110000371932983,0.27309998869895935,0.28610000014305115,0.30790001153945923,0.3067750036716461,328,0.17911367345734414,80,28_515_shc_2025-26.1685,186,620.7,302.9800456197638,14.193734,79.577172,188.0,0.15471546351909637,0.26299524307250977,0.2,13.1,0.0007555945000877731,0.18752950662092027,1.5113595724105835,397,275,2,0.19181154485334428,303.7188754834627,Puligilapadu
0,0.05920000001788139,0.38909998536109924,0.313400000333786,0.07649999856948853,0.11320000141859055,0.14544999599456787,0.18793334066867828,0.24879999458789825,0.2741333246231079,0.2820333242416382,0.3052999973297119,0.3079499900341034,328,0.21597844724566612,79,28_515_shc_2025-26.4945,180,620.7,302.9800456197638,14.193824,79.579555,163.0,0.20022693276405334,0.31950563192367554,0.44,12.3,0.0007555945000877731,0.22089345209833972,1.3796241283416748,397,275,2,0.19181154485334428,303.7188754834627,Puligilapadu
0,0.04983333498239517,0.2126999944448471,0.15665000677108765,0.06340000033378601,0.08463333547115326,0.09632500261068344,0.112575002014637,0.20985999703407288,0.2559633255004883,0.24740000069141388,0.2784999907016754,0.24717499315738678,333,0.27979960093788836,21,28_515_shc_2025-26.9336,180,242.1,302.76878688209933,14.193935,79.773062,2.1,0.37453988194465637,0.4395228624343872,0.49,139.8,0.0008863091853354286,0.26858573141035225,0.8597412705421448,345,322,2,0.2614608563874897,303.54699191712496,Ramasagaram
90,0.06379999965429306,0.322299987077713,0.28200000524520874,0.09950000047683716,0.12720000743865967,0.14380000531673431,0.17980000376701355,0.2313999980688095,0.25505000352859497,0.24564999341964722,0.27480000257492065,0.29155001044273376,328,0.18692186624056334,79,28_515_shc_2025-26.4669,174,620.7,302.9800456197638,14.195023,79.579574,88.0,0.15477727353572845,0.2615226209163666,0.23,1.5,0.0007555945000877731,0.17176342950296564,1.312029242515564,397,275,2,0.19181154485334428,303.7188754834627,Puligilapadu
207,0.04208333417773247,0.3334166705608368,0.24674999713897705,0.05768333375453949,0.0925000011920929,0.10446666926145554,0.1707666665315628,0.24864999949932098,0.2748500108718872,0.2818000018596649,0.30425000190734863,0.29587501287460327,354,0.3003664203048759,80,28_515_shc_2025-26.4723,186,620.7,302.9800456197638,14.195328,79.576322,25.0,0.24534139037132263,0.4590955972671509,0.63,9.2,0.0007555945000877731,0.30013539667561473,1.1831676959991455,392,254,4,0.19181154485334428,303.7188754834627,Puligilapadu
314,0.0544000007212162,0.3239000141620636,0.2687000036239624,0.094200000166893,0.12880000472068787,0.15680000185966492,0.17560000717639923,0.2207999974489212,0.2418999969959259,0.2451000064611435,0.26109999418258667,0.26809999346733093,354,0.14921590446222438,87,28_515_shc_2025-26.1999,183,403.5,302.9800456197638,14.197923,79.569911,50.0,0.1652008444070816,0.21970640122890472,0.25,8.4,0.0007555945000877731,0.14685664228878134,1.3215014934539795,381,265,1,0.19181154485334428,303.7188754834627,Raviguntapalle
270,0.047600001096725464,0.323199987411499,0.22546666860580444,0.06019999831914902,0.0862250030040741,0.11180000007152557,0.16050000488758087,0.2294333279132843,0.2550249993801117,0.26284998655319214,0.2918800115585327,0.2921999990940094,299,0.2547818819343191,73,28_515_shc_2025-26.7095,186,279.3,303.0659317217375,14.202,79.682,113.0,0.24176210165023804,0.40317627787590027,0.11,75.3,0.0008190243098064764,0.25904645651096936,1.2295986413955688,384,317,2,0.21051701328210665,303.8115975229364,Chaganam
226,0.07069999724626541,0.2032500058412552,0.13770000636577606,0.054999999701976776,0.07450000196695328,0.06849999725818634,0.11874999850988388,0.1983499974012375,0.21915000677108765,0.1887499988079071,0.2353000044822693,0.26100000739097595,348,0.253211208907753,15,28_515_shc_2024-25.8448,183,161.4,302.86739827875505,14.202,79.872,151.0,0.22764228284358978,0.46744412183761597,0.13,11.5,0.000928226317716615,0.23819742919990436,1.076821208000183,330,322,1,0.2627870660079153,303.65991338094074,Manubolu
226,0.05824999883770943,0.3738499879837036,0.29260000586509705,0.07774999737739563,0.11829999834299088,0.14180000126361847,0.1915999948978424,0.23649999499320984,0.2543500065803528,0.26570001244544983,0.28575000166893005,0.28220000863075256,325,0.20200539328972508,83,28_515_shc_2025-26.5026,186,620.7,302.9800456197638,14.20398,79.573126,38.0,0.16203808784484863,0.3040491044521332,0.16,13.1,0.0007555945000877731,0.20479340381842456,1.4070378541946411,380,295,3,0.19181154485334428,303.7188754834627,Raviguntapalle
108,0.054249998182058334,0.35945001244544983,0.2635999917984009,0.05649999901652336,0.0872500017285347,0.09640000015497208,0.17994999885559082,0.24609999358654022,0.28929999470710754,0.2797499895095825,0.3219499886035919,0.31349998712539673,321,0.3195586824348894,81,28_515_shc_2025-26.1699,171,620.7,302.9800456197638,14.205787,79.566898,188.0,0.21709808707237244,0.48743849992752075,0.16,10.0,0.0007555945000877731,0.3139017146336012,1.2848973274230957,379,301,3,0.19181154485334428,303.7188754834627,Raviguntapalle
108,0.054249998182058334,0.35945001244544983,0.2635999917984009,0.05649999901652336,0.0872500017285347,0.09640000015497208,0.17994999885559082,0.24609999358654022,0.28929999470710754,0.2797499895095825,0.3219499886035919,0.31349998712539673,321,0.3195586824348894,81,28_515_shc_2025-26.4903,171,620.7,302.9800456197638,14.205787,79.566898,100.0,0.21709808707237244,0.48743849992752075,0.19,11.5,0.0007555945000877731,0.3139017146336012,1.2848973274230957,379,301,3,0.19181154485334428,303.7188754834627,Raviguntapalle
108,0.054249998182058334,0.35945001244544983,0.2635999917984009,0.05649999901652336,0.0872500017285347,0.09640000015497208,0.17994999885559082,0.24609999358654022,0.28929999470710754,0.2797499895095825,0.3219499886035919,0.31349998712539673,321,0.3195586824348894,81,28_515_shc_2025-26.5154,171,620.7,302.9800456197638,14.205787,79.566898,151.0,0.21709808707237244,0.48743849992752075,0.43,9.2,0.0007555945000877731,0.3139017146336012,1.2848973274230957,379,301,3,0.19181154485334428,303.7188754834627,Raviguntapalle
108,0.054249998182058334,0.35945001244544983,0.2635999917984009,0.05649999901652336,0.0872500017285347,0.09640000015497208,0.17994999885559082,0.24609999358654022,0.28929999470710754,0.2797499895095825,0.3219499886035919,0.31349998712539673,321,0.3195586824348894,81,28_515_shc_2025-26.5023,171,620.7,302.9800456197638,14.205787,79.566898,113.0,0.21709808707237244,0.48743849992752075,0.56,12.3,0.0007555945000877731,0.3139017146336012,1.2848973274230957,379,301,3,0.19181154485334428,303.7188754834627,Raviguntapalle
108,0.054249998182058334,0.35945001244544983,0.2635999917984009,0.05649999901652336,0.0872500017285347,0.09640000015497208,0.17994999885559082,0.24609999358654022,0.28929999470710754,0.2797499895095825,0.3219499886035919,0.31349998712539673,321,0.3195586824348894,81,28_515_shc_2025-26.5215,171,403.5,302.9800456197638,14.205787,79.566898,88.0,0.21709808707237244,0.48743849992752075,0.3,3.8,0.0007555945000877731,0.3139017146336012,1.2848973274230957,379,301,3,0.19181154485334428,303.7188754834627,Raviguntapalle
90,0.054999999701976776,0.33169999718666077,0.2653999924659729,0.06859999895095825,0.10700000077486038,0.13379999995231628,0.17949999868869781,0.23909999430179596,0.2583000063896179,0.2630000114440918,0.2847000062465668,0.26910001039505005,316,0.208212482929175,105,28_515_shc_2025-26.5243,174,173.8,302.3943265613757,14.212,79.502,88.0,0.1887005865573883,0.3256048560142517,0.35,14.6,0.0007541597195407699,0.2161017113903657,1.261216640472412,419,264,2,0.18433045504385964,303.1653958370811,Pangili
314,0.06109999865293503,0.2687999904155731,0.18860000371932983,0.06620000302791595,0.10080000013113022,0.11879999935626984,0.1517000049352646,0.23600000143051147,0.2833000123500824,0.3034000098705292,0.3165999948978424,0.3416999876499176,332,0.3036783782045458,86,28_515_shc_2025-26.10925,183,335.2,302.3943265613757,14.212,79.528,138.0,0.3333333432674408,0.437233567237854,0.63,13.1,0.0007541597195407699,0.3002602613326263,0.8859590888023376,414,254,1,0.18433045504385964,303.1653958370811,Rapur
314,0.06109999865293503,0.2687999904155731,0.18860000371932983,0.06620000302791595,0.10080000013113022,0.11879999935626984,0.1517000049352646,0.23600000143051147,0.2833000123500824,0.3034000098705292,0.3165999948978424,0.3416999876499176,332,0.3036783782045458,86,28_515_shc_2025-26.10926,183,378.6,302.3943265613757,14.212,79.528,226.0,0.3333333432674408,0.437233567237854,0.44,20.7,0.0007541597195407699,0.3002602613326263,0.8859590888023376,414,254,1,0.18433045504385964,303.1653958370811,Rapur
0,0.05849999934434891,0.29249998927116394,0.20960000157356262,0.07020000368356705,0.10599999874830246,0.11400000005960464,0.1696999967098236,0.23970000445842743,0.27410000562667847,0.28369998931884766,0.2957000136375427,0.30889999866485596,322,0.29437273405470055,108,28_515_shc_2025-26.5445,180,49.7,302.3943265613757,14.215615,79.499067,75.0,0.2514336109161377,0.426703542470932,0.13,6.9,0.0007541597195407699,0.2835579669162181,1.0310187339782715,418,261,3,0.18433045504385964,303.1653958370811,Pangili
0,0.06710000336170197,0.35010001063346863,0.2508000135421753,0.08009999990463257,0.11819999665021896,0.15060000121593475,0.18250000476837158,0.26350000500679016,0.31040000915527344,0.3244999945163727,0.3409000039100647,0.3327000141143799,315,0.2671521077678054,109,28_515_shc_2025-26.6902,180,80.7,302.3943265613757,14.216311,79.497769,188.0,0.2800788879394531,0.36602818965911865,0.43,13.1,0.0007541597195407699,0.267511015375153,1.0788906812667847,417,267,1,0.18433045504385964,303.1653958370811,Pangili
0,0.06710000336170197,0.35010001063346863,0.2508000135421753,0.08009999990463257,0.11819999665021896,0.15060000121593475,0.18250000476837158,0.26350000500679016,0.31040000915527344,0.3244999945163727,0.3409000039100647,0.3327000141143799,315,0.2671521077678054,109,28_515_shc_2025-26.6901,180,74.5,302.3943265613757,14.216311,79.497769,151.0,0.2800788879394531,0.36602818965911865,0.13,3.8,0.0007541597195407699,0.267511015375153,1.0788906812667847,417,267,1,0.18433045504385964,303.1653958370811,Pangili
270,0.06639999896287918,0.36410000920295715,0.27149999141693115,0.08070000261068344,0.1151999980211258,0.14560000598430634,0.19499999284744263,0.24390000104904175,0.27379998564720154,0.2863999903202057,0.30559998750686646,0.3050999939441681,315,0.22640293251975757,111,28_515_shc_2025-26.2231,183,27.31,302.3943265613757,14.217731,79.496878,201.0,0.1898629069328308,0.32592588663101196,0.56,23.0,0.0007541597195407699,0.22660941774815602,1.2712990045547485,417,267,1,0.18433045504385964,303.1653958370811,Pangili
270,0.06639999896287918,0.36410000920295715,0.27149999141693115,0.08070000261068344,0.1151999980211258,0.14560000598430634,0.19499999284744263,0.24390000104904175,0.27379998564720154,0.2863999903202057,0.30559998750686646,0.3050999939441681,315,0.22640293251975757,111,28_515_shc_2025-26.2351,183,155.2,302.3943265613757,14.217731,79.496878,100.0,0.1898629069328308,0.32592588663101196,0.25,6.1,0.0007541597195407699,0.22660941774815602,1.2712990045547485,417,267,1,0.18433045504385964,303.1653958370811,Pangili
104,0.05790000036358833,0.3433000147342682,0.24699999392032623,0.07500000298023224,0.11140000075101852,0.14339999854564667,0.18850000202655792,0.25279998779296875,0.2903999984264374,0.3100999891757965,0.3237000107765198,0.32339999079704285,325,0.25917287775824216,106,28_515_shc_2025-26.1813,168,155.2,302.3943265613757,14.218321,79.500052,138.0,0.24388284981250763,0.3675854504108429,0.25,9.2,0.0007541597195407699,0.2622443515104425,1.1070623397827148,416,259,4,0.18433045504385964,303.1653958370811,Pangili
90,0.06650000065565109,0.3224000036716461,0.21459999680519104,0.061799999326467514,0.09059999883174896,0.10639999806880951,0.16369999945163727,0.24070000648498535,0.2858000099658966,0.29440000653266907,0.3206000030040741,0.36320000886917114,323,0.31988022947022543,112,28_515_shc_2025-26.1481,177,93.1,302.3943265613757,14.219931,79.493345,151.0,0.2853088974952698,0.46906188130378723,0.25,17.7,0.0007541597195407699,0.3130550746617152,1.0951086282730103,419,257,1,0.18433045504385964,303.1653958370811,Pangili
0,0.07320000231266022,0.4320000112056732,0.35600000619888306,0.09910000115633011,0.13199999928474426,0.17350000143051147,0.2160000056028366,0.2524000108242035,0.2777999937534332,0.2879999876022339,0.31060001254081726,0.30869999527931213,322,0.18051393200909016,110,28_515_shc_2025-26.4498,180,74.5,302.3943265613757,14.222,79.492,138.0,0.14285710453987122,0.24810399115085602,0.45,8.4,0.0007541597195407699,0.17862712555032012,1.5000001192092896,422,256,1,0.18433045504385964,303.1653958370811,Pangili
64,0.0485600009560585,0.35846665501594543,0.2816999852657318,0.06627999991178513,0.0957999974489212,0.1352500021457672,0.17389999330043793,0.21610000729560852,0.2319333404302597,0.24334999918937683,0.2574000060558319,0.27843332290649414,323,0.1734873955392677,79,28_515_shc_2025-26.2053,174,415.9,302.9800456197638,14.222,79.598,50.0,0.1664469987154007,0.2855256199836731,0.38,12.3,0.0007555945000877731,0.18455496849420325,1.4730497598648071,416,261,2,0.19181154485334428,303.7188754834627,Veerayapalem
180,0.05620000138878822,0.32359999418258667,0.21850000321865082,0.05689999833703041,0.08299999684095383,0.09049999713897705,0.1404999941587448,0.22550000250339508,0.2556999921798706,0.2660999894142151,0.2937999963760376,0.30399999022483826,335,0.31757513331683884,109,28_515_shc_2025-26.4506,180,111.7,302.3943265613757,14.223711,79.490278,151.0,0.3089030981063843,0.4924284815788269,0.25,7.7,0.0007541597195407699,0.30749473797300925,1.2160842418670654,414,251,1,0.18433045504385964,303.1653958370811,Pangili
90,0.04650000110268593,0.2806999981403351,0.18463332951068878,0.05023333430290222,0.08079999685287476,0.07180000096559525,0.13680000603199005,0.23090000450611115,0.2615000009536743,0.2777000069618225,0.2865000069141388,0.27869999408721924,325,0.386521503939199,80,28_515_shc_2025-26.2126,171,403.5,302.9800456197638,14.225,79.595,75.0,0.339927613735199,0.5891273021697998,0.43,5.4,0.0007555945000877731,0.36356681119740425,1.010802984237671,419,255,3,0.19181154485334428,303.7188754834627,Veerayapalem
180,0.03999999910593033,0.2556000053882599,0.1683499962091446,0.05094999819993973,0.07580000162124634,0.08765000104904175,0.12804999947547913,0.21125000715255737,0.24040000140666962,0.23375000059604645,0.2671999931335449,0.25824999809265137,345,0.2651494480760174,98,28_515_shc_2025-26.9298,180,620.7,302.9800456197638,14.228,79.568,201.0,0.2921503484249115,0.45457375049591064,0.25,0.8,0.0007555945000877731,0.26680058300656995,1.0934759378433228,380,276,3,0.19181154485334428,303.7188754834627,Bojjanapalle
244,0.053300000727176666,0.4075999855995178,0.32624998688697815,0.07760000228881836,0.12065000087022781,0.18809999525547028,0.22669999301433563,0.26385000348091125,0.2827500104904175,0.28714999556541443,0.3098500072956085,0.2934499979019165,357,0.1350374955887686,96,28_515_shc_2025-26.4814,186,620.7,302.9800456197638,14.228,79.572,201.0,0.11764134466648102,0.2084166258573532,0.25,0.8,0.0007555945000877731,0.1523455543330568,1.4194670915603638,391,252,2,0.19181154485334428,303.7188754834627,Bojjanapalle
333,0.05676250159740448,0.294950008392334,0.20297500491142273,0.07909999787807465,0.11317083239555359,0.12012500315904617,0.1584250032901764,0.25148001313209534,0.28372499346733093,0.31804999709129333,0.3064500093460083,0.2947250008583069,311,0.3423004903951372,77,28_515_shc_2025-26.2061,183,620.7,302.9800456197638,14.235,79.605,50.0,0.3350123167037964,0.4517030715942383,0.33,19.2,0.0007555945000877731,0.3164521446629363,0.9273699522018433,427,262,2,0.19181154485334428,303.7188754834627,Gilakapadu
46,0.04571111127734184,0.27090001106262207,0.19744999706745148,0.050183333456516266,0.08422499895095825,0.08588333427906036,0.15433333814144135,0.25804999470710754,0.2921000123023987,0.3086499869823456,0.3145500123500824,0.30880001187324524,320,0.38472385537107806,83,28_515_shc_2025-26.4855,174,620.7,302.9325795424612,14.255,79.595,75.0,0.3333092927932739,0.564633309841156,0.46,3.8,0.0007825753812462644,0.3735467099020233,0.877693235874176,398,282,3,0.1958327711674205,303.89847303691664,Gandurupalle
46,0.04571111127734184,0.27090001106262207,0.19744999706745148,0.050183333456516266,0.08422499895095825,0.08588333427906036,0.15433333814144135,0.25804999470710754,0.2921000123023987,0.3086499869823456,0.3145500123500824,0.30880001187324524,320,0.38472385537107806,83,28_515_shc_2025-26.4904,174,620.7,302.9325795424612,14.255,79.595,213.0,0.3333092927932739,0.564633309841156,0.34,23.0,0.0007825753812462644,0.3735467099020233,0.877693235874176,398,282,3,0.1958327711674205,303.89847303691664,Gandurupalle
215,0.08460000157356262,0.39579999446868896,0.3521000146865845,0.1177000030875206,0.15809999406337738,0.21040000021457672,0.23810000717639923,0.30070000886917114,0.329800009727478,0.3287999927997589,0.35659998655319214,0.34709998965263367,328,0.1732564526321399,8,28_515_shc_2025-26.7496,186,77.3,302.62925837332745,14.262,80.058,226.0,0.15999291837215424,0.21958455443382263,0.47,21.1,0.0009839414193651293,0.1709006832867861,1.2037713527679443,332,340,3,0.10749468887061403,303.55635492425216,Narikellapalle
346,0.04740000143647194,0.20035000145435333,0.12189999967813492,0.040119998157024384,0.05961666628718376,0.04989999905228615,0.10840000212192535,0.23589999973773956,0.28593334555625916,0.2825999855995178,0.31154999136924744,0.30730000138282776,325,0.454101919610317,38,28_515_shc_2025-26.2074,183,298.0,302.9440113201476,14.265,79.735,226.0,0.44552427530288696,0.6998496055603027,0.44,11.5,0.0008498368092997389,0.41927926277000344,0.7089526057243347,418,257,4,0.23164949919048108,303.68225010654385,Orupalle @ Turimerla
288,0.05810000002384186,0.29319998621940613,0.2061000019311905,0.08240000158548355,0.11100000143051147,0.1307000070810318,0.14640000462532043,0.23720000684261322,0.26510000228881836,0.2734000086784363,0.29679998755455017,0.2906999886035919,311,0.24781188820580086,93,28_515_shc_2025-26.11193,189,322.8,302.9325795424612,14.268,79.578,113.0,0.30252501368522644,0.35313040018081665,0.26,44.54,0.0007825753812462644,0.23675478228622637,1.0724213123321533,393,295,3,0.1958327711674205,303.89847303691664,Nellepalle
333,0.05575000122189522,0.3207666575908661,0.2464500069618225,0.0572500005364418,0.09120416641235352,0.08829999715089798,0.1906999945640564,0.2688499987125397,0.29977500438690186,0.328249990940094,0.3276500105857849,0.31929999589920044,308,0.41988205655178407,78,28_515_shc_2025-26.1496,183,571.1,302.9325795424612,14.268,79.602,75.0,0.2650544345378876,0.5760412812232971,0.33,23.8,0.0007825753812462644,0.39269542890230436,0.9772023558616638,394,298,2,0.1958327711674205,303.89847303691664,Vepinapiakkmambapuram
333,0.05575000122189522,0.3207666575908661,0.2464500069618225,0.0572500005364418,0.09120416641235352,0.08829999715089798,0.1906999945640564,0.2688499987125397,0.29977500438690186,0.328249990940094,0.3276500105857849,0.31929999589920044,308,0.41988205655178407,78,28_515_shc_2025-26.11123,183,440.7,302.9325795424612,14.268,79.602,88.0,0.2650544345378876,0.5760412812232971,0.34,11.5,0.0007825753812462644,0.39269542890230436,0.9772023558616638,394,298,2,0.1958327711674205,303.89847303691664,Nayanipalle
333,0.05575000122189522,0.3207666575908661,0.2464500069618225,0.0572500005364418,0.09120416641235352,0.08829999715089798,0.1906999945640564,0.2688499987125397,0.29977500438690186,0.328249990940094,0.3276500105857849,0.31929999589920044,308,0.41988205655178407,78,28_515_shc_2025-26.11671,183,515.2,302.9325795424612,14.268,79.602,138.0,0.2650544345378876,0.5760412812232971,0.47,16.9,0.0007825753812462644,0.39269542890230436,0.9772023558616638,394,298,2,0.1958327711674205,303.89847303691664,Vepinapiakkmambapuram
333,0.05575000122189522,0.3207666575908661,0.2464500069618225,0.0572500005364418,0.09120416641235352,0.08829999715089798,0.1906999945640564,0.2688499987125397,0.29977500438690186,0.328249990940094,0.3276500105857849,0.31929999589920044,308,0.41988205655178407,78,28_515_shc_2025-26.11117,183,571.1,302.9325795424612,14.268,79.602,138.0,0.2650544345378876,0.5760412812232971,0.34,4.6,0.0007825753812462644,0.39269542890230436,0.9772023558616638,394,298,2,0.1958327711674205,303.89847303691664,Munagala Venkatapuram
333,0.05575000122189522,0.3207666575908661,0.2464500069618225,0.0572500005364418,0.09120416641235352,0.08829999715089798,0.1906999945640564,0.2688499987125397,0.29977500438690186,0.328249990940094,0.3276500105857849,0.31929999589920044,308,0.41988205655178407,78,28_515_shc_2025-26.11108,183,521.4,302.9325795424612,14.268,79.602,188.0,0.2650544345378876,0.5760412812232971,0.2,14.6,0.0007825753812462644,0.39269542890230436,0.9772023558616638,394,298,2,0.1958327711674205,303.89847303691664,Munagala Venkatapuram
333,0.05575000122189522,0.3207666575908661,0.2464500069618225,0.0572500005364418,0.09120416641235352,0.08829999715089798,0.1906999945640564,0.2688499987125397,0.29977500438690186,0.328249990940094,0.3276500105857849,0.31929999589920044,308,0.41988205655178407,78,28_515_shc_2025-26.7049,183,595.9,302.9325795424612,14.268,79.602,125.0,0.2650544345378876,0.5760412812232971,0.26,24.6,0.0007825753812462644,0.39269542890230436,0.9772023558616638,394,298,2,0.1958327711674205,303.89847303691664,Vepinapiakkmambapuram
333,0.05575000122189522,0.3207666575908661,0.2464500069618225,0.0572500005364418,0.09120416641235352,0.08829999715089798,0.1906999945640564,0.2688499987125397,0.29977500438690186,0.328249990940094,0.3276500105857849,0.31929999589920044,308,0.41988205655178407,78,28_515_shc_2025-26.8306,183,620.7,302.9325795424612,14.268,79.602,213.0,0.2650544345378876,0.5760412812232971,0.23,43.78,0.0007825753812462644,0.39269542890230436,0.9772023558616638,394,298,2,0.1958327711674205,303.89847303691664,Vepinapiakkmambapuram
0,0.08777499943971634,0.3996666669845581,0.30902498960494995,0.09085000306367874,0.13574999570846558,0.15800000727176666,0.23858332633972168,0.27410832047462463,0.2942250072956085,0.287283331155777,0.3097083270549774,0.33105000853538513,288,0.2079970220468946,71,28_515_shc_2025-26.4911,180,521.4,302.9325795424612,14.272,79.618,201.0,0.09260904043912888,0.29033946990966797,0.34,2.3,0.0007825753812462644,0.2051501152539143,1.3911933898925781,395,317,0,0.1958327711674205,303.89847303691664,Sankurathripalle
161,0.06257333606481552,0.27129998803138733,0.1983499974012375,0.09645000100135803,0.13600000739097595,0.1692499965429306,0.17180000245571136,0.22519999742507935,0.25716665387153625,0.3278000056743622,0.2788499891757965,0.2812899947166443,325,0.2446872715423163,13,28_515_shc_2024-25.9807,177,147.5,302.8281644520007,14.275,79.845,176.0,0.3122498095035553,0.31898200511932373,0.5,14.7,0.0009145677052484169,0.23852867275288045,0.8276387453079224,308,368,3,0.2658455162717585,303.5789058082982,Vadlapudi
40,0.08340000361204147,0.3849000036716461,0.2854999899864197,0.10660000145435333,0.1428000032901764,0.1737000048160553,0.2370000034570694,0.2976999878883362,0.375,0.3837999999523163,0.4253000020980835,0.41620001196861267,321,0.3229326664905737,6,28_515_shc_2025-26.8875,168,168.6,302.1511924810577,14.276189,80.046718,289.0,0.2364690601825714,0.37686097621917725,0.18,12.3,0.0009509601238711587,0.2980141761544673,1.0028660297393799,327,352,6,0.21523428799813255,303.2441376133969,Krishnapatnam
40,0.08340000361204147,0.3849000036716461,0.2854999899864197,0.10660000145435333,0.1428000032901764,0.1737000048160553,0.2370000034570694,0.2976999878883362,0.375,0.3837999999523163,0.4253000020980835,0.41620001196861267,321,0.3229326664905737,6,28_515_shc_2025-26.8871,168,154.5,302.1511924810577,14.276189,80.046718,213.0,0.2364690601825714,0.37686097621917725,0.92,1.8,0.0009509601238711587,0.2980141761544673,1.0028660297393799,327,352,6,0.21523428799813255,303.2441376133969,Krishnapatnam
153,0.08073333650827408,0.3136333227157593,0.27559998631477356,0.10965000092983246,0.14114999771118164,0.16535000503063202,0.18440000712871552,0.22425000369548798,0.24889999628067017,0.267300009727478,0.27309998869895935,0.2459000051021576,312,0.17736295882132727,8,28_515_shc_2025-26.2691,177,70.2,302.62925837332745,14.276632,80.088457,100.0,0.18352888524532318,0.23564082384109497,0.13,19.4,0.0009839414193651293,0.16396826743731013,1.1733382940292358,338,350,2,0.10749468887061403,303.55635492425216,Muthukur
226,0.09442500025033951,0.3711499869823456,0.30230000615119934,0.12287499755620956,0.16590000689029694,0.18455000221729279,0.2248000055551529,0.35484999418258667,0.37894999980926514,0.3799000084400177,0.4124999940395355,0.3816249966621399,321,0.31193363920891287,3,28_515_shc_2025-26.7432,189,154.5,302.62925837332745,14.276664,80.094731,63.0,0.2564908266067505,0.34608912467956543,0.9,16.4,0.0009839414193651293,0.2752830160179537,0.9769675731658936,327,352,4,0.10749468887061403,303.55635492425216,Muthukur
288,0.05974999815225601,0.2451000064611435,0.1783899962902069,0.06581428647041321,0.08452499657869339,0.08674000203609467,0.12604999542236328,0.20800000429153442,0.2342499941587448,0.2106499969959259,0.2526666522026062,0.23185713589191437,318,0.2503266891537034,8,28_515_shc_2025-26.7313,198,35.1,302.62925837332745,14.276761,80.102039,226.0,0.25126224756240845,0.4166582524776459,0.71,2.9,0.0009839414193651293,0.2330917025111612,1.1635414361953735,318,363,6,0.10749468887061403,303.55635492425216,Muthukur
270,0.07973333448171616,0.32260000705718994,0.2304999977350235,0.07682500034570694,0.10869999974966049,0.12030000239610672,0.19859999418258667,0.2584500014781952,0.29809999465942383,0.2816999852657318,0.32903334498405457,0.33342498540878296,334,0.28269909918686104,6,28_515_shc_2025-26.2542,183,91.3,302.62925837332745,14.27705,80.08013,213.0,0.17301684617996216,0.40149250626564026,1.15,28.8,0.0009839414193651293,0.2684035228559242,1.1451900005340576,333,333,1,0.10749468887061403,303.55635492425216,Muthukur
90,0.08138749748468399,0.37209999561309814,0.3016499876976013,0.10432499647140503,0.14259999990463257,0.16110000014305115,0.2281000018119812,0.2912999987602234,0.31817498803138733,0.3181000053882599,0.34886667132377625,0.32577142119407654,329,0.26127258356414196,6,28_515_shc_2025-26.7426,171,203.7,302.62925837332745,14.277084,80.098268,263.0,0.1647748053073883,0.3276293873786926,0.91,6.5,0.0009839414193651293,0.24050245765678024,1.1697579622268677,324,347,3,0.10749468887061403,303.55635492425216,Muthukur
27,0.05026666820049286,0.15780000388622284,0.09425000101327896,0.04762500151991844,0.06716666370630264,0.0590750016272068,0.09489999711513519,0.15094999969005585,0.17694999277591705,0.15123333036899567,0.18404999375343323,0.2547000050544739,299,0.20060658131311732,28,28_515_shc_2025-26.4195,177,223.5,302.9440113201476,14.278,79.738,213.0,0.22887323796749115,0.4382057785987854,0.11,7.7,0.0008498368092997389,0.19461617847588808,1.0434207916259766,374,327,2,0.23164949919048108,303.68225010654385,Griddalur
314,0.04752499982714653,0.1981000006198883,0.10849999636411667,0.045419998466968536,0.06430000066757202,0.04670000076293945,0.11755000054836273,0.23469999432563782,0.2878499925136566,0.2877500057220459,0.30935001373291016,0.31138333678245544,316,0.4910168676728313,32,28_515_shc_2025-26.5405,183,279.3,302.9440113201476,14.278,79.742,63.0,0.41993585228919983,0.7207355499267578,0.1,1.5,0.0008498368092997389,0.4333093709972493,0.6884447932243347,375,309,1,0.23164949919048108,303.68225010654385,Orupalle @ Turimerla
46,0.06485000252723694,0.31404998898506165,0.2375749945640564,0.07357999682426453,0.10931999981403351,0.12905000150203705,0.1814499944448471,0.2535000145435333,0.2860499918460846,0.2885499894618988,0.32317501306533813,0.33695000410079956,347,0.26389805692706997,20,28_515_shc_2024-25.984,177,347.6,302.8281644520007,14.278,79.828,113.0,0.2278723418712616,0.3819444179534912,0.12,6.1,0.0009145677052484169,0.2607345077330061,1.0883729457855225,328,326,1,0.2658455162717585,303.5789058082982,Akkampeta
270,0.08342500030994415,0.33309999108314514,0.28859999775886536,0.12250000238418579,0.1538500040769577,0.18160000443458557,0.21250000596046448,0.2508000135421753,0.27459999918937683,0.2669000029563904,0.2955000102519989,0.260019987821579,336,0.14832202717561357,11,28_515_shc_2025-26.5802,195,182.6,302.62925837332745,14.278858,80.082348,213.0,0.11347516626119614,0.19018951058387756,0.29,38.77,0.0009839414193651293,0.13489720272607825,1.2480329275131226,331,332,5,0.10749468887061403,303.55635492425216,Muthukur
270,0.08342500030994415,0.33309999108314514,0.28859999775886536,0.12250000238418579,0.1538500040769577,0.18160000443458557,0.21250000596046448,0.2508000135421753,0.27459999918937683,0.2669000029563904,0.2955000102519989,0.260019987821579,336,0.14832202717561357,11,28_515_shc_2025-26.7498,195,154.5,302.62925837332745,14.278858,80.082348,125.0,0.11347516626119614,0.19018951058387756,0.91,2.9,0.0009839414193651293,0.13489720272607825,1.2480329275131226,331,332,5,0.10749468887061403,303.55635492425216,Muthukur
46,0.07440999895334244,0.2045000046491623,0.12200000137090683,0.07981999963521957,0.09956666827201843,0.09780000150203705,0.1628500074148178,0.249633327126503,0.29155001044273376,0.28262001276016235,0.3139714300632477,0.30293750762939453,338,0.36359846332078627,4,28_515_shc_2025-26.9807,177,147.5,302.62925837332745,14.281128,80.081286,176.0,0.2688620984554291,0.48583146929740906,0.5,14.7,0.0009839414193651293,0.31488381953641686,0.7235864400863647,322,340,1,0.10749468887061403,303.55635492425216,Muthukur
226,0.0685499981045723,0.24269999563694,0.1589999943971634,0.08335000276565552,0.10604999959468842,0.10045000165700912,0.16474999487400055,0.27105000615119934,0.330949991941452,0.33250001072883606,0.36570000648498535,0.3630000054836273,312,0.44281817660152295,5,28_515_shc_2025-26.5768,183,35.1,302.1511924810577,14.28184,80.049233,439.0,0.33735549449920654,0.5359741449356079,0.06,6.5,0.0009509601238711587,0.3730907433267552,0.7299247980117798,340,348,1,0.21523428799813255,303.2441376133969,Narikellapalle
134,0.06975000351667404,0.24220000207424164,0.14550000429153442,0.10220000147819519,0.13979999721050262,0.14880000054836273,0.20794999599456787,0.28905001282691956,0.32089999318122864,0.3310000002384186,0.3560999929904938,0.33250001072883606,311,0.31256433238692094,9,28_515_shc_2025-26.5565,177,35.1,302.62925837332745,14.283765,80.051839,301.0,0.2283143252134323,0.3797415494918823,0.12,29.4,0.0009839414193651293,0.27893447572527386,0.7317220568656921,338,351,1,0.10749468887061403,303.55635492425216,Narikellapalle
134,0.06975000351667404,0.24220000207424164,0.14550000429153442,0.10220000147819519,0.13979999721050262,0.14880000054836273,0.20794999599456787,0.28905001282691956,0.32089999318122864,0.3310000002384186,0.3560999929904938,0.33250001072883606,311,0.31256433238692094,9,28_515_shc_2025-26.5577,177,105.3,302.62925837332745,14.283765,80.051839,238.0,0.2283143252134323,0.3797415494918823,0.27,12.3,0.0009839414193651293,0.27893447572527386,0.7317220568656921,338,351,1,0.10749468887061403,303.55635492425216,Narikellapalle
134,0.06975000351667404,0.24220000207424164,0.14550000429153442,0.10220000147819519,0.13979999721050262,0.14880000054836273,0.20794999599456787,0.28905001282691956,0.32089999318122864,0.3310000002384186,0.3560999929904938,0.33250001072883606,311,0.31256433238692094,9,28_515_shc_2025-26.5767,177,35.1,302.62925837332745,14.283765,80.051839,276.0,0.2283143252134323,0.3797415494918823,0.06,37.59,0.0009839414193651293,0.27893447572527386,0.7317220568656921,338,351,1,0.10749468887061403,303.55635492425216,Narikellapalle
314,0.07916666567325592,0.3040750026702881,0.2079000025987625,0.10499999672174454,0.13314999639987946,0.17020000517368317,0.21040000021457672,0.24869999289512634,0.28236666321754456,0.2894200086593628,0.3075166642665863,0.29791998863220215,326,0.19568385690818935,3,28_515_shc_2025-26.8780,186,224.7,302.62925837332745,14.285,80.085,100.0,0.15809692442417145,0.25938817858695984,0.85,12.9,0.0009839414193651293,0.18635501828917894,1.0506356954574585,310,363,3,0.10749468887061403,303.55635492425216,Muthukur
35,0.07175000011920929,0.2726166546344757,0.21872499585151672,0.10244999825954437,0.12645000219345093,0.14028333127498627,0.1547500044107437,0.20800000429153442,0.23102499544620514,0.24063333868980408,0.2514333426952362,0.24124999344348907,324,0.19093072513464387,5,28_515_shc_2025-26.10633,174,133.4,302.62925837332745,14.286568,80.097605,25.0,0.21721535921096802,0.2634434700012207,0.98,15.3,0.0009839414193651293,0.1708731554918164,1.1329131126403809,317,359,3,0.10749468887061403,303.55635492425216,Muthukur
19,0.066600002348423,0.2759999930858612,0.20309999585151672,0.08889999985694885,0.12349999696016312,0.1371999979019165,0.16750000417232513,0.24459999799728394,0.2786000072956085,0.30660000443458557,0.3021000027656555,0.2662000060081482,311,0.28946380395842597,11,28_515_shc_2025-26.5739,177,56.2,302.62925837332745,14.287024,80.052716,201.0,0.29339802265167236,0.3817034959793091,0.07,1.8,0.0009839414193651293,0.26923077894675285,0.9001956582069397,336,353,3,0.10749468887061403,303.55635492425216,Narikellapalle
46,0.09841111302375793,0.2170100063085556,0.11913333088159561,0.044966667890548706,0.0643666684627533,0.053354546427726746,0.09937000274658203,0.26405999064445496,0.3154124915599823,0.318450003862381,0.3409000039100647,0.333979994058609,313,0.509278993232555,36,28_515_shc_2025-26.4203,177,273.1,302.9440113201476,14.288,79.732,238.0,0.5243406295776367,0.712996780872345,0.18,19.2,0.0008498368092997389,0.4561150615922558,0.6814570426940918,380,307,1,0.23164949919048108,303.68225010654385,Griddalur
46,0.09841111302375793,0.2170100063085556,0.11913333088159561,0.044966667890548706,0.0643666684627533,0.053354546427726746,0.09937000274658203,0.26405999064445496,0.3154124915599823,0.318450003862381,0.3409000039100647,0.333979994058609,313,0.509278993232555,36,28_515_shc_2025-26.5102,177,161.4,302.9440113201476,14.288,79.732,125.0,0.5243406295776367,0.712996780872345,0.27,88.3,0.0008498368092997389,0.4561150615922558,0.6814570426940918,380,307,1,0.23164949919048108,303.68225010654385,Orupalle
90,0.04065714403986931,0.03991999849677086,0.02653999999165535,0.03427499905228615,0.04196666553616524,0.03214000165462494,0.035920001566410065,0.030139999464154243,0.030124999582767487,0.02831428498029709,0.026233334094285965,0.13770000636577606,331,-0.009920519670243898,6,28_515_shc_2025-26.11286,177,77.3,302.62925837332745,14.288,80.088,151.0,-0.11840587109327316,-0.0632828027009964,1.08,2.9,0.0009839414193651293,-0.010239149112316208,1.4098889827728271,301,369,1,0.10749468887061403,303.55635492425216,Muthukur
296,0.054749999195337296,0.22769999504089355,0.14135000109672546,0.061400000005960464,0.08905000239610672,0.07930000126361847,0.1420000046491623,0.2521499991416931,0.31189998984336853,0.3332499861717224,0.3390499949455261,0.350849986076355,312,0.4707834082771017,6,28_515_shc_2025-26.2441,186,63.2,302.62925837332745,14.290617,80.057937,263.0,0.4024197459220886,0.6155617237091064,0.09,2.9,0.0009839414193651293,0.41742916290286675,0.6832708120346069,334,354,2,0.10749468887061403,303.55635492425216,Narikellapalle
0,0.08489999920129776,0.3257000148296356,0.25,0.11760000139474869,0.16019999980926514,0.19539999961853027,0.20679999887943268,0.2721000015735626,0.30570000410079956,0.32499998807907104,0.33219999074935913,0.334199994802475,319,0.20056950359011655,7,28_515_shc_2025-26.5825,180,56.2,302.62925837332745,14.291693,80.056201,276.0,0.22226399183273315,0.2490391880273819,0.14,7.0,0.0009839414193651293,0.19051350944196815,1.0021538734436035,334,347,2,0.10749468887061403,303.55635492425216,Narikellapalle
134,0.06109999865293503,0.29100000858306885,0.21240000426769257,0.06809999793767929,0.09700000286102295,0.10029999911785126,0.16050000488758087,0.21950000524520874,0.25380000472068787,0.2680000066757202,0.2782999873161316,0.2667999863624573,330,0.30848755652594473,102,28_515_shc_2025-26.4919,174,620.7,302.68293932864543,14.292,79.502,113.0,0.2508751451969147,0.4553353488445282,0.25,6.9,0.0007849667291325399,0.2897040304714758,1.0858209133148193,409,260,3,0.17151912889982524,303.3423892238684,Akilavalasa
134,0.06109999865293503,0.29100000858306885,0.21240000426769257,0.06809999793767929,0.09700000286102295,0.10029999911785126,0.16050000488758087,0.21950000524520874,0.25380000472068787,0.2680000066757202,0.2782999873161316,0.2667999863624573,330,0.30848755652594473,102,28_515_shc_2025-26.5088,174,620.7,302.68293932864543,14.292,79.502,138.0,0.2508751451969147,0.4553353488445282,0.44,5.4,0.0007849667291325399,0.2897040304714758,1.0858209133148193,409,260,3,0.17151912889982524,303.3423892238684,Akilavalasa
134,0.06109999865293503,0.29100000858306885,0.21240000426769257,0.06809999793767929,0.09700000286102295,0.10029999911785126,0.16050000488758087,0.21950000524520874,0.25380000472068787,0.2680000066757202,0.2782999873161316,0.2667999863624573,330,0.30848755652594473,102,28_515_shc_2025-26.5092,174,620.7,302.68293932864543,14.292,79.502,125.0,0.2508751451969147,0.4553353488445282,0.34,1.5,0.0007849667291325399,0.2897040304714758,1.0858209133148193,409,260,3,0.17151912889982524,303.3423892238684,Akilavalasa
116,0.05416666716337204,0.27250000834465027,0.18449999392032623,0.07106667011976242,0.09830000251531601,0.10670000314712524,0.15003333985805511,0.23199999332427979,0.2687000036239624,0.2689666748046875,0.294050008058548,0.301800012588501,322,0.2947801953346244,26,28_515_shc_2023-24.5034,174,465.0,302.8281644520007,14.292,79.752,63.0,0.28385043144226074,0.43194320797920227,0.16,19.2,0.0009145677052484169,0.2779596547577405,1.0131367444992065,341,337,2,0.2658455162717585,303.5789058082982,Devaravemur
341,0.08829999715089798,0.37139999866485596,0.31325000524520874,0.10989999771118164,0.14159999787807465,0.18250000476837158,0.21459999680519104,0.25929999351501465,0.2884500026702881,0.2942500114440918,0.3165000081062317,0.31064000725746155,313,0.17851438113394613,4,28_515_shc_2025-26.7408,183,217.7,302.62925837332745,14.292,80.098,263.0,0.15652945637702942,0.23439958691596985,0.23,2.3,0.0009839414193651293,0.1716150573138239,1.2621920108795166,326,361,3,0.10749468887061403,303.55635492425216,Muthukur
341,0.08829999715089798,0.37139999866485596,0.31325000524520874,0.10989999771118164,0.14159999787807465,0.18250000476837158,0.21459999680519104,0.25929999351501465,0.2884500026702881,0.2942500114440918,0.3165000081062317,0.31064000725746155,313,0.17851438113394613,4,28_515_shc_2025-26.165,183,91.3,302.62925837332745,14.292,80.098,176.0,0.15652945637702942,0.23439958691596985,1.06,12.3,0.0009839414193651293,0.1716150573138239,1.2621920108795166,326,361,3,0.10749468887061403,303.55635492425216,Muthukur
180,0.05534285679459572,0.2721000015735626,0.1851000040769577,0.05106666684150696,0.06920000165700912,0.06109999865293503,0.13259999454021454,0.22104999423027039,0.25472500920295715,0.26102501153945923,0.2782999873161316,0.2551499903202057,330,0.4015768053466868,2,28_515_shc_2025-26.11238,180,126.4,302.62925837332745,14.292,80.102,13.0,0.32626235485076904,0.6206441521644592,0.88,15.3,0.0009839414193651293,0.3647711912566757,1.0424288511276245,313,357,1,0.10749468887061403,303.55635492425216,Muthukur
27,0.043549999594688416,0.3345000147819519,0.24279999732971191,0.06525000184774399,0.09593333303928375,0.1239333301782608,0.16940000653266907,0.2289000004529953,0.2587999999523163,0.2648000121116638,0.2842499911785126,0.27763333916664124,314,0.23183733620392927,76,28_515_shc_2025-26.7030,177,80.7,302.9325795424612,14.298,79.632,188.0,0.21971441805362701,0.36237356066703796,0.09,22.3,0.0007825753812462644,0.23775413033977716,1.263217568397522,420,266,2,0.1958327711674205,303.89847303691664,Jorepalle Akkamambapuram
314,0.051600001752376556,0.2383500039577484,0.1586499959230423,0.06134999915957451,0.09260000288486481,0.0794999971985817,0.13734999299049377,0.28369998931884766,0.3244999945163727,0.3439500033855438,0.3495999872684479,0.3055399954319,320,0.48582662644085867,32,28_515_shc_2025-26.7074,183,279.3,302.8281644520007,14.302,79.758,176.0,0.42925411462783813,0.6245129704475403,0.25,7.7,0.0009145677052484169,0.4295576468996996,0.6929786205291748,353,326,1,0.2658455162717585,303.5789058082982,Devaravemur
314,0.051600001752376556,0.2383500039577484,0.1586499959230423,0.06134999915957451,0.09260000288486481,0.0794999971985817,0.13734999299049377,0.28369998931884766,0.3244999945163727,0.3439500033855438,0.3495999872684479,0.3055399954319,320,0.48582662644085867,32,28_515_shc_2025-26.7063,183,142.8,302.8281644520007,14.302,79.758,50.0,0.42925411462783813,0.6245129704475403,0.18,3.8,0.0009145677052484169,0.4295576468996996,0.6929786205291748,353,326,1,0.2658455162717585,303.5789058082982,Devaravemur
180,0.0832500010728836,0.2779749929904938,0.16850000619888306,0.09839999675750732,0.1267250031232834,0.12439999729394913,0.19949999451637268,0.2755799889564514,0.3502666652202606,0.35586249828338623,0.3722666800022125,0.3560500144958496,327,0.4241531595081802,9,28_515_shc_2025-26.6031,180,84.3,302.62925837332745,14.302,80.078,188.0,0.2815503478050232,0.48194998502731323,0.16,4.7,0.0009839414193651293,0.35418446900763295,0.781130313873291,329,344,1,0.10749468887061403,303.55635492425216,Mollur
270,0.07859999686479568,0.3368000090122223,0.23890000581741333,0.09889999777078629,0.13920000195503235,0.16599999368190765,0.21299999952316284,0.28870001435279846,0.32589998841285706,0.35249999165534973,0.3626999855041504,0.3799000084400177,335,0.2901820466804862,7,28_515_shc_2025-26.11488,183,119.4,302.1511924810577,14.308,80.028,188.0,0.24668434262275696,0.35969141125679016,0.3,10.6,0.0009509601238711587,0.274668631308354,0.9554610252380371,318,347,1,0.21523428799813255,303.2441376133969,Survepalle Bit - V
226,0.07064999639987946,0.26489999890327454,0.19065000116825104,0.07100000232458115,0.10045000165700912,0.09960000216960907,0.1555500030517578,0.24355000257492065,0.2782999873161316,0.2671999931335449,0.3040499985218048,0.28209999203681946,315,0.31449371835046336,10,28_515_shc_2025-26.10649,186,91.3,302.62925837332745,14.308,80.062,125.0,0.26410406827926636,0.4569247364997864,0.52,11.7,0.0009839414193651293,0.2900322886572921,0.9913922548294067,341,344,3,0.10749468887061403,303.55635492425216,Valluru
226,0.07064999639987946,0.26489999890327454,0.19065000116825104,0.07100000232458115,0.10045000165700912,0.09960000216960907,0.1555500030517578,0.24355000257492065,0.2782999873161316,0.2671999931335449,0.3040499985218048,0.28209999203681946,315,0.31449371835046336,10,28_515_shc_2025-26.7443,186,70.2,302.62925837332745,14.308,80.062,63.0,0.26410406827926636,0.4569247364997864,0.34,22.3,0.0009839414193651293,0.2900322886572921,0.9913922548294067,341,344,3,0.10749468887061403,303.55635492425216,Mollur
90,0.04098888859152794,0.15514999628067017,0.08523333072662354,0.05138823390007019,0.07195555418729782,0.05663333460688591,0.10741250216960907,0.21283333003520966,0.24377499520778656,0.25165000557899475,0.2736000120639801,0.26793333888053894,321,0.40425058973397543,8,28_515_shc_2025-26.8811,174,35.1,302.62925837332745,14.308,80.078,188.0,0.4017058312892914,0.6325890421867371,0.22,5.3,0.0009839414193651293,0.36190898898261514,0.6165308952331543,335,344,2,0.10749468887061403,303.55635492425216,Mollur
90,0.04098888859152794,0.15514999628067017,0.08523333072662354,0.05138823390007019,0.07195555418729782,0.05663333460688591,0.10741250216960907,0.21283333003520966,0.24377499520778656,0.25165000557899475,0.2736000120639801,0.26793333888053894,321,0.40425058973397543,8,28_515_shc_2025-26.8810,174,56.2,302.62925837332745,14.308,80.078,201.0,0.4017058312892914,0.6325890421867371,0.4,11.2,0.0009839414193651293,0.36190898898261514,0.6165308952331543,335,344,2,0.10749468887061403,303.55635492425216,Mollur
180,0.08766666799783707,0.32519999146461487,0.2409999966621399,0.09220000356435776,0.1279750019311905,0.13795000314712524,0.21186666190624237,0.3303000032901764,0.36329999566078186,0.3582000136375427,0.39480000734329224,0.36467498540878296,332,0.36845892939878666,7,28_515_shc_2025-26.5650,180,49.2,302.62925837332745,14.308,80.098,151.0,0.2566951513290405,0.4439181685447693,0.49,12.9,0.0009839414193651293,0.3316518698679513,0.9078726172447205,331,337,1,0.10749468887061403,303.55635492425216,Muthukur
90,0.051249999552965164,0.1518000066280365,0.07729999721050262,0.05990000069141388,0.09300000220537186,0.08699999749660492,0.15234999358654022,0.26385000348091125,0.3171499967575073,0.33149999380111694,0.3533500134944916,0.3373500108718872,316,0.4352857413245064,6,28_515_shc_2025-26.136,177,84.3,302.1511924810577,14.309221,80.017049,263.0,0.3702593743801117,0.5842294096946716,0.1,46.4,0.0009509601238711587,0.3992923221900064,0.45791858434677124,340,345,1,0.21523428799813255,303.2441376133969,Survepalle Bit - V
0,0.06825000047683716,0.2779499888420105,0.16580000519752502,0.08025000244379044,0.11429999768733978,0.13204999268054962,0.19065000116825104,0.3006500005722046,0.35815000534057617,0.3668000102043152,0.39879998564720154,0.39925000071525574,339,0.37687236168322424,8,28_515_shc_2025-26.144,180,49.2,302.1511924810577,14.311743,80.022889,489.0,0.31599247455596924,0.47058236598968506,0.27,4.1,0.0009509601238711587,0.35253043526920524,0.7577698230743408,330,332,1,0.21523428799813255,303.2441376133969,Survepalle Bit - V
0,0.06825000047683716,0.2779499888420105,0.16580000519752502,0.08025000244379044,0.11429999768733978,0.13204999268054962,0.19065000116825104,0.3006500005722046,0.35815000534057617,0.3668000102043152,0.39879998564720154,0.39925000071525574,339,0.37687236168322424,8,28_515_shc_2025-26.237,180,42.1,302.1511924810577,14.311743,80.022889,88.0,0.31599247455596924,0.47058236598968506,0.63,8.2,0.0009509601238711587,0.35253043526920524,0.7577698230743408,330,332,1,0.21523428799813255,303.2441376133969,Survepalle Bit - V
270,0.05908000096678734,0.24449999630451202,0.14904999732971191,0.08489999920129776,0.12053333222866058,0.10405000299215317,0.18412500619888306,0.2642500102519989,0.31690001487731934,0.34746667742729187,0.35113999247550964,0.3312999904155731,327,0.4558307663590582,8,28_515_shc_2025-26.10632,183,105.3,302.62925837332745,14.312,80.082,351.0,0.30726903676986694,0.53910893201828,0.42,4.1,0.0009839414193651293,0.3837294912074002,0.7036646008491516,331,342,1,0.10749468887061403,303.55635492425216,Mollur
180,0.07349999994039536,0.23770000040531158,0.14560000598430634,0.08529999852180481,0.10999999940395355,0.10679999738931656,0.17090000212192535,0.275299996137619,0.32839998602867126,0.35040000081062317,0.36719998717308044,0.3375999927520752,324,0.450627111806419,6,28_515_shc_2025-26.159,180,70.2,302.1511924810577,14.314718,80.031627,213.0,0.3443314731121063,0.5328084230422974,0.97,20.6,0.0009509601238711587,0.3817384097566987,0.678367555141449,330,346,1,0.21523428799813255,303.2441376133969,Survepalle Bit - V
0,0.06520000100135803,0.3368000090122223,0.21889999508857727,0.08959999680519104,0.11900000274181366,0.11940000206232071,0.21739999949932098,0.3127000033855438,0.3587000072002411,0.37130001187324524,0.4056999981403351,0.36410000920295715,322,0.4448329470104537,9,28_515_shc_2025-26.153,180,70.2,302.1511924810577,14.314856,80.018874,401.0,0.2614234983921051,0.5133482813835144,0.08,10.6,0.0009509601238711587,0.3813970015154978,0.9070832133293152,339,339,0,0.21523428799813255,303.2441376133969,Survepalle Bit - V
0,0.06859999895095825,0.27459999918937683,0.17550000548362732,0.08030000329017639,0.1289999932050705,0.13760000467300415,0.22360000014305115,0.3140000104904175,0.3637999892234802,0.37279999256134033,0.4101000130176544,0.38769999146461487,340,0.36838641181764636,7,28_515_shc_2025-26.9710,180,42.1,302.1511924810577,14.316188,80.021977,100.0,0.2501676678657532,0.4608150124549866,0.87,21.7,0.0009509601238711587,0.349168629056002,0.7365880012512207,333,328,1,0.21523428799813255,303.2441376133969,Survepalle Bit - V
46,0.07545000314712524,0.2831000089645386,0.20389999449253082,0.07431875169277191,0.11061999946832657,0.11853333562612534,0.16397500038146973,0.23352499306201935,0.2624000012874603,0.2851499915122986,0.28872498869895935,0.3224666714668274,317,0.28947421942699564,11,28_515_shc_2025-26.326,174,105.3,302.62925837332745,14.318,80.098,75.0,0.26980239152908325,0.4127409756183624,0.35,24.1,0.0009839414193651293,0.2765625704533741,0.992810845375061,325,358,3,0.10749468887061403,303.55635492425216,Mamidipudi
46,0.07545000314712524,0.2831000089645386,0.20389999449253082,0.07431875169277191,0.11061999946832657,0.11853333562612534,0.16397500038146973,0.23352499306201935,0.2624000012874603,0.2851499915122986,0.28872498869895935,0.3224666714668274,317,0.28947421942699564,11,28_515_shc_2025-26.5675,174,217.7,302.62925837332745,14.318,80.098,75.0,0.26980239152908325,0.4127409756183624,0.68,8.2,0.0009839414193651293,0.2765625704533741,0.992810845375061,325,358,3,0.10749468887061403,303.55635492425216,Mamidipudi
0,0.05530000105500221,0.2843500077724457,0.1859000027179718,0.07859999686479568,0.11150000244379044,0.11016666889190674,0.18050000071525574,0.27254998683929443,0.3195500075817108,0.3294000029563904,0.3508666753768921,0.3229750096797943,343,0.3912365761877648,33,28_515_shc_2023-24.5463,180,341.4,302.9440113201476,14.322,79.718,276.0,0.2920180559158325,0.4987487494945526,0.16,23.8,0.0008498368092997389,0.35000177310442293,0.8632361888885498,398,259,0,0.23164949919048108,303.68225010654385,Degapudi
52,0.06459999829530716,0.23199999332427979,0.13670000433921814,0.08085714280605316,0.11429999768733978,0.12399999797344208,0.1643500030040741,0.256933331489563,0.31529998779296875,0.33500000834465027,0.3443666696548462,0.34220001101493835,320,0.3582169373400034,6,28_515_shc_2025-26.2537,165,196.6,302.62925837332745,14.322,80.082,13.0,0.3417442739009857,0.4596950113773346,0.29,9.4,0.0009839414193651293,0.3300312966336226,0.692537248134613,306,374,6,0.10749468887061403,303.55635492425216,Mamidipudi
270,0.06360000371932983,0.327349990606308,0.22885000705718994,0.06004999950528145,0.08959999680519104,0.10639999806880951,0.18150000274181366,0.24120000004768372,0.2696000039577484,0.2134000062942505,0.2813499867916107,0.2990500032901764,354,0.1908771577970039,17,28_515_shc_2023-24.7533,183,74.5,302.1511924810577,14.325,79.955,50.0,0.08077995479106903,0.33458414673805237,0.14,119.0,0.0009509601238711587,0.19577947241273952,1.5339736938476562,312,335,1,0.21523428799813255,303.2441376133969,Survepalle Bit-I
244,0.06499999761581421,0.24449999630451202,0.14890000224113464,0.0786999985575676,0.1136000007390976,0.09040000289678574,0.17080000042915344,0.2587999999523163,0.31310001015663147,0.3257000148296356,0.3492000102996826,0.35350000858306885,331,0.4603435536441596,10,28_515_shc_2025-26.10646,186,77.3,302.62925837332745,14.328,80.058,13.0,0.3119839131832123,0.5654890537261963,0.71,16.4,0.0009839414193651293,0.38527454543143314,0.750690758228302,321,348,2,0.10749468887061403,303.55635492425216,Valluru
244,0.06499999761581421,0.24449999630451202,0.14890000224113464,0.0786999985575676,0.1136000007390976,0.09040000289678574,0.17080000042915344,0.2587999999523163,0.31310001015663147,0.3257000148296356,0.3492000102996826,0.35350000858306885,331,0.4603435536441596,10,28_515_shc_2025-26.10650,186,231.8,302.62925837332745,14.328,80.058,125.0,0.3119839131832123,0.5654890537261963,0.42,15.9,0.0009839414193651293,0.38527454543143314,0.750690758228302,321,348,2,0.10749468887061403,303.55635492425216,Valluru
27,0.07930000126361847,0.32136666774749756,0.23469999432563782,0.11528333276510239,0.15094999969005585,0.17159000039100647,0.18938332796096802,0.27764999866485596,0.3142833411693573,0.3365333378314972,0.3472999930381775,0.3130750060081482,328,0.2746403798228746,9,28_515_shc_2025-26.11408,177,280.9,302.62925837332745,14.328,80.078,50.0,0.27979719638824463,0.3246127963066101,0.48,2.3,0.0009839414193651293,0.24542136540254256,0.9549326300621033,319,353,2,0.10749468887061403,303.55635492425216,Mamidipudi
64,0.0632999986410141,0.27492499351501465,0.18060000240802765,0.06875000149011612,0.09589999914169312,0.08789999783039093,0.1542000025510788,0.26825714111328125,0.3024600148200989,0.30764999985694885,0.3331666588783264,0.3497999906539917,324,0.41637456861854694,6,28_515_shc_2025-26.10607,174,147.5,302.62925837332745,14.328,80.082,226.0,0.332250714302063,0.5555555820465088,0.4,1.2,0.0009839414193651293,0.3680699055229273,0.8936290740966797,298,378,2,0.10749468887061403,303.55635492425216,Mamidipudi
180,0.06289999932050705,0.193900004029274,0.11180000007152557,0.07639999687671661,0.1054999977350235,0.09200000017881393,0.16580000519752502,0.2603999972343445,0.3073999881744385,0.3181000053882599,0.3425000011920929,0.34119999408721924,342,0.4357798165137615,7,28_515_shc_2025-26.10652,180,119.4,302.62925837332745,14.332,80.058,88.0,0.31473442912101746,0.5513289570808411,0.71,4.1,0.0009839414193651293,0.3726513633002871,0.6095567345619202,314,344,6,0.10749468887061403,303.55635492425216,Valluru
180,0.06289999932050705,0.193900004029274,0.11180000007152557,0.07639999687671661,0.1054999977350235,0.09200000017881393,0.16580000519752502,0.2603999972343445,0.3073999881744385,0.3181000053882599,0.3425000011920929,0.34119999408721924,342,0.4357798165137615,7,28_515_shc_2025-26.10638,180,161.5,302.62925837332745,14.332,80.058,226.0,0.31473442912101746,0.5513289570808411,0.65,15.9,0.0009839414193651293,0.3726513633002871,0.6095567345619202,314,344,6,0.10749468887061403,303.55635492425216,Valluru
90,0.08807999640703201,0.3568333387374878,0.2670666575431824,0.11295555531978607,0.14696000516414642,0.17820000648498535,0.2214999943971634,0.2716333270072937,0.3100000023841858,0.30621999502182007,0.3467000126838684,0.33928182721138,310,0.20942206169944674,4,28_515_shc_2025-26.11224,174,140.5,302.62925837332745,14.335,80.125,213.0,0.1605396866798401,0.2642747759819031,1.24,23.5,0.0009839414193651293,0.19506916002450256,1.165284276008606,329,362,2,0.10749468887061403,303.55635492425216,Nelaturu
226,0.05336666852235794,0.2623000144958496,0.16175000369548798,0.0765250027179718,0.10395000129938126,0.10830000042915344,0.15035000443458557,0.25014999508857727,0.2953999936580658,0.3163500130176544,0.32359999418258667,0.3173600137233734,340,0.3735960086995371,28,28_515_shc_2023-24.7538,183,577.3,302.81715670803135,14.338,79.872,50.0,0.3556888699531555,0.4899328947067261,0.22,26.9,0.0009489460091127995,0.3375060988962005,0.8291449546813965,319,342,1,0.21756516841419957,303.6593908343399,Kanupuru Bit - I
72,0.07634545117616653,0.38955000042915344,0.2833000123500824,0.09136363863945007,0.13041111826896667,0.1615999937057495,0.23286999762058258,0.28845277428627014,0.33877500891685486,0.32739999890327454,0.36844998598098755,0.36547499895095825,320,0.2571702699542094,11,28_515_shc_2025-26.11271,171,91.3,302.62925837332745,14.338,80.098,477.0,0.1687222272157669,0.33905932307243347,0.55,14.1,0.0009839414193651293,0.25146613716366806,1.1898289918899536,336,344,3,0.10749468887061403,303.55635492425216,Pynampuram
0,0.053700000047683716,0.26460000872612,0.18115000426769257,0.0649000033736229,0.09239999949932098,0.10440000146627426,0.14315000176429749,0.23804999887943268,0.27399998903274536,0.29374998807907104,0.3062500059604645,0.3066999912261963,322,0.3302462508158169,101,28_515_shc_2025-26.4982,180,620.7,302.68293932864543,14.342,79.472,75.0,0.34470129013061523,0.4755745232105255,0.2,0.8,0.0007849667291325399,0.31623334991405183,0.9007660150527954,413,265,1,0.17151912889982524,303.3423892238684,Gonupalle
153,0.0658000037074089,0.3386000096797943,0.2295999974012375,0.07980000227689743,0.11720000207424164,0.13819999992847443,0.19580000638961792,0.2757999897003174,0.3156999945640564,0.32690000534057617,0.3569999933242798,0.35670000314712524,340,0.30286981074393865,8,28_515_shc_2025-26.10675,177,98.3,302.62925837332745,14.342,80.062,63.0,0.2508130669593811,0.40571922063827515,0.73,3.5,0.0009839414193651293,0.2932856766892711,1.0357908010482788,330,330,2,0.10749468887061403,303.55635492425216,Brahmadevam
90,0.06210000067949295,0.21739999949932098,0.13189999759197235,0.06419999897480011,0.0949999988079071,0.09019999951124191,0.15150000154972076,0.2635999917984009,0.32589998841285706,0.3188000023365021,0.3472999930381775,0.26190000772476196,345,0.4145810693670993,9,28_515_shc_2025-26.10687,174,28.1,302.62925837332745,14.348,80.068,188.0,0.3557303845882416,0.5589241981506348,0.65,8.2,0.0009839414193651293,0.3772277266676238,0.6819322109222412,313,341,2,0.10749468887061403,303.55635492425216,Brahmadevam
0,0.060271427035331726,0.20918333530426025,0.11670000106096268,0.06013999879360199,0.08957380801439285,0.07993999868631363,0.14626666903495789,0.287200003862381,0.3323333263397217,0.380866676568985,0.36169999837875366,0.3348875045776367,337,0.5337636172796258,8,28_515_shc_2025-26.7394,180,105.3,302.62925837332745,14.348,80.082,163.0,0.4450486898422241,0.6530432105064392,0.6,5.3,0.0009839414193651293,0.4698031648292482,0.5492298007011414,307,356,1,0.10749468887061403,303.55635492425216,Pidatapolur
314,0.08421249687671661,0.3845750093460083,0.28644999861717224,0.10764999687671661,0.1488499939441681,0.19030000269412994,0.23237499594688416,0.28033334016799927,0.3191833198070526,0.33160001039505005,0.3591249883174896,0.36465001106262207,331,0.21203163737279718,4,28_515_shc_2025-26.11468,186,224.7,302.62925837332745,14.348,80.108,213.0,0.175938680768013,0.2707415223121643,0.65,17.6,0.0009839414193651293,0.20740777848770175,1.1597557067871094,326,344,3,0.10749468887061403,303.55635492425216,Pynampuram
314,0.08421249687671661,0.3845750093460083,0.28644999861717224,0.10764999687671661,0.1488499939441681,0.19030000269412994,0.23237499594688416,0.28033334016799927,0.3191833198070526,0.33160001039505005,0.3591249883174896,0.36465001106262207,331,0.21203163737279718,4,28_515_shc_2025-26.11472,186,119.4,302.62925837332745,14.348,80.108,289.0,0.175938680768013,0.2707415223121643,0.98,20.0,0.0009839414193651293,0.20740777848770175,1.1597557067871094,326,344,3,0.10749468887061403,303.55635492425216,Pynampuram
161,0.07083333283662796,0.2400750070810318,0.15115000307559967,0.08100000023841858,0.10544999688863754,0.10459999740123749,0.17964999377727509,0.26102501153945923,0.3073333203792572,0.3075999915599823,0.3424000144004822,0.34330832958221436,347,0.3822399602821252,3,28_515_shc_2025-26.7399,177,105.3,302.5976914188318,14.352,80.082,188.0,0.2625962197780609,0.4924793839454651,0.86,10.0,0.0009679273787539678,0.33380836979056616,0.7804779410362244,297,357,3,0.10928692734032347,303.56803940890126,Pidatapolur
0,0.08282499760389328,0.38589999079704285,0.28380000591278076,0.10642000287771225,0.14659999310970306,0.19140000641345978,0.23364999890327454,0.28017500042915344,0.3172749876976013,0.33320000767707825,0.35877999663352966,0.3577199876308441,332,0.2105794635920621,6,28_515_shc_2025-26.7386,180,175.6,302.5976914188318,14.352,80.108,151.0,0.17561966180801392,0.2703011631965637,0.71,13.5,0.0009679273787539678,0.20759320610026133,1.1581631898880005,327,341,0,0.10928692734032347,303.56803940890126,Pynampuram
314,0.07397618889808655,0.3615500032901764,0.25485000014305115,0.07981999963521957,0.1106666699051857,0.12783333659172058,0.2101999968290329,0.2667500078678131,0.31380000710487366,0.3055333197116852,0.3480333387851715,0.36823999881744385,331,0.30141459988124075,8,28_515_shc_2025-26.7400,186,105.3,302.5976914188318,14.352,80.112,263.0,0.1848500370979309,0.4100453555583954,0.94,8.2,0.0009679273787539678,0.28557906250435044,1.1833406686782837,327,342,3,0.10928692734032347,303.56803940890126,Pynampuram
314,0.07397618889808655,0.3615500032901764,0.25485000014305115,0.07981999963521957,0.1106666699051857,0.12783333659172058,0.2101999968290329,0.2667500078678131,0.31380000710487366,0.3055333197116852,0.3480333387851715,0.36823999881744385,331,0.30141459988124075,8,28_515_shc_2025-26.10619,186,126.4,302.5976914188318,14.352,80.112,314.0,0.1848500370979309,0.4100453555583954,0.83,8.2,0.0009679273787539678,0.28557906250435044,1.1833406686782837,327,342,3,0.10928692734032347,303.56803940890126,Pynampuram
46,0.07537499815225601,0.3614000082015991,0.23669999837875366,0.09201666712760925,0.1315000057220459,0.14704999327659607,0.2093142867088318,0.30683332681655884,0.3486500084400177,0.36488333344459534,0.3939250111579895,0.3865000009536743,311,0.34975142166541795,8,28_515_shc_2025-26.9968,168,199.0,302.5976914188318,14.358,80.108,163.0,0.2709329426288605,0.4255111515522003,0.13,23.8,0.0009679273787539678,0.32289677750876694,0.9904536008834839,323,366,5,0.10928692734032347,303.56803940890126,Ananthapuram
46,0.05220000073313713,0.19179999828338623,0.10649999976158142,0.05054999887943268,0.08044999837875366,0.06080000102519989,0.13860000669956207,0.2874000072479248,0.3467499911785126,0.3467499911785126,0.3937000036239624,0.37439998984336853,344,0.5365217346619013,11,28_515_shc_2024-25.8089,177,105.3,302.66511706302043,14.368,80.042,151.0,0.4288657307624817,0.7016316652297974,0.27,33.0,0.0009716185118779373,0.4726185762929198,0.5531362891197205,327,330,1,0.17355570876807497,303.44059800265126,Penubarthi
90,0.07660000026226044,0.36684998869895935,0.25404998660087585,0.08730000257492065,0.12014999985694885,0.1454000025987625,0.21494999527931213,0.29954999685287476,0.3515999913215637,0.3474000096321106,0.3917999863624573,0.39480000734329224,333,0.3226734070320265,10,28_515_shc_2025-26.6794,174,12.0,302.5976914188318,14.375,80.055,50.0,0.23552949726581573,0.4099026024341583,0.41,32.3,0.0009679273787539678,0.30519742830095803,1.0559872388839722,324,343,2,0.10928692734032347,303.56803940890126,Varigonda
281,0.08056666702032089,0.3224000036716461,0.22803333401679993,0.06818235665559769,0.09166111052036285,0.09815238416194916,0.1640428602695465,0.23623333871364594,0.2674533426761627,0.2522200047969818,0.2988923192024231,0.3435203731060028,298,0.2896516136686936,49,28_515_shc_2023-24.6694,195,316.6,302.8161758623625,14.382,79.728,201.0,0.21183043718338013,0.4397253394126892,0.44,35.3,0.0008848388521618517,0.27176497491349066,1.2782491445541382,389,313,5,0.2022132204290022,303.61117520248683,Prabagiripatnam
64,0.0722142830491066,0.34812501072883606,0.24533332884311676,0.09685999900102615,0.12775999307632446,0.15183334052562714,0.18649999797344208,0.2527500092983246,0.29260000586509705,0.2953333258628845,0.32019999623298645,0.31696251034736633,320,0.24241772631397182,9,28_515_shc_2025-26.7734,174,192.0,302.5976914188318,14.382,80.118,88.0,0.22587339580059052,0.32090941071510315,0.11,63.0,0.0009679273787539678,0.22725670744581947,1.1787528991699219,344,336,2,0.10928692734032347,303.56803940890126,Eduru - I
64,0.0722142830491066,0.34812501072883606,0.24533332884311676,0.09685999900102615,0.12775999307632446,0.15183334052562714,0.18649999797344208,0.2527500092983246,0.29260000586509705,0.2953333258628845,0.32019999623298645,0.31696251034736633,320,0.24241772631397182,9,28_515_shc_2025-26.6705,174,105.0,302.5976914188318,14.382,80.118,151.0,0.22587339580059052,0.32090941071510315,0.26,48.38,0.0009679273787539678,0.22725670744581947,1.1787528991699219,344,336,2,0.10928692734032347,303.56803940890126,Eduru - I
64,0.0722142830491066,0.34812501072883606,0.24533332884311676,0.09685999900102615,0.12775999307632446,0.15183334052562714,0.18649999797344208,0.2527500092983246,0.29260000586509705,0.2953333258628845,0.32019999623298645,0.31696251034736633,320,0.24241772631397182,9,28_515_shc_2025-26.6792,174,329.0,302.5976914188318,14.382,80.118,88.0,0.22587339580059052,0.32090941071510315,0.16,34.6,0.0009679273787539678,0.22725670744581947,1.1787528991699219,344,336,2,0.10928692734032347,303.56803940890126,Eduru - I
153,0.04580000042915344,0.23295000195503235,0.1340000033378601,0.05652499943971634,0.0851999968290329,0.08389999717473984,0.14810000360012054,0.2695833444595337,0.33739998936653137,0.34540000557899475,0.3780499994754791,0.3560900092124939,330,0.45881621861797256,127,28_515_shc_2025-26.2038,177,304.2,302.636809600027,14.385,79.415,50.0,0.39979735016822815,0.6091311573982239,0.11,10.0,0.0007719350810813175,0.42209190944157243,0.6744354367256165,405,264,2,0.19089712176406592,303.37220864546924,Tegacherla
244,0.07968182116746902,0.3527750074863434,0.24969999492168427,0.10032222419977188,0.13934999704360962,0.17032499611377716,0.22040000557899475,0.31014445424079895,0.3686714172363281,0.3886090815067291,0.4125666618347168,0.40211740136146545,321,0.3291093823748531,8,28_515_shc_2025-26.3914,192,199.0,302.5976914188318,14.385,80.105,163.0,0.2762012481689453,0.390536367893219,0.21,40.7,0.0009679273787539678,0.30920350474051767,0.907788872718811,344,334,4,0.10928692734032347,303.56803940890126,Thotapalle
0,0.07477618753910065,0.3452000021934509,0.23799166083335876,0.08996666967868805,0.12613999843597412,0.15133333206176758,0.2057500034570694,0.2790142893791199,0.3257499933242798,0.34193333983421326,0.3650583326816559,0.35216519236564636,316,0.3025044872699177,5,28_515_shc_2025-26.10115,180,335.0,302.5976914188318,14.388,80.142,38.0,0.24865342676639557,0.3864035904407501,0.1,22.3,0.0009679273787539678,0.28783812016256716,1.0095535516738892,321,363,0,0.10928692734032347,303.56803940890126,Koduru Khandrika
134,0.08258000016212463,0.33785000443458557,0.27572500705718994,0.11599999666213989,0.14685000479221344,0.1634666621685028,0.20190000534057617,0.25294286012649536,0.28029999136924744,0.2901250123977661,0.30937498807907104,0.3227333426475525,342,0.22602628492804822,12,28_515_shc_2025-26.3204,177,25.0,302.66511706302043,14.390169,80.036942,138.0,0.17931000888347626,0.27923429012298584,0.2,13.1,0.0009716185118779373,0.19923362421374827,1.164497971534729,330,328,1,0.17355570876807497,303.44059800265126,Varigonda
134,0.08258000016212463,0.33785000443458557,0.27572500705718994,0.11599999666213989,0.14685000479221344,0.1634666621685028,0.20190000534057617,0.25294286012649536,0.28029999136924744,0.2901250123977661,0.30937498807907104,0.3227333426475525,342,0.22602628492804822,12,28_515_shc_2025-26.8197,177,12.0,302.66511706302043,14.390169,80.036942,50.0,0.17931000888347626,0.27923429012298584,0.53,13.1,0.0009716185118779373,0.19923362421374827,1.164497971534729,330,328,1,0.17355570876807497,303.44059800265126,Varigonda
134,0.08258000016212463,0.33785000443458557,0.27572500705718994,0.11599999666213989,0.14685000479221344,0.1634666621685028,0.20190000534057617,0.25294286012649536,0.28029999136924744,0.2901250123977661,0.30937498807907104,0.3227333426475525,342,0.22602628492804822,12,28_515_shc_2025-26.982,177,12.0,302.66511706302043,14.390169,80.036942,113.0,0.17931000888347626,0.27923429012298584,0.25,16.9,0.0009716185118779373,0.19923362421374827,1.164497971534729,330,328,1,0.17355570876807497,303.44059800265126,Varigonda
270,0.06960000097751617,0.3674499988555908,0.24365000426769257,0.09382499754428864,0.12756666541099548,0.16095000505447388,0.21771666407585144,0.30504998564720154,0.38234999775886536,0.3925749957561493,0.4156000018119812,0.41001251339912415,342,0.34997391263989347,9,28_515_shc_2025-26.3604,183,19.0,302.66511706302043,14.390691,80.044918,151.0,0.286516010761261,0.41845443844795227,0.42,27.6,0.0009716185118779373,0.3297857058780581,0.9359995126724243,334,324,1,0.17355570876807497,303.44059800265126,Varigonda
90,0.060466665774583817,0.30489999055862427,0.18774999678134918,0.07758750021457672,0.11760000139474869,0.1177000030875206,0.1912750005722046,0.283133327960968,0.3314250111579895,0.337799996137619,0.3623499870300293,0.38118571043014526,342,0.3763438409559393,13,28_515_shc_2025-26.11616,174,130.0,302.66511706302043,14.391096,80.03992,50.0,0.2769456207752228,0.48320525884628296,0.36,15.4,0.0009716185118779373,0.3455258920385996,0.9026050567626953,333,326,2,0.17355570876807497,303.44059800265126,Varigonda
0,0.0869000032544136,0.35109999775886536,0.29269999265670776,0.14659999310970306,0.1746000051498413,0.20999999344348907,0.21610000729560852,0.24480000138282776,0.2686749994754791,0.2939000129699707,0.29350000619888306,0.29916998744010925,342,0.14421757780963046,14,28_515_shc_2025-26.11051,180,552.0,302.66511706302043,14.391189,80.035932,151.0,0.15254902839660645,0.16650132834911346,0.24,56.83,0.0009716185118779373,0.1253611201172666,1.1946239471435547,330,328,0,0.17355570876807497,303.44059800265126,Varigonda
111,0.06038333475589752,0.3407999873161316,0.20935000479221344,0.085466668009758,0.12487500160932541,0.13259999454021454,0.21449999511241913,0.2918333411216736,0.36582499742507935,0.374266654253006,0.3932666778564453,0.382999986410141,342,0.3951728978634671,13,28_515_shc_2025-26.3305,165,31.0,302.66511706302043,14.391492,80.044168,75.0,0.2713581919670105,0.47678548097610474,0.3,9.2,0.0009716185118779373,0.3600278050759366,0.9105806946754456,334,324,5,0.17355570876807497,303.44059800265126,Varigonda
19,0.07203125208616257,0.29296666383743286,0.21804000437259674,0.06400000303983688,0.10286000370979309,0.09426666796207428,0.1712000072002411,0.2861666679382324,0.3173333406448364,0.3318333327770233,0.34293332695961,0.308763325214386,351,0.4190085378971137,121,28_515_shc_2025-26.10370,177,372.4,302.636809600027,14.392,79.418,163.0,0.3193293809890747,0.5575373768806458,0.27,24.6,0.0007719350810813175,0.38478565698955774,0.8828729391098022,397,252,3,0.19089712176406592,303.37220864546924,Tegacherla
19,0.07203125208616257,0.29296666383743286,0.21804000437259674,0.06400000303983688,0.10286000370979309,0.09426666796207428,0.1712000072002411,0.2861666679382324,0.3173333406448364,0.3318333327770233,0.34293332695961,0.308763325214386,351,0.4190085378971137,121,28_515_shc_2025-26.10361,177,366.2,302.636809600027,14.392,79.418,13.0,0.3193293809890747,0.5575373768806458,0.27,17.7,0.0007719350810813175,0.38478565698955774,0.8828729391098022,397,252,3,0.19089712176406592,303.37220864546924,Tegacherla
19,0.07203125208616257,0.29296666383743286,0.21804000437259674,0.06400000303983688,0.10286000370979309,0.09426666796207428,0.1712000072002411,0.2861666679382324,0.3173333406448364,0.3318333327770233,0.34293332695961,0.308763325214386,351,0.4190085378971137,121,28_515_shc_2025-26.10381,177,289.0,302.636809600027,14.392,79.418,188.0,0.3193293809890747,0.5575373768806458,0.26,33.0,0.0007719350810813175,0.38478565698955774,0.8828729391098022,397,252,3,0.19089712176406592,303.37220864546924,Tegacherla
46,0.06040000170469284,0.26829999685287476,0.16875000298023224,0.07599999755620956,0.10684999823570251,0.12995000183582306,0.1821500062942505,0.3103500008583069,0.3606500029563904,0.37389999628067017,0.4152500033378601,0.3922500014305115,342,0.3851193333188973,11,28_515_shc_2025-26.3145,177,31.0,302.5976914188318,14.392788,80.056896,63.0,0.3448430597782135,0.48417186737060547,0.15,20.7,0.0009679273787539678,0.3645215842544698,0.7175715565681458,322,336,1,0.10928692734032347,303.56803940890126,Varigonda
314,0.06920000165700912,0.3174999952316284,0.20819999277591705,0.09080000221729279,0.12573333084583282,0.12219999730587006,0.22724999487400055,0.3072666525840759,0.3722666800022125,0.39006665349006653,0.4142000079154968,0.4101000130176544,331,0.46431542604620324,12,28_515_shc_2025-26.11050,186,521.0,302.66511706302043,14.394,80.0441,163.0,0.26374900341033936,0.5229047536849976,0.16,35.3,0.0009716185118779373,0.39693097066900584,0.8139634132385254,324,345,3,0.17355570876807497,303.44059800265126,Varigonda
180,0.051899999380111694,0.20579999685287476,0.10840000212192535,0.061400000005960464,0.0869000032544136,0.08500000089406967,0.13953332602977753,0.2918750047683716,0.3499999940395355,0.3686000108718872,0.39592498540878296,0.38483333587646484,333,0.4999647534372143,8,28_515_shc_2025-26.1409,180,199.0,302.66511706302043,14.394638,80.047701,213.0,0.450800359249115,0.6252204775810242,0.35,38.4,0.0009716185118779373,0.4460990034793883,0.5583288073539734,326,341,1,0.17355570876807497,303.44059800265126,Varigonda
180,0.051899999380111694,0.20579999685287476,0.10840000212192535,0.061400000005960464,0.0869000032544136,0.08500000089406967,0.13953332602977753,0.2918750047683716,0.3499999940395355,0.3686000108718872,0.39592498540878296,0.38483333587646484,333,0.4999647534372143,8,28_515_shc_2025-26.9140,180,143.0,302.66511706302043,14.394638,80.047701,125.0,0.450800359249115,0.6252204775810242,0.45,24.6,0.0009716185118779373,0.4460990034793883,0.5583288073539734,326,341,1,0.17355570876807497,303.44059800265126,Varigonda
90,0.08387856930494308,0.2989545464515686,0.2321625053882599,0.08384117484092712,0.10731666535139084,0.12880347669124603,0.16552667319774628,0.22876666486263275,0.2595374882221222,0.24444444477558136,0.28366249799728394,0.29147499799728394,336,0.2082185661128627,49,28_515_shc_2024-25.9566,177,453.0,302.8231103127463,14.402,79.802,213.0,0.1924959272146225,0.30982348322868347,0.13,90.6,0.0009457851380784747,0.19863941025491735,1.2229958772659302,368,296,1,0.20576503820586622,303.58936958982235,Marupuru
116,0.06379999965429306,0.24816666543483734,0.1437000036239624,0.07606666535139084,0.11282499879598618,0.09775000065565109,0.19717499613761902,0.3205375075340271,0.3828166723251343,0.39010000228881836,0.42164167761802673,0.4079599976539612,349,0.5197887744263733,11,28_515_shc_2025-26.7843,174,596.0,302.5976914188318,14.402,80.072,88.0,0.32850879430770874,0.5992620587348938,0.48,1.5,0.0009679273787539678,0.4439186122818709,0.6361616849899292,323,328,2,0.10928692734032347,303.56803940890126,T.P.Gudur Bit-II
0,0.05026249960064888,0.2168000042438507,0.10686250030994415,0.0614466667175293,0.10081999748945236,0.08659999817609787,0.1659500002861023,0.30605000257492065,0.37070000171661377,0.3785249888896942,0.41714999079704285,0.41830000281333923,358,0.5077751217936869,9,28_515_shc_2025-26.10864,180,43.0,302.5976914188318,14.402703,80.054677,163.0,0.39042195677757263,0.6276269555091858,0.27,16.9,0.0009679273787539678,0.4537106508885196,0.5727494955062866,314,328,1,0.10928692734032347,303.56803940890126,Varigonda
270,0.05663333460688591,0.22086000442504883,0.13040000200271606,0.07217777520418167,0.10731428861618042,0.10308333486318588,0.16979999840259552,0.28347691893577576,0.34595000743865967,0.34150001406669617,0.3775799870491028,0.35386666655540466,337,0.4201421617476446,10,28_515_shc_2025-26.1460,183,136.0,302.5976914188318,14.403007,80.091723,113.0,0.33581069111824036,0.5362699031829834,0.05,38.4,0.0009679273787539678,0.3786061009972478,0.6467349529266357,323,340,1,0.10928692734032347,303.56803940890126,Thotapalle
270,0.0784125030040741,0.2360749989748001,0.13923333585262299,0.10753333568572998,0.131850004196167,0.12399999797344208,0.18594999611377716,0.3104545474052429,0.3809666633605957,0.3930714428424835,0.4101249873638153,0.40049999952316284,321,0.5055561885518277,8,28_515_shc_2025-26.3495,186,56.0,302.5976914188318,14.406439,80.109782,75.0,0.35770946741104126,0.5203757882118225,0.24,29.2,0.0009679273787539678,0.39683266200039613,0.6005905866622925,334,345,2,0.10928692734032347,303.56803940890126,Thotapalle
314,0.07537499815225601,0.3348333239555359,0.21912500262260437,0.09854999929666519,0.12866154313087463,0.13300000131130219,0.2258458286523819,0.3169058859348297,0.37171250581741333,0.3771333396434784,0.4095785617828369,0.41094544529914856,349,0.42502074911068877,10,28_515_shc_2025-26.3167,186,317.0,302.5976914188318,14.407355,80.088475,138.0,0.2509000599384308,0.4785676896572113,0.12,23.8,0.0009679273787539678,0.3625264038430126,0.8878380656242371,324,327,3,0.10928692734032347,303.56803940890126,Thotapalle
314,0.06440000236034393,0.3625999987125397,0.24490000307559967,0.08533333241939545,0.11734999716281891,0.1542000025510788,0.20444999635219574,0.2902500033378601,0.33693334460258484,0.3476000130176544,0.38350000977516174,0.3811500072479248,347,0.2961171091067097,11,28_515_shc_2025-26.10865,183,37.0,302.66511706302043,14.407813,80.049023,176.0,0.25930625200271606,0.3854125142097473,0.45,32.3,0.0009716185118779373,0.289578769406557,1.0431530475616455,313,340,1,0.17355570876807497,303.44059800265126,Varigonda
72,0.05590000003576279,0.19449999928474426,0.10324999690055847,0.07079999893903732,0.09915000200271606,0.10239999741315842,0.16580000519752502,0.2944999933242798,0.3786500096321106,0.3799999952316284,0.41130000352859497,0.4050428569316864,332,0.4742380759837189,15,28_515_shc_2025-26.10725,171,472.0,302.66511706302043,14.407988,80.03929,238.0,0.3924514353275299,0.5754560828208923,0.36,17.7,0.0009716185118779373,0.42385993469593364,0.5118421316146851,342,326,3,0.17355570876807497,303.44059800265126,Varigonda
288,0.06300000101327896,0.2625499963760376,0.16279999911785126,0.08855000138282776,0.1264999955892563,0.1273999959230423,0.20839999616146088,0.3015333414077759,0.35295000672340393,0.3540000021457672,0.4002000093460083,0.3892333209514618,359,0.38954119976608165,12,28_515_shc_2025-26.6679,189,422.0,302.5976914188318,14.408,80.058,38.0,0.2588904798030853,0.4707104563713074,0.23,9.2,0.0009679273787539678,0.34634197065716293,0.7416666746139526,319,321,3,0.10928692734032347,303.56803940890126,T.P.Gudur Bit-II
314,0.06338749825954437,0.2674750089645386,0.1627500057220459,0.07422249764204025,0.10814286023378372,0.09683333337306976,0.1608666628599167,0.26677998900413513,0.3079499900341034,0.3267750144004822,0.34049999713897705,0.35375332832336426,311,0.42546926921241984,6,28_515_shc_2025-26.1128,183,186.0,302.5976914188318,14.408,80.142,50.0,0.3402259349822998,0.542816698551178,0.22,44.54,0.0009679273787539678,0.3734402383570524,0.8185295462608337,329,360,1,0.10928692734032347,303.56803940890126,Koduru -II
314,0.06338749825954437,0.2674750089645386,0.1627500057220459,0.07422249764204025,0.10814286023378372,0.09683333337306976,0.1608666628599167,0.26677998900413513,0.3079499900341034,0.3267750144004822,0.34049999713897705,0.35375332832336426,311,0.42546926921241984,6,28_515_shc_2025-26.3978,183,143.0,302.5976914188318,14.408,80.142,75.0,0.3402259349822998,0.542816698551178,0.3,40.7,0.0009679273787539678,0.3734402383570524,0.8185295462608337,329,360,1,0.10928692734032347,303.56803940890126,Koduru -II
0,0.05522000044584274,0.20309999585151672,0.1152999997138977,0.08079999685287476,0.09860000014305115,0.09860000014305115,0.1535000056028366,0.24250000715255737,0.2849999964237213,0.29670000076293945,0.31150001287460327,0.31413334608078003,326,0.3862200669168221,10,28_515_shc_2025-26.10742,180,515.0,302.66511706302043,14.408822,80.041498,176.0,0.3180808424949646,0.5011383891105652,0.26,20.7,0.0009716185118779373,0.33189992251662487,0.6845298409461975,330,344,1,0.17355570876807497,303.44059800265126,Varigonda
90,0.056299999356269836,0.1985500007867813,0.11283333599567413,0.06465999782085419,0.09629999846220016,0.08765000104904175,0.15569999814033508,0.2830375134944916,0.33799999952316284,0.3418999910354614,0.37691429257392883,0.36526668071746826,326,0.4596485292556202,12,28_515_shc_2025-26.10759,177,341.0,302.66511706302043,14.412,80.042,63.0,0.3741961419582367,0.591898500919342,0.23,30.0,0.0009716185118779373,0.41027915467397436,0.580725371837616,329,344,1,0.17355570876807497,303.44059800265126,Varigonda
134,0.05956000089645386,0.39633500576019287,0.3173624873161316,0.10045000165700912,0.14556249976158142,0.1686333268880844,0.24334000051021576,0.3142000138759613,0.3375749886035919,0.3339214324951172,0.3770909011363983,0.33820000290870667,325,0.25950400543837704,8,28_515_shc_2025-26.1371,177,341.0,302.5976914188318,14.412,80.138,63.0,0.1569157838821411,0.3288957178592682,0.09,34.6,0.0009679273787539678,0.24730036548136647,1.1869109869003296,333,342,1,0.10928692734032347,303.56803940890126,Koduru -II
180,0.049400001764297485,0.19439999759197235,0.10249999910593033,0.05938571318984032,0.09290000051259995,0.06719999760389328,0.12843333184719086,0.3000333309173584,0.34950000047683716,0.3492799997329712,0.3842250108718872,0.38449999690055847,338,0.5395202704292676,7,28_515_shc_2025-26.21,180,168.0,302.5976914188318,14.413885,80.097779,75.0,0.46229955554008484,0.677295446395874,0.18,67.6,0.0009679273787539678,0.4616794740999606,0.5565735101699829,324,338,1,0.10928692734032347,303.56803940890126,Thotapalle
180,0.049400001764297485,0.19439999759197235,0.10249999910593033,0.05938571318984032,0.09290000051259995,0.06719999760389328,0.12843333184719086,0.3000333309173584,0.34950000047683716,0.3492799997329712,0.3842250108718872,0.38449999690055847,338,0.5395202704292676,7,28_515_shc_2025-26.23,180,174.0,302.5976914188318,14.413885,80.097779,3.0,0.46229955554008484,0.677295446395874,0.24,25.3,0.0009679273787539678,0.4616794740999606,0.5565735101699829,324,338,1,0.10928692734032347,303.56803940890126,Thotapalle
180,0.051899999380111694,0.20200000703334808,0.09828571230173111,0.05757499858736992,0.09477999806404114,0.06567499786615372,0.14371666312217712,0.31716665625572205,0.3652600049972534,0.36933332681655884,0.40065714716911316,0.4119666814804077,338,0.570112988619572,8,28_515_shc_2025-26.28,180,236.0,302.5976914188318,14.414483,80.09593,50.0,0.43975570797920227,0.6980517506599426,0.2,13.8,0.0009679273787539678,0.4871480621096862,0.5469314455986023,329,333,1,0.10928692734032347,303.56803940890126,Thotapalle
270,0.04839999973773956,0.21664999425411224,0.10824999958276749,0.060074999928474426,0.0946199968457222,0.06538332998752594,0.1541166603565216,0.33079999685287476,0.3968833386898041,0.4063200056552887,0.4318000078201294,0.4359000027179718,339,0.6322739927245973,8,28_515_shc_2025-26.11015,186,192.0,302.5976914188318,14.416032,80.093699,63.0,0.45001220703125,0.7227777242660522,0.1,52.3,0.0009679273787539678,0.5262974765475436,0.5332003831863403,332,329,2,0.10928692734032347,303.56803940890126,Thotapalle
270,0.04839999973773956,0.21664999425411224,0.10824999958276749,0.060074999928474426,0.0946199968457222,0.06538332998752594,0.1541166603565216,0.33079999685287476,0.3968833386898041,0.4063200056552887,0.4318000078201294,0.4359000027179718,339,0.6322739927245973,8,28_515_shc_2025-26.11016,186,74.0,302.5976914188318,14.416032,80.093699,75.0,0.45001220703125,0.7227777242660522,0.25,39.94,0.0009679273787539678,0.5262974765475436,0.5332003831863403,332,329,2,0.10928692734032347,303.56803940890126,Thotapalle
256,0.04596000164747238,0.25949999690055847,0.20350000262260437,0.07030833512544632,0.09714999794960022,0.12513333559036255,0.14902499318122864,0.18994000554084778,0.21085000038146973,0.2149749994277954,0.23829999566078186,0.23356667160987854,294,0.15614182480746333,94,28_515_shc_2025-26.4906,192,372.4,302.16999987552043,14.418,79.588,138.0,0.18118134140968323,0.2641560137271881,0.41,13.1,0.0008268049962603108,0.1604108543372999,1.2071170806884766,395,311,4,0.2140392504240337,303.5104093718947,Nernoor
180,0.06880000233650208,0.17773999273777008,0.10313333570957184,0.07598571479320526,0.10779090970754623,0.09556666761636734,0.17017142474651337,0.2681500017642975,0.3140000104904175,0.33002498745918274,0.33945000171661377,0.3453499972820282,328,0.439543814093458,10,28_515_shc_2025-26.6524,180,112.0,302.5976914188318,14.418,80.082,75.0,0.3195815980434418,0.5508996844291687,0.27,13.1,0.0009679273787539678,0.379959648334899,0.5385652780532837,345,327,2,0.10928692734032347,303.56803940890126,Peduru
199,0.04774999991059303,0.211899995803833,0.125450000166893,0.06239999830722809,0.09561250358819962,0.09094999730587006,0.15905000269412994,0.28183332085609436,0.326200008392334,0.3245833218097687,0.3658750057220459,0.3412500023841858,323,0.4165230404016006,15,28_515_shc_2025-26.7832,183,571.0,302.66511706302043,14.418031,80.039208,75.0,0.34227028489112854,0.5622493028640747,0.45,29.1,0.0009716185118779373,0.38278234056447646,0.6528369784355164,336,341,3,0.17355570876807497,303.44059800265126,Chinna Cherukur
270,0.0549749992787838,0.28222501277923584,0.16716666519641876,0.0600857138633728,0.09183333069086075,0.08372499793767929,0.16187143325805664,0.2836500108242035,0.3260500133037567,0.31922855973243713,0.3608874976634979,0.3724600076675415,279,0.4294577107653723,79,28_515_shc_2025-26.8273,183,378.6,302.16999987552043,14.425,79.635,226.0,0.32707780599594116,0.5844434499740601,0.65,3.1,0.0008268049962603108,0.39122205089222817,0.8840844631195068,395,326,1,0.2140392504240337,303.5104093718947,Yeturu
90,0.0575999990105629,0.1772083342075348,0.09555000066757202,0.06414999812841415,0.09905999898910522,0.08912499994039536,0.16519999504089355,0.2919444441795349,0.34825000166893005,0.3587000072002411,0.3804999887943268,0.3687785565853119,345,0.4771830196210278,9,28_515_shc_2025-26.10731,174,155.0,302.5976914188318,14.428,80.088,88.0,0.3693453073501587,0.601965069770813,0.2,4.6,0.0009679273787539678,0.4266214837585205,0.49402934312820435,334,321,2,0.10928692734032347,303.56803940890126,Peduru
90,0.0575999990105629,0.1772083342075348,0.09555000066757202,0.06414999812841415,0.09905999898910522,0.08912499994039536,0.16519999504089355,0.2919444441795349,0.34825000166893005,0.3587000072002411,0.3804999887943268,0.3687785565853119,345,0.4771830196210278,9,28_515_shc_2025-26.10736,174,62.0,302.5976914188318,14.428,80.088,113.0,0.3693453073501587,0.601965069770813,0.21,19.2,0.0009679273787539678,0.4266214837585205,0.49402934312820435,334,321,2,0.10928692734032347,303.56803940890126,Peduru
90,0.0575999990105629,0.1772083342075348,0.09555000066757202,0.06414999812841415,0.09905999898910522,0.08912499994039536,0.16519999504089355,0.2919444441795349,0.34825000166893005,0.3587000072002411,0.3804999887943268,0.3687785565853119,345,0.4771830196210278,9,28_515_shc_2025-26.10717,174,112.0,302.5976914188318,14.428,80.088,138.0,0.3693453073501587,0.601965069770813,0.24,9.2,0.0009679273787539678,0.4266214837585205,0.49402934312820435,334,321,2,0.10928692734032347,303.56803940890126,Peduru
126,0.06016923114657402,0.11144285649061203,0.0800090879201889,0.060333333909511566,0.08343999832868576,0.060422223061323166,0.11566666513681412,0.13474999368190765,0.15424999594688416,0.08044999837875366,0.14658571779727936,0.21666666865348816,367,0.050550510699633136,7,28_515_shc_2025-26.3228,168,199.0,302.5976914188318,14.428,80.142,13.0,-0.17956998944282532,0.1421698033809662,0.39,30.0,0.0009679273787539678,0.04687621334037602,1.3852437734603882,317,315,5,0.10928692734032347,303.56803940890126,Koduru-I
153,0.07326000183820724,0.2321999967098236,0.1603499948978424,0.07519999891519547,0.11133809387683868,0.10643333196640015,0.16821666061878204,0.227400004863739,0.25745001435279846,0.24570000171661377,0.2742714285850525,0.2648000121116638,363,0.263702699341171,6,28_515_shc_2025-26.4089,177,99.0,302.5976914188318,14.432,80.132,75.0,0.18719550967216492,0.39549413323402405,0.46,22.3,0.0009679273787539678,0.24514943421169977,0.9450549483299255,321,316,2,0.10928692734032347,303.56803940890126,Koduru-I
153,0.07326000183820724,0.2321999967098236,0.1603499948978424,0.07519999891519547,0.11133809387683868,0.10643333196640015,0.16821666061878204,0.227400004863739,0.25745001435279846,0.24570000171661377,0.2742714285850525,0.2648000121116638,363,0.263702699341171,6,28_515_shc_2025-26.1152,177,62.0,302.5976914188318,14.432,80.132,75.0,0.18719550967216492,0.39549413323402405,0.4,29.2,0.0009679273787539678,0.24514943421169977,0.9450549483299255,321,316,2,0.10928692734032347,303.56803940890126,Koduru-I
161,0.08126666396856308,0.32670000195503235,0.24117499589920044,0.09584999829530716,0.1412999927997589,0.16179999709129333,0.21435000002384186,0.27605000138282776,0.33869999647140503,0.358474999666214,0.3680500090122223,0.3735666573047638,337,0.3053201117512143,7,28_515_shc_2025-26.8979,177,124.0,302.5976914188318,14.432,80.148,125.0,0.251603901386261,0.378021240234375,0.25,3.8,0.0009679273787539678,0.2891499887774842,0.9113606214523315,329,333,3,0.10928692734032347,303.56803940890126,Koduru-I
161,0.08126666396856308,0.32670000195503235,0.24117499589920044,0.09584999829530716,0.1412999927997589,0.16179999709129333,0.21435000002384186,0.27605000138282776,0.33869999647140503,0.358474999666214,0.3680500090122223,0.3735666573047638,337,0.3053201117512143,7,28_515_shc_2025-26.8909,177,174.0,302.5976914188318,14.432,80.148,100.0,0.251603901386261,0.378021240234375,0.17,19.2,0.0009679273787539678,0.2891499887774842,0.9113606214523315,329,333,3,0.10928692734032347,303.56803940890126,Koduru-I
161,0.08126666396856308,0.32670000195503235,0.24117499589920044,0.09584999829530716,0.1412999927997589,0.16179999709129333,0.21435000002384186,0.27605000138282776,0.33869999647140503,0.358474999666214,0.3680500090122223,0.3735666573047638,337,0.3053201117512143,7,28_515_shc_2025-26.8987,177,161.0,302.5976914188318,14.432,80.148,113.0,0.251603901386261,0.378021240234375,0.1,7.7,0.0009679273787539678,0.2891499887774842,0.9113606214523315,329,333,3,0.10928692734032347,303.56803940890126,Koduru-I
161,0.08126666396856308,0.32670000195503235,0.24117499589920044,0.09584999829530716,0.1412999927997589,0.16179999709129333,0.21435000002384186,0.27605000138282776,0.33869999647140503,0.358474999666214,0.3680500090122223,0.3735666573047638,337,0.3053201117512143,7,28_515_shc_2025-26.8980,177,180.0,302.5976914188318,14.432,80.148,213.0,0.251603901386261,0.378021240234375,0.25,10.8,0.0009679273787539678,0.2891499887774842,0.9113606214523315,329,333,3,0.10928692734032347,303.56803940890126,Koduru-I
161,0.08126666396856308,0.32670000195503235,0.24117499589920044,0.09584999829530716,0.1412999927997589,0.16179999709129333,0.21435000002384186,0.27605000138282776,0.33869999647140503,0.358474999666214,0.3680500090122223,0.3735666573047638,337,0.3053201117512143,7,28_515_shc_2025-26.10236,177,136.0,302.5976914188318,14.432,80.148,13.0,0.251603901386261,0.378021240234375,0.3,10.0,0.0009679273787539678,0.2891499887774842,0.9113606214523315,329,333,3,0.10928692734032347,303.56803940890126,Koduru-I
90,0.05054999887943268,0.20104999840259552,0.11620000004768372,0.05976666510105133,0.09018000215291977,0.10220000147819519,0.1444000005722046,0.2662999927997589,0.3112500011920929,0.3276199996471405,0.35223332047462463,0.35087499022483826,364,0.37757022302028354,15,28_515_shc_2025-26.1103,177,174.0,302.5976914188318,14.435,80.065,75.0,0.3881615102291107,0.5244520902633667,0.39,22.3,0.0009679273787539678,0.3636510258374615,0.6136682629585266,331,305,1,0.10928692734032347,303.56803940890126,Narukur
0,0.03349285572767258,0.24784286320209503,0.17260000109672546,0.04460526257753372,0.07754000276327133,0.08004444092512131,0.14489999413490295,0.22421428561210632,0.25167691707611084,0.259799987077713,0.2754899859428406,0.2790466547012329,317,0.3197297619829347,86,28_515_shc_2025-26.4409,180,415.9,302.16999987552043,14.438,79.588,163.0,0.2839139997959137,0.5289347767829895,0.33,7.7,0.0008268049962603108,0.3210515069678805,0.9539756774902344,392,291,1,0.2140392504240337,303.5104093718947,Chittaluru
270,0.07597856968641281,0.24418333172798157,0.1777999997138977,0.0877624973654747,0.11016666889190674,0.11123333126306534,0.17726249992847443,0.24737143516540527,0.2827833294868469,0.31975001096725464,0.3178222179412842,0.34595000743865967,370,0.3922638526863189,14,28_515_shc_2025-26.7992,189,317.0,302.5976914188318,14.438,80.072,38.0,0.286687970161438,0.48381608724594116,0.12,27.6,0.0009679273787539678,0.33596199348420264,0.763669490814209,325,305,3,0.10928692734032347,303.56803940890126,Peduru
270,0.07597856968641281,0.24418333172798157,0.1777999997138977,0.0877624973654747,0.11016666889190674,0.11123333126306534,0.17726249992847443,0.24737143516540527,0.2827833294868469,0.31975001096725464,0.3178222179412842,0.34595000743865967,370,0.3922638526863189,14,28_515_shc_2025-26.1334,189,62.0,302.5976914188318,14.438,80.072,13.0,0.286687970161438,0.48381608724594116,0.18,15.4,0.0009679273787539678,0.33596199348420264,0.763669490814209,325,305,3,0.10928692734032347,303.56803940890126,Peduru
215,0.060600001364946365,0.2296999990940094,0.1348000019788742,0.08060000091791153,0.11720000207424164,0.10499999672174454,0.19349999725818634,0.3017500042915344,0.34603333473205566,0.35796666145324707,0.3880400061607361,0.35001665353775024,336,0.4571246214945785,15,28_515_shc_2025-26.6785,186,614.0,302.5976914188318,14.438297,80.053586,75.0,0.2982349991798401,0.5464036464691162,0.41,30.0,0.0009679273787539678,0.39404271568071225,0.6416798830032349,333,331,3,0.10928692734032347,303.56803940890126,Chinna Cherukur
24,0.05067500099539757,0.19949999451637268,0.10643333196640015,0.0643666684627533,0.10000000149011612,0.09917499870061874,0.16303333640098572,0.282966673374176,0.3338249921798706,0.3499000072479248,0.37299999594688416,0.36355000734329224,345,0.42867769619607654,12,28_515_shc_2025-26.8137,171,354.0,302.5976914188318,14.439262,80.056716,113.0,0.3643098473548889,0.558314323425293,0.1,18.4,0.0009679273787539678,0.39626742930089304,0.5701628923416138,332,323,7,0.10928692734032347,303.56803940890126,Chinna Cherukur
90,0.051100000739097595,0.17759999632835388,0.09440000355243683,0.06539999693632126,0.09160000085830688,0.09049999713897705,0.16144999861717224,0.28839999437332153,0.33434998989105225,0.3538999855518341,0.3774999976158142,0.36816665530204773,338,0.46821670582764213,12,28_515_shc_2025-26.3440,177,552.0,302.5976914188318,14.442,80.058,125.0,0.37343552708625793,0.5927092432975769,0.15,20.0,0.0009679273787539678,0.4183608533045029,0.5018366575241089,334,328,1,0.10928692734032347,303.56803940890126,Chinna Cherukur
90,0.051100000739097595,0.17759999632835388,0.09440000355243683,0.06539999693632126,0.09160000085830688,0.09049999713897705,0.16144999861717224,0.28839999437332153,0.33434998989105225,0.3538999855518341,0.3774999976158142,0.36816665530204773,338,0.46821670582764213,12,28_515_shc_2025-26.3444,177,527.0,302.5976914188318,14.442,80.058,176.0,0.37343552708625793,0.5927092432975769,0.24,19.2,0.0009679273787539678,0.4183608533045029,0.5018366575241089,334,328,1,0.10928692734032347,303.56803940890126,Chinna Cherukur
90,0.051100000739097595,0.17759999632835388,0.09440000355243683,0.06539999693632126,0.09160000085830688,0.09049999713897705,0.16144999861717224,0.28839999437332153,0.33434998989105225,0.3538999855518341,0.3774999976158142,0.36816665530204773,338,0.46821670582764213,12,28_515_shc_2025-26.8124,177,571.0,302.5976914188318,14.442,80.058,138.0,0.37343552708625793,0.5927092432975769,0.1,23.8,0.0009679273787539678,0.4183608533045029,0.5018366575241089,334,328,1,0.10928692734032347,303.56803940890126,Chinna Cherukur
226,0.06652258336544037,0.05995333194732666,0.041376471519470215,0.05140967667102814,0.0747448280453682,0.052906665951013565,0.08429999649524689,0.07416818290948868,0.0764363631606102,0.05761111155152321,0.06793571263551712,0.18724404275417328,354,0.011886173997962983,11,28_515_shc_2025-26.7784,183,99.0,302.5976914188318,14.442,80.098,176.0,-0.18806762993335724,0.04256732016801834,0.1,13.8,0.0009679273787539678,0.011558497820704564,1.0406557321548462,321,325,1,0.10928692734032347,303.56803940890126,Mungaladoruvu
199,0.06846896559000015,0.2434428632259369,0.17745999991893768,0.08433683961629868,0.10377778112888336,0.09970833361148834,0.1422625035047531,0.22055000066757202,0.251800000667572,0.2638777792453766,0.2752666771411896,0.25379565358161926,346,0.333785880624495,13,28_515_shc_2025-26.69,183,552.0,302.5976914188318,14.442,80.108,238.0,0.29944154620170593,0.4515283703804016,0.14,43.01,0.0009679273787539678,0.28515299723404397,0.9225591421127319,320,334,3,0.10928692734032347,303.56803940890126,Amulur (South)
199,0.06846896559000015,0.2434428632259369,0.17745999991893768,0.08433683961629868,0.10377778112888336,0.09970833361148834,0.1422625035047531,0.22055000066757202,0.251800000667572,0.2638777792453766,0.2752666771411896,0.25379565358161926,346,0.333785880624495,13,28_515_shc_2025-26.59,183,379.0,302.5976914188318,14.442,80.108,13.0,0.29944154620170593,0.4515283703804016,0.17,38.4,0.0009679273787539678,0.28515299723404397,0.9225591421127319,320,334,3,0.10928692734032347,303.56803940890126,Amulur (South)
199,0.06846896559000015,0.2434428632259369,0.17745999991893768,0.08433683961629868,0.10377778112888336,0.09970833361148834,0.1422625035047531,0.22055000066757202,0.251800000667572,0.2638777792453766,0.2752666771411896,0.25379565358161926,346,0.333785880624495,13,28_515_shc_2025-26.10167,183,528.0,302.5976914188318,14.442,80.108,176.0,0.29944154620170593,0.4515283703804016,0.24,32.3,0.0009679273787539678,0.28515299723404397,0.9225591421127319,320,334,3,0.10928692734032347,303.56803940890126,Amulur (South)
199,0.06846896559000015,0.2434428632259369,0.17745999991893768,0.08433683961629868,0.10377778112888336,0.09970833361148834,0.1422625035047531,0.22055000066757202,0.251800000667572,0.2638777792453766,0.2752666771411896,0.25379565358161926,346,0.333785880624495,13,28_515_shc_2025-26.41,183,571.0,302.5976914188318,14.442,80.108,100.0,0.29944154620170593,0.4515283703804016,0.14,22.3,0.0009679273787539678,0.28515299723404397,0.9225591421127319,320,334,3,0.10928692734032347,303.56803940890126,Mungaladoruvu
199,0.06846896559000015,0.2434428632259369,0.17745999991893768,0.08433683961629868,0.10377778112888336,0.09970833361148834,0.1422625035047531,0.22055000066757202,0.251800000667572,0.2638777792453766,0.2752666771411896,0.25379565358161926,346,0.333785880624495,13,28_515_shc_2025-26.66,183,590.0,302.5976914188318,14.442,80.108,201.0,0.29944154620170593,0.4515283703804016,0.2,15.4,0.0009679273787539678,0.28515299723404397,0.9225591421127319,320,334,3,0.10928692734032347,303.56803940890126,Amulur (South)
199,0.06846896559000015,0.2434428632259369,0.17745999991893768,0.08433683961629868,0.10377778112888336,0.09970833361148834,0.1422625035047531,0.22055000066757202,0.251800000667572,0.2638777792453766,0.2752666771411896,0.25379565358161926,346,0.333785880624495,13,28_515_shc_2025-26.75,183,534.0,302.5976914188318,14.442,80.108,13.0,0.29944154620170593,0.4515283703804016,0.14,30.0,0.0009679273787539678,0.28515299723404397,0.9225591421127319,320,334,3,0.10928692734032347,303.56803940890126,Amulur (South)
199,0.06846896559000015,0.2434428632259369,0.17745999991893768,0.08433683961629868,0.10377778112888336,0.09970833361148834,0.1422625035047531,0.22055000066757202,0.251800000667572,0.2638777792453766,0.2752666771411896,0.25379565358161926,346,0.333785880624495,13,28_515_shc_2025-26.11088,183,540.0,302.5976914188318,14.442,80.108,25.0,0.29944154620170593,0.4515283703804016,0.23,20.0,0.0009679273787539678,0.28515299723404397,0.9225591421127319,320,334,3,0.10928692734032347,303.56803940890126,Amulur (South)
0,0.052871428430080414,0.23549999296665192,0.1451999992132187,0.07233333587646484,0.11025000363588333,0.10426666587591171,0.17515000700950623,0.28575998544692993,0.350685715675354,0.3617750108242035,0.38565000891685486,0.3577199876308441,317,0.44555471453252626,64,28_515_shc_2025-26.8331,180,329.0,302.16999987552043,14.445,79.645,238.0,0.3475811183452606,0.552543580532074,0.26,2.3,0.0008268049962603108,0.3998404279428865,0.6509570479393005,400,284,0,0.2140392504240337,303.5104093718947,Yeturu
64,0.04969999939203262,0.20499999821186066,0.12675000727176666,0.06960000097751617,0.09780000150203705,0.12212499976158142,0.16290000081062317,0.2687999904155731,0.3269999921321869,0.34226667881011963,0.3663249909877777,0.36294999718666077,338,0.35437752101157516,15,28_515_shc_2025-26.3166,174,534.0,302.5976914188318,14.445,80.055,113.0,0.35506436228752136,0.4740431308746338,0.21,39.17,0.0009679273787539678,0.3424049853497948,0.5989481806755066,343,319,2,0.10928692734032347,303.56803940890126,Chinna Cherukur
46,0.09816666692495346,0.3157333433628082,0.27033331990242004,0.12530000507831573,0.15333333611488342,0.16910000145435333,0.18804000318050385,0.22768889367580414,0.24503333866596222,0.25072500109672546,0.2669999897480011,0.2723333239555359,363,0.15394263127853597,17,28_515_shc_2025-26.7744,177,62.0,302.5976914188318,14.448,80.092,63.0,0.14286690950393677,0.1944262534379959,0.25,17.7,0.0009679273787539678,0.13310955793111215,1.2592813968658447,316,321,1,0.10928692734032347,303.56803940890126,Mungaladoruvu
46,0.09816666692495346,0.3157333433628082,0.27033331990242004,0.12530000507831573,0.15333333611488342,0.16910000145435333,0.18804000318050385,0.22768889367580414,0.24503333866596222,0.25072500109672546,0.2669999897480011,0.2723333239555359,363,0.15394263127853597,17,28_515_shc_2025-26.7772,177,87.0,302.5976914188318,14.448,80.092,226.0,0.14286690950393677,0.1944262534379959,0.21,8.4,0.0009679273787539678,0.13310955793111215,1.2592813968658447,316,321,1,0.10928692734032347,303.56803940890126,Mungaladoruvu
320,0.048873335123062134,0.21613332629203796,0.11807999759912491,0.04834999889135361,0.0684727281332016,0.06728000193834305,0.10001999884843826,0.23537999391555786,0.28017500042915344,0.2902199923992157,0.3035333454608917,0.2867000102996826,335,0.41865878273400053,95,28_515_shc_2024-25.1994,192,434.5,303.051664486266,14.452,79.482,151.0,0.4873923659324646,0.6236083507537842,0.49,3.1,0.0008153751112174468,0.3899824931773317,0.7447223663330078,398,267,6,0.19387532953630415,303.77507065890126,Cheepinapi
341,0.053449999541044235,0.2328999936580658,0.1977333277463913,0.06949999928474426,0.09679999947547913,0.12919999659061432,0.14954285323619843,0.16705000400543213,0.18252000212669373,0.18428750336170197,0.20225714147090912,0.20211666822433472,317,0.09575523378506443,95,28_515_shc_2025-26.1952,183,136.6,303.0272718396103,14.452,79.582,113.0,0.1040787622332573,0.17572472989559174,0.33,1.5,0.0008507865888087991,0.10157655792065032,1.2637861967086792,406,277,3,0.19749156215734648,303.7611846254583,Chittaluru
194,0.08371999859809875,0.3523249924182892,0.29409998655319214,0.10859999805688858,0.1414666622877121,0.17242500185966492,0.23479999601840973,0.2727600038051605,0.3018999993801117,0.30000001192092896,0.32440000772476196,0.2745499908924103,347,0.20982041199496637,18,28_515_shc_2023-24.6417,183,266.9,302.89869967678135,14.452,80.038,100.0,0.12191475927829742,0.27004286646842957,0.08,6.1,0.0009846453629030695,0.1967889681775224,1.1744165420532227,318,335,4,0.17169286493669478,303.6780483178925,Allipuram (Part)
226,0.055666666477918625,0.192271426320076,0.10034999996423721,0.06970000267028809,0.09709999710321426,0.09646666795015335,0.15141665935516357,0.2727363705635071,0.329025000333786,0.33697500824928284,0.36809998750686646,0.3271166682243347,357,0.4316296207947161,13,28_515_shc_2025-26.5672,183,260.7,302.7936206951476,14.452,80.088,188.0,0.3799375891685486,0.5548804998397827,0.59,83.7,0.0009718836360297473,0.38648639721933187,0.5705806612968445,319,325,1,0.13558073211134525,303.735802566796,Indukurpet Bit - II
296,0.09214666485786438,0.3351454436779022,0.27906903624534607,0.15051333606243134,0.17817647755146027,0.2049214243888855,0.22092726826667786,0.25532856583595276,0.2804666757583618,0.2796750068664551,0.3000657260417938,0.292354553937912,321,0.13538847241844332,13,28_515_shc_2025-26.11496,186,136.0,302.7936206951476,14.452,80.132,100.0,0.11735411733388901,0.15425945818424225,0.12,16.1,0.0009718836360297473,0.11388460302805525,1.1983388662338257,344,335,2,0.13558073211134525,303.735802566796,Mungaladoruvu
296,0.09214666485786438,0.3351454436779022,0.27906903624534607,0.15051333606243134,0.17817647755146027,0.2049214243888855,0.22092726826667786,0.25532856583595276,0.2804666757583618,0.2796750068664551,0.3000657260417938,0.292354553937912,321,0.13538847241844332,13,28_515_shc_2025-26.8976,186,124.0,302.7936206951476,14.452,80.132,75.0,0.11735411733388901,0.15425945818424225,0.38,17.7,0.0009718836360297473,0.11388460302805525,1.1983388662338257,344,335,2,0.13558073211134525,303.735802566796,Potlapudi
296,0.09214666485786438,0.3351454436779022,0.27906903624534607,0.15051333606243134,0.17817647755146027,0.2049214243888855,0.22092726826667786,0.25532856583595276,0.2804666757583618,0.2796750068664551,0.3000657260417938,0.292354553937912,321,0.13538847241844332,13,28_515_shc_2025-26.694,186,87.0,302.7936206951476,14.452,80.132,151.0,0.11735411733388901,0.15425945818424225,0.1,30.7,0.0009718836360297473,0.11388460302805525,1.1983388662338257,344,335,2,0.13558073211134525,303.735802566796,Vilukanipalle
0,0.06054285541176796,0.21089999377727509,0.10215000063180923,0.07208571583032608,0.10239999741315842,0.09515000134706497,0.1742333322763443,0.28591427206993103,0.3466799855232239,0.3637857139110565,0.38995712995529175,0.38119998574256897,352,0.4817565542096225,13,28_515_shc_2025-26.2603,180,155.2,302.7936206951476,14.455,80.085,188.0,0.35231536626815796,0.5853449702262878,0.52,49.92,0.0009718836360297473,0.420209157333891,0.5797368884086609,319,329,0,0.13558073211134525,303.735802566796,Indukurpet Bit - II
270,0.05166666582226753,0.22713333368301392,0.1882999986410141,0.0628499984741211,0.08997125178575516,0.12399999797344208,0.14509999752044678,0.16419166326522827,0.18029999732971191,0.17768333852291107,0.1998250037431717,0.21076250076293945,336,0.0925378058410305,88,28_515_shc_2025-26.4797,183,260.7,303.0272718396103,14.462,79.578,75.0,0.10094492882490158,0.17794598639011383,0.48,12.3,0.0008507865888087991,0.10044491030102606,1.278304100036621,397,268,1,0.19749156215734648,303.7611846254583,Chittaluru
270,0.03889999911189079,0.2690500020980835,0.17693333327770233,0.04076666757464409,0.0706000030040741,0.0734499990940094,0.13306666910648346,0.2389499992132187,0.2727999985218048,0.28891876339912415,0.30094000697135925,0.29512500762939453,332,0.3783157052407088,82,28_515_shc_2025-26.4361,186,167.6,303.0272718396103,14.465,79.585,289.0,0.369330495595932,0.5946118831634521,0.33,8.4,0.0008507865888087991,0.3747853128669484,0.9312306046485901,406,261,2,0.19749156215734648,303.7611846254583,Chittaluru
64,0.05990000069141388,0.1928499937057495,0.109825000166893,0.06616666913032532,0.10220000147819519,0.09229999780654907,0.1589999943971634,0.28427499532699585,0.34757500886917114,0.3378666639328003,0.3741999864578247,0.3762750029563904,329,0.43995223441338055,7,28_515_shc_2025-26.8772,174,167.6,302.7936206951476,14.472,80.138,63.0,0.3599892854690552,0.5708640217781067,0.41,63.0,0.0009718836360297473,0.39600430153085364,0.570787250995636,350,321,2,0.13558073211134525,303.735802566796,Indukurpet Bit - I
46,0.03150000050663948,0.27070000767707825,0.20630000531673431,0.04390000179409981,0.0729999989271164,0.09239999949932098,0.1379999965429306,0.20360000431537628,0.22439999878406525,0.22910000383853912,0.24650000035762787,0.24040000140666962,319,0.23500086904869033,74,28_515_shc_2025-26.4314,174,130.4,303.0272718396103,14.475,79.595,163.0,0.24816128611564636,0.4251944124698639,0.13,1.5,0.0008507865888087991,0.24960438913655836,1.1815800666809082,407,274,3,0.19749156215734648,303.7611846254583,Chittaluru
314,0.04975000023841858,0.39730000495910645,0.3082500100135803,0.07904999703168869,0.12639999389648438,0.1817999929189682,0.21735000610351562,0.25679999589920044,0.2777499854564667,0.29100000858306885,0.30970001220703125,0.30300000309944153,338,0.15260563798745133,69,28_515_shc_2025-26.5473,183,180.0,303.0272718396103,14.478,79.618,151.0,0.1448805034160614,0.23096449673175812,0.71,13.1,0.0008507865888087991,0.16837995810365752,1.3652920722961426,411,251,1,0.19749156215734648,303.7611846254583,Vavileru
314,0.04975000023841858,0.39730000495910645,0.3082500100135803,0.07904999703168869,0.12639999389648438,0.1817999929189682,0.21735000610351562,0.25679999589920044,0.2777499854564667,0.29100000858306885,0.30970001220703125,0.30300000309944153,338,0.15260563798745133,69,28_515_shc_2025-26.5238,183,192.4,303.0272718396103,14.478,79.618,163.0,0.1448805034160614,0.23096449673175812,0.24,3.1,0.0008507865888087991,0.16837995810365752,1.3652920722961426,411,251,1,0.19749156215734648,303.7611846254583,Vavileru
314,0.04975000023841858,0.39730000495910645,0.3082500100135803,0.07904999703168869,0.12639999389648438,0.1817999929189682,0.21735000610351562,0.25679999589920044,0.2777499854564667,0.29100000858306885,0.30970001220703125,0.30300000309944153,338,0.15260563798745133,69,28_515_shc_2025-26.5491,183,62.1,303.0272718396103,14.478,79.618,125.0,0.1448805034160614,0.23096449673175812,0.48,4.6,0.0008507865888087991,0.16837995810365752,1.3652920722961426,411,251,1,0.19749156215734648,303.7611846254583,Vavileru
314,0.04975000023841858,0.39730000495910645,0.3082500100135803,0.07904999703168869,0.12639999389648438,0.1817999929189682,0.21735000610351562,0.25679999589920044,0.2777499854564667,0.29100000858306885,0.30970001220703125,0.30300000309944153,338,0.15260563798745133,69,28_515_shc_2025-26.7067,183,248.3,303.0272718396103,14.478,79.618,151.0,0.1448805034160614,0.23096449673175812,0.34,11.5,0.0008507865888087991,0.16837995810365752,1.3652920722961426,411,251,1,0.19749156215734648,303.7611846254583,Vavileru
0,0.04830000177025795,0.3700999915599823,0.2768000066280365,0.07769999653100967,0.11620000004768372,0.16500000655651093,0.2037999927997589,0.24560000002384186,0.2703000009059906,0.27950000762939453,0.3046000003814697,0.3104499876499176,344,0.16970504834512257,68,28_515_shc_2025-26.5416,180,93.1,303.0272718396103,14.478,79.632,226.0,0.15663152933120728,0.2575927972793579,0.08,7.7,0.0008507865888087991,0.18184224354656278,1.3241502046585083,411,245,0,0.19749156215734648,303.7611846254583,Vavileru
333,0.04190000146627426,0.2721000015735626,0.1738000065088272,0.04942857101559639,0.08330000191926956,0.07177499681711197,0.15402500331401825,0.24799999594688416,0.27950000762939453,0.28672000765800476,0.3104666769504547,0.3164142966270447,334,0.39903482733596063,71,28_515_shc_2025-26.2124,183,446.9,303.0272718396103,14.478,79.638,151.0,0.30106979608535767,0.5995760560035706,0.41,5.4,0.0008507865888087991,0.3755613190299984,0.9490094780921936,405,262,2,0.19749156215734648,303.7611846254583,Vavileru
134,0.05900000035762787,0.37770000100135803,0.32109999656677246,0.08470000326633453,0.12430000305175781,0.18199999630451202,0.21119999885559082,0.24500000476837158,0.2680000066757202,0.2754000127315521,0.2913999855518341,0.3089999854564667,337,0.1348035941706457,12,28_515_shc_2025-26.5592,174,229.7,302.7936206951476,14.478,80.052,163.0,0.13193590939044952,0.20419767498970032,0.13,96.0,0.0009718836360297473,0.1463338451204075,1.3714596033096313,345,318,3,0.13558073211134525,303.735802566796,Lebur Bit - II
259,0.057624999433755875,0.13740000128746033,0.08330000191926956,0.049300000071525574,0.07292500138282776,0.06109999865293503,0.10409999638795853,0.1476999968290329,0.1731666624546051,0.19380000233650208,0.18299999833106995,0.18277999758720398,328,0.2786293293237802,13,28_515_shc_2025-26.2521,195,248.3,302.7936206951476,14.478,80.118,151.0,0.3011077642440796,0.5205963253974915,0.41,19.2,0.0009718836360297473,0.26367731522646504,0.7089783549308777,343,329,5,0.13558073211134525,303.735802566796,Indukurpet Bit - I
259,0.057624999433755875,0.13740000128746033,0.08330000191926956,0.049300000071525574,0.07292500138282776,0.06109999865293503,0.10409999638795853,0.1476999968290329,0.1731666624546051,0.19380000233650208,0.18299999833106995,0.18277999758720398,328,0.2786293293237802,13,28_515_shc_2025-26.5880,195,136.6,302.7936206951476,14.478,80.118,138.0,0.3011077642440796,0.5205963253974915,0.32,54.53,0.0009718836360297473,0.26367731522646504,0.7089783549308777,343,329,5,0.13558073211134525,303.735802566796,Indukurpet Bit - I
259,0.057624999433755875,0.13740000128746033,0.08330000191926956,0.049300000071525574,0.07292500138282776,0.06109999865293503,0.10409999638795853,0.1476999968290329,0.1731666624546051,0.19380000233650208,0.18299999833106995,0.18277999758720398,328,0.2786293293237802,13,28_515_shc_2025-26.5889,195,279.3,302.7936206951476,14.478,80.118,63.0,0.3011077642440796,0.5205963253974915,0.22,23.0,0.0009718836360297473,0.26367731522646504,0.7089783549308777,343,329,5,0.13558073211134525,303.735802566796,Indukurpet Bit - I
134,0.06372000277042389,0.15729999542236328,0.08332499861717224,0.07506666332483292,0.10333333164453506,0.10329999774694443,0.1582999974489212,0.2800000011920929,0.35768571496009827,0.3709833323955536,0.3958199918270111,0.37709999084472656,328,0.46870440074918607,8,28_515_shc_2025-26.5792,177,117.9,302.7936206951476,14.478,80.122,163.0,0.4018326699733734,0.5643954277038574,0.25,26.1,0.0009718836360297473,0.412123444536598,0.42400825023651123,346,326,1,0.13558073211134525,303.735802566796,Indukurpet Bit - I
0,0.03485000133514404,0.16110000014305115,0.09740000218153,0.049300000071525574,0.07609999924898148,0.07209999859333038,0.1216999962925911,0.23170000314712524,0.26649999618530273,0.28290000557899475,0.30489999055862427,0.296750009059906,328,0.3916032092101943,64,28_515_shc_2025-26.4464,180,384.9,303.051664486266,14.482,79.532,113.0,0.39841821789741516,0.593802809715271,0.37,22.3,0.0008153751112174468,0.36982457185434875,0.5694591403007507,381,291,0,0.19387532953630415,303.77507065890126,Kalayapalem
296,0.040300000458955765,0.17149999737739563,0.09014999866485596,0.052650000900030136,0.07471666485071182,0.07665000110864639,0.1367499977350235,0.24684999883174896,0.2846499979496002,0.2914249897003174,0.3269999921321869,0.3303999900817871,340,0.39584022676481706,24,28_515_shc_2025-26.11138,186,347.0,302.9264417614853,14.482,79.898,75.0,0.36124247312545776,0.5835087895393372,0.16,2.3,0.0009997937483718093,0.371122871063572,0.5884876251220703,312,348,2,0.19920994942648368,303.7269064250745,Jonnawada
296,0.040300000458955765,0.17149999737739563,0.09014999866485596,0.052650000900030136,0.07471666485071182,0.07665000110864639,0.1367499977350235,0.24684999883174896,0.2846499979496002,0.2914249897003174,0.3269999921321869,0.3303999900817871,340,0.39584022676481706,24,28_515_shc_2025-26.11137,186,360.0,302.9264417614853,14.482,79.898,151.0,0.36124247312545776,0.5835087895393372,0.32,13.8,0.0009997937483718093,0.371122871063572,0.5884876251220703,312,348,2,0.19920994942648368,303.7269064250745,Jonnawada
0,0.0537399984896183,0.2523599863052368,0.17309999465942383,0.06891428679227829,0.09975714236497879,0.10027142614126205,0.14229999482631683,0.22405999898910522,0.2522333264350891,0.25966668128967285,0.2714666724205017,0.2827000021934509,349,0.2963975371319443,16,28_515_shc_2025-26.5887,180,167.6,302.7936206951476,14.485,80.075,25.0,0.29198113083839417,0.44284072518348694,0.28,22.3,0.0009718836360297473,0.27803498956094197,0.9718612432479858,326,325,0,0.13558073211134525,303.735802566796,Lebur Bit - II
90,0.03584999963641167,0.22439999878406525,0.13740000128746033,0.04639999940991402,0.0693499967455864,0.06759999692440033,0.1371999979019165,0.24514999985694885,0.28983333706855774,0.2624000012874603,0.31725001335144043,0.33402499556541443,338,0.36893940576372714,26,28_515_shc_2025-26.1864,177,397.0,302.9264417614853,14.488,79.882,289.0,0.3133133351802826,0.5903030633926392,0.63,19.2,0.0009997937483718093,0.3520482014145798,0.855182945728302,315,347,1,0.19920994942648368,303.7269064250745,Jonnawada
333,0.027300000190734863,0.2350499927997589,0.13729999959468842,0.03700000047683716,0.06835000216960907,0.05530000105500221,0.12280000001192093,0.24629999697208405,0.27915000915527344,0.29234999418258667,0.31439998745918274,0.30125001072883606,342,0.4400735040041621,71,28_515_shc_2025-26.8259,183,335.2,303.051664486266,14.492,79.482,213.0,0.4084065854549408,0.6818639039993286,0.25,15.4,0.0008153751112174468,0.41948326749145104,0.804002046585083,407,252,2,0.19387532953630415,303.77507065890126,Kakivaya
333,0.027300000190734863,0.2350499927997589,0.13729999959468842,0.03700000047683716,0.06835000216960907,0.05530000105500221,0.12280000001192093,0.24629999697208405,0.27915000915527344,0.29234999418258667,0.31439998745918274,0.30125001072883606,342,0.4400735040041621,71,28_515_shc_2025-26.8265,183,384.9,303.051664486266,14.492,79.482,113.0,0.4084065854549408,0.6818639039993286,0.54,19.2,0.0008153751112174468,0.41948326749145104,0.804002046585083,407,252,2,0.19387532953630415,303.77507065890126,Kakivaya
314,0.03999999910593033,0.21089999377727509,0.12735000252723694,0.052000001072883606,0.08044999837875366,0.09314999729394913,0.14524999260902405,0.24269999563694,0.30364999175071716,0.3098500072956085,0.3403500020503998,0.3380500078201294,333,0.3663567413204186,59,28_515_shc_2025-26.7179,183,496.6,303.051664486266,14.492,79.542,251.0,0.3616787791252136,0.5377171635627747,0.49,16.9,0.0008153751112174468,0.3599667921931348,0.6806519031524658,378,289,1,0.19387532953630415,303.77507065890126,Kalayapalem
180,0.03579999879002571,0.1492999941110611,0.09589999914169312,0.03590000048279762,0.06340000033378601,0.043299999088048935,0.09300000220537186,0.16410000622272491,0.18970000743865967,0.20180000364780426,0.19709999859333038,0.2854999899864197,352,0.3323269285099761,23,28_515_shc_2025-26.2029,180,441.0,302.9264417614853,14.492,79.928,138.0,0.36906376481056213,0.6466748118400574,0.32,14.6,0.0009997937483718093,0.319084694627116,0.7398414015769958,327,321,2,0.19920994942648368,303.7269064250745,Damaramadugu
134,0.05054999887943268,0.2379000037908554,0.14104999601840973,0.05745000019669533,0.09749999642372131,0.08214999735355377,0.16015000641345978,0.2694999873638153,0.2973499894142151,0.3050000071525574,0.3333500027656555,0.3159500062465668,355,0.40754560352226055,25,28_515_shc_2025-26.8317,177,310.0,302.9264417614853,14.492,79.932,113.0,0.31140491366386414,0.575616717338562,0.13,0.8,0.0009997937483718093,0.3767964977744671,0.7799999713897705,320,325,1,0.19920994942648368,303.7269064250745,Damaramadugu
296,0.06565000116825104,0.3317500054836273,0.2860499918460846,0.08735000342130661,0.12430000305175781,0.14239999651908875,0.20194999873638153,0.2415499985218048,0.2672500014305115,0.2831000089645386,0.2906999886035919,0.3095000088214874,355,0.23728816259791657,16,28_515_shc_2025-26.7485,186,322.8,302.89869967678135,14.492,80.032,201.0,0.16730235517024994,0.3306698203086853,0.09,246.52,0.0009846453629030695,0.22803891671279775,1.1718473434448242,335,310,2,0.17169286493669478,303.6780483178925,Pallipadu
90,0.06808000057935715,0.20354999601840973,0.1107499971985817,0.08015000075101852,0.10890000313520432,0.10400000214576721,0.15881666541099548,0.2912999987602234,0.3381499946117401,0.3518708348274231,0.36972498893737793,0.3716199994087219,332,0.450757560227531,9,28_515_shc_2025-26.5718,174,111.7,302.7936206951476,14.495,80.095,63.0,0.3780279755592346,0.5437303781509399,0.18,75.3,0.0009718836360297473,0.38897122355968694,0.5784792900085449,338,329,2,0.13558073211134525,303.735802566796,Lebur Bit ? I
0,0.051899999380111694,0.2862499952316284,0.21654999256134033,0.07395000010728836,0.10740000009536743,0.13314999639987946,0.1657000035047531,0.21154999732971191,0.23755000531673431,0.2547999918460846,0.26635000109672546,0.27755001187324524,337,0.20287510285691795,57,28_515_shc_2025-26.4738,180,335.2,303.051664486266,14.498,79.528,176.0,0.2118905782699585,0.31357133388519287,0.61,9.2,0.0008153751112174468,0.2055014309192848,1.1234301328659058,383,280,1,0.19387532953630415,303.77507065890126,Nagulavellaturu
0,0.057999998331069946,0.235358327627182,0.13854999840259552,0.0687333345413208,0.09696666896343231,0.10239999741315842,0.16339999437332153,0.2621999979019165,0.2984333336353302,0.3160666525363922,0.33114999532699585,0.32282501459121704,350,0.3775118276675764,29,28_515_shc_2025-26.4922,180,335.0,302.9264417614853,14.498,79.868,63.0,0.31840935349464417,0.5105942487716675,0.57,20.0,0.0009997937483718093,0.348951137967236,0.744647741317749,317,333,1,0.19920994942648368,303.7269064250745,Penuballe
0,0.05874999985098839,0.2001499980688095,0.10984999686479568,0.07180000096559525,0.10249999910593033,0.10140000283718109,0.16414999961853027,0.2703999876976013,0.29934999346733093,0.2985999882221222,0.32919999957084656,0.3234499990940094,351,0.3602484210315534,23,28_515_shc_2025-26.5050,180,385.0,302.9264417614853,14.498,79.912,38.0,0.29054564237594604,0.49299997091293335,0.27,7.7,0.0009997937483718093,0.328666645573245,0.6702947020530701,329,320,1,0.19920994942648368,303.7269064250745,Sreerangaraja -Puram
0,0.05874999985098839,0.2001499980688095,0.10984999686479568,0.07180000096559525,0.10249999910593033,0.10140000283718109,0.16414999961853027,0.2703999876976013,0.29934999346733093,0.2985999882221222,0.32919999957084656,0.3234499990940094,351,0.3602484210315534,23,28_515_shc_2025-26.5030,180,484.0,302.9264417614853,14.498,79.912,63.0,0.29054564237594604,0.49299997091293335,0.11,0.8,0.0009997937483718093,0.328666645573245,0.6702947020530701,329,320,1,0.19920994942648368,303.7269064250745,Sreerangaraja -Puram
116,0.0544000007212162,0.23964999616146088,0.15444999933242798,0.04320000112056732,0.08065000176429749,0.05909999832510948,0.14190000295639038,0.27035000920295715,0.3176499903202057,0.33730000257492065,0.33640000224113464,0.3458999991416931,332,0.508443613347423,20,28_515_shc_2024-25.7436,174,49.2,302.89869967678135,14.498,80.002,88.0,0.40776294469833374,0.7018163800239563,0.58,20.0,0.0009846453629030695,0.46552878843789247,0.710495114326477,335,333,2,0.17169286493669478,303.6780483178925,Padugupadu
0,0.03894999995827675,0.22245000302791595,0.14894999563694,0.062300000339746475,0.08659999817609787,0.08860000222921371,0.12160000205039978,0.1911499947309494,0.2179500013589859,0.21105000376701355,0.2363000065088272,0.27309998869895935,322,0.24002273823236664,15,28_515_shc_2025-26.7538,180,577.3,302.7936206951476,14.498,80.068,50.0,0.2689012587070465,0.4086434245109558,0.22,26.9,0.0009718836360297473,0.22969424239279793,1.0540156364440918,346,333,4,0.13558073211134525,303.735802566796,Pallipadu
90,0.05121999979019165,0.18093332648277283,0.08754999935626984,0.05000000074505806,0.07930000126361847,0.06154999881982803,0.13379999995231628,0.29647499322891235,0.39719998836517334,0.36739999055862427,0.42010000348091125,0.3871000111103058,331,0.5615223557042245,10,28_515_shc_2025-26.5699,174,167.6,302.7936206951476,14.498,80.102,151.0,0.4660813808441162,0.7130201458930969,0.4,52.99,0.0009718836360297473,0.49386403235243526,0.4924696087837219,349,320,2,0.13558073211134525,303.735802566796,Punnur
90,0.05121999979019165,0.18093332648277283,0.08754999935626984,0.05000000074505806,0.07930000126361847,0.06154999881982803,0.13379999995231628,0.29647499322891235,0.39719998836517334,0.36739999055862427,0.42010000348091125,0.3871000111103058,331,0.5615223557042245,10,28_515_shc_2025-26.2414,174,204.8,302.7936206951476,14.498,80.102,176.0,0.4660813808441162,0.7130201458930969,0.49,103.7,0.0009718836360297473,0.49386403235243526,0.4924696087837219,349,320,2,0.13558073211134525,303.735802566796,Punnur
0,0.05220000073313713,0.042649999260902405,0.03125,0.059950001537799835,0.09164000302553177,0.06486666947603226,0.08782856911420822,0.0675249993801117,0.07327499985694885,0.06167500093579292,0.05949166789650917,0.13098333775997162,346,-0.007969209788487525,7,28_515_shc_2025-26.7530,180,68.3,302.7936206951476,14.501924,80.13988,138.0,-0.17493607103824615,-0.02522227354347706,0.3,98.3,0.0009718836360297473,-0.007641156265332169,0.6915281414985657,316,338,0,0.13558073211134525,303.735802566796,Somarajupalle
180,0.03550000116229057,0.1915999948978424,0.11320000141859055,0.05719999969005585,0.08479999750852585,0.0851999968290329,0.14259999990463257,0.26429998874664307,0.3160000145435333,0.3328000009059906,0.3598000109195709,0.3463999927043915,329,0.43745584247498964,58,28_515_shc_2025-26.4289,180,55.9,303.0272718396103,14.502,79.618,263.0,0.40008413791656494,0.5923445224761963,0.71,1.5,0.0008507865888087991,0.40457517105859453,0.5757211446762085,380,291,1,0.19749156215734648,303.7611846254583,Paderu
46,0.05262500047683716,0.20133332908153534,0.11362499743700027,0.07034166902303696,0.09973333030939102,0.10740000009536743,0.1665000021457672,0.274399995803833,0.3257000148296356,0.33434998989105225,0.37770000100135803,0.35837501287460327,351,0.3909728998681405,27,28_515_shc_2025-26.4207,174,416.0,302.9264417614853,14.502,79.858,63.0,0.3351302444934845,0.5137521028518677,0.57,15.4,0.0009997937483718093,0.36148127243243855,0.6021634340286255,319,329,3,0.19920994942648368,303.7269064250745,Minagallu
180,0.05623999983072281,0.23960000276565552,0.15137499570846558,0.06857000291347504,0.09849999845027924,0.08397500216960907,0.14734286069869995,0.24424000084400177,0.27744999527931213,0.31437501311302185,0.29545000195503235,0.28880834579467773,349,0.44173474862385675,10,28_515_shc_2025-26.7533,180,74.5,302.7936206951476,14.502,80.138,50.0,0.3617623746395111,0.5783858299255371,0.14,119.0,0.0009718836360297473,0.3847053047651917,0.762147068977356,324,328,2,0.13558073211134525,303.735802566796,Somarajupalle
134,0.05201110988855362,0.048225000500679016,0.03175000101327896,0.06123333424329758,0.08900000154972076,0.06943333148956299,0.11513333022594452,0.10276000201702118,0.1109333336353302,0.09185714274644852,0.08451666682958603,0.15593749284744263,350,0.05343037310172903,8,28_515_shc_2025-26.2546,174,186.2,302.7936206951476,14.502618,80.139189,63.0,-0.11245052516460419,0.13902750611305237,0.3,31.5,0.0009718836360297473,0.050863755332613274,0.5250000357627869,319,331,3,0.13558073211134525,303.735802566796,Somarajupalle
226,0.05660000070929527,0.27748334407806396,0.2226250022649765,0.0800333321094513,0.12081461399793625,0.1428000032901764,0.18162000179290771,0.22798000276088715,0.24789999425411224,0.2694399952888489,0.2641444504261017,0.2508400082588196,355,0.20747185432013998,9,28_515_shc_2025-26.7468,183,124.1,302.7936206951476,14.505459,80.142604,75.0,0.19469691812992096,0.3071996569633484,0.3,28.4,0.0009718836360297473,0.20823466225325016,1.0298521518707275,315,329,1,0.13558073211134525,303.735802566796,Somarajupalle
46,0.03779999911785126,0.16850000619888306,0.10300000011920929,0.0478999987244606,0.07280000299215317,0.07900000363588333,0.12530000507831573,0.2175000011920929,0.25130000710487366,0.2533999979496002,0.2766000032424927,0.3003000020980835,323,0.31867849025106265,54,28_515_shc_2025-26.4297,171,446.9,303.0272718396103,14.508,79.572,151.0,0.3382624685764313,0.5246690511703491,0.38,223.0,0.0008507865888087991,0.31427197377739347,0.6649566292762756,375,301,4,0.19749156215734648,303.7611846254583,Chejerla
270,0.029200000688433647,0.22059999406337738,0.13300000131130219,0.042899999767541885,0.07079999893903732,0.06719999760389328,0.12449999898672104,0.24770000576972961,0.2806999981403351,0.2809999883174896,0.3111000061035156,0.3043999969959259,353,0.39230796456621486,61,28_515_shc_2025-26.8351,183,62.1,303.0272718396103,14.508,79.628,251.0,0.3859432637691498,0.6140149235725403,0.39,49.92,0.0008507865888087991,0.3780947788180218,0.7850533723831177,354,293,1,0.19749156215734648,303.7611846254583,Paderu
270,0.05050000175833702,0.1860000044107437,0.1046999990940094,0.06480000168085098,0.09269999712705612,0.08720000088214874,0.15160000324249268,0.24819999933242798,0.2973000109195709,0.3059999942779541,0.3260999917984009,0.31150001287460327,327,0.40723644192827474,12,28_515_shc_2025-26.2709,183,335.2,302.7936206951476,14.512,80.062,63.0,0.337412565946579,0.5564597845077515,0.3,16.1,0.0009718836360297473,0.3674428928259,0.6078431606292725,336,338,1,0.13558073211134525,303.735802566796,Pallipadu
215,0.07218749821186066,0.287075012922287,0.1975666731595993,0.08408333361148834,0.119439996778965,0.12266000360250473,0.1853249967098236,0.3028999865055084,0.33355000615119934,0.34860000014305115,0.3587000072002411,0.34220001101493835,357,0.38849741130716103,25,28_515_shc_2025-26.4869,186,472.0,302.9264417614853,14.518,79.892,138.0,0.3058013916015625,0.47943809628486633,0.11,0.8,0.0009997937483718093,0.3489384855794031,0.8235083818435669,323,321,3,0.19920994942648368,303.7269064250745,Penuballe
270,0.06157999858260155,0.256974995136261,0.17659999430179596,0.06725999712944031,0.09847500175237656,0.09425000101327896,0.15139999985694885,0.2565666735172272,0.2937999963760376,0.31546667218208313,0.319599986076355,0.31396666169166565,350,0.4017689563853445,7,28_515_shc_2025-26.2674,189,502.8,302.7936206951476,14.521748,80.14948,113.0,0.3514208197593689,0.5399259924888611,0.19,113.7,0.0009718836360297473,0.3647564307991381,0.8145868182182312,317,332,3,0.13558073211134525,303.735802566796,Gangapatnam
90,0.050599999725818634,0.265500009059906,0.19099999964237213,0.07119999825954437,0.09780000150203705,0.1177000030875206,0.16769999265670776,0.26989999413490295,0.31040000915527344,0.3292999863624573,0.3553999960422516,0.35690000653266907,327,0.35231432025739,59,28_515_shc_2025-26.5011,171,515.2,303.0272718396103,14.522,79.608,151.0,0.32515090703964233,0.47337806224823,0.27,5.4,0.0008507865888087991,0.3351636520046346,0.8062557578086853,386,288,3,0.19749156215734648,303.7611846254583,Gollapalle
333,0.0463625006377697,0.1812666654586792,0.10464999824762344,0.05544999986886978,0.08505000174045563,0.0773250013589859,0.14034999907016754,0.24379999935626984,0.2722666561603546,0.2850833237171173,0.302700012922287,0.30806249380111694,323,0.38959798929750333,35,28_515_shc_2025-26.10176,183,391.1,302.8602839352792,14.522,79.832,163.0,0.34020212292671204,0.5732713937759399,0.16,26.1,0.0009588087100720422,0.3613572300681312,0.6358374953269958,344,333,2,0.20495973553573876,303.6274640936601,Annareddipalem
333,0.0463625006377697,0.1812666654586792,0.10464999824762344,0.05544999986886978,0.08505000174045563,0.0773250013589859,0.14034999907016754,0.24379999935626984,0.2722666561603546,0.2850833237171173,0.302700012922287,0.30806249380111694,323,0.38959798929750333,35,28_515_shc_2025-26.1417,183,502.8,302.8602839352792,14.522,79.832,188.0,0.34020212292671204,0.5732713937759399,0.25,9.2,0.0009588087100720422,0.3613572300681312,0.6358374953269958,344,333,2,0.20495973553573876,303.6274640936601,Annareddipalem
333,0.0463625006377697,0.1812666654586792,0.10464999824762344,0.05544999986886978,0.08505000174045563,0.0773250013589859,0.14034999907016754,0.24379999935626984,0.2722666561603546,0.2850833237171173,0.302700012922287,0.30806249380111694,323,0.38959798929750333,35,28_515_shc_2025-26.10690,183,422.1,302.8602839352792,14.522,79.832,188.0,0.34020212292671204,0.5732713937759399,0.16,17.7,0.0009588087100720422,0.3613572300681312,0.6358374953269958,344,333,2,0.20495973553573876,303.6274640936601,Annareddipalem
314,0.04518333449959755,0.23929999768733978,0.14763332903385162,0.054099999368190765,0.08567000180482864,0.09574999660253525,0.14730000495910645,0.2472500056028366,0.2791000008583069,0.29077500104904175,0.30533334612846375,0.3071500062942505,346,0.3340556112382695,28,28_515_shc_2025-26.7835,186,415.9,302.8602839352792,14.522,79.842,188.0,0.3275124132633209,0.5045598745346069,0.32,6.1,0.0009588087100720422,0.32998224240117047,0.8229730725288391,328,327,3,0.20495973553573876,303.6274640936601,Annareddipalem
314,0.04518333449959755,0.23929999768733978,0.14763332903385162,0.054099999368190765,0.08567000180482864,0.09574999660253525,0.14730000495910645,0.2472500056028366,0.2791000008583069,0.29077500104904175,0.30533334612846375,0.3071500062942505,346,0.3340556112382695,28,28_515_shc_2025-26.7925,186,620.7,302.8602839352792,14.522,79.842,75.0,0.3275124132633209,0.5045598745346069,0.28,39.17,0.0009588087100720422,0.32998224240117047,0.8229730725288391,328,327,3,0.20495973553573876,303.6274640936601,Annareddipalem
0,0.0481666661798954,0.2228499948978424,0.12084999680519104,0.05764999985694885,0.09130000323057175,0.07500000298023224,0.14374999701976776,0.26570001244544983,0.30880001187324524,0.3239000141620636,0.3413499891757965,0.3381333351135254,348,0.46383780592532203,28,28_515_shc_2025-26.1968,180,515.0,302.9264417614853,14.522,79.868,213.0,0.38522401452064514,0.6239659190177917,0.13,9.2,0.0009997937483718093,0.41534098303798983,0.6880209445953369,331,321,0,0.19920994942648368,303.7269064250745,Panchedu
303,0.059700001031160355,0.19550000131130219,0.10805000364780426,0.06615000218153,0.09640000015497208,0.09220000356435776,0.14740000665187836,0.25270000100135803,0.30730000138282776,0.31299999356269836,0.3343000113964081,0.3148750066757202,361,0.40289763375362436,31,28_515_shc_2025-26.2081,189,347.0,302.9264417614853,14.525,79.855,113.0,0.3596872091293335,0.5449160933494568,0.11,6.9,0.0009997937483718093,0.3658859766335404,0.6246006488800049,325,314,3,0.19920994942648368,303.7269064250745,Panchedu
27,0.04230000078678131,0.037300001829862595,0.03215999901294708,0.039400000125169754,0.051750000566244125,0.03606666624546051,0.06403333693742752,0.06480000168085098,0.06094999983906746,0.05779999867081642,0.0517750009894371,0.19460000097751617,369,0.05551581825850503,23,28_515_shc_2025-26.1684,177,490.0,302.9264417614853,14.525,79.915,13.0,-0.051162831485271454,0.23153407871723175,0.61,9.2,0.0009997937483718093,0.05489447474313077,0.6453287601470947,303,329,2,0.19920994942648368,303.7269064250745,Rebala
27,0.04230000078678131,0.037300001829862595,0.03215999901294708,0.039400000125169754,0.051750000566244125,0.03606666624546051,0.06403333693742752,0.06480000168085098,0.06094999983906746,0.05779999867081642,0.0517750009894371,0.19460000097751617,369,0.05551581825850503,23,28_515_shc_2025-26.4941,177,397.0,302.9264417614853,14.525,79.915,138.0,-0.051162831485271454,0.23153407871723175,0.63,6.9,0.0009997937483718093,0.05489447474313077,0.6453287601470947,303,329,2,0.19920994942648368,303.7269064250745,Rebala
90,0.04935000091791153,0.07557500153779984,0.04793333262205124,0.04782000184059143,0.06533999741077423,0.047200001776218414,0.09127499908208847,0.13484999537467957,0.1480666697025299,0.12999999523162842,0.1353749930858612,0.19329999387264252,323,0.19629224331921258,11,28_515_shc_2025-26.5643,177,546.2,302.7936206951476,14.525,80.075,326.0,0.17500846087932587,0.46726858615875244,0.22,192.0,0.0009718836360297473,0.18340223085038773,0.5813462138175964,324,353,1,0.13558073211134525,303.735802566796,Lebur Bit ? I
0,0.047974999994039536,0.18359999358654022,0.1023000031709671,0.07056666910648346,0.09920000284910202,0.0815500020980835,0.14350000023841858,0.25423333048820496,0.3039250075817108,0.3252333402633667,0.33116665482521057,0.2847425043582916,362,0.4739875862663122,9,28_515_shc_2025-26.2707,180,186.2,302.7936206951476,14.526124,80.147189,113.0,0.3877115845680237,0.59904944896698,0.09,96.8,0.0009718836360297473,0.4031007079331901,0.5645177364349365,327,311,4,0.13558073211134525,303.735802566796,Gangapatnam
27,0.045899998396635056,0.3346500098705292,0.25325000286102295,0.08065000176429749,0.12354999780654907,0.15139999985694885,0.18514999747276306,0.2493000030517578,0.2811500132083893,0.29409998655319214,0.3133000135421753,0.3285999894142151,336,0.22330019428195158,54,28_515_shc_2025-26.5319,177,353.8,303.051664486266,14.528,79.518,113.0,0.22733436524868011,0.3203142285346985,0.5,109.8,0.0008153751112174468,0.22638813656366766,1.1378782987594604,406,258,2,0.19387532953630415,303.77507065890126,Yanamadala
90,0.04749999940395355,0.2764500081539154,0.19660000503063202,0.06105000153183937,0.08940000087022781,0.09875000268220901,0.15189999341964722,0.21310000121593475,0.2391500025987625,0.23270000517368317,0.26170000433921814,0.26535001397132874,338,0.24491251445990972,57,28_515_shc_2025-26.5492,168,347.6,303.051664486266,14.528,79.522,75.0,0.21008843183517456,0.4041333496570587,0.33,48.38,0.0008153751112174468,0.2416561450944574,1.188010334968567,397,265,4,0.19387532953630415,303.77507065890126,Yanamadala
90,0.04749999940395355,0.2764500081539154,0.19660000503063202,0.06105000153183937,0.08940000087022781,0.09875000268220901,0.15189999341964722,0.21310000121593475,0.2391500025987625,0.23270000517368317,0.26170000433921814,0.26535001397132874,338,0.24491251445990972,57,28_515_shc_2025-26.5474,168,347.6,303.051664486266,14.528,79.522,63.0,0.21008843183517456,0.4041333496570587,0.18,149.0,0.0008153751112174468,0.2416561450944574,1.188010334968567,397,265,4,0.19387532953630415,303.77507065890126,Yanamadala
226,0.051500000059604645,0.2393999993801117,0.17030000686645508,0.06780000030994415,0.09139999747276306,0.10812000185251236,0.15504999458789825,0.21535000205039978,0.249099999666214,0.258899986743927,0.2809999883174896,0.26739999651908875,359,0.26941932316859896,32,28_515_shc_2025-26.1960,186,125.0,302.8602839352792,14.528,79.768,210.0,0.25087571144104004,0.4108222723007202,0.5,10.0,0.0009588087100720422,0.2608590116858244,0.9246813654899597,333,309,3,0.20495973553573876,303.6274640936601,Thatiparthi
314,0.053325001150369644,0.18835000693798065,0.1107499971985817,0.06525000184774399,0.09880000352859497,0.10254999995231628,0.15684999525547028,0.2464500069618225,0.2764750123023987,0.29589998722076416,0.3127000033855438,0.31165000796318054,353,0.33996798292632346,27,28_515_shc_2025-26.4984,183,484.0,302.9264417614853,14.528,79.862,50.0,0.3071231245994568,0.4852553606033325,0.32,3.1,0.0009997937483718093,0.3228059269222299,0.6365326642990112,330,317,1,0.19920994942648368,303.7269064250745,Kavetipalem
314,0.053325001150369644,0.18835000693798065,0.1107499971985817,0.06525000184774399,0.09880000352859497,0.10254999995231628,0.15684999525547028,0.2464500069618225,0.2764750123023987,0.29589998722076416,0.3127000033855438,0.31165000796318054,353,0.33996798292632346,27,28_515_shc_2025-26.6856,183,521.0,302.9264417614853,14.528,79.862,301.0,0.3071231245994568,0.4852553606033325,0.44,2.3,0.0009997937483718093,0.3228059269222299,0.6365326642990112,330,317,1,0.19920994942648368,303.7269064250745,Kavetipalem
314,0.053325001150369644,0.18835000693798065,0.1107499971985817,0.06525000184774399,0.09880000352859497,0.10254999995231628,0.15684999525547028,0.2464500069618225,0.2764750123023987,0.29589998722076416,0.3127000033855438,0.31165000796318054,353,0.33996798292632346,27,28_515_shc_2025-26.5185,183,484.0,302.9264417614853,14.528,79.862,176.0,0.3071231245994568,0.4852553606033325,0.24,6.1,0.0009997937483718093,0.3228059269222299,0.6365326642990112,330,317,1,0.19920994942648368,303.7269064250745,Kavetipalem
207,0.04625000059604645,0.1981000006198883,0.10580000281333923,0.05245000123977661,0.09220000356435776,0.08160000294446945,0.15479999780654907,0.28610000014305115,0.3265500068664551,0.33230000734329224,0.3682999908924103,0.3497999906539917,371,0.4387392618985879,17,28_515_shc_2023-24.7437,183,35.1,302.89869967678135,14.528,80.018,38.0,0.36440157890319824,0.6057018637657166,0.76,14.7,0.0009846453629030695,0.41147828248719076,0.5961480736732483,313,316,2,0.17169286493669478,303.6780483178925,Cherlopalem
64,0.04154999926686287,0.22553333640098572,0.121799997985363,0.06109999865293503,0.09229999780654907,0.08836666494607925,0.15315000712871552,0.2888000011444092,0.3552500009536743,0.3721500039100647,0.392520010471344,0.3739500045776367,311,0.4912806215617826,58,28_515_shc_2025-26.4635,174,6.2,302.9459944273296,14.532,79.658,113.0,0.41690459847450256,0.6162281632423401,0.41,9.2,0.0008989876287896346,0.4431729528993018,0.6060280203819275,363,325,2,0.20183292188142476,303.7323888812149,Pelleru
64,0.04154999926686287,0.22553333640098572,0.121799997985363,0.06109999865293503,0.09229999780654907,0.08836666494607925,0.15315000712871552,0.2888000011444092,0.3552500009536743,0.3721500039100647,0.392520010471344,0.3739500045776367,311,0.4912806215617826,58,28_515_shc_2025-26.4633,174,62.1,302.9459944273296,14.532,79.658,50.0,0.41690459847450256,0.6162281632423401,0.38,20.7,0.0008989876287896346,0.4431729528993018,0.6060280203819275,363,325,2,0.20183292188142476,303.7323888812149,Pelleru
0,0.048624999821186066,0.26840001344680786,0.20090000331401825,0.06464285403490067,0.1014999970793724,0.11580000072717667,0.17249999940395355,0.2390500009059906,0.27379998564720154,0.2687000036239624,0.30006667971611023,0.31940001249313354,350,0.25850783702250196,31,28_515_shc_2025-26.603,180,366.2,302.8602839352792,14.532,79.832,75.0,0.21804171800613403,0.3976593017578125,0.32,20.0,0.0009588087100720422,0.2592990426420943,0.9988835453987122,340,310,0,0.20495973553573876,303.6274640936601,Annareddipalem
90,0.05050000175833702,0.2309499979019165,0.1379999965429306,0.06896666437387466,0.0966000035405159,0.10623333603143692,0.16339999437332153,0.2562499940395355,0.2973000109195709,0.2946999967098236,0.32670000195503235,0.32030001282691956,345,0.33301526075137095,30,28_515_shc_2025-26.6707,174,459.3,302.8602839352792,14.532,79.838,163.0,0.2866186499595642,0.4700698256492615,0.16,6.1,0.0009588087100720422,0.31378569395075184,0.7836782932281494,315,341,2,0.20495973553573876,303.6274640936601,Annareddipalem
180,0.05206666514277458,0.2001499980688095,0.11800000071525574,0.06753333657979965,0.09700000286102295,0.09516666829586029,0.15916666388511658,0.27230000495910645,0.3139500021934509,0.3244999945163727,0.34709998965263367,0.345550000667572,350,0.41276697179995164,31,28_515_shc_2025-26.672,180,620.7,302.8602839352792,14.532,79.842,75.0,0.3418332040309906,0.5464654564857483,0.16,18.4,0.0009588087100720422,0.37404855828834427,0.6167950630187988,316,334,1,0.20495973553573876,303.6274640936601,Annareddipalem
180,0.05206666514277458,0.2001499980688095,0.11800000071525574,0.06753333657979965,0.09700000286102295,0.09516666829586029,0.15916666388511658,0.27230000495910645,0.3139500021934509,0.3244999945163727,0.34709998965263367,0.345550000667572,350,0.41276697179995164,31,28_515_shc_2025-26.609,180,403.5,302.8602839352792,14.532,79.842,100.0,0.3418332040309906,0.5464654564857483,0.28,19.2,0.0009588087100720422,0.37404855828834427,0.6167950630187988,316,334,1,0.20495973553573876,303.6274640936601,Annareddipalem
90,0.04573333263397217,0.23829999566078186,0.1370999962091446,0.07509999722242355,0.11219999939203262,0.10864999890327454,0.16459999978542328,0.2720000147819519,0.3313499987125397,0.3253999948501587,0.36550000309944153,0.36446666717529297,358,0.38320779772949687,27,28_515_shc_2025-26.6507,174,378.6,302.8602839352792,14.532,79.848,113.0,0.3281632661819458,0.49936643242836,0.13,20.0,0.0009588087100720422,0.3480809336701858,0.7323294281959534,320,322,2,0.20495973553573876,303.6274640936601,Annareddipalem
207,0.05299999937415123,0.1818999946117401,0.10109999775886536,0.07323333621025085,0.10279999673366547,0.10100000351667404,0.15119999647140503,0.25459998846054077,0.29475000500679016,0.3075999915599823,0.3319000005722046,0.3098500072956085,378,0.37856852969099664,21,28_515_shc_2025-26.5190,183,528.0,302.9264417614853,14.532,79.918,201.0,0.3408892750740051,0.5056289434432983,0.46,7.7,0.0009997937483718093,0.3410741621661762,0.5913524031639099,302,321,2,0.19920994942648368,303.7269064250745,Nagamambapuram
207,0.05299999937415123,0.1818999946117401,0.10109999775886536,0.07323333621025085,0.10279999673366547,0.10100000351667404,0.15119999647140503,0.25459998846054077,0.29475000500679016,0.3075999915599823,0.3319000005722046,0.3098500072956085,378,0.37856852969099664,21,28_515_shc_2025-26.1725,183,441.0,302.9264417614853,14.532,79.918,151.0,0.3408892750740051,0.5056289434432983,0.34,7.7,0.0009997937483718093,0.3410741621661762,0.5913524031639099,302,321,2,0.19920994942648368,303.7269064250745,Nagamambapuram
207,0.05299999937415123,0.1818999946117401,0.10109999775886536,0.07323333621025085,0.10279999673366547,0.10100000351667404,0.15119999647140503,0.25459998846054077,0.29475000500679016,0.3075999915599823,0.3319000005722046,0.3098500072956085,378,0.37856852969099664,21,28_515_shc_2025-26.5222,183,453.0,302.9264417614853,14.532,79.918,251.0,0.3408892750740051,0.5056289434432983,0.38,12.3,0.0009997937483718093,0.3410741621661762,0.5913524031639099,302,321,2,0.19920994942648368,303.7269064250745,Nagamambapuram
161,0.05180000141263008,0.1850000023841858,0.0987333357334137,0.057466667145490646,0.08687499910593033,0.06764999777078629,0.14194999635219574,0.2995857000350952,0.37040001153945923,0.3522000014781952,0.40299999713897705,0.38482001423835754,363,0.5360372372623089,8,28_515_shc_2025-26.2637,177,117.9,302.7936206951476,14.532324,80.113491,238.0,0.42547810077667236,0.677742063999176,0.03,57.6,0.0009718836360297473,0.46401587857759186,0.5252697467803955,309,328,3,0.13558073211134525,303.735802566796,Mudivarthi Palem
0,0.03709999844431877,0.1606999933719635,0.08269999921321869,0.052799999713897705,0.07169999927282333,0.06700000166893005,0.12319999933242798,0.2345000058412552,0.2815999984741211,0.30079999566078186,0.31150001287460327,0.32330000400543213,335,0.4472757740142907,51,28_515_shc_2025-26.5320,180,360.0,303.0272718396103,14.538,79.568,138.0,0.41886791586875916,0.6356715559959412,0.52,21.5,0.0008507865888087991,0.4041253653686435,0.5342420339584351,347,318,1,0.19749156215734648,303.7611846254583,Chejerla
0,0.03709999844431877,0.1606999933719635,0.08269999921321869,0.052799999713897705,0.07169999927282333,0.06700000166893005,0.12319999933242798,0.2345000058412552,0.2815999984741211,0.30079999566078186,0.31150001287460327,0.32330000400543213,335,0.4472757740142907,51,28_515_shc_2025-26.5056,180,378.6,303.0272718396103,14.538,79.568,13.0,0.41886791586875916,0.6356715559959412,0.21,11.5,0.0008507865888087991,0.4041253653686435,0.5342420339584351,347,318,1,0.19749156215734648,303.7611846254583,Chejerla
0,0.03709999844431877,0.1606999933719635,0.08269999921321869,0.052799999713897705,0.07169999927282333,0.06700000166893005,0.12319999933242798,0.2345000058412552,0.2815999984741211,0.30079999566078186,0.31150001287460327,0.32330000400543213,335,0.4472757740142907,51,28_515_shc_2025-26.5028,180,415.9,303.0272718396103,14.538,79.568,138.0,0.41886791586875916,0.6356715559959412,0.2,3.8,0.0008507865888087991,0.4041253653686435,0.5342420339584351,347,318,1,0.19749156215734648,303.7611846254583,Chejerla
0,0.03709999844431877,0.1606999933719635,0.08269999921321869,0.052799999713897705,0.07169999927282333,0.06700000166893005,0.12319999933242798,0.2345000058412552,0.2815999984741211,0.30079999566078186,0.31150001287460327,0.32330000400543213,335,0.4472757740142907,51,28_515_shc_2025-26.5290,180,353.8,303.0272718396103,14.538,79.568,88.0,0.41886791586875916,0.6356715559959412,0.18,13.1,0.0008507865888087991,0.4041253653686435,0.5342420339584351,347,318,1,0.19749156215734648,303.7611846254583,Chejerla
0,0.03709999844431877,0.1606999933719635,0.08269999921321869,0.052799999713897705,0.07169999927282333,0.06700000166893005,0.12319999933242798,0.2345000058412552,0.2815999984741211,0.30079999566078186,0.31150001287460327,0.32330000400543213,335,0.4472757740142907,51,28_515_shc_2025-26.5029,180,372.4,303.0272718396103,14.538,79.568,163.0,0.41886791586875916,0.6356715559959412,0.35,10.8,0.0008507865888087991,0.4041253653686435,0.5342420339584351,347,318,1,0.19749156215734648,303.7611846254583,Chejerla
46,0.042899999767541885,0.21289999783039093,0.12639999389648438,0.0568000003695488,0.07999999821186066,0.08860000222921371,0.12970000505447388,0.21289999783039093,0.2712000012397766,0.2786000072956085,0.2971999943256378,0.30160000920295715,314,0.3431585078194615,47,28_515_shc_2025-26.4924,177,6.2,303.0272718396103,14.538,79.582,138.0,0.3646828234195709,0.5174291729927063,0.16,13.1,0.0008507865888087991,0.3286439165928475,0.7641779780387878,368,318,1,0.19749156215734648,303.7611846254583,Thimmayapalem
72,0.0711750015616417,0.3172000050544739,0.2430800050497055,0.09533333033323288,0.13384999334812164,0.15105000138282776,0.18060000240802765,0.26704999804496765,0.3012000024318695,0.33079999685287476,0.3327000141143799,0.3149600028991699,360,0.2952335460953514,12,28_515_shc_2025-26.5624,171,155.2,302.7936206951476,14.538162,80.120114,100.0,0.293703556060791,0.37304139137268066,0.04,23.8,0.0009718836360297473,0.2746091497576644,0.9588875770568848,329,311,3,0.13558073211134525,303.735802566796,Mudivarthi Palem
0,0.06093333289027214,0.2528499960899353,0.17479999363422394,0.07715000212192535,0.11299999803304672,0.11387500166893005,0.1671999990940094,0.2632499933242798,0.30202001333236694,0.3097800016403198,0.3292999863624573,0.33834999799728394,351,0.3462675127730466,7,28_515_shc_2025-26.5730,180,117.9,302.7936206951476,14.541441,80.127919,63.0,0.2989223897457123,0.4624163508415222,0.21,58.4,0.0009718836360297473,0.31814638463956646,0.8162243962287903,333,316,0,0.13558073211134525,303.735802566796,Mudivarthi Palem
0,0.06093333289027214,0.2528499960899353,0.17479999363422394,0.07715000212192535,0.11299999803304672,0.11387500166893005,0.1671999990940094,0.2632499933242798,0.30202001333236694,0.3097800016403198,0.3292999863624573,0.33834999799728394,351,0.3462675127730466,7,28_515_shc_2025-26.5731,180,124.1,302.7936206951476,14.541441,80.127919,13.0,0.2989223897457123,0.4624163508415222,0.09,27.6,0.0009718836360297473,0.31814638463956646,0.8162243962287903,333,316,0,0.13558073211134525,303.735802566796,Mudivarthi Palem
134,0.03844999894499779,0.19294999539852142,0.11935000121593475,0.06270000338554382,0.0868000015616417,0.09470000118017197,0.14665000140666962,0.23649999499320984,0.2879500091075897,0.28995001316070557,0.3167000114917755,0.3127500116825104,318,0.3517004335777329,50,28_515_shc_2025-26.8292,177,347.6,303.0272718396103,14.542,79.562,213.0,0.3282180726528168,0.5076043009757996,0.34,67.6,0.0008507865888087991,0.33106314725944086,0.6654595136642456,356,326,1,0.19749156215734648,303.7611846254583,Chejerla
180,0.04520000144839287,0.15839999914169312,0.09350000321865082,0.05559999868273735,0.07779999822378159,0.0689999982714653,0.1370999962091446,0.2434999942779541,0.31130000948905945,0.3142000138759613,0.3395000100135803,0.33320000767707825,342,0.46751070222237073,51,28_515_shc_2025-26.8471,180,353.8,303.0272718396103,14.542,79.568,151.0,0.3924219310283661,0.6398747563362122,0.39,55.3,0.0008507865888087991,0.41644023816583653,0.5041374564170837,345,313,1,0.19749156215734648,303.7611846254583,Chejerla
244,0.04670000076293945,0.1972000002861023,0.11069999635219574,0.048900000751018524,0.07119999825954437,0.06360000371932983,0.11670000106096268,0.21739999949932098,0.26170000433921814,0.2685999870300293,0.2849000096321106,0.28600001335144043,331,0.3993143143822877,49,28_515_shc_2025-26.9265,186,360.0,303.0272718396103,14.542,79.612,138.0,0.3942382335662842,0.6170980930328369,0.58,48.38,0.0008507865888087991,0.3695024974575632,0.7341772317886353,346,324,2,0.19749156215734648,303.7611846254583,Perumallapadu
180,0.04091250151395798,0.18850000202655792,0.12733332812786102,0.05624999850988388,0.08792857080698013,0.09515714645385742,0.12356249988079071,0.19670000672340393,0.22056666016578674,0.22789999842643738,0.24008749425411224,0.19116362929344177,339,0.24100571461766282,32,28_515_shc_2025-26.3552,180,335.2,302.8602839352792,14.542,79.848,113.0,0.29686665534973145,0.4108958840370178,0.2,10.0,0.0009588087100720422,0.24192035656021074,0.8271171450614929,322,339,1,0.20495973553573876,303.6274640936601,Duvvuru
270,0.03150000050663948,0.15150000154972076,0.09139999747276306,0.04410000145435333,0.06909999996423721,0.06449999660253525,0.11410000175237656,0.22220000624656677,0.26660001277923584,0.26980000734329224,0.2985999882221222,0.28780001401901245,327,0.3870517975351251,53,28_515_shc_2025-26.5044,183,459.3,303.0272718396103,14.545,79.565,213.0,0.40557438135147095,0.6141190528869629,0.09,27.6,0.0008507865888087991,0.3691118478421237,0.5615270733833313,358,314,1,0.19749156215734648,303.7611846254583,Chejerla
314,0.02345000021159649,0.15680000185966492,0.08434999734163284,0.035999998450279236,0.06185000017285347,0.05025000125169754,0.10140000283718109,0.22085000574588776,0.2779499888420105,0.2971000075340271,0.30935001373291016,0.2960500121116638,323,0.46449270157996553,51,28_515_shc_2025-26.4690,183,428.3,303.0272718396103,14.545,79.575,251.0,0.4910915791988373,0.7106664776802063,0.65,23.0,0.0008507865888087991,0.4369800030498712,0.5277684330940247,353,324,1,0.19749156215734648,303.7611846254583,Chejerla
180,0.03500000014901161,0.17080000042915344,0.0917000025510788,0.04899999871850014,0.07720000296831131,0.07599999755620956,0.13529999554157257,0.25200000405311584,0.30160000920295715,0.31200000643730164,0.3544999957084656,0.34950000047683716,319,0.42127813039551554,49,28_515_shc_2025-26.4908,180,6.2,303.0272718396103,14.545,79.585,113.0,0.395036906003952,0.6082474589347839,0.49,2.3,0.0008507865888087991,0.39864866185769166,0.5474358797073364,367,313,1,0.19749156215734648,303.7611846254583,Thimmayapalem
180,0.03500000014901161,0.17080000042915344,0.0917000025510788,0.04899999871850014,0.07720000296831131,0.07599999755620956,0.13529999554157257,0.25200000405311584,0.30160000920295715,0.31200000643730164,0.3544999957084656,0.34950000047683716,319,0.42127813039551554,49,28_515_shc_2025-26.4665,180,62.1,303.0272718396103,14.545,79.585,151.0,0.395036906003952,0.6082474589347839,0.41,3.1,0.0008507865888087991,0.39864866185769166,0.5474358797073364,367,313,1,0.19749156215734648,303.7611846254583,Thimmayapalem
90,0.04872500151395798,0.19644999504089355,0.11339999735355377,0.08025000244379044,0.11502499878406525,0.14149999618530273,0.17550000548362732,0.26759999990463257,0.3264999985694885,0.33783334493637085,0.36617499589920044,0.33964285254478455,337,0.30968219840593103,27,28_515_shc_2025-26.3979,177,490.4,302.9264417614853,14.545,79.855,63.0,0.31623375415802,0.40959668159484863,0.13,41.47,0.0009997937483718093,0.30071479317685473,0.5814996957778931,327,336,1,0.19920994942648368,303.7269064250745,Duvvuru
0,0.0478999987244606,0.2019333392381668,0.11240000277757645,0.055775001645088196,0.08343333005905151,0.07509999722242355,0.13785000145435333,0.2533999979496002,0.2856999933719635,0.28519999980926514,0.3206000030040741,0.31735000014305115,340,0.3986755229982666,27,28_515_shc_2025-26.986,180,397.3,302.8602839352792,14.548,79.842,163.0,0.34830397367477417,0.5831251740455627,0.27,10.0,0.0009588087100720422,0.3663257061113927,0.7080411911010742,336,324,3,0.20495973553573876,303.6274640936601,Duvvuru
314,0.04259999841451645,0.2163500040769577,0.12404999881982803,0.05784999951720238,0.08498333394527435,0.08940000087022781,0.1579499989748001,0.2547749876976013,0.30399999022483826,0.3145500123500824,0.34584999084472656,0.3284499943256378,326,0.39720905405981394,48,28_515_shc_2025-26.2360,183,229.7,302.88237652025725,14.552,79.672,13.0,0.331428587436676,0.5573709607124329,0.39,10.0,0.0008888342607273112,0.37361027963995586,0.6878079771995544,374,300,1,0.2020711062247293,303.66259892781574,Pelleru
38,0.04857499897480011,0.2215999960899353,0.13439999520778656,0.0685499981045723,0.09995000064373016,0.09939999878406525,0.16644999384880066,0.24089999496936798,0.27943333983421326,0.28610000014305115,0.3184249997138977,0.3087500035762787,351,0.3410980184439486,29,28_515_shc_2025-26.1849,171,172.0,302.0515488407068,14.552,79.872,113.0,0.2643907070159912,0.48430609703063965,0.49,2.3,0.0009806172171236878,0.3162620015559471,0.7745543122291565,328,321,5,0.19919726723118833,303.4325028135065,Vavveru
38,0.04857499897480011,0.2215999960899353,0.13439999520778656,0.0685499981045723,0.09995000064373016,0.09939999878406525,0.16644999384880066,0.24089999496936798,0.27943333983421326,0.28610000014305115,0.3184249997138977,0.3087500035762787,351,0.3410980184439486,29,28_515_shc_2025-26.7112,171,422.0,302.0515488407068,14.552,79.872,63.0,0.2643907070159912,0.48430609703063965,0.41,0.8,0.0009806172171236878,0.3162620015559471,0.7745543122291565,328,321,5,0.19919726723118833,303.4325028135065,Vavveru
38,0.04857499897480011,0.2215999960899353,0.13439999520778656,0.0685499981045723,0.09995000064373016,0.09939999878406525,0.16644999384880066,0.24089999496936798,0.27943333983421326,0.28610000014305115,0.3184249997138977,0.3087500035762787,351,0.3410980184439486,29,28_515_shc_2025-26.1850,171,403.0,302.0515488407068,14.552,79.872,151.0,0.2643907070159912,0.48430609703063965,0.55,8.4,0.0009806172171236878,0.3162620015559471,0.7745543122291565,328,321,5,0.19919726723118833,303.4325028135065,Vavveru
0,0.04532499983906746,0.19359999895095825,0.10604999959468842,0.06084999814629555,0.09260000288486481,0.10729999840259552,0.15746000409126282,0.22630000114440918,0.2616499960422516,0.2724500000476837,0.29315000772476196,0.29741665720939636,360,0.2828153115012843,27,28_515_shc_2025-26.4545,180,465.0,302.0515488407068,14.552,79.882,38.0,0.26747456192970276,0.43489137291908264,0.38,0.8,0.0009806172171236878,0.28158568105031145,0.7105891108512878,324,316,1,0.19919726723118833,303.4325028135065,Vavveru
27,0.034299999475479126,0.20702500641345978,0.10893333703279495,0.05297333374619484,0.08047500252723694,0.05615000054240227,0.1424199938774109,0.2826857268810272,0.35839998722076416,0.37092500925064087,0.385699987411499,0.37097999453544617,321,0.6004750127780633,41,28_515_shc_2025-26.8246,177,248.3,302.88237652025725,14.555,79.655,163.0,0.44512951374053955,0.7370485067367554,0.5,8.4,0.0008888342607273112,0.5093034631229697,0.5581316947937012,368,311,2,0.2020711062247293,303.66259892781574,Pelleru
0,0.0367249995470047,0.18234999477863312,0.09544999897480011,0.03643333166837692,0.06498000025749207,0.04464000090956688,0.10760000348091125,0.2298000007867813,0.27136000990867615,0.28644999861717224,0.29554998874664307,0.30000001192092896,323,0.4719017255148134,31,28_515_shc_2025-26.3793,180,602.1,302.84995721515855,14.555,79.825,188.0,0.45387640595436096,0.7303451895713806,0.35,3.8,0.0009395168291107634,0.4364328734167835,0.6365857720375061,339,339,0,0.20076704861824973,303.70354173894515,Duvvuru
0,0.03229999914765358,0.18780000507831573,0.10769999772310257,0.050999999046325684,0.07970000058412552,0.07479999959468842,0.13760000467300415,0.23960000276565552,0.27630001306533813,0.298799991607666,0.3172000050544739,0.28189998865127563,316,0.4102263435196323,43,28_515_shc_2025-26.5288,180,31.0,302.88237652025725,14.558,79.652,138.0,0.36938586831092834,0.599571704864502,0.34,13.1,0.0008888342607273112,0.384615374774698,0.6285141110420227,375,309,0,0.2020711062247293,303.66259892781574,Pelleru
0,0.03229999914765358,0.18780000507831573,0.10769999772310257,0.050999999046325684,0.07970000058412552,0.07479999959468842,0.13760000467300415,0.23960000276565552,0.27630001306533813,0.298799991607666,0.3172000050544739,0.28189998865127563,316,0.4102263435196323,43,28_515_shc_2025-26.5296,180,136.6,302.88237652025725,14.558,79.652,151.0,0.36938586831092834,0.599571704864502,1.2,17.7,0.0008888342607273112,0.384615374774698,0.6285141110420227,375,309,0,0.2020711062247293,303.66259892781574,Pelleru
0,0.04075555503368378,0.22023333609104156,0.14569999277591705,0.06031428650021553,0.09125000238418579,0.09452500194311142,0.1492999941110611,0.219650000333786,0.2472500056028366,0.25760000944137573,0.2648000121116638,0.20509999990463257,335,0.2970632731777666,32,28_515_shc_2025-26.7956,180,564.9,302.84995721515855,14.558,79.822,125.0,0.266158789396286,0.4631167948246002,0.27,2.3,0.0009395168291107634,0.28706176673533285,0.854943037033081,338,327,2,0.20076704861824973,303.70354173894515,Duvvuru
46,0.045499999076128006,0.3219499886035919,0.20909999310970306,0.07175000011920929,0.10400000214576721,0.11685000360012054,0.17419999837875366,0.27379998564720154,0.3169499933719635,0.32820001244544983,0.3605499863624573,0.3550499975681305,313,0.3543346759209237,44,28_515_shc_2025-26.10390,177,285.5,302.88237652025725,14.562,79.652,138.0,0.3065286874771118,0.47489047050476074,0.14,14.6,0.0008888342607273112,0.33545844969617666,0.9809566736221313,379,309,1,0.2020711062247293,303.66259892781574,Pelleru
207,0.062033332884311676,0.3695499897003174,0.2700499892234802,0.05979999899864197,0.08936666697263718,0.11233333498239517,0.15733332931995392,0.20909999310970306,0.23399999737739563,0.2547999918460846,0.2727000117301941,0.35260000824928284,330,0.24060436393533674,34,28_515_shc_2025-26.6491,183,471.8,302.84995721515855,14.562,79.788,163.0,0.2364930361509323,0.3880515396595001,0.22,19.2,0.0009395168291107634,0.24644420723297183,1.4503532648086548,330,340,2,0.20076704861824973,303.70354173894515,Padamatipalem
270,0.04910000041127205,0.2838999927043915,0.19419999420642853,0.06544999778270721,0.09691666811704636,0.10949999839067459,0.16249999403953552,0.23133333027362823,0.25519999861717224,0.27074000239372253,0.28075000643730164,0.25977998971939087,329,0.28054132251788344,32,28_515_shc_2025-26.3395,189,409.7,302.84995721515855,14.562,79.822,88.0,0.2498384416103363,0.42404797673225403,0.35,0.8,0.0009395168291107634,0.27476597949314535,1.0486074686050415,325,345,3,0.20076704861824973,303.70354173894515,Duvvuru
314,0.03460000082850456,0.146139994263649,0.07383333146572113,0.037425000220537186,0.05530000105500221,0.03824999928474426,0.08742500096559525,0.20915000140666962,0.2685000002384186,0.2777499854564667,0.297733336687088,0.3041999936103821,324,0.48815284621135646,41,28_515_shc_2025-26.1957,183,583.5,302.88237652025725,14.565,79.685,176.0,0.5211884379386902,0.7579113841056824,0.28,9.2,0.0008888342607273112,0.44025733575413906,0.5261566042900085,365,311,1,0.2020711062247293,303.66259892781574,Mamuduru
296,0.051350001245737076,0.22865000367164612,0.16054999828338623,0.04715000092983246,0.07422500103712082,0.06822499632835388,0.1388999968767166,0.21196666359901428,0.24330000579357147,0.23819999396800995,0.2632000148296356,0.2930249869823456,349,0.32840968804619586,36,28_515_shc_2025-26.3695,186,322.8,302.84995721515855,14.568,79.792,113.0,0.26332536339759827,0.5547034740447998,0.2,16.9,0.0009395168291107634,0.3161639328237888,0.9599076509475708,337,314,2,0.20076704861824973,303.70354173894515,Padamatipalem
226,0.0910625010728836,0.2513499855995178,0.19210000336170197,0.07917500287294388,0.09995000064373016,0.10140000283718109,0.16816666722297668,0.2370000034570694,0.27219998836517334,0.2648000121116638,0.293966680765152,0.27576667070388794,355,0.31929342811580796,33,28_515_shc_2025-26.52,183,446.9,302.84995721515855,14.568,79.808,25.0,0.2231888771057129,0.446204274892807,0.24,39.17,0.0009395168291107634,0.2829600665917778,0.9492068290710449,349,296,1,0.20076704861824973,303.70354173894515,Padamatipalem
226,0.0910625010728836,0.2513499855995178,0.19210000336170197,0.07917500287294388,0.09995000064373016,0.10140000283718109,0.16816666722297668,0.2370000034570694,0.27219998836517334,0.2648000121116638,0.293966680765152,0.27576667070388794,355,0.31929342811580796,33,28_515_shc_2025-26.626,183,403.5,302.84995721515855,14.568,79.808,75.0,0.2231888771057129,0.446204274892807,0.25,61.4,0.0009395168291107634,0.2829600665917778,0.9492068290710449,349,296,1,0.20076704861824973,303.70354173894515,Padamatipalem
226,0.0910625010728836,0.2513499855995178,0.19210000336170197,0.07917500287294388,0.09995000064373016,0.10140000283718109,0.16816666722297668,0.2370000034570694,0.27219998836517334,0.2648000121116638,0.293966680765152,0.27576667070388794,355,0.31929342811580796,33,28_515_shc_2025-26.4059,183,403.5,302.84995721515855,14.568,79.808,151.0,0.2231888771057129,0.446204274892807,0.25,13.8,0.0009395168291107634,0.2829600665917778,0.9492068290710449,349,296,1,0.20076704861824973,303.70354173894515,Padamatipalem
0,0.054099999368190765,0.24997499585151672,0.17364999651908875,0.06707499921321869,0.1057535707950592,0.12304999679327011,0.1691499948501587,0.2389499992132187,0.2698499858379364,0.28357499837875366,0.29776665568351746,0.28716665506362915,343,0.2642278147676289,40,28_515_shc_2025-26.1749,180,422.1,302.88237652025725,14.572,79.702,176.0,0.2527472674846649,0.39477404952049255,0.14,33.0,0.0008888342607273112,0.2655866578358984,0.8815128207206726,365,292,1,0.2020711062247293,303.66259892781574,Mamuduru
46,0.042399998754262924,0.2013999968767166,0.10249999910593033,0.04916666820645332,0.08344999700784683,0.07474999874830246,0.1457500010728836,0.27746251225471497,0.3187499940395355,0.33332499861717224,0.3608500063419342,0.3460499942302704,342,0.4574686474698653,33,28_515_shc_2025-26.10037,177,620.7,302.84995721515855,14.572,79.798,163.0,0.39153575897216797,0.63364577293396,0.22,15.4,0.0009395168291107634,0.4271260643984023,0.6042150855064392,326,332,1,0.20076704861824973,303.70354173894515,Padamatipalem
46,0.042399998754262924,0.2013999968767166,0.10249999910593033,0.04916666820645332,0.08344999700784683,0.07474999874830246,0.1457500010728836,0.27746251225471497,0.3187499940395355,0.33332499861717224,0.3608500063419342,0.3460499942302704,342,0.4574686474698653,33,28_515_shc_2025-26.11831,177,620.7,302.84995721515855,14.572,79.798,75.0,0.39153575897216797,0.63364577293396,0.32,86.8,0.0009395168291107634,0.4271260643984023,0.6042150855064392,326,332,1,0.20076704861824973,303.70354173894515,Padamatipalem
116,0.04233333468437195,0.1959500014781952,0.10294999927282333,0.052400000393390656,0.08500000089406967,0.08169999718666077,0.14714999496936798,0.26429998874664307,0.3092666566371918,0.32756665349006653,0.35100001096725464,0.35280001163482666,339,0.43141566221248817,33,28_515_shc_2025-26.10139,174,397.3,302.84995721515855,14.572,79.808,138.0,0.38005125522613525,0.6007493138313293,0.2,1.5,0.0009395168291107634,0.405601573730464,0.5981988906860352,330,331,2,0.20076704861824973,303.70354173894515,Padamatipalem
116,0.04233333468437195,0.1959500014781952,0.10294999927282333,0.052400000393390656,0.08500000089406967,0.08169999718666077,0.14714999496936798,0.26429998874664307,0.3092666566371918,0.32756665349006653,0.35100001096725464,0.35280001163482666,339,0.43141566221248817,33,28_515_shc_2025-26.10135,174,403.5,302.84995721515855,14.572,79.808,188.0,0.38005125522613525,0.6007493138313293,0.2,2.3,0.0009395168291107634,0.405601573730464,0.5981988906860352,330,331,2,0.20076704861824973,303.70354173894515,Padamatipalem
180,0.08335454761981964,0.2743000090122223,0.19975000619888306,0.09860832989215851,0.1369124948978424,0.13120000064373016,0.18152500689029694,0.2604333460330963,0.2953857183456421,0.30709999799728394,0.32059165835380554,0.3382999897003174,346,0.324601617953775,10,28_515_shc_2024-25.11364,180,112.4,302.77452204520245,14.572,80.072,88.0,0.25699666142463684,0.4013232886791229,0.62,62.8,0.0009624296018670947,0.28120003880686084,0.8931944370269775,339,315,2,0.14152416430021586,303.6907778957434,Vidavalur
111,0.06456000357866287,0.4016999900341034,0.3325499892234802,0.08399999886751175,0.13289999961853027,0.17599999904632568,0.22949999570846558,0.32866665720939636,0.3578416705131531,0.36926665902137756,0.38647499680519104,0.39287498593330383,332,0.2691336391525673,39,28_515_shc_2025-26.1010,151,378.6,302.84995721515855,14.578,79.758,151.0,0.23342426121234894,0.354444295167923,0.35,10.8,0.0009395168291107634,0.2773454866516948,1.087831735610962,349,318,10,0.20076704861824973,303.70354173894515,Sangam
111,0.06456000357866287,0.4016999900341034,0.3325499892234802,0.08399999886751175,0.13289999961853027,0.17599999904632568,0.22949999570846558,0.32866665720939636,0.3578416705131531,0.36926665902137756,0.38647499680519104,0.39287498593330383,332,0.2691336391525673,39,28_515_shc_2025-26.3381,151,453.1,302.84995721515855,14.578,79.758,88.0,0.23342426121234894,0.354444295167923,0.26,12.3,0.0009395168291107634,0.2773454866516948,1.087831735610962,349,318,10,0.20076704861824973,303.70354173894515,Sangam
111,0.06456000357866287,0.4016999900341034,0.3325499892234802,0.08399999886751175,0.13289999961853027,0.17599999904632568,0.22949999570846558,0.32866665720939636,0.3578416705131531,0.36926665902137756,0.38647499680519104,0.39287498593330383,332,0.2691336391525673,39,28_515_shc_2025-26.1012,151,502.8,302.84995721515855,14.578,79.758,138.0,0.23342426121234894,0.354444295167923,0.03,9.2,0.0009395168291107634,0.2773454866516948,1.087831735610962,349,318,10,0.20076704861824973,303.70354173894515,Sangam
252,0.04483333230018616,0.1977500021457672,0.11563750356435776,0.06274999678134918,0.09326666593551636,0.11417499929666519,0.1687999963760376,0.23496666550636292,0.2692500054836273,0.2777999937534332,0.2919333279132843,0.2874999940395355,344,0.2741292247440349,34,28_515_shc_2025-26.7847,189,360.6,302.84995721515855,14.585,79.805,38.0,0.2440662831068039,0.4174373149871826,0.2,24.6,0.0009395168291107634,0.2751618527397066,0.7118430733680725,336,320,3,0.20076704861824973,303.70354173894515,Padamatipalem
261,0.06750000268220901,0.2211499959230423,0.1773499995470047,0.09875000268220901,0.13154999911785126,0.162650004029274,0.1651500016450882,0.1907999962568283,0.2079000025987625,0.20145000517368317,0.21089999377727509,0.22914999723434448,344,0.06751466163509114,16,28_515_shc_2024-25.6668,198,384.9,302.67723414772433,14.588,79.982,163.0,0.09901800751686096,0.10656413435935974,0.18,43.01,0.0009681565295501462,0.06735331685772952,1.0977909564971924,322,334,6,0.2006610401889734,303.39434834530476,Bodduvaripalem
237,0.05249999836087227,0.32934999465942383,0.2526400089263916,0.05756666511297226,0.08820000290870667,0.10570000112056732,0.19618333876132965,0.2690249979496002,0.2952125072479248,0.2983500063419342,0.31540000438690186,0.3114500045776367,350,0.32091218358281914,37,28_515_shc_2025-26.3174,189,620.7,302.88237652025725,14.592,79.728,151.0,0.20659206807613373,0.4767974317073822,0.19,17.7,0.0008888342607273112,0.3196449371679658,1.1039047241210938,327,323,3,0.2020711062247293,303.66259892781574,Sangam
237,0.05249999836087227,0.32934999465942383,0.2526400089263916,0.05756666511297226,0.08820000290870667,0.10570000112056732,0.19618333876132965,0.2690249979496002,0.2952125072479248,0.2983500063419342,0.31540000438690186,0.3114500045776367,350,0.32091218358281914,37,28_515_shc_2025-26.1469,189,360.0,302.88237652025725,14.592,79.728,38.0,0.20659206807613373,0.4767974317073822,0.1,50.69,0.0008888342607273112,0.3196449371679658,1.1039047241210938,327,323,3,0.2020711062247293,303.66259892781574,Sangam
180,0.04935000091791153,0.22654999792575836,0.13324999809265137,0.06235000118613243,0.08865000307559967,0.09759999811649323,0.15860000252723694,0.25404998660087585,0.2893750071525574,0.2933916747570038,0.3334999978542328,0.33515000343322754,340,0.34681221213482916,37,28_515_shc_2025-26.641,180,540.0,302.84995721515855,14.592,79.778,113.0,0.29821714758872986,0.5007566213607788,1.34,53.46,0.0009395168291107634,0.32961869779726166,0.7721759676933289,342,318,1,0.20076704861824973,303.70354173894515,Tharunavaya
0,0.04019999876618385,0.21799999475479126,0.10984999686479568,0.05054999887943268,0.08910000324249268,0.07665000110864639,0.14214999973773956,0.29087498784065247,0.3310999870300293,0.3418999910354614,0.37767499685287476,0.3582499921321869,348,0.4661113550021446,34,28_515_shc_2025-26.8001,180,558.7,302.84995721515855,14.592,79.782,88.0,0.4126639664173126,0.6337354779243469,0.32,11.5,0.0009395168291107634,0.43315550410216697,0.6376133561134338,339,313,0,0.20076704861824973,303.70354173894515,Tharunavaya
215,0.043699998408555984,0.19660000503063202,0.09610000252723694,0.05389999970793724,0.09989999979734421,0.09539999812841415,0.15399999916553497,0.305400013923645,0.3707999885082245,0.3691999912261963,0.4025000035762787,0.39239999651908875,334,0.4452466846687917,14,28_515_shc_2024-25.10156,186,335.2,302.67723414772433,14.595,79.955,151.0,0.4113149642944336,0.5893241763114929,0.64,36.9,0.0009681565295501462,0.4257723348322471,0.5325027108192444,327,339,3,0.2006610401889734,303.39434834530476,Gandavaram
19,0.051649998873472214,0.3022499978542328,0.21130000054836273,0.07262499630451202,0.10639999806880951,0.1331000030040741,0.18645000457763672,0.2659499943256378,0.31173333525657654,0.32967498898506165,0.3511750102043152,0.342974990606308,328,0.3103317335960234,39,28_515_shc_2025-26.10026,177,409.7,302.84995721515855,14.602,79.792,100.0,0.27750056982040405,0.4247744381427765,0.11,18.4,0.0009395168291107634,0.3062631263014865,0.9168120622634888,343,329,3,0.20076704861824973,303.70354173894515,Tharunavaya
90,0.07050000131130219,0.3246999979019165,0.2827500104904175,0.11855000257492065,0.13519999384880066,0.16120000183582306,0.2170500010251999,0.23614999651908875,0.2543500065803528,0.25690001249313354,0.26170000433921814,0.21410000324249268,318,0.17921685866121265,13,28_515_shc_2024-25.10550,174,621.0,302.67723414772433,14.602,79.982,226.0,0.08408062160015106,0.22889262437820435,0.2,24.6,0.0009681565295501462,0.1563555317999718,1.2639158964157104,331,350,2,0.2006610401889734,303.39434834530476,Bodduvaripalem
244,0.04390000179409981,0.17810000479221344,0.0929500013589859,0.054099999368190765,0.08635000139474869,0.08036666363477707,0.14110000431537628,0.25587499141693115,0.2967666685581207,0.3081499934196472,0.3301500082015991,0.3328000009059906,312,0.4112800322847018,39,28_515_shc_2025-26.3706,186,391.1,302.88237652025725,14.605,79.715,163.0,0.3718419373035431,0.5862897634506226,0.6,45.31,0.0008888342607273112,0.384545401557257,0.5779653191566467,362,325,2,0.2020711062247293,303.66259892781574,Kolagatla
226,0.0421999990940094,0.22055000066757202,0.12549999356269836,0.04772000014781952,0.07699999958276749,0.07395000010728836,0.14737500250339508,0.2430499941110611,0.2783333361148834,0.2901749908924103,0.314300000667572,0.3028999865055084,330,0.39285777773828606,43,28_515_shc_2025-26.1235,183,422.1,302.84995721515855,14.608,79.772,138.0,0.326362669467926,0.5938208103179932,0.37,16.9,0.0009395168291107634,0.3753363107835357,0.760058581829071,357,313,1,0.20076704861824973,303.70354173894515,Tharunavaya
226,0.0421999990940094,0.22055000066757202,0.12549999356269836,0.04772000014781952,0.07699999958276749,0.07395000010728836,0.14737500250339508,0.2430499941110611,0.2783333361148834,0.2901749908924103,0.314300000667572,0.3028999865055084,330,0.39285777773828606,43,28_515_shc_2025-26.6329,183,415.9,302.84995721515855,14.608,79.772,50.0,0.326362669467926,0.5938208103179932,0.42,75.3,0.0009395168291107634,0.3753363107835357,0.760058581829071,357,313,1,0.20076704861824973,303.70354173894515,Tharunavaya
153,0.04309000074863434,0.20784999430179596,0.13075000047683716,0.05918571352958679,0.08895999938249588,0.10220000147819519,0.15392500162124634,0.2261500060558319,0.2685999870300293,0.26785001158714294,0.3016666769981384,0.28687500953674316,353,0.2881556966834856,35,28_515_shc_2025-26.2108,177,410.0,302.0515488407068,14.608,79.888,113.0,0.27010849118232727,0.4476422071456909,0.41,3.1,0.0009806172171236878,0.28558704836748494,0.7759939432144165,345,302,2,0.19919726723118833,303.4325028135065,Munulapudi
153,0.04309000074863434,0.20784999430179596,0.13075000047683716,0.05918571352958679,0.08895999938249588,0.10220000147819519,0.15392500162124634,0.2261500060558319,0.2685999870300293,0.26785001158714294,0.3016666769981384,0.28687500953674316,353,0.2881556966834856,35,28_515_shc_2025-26.1491,177,397.0,302.0515488407068,14.608,79.888,75.0,0.27010849118232727,0.4476422071456909,0.55,0.8,0.0009806172171236878,0.28558704836748494,0.7759939432144165,345,302,2,0.19919726723118833,303.4325028135065,Munulapudi
153,0.04309000074863434,0.20784999430179596,0.13075000047683716,0.05918571352958679,0.08895999938249588,0.10220000147819519,0.15392500162124634,0.2261500060558319,0.2685999870300293,0.26785001158714294,0.3016666769981384,0.28687500953674316,353,0.2881556966834856,35,28_515_shc_2025-26.2103,177,441.0,302.0515488407068,14.608,79.888,251.0,0.27010849118232727,0.4476422071456909,0.55,0.8,0.0009806172171236878,0.28558704836748494,0.7759939432144165,345,302,2,0.19919726723118833,303.4325028135065,Munulapudi
46,0.03973333165049553,0.18674999475479126,0.09640000015497208,0.06064999848604202,0.09019999951124191,0.09260000288486481,0.14329999685287476,0.24864999949932098,0.2824000120162964,0.288100004196167,0.31929999589920044,0.31290000677108765,351,0.3519161821786585,31,28_515_shc_2025-26.4306,177,323.0,302.0515488407068,14.608,79.892,113.0,0.3356513977050781,0.5135276913642883,0.52,1.5,0.0009806172171236878,0.33297377042029686,0.6482123732566833,329,319,1,0.19919726723118833,303.4325028135065,Munulapudi
237,0.07580000162124634,0.44519999623298645,0.3797000050544739,0.10239999741315842,0.1477999985218048,0.20160000026226044,0.24089999496936798,0.31029999256134033,0.3336000144481659,0.3391999900341034,0.3637000024318695,0.3875666558742523,355,0.1931715927128176,7,28_515_shc_2024-25.2978,189,348.0,302.77452204520245,14.608,80.142,238.0,0.16945353150367737,0.2544378638267517,0.1,10.0,0.0009624296018670947,0.19830898019031767,1.3125,307,338,3,0.14152416430021586,303.6907778957434,Varini
0,0.054499998688697815,0.28139999508857727,0.2124333381652832,0.10454999655485153,0.1343500018119812,0.15189999341964722,0.17592500150203705,0.2404875010251999,0.2660500109195709,0.25920000672340393,0.287137508392334,0.32866665720939636,321,0.1934762866970316,40,28_515_shc_2025-26.8128,180,521.4,302.88237652025725,14.612,79.702,25.0,0.1913817971944809,0.2610071003437042,0.64,1.5,0.0008888342607273112,0.17665461522375636,1.0856480598449707,369,311,1,0.2020711062247293,303.66259892781574,Peramana
180,0.06396666914224625,0.34790000319480896,0.2658500075340271,0.07559999823570251,0.1039000004529953,0.12853333353996277,0.19419999420642853,0.2852500081062317,0.33399999141693115,0.34456667304039,0.37860000133514404,0.38850000500679016,330,0.34871834028051096,36,28_515_shc_2025-26.3691,180,353.8,302.84995721515855,14.618,79.822,113.0,0.27909424901008606,0.4566335678100586,0.47,63.0,0.0009395168291107634,0.33300792011029834,1.0096739530563354,353,317,1,0.20076704861824973,303.70354173894515,Vangallu
270,0.049533333629369736,0.26919999718666077,0.1818999946117401,0.06700000166893005,0.09786666929721832,0.09700000286102295,0.18019999563694,0.28360000252723694,0.3253999948501587,0.33640000224113464,0.36934998631477356,0.3546000123023987,328,0.42269934002242765,35,28_515_shc_2025-26.1355,183,310.4,302.84995721515855,14.618,79.828,163.0,0.3023616075515747,0.5523765683174133,0.13,18.4,0.0009395168291107634,0.384722516720862,0.800237774848938,354,318,1,0.20076704861824973,303.70354173894515,Vangallu
270,0.049533333629369736,0.26919999718666077,0.1818999946117401,0.06700000166893005,0.09786666929721832,0.09700000286102295,0.18019999563694,0.28360000252723694,0.3253999948501587,0.33640000224113464,0.36934998631477356,0.3546000123023987,328,0.42269934002242765,35,28_515_shc_2025-26.8157,183,384.9,302.84995721515855,14.618,79.828,25.0,0.3023616075515747,0.5523765683174133,0.25,33.8,0.0009395168291107634,0.384722516720862,0.800237774848938,354,318,1,0.20076704861824973,303.70354173894515,Vangallu
270,0.049533333629369736,0.26919999718666077,0.1818999946117401,0.06700000166893005,0.09786666929721832,0.09700000286102295,0.18019999563694,0.28360000252723694,0.3253999948501587,0.33640000224113464,0.36934998631477356,0.3546000123023987,328,0.42269934002242765,35,28_515_shc_2025-26.8174,183,335.2,302.84995721515855,14.618,79.828,138.0,0.3023616075515747,0.5523765683174133,0.25,38.4,0.0009395168291107634,0.384722516720862,0.800237774848938,354,318,1,0.20076704861824973,303.70354173894515,Vangallu
46,0.048774998635053635,0.273250013589859,0.17624999582767487,0.06260000169277191,0.0982000008225441,0.11393333226442337,0.1773499995470047,0.2608250081539154,0.297650009393692,0.3034999966621399,0.3312000036239624,0.3307499885559082,333,0.312280355827677,35,28_515_shc_2025-26.3421,177,378.6,302.84995721515855,14.618,79.832,63.0,0.26234790682792664,0.45412442088127136,0.22,0.8,0.0009395168291107634,0.3099407745838889,0.9003295302391052,353,314,1,0.20076704861824973,303.70354173894515,Jangala Khandrika
46,0.048774998635053635,0.273250013589859,0.17624999582767487,0.06260000169277191,0.0982000008225441,0.11393333226442337,0.1773499995470047,0.2608250081539154,0.297650009393692,0.3034999966621399,0.3312000036239624,0.3307499885559082,333,0.312280355827677,35,28_515_shc_2025-26.3375,177,198.6,302.84995721515855,14.618,79.832,25.0,0.26234790682792664,0.45412442088127136,0.16,70.7,0.0009395168291107634,0.3099407745838889,0.9003295302391052,353,314,1,0.20076704861824973,303.70354173894515,Jangala Khandrika
46,0.048774998635053635,0.273250013589859,0.17624999582767487,0.06260000169277191,0.0982000008225441,0.11393333226442337,0.1773499995470047,0.2608250081539154,0.297650009393692,0.3034999966621399,0.3312000036239624,0.3307499885559082,333,0.312280355827677,35,28_515_shc_2025-26.3441,177,397.3,302.84995721515855,14.618,79.832,100.0,0.26234790682792664,0.45412442088127136,0.25,23.0,0.0009395168291107634,0.3099407745838889,0.9003295302391052,353,314,1,0.20076704861824973,303.70354173894515,Jangala Khandrika
314,0.04639999940991402,0.289000004529953,0.19550000131130219,0.06341999769210815,0.09655000269412994,0.11159999668598175,0.16482000052928925,0.23136666417121887,0.25850000977516174,0.267300009727478,0.28885000944137573,0.2775999903678894,334,0.2663815436772841,35,28_515_shc_2025-26.4242,189,453.0,302.0515488407068,14.618,79.892,113.0,0.23715636134147644,0.4109264016151428,0.68,11.5,0.0009806172171236878,0.2657299099533466,1.0811821222305298,339,327,4,0.19919726723118833,303.4325028135065,Munulapudi
325,0.04270000010728836,0.23999999463558197,0.149399995803833,0.0457727275788784,0.07131428271532059,0.07212000340223312,0.12632222473621368,0.21711428463459015,0.24779999256134033,0.2515749931335449,0.2733166813850403,0.27757498621940613,325,0.33455452843736777,44,28_515_shc_2025-26.3434,186,285.5,302.84995721515855,14.622,79.762,113.0,0.33144664764404297,0.554395318031311,0.16,16.1,0.0009395168291107634,0.3267987370678116,0.9539898633956909,397,278,3,0.20076704861824973,303.70354173894515,Talupurupadu
134,0.03807999938726425,0.18230000138282776,0.08895000070333481,0.04569999873638153,0.07575000077486038,0.066600002348423,0.13349999487400055,0.2567000091075897,0.29670000076293945,0.31119999289512634,0.34825000166893005,0.3301500082015991,339,0.4469865640934956,35,28_515_shc_2025-26.8065,177,378.6,302.84995721515855,14.622,79.788,100.0,0.3995952308177948,0.6474325060844421,0.13,33.0,0.0009395168291107634,0.417976746192915,0.5857969522476196,359,302,1,0.20076704861824973,303.70354173894515,Talupurupadu
134,0.03807999938726425,0.18230000138282776,0.08895000070333481,0.04569999873638153,0.07575000077486038,0.066600002348423,0.13349999487400055,0.2567000091075897,0.29670000076293945,0.31119999289512634,0.34825000166893005,0.3301500082015991,339,0.4469865640934956,35,28_515_shc_2025-26.8084,177,446.9,302.84995721515855,14.622,79.788,100.0,0.3995952308177948,0.6474325060844421,0.16,31.5,0.0009395168291107634,0.417976746192915,0.5857969522476196,359,302,1,0.20076704861824973,303.70354173894515,Talupurupadu
161,0.04390000179409981,0.19705000519752502,0.11320000141859055,0.056699998676776886,0.09030000120401382,0.09759999811649323,0.1524166613817215,0.24009999632835388,0.28712499141693115,0.28734999895095825,0.319350004196167,0.3134399950504303,340,0.3276749346418955,37,28_515_shc_2025-26.3587,177,353.8,302.88237652025725,14.625,79.725,188.0,0.30682939291000366,0.4929211735725403,0.67,3.8,0.0008888342607273112,0.32162834306445365,0.6857491135597229,356,305,3,0.2020711062247293,303.66259892781574,Peramana
226,0.04569999873638153,0.2777000069618225,0.1967500001192093,0.06416666507720947,0.09541666507720947,0.10989999771118164,0.16169999539852142,0.23729999363422394,0.27549999952316284,0.2632400095462799,0.3052000105381012,0.30790001153945923,325,0.2659585729960265,35,28_515_shc_2025-26.10096,183,378.6,302.84995721515855,14.625,79.825,113.0,0.2389514148235321,0.41094496846199036,0.22,4.6,0.0009395168291107634,0.2634285633928405,1.0549308061599731,336,339,1,0.20076704861824973,303.70354173894515,Vangallu
27,0.03918749839067459,0.22849999368190765,0.13654999434947968,0.04665999859571457,0.06973333656787872,0.06840000301599503,0.11486666649580002,0.19729167222976685,0.22757500410079956,0.24044999480247498,0.25189998745918274,0.2616649866104126,334,0.33063646069582125,35,28_515_shc_2025-26.3423,177,348.9,302.84995721515855,14.625,79.835,88.0,0.3534405827522278,0.5570665001869202,0.22,122.1,0.0009395168291107634,0.3190640889853098,0.9503015279769897,352,315,2,0.20076704861824973,303.70354173894515,Jangala Khandrika
27,0.03918749839067459,0.22849999368190765,0.13654999434947968,0.04665999859571457,0.06973333656787872,0.06840000301599503,0.11486666649580002,0.19729167222976685,0.22757500410079956,0.24044999480247498,0.25189998745918274,0.2616649866104126,334,0.33063646069582125,35,28_515_shc_2025-26.3455,177,415.9,302.84995721515855,14.625,79.835,113.0,0.3534405827522278,0.5570665001869202,0.32,9.2,0.0009395168291107634,0.3190640889853098,0.9503015279769897,352,315,2,0.20076704861824973,303.70354173894515,Jangala Khandrika
116,0.041099999099969864,0.19359999895095825,0.10279999673366547,0.05570000037550926,0.09939999878406525,0.09520000219345093,0.17649999260902405,0.29280000925064087,0.3458000123500824,0.3522999882698059,0.38119998574256897,0.38530001044273376,357,0.42686366646683616,4,28_515_shc_2023-24.5062,174,224.7,302.67723414772433,14.628,80.048,238.0,0.33245083689689636,0.5745251178741455,0.69,29.4,0.0009681565295501462,0.4070184517109898,0.5495316386222839,328,315,2,0.2006610401889734,303.39434834530476,North Amuluru
180,0.03334999829530716,0.2562499940395355,0.1976500004529953,0.04024999961256981,0.07349999994039536,0.07985000312328339,0.1428000032901764,0.2287999987602234,0.25635001063346863,0.2793000042438507,0.27524998784065247,0.2797499895095825,348,0.342338781647081,89,28_515_shc_2025-26.1079,180,105.3,302.62545920254894,14.632,79.412,389.0,0.323383092880249,0.555338978767395,0.33,61.4,0.0007985327628266488,0.3482220789331924,0.917472243309021,403,249,1,0.30168550056323673,303.68607925950437,Ponguru
134,0.05389999970793724,0.3650999963283539,0.2479500025510788,0.08160000294446945,0.11879999935626984,0.1469999998807907,0.20784999430179596,0.2937000095844269,0.3471499979496002,0.35760000348091125,0.38987499475479126,0.3815999925136566,323,0.3234824374842047,40,28_515_shc_2025-26.4978,177,142.8,302.88237652025725,14.632,79.688,163.0,0.26483333110809326,0.4173602759838104,0.35,17.7,0.0008888342607273112,0.3144535181595479,1.0209730863571167,363,313,1,0.2020711062247293,303.66259892781574,Kondameeda Konduru
116,0.04600000008940697,0.26385000348091125,0.18119999766349792,0.0722000002861023,0.10100000351667404,0.11465000361204147,0.15406666696071625,0.22550000250339508,0.251800000667572,0.26930001378059387,0.28369998931884766,0.27213332056999207,327,0.2730981255388014,35,28_515_shc_2025-26.1251,174,360.0,302.84995721515855,14.638,79.848,88.0,0.2721833288669586,0.40278682112693787,0.35,38.4,0.0009395168291107634,0.26243001378865216,0.9797623157501221,372,301,2,0.20076704861824973,303.70354173894515,Kaligiri Konduru
90,0.04533333331346512,0.26260000467300415,0.17294999957084656,0.056166667491197586,0.08839999884366989,0.10719999670982361,0.1597999930381775,0.23909999430179596,0.27033331990242004,0.2741333246231079,0.30346667766571045,0.28984999656677246,310,0.2789505906164353,46,28_515_shc_2025-26.6474,174,509.0,302.88237652025725,14.642,79.748,50.0,0.26348134875297546,0.43776223063468933,0.16,23.8,0.0008888342607273112,0.2841149719509307,0.9579280614852905,362,328,2,0.2020711062247293,303.66259892781574,Korimerla
333,0.058783333748579025,0.3730500042438507,0.2759000062942505,0.08630000054836273,0.12301667034626007,0.15880000591278076,0.21436665952205658,0.2825399935245514,0.31690001487731934,0.3278000056743622,0.3638833463191986,0.3261624872684479,317,0.2586708236588724,36,28_515_shc_2025-26.8167,183,478.0,302.84995721515855,14.642,79.822,88.0,0.20922228693962097,0.34730783104896545,0.53,15.1,0.0009395168291107634,0.2569430333115107,1.1380414962768555,349,334,2,0.20076704861824973,303.70354173894515,Marripadu
134,0.03985000029206276,0.24740000069141388,0.16345000267028809,0.04740000143647194,0.07559999823570251,0.07150000333786011,0.13339999318122864,0.24400000274181366,0.2782999873161316,0.27730000019073486,0.3070000112056732,0.31520000100135803,351,0.38088539275612204,93,28_515_shc_2025-26.4113,177,119.4,302.62545920254894,14.645,79.365,213.0,0.3503774404525757,0.5900229215621948,0.65,80.6,0.0007985327628266488,0.3636899081008456,0.8921745419502258,394,254,1,0.30168550056323673,303.68607925950437,Pallavolu
134,0.035999998450279236,0.241799995303154,0.15410000085830688,0.04540000110864639,0.07339999824762344,0.07280000299215317,0.12319999933242798,0.2273000031709671,0.25999999046325684,0.2614000141620636,0.28870001435279846,0.2766000032424927,316,0.34727850015430584,100,28_515_shc_2025-26.3959,177,287.9,302.62545920254894,14.648,79.402,125.0,0.35933440923690796,0.5643327236175537,0.72,8.4,0.0007985327628266488,0.33912732071134266,0.9250190854072571,391,294,1,0.30168550056323673,303.68607925950437,Ponguru
333,0.04417499899864197,0.23360000550746918,0.13465000689029694,0.04399999976158142,0.07150000333786011,0.057750001549720764,0.11756666749715805,0.23516666889190674,0.27982500195503235,0.2626666724681854,0.30937498807907104,0.32083332538604736,326,0.4004886023708537,49,28_515_shc_2025-26.8284,183,93.1,302.929748367845,14.652,79.758,163.0,0.3816078007221222,0.6395318508148193,0.14,20.7,0.000926543984072495,0.3746571908056909,0.8893401026725769,355,319,2,0.2593893419232285,303.7176119486491,Hasanapuram
180,0.05054999887943268,0.2601499855518341,0.15854999423027039,0.06977500021457672,0.10454999655485153,0.12439999729394913,0.17599999904632568,0.24527500569820404,0.27595001459121704,0.2711666524410248,0.3034000098705292,0.321233332157135,349,0.24555169657739698,28,28_515_shc_2025-26.3727,180,70.2,302.64124267979673,14.652,79.902,201.0,0.21282143890857697,0.3710289001464844,0.53,16.1,0.000959665528372469,0.24582199748702424,0.9593730568885803,334,317,1,0.2028585065875137,303.5705836112039,Thurimerla
180,0.05054999887943268,0.2601499855518341,0.15854999423027039,0.06977500021457672,0.10454999655485153,0.12439999729394913,0.17599999904632568,0.24527500569820404,0.27595001459121704,0.2711666524410248,0.3034000098705292,0.321233332157135,349,0.24555169657739698,28,28_515_shc_2025-26.3716,180,42.1,302.64124267979673,14.652,79.902,188.0,0.21282143890857697,0.3710289001464844,0.88,9.2,0.000959665528372469,0.24582199748702424,0.9593730568885803,334,317,1,0.2028585065875137,303.5705836112039,Thurimerla
180,0.04596000164747238,0.24115000665187836,0.1509000062942505,0.06896666437387466,0.10343333333730698,0.11263333261013031,0.17534999549388885,0.26684999465942383,0.30480000376701355,0.30605000257492065,0.33489999175071716,0.33009999990463257,348,0.33015271734069174,25,28_515_shc_2025-26.3114,180,140.5,302.64124267979673,14.652,79.918,213.0,0.2714998126029968,0.46196410059928894,0.05,58.4,0.000959665528372469,0.31580523324584464,0.7879431843757629,319,333,2,0.2028585065875137,303.5705836112039,Dagadarthi
46,0.0458500012755394,0.22945000231266022,0.12999999523162842,0.06624999642372131,0.09987500309944153,0.10300000011920929,0.16554999351501465,0.2609666585922241,0.29793334007263184,0.3215999901294708,0.3373500108718872,0.31299999356269836,340,0.3787970460992329,23,28_515_shc_2025-26.9989,177,330.1,302.64124267979673,14.652,79.928,188.0,0.3203325569629669,0.5148375034332275,0.45,56.83,0.000959665528372469,0.3546398317906108,0.7134639620780945,314,346,1,0.2028585065875137,303.5705836112039,Dagadarthi
134,0.04848000034689903,0.2842999994754791,0.2070000022649765,0.06949999928474426,0.10459999740123749,0.13050000369548798,0.17389999330043793,0.22589999437332153,0.2438499927520752,0.2615000009536743,0.2785249948501587,0.2851000130176544,334,0.2150008120924821,31,28_515_shc_2025-26.4076,171,112.4,302.64124267979673,14.662,79.882,25.0,0.20119433104991913,0.3341836631298065,0.21,99.8,0.000959665528372469,0.22029147406178104,1.0871893167495728,325,341,4,0.2028585065875137,303.5705836112039,Chennuru
116,0.04010000079870224,0.18476666510105133,0.093299999833107,0.055399999022483826,0.08055000007152557,0.07739999890327454,0.14425000548362732,0.2461249977350235,0.272433340549469,0.2886500060558319,0.31369999051094055,0.3086000084877014,328,0.39484506388078366,26,28_515_shc_2025-26.3283,168,35.1,302.64124267979673,14.662,79.898,188.0,0.33356431126594543,0.5771069526672363,0.42,109.2,0.000959665528372469,0.3658853517861228,0.640106201171875,342,330,4,0.2028585065875137,303.5705836112039,Katrayapadu
333,0.044199999421834946,0.2953999936580658,0.21070000529289246,0.07760000228881836,0.11060000211000443,0.14399999380111694,0.19300000369548798,0.2973000109195709,0.3479999899864197,0.3718000054359436,0.3912999927997589,0.3467999994754791,316,0.34435847498747485,42,28_515_shc_2025-26.7286,183,105.5,302.9662409665292,14.665916,79.677545,201.0,0.31657224893569946,0.4416440725326538,0.26,9.94,0.0008955459486812579,0.3363851326135868,0.7945131659507751,373,311,2,0.272616704305013,303.703087723046,Anumasamudram
180,0.0478999987244606,0.3057999908924103,0.258899986743927,0.059700001031160355,0.09584999829530716,0.11819999665021896,0.1657000035047531,0.20755000412464142,0.2350499927997589,0.22814999520778656,0.2583000063896179,0.2576499879360199,301,0.18452940548745803,109,28_515_shc_2025-26.3665,180,133.4,302.8543645959151,14.668,79.388,176.0,0.15856288373470306,0.31745344400405884,0.38,38.4,0.0008198980527502041,0.19486618942866527,1.3403462171554565,380,319,2,0.2798453883120888,303.5572029916864,Ponguru
27,0.037974998354911804,0.2371000051498413,0.17456667125225067,0.049880001693964005,0.07460000365972519,0.08878333121538162,0.14959999918937683,0.21017499268054962,0.24124999344348907,0.21645000576972961,0.2529999911785126,0.27652499079704285,335,0.23211278931325724,35,28_515_shc_2025-26.10002,177,126.4,302.64124267979673,14.668,79.878,201.0,0.18262533843517303,0.41825926303863525,0.74,77.6,0.000959665528372469,0.23781927925204968,1.0954030752182007,357,308,2,0.2028585065875137,303.5705836112039,Chennuru
27,0.037974998354911804,0.2371000051498413,0.17456667125225067,0.049880001693964005,0.07460000365972519,0.08878333121538162,0.14959999918937683,0.21017499268054962,0.24124999344348907,0.21645000576972961,0.2529999911785126,0.27652499079704285,335,0.23211278931325724,35,28_515_shc_2025-26.3123,177,126.4,302.64124267979673,14.668,79.878,163.0,0.18262533843517303,0.41825926303863525,0.19,76.8,0.000959665528372469,0.23781927925204968,1.0954030752182007,357,308,2,0.2028585065875137,303.5705836112039,Chennuru
27,0.037974998354911804,0.2371000051498413,0.17456667125225067,0.049880001693964005,0.07460000365972519,0.08878333121538162,0.14959999918937683,0.21017499268054962,0.24124999344348907,0.21645000576972961,0.2529999911785126,0.27652499079704285,335,0.23211278931325724,35,28_515_shc_2025-26.1002,177,126.4,302.64124267979673,14.668,79.878,151.0,0.18262533843517303,0.41825926303863525,1.07,66.8,0.000959665528372469,0.23781927925204968,1.0954030752182007,357,308,2,0.2028585065875137,303.5705836112039,Chennuru
27,0.037974998354911804,0.2371000051498413,0.17456667125225067,0.049880001693964005,0.07460000365972519,0.08878333121538162,0.14959999918937683,0.21017499268054962,0.24124999344348907,0.21645000576972961,0.2529999911785126,0.27652499079704285,335,0.23211278931325724,35,28_515_shc_2025-26.10213,177,161.5,302.64124267979673,14.668,79.878,188.0,0.18262533843517303,0.41825926303863525,0.15,14.6,0.000959665528372469,0.23781927925204968,1.0954030752182007,357,308,2,0.2028585065875137,303.5705836112039,Chennuru
27,0.037974998354911804,0.2371000051498413,0.17456667125225067,0.049880001693964005,0.07460000365972519,0.08878333121538162,0.14959999918937683,0.21017499268054962,0.24124999344348907,0.21645000576972961,0.2529999911785126,0.27652499079704285,335,0.23211278931325724,35,28_515_shc_2025-26.3121,177,112.4,302.64124267979673,14.668,79.878,38.0,0.18262533843517303,0.41825926303863525,0.75,97.5,0.000959665528372469,0.23781927925204968,1.0954030752182007,357,308,2,0.2028585065875137,303.5705836112039,Chennuru
0,0.057075001299381256,0.31913334131240845,0.2515999972820282,0.09374305605888367,0.13965000212192535,0.18570666015148163,0.18905000388622284,0.2377166599035263,0.2702000141143799,0.27152857184410095,0.28326666355133057,0.31235000491142273,355,0.12750658982038604,27,28_515_shc_2025-26.1138,180,702.3,302.64124267979673,14.668,79.922,38.0,0.17907600104808807,0.18769749999046326,0.79,49.15,0.000959665528372469,0.13448404659171911,1.1753214597702026,342,303,0,0.2028585065875137,303.5705836112039,Dagadarthi
0,0.057075001299381256,0.31913334131240845,0.2515999972820282,0.09374305605888367,0.13965000212192535,0.18570666015148163,0.18905000388622284,0.2377166599035263,0.2702000141143799,0.27152857184410095,0.28326666355133057,0.31235000491142273,355,0.12750658982038604,27,28_515_shc_2025-26.3998,180,133.4,302.64124267979673,14.668,79.922,176.0,0.17907600104808807,0.18769749999046326,0.41,65.3,0.000959665528372469,0.13448404659171911,1.1753214597702026,342,303,0,0.2028585065875137,303.5705836112039,Dagadarthi
296,0.07729999721050262,0.37976667284965515,0.2935500144958496,0.09443999826908112,0.12843333184719086,0.17470000684261322,0.21825000643730164,0.25511667132377625,0.28049999475479126,0.2903999984264374,0.31507501006126404,0.3109999895095825,312,0.1774213148815108,48,28_515_shc_2025-26.1828,192,329.0,302.9662409665292,14.669867,79.722879,326.0,0.14184604585170746,0.24876368045806885,0.28,20.7,0.0008955459486812579,0.17982591071207588,1.3077365159988403,389,299,4,0.272616704305013,303.703087723046,Chiramana
314,0.04580000042915344,0.26100000739097595,0.2215999960899353,0.06830000132322311,0.09799999743700027,0.13269999623298645,0.1573999971151352,0.1770000010728836,0.19220000505447388,0.20399999618530273,0.21770000457763672,0.22540000081062317,320,0.11979569490525913,71,28_515_shc_2025-26.9316,183,80.7,302.924711361266,14.672,79.628,201.0,0.12894299626350403,0.2117612212896347,0.27,22.3,0.0008683114439793288,0.1278235937583315,1.279411792755127,384,296,1,0.201482237431041,303.6560756616425,Ponugodu
314,0.04580000042915344,0.26100000739097595,0.2215999960899353,0.06830000132322311,0.09799999743700027,0.13269999623298645,0.1573999971151352,0.1770000010728836,0.19220000505447388,0.20399999618530273,0.21770000457763672,0.22540000081062317,320,0.11979569490525913,71,28_515_shc_2025-26.483,183,80.7,302.924711361266,14.672,79.628,226.0,0.12894299626350403,0.2117612212896347,0.33,18.4,0.0008683114439793288,0.1278235937583315,1.279411792755127,384,296,1,0.201482237431041,303.6560756616425,Ponugodu
0,0.04560000076889992,0.29980000853538513,0.20180000364780426,0.06080000102519989,0.0934000015258789,0.1111999973654747,0.17229999601840973,0.27720001339912415,0.30959999561309814,0.31859999895095825,0.3612000048160553,0.319599986076355,322,0.33893320191063514,47,28_515_shc_2025-26.5003,180,130.4,302.9662409665292,14.678559,79.666517,351.0,0.29802405834198,0.4825500249862671,0.34,8.4,0.0008955459486812579,0.33458808734211976,0.9409918785095215,376,302,0,0.272616704305013,303.703087723046,Anumasamudram
64,0.049024999141693115,0.19349999725818634,0.12330000102519989,0.03681666776537895,0.04843636229634285,0.04428749904036522,0.09149999916553497,0.19056667387485504,0.2341500073671341,0.23297999799251556,0.26693999767303467,0.2932499945163727,300,0.38584898620632924,54,28_515_shc_2025-26.5090,174,341.4,302.9662409665292,14.682,79.732,251.0,0.43602070212364197,0.6805431842803955,0.17,25.3,0.0008955459486812579,0.3641458693547456,0.8305433988571167,397,303,2,0.272616704305013,303.703087723046,Chiramana
35,0.051600001752376556,0.2554750144481659,0.17364999651908875,0.06849999725818634,0.10378571599721909,0.1256999969482422,0.17194999754428864,0.2529500126838684,0.28929999470710754,0.3061999976634979,0.31973332166671753,0.344650000333786,336,0.29175961065042877,27,28_515_shc_2025-26.1056,174,323.1,302.64124267979673,14.682,79.912,213.0,0.2807696461677551,0.4179208278656006,0.55,10.0,0.000959665528372469,0.2905354680098339,0.8343403339385986,343,321,3,0.2028585065875137,303.5705836112039,Velupodu
35,0.051600001752376556,0.2554750144481659,0.17364999651908875,0.06849999725818634,0.10378571599721909,0.1256999969482422,0.17194999754428864,0.2529500126838684,0.28929999470710754,0.3061999976634979,0.31973332166671753,0.344650000333786,336,0.29175961065042877,27,28_515_shc_2025-26.3318,174,498.6,302.64124267979673,14.682,79.912,100.0,0.2807696461677551,0.4179208278656006,0.64,26.1,0.000959665528372469,0.2905354680098339,0.8343403339385986,343,321,3,0.2028585065875137,303.5705836112039,Velupodu
314,0.05558000132441521,0.17874999344348907,0.12134999781847,0.05950000137090683,0.08584500104188919,0.08460000157356262,0.13574999570846558,0.1570499986410141,0.17215000092983246,0.1211535707116127,0.1742749959230423,0.17033334076404572,329,0.0772800397169878,36,28_515_shc_2025-26.10231,186,161.5,302.64124267979673,14.688,79.888,163.0,-0.056816745549440384,0.17765703797340393,0.62,10.0,0.000959665528372469,0.07769050821739193,1.4754000902175903,364,307,3,0.2028585065875137,303.5705836112039,Manubolupadu
21,0.05483333393931389,0.3373500108718872,0.23317499458789825,0.05717499926686287,0.08558333665132523,0.10924166440963745,0.16597667336463928,0.225600004196167,0.24754999577999115,0.2568666636943817,0.27356666326522827,0.2602333426475525,324,0.24877752907269238,37,28_515_shc_2024-25.6196,171,329.0,302.64124267979673,14.688,79.912,176.0,0.2149495631456375,0.40322765707969666,0.23,69.9,0.000959665528372469,0.2556695181673878,1.3133273124694824,363,313,8,0.2028585065875137,303.5705836112039,Dagadarthi
284,0.09889999777078629,0.3248000144958496,0.2992999851703644,0.14810000360012054,0.16660000383853912,0.19380000233650208,0.21150000393390656,0.2337000072002411,0.2637999951839447,0.2517000138759613,0.28519999980926514,0.26440000534057617,310,0.11102590891611365,48,28_515_shc_2025-26.5456,192,136.6,302.9662409665292,14.692,79.678,213.0,0.08678758144378662,0.1299663484096527,0.23,16.1,0.0008955459486812579,0.09185617749336217,1.2904250621795654,374,315,4,0.272616704305013,303.703087723046,Pedabbipuram
0,0.04490416496992111,0.24690000712871552,0.15905000269412994,0.0504404753446579,0.08195249736309052,0.07540000230073929,0.14835000038146973,0.26464998722076416,0.3089500069618225,0.3373333215713501,0.33719998598098755,0.31220000982284546,312,0.46395032325383523,62,28_515_shc_2025-26.10336,180,99.2,302.929748367845,14.692,79.782,38.0,0.3891081213951111,0.6346309185028076,0.34,20.7,0.000926543984072495,0.4304652505061569,0.7319170236587524,362,326,0,0.2593893419232285,303.7176119486491,Zuvvalaguntapalle
180,0.055525001138448715,0.29563334584236145,0.19339999556541443,0.06849999725818634,0.09825000166893005,0.10540000349283218,0.17923332750797272,0.27889999747276306,0.30550000071525574,0.3158000111579895,0.33845001459121704,0.3375999927520752,335,0.3666910661550607,31,28_515_shc_2025-26.968,180,105.3,302.64124267979673,14.692,79.908,213.0,0.27587372064590454,0.49952515959739685,0.98,27.6,0.000959665528372469,0.34259662014591186,0.9361410140991211,358,307,2,0.2028585065875137,303.5705836112039,Velupodu
64,0.053199999034404755,0.30344998836517334,0.24410000443458557,0.0731000006198883,0.10729999840259552,0.14319999516010284,0.1789499968290329,0.24345000088214874,0.28025001287460327,0.27810001373291016,0.31154999136924744,0.31235000491142273,294,0.21223375643766884,83,28_515_shc_2025-26.6453,174,147.5,302.9138749440511,14.695,79.465,201.0,0.21693472564220428,0.3201994299888611,0.44,8.4,0.0008447447872946297,0.2196353260675037,1.0911542177200317,443,264,2,0.20507139908640007,303.62899318494294,Nandavaram
0,0.06255000084638596,0.3429499864578247,0.2676999866962433,0.0729999989271164,0.10610000044107437,0.1315000057220459,0.1851000040769577,0.25760000944137573,0.29600000381469727,0.3094500005245209,0.3377000093460083,0.3285500109195709,287,0.28684030735984806,84,28_515_shc_2025-26.8156,180,217.7,302.9138749440511,14.698,79.468,289.0,0.25144070386886597,0.40356048941612244,1.02,24.6,0.0008447447872946297,0.2836760618860843,1.1082565784454346,440,272,1,0.20507139908640007,303.62899318494294,Nandavaram
296,0.0481666661798954,0.2001499980688095,0.10634999722242355,0.05572500079870224,0.09002500027418137,0.07819999754428864,0.1476999968290329,0.27488332986831665,0.3281624913215637,0.3470500111579895,0.369174987077713,0.35513749718666077,302,0.48066869074873536,46,28_515_shc_2025-26.4983,186,577.3,302.9662409665292,14.698,79.722,113.0,0.4029307961463928,0.6322163343429565,0.46,24.6,0.0008955459486812579,0.4358551922481688,0.5767180323600769,379,319,2,0.272616704305013,303.703087723046,Chiramana
333,0.06040000170469284,0.22339999675750732,0.12620000541210175,0.07649999856948853,0.11580000072717667,0.1096000000834465,0.1875,0.31349998712539673,0.36570000648498535,0.37400001287460327,0.40790000557899475,0.3991999924182892,328,0.45340742946730156,11,28_515_shc_2025-26.1154,183,77.3,302.8139229155423,14.698,80.002,151.0,0.3321460485458374,0.5467328429222107,0.78,11.5,0.0009555819147769849,0.4032127022792648,0.5973261594772339,338,335,2,0.2012444211725603,303.67025295056794,Kothapalle Kowrugunta
333,0.06040000170469284,0.22339999675750732,0.12620000541210175,0.07649999856948853,0.11580000072717667,0.1096000000834465,0.1875,0.31349998712539673,0.36570000648498535,0.37400001287460327,0.40790000557899475,0.3991999924182892,328,0.45340742946730156,11,28_515_shc_2025-26.4114,183,140.5,302.8139229155423,14.698,80.002,50.0,0.3321460485458374,0.5467328429222107,0.4,13.8,0.0009555819147769849,0.4032127022792648,0.5973261594772339,338,335,2,0.2012444211725603,303.67025295056794,Kothapalle Kowrugunta
333,0.06040000170469284,0.22339999675750732,0.12620000541210175,0.07649999856948853,0.11580000072717667,0.1096000000834465,0.1875,0.31349998712539673,0.36570000648498535,0.37400001287460327,0.40790000557899475,0.3991999924182892,328,0.45340742946730156,11,28_515_shc_2025-26.4083,183,19.4,302.8139229155423,14.698,80.002,201.0,0.3321460485458374,0.5467328429222107,0.84,59.9,0.0009555819147769849,0.4032127022792648,0.5973261594772339,338,335,2,0.2012444211725603,303.67025295056794,Kothapalle Kowrugunta
333,0.06040000170469284,0.22339999675750732,0.12620000541210175,0.07649999856948853,0.11580000072717667,0.1096000000834465,0.1875,0.31349998712539673,0.36570000648498535,0.37400001287460327,0.40790000557899475,0.3991999924182892,328,0.45340742946730156,11,28_515_shc_2025-26.1157,183,182.6,302.8139229155423,14.698,80.002,238.0,0.3321460485458374,0.5467328429222107,0.62,7.7,0.0009555819147769849,0.4032127022792648,0.5973261594772339,338,335,2,0.2012444211725603,303.67025295056794,Kothapalle Kowrugunta
270,0.04594000056385994,0.2757999897003174,0.1915999948978424,0.05016666650772095,0.0742499977350235,0.09582500159740448,0.1412999927997589,0.20925000309944153,0.23125000298023224,0.24806666374206543,0.2635999917984009,0.27274999022483826,304,0.2630722438283279,50,28_515_shc_2025-26.1772,183,384.9,302.9662409665292,14.702,79.732,276.0,0.2742059826850891,0.44270238280296326,0.13,16.1,0.0008955459486812579,0.27060640908821953,1.1117979288101196,384,312,1,0.272616704305013,303.703087723046,Chiramana
270,0.04594000056385994,0.2757999897003174,0.1915999948978424,0.05016666650772095,0.0742499977350235,0.09582500159740448,0.1412999927997589,0.20925000309944153,0.23125000298023224,0.24806666374206543,0.2635999917984009,0.27274999022483826,304,0.2630722438283279,50,28_515_shc_2025-26.6918,183,335.2,302.9662409665292,14.702,79.732,63.0,0.2742059826850891,0.44270238280296326,0.14,5.4,0.0008955459486812579,0.27060640908821953,1.1117979288101196,384,312,1,0.272616704305013,303.703087723046,Chiramana
270,0.04594000056385994,0.2757999897003174,0.1915999948978424,0.05016666650772095,0.0742499977350235,0.09582500159740448,0.1412999927997589,0.20925000309944153,0.23125000298023224,0.24806666374206543,0.2635999917984009,0.27274999022483826,304,0.2630722438283279,50,28_515_shc_2025-26.5428,183,335.2,302.9662409665292,14.702,79.732,326.0,0.2742059826850891,0.44270238280296326,0.73,16.9,0.0008955459486812579,0.27060640908821953,1.1117979288101196,384,312,1,0.272616704305013,303.703087723046,Chiramana
153,0.04805000126361847,0.2632000148296356,0.2122499942779541,0.061400000005960464,0.09205000102519989,0.11919999867677689,0.15004999935626984,0.18050000071525574,0.1987999975681305,0.20822499692440033,0.22616666555404663,0.23373332619667053,299,0.15213527508356223,67,28_515_shc_2025-26.11689,177,397.3,302.929748367845,14.702,79.778,113.0,0.16237527132034302,0.27189433574676514,0.3,10.0,0.000926543984072495,0.16138924746213598,1.2640173435211182,355,346,2,0.2593893419232285,303.7176119486491,Akbarabad
153,0.04805000126361847,0.2632000148296356,0.2122499942779541,0.061400000005960464,0.09205000102519989,0.11919999867677689,0.15004999935626984,0.18050000071525574,0.1987999975681305,0.20822499692440033,0.22616666555404663,0.23373332619667053,299,0.15213527508356223,67,28_515_shc_2025-26.10958,177,602.1,302.929748367845,14.702,79.778,100.0,0.16237527132034302,0.27189433574676514,0.19,14.6,0.000926543984072495,0.16138924746213598,1.2640173435211182,355,346,2,0.2593893419232285,303.7176119486491,Kunalammapadu
0,0.035100001841783524,0.20669999718666077,0.11980000138282776,0.03245000168681145,0.05180000141263008,0.04645000025629997,0.1050499975681305,0.24684999883174896,0.30924999713897705,0.3312999904155731,0.3369799852371216,0.3255000114440918,299,0.5210829497363272,60,28_515_shc_2025-26.10919,180,620.7,302.929748367845,14.702,79.788,188.0,0.5185058116912842,0.7540701627731323,0.08,10.8,0.000926543984072495,0.48678438026738385,0.6239058375358582,346,355,3,0.2593893419232285,303.7176119486491,Kunalammapadu
0,0.035100001841783524,0.20669999718666077,0.11980000138282776,0.03245000168681145,0.05180000141263008,0.04645000025629997,0.1050499975681305,0.24684999883174896,0.30924999713897705,0.3312999904155731,0.3369799852371216,0.3255000114440918,299,0.5210829497363272,60,28_515_shc_2025-26.10953,180,577.3,302.929748367845,14.702,79.788,188.0,0.5185058116912842,0.7540701627731323,0.18,25.3,0.000926543984072495,0.48678438026738385,0.6239058375358582,346,355,3,0.2593893419232285,303.7176119486491,Kunalammapadu
180,0.03435000032186508,0.2400333285331726,0.17499999701976776,0.0405857153236866,0.06697999686002731,0.09881428629159927,0.1429399996995926,0.21389999985694885,0.24654999375343323,0.2551000118255615,0.2770000100135803,0.2750999927520752,300,0.25312005696795475,63,28_515_shc_2025-26.10963,180,620.7,302.929748367845,14.705,79.785,176.0,0.28178074955940247,0.4415920078754425,0.06,14.6,0.000926543984072495,0.2745340941331547,0.9409381151199341,349,351,2,0.2593893419232285,303.7176119486491,Kunalammapadu
90,0.04987499862909317,0.24025000631809235,0.178849995136261,0.06544999778270721,0.1077750027179718,0.13648749887943268,0.16018334031105042,0.18994000554084778,0.210099995136261,0.22713333368301392,0.21854999661445618,0.2111624926328659,322,0.14571567265241858,38,28_515_shc_2025-26.3517,174,70.2,302.64124267979673,14.705,79.865,213.0,0.17285595834255219,0.2492866963148117,0.74,41.47,0.000959665528372469,0.15744033385801892,1.057748794555664,376,301,2,0.2028585065875137,303.5705836112039,Katrayapadu
270,0.044199999421834946,0.20909999310970306,0.14409999549388885,0.06599999964237213,0.09369999915361404,0.1088000014424324,0.14010000228881836,0.2596000134944916,0.3003999888896942,0.335999995470047,0.34549999237060547,0.3452000021934509,296,0.3802383066547136,83,28_515_shc_2025-26.6423,186,133.4,302.9138749440511,14.708,79.478,314.0,0.41146817803382874,0.5107913613319397,0.24,54.53,0.0008447447872946297,0.36071125333946374,0.6223214268684387,430,273,2,0.20507139908640007,303.62899318494294,Nandavaram
270,0.044199999421834946,0.20909999310970306,0.14409999549388885,0.06599999964237213,0.09369999915361404,0.1088000014424324,0.14010000228881836,0.2596000134944916,0.3003999888896942,0.335999995470047,0.34549999237060547,0.3452000021934509,296,0.3802383066547136,83,28_515_shc_2025-26.1204,186,147.5,302.9138749440511,14.708,79.478,339.0,0.41146817803382874,0.5107913613319397,0.72,33.0,0.0008447447872946297,0.36071125333946374,0.6223214268684387,430,273,2,0.20507139908640007,303.62899318494294,Nandavaram
46,0.051874998956918716,0.29179999232292175,0.18610000610351562,0.07100000232458115,0.1096000000834465,0.1136000007390976,0.18729999661445618,0.3100000023841858,0.3594000041484833,0.367900013923645,0.40290001034736633,0.38839998841285706,324,0.4190837393369735,44,28_515_shc_2025-26.1887,174,136.6,302.9662409665292,14.708,79.692,213.0,0.32528820633888245,0.5281412601470947,0.14,10.8,0.0008955459486812579,0.3886398513278604,0.7931502461433411,382,294,3,0.272616704305013,303.703087723046,Kakarlapadu
90,0.04690416529774666,0.22624999284744263,0.1391499936580658,0.05459464341402054,0.08506666868925095,0.10483749955892563,0.14214999973773956,0.22529999911785126,0.25971999764442444,0.2689499855041504,0.2779333293437958,0.2931571304798126,315,0.2756311972128956,49,28_515_shc_2025-26.11035,174,119.4,302.929748367845,14.708,79.842,188.0,0.3084407448768616,0.43905290961265564,0.4,9.2,0.000926543984072495,0.28172608686432143,0.8412344455718994,342,343,2,0.2593893419232285,303.7176119486491,Manubolupadu
90,0.04690416529774666,0.22624999284744263,0.1391499936580658,0.05459464341402054,0.08506666868925095,0.10483749955892563,0.14214999973773956,0.22529999911785126,0.25971999764442444,0.2689499855041504,0.2779333293437958,0.2931571304798126,315,0.2756311972128956,49,28_515_shc_2025-26.1388,174,126.4,302.929748367845,14.708,79.842,176.0,0.3084407448768616,0.43905290961265564,0.8,25.3,0.000926543984072495,0.28172608686432143,0.8412344455718994,342,343,2,0.2593893419232285,303.7176119486491,Manubolupadu
90,0.04690416529774666,0.22624999284744263,0.1391499936580658,0.05459464341402054,0.08506666868925095,0.10483749955892563,0.14214999973773956,0.22529999911785126,0.25971999764442444,0.2689499855041504,0.2779333293437958,0.2931571304798126,315,0.2756311972128956,49,28_515_shc_2025-26.3815,174,154.5,302.929748367845,14.708,79.842,151.0,0.3084407448768616,0.43905290961265564,0.37,15.4,0.000926543984072495,0.28172608686432143,0.8412344455718994,342,343,2,0.2593893419232285,303.7176119486491,Manubolupadu
116,0.05303333327174187,0.264849990606308,0.1688999980688095,0.07133333384990692,0.10610000044107437,0.1156499981880188,0.1857166737318039,0.3012999892234802,0.33924999833106995,0.35705000162124634,0.382750004529953,0.3630000054836273,342,0.39810021030252407,36,28_515_shc_2025-26.11025,174,70.2,302.64124267979673,14.708,79.888,113.0,0.31566664576530457,0.5106832981109619,0.48,10.8,0.000959665528372469,0.3722627790900019,0.7417728304862976,354,303,2,0.2028585065875137,303.5705836112039,Katrayapadu
0,0.040300000458955765,0.2658500075340271,0.15205000340938568,0.054249998182058334,0.0892999991774559,0.09364999830722809,0.1578499972820282,0.28345000743865967,0.32315000891685486,0.336899995803833,0.3483000099658966,0.3456999957561493,333,0.40761096840275024,12,28_515_shc_2025-26.6723,180,12.4,302.8139229155423,14.708,79.968,138.0,0.3618999421596527,0.5649750232696533,1.09,23.0,0.0009555819147769849,0.3921068169942512,0.7891066074371338,339,328,1,0.2012444211725603,303.67025295056794,Damavaram
0,0.040300000458955765,0.2658500075340271,0.15205000340938568,0.054249998182058334,0.0892999991774559,0.09364999830722809,0.1578499972820282,0.28345000743865967,0.32315000891685486,0.336899995803833,0.3483000099658966,0.3456999957561493,333,0.40761096840275024,12,28_515_shc_2025-26.1269,180,119.4,302.8139229155423,14.708,79.968,151.0,0.3618999421596527,0.5649750232696533,0.26,23.0,0.0009555819147769849,0.3921068169942512,0.7891066074371338,339,328,1,0.2012444211725603,303.67025295056794,Damavaram
0,0.040300000458955765,0.2658500075340271,0.15205000340938568,0.054249998182058334,0.0892999991774559,0.09364999830722809,0.1578499972820282,0.28345000743865967,0.32315000891685486,0.336899995803833,0.3483000099658966,0.3456999957561493,333,0.40761096840275024,12,28_515_shc_2025-26.6721,180,70.2,302.8139229155423,14.708,79.968,176.0,0.3618999421596527,0.5649750232696533,0.91,22.3,0.0009555819147769849,0.3921068169942512,0.7891066074371338,339,328,1,0.2012444211725603,303.67025295056794,Damavaram
0,0.056299999356269836,0.2922999858856201,0.20559999346733093,0.08160000294446945,0.11580000072717667,0.12950000166893005,0.1703999936580658,0.27140000462532043,0.3280999958515167,0.33640000224113464,0.3677000105381012,0.3506999909877777,311,0.3445117922050427,77,28_515_shc_2025-26.6420,180,49.2,302.9138749440511,14.712,79.482,276.0,0.3275454044342041,0.4440867006778717,0.23,47.62,0.0008447447872946297,0.32130655306137024,0.8689060211181641,421,268,1,0.20507139908640007,303.62899318494294,Nandavaram
0,0.05299999937415123,0.3136500120162964,0.23680000007152557,0.07270000129938126,0.10999999940395355,0.1289999932050705,0.17560000717639923,0.27175000309944153,0.30834999680519104,0.3137499988079071,0.3465000092983246,0.3393000066280365,314,0.2994327581781977,46,28_515_shc_2025-26.94,180,155.2,302.9662409665292,14.712,79.678,125.0,0.2823132574558258,0.41727837920188904,0.13,14.6,0.0008955459486812579,0.293953869798007,0.999681293964386,377,309,1,0.272616704305013,303.703087723046,Anumasamudrampeta
90,0.06790000200271606,0.328900009393692,0.2443999946117401,0.06780000030994415,0.09790000319480896,0.1316000074148178,0.17499999701976776,0.2272000014781952,0.2565000057220459,0.23819999396800995,0.2802000045776367,0.29179999232292175,296,0.17540970186600283,74,28_515_shc_2025-26.1880,177,142.8,302.924711361266,14.716609,79.603583,263.0,0.15295256674289703,0.28826388716697693,0.24,39.94,0.0008683114439793288,0.18383534096985008,1.380772590637207,416,288,1,0.201482237431041,303.6560756616425,Rajavolu
226,0.051500000059604645,0.3089500069618225,0.26350000500679016,0.07000000029802322,0.09849999845027924,0.1354999989271164,0.16805000603199005,0.19760000705718994,0.21975000202655792,0.2212499976158142,0.2475000023841858,0.2569499909877777,302,0.14204074758472154,81,28_515_shc_2025-26.9192,183,74.5,302.924711361266,14.718,79.588,201.0,0.1366555094718933,0.24036440253257751,0.14,22.3,0.0008683114439793288,0.15013130849379758,1.3963842391967773,416,282,1,0.201482237431041,303.6560756616425,Rajavolu
64,0.05550000071525574,0.24809999763965607,0.15649999678134918,0.08479999750852585,0.1031000018119812,0.12425000220537186,0.16359999775886536,0.27480000257492065,0.33294999599456787,0.34744998812675476,0.37814998626708984,0.3626999855041504,317,0.3829918371436012,45,28_515_shc_2025-26.10306,174,55.9,302.9662409665292,14.722,79.682,138.0,0.35974952578544617,0.4731820821762085,0.75,0.8,0.0008955459486812579,0.34455076897514414,0.714059591293335,375,308,2,0.272616704305013,303.703087723046,Pandipadu
64,0.05550000071525574,0.24809999763965607,0.15649999678134918,0.08479999750852585,0.1031000018119812,0.12425000220537186,0.16359999775886536,0.27480000257492065,0.33294999599456787,0.34744998812675476,0.37814998626708984,0.3626999855041504,317,0.3829918371436012,45,28_515_shc_2025-26.10363,174,68.3,302.9662409665292,14.722,79.682,63.0,0.35974952578544617,0.4731820821762085,0.65,30.7,0.0008955459486812579,0.34455076897514414,0.714059591293335,375,308,2,0.272616704305013,303.703087723046,Pandipadu
319,0.05503333359956741,0.2809999883174896,0.18440000712871552,0.06684999912977219,0.09920000284910202,0.11720000207424164,0.16940000653266907,0.26840001344680786,0.296099990606308,0.3005000054836273,0.3228999972343445,0.35713332891464233,353,0.30502720853595866,41,28_515_shc_2025-26.7771,195,245.8,302.64124267979673,14.722,79.888,201.0,0.2789955139160156,0.4388316869735718,0.33,30.0,0.000959665528372469,0.299607718044767,0.9351081252098083,344,303,7,0.2028585065875137,303.5705836112039,Katrayapadu
319,0.05503333359956741,0.2809999883174896,0.18440000712871552,0.06684999912977219,0.09920000284910202,0.11720000207424164,0.16940000653266907,0.26840001344680786,0.296099990606308,0.3005000054836273,0.3228999972343445,0.35713332891464233,353,0.30502720853595866,41,28_515_shc_2025-26.3291,195,42.1,302.64124267979673,14.722,79.888,113.0,0.2789955139160156,0.4388316869735718,0.27,20.7,0.000959665528372469,0.299607718044767,0.9351081252098083,344,303,7,0.2028585065875137,303.5705836112039,Katrayapadu
319,0.05503333359956741,0.2809999883174896,0.18440000712871552,0.06684999912977219,0.09920000284910202,0.11720000207424164,0.16940000653266907,0.26840001344680786,0.296099990606308,0.3005000054836273,0.3228999972343445,0.35713332891464233,353,0.30502720853595866,41,28_515_shc_2025-26.6727,195,84.3,302.64124267979673,14.722,79.888,151.0,0.2789955139160156,0.4388316869735718,0.68,15.4,0.000959665528372469,0.299607718044767,0.9351081252098083,344,303,7,0.2028585065875137,303.5705836112039,Katrayapadu
319,0.05503333359956741,0.2809999883174896,0.18440000712871552,0.06684999912977219,0.09920000284910202,0.11720000207424164,0.16940000653266907,0.26840001344680786,0.296099990606308,0.3005000054836273,0.3228999972343445,0.35713332891464233,353,0.30502720853595866,41,28_515_shc_2025-26.6722,195,91.3,302.64124267979673,14.722,79.888,13.0,0.2789955139160156,0.4388316869735718,0.11,49.92,0.000959665528372469,0.299607718044767,0.9351081252098083,344,303,7,0.2028585065875137,303.5705836112039,Katrayapadu
134,0.048900000751018524,0.13920000195503235,0.10899999737739563,0.06120000034570694,0.09269999712705612,0.1151999980211258,0.13989999890327454,0.14020000398159027,0.15379999577999115,0.15970000624656677,0.14169999957084656,0.20469999313354492,318,0.07992673411923175,61,28_515_shc_2025-26.5054,177,161.4,302.9662409665292,14.728,79.658,100.0,0.06608814001083374,0.1618770807981491,0.23,22.3,0.0008955459486812579,0.08614016256361046,0.871634304523468,395,288,1,0.272616704305013,303.703087723046,Akbarabad
0,0.051874998956918716,0.28349998593330383,0.1817999929189682,0.06379999965429306,0.10339999943971634,0.11320000141859055,0.18729999661445618,0.2743000090122223,0.31077998876571655,0.31450000405311584,0.34607499837875366,0.33293333649635315,339,0.33213437272439245,38,28_515_shc_2025-26.3844,180,42.1,302.64124267979673,14.728,79.888,176.0,0.2534874677658081,0.47065699100494385,0.44,28.4,0.000959665528372469,0.3254823781080564,0.9014307856559753,368,293,3,0.2028585065875137,303.5705836112039,Katrayapadu
0,0.051874998956918716,0.28349998593330383,0.1817999929189682,0.06379999965429306,0.10339999943971634,0.11320000141859055,0.18729999661445618,0.2743000090122223,0.31077998876571655,0.31450000405311584,0.34607499837875366,0.33293333649635315,339,0.33213437272439245,38,28_515_shc_2025-26.3841,180,70.2,302.64124267979673,14.728,79.888,188.0,0.2534874677658081,0.47065699100494385,0.41,14.6,0.000959665528372469,0.3254823781080564,0.9014307856559753,368,293,3,0.2028585065875137,303.5705836112039,Katrayapadu
0,0.051874998956918716,0.28349998593330383,0.1817999929189682,0.06379999965429306,0.10339999943971634,0.11320000141859055,0.18729999661445618,0.2743000090122223,0.31077998876571655,0.31450000405311584,0.34607499837875366,0.33293333649635315,339,0.33213437272439245,38,28_515_shc_2025-26.3856,180,56.2,302.64124267979673,14.728,79.888,226.0,0.2534874677658081,0.47065699100494385,0.14,28.4,0.000959665528372469,0.3254823781080564,0.9014307856559753,368,293,3,0.2028585065875137,303.5705836112039,Katrayapadu
0,0.051874998956918716,0.28349998593330383,0.1817999929189682,0.06379999965429306,0.10339999943971634,0.11320000141859055,0.18729999661445618,0.2743000090122223,0.31077998876571655,0.31450000405311584,0.34607499837875366,0.33293333649635315,339,0.33213437272439245,38,28_515_shc_2025-26.6717,180,56.2,302.64124267979673,14.728,79.888,138.0,0.2534874677658081,0.47065699100494385,0.16,32.3,0.000959665528372469,0.3254823781080564,0.9014307856559753,368,293,3,0.2028585065875137,303.5705836112039,Katrayapadu
0,0.051874998956918716,0.28349998593330383,0.1817999929189682,0.06379999965429306,0.10339999943971634,0.11320000141859055,0.18729999661445618,0.2743000090122223,0.31077998876571655,0.31450000405311584,0.34607499837875366,0.33293333649635315,339,0.33213437272439245,38,28_515_shc_2025-26.3572,180,147.5,302.64124267979673,14.728,79.888,188.0,0.2534874677658081,0.47065699100494385,0.27,16.1,0.000959665528372469,0.3254823781080564,0.9014307856559753,368,293,3,0.2028585065875137,303.5705836112039,Katrayapadu
314,0.033399999141693115,0.21379999816417694,0.1420000046491623,0.04309999942779541,0.06870000064373016,0.06499999761581421,0.12060000002384186,0.24279999732971191,0.2818000018596649,0.29739999771118164,0.31209999322891235,0.29030001163482666,311,0.4259062459979379,85,28_515_shc_2025-26.10907,183,366.2,302.924711361266,14.732,79.578,238.0,0.42296651005744934,0.6412803530693054,0.35,14.6,0.0008683114439793288,0.4042207815769672,0.7188971042633057,397,292,1,0.201482237431041,303.6560756616425,Dubagunta
27,0.051100000739097595,0.23409999907016754,0.14550000429153442,0.06700000166893005,0.0989999994635582,0.11620000004768372,0.17470000684261322,0.2685000002384186,0.32179999351501465,0.3312999904155731,0.3628000020980835,0.30570000410079956,321,0.35239186343857,55,28_515_shc_2025-26.10945,177,155.2,302.9662409665292,14.732,79.662,238.0,0.30948612093925476,0.48067039251327515,0.5,3.8,0.0008955459486812579,0.3405276926642314,0.7066103219985962,392,287,2,0.272616704305013,303.703087723046,Pedabbipuram
0,0.03625454381108284,0.2492000013589859,0.1805499941110611,0.05621249973773956,0.0868000015616417,0.10719999670982361,0.15411999821662903,0.2128400057554245,0.2387000024318695,0.24077999591827393,0.267549991607666,0.2768999934196472,285,0.22835964370706824,72,28_515_shc_2025-26.8400,180,378.6,302.929748367845,14.732,79.778,226.0,0.21944795548915863,0.3838726282119751,0.18,28.4,0.000926543984072495,0.23629095091227306,1.034969687461853,379,336,0,0.2593893419232285,303.7176119486491,Velpulagunta
0,0.03625454381108284,0.2492000013589859,0.1805499941110611,0.05621249973773956,0.0868000015616417,0.10719999670982361,0.15411999821662903,0.2128400057554245,0.2387000024318695,0.24077999591827393,0.267549991607666,0.2768999934196472,285,0.22835964370706824,72,28_515_shc_2025-26.11171,180,391.1,302.929748367845,14.732,79.778,138.0,0.21944795548915863,0.3838726282119751,0.23,3.1,0.000926543984072495,0.23629095091227306,1.034969687461853,379,336,0,0.2593893419232285,303.7176119486491,Velpulagunta
244,0.04019999876618385,0.25540000200271606,0.16459999978542328,0.04729999974370003,0.07329999655485153,0.08370000123977661,0.1429000049829483,0.23330000042915344,0.27549999952316284,0.2538999915122986,0.3025999963283539,0.2964000105857849,294,0.3036357622408162,65,28_515_shc_2025-26.2352,186,93.1,302.924711361266,14.735,79.645,100.0,0.2797378599643707,0.5041468739509583,0.38,19.2,0.0008683114439793288,0.30479941215132067,1.0059078931808472,411,295,2,0.201482237431041,303.6560756616425,Pedabbipuram
90,0.05590000003576279,0.3010999858379364,0.2680000066757202,0.08219999819993973,0.1160999983549118,0.16699999570846558,0.21310000121593475,0.2978000044822693,0.3481000065803528,0.36805713176727295,0.39366665482521057,0.39259999990463257,309,0.28664184049221686,47,28_515_shc_2025-26.9231,177,372.4,302.9662409665292,14.735,79.705,188.0,0.2666355073451996,0.37576761841773987,0.34,4.6,0.0008955459486812579,0.2913710712989416,0.8180794715881348,388,303,1,0.272616704305013,303.703087723046,Kakarlapadu
215,0.05469999834895134,0.3379000127315521,0.2345999926328659,0.07199999690055847,0.10949999839067459,0.133200004696846,0.19750000536441803,0.2676999866962433,0.3043000102043152,0.3091000020503998,0.3456999957561493,0.3456000089645386,304,0.2803991445443466,58,28_515_shc_2025-26.9275,186,136.6,302.9662409665292,14.738,79.662,188.0,0.2202921360731125,0.3976938724517822,0.48,19.2,0.0008955459486812579,0.280006361181215,1.0931737422943115,388,308,3,0.272616704305013,303.703087723046,Anumasamudrampeta
215,0.05469999834895134,0.3379000127315521,0.2345999926328659,0.07199999690055847,0.10949999839067459,0.133200004696846,0.19750000536441803,0.2676999866962433,0.3043000102043152,0.3091000020503998,0.3456999957561493,0.3456000089645386,304,0.2803991445443466,58,28_515_shc_2025-26.9279,186,242.1,302.9662409665292,14.738,79.662,163.0,0.2202921360731125,0.3976938724517822,0.38,16.1,0.0008955459486812579,0.280006361181215,1.0931737422943115,388,308,3,0.272616704305013,303.703087723046,Pedabbipuram
0,0.04569999873638153,0.2777999937534332,0.164900004863739,0.06324999779462814,0.09735000133514404,0.10315000265836716,0.15700000524520874,0.267300009727478,0.3036666810512543,0.30774998664855957,0.33869999647140503,0.31450000405311584,326,0.35220598938533854,36,28_515_shc_2025-26.3540,180,70.2,302.64124267979673,14.742,79.862,13.0,0.3243679106235504,0.4979313313961029,0.73,24.6,0.000959665528372469,0.3369195077264174,0.9026807546615601,371,303,2,0.2028585065875137,303.5705836112039,Bodagudipadu
0,0.04569999873638153,0.2777999937534332,0.164900004863739,0.06324999779462814,0.09735000133514404,0.10315000265836716,0.15700000524520874,0.267300009727478,0.3036666810512543,0.30774998664855957,0.33869999647140503,0.31450000405311584,326,0.35220598938533854,36,28_515_shc_2025-26.3543,180,70.2,302.64124267979673,14.742,79.862,163.0,0.3243679106235504,0.4979313313961029,0.35,13.8,0.000959665528372469,0.3369195077264174,0.9026807546615601,371,303,2,0.2028585065875137,303.5705836112039,Bodagudipadu
333,0.05855000019073486,0.3453499972820282,0.2553499937057495,0.08169999718666077,0.11105000227689743,0.14159999787807465,0.1964000016450882,0.23980000615119934,0.26260000467300415,0.27160000801086426,0.29840001463890076,0.2853499948978424,309,0.21545296284463733,93,28_515_shc_2025-26.9579,183,422.1,302.9138749440511,14.748,79.468,113.0,0.1606837660074234,0.3146176338195801,0.53,7.7,0.0008447447872946297,0.2135348378686934,1.2715389728546143,415,276,2,0.20507139908640007,303.62899318494294,Nallagonda
333,0.05855000019073486,0.3453499972820282,0.2553499937057495,0.08169999718666077,0.11105000227689743,0.14159999787807465,0.1964000016450882,0.23980000615119934,0.26260000467300415,0.27160000801086426,0.29840001463890076,0.2853499948978424,309,0.21545296284463733,93,28_515_shc_2025-26.9584,183,378.6,302.9138749440511,14.748,79.468,38.0,0.1606837660074234,0.3146176338195801,0.21,3.1,0.0008447447872946297,0.2135348378686934,1.2715389728546143,415,276,2,0.20507139908640007,303.62899318494294,Nallagonda
270,0.039250001311302185,0.2293500006198883,0.14845000207424164,0.03754999861121178,0.06159999966621399,0.054749999195337296,0.10279999673366547,0.2110999971628189,0.2406499981880188,0.243149995803833,0.26440000534057617,0.259799987077713,320,0.3651091963435529,93,28_515_shc_2025-26.11318,183,235.9,302.786193680345,14.752,79.478,151.0,0.40569448471069336,0.6324269771575928,0.39,16.1,0.0008552319701651696,0.35417971761365585,0.9432449340820312,399,281,1,0.2094393947668243,303.5029780739232,Nallagonda
314,0.04019999876618385,0.25049999356269836,0.1639000028371811,0.05260000005364418,0.08640000224113464,0.08500000089406967,0.14959999918937683,0.22939999401569366,0.25279998779296875,0.27059999108314514,0.28119999170303345,0.27630001306533813,312,0.3347521656421296,58,28_515_shc_2025-26.7277,183,99.3,302.9485814613208,14.752,79.678,163.0,0.2879581153392792,0.5219347476959229,0.06,11.5,0.0009059268203650745,0.3253856801006459,0.9257206320762634,388,301,1,0.3206887161522581,303.6685867978815,Gudipadu
180,0.05471250042319298,0.2805750072002411,0.1923166662454605,0.059700001031160355,0.09222500026226044,0.10317499935626984,0.15680000185966492,0.2632000148296356,0.2964666783809662,0.303600013256073,0.32630833983421326,0.327239990234375,312,0.33972644530853996,57,28_515_shc_2024-25.11754,180,583.0,302.9485814613208,14.752,79.718,226.0,0.3188531994819641,0.49271711707115173,0.35,106.8,0.0009059268203650745,0.3315458814679876,0.9241600632667542,380,309,1,0.3206887161522581,303.6685867978815,Gumparlapadu
27,0.027899999171495438,0.1784999966621399,0.0982000008225441,0.03590000048279762,0.05959999933838844,0.039799999445676804,0.09989999979734421,0.21649999916553497,0.25040000677108765,0.24740000069141388,0.2687999904155731,0.2632000148296356,303,0.42647603088226027,56,28_515_shc_2025-26.8296,177,117.9,302.9485814613208,14.753063,79.679548,188.0,0.4247048795223236,0.722841203212738,0.27,19.2,0.0009059268203650745,0.3955792705975297,0.7215036153793335,390,308,2,0.3206887161522581,303.6685867978815,Gudipadu
215,0.047680001705884933,0.2662416696548462,0.2085600048303604,0.06802500039339066,0.09932857006788254,0.12721428275108337,0.15863999724388123,0.20525714755058289,0.23136000335216522,0.21799999475479126,0.2520500123500824,0.26198887825012207,315,0.15428221026488634,59,28_515_shc_2025-26.2291,186,428.3,302.9485814613208,14.75463,79.727788,176.0,0.15760406851768494,0.26298364996910095,1.4,9.2,0.0009059268203650745,0.16111721208426383,1.2212921380996704,373,313,3,0.3206887161522581,303.6685867978815,Gumparlapadu
296,0.06129999831318855,0.31360000371932983,0.23980000615119934,0.08569999784231186,0.12150000035762787,0.13699999451637268,0.1860000044107437,0.27230000495910645,0.30755001306533813,0.314300000667572,0.34290000796318054,0.34450000524520874,312,0.2967761508765759,50,28_515_shc_2025-26.4354,186,453.1,302.9485814613208,14.756678,79.710659,138.0,0.25644612312316895,0.39286506175994873,0.53,6.1,0.0009059268203650745,0.2795648171693458,0.9977728128433228,382,307,2,0.3206887161522581,303.6685867978815,Gumparlapadu
134,0.049666665494441986,0.3595166802406311,0.27277499437332153,0.07328333705663681,0.11127500236034393,0.15125000476837158,0.19691666960716248,0.25279998779296875,0.28204166889190674,0.2948000133037567,0.31337499618530273,0.3019333481788635,306,0.21714796817325505,63,28_515_shc_2025-26.10272,177,142.8,302.9485814613208,14.758,79.732,176.0,0.19906452298164368,0.32182490825653076,0.19,5.7,0.0009059268203650745,0.2276042584322016,1.2195273637771606,382,312,1,0.3206887161522581,303.6685867978815,Gumparlapadu
314,0.05102499946951866,0.36489999294281006,0.2562499940395355,0.0723000019788742,0.11551428586244583,0.14720000326633453,0.20810000598430634,0.28665000200271606,0.3138749897480011,0.3205333352088928,0.36559998989105225,0.36307498812675476,312,0.26081111945752916,54,28_515_shc_2025-26.11669,189,446.9,302.9485814613208,14.759563,79.711715,125.0,0.21268679201602936,0.3705815076828003,0.54,0.8,0.0009059268203650745,0.2686690512527931,1.1384150981903076,382,307,4,0.3206887161522581,303.6685867978815,Gumparlapadu
46,0.048500001430511475,0.3206999897956848,0.2180500030517578,0.05820000171661377,0.09099999815225601,0.10509999841451645,0.1859000027179718,0.26194998621940613,0.29624998569488525,0.2955000102519989,0.3237000107765198,0.34470000863075256,309,0.3195488946506402,49,28_515_shc_2025-26.5206,177,260.7,302.9485814613208,14.761778,79.704763,163.0,0.22766931354999542,0.4752870798110962,0.35,2.3,0.0009059268203650745,0.3171219353851672,1.085279107093811,392,299,1,0.3206887161522581,303.6685867978815,Gumparlapadu
270,0.05042999982833862,0.2728999853134155,0.19499999284744263,0.06782499700784683,0.10321428626775742,0.12759999930858612,0.1784999966621399,0.2561799883842468,0.2796599864959717,0.2798333466053009,0.30799999833106995,0.31735000014305115,300,0.24765537161022788,51,28_515_shc_2025-26.11695,183,248.3,302.9485814613208,14.762,79.712,125.0,0.22109094262123108,0.37363988161087036,0.05,13.8,0.0009059268203650745,0.2516438501773352,0.9752232432365417,400,300,1,0.3206887161522581,303.6685867978815,Gumparlapadu
270,0.05042999982833862,0.2728999853134155,0.19499999284744263,0.06782499700784683,0.10321428626775742,0.12759999930858612,0.1784999966621399,0.2561799883842468,0.2796599864959717,0.2798333466053009,0.30799999833106995,0.31735000014305115,300,0.24765537161022788,51,28_515_shc_2025-26.11670,183,173.8,302.9485814613208,14.762,79.712,151.0,0.22109094262123108,0.37363988161087036,0.43,5.4,0.0009059268203650745,0.2516438501773352,0.9752232432365417,400,300,1,0.3206887161522581,303.6685867978815,Gumparlapadu
134,0.04580000042915344,0.2849166691303253,0.19564999639987946,0.05364999920129776,0.0856499969959259,0.10275000333786011,0.16110000014305115,0.242249995470047,0.2672500014305115,0.27230000495910645,0.28459998965263367,0.3244749903678894,310,0.28516406493413493,45,28_515_shc_2025-26.11237,177,266.9,302.9402292820445,14.762,79.828,401.0,0.25657591223716736,0.45207303762435913,0.89,17.0,0.0009324726181501976,0.29064053484993396,1.04633367061615,380,309,1,0.2891266806083813,303.6996526216206,Krishnapadu
270,0.046629998832941055,0.28734999895095825,0.19345000386238098,0.06287500262260437,0.09449999779462814,0.10530000180006027,0.1682250052690506,0.25837498903274536,0.29233333468437195,0.29052498936653137,0.3294333219528198,0.32054999470710754,304,0.31918558354047555,54,28_515_shc_2025-26.5213,183,180.0,302.9485814613208,14.763992,79.710747,238.0,0.26659396290779114,0.4679466784000397,0.18,0.8,0.0009059268203650745,0.3101470533746683,0.9890715479850769,387,309,1,0.3206887161522581,303.6685867978815,Gumparlapadu
0,0.04919999837875366,0.3573000133037567,0.2558000087738037,0.07450000196695328,0.11190000176429749,0.15160000324249268,0.19189999997615814,0.26660001277923584,0.30880001187324524,0.3206000030040741,0.3479999899864197,0.3502250015735626,322,0.2527745355564632,53,28_515_shc_2025-26.5494,180,204.8,302.9485814613208,14.764503,79.70221,113.0,0.25112196803092957,0.35789918899536133,0.55,5.4,0.0009059268203650745,0.26074881507260567,1.1144728660583496,391,287,0,0.3206887161522581,303.6685867978815,Gumparlapadu
270,0.061400000005960464,0.367000013589859,0.25130000710487366,0.08900000154972076,0.12409999966621399,0.15469999611377716,0.2130499929189682,0.2919999957084656,0.3366999924182892,0.3522999882698059,0.3784500062465668,0.38269999623298645,299,0.3062616210064696,51,28_515_shc_2025-26.9346,192,167.6,302.9485814613208,14.764844,79.708195,188.0,0.2463075965642929,0.3897435963153839,0.64,10.8,0.0009059268203650745,0.29433961552191984,1.0417258739471436,383,318,4,0.3206887161522581,303.6685867978815,Gumparlapadu
134,0.05635000020265579,0.3646000027656555,0.25780001282691956,0.07779999822378159,0.11919999867677689,0.15600000321865082,0.21040000021457672,0.28600001335144043,0.31929999589920044,0.3280999958515167,0.3546999990940094,0.3478499948978424,319,0.25600974312133284,53,28_515_shc_2025-26.9334,177,211.0,302.9485814613208,14.764929,79.69781,176.0,0.21857009828090668,0.3555050492286682,0.55,3.1,0.0009059268203650745,0.2623208913659317,1.1112465858459473,387,295,1,0.3206887161522581,303.6685867978815,Gumparlapadu
244,0.039500001817941666,0.2924500107765198,0.2273000031709671,0.0494999997317791,0.08453333377838135,0.11270000040531158,0.16075000166893005,0.2549999952316284,0.2791999876499176,0.27364999055862427,0.29155001044273376,0.27652499079704285,305,0.2548935617998235,56,28_515_shc_2025-26.9392,204,273.1,302.9485814613208,14.769188,79.718227,238.0,0.25989869236946106,0.41659116744995117,0.1,7.7,0.0009059268203650745,0.2723810996685532,1.0687010288238525,365,330,8,0.3206887161522581,303.6685867978815,Gumparlapadu
90,0.05249999836087227,0.30660000443458557,0.2117999941110611,0.08049999922513962,0.11089999973773956,0.14139999449253082,0.16359999775886536,0.24289999902248383,0.27079999446868896,0.2741999924182892,0.30300000309944153,0.2985999882221222,330,0.21858643211936563,84,28_515_shc_2025-26.10974,177,80.7,302.786193680345,14.772,79.512,50.0,0.25262677669525146,0.31953802704811096,0.08,36.1,0.0008552319701651696,0.21756225397154766,1.118161916732788,394,276,1,0.2094393947668243,303.5029780739232,Sankavaram
27,0.044199999421834946,0.27619999647140503,0.1995999962091446,0.06780000030994415,0.0982000008225441,0.10580000281333923,0.15549999475479126,0.24950000643730164,0.2799000144004822,0.28299999237060547,0.3100000023841858,0.30329999327659607,304,0.31434043263749734,84,28_515_shc_2025-26.8540,177,130.4,302.786193680345,14.780626,79.477451,38.0,0.2907639741897583,0.45576128363609314,0.27,11.5,0.0008552319701651696,0.29905488948713344,0.9759717583656311,425,271,2,0.2094393947668243,303.5029780739232,Gundemadakala
226,0.03189999982714653,0.2515999972820282,0.14110000431537628,0.05559999868273735,0.08579999953508377,0.08349999785423279,0.12680000066757202,0.25609999895095825,0.2922999858856201,0.3003000020980835,0.32350000739097595,0.334199994802475,300,0.3915336350219259,83,28_515_shc_2025-26.7715,183,155.2,302.786193680345,14.782,79.482,100.0,0.40622803568840027,0.5648775696754456,0.39,22.3,0.0008552319701651696,0.3679565584785264,0.8378288149833679,425,275,1,0.2094393947668243,303.5029780739232,Gundemadakala
226,0.03189999982714653,0.2515999972820282,0.14110000431537628,0.05559999868273735,0.08579999953508377,0.08349999785423279,0.12680000066757202,0.25609999895095825,0.2922999858856201,0.3003000020980835,0.32350000739097595,0.334199994802475,300,0.3915336350219259,83,28_515_shc_2025-26.846,183,111.7,302.786193680345,14.782,79.482,50.0,0.40622803568840027,0.5648775696754456,0.53,16.9,0.0008552319701651696,0.3679565584785264,0.8378288149833679,425,275,1,0.2094393947668243,303.5029780739232,Gundemadakala
90,0.052400000393390656,0.2978000044822693,0.19900000095367432,0.0551999993622303,0.0778999999165535,0.06310000270605087,0.14640000462532043,0.2345999926328659,0.267300009727478,0.28690001368522644,0.29750001430511475,0.30410000681877136,301,0.44706353330618176,83,28_515_shc_2025-26.847,177,80.7,302.786193680345,14.782582,79.48114,63.0,0.32425570487976074,0.6394285559654236,0.19,3.8,0.0008552319701651696,0.3949411882296151,1.037992238998413,424,275,1,0.2094393947668243,303.5029780739232,Gundemadakala
134,0.04399999976158142,0.31150001287460327,0.2029999941587448,0.060499999672174454,0.08669999986886978,0.09380000084638596,0.16449999809265137,0.257999986410141,0.289900004863739,0.3034999966621399,0.3222000002861023,0.3109999895095825,302,0.37113729636538506,82,28_515_shc_2025-26.8543,177,117.9,302.786193680345,14.78287,79.47632,38.0,0.29700854420661926,0.5278127193450928,0.24,9.2,0.0008552319701651696,0.35055164894352087,1.0263592004776,424,274,1,0.2094393947668243,303.5029780739232,Gundemadakala
296,0.04430000111460686,0.23340000212192535,0.19779999554157257,0.06289999932050705,0.09510000050067902,0.11240000277757645,0.14669999480247498,0.1793999969959259,0.19550000131130219,0.19930000603199005,0.2143000066280365,0.2524000108242035,305,0.15496273321377702,97,28_515_shc_2025-26.10598,186,12.4,302.786193680345,14.78333,79.492805,113.0,0.15202315151691437,0.27879372239112854,0.44,11.5,0.0008552319701651696,0.16058889179118133,1.1710988283157349,421,274,2,0.2094393947668243,303.5029780739232,Gundemadakala
35,0.0494999997317791,0.23070000112056732,0.18389999866485596,0.06449999660253525,0.1006999984383583,0.10289999842643738,0.15860000252723694,0.19910000264644623,0.219200000166893,0.21739999949932098,0.2410999983549118,0.23770000040531158,298,0.21187224705965052,94,28_515_shc_2025-26.6170,174,62.1,302.786193680345,14.78367,79.509273,88.0,0.1563829630613327,0.3574773669242859,0.21,46.85,0.0008552319701651696,0.20937462153312075,1.0611776113510132,410,292,3,0.2094393947668243,303.5029780739232,Sankavaram
314,0.061799999326467514,0.2681399881839752,0.2020999938249588,0.062158335000276566,0.09709999710321426,0.11596667021512985,0.15940000116825104,0.2414499968290329,0.2659333348274231,0.27320000529289246,0.290066659450531,0.290149986743927,316,0.26156512140480054,64,28_515_shc_2025-26.5307,186,229.7,302.9485814613208,14.784418,79.723288,113.0,0.2630605697631836,0.40402570366859436,0.14,14.6,0.0009059268203650745,0.26524836019286463,0.9814786911010742,391,293,3,0.3206887161522581,303.6685867978815,Chouta Bheemavaram
166,0.04270000010728836,0.2777000069618225,0.18970000743865967,0.05979999899864197,0.0877000018954277,0.10700000077486038,0.1476999968290329,0.2093999981880188,0.23569999635219574,0.2442999929189682,0.26579999923706055,0.27300000190734863,310,0.238732771698365,91,28_515_shc_2025-26.10593,177,130.4,302.786193680345,14.784596,79.491793,13.0,0.24642856419086456,0.3908340334892273,0.24,36.1,0.0008552319701651696,0.24192410400772538,1.1367172002792358,416,274,4,0.2094393947668243,303.5029780739232,Gundemadakala
90,0.055399999022483826,0.2637999951839447,0.20489999651908875,0.06840000301599503,0.10540000349283218,0.11299999803304672,0.16820000112056732,0.2370000034570694,0.25920000672340393,0.2587999999523163,0.2881999909877777,0.27250000834465027,296,0.25600506645772314,94,28_515_shc_2025-26.10566,177,198.6,302.786193680345,14.785,79.495,63.0,0.21217797696590424,0.3921463191509247,0.35,0.8,0.0008552319701651696,0.25086029293908785,1.0193198919296265,423,281,1,0.2094393947668243,303.5029780739232,Gundemadakala
116,0.04639999940991402,0.328000009059906,0.2215999960899353,0.0722000002861023,0.10999999940395355,0.1543000042438507,0.1940000057220459,0.26100000739097595,0.2935500144958496,0.3158999979496002,0.329233318567276,0.3155499994754791,311,0.23761909140744825,23,28_515_shc_2025-26.5931,174,91.3,302.84448332535595,14.785,79.905,401.0,0.2390664666891098,0.34368351101875305,0.36,8.8,0.0009514299679405559,0.24984538240630866,1.038303256034851,375,315,2,0.20603628325880619,303.6895057945921,Chamadala
116,0.04639999940991402,0.328000009059906,0.2215999960899353,0.0722000002861023,0.10999999940395355,0.1543000042438507,0.1940000057220459,0.26100000739097595,0.2935500144958496,0.3158999979496002,0.329233318567276,0.3155499994754791,311,0.23761909140744825,23,28_515_shc_2025-26.5926,174,56.2,302.84448332535595,14.785,79.905,100.0,0.2390664666891098,0.34368351101875305,0.34,11.2,0.0009514299679405559,0.24984538240630866,1.038303256034851,375,315,2,0.20603628325880619,303.6895057945921,Chamadala
180,0.04529999941587448,0.2630999982357025,0.1671999990940094,0.0560000017285347,0.07460000365972519,0.08919999748468399,0.13950000703334808,0.21739999949932098,0.24660000205039978,0.2524000108242035,0.2831999957561493,0.2612000107765198,294,0.29833287400525166,94,28_515_shc_2025-26.10594,180,86.9,302.786193680345,14.78503,79.497429,88.0,0.2880837023258209,0.47775179147720337,0.27,45.31,0.0008552319701651696,0.29087454561838805,1.0423929691314697,421,285,1,0.2094393947668243,303.5029780739232,Gundemadakala
0,0.04749999940395355,0.2538999915122986,0.17350000143051147,0.05559999868273735,0.08030000329017639,0.08959999680519104,0.1371999979019165,0.20669999718666077,0.23229999840259552,0.241799995303154,0.26179999113082886,0.2619999945163727,299,0.2792865532524026,93,28_515_shc_2025-26.10560,180,223.5,302.786193680345,14.785344,79.492269,88.0,0.27598944306373596,0.45926374197006226,0.27,20.0,0.0008552319701651696,0.27459706508776727,1.0500413179397583,426,275,0,0.2094393947668243,303.5029780739232,Gundemadakala
306,0.044599998742341995,0.26660001277923584,0.1615999937057495,0.05139999836683273,0.07900000363588333,0.07500000298023224,0.1354999989271164,0.26499998569488525,0.3059000074863434,0.3197999894618988,0.335999995470047,0.3255000114440918,300,0.4421006700444336,86,28_515_shc_2025-26.7690,192,68.3,302.786193680345,14.785862,79.482093,50.0,0.4047880470752716,0.6200607419013977,0.21,13.1,0.0008552319701651696,0.41037101343767346,0.8336461186408997,427,273,5,0.2094393947668243,303.5029780739232,Gundemadakala
333,0.03500000014901161,0.2533999979496002,0.15240000188350677,0.049800001084804535,0.07959999889135361,0.07900000363588333,0.14270000159740448,0.23960000276565552,0.2759000062942505,0.27880001068115234,0.3012999892234802,0.2906999886035919,310,0.36214022242535,67,28_515_shc_2025-26.2129,183,620.7,302.9485814613208,14.788,79.652,238.0,0.322894424200058,0.558412492275238,0.18,3.8,0.0009059268203650745,0.3493821468475016,0.9088951945304871,402,289,2,0.3206887161522581,303.6685867978815,Gudipadu
333,0.03500000014901161,0.2533999979496002,0.15240000188350677,0.049800001084804535,0.07959999889135361,0.07900000363588333,0.14270000159740448,0.23960000276565552,0.2759000062942505,0.27880001068115234,0.3012999892234802,0.2906999886035919,310,0.36214022242535,67,28_515_shc_2025-26.2132,183,564.9,302.9485814613208,14.788,79.652,188.0,0.322894424200058,0.558412492275238,0.1,4.6,0.0009059268203650745,0.3493821468475016,0.9088951945304871,402,289,2,0.3206887161522581,303.6685867978815,Gudipadu
333,0.03500000014901161,0.2533999979496002,0.15240000188350677,0.049800001084804535,0.07959999889135361,0.07900000363588333,0.14270000159740448,0.23960000276565552,0.2759000062942505,0.27880001068115234,0.3012999892234802,0.2906999886035919,310,0.36214022242535,67,28_515_shc_2025-26.2353,183,620.7,302.9485814613208,14.788,79.652,238.0,0.322894424200058,0.558412492275238,0.29,16.9,0.0009059268203650745,0.3493821468475016,0.9088951945304871,402,289,2,0.3206887161522581,303.6685867978815,Gudipadu
0,0.05667499825358391,0.30882498621940613,0.2383500039577484,0.06889999657869339,0.10532499849796295,0.13750000298023224,0.17907500267028809,0.2610374987125397,0.29704999923706055,0.32413333654403687,0.3382333219051361,0.3325499892234802,305,0.2858295052508746,19,28_515_shc_2025-26.8704,180,84.3,302.84448332535595,14.792,79.898,25.0,0.28826695680618286,0.4042891263961792,0.91,14.7,0.0009514299679405559,0.29111927471670374,0.9527714252471924,369,326,1,0.20603628325880619,303.6895057945921,Chamadala
0,0.05286666750907898,0.2542499899864197,0.15434999763965607,0.06858749687671661,0.09584999829530716,0.11834999918937683,0.16403749585151672,0.23747499287128448,0.26304998993873596,0.2658250033855438,0.29545000195503235,0.28870001435279846,311,0.2522632740456728,16,28_515_shc_2025-26.8706,180,245.8,302.84448332535595,14.798,79.898,188.0,0.23679085075855255,0.3838745355606079,0.4,9.4,0.0009514299679405559,0.25019086227277276,0.9564562439918518,365,324,0,0.20603628325880619,303.6895057945921,Chamadala
46,0.06669999659061432,0.35530000925064087,0.24424999952316284,0.09220000356435776,0.1348000019788742,0.17159999907016754,0.22200000286102295,0.32010000944137573,0.3714999854564667,0.37790000438690186,0.4182499945163727,0.40619999170303345,322,0.3005536256904012,8,28_515_shc_2025-26.6144,177,571.0,302.84418350353576,14.801453,80.00062,188.0,0.25987663865089417,0.37543222308158875,0.19,53.76,0.0009584558572739588,0.29485469933851194,0.9401958584785461,335,343,1,0.1422053889224404,303.64248516685086,Gowravaram
0,0.032999999821186066,0.24289999902248383,0.2084999978542328,0.03689999878406525,0.05310000106692314,0.0940999984741211,0.11909999698400497,0.13289999961853027,0.14560000598430634,0.15219999849796295,0.15530000627040863,0.18060000240802765,315,0.1008645534632229,105,28_515_shc_2025-26.832,180,49.7,302.786193680345,14.804191,79.521953,75.0,0.1220051646232605,0.235891193151474,0.45,4.6,0.0008552319701651696,0.11677609592570144,1.5959264039993286,414,270,1,0.2094393947668243,303.5029780739232,Sankavaram
116,0.03420000150799751,0.265500009059906,0.17350000143051147,0.0494999997317791,0.0771000012755394,0.09030000120401382,0.13359999656677246,0.2249000072479248,0.2563999891281128,0.2750999927520752,0.28769999742507935,0.28139999508857727,314,0.3195794128834011,113,28_515_shc_2025-26.835,174,223.5,302.786193680345,14.811383,79.523619,151.0,0.3462197184562683,0.5057471394538879,0.21,37.6,0.0008552319701651696,0.3203142931107501,0.9651036858558655,414,272,2,0.2094393947668243,303.5029780739232,Sankavaram
314,0.05066249892115593,0.2694833278656006,0.1932000070810318,0.06829230487346649,0.0999777764081955,0.12247499823570251,0.16595713794231415,0.233966663479805,0.26308000087738037,0.25755417346954346,0.2886166572570801,0.30744999647140503,318,0.22814162180704325,16,28_515_shc_2025-26.11251,186,175.6,302.84448332535595,14.812,79.912,25.0,0.2162800282239914,0.3554442226886749,0.46,16.4,0.0009514299679405559,0.2302409617378296,1.0463171005249023,338,345,3,0.20603628325880619,303.6895057945921,Chamadala
0,0.05077916756272316,0.30000001192092896,0.19345000386238098,0.07152500003576279,0.10273999720811844,0.11927500367164612,0.17776666581630707,0.273499995470047,0.3131999969482422,0.3243333399295807,0.35324999690055847,0.3407166600227356,315,0.3409579007242226,14,28_515_shc_2025-26.7333,180,133.4,302.84448332535595,14.818,79.912,38.0,0.29190734028816223,0.46225085854530334,0.56,32.89,0.0009514299679405559,0.3259694623015009,0.9249743223190308,345,341,3,0.20603628325880619,303.6895057945921,Brahmanakraka
0,0.05077916756272316,0.30000001192092896,0.19345000386238098,0.07152500003576279,0.10273999720811844,0.11927500367164612,0.17776666581630707,0.273499995470047,0.3131999969482422,0.3243333399295807,0.35324999690055847,0.3407166600227356,315,0.3409579007242226,14,28_515_shc_2025-26.10664,180,105.3,302.84448332535595,14.818,79.912,125.0,0.29190734028816223,0.46225085854530334,0.21,1.2,0.0009514299679405559,0.3259694623015009,0.9249743223190308,345,341,3,0.20603628325880619,303.6895057945921,Brahmanakraka
270,0.042399998754262924,0.2736999988555908,0.1932000070810318,0.05260000005364418,0.07639999687671661,0.09109999984502792,0.13120000064373016,0.18359999358654022,0.20100000500679016,0.2070000022649765,0.22390000522136688,0.23090000450611115,308,0.2131925582010174,130,28_515_shc_2025-26.7646,192,99.3,302.786193680345,14.8186,79.531546,100.0,0.22412773966789246,0.3887957036495209,0.23,29.2,0.0008552319701651696,0.2178298498562848,1.3222222328186035,424,268,4,0.2094393947668243,303.5029780739232,Sankavaram
46,0.05660000070929527,0.3389500081539154,0.23980000615119934,0.09395000338554382,0.12610000371932983,0.16425000131130219,0.18029999732971191,0.2578999996185303,0.289000004529953,0.2868500053882599,0.32304999232292175,0.3440000116825104,306,0.1955062351910962,10,28_515_shc_2025-26.513,171,602.0,302.84418350353576,14.828319,79.994628,176.0,0.2280852198600769,0.2717801034450531,0.13,16.1,0.0009584558572739588,0.19335506762700272,1.1816279888153076,347,347,4,0.1422053889224404,303.64248516685086,Gowravaram
0,0.057999998331069946,0.29490000009536743,0.2040500044822693,0.07445000112056732,0.11240000277757645,0.13230000436306,0.19185000658035278,0.3107999861240387,0.34804999828338623,0.36364999413490295,0.3971500098705292,0.3725999891757965,309,0.36169346035814276,8,28_515_shc_2025-26.9563,180,521.0,302.84418350353576,14.832,79.998,289.0,0.3092709183692932,0.46647846698760986,0.31,7.7,0.0009584558572739588,0.34843615159508856,0.8109446167945862,345,347,1,0.1422053889224404,303.64248516685086,Gowravaram
0,0.057999998331069946,0.29490000009536743,0.2040500044822693,0.07445000112056732,0.11240000277757645,0.13230000436306,0.19185000658035278,0.3107999861240387,0.34804999828338623,0.36364999413490295,0.3971500098705292,0.3725999891757965,309,0.36169346035814276,8,28_515_shc_2025-26.9566,180,453.0,302.84418350353576,14.832,79.998,213.0,0.3092709183692932,0.46647846698760986,0.13,90.6,0.0009584558572739588,0.34843615159508856,0.8109446167945862,345,347,1,0.1422053889224404,303.64248516685086,Gowravaram
0,0.057999998331069946,0.29490000009536743,0.2040500044822693,0.07445000112056732,0.11240000277757645,0.13230000436306,0.19185000658035278,0.3107999861240387,0.34804999828338623,0.36364999413490295,0.3971500098705292,0.3725999891757965,309,0.36169346035814276,8,28_515_shc_2025-26.9567,180,397.0,302.84418350353576,14.832,79.998,276.0,0.3092709183692932,0.46647846698760986,0.2,8.4,0.0009584558572739588,0.34843615159508856,0.8109446167945862,345,347,1,0.1422053889224404,303.64248516685086,Gowravaram
0,0.057999998331069946,0.29490000009536743,0.2040500044822693,0.07445000112056732,0.11240000277757645,0.13230000436306,0.19185000658035278,0.3107999861240387,0.34804999828338623,0.36364999413490295,0.3971500098705292,0.3725999891757965,309,0.36169346035814276,8,28_515_shc_2025-26.9593,180,478.0,302.84418350353576,14.832,79.998,50.0,0.3092709183692932,0.46647846698760986,0.18,9.2,0.0009584558572739588,0.34843615159508856,0.8109446167945862,345,347,1,0.1422053889224404,303.64248516685086,Gowravaram
0,0.057999998331069946,0.29490000009536743,0.2040500044822693,0.07445000112056732,0.11240000277757645,0.13230000436306,0.19185000658035278,0.3107999861240387,0.34804999828338623,0.36364999413490295,0.3971500098705292,0.3725999891757965,309,0.36169346035814276,8,28_515_shc_2025-26.9561,180,447.0,302.84418350353576,14.832,79.998,238.0,0.3092709183692932,0.46647846698760986,0.13,8.4,0.0009584558572739588,0.34843615159508856,0.8109446167945862,345,347,1,0.1422053889224404,303.64248516685086,Gowravaram
90,0.0442500002682209,0.3237000107765198,0.2363000065088272,0.06274999678134918,0.09915000200271606,0.16349999606609344,0.17219999432563782,0.23385000228881836,0.25984999537467957,0.2724500000476837,0.28220000863075256,0.26339998841285706,314,0.15277719903228562,106,28_515_shc_2025-26.8594,165,130.4,302.799895537527,14.836246,79.561046,100.0,0.22545823454856873,0.2499139904975891,0.21,23.8,0.0008784304005915884,0.1746086934675503,1.188107967376709,422,265,5,0.20452937745211416,303.51107326306794,Vinjamur
270,0.03830000013113022,0.2957000136375427,0.1973000019788742,0.06599999964237213,0.10580000281333923,0.12479999661445618,0.16699999570846558,0.26179999113082886,0.30090001225471497,0.3091000020503998,0.3336000144481659,0.30869999527931213,293,0.2948045416745195,115,28_515_shc_2025-26.8635,189,99.3,302.786193680345,14.836649,79.538015,113.0,0.2984667122364044,0.42475226521492004,0.45,76.8,0.0008552319701651696,0.29601671329814794,0.9566483497619629,408,298,3,0.2094393947668243,303.5029780739232,Nandigunta
0,0.045499999076128006,0.2703999876976013,0.18870000541210175,0.04749999940395355,0.07490000128746033,0.10360000282526016,0.13369999825954437,0.210099995136261,0.23440000414848328,0.23680000007152557,0.2565000057220459,0.2653999924659729,317,0.22168224767896053,71,28_515_shc_2023-24.7681,180,55.9,302.9485814613208,14.838,79.652,75.0,0.2782725989818573,0.3913043439388275,0.41,3.1,0.0009059268203650745,0.23774392572668362,1.1418918371200562,386,298,0,0.3206887161522581,303.6685867978815,China Annaluru
153,0.04502499848604202,0.24570000171661377,0.16519999504089355,0.08077500015497208,0.11124999821186066,0.12470000237226486,0.16625000536441803,0.251800000667572,0.29143333435058594,0.3179750144481659,0.3174999952316284,0.34540000557899475,316,0.33086820641069375,9,28_515_shc_2025-26.6084,177,509.0,302.84418350353576,14.838,79.988,88.0,0.31333574652671814,0.4366070032119751,0.23,23.8,0.0009584558572739588,0.30754237986671573,0.7727022171020508,339,346,2,0.1422053889224404,303.64248516685086,Gowravaram
237,0.032349999994039536,0.2455500066280365,0.1717499941587448,0.040550000965595245,0.06400000303983688,0.07734999805688858,0.1290999948978424,0.20909999310970306,0.2361000031232834,0.25119999051094055,0.263949990272522,0.2825999855995178,301,0.30798801699209166,114,28_515_shc_2025-26.6104,198,149.0,302.786193680345,14.8401,79.533909,151.0,0.3210623264312744,0.529143214225769,0.45,20.0,0.0008552319701651696,0.31473657869675975,0.977508008480072,401,299,7,0.2094393947668243,303.5029780739232,Nandigunta
90,0.06174999848008156,0.2912999987602234,0.2362000048160553,0.06154999881982803,0.09314999729394913,0.12004999816417694,0.17024999856948853,0.2176000028848648,0.23884999752044678,0.23849999904632568,0.2543500065803528,0.2502000033855438,296,0.19778917148759803,99,28_515_shc_2025-26.2156,171,99.3,302.799895537527,14.842,79.588,238.0,0.16697247326374054,0.3303583860397339,0.1,13.1,0.0008784304005915884,0.20694776297303985,1.2213836908340454,421,283,3,0.20452937745211416,303.51107326306794,Chouta Bheemavaram
314,0.050599999725818634,0.23260000348091125,0.13410000503063202,0.06310000270605087,0.10109999775886536,0.10040000081062317,0.1712999939918518,0.27129998803138733,0.3375000059604645,0.35519999265670776,0.37549999356269836,0.38119998574256897,309,0.4291440626462354,8,28_515_shc_2025-26.3021,183,428.0,302.84418350353576,14.842,79.998,238.0,0.349287748336792,0.5592625141143799,0.21,1.5,0.0009584558572739588,0.39995813141682823,0.6548423767089844,333,357,1,0.1422053889224404,303.64248516685086,Gowravaram
270,0.05014999955892563,0.37220001220703125,0.31584998965263367,0.0596500001847744,0.09539999812841415,0.16124999523162842,0.2125999927520752,0.2379000037908554,0.2520500123500824,0.24789999425411224,0.273250013589859,0.26794999837875366,303,0.12252372106471529,112,28_515_shc_2025-26.6114,195,86.9,302.786193680345,14.842459,79.532004,113.0,0.076655812561512,0.21178051829338074,0.45,19.2,0.0008552319701651696,0.14296320743208268,1.5014119148254395,389,307,5,0.2094393947668243,303.5029780739232,Nandigunta
0,0.04280000180006027,0.22294999659061432,0.1805499941110611,0.052000001072883606,0.08295000344514847,0.10999999940395355,0.15185000002384186,0.18320000171661377,0.195700004696846,0.20020000636577606,0.1923999935388565,0.17810000479221344,296,0.15338050483668716,112,28_515_shc_2025-26.9453,180,130.4,302.786193680345,14.843034,79.53617,151.0,0.13733845949172974,0.2907801568508148,0.21,36.9,0.0008552319701651696,0.16699581520515067,1.1136362552642822,403,301,0,0.2094393947668243,303.5029780739232,Nandigunta
35,0.03610000014305115,0.2549999952316284,0.16930000483989716,0.046799998730421066,0.07360000163316727,0.0864500030875206,0.13695000112056732,0.243599995970726,0.2745000123977661,0.2700499892234802,0.29585000872612,0.28075000643730164,303,0.3192487983490384,113,28_515_shc_2025-26.8636,174,31.0,302.786193680345,14.843092,79.53498,88.0,0.32702699303627014,0.515006959438324,0.38,0.8,0.0008552319701651696,0.3215411344731687,0.944269597530365,392,305,3,0.2094393947668243,303.5029780739232,Nandigunta
101,0.030150000005960464,0.22785000503063202,0.16355000436306,0.04230000078678131,0.06334999948740005,0.08754999935626984,0.12415000051259995,0.1964000016450882,0.2235500067472458,0.22300000488758087,0.24529999494552612,0.24580000340938568,316,0.23662696270709632,113,28_515_shc_2025-26.798,165,173.8,302.786193680345,14.846015,79.530576,88.0,0.28474724292755127,0.43616166710853577,0.24,23.8,0.0008552319701651696,0.25066313889727915,1.0217489004135132,383,300,5,0.2094393947668243,303.5029780739232,Nandigunta
46,0.044555556029081345,0.23819999396800995,0.1436000019311905,0.0526374988257885,0.08420000225305557,0.07597143203020096,0.1510142832994461,0.25134000182151794,0.28200000524520874,0.2862749993801117,0.32155001163482666,0.3217666745185852,320,0.3902250402297651,15,28_515_shc_2025-26.9771,177,175.6,302.84448332535595,14.848,79.902,25.0,0.30931633710861206,0.5805538892745972,0.8,19.4,0.0009514299679405559,0.36585289255288556,0.83206707239151,343,337,1,0.20603628325880619,303.6895057945921,Brahmanakraka
0,0.03830000013113022,0.2718000113964081,0.18799999356269836,0.05079999938607216,0.0860000029206276,0.09880000352859497,0.15309999883174896,0.24500000476837158,0.27480000257492065,0.2833999991416931,0.30000001192092896,0.29319998621940613,326,0.30865434814190895,118,28_515_shc_2025-26.2987,180,80.7,302.786193680345,14.849812,79.513199,176.0,0.298510879278183,0.4829931855201721,0.24,23.8,0.0008552319701651696,0.31387439648777166,0.9590684771537781,391,283,0,0.2094393947668243,303.5029780739232,Utukuru
0,0.03830000013113022,0.2718000113964081,0.18799999356269836,0.05079999938607216,0.0860000029206276,0.09880000352859497,0.15309999883174896,0.24500000476837158,0.27480000257492065,0.2833999991416931,0.30000001192092896,0.29319998621940613,326,0.30865434814190895,118,28_515_shc_2025-26.2985,180,124.1,302.786193680345,14.849812,79.513199,63.0,0.298510879278183,0.4829931855201721,0.45,1.5,0.0008552319701651696,0.31387439648777166,0.9590684771537781,391,283,0,0.2094393947668243,303.5029780739232,Utukuru
90,0.04734285548329353,0.20645000040531158,0.1376333385705948,0.061027273535728455,0.1002499982714653,0.10239999741315842,0.16304999589920044,0.20551666617393494,0.22253333032131195,0.2207999974489212,0.23567500710487366,0.23389999568462372,308,0.21488274556477094,12,28_515_shc_2025-26.9550,177,434.0,302.80227697941297,14.851277,79.953842,113.0,0.15044939517974854,0.3663366436958313,0.14,14.6,0.0009670321786282907,0.2157434416449427,0.9350090622901917,311,380,1,0.1290070048549719,303.56478848373683,Budamagunta
303,0.05860000103712082,0.26785001158714294,0.22200000286102295,0.08105000108480453,0.10845000296831131,0.14634999632835388,0.1777999997138977,0.19544999301433563,0.21570000052452087,0.21719999611377716,0.24185000360012054,0.2337999939918518,303,0.11908163673364505,111,28_515_shc_2025-26.9240,189,175.6,302.686096024095,14.852,79.448,138.0,0.09974683076143265,0.194883793592453,1.07,12.3,0.0008299251913727144,0.12306757061926177,1.2331953048706055,403,294,3,0.24116670039662144,303.37677450347365,Brahmeswaram
0,0.05954999849200249,0.2969000041484833,0.19580000638961792,0.0828000009059906,0.12120000272989273,0.15139999985694885,0.20350000262260437,0.3037000000476837,0.3614000082015991,0.3521000146865845,0.4068000018596649,0.38694998621940613,311,0.30603844764965793,5,28_515_shc_2025-26.3014,180,391.0,302.80227697941297,14.852,79.998,263.0,0.26745861768722534,0.3986097574234009,0.24,4.6,0.0009670321786282907,0.3000000178190266,0.8432263135910034,346,343,0,0.1290070048549719,303.56478848373683,Musunuru (Part)
90,0.05220000073313713,0.26159998774528503,0.2155500054359436,0.07964999973773956,0.10459999740123749,0.1432500034570694,0.15960000455379486,0.1882999986410141,0.20829999446868896,0.21205000579357147,0.22965000569820404,0.23639999330043793,305,0.11667543033606068,102,28_515_shc_2025-26.7697,177,124.1,302.81195694103576,14.852046,79.582821,25.0,0.14112740755081177,0.19363917410373688,0.47,61.4,0.0008900190266058532,0.12065942054083498,1.2336711883544922,408,286,1,0.21217560349849232,303.5206118801184,Vinjamur
180,0.042149998247623444,0.22779999673366547,0.13030000030994415,0.04430000111460686,0.07010000199079514,0.05615000054240227,0.12025000154972076,0.22265000641345978,0.2549000084400177,0.26600000262260437,0.28529998660087585,0.279449999332428,311,0.41287923993664016,103,28_515_shc_2025-26.11738,180,428.3,302.81195694103576,14.853465,79.584973,63.0,0.3773462772369385,0.651404619216919,0.05,15.4,0.0008900190266058532,0.3828680920860221,0.8563909530639648,405,284,2,0.21217560349849232,303.5206118801184,Vinjamur
345,0.06340000033378601,0.2985000014305115,0.1987999975681305,0.0568000003695488,0.08500000089406967,0.09520000219345093,0.1518000066280365,0.24060000479221344,0.274399995803833,0.28540000319480896,0.30799999833106995,0.29420000314712524,306,0.33237802180092674,141,28_515_shc_2025-26.1592,183,273.9,302.686096024095,14.855,79.405,88.0,0.3055809438228607,0.4997372627258301,0.46,13.5,0.0008299251913727144,0.32398364723634904,1.0459004640579224,426,268,4,0.24116670039662144,303.37677450347365,Duttalur
0,0.0635249987244606,0.3479999899864197,0.2503499984741211,0.08673333376646042,0.12639999389648438,0.1703999936580658,0.211899995803833,0.27570000290870667,0.3079499900341034,0.32760000228881836,0.34040001034736633,0.3402000069618225,313,0.2312445016757965,10,28_515_shc_2025-26.2903,180,577.0,302.80227697941297,14.855828,79.994838,201.0,0.21445783972740173,0.315662682056427,0.2,16.9,0.0009670321786282907,0.2362725590218125,1.062270998954773,338,349,2,0.1290070048549719,303.56478848373683,Musunuru (Part)
134,0.05829999968409538,0.25220000743865967,0.20919999480247498,0.07660000026226044,0.10180000215768814,0.1459999978542328,0.16599999368190765,0.1906999945640564,0.2053000032901764,0.2142000049352646,0.2282000035047531,0.22280000150203705,303,0.11248929129572557,107,28_515_shc_2025-26.7682,177,304.2,302.81195694103576,14.857814,79.579005,100.0,0.12677541375160217,0.189339280128479,0.09,4.6,0.0008900190266058532,0.11892584316415294,1.1774042844772339,413,285,1,0.21217560349849232,303.5206118801184,Vinjamur
76,0.032349999994039536,0.25575000047683716,0.19634999334812164,0.03880000114440918,0.06129999831318855,0.10589999705553055,0.14319999516010284,0.17194999754428864,0.1842000037431717,0.18379999697208405,0.19249999523162842,0.20600000023841858,296,0.1274375104845399,120,28_515_shc_2025-26.594,168,180.0,302.7371728127463,14.858,79.518,88.0,0.12415903061628342,0.2688988745212555,0.26,13.1,0.0008671348664890154,0.147967583586868,1.3914581537246704,400,304,4,0.2049535450182463,303.4450139497456,Utukuru
314,0.05770000070333481,0.271699994802475,0.21770000457763672,0.07569999992847443,0.1035500019788742,0.14100000262260437,0.17045000195503235,0.20839999616146088,0.227400004863739,0.2528499960899353,0.257099986076355,0.24605000019073486,294,0.1826301230557463,104,28_515_shc_2025-26.9494,186,415.9,302.81195694103576,14.858,79.582,113.0,0.1946609765291214,0.28399133682250977,0.23,5.4,0.0008900190266058532,0.18769926771007636,1.0745501518249512,415,291,3,0.21217560349849232,303.5206118801184,Vinjamur
314,0.05272499844431877,0.2865000069141388,0.1946333348751068,0.05636153742671013,0.08429999649524689,0.0797400027513504,0.1548222154378891,0.24442000687122345,0.27916666865348816,0.3068000078201294,0.30230000615119934,0.2943499982357025,324,0.4166151499412001,20,28_515_shc_2025-26.7326,183,63.0,302.7707100249173,14.858,79.892,13.0,0.32922548055648804,0.5874165892601013,0.7,16.4,0.0009505249496121447,0.38417894685161247,0.933833122253418,352,324,1,0.2070471445719401,303.59034615232235,Brahmanakraka
314,0.05272499844431877,0.2865000069141388,0.1946333348751068,0.05636153742671013,0.08429999649524689,0.0797400027513504,0.1548222154378891,0.24442000687122345,0.27916666865348816,0.3068000078201294,0.30230000615119934,0.2943499982357025,324,0.4166151499412001,20,28_515_shc_2025-26.5623,183,189.6,302.7707100249173,14.858,79.892,25.0,0.32922548055648804,0.5874165892601013,0.2,14.7,0.0009505249496121447,0.38417894685161247,0.933833122253418,352,324,1,0.2070471445719401,303.59034615232235,Brahmanakraka
314,0.05272499844431877,0.2865000069141388,0.1946333348751068,0.05636153742671013,0.08429999649524689,0.0797400027513504,0.1548222154378891,0.24442000687122345,0.27916666865348816,0.3068000078201294,0.30230000615119934,0.2943499982357025,324,0.4166151499412001,20,28_515_shc_2025-26.2514,183,182.6,302.7707100249173,14.858,79.892,50.0,0.32922548055648804,0.5874165892601013,0.26,18.2,0.0009505249496121447,0.38417894685161247,0.933833122253418,352,324,1,0.2070471445719401,303.59034615232235,Brahmanakraka
314,0.05272499844431877,0.2865000069141388,0.1946333348751068,0.05636153742671013,0.08429999649524689,0.0797400027513504,0.1548222154378891,0.24442000687122345,0.27916666865348816,0.3068000078201294,0.30230000615119934,0.2943499982357025,324,0.4166151499412001,20,28_515_shc_2025-26.6045,183,140.5,302.7707100249173,14.858,79.892,125.0,0.32922548055648804,0.5874165892601013,0.26,5.9,0.0009505249496121447,0.38417894685161247,0.933833122253418,352,324,1,0.2070471445719401,303.59034615232235,Brahmanakraka
314,0.05272499844431877,0.2865000069141388,0.1946333348751068,0.05636153742671013,0.08429999649524689,0.0797400027513504,0.1548222154378891,0.24442000687122345,0.27916666865348816,0.3068000078201294,0.30230000615119934,0.2943499982357025,324,0.4166151499412001,20,28_515_shc_2025-26.7354,183,42.1,302.7707100249173,14.858,79.892,263.0,0.32922548055648804,0.5874165892601013,0.42,18.8,0.0009505249496121447,0.38417894685161247,0.933833122253418,352,324,1,0.2070471445719401,303.59034615232235,Brahmanakraka
90,0.04908333346247673,0.2797499895095825,0.18719999492168427,0.06814000010490417,0.10395999997854233,0.11044999957084656,0.1780666708946228,0.26045000553131104,0.2912999987602234,0.2992999851703644,0.3264999985694885,0.3152500092983246,317,0.3253902408202063,9,28_515_shc_2025-26.787,174,509.0,302.80227697941297,14.858,79.988,238.0,0.2539626657962799,0.4608907699584961,0.17,1.5,0.0009670321786282907,0.31137673333389243,0.9346809387207031,349,333,2,0.1290070048549719,303.56478848373683,Musunuru (Part)
296,0.051500000059604645,0.3508000075817108,0.2485000044107437,0.0843999981880188,0.1340000033378601,0.16740000247955322,0.21529999375343323,0.2939000129699707,0.32510000467300415,0.35249999165534973,0.35600000619888306,0.34950000047683716,323,0.26843202479143824,8,28_515_shc_2025-26.844,186,267.0,302.80227697941297,14.858,80.022,213.0,0.24163438379764557,0.3560299873352051,0.64,14.6,0.0009670321786282907,0.2722325574667763,0.9951773285865784,335,342,2,0.1290070048549719,303.56478848373683,Thallapalem
345,0.06997500360012054,0.34060001373291016,0.23669999837875366,0.08974999934434891,0.12809999287128448,0.16795000433921814,0.21699999272823334,0.3017333447933197,0.3411000072956085,0.3356499969959259,0.3817000091075897,0.37415000796318054,320,0.2510140697368756,8,28_515_shc_2025-26.2925,183,521.0,302.80227697941297,14.858254,79.995889,251.0,0.2146928608417511,0.33300235867500305,0.22,20.0,0.0009670321786282907,0.2506476570849053,1.0147475004196167,334,346,4,0.1290070048549719,303.56478848373683,Musunuru (Part)
345,0.06997500360012054,0.34060001373291016,0.23669999837875366,0.08974999934434891,0.12809999287128448,0.16795000433921814,0.21699999272823334,0.3017333447933197,0.3411000072956085,0.3356499969959259,0.3817000091075897,0.37415000796318054,320,0.2510140697368756,8,28_515_shc_2025-26.2967,183,335.0,302.80227697941297,14.858254,79.995889,188.0,0.2146928608417511,0.33300235867500305,0.2,20.7,0.0009670321786282907,0.2506476570849053,1.0147475004196167,334,346,4,0.1290070048549719,303.56478848373683,Musunuru (Part)
296,0.05950000137090683,0.2546499967575073,0.21044999361038208,0.07329999655485153,0.10234999656677246,0.14139999449253082,0.17364999651908875,0.18995000422000885,0.20444999635219574,0.21160000562667847,0.22920000553131104,0.21995000541210175,312,0.11620594472366766,108,28_515_shc_2025-26.7676,186,254.5,302.81195694103576,14.858571,79.576755,176.0,0.09850748628377914,0.19886688888072968,0.47,7.7,0.0008900190266058532,0.12344667841325378,1.2034498453140259,412,276,2,0.21217560349849232,303.5206118801184,Vinjamur
180,0.03519999980926514,0.32635000348091125,0.25380000472068787,0.04704999923706055,0.07074999809265137,0.1266999989748001,0.1754000037908554,0.20350000262260437,0.2204499989748001,0.21074999868869781,0.24165000021457672,0.2222999930381775,297,0.1298611000792681,120,28_515_shc_2025-26.3066,180,93.1,302.7371728127463,14.858843,79.517073,75.0,0.0915447250008583,0.24907393753528595,0.05,5.4,0.0008671348664890154,0.15054630117929227,1.5485172271728516,394,310,1,0.2049535450182463,303.4450139497456,Utukuru
180,0.06019999831914902,0.2547000050544739,0.21279999613761902,0.07540000230073929,0.10109999775886536,0.13989999890327454,0.1662999987602234,0.18289999663829803,0.19760000705718994,0.19900000095367432,0.22110000252723694,0.2151000052690506,308,0.10031231408878281,107,28_515_shc_2025-26.6077,180,80.7,302.81195694103576,14.859327,79.576657,151.0,0.08951546996831894,0.17438773810863495,0.21,16.1,0.0008900190266058532,0.10567410071607639,1.2798994779586792,411,281,1,0.21217560349849232,303.5206118801184,Ravipadu
180,0.06019999831914902,0.2547000050544739,0.21279999613761902,0.07540000230073929,0.10109999775886536,0.13989999890327454,0.1662999987602234,0.18289999663829803,0.19760000705718994,0.19900000095367432,0.22110000252723694,0.2151000052690506,308,0.10031231408878281,107,28_515_shc_2025-26.7681,180,55.9,302.81195694103576,14.859327,79.576657,75.0,0.08951546996831894,0.17438773810863495,0.41,3.1,0.0008900190266058532,0.10567410071607639,1.2798994779586792,411,281,1,0.21217560349849232,303.5206118801184,Vinjamur
256,0.06055000051856041,0.2552500069141388,0.21504999697208405,0.07805000245571136,0.10279999673366547,0.14294999837875366,0.16564999520778656,0.1789499968290329,0.19449999928474426,0.2001499980688095,0.21844999492168427,0.22689999639987946,301,0.09711540239802467,110,28_515_shc_2025-26.3040,192,143.0,302.81195694103576,14.859421,79.574798,88.0,0.094313845038414,0.16671524941921234,0.09,1.5,0.0008900190266058532,0.10176728726913252,1.2752935886383057,405,294,4,0.21217560349849232,303.5206118801184,Vinjamur
90,0.06159999966621399,0.3237999975681305,0.21979999542236328,0.08649999648332596,0.12800000607967377,0.14839999377727509,0.21199999749660492,0.30489999055862427,0.34880000352859497,0.35109999775886536,0.3905999958515167,0.39010000228881836,324,0.3181604232644583,6,28_515_shc_2025-26.2910,177,366.0,302.80227697941297,14.860184,79.997782,301.0,0.24702540040016174,0.4058058261871338,0.16,139.0,0.0009670321786282907,0.3042021096019103,0.9222443699836731,326,350,1,0.1290070048549719,303.56478848373683,Musunuru (Part)
90,0.06159999966621399,0.3237999975681305,0.21979999542236328,0.08649999648332596,0.12800000607967377,0.14839999377727509,0.21199999749660492,0.30489999055862427,0.34880000352859497,0.35109999775886536,0.3905999958515167,0.39010000228881836,324,0.3181604232644583,6,28_515_shc_2025-26.2865,177,354.0,302.80227697941297,14.860184,79.997782,226.0,0.24702540040016174,0.4058058261871338,0.25,0.8,0.0009670321786282907,0.3042021096019103,0.9222443699836731,326,350,1,0.1290070048549719,303.56478848373683,Musunuru (Part)
333,0.05249999836087227,0.26899999380111694,0.21130000054836273,0.053300000727176666,0.0820000022649765,0.11789999902248383,0.15600000321865082,0.1914999932050705,0.20890000462532043,0.21529999375343323,0.22529999911785126,0.23270000517368317,318,0.1598870544902116,135,28_515_shc_2025-26.10260,183,316.0,302.686096024095,14.860562,79.407346,188.0,0.1597091108560562,0.29231691360473633,0.65,12.3,0.0008299251913727144,0.17534804772341928,1.2494194507598877,414,269,2,0.24116670039662144,303.37677450347365,Duttalur
333,0.05249999836087227,0.26899999380111694,0.21130000054836273,0.053300000727176666,0.0820000022649765,0.11789999902248383,0.15600000321865082,0.1914999932050705,0.20890000462532043,0.21529999375343323,0.22529999911785126,0.23270000517368317,318,0.1598870544902116,135,28_515_shc_2025-26.10259,183,344.1,302.686096024095,14.860562,79.407346,13.0,0.1597091108560562,0.29231691360473633,0.85,14.1,0.0008299251913727144,0.17534804772341928,1.2494194507598877,414,269,2,0.24116670039662144,303.37677450347365,Duttalur
333,0.05249999836087227,0.26899999380111694,0.21130000054836273,0.053300000727176666,0.0820000022649765,0.11789999902248383,0.15600000321865082,0.1914999932050705,0.20890000462532043,0.21529999375343323,0.22529999911785126,0.23270000517368317,318,0.1598870544902116,135,28_515_shc_2025-26.8458,183,217.7,302.686096024095,14.860562,79.407346,213.0,0.1597091108560562,0.29231691360473633,0.58,9.4,0.0008299251913727144,0.17534804772341928,1.2494194507598877,414,269,2,0.24116670039662144,303.37677450347365,Duttalur
270,0.05649999901652336,0.2506999969482422,0.2142000049352646,0.07519999891519547,0.10239999741315842,0.13220000267028809,0.15299999713897705,0.1987999975681305,0.21629999577999115,0.24279999732971191,0.24250000715255737,0.25679999589920044,298,0.18783966210078779,106,28_515_shc_2025-26.3057,183,366.0,302.81195694103576,14.861029,79.572352,151.0,0.22688226401805878,0.2949333190917969,0.16,12.3,0.0008900190266058532,0.18959999084472656,1.0325371026992798,406,296,1,0.21217560349849232,303.5206118801184,Vinjamur
270,0.051100000739097595,0.304500013589859,0.2354000061750412,0.07199999690055847,0.09790000319480896,0.14319999516010284,0.17000000178813934,0.2071000039577484,0.2305999994277954,0.23899999260902405,0.2662999927997589,0.2606000006198883,301,0.15370298783776623,105,28_515_shc_2025-26.8676,183,279.3,302.81195694103576,14.861218,79.582038,125.0,0.16870413720607758,0.25065410137176514,0.21,0.8,0.0008900190266058532,0.16288823188125945,1.2740586996078491,407,292,1,0.21217560349849232,303.5206118801184,Vinjamur
180,0.03849999979138374,0.2529999911785126,0.16140000522136688,0.04600000008940697,0.07190000265836716,0.06340000033378601,0.1289999932050705,0.2143000066280365,0.23800000548362732,0.24660000205039978,0.27239999175071716,0.2815999984741211,357,0.35725429257652036,145,28_515_shc_2025-26.7292,180,252.8,302.686096024095,14.861701,79.365534,125.0,0.31309905648231506,0.5909677147865295,0.65,12.9,0.0008299251913727144,0.3392592614395846,1.025952935218811,383,260,1,0.24116670039662144,303.37677450347365,Somalaregada
270,0.05860000103712082,0.24860000610351562,0.20319999754428864,0.07639999687671661,0.10090000182390213,0.1340000033378601,0.1534000039100647,0.21080000698566437,0.2379000037908554,0.2425999939441681,0.26190000772476196,0.26030001044273376,298,0.1842426503975572,109,28_515_shc_2025-26.2793,183,186.2,302.81195694103576,14.862,79.572,13.0,0.22525249421596527,0.2883695960044861,0.26,0.8,0.0008900190266058532,0.1858316066786984,1.0247321128845215,406,296,1,0.21217560349849232,303.5206118801184,Vinjamur
226,0.06976666301488876,0.31644999980926514,0.23119999468326569,0.09027499705553055,0.12385000288486481,0.16573333740234375,0.22110000252723694,0.29356667399406433,0.3312000036239624,0.34549999237060547,0.37470000982284546,0.3649333417415619,326,0.2702709235963905,8,28_515_shc_2025-26.6148,183,621.0,302.80227697941297,14.862,79.992,226.0,0.21955522894859314,0.3516332805156708,0.58,10.8,0.0009670321786282907,0.2666545638017456,0.9159190058708191,338,336,1,0.1290070048549719,303.56478848373683,Musunuru (Part)
0,0.0560000017285347,0.27744999527931213,0.16615000367164612,0.07989999651908875,0.11909999698400497,0.13564999401569366,0.19380000233650208,0.30000001192092896,0.33149999380111694,0.353300005197525,0.36924999952316284,0.35714998841285706,328,0.3470295797387848,8,28_515_shc_2025-26.751,180,323.0,302.80227697941297,14.862,79.998,276.0,0.29153719544410706,0.44513756036758423,0.1,1.5,0.0009670321786282907,0.33012287479901065,0.785309910774231,325,346,0,0.1290070048549719,303.56478848373683,Musunuru (Part)
0,0.0560000017285347,0.27744999527931213,0.16615000367164612,0.07989999651908875,0.11909999698400497,0.13564999401569366,0.19380000233650208,0.30000001192092896,0.33149999380111694,0.353300005197525,0.36924999952316284,0.35714998841285706,328,0.3470295797387848,8,28_515_shc_2025-26.2978,180,348.0,302.80227697941297,14.862,79.998,238.0,0.29153719544410706,0.44513756036758423,0.1,10.0,0.0009670321786282907,0.33012287479901065,0.785309910774231,325,346,0,0.1290070048549719,303.56478848373683,Musunuru (Part)
0,0.0560000017285347,0.27744999527931213,0.16615000367164612,0.07989999651908875,0.11909999698400497,0.13564999401569366,0.19380000233650208,0.30000001192092896,0.33149999380111694,0.353300005197525,0.36924999952316284,0.35714998841285706,328,0.3470295797387848,8,28_515_shc_2025-26.2862,180,459.0,302.80227697941297,14.862,79.998,251.0,0.29153719544410706,0.44513756036758423,0.12,2.3,0.0009670321786282907,0.33012287479901065,0.785309910774231,325,346,0,0.1290070048549719,303.56478848373683,Musunuru (Part)
270,0.06289999932050705,0.28600001335144043,0.2076999992132187,0.062300000339746475,0.08799999952316284,0.09290000051259995,0.17810000479221344,0.27755001187324524,0.32534998655319214,0.33114999532699585,0.3546999990940094,0.3711000084877014,312,0.4190705612982819,9,28_515_shc_2025-26.759,183,323.0,302.80227697941297,14.862,80.002,238.0,0.3005400002002716,0.5618441104888916,0.1,2.3,0.0009670321786282907,0.3867485458910493,0.8636569976806641,333,355,1,0.1290070048549719,303.56478848373683,Musunuru (Part)
270,0.06289999932050705,0.28600001335144043,0.2076999992132187,0.062300000339746475,0.08799999952316284,0.09290000051259995,0.17810000479221344,0.27755001187324524,0.32534998655319214,0.33114999532699585,0.3546999990940094,0.3711000084877014,312,0.4190705612982819,9,28_515_shc_2025-26.2870,183,391.0,302.80227697941297,14.862,80.002,276.0,0.3005400002002716,0.5618441104888916,0.18,7.7,0.0009670321786282907,0.3867485458910493,0.8636569976806641,333,355,1,0.1290070048549719,303.56478848373683,Musunuru (Part)
90,0.06390000134706497,0.2630999982357025,0.2134999930858612,0.0803999975323677,0.11060000211000443,0.15219999849796295,0.17960000038146973,0.19380000233650208,0.2084999978542328,0.2117999941110611,0.23260000348091125,0.23479999601840973,310,0.0978974958473844,109,28_515_shc_2025-26.2784,174,86.9,302.81195694103576,14.863865,79.574798,125.0,0.08226876705884933,0.1637362539768219,0.24,9.2,0.0008900190266058532,0.10347221549121283,1.2422096729278564,410,280,2,0.21217560349849232,303.5206118801184,Vinjamur
90,0.054999999701976776,0.3061999976634979,0.23559999465942383,0.07320000231266022,0.09960000216960907,0.1485999971628189,0.18080000579357147,0.20499999821186066,0.22699999809265137,0.2371000051498413,0.2653999924659729,0.2596000134944916,302,0.1400582541367384,110,28_515_shc_2025-26.6091,174,199.0,302.81195694103576,14.864338,79.577831,63.0,0.13472121953964233,0.2294529676437378,0.09,13.8,0.0008900190266058532,0.1498814628360717,1.2914382219314575,412,286,2,0.21217560349849232,303.5206118801184,Vinjamur
134,0.06443333625793457,0.29565000534057617,0.20280000567436218,0.0728750005364418,0.10457143187522888,0.12004999816417694,0.17753750085830688,0.26286667585372925,0.29580000042915344,0.3016499876976013,0.3190999925136566,0.3088666796684265,313,0.3077157575529886,9,28_515_shc_2025-26.6149,174,565.0,302.80227697941297,14.868,79.988,213.0,0.2590061128139496,0.4306378960609436,0.21,0.8,0.0009670321786282907,0.29554083593203695,0.980109453201294,350,337,3,0.1290070048549719,303.56478848373683,Musunuru (Part)
153,0.06469999998807907,0.30559998750686646,0.20980000495910645,0.0835999995470047,0.121799997985363,0.14110000431537628,0.19290000200271606,0.2973499894142151,0.33285000920295715,0.3425000011920929,0.3700000047683716,0.36570000648498535,319,0.32232250327560114,9,28_515_shc_2025-26.2958,177,335.0,302.80227697941297,14.868,79.998,289.0,0.2794172465801239,0.416459858417511,0.1,10.0,0.0009670321786282907,0.3071370410975266,0.8922627568244934,340,341,2,0.1290070048549719,303.56478848373683,Musunuru (Part)
153,0.06469999998807907,0.30559998750686646,0.20980000495910645,0.0835999995470047,0.121799997985363,0.14110000431537628,0.19290000200271606,0.2973499894142151,0.33285000920295715,0.3425000011920929,0.3700000047683716,0.36570000648498535,319,0.32232250327560114,9,28_515_shc_2025-26.3000,177,391.0,302.80227697941297,14.868,79.998,301.0,0.2794172465801239,0.416459858417511,0.13,1.5,0.0009670321786282907,0.3071370410975266,0.8922627568244934,340,341,2,0.1290070048549719,303.56478848373683,Musunuru (Part)
314,0.049400001764297485,0.22470000386238098,0.13359999656677246,0.061799999326467514,0.09589999914169312,0.09239999949932098,0.1598999947309494,0.2858000099658966,0.33009999990463257,0.3118000030517578,0.35989999771118164,0.328249990940094,324,0.3910315868590237,8,28_515_shc_2025-26.777,186,621.0,302.80227697941297,14.870078,80.003037,176.0,0.32202672958374023,0.5428006052970886,0.14,1.5,0.0009670321786282907,0.3639681535060206,0.7206542491912842,342,334,3,0.1290070048549719,303.56478848373683,Musunuru (Part)
46,0.05350000038743019,0.30869999527931213,0.24140000343322754,0.057500001043081284,0.08810000121593475,0.11819999665021896,0.16660000383853912,0.20720000565052032,0.2320999950170517,0.2572999894618988,0.257999986410141,0.24629999697208405,294,0.22651033430435677,103,28_515_shc_2025-26.8570,174,155.2,302.7371728127463,14.872,79.542,63.0,0.2139655202627182,0.37043941020965576,0.45,26.1,0.0008671348664890154,0.23832095091638272,1.1997668743133545,406,300,3,0.2049535450182463,303.4450139497456,Ravipadu
46,0.05350000038743019,0.30869999527931213,0.24140000343322754,0.057500001043081284,0.08810000121593475,0.11819999665021896,0.16660000383853912,0.20720000565052032,0.2320999950170517,0.2572999894618988,0.257999986410141,0.24629999697208405,294,0.22651033430435677,103,28_515_shc_2025-26.8679,174,595.9,302.7371728127463,14.872,79.542,63.0,0.2139655202627182,0.37043941020965576,0.23,9.2,0.0008671348664890154,0.23832095091638272,1.1997668743133545,406,300,3,0.2049535450182463,303.4450139497456,Ravipadu
46,0.05350000038743019,0.30869999527931213,0.24140000343322754,0.057500001043081284,0.08810000121593475,0.11819999665021896,0.16660000383853912,0.20720000565052032,0.2320999950170517,0.2572999894618988,0.257999986410141,0.24629999697208405,294,0.22651033430435677,103,28_515_shc_2025-26.8682,174,465.5,302.7371728127463,14.872,79.542,38.0,0.2139655202627182,0.37043941020965576,0.27,27.6,0.0008671348664890154,0.23832095091638272,1.1997668743133545,406,300,3,0.2049535450182463,303.4450139497456,Ravipadu
72,0.056575000286102295,0.282966673374176,0.2017499953508377,0.06659714132547379,0.10055000334978104,0.11879999935626984,0.17328570783138275,0.2415499985218048,0.26772499084472656,0.26385998725891113,0.29992857575416565,0.30223333835601807,321,0.24550130674421775,15,28_515_shc_2025-26.6020,171,77.3,302.7707100249173,14.875,79.915,151.0,0.2071947157382965,0.3790832459926605,0.53,11.2,0.0009505249496121447,0.24651619553796095,1.0724122524261475,355,323,3,0.2070471445719401,303.59034615232235,Jaladanki
72,0.056575000286102295,0.282966673374176,0.2017499953508377,0.06659714132547379,0.10055000334978104,0.11879999935626984,0.17328570783138275,0.2415499985218048,0.26772499084472656,0.26385998725891113,0.29992857575416565,0.30223333835601807,321,0.24550130674421775,15,28_515_shc_2025-26.11267,171,119.4,302.7707100249173,14.875,79.915,100.0,0.2071947157382965,0.3790832459926605,0.5,14.7,0.0009505249496121447,0.24651619553796095,1.0724122524261475,355,323,3,0.2070471445719401,303.59034615232235,Jaladanki
314,0.04565000161528587,0.23649999499320984,0.14315000176429749,0.061900001019239426,0.09440000355243683,0.08889999985694885,0.1606999933719635,0.2694999873638153,0.3080500066280365,0.3310750126838684,0.33660000562667847,0.33090001344680786,306,0.43238588816752915,14,28_515_shc_2025-26.11357,183,126.4,302.7707100249173,14.876282,79.90194,25.0,0.3464491367340088,0.5766414999961853,0.75,19.4,0.0009505249496121447,0.39486128893556466,0.7143396139144897,361,332,1,0.2070471445719401,303.59034615232235,Jaladanki
116,0.08699999749660492,0.37975001335144043,0.3203166723251343,0.1044749990105629,0.14003333449363708,0.18355000019073486,0.23680000007152557,0.2702000141143799,0.2930999994277954,0.3052000105381012,0.3181999921798706,0.3024750053882599,295,0.1873917031855004,38,28_515_shc_2025-26.138,174,316.0,302.89680223297654,14.878,79.818,276.0,0.12619927525520325,0.24890026450157166,0.88,8.18,0.0009354052344799659,0.18455121470647765,1.2442660331726074,360,344,2,0.2695965014005962,303.6170174448114,Annavaram
180,0.06755000352859497,0.2768999934196472,0.19460000097751617,0.09293333441019058,0.13394999504089355,0.1555500030517578,0.193900004029274,0.26606667041778564,0.30447500944137573,0.329066663980484,0.3374499976634979,0.3499000072479248,305,0.2771182365559582,17,28_515_shc_2025-26.5765,180,316.0,302.7707100249173,14.878,79.908,38.0,0.2584613263607025,0.35804930329322815,0.82,14.7,0.0009505249496121447,0.2643414438408714,0.8414708375930786,363,332,2,0.2070471445719401,303.59034615232235,Jaladanki
180,0.06755000352859497,0.2768999934196472,0.19460000097751617,0.09293333441019058,0.13394999504089355,0.1555500030517578,0.193900004029274,0.26606667041778564,0.30447500944137573,0.329066663980484,0.3374499976634979,0.3499000072479248,305,0.2771182365559582,17,28_515_shc_2025-26.5756,180,224.7,302.7707100249173,14.878,79.908,75.0,0.2584613263607025,0.35804930329322815,0.46,14.7,0.0009505249496121447,0.2643414438408714,0.8414708375930786,363,332,2,0.2070471445719401,303.59034615232235,Jaladanki
180,0.06755000352859497,0.2768999934196472,0.19460000097751617,0.09293333441019058,0.13394999504089355,0.1555500030517578,0.193900004029274,0.26606667041778564,0.30447500944137573,0.329066663980484,0.3374499976634979,0.3499000072479248,305,0.2771182365559582,17,28_515_shc_2025-26.5743,180,77.3,302.7707100249173,14.878,79.908,28.0,0.2584613263607025,0.35804930329322815,0.28,60.5,0.0009505249496121447,0.2643414438408714,0.8414708375930786,363,332,2,0.2070471445719401,303.59034615232235,Jaladanki
180,0.06755000352859497,0.2768999934196472,0.19460000097751617,0.09293333441019058,0.13394999504089355,0.1555500030517578,0.193900004029274,0.26606667041778564,0.30447500944137573,0.329066663980484,0.3374499976634979,0.3499000072479248,305,0.2771182365559582,17,28_515_shc_2025-26.6027,180,105.3,302.7707100249173,14.878,79.908,289.0,0.2584613263607025,0.35804930329322815,0.82,12.3,0.0009505249496121447,0.2643414438408714,0.8414708375930786,363,332,2,0.2070471445719401,303.59034615232235,Jaladanki
180,0.06755000352859497,0.2768999934196472,0.19460000097751617,0.09293333441019058,0.13394999504089355,0.1555500030517578,0.193900004029274,0.26606667041778564,0.30447500944137573,0.329066663980484,0.3374499976634979,0.3499000072479248,305,0.2771182365559582,17,28_515_shc_2025-26.2507,180,91.3,302.7707100249173,14.878,79.908,38.0,0.2584613263607025,0.35804930329322815,0.32,94.0,0.0009505249496121447,0.2643414438408714,0.8414708375930786,363,332,2,0.2070471445719401,303.59034615232235,Jaladanki
180,0.05339999869465828,0.32339999079704285,0.19830000400543213,0.0803999975323677,0.12559999525547028,0.14489999413490295,0.21860000491142273,0.3041999936103821,0.3452000021934509,0.36500000953674316,0.40230000019073486,0.3783999979496002,318,0.3372870178466685,3,28_515_shc_2025-26.503,180,621.0,302.80227697941297,14.878,80.032,226.0,0.25085675716400146,0.43165329098701477,0.38,38.4,0.0009670321786282907,0.32691357748534444,0.8860273361206055,312,370,2,0.1290070048549719,303.56478848373683,Thallapalem
314,0.055525001138448715,0.3346000015735626,0.23064999282360077,0.07275000214576721,0.10476666688919067,0.12929999828338623,0.17139999568462372,0.2572000026702881,0.294050008058548,0.3015333414077759,0.32315000891685486,0.3136666715145111,307,0.2811131555467221,28,28_515_shc_2025-26.11467,186,126.4,302.89680223297654,14.882,79.848,125.0,0.27516213059425354,0.3997679054737091,0.35,11.7,0.0009354052344799659,0.27754701477742677,1.1096616983413696,351,342,3,0.2695965014005962,303.6170174448114,Annavaram
314,0.055525001138448715,0.3346000015735626,0.23064999282360077,0.07275000214576721,0.10476666688919067,0.12929999828338623,0.17139999568462372,0.2572000026702881,0.294050008058548,0.3015333414077759,0.32315000891685486,0.3136666715145111,307,0.2811131555467221,28,28_515_shc_2025-26.11481,186,161.5,302.89680223297654,14.882,79.848,113.0,0.27516213059425354,0.3997679054737091,0.8,20.0,0.0009354052344799659,0.27754701477742677,1.1096616983413696,351,342,3,0.2695965014005962,303.6170174448114,Annavaram
46,0.05469999834895134,0.3027999997138977,0.24390000104904175,0.07419999688863754,0.11389999836683273,0.14069999754428864,0.19359999895095825,0.26030001044273376,0.2922999858856201,0.2946999967098236,0.32440000772476196,0.31984999775886536,305,0.24330131232414004,17,28_515_shc_2025-26.11256,177,119.4,302.7707100249173,14.882,79.902,138.0,0.2070448398590088,0.3536977469921112,0.19,55.2,0.0009505249496121447,0.24695317529107086,1.0274856090545654,360,335,1,0.2070471445719401,303.59034615232235,Jaladanki
46,0.05469999834895134,0.3027999997138977,0.24390000104904175,0.07419999688863754,0.11389999836683273,0.14069999754428864,0.19359999895095825,0.26030001044273376,0.2922999858856201,0.2946999967098236,0.32440000772476196,0.31984999775886536,305,0.24330131232414004,17,28_515_shc_2025-26.7382,177,98.3,302.7707100249173,14.882,79.902,100.0,0.2070448398590088,0.3536977469921112,0.52,36.42,0.0009505249496121447,0.24695317529107086,1.0274856090545654,360,335,1,0.2070471445719401,303.59034615232235,Jaladanki
226,0.0630333349108696,0.3305000066757202,0.2155500054359436,0.07464999705553055,0.10700000077486038,0.12189999967813492,0.17865000665187836,0.2685999870300293,0.30562499165534973,0.3173333406448364,0.34130001068115234,0.32199999690055847,305,0.3281597264599137,12,28_515_shc_2025-26.10665,192,189.6,302.7707100249173,14.882,79.908,401.0,0.27961286902427673,0.4449419677257538,0.75,56.4,0.0009505249496121447,0.31211627490698707,1.0414916276931763,364,331,5,0.2070471445719401,303.59034615232235,Jaladanki
46,0.06633750349283218,0.29739999771118164,0.22634999454021454,0.10742499679327011,0.1395428627729416,0.15714286267757416,0.1808333396911621,0.2547999918460846,0.2824999988079071,0.2854999899864197,0.3025749921798706,0.32690000534057617,303,0.2255567968479251,19,28_515_shc_2025-26.11261,177,56.2,302.7707100249173,14.882,79.912,163.0,0.22444599866867065,0.2899789810180664,0.15,14.7,0.0009505249496121447,0.2042509423575907,1.0416812896728516,355,342,1,0.2070471445719401,303.59034615232235,Jaladanki
46,0.06633750349283218,0.29739999771118164,0.22634999454021454,0.10742499679327011,0.1395428627729416,0.15714286267757416,0.1808333396911621,0.2547999918460846,0.2824999988079071,0.2854999899864197,0.3025749921798706,0.32690000534057617,303,0.2255567968479251,19,28_515_shc_2025-26.11258,177,407.3,302.7707100249173,14.882,79.912,138.0,0.22444599866867065,0.2899789810180664,0.66,63.4,0.0009505249496121447,0.2042509423575907,1.0416812896728516,355,342,1,0.2070471445719401,303.59034615232235,Jaladanki
57,0.06560000032186508,0.3301999866962433,0.23149999976158142,0.07739999890327454,0.11492499709129333,0.15219999849796295,0.17848333716392517,0.2532750070095062,0.28790000081062317,0.2994000017642975,0.32366666197776794,0.3066999912261963,313,0.22547638499199163,22,28_515_shc_2025-26.10677,171,70.2,302.7707100249173,14.882379,79.903968,125.0,0.25302550196647644,0.3259521722793579,0.63,15.3,0.0009505249496121447,0.23203026990190145,1.102872371673584,357,330,3,0.2070471445719401,303.59034615232235,Jaladanki
226,0.0696600005030632,0.320437490940094,0.23980000615119934,0.06052916496992111,0.09494999796152115,0.10954166948795319,0.17452499270439148,0.2662000060081482,0.30630001425743103,0.3192000091075897,0.32932499051094055,0.3008500039577484,312,0.3442707985433943,19,28_515_shc_2025-26.10676,186,70.2,302.7707100249173,14.883686,79.907462,138.0,0.29302752017974854,0.4890085458755493,0.97,20.6,0.0009505249496121447,0.3386167722170362,1.003876805305481,356,332,3,0.2070471445719401,303.59034615232235,Jaladanki
226,0.0696600005030632,0.320437490940094,0.23980000615119934,0.06052916496992111,0.09494999796152115,0.10954166948795319,0.17452499270439148,0.2662000060081482,0.30630001425743103,0.3192000091075897,0.32932499051094055,0.3008500039577484,312,0.3442707985433943,19,28_515_shc_2025-26.10680,186,98.3,302.7707100249173,14.883686,79.907462,63.0,0.29302752017974854,0.4890085458755493,0.83,5.9,0.0009505249496121447,0.3386167722170362,1.003876805305481,356,332,3,0.2070471445719401,303.59034615232235,Jaladanki
90,0.05223333463072777,0.3109250068664551,0.23252500593662262,0.07997778058052063,0.1155799999833107,0.13985000550746918,0.187416672706604,0.2512333393096924,0.2828199863433838,0.2852333188056946,0.31587499380111694,0.3126850128173828,314,0.23841146857487808,13,28_515_shc_2025-26.10489,174,521.0,302.80227697941297,14.884256,79.957311,135.0,0.20695365965366364,0.34201133251190186,0.3,8.4,0.0009670321786282907,0.23573548913472175,1.090072512626648,329,357,2,0.1290070048549719,303.56478848373683,Budamagunta
90,0.05223333463072777,0.3109250068664551,0.23252500593662262,0.07997778058052063,0.1155799999833107,0.13985000550746918,0.187416672706604,0.2512333393096924,0.2828199863433838,0.2852333188056946,0.31587499380111694,0.3126850128173828,314,0.23841146857487808,13,28_515_shc_2025-26.2892,174,416.0,302.80227697941297,14.884256,79.957311,226.0,0.20695365965366364,0.34201133251190186,0.41,23.0,0.0009670321786282907,0.23573548913472175,1.090072512626648,329,357,2,0.1290070048549719,303.56478848373683,Budamagunta
90,0.05223333463072777,0.3109250068664551,0.23252500593662262,0.07997778058052063,0.1155799999833107,0.13985000550746918,0.187416672706604,0.2512333393096924,0.2828199863433838,0.2852333188056946,0.31587499380111694,0.3126850128173828,314,0.23841146857487808,13,28_515_shc_2025-26.10457,174,621.0,302.80227697941297,14.884256,79.957311,226.0,0.20695365965366364,0.34201133251190186,0.35,0.8,0.0009670321786282907,0.23573548913472175,1.090072512626648,329,357,2,0.1290070048549719,303.56478848373683,Budamagunta
90,0.05223333463072777,0.3109250068664551,0.23252500593662262,0.07997778058052063,0.1155799999833107,0.13985000550746918,0.187416672706604,0.2512333393096924,0.2828199863433838,0.2852333188056946,0.31587499380111694,0.3126850128173828,314,0.23841146857487808,13,28_515_shc_2025-26.10482,174,577.0,302.80227697941297,14.884256,79.957311,226.0,0.20695365965366364,0.34201133251190186,0.46,16.1,0.0009670321786282907,0.23573548913472175,1.090072512626648,329,357,2,0.1290070048549719,303.56478848373683,Budamagunta
90,0.05223333463072777,0.3109250068664551,0.23252500593662262,0.07997778058052063,0.1155799999833107,0.13985000550746918,0.187416672706604,0.2512333393096924,0.2828199863433838,0.2852333188056946,0.31587499380111694,0.3126850128173828,314,0.23841146857487808,13,28_515_shc_2025-26.10491,174,403.0,302.80227697941297,14.884256,79.957311,213.0,0.20695365965366364,0.34201133251190186,0.62,16.1,0.0009670321786282907,0.23573548913472175,1.090072512626648,329,357,2,0.1290070048549719,303.56478848373683,Budamagunta
90,0.05223333463072777,0.3109250068664551,0.23252500593662262,0.07997778058052063,0.1155799999833107,0.13985000550746918,0.187416672706604,0.2512333393096924,0.2828199863433838,0.2852333188056946,0.31587499380111694,0.3126850128173828,314,0.23841146857487808,13,28_515_shc_2025-26.10512,174,527.0,302.80227697941297,14.884256,79.957311,226.0,0.20695365965366364,0.34201133251190186,0.08,1.5,0.0009670321786282907,0.23573548913472175,1.090072512626648,329,357,2,0.1290070048549719,303.56478848373683,Budamagunta
270,0.05379166826605797,0.33765000104904175,0.23839999735355377,0.07684999704360962,0.11155000329017639,0.14647500216960907,0.1813499927520752,0.26214998960494995,0.29585000872612,0.32499998807907104,0.3363249897956848,0.3119249939918518,307,0.2742361378161109,18,28_515_shc_2025-26.11442,183,35.1,302.7707100249173,14.88619,79.899235,188.0,0.2836970388889313,0.37865206599235535,0.63,6.5,0.0009505249496121447,0.27565040948264063,1.0389231443405151,345,348,1,0.2070471445719401,303.59034615232235,Jaladanki
0,0.08275000005960464,0.2913999855518341,0.2228499948978424,0.08100000023841858,0.1103999987244606,0.1315833330154419,0.16820000112056732,0.23839999735355377,0.2587999999523163,0.2614000141620636,0.28279998898506165,0.27915000915527344,299,0.22484529618483715,20,28_515_shc_2025-26.7429,180,63.2,302.7707100249173,14.886735,79.907462,113.0,0.21694602072238922,0.330336332321167,0.58,19.4,0.0009505249496121447,0.21806120162868559,1.1147664785385132,363,338,0,0.2070471445719401,303.59034615232235,Jaladanki
0,0.08275000005960464,0.2913999855518341,0.2228499948978424,0.08100000023841858,0.1103999987244606,0.1315833330154419,0.16820000112056732,0.23839999735355377,0.2587999999523163,0.2614000141620636,0.28279998898506165,0.27915000915527344,299,0.22484529618483715,20,28_515_shc_2025-26.342,180,105.3,302.7707100249173,14.886735,79.907462,125.0,0.21694602072238922,0.330336332321167,0.34,11.7,0.0009505249496121447,0.21806120162868559,1.1147664785385132,363,338,0,0.2070471445719401,303.59034615232235,Chamadala
153,0.05689999833703041,0.35420000553131104,0.2678999900817871,0.07413750141859055,0.11266666650772095,0.14865000545978546,0.1946333348751068,0.2745499908924103,0.302700012922287,0.3139500021934509,0.34439998865127563,0.3425000011920929,304,0.25048205188858474,20,28_515_shc_2025-26.11443,174,49.2,302.7707100249173,14.886953,79.901602,138.0,0.23460593819618225,0.3573281466960907,0.65,0.6,0.0009505249496121447,0.2575836205372427,1.1282051801681519,342,354,4,0.2070471445719401,303.59034615232235,Jaladanki
0,0.0502999983727932,0.26820001006126404,0.22050000727176666,0.062300000339746475,0.08780000358819962,0.1200999990105629,0.1477999985218048,0.18140000104904175,0.19900000095367432,0.21940000355243683,0.2223999947309494,0.2231999933719635,323,0.16856222182045943,122,28_515_shc_2025-26.4360,180,358.2,302.686096024095,14.888,79.428,75.0,0.19498911499977112,0.2924889624118805,0.61,13.5,0.0008299251913727144,0.1774270474783388,1.222424864768982,412,266,0,0.24116670039662144,303.37677450347365,Narrawada
303,0.0750928595662117,0.23136666417121887,0.1585250049829483,0.0669214278459549,0.09189999848604202,0.09672500193119049,0.14643333852291107,0.22908000648021698,0.266566663980484,0.2600249946117401,0.2880333364009857,0.2844200134277344,295,0.3050137254377071,16,28_515_shc_2025-26.944,189,621.0,302.7707100249173,14.888,79.948,276.0,0.2794669270515442,0.45774349570274353,0.12,7.7,0.0009505249496121447,0.28590602860720327,0.8897862434387207,341,363,3,0.2070471445719401,303.59034615232235,Budamagunta
303,0.0750928595662117,0.23136666417121887,0.1585250049829483,0.0669214278459549,0.09189999848604202,0.09672500193119049,0.14643333852291107,0.22908000648021698,0.266566663980484,0.2600249946117401,0.2880333364009857,0.2844200134277344,295,0.3050137254377071,16,28_515_shc_2025-26.9461,189,515.0,302.7707100249173,14.888,79.948,188.0,0.2794669270515442,0.45774349570274353,0.15,11.5,0.0009505249496121447,0.28590602860720327,0.8897862434387207,341,363,3,0.2070471445719401,303.59034615232235,Budamagunta
303,0.0750928595662117,0.23136666417121887,0.1585250049829483,0.0669214278459549,0.09189999848604202,0.09672500193119049,0.14643333852291107,0.22908000648021698,0.266566663980484,0.2600249946117401,0.2880333364009857,0.2844200134277344,295,0.3050137254377071,16,28_515_shc_2025-26.947,189,621.0,302.7707100249173,14.888,79.948,276.0,0.2794669270515442,0.45774349570274353,0.2,13.8,0.0009505249496121447,0.28590602860720327,0.8897862434387207,341,363,3,0.2070471445719401,303.59034615232235,Budamagunta
303,0.0750928595662117,0.23136666417121887,0.1585250049829483,0.0669214278459549,0.09189999848604202,0.09672500193119049,0.14643333852291107,0.22908000648021698,0.266566663980484,0.2600249946117401,0.2880333364009857,0.2844200134277344,295,0.3050137254377071,16,28_515_shc_2025-26.956,189,621.0,302.7707100249173,14.888,79.948,314.0,0.2794669270515442,0.45774349570274353,0.1,5.4,0.0009505249496121447,0.28590602860720327,0.8897862434387207,341,363,3,0.2070471445719401,303.59034615232235,Budamagunta
180,0.05973333492875099,0.318450003862381,0.22804999351501465,0.07618333399295807,0.1122666671872139,0.13944999873638153,0.18896666169166565,0.24809999763965607,0.2798500061035156,0.291049987077713,0.30959999561309814,0.31360000371932983,323,0.2435145623972773,13,28_515_shc_2025-26.10447,180,608.0,302.80227697941297,14.888,79.962,201.0,0.21266621351242065,0.3521486520767212,0.8,12.3,0.0009670321786282907,0.24438472431898528,1.094141960144043,347,330,1,0.1290070048549719,303.56478848373683,Budamagunta
180,0.05973333492875099,0.318450003862381,0.22804999351501465,0.07618333399295807,0.1122666671872139,0.13944999873638153,0.18896666169166565,0.24809999763965607,0.2798500061035156,0.291049987077713,0.30959999561309814,0.31360000371932983,323,0.2435145623972773,13,28_515_shc_2025-26.10451,180,434.0,302.80227697941297,14.888,79.962,201.0,0.21266621351242065,0.3521486520767212,0.76,15.0,0.0009670321786282907,0.24438472431898528,1.094141960144043,347,330,1,0.1290070048549719,303.56478848373683,Budamagunta
244,0.06840000301599503,0.39010000228881836,0.2892000079154968,0.09099999815225601,0.12620000541210175,0.17640000581741333,0.2110999971628189,0.2987000048160553,0.3361999988555908,0.3515999913215637,0.37470000982284546,0.37560001015663147,294,0.25354555924586075,7,28_515_shc_2025-26.8505,186,577.0,302.80227697941297,14.888,80.018,263.0,0.2496889978647232,0.331818163394928,0.8,43.78,0.0009670321786282907,0.2556420029062483,1.109499454498291,343,363,2,0.1290070048549719,303.56478848373683,Kavali Bit - II (Rural)
244,0.06840000301599503,0.39010000228881836,0.2892000079154968,0.09099999815225601,0.12620000541210175,0.17640000581741333,0.2110999971628189,0.2987000048160553,0.3361999988555908,0.3515999913215637,0.37470000982284546,0.37560001015663147,294,0.25354555924586075,7,28_515_shc_2025-26.11736,186,434.0,302.80227697941297,14.888,80.018,301.0,0.2496889978647232,0.331818163394928,0.34,30.7,0.0009670321786282907,0.2556420029062483,1.109499454498291,343,363,2,0.1290070048549719,303.56478848373683,Kavali Bit - II (Rural)
0,0.060600001364946365,0.3294000029563904,0.24279999732971191,0.08372499793767929,0.1182333305478096,0.1348000019788742,0.19580000638961792,0.2799000144004822,0.32749998569488525,0.3375749886035919,0.35749998688697815,0.3619000017642975,307,0.333854677086633,14,28_515_shc_2025-26.242,180,28.1,302.7707100249173,14.892,79.932,489.0,0.2658073306083679,0.4292669892311096,0.24,29.4,0.0009505249496121447,0.3128036846719793,0.9757832288742065,358,335,0,0.2070471445719401,303.59034615232235,Jammalapalem
0,0.060600001364946365,0.3294000029563904,0.24279999732971191,0.08372499793767929,0.1182333305478096,0.1348000019788742,0.19580000638961792,0.2799000144004822,0.32749998569488525,0.3375749886035919,0.35749998688697815,0.3619000017642975,307,0.333854677086633,14,28_515_shc_2025-26.216,180,477.6,302.7707100249173,14.892,79.932,13.0,0.2658073306083679,0.4292669892311096,0.36,91.0,0.0009505249496121447,0.3128036846719793,0.9757832288742065,358,335,0,0.2070471445719401,303.59034615232235,Jammalapalem
270,0.05849999934434891,0.3625499904155731,0.27070000767707825,0.08543333411216736,0.1163249984383583,0.15479999780654907,0.19519999623298645,0.27223333716392517,0.30160000920295715,0.31503334641456604,0.3391999900341034,0.33957499265670776,303,0.24988306263941285,14,28_515_shc_2025-26.9794,183,63.2,302.7707100249173,14.892,79.938,100.0,0.234859898686409,0.3410429358482361,0.41,65.8,0.0009505249496121447,0.24782610779901929,1.1508305072784424,359,338,1,0.2070471445719401,303.59034615232235,Jammalapalem
270,0.05849999934434891,0.3625499904155731,0.27070000767707825,0.08543333411216736,0.1163249984383583,0.15479999780654907,0.19519999623298645,0.27223333716392517,0.30160000920295715,0.31503334641456604,0.3391999900341034,0.33957499265670776,303,0.24988306263941285,14,28_515_shc_2025-26.227,183,112.4,302.7707100249173,14.892,79.938,151.0,0.234859898686409,0.3410429358482361,0.47,11.7,0.0009505249496121447,0.24782610779901929,1.1508305072784424,359,338,1,0.2070471445719401,303.59034615232235,Jammalapalem
270,0.05849999934434891,0.3625499904155731,0.27070000767707825,0.08543333411216736,0.1163249984383583,0.15479999780654907,0.19519999623298645,0.27223333716392517,0.30160000920295715,0.31503334641456604,0.3391999900341034,0.33957499265670776,303,0.24988306263941285,14,28_515_shc_2025-26.231,183,161.5,302.7707100249173,14.892,79.938,88.0,0.234859898686409,0.3410429358482361,0.18,29.4,0.0009505249496121447,0.24782610779901929,1.1508305072784424,359,338,1,0.2070471445719401,303.59034615232235,Jammalapalem
46,0.062300000339746475,0.289900004863739,0.17489999532699585,0.07699999958276749,0.11219999939203262,0.12020000070333481,0.19629999995231628,0.28870001435279846,0.33500000834465027,0.3206000030040741,0.3808000087738037,0.38760000467300415,300,0.3421430049918254,6,28_515_shc_2025-26.10989,174,348.0,302.80227697941297,14.895,80.035,464.0,0.24047204852104187,0.45462796092033386,0.18,34.6,0.0009670321786282907,0.3195153085316061,0.9042420387268066,329,371,3,0.1290070048549719,303.56478848373683,Mannangidinne
116,0.04866666719317436,0.28317999839782715,0.20829999446868896,0.056437499821186066,0.09217777848243713,0.11131999641656876,0.16969090700149536,0.22002500295639038,0.24879999458789825,0.2523750066757202,0.26284998655319214,0.2676500082015991,307,0.23556064787255465,29,28_515_shc_2025-26.11432,174,126.4,302.7707100249173,14.898855,79.890525,276.0,0.19590328633785248,0.3878387212753296,0.53,7.0,0.0009505249496121447,0.24497364767793942,1.1220604181289673,367,326,2,0.2070471445719401,303.59034615232235,Jaladanki
64,0.058649998158216476,0.2867000102996826,0.19449999928474426,0.07039999961853027,0.10289999842643738,0.11492499709129333,0.16799665987491608,0.2460000067949295,0.27656665444374084,0.2870999872684479,0.30169999599456787,0.3009375035762787,307,0.2971300752847843,25,28_515_shc_2025-26.11423,168,147.5,302.7707100249173,14.899943,79.89199,276.0,0.26170995831489563,0.4282693862915039,0.47,7.6,0.0009505249496121447,0.28631411517835836,0.9986068606376648,367,326,4,0.2070471445719401,303.59034615232235,Jaladanki
207,0.04401666671037674,0.2644500136375427,0.17249999940395355,0.05756666511297226,0.09080000221729279,0.10952500253915787,0.15863333642482758,0.226174995303154,0.2542000114917755,0.2391333281993866,0.28299999237060547,0.3016749918460846,310,0.22124509013406135,29,28_515_shc_2025-26.11435,183,119.4,302.7707100249173,14.90027,79.888271,113.0,0.20237994194030762,0.37173449993133545,0.8,85.8,0.0009505249496121447,0.22908216587134156,1.1058684587478638,359,331,2,0.2070471445719401,303.59034615232235,Jaladanki
134,0.08797777444124222,0.3544999957084656,0.29679998755455017,0.08010999858379364,0.1145000010728836,0.1393599957227707,0.1981624960899353,0.243066668510437,0.27799999713897705,0.2808000147342682,0.3114599883556366,0.31025999784469604,302,0.23322464529904943,46,28_515_shc_2025-26.8835,177,295.0,302.89680223297654,14.902,79.788,25.0,0.17253442108631134,0.33663371205329895,0.89,10.6,0.0009354052344799659,0.23056862513712958,1.2624642848968506,381,317,1,0.2695965014005962,303.6170174448114,Kesavaram
134,0.08797777444124222,0.3544999957084656,0.29679998755455017,0.08010999858379364,0.1145000010728836,0.1393599957227707,0.1981624960899353,0.243066668510437,0.27799999713897705,0.2808000147342682,0.3114599883556366,0.31025999784469604,302,0.23322464529904943,46,28_515_shc_2025-26.5863,177,98.3,302.89680223297654,14.902,79.788,25.0,0.17253442108631134,0.33663371205329895,0.65,18.2,0.0009354052344799659,0.23056862513712958,1.2624642848968506,381,317,1,0.2695965014005962,303.6170174448114,Kesavaram
134,0.08797777444124222,0.3544999957084656,0.29679998755455017,0.08010999858379364,0.1145000010728836,0.1393599957227707,0.1981624960899353,0.243066668510437,0.27799999713897705,0.2808000147342682,0.3114599883556366,0.31025999784469604,302,0.23322464529904943,46,28_515_shc_2025-26.5872,177,91.3,302.89680223297654,14.902,79.788,75.0,0.17253442108631134,0.33663371205329895,0.65,5.3,0.0009354052344799659,0.23056862513712958,1.2624642848968506,381,317,1,0.2695965014005962,303.6170174448114,Kesavaram
134,0.08797777444124222,0.3544999957084656,0.29679998755455017,0.08010999858379364,0.1145000010728836,0.1393599957227707,0.1981624960899353,0.243066668510437,0.27799999713897705,0.2808000147342682,0.3114599883556366,0.31025999784469604,302,0.23322464529904943,46,28_515_shc_2025-26.8807,177,141.5,302.89680223297654,14.902,79.788,38.0,0.17253442108631134,0.33663371205329895,0.91,10.6,0.0009354052344799659,0.23056862513712958,1.2624642848968506,381,317,1,0.2695965014005962,303.6170174448114,Kesavaram
0,0.04258750006556511,0.2748476266860962,0.20082500576972961,0.057500001043081284,0.08730000257492065,0.10790000110864639,0.16588124632835388,0.2133714258670807,0.23691429197788239,0.2373500019311905,0.2508000135421753,0.24390000104904175,327,0.22265222008060107,29,28_515_shc_2025-26.11444,180,126.4,302.7707100249173,14.903972,79.887483,163.0,0.17724011838436127,0.3749457001686096,0.8,9.4,0.0009505249496121447,0.22972493408516984,1.1579844951629639,370,303,0,0.2070471445719401,303.59034615232235,Jaladanki
46,0.03869999945163727,0.2609499990940094,0.1712999939918518,0.03830000013113022,0.062449999153614044,0.06315000355243683,0.13075000047683716,0.21690000593662262,0.24514999985694885,0.2493000030517578,0.27904999256134033,0.28290000557899475,303,0.34704872712129164,86,28_515_shc_2025-26.8660,177,124.1,302.81195694103576,14.908,79.568,25.0,0.31193265318870544,0.595775306224823,0.2,11.5,0.0008900190266058532,0.3436826844473311,1.046730875968933,411,286,1,0.21217560349849232,303.5206118801184,Katepalle
27,0.03869999945163727,0.1750333309173584,0.10339999943971634,0.04125000163912773,0.06283333152532578,0.05999999865889549,0.08907143026590347,0.23929999768733978,0.3037000000476837,0.30625998973846436,0.33090001344680786,0.34290000796318054,300,0.45372304328191604,44,28_515_shc_2025-26.7574,177,84.3,302.89680223297654,14.908,79.798,188.0,0.5493835210800171,0.6723638772964478,0.5,7.0,0.0009354052344799659,0.42641931009967343,0.5715187788009644,382,318,2,0.2695965014005962,303.6170174448114,Kesavaram
46,0.04405000060796738,0.25226667523384094,0.16910000145435333,0.05241111293435097,0.08723333477973938,0.09192857146263123,0.1581166684627533,0.26910001039505005,0.3061249852180481,0.3052000105381012,0.3294000029563904,0.32233333587646484,303,0.3642706396883871,31,28_515_shc_2025-26.11438,177,168.6,302.7707100249173,14.908,79.888,25.0,0.3174574673175812,0.53703373670578,0.47,44.6,0.0009505249496121447,0.35659008645088935,0.8265618085861206,368,329,1,0.2070471445719401,303.59034615232235,Jaladanki
270,0.054099999368190765,0.34380000829696655,0.2565000057220459,0.06939999759197235,0.10279999673366547,0.13300000131130219,0.1647000014781952,0.20960000157356262,0.2379000037908554,0.24449999630451202,0.2655999958515167,0.26910001039505005,334,0.18314716387069602,116,28_515_shc_2025-26.4516,183,280.9,302.686096024095,14.912,79.418,50.0,0.19501465559005737,0.29536423087120056,0.62,10.6,0.0008299251913727144,0.19059828255753447,1.406135082244873,398,269,1,0.24116670039662144,303.37677450347365,Theddupadu
161,0.05065000057220459,0.28200000524520874,0.2203499972820282,0.07304999977350235,0.10779999941587448,0.14730000495910645,0.16044999659061432,0.20960000157356262,0.2300499975681305,0.2139499932527542,0.25064998865127563,0.2781499922275543,328,0.10750864945753513,112,28_515_shc_2025-26.2147,177,259.9,302.686096024095,14.912415,79.42392,13.0,0.14289529621601105,0.18449823558330536,0.4,11.7,0.0008299251913727144,0.11608125706594033,1.3180650472640991,387,286,3,0.24116670039662144,303.37677450347365,Theddupadu
180,0.06185000017285347,0.4097500145435333,0.30832499265670776,0.08470000326633453,0.1239333301782608,0.16269999742507935,0.22152499854564667,0.2874000072479248,0.3201749920845032,0.32950499653816223,0.3674916625022888,0.3568750023841858,308,0.24964007328500373,29,28_515_shc_2025-26.11450,180,133.4,302.7707100249173,14.913226,79.885116,138.0,0.19596028327941895,0.3388933539390564,0.58,89.9,0.0009505249496121447,0.2521731902096169,1.2435320615768433,377,316,2,0.2070471445719401,303.59034615232235,Jaladanki
314,0.043549999594688416,0.2681500017642975,0.17550000548362732,0.054749999195337296,0.0851999968290329,0.09049999713897705,0.13815000653266907,0.23170000314712524,0.2667500078678131,0.28565001487731934,0.2948499917984009,0.27079999446868896,328,0.34405249770418916,113,28_515_shc_2025-26.1970,186,196.6,302.686096024095,14.913344,79.42226,25.0,0.3480415344238281,0.5188090205192566,0.12,115.1,0.0008299251913727144,0.3341037751444655,0.9387362003326416,387,286,3,0.24116670039662144,303.37677450347365,Theddupadu
72,0.054499998688697815,0.2756499946117401,0.19425000250339508,0.06480000168085098,0.09809999912977219,0.10920000076293945,0.16030000150203705,0.26739999651908875,0.29954999685287476,0.3156000077724457,0.3361000120639801,0.30329999327659607,319,0.34752156358623065,110,28_515_shc_2025-26.4415,171,379.2,302.686096024095,14.914779,79.424794,25.0,0.3263290822505951,0.4858757257461548,0.3,3.5,0.0008299251913727144,0.3347750947846291,0.8734156489372253,379,302,3,0.24116670039662144,303.37677450347365,Theddupadu
134,0.04964999854564667,0.28395000100135803,0.20434999465942383,0.06920000165700912,0.10199999809265137,0.11685000360012054,0.16245000064373016,0.23989999294281006,0.2687999904155731,0.27059999108314514,0.30219998955726624,0.31700000166893005,319,0.2645934939352559,109,28_515_shc_2025-26.4436,177,133.4,302.686096024095,14.915,79.425,63.0,0.24974019825458527,0.39682537317276,0.74,10.6,0.0008299251913727144,0.2598737761070671,1.0493348836898804,379,302,1,0.24116670039662144,303.37677450347365,Theddupadu
270,0.040300000458955765,0.3587999939918518,0.26969999074935913,0.06239999830722809,0.09390000253915787,0.14259999990463257,0.19050000607967377,0.23430000245571136,0.25870001316070557,0.2734000086784363,0.2921999990940094,0.29170000553131104,288,0.19686936654980647,89,28_515_shc_2025-26.1268,186,142.8,302.81195694103576,14.915923,79.585342,151.0,0.17870230972766876,0.3144230842590332,0.36,15.4,0.0008900190266058532,0.21419215209855846,1.312362790107727,391,321,2,0.21217560349849232,303.5206118801184,Gottigundala
270,0.040300000458955765,0.3587999939918518,0.26969999074935913,0.06239999830722809,0.09390000253915787,0.14259999990463257,0.19050000607967377,0.23430000245571136,0.25870001316070557,0.2734000086784363,0.2921999990940094,0.29170000553131104,288,0.19686936654980647,89,28_515_shc_2025-26.6685,186,105.5,302.81195694103576,14.915923,79.585342,176.0,0.17870230972766876,0.3144230842590332,0.12,10.0,0.0008900190266058532,0.21419215209855846,1.312362790107727,391,321,2,0.21217560349849232,303.5206118801184,Gottigundala
270,0.040300000458955765,0.3587999939918518,0.26969999074935913,0.06239999830722809,0.09390000253915787,0.14259999990463257,0.19050000607967377,0.23430000245571136,0.25870001316070557,0.2734000086784363,0.2921999990940094,0.29170000553131104,288,0.19686936654980647,89,28_515_shc_2025-26.6678,186,223.5,302.81195694103576,14.915923,79.585342,138.0,0.17870230972766876,0.3144230842590332,0.26,10.8,0.0008900190266058532,0.21419215209855846,1.312362790107727,391,321,2,0.21217560349849232,303.5206118801184,Gottigundala
0,0.046799998730421066,0.2703999876976013,0.1599999964237213,0.048900000751018524,0.08410000056028366,0.10559999942779541,0.15680000185966492,0.2711000144481659,0.29910001158714294,0.3005000054836273,0.32409998774528503,0.29829999804496765,288,0.31087505423371203,89,28_515_shc_2025-26.10537,180,86.9,302.81195694103576,14.917555,79.587977,50.0,0.31423574686050415,0.4799310564994812,0.38,9.2,0.0008900190266058532,0.3226465152842892,0.8998335599899292,393,319,1,0.21217560349849232,303.5206118801184,Katepalle
134,0.03465000167489052,0.2325499951839447,0.1429000049829483,0.041749998927116394,0.06844999641180038,0.08505000174045563,0.1371999979019165,0.22235000133514404,0.2504499852657318,0.25699999928474426,0.27935001254081726,0.27489998936653137,307,0.29561434394515185,100,28_515_shc_2025-26.2883,177,62.1,302.7371728127463,14.918,79.532,88.0,0.30390664935112,0.5027042627334595,0.12,13.1,0.0008671348664890154,0.30630603408634643,0.9048637747764587,396,297,1,0.2049535450182463,303.4450139497456,Thamidapadu
72,0.04349999874830246,0.2655999958515167,0.19130000472068787,0.051899999380111694,0.08150000125169754,0.10180000215768814,0.1451999992132187,0.21629999577999115,0.23919999599456787,0.2563000023365021,0.2612999975681305,0.27390000224113464,316,0.2613594040245446,116,28_515_shc_2025-26.4465,171,105.3,302.686096024095,14.918155,79.436764,188.0,0.2767123281955719,0.4314437210559845,0.28,11.7,0.0008299251913727144,0.27007341691464815,1.0362855195999146,390,294,3,0.24116670039662144,303.37677450347365,Theddupadu
303,0.05530000105500221,0.35659998655319214,0.2906000018119812,0.07800000160932541,0.11559999734163284,0.17775000631809235,0.21265000104904175,0.24009999632835388,0.25975000858306885,0.2667999863624573,0.2870999872684479,0.2853499948978424,320,0.12733795604716175,112,28_515_shc_2025-26.5409,189,154.5,302.686096024095,14.920941,79.421736,75.0,0.11294188350439072,0.20031487941741943,0.4,9.4,0.0008299251913727144,0.14141651696748567,1.3365817070007324,378,302,3,0.24116670039662144,303.37677450347365,Theddupadu
296,0.05184999853372574,0.38135001063346863,0.2981500029563904,0.07874999940395355,0.11604999750852585,0.17499999701976776,0.21565000712871552,0.23925000429153442,0.26214998960494995,0.2690500020980835,0.291949987411499,0.2798500061035156,339,0.13603425907096905,110,28_515_shc_2025-26.5403,186,133.4,302.686096024095,14.92246,79.419639,75.0,0.11017122864723206,0.2118004858493805,0.92,11.2,0.0008299251913727144,0.14943594910152888,1.4173945188522339,375,286,2,0.24116670039662144,303.37677450347365,Theddupadu
341,0.04989999905228615,0.3400999903678894,0.2563999891281128,0.0697999969124794,0.10409999638795853,0.13220000267028809,0.17910000681877136,0.23479999601840973,0.2615000009536743,0.27390000224113464,0.29249998927116394,0.295199990272522,307,0.22949597656229667,110,28_515_shc_2025-26.4769,183,14.0,302.686096024095,14.92457,79.43257,38.0,0.20927150547504425,0.348928838968277,0.06,10.6,0.0008299251913727144,0.2345767555503413,1.2416939735412598,384,309,3,0.24116670039662144,303.37677450347365,Theddupadu
270,0.04749999940395355,0.29280000925064087,0.2386000007390976,0.061000000685453415,0.0966000035405159,0.12999999523162842,0.1754000037908554,0.23080000281333923,0.2502000033855438,0.2529999911785126,0.2727999985218048,0.27239999175071716,313,0.19517613340296366,107,28_515_shc_2025-26.2172,183,252.8,302.686096024095,14.926259,79.433269,13.0,0.18113909661769867,0.3211488127708435,0.58,11.7,0.0008299251913727144,0.20894676869748965,1.157312273979187,382,306,1,0.24116670039662144,303.37677450347365,Theddupadu
180,0.051600001752376556,0.3192000091075897,0.2414499968290329,0.08160000294446945,0.11010000109672546,0.14145000278949738,0.18074999749660492,0.23549999296665192,0.2624500095844269,0.26499998569488525,0.2935500144958496,0.29179999232292175,340,0.20568353286641192,104,28_515_shc_2025-26.7250,180,14.0,302.686096024095,14.927271,79.429599,38.0,0.18900726735591888,0.30397340655326843,0.46,10.0,0.0008299251913727144,0.2044514057173214,1.2045284509658813,363,297,1,0.24116670039662144,303.37677450347365,Theddupadu
0,0.039400000125169754,0.29670000076293945,0.2093999981880188,0.050599999725818634,0.08110000193119049,0.08590000122785568,0.15889999270439148,0.25029999017715454,0.28380000591278076,0.295199990272522,0.30649998784065247,0.30480000376701355,291,0.3656278196651601,77,28_515_shc_2025-26.991,180,229.7,302.81195694103576,14.927464,79.605769,50.0,0.3001541495323181,0.549199640750885,0.24,4.6,0.0008900190266058532,0.3563159534622069,1.005081295967102,429,280,1,0.21217560349849232,303.5206118801184,Gottigundala
270,0.0568000003695488,0.3700000047683716,0.2858000099658966,0.06970000267028809,0.10379999876022339,0.15119999647140503,0.19189999997615814,0.2328999936580658,0.2533999979496002,0.2635999917984009,0.2867000102996826,0.2858000099658966,285,0.17050453368554946,105,28_515_shc_2025-26.10876,186,196.6,302.7371728127463,14.927525,79.453976,63.0,0.1574094295501709,0.27097395062446594,0.46,12.3,0.0008671348664890154,0.18430257449978,1.403641939163208,392,323,2,0.2049535450182463,303.4450139497456,Thimmapuram
0,0.041600000113248825,0.313400000333786,0.25780001282691956,0.06040000170469284,0.09539999812841415,0.147599995136261,0.18289999663829803,0.2249000072479248,0.2502000033855438,0.2533999979496002,0.2718999981880188,0.2777999937534332,306,0.15688019806578019,61,28_515_shc_2025-26.9866,180,266.9,302.9187663228888,14.928,79.678,289.0,0.16158607602119446,0.2638404071331024,0.25,8.4,0.0009153686921901573,0.17613763089661363,1.236779808998108,392,302,2,0.32155963830780565,303.64166708159865,Settipalem
0,0.041600000113248825,0.313400000333786,0.25780001282691956,0.06040000170469284,0.09539999812841415,0.147599995136261,0.18289999663829803,0.2249000072479248,0.2502000033855438,0.2533999979496002,0.2718999981880188,0.2777999937534332,306,0.15688019806578019,61,28_515_shc_2025-26.10698,180,285.5,302.9187663228888,14.928,79.678,138.0,0.16158607602119446,0.2638404071331024,0.18,28.4,0.0009153686921901573,0.17613763089661363,1.236779808998108,392,302,2,0.32155963830780565,303.64166708159865,Settipalem
90,0.043949998915195465,0.27505001425743103,0.2074500024318695,0.05469999834895134,0.08124999701976776,0.11734999716281891,0.14300000667572021,0.18664999306201935,0.2000499963760376,0.20884999632835388,0.22750000655651093,0.25189998745918274,311,0.1522259926659478,106,28_515_shc_2025-26.1911,177,351.2,302.686096024095,14.928538,79.433706,63.0,0.18715359270572662,0.2805027663707733,0.69,142.0,0.0008299251913727144,0.16612200415100686,1.3169740438461304,378,311,1,0.24116670039662144,303.37677450347365,Theddupadu
270,0.05310000106692314,0.32440000772476196,0.2240000069141388,0.04879999905824661,0.0835999995470047,0.09139999747276306,0.1834000051021576,0.2736000120639801,0.30309998989105225,0.31349998712539673,0.34209999442100525,0.3215999901294708,296,0.37118121660342507,78,28_515_shc_2025-26.3168,189,142.8,302.81195694103576,14.932,79.602,151.0,0.26182326674461365,0.5485305190086365,0.16,9.2,0.0008900190266058532,0.36816221698455753,1.03476881980896,409,295,3,0.21217560349849232,303.5206118801184,Gottigundala
314,0.056299999356269836,0.30820000171661377,0.21699999272823334,0.06769999861717224,0.09769999980926514,0.11240000277757645,0.17090000212192535,0.23909999430179596,0.27379998564720154,0.28519999980926514,0.30000001192092896,0.2937999963760376,291,0.2975513893247769,76,28_515_shc_2025-26.992,186,142.8,302.81195694103576,14.932695,79.604479,163.0,0.25060293078422546,0.4346076250076294,0.19,10.8,0.0008900190266058532,0.28877004768330067,1.080645203590393,415,294,3,0.21217560349849232,303.5206118801184,Gottigundala
90,0.04964999854564667,0.2780500054359436,0.2172500044107437,0.07325000315904617,0.10525000095367432,0.1287499964237213,0.16744999587535858,0.22849999368190765,0.24985000491142273,0.24770000576972961,0.27355000376701355,0.2685999870300293,317,0.20218246992478772,102,28_515_shc_2025-26.7207,174,133.4,302.686096024095,14.933349,79.429949,38.0,0.193303644657135,0.3159782290458679,0.42,6.5,0.0008299251913727144,0.20357694514516106,1.1225272417068481,380,303,2,0.24116670039662144,303.37677450347365,Theddupadu
226,0.06859999895095825,0.3799000084400177,0.3212999999523163,0.1168999969959259,0.1509999930858612,0.20200000703334808,0.2215999960899353,0.25519999861717224,0.2799000144004822,0.28540000319480896,0.3093999922275543,0.2994000017642975,307,0.1286520727269317,80,28_515_shc_2025-26.3747,189,155.2,302.81195694103576,14.933592,79.595534,163.0,0.1258382797241211,0.17111201584339142,0.12,5.4,0.0008900190266058532,0.12669636717269694,1.3311142921447754,400,293,4,0.21217560349849232,303.5206118801184,Gottigundala
244,0.05829999968409538,0.38440001010894775,0.2937000095844269,0.07209999859333038,0.10520000010728836,0.15469999611377716,0.18250000476837158,0.23680000007152557,0.2621999979019165,0.2667999863624573,0.2921999990940094,0.29280000925064087,306,0.1694121082635653,103,28_515_shc_2025-26.10884,186,196.6,302.686096024095,14.933602,79.449083,63.0,0.18762515485286713,0.2659549117088318,0.39,12.9,0.0008299251913727144,0.18247421440114545,1.440779685974121,396,298,2,0.24116670039662144,303.37677450347365,Thimmapuram
270,0.0471000000834465,0.33399999141693115,0.24300000071525574,0.0640999972820282,0.094200000166893,0.11739999800920486,0.16910000145435333,0.22930000722408295,0.2556999921798706,0.2590000033378601,0.29269999265670776,0.29179999232292175,306,0.2387616838158245,102,28_515_shc_2025-26.10355,186,287.6,302.686096024095,14.933771,79.447248,25.0,0.20999766886234283,0.3761955499649048,1.24,13.5,0.0008299251913727144,0.24235509774819125,1.289575219154358,396,298,2,0.24116670039662144,303.37677450347365,Thimmapuram
0,0.03610000014305115,0.2214999943971634,0.12160000205039978,0.04010000079870224,0.06364999711513519,0.05490000173449516,0.11219999939203262,0.23544999957084656,0.27230000495910645,0.2732999920845032,0.3059999942779541,0.29420000314712524,312,0.4193709261817366,61,28_515_shc_2025-26.8901,180,149.0,302.9187663228888,14.935,79.675,151.0,0.41789883375167847,0.6654478907585144,0.24,3.8,0.0009153686921901573,0.3955566143080755,0.8104646801948547,397,291,2,0.32155963830780565,303.64166708159865,Settipalem
0,0.03610000014305115,0.2214999943971634,0.12160000205039978,0.04010000079870224,0.06364999711513519,0.05490000173449516,0.11219999939203262,0.23544999957084656,0.27230000495910645,0.2732999920845032,0.3059999942779541,0.29420000314712524,312,0.4193709261817366,61,28_515_shc_2025-26.6481,180,273.1,302.9187663228888,14.935,79.675,176.0,0.41789883375167847,0.6654478907585144,0.18,23.8,0.0009153686921901573,0.3955566143080755,0.8104646801948547,397,291,2,0.32155963830780565,303.64166708159865,Settipalem
345,0.051899999380111694,0.3614000082015991,0.2996000051498413,0.06894999742507935,0.09735000133514404,0.14605000615119934,0.18915000557899475,0.22474999725818634,0.25040000677108765,0.24774999916553497,0.27845001220703125,0.2729499936103821,329,0.15822143147489942,104,28_515_shc_2025-26.6851,183,309.0,302.686096024095,14.935712,79.417018,13.0,0.13412678241729736,0.258252888917923,0.92,11.2,0.0008299251913727144,0.1706757536518973,1.458728551864624,394,277,4,0.24116670039662144,303.37677450347365,Theddupadu
296,0.05510000139474869,0.3939499855041504,0.33605000376701355,0.0742499977350235,0.1088000014424324,0.1586499959230423,0.2207999974489212,0.264849990606308,0.28450000286102295,0.2791999876499176,0.3122499883174896,0.29420000314712524,329,0.18000865050143836,105,28_515_shc_2025-26.5270,186,323.1,302.686096024095,14.936387,79.418066,63.0,0.1167999804019928,0.2753225862979889,0.39,8.8,0.0008299251913727144,0.19280800848491536,1.4109957218170166,394,277,2,0.24116670039662144,303.37677450347365,Theddupadu
46,0.04809999838471413,0.3248499929904938,0.23514999449253082,0.06835000216960907,0.10639999806880951,0.1282999962568283,0.1780499964952469,0.2551000118255615,0.28200000524520874,0.30614998936653137,0.31450000405311584,0.3001500070095062,329,0.284409829570963,103,28_515_shc_2025-26.6995,171,386.3,302.686096024095,14.936809,79.41894,50.0,0.26456010341644287,0.4093681573867798,0.12,12.9,0.0008299251913727144,0.28548878352926765,1.0610811710357666,398,273,4,0.24116670039662144,303.37677450347365,Theddupadu
90,0.04410000145435333,0.24854999780654907,0.1586499959230423,0.04769999906420708,0.07280000299215317,0.06795000284910202,0.12860000133514404,0.2281000018119812,0.2618499994277954,0.26554998755455017,0.288100004196167,0.2868500053882599,322,0.3755225825786162,99,28_515_shc_2025-26.4534,174,316.0,302.686096024095,14.936809,79.421037,50.0,0.34745651483535767,0.5925037264823914,0.85,126.9,0.0008299251913727144,0.35560885479390336,0.9359819889068604,396,281,2,0.24116670039662144,303.37677450347365,Theddupadu
296,0.04280000180006027,0.27970001101493835,0.17855000495910645,0.05665000155568123,0.08474999666213989,0.0815500020980835,0.14259999990463257,0.22675000131130219,0.2569499909877777,0.27630001306533813,0.2933500111103058,0.27524998784065247,340,0.36314309223676283,98,28_515_shc_2025-26.10354,186,491.6,302.686096024095,14.936978,79.443841,75.0,0.319169282913208,0.5442224740982056,0.7,12.3,0.0008299251913727144,0.34053157461940675,1.012305498123169,391,269,2,0.24116670039662144,303.37677450347365,Thimmapuram
123,0.04075000062584877,0.2680000066757202,0.17444999516010284,0.056049998849630356,0.08649999648332596,0.08659999817609787,0.14294999837875366,0.23409999907016754,0.2667500078678131,0.26794999837875366,0.29670000076293945,0.28610000014305115,329,0.33161446180055076,105,28_515_shc_2025-26.6989,171,323.1,302.686096024095,14.937738,79.418503,38.0,0.30421027541160583,0.511493444442749,0.93,7.0,0.0008299251913727144,0.31832543607824243,1.0001866817474365,398,273,3,0.24116670039662144,303.37677450347365,Theddupadu
314,0.04179999977350235,0.30070000886917114,0.22145000100135803,0.04904999956488609,0.06930000334978104,0.09009999781847,0.149849995970726,0.1987999975681305,0.21979999542236328,0.21739999949932098,0.24985000491142273,0.25060001015663147,329,0.22893625146388902,106,28_515_shc_2025-26.5424,183,196.6,302.686096024095,14.938,79.418,13.0,0.18393465876579285,0.4139837622642517,0.12,12.9,0.0008299251913727144,0.23647059214308364,1.3831647634506226,398,273,1,0.24116670039662144,303.37677450347365,Theddupadu
116,0.04960000142455101,0.34325000643730164,0.26330000162124634,0.06755000352859497,0.09440000355243683,0.12530000507831573,0.17229999601840973,0.22104999423027039,0.2446500062942505,0.25429999828338623,0.27744999527931213,0.2843500077724457,322,0.21507526468958005,101,28_515_shc_2025-26.5461,174,358.2,302.686096024095,14.938,79.422,25.0,0.19221754372119904,0.3398313820362091,0.69,5.9,0.0008299251913727144,0.21998634500690908,1.3497837781906128,396,281,2,0.24116670039662144,303.37677450347365,Theddupadu
134,0.04136250168085098,0.3467999994754791,0.23549999296665192,0.06546666473150253,0.10625000298023224,0.12409999966621399,0.18105000257492065,0.27193334698677063,0.31189998984336853,0.3172000050544739,0.34272500872612,0.3128666579723358,315,0.30732748158409234,51,28_515_shc_2025-26.3226,177,397.3,302.89680223297654,14.938961,79.768006,113.0,0.27325639128685,0.43757081031799316,0.35,14.6,0.0009354052344799659,0.3077127447463869,1.0933165550231934,379,306,1,0.2695965014005962,303.6170174448114,Kunkuvaripalem
134,0.04136250168085098,0.3467999994754791,0.23549999296665192,0.06546666473150253,0.10625000298023224,0.12409999966621399,0.18105000257492065,0.27193334698677063,0.31189998984336853,0.3172000050544739,0.34272500872612,0.3128666579723358,315,0.30732748158409234,51,28_515_shc_2025-26.984,177,347.6,302.89680223297654,14.938961,79.768006,113.0,0.27325639128685,0.43757081031799316,0.12,6.1,0.0009354052344799659,0.3077127447463869,1.0933165550231934,379,306,1,0.2695965014005962,303.6170174448114,Kunkuvaripalem
270,0.050700001418590546,0.2874999940395355,0.18950000405311584,0.061799999326467514,0.08470000326633453,0.09229999780654907,0.1525000035762787,0.21660000085830688,0.24379999935626984,0.26420000195503235,0.27630001306533813,0.2937999963760376,341,0.3172757566067037,94,28_515_shc_2025-26.8490,186,196.6,302.686096024095,14.939257,79.441482,63.0,0.26805853843688965,0.482187956571579,0.46,12.3,0.0008299251913727144,0.30105079544016466,1.0881906747817993,388,272,2,0.24116670039662144,303.37677450347365,Thimmapuram
90,0.04919999837875366,0.3192000091075897,0.241799995303154,0.06719999760389328,0.0940999984741211,0.13220000267028809,0.16110000014305115,0.19110000133514404,0.2094999998807907,0.22339999675750732,0.23880000412464142,0.2379000037908554,312,0.15073382294260054,112,28_515_shc_2025-26.10896,177,259.9,302.7371728127463,14.939595,79.451966,38.0,0.16202859580516815,0.25646793842315674,0.53,11.7,0.0008671348664890154,0.15988778777736953,1.4288272857666016,396,292,1,0.2049535450182463,303.4450139497456,Thimmapuram
270,0.04334999993443489,0.24674999713897705,0.1472499966621399,0.062199998646974564,0.08985000103712082,0.08924999833106995,0.1545500010251999,0.28459998965263367,0.3506999909877777,0.36579999327659607,0.3862000107765198,0.3623499870300293,333,0.4818615769019673,100,28_515_shc_2025-26.9186,183,224.7,302.686096024095,14.940017,79.443753,50.0,0.4059767425060272,0.6077353954315186,0.42,11.2,0.0008299251913727144,0.43434898284225,0.6745489239692688,392,276,1,0.24116670039662144,303.37677450347365,Thimmapuram
108,0.045499999076128006,0.32100000977516174,0.2354000061750412,0.06080000102519989,0.08619999885559082,0.1225999966263771,0.15569999814033508,0.18330000340938568,0.20020000636577606,0.20340000092983246,0.22689999639987946,0.2231999933719635,311,0.13621039409065555,112,28_515_shc_2025-26.10895,171,330.1,302.7371728127463,14.941705,79.454762,50.0,0.1328320950269699,0.24785277247428894,0.99,12.9,0.0008671348664890154,0.14673124311593636,1.5781711339950562,391,298,3,0.2049535450182463,303.4450139497456,Thimmapuram
72,0.0661083310842514,0.2790749967098236,0.20469999313354492,0.07563333213329315,0.11078888922929764,0.13109999895095825,0.18517999351024628,0.23942500352859497,0.268449991941452,0.25619998574256897,0.28174999356269836,0.22281111776828766,296,0.21195484356843058,25,28_515_shc_2025-26.843,171,602.0,302.80227697941297,14.942,79.962,188.0,0.1609044224023819,0.32300540804862976,0.08,2.3,0.0009670321786282907,0.21148425946635202,1.0892857313156128,373,331,3,0.1290070048549719,303.56478848373683,Maddurupadu (Part)
72,0.0661083310842514,0.2790749967098236,0.20469999313354492,0.07563333213329315,0.11078888922929764,0.13109999895095825,0.18517999351024628,0.23942500352859497,0.268449991941452,0.25619998574256897,0.28174999356269836,0.22281111776828766,296,0.21195484356843058,25,28_515_shc_2025-26.845,171,392.0,302.80227697941297,14.942,79.962,201.0,0.1609044224023819,0.32300540804862976,0.2,9.2,0.0009670321786282907,0.21148425946635202,1.0892857313156128,373,331,3,0.1290070048549719,303.56478848373683,Maddurupadu (Part)
134,0.03817500174045563,0.268449991941452,0.18019999563694,0.045571427792310715,0.07123333215713501,0.11010000109672546,0.14595000445842743,0.22402000427246094,0.25850000977516174,0.2633333206176758,0.2828750014305115,0.28266000747680664,303,0.2421286700817822,29,28_515_shc_2025-26.8592,177,621.0,302.80227697941297,14.944187,79.953116,201.0,0.2868020832538605,0.4103364944458008,0.32,15.4,0.0009670321786282907,0.2631568702122207,1.01943039894104,362,335,1,0.1290070048549719,303.56478848373683,Maddurupadu (Part)
180,0.038733333349227905,0.296099990606308,0.18096666038036346,0.048700001090765,0.08470000326633453,0.07039999961853027,0.1481499969959259,0.30649998784065247,0.36363333463668823,0.37400001287460327,0.38772499561309814,0.32330000400543213,309,0.530342753634967,37,28_515_shc_2025-26.884,180,621.0,302.7707100249173,14.944241,79.907596,226.0,0.43253856897354126,0.683168351650238,0.1,4.6,0.0009505249496121447,0.48221094224881805,0.791711151599884,365,326,4,0.2070471445719401,303.59034615232235,Kothapalle
90,0.051100000739097595,0.2976999878883362,0.20229999721050262,0.061900001019239426,0.09749999642372131,0.10819999873638153,0.16859999299049377,0.27379998564720154,0.3116999864578247,0.29980000853538513,0.3416000008583069,0.3345000147819519,306,0.3226132525044567,55,28_515_shc_2025-26.4038,168,142.8,302.9187663228888,14.945,79.685,113.0,0.28010252118110657,0.4696078598499298,0.06,1.5,0.0009153686921901573,0.31651983744146145,0.9929952621459961,403,291,4,0.32155963830780565,303.64166708159865,Thurpu- Jangalapalle
270,0.052000001072883606,0.2969000041484833,0.20309999585151672,0.05920000001788139,0.09629999846220016,0.1071000024676323,0.181099995970726,0.2459000051021576,0.26989999413490295,0.2809999883174896,0.3034999966621399,0.32899999618530273,306,0.29382938885261994,57,28_515_shc_2025-26.10706,183,229.7,302.9187663228888,14.945627,79.686482,38.0,0.21618697047233582,0.4480803608894348,0.03,2.3,0.0009153686921901573,0.29371690291785996,1.0565836429595947,403,291,1,0.32155963830780565,303.64166708159865,Thurpu- Jangalapalle
270,0.052000001072883606,0.2969000041484833,0.20309999585151672,0.05920000001788139,0.09629999846220016,0.1071000024676323,0.181099995970726,0.2459000051021576,0.26989999413490295,0.2809999883174896,0.3034999966621399,0.32899999618530273,306,0.29382938885261994,57,28_515_shc_2025-26.10218,183,266.9,302.9187663228888,14.945627,79.686482,113.0,0.21618697047233582,0.4480803608894348,0.1,12.3,0.0009153686921901573,0.29371690291785996,1.0565836429595947,403,291,1,0.32155963830780565,303.64166708159865,Thurpu- Jangalapalle
270,0.07010000199079514,0.336650013923645,0.2787500023841858,0.09884999692440033,0.1262499988079071,0.15459999442100525,0.18234999477863312,0.2167000025510788,0.24525000154972076,0.2542499899864197,0.26980000734329224,0.3109999895095825,297,0.17294641867800362,14,28_515_shc_2025-26.9571,183,323.0,302.80227697941297,14.947189,80.026144,151.0,0.16468162834644318,0.24373242259025574,0.25,16.1,0.0009670321786282907,0.1644660790147674,1.324090600013733,335,368,1,0.1290070048549719,303.56478848373683,Anemadugu
116,0.04320000112056732,0.31459999084472656,0.22830000519752502,0.06599999964237213,0.10140000283718109,0.13899999856948853,0.17430000007152557,0.23919999599456787,0.266400009393692,0.26510000228881836,0.2946999967098236,0.322299987077713,292,0.19652765414138185,91,28_515_shc_2025-26.6121,174,74.5,302.7371728127463,14.948,79.518,13.0,0.2066454291343689,0.3120514750480652,0.13,3.8,0.0008671348664890154,0.2092135885404549,1.186721920967102,428,280,2,0.2049535450182463,303.4450139497456,Chakalakonda
90,0.04129999876022339,0.2418999969959259,0.15629999339580536,0.047449998557567596,0.07190000265836716,0.07535000145435333,0.11810000240802765,0.2313999980688095,0.26684999465942383,0.2687999904155731,0.29589998722076416,0.3171499967575073,305,0.3542975175357732,89,28_515_shc_2025-26.853,177,74.5,302.7371728127463,14.948,79.528,63.0,0.3895063102245331,0.5621095299720764,0.22,9.2,0.0008671348664890154,0.3437481327211127,0.8999255895614624,431,263,1,0.2049535450182463,303.4450139497456,Chakalakonda
90,0.04129999876022339,0.2418999969959259,0.15629999339580536,0.047449998557567596,0.07190000265836716,0.07535000145435333,0.11810000240802765,0.2313999980688095,0.26684999465942383,0.2687999904155731,0.29589998722076416,0.3171499967575073,305,0.3542975175357732,89,28_515_shc_2025-26.7705,177,254.5,302.7371728127463,14.948,79.528,113.0,0.3895063102245331,0.5621095299720764,0.13,3.8,0.0008671348664890154,0.3437481327211127,0.8999255895614624,431,263,1,0.2049535450182463,303.4450139497456,Chakalakonda
90,0.04129999876022339,0.2418999969959259,0.15629999339580536,0.047449998557567596,0.07190000265836716,0.07535000145435333,0.11810000240802765,0.2313999980688095,0.26684999465942383,0.2687999904155731,0.29589998722076416,0.3171499967575073,305,0.3542975175357732,89,28_515_shc_2025-26.7706,177,161.4,302.7371728127463,14.948,79.528,125.0,0.3895063102245331,0.5621095299720764,0.05,7.7,0.0008671348664890154,0.3437481327211127,0.8999255895614624,431,263,1,0.2049535450182463,303.4450139497456,Chakalakonda
0,0.041022222489118576,0.2865400016307831,0.16966666281223297,0.044777777045965195,0.072727270424366,0.052728570997714996,0.13927777111530304,0.2832399904727936,0.32554998993873596,0.3458249866962433,0.361299991607666,0.32642221450805664,319,0.5524437822663998,49,28_515_shc_2025-26.11588,180,459.3,302.6913900208055,14.950213,79.776471,13.0,0.425780326128006,0.7354003190994263,0.21,21.5,0.0009325364617423494,0.48928037709415273,0.8285694122314453,394,286,1,0.21886859023780153,303.4457677874649,Satyavolu
64,0.041099999099969864,0.3061999976634979,0.21860000491142273,0.04600000008940697,0.07660000026226044,0.10540000349283218,0.16169999539852142,0.2451000064611435,0.27489998936653137,0.2847000062465668,0.302700012922287,0.2890999913215637,298,0.2851281720749498,90,28_515_shc_2025-26.6116,174,55.9,302.6901607513428,14.952,79.518,88.0,0.2755376696586609,0.4596257209777832,0.09,16.1,0.000864166135879805,0.3021570623388088,1.075518012046814,444,259,2,0.2089262175978276,303.378106568989,Chakalakonda
244,0.05377500131726265,0.32519999146461487,0.24357500672340393,0.06947142630815506,0.09528888761997223,0.11553333699703217,0.17481249570846558,0.23742499947547913,0.2624500095844269,0.25066667795181274,0.290066659450531,0.29785001277923584,305,0.23743744110452356,53,28_515_shc_2025-26.11371,186,133.4,302.6913900208055,14.952,79.822,2.76,0.17827942967414856,0.3690151274204254,0.39,2.3,0.0009325364617423494,0.23401063026319815,1.2973402738571167,382,313,2,0.21886859023780153,303.4457677874649,Chodavaram
244,0.05377500131726265,0.32519999146461487,0.24357500672340393,0.06947142630815506,0.09528888761997223,0.11553333699703217,0.17481249570846558,0.23742499947547913,0.2624500095844269,0.25066667795181274,0.290066659450531,0.29785001277923584,305,0.23743744110452356,53,28_515_shc_2025-26.11364,186,112.4,302.6913900208055,14.952,79.822,88.0,0.17827942967414856,0.3690151274204254,0.62,62.8,0.0009325364617423494,0.23401063026319815,1.2973402738571167,382,313,2,0.21886859023780153,303.4457677874649,Chodavaram
90,0.06106666848063469,0.29202499985694885,0.23321667313575745,0.11214999854564667,0.14810000360012054,0.18886665999889374,0.1821666657924652,0.23783333599567413,0.2609333395957947,0.2793000042438507,0.2771500051021576,0.27274999022483826,303,0.1438761366245826,29,28_515_shc_2025-26.8585,177,515.0,302.75775343911687,14.952,79.962,238.0,0.21048830449581146,0.1931648552417755,0.14,9.2,0.0009660168532082938,0.1401101911245154,1.045560359954834,364,334,1,0.10784818415056195,303.51108182940567,Maddurupadu (Part)
90,0.06106666848063469,0.29202499985694885,0.23321667313575745,0.11214999854564667,0.14810000360012054,0.18886665999889374,0.1821666657924652,0.23783333599567413,0.2609333395957947,0.2793000042438507,0.2771500051021576,0.27274999022483826,303,0.1438761366245826,29,28_515_shc_2025-26.10552,177,459.0,302.75775343911687,14.952,79.962,289.0,0.21048830449581146,0.1931648552417755,0.27,2.3,0.0009660168532082938,0.1401101911245154,1.045560359954834,364,334,1,0.10784818415056195,303.51108182940567,Maddurupadu (Part)
27,0.05457499995827675,0.2756749987602234,0.18359999358654022,0.0803999975323677,0.11710000038146973,0.1246500015258789,0.18219999969005585,0.28152498602867126,0.33320000767707825,0.34860000014305115,0.3593499958515167,0.34162500500679016,300,0.37487444668184405,13,28_515_shc_2025-26.7667,177,403.0,302.75775343911687,14.952,80.008,201.0,0.31348907947540283,0.47321709990501404,0.2,2.3,0.0009660168532082938,0.3451579731309672,0.7908060550689697,352,348,2,0.10784818415056195,303.51108182940567,Maddurupadu (Part)
27,0.05457499995827675,0.2756749987602234,0.18359999358654022,0.0803999975323677,0.11710000038146973,0.1246500015258789,0.18219999969005585,0.28152498602867126,0.33320000767707825,0.34860000014305115,0.3593499958515167,0.34162500500679016,300,0.37487444668184405,13,28_515_shc_2025-26.3053,177,571.0,302.75775343911687,14.952,80.008,113.0,0.31348907947540283,0.47321709990501404,0.24,4.6,0.0009660168532082938,0.3451579731309672,0.7908060550689697,352,348,2,0.10784818415056195,303.51108182940567,Maddurupadu (Part)
27,0.05457499995827675,0.2756749987602234,0.18359999358654022,0.0803999975323677,0.11710000038146973,0.1246500015258789,0.18219999969005585,0.28152498602867126,0.33320000767707825,0.34860000014305115,0.3593499958515167,0.34162500500679016,300,0.37487444668184405,13,28_515_shc_2025-26.2943,177,621.0,302.75775343911687,14.952,80.008,226.0,0.31348907947540283,0.47321709990501404,0.64,6.9,0.0009660168532082938,0.3451579731309672,0.7908060550689697,352,348,2,0.10784818415056195,303.51108182940567,Maddurupadu (Part)
0,0.05817142874002457,0.2860499918460846,0.20839999616146088,0.07999999821186066,0.10270000249147415,0.11940000206232071,0.16130000352859497,0.22750000655651093,0.2586333453655243,0.25999999046325684,0.28189998865127563,0.2923666536808014,307,0.25537632000358046,13,28_515_shc_2025-26.7650,180,434.0,302.75775343911687,14.953721,80.005859,201.0,0.23427483439445496,0.3705851137638092,0.24,12.3,0.0009660168532082938,0.2398225885762333,1.1001923084259033,359,333,2,0.10784818415056195,303.51108182940567,Maddurupadu (Part)
0,0.05817142874002457,0.2860499918460846,0.20839999616146088,0.07999999821186066,0.10270000249147415,0.11940000206232071,0.16130000352859497,0.22750000655651093,0.2586333453655243,0.25999999046325684,0.28189998865127563,0.2923666536808014,307,0.25537632000358046,13,28_515_shc_2025-26.8504,180,335.0,302.75775343911687,14.953721,80.005859,251.0,0.23427483439445496,0.3705851137638092,0.24,6.9,0.0009660168532082938,0.2398225885762333,1.1001923084259033,359,333,2,0.10784818415056195,303.51108182940567,Maddurupadu (Part)
0,0.05817142874002457,0.2860499918460846,0.20839999616146088,0.07999999821186066,0.10270000249147415,0.11940000206232071,0.16130000352859497,0.22750000655651093,0.2586333453655243,0.25999999046325684,0.28189998865127563,0.2923666536808014,307,0.25537632000358046,13,28_515_shc_2025-26.861,180,379.0,302.75775343911687,14.953721,80.005859,289.0,0.23427483439445496,0.3705851137638092,0.27,13.1,0.0009660168532082938,0.2398225885762333,1.1001923084259033,359,333,2,0.10784818415056195,303.51108182940567,Maddurupadu (Part)
270,0.04452222213149071,0.3050999939441681,0.2071000039577484,0.06034444272518158,0.09264444559812546,0.09950000047683716,0.15858571231365204,0.2518250048160553,0.2833249866962433,0.2916499972343445,0.3057999908924103,0.29368749260902405,295,0.33450744223706225,30,28_515_shc_2025-26.2931,183,335.0,302.75775343911687,14.953875,79.963146,314.0,0.2955436110496521,0.49124374985694885,0.64,9.2,0.0009660168532082938,0.32343039429561177,1.0461169481277466,374,331,1,0.10784818415056195,303.51108182940567,Maddurupadu (Part)
90,0.041337501257658005,0.2756499946117401,0.18150000274181366,0.052799999713897705,0.08297500014305115,0.11919999867677689,0.17515000700950623,0.25859999656677246,0.29464998841285706,0.30720001459121704,0.32731667160987854,0.31940001249313354,315,0.2889818231946266,46,28_515_shc_2025-26.7580,177,259.9,302.6913900208055,14.955,79.815,289.0,0.27376386523246765,0.440900593996048,0.68,3.5,0.0009325364617423494,0.3044041664862129,0.8972980976104736,376,309,1,0.21886859023780153,303.4457677874649,Chodavaram
134,0.0410090908408165,0.2874999940395355,0.20900000631809235,0.0486111119389534,0.0799555554986,0.10331111401319504,0.1547749936580658,0.2145458310842514,0.2403428554534912,0.2467000037431717,0.2587428689002991,0.2624000012874603,308,0.23866591113370283,30,28_515_shc_2025-26.2876,177,447.0,302.75775343911687,14.955,79.965,176.0,0.22896820306777954,0.40966951847076416,0.1,8.4,0.0009660168532082938,0.25303590753340355,1.165382981300354,362,329,1,0.10784818415056195,303.51108182940567,Maddurupadu (Part)
165,0.050999999046325684,0.2115200012922287,0.12319999933242798,0.04190000146627426,0.07293333113193512,0.04935000091791153,0.12866666913032532,0.2406499981880188,0.28025001287460327,0.2816999852657318,0.3045499920845032,0.3231000006198883,315,0.4597166476726635,17,28_515_shc_2025-26.6086,177,447.0,302.75775343911687,14.955,80.005,238.0,0.3729184865951538,0.7018576860427856,0.54,3.8,0.0009660168532082938,0.41937907745144254,0.7508697509765625,357,328,4,0.10784818415056195,303.51108182940567,Maddurupadu (Part)
76,0.06446667015552521,0.32987499237060547,0.22930000722408295,0.07540000230073929,0.11454000324010849,0.14710000157356262,0.19784000515937805,0.2514500021934509,0.28975000977516174,0.30252501368522644,0.30614998936653137,0.2435571402311325,300,0.23990894736166724,17,28_515_shc_2025-26.7655,168,447.0,302.75775343911687,14.956769,79.9938,188.0,0.20921728014945984,0.3456769585609436,0.3,14.6,0.0009660168532082938,0.24550481971450783,1.0904057025909424,368,332,4,0.10784818415056195,303.51108182940567,Maddurupadu (Part)
0,0.053966667503118515,0.3483000099658966,0.2594499886035919,0.0849333330988884,0.12345000356435776,0.17936666309833527,0.20409999787807465,0.24469999969005585,0.2678999900817871,0.2762500047683716,0.29010000824928284,0.2860333323478699,303,0.1411923147142123,15,28_515_shc_2025-26.839,180,478.0,302.75775343911687,14.956986,80.002703,238.0,0.15020298957824707,0.21264222264289856,0.18,16.1,0.0009660168532082938,0.1520745895207899,1.2608145475387573,358,339,1,0.10784818415056195,303.51108182940567,Maddurupadu (Part)
0,0.052799999713897705,0.29089999198913574,0.1969749927520752,0.053950000554323196,0.08443333208560944,0.089649997651577,0.1611499935388565,0.2484000027179718,0.28859999775886536,0.2627499997615814,0.3177500069141388,0.30730000138282776,305,0.3099872932114784,18,28_515_shc_2025-26.838,180,397.0,302.75775343911687,14.957313,79.998646,226.0,0.23967918753623962,0.4912031888961792,0.24,13.1,0.0009660168532082938,0.30461051613442724,1.1071360111236572,366,329,2,0.10784818415056195,303.51108182940567,Maddurupadu (Part)
46,0.033399999141693115,0.2542000114917755,0.1412000060081482,0.05249999836087227,0.0860000029206276,0.07519999891519547,0.15119999647140503,0.2515000104904175,0.3009999990463257,0.3156000077724457,0.3375999927520752,0.32350000739097595,294,0.43771167561926727,87,28_515_shc_2025-26.726,177,180.0,302.6901607513428,14.957625,79.511017,113.0,0.35218510031700134,0.6151484251022339,0.32,0.8,0.000864166135879805,0.40480468183507734,0.8054499626159668,431,275,1,0.2089262175978276,303.378106568989,Chakalakonda
325,0.06740999966859818,0.36959999799728394,0.26600000262260437,0.07488333433866501,0.10689999908208847,0.14327499270439148,0.20163333415985107,0.2711249887943268,0.29117143154144287,0.29842856526374817,0.3293600082397461,0.3229833245277405,314,0.24296600433961235,23,28_515_shc_2025-26.10543,186,391.0,302.75775343911687,14.958,79.962,201.0,0.19356650114059448,0.35126176476478577,0.35,13.8,0.0009660168532082938,0.24713760171107785,1.2384873628616333,363,323,3,0.10784818415056195,303.51108182940567,Maddurupadu (Part)
325,0.06740999966859818,0.36959999799728394,0.26600000262260437,0.07488333433866501,0.10689999908208847,0.14327499270439148,0.20163333415985107,0.2711249887943268,0.29117143154144287,0.29842856526374817,0.3293600082397461,0.3229833245277405,314,0.24296600433961235,23,28_515_shc_2025-26.7630,186,273.0,302.75775343911687,14.958,79.962,238.0,0.19356650114059448,0.35126176476478577,0.3,9.2,0.0009660168532082938,0.24713760171107785,1.2384873628616333,363,323,3,0.10784818415056195,303.51108182940567,Maddurupadu (Part)
325,0.06740999966859818,0.36959999799728394,0.26600000262260437,0.07488333433866501,0.10689999908208847,0.14327499270439148,0.20163333415985107,0.2711249887943268,0.29117143154144287,0.29842856526374817,0.3293600082397461,0.3229833245277405,314,0.24296600433961235,23,28_515_shc_2025-26.10540,186,335.0,302.75775343911687,14.958,79.962,75.0,0.19356650114059448,0.35126176476478577,0.08,15.4,0.0009660168532082938,0.24713760171107785,1.2384873628616333,363,323,3,0.10784818415056195,303.51108182940567,Maddurupadu (Part)
270,0.040950000286102295,0.23919999599456787,0.15015000104904175,0.04910000041127205,0.08025000244379044,0.08342856913805008,0.13300000131130219,0.23477500677108765,0.2692333459854126,0.2580333352088928,0.29143333435058594,0.2966749966144562,312,0.31395722288419087,16,28_515_shc_2025-26.10995,186,397.0,302.75775343911687,14.958,80.008,188.0,0.3197510838508606,0.5113447904586792,0.45,10.0,0.0009660168532082938,0.3112525329468478,0.9270119667053223,346,342,2,0.10784818415056195,303.51108182940567,Maddurupadu (Part)
180,0.04500000178813934,0.21899999678134918,0.11304999887943268,0.0694499984383583,0.10980000346899033,0.10154999792575836,0.15684999525547028,0.28700000047683716,0.34119999408721924,0.3557499945163727,0.3868499994277954,0.38659998774528503,308,0.4400436195143825,8,28_515_shc_2025-26.2759,180,385.0,302.75775343911687,14.958184,80.026031,213.0,0.388021856546402,0.5558714270591736,0.15,31.5,0.0009660168532082938,0.3983077383226566,0.6156008243560791,323,368,2,0.10784818415056195,303.51108182940567,Anemadugu
180,0.04500000178813934,0.21899999678134918,0.11304999887943268,0.0694499984383583,0.10980000346899033,0.10154999792575836,0.15684999525547028,0.28700000047683716,0.34119999408721924,0.3557499945163727,0.3868499994277954,0.38659998774528503,308,0.4400436195143825,8,28_515_shc_2025-26.940,180,552.0,302.75775343911687,14.958184,80.026031,301.0,0.388021856546402,0.5558714270591736,0.44,30.0,0.0009660168532082938,0.3983077383226566,0.6156008243560791,323,368,2,0.10784818415056195,303.51108182940567,Anemadugu
19,0.05194000154733658,0.3407999873161316,0.22679999470710754,0.07840000092983246,0.1120000034570694,0.13279999792575836,0.18494999408721924,0.28314998745918274,0.3312000036239624,0.3539666533470154,0.37779998779296875,0.32580000162124634,314,0.3538062731499805,21,28_515_shc_2025-26.10546,177,621.0,302.75775343911687,14.958773,79.962696,238.0,0.31362301111221313,0.45435869693756104,0.14,12.3,0.0009660168532082938,0.33619902203218993,0.962802529335022,363,323,3,0.10784818415056195,303.51108182940567,Maddurupadu (Part)
19,0.03551249951124191,0.262800008058548,0.15363332629203796,0.03916666656732559,0.06825000047683716,0.05590000003576279,0.12210000306367874,0.25804999470710754,0.30489999055862427,0.31029999256134033,0.3298499882221222,0.32328000664711,280,0.4704315872346476,49,28_515_shc_2025-26.3898,177,192.4,302.6913900208055,14.962,79.752,38.0,0.4352451264858246,0.6947023272514343,0.18,1.5,0.0009325364617423494,0.4405448996186502,0.8469223976135254,415,305,3,0.21886859023780153,303.4457677874649,Satyavolu
19,0.03551249951124191,0.262800008058548,0.15363332629203796,0.03916666656732559,0.06825000047683716,0.05590000003576279,0.12210000306367874,0.25804999470710754,0.30489999055862427,0.31029999256134033,0.3298499882221222,0.32328000664711,280,0.4704315872346476,49,28_515_shc_2025-26.4132,177,298.0,302.6913900208055,14.962,79.752,50.0,0.4352451264858246,0.6947023272514343,0.17,21.5,0.0009325364617423494,0.4405448996186502,0.8469223976135254,415,305,3,0.21886859023780153,303.4457677874649,Satyavolu
64,0.047200001776218414,0.33822500705718994,0.24914999306201935,0.06441666930913925,0.10032500326633453,0.14092500507831573,0.19644999504089355,0.2756499946117401,0.30799999833106995,0.2887499928474426,0.3341499865055084,0.3136500120162964,286,0.22381786826939903,48,28_515_shc_2025-26.1163,174,161.4,302.6913900208055,14.962,79.758,13.0,0.1902308315038681,0.34403908252716064,0.31,2.3,0.0009325364617423494,0.23851075069074595,1.1713420152664185,418,297,2,0.21886859023780153,303.4457677874649,Satyavolu
123,0.052299998700618744,0.3025749921798706,0.21889999508857727,0.06702499836683273,0.09955000132322311,0.13519999384880066,0.17589999735355377,0.2650499939918518,0.3079499900341034,0.31154999136924744,0.3345000147819519,0.32565000653266907,315,0.27213456447529477,43,28_515_shc_2025-26.2518,171,259.9,302.6913900208055,14.962,79.812,38.0,0.2782849371433258,0.3947398066520691,0.81,11.7,0.0009325364617423494,0.27940322198129935,0.9711924195289612,376,309,3,0.21886859023780153,303.4457677874649,Chodavaram
0,0.05730000138282776,0.3217499852180481,0.21525000035762787,0.07784999907016754,0.11330000311136246,0.11994999647140503,0.19335000216960907,0.2989000082015991,0.34086665511131287,0.35315001010894775,0.3868499994277954,0.3769499957561493,304,0.3915445428531943,19,28_515_shc_2025-26.8587,180,621.0,302.75775343911687,14.962,79.962,201.0,0.29240623116493225,0.49291905760765076,0.2,10.8,0.0009660168532082938,0.3594697544865649,0.911085844039917,352,343,2,0.10784818415056195,303.51108182940567,Maddurupadu (Part)
134,0.051500000059604645,0.2618499994277954,0.156700000166893,0.0627250000834465,0.10339999943971634,0.11304999887943268,0.17630000412464142,0.28189998865127563,0.31779998540878296,0.3465999960899353,0.3580000102519989,0.3446333408355713,311,0.3756121471282794,12,28_515_shc_2025-26.8551,177,528.0,302.75775343911687,14.962211,80.004393,188.0,0.32568368315696716,0.5081039667129517,0.32,13.1,0.0009660168532082938,0.3650549655105623,0.7554818391799927,348,341,1,0.10784818415056195,303.51108182940567,Maddurupadu (Part)
134,0.051500000059604645,0.2618499994277954,0.156700000166893,0.0627250000834465,0.10339999943971634,0.11304999887943268,0.17630000412464142,0.28189998865127563,0.31779998540878296,0.3465999960899353,0.3580000102519989,0.3446333408355713,311,0.3756121471282794,12,28_515_shc_2025-26.517,177,379.0,302.75775343911687,14.962211,80.004393,289.0,0.32568368315696716,0.5081039667129517,0.35,18.1,0.0009660168532082938,0.3650549655105623,0.7554818391799927,348,341,1,0.10784818415056195,303.51108182940567,Maddurupadu (Part)
134,0.051500000059604645,0.2618499994277954,0.156700000166893,0.0627250000834465,0.10339999943971634,0.11304999887943268,0.17630000412464142,0.28189998865127563,0.31779998540878296,0.3465999960899353,0.3580000102519989,0.3446333408355713,311,0.3756121471282794,12,28_515_shc_2025-26.7722,177,434.0,302.75775343911687,14.962211,80.004393,226.0,0.32568368315696716,0.5081039667129517,0.08,3.8,0.0009660168532082938,0.3650549655105623,0.7554818391799927,348,341,1,0.10784818415056195,303.51108182940567,Maddurupadu (Part)
180,0.0357000008225441,0.22519999742507935,0.1680999994277954,0.045099999755620956,0.06620000302791595,0.09160000085830688,0.11890000104904175,0.20170000195503235,0.22519999742507935,0.22699999809265137,0.2401999980211258,0.24060000479221344,302,0.235339098196848,50,28_515_shc_2025-26.6690,180,247.6,302.88623137223095,14.963328,79.732471,201.0,0.31251806020736694,0.42498430609703064,0.06,7.7,0.0009189712914618774,0.24810651858269095,0.9920704960823059,404,294,2,0.2185926270066646,303.59353711312275,Satyavolu
207,0.05756666511297226,0.2549999952316284,0.16529999673366547,0.06764999777078629,0.10939999669790268,0.1044333353638649,0.16990000009536743,0.27639999985694885,0.32670000195503235,0.3418000042438507,0.3619000017642975,0.3308500051498413,299,0.4061646164420007,13,28_515_shc_2025-26.867,183,521.0,302.75775343911687,14.963844,80.002478,213.0,0.3359390199184418,0.5319339632987976,0.49,0.8,0.0009660168532082938,0.3762813974273914,0.7460502982139587,346,355,2,0.10784818415056195,303.51108182940567,Maddurupadu (Part)
207,0.05756666511297226,0.2549999952316284,0.16529999673366547,0.06764999777078629,0.10939999669790268,0.1044333353638649,0.16990000009536743,0.27639999985694885,0.32670000195503235,0.3418000042438507,0.3619000017642975,0.3308500051498413,299,0.4061646164420007,13,28_515_shc_2025-26.8559,183,621.0,302.75775343911687,14.963844,80.002478,238.0,0.3359390199184418,0.5319339632987976,0.27,11.5,0.0009660168532082938,0.3762813974273914,0.7460502982139587,346,355,2,0.10784818415056195,303.51108182940567,Maddurupadu (Part)
0,0.05517999827861786,0.34130001068115234,0.24815000593662262,0.07074999809265137,0.10114999860525131,0.13224999606609344,0.18170833587646484,0.25440001487731934,0.28722500801086426,0.2904999852180481,0.32186248898506165,0.31646665930747986,283,0.2546873607550197,45,28_515_shc_2025-26.3612,180,136.6,302.6913900208055,14.966161,79.75748,50.0,0.23038910329341888,0.3743346929550171,0.05,16.1,0.0009325364617423494,0.2572473460227981,1.1748709678649902,412,305,3,0.21886859023780153,303.4457677874649,Satyavolu
0,0.06419999897480011,0.32519999146461487,0.23919999599456787,0.10305000096559525,0.155349999666214,0.18404999375343323,0.2024500072002411,0.27125000953674316,0.30140000581741333,0.2985999882221222,0.3197000026702881,0.34174999594688416,315,0.17568748706181342,7,28_515_shc_2025-26.10468,180,323.0,302.75775343911687,14.970048,80.042034,188.0,0.1918969750404358,0.23733554780483246,0.25,32.3,0.0009660168532082938,0.17485879494709827,1.0890823602676392,334,352,2,0.10784818415056195,303.51108182940567,Chennayapalem
0,0.06419999897480011,0.32519999146461487,0.23919999599456787,0.10305000096559525,0.155349999666214,0.18404999375343323,0.2024500072002411,0.27125000953674316,0.30140000581741333,0.2985999882221222,0.3197000026702881,0.34174999594688416,315,0.17568748706181342,7,28_515_shc_2025-26.10469,180,329.0,302.75775343911687,14.970048,80.042034,251.0,0.1918969750404358,0.23733554780483246,0.2,87.6,0.0009660168532082938,0.17485879494709827,1.0890823602676392,334,352,2,0.10784818415056195,303.51108182940567,Chennayapalem
207,0.05400000140070915,0.2689000070095062,0.17960000038146973,0.04839999973773956,0.08219999819993973,0.07660000026226044,0.16760000586509705,0.27239999175071716,0.3147999942302704,0.32919999957084656,0.34769999980926514,0.34439998865127563,307,0.4429092417543934,58,28_515_shc_2025-26.11535,183,378.6,302.8434682143362,14.975,79.645,1796.0,0.3252817988395691,0.6224741339683533,0.1,3.8,0.0009008922523848481,0.418304260358458,0.816828727722168,397,297,2,0.20570885507684006,303.54213052046924,Chinthaladevi
207,0.05400000140070915,0.2689000070095062,0.17960000038146973,0.04839999973773956,0.08219999819993973,0.07660000026226044,0.16760000586509705,0.27239999175071716,0.3147999942302704,0.32919999957084656,0.34769999980926514,0.34439998865127563,307,0.4429092417543934,58,28_515_shc_2025-26.11511,183,422.1,302.8434682143362,14.975,79.645,125.0,0.3252817988395691,0.6224741339683533,0.24,7.7,0.0009008922523848481,0.418304260358458,0.816828727722168,397,297,2,0.20570885507684006,303.54213052046924,Chinthaladevi
180,0.05844999849796295,0.3400000035762787,0.2327750027179718,0.07563333213329315,0.11714166402816772,0.15434999763965607,0.20100000500679016,0.2867499887943268,0.3325999975204468,0.3458000123500824,0.37514999508857727,0.37755000591278076,316,0.28077613278840646,15,28_515_shc_2025-26.2844,180,521.0,302.75775343911687,14.9751,80.002703,201.0,0.26481345295906067,0.38278520107269287,0.48,0.8,0.0009660168532082938,0.28713194940485565,0.9832272529602051,338,346,2,0.10784818415056195,303.51108182940567,Anemadugu
180,0.04190000146627426,0.24079999327659607,0.13989999890327454,0.04650000110268593,0.07620000094175339,0.0689999982714653,0.1266999989748001,0.22390000522136688,0.2538999915122986,0.2775999903678894,0.28769999742507935,0.28839999437332153,316,0.38835312300044533,58,28_515_shc_2025-26.638,180,409.7,302.8434682143362,14.978,79.648,88.0,0.373237669467926,0.6018465161323547,0.19,6.9,0.0009008922523848481,0.36959602213971826,0.8674351572990417,386,298,2,0.20570885507684006,303.54213052046924,Chinthaladevi
180,0.04190000146627426,0.24079999327659607,0.13989999890327454,0.04650000110268593,0.07620000094175339,0.0689999982714653,0.1266999989748001,0.22390000522136688,0.2538999915122986,0.2775999903678894,0.28769999742507935,0.28839999437332153,316,0.38835312300044533,58,28_515_shc_2025-26.644,180,428.3,302.8434682143362,14.978,79.648,151.0,0.373237669467926,0.6018465161323547,0.34,1.5,0.0009008922523848481,0.36959602213971826,0.8674351572990417,386,298,2,0.20570885507684006,303.54213052046924,Chinthaladevi
90,0.062300000339746475,0.3003000020980835,0.20759999752044678,0.0674000009894371,0.11580000072717667,0.11999999731779099,0.18619999289512634,0.2793000042438507,0.3228999972343445,0.3463999927043915,0.36000001430511475,0.3531999886035919,311,0.36261131375387634,57,28_515_shc_2025-26.671,177,397.3,302.8434682143362,14.980394,79.647092,100.0,0.3007885813713074,0.48542022705078125,0.27,3.8,0.0009008922523848481,0.3514072812356979,0.8669168949127197,397,292,1,0.20570885507684006,303.54213052046924,Chinthaladevi
0,0.048900000751018524,0.2718000113964081,0.17430000007152557,0.06949999928474426,0.10040000081062317,0.11640000343322754,0.15299999713897705,0.2395000010728836,0.2768999934196472,0.27799999713897705,0.31220000982284546,0.29280000925064087,315,0.277634592894374,59,28_515_shc_2025-26.645,180,453.1,302.8434682143362,14.986485,79.647325,100.0,0.29002320766448975,0.409736305475235,0.31,7.7,0.0009008922523848481,0.2710196672669338,0.9776979088783264,391,294,0,0.20570885507684006,303.54213052046924,Chinthaladevi
207,0.047112856060266495,0.296099990606308,0.19945000112056732,0.0491153858602047,0.07667999714612961,0.09143000096082687,0.1599999964237213,0.24401666224002838,0.2701599895954132,0.2842999994754791,0.2879999876022339,0.29578500986099243,331,0.32923877479260727,45,28_515_shc_2025-26.2807,183,366.0,302.8397118752463,14.993612,79.912011,314.0,0.27976593375205994,0.5133207440376282,0.1,17.7,0.0009476236260272396,0.3303586694847052,1.0415054559707642,359,310,2,0.20540578741776316,303.5910871405351,Chalamcherla
296,0.044599998742341995,0.2583000063896179,0.15790000557899475,0.05380000174045563,0.08219999819993973,0.08179999887943268,0.13940000534057617,0.22169999778270721,0.24969999492168427,0.2678000032901764,0.28279998898506165,0.2799000144004822,331,0.34314811946293294,64,28_515_shc_2025-26.676,186,384.9,302.8434682143362,14.994914,79.643355,151.0,0.31532415747642517,0.5320366024971008,0.18,13.1,0.0009008922523848481,0.328389837457201,0.9645257592201233,374,296,2,0.20570885507684006,303.54213052046924,Chinthaladevi
90,0.05429999902844429,0.2833999991416931,0.2305999994277954,0.0934000015258789,0.11829999834299088,0.1378999948501587,0.17679999768733978,0.22429999709129333,0.24400000274181366,0.23100000619888306,0.26460000872612,0.26840001344680786,330,0.17140439985793912,64,28_515_shc_2025-26.87,162,360.0,302.8434682143362,14.999118,79.640318,50.0,0.13290831446647644,0.2523719370365143,0.21,28.4,0.0009008922523848481,0.16072047054262179,1.2268397808074951,376,294,6,0.20570885507684006,303.54213052046924,Chinthaladevi
180,0.0940939411520958,0.3060666620731354,0.2630000114440918,0.1519533395767212,0.18142500519752502,0.20853999257087708,0.20678749680519104,0.23704999685287476,0.25212857127189636,0.2808666527271271,0.27160000801086426,0.2596833407878876,302,0.12985442807516429,40,28_515_shc_2024-25.3748,180,111.7,302.6913900208055,15.005,79.815,151.0,0.15190920233726501,0.14778438210487366,0.06,5.4,0.0009325364617423494,0.10965156818984007,1.0897222757339478,394,304,1,0.21886859023780153,303.4457677874649,Mutyalapadu
345,0.052149999886751175,0.3397499918937683,0.23280000686645508,0.08025000244379044,0.11654999852180481,0.14499999582767487,0.1920499950647354,0.2674500048160553,0.31264999508857727,0.33660000562667847,0.3405500054359436,0.310699999332428,320,0.29849353363434333,49,28_515_shc_2025-26.6365,183,161.4,302.88623137223095,15.005409,79.69359,226.0,0.27343234419822693,0.39784055948257446,0.02,23.0,0.0009189712914618774,0.29278730060379915,1.009358286857605,391,289,4,0.2185926270066646,303.59353711312275,Nekunampeta
180,0.046300001442432404,0.30570000410079956,0.19990000128746033,0.050050001591444016,0.08304999768733978,0.07199999690055847,0.15389999747276306,0.25619998574256897,0.30375000834465027,0.313400000333786,0.3374499976634979,0.31529998779296875,327,0.4405029265054883,46,28_515_shc_2025-26.4121,180,229.7,302.88623137223095,15.00774,79.695313,113.0,0.34132251143455505,0.6263622641563416,0.02,13.8,0.0009189712914618774,0.40896770530935744,0.9754307866096497,392,281,3,0.2185926270066646,303.59353711312275,Nekunampeta
180,0.046300001442432404,0.30570000410079956,0.19990000128746033,0.050050001591444016,0.08304999768733978,0.07199999690055847,0.15389999747276306,0.25619998574256897,0.30375000834465027,0.313400000333786,0.3374499976634979,0.31529998779296875,327,0.4405029265054883,46,28_515_shc_2025-26.4115,180,266.9,302.88623137223095,15.00774,79.695313,138.0,0.34132251143455505,0.6263622641563416,0.3,1.5,0.0009189712914618774,0.40896770530935744,0.9754307866096497,392,281,3,0.2185926270066646,303.59353711312275,Nekunampeta
314,0.04975000023841858,0.25084999203681946,0.16005000472068787,0.04650000110268593,0.07615000009536743,0.07332500070333481,0.12652499973773956,0.262800008058548,0.30422499775886536,0.323199987411499,0.3324750065803528,0.333950012922287,282,0.4416625241226476,35,28_515_shc_2025-26.3175,183,198.6,302.6913900208055,15.009502,79.775871,151.0,0.43732279539108276,0.6301620006561279,0.22,8.4,0.0009325364617423494,0.4180725412354457,0.776144802570343,421,297,1,0.21886859023780153,303.4457677874649,Nekunampeta
46,0.04295000061392784,0.2859500050544739,0.19169999659061432,0.05609999969601631,0.09260000288486481,0.11029999703168869,0.15285000205039978,0.24044999480247498,0.2766000032424927,0.302949994802475,0.3048500120639801,0.30469998717308044,324,0.3119332907335283,45,28_515_shc_2025-26.4137,177,204.8,302.88623137223095,15.010292,79.697037,75.0,0.3293111026287079,0.4661827087402344,0.31,30.7,0.0009189712914618774,0.31642485545037285,0.9438851475715637,405,270,1,0.2185926270066646,303.59353711312275,Nekunampeta
180,0.050599999725818634,0.36274999380111694,0.25760000944137573,0.07365000247955322,0.10849999636411667,0.14935000240802765,0.19099999964237213,0.24770000576972961,0.2815000116825104,0.29554998874664307,0.31220000982284546,0.3147999942302704,305,0.22296440150713004,45,28_515_shc_2025-26.6538,180,434.5,302.88623137223095,15.011291,79.693015,88.0,0.21488025784492493,0.32861316204071045,0.06,3.1,0.0009189712914618774,0.23208803213125007,1.2273727655410767,391,304,4,0.2185926270066646,303.59353711312275,Nekunampeta
180,0.06435000151395798,0.23090000450611115,0.14659999310970306,0.0471000000834465,0.07000000029802322,0.0560000017285347,0.11670000106096268,0.2337000072002411,0.2770499885082245,0.30640000104904175,0.2998499870300293,0.29214999079704285,312,0.48559127569297644,45,28_515_shc_2025-26.3756,180,266.9,302.88623137223095,15.022,79.722,213.0,0.44835737347602844,0.6909492015838623,0.3,35.3,0.0009189712914618774,0.4355287543727344,0.7535901069641113,401,287,3,0.2185926270066646,303.59353711312275,Nekunampeta
180,0.06435000151395798,0.23090000450611115,0.14659999310970306,0.0471000000834465,0.07000000029802322,0.0560000017285347,0.11670000106096268,0.2337000072002411,0.2770499885082245,0.30640000104904175,0.2998499870300293,0.29214999079704285,312,0.48559127569297644,45,28_515_shc_2025-26.3742,180,161.4,302.88623137223095,15.022,79.722,163.0,0.44835737347602844,0.6909492015838623,0.41,36.1,0.0009189712914618774,0.4355287543727344,0.7535901069641113,401,287,3,0.2185926270066646,303.59353711312275,Nekunampeta
180,0.06435000151395798,0.23090000450611115,0.14659999310970306,0.0471000000834465,0.07000000029802322,0.0560000017285347,0.11670000106096268,0.2337000072002411,0.2770499885082245,0.30640000104904175,0.2998499870300293,0.29214999079704285,312,0.48559127569297644,45,28_515_shc_2025-26.3447,180,117.9,302.88623137223095,15.022,79.722,100.0,0.44835737347602844,0.6909492015838623,0.1,27.6,0.0009189712914618774,0.4355287543727344,0.7535901069641113,401,287,3,0.2185926270066646,303.59353711312275,Nekunampeta
180,0.06435000151395798,0.23090000450611115,0.14659999310970306,0.0471000000834465,0.07000000029802322,0.0560000017285347,0.11670000106096268,0.2337000072002411,0.2770499885082245,0.30640000104904175,0.2998499870300293,0.29214999079704285,312,0.48559127569297644,45,28_515_shc_2025-26.3461,180,155.2,302.88623137223095,15.022,79.722,113.0,0.44835737347602844,0.6909492015838623,0.31,8.4,0.0009189712914618774,0.4355287543727344,0.7535901069641113,401,287,3,0.2185926270066646,303.59353711312275,Nekunampeta
325,0.04284999892115593,0.1894499957561493,0.11670000106096268,0.04295000061392784,0.065700002014637,0.06875000149011612,0.1181500032544136,0.22139999270439148,0.25394999980926514,0.25769999623298645,0.2793000042438507,0.2847500145435333,305,0.3504070520243425,49,28_515_shc_2025-26.1462,186,167.6,302.88623137223095,15.031242,79.709323,100.0,0.37129172682762146,0.578802227973938,0.18,10.0,0.0009189712914618774,0.3429426981609908,0.7351571321487427,375,321,3,0.2185926270066646,303.59353711312275,Nekunampeta
27,0.05820000171661377,0.2637999951839447,0.21449999511241913,0.062300000339746475,0.08739999681711197,0.0970500037074089,0.15275000035762787,0.19930000603199005,0.22589999437332153,0.2328999936580658,0.24684999883174896,0.2433999925851822,293,0.2519566538164673,50,28_515_shc_2025-26.6318,177,235.9,302.88623137223095,15.033018,79.714264,50.0,0.20783092081546783,0.41172900795936584,0.19,32.3,0.0009189712914618774,0.24552682158302544,1.1326749324798584,373,335,2,0.2185926270066646,303.59353711312275,Nekunampeta
27,0.06859999895095825,0.2782999873161316,0.2451000064611435,0.08780000358819962,0.12380000203847885,0.1428000032901764,0.19089999794960022,0.22200000286102295,0.24089999496936798,0.24300000071525574,0.2671000063419342,0.25920000672340393,293,0.17380142557733877,50,28_515_shc_2025-26.6530,177,105.5,302.88623137223095,15.034682,79.717137,188.0,0.12007375806570053,0.2597200572490692,0.05,18.4,0.0009189712914618774,0.16967712289228815,1.1452674865722656,373,335,2,0.2185926270066646,303.59353711312275,Nekunampeta
27,0.06859999895095825,0.2782999873161316,0.2451000064611435,0.08780000358819962,0.12380000203847885,0.1428000032901764,0.19089999794960022,0.22200000286102295,0.24089999496936798,0.24300000071525574,0.2671000063419342,0.25920000672340393,293,0.17380142557733877,50,28_515_shc_2025-26.6366,177,285.5,302.88623137223095,15.034682,79.717137,151.0,0.12007375806570053,0.2597200572490692,0.43,10.8,0.0009189712914618774,0.16967712289228815,1.1452674865722656,373,335,2,0.2185926270066646,303.59353711312275,Nekunampeta
27,0.06859999895095825,0.2782999873161316,0.2451000064611435,0.08780000358819962,0.12380000203847885,0.1428000032901764,0.19089999794960022,0.22200000286102295,0.24089999496936798,0.24300000071525574,0.2671000063419342,0.25920000672340393,293,0.17380142557733877,50,28_515_shc_2025-26.977,177,149.0,302.88623137223095,15.034682,79.717137,50.0,0.12007375806570053,0.2597200572490692,0.22,29.2,0.0009189712914618774,0.16967712289228815,1.1452674865722656,373,335,2,0.2185926270066646,303.59353711312275,Nekunampeta
27,0.06859999895095825,0.2782999873161316,0.2451000064611435,0.08780000358819962,0.12380000203847885,0.1428000032901764,0.19089999794960022,0.22200000286102295,0.24089999496936798,0.24300000071525574,0.2671000063419342,0.25920000672340393,293,0.17380142557733877,50,28_515_shc_2025-26.6348,177,86.9,302.88623137223095,15.034682,79.717137,38.0,0.12007375806570053,0.2597200572490692,0.25,5.4,0.0009189712914618774,0.16967712289228815,1.1452674865722656,373,335,2,0.2185926270066646,303.59353711312275,Nekunampeta
270,0.07209999859333038,0.2903499901294708,0.24120000004768372,0.09000000357627869,0.11840000003576279,0.1559000015258789,0.18960000574588776,0.21615000069141388,0.24089999496936798,0.24719999730587006,0.2754000127315521,0.2664499878883362,300,0.15139957053105363,48,28_515_shc_2025-26.3771,183,235.9,302.88623137223095,15.03647,79.720125,201.0,0.13186810910701752,0.2264946550130844,0.12,24.6,0.0009189712914618774,0.15164432936235786,1.1745549440383911,376,324,1,0.2185926270066646,303.59353711312275,Nekunampeta
270,0.07209999859333038,0.2903499901294708,0.24120000004768372,0.09000000357627869,0.11840000003576279,0.1559000015258789,0.18960000574588776,0.21615000069141388,0.24089999496936798,0.24719999730587006,0.2754000127315521,0.2664499878883362,300,0.15139957053105363,48,28_515_shc_2025-26.3796,183,130.4,302.88623137223095,15.03647,79.720125,188.0,0.13186810910701752,0.2264946550130844,0.07,20.7,0.0009189712914618774,0.15164432936235786,1.1745549440383911,376,324,1,0.2185926270066646,303.59353711312275,Nekunampeta
270,0.07209999859333038,0.2903499901294708,0.24120000004768372,0.09000000357627869,0.11840000003576279,0.1559000015258789,0.18960000574588776,0.21615000069141388,0.24089999496936798,0.24719999730587006,0.2754000127315521,0.2664499878883362,300,0.15139957053105363,48,28_515_shc_2025-26.4048,183,229.7,302.88623137223095,15.03647,79.720125,176.0,0.13186810910701752,0.2264946550130844,0.04,25.3,0.0009189712914618774,0.15164432936235786,1.1745549440383911,376,324,1,0.2185926270066646,303.59353711312275,Nekunampeta
270,0.07209999859333038,0.2903499901294708,0.24120000004768372,0.09000000357627869,0.11840000003576279,0.1559000015258789,0.18960000574588776,0.21615000069141388,0.24089999496936798,0.24719999730587006,0.2754000127315521,0.2664499878883362,300,0.15139957053105363,48,28_515_shc_2025-26.4049,183,285.5,302.88623137223095,15.03647,79.720125,138.0,0.13186810910701752,0.2264946550130844,0.02,7.7,0.0009189712914618774,0.15164432936235786,1.1745549440383911,376,324,1,0.2185926270066646,303.59353711312275,Nekunampeta
348,0.05469999834895134,0.37435001134872437,0.29284998774528503,0.07554999738931656,0.11680000275373459,0.17560000717639923,0.21844999492168427,0.26715001463890076,0.29144999384880066,0.2982499897480011,0.3151000142097473,0.3075999915599823,293,0.1717570319882654,51,28_515_shc_2025-26.9365,183,554.8,302.88623137223095,15.044387,79.671132,88.0,0.15444163978099823,0.25883716344833374,0.24,21.5,0.0009189712914618774,0.1889151044189865,1.2551552057266235,404,303,5,0.2185926270066646,303.59353711312275,Narasimhapuram
348,0.05469999834895134,0.37435001134872437,0.29284998774528503,0.07554999738931656,0.11680000275373459,0.17560000717639923,0.21844999492168427,0.26715001463890076,0.29144999384880066,0.2982499897480011,0.3151000142097473,0.3075999915599823,293,0.1717570319882654,51,28_515_shc_2025-26.9349,183,505.7,302.88623137223095,15.044387,79.671132,151.0,0.15444163978099823,0.25883716344833374,0.35,43.78,0.0009189712914618774,0.1889151044189865,1.2551552057266235,404,303,5,0.2185926270066646,303.59353711312275,Narasimhapuram
288,0.07530000060796738,0.3686999976634979,0.27900001406669617,0.1006999984383583,0.14020000398159027,0.16359999775886536,0.21570000052452087,0.29260000586509705,0.31779998540878296,0.3312000036239624,0.3499000072479248,0.3310000002384186,294,0.26901223983464595,54,28_515_shc_2025-26.2131,189,196.6,302.88623137223095,15.0466,79.652665,213.0,0.2111903429031372,0.33872273564338684,0.06,34.6,0.0009189712914618774,0.25271412188197173,1.1132246255874634,397,308,3,0.2185926270066646,303.59353711312275,Mogilicherla
19,0.050700001418590546,0.24079999327659607,0.1534000039100647,0.05950000137090683,0.08739999681711197,0.09489999711513519,0.12219999730587006,0.2012999951839447,0.23899999260902405,0.2603999972343445,0.267300009727478,0.29679998755455017,287,0.29904955323346794,50,28_515_shc_2025-26.9353,177,512.7,302.88623137223095,15.047583,79.668585,100.0,0.36121276021003723,0.4658035635948181,0.41,16.1,0.0009189712914618774,0.2902490375527558,0.9247311949729919,405,308,3,0.2185926270066646,303.59353711312275,Narasimhapuram
0,0.05375000089406967,0.32954999804496765,0.23469999432563782,0.08110000193119049,0.11309999972581863,0.133650004863739,0.18434999883174896,0.2768000066280365,0.3052999973297119,0.32440000772476196,0.33425000309944153,0.319599986076355,312,0.314136556838437,11,28_515_shc_2025-26.7700,180,35.1,302.75775343911687,15.048,80.042,113.0,0.2752825617790222,0.4164392352104187,0.4,2.9,0.0009660168532082938,0.2986535155074728,1.0158754587173462,356,332,0,0.10784818415056195,303.51108182940567,Ramayapatnam
0,0.05375000089406967,0.32954999804496765,0.23469999432563782,0.08110000193119049,0.11309999972581863,0.133650004863739,0.18434999883174896,0.2768000066280365,0.3052999973297119,0.32440000772476196,0.33425000309944153,0.319599986076355,312,0.314136556838437,11,28_515_shc_2025-26.3003,180,35.1,302.75775343911687,15.048,80.042,138.0,0.2752825617790222,0.4164392352104187,0.32,11.2,0.0009660168532082938,0.2986535155074728,1.0158754587173462,356,332,0,0.10784818415056195,303.51108182940567,Ramayapatnam
19,0.0471000000834465,0.16622500121593475,0.08980000019073486,0.06120000034570694,0.0828000009059906,0.07129999995231628,0.12555000185966492,0.2606000006198883,0.32087498903274536,0.3331499993801117,0.35530000925064087,0.3382500112056732,311,0.5028034873295393,8,28_515_shc_2025-26.9653,177,35.1,302.81065057453355,15.052,80.042,552.0,0.452583372592926,0.6474224328994751,0.74,35.83,0.0009479410303598266,0.4342694448909274,0.49894943833351135,356,333,3,0.30573145548502606,303.56559800265126,Ramayapatnam
19,0.0471000000834465,0.16622500121593475,0.08980000019073486,0.06120000034570694,0.0828000009059906,0.07129999995231628,0.12555000185966492,0.2606000006198883,0.32087498903274536,0.3331499993801117,0.35530000925064087,0.3382500112056732,311,0.5028034873295393,8,28_515_shc_2025-26.9651,177,42.1,302.81065057453355,15.052,80.042,301.0,0.452583372592926,0.6474224328994751,0.68,10.0,0.0009479410303598266,0.4342694448909274,0.49894943833351135,356,333,3,0.30573145548502606,303.56559800265126,Ramayapatnam
19,0.0471000000834465,0.16622500121593475,0.08980000019073486,0.06120000034570694,0.0828000009059906,0.07129999995231628,0.12555000185966492,0.2606000006198883,0.32087498903274536,0.3331499993801117,0.35530000925064087,0.3382500112056732,311,0.5028034873295393,8,28_515_shc_2025-26.9660,177,42.1,302.81065057453355,15.052,80.042,364.0,0.452583372592926,0.6474224328994751,0.5,25.8,0.0009479410303598266,0.4342694448909274,0.49894943833351135,356,333,3,0.30573145548502606,303.56559800265126,Ramayapatnam
0,0.051100000739097595,0.41955000162124634,0.33355000615119934,0.07204999774694443,0.11275000125169754,0.1890999972820282,0.2211499959230423,0.25964999198913574,0.28334999084472656,0.2862499952316284,0.3087500035762787,0.3071500062942505,289,0.12915619479846954,54,28_515_shc_2025-26.6830,180,84.3,302.9121445438318,15.055,79.675,113.0,0.12830114364624023,0.2043757289648056,0.23,130.6,0.0009011003840883145,0.1494079028481255,1.4656769037246704,424,287,1,0.2392392409475226,303.6275454738684,Racheruvurajupalem
46,0.046300001442432404,0.26840001344680786,0.16930000483989716,0.06610000133514404,0.09769999980926514,0.09359999746084213,0.15150000154972076,0.29670000076293945,0.3398999869823456,0.3068999946117401,0.3668999969959259,0.3472000062465668,291,0.38845383702656894,54,28_515_shc_2025-26.6832,177,147.5,302.9121445438318,15.055452,79.661835,163.0,0.3390052318572998,0.5325842499732971,0.47,29.2,0.0009011003840883145,0.3553026080432861,0.8745520114898682,403,306,1,0.2392392409475226,303.6275454738684,Mogilicherla
180,0.04464999958872795,0.32659998536109924,0.23135000467300415,0.05990000069141388,0.08529999852180481,0.11720000207424164,0.17305000126361847,0.227400004863739,0.2528499960899353,0.2593500018119812,0.28165000677108765,0.26315000653266907,291,0.23483446587852458,53,28_515_shc_2025-26.7293,180,203.7,302.9121445438318,15.05556,79.672031,188.0,0.1995837241411209,0.3775063157081604,0.11,112.1,0.0009011003840883145,0.24325480424535617,1.259302020072937,420,289,1,0.2392392409475226,303.6275454738684,Racheruvurajupalem
27,0.04699999839067459,0.24060000479221344,0.13729999959468842,0.04820000007748604,0.07940000295639038,0.0658000037074089,0.1363999992609024,0.23989999294281006,0.28459998965263367,0.2865999937057495,0.32019999623298645,0.32519999146461487,284,0.4182134772091101,50,28_515_shc_2025-26.1722,177,112.4,302.9121445438318,15.05742,79.666038,38.0,0.3550827205181122,0.6265606880187988,0.6,22.3,0.0009011003840883145,0.3885499601157064,0.8394975662231445,408,308,2,0.2392392409475226,303.6275454738684,Mogilicherla
270,0.04820000007748604,0.2572000026702881,0.1678999960422516,0.06159999966621399,0.08619999885559082,0.09679999947547913,0.14480000734329224,0.2371000051498413,0.2766999900341034,0.2712000012397766,0.3086000084877014,0.32120001316070557,288,0.31366906778689374,53,28_515_shc_2025-26.1719,183,147.5,302.9121445438318,15.058,79.662,100.0,0.3038461208343506,0.4739130437374115,0.28,65.3,0.0009011003840883145,0.3013824912798164,0.9483776092529297,408,304,1,0.2392392409475226,303.6275454738684,Mogilicherla
116,0.052400000393390656,0.28575000166893005,0.18019999563694,0.06809999793767929,0.10204999893903732,0.1189500018954277,0.18060000240802765,0.2640500068664551,0.30979999899864197,0.311599999666214,0.3431999981403351,0.3358500003814697,284,0.31799873625699526,53,28_515_shc_2025-26.5287,174,182.6,302.9121445438318,15.059018,79.664382,50.0,0.26615196466445923,0.4474509358406067,0.42,16.9,0.0009011003840883145,0.31054214837593236,0.9170410633087158,408,308,2,0.2392392409475226,303.6275454738684,Mogilicherla
46,0.03889999911189079,0.2644999921321869,0.20110000669956207,0.04569999873638153,0.0729999989271164,0.09830000251531601,0.15129999816417694,0.23389999568462372,0.25040000677108765,0.24150000512599945,0.2705000042915344,0.2777000069618225,305,0.2405025020220877,62,28_515_shc_2025-26.8257,177,161.5,302.9121445438318,15.061723,79.671004,213.0,0.2296334207057953,0.42142435908317566,0.17,10.0,0.0009011003840883145,0.2557751869035083,1.0952380895614624,407,288,1,0.2392392409475226,303.6275454738684,Racheruvurajupalem
333,0.03784999996423721,0.2553499937057495,0.1765500009059906,0.047850001603364944,0.08009999990463257,0.09064999967813492,0.15504999458789825,0.27059999108314514,0.2944500148296356,0.2962000072002411,0.3077000081539154,0.3095499873161316,283,0.34692570078763196,57,28_515_shc_2025-26.10887,183,463.5,302.9121445438318,15.062,79.668,63.0,0.31279781460762024,0.5313429236412048,0.19,14.6,0.0009011003840883145,0.34766308720956396,0.8620864152908325,411,305,2,0.2392392409475226,303.6275454738684,Racheruvurajupalem
270,0.04360000044107437,0.32359999418258667,0.25600001215934753,0.05400000140070915,0.08940000087022781,0.147599995136261,0.1729000061750412,0.21559999883174896,0.24169999361038208,0.24220000207424164,0.2678000032901764,0.2793999910354614,323,0.1372765396496426,59,28_515_shc_2025-26.10893,183,491.6,302.9121445438318,15.064919,79.673806,113.0,0.16694770753383636,0.24268858134746552,0.19,27.6,0.0009011003840883145,0.15947405130571302,1.3360857963562012,408,268,1,0.2392392409475226,303.6275454738684,Racheruvurajupalem
0,0.03909999877214432,0.29660001397132874,0.22544999420642853,0.04960000142455101,0.08410000056028366,0.12444999814033508,0.16394999623298645,0.21975000202655792,0.23680000007152557,0.23970000445842743,0.2581999897956848,0.2788499891757965,285,0.1784718898028566,57,28_515_shc_2025-26.6925,180,91.3,302.9121445438318,15.065,79.665,38.0,0.18766260147094727,0.3164904713630676,0.44,31.5,0.0009011003840883145,0.20005208465804625,1.2373801469802856,412,303,0,0.2392392409475226,303.6275454738684,Racheruvurajupalem
153,0.05869999900460243,0.31279999017715454,0.25189998745918274,0.10050000250339508,0.1257999986410141,0.1501999944448471,0.20270000398159027,0.266400009393692,0.2980000078678131,0.28060001134872437,0.3181999921798706,0.31189998984336853,286,0.22828335952101664,47,28_515_shc_2025-26.7278,174,217.7,302.9121445438318,15.067255,79.719653,113.0,0.16118353605270386,0.302692711353302,0.49,53.76,0.0009011003840883145,0.21014183942666967,1.1147539615631104,409,305,4,0.2392392409475226,303.6275454738684,Rallapadu
153,0.05869999900460243,0.31279999017715454,0.25189998745918274,0.10050000250339508,0.1257999986410141,0.1501999944448471,0.20270000398159027,0.266400009393692,0.2980000078678131,0.28060001134872437,0.3181999921798706,0.31189998984336853,286,0.22828335952101664,47,28_515_shc_2025-26.7268,174,189.6,302.9121445438318,15.067255,79.719653,100.0,0.16118353605270386,0.302692711353302,0.66,20.0,0.0009011003840883145,0.21014183942666967,1.1147539615631104,409,305,4,0.2392392409475226,303.6275454738684,Rallapadu
153,0.05869999900460243,0.31279999017715454,0.25189998745918274,0.10050000250339508,0.1257999986410141,0.1501999944448471,0.20270000398159027,0.266400009393692,0.2980000078678131,0.28060001134872437,0.3181999921798706,0.31189998984336853,286,0.22828335952101664,47,28_515_shc_2025-26.7281,174,161.5,302.9121445438318,15.067255,79.719653,13.0,0.16118353605270386,0.302692711353302,0.19,19.2,0.0009011003840883145,0.21014183942666967,1.1147539615631104,409,305,4,0.2392392409475226,303.6275454738684,Rallapadu
0,0.041600000113248825,0.3239000141620636,0.2671000063419342,0.05730000138282776,0.09350000321865082,0.14159999787807465,0.18979999423027039,0.2621000111103058,0.27559998631477356,0.29100000858306885,0.29580000042915344,0.2623000144958496,301,0.21831255220055318,60,28_515_shc_2025-26.8272,180,133.4,302.9121445438318,15.067378,79.686924,13.0,0.21048255264759064,0.3453536927700043,0.47,81.4,0.0009011003840883145,0.2402959623685445,1.1130584478378296,399,300,3,0.2392392409475226,303.6275454738684,Racheruvurajupalem
341,0.04270000010728836,0.3098999857902527,0.21140000224113464,0.06469999998807907,0.0957999974489212,0.11980000138282776,0.16329999268054962,0.23469999432563782,0.2703000009059906,0.2896000146865845,0.30550000071525574,0.26969999074935913,315,0.2786987669165787,68,28_515_shc_2025-26.7167,183,91.3,302.9121445438318,15.068239,79.672787,100.0,0.27886953949928284,0.4147533178329468,0.44,13.8,0.0009011003840883145,0.28007479157136334,1.0700966119766235,397,288,3,0.2392392409475226,303.6275454738684,Racheruvurajupalem
270,0.03995555639266968,0.1973000019788742,0.11806000024080276,0.04391999915242195,0.06368333101272583,0.059824999421834946,0.09292499721050262,0.2332250028848648,0.28999999165534973,0.29739999771118164,0.3179999887943268,0.3100000023841858,298,0.44759598738102024,28,28_515_shc_2025-26.10917,186,512.7,302.8704778771651,15.07253,79.781124,163.0,0.5238583087921143,0.6650570631027222,0.47,6.1,0.0009143316481643304,0.4157164089076638,0.6634162664413452,359,343,2,0.2006233951501679,303.5943680478815,Thunugunta
195,0.040550000965595245,0.2635500133037567,0.1923000067472458,0.05550000071525574,0.08349999785423279,0.09555000066757202,0.15780000388622284,0.22245000302791595,0.24754999577999115,0.24950000643730164,0.27239999175071716,0.3111000061035156,271,0.27363052364632745,61,28_515_shc_2025-26.5311,186,210.7,302.9121445438318,15.073525,79.650755,75.0,0.22514116764068604,0.4461672306060791,0.25,49.15,0.0009011003840883145,0.27326786191711827,1.0563126802444458,416,313,8,0.2392392409475226,303.6275454738684,Mogilicherla
270,0.026599999517202377,0.13026666641235352,0.06459999829530716,0.031033333390951157,0.04690000042319298,0.02996666729450226,0.07429999858140945,0.2476000040769577,0.32269999384880066,0.33079999685287476,0.35225000977516174,0.328900009393692,289,0.5885536829717318,28,28_515_shc_2025-26.10937,183,168.6,302.8704778771651,15.075071,79.783124,176.0,0.6331769824028015,0.8338723182678223,0.44,30.7,0.0009143316481643304,0.5242419498024351,0.3937928378582001,356,354,1,0.2006233951501679,303.5943680478815,Thunugunta
64,0.060411110520362854,0.30480000376701355,0.2413250058889389,0.07542221993207932,0.10761428624391556,0.13774999976158142,0.17724286019802094,0.23569999635219574,0.2571333348751068,0.24824999272823334,0.27630001306533813,0.28312501311302185,291,0.18305813520267245,31,28_515_shc_2025-26.7229,174,646.1,302.8704778771651,15.081372,79.78523,38.0,0.16688208281993866,0.2862694263458252,0.51,28.4,0.0009143316481643304,0.187076739113949,1.2277946472167969,356,353,2,0.2006233951501679,303.5943680478815,Thunugunta
348,0.05860000103712082,0.35245001316070557,0.24594999849796295,0.07802333682775497,0.1151999980211258,0.14300000667572021,0.18993332982063293,0.2903749942779541,0.328187495470047,0.33605000376701355,0.365200012922287,0.3533666729927063,295,0.2999766839839591,2,28_515_shc_2025-26.9517,183,28.1,302.81065057453355,15.082,80.032,138.0,0.2777971625328064,0.4029850661754608,0.73,15.9,0.0009479410303598266,0.2957714034505674,1.0488022565841675,357,348,5,0.30573145548502606,303.56559800265126,Chaki Cherla
90,0.060600001364946365,0.3562999963760376,0.2442999929189682,0.07430999726057053,0.1133200004696846,0.14650000631809235,0.1981000006198883,0.287075012922287,0.3266666531562805,0.3258666694164276,0.35971665382385254,0.36410000920295715,278,0.2721731717990389,2,28_515_shc_2025-26.10589,174,42.1,302.81065057453355,15.082922,80.031298,314.0,0.24384503066539764,0.3797191381454468,0.73,15.9,0.0009479410303598266,0.27669602564718104,1.093392014503479,374,349,2,0.30573145548502606,303.56559800265126,Chaki Cherla
116,0.05290000140666962,0.29600000381469727,0.18389999866485596,0.0560000017285347,0.08320000022649765,0.07959999889135361,0.1412999927997589,0.2563000023365021,0.2978000044822693,0.3176000118255615,0.32409998774528503,0.32359999418258667,302,0.4326643656967108,44,28_515_shc_2025-26.1902,174,259.9,302.9121445438318,15.082991,79.7222,151.0,0.38417959213256836,0.599194347858429,0.28,63.0,0.0009011003840883145,0.3979046089355795,0.9319899082183838,406,292,2,0.2392392409475226,303.6275454738684,Jagamreddi Khandrika
0,0.06729999929666519,0.3007499873638153,0.2204499989748001,0.0516769215464592,0.07225000113248825,0.07249999791383743,0.15677084028720856,0.24021999537944794,0.2784857153892517,0.2912999987602234,0.3067750036716461,0.29339998960494995,280,0.4085983221444789,30,28_515_shc_2025-26.10940,180,84.3,302.8704778771651,15.0849,79.788388,38.0,0.30024081468582153,0.6014293432235718,0.16,38.4,0.0009143316481643304,0.37994906521563604,1.0324407815933228,373,347,2,0.2006233951501679,303.5943680478815,Veera Raghavuni Kota
134,0.0934000015258789,0.2939000129699707,0.24070000648498535,0.15029999613761902,0.17919999361038208,0.19189999997615814,0.18320000171661377,0.24150000512599945,0.25815001130104065,0.31040000915527344,0.2826499938964844,0.2644999921321869,293,0.22198494962105741,47,28_515_shc_2025-26.8271,177,182.6,302.9121445438318,15.086065,79.72271,138.0,0.25769853591918945,0.23591481149196625,0.28,37.6,0.0009011003840883145,0.17734212526118473,0.9468427896499634,404,303,1,0.2392392409475226,303.6275454738684,Jagamreddi Khandrika
226,0.057633332908153534,0.38940000534057617,0.27079999446868896,0.08346666395664215,0.12575000524520874,0.1551000028848648,0.2235500067472458,0.29190000891685486,0.34857499599456787,0.34624001383781433,0.3831999897956848,0.3802500069141388,284,0.28945870737521573,5,28_515_shc_2025-26.10570,183,49.2,302.81065057453355,15.088,80.032,125.0,0.21532495319843292,0.3812582492828369,0.29,22.9,0.0009479410303598266,0.2863263343532475,1.1246533393859863,363,353,1,0.30573145548502606,303.56559800265126,Chaki Cherla
333,0.056049998849630356,0.4109500050544739,0.3325499892234802,0.08640000224113464,0.13087500631809235,0.16599999368190765,0.22660000622272491,0.28062498569488525,0.3073999881744385,0.29585000872612,0.3317500054836273,0.3151249885559082,291,0.19747850880113993,10,28_515_shc_2025-26.10603,183,21.1,302.81065057453355,15.089427,80.03966,75.0,0.13254857063293457,0.2811519205570221,0.52,18.2,0.0009479410303598266,0.20250041282808331,1.389048457145691,364,346,2,0.30573145548502606,303.56559800265126,Chaki Cherla
134,0.05887499824166298,0.40505000948905945,0.290149986743927,0.08886666595935822,0.13189999759197235,0.16895000636577606,0.2184000015258789,0.3010833263397217,0.3370000123977661,0.34689998626708984,0.38269999623298645,0.37244999408721924,282,0.2626025275582968,5,28_515_shc_2025-26.10569,177,63.2,302.81065057453355,15.089472,80.030427,151.0,0.22731290757656097,0.3449645936489105,0.65,14.7,0.0009479410303598266,0.2627602222648624,1.1676275730133057,364,354,1,0.30573145548502606,303.56559800265126,Chaki Cherla
0,0.06097500026226044,0.375,0.26489999890327454,0.08446666598320007,0.11862856894731522,0.1506499946117401,0.20489999651908875,0.2911333441734314,0.34060001373291016,0.35010001063346863,0.3862999975681305,0.37277498841285706,268,0.30769826914712106,5,28_515_shc_2025-26.10563,180,28.1,302.81065057453355,15.091276,80.02795,13.0,0.2616216540336609,0.3983025848865509,0.61,21.7,0.0009479410303598266,0.2989508093575152,1.0711225271224976,379,353,0,0.30573145548502606,303.56559800265126,Chaki Cherla
90,0.05609999969601631,0.3384999930858612,0.2406499981880188,0.07769999653100967,0.11349999904632568,0.13910000026226044,0.19559167325496674,0.2805750072002411,0.3370666801929474,0.3426666557788849,0.37619999051094055,0.3697499930858612,271,0.31916670681426124,6,28_515_shc_2025-26.10561,177,28.1,302.81065057453355,15.092408,80.029341,138.0,0.27324238419532776,0.422542005777359,0.65,12.3,0.0009479410303598266,0.3110209349604756,0.987840473651886,378,351,1,0.30573145548502606,303.56559800265126,Chaki Cherla
0,0.06459999829530716,0.3528999984264374,0.2915000021457672,0.0820000022649765,0.11739999800920486,0.15770000219345093,0.19750000536441803,0.2671999931335449,0.29670000076293945,0.30720001459121704,0.32910001277923584,0.32429999113082886,273,0.22811891390308026,54,28_515_shc_2025-26.10360,180,463.5,302.9121445438318,15.092826,79.714941,113.0,0.2173568606376648,0.32157453894615173,0.05,36.9,0.0009011003840883145,0.23240751859857617,1.1487629413604736,392,335,2,0.2392392409475226,303.6275454738684,Lingasamudram
0,0.05613333359360695,0.2630000114440918,0.19910000264644623,0.07609999924898148,0.10965000092983246,0.13120000064373016,0.1768999993801117,0.2672500014305115,0.2985000014305115,0.3059999942779541,0.326200008392334,0.325300008058548,263,0.28703732996326675,5,28_515_shc_2025-26.10564,180,28.1,302.81065057453355,15.093541,80.027212,100.0,0.267343133687973,0.39981701970100403,0.25,19.4,0.0009479410303598266,0.2797695175758577,0.859477162361145,384,353,2,0.30573145548502606,303.56559800265126,Chaki Cherla
333,0.05754999816417694,0.3151000142097473,0.22030000388622284,0.08540000021457672,0.12290000170469284,0.15839999914169312,0.19280000030994415,0.28494998812675476,0.325300008058548,0.3250333368778229,0.3567500114440918,0.354449987411499,265,0.2548014262514855,5,28_515_shc_2025-26.10558,183,28.1,302.81065057453355,15.094667,80.026777,314.0,0.25535887479782104,0.3446873128414154,0.5,18.2,0.0009479410303598266,0.25416059985913925,0.9694390892982483,385,350,2,0.30573145548502606,303.56559800265126,Chaki Cherla
333,0.05754999816417694,0.3151000142097473,0.22030000388622284,0.08540000021457672,0.12290000170469284,0.15839999914169312,0.19280000030994415,0.28494998812675476,0.325300008058548,0.3250333368778229,0.3567500114440918,0.354449987411499,265,0.2548014262514855,5,28_515_shc_2025-26.3060,183,28.1,302.81065057453355,15.094667,80.026777,151.0,0.25535887479782104,0.3446873128414154,0.68,11.2,0.0009479410303598266,0.25416059985913925,0.9694390892982483,385,350,2,0.30573145548502606,303.56559800265126,Chaki Cherla
237,0.06509999930858612,0.3449999988079071,0.2565999925136566,0.07100000232458115,0.10140000283718109,0.12129999697208405,0.17649999260902405,0.2540999948978424,0.28600001335144043,0.31200000643730164,0.3190999925136566,0.3075000047683716,303,0.31629405751185474,58,28_515_shc_2025-26.10399,189,91.3,302.9121445438318,15.095407,79.712649,151.0,0.27737975120544434,0.44011080265045166,0.28,52.22,0.0009011003840883145,0.3064931031317617,1.105769157409668,372,325,3,0.2392392409475226,303.6275454738684,Lingasamudram
237,0.06509999930858612,0.3449999988079071,0.2565999925136566,0.07100000232458115,0.10140000283718109,0.12129999697208405,0.17649999260902405,0.2540999948978424,0.28600001335144043,0.31200000643730164,0.3190999925136566,0.3075000047683716,303,0.31629405751185474,58,28_515_shc_2025-26.6821,189,161.5,302.9121445438318,15.095407,79.712649,138.0,0.27737975120544434,0.44011080265045166,0.19,18.4,0.0009011003840883145,0.3064931031317617,1.105769157409668,372,325,3,0.2392392409475226,303.6275454738684,Lingasamudram
296,0.05595000088214874,0.2671999931335449,0.18275000154972076,0.07079999893903732,0.10890000313520432,0.120899997651577,0.1762000024318695,0.25769999623298645,0.2802000045776367,0.28220000863075256,0.30184999108314514,0.3179333209991455,291,0.2730936115169345,25,28_515_shc_2025-26.10880,186,168.6,302.8704778771651,15.105,79.805,13.0,0.23123909533023834,0.400148868560791,0.62,96.0,0.0009143316481643304,0.26791054676742443,0.9468461275100708,363,347,2,0.2006233951501679,303.5943680478815,Veera Raghavuni Kota
296,0.05595000088214874,0.2671999931335449,0.18275000154972076,0.07079999893903732,0.10890000313520432,0.120899997651577,0.1762000024318695,0.25769999623298645,0.2802000045776367,0.28220000863075256,0.30184999108314514,0.3179333209991455,291,0.2730936115169345,25,28_515_shc_2025-26.10882,186,119.4,302.8704778771651,15.105,79.805,88.0,0.23123909533023834,0.400148868560791,0.52,24.6,0.0009143316481643304,0.26791054676742443,0.9468461275100708,363,347,2,0.2006233951501679,303.5943680478815,Veera Raghavuni Kota
195,0.06800000369548798,0.23389999568462372,0.1812250018119812,0.07360000163316727,0.10391666740179062,0.11729999631643295,0.14847500622272491,0.1905750036239624,0.2071624994277954,0.20600000023841858,0.22257916629314423,0.24504999816417694,316,0.1633156690057044,31,28_515_shc_2025-26.550,183,203.7,302.8704778771651,15.105496,79.790494,63.0,0.16228222846984863,0.27435818314552307,0.39,37.6,0.0009143316481643304,0.16160574084748477,1.1354368925094604,360,324,4,0.2006233951501679,303.5943680478815,Veera Raghavuni Kota
153,0.060109999030828476,0.2788666784763336,0.20960000157356262,0.06445000320672989,0.10045000165700912,0.10253749787807465,0.1726749986410141,0.25999999046325684,0.2935999929904938,0.30640000104904175,0.31005001068115234,0.2948000133037567,292,0.3543586098311896,29,28_515_shc_2025-26.4210,177,295.0,302.8704778771651,15.106614,79.799653,63.0,0.2791316509246826,0.4985175132751465,0.37,6.9,0.0009143316481643304,0.3364299031753017,0.910139262676239,362,345,2,0.2006233951501679,303.5943680478815,Veera Raghavuni Kota
0,0.048650000244379044,0.27897143363952637,0.1865749955177307,0.05999999865889549,0.09267999976873398,0.11038000136613846,0.14638333022594452,0.23194000124931335,0.2601499855518341,0.25903332233428955,0.2791999876499176,0.29328998923301697,290,0.2525861026119035,30,28_515_shc_2025-26.5531,180,168.6,302.8704778771651,15.106715,79.802074,113.0,0.2778622806072235,0.4024038016796112,0.28,2.3,0.0009143316481643304,0.2564717785818732,1.076971173286438,366,344,0,0.2006233951501679,303.5943680478815,Veera Raghavuni Kota
278,0.05920000001788139,0.2567000091075897,0.21040000021457672,0.07952000200748444,0.11230000108480453,0.1298000067472458,0.16940000653266907,0.20051667094230652,0.2201666682958603,0.2251666635274887,0.2429666668176651,0.2556142807006836,309,0.1693821286205916,30,28_515_shc_2025-26.2068,201,140.5,302.8704778771651,15.108,79.792,176.0,0.14133645594120026,0.2686637043952942,0.42,68.4,0.0009143316481643304,0.16731644652813984,1.1400444507598877,356,334,7,0.2006233951501679,303.5943680478815,Veera Raghavuni Kota
0,0.07609999924898148,0.323199987411499,0.2824000120162964,0.1193000003695488,0.15600000321865082,0.18960000574588776,0.21619999408721924,0.2418999969959259,0.25940001010894775,0.26829999685287476,0.28040000796318054,0.273499995470047,307,0.13019883800379398,55,28_515_shc_2025-26.8415,180,70.2,302.9121445438318,15.108434,79.713158,38.0,0.1075335443019867,0.17187157273292542,0.47,65.3,0.0009011003840883145,0.12323831959517002,1.20462167263031,380,313,0,0.2392392409475226,303.6275454738684,Rallapadu
0,0.07609999924898148,0.323199987411499,0.2824000120162964,0.1193000003695488,0.15600000321865082,0.18960000574588776,0.21619999408721924,0.2418999969959259,0.25940001010894775,0.26829999685287476,0.28040000796318054,0.273499995470047,307,0.13019883800379398,55,28_515_shc_2025-26.8231,180,224.7,302.9121445438318,15.108434,79.713158,138.0,0.1075335443019867,0.17187157273292542,0.66,36.1,0.0009011003840883145,0.12323831959517002,1.20462167263031,380,313,0,0.2392392409475226,303.6275454738684,Jagamreddi Khandrika
0,0.07609999924898148,0.323199987411499,0.2824000120162964,0.1193000003695488,0.15600000321865082,0.18960000574588776,0.21619999408721924,0.2418999969959259,0.25940001010894775,0.26829999685287476,0.28040000796318054,0.273499995470047,307,0.13019883800379398,55,28_515_shc_2025-26.8418,180,372.2,302.9121445438318,15.108434,79.713158,88.0,0.1075335443019867,0.17187157273292542,0.15,29.2,0.0009011003840883145,0.12323831959517002,1.20462167263031,380,313,0,0.2392392409475226,303.6275454738684,Rallapadu
0,0.07609999924898148,0.323199987411499,0.2824000120162964,0.1193000003695488,0.15600000321865082,0.18960000574588776,0.21619999408721924,0.2418999969959259,0.25940001010894775,0.26829999685287476,0.28040000796318054,0.273499995470047,307,0.13019883800379398,55,28_515_shc_2025-26.8209,180,175.6,302.9121445438318,15.108434,79.713158,100.0,0.1075335443019867,0.17187157273292542,0.56,76.0,0.0009011003840883145,0.12323831959517002,1.20462167263031,380,313,0,0.2392392409475226,303.6275454738684,Jagamreddi Khandrika
0,0.07609999924898148,0.323199987411499,0.2824000120162964,0.1193000003695488,0.15600000321865082,0.18960000574588776,0.21619999408721924,0.2418999969959259,0.25940001010894775,0.26829999685287476,0.28040000796318054,0.273499995470047,307,0.13019883800379398,55,28_515_shc_2025-26.8409,180,224.7,302.9121445438318,15.108434,79.713158,63.0,0.1075335443019867,0.17187157273292542,0.66,21.5,0.0009011003840883145,0.12323831959517002,1.20462167263031,380,313,0,0.2392392409475226,303.6275454738684,Rallapadu
64,0.049619998782873154,0.23512500524520874,0.1745000034570694,0.06312499940395355,0.09853333234786987,0.12146666646003723,0.1551000028848648,0.20829999446868896,0.22679999470710754,0.22716666758060455,0.24120000004768372,0.24469999969005585,325,0.1782427003826387,36,28_515_shc_2025-26.10422,174,231.8,302.8704778771651,15.109717,79.788493,176.0,0.18852458894252777,0.3031838536262512,0.21,29.2,0.0009143316481643304,0.1868298066091025,1.0350329875946045,358,317,2,0.2006233951501679,303.5943680478815,Veera Raghavuni Kota
64,0.062433332204818726,0.2609499990940094,0.210999995470047,0.07810000330209732,0.11266666650772095,0.12880000472068787,0.17755000293254852,0.2188500016927719,0.23867499828338623,0.24277499318122864,0.2610333263874054,0.2559399902820587,292,0.19928136086659817,31,28_515_shc_2025-26.4937,174,470.6,302.8704778771651,15.110272,79.799021,100.0,0.1551775187253952,0.3067348301410675,0.32,30.7,0.0009143316481643304,0.1961534958005422,1.0748635530471802,362,345,2,0.2006233951501679,303.5943680478815,Veera Raghavuni Kota
64,0.062433332204818726,0.2609499990940094,0.210999995470047,0.07810000330209732,0.11266666650772095,0.12880000472068787,0.17755000293254852,0.2188500016927719,0.23867499828338623,0.24277499318122864,0.2610333263874054,0.2559399902820587,292,0.19928136086659817,31,28_515_shc_2025-26.10313,174,161.5,302.8704778771651,15.110272,79.799021,213.0,0.1551775187253952,0.3067348301410675,0.51,20.0,0.0009143316481643304,0.1961534958005422,1.0748635530471802,362,345,2,0.2006233951501679,303.5943680478815,Veera Raghavuni Kota
270,0.04885999858379364,0.3077999949455261,0.22050000727176666,0.07287143170833588,0.10899999737739563,0.11309000104665756,0.16643333435058594,0.2827000021934509,0.32304999232292175,0.3343999981880188,0.35374999046325684,0.3397666811943054,273,0.3773004521565565,6,28_515_shc_2025-26.10463,183,49.2,302.81065057453355,15.111631,80.041849,301.0,0.3353743851184845,0.49455854296684265,0.63,6.5,0.0009479410303598266,0.3503625325651802,0.9204545617103577,338,388,1,0.30573145548502606,303.56559800265126,Chaki Cherla
76,0.05570000037550926,0.29030001163482666,0.19910000264644623,0.06549999862909317,0.09664999693632126,0.11079999804496765,0.1603499948978424,0.24459999799728394,0.2708500027656555,0.2728999853134155,0.30674999952316284,0.3003999888896942,297,0.28016866997935275,54,28_515_shc_2025-26.4586,168,147.5,302.9121445438318,15.111875,79.716724,25.0,0.2597807049751282,0.422465443611145,0.36,1.5,0.0009011003840883145,0.2751499213325918,1.063759684562683,386,317,4,0.2392392409475226,303.6275454738684,Vengalapuram
180,0.05909999832510948,0.36489999294281006,0.29429998993873596,0.0820000022649765,0.12240000069141388,0.17419999837875366,0.20309999585151672,0.2305999994277954,0.2475000023841858,0.25589999556541443,0.2705000042915344,0.2669999897480011,316,0.12113753439298493,57,28_515_shc_2025-26.4507,180,182.6,302.9121445438318,15.112,79.708,63.0,0.11503268033266068,0.18995581567287445,0.21,75.3,0.0009011003840883145,0.1317600221244035,1.425947666168213,396,288,2,0.2392392409475226,303.6275454738684,Vengalapuram
314,0.06146666780114174,0.250775009393692,0.20867499709129333,0.07925999909639359,0.11224000155925751,0.13342499732971191,0.17278000712394714,0.20683333277702332,0.21960000693798065,0.22280000150203705,0.24140000343322754,0.24779999256134033,324,0.15637029298168678,35,28_515_shc_2025-26.9342,183,161.5,302.8704778771651,15.112,79.788,25.0,0.12644723057746887,0.25089481472969055,0.41,99.8,0.0009143316481643304,0.15657392208987747,1.1255611181259155,363,313,1,0.2006233951501679,303.5943680478815,Veera Raghavuni Kota
314,0.06146666780114174,0.250775009393692,0.20867499709129333,0.07925999909639359,0.11224000155925751,0.13342499732971191,0.17278000712394714,0.20683333277702332,0.21960000693798065,0.22280000150203705,0.24140000343322754,0.24779999256134033,324,0.15637029298168678,35,28_515_shc_2025-26.9290,183,147.5,302.8704778771651,15.112,79.788,13.0,0.12644723057746887,0.25089481472969055,0.47,68.4,0.0009143316481643304,0.15657392208987747,1.1255611181259155,363,313,1,0.2006233951501679,303.5943680478815,Veera Raghavuni Kota
0,0.04690000042319298,0.2615833282470703,0.1871500015258789,0.05570000037550926,0.08393333107233047,0.09139999747276306,0.14024999737739563,0.210549995303154,0.24272499978542328,0.2533999979496002,0.26260000467300415,0.2860249876976013,299,0.2926194913863679,18,28_515_shc_2025-26.599,180,35.1,302.86290095145245,15.112,79.922,351.0,0.2874380946159363,0.46983760595321655,0.29,2.9,0.00092911603815267,0.2876420478598207,1.0322941541671753,397,304,1,0.20355509038557085,303.64872574387937,Baddepudi
64,0.056049998849630356,0.24529999494552612,0.16840000450611115,0.07987499982118607,0.1109749972820282,0.12720000743865967,0.1764666736125946,0.26284998655319214,0.3018749952316284,0.30979999899864197,0.33666667342185974,0.32624998688697815,280,0.30971460117648286,4,28_515_shc_2025-26.7654,174,35.1,302.81065057453355,15.112,80.028,289.0,0.2741979658603668,0.41784894466400146,0.89,4.7,0.0009479410303598266,0.29231588629482164,0.7918011546134949,380,340,2,0.30573145548502606,303.56559800265126,Chaki Cherla
64,0.056049998849630356,0.24529999494552612,0.16840000450611115,0.07987499982118607,0.1109749972820282,0.12720000743865967,0.1764666736125946,0.26284998655319214,0.3018749952316284,0.30979999899864197,0.33666667342185974,0.32624998688697815,280,0.30971460117648286,4,28_515_shc_2025-26.11304,174,49.2,302.81065057453355,15.112,80.028,138.0,0.2741979658603668,0.41784894466400146,0.67,12.3,0.0009479410303598266,0.29231588629482164,0.7918011546134949,380,340,2,0.30573145548502606,303.56559800265126,Chaki Cherla
314,0.04560000076889992,0.2341500073671341,0.14114999771118164,0.04699999839067459,0.07524999976158142,0.059450000524520874,0.12430000305175781,0.26135000586509705,0.30140000581741333,0.3178499937057495,0.33160001039505005,0.3225499987602234,312,0.4886350581241793,50,28_515_shc_2025-26.4590,186,175.6,302.9121445438318,15.114088,79.719399,176.0,0.43774735927581787,0.6848661303520203,0.11,30.0,0.0009011003840883145,0.4418100904148726,0.7366682887077332,385,304,3,0.2392392409475226,303.6275454738684,Jagamreddi Khandrika
314,0.04560000076889992,0.2341500073671341,0.14114999771118164,0.04699999839067459,0.07524999976158142,0.059450000524520874,0.12430000305175781,0.26135000586509705,0.30140000581741333,0.3178499937057495,0.33160001039505005,0.3225499987602234,312,0.4886350581241793,50,28_515_shc_2025-26.5472,186,147.5,302.9121445438318,15.114088,79.719399,138.0,0.43774735927581787,0.6848661303520203,0.41,42.24,0.0009011003840883145,0.4418100904148726,0.7366682887077332,385,304,3,0.2392392409475226,303.6275454738684,Cheemalapenta
314,0.04560000076889992,0.2341500073671341,0.14114999771118164,0.04699999839067459,0.07524999976158142,0.059450000524520874,0.12430000305175781,0.26135000586509705,0.30140000581741333,0.3178499937057495,0.33160001039505005,0.3225499987602234,312,0.4886350581241793,50,28_515_shc_2025-26.1621,186,49.2,302.9121445438318,15.114088,79.719399,75.0,0.43774735927581787,0.6848661303520203,0.19,45.31,0.0009011003840883145,0.4418100904148726,0.7366682887077332,385,304,3,0.2392392409475226,303.6275454738684,Jagamreddi Khandrika
314,0.04560000076889992,0.2341500073671341,0.14114999771118164,0.04699999839067459,0.07524999976158142,0.059450000524520874,0.12430000305175781,0.26135000586509705,0.30140000581741333,0.3178499937057495,0.33160001039505005,0.3225499987602234,312,0.4886350581241793,50,28_515_shc_2025-26.4533,186,287.9,302.9121445438318,15.114088,79.719399,63.0,0.43774735927581787,0.6848661303520203,0.28,82.9,0.0009011003840883145,0.4418100904148726,0.7366682887077332,385,304,3,0.2392392409475226,303.6275454738684,Jagamreddi Khandrika
153,0.05380000174045563,0.22675000131130219,0.17599999904632568,0.0669500008225441,0.09645000100135803,0.10939999669790268,0.1477999985218048,0.19085000455379486,0.20215000212192535,0.1996999979019165,0.22134999930858612,0.21615000069141388,321,0.1667312968790468,34,28_515_shc_2025-26.10291,177,91.3,302.8704778771651,15.114391,79.775228,100.0,0.1493525207042694,0.2921384871006012,0.22,86.8,0.0009143316481643304,0.167408234717656,1.135453224182129,343,336,2,0.2006233951501679,303.5943680478815,Veera Raghavuni Kota
0,0.0494999997317791,0.29429998993873596,0.22599999606609344,0.06920000165700912,0.10100000351667404,0.12479999661445618,0.1737000048160553,0.23970000445842743,0.26649999618530273,0.26829999685287476,0.29030001163482666,0.2815999984741211,323,0.23947000146194214,64,28_515_shc_2025-26.4570,180,154.5,302.9121445438318,15.114702,79.70055,188.0,0.21402713656425476,0.36504706740379333,0.38,14.6,0.0009011003840883145,0.24101444623457113,1.0969064235687256,397,280,1,0.2392392409475226,303.6275454738684,Vengalapuram
0,0.042750000953674316,0.3111000061035156,0.2526000142097473,0.05555000156164169,0.08914999663829803,0.11394999921321869,0.1563500016927719,0.21559999883174896,0.23720000684261322,0.23649999499320984,0.2565000057220459,0.2718999981880188,317,0.2037643574937353,57,28_515_shc_2025-26.5529,180,63.2,302.9121445438318,15.115114,79.721564,38.0,0.2040218710899353,0.349693238735199,0.25,122.9,0.0009011003840883145,0.21615026741403817,1.3154335021972656,390,293,1,0.2392392409475226,303.6275454738684,Cheemalapenta
0,0.042750000953674316,0.3111000061035156,0.2526000142097473,0.05555000156164169,0.08914999663829803,0.11394999921321869,0.1563500016927719,0.21559999883174896,0.23720000684261322,0.23649999499320984,0.2565000057220459,0.2718999981880188,317,0.2037643574937353,57,28_515_shc_2025-26.1788,180,287.9,302.9121445438318,15.115114,79.721564,63.0,0.2040218710899353,0.349693238735199,0.25,137.5,0.0009011003840883145,0.21615026741403817,1.3154335021972656,390,293,1,0.2392392409475226,303.6275454738684,Cheemalapenta
226,0.05339999869465828,0.2651999890804291,0.17599999904632568,0.05209999904036522,0.07980000227689743,0.08070000261068344,0.13349999487400055,0.24449999630451202,0.27649998664855957,0.2921999990940094,0.30309998989105225,0.3027999997138977,324,0.3815898551801451,63,28_515_shc_2025-26.2072,183,316.0,302.9121445438318,15.116177,79.698258,113.0,0.37279775738716125,0.5671761631965637,0.56,13.1,0.0009011003840883145,0.36344368668281485,0.9075974822044373,399,277,1,0.2392392409475226,303.6275454738684,Vengalapuram
90,0.05716250091791153,0.33375000953674316,0.21744999289512634,0.07680000364780426,0.10989999771118164,0.11845000088214874,0.19179999828338623,0.27720001339912415,0.3177500069141388,0.3307499885559082,0.3605250120162964,0.35659998655319214,273,0.36217542824443,4,28_515_shc_2025-26.731,177,56.2,302.81065057453355,15.116372,80.032199,201.0,0.26590755581855774,0.4726179838180542,0.51,15.9,0.0009479410303598266,0.33549303103044403,1.0090703964233398,363,364,1,0.30573145548502606,303.56559800265126,Chaki Cherla
79,0.04039999842643738,0.22589999437332153,0.133200004696846,0.05620000138878822,0.08420000225305557,0.07370000332593918,0.12049999833106995,0.22259999811649323,0.2551000118255615,0.2624000012874603,0.28060001134872437,0.27720001339912415,314,0.36766424356872773,62,28_515_shc_2025-26.5257,165,161.5,302.9121445438318,15.118,79.702,176.0,0.37059286236763,0.5614400506019592,0.51,20.7,0.0009011003840883145,0.33853605475478965,0.8608993887901306,391,295,5,0.2392392409475226,303.6275454738684,Pentrala
116,0.052816666662693024,0.3716333210468292,0.27959999442100525,0.07201666384935379,0.10305555909872055,0.15136666595935822,0.17766666412353516,0.21303333342075348,0.23693333566188812,0.2518666684627533,0.26801666617393494,0.26372501254081726,320,0.15509817947823062,28,28_515_shc_2025-26.293,174,42.1,302.86290095145245,15.118,79.948,213.0,0.17274563014507294,0.2492353469133377,0.27,36.42,0.00092911603815267,0.16690039883386548,1.4755160808563232,380,300,2,0.20355509038557085,303.64872574387937,Bheemavaram
90,0.03882500156760216,0.29010000824928284,0.20569999516010284,0.04047999903559685,0.07689999788999557,0.0961500033736229,0.16369999945163727,0.2289000004529953,0.24873332679271698,0.26304998993873596,0.257999986410141,0.26036667823791504,321,0.27158522581673067,29,28_515_shc_2025-26.291,177,28.1,302.86290095145245,15.121267,79.944503,289.0,0.23280607163906097,0.4646436274051666,0.69,3.5,0.00092911603815267,0.29137567713720386,1.1028321981430054,368,312,1,0.20355509038557085,303.64872574387937,Bheemavaram
207,0.03656666725873947,0.2203799933195114,0.14016667008399963,0.041244443506002426,0.06427499651908875,0.05284615233540535,0.12331250309944153,0.21392500400543213,0.23989999294281006,0.26794999837875366,0.2555750012397766,0.2761000096797943,303,0.4215429323855141,31,28_515_shc_2025-26.10572,186,49.2,302.86290095145245,15.125,79.945,226.0,0.3696686923503876,0.6705312728881836,0.68,7.0,0.00092911603815267,0.3931009773672621,0.8224668502807617,357,340,4,0.20355509038557085,303.64872574387937,Bheemavaram
314,0.032758332788944244,0.220660001039505,0.1367516666650772,0.04958000034093857,0.07635000348091125,0.07267499715089798,0.12258750200271606,0.21220000088214874,0.23418332636356354,0.24744999408721924,0.2579500079154968,0.26677143573760986,285,0.33312049773707886,24,28_515_shc_2025-26.3092,189,49.2,302.81065057453355,15.129115,79.95032,314.0,0.33743199706077576,0.5459586381912231,0.18,5.9,0.0009479410303598266,0.3196616347572866,0.8917357325553894,358,357,4,0.30573145548502606,303.56559800265126,Bheemavaram
123,0.031849998980760574,0.20499999821186066,0.12667499482631683,0.04984999820590019,0.07347500324249268,0.07909999787807465,0.11774999648332596,0.2096666693687439,0.241633340716362,0.21369999647140503,0.2607499957084656,0.25905001163482666,285,0.2560054755511097,26,28_515_shc_2025-26.10577,171,42.1,302.81065057453355,15.130206,79.95269,263.0,0.2894856035709381,0.45969945192337036,0.23,135.0,0.0009479410303598266,0.2546670021808737,0.9592887163162231,359,356,3,0.30573145548502606,303.56559800265126,Bheemavaram
0,0.048700001090765,0.32284998893737793,0.20229999721050262,0.06787999719381332,0.10723333060741425,0.122359998524189,0.1784999966621399,0.2522749900817871,0.286642849445343,0.2944999933242798,0.3185200095176697,0.27572858333587646,286,0.2832069713852102,21,28_515_shc_2025-26.2924,180,28.1,302.81065057453355,15.131673,79.970685,50.0,0.2452431321144104,0.41294437646865845,0.17,5.9,0.0009479410303598266,0.2816242332480476,1.0962648391723633,358,356,5,0.30573145548502606,303.56559800265126,Bheemavaram
134,0.04677083343267441,0.28927499055862427,0.1925400048494339,0.06424545496702194,0.09522856771945953,0.12684999406337738,0.16803333163261414,0.22290000319480896,0.24249500036239624,0.23654000461101532,0.2522333264350891,0.19670000672340393,283,0.1809112000367093,17,28_515_shc_2025-26.782,177,49.2,302.81065057453355,15.132273,79.968947,138.0,0.1693306714296341,0.3018520474433899,0.18,59.3,0.0009479410303598266,0.190568591336564,1.2229431867599487,362,355,1,0.30573145548502606,303.56559800265126,Bheemavaram
165,0.047761112451553345,0.25964999198913574,0.16660000383853912,0.06185000017285347,0.09212499856948853,0.09570000320672989,0.15813332796096802,0.2563000023365021,0.3027285635471344,0.31505000591278076,0.3445799946784973,0.3411499857902527,278,0.38472331673200083,20,28_515_shc_2025-26.2904,177,42.1,302.81065057453355,15.133465,79.965561,163.0,0.3316192030906677,0.534023106098175,0.42,11.2,0.0009479410303598266,0.3612681864007546,0.8241548538208008,359,364,4,0.30573145548502606,303.56559800265126,Bheemavaram
165,0.047761112451553345,0.25964999198913574,0.16660000383853912,0.06185000017285347,0.09212499856948853,0.09570000320672989,0.15813332796096802,0.2563000023365021,0.3027285635471344,0.31505000591278076,0.3445799946784973,0.3411499857902527,278,0.38472331673200083,20,28_515_shc_2025-26.3029,177,35.1,302.81065057453355,15.133465,79.965561,188.0,0.3316192030906677,0.534023106098175,0.34,8.8,0.0009479410303598266,0.3612681864007546,0.8241548538208008,359,364,4,0.30573145548502606,303.56559800265126,Bheemavaram
314,0.0473666675388813,0.23180000483989716,0.14309999346733093,0.05005714297294617,0.08285000175237656,0.08049999922513962,0.13372500240802765,0.234866663813591,0.2752000093460083,0.2994999885559082,0.2939000129699707,0.22963333129882812,267,0.38910603172627684,15,28_515_shc_2025-26.2871,186,28.1,302.81065057453355,15.133865,79.963692,125.0,0.3826533257961273,0.5763157606124878,0.6,42.88,0.0009479410303598266,0.3732954415425364,0.7739566564559937,366,367,3,0.30573145548502606,303.56559800265126,Bheemavaram
314,0.0473666675388813,0.23180000483989716,0.14309999346733093,0.05005714297294617,0.08285000175237656,0.08049999922513962,0.13372500240802765,0.234866663813591,0.2752000093460083,0.2994999885559082,0.2939000129699707,0.22963333129882812,267,0.38910603172627684,15,28_515_shc_2025-26.2875,186,28.1,302.81065057453355,15.133865,79.963692,125.0,0.3826533257961273,0.5763157606124878,0.31,15.9,0.0009479410303598266,0.3732954415425364,0.7739566564559937,366,367,3,0.30573145548502606,303.56559800265126,Bheemavaram
0,0.06700000166893005,0.32109999656677246,0.2762666642665863,0.0838799998164177,0.12262000143527985,0.17322500050067902,0.21774999797344208,0.24902500212192535,0.2665500044822693,0.24478332698345184,0.27266666293144226,0.2796500027179718,279,0.10809197181512478,21,28_515_shc_2025-26.11731,180,42.1,302.81065057453355,15.13494,79.960072,226.0,0.05844622850418091,0.17118875682353973,0.24,21.7,0.0009479410303598266,0.11692430941048815,1.311772346496582,369,352,1,0.30573145548502606,303.56559800265126,Bheemavaram
12,0.056449998170137405,0.2849999964237213,0.1761000007390976,0.07029999792575836,0.10066666454076767,0.10689999908208847,0.17419999837875366,0.27843332290649414,0.3237000107765198,0.33399999141693115,0.3564714193344116,0.361050009727478,283,0.3920519146927121,23,28_515_shc_2025-26.9552,177,35.1,302.81065057453355,15.135141,79.956606,213.0,0.31444311141967773,0.5150827765464783,0.79,29.4,0.0009479410303598266,0.36204696773521644,0.8532934188842773,360,357,5,0.30573145548502606,303.56559800265126,Bheemavaram
12,0.056449998170137405,0.2849999964237213,0.1761000007390976,0.07029999792575836,0.10066666454076767,0.10689999908208847,0.17419999837875366,0.27843332290649414,0.3237000107765198,0.33399999141693115,0.3564714193344116,0.361050009727478,283,0.3920519146927121,23,28_515_shc_2025-26.9551,177,28.1,302.81065057453355,15.135141,79.956606,100.0,0.31444311141967773,0.5150827765464783,0.29,29.4,0.0009479410303598266,0.36204696773521644,0.8532934188842773,360,357,5,0.30573145548502606,303.56559800265126,Bheemavaram
180,0.05324999988079071,0.2596000134944916,0.1632000058889389,0.06393333524465561,0.10328571498394012,0.1107499971985817,0.1676499992609024,0.23568333685398102,0.27586665749549866,0.24690000712871552,0.2973666787147522,0.29973334074020386,291,0.23770866019543224,16,28_515_shc_2025-26.9595,180,49.2,302.81065057453355,15.136284,79.954827,301.0,0.19117116928100586,0.3806794583797455,0.55,0.6,0.0009479410303598266,0.23812162754594263,1.0514378547668457,357,352,1,0.30573145548502606,303.56559800265126,Bheemavaram
46,0.047919999808073044,0.3001999855041504,0.2003750056028366,0.06210000067949295,0.08842500299215317,0.11572500318288803,0.15369999408721924,0.1934874951839447,0.21144999563694,0.1995791643857956,0.22255833446979523,0.22544999420642853,292,0.14678508563893503,19,28_515_shc_2025-26.3045,174,49.2,302.81065057453355,15.136464,79.986865,113.0,0.1298666149377823,0.2659468948841095,0.2,68.7,0.0009479410303598266,0.15427523470099908,1.5041649341583252,376,332,3,0.30573145548502606,303.56559800265126,Bheemavaram
180,0.05575000122189522,0.25655001401901245,0.1551000028848648,0.06573333591222763,0.10660000145435333,0.1059499979019165,0.17329999804496765,0.2879999876022339,0.3393999934196472,0.3515999913215637,0.3833000063896179,0.3805333375930786,289,0.4109783846874076,13,28_515_shc_2025-26.9560,180,42.1,302.81065057453355,15.136814,79.956172,263.0,0.33968374133110046,0.5368812084197998,0.63,27.0,0.0009479410303598266,0.38481018670188016,0.7296644449234009,354,357,2,0.30573145548502606,303.56559800265126,Bheemavaram
180,0.05575000122189522,0.25655001401901245,0.1551000028848648,0.06573333591222763,0.10660000145435333,0.1059499979019165,0.17329999804496765,0.2879999876022339,0.3393999934196472,0.3515999913215637,0.3833000063896179,0.3805333375930786,289,0.4109783846874076,13,28_515_shc_2025-26.9557,180,35.1,302.81065057453355,15.136814,79.956172,314.0,0.33968374133110046,0.5368812084197998,0.68,1.8,0.0009479410303598266,0.38481018670188016,0.7296644449234009,354,357,2,0.30573145548502606,303.56559800265126,Bheemavaram
215,0.047449998557567596,0.29852500557899475,0.2074500024318695,0.0501599982380867,0.07779999822378159,0.0827571451663971,0.163224995136261,0.243599995970726,0.2825999855995178,0.27066001296043396,0.30753999948501587,0.30276668071746826,299,0.33771113664805835,14,28_515_shc_2025-26.9604,186,42.1,302.81065057453355,15.138,79.982,201.0,0.24761173129081726,0.5316744446754456,0.11,76.9,0.0009479410303598266,0.33026556708761107,1.102952003479004,363,338,3,0.30573145548502606,303.56559800265126,Bheemavaram
215,0.047449998557567596,0.29852500557899475,0.2074500024318695,0.0501599982380867,0.07779999822378159,0.0827571451663971,0.163224995136261,0.243599995970726,0.2825999855995178,0.27066001296043396,0.30753999948501587,0.30276668071746826,299,0.33771113664805835,14,28_515_shc_2025-26.11732,186,35.1,302.81065057453355,15.138,79.982,113.0,0.24761173129081726,0.5316744446754456,0.54,66.4,0.0009479410303598266,0.33026556708761107,1.102952003479004,363,338,3,0.30573145548502606,303.56559800265126,Bheemavaram
180,0.0481666661798954,0.249099999666214,0.14800000190734863,0.06310000270605087,0.09843333065509796,0.1023000031709671,0.15003333985805511,0.260699987411499,0.30959999561309814,0.33719998598098755,0.3470500111579895,0.326366662979126,287,0.3973946629001223,13,28_515_shc_2025-26.9576,180,42.1,302.81065057453355,15.138285,79.956563,50.0,0.3841417133808136,0.5344709753990173,0.17,13.5,0.0009479410303598266,0.37503989173334795,0.7387307286262512,354,359,1,0.30573145548502606,303.56559800265126,Bheemavaram
180,0.0481666661798954,0.249099999666214,0.14800000190734863,0.06310000270605087,0.09843333065509796,0.1023000031709671,0.15003333985805511,0.260699987411499,0.30959999561309814,0.33719998598098755,0.3470500111579895,0.326366662979126,287,0.3973946629001223,13,28_515_shc_2025-26.9647,180,35.1,302.81065057453355,15.138285,79.956563,251.0,0.3841417133808136,0.5344709753990173,0.49,1.8,0.0009479410303598266,0.37503989173334795,0.7387307286262512,354,359,1,0.30573145548502606,303.56559800265126,Bheemavaram
333,0.04983333498239517,0.24310000240802765,0.14139999449253082,0.05730000138282776,0.09109999984502792,0.07800000160932541,0.15539999306201935,0.2800999879837036,0.33889999985694885,0.34716665744781494,0.3778333365917206,0.3702250123023987,280,0.4857142696575242,14,28_515_shc_2025-26.9645,183,49.2,302.81065057453355,15.139333,79.953684,188.0,0.3815746009349823,0.6330850720405579,0.28,11.2,0.0009479410303598266,0.43640784047406733,0.7002400755882263,363,357,2,0.30573145548502606,303.56559800265126,Bheemavaram
270,0.05666666850447655,0.25314998626708984,0.14659999310970306,0.06780000030994415,0.09210000187158585,0.0807500034570694,0.1632000058889389,0.29269999265670776,0.3388666808605194,0.3463999927043915,0.382099986076355,0.37779998779296875,280,0.5022118629254317,13,28_515_shc_2025-26.9636,183,49.2,302.81065057453355,15.139812,79.955867,289.0,0.359497606754303,0.6219126582145691,0.19,36.42,0.0009479410303598266,0.42978480884509407,0.7308025360107422,362,358,1,0.30573145548502606,303.56559800265126,Bheemavaram
90,0.059457141906023026,0.28200000524520874,0.1803624927997589,0.07470999658107758,0.10604000091552734,0.12915000319480896,0.17150625586509705,0.2760833203792572,0.31654998660087585,0.3306666612625122,0.3560999929904938,0.3398500084877014,300,0.3260277296355638,12,28_515_shc_2025-26.9589,165,56.2,302.81065057453355,15.142971,79.984281,88.0,0.3169434368610382,0.43825435638427734,0.53,25.8,0.0009479410303598266,0.3149299218225813,0.8528226017951965,376,324,5,0.30573145548502606,303.56559800265126,Bheemavaram
90,0.059457141906023026,0.28200000524520874,0.1803624927997589,0.07470999658107758,0.10604000091552734,0.12915000319480896,0.17150625586509705,0.2760833203792572,0.31654998660087585,0.3306666612625122,0.3560999929904938,0.3398500084877014,300,0.3260277296355638,12,28_515_shc_2025-26.2748,165,42.1,302.81065057453355,15.142971,79.984281,100.0,0.3169434368610382,0.43825435638427734,0.62,14.7,0.0009479410303598266,0.3149299218225813,0.8528226017951965,376,324,5,0.30573145548502606,303.56559800265126,Bheemavaram
0,0.03647499904036522,0.1927500069141388,0.11050000041723251,0.037700001150369644,0.07164999842643738,0.04075000062584877,0.1216999962925911,0.25290000438690186,0.2960500121116638,0.31353333592414856,0.3174000084400177,0.2985000014305115,285,0.5347504524217971,18,28_515_shc_2025-26.8555,180,49.2,302.81065057453355,15.143821,80.005442,301.0,0.4407597482204437,0.7699581384658813,0.46,15.9,0.0009479410303598266,0.4789687278694831,0.6147671937942505,344,372,4,0.30573145548502606,303.56559800265126,Karedu
134,0.06662916392087936,0.40959998965263367,0.32965001463890076,0.08500000089406967,0.11545000225305557,0.15594999492168427,0.19927500188350677,0.251716673374176,0.2729666531085968,0.2896333336830139,0.3054249882698059,0.297733336687088,277,0.2104807523802453,10,28_515_shc_2025-26.752,177,42.1,302.81065057453355,15.148,80.048,163.0,0.18481650948524475,0.3000187277793884,0.85,13.5,0.0009479410303598266,0.21206487263041002,1.4142018556594849,338,385,1,0.30573145548502606,303.56559800265126,Karedu
134,0.06662916392087936,0.40959998965263367,0.32965001463890076,0.08500000089406967,0.11545000225305557,0.15594999492168427,0.19927500188350677,0.251716673374176,0.2729666531085968,0.2896333336830139,0.3054249882698059,0.297733336687088,277,0.2104807523802453,10,28_515_shc_2025-26.2885,177,49.2,302.81065057453355,15.148,80.048,226.0,0.18481650948524475,0.3000187277793884,0.68,36.42,0.0009479410303598266,0.21206487263041002,1.4142018556594849,338,385,1,0.30573145548502606,303.56559800265126,Karedu
134,0.034040000289678574,0.20182499289512634,0.11879999935626984,0.051350001245737076,0.07716666907072067,0.06435000151395798,0.12013333290815353,0.2470666617155075,0.2860499918460846,0.2976999878883362,0.3136500120162964,0.3172999918460846,287,0.4492078245081105,15,28_515_shc_2025-26.6078,177,42.1,302.63166979739543,15.162735,79.975129,50.0,0.4249700605869293,0.6445242166519165,0.16,45.2,0.0009258981358648944,0.4060379141170903,0.6779475808143616,343,371,1,0.25283713089792353,303.5840241950855,Kollurupadu
134,0.034040000289678574,0.20182499289512634,0.11879999935626984,0.051350001245737076,0.07716666907072067,0.06435000151395798,0.12013333290815353,0.2470666617155075,0.2860499918460846,0.2976999878883362,0.3136500120162964,0.3172999918460846,287,0.4492078245081105,15,28_515_shc_2025-26.6076,177,35.1,302.63166979739543,15.162735,79.975129,125.0,0.4249700605869293,0.6445242166519165,0.29,28.8,0.0009258981358648944,0.4060379141170903,0.6779475808143616,343,371,1,0.25283713089792353,303.5840241950855,Kollurupadu
134,0.034040000289678574,0.20182499289512634,0.11879999935626984,0.051350001245737076,0.07716666907072067,0.06435000151395798,0.12013333290815353,0.2470666617155075,0.2860499918460846,0.2976999878883362,0.3136500120162964,0.3172999918460846,287,0.4492078245081105,15,28_515_shc_2025-26.10582,177,49.2,302.63166979739543,15.162735,79.975129,238.0,0.4249700605869293,0.6445242166519165,0.61,32.3,0.0009258981358648944,0.4060379141170903,0.6779475808143616,343,371,1,0.25283713089792353,303.5840241950855,K.Rajupalem
134,0.034040000289678574,0.20182499289512634,0.11879999935626984,0.051350001245737076,0.07716666907072067,0.06435000151395798,0.12013333290815353,0.2470666617155075,0.2860499918460846,0.2976999878883362,0.3136500120162964,0.3172999918460846,287,0.4492078245081105,15,28_515_shc_2025-26.10588,177,49.2,302.63166979739543,15.162735,79.975129,100.0,0.4249700605869293,0.6445242166519165,0.21,40.53,0.0009258981358648944,0.4060379141170903,0.6779475808143616,343,371,1,0.25283713089792353,303.5840241950855,K.Rajupalem
134,0.034040000289678574,0.20182499289512634,0.11879999935626984,0.051350001245737076,0.07716666907072067,0.06435000151395798,0.12013333290815353,0.2470666617155075,0.2860499918460846,0.2976999878883362,0.3136500120162964,0.3172999918460846,287,0.4492078245081105,15,28_515_shc_2025-26.10584,177,63.2,302.63166979739543,15.162735,79.975129,151.0,0.4249700605869293,0.6445242166519165,0.35,8.8,0.0009258981358648944,0.4060379141170903,0.6779475808143616,343,371,1,0.25283713089792353,303.5840241950855,K.Rajupalem
237,0.04910000041127205,0.27456000447273254,0.2013999968767166,0.0604499988257885,0.08912856876850128,0.09565000236034393,0.15861999988555908,0.23973999917507172,0.2833999991416931,0.30079999566078186,0.30640000104904175,0.320333331823349,301,0.3608428589722951,15,28_515_shc_2025-26.792,189,49.2,302.63166979739543,15.165909,79.966458,63.0,0.30947715044021606,0.5174674987792969,0.36,42.88,0.0009258981358648944,0.34327066833615527,0.9127659797668457,344,355,3,0.25283713089792353,303.5840241950855,Atmakur
333,0.06025714427232742,0.41690000891685486,0.29840001463890076,0.0849333330988884,0.1434333324432373,0.1985333263874054,0.24469999969005585,0.28243333101272583,0.30184999108314514,0.2879500091075897,0.2898249924182892,0.28786665201187134,289,0.1213482672633376,8,28_515_shc_2025-26.9545,183,35.1,302.63166979739543,15.170278,80.005474,314.0,0.08119779825210571,0.18380214273929596,0.3,16.4,0.0009258981358648944,0.1359627874635871,1.447820782661438,365,347,2,0.25283713089792353,303.5840241950855,K.Rajupalem
333,0.06025714427232742,0.41690000891685486,0.29840001463890076,0.0849333330988884,0.1434333324432373,0.1985333263874054,0.24469999969005585,0.28243333101272583,0.30184999108314514,0.2879500091075897,0.2898249924182892,0.28786665201187134,289,0.1213482672633376,8,28_515_shc_2025-26.9596,183,28.1,302.63166979739543,15.170278,80.005474,188.0,0.08119779825210571,0.18380214273929596,0.36,3.5,0.0009258981358648944,0.1359627874635871,1.447820782661438,365,347,2,0.25283713089792353,303.5840241950855,K.Rajupalem
333,0.06025714427232742,0.41690000891685486,0.29840001463890076,0.0849333330988884,0.1434333324432373,0.1985333263874054,0.24469999969005585,0.28243333101272583,0.30184999108314514,0.2879500091075897,0.2898249924182892,0.28786665201187134,289,0.1213482672633376,8,28_515_shc_2025-26.9538,183,35.1,302.63166979739543,15.170278,80.005474,339.0,0.08119779825210571,0.18380214273929596,0.41,6.5,0.0009258981358648944,0.1359627874635871,1.447820782661438,365,347,2,0.25283713089792353,303.5840241950855,K.Rajupalem
270,0.04190000146627426,0.30219998955726624,0.2489333301782608,0.05054444447159767,0.0819370374083519,0.09730714559555054,0.16751818358898163,0.23143333196640015,0.2606666684150696,0.26126667857170105,0.2796666622161865,0.27878332138061523,291,0.2795985687278986,16,28_515_shc_2025-26.9611,186,49.2,302.63166979739543,15.173373,80.015738,113.0,0.2186376005411148,0.4572546184062958,0.36,45.2,0.0009258981358648944,0.28645096384433494,1.156672477722168,370,340,2,0.25283713089792353,303.5840241950855,Karedu
270,0.052834998816251755,0.2687833309173584,0.17509999871253967,0.07326000183820724,0.10255714505910873,0.11807499825954437,0.15889999270439148,0.2538166642189026,0.27826666831970215,0.2737666666507721,0.3029249906539917,0.272724986076355,262,0.2716626416708324,9,28_515_shc_2025-26.9602,186,35.1,302.63166979739543,15.177909,80.024613,163.0,0.26548537611961365,0.3973331153392792,0.26,20.0,0.0009258981358648944,0.26185982532036794,0.9817971587181091,373,365,2,0.25283713089792353,303.5840241950855,Karedu
226,0.03465000167489052,0.1941000074148178,0.11196000128984451,0.03644285723567009,0.06182499974966049,0.05203333497047424,0.11076666414737701,0.2292499989271164,0.27160000801086426,0.2763400077819824,0.2965500056743622,0.2936500012874603,295,0.4263676677028197,16,28_515_shc_2025-26.2990,186,28.1,302.63166979739543,15.178,79.982,163.0,0.42772018909454346,0.6830843091011047,0.33,15.9,0.0009258981358648944,0.4061695274974666,0.7023956179618835,332,373,3,0.25283713089792353,303.5840241950855,Atmakur
134,0.04862307757139206,0.3076249957084656,0.23196250200271606,0.07221666723489761,0.10321111232042313,0.1145624965429306,0.17706666886806488,0.24822500348091125,0.2735849916934967,0.272350013256073,0.3008333444595337,0.28424444794654846,268,0.27816712153641093,12,28_515_shc_2025-26.9608,177,49.2,302.63166979739543,15.178,80.022,138.0,0.21201559901237488,0.40781188011169434,0.41,11.2,0.0009258981358648944,0.2668597775482403,1.1295207738876343,374,358,1,0.25283713089792353,303.5840241950855,Karedu
270,0.05324999988079071,0.18289999663829803,0.10750000178813934,0.059166666120290756,0.08848333358764648,0.07474999874830246,0.1234000027179718,0.20819999277591705,0.2296999990940094,0.24709999561309814,0.24279999732971191,0.24770000576972961,276,0.3441905937983175,7,28_515_shc_2025-26.9540,183,35.1,302.63166979739543,15.17876,80.030607,213.0,0.33387312293052673,0.5354979038238525,0.3,15.9,0.0009258981358648944,0.314564698023846,0.7401861548423767,367,357,1,0.25283713089792353,303.5840241950855,Karedu
180,0.07891999930143356,0.31885001063346863,0.2551000118255615,0.10248000174760818,0.13072749972343445,0.15434999763965607,0.18082000315189362,0.2433999925851822,0.2694700062274933,0.2933666706085205,0.2978000044822693,0.2913750112056732,290,0.23954074898451025,12,28_515_shc_2025-26.2727,180,28.1,302.63166979739543,15.17898,79.97861,289.0,0.23734675347805023,0.31050145626068115,0.11,7.6,0.0009258981358648944,0.22002885085766022,1.0868651866912842,336,375,1,0.25283713089792353,303.5840241950855,Atmakur
0,0.04933333396911621,0.24210000038146973,0.15129999816417694,0.06674999743700027,0.09862499684095383,0.1023000031709671,0.15109999477863312,0.2588333189487457,0.30709999799728394,0.305400013923645,0.3287999927997589,0.3174999952316284,271,0.3579296182491657,8,28_515_shc_2025-26.9541,180,35.1,302.63166979739543,15.17961,80.033663,188.0,0.3380066156387329,0.4981604218482971,0.43,4.1,0.0009258981358648944,0.33562852307103386,0.7927308082580566,368,360,1,0.25283713089792353,303.5840241950855,Karedu
134,0.08290000259876251,0.3014500141143799,0.2543250024318695,0.10335714370012283,0.12705999612808228,0.1525869071483612,0.17020000517368317,0.2084333300590515,0.2278124988079071,0.2458374947309494,0.252311110496521,0.2597857117652893,290,0.16817903045336818,16,28_515_shc_2025-26.10555,174,35.1,302.63166979739543,15.179923,79.977763,339.0,0.18180449306964874,0.23404838144779205,0.46,11.7,0.0009258981358648944,0.1556902073021303,1.2262165546417236,337,373,3,0.25283713089792353,303.5840241950855,Atmakur
226,0.06634999811649323,0.3405500054359436,0.26479583978652954,0.08768333494663239,0.11872000247240067,0.15059000253677368,0.17738333344459534,0.21693333983421326,0.2440333366394043,0.26792222261428833,0.28193333745002747,0.2902500033378601,290,0.1937662419758056,16,28_515_shc_2025-26.6127,183,49.2,302.63166979739543,15.180091,79.977611,276.0,0.20331856608390808,0.2803555428981781,0.32,112.8,0.0009258981358648944,0.19161239806832908,1.2710778713226318,337,373,1,0.25283713089792353,303.5840241950855,Atmakur
226,0.06634999811649323,0.3405500054359436,0.26479583978652954,0.08768333494663239,0.11872000247240067,0.15059000253677368,0.17738333344459534,0.21693333983421326,0.2440333366394043,0.26792222261428833,0.28193333745002747,0.2902500033378601,290,0.1937662419758056,16,28_515_shc_2025-26.10548,183,42.1,302.63166979739543,15.180091,79.977611,151.0,0.20331856608390808,0.2803555428981781,0.4,24.7,0.0009258981358648944,0.19161239806832908,1.2710778713226318,337,373,1,0.25283713089792353,303.5840241950855,Atmakur
15,0.05203333497047424,0.2293500006198883,0.13734999299049377,0.06492500007152557,0.097850002348423,0.09378749877214432,0.15297499299049377,0.24695000052452087,0.28345000743865967,0.28062498569488525,0.3091000020503998,0.3040499985218048,283,0.3443596435115639,7,28_515_shc_2025-26.9664,177,49.2,302.63166979739543,15.180574,80.037484,151.0,0.2943957448005676,0.49901512265205383,0.34,34.07,0.0009258981358648944,0.32050803866888145,0.8172829151153564,372,344,4,0.25283713089792353,303.5840241950855,Karedu
270,0.053075000643730164,0.3136500120162964,0.20819999277591705,0.07597500085830688,0.11259999871253967,0.12702499330043793,0.19552500545978546,0.29163333773612976,0.3323499858379364,0.3392750024795532,0.37755832076072693,0.3284125030040741,286,0.3464486208132076,7,28_515_shc_2025-26.9661,183,28.1,302.63166979739543,15.181879,80.035074,339.0,0.268792062997818,0.4551790952682495,0.98,7.0,0.0009258981358648944,0.3294784385377987,0.9244713187217712,362,352,1,0.25283713089792353,303.5840241950855,Karedu
270,0.047874998301267624,0.2639000117778778,0.15360000729560852,0.061633333563804626,0.10010000318288803,0.0908999964594841,0.164450004696846,0.2902333438396454,0.34470000863075256,0.3472000062465668,0.38589999079704285,0.3573000133037567,271,0.4479673030796576,6,28_515_shc_2025-26.9478,183,35.1,302.63166979739543,15.182,80.032,88.0,0.3571777641773224,0.5850262641906738,0.52,10.0,0.0009258981358648944,0.40981773112848985,0.7600806951522827,368,360,1,0.25283713089792353,303.5840241950855,Karedu
27,0.026266666129231453,0.1307000070810318,0.06599999964237213,0.030625000596046448,0.05173333361744881,0.03222857043147087,0.08282499760389328,0.24744999408721924,0.3115571439266205,0.31925714015960693,0.3409000039100647,0.3292500078678131,304,0.5593175303652984,11,28_515_shc_2025-26.2969,177,49.2,302.63166979739543,15.183637,79.968203,289.0,0.5880194902420044,0.8166151642799377,0.55,47.0,0.0009258981358648944,0.5056372047551252,0.40938788652420044,350,346,2,0.25283713089792353,303.5840241950855,Atmakur
134,0.04430000111460686,0.24334999918937683,0.1655000001192093,0.07760000228881836,0.10750000178813934,0.11945000290870667,0.15084999799728394,0.23247499763965607,0.2686749994754791,0.2788499891757965,0.2921999990940094,0.28850001096725464,289,0.2819143069849429,7,28_515_shc_2025-26.9648,174,56.2,302.63166979739543,15.186415,80.032723,401.0,0.29788222908973694,0.40020081400871277,0.43,11.2,0.0009258981358648944,0.26616941056161403,0.8726914525032043,363,348,3,0.25283713089792353,303.5840241950855,Karedu
226,0.033666666597127914,0.20995000004768372,0.12139999866485596,0.04145714268088341,0.06004000082612038,0.06093333289027214,0.11460000276565552,0.2222999930381775,0.26194998621940613,0.26440000534057617,0.2984333336353302,0.2917749881744385,290,0.3856248180074306,7,28_515_shc_2025-26.9656,186,63.2,302.63166979739543,15.189469,80.035239,238.0,0.3952506482601166,0.6254098415374756,0.89,31.13,0.0009258981358648944,0.3697899921620404,0.7940620183944702,356,354,3,0.25283713089792353,303.5840241950855,Karedu
333,0.06185000017285347,0.25893333554267883,0.16304999589920044,0.06319999694824219,0.0989999994635582,0.10100000351667404,0.16740000247955322,0.26989999413490295,0.30524998903274536,0.3073500096797943,0.34314998984336853,0.33649998903274536,282,0.3584083066472614,5,28_515_shc_2025-26.11348,183,21.1,302.63166979739543,15.189469,80.048835,163.0,0.2947867512702942,0.5053263306617737,0.89,24.7,0.0009258981358648944,0.34075522072759945,0.8424705862998962,375,343,2,0.25283713089792353,303.5840241950855,Karedu
341,0.048366665840148926,0.2451999932527542,0.1477999985218048,0.04963333159685135,0.07429999858140945,0.07720000296831131,0.13089999556541443,0.24650000035762787,0.2957499921321869,0.26899999380111694,0.32089999318122864,0.3447999954223633,279,0.352586468911495,6,28_515_shc_2025-26.9654,183,42.1,302.63166979739543,15.192879,80.036543,88.0,0.34533634781837463,0.5540149807929993,0.27,11.2,0.0009258981358648944,0.33999053101816623,0.9115241765975952,366,355,3,0.25283713089792353,303.5840241950855,Karedu
0,0.05420000106096268,0.3226499855518341,0.22817499935626984,0.07479999959468842,0.10899999737739563,0.13013333082199097,0.1890999972820282,0.26054999232292175,0.2968499958515167,0.29010000824928284,0.3266666531562805,0.32295000553131104,274,0.26486303369039654,8,28_515_shc_2025-26.9635,180,42.1,302.63166979739543,15.195822,80.031415,213.0,0.2107679694890976,0.3806615471839905,0.34,45.2,0.0009258981358648944,0.26074910129109463,1.1122026443481445,367,358,0,0.25283713089792353,303.5840241950855,Karedu
126,0.061124999076128006,0.32589998841285706,0.2563000023365021,0.09189999848604202,0.1340000033378601,0.1762000024318695,0.19249999523162842,0.2630999982357025,0.2964499890804291,0.301800012588501,0.32100000977516174,0.30213332176208496,275,0.18805211447528236,9,28_515_shc_2025-26.9637,168,35.1,302.63166979739543,15.196752,80.017182,113.0,0.22112080454826355,0.26276153326034546,0.97,5.9,0.0009258981358648944,0.19263804942888785,1.079854130744934,346,378,5,0.25283713089792353,303.5840241950855,Karedu
0,0.05771666765213013,0.3352999985218048,0.25824999809265137,0.08089999854564667,0.11236666887998581,0.1412999927997589,0.19425000250339508,0.24342499673366547,0.2623666524887085,0.2609499990940094,0.28593334555625916,0.2819400131702423,275,0.19915114670266437,7,28_515_shc_2025-26.9629,180,21.1,302.63166979739543,15.199102,80.02483,50.0,0.14652898907661438,0.29745185375213623,0.39,18.2,0.0009258981358648944,0.19891938049749217,1.2849204540252686,361,365,0,0.25283713089792353,303.5840241950855,Karedu
270,0.07352857291698456,0.26656249165534973,0.21279999613761902,0.05941666662693024,0.08107499778270721,0.0854249969124794,0.16040000319480896,0.21901249885559082,0.24297499656677246,0.24513334035873413,0.2676750123500824,0.27022498846054077,281,0.30430877338361145,25,28_515_shc_2025-26.10318,186,428.3,303.0899902812222,15.298906,79.883129,113.0,0.2089429646730423,0.4831472337245941,0.2,21.5,0.0008803874064862823,0.2884355070788417,1.0874183177947998,396,323,2,0.2319022061532004,303.8459356876842,Adurupalle
