<?xml version="1.0" encoding="UTF-8"?>
<kml xmlns="http://www.opengis.net/kml/2.2" xmlns:gx="http://www.google.com/kml/ext/2.2">
    <Document id="1">
        <Placemark id="3">
            <name>Sample_1 (Adurupalle)</name>
            <description>District: SPSR NELLORE
Village: Adurupalle
N: 38.0, P: 90.2, K: 310.4, OC: 0.26</description>
            <Point id="2">
                <coordinates>79.555352,14.171091,0.0</coordinates>
            </Point>
        </Placemark>
        <Placemark id="5">
            <name>Sample_2 (Adurupalle)</name>
            <description>District: SPSR NELLORE
Village: Adurupalle
N: 113.0, P: 21.5, K: 428.3, OC: 0.2</description>
            <Point id="4">
                <coordinates>79.883129,15.298906,0.0</coordinates>
            </Point>
        </Placemark>
        <Placemark id="7">
            <name>Sample_3 (Akbarabad)</name>
            <description>District: SPSR NELLORE
Village: Akbarabad
N: 113.0, P: 0.8, K: 347.6, OC: 0.14</description>
            <Point id="6">
                <coordinates>79.720251,14.771594,0.0</coordinates>
            </Point>
        </Placemark>
        <Placemark id="9">
            <name>Sample_4 (Akbarabad)</name>
            <description>District: SPSR NELLORE
Village: Akbarabad
N: 113.0, P: 0.8, K: 329.0, OC: 0.39</description>
            <Point id="8">
                <coordinates>79.70221,14.764503,0.0</coordinates>
            </Point>
        </Placemark>
        <Placemark id="11">
            <name>Sample_5 (Anemadugu)</name>
            <description>District: SPSR NELLORE
Village: Anemadugu
N: 201.0, P: 0.8, K: 521.0, OC: 0.48</description>
            <Point id="10">
                <coordinates>80.002703,14.9751,0.0</coordinates>
            </Point>
        </Placemark>
        <Placemark id="13">
            <name>Sample_6 (Anemadugu)</name>
            <description>District: SPSR NELLORE
Village: Anemadugu
N: 188.0, P: 47.62, K: 621.0, OC: 0.13</description>
            <Point id="12">
                <coordinates>80.033357,14.949367,0.0</coordinates>
            </Point>
        </Placemark>
        <Placemark id="15">
            <name>Sample_7 (Anemadugu)</name>
            <description>District: SPSR NELLORE
Village: Anemadugu
N: 151.0, P: 16.1, K: 323.0, OC: 0.25</description>
            <Point id="14">
                <coordinates>80.026144,14.947189,0.0</coordinates>
            </Point>
        </Placemark>
        <Placemark id="17">
            <name>Sample_8 (Anemadugu)</name>
            <description>District: SPSR NELLORE
Village: Anemadugu
N: 314.0, P: 0.8, K: 397.0, OC: 0.15</description>
            <Point id="16">
                <coordinates>80.034934,14.961667,0.0</coordinates>
            </Point>
        </Placemark>
        <Placemark id="19">
            <name>Sample_9 (Anemadugu)</name>
            <description>District: SPSR NELLORE
Village: Anemadugu
N: 376.0, P: 18.4, K: 416.0, OC: 0.14</description>
            <Point id="18">
                <coordinates>80.026031,14.958184,0.0</coordinates>
            </Point>
        </Placemark>
        <Placemark id="21">
            <name>Sample_10 (Anumasamudram)</name>
            <description>District: SPSR NELLORE
Village: Anumasamudram
N: 351.0, P: 8.4, K: 130.4, OC: 0.34</description>
            <Point id="20">
                <coordinates>79.666517,14.678559,0.0</coordinates>
            </Point>
        </Placemark>
        <Placemark id="23">
            <name>Sample_11 (Anumasamudram)</name>
            <description>District: SPSR NELLORE
Village: Anumasamudram
N: 326.0, P: 10.8, K: 142.8, OC: 0.23</description>
            <Point id="22">
                <coordinates>79.677545,14.665916,0.0</coordinates>
            </Point>
        </Placemark>
        <Placemark id="25">
            <name>Sample_12 (Atmakur)</name>
            <description>District: SPSR NELLORE
Village: Atmakur
N: 125.0, P: 4.1, K: 49.2, OC: 0.3</description>
            <Point id="24">
                <coordinates>79.968203,15.183637,0.0</coordinates>
            </Point>
        </Placemark>
        <Placemark id="27">
            <name>Sample_13 (Atmakur)</name>
            <description>District: SPSR NELLORE
Village: Atmakur
N: 125.0, P: 4.1, K: 49.2, OC: 0.3</description>
            <Point id="26">
                <coordinates>79.968268,15.183172,0.0</coordinates>
            </Point>
        </Placemark>
        <Placemark id="29">
            <name>Sample_14 (Atmakur)</name>
            <description>District: SPSR NELLORE
Village: Atmakur
N: 238.0, P: 72.8, K: 35.1, OC: 0.44</description>
            <Point id="28">
                <coordinates>79.977611,15.180091,0.0</coordinates>
            </Point>
        </Placemark>
        <Placemark id="31">
            <name>Sample_15 (Atmakur)</name>
            <description>District: SPSR NELLORE
Village: Atmakur
N: 238.0, P: 72.8, K: 35.1, OC: 0.44</description>
            <Point id="30">
                <coordinates>79.977198,15.179881,0.0</coordinates>
            </Point>
        </Placemark>
        <Placemark id="33">
            <name>Sample_16 (Atmakur)</name>
            <description>District: SPSR NELLORE
Village: Atmakur
N: 238.0, P: 72.8, K: 35.1, OC: 0.44</description>
            <Point id="32">
                <coordinates>79.977763,15.179923,0.0</coordinates>
            </Point>
        </Placemark>
        <Placemark id="35">
            <name>Sample_17 (Atmakur)</name>
            <description>District: SPSR NELLORE
Village: Atmakur
N: 238.0, P: 72.8, K: 35.1, OC: 0.44</description>
            <Point id="34">
                <coordinates>79.977394,15.179525,0.0</coordinates>
            </Point>
        </Placemark>
        <Placemark id="37">
            <name>Sample_18 (Atmakur)</name>
            <description>District: SPSR NELLORE
Village: Atmakur
N: 238.0, P: 72.8, K: 35.1, OC: 0.44</description>
            <Point id="36">
                <coordinates>79.977307,15.179084,0.0</coordinates>
            </Point>
        </Placemark>
        <Placemark id="39">
            <name>Sample_19 (Atmakur)</name>
            <description>District: SPSR NELLORE
Village: Atmakur
N: 276.0, P: 112.8, K: 49.2, OC: 0.32</description>
            <Point id="38">
                <coordinates>79.97722,15.178665,0.0</coordinates>
            </Point>
        </Placemark>
        <Placemark id="41">
            <name>Sample_20 (Atmakur)</name>
            <description>District: SPSR NELLORE
Village: Atmakur
N: 238.0, P: 72.8, K: 35.1, OC: 0.44</description>
            <Point id="40">
                <coordinates>79.97861,15.17898,0.0</coordinates>
            </Point>
        </Placemark>
        <Placemark id="43">
            <name>Sample_21 (Atmakur)</name>
            <description>District: SPSR NELLORE
Village: Atmakur
N: 289.0, P: 7.6, K: 28.1, OC: 0.11</description>
            <Point id="42">
                <coordinates>79.979501,15.180049,0.0</coordinates>
            </Point>
        </Placemark>
        <Placemark id="45">
            <name>Sample_22 (Atmakur)</name>
            <description>District: SPSR NELLORE
Village: Atmakur
N: 289.0, P: 7.6, K: 28.1, OC: 0.11</description>
            <Point id="44">
                <coordinates>79.979697,15.179965,0.0</coordinates>
            </Point>
        </Placemark>
        <Placemark id="47">
            <name>Sample_23 (Atmakur)</name>
            <description>District: SPSR NELLORE
Village: Atmakur
N: 289.0, P: 7.6, K: 28.1, OC: 0.11</description>
            <Point id="46">
                <coordinates>79.98011,15.18007,0.0</coordinates>
            </Point>
        </Placemark>
        <Placemark id="49">
            <name>Sample_24 (Atmakur)</name>
            <description>District: SPSR NELLORE
Village: Atmakur
N: 289.0, P: 7.6, K: 28.1, OC: 0.11</description>
            <Point id="48">
                <coordinates>79.980023,15.179504,0.0</coordinates>
            </Point>
        </Placemark>
        <Placemark id="51">
            <name>Sample_25 (Atmakur)</name>
            <description>District: SPSR NELLORE
Village: Atmakur
N: 188.0, P: 48.8, K: 35.1, OC: 0.18</description>
            <Point id="50">
                <coordinates>79.983391,15.179105,0.0</coordinates>
            </Point>
        </Placemark>
        <Placemark id="53">
            <name>Sample_26 (Atmakur)</name>
            <description>District: SPSR NELLORE
Village: Atmakur
N: 188.0, P: 66.4, K: 63.2, OC: 0.27</description>
            <Point id="52">
                <coordinates>79.981479,15.178015,0.0</coordinates>
            </Point>
        </Placemark>
        <Placemark id="55">
            <name>Sample_27 (Atmakur)</name>
            <description>District: SPSR NELLORE
Village: Atmakur
N: 163.0, P: 8.8, K: 35.1, OC: 0.48</description>
            <Point id="54">
                <coordinates>79.966458,15.165909,0.0</coordinates>
            </Point>
        </Placemark>
        <Placemark id="57">
            <name>Sample_28 (Atmakur)</name>
            <description>District: SPSR NELLORE
Village: Atmakur
N: 163.0, P: 8.8, K: 35.1, OC: 0.48</description>
            <Point id="56">
                <coordinates>79.966784,15.165288,0.0</coordinates>
            </Point>
        </Placemark>
        <Placemark id="59">
            <name>Sample_29 (Atmakur)</name>
            <description>District: SPSR NELLORE
Village: Atmakur
N: 163.0, P: 8.8, K: 35.1, OC: 0.48</description>
            <Point id="58">
                <coordinates>79.96711,15.164869,0.0</coordinates>
            </Point>
        </Placemark>
        <Placemark id="61">
            <name>Sample_30 (Atmakur)</name>
            <description>District: SPSR NELLORE
Village: Atmakur
N: 163.0, P: 8.8, K: 35.1, OC: 0.48</description>
            <Point id="60">
                <coordinates>79.967001,15.164408,0.0</coordinates>
            </Point>
        </Placemark>
        <Placemark id="63">
            <name>Sample_31 (Atmakur)</name>
            <description>District: SPSR NELLORE
Village: Atmakur
N: 163.0, P: 8.8, K: 35.1, OC: 0.48</description>
            <Point id="62">
                <coordinates>79.966067,15.164869,0.0</coordinates>
            </Point>
        </Placemark>
        <Placemark id="65">
            <name>Sample_32 (Atmakur)</name>
            <description>District: SPSR NELLORE
Village: Atmakur
N: 163.0, P: 8.8, K: 35.1, OC: 0.48</description>
            <Point id="64">
                <coordinates>79.966067,15.165225,0.0</coordinates>
            </Point>
        </Placemark>
        <Placemark id="67">
            <name>Sample_33 (Atmakur)</name>
            <description>District: SPSR NELLORE
Village: Atmakur
N: 201.0, P: 12.3, K: 49.2, OC: 0.29</description>
            <Point id="66">
                <coordinates>79.94613,15.126162,0.0</coordinates>
            </Point>
        </Placemark>
        <Placemark id="69">
            <name>Sample_34 (Atmakur)</name>
            <description>District: SPSR NELLORE
Village: Atmakur
N: 201.0, P: 12.3, K: 49.2, OC: 0.29</description>
            <Point id="68">
                <coordinates>79.945303,15.125683,0.0</coordinates>
            </Point>
        </Placemark>
        <Placemark id="71">
            <name>Sample_35 (Atmakur)</name>
            <description>District: SPSR NELLORE
Village: Atmakur
N: 201.0, P: 12.3, K: 49.2, OC: 0.29</description>
            <Point id="70">
                <coordinates>79.944999,15.126508,0.0</coordinates>
            </Point>
        </Placemark>
        <Placemark id="73">
            <name>Sample_36 (Bheemavaram)</name>
            <description>District: SPSR NELLORE
Village: Bheemavaram
N: 238.0, P: 13.1, K: 99.3, OC: 0.1</description>
            <Point id="72">
                <coordinates>79.587028,14.841834,0.0</coordinates>
            </Point>
        </Placemark>
        <Placemark id="75">
            <name>Sample_37 (Bheemavaram)</name>
            <description>District: SPSR NELLORE
Village: Bheemavaram
N: 113.0, P: 14.6, K: 229.7, OC: 0.14</description>
            <Point id="74">
                <coordinates>79.723288,14.784418,0.0</coordinates>
            </Point>
        </Placemark>
        <Placemark id="77">
            <name>Sample_38 (Bheemavaram)</name>
            <description>District: SPSR NELLORE
Village: Bheemavaram
N: 100.0, P: 14.7, K: 42.1, OC: 0.62</description>
            <Point id="76">
                <coordinates>79.984281,15.142971,0.0</coordinates>
            </Point>
        </Placemark>
        <Placemark id="79">
            <name>Sample_39 (Bheemavaram)</name>
            <description>District: SPSR NELLORE
Village: Bheemavaram
N: 100.0, P: 14.7, K: 42.1, OC: 0.62</description>
            <Point id="78">
                <coordinates>79.984075,15.142955,0.0</coordinates>
            </Point>
        </Placemark>
        <Placemark id="81">
            <name>Sample_40 (Bheemavaram)</name>
            <description>District: SPSR NELLORE
Village: Bheemavaram
N: 100.0, P: 14.7, K: 42.1, OC: 0.62</description>
            <Point id="80">
                <coordinates>79.983554,15.143154,0.0</coordinates>
            </Point>
        </Placemark>
        <Placemark id="83">
            <name>Sample_41 (Bheemavaram)</name>
            <description>District: SPSR NELLORE
Village: Bheemavaram
N: 100.0, P: 14.7, K: 42.1, OC: 0.62</description>
            <Point id="82">
                <coordinates>79.983814,15.142536,0.0</coordinates>
            </Point>
        </Placemark>
        <Placemark id="85">
            <name>Sample_42 (Bheemavaram)</name>
            <description>District: SPSR NELLORE
Village: Bheemavaram
N: 100.0, P: 14.7, K: 42.1, OC: 0.62</description>
            <Point id="84">
                <coordinates>79.98351,15.142672,0.0</coordinates>
            </Point>
        </Placemark>
        <Placemark id="87">
            <name>Sample_43 (Bheemavaram)</name>
            <description>District: SPSR NELLORE
Village: Bheemavaram
N: 100.0, P: 14.7, K: 42.1, OC: 0.62</description>
            <Point id="86">
                <coordinates>79.983532,15.142148,0.0</coordinates>
            </Point>
        </Placemark>
        <Placemark id="89">
            <name>Sample_44 (Bheemavaram)</name>
            <description>District: SPSR NELLORE
Village: Bheemavaram
N: 113.0, P: 68.7, K: 49.2, OC: 0.2</description>
            <Point id="88">
                <coordinates>79.986865,15.136464,0.0</coordinates>
            </Point>
        </Placemark>
        <Placemark id="91">
            <name>Sample_45 (Bheemavaram)</name>
            <description>District: SPSR NELLORE
Village: Bheemavaram
N: 226.0, P: 12.3, K: 49.2, OC: 0.38</description>
            <Point id="90">
                <coordinates>79.981815,15.138871,0.0</coordinates>
            </Point>
        </Placemark>
        <Placemark id="93">
            <name>Sample_46 (Bheemavaram)</name>
            <description>District: SPSR NELLORE
Village: Bheemavaram
N: 226.0, P: 12.3, K: 49.2, OC: 0.38</description>
            <Point id="92">
                <coordinates>79.981935,15.138692,0.0</coordinates>
            </Point>
        </Placemark>
        <Placemark id="95">
            <name>Sample_47 (Bheemavaram)</name>
            <description>District: SPSR NELLORE
Village: Bheemavaram
N: 226.0, P: 12.3, K: 49.2, OC: 0.38</description>
            <Point id="94">
                <coordinates>79.982098,15.13844,0.0</coordinates>
            </Point>
        </Placemark>
        <Placemark id="97">
            <name>Sample_48 (Bheemavaram)</name>
            <description>District: SPSR NELLORE
Village: Bheemavaram
N: 226.0, P: 12.3, K: 49.2, OC: 0.38</description>
            <Point id="96">
                <coordinates>79.981962,15.138335,0.0</coordinates>
            </Point>
        </Placemark>
        <Placemark id="99">
            <name>Sample_49 (Bheemavaram)</name>
            <description>District: SPSR NELLORE
Village: Bheemavaram
N: 226.0, P: 12.3, K: 49.2, OC: 0.38</description>
            <Point id="98">
                <coordinates>79.981745,15.138262,0.0</coordinates>
            </Point>
        </Placemark>
        <Placemark id="101">
            <name>Sample_50 (Bheemavaram)</name>
            <description>District: SPSR NELLORE
Village: Bheemavaram
N: 226.0, P: 12.3, K: 49.2, OC: 0.38</description>
            <Point id="100">
                <coordinates>79.981631,15.138592,0.0</coordinates>
            </Point>
        </Placemark>
        <Placemark id="103">
            <name>Sample_51 (Bheemavaram)</name>
            <description>District: SPSR NELLORE
Village: Bheemavaram
N: 226.0, P: 12.3, K: 49.2, OC: 0.38</description>
            <Point id="102">
                <coordinates>79.981652,15.138466,0.0</coordinates>
            </Point>
        </Placemark>
        <Placemark id="105">
            <name>Sample_52 (Bheemavaram)</name>
            <description>District: SPSR NELLORE
Village: Bheemavaram
N: 50.0, P: 5.9, K: 28.1, OC: 0.17</description>
            <Point id="104">
                <coordinates>79.970685,15.131673,0.0</coordinates>
            </Point>
        </Placemark>
        <Placemark id="107">
            <name>Sample_53 (Bheemavaram)</name>
            <description>District: SPSR NELLORE
Village: Bheemavaram
N: 138.0, P: 59.3, K: 49.2, OC: 0.18</description>
            <Point id="106">
                <coordinates>79.968947,15.132273,0.0</coordinates>
            </Point>
        </Placemark>
        <Placemark id="109">
            <name>Sample_54 (Bheemavaram)</name>
            <description>District: SPSR NELLORE
Village: Bheemavaram
N: 163.0, P: 11.2, K: 42.1, OC: 0.42</description>
            <Point id="108">
                <coordinates>79.965561,15.133465,0.0</coordinates>
            </Point>
        </Placemark>
        <Placemark id="111">
            <name>Sample_55 (Bheemavaram)</name>
            <description>District: SPSR NELLORE
Village: Bheemavaram
N: 163.0, P: 11.2, K: 42.1, OC: 0.42</description>
            <Point id="110">
                <coordinates>79.965691,15.133336,0.0</coordinates>
            </Point>
        </Placemark>
        <Placemark id="113">
            <name>Sample_56 (Bheemavaram)</name>
            <description>District: SPSR NELLORE
Village: Bheemavaram
N: 351.0, P: 37.59, K: 35.1, OC: 0.11</description>
            <Point id="112">
                <coordinates>79.963692,15.133865,0.0</coordinates>
            </Point>
        </Placemark>
        <Placemark id="115">
            <name>Sample_57 (Bheemavaram)</name>
            <description>District: SPSR NELLORE
Village: Bheemavaram
N: 351.0, P: 37.59, K: 35.1, OC: 0.11</description>
            <Point id="114">
                <coordinates>79.963469,15.133817,0.0</coordinates>
            </Point>
        </Placemark>
        <Placemark id="117">
            <name>Sample_58 (Bheemavaram)</name>
            <description>District: SPSR NELLORE
Village: Bheemavaram
N: 351.0, P: 37.59, K: 35.1, OC: 0.11</description>
            <Point id="116">
                <coordinates>79.963295,15.134074,0.0</coordinates>
            </Point>
        </Placemark>
        <Placemark id="119">
            <name>Sample_59 (Bheemavaram)</name>
            <description>District: SPSR NELLORE
Village: Bheemavaram
N: 351.0, P: 37.59, K: 35.1, OC: 0.11</description>
            <Point id="118">
                <coordinates>79.963482,15.133833,0.0</coordinates>
            </Point>
        </Placemark>
        <Placemark id="121">
            <name>Sample_60 (Bheemavaram)</name>
            <description>District: SPSR NELLORE
Village: Bheemavaram
N: 88.0, P: 76.9, K: 35.1, OC: 0.26</description>
            <Point id="120">
                <coordinates>79.960072,15.13494,0.0</coordinates>
            </Point>
        </Placemark>
        <Placemark id="123">
            <name>Sample_61 (Bheemavaram)</name>
            <description>District: SPSR NELLORE
Village: Bheemavaram
N: 88.0, P: 76.9, K: 35.1, OC: 0.26</description>
            <Point id="122">
                <coordinates>79.959189,15.135242,0.0</coordinates>
            </Point>
        </Placemark>
        <Placemark id="125">
            <name>Sample_62 (Bheemavaram)</name>
            <description>District: SPSR NELLORE
Village: Bheemavaram
N: 276.0, P: 40.53, K: 56.2, OC: 0.27</description>
            <Point id="124">
                <coordinates>79.959312,15.136468,0.0</coordinates>
            </Point>
        </Placemark>
        <Placemark id="127">
            <name>Sample_63 (Bheemavaram)</name>
            <description>District: SPSR NELLORE
Village: Bheemavaram
N: 201.0, P: 10.0, K: 42.1, OC: 0.8</description>
            <Point id="126">
                <coordinates>79.956606,15.135141,0.0</coordinates>
            </Point>
        </Placemark>
        <Placemark id="129">
            <name>Sample_64 (Bheemavaram)</name>
            <description>District: SPSR NELLORE
Village: Bheemavaram
N: 314.0, P: 1.8, K: 35.1, OC: 0.68</description>
            <Point id="128">
                <coordinates>79.956172,15.136814,0.0</coordinates>
            </Point>
        </Placemark>
        <Placemark id="131">
            <name>Sample_65 (Bheemavaram)</name>
            <description>District: SPSR NELLORE
Village: Bheemavaram
N: 351.0, P: 22.3, K: 56.2, OC: 0.32</description>
            <Point id="130">
                <coordinates>79.956563,15.138285,0.0</coordinates>
            </Point>
        </Placemark>
        <Placemark id="133">
            <name>Sample_66 (Bheemavaram)</name>
            <description>District: SPSR NELLORE
Village: Bheemavaram
N: 50.0, P: 13.5, K: 42.1, OC: 0.17</description>
            <Point id="132">
                <coordinates>79.955867,15.139812,0.0</coordinates>
            </Point>
        </Placemark>
        <Placemark id="135">
            <name>Sample_67 (Bheemavaram)</name>
            <description>District: SPSR NELLORE
Village: Bheemavaram
N: 289.0, P: 36.42, K: 49.2, OC: 0.19</description>
            <Point id="134">
                <coordinates>79.953684,15.139333,0.0</coordinates>
            </Point>
        </Placemark>
        <Placemark id="137">
            <name>Sample_68 (Bheemavaram)</name>
            <description>District: SPSR NELLORE
Village: Bheemavaram
N: 125.0, P: 31.72, K: 49.2, OC: 0.11</description>
            <Point id="136">
                <coordinates>79.953608,15.13861,0.0</coordinates>
            </Point>
        </Placemark>
        <Placemark id="139">
            <name>Sample_69 (Bheemavaram)</name>
            <description>District: SPSR NELLORE
Village: Bheemavaram
N: 188.0, P: 11.2, K: 49.2, OC: 0.28</description>
            <Point id="138">
                <coordinates>79.953227,15.137708,0.0</coordinates>
            </Point>
        </Placemark>
        <Placemark id="141">
            <name>Sample_70 (Bheemavaram)</name>
            <description>District: SPSR NELLORE
Village: Bheemavaram
N: 314.0, P: 1.8, K: 35.1, OC: 0.68</description>
            <Point id="140">
                <coordinates>79.955061,15.137242,0.0</coordinates>
            </Point>
        </Placemark>
        <Placemark id="143">
            <name>Sample_71 (Bheemavaram)</name>
            <description>District: SPSR NELLORE
Village: Bheemavaram
N: 314.0, P: 1.8, K: 35.1, OC: 0.68</description>
            <Point id="142">
                <coordinates>79.956164,15.136816,0.0</coordinates>
            </Point>
        </Placemark>
        <Placemark id="145">
            <name>Sample_72 (Bheemavaram)</name>
            <description>District: SPSR NELLORE
Village: Bheemavaram
N: 314.0, P: 1.8, K: 35.1, OC: 0.68</description>
            <Point id="144">
                <coordinates>79.954827,15.136284,0.0</coordinates>
            </Point>
        </Placemark>
        <Placemark id="147">
            <name>Sample_73 (Bheemavaram)</name>
            <description>District: SPSR NELLORE
Village: Bheemavaram
N: 263.0, P: 135.0, K: 42.1, OC: 0.23</description>
            <Point id="146">
                <coordinates>79.95269,15.130206,0.0</coordinates>
            </Point>
        </Placemark>
        <Placemark id="149">
            <name>Sample_74 (Bheemavaram)</name>
            <description>District: SPSR NELLORE
Village: Bheemavaram
N: 314.0, P: 5.9, K: 49.2, OC: 0.18</description>
            <Point id="148">
                <coordinates>79.95032,15.129115,0.0</coordinates>
            </Point>
        </Placemark>
        <Placemark id="151">
            <name>Sample_75 (Bheemavaram)</name>
            <description>District: SPSR NELLORE
Village: Bheemavaram
N: 289.0, P: 3.5, K: 28.1, OC: 0.69</description>
            <Point id="150">
                <coordinates>79.944503,15.121267,0.0</coordinates>
            </Point>
        </Placemark>
        <Placemark id="153">
            <name>Sample_76 (Bheemavaram)</name>
            <description>District: SPSR NELLORE
Village: Bheemavaram
N: 113.0, P: 14.6, K: 229.7, OC: 0.14</description>
            <Point id="152">
                <coordinates>79.723388,14.78426,0.0</coordinates>
            </Point>
        </Placemark>
        <Placemark id="155">
            <name>Sample_77 (Bheemavaram)</name>
            <description>District: SPSR NELLORE
Village: Bheemavaram
N: 88.0, P: 76.9, K: 35.1, OC: 0.26</description>
            <Point id="154">
                <coordinates>79.960088,15.13483,0.0</coordinates>
            </Point>
        </Placemark>
        <Placemark id="157">
            <name>Sample_78 (Budamagunta)</name>
            <description>District: SPSR NELLORE
Village: Budamagunta
N: 113.0, P: 14.6, K: 434.0, OC: 0.14</description>
            <Point id="156">
                <coordinates>79.953842,14.851277,0.0</coordinates>
            </Point>
        </Placemark>
        <Placemark id="159">
            <name>Sample_79 (Budamagunta)</name>
            <description>District: SPSR NELLORE
Village: Budamagunta
N: 226.0, P: 3.8, K: 515.0, OC: 0.4</description>
            <Point id="158">
                <coordinates>79.957311,14.884256,0.0</coordinates>
            </Point>
        </Placemark>
        <Placemark id="161">
            <name>Sample_80 (Chakalakonda)</name>
            <description>District: SPSR NELLORE
Village: Chakalakonda
N: 113.0, P: 0.8, K: 180.0, OC: 0.32</description>
            <Point id="160">
                <coordinates>79.511017,14.957625,0.0</coordinates>
            </Point>
        </Placemark>
        <Placemark id="163">
            <name>Sample_81 (Chaki Cherla)</name>
            <description>District: SPSR NELLORE
Village: Chaki Cherla
N: 201.0, P: 15.9, K: 56.2, OC: 0.51</description>
            <Point id="162">
                <coordinates>80.032199,15.116372,0.0</coordinates>
            </Point>
        </Placemark>
        <Placemark id="165">
            <name>Sample_82 (Chaki Cherla)</name>
            <description>District: SPSR NELLORE
Village: Chaki Cherla
N: 163.0, P: 12.3, K: 42.1, OC: 0.16</description>
            <Point id="164">
                <coordinates>80.041849,15.111631,0.0</coordinates>
            </Point>
        </Placemark>
        <Placemark id="167">
            <name>Sample_83 (Chaki Cherla)</name>
            <description>District: SPSR NELLORE
Village: Chaki Cherla
N: 226.0, P: 1.8, K: 49.2, OC: 0.87</description>
            <Point id="166">
                <coordinates>80.041799,15.111004,0.0</coordinates>
            </Point>
        </Placemark>
        <Placemark id="169">
            <name>Sample_84 (Chaki Cherla)</name>
            <description>District: SPSR NELLORE
Village: Chaki Cherla
N: 226.0, P: 1.8, K: 49.2, OC: 0.12</description>
            <Point id="168">
                <coordinates>80.041649,15.110328,0.0</coordinates>
            </Point>
        </Placemark>
        <Placemark id="171">
            <name>Sample_85 (Chaki Cherla)</name>
            <description>District: SPSR NELLORE
Village: Chaki Cherla
N: 226.0, P: 1.8, K: 49.2, OC: 0.87</description>
            <Point id="170">
                <coordinates>80.041787,15.111037,0.0</coordinates>
            </Point>
        </Placemark>
        <Placemark id="173">
            <name>Sample_86 (Chaki Cherla)</name>
            <description>District: SPSR NELLORE
Village: Chaki Cherla
N: 289.0, P: 4.7, K: 35.1, OC: 0.89</description>
            <Point id="172">
                <coordinates>80.028423,15.110896,0.0</coordinates>
            </Point>
        </Placemark>
        <Placemark id="175">
            <name>Sample_87 (Chaki Cherla)</name>
            <description>District: SPSR NELLORE
Village: Chaki Cherla
N: 289.0, P: 4.7, K: 35.1, OC: 0.89</description>
            <Point id="174">
                <coordinates>80.028427,15.111032,0.0</coordinates>
            </Point>
        </Placemark>
        <Placemark id="177">
            <name>Sample_88 (Chaki Cherla)</name>
            <description>District: SPSR NELLORE
Village: Chaki Cherla
N: 289.0, P: 4.7, K: 35.1, OC: 0.89</description>
            <Point id="176">
                <coordinates>80.028243,15.110906,0.0</coordinates>
            </Point>
        </Placemark>
        <Placemark id="179">
            <name>Sample_89 (Chaki Cherla)</name>
            <description>District: SPSR NELLORE
Village: Chaki Cherla
N: 289.0, P: 4.7, K: 35.1, OC: 0.89</description>
            <Point id="178">
                <coordinates>80.02816,15.110935,0.0</coordinates>
            </Point>
        </Placemark>
        <Placemark id="181">
            <name>Sample_90 (Chaki Cherla)</name>
            <description>District: SPSR NELLORE
Village: Chaki Cherla
N: 289.0, P: 4.7, K: 35.1, OC: 0.89</description>
            <Point id="180">
                <coordinates>80.028409,15.110638,0.0</coordinates>
            </Point>
        </Placemark>
        <Placemark id="183">
            <name>Sample_91 (Chaki Cherla)</name>
            <description>District: SPSR NELLORE
Village: Chaki Cherla
N: 75.0, P: 18.2, K: 21.1, OC: 0.52</description>
            <Point id="182">
                <coordinates>80.03966,15.089427,0.0</coordinates>
            </Point>
        </Placemark>
        <Placemark id="185">
            <name>Sample_92 (Chaki Cherla)</name>
            <description>District: SPSR NELLORE
Village: Chaki Cherla
N: 314.0, P: 18.2, K: 28.1, OC: 0.5</description>
            <Point id="184">
                <coordinates>80.026777,15.094667,0.0</coordinates>
            </Point>
        </Placemark>
        <Placemark id="187">
            <name>Sample_93 (Chaki Cherla)</name>
            <description>District: SPSR NELLORE
Village: Chaki Cherla
N: 151.0, P: 11.2, K: 28.1, OC: 0.68</description>
            <Point id="186">
                <coordinates>80.027212,15.093541,0.0</coordinates>
            </Point>
        </Placemark>
        <Placemark id="189">
            <name>Sample_94 (Chaki Cherla)</name>
            <description>District: SPSR NELLORE
Village: Chaki Cherla
N: 88.0, P: 15.9, K: 42.1, OC: 0.36</description>
            <Point id="188">
                <coordinates>80.029341,15.092408,0.0</coordinates>
            </Point>
        </Placemark>
        <Placemark id="191">
            <name>Sample_95 (Chaki Cherla)</name>
            <description>District: SPSR NELLORE
Village: Chaki Cherla
N: 88.0, P: 15.9, K: 42.1, OC: 0.36</description>
            <Point id="190">
                <coordinates>80.029863,15.092618,0.0</coordinates>
            </Point>
        </Placemark>
        <Placemark id="193">
            <name>Sample_96 (Chaki Cherla)</name>
            <description>District: SPSR NELLORE
Village: Chaki Cherla
N: 138.0, P: 12.3, K: 28.1, OC: 0.65</description>
            <Point id="192">
                <coordinates>80.02795,15.091276,0.0</coordinates>
            </Point>
        </Placemark>
        <Placemark id="195">
            <name>Sample_97 (Chaki Cherla)</name>
            <description>District: SPSR NELLORE
Village: Chaki Cherla
N: 113.0, P: 27.0, K: 21.1, OC: 0.52</description>
            <Point id="194">
                <coordinates>80.030427,15.089472,0.0</coordinates>
            </Point>
        </Placemark>
        <Placemark id="197">
            <name>Sample_98 (Chaki Cherla)</name>
            <description>District: SPSR NELLORE
Village: Chaki Cherla
N: 151.0, P: 37.59, K: 56.2, OC: 0.37</description>
            <Point id="196">
                <coordinates>80.028472,15.088088,0.0</coordinates>
            </Point>
        </Placemark>
        <Placemark id="199">
            <name>Sample_99 (Chaki Cherla)</name>
            <description>District: SPSR NELLORE
Village: Chaki Cherla
N: 125.0, P: 10.0, K: 28.1, OC: 0.92</description>
            <Point id="198">
                <coordinates>80.027342,15.087081,0.0</coordinates>
            </Point>
        </Placemark>
        <Placemark id="201">
            <name>Sample_100 (Chaki Cherla)</name>
            <description>District: SPSR NELLORE
Village: Chaki Cherla
N: 113.0, P: 12.3, K: 35.0, OC: 0.5</description>
            <Point id="200">
                <coordinates>80.029863,15.08641,0.0</coordinates>
            </Point>
        </Placemark>
        <Placemark id="203">
            <name>Sample_101 (Chaki Cherla)</name>
            <description>District: SPSR NELLORE
Village: Chaki Cherla
N: 113.0, P: 12.3, K: 35.0, OC: 0.5</description>
            <Point id="202">
                <coordinates>80.029993,15.085403,0.0</coordinates>
            </Point>
        </Placemark>
        <Placemark id="205">
            <name>Sample_102 (Chaki Cherla)</name>
            <description>District: SPSR NELLORE
Village: Chaki Cherla
N: 151.0, P: 11.2, K: 28.1, OC: 0.68</description>
            <Point id="204">
                <coordinates>80.02669,15.093163,0.0</coordinates>
            </Point>
        </Placemark>
        <Placemark id="207">
            <name>Sample_103 (Chaki Cherla)</name>
            <description>District: SPSR NELLORE
Village: Chaki Cherla
N: 113.0, P: 12.3, K: 35.0, OC: 0.5</description>
            <Point id="206">
                <coordinates>80.029995,15.085489,0.0</coordinates>
            </Point>
        </Placemark>
        <Placemark id="209">
            <name>Sample_104 (Chaki Cherla)</name>
            <description>District: SPSR NELLORE
Village: Chaki Cherla
N: 226.0, P: 12.3, K: 28.1, OC: 0.71</description>
            <Point id="208">
                <coordinates>80.031298,15.082922,0.0</coordinates>
            </Point>
        </Placemark>
        <Placemark id="211">
            <name>Sample_105 (Chaki Cherla)</name>
            <description>District: SPSR NELLORE
Village: Chaki Cherla
N: 213.0, P: 7.0, K: 35.1, OC: 0.48</description>
            <Point id="210">
                <coordinates>80.030429,15.08158,0.0</coordinates>
            </Point>
        </Placemark>
        <Placemark id="213">
            <name>Sample_106 (Chaki Cherla)</name>
            <description>District: SPSR NELLORE
Village: Chaki Cherla
N: 188.0, P: 24.1, K: 49.2, OC: 0.65</description>
            <Point id="212">
                <coordinates>80.028648,15.081454,0.0</coordinates>
            </Point>
        </Placemark>
        <Placemark id="215">
            <name>Sample_107 (Chaki Cherla)</name>
            <description>District: SPSR NELLORE
Village: Chaki Cherla
N: 138.0, P: 15.9, K: 28.1, OC: 0.73</description>
            <Point id="214">
                <coordinates>80.033167,15.080237,0.0</coordinates>
            </Point>
        </Placemark>
        <Placemark id="217">
            <name>Sample_108 (Chalamcherla)</name>
            <description>District: SPSR NELLORE
Village: Chalamcherla
N: 314.0, P: 17.7, K: 366.0, OC: 0.1</description>
            <Point id="216">
                <coordinates>79.912011,14.993612,0.0</coordinates>
            </Point>
        </Placemark>
        <Placemark id="219">
            <name>Sample_109 (Chamadala)</name>
            <description>District: SPSR NELLORE
Village: Chamadala
N: 125.0, P: 11.7, K: 105.3, OC: 0.34</description>
            <Point id="218">
                <coordinates>79.907462,14.886735,0.0</coordinates>
            </Point>
        </Placemark>
        <Placemark id="221">
            <name>Sample_110 (Cheekavolu)</name>
            <description>District: SPSR NELLORE
Village: Cheekavolu
N: 75.0, P: 86.8, K: 335.2, OC: 0.18</description>
            <Point id="220">
                <coordinates>79.831852,14.128473,0.0</coordinates>
            </Point>
        </Placemark>
        <Placemark id="223">
            <name>Sample_111 (Cheekavolu)</name>
            <description>District: SPSR NELLORE
Village: Cheekavolu
N: 75.0, P: 86.8, K: 335.2, OC: 0.18</description>
            <Point id="222">
                <coordinates>79.830847,14.128599,0.0</coordinates>
            </Point>
        </Placemark>
        <Placemark id="225">
            <name>Sample_112 (Cheekavolu)</name>
            <description>District: SPSR NELLORE
Village: Cheekavolu
N: 75.0, P: 86.8, K: 335.2, OC: 0.18</description>
            <Point id="224">
                <coordinates>79.831879,14.12851,0.0</coordinates>
            </Point>
        </Placemark>
        <Placemark id="227">
            <name>Sample_113 (Cheekavolu)</name>
            <description>District: SPSR NELLORE
Village: Cheekavolu
N: 100.0, P: 10.0, K: 285.5, OC: 0.27</description>
            <Point id="226">
                <coordinates>79.832047,14.128339,0.0</coordinates>
            </Point>
        </Placemark>
        <Placemark id="229">
            <name>Sample_114 (Cheekavolu)</name>
            <description>District: SPSR NELLORE
Village: Cheekavolu
N: 100.0, P: 10.0, K: 285.5, OC: 0.27</description>
            <Point id="228">
                <coordinates>79.831852,14.128339,0.0</coordinates>
            </Point>
        </Placemark>
        <Placemark id="231">
            <name>Sample_115 (Cheekavolu)</name>
            <description>District: SPSR NELLORE
Village: Cheekavolu
N: 100.0, P: 10.0, K: 285.5, OC: 0.27</description>
            <Point id="230">
                <coordinates>79.832267,14.128245,0.0</coordinates>
            </Point>
        </Placemark>
        <Placemark id="233">
            <name>Sample_116 (Cheekavolu)</name>
            <description>District: SPSR NELLORE
Village: Cheekavolu
N: 100.0, P: 10.0, K: 285.5, OC: 0.27</description>
            <Point id="232">
                <coordinates>79.831703,14.128228,0.0</coordinates>
            </Point>
        </Placemark>
        <Placemark id="235">
            <name>Sample_117 (Cheekavolu)</name>
            <description>District: SPSR NELLORE
Village: Cheekavolu
N: 100.0, P: 10.0, K: 285.5, OC: 0.27</description>
            <Point id="234">
                <coordinates>79.831332,14.128305,0.0</coordinates>
            </Point>
        </Placemark>
        <Placemark id="237">
            <name>Sample_118 (Cheekavolu)</name>
            <description>District: SPSR NELLORE
Village: Cheekavolu
N: 75.0, P: 86.8, K: 335.2, OC: 0.18</description>
            <Point id="236">
                <coordinates>79.830856,14.128185,0.0</coordinates>
            </Point>
        </Placemark>
        <Placemark id="239">
            <name>Sample_119 (Cheekavolu)</name>
            <description>District: SPSR NELLORE
Village: Cheekavolu
N: 100.0, P: 10.0, K: 285.5, OC: 0.27</description>
            <Point id="238">
                <coordinates>79.831279,14.128091,0.0</coordinates>
            </Point>
        </Placemark>
        <Placemark id="241">
            <name>Sample_120 (Cheekavolu)</name>
            <description>District: SPSR NELLORE
Village: Cheekavolu
N: 100.0, P: 10.0, K: 285.5, OC: 0.27</description>
            <Point id="240">
                <coordinates>79.831535,14.127997,0.0</coordinates>
            </Point>
        </Placemark>
        <Placemark id="243">
            <name>Sample_121 (Cheemalapenta)</name>
            <description>District: SPSR NELLORE
Village: Cheemalapenta
N: 151.0, P: 19.2, K: 154.5, OC: 0.39</description>
            <Point id="242">
                <coordinates>79.721564,15.115114,0.0</coordinates>
            </Point>
        </Placemark>
        <Placemark id="245">
            <name>Sample_122 (Chennayapalem)</name>
            <description>District: SPSR NELLORE
Village: Chennayapalem
N: 188.0, P: 32.3, K: 323.0, OC: 0.25</description>
            <Point id="244">
                <coordinates>80.042034,14.970048,0.0</coordinates>
            </Point>
        </Placemark>
        <Placemark id="247">
            <name>Sample_123 (Chinna Cherukur)</name>
            <description>District: SPSR NELLORE
Village: Chinna Cherukur
N: 100.0, P: 31.5, K: 540.0, OC: 0.17</description>
            <Point id="246">
                <coordinates>80.039208,14.418031,0.0</coordinates>
            </Point>
        </Placemark>
        <Placemark id="249">
            <name>Sample_124 (Chinna Cherukur)</name>
            <description>District: SPSR NELLORE
Village: Chinna Cherukur
N: 100.0, P: 31.5, K: 540.0, OC: 0.17</description>
            <Point id="248">
                <coordinates>80.039017,14.418495,0.0</coordinates>
            </Point>
        </Placemark>
        <Placemark id="251">
            <name>Sample_125 (Chinna Cherukur)</name>
            <description>District: SPSR NELLORE
Village: Chinna Cherukur
N: 100.0, P: 31.5, K: 540.0, OC: 0.17</description>
            <Point id="250">
                <coordinates>80.03869,14.418812,0.0</coordinates>
            </Point>
        </Placemark>
        <Placemark id="253">
            <name>Sample_126 (Chinna Cherukur)</name>
            <description>District: SPSR NELLORE
Village: Chinna Cherukur
N: 75.0, P: 10.0, K: 584.0, OC: 0.12</description>
            <Point id="252">
                <coordinates>80.053729,14.449035,0.0</coordinates>
            </Point>
        </Placemark>
        <Placemark id="255">
            <name>Sample_127 (Chinna Cherukur)</name>
            <description>District: SPSR NELLORE
Village: Chinna Cherukur
N: 88.0, P: 15.4, K: 528.0, OC: 0.36</description>
            <Point id="254">
                <coordinates>80.051426,14.442702,0.0</coordinates>
            </Point>
        </Placemark>
        <Placemark id="257">
            <name>Sample_128 (chinna Cherukur)</name>
            <description>District: SPSR NELLORE
Village: chinna Cherukur
N: 75.0, P: 30.0, K: 614.0, OC: 0.41</description>
            <Point id="256">
                <coordinates>80.053586,14.438297,0.0</coordinates>
            </Point>
        </Placemark>
        <Placemark id="259">
            <name>Sample_129 (Chinna Cherukur)</name>
            <description>District: SPSR NELLORE
Village: Chinna Cherukur
N: 25.0, P: 16.1, K: 379.0, OC: 0.08</description>
            <Point id="258">
                <coordinates>80.056716,14.439262,0.0</coordinates>
            </Point>
        </Placemark>
        <Placemark id="261">
            <name>Sample_130 (Chinna Cherukur)</name>
            <description>District: SPSR NELLORE
Village: Chinna Cherukur
N: 100.0, P: 16.9, K: 317.0, OC: 0.16</description>
            <Point id="260">
                <coordinates>80.05567,14.441054,0.0</coordinates>
            </Point>
        </Placemark>
        <Placemark id="263">
            <name>Sample_131 (Chinna Cherukur)</name>
            <description>District: SPSR NELLORE
Village: Chinna Cherukur
N: 25.0, P: 16.1, K: 379.0, OC: 0.08</description>
            <Point id="262">
                <coordinates>80.056705,14.440598,0.0</coordinates>
            </Point>
        </Placemark>
        <Placemark id="265">
            <name>Sample_132 (Chinna Cherukur)</name>
            <description>District: SPSR NELLORE
Village: Chinna Cherukur
N: 25.0, P: 16.1, K: 379.0, OC: 0.08</description>
            <Point id="264">
                <coordinates>80.05692,14.44039,0.0</coordinates>
            </Point>
        </Placemark>
        <Placemark id="267">
            <name>Sample_133 (Chinna Cherukur)</name>
            <description>District: SPSR NELLORE
Village: Chinna Cherukur
N: 25.0, P: 16.1, K: 379.0, OC: 0.08</description>
            <Point id="266">
                <coordinates>80.057212,14.440787,0.0</coordinates>
            </Point>
        </Placemark>
        <Placemark id="269">
            <name>Sample_134 (Chinna Cherukur)</name>
            <description>District: SPSR NELLORE
Village: Chinna Cherukur
N: 38.0, P: 26.9, K: 502.0, OC: 0.2</description>
            <Point id="268">
                <coordinates>80.058228,14.440239,0.0</coordinates>
            </Point>
        </Placemark>
        <Placemark id="271">
            <name>Sample_135 (Chinthaladevi)</name>
            <description>District: SPSR NELLORE
Village: Chinthaladevi
N: 63.0, P: 20.7, K: 378.6, OC: 0.28</description>
            <Point id="270">
                <coordinates>79.645457,14.974625,0.0</coordinates>
            </Point>
        </Placemark>
        <Placemark id="273">
            <name>Sample_136 (Chinthaladevi)</name>
            <description>District: SPSR NELLORE
Village: Chinthaladevi
N: 151.0, P: 1.5, K: 428.3, OC: 0.34</description>
            <Point id="272">
                <coordinates>79.647092,14.980394,0.0</coordinates>
            </Point>
        </Placemark>
        <Placemark id="275">
            <name>Sample_137 (Chinthaladevi)</name>
            <description>District: SPSR NELLORE
Village: Chinthaladevi
N: 176.0, P: 15.4, K: 428.3, OC: 0.45</description>
            <Point id="274">
                <coordinates>79.647325,14.986485,0.0</coordinates>
            </Point>
        </Placemark>
        <Placemark id="277">
            <name>Sample_138 (Chinthaladevi)</name>
            <description>District: SPSR NELLORE
Village: Chinthaladevi
N: 50.0, P: 28.4, K: 360.0, OC: 0.21</description>
            <Point id="276">
                <coordinates>79.640318,14.999118,0.0</coordinates>
            </Point>
        </Placemark>
        <Placemark id="279">
            <name>Sample_139 (Chinthaladevi)</name>
            <description>District: SPSR NELLORE
Village: Chinthaladevi
N: 113.0, P: 16.1, K: 434.5, OC: 0.23</description>
            <Point id="278">
                <coordinates>79.635693,14.945181,0.0</coordinates>
            </Point>
        </Placemark>
        <Placemark id="281">
            <name>Sample_140 (Chinthaladevi)</name>
            <description>District: SPSR NELLORE
Village: Chinthaladevi
N: 63.0, P: 20.7, K: 378.6, OC: 0.24</description>
            <Point id="280">
                <coordinates>79.644957,14.97408,0.0</coordinates>
            </Point>
        </Placemark>
        <Placemark id="283">
            <name>Sample_141 (Chinthaladevi)</name>
            <description>District: SPSR NELLORE
Village: Chinthaladevi
N: 50.0, P: 28.4, K: 360.0, OC: 0.21</description>
            <Point id="282">
                <coordinates>79.640151,14.999059,0.0</coordinates>
            </Point>
        </Placemark>
        <Placemark id="285">
            <name>Sample_142 (Chinthaladevi)</name>
            <description>District: SPSR NELLORE
Village: Chinthaladevi
N: 151.0, P: 13.1, K: 384.9, OC: 0.18</description>
            <Point id="284">
                <coordinates>79.643355,14.994914,0.0</coordinates>
            </Point>
        </Placemark>
        <Placemark id="287">
            <name>Sample_143 (Chinthaladevi)</name>
            <description>District: SPSR NELLORE
Village: Chinthaladevi
N: 176.0, P: 15.4, K: 428.3, OC: 0.45</description>
            <Point id="286">
                <coordinates>79.645872,14.986294,0.0</coordinates>
            </Point>
        </Placemark>
        <Placemark id="289">
            <name>Sample_144 (Chinthaladevi)</name>
            <description>District: SPSR NELLORE
Village: Chinthaladevi
N: 50.0, P: 28.4, K: 360.0, OC: 0.21</description>
            <Point id="288">
                <coordinates>79.63983,14.999612,0.0</coordinates>
            </Point>
        </Placemark>
        <Placemark id="291">
            <name>Sample_145 (Chiramana)</name>
            <description>District: SPSR NELLORE
Village: Chiramana
N: 326.0, P: 20.7, K: 329.0, OC: 0.28</description>
            <Point id="290">
                <coordinates>79.722879,14.669867,0.0</coordinates>
            </Point>
        </Placemark>
        <Placemark id="293">
            <name>Sample_146 (Chodavaram)</name>
            <description>District: SPSR NELLORE
Village: Chodavaram
N: 38.0, P: 10.6, K: 140.5, OC: 0.69</description>
            <Point id="292">
                <coordinates>79.82098,14.94221,0.0</coordinates>
            </Point>
        </Placemark>
        <Placemark id="295">
            <name>Sample_147 (Duttalur)</name>
            <description>District: SPSR NELLORE
Village: Duttalur
N: 176.0, P: 14.1, K: 273.9, OC: 0.53</description>
            <Point id="294">
                <coordinates>79.407346,14.860562,0.0</coordinates>
            </Point>
        </Placemark>
        <Placemark id="297">
            <name>Sample_148 (Epuru BitIA)</name>
            <description>District: SPSR NELLORE
Village: Epuru BitIA
N: 75.0, P: 5.9, K: 84.3, OC: 0.21</description>
            <Point id="296">
                <coordinates>80.046718,14.276189,0.0</coordinates>
            </Point>
        </Placemark>
        <Placemark id="299">
            <name>Sample_149 (Gangapatnam)</name>
            <description>District: SPSR NELLORE
Village: Gangapatnam
N: 113.0, P: 96.8, K: 186.2, OC: 0.09</description>
            <Point id="298">
                <coordinates>80.147189,14.526124,0.0</coordinates>
            </Point>
        </Placemark>
        <Placemark id="301">
            <name>Sample_150 (Gangapatnam)</name>
            <description>District: SPSR NELLORE
Village: Gangapatnam
N: 88.0, P: 185.9, K: 130.4, OC: 0.74</description>
            <Point id="300">
                <coordinates>80.148527,14.526243,0.0</coordinates>
            </Point>
        </Placemark>
        <Placemark id="303">
            <name>Sample_151 (Gangapatnam)</name>
            <description>District: SPSR NELLORE
Village: Gangapatnam
N: 151.0, P: 197.4, K: 198.6, OC: 0.19</description>
            <Point id="302">
                <coordinates>80.148973,14.525446,0.0</coordinates>
            </Point>
        </Placemark>
        <Placemark id="305">
            <name>Sample_152 (Gangapatnam)</name>
            <description>District: SPSR NELLORE
Village: Gangapatnam
N: 151.0, P: 197.4, K: 198.6, OC: 0.19</description>
            <Point id="304">
                <coordinates>80.149316,14.524882,0.0</coordinates>
            </Point>
        </Placemark>
        <Placemark id="307">
            <name>Sample_153 (Gangapatnam)</name>
            <description>District: SPSR NELLORE
Village: Gangapatnam
N: 151.0, P: 197.4, K: 198.6, OC: 0.19</description>
            <Point id="306">
                <coordinates>80.149033,14.524551,0.0</coordinates>
            </Point>
        </Placemark>
        <Placemark id="309">
            <name>Sample_154 (Gangapatnam)</name>
            <description>District: SPSR NELLORE
Village: Gangapatnam
N: 63.0, P: 223.0, K: 198.6, OC: 0.28</description>
            <Point id="308">
                <coordinates>80.151571,14.525162,0.0</coordinates>
            </Point>
        </Placemark>
        <Placemark id="311">
            <name>Sample_155 (Gangapatnam)</name>
            <description>District: SPSR NELLORE
Village: Gangapatnam
N: 63.0, P: 223.0, K: 198.6, OC: 0.28</description>
            <Point id="310">
                <coordinates>80.151575,14.525165,0.0</coordinates>
            </Point>
        </Placemark>
        <Placemark id="313">
            <name>Sample_156 (Gangapatnam)</name>
            <description>District: SPSR NELLORE
Village: Gangapatnam
N: 63.0, P: 223.0, K: 198.6, OC: 0.28</description>
            <Point id="312">
                <coordinates>80.15157,14.525174,0.0</coordinates>
            </Point>
        </Placemark>
        <Placemark id="315">
            <name>Sample_157 (Gangapatnam)</name>
            <description>District: SPSR NELLORE
Village: Gangapatnam
N: 63.0, P: 223.0, K: 198.6, OC: 0.28</description>
            <Point id="314">
                <coordinates>80.15159,14.525189,0.0</coordinates>
            </Point>
        </Placemark>
        <Placemark id="317">
            <name>Sample_158 (Gangapatnam)</name>
            <description>District: SPSR NELLORE
Village: Gangapatnam
N: 63.0, P: 223.0, K: 198.6, OC: 0.28</description>
            <Point id="316">
                <coordinates>80.151854,14.525274,0.0</coordinates>
            </Point>
        </Placemark>
        <Placemark id="319">
            <name>Sample_159 (Gangapatnam)</name>
            <description>District: SPSR NELLORE
Village: Gangapatnam
N: 63.0, P: 223.0, K: 198.6, OC: 0.28</description>
            <Point id="318">
                <coordinates>80.151859,14.525279,0.0</coordinates>
            </Point>
        </Placemark>
        <Placemark id="321">
            <name>Sample_160 (Gangapatnam)</name>
            <description>District: SPSR NELLORE
Village: Gangapatnam
N: 63.0, P: 223.0, K: 198.6, OC: 0.28</description>
            <Point id="320">
                <coordinates>80.151867,14.525293,0.0</coordinates>
            </Point>
        </Placemark>
        <Placemark id="323">
            <name>Sample_161 (Gangapatnam)</name>
            <description>District: SPSR NELLORE
Village: Gangapatnam
N: 63.0, P: 223.0, K: 198.6, OC: 0.28</description>
            <Point id="322">
                <coordinates>80.151872,14.525287,0.0</coordinates>
            </Point>
        </Placemark>
        <Placemark id="325">
            <name>Sample_162 (Gangapatnam)</name>
            <description>District: SPSR NELLORE
Village: Gangapatnam
N: 63.0, P: 223.0, K: 198.6, OC: 0.28</description>
            <Point id="324">
                <coordinates>80.151877,14.525282,0.0</coordinates>
            </Point>
        </Placemark>
        <Placemark id="327">
            <name>Sample_163 (Gangapatnam)</name>
            <description>District: SPSR NELLORE
Village: Gangapatnam
N: 63.0, P: 223.0, K: 198.6, OC: 0.28</description>
            <Point id="326">
                <coordinates>80.15189,14.525282,0.0</coordinates>
            </Point>
        </Placemark>
        <Placemark id="329">
            <name>Sample_164 (Gangapatnam)</name>
            <description>District: SPSR NELLORE
Village: Gangapatnam
N: 63.0, P: 223.0, K: 198.6, OC: 0.28</description>
            <Point id="328">
                <coordinates>80.151896,14.525291,0.0</coordinates>
            </Point>
        </Placemark>
        <Placemark id="331">
            <name>Sample_165 (Gangapatnam)</name>
            <description>District: SPSR NELLORE
Village: Gangapatnam
N: 63.0, P: 223.0, K: 198.6, OC: 0.28</description>
            <Point id="330">
                <coordinates>80.151898,14.525287,0.0</coordinates>
            </Point>
        </Placemark>
        <Placemark id="333">
            <name>Sample_166 (Gangapatnam)</name>
            <description>District: SPSR NELLORE
Village: Gangapatnam
N: 63.0, P: 223.0, K: 198.6, OC: 0.28</description>
            <Point id="332">
                <coordinates>80.151899,14.525285,0.0</coordinates>
            </Point>
        </Placemark>
        <Placemark id="335">
            <name>Sample_167 (Gangapatnam)</name>
            <description>District: SPSR NELLORE
Village: Gangapatnam
N: 63.0, P: 223.0, K: 198.6, OC: 0.28</description>
            <Point id="334">
                <coordinates>80.151903,14.525289,0.0</coordinates>
            </Point>
        </Placemark>
        <Placemark id="337">
            <name>Sample_168 (Gangapatnam)</name>
            <description>District: SPSR NELLORE
Village: Gangapatnam
N: 63.0, P: 223.0, K: 198.6, OC: 0.28</description>
            <Point id="336">
                <coordinates>80.151902,14.525292,0.0</coordinates>
            </Point>
        </Placemark>
        <Placemark id="339">
            <name>Sample_169 (Gangapatnam)</name>
            <description>District: SPSR NELLORE
Village: Gangapatnam
N: 63.0, P: 223.0, K: 198.6, OC: 0.28</description>
            <Point id="338">
                <coordinates>80.151906,14.525291,0.0</coordinates>
            </Point>
        </Placemark>
        <Placemark id="341">
            <name>Sample_170 (Gangapatnam)</name>
            <description>District: SPSR NELLORE
Village: Gangapatnam
N: 63.0, P: 223.0, K: 198.6, OC: 0.28</description>
            <Point id="340">
                <coordinates>80.15191,14.525289,0.0</coordinates>
            </Point>
        </Placemark>
        <Placemark id="343">
            <name>Sample_171 (Gangapatnam)</name>
            <description>District: SPSR NELLORE
Village: Gangapatnam
N: 63.0, P: 223.0, K: 198.6, OC: 0.28</description>
            <Point id="342">
                <coordinates>80.151906,14.525296,0.0</coordinates>
            </Point>
        </Placemark>
        <Placemark id="345">
            <name>Sample_172 (Gangapatnam)</name>
            <description>District: SPSR NELLORE
Village: Gangapatnam
N: 63.0, P: 223.0, K: 198.6, OC: 0.28</description>
            <Point id="344">
                <coordinates>80.151915,14.52529,0.0</coordinates>
            </Point>
        </Placemark>
        <Placemark id="347">
            <name>Sample_173 (Gangapatnam)</name>
            <description>District: SPSR NELLORE
Village: Gangapatnam
N: 63.0, P: 223.0, K: 198.6, OC: 0.28</description>
            <Point id="346">
                <coordinates>80.151919,14.525292,0.0</coordinates>
            </Point>
        </Placemark>
        <Placemark id="349">
            <name>Sample_174 (Gangapatnam)</name>
            <description>District: SPSR NELLORE
Village: Gangapatnam
N: 63.0, P: 223.0, K: 198.6, OC: 0.28</description>
            <Point id="348">
                <coordinates>80.151926,14.525291,0.0</coordinates>
            </Point>
        </Placemark>
        <Placemark id="351">
            <name>Sample_175 (Gangapatnam)</name>
            <description>District: SPSR NELLORE
Village: Gangapatnam
N: 63.0, P: 223.0, K: 198.6, OC: 0.28</description>
            <Point id="350">
                <coordinates>80.151937,14.525289,0.0</coordinates>
            </Point>
        </Placemark>
        <Placemark id="353">
            <name>Sample_176 (Gangapatnam)</name>
            <description>District: SPSR NELLORE
Village: Gangapatnam
N: 113.0, P: 113.7, K: 502.8, OC: 0.19</description>
            <Point id="352">
                <coordinates>80.14948,14.521748,0.0</coordinates>
            </Point>
        </Placemark>
        <Placemark id="355">
            <name>Sample_177 (Gangapatnam)</name>
            <description>District: SPSR NELLORE
Village: Gangapatnam
N: 138.0, P: 133.6, K: 235.9, OC: 0.09</description>
            <Point id="354">
                <coordinates>80.152434,14.521844,0.0</coordinates>
            </Point>
        </Placemark>
        <Placemark id="357">
            <name>Sample_178 (Gangapatnam)</name>
            <description>District: SPSR NELLORE
Village: Gangapatnam
N: 188.0, P: 223.0, K: 409.7, OC: 0.19</description>
            <Point id="356">
                <coordinates>80.154462,14.52054,0.0</coordinates>
            </Point>
        </Placemark>
        <Placemark id="359">
            <name>Sample_179 (Gangapatnam)</name>
            <description>District: SPSR NELLORE
Village: Gangapatnam
N: 63.0, P: 120.6, K: 509.0, OC: 0.19</description>
            <Point id="358">
                <coordinates>80.155899,14.520178,0.0</coordinates>
            </Point>
        </Placemark>
        <Placemark id="361">
            <name>Sample_180 (Gangapatnam)</name>
            <description>District: SPSR NELLORE
Village: Gangapatnam
N: 63.0, P: 120.6, K: 509.0, OC: 0.19</description>
            <Point id="360">
                <coordinates>80.155998,14.519747,0.0</coordinates>
            </Point>
        </Placemark>
        <Placemark id="363">
            <name>Sample_181 (Gangapatnam)</name>
            <description>District: SPSR NELLORE
Village: Gangapatnam
N: 113.0, P: 223.0, K: 167.6, OC: 0.19</description>
            <Point id="362">
                <coordinates>80.153981,14.518699,0.0</coordinates>
            </Point>
        </Placemark>
        <Placemark id="365">
            <name>Sample_182 (Gangapatnam)</name>
            <description>District: SPSR NELLORE
Village: Gangapatnam
N: 151.0, P: 102.9, K: 428.3, OC: 0.09</description>
            <Point id="364">
                <coordinates>80.152257,14.518422,0.0</coordinates>
            </Point>
        </Placemark>
        <Placemark id="367">
            <name>Sample_183 (Gangapatnam)</name>
            <description>District: SPSR NELLORE
Village: Gangapatnam
N: 151.0, P: 102.9, K: 428.3, OC: 0.09</description>
            <Point id="366">
                <coordinates>80.152662,14.517765,0.0</coordinates>
            </Point>
        </Placemark>
        <Placemark id="369">
            <name>Sample_184 (Gangapatnam)</name>
            <description>District: SPSR NELLORE
Village: Gangapatnam
N: 113.0, P: 223.0, K: 167.6, OC: 0.19</description>
            <Point id="368">
                <coordinates>80.153602,14.517676,0.0</coordinates>
            </Point>
        </Placemark>
        <Placemark id="371">
            <name>Sample_185 (Gangapatnam)</name>
            <description>District: SPSR NELLORE
Village: Gangapatnam
N: 113.0, P: 168.2, K: 62.1, OC: 0.09</description>
            <Point id="370">
                <coordinates>80.154637,14.518038,0.0</coordinates>
            </Point>
        </Placemark>
        <Placemark id="373">
            <name>Sample_186 (Gattupalle)</name>
            <description>District: SPSR NELLORE
Village: Gattupalle
N: 151.0, P: 50.5, K: 175.6, OC: 0.73</description>
            <Point id="372">
                <coordinates>79.860999,14.904299,0.0</coordinates>
            </Point>
        </Placemark>
        <Placemark id="375">
            <name>Sample_187 (Gattupalle)</name>
            <description>District: SPSR NELLORE
Village: Gattupalle
N: 176.0, P: 1.8, K: 91.3, OC: 0.8</description>
            <Point id="374">
                <coordinates>79.865957,14.909742,0.0</coordinates>
            </Point>
        </Placemark>
        <Placemark id="377">
            <name>Sample_188 (Gottigundala)</name>
            <description>District: SPSR NELLORE
Village: Gottigundala
N: 100.0, P: 5.4, K: 155.2, OC: 0.42</description>
            <Point id="376">
                <coordinates>79.605129,14.937214,0.0</coordinates>
            </Point>
        </Placemark>
        <Placemark id="379">
            <name>Sample_189 (Gottigundala)</name>
            <description>District: SPSR NELLORE
Village: Gottigundala
N: 138.0, P: 10.8, K: 347.6, OC: 0.19</description>
            <Point id="378">
                <coordinates>79.600446,14.934833,0.0</coordinates>
            </Point>
        </Placemark>
        <Placemark id="381">
            <name>Sample_190 (Gottigundala)</name>
            <description>District: SPSR NELLORE
Village: Gottigundala
N: 38.0, P: 13.1, K: 229.7, OC: 0.16</description>
            <Point id="380">
                <coordinates>79.604709,14.936423,0.0</coordinates>
            </Point>
        </Placemark>
        <Placemark id="383">
            <name>Sample_191 (Gottigundala)</name>
            <description>District: SPSR NELLORE
Village: Gottigundala
N: 38.0, P: 13.1, K: 229.7, OC: 0.16</description>
            <Point id="382">
                <coordinates>79.604893,14.936273,0.0</coordinates>
            </Point>
        </Placemark>
        <Placemark id="385">
            <name>Sample_192 (Gottigundala)</name>
            <description>District: SPSR NELLORE
Village: Gottigundala
N: 38.0, P: 13.1, K: 229.7, OC: 0.16</description>
            <Point id="384">
                <coordinates>79.604936,14.936162,0.0</coordinates>
            </Point>
        </Placemark>
        <Placemark id="387">
            <name>Sample_193 (Gottigundala)</name>
            <description>District: SPSR NELLORE
Village: Gottigundala
N: 38.0, P: 13.1, K: 229.7, OC: 0.16</description>
            <Point id="386">
                <coordinates>79.604962,14.936153,0.0</coordinates>
            </Point>
        </Placemark>
        <Placemark id="389">
            <name>Sample_194 (Gottigundala)</name>
            <description>District: SPSR NELLORE
Village: Gottigundala
N: 38.0, P: 13.1, K: 229.7, OC: 0.16</description>
            <Point id="388">
                <coordinates>79.604944,14.936133,0.0</coordinates>
            </Point>
        </Placemark>
        <Placemark id="391">
            <name>Sample_195 (Gottigundala)</name>
            <description>District: SPSR NELLORE
Village: Gottigundala
N: 38.0, P: 13.1, K: 229.7, OC: 0.16</description>
            <Point id="390">
                <coordinates>79.60492,14.936124,0.0</coordinates>
            </Point>
        </Placemark>
        <Placemark id="393">
            <name>Sample_196 (Gottigundala)</name>
            <description>District: SPSR NELLORE
Village: Gottigundala
N: 38.0, P: 13.1, K: 229.7, OC: 0.16</description>
            <Point id="392">
                <coordinates>79.604938,14.936118,0.0</coordinates>
            </Point>
        </Placemark>
        <Placemark id="395">
            <name>Sample_197 (Gottigundala)</name>
            <description>District: SPSR NELLORE
Village: Gottigundala
N: 38.0, P: 13.1, K: 229.7, OC: 0.16</description>
            <Point id="394">
                <coordinates>79.604965,14.936113,0.0</coordinates>
            </Point>
        </Placemark>
        <Placemark id="397">
            <name>Sample_198 (Gottigundala)</name>
            <description>District: SPSR NELLORE
Village: Gottigundala
N: 38.0, P: 13.1, K: 229.7, OC: 0.16</description>
            <Point id="396">
                <coordinates>79.605106,14.936114,0.0</coordinates>
            </Point>
        </Placemark>
        <Placemark id="399">
            <name>Sample_199 (Gottigundala)</name>
            <description>District: SPSR NELLORE
Village: Gottigundala
N: 38.0, P: 13.1, K: 229.7, OC: 0.16</description>
            <Point id="398">
                <coordinates>79.605054,14.936063,0.0</coordinates>
            </Point>
        </Placemark>
        <Placemark id="401">
            <name>Sample_200 (Gottigundala)</name>
            <description>District: SPSR NELLORE
Village: Gottigundala
N: 38.0, P: 13.1, K: 229.7, OC: 0.16</description>
            <Point id="400">
                <coordinates>79.60518,14.936002,0.0</coordinates>
            </Point>
        </Placemark>
        <Placemark id="403">
            <name>Sample_201 (Gottigundala)</name>
            <description>District: SPSR NELLORE
Village: Gottigundala
N: 38.0, P: 13.1, K: 229.7, OC: 0.16</description>
            <Point id="402">
                <coordinates>79.605148,14.935972,0.0</coordinates>
            </Point>
        </Placemark>
        <Placemark id="405">
            <name>Sample_202 (Gottigundala)</name>
            <description>District: SPSR NELLORE
Village: Gottigundala
N: 138.0, P: 10.8, K: 347.6, OC: 0.19</description>
            <Point id="404">
                <coordinates>79.601344,14.934883,0.0</coordinates>
            </Point>
        </Placemark>
        <Placemark id="407">
            <name>Sample_203 (Gottigundala)</name>
            <description>District: SPSR NELLORE
Village: Gottigundala
N: 138.0, P: 10.8, K: 347.6, OC: 0.19</description>
            <Point id="406">
                <coordinates>79.601017,14.934555,0.0</coordinates>
            </Point>
        </Placemark>
        <Placemark id="409">
            <name>Sample_204 (Gottigundala)</name>
            <description>District: SPSR NELLORE
Village: Gottigundala
N: 138.0, P: 10.8, K: 347.6, OC: 0.19</description>
            <Point id="408">
                <coordinates>79.601047,14.934332,0.0</coordinates>
            </Point>
        </Placemark>
        <Placemark id="411">
            <name>Sample_205 (Gottigundala)</name>
            <description>District: SPSR NELLORE
Village: Gottigundala
N: 138.0, P: 10.8, K: 347.6, OC: 0.19</description>
            <Point id="410">
                <coordinates>79.600898,14.934267,0.0</coordinates>
            </Point>
        </Placemark>
        <Placemark id="413">
            <name>Sample_206 (Gottigundala)</name>
            <description>District: SPSR NELLORE
Village: Gottigundala
N: 138.0, P: 10.8, K: 347.6, OC: 0.19</description>
            <Point id="412">
                <coordinates>79.60101,14.93416,0.0</coordinates>
            </Point>
        </Placemark>
        <Placemark id="415">
            <name>Sample_207 (Gottigundala)</name>
            <description>District: SPSR NELLORE
Village: Gottigundala
N: 163.0, P: 10.8, K: 142.8, OC: 0.19</description>
            <Point id="414">
                <coordinates>79.604479,14.932695,0.0</coordinates>
            </Point>
        </Placemark>
        <Placemark id="417">
            <name>Sample_208 (Gottigundala)</name>
            <description>District: SPSR NELLORE
Village: Gottigundala
N: 125.0, P: 15.4, K: 86.9, OC: 0.73</description>
            <Point id="416">
                <coordinates>79.603389,14.932359,0.0</coordinates>
            </Point>
        </Placemark>
        <Placemark id="419">
            <name>Sample_209 (Gottigundala)</name>
            <description>District: SPSR NELLORE
Village: Gottigundala
N: 163.0, P: 10.8, K: 142.8, OC: 0.19</description>
            <Point id="418">
                <coordinates>79.603687,14.932178,0.0</coordinates>
            </Point>
        </Placemark>
        <Placemark id="421">
            <name>Sample_210 (Gottigundala)</name>
            <description>District: SPSR NELLORE
Village: Gottigundala
N: 163.0, P: 10.8, K: 142.8, OC: 0.19</description>
            <Point id="420">
                <coordinates>79.604742,14.931603,0.0</coordinates>
            </Point>
        </Placemark>
        <Placemark id="423">
            <name>Sample_211 (Gottigundala)</name>
            <description>District: SPSR NELLORE
Village: Gottigundala
N: 125.0, P: 15.4, K: 86.9, OC: 0.73</description>
            <Point id="422">
                <coordinates>79.602428,14.931603,0.0</coordinates>
            </Point>
        </Placemark>
        <Placemark id="425">
            <name>Sample_212 (Gottigundala)</name>
            <description>District: SPSR NELLORE
Village: Gottigundala
N: 125.0, P: 15.4, K: 86.9, OC: 0.73</description>
            <Point id="424">
                <coordinates>79.602445,14.931397,0.0</coordinates>
            </Point>
        </Placemark>
        <Placemark id="427">
            <name>Sample_213 (Gottigundala)</name>
            <description>District: SPSR NELLORE
Village: Gottigundala
N: 138.0, P: 10.8, K: 223.5, OC: 0.16</description>
            <Point id="426">
                <coordinates>79.595534,14.933592,0.0</coordinates>
            </Point>
        </Placemark>
        <Placemark id="429">
            <name>Sample_214 (Gottigundala)</name>
            <description>District: SPSR NELLORE
Village: Gottigundala
N: 138.0, P: 10.8, K: 223.5, OC: 0.16</description>
            <Point id="428">
                <coordinates>79.595435,14.932973,0.0</coordinates>
            </Point>
        </Placemark>
        <Placemark id="431">
            <name>Sample_215 (Gottigundala)</name>
            <description>District: SPSR NELLORE
Village: Gottigundala
N: 138.0, P: 10.8, K: 223.5, OC: 0.16</description>
            <Point id="430">
                <coordinates>79.595409,14.932743,0.0</coordinates>
            </Point>
        </Placemark>
        <Placemark id="433">
            <name>Sample_216 (Gottigundala)</name>
            <description>District: SPSR NELLORE
Village: Gottigundala
N: 138.0, P: 10.8, K: 223.5, OC: 0.16</description>
            <Point id="432">
                <coordinates>79.595579,14.932587,0.0</coordinates>
            </Point>
        </Placemark>
        <Placemark id="435">
            <name>Sample_217 (Gottigundala)</name>
            <description>District: SPSR NELLORE
Village: Gottigundala
N: 163.0, P: 10.8, K: 142.8, OC: 0.19</description>
            <Point id="434">
                <coordinates>79.604464,14.932702,0.0</coordinates>
            </Point>
        </Placemark>
        <Placemark id="437">
            <name>Sample_218 (Gottigundala)</name>
            <description>District: SPSR NELLORE
Village: Gottigundala
N: 125.0, P: 15.4, K: 86.9, OC: 0.73</description>
            <Point id="436">
                <coordinates>79.603409,14.932353,0.0</coordinates>
            </Point>
        </Placemark>
        <Placemark id="439">
            <name>Sample_219 (Gottigundala)</name>
            <description>District: SPSR NELLORE
Village: Gottigundala
N: 163.0, P: 10.8, K: 142.8, OC: 0.19</description>
            <Point id="438">
                <coordinates>79.603613,14.932188,0.0</coordinates>
            </Point>
        </Placemark>
        <Placemark id="441">
            <name>Sample_220 (Gottigundala)</name>
            <description>District: SPSR NELLORE
Village: Gottigundala
N: 163.0, P: 10.8, K: 142.8, OC: 0.19</description>
            <Point id="440">
                <coordinates>79.604754,14.931588,0.0</coordinates>
            </Point>
        </Placemark>
        <Placemark id="443">
            <name>Sample_221 (Gottigundala)</name>
            <description>District: SPSR NELLORE
Village: Gottigundala
N: 125.0, P: 15.4, K: 86.9, OC: 0.73</description>
            <Point id="442">
                <coordinates>79.60243,14.931432,0.0</coordinates>
            </Point>
        </Placemark>
        <Placemark id="445">
            <name>Sample_222 (Gottigundala)</name>
            <description>District: SPSR NELLORE
Village: Gottigundala
N: 50.0, P: 4.6, K: 229.7, OC: 0.24</description>
            <Point id="444">
                <coordinates>79.605769,14.927464,0.0</coordinates>
            </Point>
        </Placemark>
        <Placemark id="447">
            <name>Sample_223 (Gottigundala)</name>
            <description>District: SPSR NELLORE
Village: Gottigundala
N: 50.0, P: 4.6, K: 229.7, OC: 0.24</description>
            <Point id="446">
                <coordinates>79.606016,14.927164,0.0</coordinates>
            </Point>
        </Placemark>
        <Placemark id="449">
            <name>Sample_224 (Gottigundala)</name>
            <description>District: SPSR NELLORE
Village: Gottigundala
N: 50.0, P: 4.6, K: 229.7, OC: 0.24</description>
            <Point id="448">
                <coordinates>79.605548,14.926679,0.0</coordinates>
            </Point>
        </Placemark>
        <Placemark id="451">
            <name>Sample_225 (Gottigundala)</name>
            <description>District: SPSR NELLORE
Village: Gottigundala
N: 50.0, P: 4.6, K: 229.7, OC: 0.24</description>
            <Point id="450">
                <coordinates>79.605437,14.926506,0.0</coordinates>
            </Point>
        </Placemark>
        <Placemark id="453">
            <name>Sample_226 (Gottigundala)</name>
            <description>District: SPSR NELLORE
Village: Gottigundala
N: 138.0, P: 10.8, K: 223.5, OC: 0.16</description>
            <Point id="452">
                <coordinates>79.595602,14.933554,0.0</coordinates>
            </Point>
        </Placemark>
        <Placemark id="455">
            <name>Sample_227 (Gottigundala)</name>
            <description>District: SPSR NELLORE
Village: Gottigundala
N: 125.0, P: 9.2, K: 291.7, OC: 0.31</description>
            <Point id="454">
                <coordinates>79.590798,14.935438,0.0</coordinates>
            </Point>
        </Placemark>
        <Placemark id="457">
            <name>Sample_228 (Gottigundala)</name>
            <description>District: SPSR NELLORE
Village: Gottigundala
N: 125.0, P: 1.5, K: 167.6, OC: 0.09</description>
            <Point id="456">
                <coordinates>79.589899,14.92869,0.0</coordinates>
            </Point>
        </Placemark>
        <Placemark id="459">
            <name>Sample_229 (Gottigundala)</name>
            <description>District: SPSR NELLORE
Village: Gottigundala
N: 125.0, P: 1.5, K: 167.6, OC: 0.09</description>
            <Point id="458">
                <coordinates>79.589888,14.928682,0.0</coordinates>
            </Point>
        </Placemark>
        <Placemark id="461">
            <name>Sample_230 (Gottigundala)</name>
            <description>District: SPSR NELLORE
Village: Gottigundala
N: 125.0, P: 1.5, K: 167.6, OC: 0.09</description>
            <Point id="460">
                <coordinates>79.58991,14.928646,0.0</coordinates>
            </Point>
        </Placemark>
        <Placemark id="463">
            <name>Sample_231 (Gottigundala)</name>
            <description>District: SPSR NELLORE
Village: Gottigundala
N: 125.0, P: 1.5, K: 167.6, OC: 0.09</description>
            <Point id="462">
                <coordinates>79.589933,14.928616,0.0</coordinates>
            </Point>
        </Placemark>
        <Placemark id="465">
            <name>Sample_232 (Gottigundala)</name>
            <description>District: SPSR NELLORE
Village: Gottigundala
N: 125.0, P: 1.5, K: 167.6, OC: 0.09</description>
            <Point id="464">
                <coordinates>79.589793,14.928612,0.0</coordinates>
            </Point>
        </Placemark>
        <Placemark id="467">
            <name>Sample_233 (Gottigundala)</name>
            <description>District: SPSR NELLORE
Village: Gottigundala
N: 125.0, P: 1.5, K: 167.6, OC: 0.09</description>
            <Point id="466">
                <coordinates>79.589593,14.928592,0.0</coordinates>
            </Point>
        </Placemark>
        <Placemark id="469">
            <name>Sample_234 (Gottigundala)</name>
            <description>District: SPSR NELLORE
Village: Gottigundala
N: 125.0, P: 1.5, K: 167.6, OC: 0.09</description>
            <Point id="468">
                <coordinates>79.589633,14.92852,0.0</coordinates>
            </Point>
        </Placemark>
        <Placemark id="471">
            <name>Sample_235 (Gottigundala)</name>
            <description>District: SPSR NELLORE
Village: Gottigundala
N: 125.0, P: 1.5, K: 167.6, OC: 0.09</description>
            <Point id="470">
                <coordinates>79.589508,14.928486,0.0</coordinates>
            </Point>
        </Placemark>
        <Placemark id="473">
            <name>Sample_236 (Gottigundala)</name>
            <description>District: SPSR NELLORE
Village: Gottigundala
N: 125.0, P: 1.5, K: 167.6, OC: 0.09</description>
            <Point id="472">
                <coordinates>79.589447,14.928691,0.0</coordinates>
            </Point>
        </Placemark>
        <Placemark id="475">
            <name>Sample_237 (Gottigundala)</name>
            <description>District: SPSR NELLORE
Village: Gottigundala
N: 125.0, P: 1.5, K: 167.6, OC: 0.09</description>
            <Point id="474">
                <coordinates>79.589482,14.92863,0.0</coordinates>
            </Point>
        </Placemark>
        <Placemark id="477">
            <name>Sample_238 (Gottigundala)</name>
            <description>District: SPSR NELLORE
Village: Gottigundala
N: 125.0, P: 1.5, K: 167.6, OC: 0.09</description>
            <Point id="476">
                <coordinates>79.589593,14.928594,0.0</coordinates>
            </Point>
        </Placemark>
        <Placemark id="479">
            <name>Sample_239 (Gottigundala)</name>
            <description>District: SPSR NELLORE
Village: Gottigundala
N: 125.0, P: 1.5, K: 167.6, OC: 0.09</description>
            <Point id="478">
                <coordinates>79.589889,14.928679,0.0</coordinates>
            </Point>
        </Placemark>
        <Placemark id="481">
            <name>Sample_240 (Gottigundala)</name>
            <description>District: SPSR NELLORE
Village: Gottigundala
N: 125.0, P: 1.5, K: 167.6, OC: 0.09</description>
            <Point id="480">
                <coordinates>79.589841,14.928647,0.0</coordinates>
            </Point>
        </Placemark>
        <Placemark id="483">
            <name>Sample_241 (Gottigundala)</name>
            <description>District: SPSR NELLORE
Village: Gottigundala
N: 50.0, P: 4.6, K: 229.7, OC: 0.24</description>
            <Point id="482">
                <coordinates>79.605745,14.927429,0.0</coordinates>
            </Point>
        </Placemark>
        <Placemark id="485">
            <name>Sample_242 (Gottigundala)</name>
            <description>District: SPSR NELLORE
Village: Gottigundala
N: 50.0, P: 4.6, K: 229.7, OC: 0.24</description>
            <Point id="484">
                <coordinates>79.606036,14.927193,0.0</coordinates>
            </Point>
        </Placemark>
        <Placemark id="487">
            <name>Sample_243 (Gottigundala)</name>
            <description>District: SPSR NELLORE
Village: Gottigundala
N: 50.0, P: 4.6, K: 229.7, OC: 0.24</description>
            <Point id="486">
                <coordinates>79.605528,14.926652,0.0</coordinates>
            </Point>
        </Placemark>
        <Placemark id="489">
            <name>Sample_244 (Gottigundala)</name>
            <description>District: SPSR NELLORE
Village: Gottigundala
N: 50.0, P: 4.6, K: 229.7, OC: 0.24</description>
            <Point id="488">
                <coordinates>79.605491,14.926529,0.0</coordinates>
            </Point>
        </Placemark>
        <Placemark id="491">
            <name>Sample_245 (Gottigundala)</name>
            <description>District: Parameter   Value
Village: Gottigundala
N: 176.0, P: 2.3, K: 155.2, OC: 0.31</description>
            <Point id="490">
                <coordinates>79.585342,14.915923,0.0</coordinates>
            </Point>
        </Placemark>
        <Placemark id="493">
            <name>Sample_246 (Gottigundala)</name>
            <description>District: Parameter   Value
Village: Gottigundala
N: 201.0, P: 10.0, K: 186.2, OC: 0.29</description>
            <Point id="492">
                <coordinates>79.584242,14.917177,0.0</coordinates>
            </Point>
        </Placemark>
        <Placemark id="495">
            <name>Sample_247 (Gottigundala)</name>
            <description>District: Parameter   Value
Village: Gottigundala
N: 201.0, P: 10.0, K: 186.2, OC: 0.29</description>
            <Point id="494">
                <coordinates>79.584616,14.917047,0.0</coordinates>
            </Point>
        </Placemark>
        <Placemark id="497">
            <name>Sample_248 (Gottigundala)</name>
            <description>District: Parameter   Value
Village: Gottigundala
N: 201.0, P: 10.0, K: 186.2, OC: 0.29</description>
            <Point id="496">
                <coordinates>79.584919,14.917035,0.0</coordinates>
            </Point>
        </Placemark>
        <Placemark id="499">
            <name>Sample_249 (Gottigundala)</name>
            <description>District: Parameter   Value
Village: Gottigundala
N: 201.0, P: 10.0, K: 186.2, OC: 0.29</description>
            <Point id="498">
                <coordinates>79.584972,14.916998,0.0</coordinates>
            </Point>
        </Placemark>
        <Placemark id="501">
            <name>Sample_250 (Gottigundala)</name>
            <description>District: SPSR NELLORE
Village: Gottigundala
N: 201.0, P: 10.0, K: 186.2, OC: 0.29</description>
            <Point id="500">
                <coordinates>79.584925,14.916966,0.0</coordinates>
            </Point>
        </Placemark>
        <Placemark id="503">
            <name>Sample_251 (Gottigundala)</name>
            <description>District: Parameter   Value
Village: Gottigundala
N: 201.0, P: 10.0, K: 186.2, OC: 0.29</description>
            <Point id="502">
                <coordinates>79.584955,14.916913,0.0</coordinates>
            </Point>
        </Placemark>
        <Placemark id="505">
            <name>Sample_252 (Gottigundala)</name>
            <description>District: Parameter   Value
Village: Gottigundala
N: 201.0, P: 10.0, K: 186.2, OC: 0.29</description>
            <Point id="504">
                <coordinates>79.584584,14.91673,0.0</coordinates>
            </Point>
        </Placemark>
        <Placemark id="507">
            <name>Sample_253 (Gottigundala)</name>
            <description>District: Parameter   Value
Village: Gottigundala
N: 201.0, P: 10.0, K: 186.2, OC: 0.29</description>
            <Point id="506">
                <coordinates>79.584854,14.916707,0.0</coordinates>
            </Point>
        </Placemark>
        <Placemark id="509">
            <name>Sample_254 (Gottigundala)</name>
            <description>District: Parameter   Value
Village: Gottigundala
N: 201.0, P: 10.0, K: 186.2, OC: 0.29</description>
            <Point id="508">
                <coordinates>79.585153,14.916769,0.0</coordinates>
            </Point>
        </Placemark>
        <Placemark id="511">
            <name>Sample_255 (Gottigundala)</name>
            <description>District: Parameter   Value
Village: Gottigundala
N: 201.0, P: 10.0, K: 186.2, OC: 0.29</description>
            <Point id="510">
                <coordinates>79.584948,14.9168,0.0</coordinates>
            </Point>
        </Placemark>
        <Placemark id="513">
            <name>Sample_256 (Gottigundala)</name>
            <description>District: Parameter   Value
Village: Gottigundala
N: 201.0, P: 10.0, K: 186.2, OC: 0.29</description>
            <Point id="512">
                <coordinates>79.585112,14.916802,0.0</coordinates>
            </Point>
        </Placemark>
        <Placemark id="515">
            <name>Sample_257 (Gottigundala)</name>
            <description>District: Parameter   Value
Village: Gottigundala
N: 201.0, P: 10.0, K: 186.2, OC: 0.29</description>
            <Point id="514">
                <coordinates>79.584735,14.916777,0.0</coordinates>
            </Point>
        </Placemark>
        <Placemark id="517">
            <name>Sample_258 (Gowravaram)</name>
            <description>District: SPSR NELLORE
Village: Gowravaram
N: 213.0, P: 8.4, K: 478.0, OC: 0.19</description>
            <Point id="516">
                <coordinates>80.00062,14.801453,0.0</coordinates>
            </Point>
        </Placemark>
        <Placemark id="519">
            <name>Sample_259 (Gowravaram)</name>
            <description>District: SPSR NELLORE
Village: Gowravaram
N: 238.0, P: 1.5, K: 596.0, OC: 0.13</description>
            <Point id="518">
                <coordinates>79.99158,14.811309,0.0</coordinates>
            </Point>
        </Placemark>
        <Placemark id="521">
            <name>Sample_260 (Gowravaram)</name>
            <description>District: SPSR NELLORE
Village: Gowravaram
N: 176.0, P: 16.1, K: 602.0, OC: 0.13</description>
            <Point id="520">
                <coordinates>79.994628,14.828319,0.0</coordinates>
            </Point>
        </Placemark>
        <Placemark id="523">
            <name>Sample_261 (Gudipadu)</name>
            <description>District: SPSR NELLORE
Village: Gudipadu
N: 151.0, P: 10.0, K: 130.4, OC: 0.08</description>
            <Point id="522">
                <coordinates>79.679921,14.753878,0.0</coordinates>
            </Point>
        </Placemark>
        <Placemark id="525">
            <name>Sample_262 (Gudipadu)</name>
            <description>District: SPSR NELLORE
Village: Gudipadu
N: 151.0, P: 10.0, K: 130.4, OC: 0.08</description>
            <Point id="524">
                <coordinates>79.680201,14.75371,0.0</coordinates>
            </Point>
        </Placemark>
        <Placemark id="527">
            <name>Sample_263 (Gudipadu)</name>
            <description>District: SPSR NELLORE
Village: Gudipadu
N: 151.0, P: 10.0, K: 130.4, OC: 0.08</description>
            <Point id="526">
                <coordinates>79.680527,14.753333,0.0</coordinates>
            </Point>
        </Placemark>
        <Placemark id="529">
            <name>Sample_264 (Gudipadu)</name>
            <description>District: SPSR NELLORE
Village: Gudipadu
N: 151.0, P: 10.0, K: 130.4, OC: 0.08</description>
            <Point id="528">
                <coordinates>79.679548,14.753063,0.0</coordinates>
            </Point>
        </Placemark>
        <Placemark id="531">
            <name>Sample_265 (Gudipadu)</name>
            <description>District: SPSR NELLORE
Village: Gudipadu
N: 163.0, P: 11.5, K: 99.3, OC: 0.06</description>
            <Point id="530">
                <coordinates>79.677464,14.75228,0.0</coordinates>
            </Point>
        </Placemark>
        <Placemark id="533">
            <name>Sample_266 (Gudipadu)</name>
            <description>District: SPSR NELLORE
Village: Gudipadu
N: 163.0, P: 11.5, K: 99.3, OC: 0.06</description>
            <Point id="532">
                <coordinates>79.677682,14.752084,0.0</coordinates>
            </Point>
        </Placemark>
        <Placemark id="535">
            <name>Sample_267 (Gudipadu)</name>
            <description>District: SPSR NELLORE
Village: Gudipadu
N: 151.0, P: 14.16, K: 111.7, OC: 0.42</description>
            <Point id="534">
                <coordinates>79.677962,14.75386,0.0</coordinates>
            </Point>
        </Placemark>
        <Placemark id="537">
            <name>Sample_268 (Gudipadu)</name>
            <description>District: SPSR NELLORE
Village: Gudipadu
N: 151.0, P: 14.16, K: 111.7, OC: 0.42</description>
            <Point id="536">
                <coordinates>79.678195,14.753394,0.0</coordinates>
            </Point>
        </Placemark>
        <Placemark id="539">
            <name>Sample_269 (Gumparlapadu)</name>
            <description>District: SPSR NELLORE
Village: Gumparlapadu
N: 138.0, P: 18.4, K: 434.5, OC: 0.5</description>
            <Point id="538">
                <coordinates>79.720132,14.750755,0.0</coordinates>
            </Point>
        </Placemark>
        <Placemark id="541">
            <name>Sample_270 (Gumparlapadu)</name>
            <description>District: SPSR NELLORE
Village: Gumparlapadu
N: 176.0, P: 9.2, K: 428.3, OC: 1.4</description>
            <Point id="540">
                <coordinates>79.727788,14.75463,0.0</coordinates>
            </Point>
        </Placemark>
        <Placemark id="543">
            <name>Sample_271 (Gumparlapadu)</name>
            <description>District: SPSR NELLORE
Village: Gumparlapadu
N: 238.0, P: 7.7, K: 273.1, OC: 0.1</description>
            <Point id="542">
                <coordinates>79.718227,14.769188,0.0</coordinates>
            </Point>
        </Placemark>
        <Placemark id="545">
            <name>Sample_272 (Gumparlapadu)</name>
            <description>District: SPSR NELLORE
Village: Gumparlapadu
N: 113.0, P: 5.4, K: 204.8, OC: 0.55</description>
            <Point id="544">
                <coordinates>79.701506,14.765781,0.0</coordinates>
            </Point>
        </Placemark>
        <Placemark id="547">
            <name>Sample_273 (Gumparlapadu)</name>
            <description>District: SPSR NELLORE
Village: Gumparlapadu
N: 113.0, P: 6.9, K: 322.8, OC: 0.46</description>
            <Point id="546">
                <coordinates>79.705291,14.765781,0.0</coordinates>
            </Point>
        </Placemark>
        <Placemark id="549">
            <name>Sample_274 (Gumparlapadu)</name>
            <description>District: SPSR NELLORE
Village: Gumparlapadu
N: 238.0, P: 10.0, K: 471.8, OC: 0.06</description>
            <Point id="548">
                <coordinates>79.708195,14.764844,0.0</coordinates>
            </Point>
        </Placemark>
        <Placemark id="551">
            <name>Sample_275 (Gumparlapadu)</name>
            <description>District: SPSR NELLORE
Village: Gumparlapadu
N: 88.0, P: 1.5, K: 285.5, OC: 0.54</description>
            <Point id="550">
                <coordinates>79.705027,14.764163,0.0</coordinates>
            </Point>
        </Placemark>
        <Placemark id="553">
            <name>Sample_276 (Gumparlapadu)</name>
            <description>District: SPSR NELLORE
Village: Gumparlapadu
N: 176.0, P: 3.1, K: 211.0, OC: 0.55</description>
            <Point id="552">
                <coordinates>79.69781,14.764929,0.0</coordinates>
            </Point>
        </Placemark>
        <Placemark id="555">
            <name>Sample_277 (Gumparlapadu)</name>
            <description>District: SPSR NELLORE
Village: Gumparlapadu
N: 201.0, P: 2.8, K: 99.3, OC: 0.35</description>
            <Point id="554">
                <coordinates>79.696138,14.765014,0.0</coordinates>
            </Point>
        </Placemark>
        <Placemark id="557">
            <name>Sample_278 (Gumparlapadu)</name>
            <description>District: SPSR NELLORE
Village: Gumparlapadu
N: 138.0, P: 6.1, K: 409.7, OC: 0.3</description>
            <Point id="556">
                <coordinates>79.700538,14.763822,0.0</coordinates>
            </Point>
        </Placemark>
        <Placemark id="559">
            <name>Sample_279 (Gumparlapadu)</name>
            <description>District: SPSR NELLORE
Village: Gumparlapadu
N: 88.0, P: 1.5, K: 285.5, OC: 0.54</description>
            <Point id="558">
                <coordinates>79.704587,14.764503,0.0</coordinates>
            </Point>
        </Placemark>
        <Placemark id="561">
            <name>Sample_280 (Gumparlapadu)</name>
            <description>District: SPSR NELLORE
Village: Gumparlapadu
N: 238.0, P: 10.0, K: 471.8, OC: 0.06</description>
            <Point id="560">
                <coordinates>79.708107,14.764929,0.0</coordinates>
            </Point>
        </Placemark>
        <Placemark id="563">
            <name>Sample_281 (Gumparlapadu)</name>
            <description>District: SPSR NELLORE
Village: Gumparlapadu
N: 38.0, P: 4.6, K: 111.7, OC: 0.1</description>
            <Point id="562">
                <coordinates>79.710747,14.763992,0.0</coordinates>
            </Point>
        </Placemark>
        <Placemark id="565">
            <name>Sample_282 (Gumparlapadu)</name>
            <description>District: SPSR NELLORE
Village: Gumparlapadu
N: 151.0, P: 5.4, K: 173.8, OC: 0.43</description>
            <Point id="564">
                <coordinates>79.711715,14.762118,0.0</coordinates>
            </Point>
        </Placemark>
        <Placemark id="567">
            <name>Sample_283 (Gumparlapadu)</name>
            <description>District: SPSR NELLORE
Village: Gumparlapadu
N: 151.0, P: 6.1, K: 285.5, OC: 0.19</description>
            <Point id="566">
                <coordinates>79.704763,14.761778,0.0</coordinates>
            </Point>
        </Placemark>
        <Placemark id="569">
            <name>Sample_284 (Gumparlapadu)</name>
            <description>District: SPSR NELLORE
Village: Gumparlapadu
N: 125.0, P: 0.8, K: 446.9, OC: 0.54</description>
            <Point id="568">
                <coordinates>79.711715,14.759563,0.0</coordinates>
            </Point>
        </Placemark>
        <Placemark id="571">
            <name>Sample_285 (Gumparlapadu)</name>
            <description>District: SPSR NELLORE
Village: Gumparlapadu
N: 163.0, P: 4.6, K: 446.9, OC: 0.43</description>
            <Point id="570">
                <coordinates>79.710659,14.756678,0.0</coordinates>
            </Point>
        </Placemark>
        <Placemark id="573">
            <name>Sample_286 (Gumparlapadu)</name>
            <description>District: SPSR NELLORE
Village: Gumparlapadu
N: 138.0, P: 6.1, K: 453.1, OC: 0.53</description>
            <Point id="572">
                <coordinates>79.712243,14.755656,0.0</coordinates>
            </Point>
        </Placemark>
        <Placemark id="575">
            <name>Sample_287 (Gumparlapadu)</name>
            <description>District: SPSR NELLORE
Village: Gumparlapadu
N: 163.0, P: 6.1, K: 105.5, OC: 1.21</description>
            <Point id="574">
                <coordinates>79.709867,14.754464,0.0</coordinates>
            </Point>
        </Placemark>
        <Placemark id="577">
            <name>Sample_288 (Gumparlapadu)</name>
            <description>District: SPSR NELLORE
Village: Gumparlapadu
N: 176.0, P: 9.2, K: 428.3, OC: 1.4</description>
            <Point id="576">
                <coordinates>79.727731,14.754038,0.0</coordinates>
            </Point>
        </Placemark>
        <Placemark id="579">
            <name>Sample_289 (Gumparlapadu)</name>
            <description>District: SPSR NELLORE
Village: Gumparlapadu
N: 188.0, P: 7.7, K: 260.7, OC: 0.44</description>
            <Point id="578">
                <coordinates>79.700714,14.758297,0.0</coordinates>
            </Point>
        </Placemark>
        <Placemark id="581">
            <name>Sample_290 (Gundemadakala)</name>
            <description>District: SPSR NELLORE
Village: Gundemadakala
N: 88.0, P: 45.31, K: 86.9, OC: 0.27</description>
            <Point id="580">
                <coordinates>79.497429,14.78503,0.0</coordinates>
            </Point>
        </Placemark>
        <Placemark id="583">
            <name>Sample_291 (Gundemadakala)</name>
            <description>District: SPSR NELLORE
Village: Gundemadakala
N: 100.0, P: 16.9, K: 248.3, OC: 0.39</description>
            <Point id="582">
                <coordinates>79.49633,14.786381,0.0</coordinates>
            </Point>
        </Placemark>
        <Placemark id="585">
            <name>Sample_292 (Gundemadakala)</name>
            <description>District: SPSR NELLORE
Village: Gundemadakala
N: 63.0, P: 0.8, K: 198.6, OC: 0.35</description>
            <Point id="584">
                <coordinates>79.495024,14.784847,0.0</coordinates>
            </Point>
        </Placemark>
        <Placemark id="587">
            <name>Sample_293 (Gundemadakala)</name>
            <description>District: SPSR NELLORE
Village: Gundemadakala
N: 25.0, P: 26.1, K: 149.0, OC: 0.41</description>
            <Point id="586">
                <coordinates>79.492269,14.785344,0.0</coordinates>
            </Point>
        </Placemark>
        <Placemark id="589">
            <name>Sample_294 (Gundemadakala)</name>
            <description>District: SPSR NELLORE
Village: Gundemadakala
N: 138.0, P: 5.4, K: 316.6, OC: 0.36</description>
            <Point id="588">
                <coordinates>79.492447,14.78661,0.0</coordinates>
            </Point>
        </Placemark>
        <Placemark id="591">
            <name>Sample_295 (Gundemadakala)</name>
            <description>District: SPSR NELLORE
Village: Gundemadakala
N: 138.0, P: 5.4, K: 316.6, OC: 0.36</description>
            <Point id="590">
                <coordinates>79.491495,14.786552,0.0</coordinates>
            </Point>
        </Placemark>
        <Placemark id="593">
            <name>Sample_296 (Gundemadakala)</name>
            <description>District: SPSR NELLORE
Village: Gundemadakala
N: 25.0, P: 50.69, K: 260.7, OC: 0.15</description>
            <Point id="592">
                <coordinates>79.4909,14.785632,0.0</coordinates>
            </Point>
        </Placemark>
        <Placemark id="595">
            <name>Sample_297 (Gundemadakala)</name>
            <description>District: SPSR NELLORE
Village: Gundemadakala
N: 25.0, P: 26.1, K: 149.0, OC: 0.41</description>
            <Point id="594">
                <coordinates>79.49209,14.785459,0.0</coordinates>
            </Point>
        </Placemark>
        <Placemark id="597">
            <name>Sample_298 (Gundemadakala)</name>
            <description>District: SPSR NELLORE
Village: Gundemadakala
N: 25.0, P: 50.69, K: 260.7, OC: 0.15</description>
            <Point id="596">
                <coordinates>79.491793,14.784596,0.0</coordinates>
            </Point>
        </Placemark>
        <Placemark id="599">
            <name>Sample_299 (Gundemadakala)</name>
            <description>District: SPSR NELLORE
Village: Gundemadakala
N: 13.0, P: 36.1, K: 130.4, OC: 0.24</description>
            <Point id="598">
                <coordinates>79.492805,14.78333,0.0</coordinates>
            </Point>
        </Placemark>
        <Placemark id="601">
            <name>Sample_300 (Gundemadakala)</name>
            <description>District: SPSR NELLORE
Village: Gundemadakala
N: 113.0, P: 11.5, K: 12.4, OC: 0.44</description>
            <Point id="600">
                <coordinates>79.49453,14.782409,0.0</coordinates>
            </Point>
        </Placemark>
        <Placemark id="603">
            <name>Sample_301 (Gundemadakala)</name>
            <description>District: SPSR NELLORE
Village: Gundemadakala
N: 151.0, P: 31.5, K: 397.3, OC: 0.15</description>
            <Point id="602">
                <coordinates>79.489769,14.781086,0.0</coordinates>
            </Point>
        </Placemark>
        <Placemark id="605">
            <name>Sample_302 (Gundemadakala)</name>
            <description>District: SPSR NELLORE
Village: Gundemadakala
N: 100.0, P: 22.3, K: 155.2, OC: 0.39</description>
            <Point id="604">
                <coordinates>79.48239,14.781891,0.0</coordinates>
            </Point>
        </Placemark>
        <Placemark id="607">
            <name>Sample_303 (Gundemadakala)</name>
            <description>District: SPSR NELLORE
Village: Gundemadakala
N: 50.0, P: 16.9, K: 111.7, OC: 0.53</description>
            <Point id="606">
                <coordinates>79.48114,14.782582,0.0</coordinates>
            </Point>
        </Placemark>
        <Placemark id="609">
            <name>Sample_304 (Gundemadakala)</name>
            <description>District: SPSR NELLORE
Village: Gundemadakala
N: 100.0, P: 22.3, K: 155.2, OC: 0.39</description>
            <Point id="608">
                <coordinates>79.482271,14.781661,0.0</coordinates>
            </Point>
        </Placemark>
        <Placemark id="611">
            <name>Sample_305 (Gundemadakala)</name>
            <description>District: SPSR NELLORE
Village: Gundemadakala
N: 100.0, P: 59.1, K: 62.1, OC: 0.21</description>
            <Point id="610">
                <coordinates>79.482093,14.785862,0.0</coordinates>
            </Point>
        </Placemark>
        <Placemark id="613">
            <name>Sample_306 (Gundemadakala)</name>
            <description>District: SPSR NELLORE
Village: Gundemadakala
N: 176.0, P: 5.4, K: 211.0, OC: 0.45</description>
            <Point id="612">
                <coordinates>79.47876,14.784193,0.0</coordinates>
            </Point>
        </Placemark>
        <Placemark id="615">
            <name>Sample_307 (Gundemadakala)</name>
            <description>District: SPSR NELLORE
Village: Gundemadakala
N: 38.0, P: 9.2, K: 117.9, OC: 0.24</description>
            <Point id="614">
                <coordinates>79.47632,14.78287,0.0</coordinates>
            </Point>
        </Placemark>
        <Placemark id="617">
            <name>Sample_308 (Gundemadakala)</name>
            <description>District: SPSR NELLORE
Village: Gundemadakala
N: 50.0, P: 16.9, K: 111.7, OC: 0.53</description>
            <Point id="616">
                <coordinates>79.480843,14.782409,0.0</coordinates>
            </Point>
        </Placemark>
        <Placemark id="619">
            <name>Sample_309 (Gundemadakala)</name>
            <description>District: SPSR NELLORE
Village: Gundemadakala
N: 38.0, P: 11.5, K: 130.4, OC: 0.27</description>
            <Point id="618">
                <coordinates>79.477451,14.780626,0.0</coordinates>
            </Point>
        </Placemark>
        <Placemark id="621">
            <name>Sample_310 (Jagamreddi)</name>
            <description>District: SPSR NELLORE
Village: Jagamreddi
N: 25.0, P: 1.5, K: 147.5, OC: 0.36</description>
            <Point id="620">
                <coordinates>79.716724,15.111875,0.0</coordinates>
            </Point>
        </Placemark>
        <Placemark id="623">
            <name>Sample_311 (Jagamreddi)</name>
            <description>District: SPSR NELLORE
Village: Jagamreddi
N: 113.0, P: 13.1, K: 316.0, OC: 0.56</description>
            <Point id="622">
                <coordinates>79.698258,15.116177,0.0</coordinates>
            </Point>
        </Placemark>
        <Placemark id="625">
            <name>Sample_312 (Jagamreddi)</name>
            <description>District: SPSR NELLORE
Village: Jagamreddi
N: 138.0, P: 37.6, K: 182.6, OC: 0.28</description>
            <Point id="624">
                <coordinates>79.72271,15.086065,0.0</coordinates>
            </Point>
        </Placemark>
        <Placemark id="627">
            <name>Sample_313 (Jagamreddi)</name>
            <description>District: SPSR NELLORE
Village: Jagamreddi
N: 151.0, P: 63.0, K: 259.9, OC: 0.28</description>
            <Point id="626">
                <coordinates>79.7222,15.082991,0.0</coordinates>
            </Point>
        </Placemark>
        <Placemark id="629">
            <name>Sample_314 (Jaladanki)</name>
            <description>District: SPSR NELLORE
Village: Jaladanki
N: 163.0, P: 20.6, K: 70.2, OC: 0.57</description>
            <Point id="628">
                <coordinates>79.885454,14.915607,0.0</coordinates>
            </Point>
        </Placemark>
        <Placemark id="631">
            <name>Sample_315 (Jaladanki)</name>
            <description>District: SPSR NELLORE
Village: Jaladanki
N: 176.0, P: 3.5, K: 305.0, OC: 0.32</description>
            <Point id="630">
                <coordinates>79.885116,14.913226,0.0</coordinates>
            </Point>
        </Placemark>
        <Placemark id="633">
            <name>Sample_316 (Jaladanki)</name>
            <description>District: SPSR NELLORE
Village: Jaladanki
N: 25.0, P: 44.6, K: 168.6, OC: 0.47</description>
            <Point id="632">
                <coordinates>79.887708,14.907891,0.0</coordinates>
            </Point>
        </Placemark>
        <Placemark id="635">
            <name>Sample_317 (Jaladanki)</name>
            <description>District: SPSR NELLORE
Village: Jaladanki
N: 163.0, P: 9.4, K: 126.4, OC: 0.8</description>
            <Point id="634">
                <coordinates>79.887483,14.903972,0.0</coordinates>
            </Point>
        </Placemark>
        <Placemark id="637">
            <name>Sample_318 (Jaladanki)</name>
            <description>District: SPSR NELLORE
Village: Jaladanki
N: 113.0, P: 85.8, K: 119.4, OC: 0.8</description>
            <Point id="636">
                <coordinates>79.888271,14.90027,0.0</coordinates>
            </Point>
        </Placemark>
        <Placemark id="639">
            <name>Sample_319 (Jaladanki)</name>
            <description>District: SPSR NELLORE
Village: Jaladanki
N: 38.0, P: 2.9, K: 119.4, OC: 0.65</description>
            <Point id="638">
                <coordinates>79.890525,14.898855,0.0</coordinates>
            </Point>
        </Placemark>
        <Placemark id="641">
            <name>Sample_320 (Jaladanki)</name>
            <description>District: SPSR NELLORE
Village: Jaladanki
N: 38.0, P: 2.9, K: 119.4, OC: 0.65</description>
            <Point id="640">
                <coordinates>79.89199,14.899943,0.0</coordinates>
            </Point>
        </Placemark>
        <Placemark id="643">
            <name>Sample_321 (Jaladanki)</name>
            <description>District: SPSR NELLORE
Village: Jaladanki
N: 50.0, P: 6.5, K: 77.3, OC: 0.87</description>
            <Point id="642">
                <coordinates>79.893794,14.899508,0.0</coordinates>
            </Point>
        </Placemark>
        <Placemark id="645">
            <name>Sample_322 (Jaladanki)</name>
            <description>District: SPSR NELLORE
Village: Jaladanki
N: 100.0, P: 18.8, K: 168.6, OC: 0.95</description>
            <Point id="644">
                <coordinates>79.896273,14.899508,0.0</coordinates>
            </Point>
        </Placemark>
        <Placemark id="647">
            <name>Sample_323 (Jaladanki)</name>
            <description>District: SPSR NELLORE
Village: Jaladanki
N: 125.0, P: 8.8, K: 273.9, OC: 0.71</description>
            <Point id="646">
                <coordinates>79.893262,14.891141,0.0</coordinates>
            </Point>
        </Placemark>
        <Placemark id="649">
            <name>Sample_324 (Jaladanki)</name>
            <description>District: SPSR NELLORE
Village: Jaladanki
N: 176.0, P: 105.7, K: 168.6, OC: 0.47</description>
            <Point id="648">
                <coordinates>79.899235,14.88619,0.0</coordinates>
            </Point>
        </Placemark>
        <Placemark id="651">
            <name>Sample_325 (Jaladanki)</name>
            <description>District: SPSR NELLORE
Village: Jaladanki
N: 138.0, P: 0.6, K: 49.2, OC: 0.65</description>
            <Point id="650">
                <coordinates>79.901602,14.886953,0.0</coordinates>
            </Point>
        </Placemark>
        <Placemark id="653">
            <name>Sample_326 (Jaladanki)</name>
            <description>District: SPSR NELLORE
Village: Jaladanki
N: 13.0, P: 21.1, K: 154.5, OC: 0.28</description>
            <Point id="652">
                <coordinates>79.90318,14.885973,0.0</coordinates>
            </Point>
        </Placemark>
        <Placemark id="655">
            <name>Sample_327 (Jaladanki)</name>
            <description>District: SPSR NELLORE
Village: Jaladanki
N: 88.0, P: 20.0, K: 49.2, OC: 0.58</description>
            <Point id="654">
                <coordinates>79.909152,14.887388,0.0</coordinates>
            </Point>
        </Placemark>
        <Placemark id="657">
            <name>Sample_328 (Jaladanki)</name>
            <description>District: SPSR NELLORE
Village: Jaladanki
N: 63.0, P: 55.8, K: 575.9, OC: 0.56</description>
            <Point id="656">
                <coordinates>79.907462,14.883686,0.0</coordinates>
            </Point>
        </Placemark>
        <Placemark id="659">
            <name>Sample_329 (Jaladanki)</name>
            <description>District: SPSR NELLORE
Village: Jaladanki
N: 138.0, P: 63.4, K: 407.3, OC: 0.66</description>
            <Point id="658">
                <coordinates>79.910505,14.882706,0.0</coordinates>
            </Point>
        </Placemark>
        <Placemark id="661">
            <name>Sample_330 (Jaladanki)</name>
            <description>District: SPSR NELLORE
Village: Jaladanki
N: 138.0, P: 63.4, K: 407.3, OC: 0.66</description>
            <Point id="660">
                <coordinates>79.912083,14.881835,0.0</coordinates>
            </Point>
        </Placemark>
        <Placemark id="663">
            <name>Sample_331 (Jaladanki)</name>
            <description>District: SPSR NELLORE
Village: Jaladanki
N: 163.0, P: 13.5, K: 105.3, OC: 0.11</description>
            <Point id="662">
                <coordinates>79.900024,14.881508,0.0</coordinates>
            </Point>
        </Placemark>
        <Placemark id="665">
            <name>Sample_332 (Jaladanki)</name>
            <description>District: SPSR NELLORE
Village: Jaladanki
N: 25.0, P: 67.0, K: 84.3, OC: 0.53</description>
            <Point id="664">
                <coordinates>79.903968,14.882379,0.0</coordinates>
            </Point>
        </Placemark>
        <Placemark id="667">
            <name>Sample_333 (Jaladanki)</name>
            <description>District: SPSR NELLORE
Village: Jaladanki
N: 63.0, P: 55.8, K: 575.9, OC: 0.56</description>
            <Point id="666">
                <coordinates>79.907687,14.882053,0.0</coordinates>
            </Point>
        </Placemark>
        <Placemark id="669">
            <name>Sample_334 (Jaladanki)</name>
            <description>District: SPSR NELLORE
Village: Jaladanki
N: 25.0, P: 67.0, K: 84.3, OC: 0.53</description>
            <Point id="668">
                <coordinates>79.904194,14.880746,0.0</coordinates>
            </Point>
        </Placemark>
        <Placemark id="671">
            <name>Sample_335 (Jaladanki)</name>
            <description>District: SPSR NELLORE
Village: Jaladanki
N: 213.0, P: 11.7, K: 280.9, OC: 0.34</description>
            <Point id="670">
                <coordinates>79.905433,14.879766,0.0</coordinates>
            </Point>
        </Placemark>
        <Placemark id="673">
            <name>Sample_336 (Jaladanki)</name>
            <description>District: SPSR NELLORE
Village: Jaladanki
N: 25.0, P: 19.4, K: 126.4, OC: 0.75</description>
            <Point id="672">
                <coordinates>79.90194,14.876282,0.0</coordinates>
            </Point>
        </Placemark>
        <Placemark id="675">
            <name>Sample_337 (Jorepalle)</name>
            <description>District: SPSR NELLORE
Village: Jorepalle
N: 63.0, P: 11.5, K: 111.7, OC: 0.41</description>
            <Point id="674">
                <coordinates>79.592833,14.156669,0.0</coordinates>
            </Point>
        </Placemark>
        <Placemark id="677">
            <name>Sample_338 (Jorepalle)</name>
            <description>District: SPSR NELLORE
Village: Jorepalle
N: 63.0, P: 11.5, K: 111.7, OC: 0.41</description>
            <Point id="676">
                <coordinates>79.59325,14.156444,0.0</coordinates>
            </Point>
        </Placemark>
        <Placemark id="679">
            <name>Sample_339 (Jorepalle)</name>
            <description>District: SPSR NELLORE
Village: Jorepalle
N: 201.0, P: 9.2, K: 68.3, OC: 0.38</description>
            <Point id="678">
                <coordinates>79.593975,14.15574,0.0</coordinates>
            </Point>
        </Placemark>
        <Placemark id="681">
            <name>Sample_340 (Jorepalle)</name>
            <description>District: SPSR NELLORE
Village: Jorepalle
N: 201.0, P: 9.2, K: 68.3, OC: 0.38</description>
            <Point id="680">
                <coordinates>79.594586,14.155667,0.0</coordinates>
            </Point>
        </Placemark>
        <Placemark id="683">
            <name>Sample_341 (Jorepalle)</name>
            <description>District: SPSR NELLORE
Village: Jorepalle
N: 201.0, P: 9.2, K: 68.3, OC: 0.38</description>
            <Point id="682">
                <coordinates>79.594032,14.155398,0.0</coordinates>
            </Point>
        </Placemark>
        <Placemark id="685">
            <name>Sample_342 (Jorepalle)</name>
            <description>District: SPSR NELLORE
Village: Jorepalle
N: 201.0, P: 9.2, K: 68.3, OC: 0.38</description>
            <Point id="684">
                <coordinates>79.594032,14.155321,0.0</coordinates>
            </Point>
        </Placemark>
        <Placemark id="687">
            <name>Sample_343 (Jorepalle)</name>
            <description>District: SPSR NELLORE
Village: Jorepalle
N: 201.0, P: 9.2, K: 68.3, OC: 0.38</description>
            <Point id="686">
                <coordinates>79.593924,14.155272,0.0</coordinates>
            </Point>
        </Placemark>
        <Placemark id="689">
            <name>Sample_344 (Jorepalle)</name>
            <description>District: SPSR NELLORE
Village: Jorepalle
N: 201.0, P: 9.2, K: 68.3, OC: 0.38</description>
            <Point id="688">
                <coordinates>79.593935,14.155178,0.0</coordinates>
            </Point>
        </Placemark>
        <Placemark id="691">
            <name>Sample_345 (Jorepalle)</name>
            <description>District: SPSR NELLORE
Village: Jorepalle
N: 201.0, P: 9.2, K: 68.3, OC: 0.38</description>
            <Point id="690">
                <coordinates>79.593601,14.155091,0.0</coordinates>
            </Point>
        </Placemark>
        <Placemark id="693">
            <name>Sample_346 (Jorepalle)</name>
            <description>District: SPSR NELLORE
Village: Jorepalle
N: 63.0, P: 13.8, K: 86.9, OC: 0.2</description>
            <Point id="692">
                <coordinates>79.595266,14.154921,0.0</coordinates>
            </Point>
        </Placemark>
        <Placemark id="695">
            <name>Sample_347 (Jorepalle)</name>
            <description>District: SPSR NELLORE
Village: Jorepalle
N: 201.0, P: 9.2, K: 68.3, OC: 0.38</description>
            <Point id="694">
                <coordinates>79.594603,14.15503,0.0</coordinates>
            </Point>
        </Placemark>
        <Placemark id="697">
            <name>Sample_348 (Jorepalle)</name>
            <description>District: SPSR NELLORE
Village: Jorepalle
N: 63.0, P: 11.5, K: 111.7, OC: 0.41</description>
            <Point id="696">
                <coordinates>79.593414,14.157769,0.0</coordinates>
            </Point>
        </Placemark>
        <Placemark id="699">
            <name>Sample_349 (Jorepalle)</name>
            <description>District: SPSR NELLORE
Village: Jorepalle
N: 125.0, P: 30.0, K: 105.5, OC: 0.25</description>
            <Point id="698">
                <coordinates>79.593158,14.153857,0.0</coordinates>
            </Point>
        </Placemark>
        <Placemark id="701">
            <name>Sample_350 (Jorepalle)</name>
            <description>District: SPSR NELLORE
Village: Jorepalle
N: 125.0, P: 30.0, K: 105.5, OC: 0.25</description>
            <Point id="700">
                <coordinates>79.592869,14.154583,0.0</coordinates>
            </Point>
        </Placemark>
        <Placemark id="703">
            <name>Sample_351 (Jorepalle)</name>
            <description>District: SPSR NELLORE
Village: Jorepalle
N: 125.0, P: 30.0, K: 105.5, OC: 0.25</description>
            <Point id="702">
                <coordinates>79.592756,14.154372,0.0</coordinates>
            </Point>
        </Placemark>
        <Placemark id="705">
            <name>Sample_352 (Jorepalle)</name>
            <description>District: SPSR NELLORE
Village: Jorepalle
N: 151.0, P: 3.8, K: 117.9, OC: 0.2</description>
            <Point id="704">
                <coordinates>79.593045,14.154323,0.0</coordinates>
            </Point>
        </Placemark>
        <Placemark id="707">
            <name>Sample_353 (Jorepalle)</name>
            <description>District: SPSR NELLORE
Village: Jorepalle
N: 151.0, P: 3.8, K: 117.9, OC: 0.2</description>
            <Point id="706">
                <coordinates>79.593045,14.154142,0.0</coordinates>
            </Point>
        </Placemark>
        <Placemark id="709">
            <name>Sample_354 (Jorepalle)</name>
            <description>District: SPSR NELLORE
Village: Jorepalle
N: 125.0, P: 30.0, K: 105.5, OC: 0.25</description>
            <Point id="708">
                <coordinates>79.592762,14.153966,0.0</coordinates>
            </Point>
        </Placemark>
        <Placemark id="711">
            <name>Sample_355 (Jorepalle)</name>
            <description>District: SPSR NELLORE
Village: Jorepalle
N: 125.0, P: 30.0, K: 105.5, OC: 0.25</description>
            <Point id="710">
                <coordinates>79.59313,14.153873,0.0</coordinates>
            </Point>
        </Placemark>
        <Placemark id="713">
            <name>Sample_356 (Jorepalle)</name>
            <description>District: SPSR NELLORE
Village: Jorepalle
N: 201.0, P: 9.2, K: 68.3, OC: 0.38</description>
            <Point id="712">
                <coordinates>79.5942,14.155245,0.0</coordinates>
            </Point>
        </Placemark>
        <Placemark id="715">
            <name>Sample_357 (Karedu)</name>
            <description>District: SPSR NELLORE
Village: Karedu
N: 113.0, P: 5.9, K: 35.1, OC: 0.97</description>
            <Point id="714">
                <coordinates>80.017182,15.196752,0.0</coordinates>
            </Point>
        </Placemark>
        <Placemark id="717">
            <name>Sample_358 (Karedu)</name>
            <description>District: SPSR NELLORE
Village: Karedu
N: 50.0, P: 18.2, K: 21.1, OC: 0.39</description>
            <Point id="716">
                <coordinates>80.02483,15.199102,0.0</coordinates>
            </Point>
        </Placemark>
        <Placemark id="719">
            <name>Sample_359 (Karedu)</name>
            <description>District: SPSR NELLORE
Village: Karedu
N: 213.0, P: 45.2, K: 42.1, OC: 0.34</description>
            <Point id="718">
                <coordinates>80.031415,15.195822,0.0</coordinates>
            </Point>
        </Placemark>
        <Placemark id="721">
            <name>Sample_360 (Karedu)</name>
            <description>District: SPSR NELLORE
Village: Karedu
N: 163.0, P: 24.7, K: 21.1, OC: 0.89</description>
            <Point id="720">
                <coordinates>80.048835,15.189469,0.0</coordinates>
            </Point>
        </Placemark>
        <Placemark id="723">
            <name>Sample_361 (Karedu)</name>
            <description>District: SPSR NELLORE
Village: Karedu
N: 151.0, P: 4.1, K: 28.1, OC: 0.79</description>
            <Point id="722">
                <coordinates>80.053084,15.187829,0.0</coordinates>
            </Point>
        </Placemark>
        <Placemark id="725">
            <name>Sample_362 (Karedu)</name>
            <description>District: SPSR NELLORE
Village: Karedu
N: 238.0, P: 31.13, K: 63.2, OC: 0.89</description>
            <Point id="724">
                <coordinates>80.035239,15.189469,0.0</coordinates>
            </Point>
        </Placemark>
        <Placemark id="727">
            <name>Sample_363 (Karedu)</name>
            <description>District: SPSR NELLORE
Village: Karedu
N: 401.0, P: 36.42, K: 49.2, OC: 0.78</description>
            <Point id="726">
                <coordinates>80.062219,15.183525,0.0</coordinates>
            </Point>
        </Placemark>
        <Placemark id="729">
            <name>Sample_364 (Karedu)</name>
            <description>District: SPSR NELLORE
Village: Karedu
N: 263.0, P: 14.7, K: 28.1, OC: 0.52</description>
            <Point id="728">
                <coordinates>80.070079,15.179835,0.0</coordinates>
            </Point>
        </Placemark>
        <Placemark id="731">
            <name>Sample_365 (Karedu)</name>
            <description>District: SPSR NELLORE
Village: Karedu
N: 201.0, P: 10.0, K: 49.2, OC: 0.53</description>
            <Point id="730">
                <coordinates>80.062856,15.168356,0.0</coordinates>
            </Point>
        </Placemark>
        <Placemark id="733">
            <name>Sample_366 (Karedu)</name>
            <description>District: SPSR NELLORE
Village: Karedu
N: 214.0, P: 13.5, K: 42.1, OC: 0.47</description>
            <Point id="732">
                <coordinates>80.036543,15.192879,0.0</coordinates>
            </Point>
        </Placemark>
        <Placemark id="735">
            <name>Sample_367 (Karedu)</name>
            <description>District: SPSR NELLORE
Village: Karedu
N: 88.0, P: 11.2, K: 42.1, OC: 0.27</description>
            <Point id="734">
                <coordinates>80.036484,15.191632,0.0</coordinates>
            </Point>
        </Placemark>
        <Placemark id="737">
            <name>Sample_368 (Karedu)</name>
            <description>District: SPSR NELLORE
Village: Karedu
N: 238.0, P: 31.13, K: 63.2, OC: 0.89</description>
            <Point id="736">
                <coordinates>80.034251,15.189647,0.0</coordinates>
            </Point>
        </Placemark>
        <Placemark id="739">
            <name>Sample_369 (Karedu)</name>
            <description>District: SPSR NELLORE
Village: Karedu
N: 401.0, P: 11.2, K: 56.2, OC: 0.43</description>
            <Point id="738">
                <coordinates>80.032723,15.186415,0.0</coordinates>
            </Point>
        </Placemark>
        <Placemark id="741">
            <name>Sample_370 (Karedu)</name>
            <description>District: SPSR NELLORE
Village: Karedu
N: 88.0, P: 10.0, K: 35.1, OC: 0.52</description>
            <Point id="740">
                <coordinates>80.032077,15.182219,0.0</coordinates>
            </Point>
        </Placemark>
        <Placemark id="743">
            <name>Sample_371 (Karedu)</name>
            <description>District: SPSR NELLORE
Village: Karedu
N: 339.0, P: 7.0, K: 38.1, OC: 0.98</description>
            <Point id="742">
                <coordinates>80.035074,15.181879,0.0</coordinates>
            </Point>
        </Placemark>
        <Placemark id="745">
            <name>Sample_372 (Karedu)</name>
            <description>District: SPSR NELLORE
Village: Karedu
N: 151.0, P: 34.07, K: 49.2, OC: 0.34</description>
            <Point id="744">
                <coordinates>80.037484,15.180574,0.0</coordinates>
            </Point>
        </Placemark>
        <Placemark id="747">
            <name>Sample_373 (Karedu)</name>
            <description>District: SPSR NELLORE
Village: Karedu
N: 188.0, P: 4.1, K: 35.1, OC: 0.43</description>
            <Point id="746">
                <coordinates>80.033663,15.17961,0.0</coordinates>
            </Point>
        </Placemark>
        <Placemark id="749">
            <name>Sample_374 (Karedu)</name>
            <description>District: SPSR NELLORE
Village: Karedu
N: 213.0, P: 15.9, K: 35.1, OC: 0.3</description>
            <Point id="748">
                <coordinates>80.030607,15.17876,0.0</coordinates>
            </Point>
        </Placemark>
        <Placemark id="751">
            <name>Sample_375 (Karedu)</name>
            <description>District: SPSR NELLORE
Village: Karedu
N: 163.0, P: 20.0, K: 35.1, OC: 0.26</description>
            <Point id="750">
                <coordinates>80.024613,15.177909,0.0</coordinates>
            </Point>
        </Placemark>
        <Placemark id="753">
            <name>Sample_376 (Karedu)</name>
            <description>District: SPSR NELLORE
Village: Karedu
N: 138.0, P: 11.2, K: 49.2, OC: 0.41</description>
            <Point id="752">
                <coordinates>80.021909,15.177796,0.0</coordinates>
            </Point>
        </Placemark>
        <Placemark id="755">
            <name>Sample_377 (Karedu)</name>
            <description>District: SPSR NELLORE
Village: Karedu
N: 113.0, P: 45.2, K: 49.2, OC: 0.36</description>
            <Point id="754">
                <coordinates>80.015738,15.173373,0.0</coordinates>
            </Point>
        </Placemark>
        <Placemark id="757">
            <name>Sample_378 (Karedu)</name>
            <description>District: SPSR NELLORE
Village: Karedu
N: 301.0, P: 15.9, K: 49.2, OC: 0.46</description>
            <Point id="756">
                <coordinates>80.005442,15.143821,0.0</coordinates>
            </Point>
        </Placemark>
        <Placemark id="759">
            <name>Sample_379 (Katepalle)</name>
            <description>District: SPSR NELLORE
Village: Katepalle
N: 63.0, P: 13.1, K: 49.7, OC: 0.3</description>
            <Point id="758">
                <coordinates>79.587977,14.917555,0.0</coordinates>
            </Point>
        </Placemark>
        <Placemark id="761">
            <name>Sample_380 (Katepalle)</name>
            <description>District: SPSR NELLORE
Village: Katepalle
N: 50.0, P: 9.2, K: 86.9, OC: 0.38</description>
            <Point id="760">
                <coordinates>79.587395,14.916373,0.0</coordinates>
            </Point>
        </Placemark>
        <Placemark id="763">
            <name>Sample_381 (Kavali Bit)</name>
            <description>District: SPSR NELLORE
Village: Kavali Bit
N: 100.0, P: 6.9, K: 434.0, OC: 0.15</description>
            <Point id="762">
                <coordinates>80.038315,14.944903,0.0</coordinates>
            </Point>
        </Placemark>
        <Placemark id="765">
            <name>Sample_382 (Kesavaram)</name>
            <description>District: SPSR NELLORE
Village: Kesavaram
N: 100.0, P: 60.5, K: 89.6, OC: 0.94</description>
            <Point id="764">
                <coordinates>79.815684,14.91982,0.0</coordinates>
            </Point>
        </Placemark>
        <Placemark id="767">
            <name>Sample_383 (Kollurupadu)</name>
            <description>District: SPSR NELLORE
Village: Kollurupadu
N: 276.0, P: 1.8, K: 28.1, OC: 0.14</description>
            <Point id="766">
                <coordinates>80.005474,15.170278,0.0</coordinates>
            </Point>
        </Placemark>
        <Placemark id="769">
            <name>Sample_384 (Kollurupadu)</name>
            <description>District: SPSR NELLORE
Village: Kollurupadu
N: 276.0, P: 1.8, K: 28.1, OC: 0.14</description>
            <Point id="768">
                <coordinates>80.005806,15.170125,0.0</coordinates>
            </Point>
        </Placemark>
        <Placemark id="771">
            <name>Sample_385 (Kollurupadu)</name>
            <description>District: SPSR NELLORE
Village: Kollurupadu
N: 276.0, P: 1.8, K: 28.1, OC: 0.14</description>
            <Point id="770">
                <coordinates>80.00549,15.170049,0.0</coordinates>
            </Point>
        </Placemark>
        <Placemark id="773">
            <name>Sample_386 (Kollurupadu)</name>
            <description>District: SPSR NELLORE
Village: Kollurupadu
N: 276.0, P: 1.8, K: 28.1, OC: 0.14</description>
            <Point id="772">
                <coordinates>80.00549,15.16982,0.0</coordinates>
            </Point>
        </Placemark>
        <Placemark id="775">
            <name>Sample_387 (Kollurupadu)</name>
            <description>District: SPSR NELLORE
Village: Kollurupadu
N: 276.0, P: 1.8, K: 28.1, OC: 0.14</description>
            <Point id="774">
                <coordinates>80.004984,15.169774,0.0</coordinates>
            </Point>
        </Placemark>
        <Placemark id="777">
            <name>Sample_388 (Komarika)</name>
            <description>District: SPSR NELLORE
Village: Komarika
N: 238.0, P: 57.6, K: 117.9, OC: 0.03</description>
            <Point id="776">
                <coordinates>80.113491,14.532324,0.0</coordinates>
            </Point>
        </Placemark>
        <Placemark id="779">
            <name>Sample_389 (Komarika)</name>
            <description>District: SPSR NELLORE
Village: Komarika
N: 213.0, P: 16.1, K: 173.8, OC: 0.19</description>
            <Point id="778">
                <coordinates>80.114266,14.531629,0.0</coordinates>
            </Point>
        </Placemark>
        <Placemark id="781">
            <name>Sample_390 (Komarika)</name>
            <description>District: SPSR NELLORE
Village: Komarika
N: 213.0, P: 16.1, K: 173.8, OC: 0.19</description>
            <Point id="780">
                <coordinates>80.114295,14.531407,0.0</coordinates>
            </Point>
        </Placemark>
        <Placemark id="783">
            <name>Sample_391 (Komarika)</name>
            <description>District: SPSR NELLORE
Village: Komarika
N: 213.0, P: 16.1, K: 173.8, OC: 0.19</description>
            <Point id="782">
                <coordinates>80.114495,14.532439,0.0</coordinates>
            </Point>
        </Placemark>
        <Placemark id="785">
            <name>Sample_392 (Komarika)</name>
            <description>District: SPSR NELLORE
Village: Komarika
N: 213.0, P: 16.1, K: 173.8, OC: 0.19</description>
            <Point id="784">
                <coordinates>80.114519,14.532326,0.0</coordinates>
            </Point>
        </Placemark>
        <Placemark id="787">
            <name>Sample_393 (Kothapalle)</name>
            <description>District: SPSR NELLORE
Village: Kothapalle
N: 226.0, P: 4.6, K: 621.0, OC: 0.1</description>
            <Point id="786">
                <coordinates>79.907596,14.944241,0.0</coordinates>
            </Point>
        </Placemark>
        <Placemark id="789">
            <name>Sample_394 (Koturupadu)</name>
            <description>District: SPSR NELLORE
Village: Koturupadu
N: 188.0, P: 15.4, K: 341.4, OC: 0.23</description>
            <Point id="788">
                <coordinates>79.553736,14.173949,0.0</coordinates>
            </Point>
        </Placemark>
        <Placemark id="791">
            <name>Sample_395 (Koturupadu)</name>
            <description>District: SPSR NELLORE
Village: Koturupadu
N: 188.0, P: 15.4, K: 341.4, OC: 0.23</description>
            <Point id="790">
                <coordinates>79.553757,14.173948,0.0</coordinates>
            </Point>
        </Placemark>
        <Placemark id="793">
            <name>Sample_396 (Koturupadu)</name>
            <description>District: SPSR NELLORE
Village: Koturupadu
N: 100.0, P: 16.1, K: 335.2, OC: 0.39</description>
            <Point id="792">
                <coordinates>79.553626,14.173866,0.0</coordinates>
            </Point>
        </Placemark>
        <Placemark id="795">
            <name>Sample_397 (Koturupadu)</name>
            <description>District: SPSR NELLORE
Village: Koturupadu
N: 100.0, P: 16.1, K: 335.2, OC: 0.39</description>
            <Point id="794">
                <coordinates>79.553674,14.173833,0.0</coordinates>
            </Point>
        </Placemark>
        <Placemark id="797">
            <name>Sample_398 (Koturupadu)</name>
            <description>District: SPSR NELLORE
Village: Koturupadu
N: 100.0, P: 16.1, K: 335.2, OC: 0.39</description>
            <Point id="796">
                <coordinates>79.553673,14.173823,0.0</coordinates>
            </Point>
        </Placemark>
        <Placemark id="799">
            <name>Sample_399 (Koturupadu)</name>
            <description>District: SPSR NELLORE
Village: Koturupadu
N: 100.0, P: 16.1, K: 335.2, OC: 0.39</description>
            <Point id="798">
                <coordinates>79.553662,14.17382,0.0</coordinates>
            </Point>
        </Placemark>
        <Placemark id="801">
            <name>Sample_400 (Koturupadu)</name>
            <description>District: SPSR NELLORE
Village: Koturupadu
N: 100.0, P: 16.1, K: 335.2, OC: 0.39</description>
            <Point id="800">
                <coordinates>79.553738,14.173822,0.0</coordinates>
            </Point>
        </Placemark>
        <Placemark id="803">
            <name>Sample_401 (Koturupadu)</name>
            <description>District: SPSR NELLORE
Village: Koturupadu
N: 100.0, P: 16.1, K: 335.2, OC: 0.39</description>
            <Point id="802">
                <coordinates>79.553661,14.17382,0.0</coordinates>
            </Point>
        </Placemark>
        <Placemark id="805">
            <name>Sample_402 (Koturupadu)</name>
            <description>District: SPSR NELLORE
Village: Koturupadu
N: 100.0, P: 16.1, K: 335.2, OC: 0.39</description>
            <Point id="804">
                <coordinates>79.553667,14.173819,0.0</coordinates>
            </Point>
        </Placemark>
        <Placemark id="807">
            <name>Sample_403 (Koturupadu)</name>
            <description>District: SPSR NELLORE
Village: Koturupadu
N: 100.0, P: 16.1, K: 335.2, OC: 0.39</description>
            <Point id="806">
                <coordinates>79.553658,14.173811,0.0</coordinates>
            </Point>
        </Placemark>
        <Placemark id="809">
            <name>Sample_404 (Koturupadu)</name>
            <description>District: SPSR NELLORE
Village: Koturupadu
N: 100.0, P: 16.1, K: 335.2, OC: 0.39</description>
            <Point id="808">
                <coordinates>79.55367,14.17381,0.0</coordinates>
            </Point>
        </Placemark>
        <Placemark id="811">
            <name>Sample_405 (Koturupadu)</name>
            <description>District: SPSR NELLORE
Village: Koturupadu
N: 100.0, P: 16.1, K: 335.2, OC: 0.39</description>
            <Point id="810">
                <coordinates>79.553691,14.173805,0.0</coordinates>
            </Point>
        </Placemark>
        <Placemark id="813">
            <name>Sample_406 (KRajupalem)</name>
            <description>District: SPSR NELLORE
Village: KRajupalem
N: 314.0, P: 16.4, K: 35.1, OC: 0.3</description>
            <Point id="812">
                <coordinates>80.004035,15.169728,0.0</coordinates>
            </Point>
        </Placemark>
        <Placemark id="815">
            <name>Sample_407 (KRajupalem)</name>
            <description>District: SPSR NELLORE
Village: KRajupalem
N: 301.0, P: 28.2, K: 28.1, OC: 0.24</description>
            <Point id="814">
                <coordinates>79.975129,15.162735,0.0</coordinates>
            </Point>
        </Placemark>
        <Placemark id="817">
            <name>Sample_408 (KRajupalem)</name>
            <description>District: SPSR NELLORE
Village: KRajupalem
N: 301.0, P: 28.2, K: 28.1, OC: 0.24</description>
            <Point id="816">
                <coordinates>79.97503,15.162659,0.0</coordinates>
            </Point>
        </Placemark>
        <Placemark id="819">
            <name>Sample_409 (KRajupalem)</name>
            <description>District: SPSR NELLORE
Village: KRajupalem
N: 301.0, P: 28.2, K: 28.1, OC: 0.24</description>
            <Point id="818">
                <coordinates>79.974843,15.162625,0.0</coordinates>
            </Point>
        </Placemark>
        <Placemark id="821">
            <name>Sample_410 (KRajupalem)</name>
            <description>District: SPSR NELLORE
Village: KRajupalem
N: 301.0, P: 28.2, K: 28.1, OC: 0.24</description>
            <Point id="820">
                <coordinates>79.974751,15.162708,0.0</coordinates>
            </Point>
        </Placemark>
        <Placemark id="823">
            <name>Sample_411 (KRajupalem)</name>
            <description>District: SPSR NELLORE
Village: KRajupalem
N: 301.0, P: 28.2, K: 28.1, OC: 0.24</description>
            <Point id="822">
                <coordinates>79.974808,15.162706,0.0</coordinates>
            </Point>
        </Placemark>
        <Placemark id="825">
            <name>Sample_412 (KRajupalem)</name>
            <description>District: SPSR NELLORE
Village: KRajupalem
N: 301.0, P: 28.2, K: 28.1, OC: 0.24</description>
            <Point id="824">
                <coordinates>79.974876,15.162701,0.0</coordinates>
            </Point>
        </Placemark>
        <Placemark id="827">
            <name>Sample_413 (KRajupalem)</name>
            <description>District: SPSR NELLORE
Village: KRajupalem
N: 301.0, P: 28.2, K: 28.1, OC: 0.24</description>
            <Point id="826">
                <coordinates>79.97502,15.162674,0.0</coordinates>
            </Point>
        </Placemark>
        <Placemark id="829">
            <name>Sample_414 (KRajupalem)</name>
            <description>District: SPSR NELLORE
Village: KRajupalem
N: 301.0, P: 28.2, K: 28.1, OC: 0.24</description>
            <Point id="828">
                <coordinates>79.974922,15.162729,0.0</coordinates>
            </Point>
        </Placemark>
        <Placemark id="831">
            <name>Sample_415 (KRajupalem)</name>
            <description>District: SPSR NELLORE
Village: KRajupalem
N: 301.0, P: 28.2, K: 28.1, OC: 0.24</description>
            <Point id="830">
                <coordinates>79.974952,15.162706,0.0</coordinates>
            </Point>
        </Placemark>
        <Placemark id="833">
            <name>Sample_416 (KRajupalem)</name>
            <description>District: SPSR NELLORE
Village: KRajupalem
N: 301.0, P: 28.2, K: 28.1, OC: 0.24</description>
            <Point id="832">
                <coordinates>79.975024,15.162425,0.0</coordinates>
            </Point>
        </Placemark>
        <Placemark id="835">
            <name>Sample_417 (KRajupalem)</name>
            <description>District: SPSR NELLORE
Village: KRajupalem
N: 301.0, P: 28.2, K: 28.1, OC: 0.24</description>
            <Point id="834">
                <coordinates>79.974975,15.162359,0.0</coordinates>
            </Point>
        </Placemark>
        <Placemark id="837">
            <name>Sample_418 (KRajupalem)</name>
            <description>District: SPSR NELLORE
Village: KRajupalem
N: 301.0, P: 28.2, K: 28.1, OC: 0.24</description>
            <Point id="836">
                <coordinates>79.974943,15.162385,0.0</coordinates>
            </Point>
        </Placemark>
        <Placemark id="839">
            <name>Sample_419 (Krishnapatnam)</name>
            <description>District: SPSR NELLORE
Village: Krishnapatnam
N: 151.0, P: 6.5, K: 168.6, OC: 0.34</description>
            <Point id="838">
                <coordinates>80.055505,14.26375,0.0</coordinates>
            </Point>
        </Placemark>
        <Placemark id="841">
            <name>Sample_420 (Krishnapatnam)</name>
            <description>District: SPSR NELLORE
Village: Krishnapatnam
N: 151.0, P: 6.5, K: 168.6, OC: 0.34</description>
            <Point id="840">
                <coordinates>80.055512,14.263886,0.0</coordinates>
            </Point>
        </Placemark>
        <Placemark id="843">
            <name>Sample_421 (Krishnapatnam)</name>
            <description>District: SPSR NELLORE
Village: Krishnapatnam
N: 151.0, P: 6.5, K: 168.6, OC: 0.34</description>
            <Point id="842">
                <coordinates>80.056111,14.264031,0.0</coordinates>
            </Point>
        </Placemark>
        <Placemark id="845">
            <name>Sample_422 (Kunkuvaripalem)</name>
            <description>District: SPSR NELLORE
Village: Kunkuvaripalem
N: 113.0, P: 6.1, K: 347.6, OC: 0.12</description>
            <Point id="844">
                <coordinates>79.768006,14.938961,0.0</coordinates>
            </Point>
        </Placemark>
        <Placemark id="847">
            <name>Sample_423 (Lingasamudram)</name>
            <description>District: SPSR NELLORE
Village: Lingasamudram
N: 125.0, P: 14.6, K: 552.4, OC: 0.16</description>
            <Point id="846">
                <coordinates>79.703033,14.152696,0.0</coordinates>
            </Point>
        </Placemark>
        <Placemark id="849">
            <name>Sample_424 (Lingasamudram)</name>
            <description>District: SPSR NELLORE
Village: Lingasamudram
N: 125.0, P: 14.6, K: 552.4, OC: 0.16</description>
            <Point id="848">
                <coordinates>79.703136,14.152678,0.0</coordinates>
            </Point>
        </Placemark>
        <Placemark id="851">
            <name>Sample_425 (Lingasamudram)</name>
            <description>District: SPSR NELLORE
Village: Lingasamudram
N: 125.0, P: 14.6, K: 552.4, OC: 0.16</description>
            <Point id="850">
                <coordinates>79.703039,14.152551,0.0</coordinates>
            </Point>
        </Placemark>
        <Placemark id="853">
            <name>Sample_426 (Lingasamudram)</name>
            <description>District: SPSR NELLORE
Village: Lingasamudram
N: 125.0, P: 14.6, K: 552.4, OC: 0.16</description>
            <Point id="852">
                <coordinates>79.702982,14.152093,0.0</coordinates>
            </Point>
        </Placemark>
        <Placemark id="855">
            <name>Sample_427 (Lingasamudram)</name>
            <description>District: SPSR NELLORE
Village: Lingasamudram
N: 125.0, P: 14.6, K: 552.4, OC: 0.16</description>
            <Point id="854">
                <coordinates>79.703198,14.152016,0.0</coordinates>
            </Point>
        </Placemark>
        <Placemark id="857">
            <name>Sample_428 (Lingasamudram)</name>
            <description>District: SPSR NELLORE
Village: Lingasamudram
N: 125.0, P: 14.6, K: 552.4, OC: 0.16</description>
            <Point id="856">
                <coordinates>79.702913,14.151949,0.0</coordinates>
            </Point>
        </Placemark>
        <Placemark id="859">
            <name>Sample_429 (Lingasamudram)</name>
            <description>District: SPSR NELLORE
Village: Lingasamudram
N: 125.0, P: 14.6, K: 552.4, OC: 0.16</description>
            <Point id="858">
                <coordinates>79.702873,14.151833,0.0</coordinates>
            </Point>
        </Placemark>
        <Placemark id="861">
            <name>Sample_430 (Lingasamudram)</name>
            <description>District: SPSR NELLORE
Village: Lingasamudram
N: 125.0, P: 14.6, K: 552.4, OC: 0.16</description>
            <Point id="860">
                <coordinates>79.703945,14.151833,0.0</coordinates>
            </Point>
        </Placemark>
        <Placemark id="863">
            <name>Sample_431 (Lingasamudram)</name>
            <description>District: SPSR NELLORE
Village: Lingasamudram
N: 125.0, P: 14.6, K: 552.4, OC: 0.16</description>
            <Point id="862">
                <coordinates>79.703614,14.152413,0.0</coordinates>
            </Point>
        </Placemark>
        <Placemark id="865">
            <name>Sample_432 (Lingasamudram)</name>
            <description>District: SPSR NELLORE
Village: Lingasamudram
N: 125.0, P: 14.6, K: 552.4, OC: 0.16</description>
            <Point id="864">
                <coordinates>79.70358,14.152347,0.0</coordinates>
            </Point>
        </Placemark>
        <Placemark id="867">
            <name>Sample_433 (Lingasamudram)</name>
            <description>District: SPSR NELLORE
Village: Lingasamudram
N: 125.0, P: 14.6, K: 552.4, OC: 0.16</description>
            <Point id="866">
                <coordinates>79.703438,14.15227,0.0</coordinates>
            </Point>
        </Placemark>
        <Placemark id="869">
            <name>Sample_434 (Lingasamudram)</name>
            <description>District: SPSR NELLORE
Village: Lingasamudram
N: 125.0, P: 14.6, K: 552.4, OC: 0.16</description>
            <Point id="868">
                <coordinates>79.703284,14.152209,0.0</coordinates>
            </Point>
        </Placemark>
        <Placemark id="871">
            <name>Sample_435 (Lingasamudram)</name>
            <description>District: SPSR NELLORE
Village: Lingasamudram
N: 138.0, P: 18.4, K: 161.5, OC: 0.19</description>
            <Point id="870">
                <coordinates>79.712649,15.095407,0.0</coordinates>
            </Point>
        </Placemark>
        <Placemark id="873">
            <name>Sample_436 (Lingasamudram)</name>
            <description>District: SPSR NELLORE
Village: Lingasamudram
N: 113.0, P: 36.9, K: 463.5, OC: 0.05</description>
            <Point id="872">
                <coordinates>79.714941,15.092826,0.0</coordinates>
            </Point>
        </Placemark>
        <Placemark id="875">
            <name>Sample_437 (Lingasamudram)</name>
            <description>District: SPSR NELLORE
Village: Lingasamudram
N: 63.0, P: 79.2, K: 168.6, OC: 0.47</description>
            <Point id="874">
                <coordinates>79.719653,15.067255,0.0</coordinates>
            </Point>
        </Placemark>
        <Placemark id="877">
            <name>Sample_438 (Maddurupadu)</name>
            <description>District: SPSR NELLORE
Village: Maddurupadu
N: 138.0, P: 5.4, K: 403.0, OC: 0.1</description>
            <Point id="876">
                <coordinates>79.956159,14.958921,0.0</coordinates>
            </Point>
        </Placemark>
        <Placemark id="879">
            <name>Sample_439 (Maddurupadu)</name>
            <description>District: SPSR NELLORE
Village: Maddurupadu
N: 50.0, P: 5.4, K: 335.0, OC: 0.42</description>
            <Point id="878">
                <coordinates>79.965062,14.948214,0.0</coordinates>
            </Point>
        </Placemark>
        <Placemark id="881">
            <name>Sample_440 (Maddurupadu)</name>
            <description>District: SPSR NELLORE
Village: Maddurupadu
N: 238.0, P: 12.3, K: 602.0, OC: 0.24</description>
            <Point id="880">
                <coordinates>79.960216,14.94865,0.0</coordinates>
            </Point>
        </Placemark>
        <Placemark id="883">
            <name>Sample_441 (Maddurupadu)</name>
            <description>District: SPSR NELLORE
Village: Maddurupadu
N: 201.0, P: 13.8, K: 379.0, OC: 0.97</description>
            <Point id="882">
                <coordinates>79.95537,14.949521,0.0</coordinates>
            </Point>
        </Placemark>
        <Placemark id="885">
            <name>Sample_442 (Maddurupadu)</name>
            <description>District: SPSR NELLORE
Village: Maddurupadu
N: 188.0, P: 10.0, K: 397.0, OC: 0.45</description>
            <Point id="884">
                <coordinates>80.007436,14.959163,0.0</coordinates>
            </Point>
        </Placemark>
        <Placemark id="887">
            <name>Sample_443 (Maddurupadu)</name>
            <description>District: SPSR NELLORE
Village: Maddurupadu
N: 238.0, P: 16.1, K: 478.0, OC: 0.18</description>
            <Point id="886">
                <coordinates>80.002703,14.956986,0.0</coordinates>
            </Point>
        </Placemark>
        <Placemark id="889">
            <name>Sample_444 (Maddurupadu)</name>
            <description>District: SPSR NELLORE
Village: Maddurupadu
N: 226.0, P: 13.1, K: 397.0, OC: 0.24</description>
            <Point id="888">
                <coordinates>79.998646,14.957313,0.0</coordinates>
            </Point>
        </Placemark>
        <Placemark id="891">
            <name>Sample_445 (Maddurupadu)</name>
            <description>District: SPSR NELLORE
Village: Maddurupadu
N: 213.0, P: 3.8, K: 397.0, OC: 0.42</description>
            <Point id="890">
                <coordinates>79.996167,14.958401,0.0</coordinates>
            </Point>
        </Placemark>
        <Placemark id="893">
            <name>Sample_446 (Maddurupadu)</name>
            <description>District: SPSR NELLORE
Village: Maddurupadu
N: 188.0, P: 14.6, K: 447.0, OC: 0.3</description>
            <Point id="892">
                <coordinates>79.9938,14.956769,0.0</coordinates>
            </Point>
        </Placemark>
        <Placemark id="895">
            <name>Sample_447 (Maddurupadu)</name>
            <description>District: SPSR NELLORE
Village: Maddurupadu
N: 238.0, P: 14.6, K: 521.0, OC: 0.22</description>
            <Point id="894">
                <coordinates>80.005859,14.953721,0.0</coordinates>
            </Point>
        </Placemark>
        <Placemark id="897">
            <name>Sample_448 (Maddurupadu)</name>
            <description>District: SPSR NELLORE
Village: Maddurupadu
N: 238.0, P: 1.5, K: 447.0, OC: 0.24</description>
            <Point id="896">
                <coordinates>80.006084,14.951979,0.0</coordinates>
            </Point>
        </Placemark>
        <Placemark id="899">
            <name>Sample_449 (Maddurupadu)</name>
            <description>District: SPSR NELLORE
Village: Maddurupadu
N: 226.0, P: 2.3, K: 397.0, OC: 0.3</description>
            <Point id="898">
                <coordinates>80.004844,14.951108,0.0</coordinates>
            </Point>
        </Placemark>
        <Placemark id="901">
            <name>Sample_450 (Maddurupadu Part)</name>
            <description>District: SPSR NELLORE
Village: Maddurupadu Part
N: 188.0, P: 10.0, K: 583.0, OC: 0.32</description>
            <Point id="900">
                <coordinates>79.962696,14.958773,0.0</coordinates>
            </Point>
        </Placemark>
        <Placemark id="903">
            <name>Sample_451 (Maddurupadu Part)</name>
            <description>District: SPSR NELLORE
Village: Maddurupadu Part
N: 226.0, P: 1.5, K: 354.0, OC: 0.33</description>
            <Point id="902">
                <coordinates>79.963146,14.953875,0.0</coordinates>
            </Point>
        </Placemark>
        <Placemark id="905">
            <name>Sample_452 (Maddurupadu Part)</name>
            <description>District: SPSR NELLORE
Village: Maddurupadu Part
N: 151.0, P: 3.8, K: 379.0, OC: 0.23</description>
            <Point id="904">
                <coordinates>79.954469,14.946473,0.0</coordinates>
            </Point>
        </Placemark>
        <Placemark id="907">
            <name>Sample_453 (Maddurupadu Part)</name>
            <description>District: SPSR NELLORE
Village: Maddurupadu Part
N: 201.0, P: 15.4, K: 621.0, OC: 0.32</description>
            <Point id="906">
                <coordinates>79.953116,14.944187,0.0</coordinates>
            </Point>
        </Placemark>
        <Placemark id="909">
            <name>Sample_454 (Maddurupadu Part)</name>
            <description>District: SPSR NELLORE
Village: Maddurupadu Part
N: 213.0, P: 0.8, K: 521.0, OC: 0.49</description>
            <Point id="908">
                <coordinates>80.002478,14.963844,0.0</coordinates>
            </Point>
        </Placemark>
        <Placemark id="911">
            <name>Sample_455 (Maddurupadu Part)</name>
            <description>District: SPSR NELLORE
Village: Maddurupadu Part
N: 289.0, P: 18.1, K: 379.0, OC: 0.35</description>
            <Point id="910">
                <coordinates>80.004393,14.962211,0.0</coordinates>
            </Point>
        </Placemark>
        <Placemark id="913">
            <name>Sample_456 (Maddurupadu Part)</name>
            <description>District: SPSR NELLORE
Village: Maddurupadu Part
N: 188.0, P: 14.6, K: 447.0, OC: 0.3</description>
            <Point id="912">
                <coordinates>79.993687,14.958401,0.0</coordinates>
            </Point>
        </Placemark>
        <Placemark id="915">
            <name>Sample_457 (Maddurupadu Part)</name>
            <description>District: SPSR NELLORE
Village: Maddurupadu Part
N: 238.0, P: 14.6, K: 521.0, OC: 0.22</description>
            <Point id="914">
                <coordinates>80.005971,14.955353,0.0</coordinates>
            </Point>
        </Placemark>
        <Placemark id="917">
            <name>Sample_458 (Maddurupadu Part)</name>
            <description>District: SPSR NELLORE
Village: Maddurupadu Part
N: 226.0, P: 6.9, K: 621.0, OC: 0.64</description>
            <Point id="916">
                <coordinates>80.008451,14.953285,0.0</coordinates>
            </Point>
        </Placemark>
        <Placemark id="919">
            <name>Sample_459 (Mogilicherla)</name>
            <description>District: SPSR NELLORE
Village: Mogilicherla
N: 75.0, P: 49.15, K: 210.7, OC: 0.25</description>
            <Point id="918">
                <coordinates>79.650755,15.073525,0.0</coordinates>
            </Point>
        </Placemark>
        <Placemark id="921">
            <name>Sample_460 (Mogilicherla)</name>
            <description>District: SPSR NELLORE
Village: Mogilicherla
N: 50.0, P: 16.9, K: 182.6, OC: 0.42</description>
            <Point id="920">
                <coordinates>79.664382,15.059018,0.0</coordinates>
            </Point>
        </Placemark>
        <Placemark id="923">
            <name>Sample_461 (Mogilicherla)</name>
            <description>District: SPSR NELLORE
Village: Mogilicherla
N: 38.0, P: 22.3, K: 112.4, OC: 0.6</description>
            <Point id="922">
                <coordinates>79.666038,15.05742,0.0</coordinates>
            </Point>
        </Placemark>
        <Placemark id="925">
            <name>Sample_462 (Mogilicherla)</name>
            <description>District: SPSR NELLORE
Village: Mogilicherla
N: 163.0, P: 29.2, K: 147.5, OC: 0.47</description>
            <Point id="924">
                <coordinates>79.661835,15.055452,0.0</coordinates>
            </Point>
        </Placemark>
        <Placemark id="927">
            <name>Sample_463 (Mogilicherla)</name>
            <description>District: SPSR NELLORE
Village: Mogilicherla
N: 213.0, P: 34.6, K: 196.6, OC: 0.06</description>
            <Point id="926">
                <coordinates>79.652665,15.0466,0.0</coordinates>
            </Point>
        </Placemark>
        <Placemark id="929">
            <name>Sample_464 (Mudivarthi Palem)</name>
            <description>District: SPSR NELLORE
Village: Mudivarthi Palem
N: 63.0, P: 25.3, K: 74.5, OC: 0.13</description>
            <Point id="928">
                <coordinates>80.107166,14.53354,0.0</coordinates>
            </Point>
        </Placemark>
        <Placemark id="931">
            <name>Sample_465 (Mudivarthi Palem)</name>
            <description>District: SPSR NELLORE
Village: Mudivarthi Palem
N: 63.0, P: 36.9, K: 180.0, OC: 0.08</description>
            <Point id="930">
                <coordinates>80.111032,14.534429,0.0</coordinates>
            </Point>
        </Placemark>
        <Placemark id="933">
            <name>Sample_466 (Mudivarthi Palem)</name>
            <description>District: SPSR NELLORE
Village: Mudivarthi Palem
N: 63.0, P: 36.9, K: 180.0, OC: 0.08</description>
            <Point id="932">
                <coordinates>80.111204,14.534562,0.0</coordinates>
            </Point>
        </Placemark>
        <Placemark id="935">
            <name>Sample_467 (Mudivarthi Palem)</name>
            <description>District: SPSR NELLORE
Village: Mudivarthi Palem
N: 238.0, P: 57.6, K: 117.9, OC: 0.03</description>
            <Point id="934">
                <coordinates>80.112744,14.53228,0.0</coordinates>
            </Point>
        </Placemark>
        <Placemark id="937">
            <name>Sample_468 (Mudivarthi Palem)</name>
            <description>District: SPSR NELLORE
Village: Mudivarthi Palem
N: 163.0, P: 118.3, K: 167.6, OC: 0.08</description>
            <Point id="936">
                <coordinates>80.116333,14.530684,0.0</coordinates>
            </Point>
        </Placemark>
        <Placemark id="939">
            <name>Sample_469 (Mudivarthi Palem)</name>
            <description>District: SPSR NELLORE
Village: Mudivarthi Palem
N: 113.0, P: 34.6, K: 204.8, OC: 0.13</description>
            <Point id="938">
                <coordinates>80.120114,14.538162,0.0</coordinates>
            </Point>
        </Placemark>
        <Placemark id="941">
            <name>Sample_470 (Mudivarthi Palem)</name>
            <description>District: SPSR NELLORE
Village: Mudivarthi Palem
N: 113.0, P: 34.6, K: 204.8, OC: 0.13</description>
            <Point id="940">
                <coordinates>80.120603,14.538209,0.0</coordinates>
            </Point>
        </Placemark>
        <Placemark id="943">
            <name>Sample_471 (Mudivarthi Palem)</name>
            <description>District: SPSR NELLORE
Village: Mudivarthi Palem
N: 113.0, P: 34.6, K: 204.8, OC: 0.13</description>
            <Point id="942">
                <coordinates>80.120726,14.538251,0.0</coordinates>
            </Point>
        </Placemark>
        <Placemark id="945">
            <name>Sample_472 (Mudivarthi Palem)</name>
            <description>District: SPSR NELLORE
Village: Mudivarthi Palem
N: 63.0, P: 35.3, K: 192.4, OC: 0.3</description>
            <Point id="944">
                <coordinates>80.127919,14.541441,0.0</coordinates>
            </Point>
        </Placemark>
        <Placemark id="947">
            <name>Sample_473 (Mudivarthi Palem)</name>
            <description>District: SPSR NELLORE
Village: Mudivarthi Palem
N: 63.0, P: 35.3, K: 192.4, OC: 0.3</description>
            <Point id="946">
                <coordinates>80.128008,14.541415,0.0</coordinates>
            </Point>
        </Placemark>
        <Placemark id="949">
            <name>Sample_474 (Mudivarthi Palem)</name>
            <description>District: SPSR NELLORE
Village: Mudivarthi Palem
N: 63.0, P: 35.3, K: 192.4, OC: 0.3</description>
            <Point id="948">
                <coordinates>80.128142,14.541314,0.0</coordinates>
            </Point>
        </Placemark>
        <Placemark id="951">
            <name>Sample_475 (Mudivarthi Palem)</name>
            <description>District: SPSR NELLORE
Village: Mudivarthi Palem
N: 88.0, P: 13.8, K: 279.3, OC: 0.05</description>
            <Point id="950">
                <coordinates>80.129479,14.541626,0.0</coordinates>
            </Point>
        </Placemark>
        <Placemark id="953">
            <name>Sample_476 (Musunuru Part)</name>
            <description>District: SPSR NELLORE
Village: Musunuru Part
N: 226.0, P: 42.4, K: 447.0, OC: 0.27</description>
            <Point id="952">
                <coordinates>79.994838,14.855828,0.0</coordinates>
            </Point>
        </Placemark>
        <Placemark id="955">
            <name>Sample_477 (Musunuru Part)</name>
            <description>District: SPSR NELLORE
Village: Musunuru Part
N: 151.0, P: 16.9, K: 323.0, OC: 0.25</description>
            <Point id="954">
                <coordinates>80.003037,14.870078,0.0</coordinates>
            </Point>
        </Placemark>
        <Placemark id="957">
            <name>Sample_478 (Musunuru Part)</name>
            <description>District: SPSR NELLORE
Village: Musunuru Part
N: 188.0, P: 9.2, K: 354.0, OC: 0.1</description>
            <Point id="956">
                <coordinates>79.998833,14.868716,0.0</coordinates>
            </Point>
        </Placemark>
        <Placemark id="959">
            <name>Sample_479 (Musunuru Part)</name>
            <description>District: SPSR NELLORE
Village: Musunuru Part
N: 251.0, P: 36.9, K: 366.0, OC: 0.18</description>
            <Point id="958">
                <coordinates>80.004614,14.864551,0.0</coordinates>
            </Point>
        </Placemark>
        <Placemark id="961">
            <name>Sample_480 (Musunuru Part)</name>
            <description>District: SPSR NELLORE
Village: Musunuru Part
N: 226.0, P: 10.8, K: 621.0, OC: 0.58</description>
            <Point id="960">
                <coordinates>79.992105,14.862012,0.0</coordinates>
            </Point>
        </Placemark>
        <Placemark id="963">
            <name>Sample_481 (Musunuru Part)</name>
            <description>District: SPSR NELLORE
Village: Musunuru Part
N: 301.0, P: 139.0, K: 366.0, OC: 0.16</description>
            <Point id="962">
                <coordinates>79.997782,14.860184,0.0</coordinates>
            </Point>
        </Placemark>
        <Placemark id="965">
            <name>Sample_482 (Musunuru Part)</name>
            <description>District: SPSR NELLORE
Village: Musunuru Part
N: 276.0, P: 20.0, K: 546.0, OC: 0.18</description>
            <Point id="964">
                <coordinates>79.995889,14.858254,0.0</coordinates>
            </Point>
        </Placemark>
        <Placemark id="967">
            <name>Sample_483 (Muthukur)</name>
            <description>District: SPSR NELLORE
Village: Muthukur
N: 226.0, P: 2.9, K: 35.1, OC: 0.71</description>
            <Point id="966">
                <coordinates>80.102039,14.276761,0.0</coordinates>
            </Point>
        </Placemark>
        <Placemark id="969">
            <name>Sample_484 (Muthukur)</name>
            <description>District: SPSR NELLORE
Village: Muthukur
N: 263.0, P: 6.5, K: 203.7, OC: 0.91</description>
            <Point id="968">
                <coordinates>80.098268,14.277084,0.0</coordinates>
            </Point>
        </Placemark>
        <Placemark id="971">
            <name>Sample_485 (Muthukur)</name>
            <description>District: SPSR NELLORE
Village: Muthukur
N: 251.0, P: 27.6, K: 63.2, OC: 0.53</description>
            <Point id="970">
                <coordinates>80.094731,14.276664,0.0</coordinates>
            </Point>
        </Placemark>
        <Placemark id="973">
            <name>Sample_486 (Muthukur)</name>
            <description>District: SPSR NELLORE
Village: Muthukur
N: 176.0, P: 5.9, K: 77.3, OC: 0.34</description>
            <Point id="972">
                <coordinates>80.09383,14.277861,0.0</coordinates>
            </Point>
        </Placemark>
        <Placemark id="975">
            <name>Sample_487 (Muthukur)</name>
            <description>District: SPSR NELLORE
Village: Muthukur
N: 100.0, P: 19.4, K: 70.2, OC: 0.13</description>
            <Point id="974">
                <coordinates>80.088457,14.276632,0.0</coordinates>
            </Point>
        </Placemark>
        <Placemark id="977">
            <name>Sample_488 (Muthukur)</name>
            <description>District: SPSR NELLORE
Village: Muthukur
N: 176.0, P: 3.5, K: 147.5, OC: 0.53</description>
            <Point id="976">
                <coordinates>80.090159,14.279219,0.0</coordinates>
            </Point>
        </Placemark>
        <Placemark id="979">
            <name>Sample_489 (Muthukur)</name>
            <description>District: SPSR NELLORE
Village: Muthukur
N: 201.0, P: 0.6, K: 56.2, OC: 0.9</description>
            <Point id="978">
                <coordinates>80.083919,14.276955,0.0</coordinates>
            </Point>
        </Placemark>
        <Placemark id="981">
            <name>Sample_490 (Muthukur)</name>
            <description>District: SPSR NELLORE
Village: Muthukur
N: 213.0, P: 28.8, K: 91.3, OC: 1.15</description>
            <Point id="980">
                <coordinates>80.08013,14.27705,0.0</coordinates>
            </Point>
        </Placemark>
        <Placemark id="983">
            <name>Sample_491 (Muthukur)</name>
            <description>District: SPSR NELLORE
Village: Muthukur
N: 213.0, P: 28.8, K: 91.3, OC: 1.15</description>
            <Point id="982">
                <coordinates>80.080144,14.277099,0.0</coordinates>
            </Point>
        </Placemark>
        <Placemark id="985">
            <name>Sample_492 (Muthukur)</name>
            <description>District: SPSR NELLORE
Village: Muthukur
N: 188.0, P: 11.7, K: 133.4, OC: 0.68</description>
            <Point id="984">
                <coordinates>80.080335,14.279045,0.0</coordinates>
            </Point>
        </Placemark>
        <Placemark id="987">
            <name>Sample_493 (Muthukur)</name>
            <description>District: SPSR NELLORE
Village: Muthukur
N: 125.0, P: 2.9, K: 154.5, OC: 0.91</description>
            <Point id="986">
                <coordinates>80.082348,14.278858,0.0</coordinates>
            </Point>
        </Placemark>
        <Placemark id="989">
            <name>Sample_494 (Muthukur)</name>
            <description>District: SPSR NELLORE
Village: Muthukur
N: 263.0, P: 13.5, K: 175.6, OC: 1.13</description>
            <Point id="988">
                <coordinates>80.081286,14.281128,0.0</coordinates>
            </Point>
        </Placemark>
        <Placemark id="991">
            <name>Sample_495 (Muthukur)</name>
            <description>District: SPSR NELLORE
Village: Muthukur
N: 263.0, P: 13.5, K: 175.6, OC: 1.13</description>
            <Point id="990">
                <coordinates>80.082436,14.281983,0.0</coordinates>
            </Point>
        </Placemark>
        <Placemark id="993">
            <name>Sample_496 (Muthukur)</name>
            <description>District: SPSR NELLORE
Village: Muthukur
N: 63.0, P: 27.0, K: 70.2, OC: 0.63</description>
            <Point id="992">
                <coordinates>80.097605,14.286568,0.0</coordinates>
            </Point>
        </Placemark>
        <Placemark id="995">
            <name>Sample_497 (Muthukur)</name>
            <description>District: SPSR NELLORE
Village: Muthukur
N: 63.0, P: 27.0, K: 70.2, OC: 0.63</description>
            <Point id="994">
                <coordinates>80.097016,14.286703,0.0</coordinates>
            </Point>
        </Placemark>
        <Placemark id="997">
            <name>Sample_498 (Muthukur)</name>
            <description>District: SPSR NELLORE
Village: Muthukur
N: 176.0, P: 1.8, K: 77.3, OC: 0.94</description>
            <Point id="996">
                <coordinates>80.095578,14.289284,0.0</coordinates>
            </Point>
        </Placemark>
        <Placemark id="999">
            <name>Sample_499 (Muthukur)</name>
            <description>District: SPSR NELLORE
Village: Muthukur
N: 176.0, P: 1.8, K: 77.3, OC: 0.94</description>
            <Point id="998">
                <coordinates>80.095582,14.289233,0.0</coordinates>
            </Point>
        </Placemark>
        <Placemark id="1001">
            <name>Sample_500 (Mypadu)</name>
            <description>District: SPSR NELLORE
Village: Mypadu
N: 113.0, P: 135.9, K: 130.4, OC: 0.05</description>
            <Point id="1000">
                <coordinates>80.158116,14.51758,0.0</coordinates>
            </Point>
        </Placemark>
        <Placemark id="1003">
            <name>Sample_501 (Mypadu)</name>
            <description>District: SPSR NELLORE
Village: Mypadu
N: 138.0, P: 178.2, K: 484.2, OC: 0.19</description>
            <Point id="1002">
                <coordinates>80.161871,14.515335,0.0</coordinates>
            </Point>
        </Placemark>
        <Placemark id="1005">
            <name>Sample_502 (Mypadu)</name>
            <description>District: SPSR NELLORE
Village: Mypadu
N: 151.0, P: 223.0, K: 198.6, OC: 0.05</description>
            <Point id="1004">
                <coordinates>80.162164,14.514731,0.0</coordinates>
            </Point>
        </Placemark>
        <Placemark id="1007">
            <name>Sample_503 (Mypadu)</name>
            <description>District: SPSR NELLORE
Village: Mypadu
N: 151.0, P: 223.0, K: 198.6, OC: 0.05</description>
            <Point id="1006">
                <coordinates>80.162089,14.514328,0.0</coordinates>
            </Point>
        </Placemark>
        <Placemark id="1009">
            <name>Sample_504 (Mypadu)</name>
            <description>District: SPSR NELLORE
Village: Mypadu
N: 151.0, P: 223.0, K: 198.6, OC: 0.05</description>
            <Point id="1008">
                <coordinates>80.162184,14.51428,0.0</coordinates>
            </Point>
        </Placemark>
        <Placemark id="1011">
            <name>Sample_505 (Mypadu)</name>
            <description>District: SPSR NELLORE
Village: Mypadu
N: 151.0, P: 223.0, K: 198.6, OC: 0.05</description>
            <Point id="1010">
                <coordinates>80.162269,14.514032,0.0</coordinates>
            </Point>
        </Placemark>
        <Placemark id="1013">
            <name>Sample_506 (Mypadu)</name>
            <description>District: SPSR NELLORE
Village: Mypadu
N: 151.0, P: 223.0, K: 198.6, OC: 0.05</description>
            <Point id="1012">
                <coordinates>80.162276,14.514241,0.0</coordinates>
            </Point>
        </Placemark>
        <Placemark id="1015">
            <name>Sample_507 (Mypadu)</name>
            <description>District: SPSR NELLORE
Village: Mypadu
N: 201.0, P: 223.0, K: 99.3, OC: 0.28</description>
            <Point id="1014">
                <coordinates>80.171652,14.514491,0.0</coordinates>
            </Point>
        </Placemark>
        <Placemark id="1017">
            <name>Sample_508 (Mypadu)</name>
            <description>District: SPSR NELLORE
Village: Mypadu
N: 201.0, P: 223.0, K: 99.3, OC: 0.28</description>
            <Point id="1016">
                <coordinates>80.171631,14.514463,0.0</coordinates>
            </Point>
        </Placemark>
        <Placemark id="1019">
            <name>Sample_509 (Mypadu)</name>
            <description>District: SPSR NELLORE
Village: Mypadu
N: 201.0, P: 223.0, K: 99.3, OC: 0.28</description>
            <Point id="1018">
                <coordinates>80.171646,14.514444,0.0</coordinates>
            </Point>
        </Placemark>
        <Placemark id="1021">
            <name>Sample_510 (Mypadu)</name>
            <description>District: SPSR NELLORE
Village: Mypadu
N: 201.0, P: 223.0, K: 99.3, OC: 0.28</description>
            <Point id="1020">
                <coordinates>80.17162,14.514422,0.0</coordinates>
            </Point>
        </Placemark>
        <Placemark id="1023">
            <name>Sample_511 (Mypadu)</name>
            <description>District: SPSR NELLORE
Village: Mypadu
N: 201.0, P: 223.0, K: 99.3, OC: 0.28</description>
            <Point id="1022">
                <coordinates>80.171676,14.514463,0.0</coordinates>
            </Point>
        </Placemark>
        <Placemark id="1025">
            <name>Sample_512 (Mypadu)</name>
            <description>District: SPSR NELLORE
Village: Mypadu
N: 201.0, P: 223.0, K: 99.3, OC: 0.28</description>
            <Point id="1024">
                <coordinates>80.171674,14.514436,0.0</coordinates>
            </Point>
        </Placemark>
        <Placemark id="1027">
            <name>Sample_513 (Mypadu)</name>
            <description>District: SPSR NELLORE
Village: Mypadu
N: 201.0, P: 223.0, K: 99.3, OC: 0.28</description>
            <Point id="1026">
                <coordinates>80.17218,14.514995,0.0</coordinates>
            </Point>
        </Placemark>
        <Placemark id="1029">
            <name>Sample_514 (Mypadu)</name>
            <description>District: SPSR NELLORE
Village: Mypadu
N: 201.0, P: 223.0, K: 99.3, OC: 0.28</description>
            <Point id="1028">
                <coordinates>80.172214,14.514975,0.0</coordinates>
            </Point>
        </Placemark>
        <Placemark id="1031">
            <name>Sample_515 (Nandigunta)</name>
            <description>District: SPSR NELLORE
Village: Nandigunta
N: 100.0, P: 12.3, K: 235.9, OC: 3.0</description>
            <Point id="1030">
                <coordinates>79.519049,14.833557,0.0</coordinates>
            </Point>
        </Placemark>
        <Placemark id="1033">
            <name>Sample_516 (Nandigunta)</name>
            <description>District: SPSR NELLORE
Village: Nandigunta
N: 13.0, P: 14.6, K: 80.7, OC: 0.41</description>
            <Point id="1032">
                <coordinates>79.530576,14.846015,0.0</coordinates>
            </Point>
        </Placemark>
        <Placemark id="1035">
            <name>Sample_517 (Nandigunta)</name>
            <description>District: SPSR NELLORE
Village: Nandigunta
N: 88.0, P: 23.8, K: 173.8, OC: 0.24</description>
            <Point id="1034">
                <coordinates>79.531826,14.845105,0.0</coordinates>
            </Point>
        </Placemark>
        <Placemark id="1037">
            <name>Sample_518 (Nandigunta)</name>
            <description>District: SPSR NELLORE
Village: Nandigunta
N: 113.0, P: 19.2, K: 86.9, OC: 0.45</description>
            <Point id="1036">
                <coordinates>79.532004,14.842459,0.0</coordinates>
            </Point>
        </Placemark>
        <Placemark id="1039">
            <name>Sample_519 (Nandigunta)</name>
            <description>District: SPSR NELLORE
Village: Nandigunta
N: 50.0, P: 26.1, K: 62.1, OC: 0.48</description>
            <Point id="1038">
                <coordinates>79.53498,14.843092,0.0</coordinates>
            </Point>
        </Placemark>
        <Placemark id="1041">
            <name>Sample_520 (Nandigunta)</name>
            <description>District: SPSR NELLORE
Village: Nandigunta
N: 88.0, P: 0.8, K: 31.0, OC: 0.38</description>
            <Point id="1040">
                <coordinates>79.53617,14.843034,0.0</coordinates>
            </Point>
        </Placemark>
        <Placemark id="1043">
            <name>Sample_521 (Nandigunta)</name>
            <description>District: SPSR NELLORE
Village: Nandigunta
N: 88.0, P: 0.8, K: 31.0, OC: 0.38</description>
            <Point id="1042">
                <coordinates>79.537182,14.842171,0.0</coordinates>
            </Point>
        </Placemark>
        <Placemark id="1045">
            <name>Sample_522 (Nandigunta)</name>
            <description>District: SPSR NELLORE
Village: Nandigunta
N: 63.0, P: 35.3, K: 254.5, OC: 0.41</description>
            <Point id="1044">
                <coordinates>79.536408,14.841021,0.0</coordinates>
            </Point>
        </Placemark>
        <Placemark id="1047">
            <name>Sample_523 (Nandigunta)</name>
            <description>District: SPSR NELLORE
Village: Nandigunta
N: 125.0, P: 13.8, K: 117.9, OC: 0.12</description>
            <Point id="1046">
                <coordinates>79.533909,14.8401,0.0</coordinates>
            </Point>
        </Placemark>
        <Placemark id="1049">
            <name>Sample_524 (Nandigunta)</name>
            <description>District: SPSR NELLORE
Village: Nandigunta
N: 151.0, P: 20.0, K: 149.0, OC: 0.45</description>
            <Point id="1048">
                <coordinates>79.532243,14.839352,0.0</coordinates>
            </Point>
        </Placemark>
        <Placemark id="1051">
            <name>Sample_525 (Nandigunta)</name>
            <description>District: SPSR NELLORE
Village: Nandigunta
N: 125.0, P: 13.8, K: 117.9, OC: 0.12</description>
            <Point id="1050">
                <coordinates>79.534087,14.838662,0.0</coordinates>
            </Point>
        </Placemark>
        <Placemark id="1053">
            <name>Sample_526 (Nandigunta)</name>
            <description>District: SPSR NELLORE
Village: Nandigunta
N: 113.0, P: 76.8, K: 99.3, OC: 0.45</description>
            <Point id="1052">
                <coordinates>79.538015,14.836649,0.0</coordinates>
            </Point>
        </Placemark>
        <Placemark id="1055">
            <name>Sample_527 (Nandigunta)</name>
            <description>District: SPSR NELLORE
Village: Nandigunta
N: 88.0, P: 23.0, K: 55.9, OC: 0.45</description>
            <Point id="1054">
                <coordinates>79.539741,14.836591,0.0</coordinates>
            </Point>
        </Placemark>
        <Placemark id="1057">
            <name>Sample_528 (Narasimhapuram)</name>
            <description>District: SPSR NELLORE
Village: Narasimhapuram
N: 100.0, P: 16.1, K: 512.7, OC: 0.41</description>
            <Point id="1056">
                <coordinates>79.668585,15.047583,0.0</coordinates>
            </Point>
        </Placemark>
        <Placemark id="1059">
            <name>Sample_529 (Narasimhapuram)</name>
            <description>District: SPSR NELLORE
Village: Narasimhapuram
N: 25.0, P: 27.6, K: 526.7, OC: 0.21</description>
            <Point id="1058">
                <coordinates>79.671132,15.044387,0.0</coordinates>
            </Point>
        </Placemark>
        <Placemark id="1061">
            <name>Sample_530 (Narikellapalle)</name>
            <description>District: SPSR NELLORE
Village: Narikellapalle
N: 289.0, P: 7.6, K: 147.5, OC: 0.41</description>
            <Point id="1060">
                <coordinates>80.058242,14.262151,0.0</coordinates>
            </Point>
        </Placemark>
        <Placemark id="1063">
            <name>Sample_531 (Narikellapalle)</name>
            <description>District: SPSR NELLORE
Village: Narikellapalle
N: 226.0, P: 20.0, K: 126.4, OC: 0.12</description>
            <Point id="1062">
                <coordinates>80.058622,14.263299,0.0</coordinates>
            </Point>
        </Placemark>
        <Placemark id="1065">
            <name>Sample_532 (Narikellapalle)</name>
            <description>District: SPSR NELLORE
Village: Narikellapalle
N: 226.0, P: 20.0, K: 126.4, OC: 0.12</description>
            <Point id="1064">
                <coordinates>80.058652,14.263315,0.0</coordinates>
            </Point>
        </Placemark>
        <Placemark id="1067">
            <name>Sample_533 (Narikellapalle)</name>
            <description>District: SPSR NELLORE
Village: Narikellapalle
N: 226.0, P: 20.0, K: 126.4, OC: 0.12</description>
            <Point id="1066">
                <coordinates>80.058693,14.263366,0.0</coordinates>
            </Point>
        </Placemark>
        <Placemark id="1069">
            <name>Sample_534 (Narikellapalle)</name>
            <description>District: SPSR NELLORE
Village: Narikellapalle
N: 226.0, P: 20.0, K: 126.4, OC: 0.12</description>
            <Point id="1068">
                <coordinates>80.059105,14.26333,0.0</coordinates>
            </Point>
        </Placemark>
        <Placemark id="1071">
            <name>Sample_535 (Narikellapalle)</name>
            <description>District: SPSR NELLORE
Village: Narikellapalle
N: 176.0, P: 0.6, K: 35.1, OC: 0.12</description>
            <Point id="1070">
                <coordinates>80.059528,14.266408,0.0</coordinates>
            </Point>
        </Placemark>
        <Placemark id="1073">
            <name>Sample_536 (Narikellapalle)</name>
            <description>District: SPSR NELLORE
Village: Narikellapalle
N: 38.0, P: 5.9, K: 35.1, OC: 0.24</description>
            <Point id="1072">
                <coordinates>80.058759,14.26957,0.0</coordinates>
            </Point>
        </Placemark>
        <Placemark id="1075">
            <name>Sample_537 (Narikellapalle)</name>
            <description>District: SPSR NELLORE
Village: Narikellapalle
N: 38.0, P: 5.9, K: 35.1, OC: 0.24</description>
            <Point id="1074">
                <coordinates>80.058817,14.269542,0.0</coordinates>
            </Point>
        </Placemark>
        <Placemark id="1077">
            <name>Sample_538 (Narikellapalle)</name>
            <description>District: SPSR NELLORE
Village: Narikellapalle
N: 38.0, P: 5.9, K: 35.1, OC: 0.24</description>
            <Point id="1076">
                <coordinates>80.058879,14.269509,0.0</coordinates>
            </Point>
        </Placemark>
        <Placemark id="1079">
            <name>Sample_539 (Narikellapalle)</name>
            <description>District: SPSR NELLORE
Village: Narikellapalle
N: 38.0, P: 5.9, K: 35.1, OC: 0.24</description>
            <Point id="1078">
                <coordinates>80.058937,14.269495,0.0</coordinates>
            </Point>
        </Placemark>
        <Placemark id="1081">
            <name>Sample_540 (Narikellapalle)</name>
            <description>District: SPSR NELLORE
Village: Narikellapalle
N: 38.0, P: 5.9, K: 35.1, OC: 0.24</description>
            <Point id="1080">
                <coordinates>80.059057,14.269623,0.0</coordinates>
            </Point>
        </Placemark>
        <Placemark id="1083">
            <name>Sample_541 (Narikellapalle)</name>
            <description>District: SPSR NELLORE
Village: Narikellapalle
N: 151.0, P: 8.8, K: 105.3, OC: 0.16</description>
            <Point id="1082">
                <coordinates>80.049809,14.279313,0.0</coordinates>
            </Point>
        </Placemark>
        <Placemark id="1085">
            <name>Sample_542 (Narikellapalle)</name>
            <description>District: SPSR NELLORE
Village: Narikellapalle
N: 263.0, P: 13.5, K: 56.2, OC: 0.18</description>
            <Point id="1084">
                <coordinates>80.049233,14.28184,0.0</coordinates>
            </Point>
        </Placemark>
        <Placemark id="1087">
            <name>Sample_543 (Narikellapalle)</name>
            <description>District: SPSR NELLORE
Village: Narikellapalle
N: 301.0, P: 29.4, K: 35.1, OC: 0.12</description>
            <Point id="1086">
                <coordinates>80.051839,14.283765,0.0</coordinates>
            </Point>
        </Placemark>
        <Placemark id="1089">
            <name>Sample_544 (Narikellapalle)</name>
            <description>District: SPSR NELLORE
Village: Narikellapalle
N: 251.0, P: 5.3, K: 56.2, OC: 0.18</description>
            <Point id="1088">
                <coordinates>80.052716,14.287024,0.0</coordinates>
            </Point>
        </Placemark>
        <Placemark id="1091">
            <name>Sample_545 (Narikellapalle)</name>
            <description>District: SPSR NELLORE
Village: Narikellapalle
N: 251.0, P: 5.3, K: 56.2, OC: 0.18</description>
            <Point id="1090">
                <coordinates>80.05314,14.28718,0.0</coordinates>
            </Point>
        </Placemark>
        <Placemark id="1093">
            <name>Sample_546 (Narikellapalle)</name>
            <description>District: SPSR NELLORE
Village: Narikellapalle
N: 251.0, P: 5.3, K: 56.2, OC: 0.18</description>
            <Point id="1092">
                <coordinates>80.053105,14.287234,0.0</coordinates>
            </Point>
        </Placemark>
        <Placemark id="1095">
            <name>Sample_547 (Narikellapalle)</name>
            <description>District: SPSR NELLORE
Village: Narikellapalle
N: 138.0, P: 10.0, K: 77.3, OC: 0.31</description>
            <Point id="1094">
                <coordinates>80.053383,14.288771,0.0</coordinates>
            </Point>
        </Placemark>
        <Placemark id="1097">
            <name>Sample_548 (Narikellapalle)</name>
            <description>District: SPSR NELLORE
Village: Narikellapalle
N: 138.0, P: 10.0, K: 77.3, OC: 0.31</description>
            <Point id="1096">
                <coordinates>80.053813,14.288876,0.0</coordinates>
            </Point>
        </Placemark>
        <Placemark id="1099">
            <name>Sample_549 (Narikellapalle)</name>
            <description>District: SPSR NELLORE
Village: Narikellapalle
N: 138.0, P: 10.0, K: 77.3, OC: 0.31</description>
            <Point id="1098">
                <coordinates>80.053743,14.288959,0.0</coordinates>
            </Point>
        </Placemark>
        <Placemark id="1101">
            <name>Sample_550 (Narikellapalle)</name>
            <description>District: SPSR NELLORE
Village: Narikellapalle
N: 138.0, P: 10.0, K: 77.3, OC: 0.31</description>
            <Point id="1100">
                <coordinates>80.053984,14.288967,0.0</coordinates>
            </Point>
        </Placemark>
        <Placemark id="1103">
            <name>Sample_551 (Narikellapalle)</name>
            <description>District: SPSR NELLORE
Village: Narikellapalle
N: 138.0, P: 10.0, K: 77.3, OC: 0.31</description>
            <Point id="1102">
                <coordinates>80.053914,14.28914,0.0</coordinates>
            </Point>
        </Placemark>
        <Placemark id="1105">
            <name>Sample_552 (Narikellapalle)</name>
            <description>District: SPSR NELLORE
Village: Narikellapalle
N: 138.0, P: 10.0, K: 77.3, OC: 0.31</description>
            <Point id="1104">
                <coordinates>80.054085,14.289317,0.0</coordinates>
            </Point>
        </Placemark>
        <Placemark id="1107">
            <name>Sample_553 (Narikellapalle)</name>
            <description>District: SPSR NELLORE
Village: Narikellapalle
N: 276.0, P: 7.0, K: 56.2, OC: 0.14</description>
            <Point id="1106">
                <coordinates>80.056201,14.291693,0.0</coordinates>
            </Point>
        </Placemark>
        <Placemark id="1109">
            <name>Sample_554 (Narikellapalle)</name>
            <description>District: SPSR NELLORE
Village: Narikellapalle
N: 263.0, P: 2.9, K: 63.2, OC: 0.09</description>
            <Point id="1108">
                <coordinates>80.057937,14.290617,0.0</coordinates>
            </Point>
        </Placemark>
        <Placemark id="1111">
            <name>Sample_555 (Narikellapalle)</name>
            <description>District: SPSR NELLORE
Village: Narikellapalle
N: 289.0, P: 17.6, K: 56.2, OC: 0.38</description>
            <Point id="1110">
                <coordinates>80.060751,14.289395,0.0</coordinates>
            </Point>
        </Placemark>
        <Placemark id="1113">
            <name>Sample_557 (Nekunampeta)</name>
            <description>District: SPSR NELLORE
Village: Nekunampeta
N: 151.0, P: 8.4, K: 198.6, OC: 0.22</description>
            <Point id="1112">
                <coordinates>79.775871,15.009502,0.0</coordinates>
            </Point>
        </Placemark>
        <Placemark id="1115">
            <name>Sample_558 (Nekunampeta)</name>
            <description>District: SPSR NELLORE
Village: Nekunampeta
N: 188.0, P: 55.3, K: 229.7, OC: 0.11</description>
            <Point id="1114">
                <coordinates>79.720125,15.03647,0.0</coordinates>
            </Point>
        </Placemark>
        <Placemark id="1117">
            <name>Sample_559 (Nekunampeta)</name>
            <description>District: SPSR NELLORE
Village: Nekunampeta
N: 50.0, P: 29.2, K: 149.0, OC: 0.22</description>
            <Point id="1116">
                <coordinates>79.717137,15.034682,0.0</coordinates>
            </Point>
        </Placemark>
        <Placemark id="1119">
            <name>Sample_560 (Nekunampeta)</name>
            <description>District: SPSR NELLORE
Village: Nekunampeta
N: 50.0, P: 29.2, K: 149.0, OC: 0.22</description>
            <Point id="1118">
                <coordinates>79.719091,15.03557,0.0</coordinates>
            </Point>
        </Placemark>
        <Placemark id="1121">
            <name>Sample_561 (Nekunampeta)</name>
            <description>District: SPSR NELLORE
Village: Nekunampeta
N: 50.0, P: 32.3, K: 235.9, OC: 0.19</description>
            <Point id="1120">
                <coordinates>79.714264,15.033018,0.0</coordinates>
            </Point>
        </Placemark>
        <Placemark id="1123">
            <name>Sample_562 (Nekunampeta)</name>
            <description>District: SPSR NELLORE
Village: Nekunampeta
N: 50.0, P: 32.3, K: 235.0, OC: 0.19</description>
            <Point id="1122">
                <coordinates>79.712426,15.03213,0.0</coordinates>
            </Point>
        </Placemark>
        <Placemark id="1125">
            <name>Sample_563 (Nekunampeta)</name>
            <description>District: SPSR NELLORE
Village: Nekunampeta
N: 100.0, P: 10.0, K: 167.6, OC: 0.18</description>
            <Point id="1124">
                <coordinates>79.709323,15.031242,0.0</coordinates>
            </Point>
        </Placemark>
        <Placemark id="1127">
            <name>Sample_564 (Nekunampeta)</name>
            <description>District: SPSR NELLORE
Village: Nekunampeta
N: 188.0, P: 23.8, K: 130.4, OC: 0.21</description>
            <Point id="1126">
                <coordinates>79.721964,15.022921,0.0</coordinates>
            </Point>
        </Placemark>
        <Placemark id="1129">
            <name>Sample_565 (Nekunampeta)</name>
            <description>District: SPSR NELLORE
Village: Nekunampeta
N: 151.0, P: 34.6, K: 155.2, OC: 0.06</description>
            <Point id="1128">
                <coordinates>79.723113,15.021256,0.0</coordinates>
            </Point>
        </Placemark>
        <Placemark id="1131">
            <name>Sample_566 (Nekunampeta)</name>
            <description>District: SPSR NELLORE
Village: Nekunampeta
N: 188.0, P: 23.8, K: 130.4, OC: 0.21</description>
            <Point id="1130">
                <coordinates>79.721447,15.021755,0.0</coordinates>
            </Point>
        </Placemark>
        <Placemark id="1133">
            <name>Sample_567 (Nekunampeta)</name>
            <description>District: SPSR NELLORE
Village: Nekunampeta
N: 151.0, P: 8.4, K: 198.6, OC: 0.22</description>
            <Point id="1132">
                <coordinates>79.775296,15.00965,0.0</coordinates>
            </Point>
        </Placemark>
        <Placemark id="1135">
            <name>Sample_568 (Nekunampeta)</name>
            <description>District: SPSR NELLORE
Village: Nekunampeta
N: 88.0, P: 3.1, K: 434.5, OC: 0.06</description>
            <Point id="1134">
                <coordinates>79.693015,15.011291,0.0</coordinates>
            </Point>
        </Placemark>
        <Placemark id="1137">
            <name>Sample_569 (Nekunampeta)</name>
            <description>District: SPSR NELLORE
Village: Nekunampeta
N: 38.0, P: 23.0, K: 254.5, OC: 0.25</description>
            <Point id="1136">
                <coordinates>79.697037,15.010292,0.0</coordinates>
            </Point>
        </Placemark>
        <Placemark id="1139">
            <name>Sample_570 (Nekunampeta)</name>
            <description>District: SPSR NELLORE
Village: Nekunampeta
N: 100.0, P: 18.4, K: 279.3, OC: 0.18</description>
            <Point id="1138">
                <coordinates>79.695313,15.00774,0.0</coordinates>
            </Point>
        </Placemark>
        <Placemark id="1141">
            <name>Sample_571 (Nekunampeta)</name>
            <description>District: SPSR NELLORE
Village: Nekunampeta
N: 113.0, P: 23.0, K: 186.2, OC: 0.1</description>
            <Point id="1140">
                <coordinates>79.696003,15.005853,0.0</coordinates>
            </Point>
        </Placemark>
        <Placemark id="1143">
            <name>Sample_572 (Nekunampeta)</name>
            <description>District: SPSR NELLORE
Village: Nekunampeta
N: 226.0, P: 23.0, K: 161.4, OC: 0.02</description>
            <Point id="1142">
                <coordinates>79.69359,15.005409,0.0</coordinates>
            </Point>
        </Placemark>
        <Placemark id="1145">
            <name>Sample_573 (Palur)</name>
            <description>District: SPSR NELLORE
Village: Palur
N: 201.0, P: 26.9, K: 223.5, OC: 0.31</description>
            <Point id="1144">
                <coordinates>79.674958,14.126984,0.0</coordinates>
            </Point>
        </Placemark>
        <Placemark id="1147">
            <name>Sample_574 (Palur)</name>
            <description>District: SPSR NELLORE
Village: Palur
N: 201.0, P: 26.9, K: 223.5, OC: 0.31</description>
            <Point id="1146">
                <coordinates>79.675619,14.126587,0.0</coordinates>
            </Point>
        </Placemark>
        <Placemark id="1149">
            <name>Sample_575 (Pangili)</name>
            <description>District: SPSR NELLORE
Village: Pangili
N: 163.0, P: 12.3, K: 86.9, OC: 0.45</description>
            <Point id="1148">
                <coordinates>79.50255,14.212202,0.0</coordinates>
            </Point>
        </Placemark>
        <Placemark id="1151">
            <name>Sample_576 (Pangili)</name>
            <description>District: SPSR NELLORE
Village: Pangili
N: 163.0, P: 4.6, K: 329.0, OC: 0.25</description>
            <Point id="1150">
                <coordinates>79.490903,14.221032,0.0</coordinates>
            </Point>
        </Placemark>
        <Placemark id="1153">
            <name>Sample_577 (Pangili)</name>
            <description>District: SPSR NELLORE
Village: Pangili
N: 100.0, P: 13.8, K: 558.7, OC: 0.56</description>
            <Point id="1152">
                <coordinates>79.495281,14.220985,0.0</coordinates>
            </Point>
        </Placemark>
        <Placemark id="1155">
            <name>Sample_578 (Pangili)</name>
            <description>District: SPSR NELLORE
Village: Pangili
N: 75.0, P: 13.1, K: 180.0, OC: 0.13</description>
            <Point id="1154">
                <coordinates>79.490278,14.223711,0.0</coordinates>
            </Point>
        </Placemark>
        <Placemark id="1157">
            <name>Sample_579 (Pangili)</name>
            <description>District: SPSR NELLORE
Village: Pangili
N: 75.0, P: 13.1, K: 180.0, OC: 0.13</description>
            <Point id="1156">
                <coordinates>79.490169,14.223555,0.0</coordinates>
            </Point>
        </Placemark>
        <Placemark id="1159">
            <name>Sample_580 (Pangili)</name>
            <description>District: SPSR NELLORE
Village: Pangili
N: 163.0, P: 4.6, K: 329.0, OC: 0.25</description>
            <Point id="1158">
                <coordinates>79.490247,14.222828,0.0</coordinates>
            </Point>
        </Placemark>
        <Placemark id="1161">
            <name>Sample_581 (Pangili)</name>
            <description>District: SPSR NELLORE
Village: Pangili
N: 163.0, P: 4.6, K: 329.0, OC: 0.25</description>
            <Point id="1160">
                <coordinates>79.490513,14.222495,0.0</coordinates>
            </Point>
        </Placemark>
        <Placemark id="1163">
            <name>Sample_582 (Pangili)</name>
            <description>District: SPSR NELLORE
Village: Pangili
N: 163.0, P: 4.6, K: 329.0, OC: 0.25</description>
            <Point id="1162">
                <coordinates>79.490935,14.222192,0.0</coordinates>
            </Point>
        </Placemark>
        <Placemark id="1165">
            <name>Sample_583 (Pangili)</name>
            <description>District: SPSR NELLORE
Village: Pangili
N: 163.0, P: 4.6, K: 329.0, OC: 0.25</description>
            <Point id="1164">
                <coordinates>79.491044,14.222055,0.0</coordinates>
            </Point>
        </Placemark>
        <Placemark id="1167">
            <name>Sample_584 (Pangili)</name>
            <description>District: SPSR NELLORE
Village: Pangili
N: 163.0, P: 4.6, K: 329.0, OC: 0.25</description>
            <Point id="1166">
                <coordinates>79.491279,14.221768,0.0</coordinates>
            </Point>
        </Placemark>
        <Placemark id="1169">
            <name>Sample_585 (Pangili)</name>
            <description>District: SPSR NELLORE
Village: Pangili
N: 163.0, P: 4.6, K: 329.0, OC: 0.25</description>
            <Point id="1168">
                <coordinates>79.491623,14.221662,0.0</coordinates>
            </Point>
        </Placemark>
        <Placemark id="1171">
            <name>Sample_586 (Pangili)</name>
            <description>District: SPSR NELLORE
Village: Pangili
N: 163.0, P: 4.6, K: 329.0, OC: 0.25</description>
            <Point id="1170">
                <coordinates>79.491325,14.221586,0.0</coordinates>
            </Point>
        </Placemark>
        <Placemark id="1173">
            <name>Sample_587 (Pangili)</name>
            <description>District: SPSR NELLORE
Village: Pangili
N: 163.0, P: 4.6, K: 329.0, OC: 0.25</description>
            <Point id="1172">
                <coordinates>79.491544,14.22151,0.0</coordinates>
            </Point>
        </Placemark>
        <Placemark id="1175">
            <name>Sample_588 (Pangili)</name>
            <description>District: SPSR NELLORE
Village: Pangili
N: 163.0, P: 4.6, K: 329.0, OC: 0.25</description>
            <Point id="1174">
                <coordinates>79.4907,14.221404,0.0</coordinates>
            </Point>
        </Placemark>
        <Placemark id="1177">
            <name>Sample_589 (Pangili)</name>
            <description>District: SPSR NELLORE
Village: Pangili
N: 163.0, P: 4.6, K: 329.0, OC: 0.25</description>
            <Point id="1176">
                <coordinates>79.491263,14.221374,0.0</coordinates>
            </Point>
        </Placemark>
        <Placemark id="1179">
            <name>Sample_590 (Pangili)</name>
            <description>District: SPSR NELLORE
Village: Pangili
N: 163.0, P: 4.6, K: 329.0, OC: 0.25</description>
            <Point id="1178">
                <coordinates>79.490825,14.221071,0.0</coordinates>
            </Point>
        </Placemark>
        <Placemark id="1181">
            <name>Sample_591 (Pangili)</name>
            <description>District: SPSR NELLORE
Village: Pangili
N: 201.0, P: 20.7, K: 167.6, OC: 0.25</description>
            <Point id="1180">
                <coordinates>79.493345,14.219931,0.0</coordinates>
            </Point>
        </Placemark>
        <Placemark id="1183">
            <name>Sample_592 (Pangili)</name>
            <description>District: SPSR NELLORE
Village: Pangili
N: 201.0, P: 20.7, K: 167.6, OC: 0.25</description>
            <Point id="1182">
                <coordinates>79.493376,14.21976,0.0</coordinates>
            </Point>
        </Placemark>
        <Placemark id="1185">
            <name>Sample_593 (Pangili)</name>
            <description>District: SPSR NELLORE
Village: Pangili
N: 138.0, P: 31.5, K: 136.6, OC: 0.25</description>
            <Point id="1184">
                <coordinates>79.494642,14.219775,0.0</coordinates>
            </Point>
        </Placemark>
        <Placemark id="1187">
            <name>Sample_594 (Pangili)</name>
            <description>District: SPSR NELLORE
Village: Pangili
N: 138.0, P: 31.5, K: 136.6, OC: 0.25</description>
            <Point id="1186">
                <coordinates>79.494642,14.219321,0.0</coordinates>
            </Point>
        </Placemark>
        <Placemark id="1189">
            <name>Sample_595 (Pangili)</name>
            <description>District: SPSR NELLORE
Village: Pangili
N: 113.0, P: 10.0, K: 372.4, OC: 0.64</description>
            <Point id="1188">
                <coordinates>79.496878,14.217731,0.0</coordinates>
            </Point>
        </Placemark>
        <Placemark id="1191">
            <name>Sample_596 (Pangili)</name>
            <description>District: SPSR NELLORE
Village: Pangili
N: 113.0, P: 10.0, K: 372.4, OC: 0.64</description>
            <Point id="1190">
                <coordinates>79.496878,14.217504,0.0</coordinates>
            </Point>
        </Placemark>
        <Placemark id="1193">
            <name>Sample_597 (Pangili)</name>
            <description>District: SPSR NELLORE
Village: Pangili
N: 138.0, P: 9.2, K: 155.2, OC: 0.25</description>
            <Point id="1192">
                <coordinates>79.500052,14.218321,0.0</coordinates>
            </Point>
        </Placemark>
        <Placemark id="1195">
            <name>Sample_598 (Pangili)</name>
            <description>District: SPSR NELLORE
Village: Pangili
N: 138.0, P: 9.2, K: 155.2, OC: 0.25</description>
            <Point id="1194">
                <coordinates>79.500442,14.217837,0.0</coordinates>
            </Point>
        </Placemark>
        <Placemark id="1197">
            <name>Sample_599 (Pangili)</name>
            <description>District: SPSR NELLORE
Village: Pangili
N: 138.0, P: 9.2, K: 155.2, OC: 0.25</description>
            <Point id="1196">
                <coordinates>79.499958,14.21762,0.0</coordinates>
            </Point>
        </Placemark>
        <Placemark id="1199">
            <name>Sample_600 (Pangili)</name>
            <description>District: SPSR NELLORE
Village: Pangili
N: 138.0, P: 9.2, K: 155.2, OC: 0.25</description>
            <Point id="1198">
                <coordinates>79.500333,14.21768,0.0</coordinates>
            </Point>
        </Placemark>
        <Placemark id="1201">
            <name>Sample_601 (Pangili)</name>
            <description>District: SPSR NELLORE
Village: Pangili
N: 138.0, P: 9.2, K: 155.2, OC: 0.25</description>
            <Point id="1200">
                <coordinates>79.500739,14.21768,0.0</coordinates>
            </Point>
        </Placemark>
        <Placemark id="1203">
            <name>Sample_602 (Pangili)</name>
            <description>District: SPSR NELLORE
Village: Pangili
N: 138.0, P: 9.2, K: 155.2, OC: 0.25</description>
            <Point id="1202">
                <coordinates>79.500145,14.217544,0.0</coordinates>
            </Point>
        </Placemark>
        <Placemark id="1205">
            <name>Sample_603 (Pangili)</name>
            <description>District: SPSR NELLORE
Village: Pangili
N: 25.0, P: 9.2, K: 142.8, OC: 0.44</description>
            <Point id="1204">
                <coordinates>79.498191,14.216438,0.0</coordinates>
            </Point>
        </Placemark>
        <Placemark id="1207">
            <name>Sample_604 (Pangili)</name>
            <description>District: SPSR NELLORE
Village: Pangili
N: 201.0, P: 23.0, K: 27.31, OC: 0.56</description>
            <Point id="1206">
                <coordinates>79.497769,14.216311,0.0</coordinates>
            </Point>
        </Placemark>
        <Placemark id="1209">
            <name>Sample_605 (Pangili)</name>
            <description>District: SPSR NELLORE
Village: Pangili
N: 25.0, P: 9.2, K: 142.8, OC: 0.44</description>
            <Point id="1208">
                <coordinates>79.498113,14.216387,0.0</coordinates>
            </Point>
        </Placemark>
        <Placemark id="1211">
            <name>Sample_606 (Pangili)</name>
            <description>District: SPSR NELLORE
Village: Pangili
N: 188.0, P: 9.2, K: 93.1, OC: 0.25</description>
            <Point id="1210">
                <coordinates>79.499067,14.215615,0.0</coordinates>
            </Point>
        </Placemark>
        <Placemark id="1213">
            <name>Sample_607 (Pangili)</name>
            <description>District: SPSR NELLORE
Village: Pangili
N: 188.0, P: 9.2, K: 93.1, OC: 0.25</description>
            <Point id="1212">
                <coordinates>79.499426,14.2156,0.0</coordinates>
            </Point>
        </Placemark>
        <Placemark id="1215">
            <name>Sample_608 (Pangili)</name>
            <description>District: SPSR NELLORE
Village: Pangili
N: 188.0, P: 9.2, K: 93.1, OC: 0.25</description>
            <Point id="1214">
                <coordinates>79.499301,14.215448,0.0</coordinates>
            </Point>
        </Placemark>
        <Placemark id="1217">
            <name>Sample_609 (Pentrala)</name>
            <description>District: SPSR NELLORE
Village: Pentrala
N: 50.0, P: 16.1, K: 316.0, OC: 0.56</description>
            <Point id="1216">
                <coordinates>79.719399,15.114088,0.0</coordinates>
            </Point>
        </Placemark>
        <Placemark id="1219">
            <name>Sample_610 (Pentrala)</name>
            <description>District: SPSR NELLORE
Village: Pentrala
N: 38.0, P: 16.1, K: 35.1, OC: 0.51</description>
            <Point id="1218">
                <coordinates>79.700932,15.118144,0.0</coordinates>
            </Point>
        </Placemark>
        <Placemark id="1221">
            <name>Sample_611 (Ponugodu)</name>
            <description>District: SPSR NELLORE
Village: Ponugodu
N: 301.0, P: 20.7, K: 93.1, OC: 0.19</description>
            <Point id="1220">
                <coordinates>79.623424,14.699124,0.0</coordinates>
            </Point>
        </Placemark>
        <Placemark id="1223">
            <name>Sample_612 (Puligilapadu)</name>
            <description>District: SPSR NELLORE
Village: Puligilapadu
N: 75.0, P: 6.1, K: 620.7, OC: 0.1</description>
            <Point id="1222">
                <coordinates>79.57392,14.188673,0.0</coordinates>
            </Point>
        </Placemark>
        <Placemark id="1225">
            <name>Sample_613 (Puligilapadu)</name>
            <description>District: SPSR NELLORE
Village: Puligilapadu
N: 75.0, P: 6.1, K: 620.7, OC: 0.1</description>
            <Point id="1224">
                <coordinates>79.574253,14.188494,0.0</coordinates>
            </Point>
        </Placemark>
        <Placemark id="1227">
            <name>Sample_614 (Puligilapadu)</name>
            <description>District: SPSR NELLORE
Village: Puligilapadu
N: 163.0, P: 4.6, K: 620.7, OC: 0.43</description>
            <Point id="1226">
                <coordinates>79.576322,14.195328,0.0</coordinates>
            </Point>
        </Placemark>
        <Placemark id="1229">
            <name>Sample_615 (Puligilapadu)</name>
            <description>District: SPSR NELLORE
Village: Puligilapadu
N: 163.0, P: 4.6, K: 620.7, OC: 0.43</description>
            <Point id="1228">
                <coordinates>79.576156,14.195041,0.0</coordinates>
            </Point>
        </Placemark>
        <Placemark id="1231">
            <name>Sample_616 (Puligilapadu)</name>
            <description>District: SPSR NELLORE
Village: Puligilapadu
N: 13.0, P: 1.5, K: 620.7, OC: 0.11</description>
            <Point id="1230">
                <coordinates>79.579758,14.195184,0.0</coordinates>
            </Point>
        </Placemark>
        <Placemark id="1233">
            <name>Sample_617 (Puligilapadu)</name>
            <description>District: SPSR NELLORE
Village: Puligilapadu
N: 13.0, P: 1.5, K: 620.7, OC: 0.11</description>
            <Point id="1232">
                <coordinates>79.579574,14.195023,0.0</coordinates>
            </Point>
        </Placemark>
        <Placemark id="1235">
            <name>Sample_618 (Puligilapadu)</name>
            <description>District: SPSR NELLORE
Village: Puligilapadu
N: 25.0, P: 9.2, K: 620.7, OC: 0.63</description>
            <Point id="1234">
                <coordinates>79.577172,14.193734,0.0</coordinates>
            </Point>
        </Placemark>
        <Placemark id="1237">
            <name>Sample_619 (Puligilapadu)</name>
            <description>District: SPSR NELLORE
Village: Puligilapadu
N: 151.0, P: 9.2, K: 620.7, OC: 0.2</description>
            <Point id="1236">
                <coordinates>79.579555,14.193824,0.0</coordinates>
            </Point>
        </Placemark>
        <Placemark id="1239">
            <name>Sample_620 (Puligilapadu)</name>
            <description>District: SPSR NELLORE
Village: Puligilapadu
N: 151.0, P: 9.2, K: 620.7, OC: 0.2</description>
            <Point id="1238">
                <coordinates>79.579777,14.193627,0.0</coordinates>
            </Point>
        </Placemark>
        <Placemark id="1241">
            <name>Sample_621 (Puligilapadu)</name>
            <description>District: SPSR NELLORE
Village: Puligilapadu
N: 188.0, P: 13.1, K: 620.7, OC: 0.2</description>
            <Point id="1240">
                <coordinates>79.578336,14.193376,0.0</coordinates>
            </Point>
        </Placemark>
        <Placemark id="1243">
            <name>Sample_622 (Puligilapadu)</name>
            <description>District: SPSR NELLORE
Village: Puligilapadu
N: 188.0, P: 13.1, K: 620.7, OC: 0.2</description>
            <Point id="1242">
                <coordinates>79.577393,14.192589,0.0</coordinates>
            </Point>
        </Placemark>
        <Placemark id="1245">
            <name>Sample_623 (Puligilapadu)</name>
            <description>District: SPSR NELLORE
Village: Puligilapadu
N: 188.0, P: 13.1, K: 620.7, OC: 0.2</description>
            <Point id="1244">
                <coordinates>79.578206,14.192625,0.0</coordinates>
            </Point>
        </Placemark>
        <Placemark id="1247">
            <name>Sample_624 (Puligilapadu)</name>
            <description>District: SPSR NELLORE
Village: Puligilapadu
N: 188.0, P: 13.1, K: 620.7, OC: 0.2</description>
            <Point id="1246">
                <coordinates>79.57926,14.192786,0.0</coordinates>
            </Point>
        </Placemark>
        <Placemark id="1249">
            <name>Sample_625 (Puligilapadu)</name>
            <description>District: SPSR NELLORE
Village: Puligilapadu
N: 188.0, P: 0.8, K: 620.7, OC: 0.56</description>
            <Point id="1248">
                <coordinates>79.579611,14.192911,0.0</coordinates>
            </Point>
        </Placemark>
        <Placemark id="1251">
            <name>Sample_626 (Puligilapadu)</name>
            <description>District: SPSR NELLORE
Village: Puligilapadu
N: 188.0, P: 0.8, K: 620.7, OC: 0.56</description>
            <Point id="1250">
                <coordinates>79.579758,14.192535,0.0</coordinates>
            </Point>
        </Placemark>
        <Placemark id="1253">
            <name>Sample_627 (Racheruvurajupalem)</name>
            <description>District: SPSR NELLORE
Village: Racheruvurajupalem
N: 13.0, P: 81.4, K: 133.4, OC: 0.47</description>
            <Point id="1252">
                <coordinates>79.686924,15.067378,0.0</coordinates>
            </Point>
        </Placemark>
        <Placemark id="1255">
            <name>Sample_628 (Racheruvurajupalem)</name>
            <description>District: SPSR NELLORE
Village: Racheruvurajupalem
N: 50.0, P: 80.6, K: 98.3, OC: 0.5</description>
            <Point id="1254">
                <coordinates>79.672787,15.068239,0.0</coordinates>
            </Point>
        </Placemark>
        <Placemark id="1257">
            <name>Sample_629 (Racheruvurajupalem)</name>
            <description>District: SPSR NELLORE
Village: Racheruvurajupalem
N: 113.0, P: 27.6, K: 491.6, OC: 0.19</description>
            <Point id="1256">
                <coordinates>79.673806,15.064919,0.0</coordinates>
            </Point>
        </Placemark>
        <Placemark id="1259">
            <name>Sample_630 (Racheruvurajupalem)</name>
            <description>District: SPSR NELLORE
Village: Racheruvurajupalem
N: 25.0, P: 20.7, K: 632.1, OC: 0.25</description>
            <Point id="1258">
                <coordinates>79.671004,15.061723,0.0</coordinates>
            </Point>
        </Placemark>
        <Placemark id="1261">
            <name>Sample_631 (Racheruvurajupalem)</name>
            <description>District: SPSR NELLORE
Village: Racheruvurajupalem
N: 63.0, P: 14.6, K: 463.5, OC: 0.19</description>
            <Point id="1260">
                <coordinates>79.667311,15.061846,0.0</coordinates>
            </Point>
        </Placemark>
        <Placemark id="1263">
            <name>Sample_632 (Racheruvurajupalem)</name>
            <description>District: SPSR NELLORE
Village: Racheruvurajupalem
N: 151.0, P: 51.46, K: 196.6, OC: 0.39</description>
            <Point id="1262">
                <coordinates>79.665019,15.064919,0.0</coordinates>
            </Point>
        </Placemark>
        <Placemark id="1265">
            <name>Sample_633 (Racheruvurajupalem)</name>
            <description>District: SPSR NELLORE
Village: Racheruvurajupalem
N: 88.0, P: 76.8, K: 98.3, OC: 0.15</description>
            <Point id="1264">
                <coordinates>79.672031,15.05556,0.0</coordinates>
            </Point>
        </Placemark>
        <Placemark id="1267">
            <name>Sample_634 (Rajavolu)</name>
            <description>District: SPSR NELLORE
Village: Rajavolu
N: 289.0, P: 27.6, K: 124.1, OC: 0.14</description>
            <Point id="1266">
                <coordinates>79.589474,14.71921,0.0</coordinates>
            </Point>
        </Placemark>
        <Placemark id="1269">
            <name>Sample_635 (Rajavolu)</name>
            <description>District: SPSR NELLORE
Village: Rajavolu
N: 426.0, P: 26.1, K: 111.7, OC: 0.12</description>
            <Point id="1268">
                <coordinates>79.603583,14.716609,0.0</coordinates>
            </Point>
        </Placemark>
        <Placemark id="1271">
            <name>Sample_636 (Rallapadu)</name>
            <description>District: SPSR NELLORE
Village: Rallapadu
N: 100.0, P: 13.8, K: 245.8, OC: 0.19</description>
            <Point id="1270">
                <coordinates>79.713158,15.108434,0.0</coordinates>
            </Point>
        </Placemark>
        <Placemark id="1273">
            <name>Sample_637 (Ramasagaram)</name>
            <description>District: SPSR NELLORE
Village: Ramasagaram
N: 151.0, P: 50.69, K: 192.4, OC: 0.24</description>
            <Point id="1272">
                <coordinates>79.795675,14.174629,0.0</coordinates>
            </Point>
        </Placemark>
        <Placemark id="1275">
            <name>Sample_638 (Ramasagaram)</name>
            <description>District: SPSR NELLORE
Village: Ramasagaram
N: 50.0, P: 110.6, K: 285.5, OC: 0.29</description>
            <Point id="1274">
                <coordinates>79.775135,14.185148,0.0</coordinates>
            </Point>
        </Placemark>
        <Placemark id="1277">
            <name>Sample_639 (Ramasagaram)</name>
            <description>District: SPSR NELLORE
Village: Ramasagaram
N: 2.1, P: 139.8, K: 242.1, OC: 0.49</description>
            <Point id="1276">
                <coordinates>79.773062,14.193935,0.0</coordinates>
            </Point>
        </Placemark>
        <Placemark id="1279">
            <name>Sample_640 (Ramasagaram)</name>
            <description>District: SPSR NELLORE
Village: Ramasagaram
N: 176.0, P: 98.3, K: 68.3, OC: 0.34</description>
            <Point id="1278">
                <coordinates>79.772705,14.192488,0.0</coordinates>
            </Point>
        </Placemark>
        <Placemark id="1281">
            <name>Sample_641 (Ramasagaram)</name>
            <description>District: SPSR NELLORE
Village: Ramasagaram
N: 176.0, P: 98.3, K: 68.3, OC: 0.34</description>
            <Point id="1280">
                <coordinates>79.772533,14.191628,0.0</coordinates>
            </Point>
        </Placemark>
        <Placemark id="1283">
            <name>Sample_642 (Ramasagaram)</name>
            <description>District: SPSR NELLORE
Village: Ramasagaram
N: 125.0, P: 21.5, K: 409.7, OC: 0.28</description>
            <Point id="1282">
                <coordinates>79.783998,14.200518,0.0</coordinates>
            </Point>
        </Placemark>
        <Placemark id="1285">
            <name>Sample_643 (Ramasagaram)</name>
            <description>District: SPSR NELLORE
Village: Ramasagaram
N: 138.0, P: 116.0, K: 446.9, OC: 0.33</description>
            <Point id="1284">
                <coordinates>79.784397,14.198978,0.0</coordinates>
            </Point>
        </Placemark>
        <Placemark id="1287">
            <name>Sample_644 (Ramasagaram)</name>
            <description>District: SPSR NELLORE
Village: Ramasagaram
N: 138.0, P: 116.0, K: 446.9, OC: 0.33</description>
            <Point id="1286">
                <coordinates>79.784393,14.198907,0.0</coordinates>
            </Point>
        </Placemark>
        <Placemark id="1289">
            <name>Sample_645 (Ramasagaram)</name>
            <description>District: SPSR NELLORE
Village: Ramasagaram
N: 138.0, P: 116.0, K: 446.9, OC: 0.33</description>
            <Point id="1288">
                <coordinates>79.784478,14.198919,0.0</coordinates>
            </Point>
        </Placemark>
        <Placemark id="1291">
            <name>Sample_646 (Ramasagaram)</name>
            <description>District: SPSR NELLORE
Village: Ramasagaram
N: 113.0, P: 90.6, K: 192.4, OC: 0.3</description>
            <Point id="1290">
                <coordinates>79.787029,14.189896,0.0</coordinates>
            </Point>
        </Placemark>
        <Placemark id="1293">
            <name>Sample_647 (Ramasagaram)</name>
            <description>District: SPSR NELLORE
Village: Ramasagaram
N: 50.0, P: 112.9, K: 235.9, OC: 0.23</description>
            <Point id="1292">
                <coordinates>79.784149,14.193455,0.0</coordinates>
            </Point>
        </Placemark>
        <Placemark id="1295">
            <name>Sample_648 (Ramasagaram)</name>
            <description>District: SPSR NELLORE
Village: Ramasagaram
N: 50.0, P: 112.9, K: 235.9, OC: 0.23</description>
            <Point id="1294">
                <coordinates>79.784167,14.193305,0.0</coordinates>
            </Point>
        </Placemark>
        <Placemark id="1297">
            <name>Sample_649 (Ramasagaram)</name>
            <description>District: SPSR NELLORE
Village: Ramasagaram
N: 50.0, P: 112.9, K: 235.9, OC: 0.23</description>
            <Point id="1296">
                <coordinates>79.783996,14.193191,0.0</coordinates>
            </Point>
        </Placemark>
        <Placemark id="1299">
            <name>Sample_650 (Ramasagaram)</name>
            <description>District: SPSR NELLORE
Village: Ramasagaram
N: 50.0, P: 112.9, K: 235.9, OC: 0.23</description>
            <Point id="1298">
                <coordinates>79.785031,14.192624,0.0</coordinates>
            </Point>
        </Placemark>
        <Placemark id="1301">
            <name>Sample_651 (Ramasagaram)</name>
            <description>District: SPSR NELLORE
Village: Ramasagaram
N: 151.0, P: 82.2, K: 248.3, OC: 0.52</description>
            <Point id="1300">
                <coordinates>79.785445,14.19238,0.0</coordinates>
            </Point>
        </Placemark>
        <Placemark id="1303">
            <name>Sample_652 (Ramasagaram)</name>
            <description>District: SPSR NELLORE
Village: Ramasagaram
N: 50.0, P: 82.02, K: 515.2, OC: 0.35</description>
            <Point id="1302">
                <coordinates>79.789541,14.194482,0.0</coordinates>
            </Point>
        </Placemark>
        <Placemark id="1305">
            <name>Sample_653 (Ramasagaram)</name>
            <description>District: SPSR NELLORE
Village: Ramasagaram
N: 50.0, P: 82.02, K: 515.2, OC: 0.35</description>
            <Point id="1304">
                <coordinates>79.789667,14.194392,0.0</coordinates>
            </Point>
        </Placemark>
        <Placemark id="1307">
            <name>Sample_654 (Ramasagaram)</name>
            <description>District: SPSR NELLORE
Village: Ramasagaram
N: 50.0, P: 82.02, K: 515.2, OC: 0.35</description>
            <Point id="1306">
                <coordinates>79.789604,14.194305,0.0</coordinates>
            </Point>
        </Placemark>
        <Placemark id="1309">
            <name>Sample_655 (Ramasagaram)</name>
            <description>District: SPSR NELLORE
Village: Ramasagaram
N: 50.0, P: 82.02, K: 515.2, OC: 0.35</description>
            <Point id="1308">
                <coordinates>79.789964,14.194348,0.0</coordinates>
            </Point>
        </Placemark>
        <Placemark id="1311">
            <name>Sample_656 (Ramasagaram)</name>
            <description>District: SPSR NELLORE
Village: Ramasagaram
N: 50.0, P: 82.02, K: 515.2, OC: 0.35</description>
            <Point id="1310">
                <coordinates>79.789408,14.19394,0.0</coordinates>
            </Point>
        </Placemark>
        <Placemark id="1313">
            <name>Sample_657 (Ramasagaram)</name>
            <description>District: SPSR NELLORE
Village: Ramasagaram
N: 50.0, P: 82.02, K: 515.2, OC: 0.35</description>
            <Point id="1312">
                <coordinates>79.789362,14.193898,0.0</coordinates>
            </Point>
        </Placemark>
        <Placemark id="1315">
            <name>Sample_658 (Ramasagaram)</name>
            <description>District: SPSR NELLORE
Village: Ramasagaram
N: 50.0, P: 82.02, K: 515.2, OC: 0.35</description>
            <Point id="1314">
                <coordinates>79.789501,14.193736,0.0</coordinates>
            </Point>
        </Placemark>
        <Placemark id="1317">
            <name>Sample_659 (Rapur)</name>
            <description>District: SPSR NELLORE
Village: Rapur
N: 13.0, P: 1.5, K: 260.7, OC: 0.46</description>
            <Point id="1316">
                <coordinates>79.527182,14.211261,0.0</coordinates>
            </Point>
        </Placemark>
        <Placemark id="1319">
            <name>Sample_660 (Rapur)</name>
            <description>District: SPSR NELLORE
Village: Rapur
N: 13.0, P: 1.5, K: 260.7, OC: 0.46</description>
            <Point id="1318">
                <coordinates>79.527879,14.210784,0.0</coordinates>
            </Point>
        </Placemark>
        <Placemark id="1321">
            <name>Sample_661 (Rapur)</name>
            <description>District: SPSR NELLORE
Village: Rapur
N: 13.0, P: 1.5, K: 260.7, OC: 0.46</description>
            <Point id="1320">
                <coordinates>79.529015,14.210643,0.0</coordinates>
            </Point>
        </Placemark>
        <Placemark id="1323">
            <name>Sample_662 (Rapur)</name>
            <description>District: SPSR NELLORE
Village: Rapur
N: 213.0, P: 3.8, K: 409.7, OC: 0.43</description>
            <Point id="1322">
                <coordinates>79.529843,14.21069,0.0</coordinates>
            </Point>
        </Placemark>
        <Placemark id="1325">
            <name>Sample_663 (Rapur)</name>
            <description>District: SPSR NELLORE
Village: Rapur
N: 213.0, P: 3.8, K: 409.7, OC: 0.43</description>
            <Point id="1324">
                <coordinates>79.529664,14.210407,0.0</coordinates>
            </Point>
        </Placemark>
        <Placemark id="1327">
            <name>Sample_664 (Rapur)</name>
            <description>District: SPSR NELLORE
Village: Rapur
N: 13.0, P: 1.5, K: 260.7, OC: 0.46</description>
            <Point id="1326">
                <coordinates>79.528967,14.209825,0.0</coordinates>
            </Point>
        </Placemark>
        <Placemark id="1329">
            <name>Sample_665 (Rapur)</name>
            <description>District: SPSR NELLORE
Village: Rapur
N: 113.0, P: 9.2, K: 322.8, OC: 0.23</description>
            <Point id="1328">
                <coordinates>79.529405,14.212576,0.0</coordinates>
            </Point>
        </Placemark>
        <Placemark id="1331">
            <name>Sample_666 (Raviguntapalle)</name>
            <description>District: SPSR NELLORE
Village: Raviguntapalle
N: 50.0, P: 8.4, K: 403.5, OC: 0.25</description>
            <Point id="1330">
                <coordinates>79.569911,14.197923,0.0</coordinates>
            </Point>
        </Placemark>
        <Placemark id="1333">
            <name>Sample_667 (Raviguntapalle)</name>
            <description>District: SPSR NELLORE
Village: Raviguntapalle
N: 38.0, P: 13.1, K: 620.7, OC: 0.16</description>
            <Point id="1332">
                <coordinates>79.573126,14.20398,0.0</coordinates>
            </Point>
        </Placemark>
        <Placemark id="1335">
            <name>Sample_668 (Raviguntapalle)</name>
            <description>District: SPSR NELLORE
Village: Raviguntapalle
N: 38.0, P: 13.1, K: 620.7, OC: 0.16</description>
            <Point id="1334">
                <coordinates>79.573047,14.203877,0.0</coordinates>
            </Point>
        </Placemark>
        <Placemark id="1337">
            <name>Sample_669 (Raviguntapalle)</name>
            <description>District: SPSR NELLORE
Village: Raviguntapalle
N: 138.0, P: 13.8, K: 620.7, OC: 0.56</description>
            <Point id="1336">
                <coordinates>79.570096,14.204253,0.0</coordinates>
            </Point>
        </Placemark>
        <Placemark id="1339">
            <name>Sample_670 (Raviguntapalle)</name>
            <description>District: SPSR NELLORE
Village: Raviguntapalle
N: 188.0, P: 10.0, K: 620.7, OC: 0.16</description>
            <Point id="1338">
                <coordinates>79.566898,14.205787,0.0</coordinates>
            </Point>
        </Placemark>
        <Placemark id="1341">
            <name>Sample_671 (Raviguntapalle)</name>
            <description>District: SPSR NELLORE
Village: Raviguntapalle
N: 188.0, P: 10.0, K: 620.7, OC: 0.16</description>
            <Point id="1340">
                <coordinates>79.567131,14.205731,0.0</coordinates>
            </Point>
        </Placemark>
        <Placemark id="1343">
            <name>Sample_672 (Raviguntapalle)</name>
            <description>District: SPSR NELLORE
Village: Raviguntapalle
N: 188.0, P: 10.0, K: 620.7, OC: 0.16</description>
            <Point id="1342">
                <coordinates>79.567221,14.205768,0.0</coordinates>
            </Point>
        </Placemark>
        <Placemark id="1345">
            <name>Sample_673 (Raviguntapalle)</name>
            <description>District: SPSR NELLORE
Village: Raviguntapalle
N: 188.0, P: 10.0, K: 620.7, OC: 0.16</description>
            <Point id="1344">
                <coordinates>79.567221,14.205739,0.0</coordinates>
            </Point>
        </Placemark>
        <Placemark id="1347">
            <name>Sample_674 (Raviguntapalle)</name>
            <description>District: SPSR NELLORE
Village: Raviguntapalle
N: 188.0, P: 10.0, K: 620.7, OC: 0.16</description>
            <Point id="1346">
                <coordinates>79.56715,14.205673,0.0</coordinates>
            </Point>
        </Placemark>
        <Placemark id="1349">
            <name>Sample_675 (Raviguntapalle)</name>
            <description>District: SPSR NELLORE
Village: Raviguntapalle
N: 188.0, P: 10.0, K: 620.7, OC: 0.16</description>
            <Point id="1348">
                <coordinates>79.567583,14.205527,0.0</coordinates>
            </Point>
        </Placemark>
        <Placemark id="1351">
            <name>Sample_676 (Raviguntapalle)</name>
            <description>District: SPSR NELLORE
Village: Raviguntapalle
N: 188.0, P: 10.0, K: 620.7, OC: 0.16</description>
            <Point id="1350">
                <coordinates>79.567534,14.205483,0.0</coordinates>
            </Point>
        </Placemark>
        <Placemark id="1353">
            <name>Sample_677 (Raviguntapalle)</name>
            <description>District: SPSR NELLORE
Village: Raviguntapalle
N: 188.0, P: 10.0, K: 620.7, OC: 0.16</description>
            <Point id="1352">
                <coordinates>79.567602,14.205465,0.0</coordinates>
            </Point>
        </Placemark>
        <Placemark id="1355">
            <name>Sample_678 (Raviguntapalle)</name>
            <description>District: SPSR NELLORE
Village: Raviguntapalle
N: 188.0, P: 10.0, K: 620.7, OC: 0.16</description>
            <Point id="1354">
                <coordinates>79.56762,14.20541,0.0</coordinates>
            </Point>
        </Placemark>
        <Placemark id="1357">
            <name>Sample_679 (Raviguntapalle)</name>
            <description>District: SPSR NELLORE
Village: Raviguntapalle
N: 188.0, P: 10.0, K: 620.7, OC: 0.16</description>
            <Point id="1356">
                <coordinates>79.567549,14.205392,0.0</coordinates>
            </Point>
        </Placemark>
        <Placemark id="1359">
            <name>Sample_680 (Raviguntapalle)</name>
            <description>District: SPSR NELLORE
Village: Raviguntapalle
N: 188.0, P: 10.0, K: 620.7, OC: 0.16</description>
            <Point id="1358">
                <coordinates>79.567474,14.205316,0.0</coordinates>
            </Point>
        </Placemark>
        <Placemark id="1361">
            <name>Sample_681 (Raviguntapalle)</name>
            <description>District: SPSR NELLORE
Village: Raviguntapalle
N: 188.0, P: 10.0, K: 620.7, OC: 0.16</description>
            <Point id="1360">
                <coordinates>79.567696,14.205316,0.0</coordinates>
            </Point>
        </Placemark>
        <Placemark id="1363">
            <name>Sample_682 (Raviguntapalle)</name>
            <description>District: SPSR NELLORE
Village: Raviguntapalle
N: 188.0, P: 10.0, K: 620.7, OC: 0.16</description>
            <Point id="1362">
                <coordinates>79.56753,14.205239,0.0</coordinates>
            </Point>
        </Placemark>
        <Placemark id="1365">
            <name>Sample_683 (Raviguntapalle)</name>
            <description>District: SPSR NELLORE
Village: Raviguntapalle
N: 188.0, P: 10.0, K: 620.7, OC: 0.16</description>
            <Point id="1364">
                <coordinates>79.56805,14.205214,0.0</coordinates>
            </Point>
        </Placemark>
        <Placemark id="1367">
            <name>Sample_684 (Ravipadu)</name>
            <description>District: SPSR NELLORE
Village: Ravipadu
N: 50.0, P: 2.3, K: 254.0, OC: 0.05</description>
            <Point id="1366">
                <coordinates>79.576657,14.859327,0.0</coordinates>
            </Point>
        </Placemark>
        <Placemark id="1369">
            <name>Sample_685 (Sankavaram)</name>
            <description>District: SPSR NELLORE
Village: Sankavaram
N: 88.0, P: 46.85, K: 62.1, OC: 0.21</description>
            <Point id="1368">
                <coordinates>79.509273,14.78367,0.0</coordinates>
            </Point>
        </Placemark>
        <Placemark id="1371">
            <name>Sample_686 (Sankavaram)</name>
            <description>District: SPSR NELLORE
Village: Sankavaram
N: 125.0, P: 16.9, K: 111.7, OC: 0.3</description>
            <Point id="1370">
                <coordinates>79.520834,14.8293,0.0</coordinates>
            </Point>
        </Placemark>
        <Placemark id="1373">
            <name>Sample_687 (Sankavaram)</name>
            <description>District: SPSR NELLORE
Village: Sankavaram
N: 38.0, P: 9.2, K: 62.1, OC: 0.24</description>
            <Point id="1372">
                <coordinates>79.518692,14.825964,0.0</coordinates>
            </Point>
        </Placemark>
        <Placemark id="1375">
            <name>Sample_688 (Sankavaram)</name>
            <description>District: SPSR NELLORE
Village: Sankavaram
N: 125.0, P: 10.0, K: 74.5, OC: 0.42</description>
            <Point id="1374">
                <coordinates>79.525952,14.81998,0.0</coordinates>
            </Point>
        </Placemark>
        <Placemark id="1377">
            <name>Sample_689 (Sankavaram)</name>
            <description>District: SPSR NELLORE
Village: Sankavaram
N: 100.0, P: 29.2, K: 99.3, OC: 0.23</description>
            <Point id="1376">
                <coordinates>79.531546,14.8186,0.0</coordinates>
            </Point>
        </Placemark>
        <Placemark id="1379">
            <name>Sample_690 (Sankavaram)</name>
            <description>District: SPSR NELLORE
Village: Sankavaram
N: 100.0, P: 14.6, K: 68.3, OC: 0.2</description>
            <Point id="1378">
                <coordinates>79.526357,14.81564,0.0</coordinates>
            </Point>
        </Placemark>
        <Placemark id="1381">
            <name>Sample_691 (Sankavaram)</name>
            <description>District: SPSR NELLORE
Village: Sankavaram
N: 88.0, P: 28.4, K: 99.3, OC: 0.39</description>
            <Point id="1380">
                <coordinates>79.52481,14.813972,0.0</coordinates>
            </Point>
        </Placemark>
        <Placemark id="1383">
            <name>Sample_692 (Sankavaram)</name>
            <description>District: SPSR NELLORE
Village: Sankavaram
N: 151.0, P: 37.6, K: 223.5, OC: 0.21</description>
            <Point id="1382">
                <coordinates>79.523619,14.811383,0.0</coordinates>
            </Point>
        </Placemark>
        <Placemark id="1385">
            <name>Sample_693 (Sankavaram)</name>
            <description>District: SPSR NELLORE
Village: Sankavaram
N: 88.0, P: 8.4, K: 198.6, OC: 0.23</description>
            <Point id="1384">
                <coordinates>79.524631,14.81075,0.0</coordinates>
            </Point>
        </Placemark>
        <Placemark id="1387">
            <name>Sample_694 (Sankavaram)</name>
            <description>District: SPSR NELLORE
Village: Sankavaram
N: 151.0, P: 11.5, K: 223.5, OC: 0.45</description>
            <Point id="1386">
                <coordinates>79.526595,14.809024,0.0</coordinates>
            </Point>
        </Placemark>
        <Placemark id="1389">
            <name>Sample_695 (Sankavaram)</name>
            <description>District: SPSR NELLORE
Village: Sankavaram
N: 75.0, P: 4.6, K: 49.7, OC: 0.45</description>
            <Point id="1388">
                <coordinates>79.521953,14.804191,0.0</coordinates>
            </Point>
        </Placemark>
        <Placemark id="1391">
            <name>Sample_696 (Satyavolu)</name>
            <description>District: SPSR NELLORE
Village: Satyavolu
N: 201.0, P: 7.7, K: 247.6, OC: 0.06</description>
            <Point id="1390">
                <coordinates>79.732471,14.963328,0.0</coordinates>
            </Point>
        </Placemark>
        <Placemark id="1393">
            <name>Sample_697 (Satyavolu)</name>
            <description>District: SPSR NELLORE
Village: Satyavolu
N: 125.0, P: 27.6, K: 471.8, OC: 0.08</description>
            <Point id="1392">
                <coordinates>79.776471,14.950213,0.0</coordinates>
            </Point>
        </Placemark>
        <Placemark id="1395">
            <name>Sample_698 (Satyavolu)</name>
            <description>District: SPSR NELLORE
Village: Satyavolu
N: 38.0, P: 25.3, K: 161.4, OC: 0.17</description>
            <Point id="1394">
                <coordinates>79.75748,14.966161,0.0</coordinates>
            </Point>
        </Placemark>
        <Placemark id="1397">
            <name>Sample_699 (Satyavolu)</name>
            <description>District: SPSR NELLORE
Village: Satyavolu
N: 201.0, P: 7.7, K: 247.6, OC: 0.06</description>
            <Point id="1396">
                <coordinates>79.731474,14.963681,0.0</coordinates>
            </Point>
        </Placemark>
        <Placemark id="1399">
            <name>Sample_700 (Siddavaram)</name>
            <description>District: SPSR NELLORE
Village: Siddavaram
N: 25.0, P: 27.6, K: 322.8, OC: 0.33</description>
            <Point id="1398">
                <coordinates>79.553591,14.161126,0.0</coordinates>
            </Point>
        </Placemark>
        <Placemark id="1401">
            <name>Sample_701 (Siddavaram)</name>
            <description>District: SPSR NELLORE
Village: Siddavaram
N: 25.0, P: 27.6, K: 322.8, OC: 0.33</description>
            <Point id="1400">
                <coordinates>79.554204,14.16113,0.0</coordinates>
            </Point>
        </Placemark>
        <Placemark id="1403">
            <name>Sample_702 (Siddavaram)</name>
            <description>District: SPSR NELLORE
Village: Siddavaram
N: 25.0, P: 27.6, K: 322.8, OC: 0.33</description>
            <Point id="1402">
                <coordinates>79.554621,14.161143,0.0</coordinates>
            </Point>
        </Placemark>
        <Placemark id="1405">
            <name>Sample_703 (Siddavaram)</name>
            <description>District: SPSR NELLORE
Village: Siddavaram
N: 25.0, P: 27.6, K: 322.8, OC: 0.33</description>
            <Point id="1404">
                <coordinates>79.553656,14.161028,0.0</coordinates>
            </Point>
        </Placemark>
        <Placemark id="1407">
            <name>Sample_704 (Siddavaram)</name>
            <description>District: SPSR NELLORE
Village: Siddavaram
N: 25.0, P: 27.6, K: 322.8, OC: 0.33</description>
            <Point id="1406">
                <coordinates>79.553867,14.160974,0.0</coordinates>
            </Point>
        </Placemark>
        <Placemark id="1409">
            <name>Sample_705 (Siddavaram)</name>
            <description>District: SPSR NELLORE
Village: Siddavaram
N: 25.0, P: 27.6, K: 322.8, OC: 0.33</description>
            <Point id="1408">
                <coordinates>79.554355,14.160964,0.0</coordinates>
            </Point>
        </Placemark>
        <Placemark id="1411">
            <name>Sample_706 (Siddavaram)</name>
            <description>District: SPSR NELLORE
Village: Siddavaram
N: 25.0, P: 27.6, K: 322.8, OC: 0.33</description>
            <Point id="1410">
                <coordinates>79.554618,14.160984,0.0</coordinates>
            </Point>
        </Placemark>
        <Placemark id="1413">
            <name>Sample_707 (Siddavaram)</name>
            <description>District: SPSR NELLORE
Village: Siddavaram
N: 25.0, P: 27.6, K: 322.8, OC: 0.33</description>
            <Point id="1412">
                <coordinates>79.553753,14.161061,0.0</coordinates>
            </Point>
        </Placemark>
        <Placemark id="1415">
            <name>Sample_708 (Siddavaram)</name>
            <description>District: SPSR NELLORE
Village: Siddavaram
N: 25.0, P: 27.6, K: 322.8, OC: 0.33</description>
            <Point id="1414">
                <coordinates>79.554062,14.161029,0.0</coordinates>
            </Point>
        </Placemark>
        <Placemark id="1417">
            <name>Sample_709 (Siddavaram)</name>
            <description>District: SPSR NELLORE
Village: Siddavaram
N: 25.0, P: 27.6, K: 322.8, OC: 0.33</description>
            <Point id="1416">
                <coordinates>79.554688,14.160973,0.0</coordinates>
            </Point>
        </Placemark>
        <Placemark id="1419">
            <name>Sample_710 (Siddavaram)</name>
            <description>District: SPSR NELLORE
Village: Siddavaram
N: 25.0, P: 27.6, K: 322.8, OC: 0.33</description>
            <Point id="1418">
                <coordinates>79.553611,14.160833,0.0</coordinates>
            </Point>
        </Placemark>
        <Placemark id="1421">
            <name>Sample_711 (Siddavaram)</name>
            <description>District: SPSR NELLORE
Village: Siddavaram
N: 25.0, P: 27.6, K: 322.8, OC: 0.33</description>
            <Point id="1420">
                <coordinates>79.553551,14.16077,0.0</coordinates>
            </Point>
        </Placemark>
        <Placemark id="1423">
            <name>Sample_712 (Siddavaram)</name>
            <description>District: SPSR NELLORE
Village: Siddavaram
N: 201.0, P: 43.01, K: 316.6, OC: 0.34</description>
            <Point id="1422">
                <coordinates>79.557042,14.171031,0.0</coordinates>
            </Point>
        </Placemark>
        <Placemark id="1425">
            <name>Sample_713 (Siddavaram)</name>
            <description>District: SPSR NELLORE
Village: Siddavaram
N: 201.0, P: 43.01, K: 316.6, OC: 0.34</description>
            <Point id="1424">
                <coordinates>79.556968,14.171006,0.0</coordinates>
            </Point>
        </Placemark>
        <Placemark id="1427">
            <name>Sample_714 (Siddavaram)</name>
            <description>District: SPSR NELLORE
Village: Siddavaram
N: 201.0, P: 43.01, K: 316.6, OC: 0.34</description>
            <Point id="1426">
                <coordinates>79.557021,14.170943,0.0</coordinates>
            </Point>
        </Placemark>
        <Placemark id="1429">
            <name>Sample_715 (Siddavaram)</name>
            <description>District: SPSR NELLORE
Village: Siddavaram
N: 201.0, P: 43.01, K: 316.6, OC: 0.34</description>
            <Point id="1428">
                <coordinates>79.556973,14.170938,0.0</coordinates>
            </Point>
        </Placemark>
        <Placemark id="1431">
            <name>Sample_716 (Siddavaram)</name>
            <description>District: SPSR NELLORE
Village: Siddavaram
N: 201.0, P: 43.01, K: 316.6, OC: 0.34</description>
            <Point id="1430">
                <coordinates>79.556252,14.170593,0.0</coordinates>
            </Point>
        </Placemark>
        <Placemark id="1433">
            <name>Sample_717 (Siddavaram)</name>
            <description>District: SPSR NELLORE
Village: Siddavaram
N: 201.0, P: 43.01, K: 316.6, OC: 0.34</description>
            <Point id="1432">
                <coordinates>79.557003,14.170509,0.0</coordinates>
            </Point>
        </Placemark>
        <Placemark id="1435">
            <name>Sample_718 (Siddavaram)</name>
            <description>District: SPSR NELLORE
Village: Siddavaram
N: 201.0, P: 43.01, K: 316.6, OC: 0.34</description>
            <Point id="1434">
                <coordinates>79.556934,14.170463,0.0</coordinates>
            </Point>
        </Placemark>
        <Placemark id="1437">
            <name>Sample_719 (Siddavaram)</name>
            <description>District: SPSR NELLORE
Village: Siddavaram
N: 201.0, P: 43.01, K: 316.6, OC: 0.34</description>
            <Point id="1436">
                <coordinates>79.556864,14.170463,0.0</coordinates>
            </Point>
        </Placemark>
        <Placemark id="1439">
            <name>Sample_720 (Siddavaram)</name>
            <description>District: SPSR NELLORE
Village: Siddavaram
N: 201.0, P: 43.01, K: 316.6, OC: 0.34</description>
            <Point id="1438">
                <coordinates>79.556771,14.170365,0.0</coordinates>
            </Point>
        </Placemark>
        <Placemark id="1441">
            <name>Sample_721 (Siddavaram)</name>
            <description>District: SPSR NELLORE
Village: Siddavaram
N: 201.0, P: 43.01, K: 316.6, OC: 0.34</description>
            <Point id="1440">
                <coordinates>79.556892,14.170371,0.0</coordinates>
            </Point>
        </Placemark>
        <Placemark id="1443">
            <name>Sample_722 (Siddavaram)</name>
            <description>District: SPSR NELLORE
Village: Siddavaram
N: 201.0, P: 43.01, K: 316.6, OC: 0.34</description>
            <Point id="1442">
                <coordinates>79.556928,14.170369,0.0</coordinates>
            </Point>
        </Placemark>
        <Placemark id="1445">
            <name>Sample_723 (Siddavaram)</name>
            <description>District: SPSR NELLORE
Village: Siddavaram
N: 201.0, P: 43.01, K: 316.6, OC: 0.34</description>
            <Point id="1444">
                <coordinates>79.55701,14.170342,0.0</coordinates>
            </Point>
        </Placemark>
        <Placemark id="1447">
            <name>Sample_724 (Siddavaram)</name>
            <description>District: SPSR NELLORE
Village: Siddavaram
N: 201.0, P: 43.01, K: 316.6, OC: 0.34</description>
            <Point id="1446">
                <coordinates>79.557242,14.170345,0.0</coordinates>
            </Point>
        </Placemark>
        <Placemark id="1449">
            <name>Sample_725 (Siddavaram)</name>
            <description>District: SPSR NELLORE
Village: Siddavaram
N: 201.0, P: 43.01, K: 316.6, OC: 0.34</description>
            <Point id="1448">
                <coordinates>79.556988,14.170323,0.0</coordinates>
            </Point>
        </Placemark>
        <Placemark id="1451">
            <name>Sample_726 (Siddavaram)</name>
            <description>District: SPSR NELLORE
Village: Siddavaram
N: 201.0, P: 43.01, K: 316.6, OC: 0.34</description>
            <Point id="1450">
                <coordinates>79.557119,14.170313,0.0</coordinates>
            </Point>
        </Placemark>
        <Placemark id="1453">
            <name>Sample_727 (Siddavaram)</name>
            <description>District: SPSR NELLORE
Village: Siddavaram
N: 201.0, P: 43.01, K: 316.6, OC: 0.34</description>
            <Point id="1452">
                <coordinates>79.556918,14.170294,0.0</coordinates>
            </Point>
        </Placemark>
        <Placemark id="1455">
            <name>Sample_728 (Siddavaram)</name>
            <description>District: SPSR NELLORE
Village: Siddavaram
N: 201.0, P: 43.01, K: 316.6, OC: 0.34</description>
            <Point id="1454">
                <coordinates>79.556967,14.170275,0.0</coordinates>
            </Point>
        </Placemark>
        <Placemark id="1457">
            <name>Sample_729 (Siddavaram)</name>
            <description>District: SPSR NELLORE
Village: Siddavaram
N: 201.0, P: 43.01, K: 316.6, OC: 0.34</description>
            <Point id="1456">
                <coordinates>79.55705,14.170278,0.0</coordinates>
            </Point>
        </Placemark>
        <Placemark id="1459">
            <name>Sample_730 (Siddavaram)</name>
            <description>District: SPSR NELLORE
Village: Siddavaram
N: 201.0, P: 43.01, K: 316.6, OC: 0.34</description>
            <Point id="1458">
                <coordinates>79.557067,14.17028,0.0</coordinates>
            </Point>
        </Placemark>
        <Placemark id="1461">
            <name>Sample_731 (Siddavaram)</name>
            <description>District: SPSR NELLORE
Village: Siddavaram
N: 201.0, P: 43.01, K: 316.6, OC: 0.34</description>
            <Point id="1460">
                <coordinates>79.556908,14.17026,0.0</coordinates>
            </Point>
        </Placemark>
        <Placemark id="1463">
            <name>Sample_732 (Siddavaram)</name>
            <description>District: SPSR NELLORE
Village: Siddavaram
N: 201.0, P: 43.01, K: 316.6, OC: 0.34</description>
            <Point id="1462">
                <coordinates>79.556993,14.170254,0.0</coordinates>
            </Point>
        </Placemark>
        <Placemark id="1465">
            <name>Sample_733 (Siddavaram)</name>
            <description>District: SPSR NELLORE
Village: Siddavaram
N: 201.0, P: 43.01, K: 316.6, OC: 0.34</description>
            <Point id="1464">
                <coordinates>79.557019,14.170256,0.0</coordinates>
            </Point>
        </Placemark>
        <Placemark id="1467">
            <name>Sample_734 (Siddavaram)</name>
            <description>District: SPSR NELLORE
Village: Siddavaram
N: 201.0, P: 43.01, K: 316.6, OC: 0.34</description>
            <Point id="1466">
                <coordinates>79.557037,14.170253,0.0</coordinates>
            </Point>
        </Placemark>
        <Placemark id="1469">
            <name>Sample_735 (Siddavaram)</name>
            <description>District: SPSR NELLORE
Village: Siddavaram
N: 201.0, P: 43.01, K: 316.6, OC: 0.34</description>
            <Point id="1468">
                <coordinates>79.556705,14.170224,0.0</coordinates>
            </Point>
        </Placemark>
        <Placemark id="1471">
            <name>Sample_736 (Siddavaram)</name>
            <description>District: SPSR NELLORE
Village: Siddavaram
N: 201.0, P: 43.01, K: 316.6, OC: 0.34</description>
            <Point id="1470">
                <coordinates>79.556941,14.170242,0.0</coordinates>
            </Point>
        </Placemark>
        <Placemark id="1473">
            <name>Sample_737 (Siddavaram)</name>
            <description>District: SPSR NELLORE
Village: Siddavaram
N: 201.0, P: 43.01, K: 316.6, OC: 0.34</description>
            <Point id="1472">
                <coordinates>79.556991,14.170243,0.0</coordinates>
            </Point>
        </Placemark>
        <Placemark id="1475">
            <name>Sample_738 (Siddavaram)</name>
            <description>District: SPSR NELLORE
Village: Siddavaram
N: 201.0, P: 43.01, K: 316.6, OC: 0.34</description>
            <Point id="1474">
                <coordinates>79.556966,14.170202,0.0</coordinates>
            </Point>
        </Placemark>
        <Placemark id="1477">
            <name>Sample_739 (Siddavaram)</name>
            <description>District: SPSR NELLORE
Village: Siddavaram
N: 201.0, P: 43.01, K: 316.6, OC: 0.34</description>
            <Point id="1476">
                <coordinates>79.556983,14.170201,0.0</coordinates>
            </Point>
        </Placemark>
        <Placemark id="1479">
            <name>Sample_740 (Siddavaram)</name>
            <description>District: SPSR NELLORE
Village: Siddavaram
N: 201.0, P: 43.01, K: 316.6, OC: 0.34</description>
            <Point id="1478">
                <coordinates>79.556969,14.17019,0.0</coordinates>
            </Point>
        </Placemark>
        <Placemark id="1481">
            <name>Sample_741 (Siddavaram)</name>
            <description>District: SPSR NELLORE
Village: Siddavaram
N: 201.0, P: 43.01, K: 316.6, OC: 0.34</description>
            <Point id="1480">
                <coordinates>79.556976,14.170157,0.0</coordinates>
            </Point>
        </Placemark>
        <Placemark id="1483">
            <name>Sample_742 (Siddavaram)</name>
            <description>District: SPSR NELLORE
Village: Siddavaram
N: 201.0, P: 43.01, K: 316.6, OC: 0.34</description>
            <Point id="1482">
                <coordinates>79.557,14.170136,0.0</coordinates>
            </Point>
        </Placemark>
        <Placemark id="1485">
            <name>Sample_743 (Siddavaram)</name>
            <description>District: SPSR NELLORE
Village: Siddavaram
N: 25.0, P: 6.9, K: 316.6, OC: 0.31</description>
            <Point id="1484">
                <coordinates>79.555353,14.185885,0.0</coordinates>
            </Point>
        </Placemark>
        <Placemark id="1487">
            <name>Sample_744 (Somarajupalle)</name>
            <description>District: SPSR NELLORE
Village: Somarajupalle
N: 125.0, P: 12.9, K: 252.8, OC: 0.65</description>
            <Point id="1486">
                <coordinates>79.365534,14.861701,0.0</coordinates>
            </Point>
        </Placemark>
        <Placemark id="1489">
            <name>Sample_745 (Somarajupalle)</name>
            <description>District: SPSR NELLORE
Village: Somarajupalle
N: 38.0, P: 14.1, K: 245.8, OC: 0.46</description>
            <Point id="1488">
                <coordinates>79.365639,14.858277,0.0</coordinates>
            </Point>
        </Placemark>
        <Placemark id="1491">
            <name>Sample_746 (Somarajupalle)</name>
            <description>District: SPSR NELLORE
Village: Somarajupalle
N: 176.0, P: 97.5, K: 186.2, OC: 0.3</description>
            <Point id="1490">
                <coordinates>80.134653,14.500388,0.0</coordinates>
            </Point>
        </Placemark>
        <Placemark id="1493">
            <name>Sample_747 (Somarajupalle)</name>
            <description>District: SPSR NELLORE
Village: Somarajupalle
N: 176.0, P: 97.5, K: 186.2, OC: 0.3</description>
            <Point id="1492">
                <coordinates>80.134701,14.500409,0.0</coordinates>
            </Point>
        </Placemark>
        <Placemark id="1495">
            <name>Sample_748 (Somarajupalle)</name>
            <description>District: SPSR NELLORE
Village: Somarajupalle
N: 151.0, P: 23.8, K: 142.8, OC: 0.19</description>
            <Point id="1494">
                <coordinates>80.136651,14.500704,0.0</coordinates>
            </Point>
        </Placemark>
        <Placemark id="1497">
            <name>Sample_749 (Somarajupalle)</name>
            <description>District: SPSR NELLORE
Village: Somarajupalle
N: 50.0, P: 119.0, K: 74.5, OC: 0.14</description>
            <Point id="1496">
                <coordinates>80.138166,14.501848,0.0</coordinates>
            </Point>
        </Placemark>
        <Placemark id="1499">
            <name>Sample_750 (Somarajupalle)</name>
            <description>District: SPSR NELLORE
Village: Somarajupalle
N: 63.0, P: 31.5, K: 186.2, OC: 0.3</description>
            <Point id="1498">
                <coordinates>80.139189,14.502618,0.0</coordinates>
            </Point>
        </Placemark>
        <Placemark id="1501">
            <name>Sample_751 (Somarajupalle)</name>
            <description>District: SPSR NELLORE
Village: Somarajupalle
N: 63.0, P: 31.5, K: 186.2, OC: 0.3</description>
            <Point id="1500">
                <coordinates>80.13988,14.501924,0.0</coordinates>
            </Point>
        </Placemark>
        <Placemark id="1503">
            <name>Sample_752 (Somarajupalle)</name>
            <description>District: SPSR NELLORE
Village: Somarajupalle
N: 138.0, P: 98.3, K: 68.3, OC: 0.3</description>
            <Point id="1502">
                <coordinates>80.141273,14.503072,0.0</coordinates>
            </Point>
        </Placemark>
        <Placemark id="1505">
            <name>Sample_753 (Somarajupalle)</name>
            <description>District: SPSR NELLORE
Village: Somarajupalle
N: 75.0, P: 28.4, K: 124.1, OC: 0.3</description>
            <Point id="1504">
                <coordinates>80.142604,14.505459,0.0</coordinates>
            </Point>
        </Placemark>
        <Placemark id="1507">
            <name>Sample_754 (Somarajupalle)</name>
            <description>District: SPSR NELLORE
Village: Somarajupalle
N: 188.0, P: 51.46, K: 124.1, OC: 0.22</description>
            <Point id="1506">
                <coordinates>80.144894,14.505834,0.0</coordinates>
            </Point>
        </Placemark>
        <Placemark id="1509">
            <name>Sample_755 (Survepalle Bit  V)</name>
            <description>District: SPSR NELLORE
Village: Survepalle Bit  V
N: 263.0, P: 46.4, K: 84.3, OC: 0.1</description>
            <Point id="1508">
                <coordinates>80.017049,14.309221,0.0</coordinates>
            </Point>
        </Placemark>
        <Placemark id="1511">
            <name>Sample_756 (Survepalle Bit  V)</name>
            <description>District: SPSR NELLORE
Village: Survepalle Bit  V
N: 138.0, P: 12.9, K: 147.5, OC: 1.05</description>
            <Point id="1510">
                <coordinates>80.018874,14.314856,0.0</coordinates>
            </Point>
        </Placemark>
        <Placemark id="1513">
            <name>Sample_757 (Survepalle Bit  V)</name>
            <description>District: SPSR NELLORE
Village: Survepalle Bit  V
N: 100.0, P: 21.7, K: 42.1, OC: 0.87</description>
            <Point id="1512">
                <coordinates>80.021977,14.316188,0.0</coordinates>
            </Point>
        </Placemark>
        <Placemark id="1515">
            <name>Sample_758 (Survepalle Bit  V)</name>
            <description>District: SPSR NELLORE
Village: Survepalle Bit  V
N: 88.0, P: 8.2, K: 42.1, OC: 0.63</description>
            <Point id="1514">
                <coordinates>80.022889,14.311743,0.0</coordinates>
            </Point>
        </Placemark>
        <Placemark id="1517">
            <name>Sample_759 (Survepalle Bit  V)</name>
            <description>District: SPSR NELLORE
Village: Survepalle Bit  V
N: 25.0, P: 5.3, K: 46.2, OC: 0.03</description>
            <Point id="1516">
                <coordinates>80.025349,14.313471,0.0</coordinates>
            </Point>
        </Placemark>
        <Placemark id="1519">
            <name>Sample_760 (Survepalle Bit  V)</name>
            <description>District: SPSR NELLORE
Village: Survepalle Bit  V
N: 238.0, P: 37.0, K: 70.2, OC: 0.53</description>
            <Point id="1518">
                <coordinates>80.029364,14.315922,0.0</coordinates>
            </Point>
        </Placemark>
        <Placemark id="1521">
            <name>Sample_761 (Survepalle Bit  V)</name>
            <description>District: SPSR NELLORE
Village: Survepalle Bit  V
N: 213.0, P: 20.6, K: 70.2, OC: 0.97</description>
            <Point id="1520">
                <coordinates>80.031627,14.314718,0.0</coordinates>
            </Point>
        </Placemark>
        <Placemark id="1523">
            <name>Sample_762 (Survepalle Bit  V)</name>
            <description>District: SPSR NELLORE
Village: Survepalle Bit  V
N: 188.0, P: 10.6, K: 119.4, OC: 0.3</description>
            <Point id="1522">
                <coordinates>80.02749,14.308151,0.0</coordinates>
            </Point>
        </Placemark>
        <Placemark id="1525">
            <name>Sample_763 (Survepalle Bit  V)</name>
            <description>District: SPSR NELLORE
Village: Survepalle Bit  V
N: 251.0, P: 11.7, K: 70.2, OC: 0.43</description>
            <Point id="1524">
                <coordinates>80.029163,14.307653,0.0</coordinates>
            </Point>
        </Placemark>
        <Placemark id="1527">
            <name>Sample_764 (Survepalle Bit  V)</name>
            <description>District: SPSR NELLORE
Village: Survepalle Bit  V
N: 251.0, P: 11.7, K: 70.2, OC: 0.43</description>
            <Point id="1526">
                <coordinates>80.029163,14.307747,0.0</coordinates>
            </Point>
        </Placemark>
        <Placemark id="1529">
            <name>Sample_765 (Thallapalem)</name>
            <description>District: SPSR NELLORE
Village: Thallapalem
N: 238.0, P: 32.3, K: 621.0, OC: 0.35</description>
            <Point id="1528">
                <coordinates>80.022799,14.844021,0.0</coordinates>
            </Point>
        </Placemark>
        <Placemark id="1531">
            <name>Sample_766 (Thallapalem)</name>
            <description>District: SPSR NELLORE
Village: Thallapalem
N: 289.0, P: 36.9, K: 354.0, OC: 0.25</description>
            <Point id="1530">
                <coordinates>80.023956,14.87972,0.0</coordinates>
            </Point>
        </Placemark>
        <Placemark id="1533">
            <name>Sample_767 (Thatipalle)</name>
            <description>District: SPSR NELLORE
Village: Thatipalle
N: 13.0, P: 0.8, K: 49.7, OC: 0.2</description>
            <Point id="1532">
                <coordinates>79.594617,14.156871,0.0</coordinates>
            </Point>
        </Placemark>
        <Placemark id="1535">
            <name>Sample_768 (Theddupadu)</name>
            <description>District: SPSR NELLORE
Village: Theddupadu
N: 25.0, P: 5.9, K: 358.2, OC: 0.69</description>
            <Point id="1534">
                <coordinates>79.422085,14.938393,0.0</coordinates>
            </Point>
        </Placemark>
        <Placemark id="1537">
            <name>Sample_769 (Theddupadu)</name>
            <description>District: SPSR NELLORE
Village: Theddupadu
N: 13.0, P: 12.9, K: 196.6, OC: 0.12</description>
            <Point id="1536">
                <coordinates>79.418503,14.937738,0.0</coordinates>
            </Point>
        </Placemark>
        <Placemark id="1539">
            <name>Sample_770 (Theddupadu)</name>
            <description>District: SPSR NELLORE
Village: Theddupadu
N: 63.0, P: 10.0, K: 126.4, OC: 0.35</description>
            <Point id="1538">
                <coordinates>79.41894,14.936809,0.0</coordinates>
            </Point>
        </Placemark>
        <Placemark id="1541">
            <name>Sample_771 (Theddupadu)</name>
            <description>District: SPSR NELLORE
Village: Theddupadu
N: 50.0, P: 126.9, K: 316.0, OC: 0.85</description>
            <Point id="1540">
                <coordinates>79.421037,14.936809,0.0</coordinates>
            </Point>
        </Placemark>
        <Placemark id="1543">
            <name>Sample_772 (Theddupadu)</name>
            <description>District: SPSR NELLORE
Village: Theddupadu
N: 50.0, P: 126.9, K: 316.0, OC: 0.85</description>
            <Point id="1542">
                <coordinates>79.421998,14.935712,0.0</coordinates>
            </Point>
        </Placemark>
        <Placemark id="1545">
            <name>Sample_773 (Theddupadu)</name>
            <description>District: SPSR NELLORE
Village: Theddupadu
N: 63.0, P: 8.8, K: 323.1, OC: 0.39</description>
            <Point id="1544">
                <coordinates>79.418066,14.936387,0.0</coordinates>
            </Point>
        </Placemark>
        <Placemark id="1547">
            <name>Sample_774 (Theddupadu)</name>
            <description>District: SPSR NELLORE
Village: Theddupadu
N: 63.0, P: 8.8, K: 323.1, OC: 0.39</description>
            <Point id="1546">
                <coordinates>79.417018,14.935712,0.0</coordinates>
            </Point>
        </Placemark>
        <Placemark id="1549">
            <name>Sample_775 (Theddupadu)</name>
            <description>District: Parameter   Value
Village: Theddupadu
N: 50.0, P: 12.9, K: 449.5, OC: 0.12</description>
            <Point id="1548">
                <coordinates>79.417804,14.935206,0.0</coordinates>
            </Point>
        </Placemark>
        <Placemark id="1551">
            <name>Sample_776 (Theddupadu)</name>
            <description>District: SPSR NELLORE
Village: Theddupadu
N: 50.0, P: 12.9, K: 449.5, OC: 0.12</description>
            <Point id="1550">
                <coordinates>79.418765,14.934277,0.0</coordinates>
            </Point>
        </Placemark>
        <Placemark id="1553">
            <name>Sample_777 (Theddupadu)</name>
            <description>District: SPSR NELLORE
Village: Theddupadu
N: 13.0, P: 11.2, K: 309.0, OC: 0.92</description>
            <Point id="1552">
                <coordinates>79.417192,14.934277,0.0</coordinates>
            </Point>
        </Placemark>
        <Placemark id="1555">
            <name>Sample_778 (Theddupadu)</name>
            <description>District: SPSR NELLORE
Village: Theddupadu
N: 38.0, P: 6.5, K: 133.4, OC: 0.42</description>
            <Point id="1554">
                <coordinates>79.429949,14.933349,0.0</coordinates>
            </Point>
        </Placemark>
        <Placemark id="1557">
            <name>Sample_779 (Theddupadu)</name>
            <description>District: SPSR NELLORE
Village: Theddupadu
N: 63.0, P: 142.0, K: 351.2, OC: 0.69</description>
            <Point id="1556">
                <coordinates>79.433706,14.928538,0.0</coordinates>
            </Point>
        </Placemark>
        <Placemark id="1559">
            <name>Sample_780 (Theddupadu)</name>
            <description>District: SPSR NELLORE
Village: Theddupadu
N: 38.0, P: 10.0, K: 14.0, OC: 0.46</description>
            <Point id="1558">
                <coordinates>79.429599,14.927271,0.0</coordinates>
            </Point>
        </Placemark>
        <Placemark id="1561">
            <name>Sample_781 (Theddupadu)</name>
            <description>District: SPSR NELLORE
Village: Theddupadu
N: 13.0, P: 11.7, K: 252.8, OC: 0.58</description>
            <Point id="1560">
                <coordinates>79.433269,14.926259,0.0</coordinates>
            </Point>
        </Placemark>
        <Placemark id="1563">
            <name>Sample_782 (Theddupadu)</name>
            <description>District: SPSR NELLORE
Village: Theddupadu
N: 38.0, P: 10.6, K: 280.9, OC: 0.46</description>
            <Point id="1562">
                <coordinates>79.42925,14.92533,0.0</coordinates>
            </Point>
        </Placemark>
        <Placemark id="1565">
            <name>Sample_783 (Theddupadu)</name>
            <description>District: SPSR NELLORE
Village: Theddupadu
N: 38.0, P: 10.6, K: 14.0, OC: 0.06</description>
            <Point id="1564">
                <coordinates>79.43257,14.92457,0.0</coordinates>
            </Point>
        </Placemark>
        <Placemark id="1567">
            <name>Sample_784 (Theddupadu)</name>
            <description>District: SPSR NELLORE
Village: Theddupadu
N: 75.0, P: 11.2, K: 133.4, OC: 0.92</description>
            <Point id="1566">
                <coordinates>79.419639,14.92246,0.0</coordinates>
            </Point>
        </Placemark>
        <Placemark id="1569">
            <name>Sample_785 (Theddupadu)</name>
            <description>District: SPSR NELLORE
Village: Theddupadu
N: 75.0, P: 9.4, K: 154.5, OC: 0.4</description>
            <Point id="1568">
                <coordinates>79.421736,14.920941,0.0</coordinates>
            </Point>
        </Placemark>
        <Placemark id="1571">
            <name>Sample_786 (Theddupadu)</name>
            <description>District: SPSR NELLORE
Village: Theddupadu
N: 188.0, P: 12.3, K: 372.2, OC: 0.15</description>
            <Point id="1570">
                <coordinates>79.421299,14.918746,0.0</coordinates>
            </Point>
        </Placemark>
        <Placemark id="1573">
            <name>Sample_787 (Theddupadu)</name>
            <description>District: SPSR NELLORE
Village: Theddupadu
N: 25.0, P: 11.2, K: 309.0, OC: 0.65</description>
            <Point id="1572">
                <coordinates>79.425231,14.918408,0.0</coordinates>
            </Point>
        </Placemark>
        <Placemark id="1575">
            <name>Sample_788 (Theddupadu)</name>
            <description>District: SPSR NELLORE
Village: Theddupadu
N: 188.0, P: 11.7, K: 105.3, OC: 0.28</description>
            <Point id="1574">
                <coordinates>79.436764,14.918155,0.0</coordinates>
            </Point>
        </Placemark>
        <Placemark id="1577">
            <name>Sample_789 (Theddupadu)</name>
            <description>District: SPSR NELLORE
Village: Theddupadu
N: 63.0, P: 10.6, K: 133.4, OC: 0.74</description>
            <Point id="1576">
                <coordinates>79.424794,14.914779,0.0</coordinates>
            </Point>
        </Placemark>
        <Placemark id="1579">
            <name>Sample_790 (Theddupadu)</name>
            <description>District: SPSR NELLORE
Village: Theddupadu
N: 25.0, P: 3.5, K: 379.2, OC: 0.3</description>
            <Point id="1578">
                <coordinates>79.426629,14.913344,0.0</coordinates>
            </Point>
        </Placemark>
        <Placemark id="1581">
            <name>Sample_791 (Theddupadu)</name>
            <description>District: SPSR NELLORE
Village: Theddupadu
N: 25.0, P: 115.1, K: 196.6, OC: 0.12</description>
            <Point id="1580">
                <coordinates>79.42226,14.913344,0.0</coordinates>
            </Point>
        </Placemark>
        <Placemark id="1583">
            <name>Sample_792 (Theddupadu)</name>
            <description>District: SPSR NELLORE
Village: Theddupadu
N: 13.0, P: 11.7, K: 259.9, OC: 0.4</description>
            <Point id="1582">
                <coordinates>79.42392,14.912415,0.0</coordinates>
            </Point>
        </Placemark>
        <Placemark id="1585">
            <name>Sample_793 (Theddupadu)</name>
            <description>District: SPSR NELLORE
Village: Theddupadu
N: 50.0, P: 10.6, K: 280.9, OC: 0.62</description>
            <Point id="1584">
                <coordinates>79.417105,14.911824,0.0</coordinates>
            </Point>
        </Placemark>
        <Placemark id="1587">
            <name>Sample_794 (Theddupadu)</name>
            <description>District: SPSR NELLORE
Village: Theddupadu
N: 63.0, P: 11.7, K: 77.3, OC: 0.63</description>
            <Point id="1586">
                <coordinates>79.418853,14.909207,0.0</coordinates>
            </Point>
        </Placemark>
        <Placemark id="1589">
            <name>Sample_795 (Thimmapuram)</name>
            <description>District: SPSR NELLORE
Village: Thimmapuram
N: 38.0, P: 13.5, K: 280.9, OC: 0.79</description>
            <Point id="1588">
                <coordinates>79.459742,14.941029,0.0</coordinates>
            </Point>
        </Placemark>
        <Placemark id="1591">
            <name>Sample_796 (Thimmapuram)</name>
            <description>District: SPSR NELLORE
Village: Thimmapuram
N: 63.0, P: 8.2, K: 182.6, OC: 0.02</description>
            <Point id="1590">
                <coordinates>79.455636,14.941536,0.0</coordinates>
            </Point>
        </Placemark>
        <Placemark id="1593">
            <name>Sample_797 (Thimmapuram)</name>
            <description>District: SPSR NELLORE
Village: Thimmapuram
N: 63.0, P: 8.2, K: 182.6, OC: 0.02</description>
            <Point id="1592">
                <coordinates>79.454762,14.941705,0.0</coordinates>
            </Point>
        </Placemark>
        <Placemark id="1595">
            <name>Sample_798 (Thimmapuram)</name>
            <description>District: SPSR NELLORE
Village: Thimmapuram
N: 50.0, P: 12.9, K: 330.1, OC: 0.99</description>
            <Point id="1594">
                <coordinates>79.453015,14.941873,0.0</coordinates>
            </Point>
        </Placemark>
        <Placemark id="1597">
            <name>Sample_799 (Thimmapuram)</name>
            <description>District: SPSR NELLORE
Village: Thimmapuram
N: 38.0, P: 11.7, K: 259.9, OC: 0.53</description>
            <Point id="1596">
                <coordinates>79.451966,14.939595,0.0</coordinates>
            </Point>
        </Placemark>
        <Placemark id="1599">
            <name>Sample_800 (Thimmapuram)</name>
            <description>District: SPSR NELLORE
Village: Thimmapuram
N: 63.0, P: 11.7, K: 175.6, OC: 0.12</description>
            <Point id="1598">
                <coordinates>79.443753,14.940017,0.0</coordinates>
            </Point>
        </Placemark>
        <Placemark id="1601">
            <name>Sample_801 (Thimmapuram)</name>
            <description>District: SPSR NELLORE
Village: Thimmapuram
N: 63.0, P: 12.3, K: 196.6, OC: 0.46</description>
            <Point id="1600">
                <coordinates>79.441482,14.939257,0.0</coordinates>
            </Point>
        </Placemark>
        <Placemark id="1603">
            <name>Sample_802 (Thimmapuram)</name>
            <description>District: SPSR NELLORE
Village: Thimmapuram
N: 63.0, P: 12.3, K: 196.6, OC: 0.46</description>
            <Point id="1602">
                <coordinates>79.442181,14.938835,0.0</coordinates>
            </Point>
        </Placemark>
        <Placemark id="1605">
            <name>Sample_803 (Thimmapuram)</name>
            <description>District: SPSR NELLORE
Village: Thimmapuram
N: 38.0, P: 11.9, K: 224.7, OC: 0.83</description>
            <Point id="1604">
                <coordinates>79.443841,14.936978,0.0</coordinates>
            </Point>
        </Placemark>
        <Placemark id="1607">
            <name>Sample_804 (Thimmapuram)</name>
            <description>District: SPSR NELLORE
Village: Thimmapuram
N: 75.0, P: 12.3, K: 491.6, OC: 0.7</description>
            <Point id="1606">
                <coordinates>79.44253,14.936894,0.0</coordinates>
            </Point>
        </Placemark>
        <Placemark id="1609">
            <name>Sample_805 (Thimmapuram)</name>
            <description>District: SPSR NELLORE
Village: Thimmapuram
N: 63.0, P: 106.9, K: 286.3, OC: 0.1</description>
            <Point id="1608">
                <coordinates>79.444278,14.933349,0.0</coordinates>
            </Point>
        </Placemark>
        <Placemark id="1611">
            <name>Sample_806 (Thimmapuram)</name>
            <description>District: SPSR NELLORE
Village: Thimmapuram
N: 25.0, P: 13.5, K: 287.6, OC: 1.24</description>
            <Point id="1610">
                <coordinates>79.447248,14.933771,0.0</coordinates>
            </Point>
        </Placemark>
        <Placemark id="1613">
            <name>Sample_807 (Thimmapuram)</name>
            <description>District: SPSR NELLORE
Village: Thimmapuram
N: 63.0, P: 12.9, K: 196.6, OC: 0.39</description>
            <Point id="1612">
                <coordinates>79.449083,14.933602,0.0</coordinates>
            </Point>
        </Placemark>
        <Placemark id="1615">
            <name>Sample_808 (Thimmapuram)</name>
            <description>District: SPSR NELLORE
Village: Thimmapuram
N: 13.0, P: 10.0, K: 196.6, OC: 1.07</description>
            <Point id="1614">
                <coordinates>79.450306,14.932589,0.0</coordinates>
            </Point>
        </Placemark>
        <Placemark id="1617">
            <name>Sample_809 (Thimmapuram)</name>
            <description>District: SPSR NELLORE
Village: Thimmapuram
N: 13.0, P: 10.0, K: 196.6, OC: 1.07</description>
            <Point id="1616">
                <coordinates>79.450831,14.931914,0.0</coordinates>
            </Point>
        </Placemark>
        <Placemark id="1619">
            <name>Sample_810 (Thimmapuram)</name>
            <description>District: SPSR NELLORE
Village: Thimmapuram
N: 63.0, P: 12.3, K: 196.6, OC: 0.46</description>
            <Point id="1618">
                <coordinates>79.453976,14.927525,0.0</coordinates>
            </Point>
        </Placemark>
        <Placemark id="1621">
            <name>Sample_811 (Thimmapuram)</name>
            <description>District: SPSR NELLORE
Village: Thimmapuram
N: 63.0, P: 12.3, K: 196.6, OC: 0.46</description>
            <Point id="1620">
                <coordinates>79.454413,14.926512,0.0</coordinates>
            </Point>
        </Placemark>
        <Placemark id="1623">
            <name>Sample_812 (Thimmapuram)</name>
            <description>District: SPSR NELLORE
Village: Thimmapuram
N: 38.0, P: 12.9, K: 161.5, OC: 0.35</description>
            <Point id="1622">
                <coordinates>79.475207,14.923557,0.0</coordinates>
            </Point>
        </Placemark>
        <Placemark id="1625">
            <name>Sample_813 (Thimmapuram)</name>
            <description>District: SPSR NELLORE
Village: Thimmapuram
N: 38.0, P: 2.9, K: 161.5, OC: 0.35</description>
            <Point id="1624">
                <coordinates>79.475592,14.923452,0.0</coordinates>
            </Point>
        </Placemark>
        <Placemark id="1627">
            <name>Sample_814 (Thotapalle)</name>
            <description>District: SPSR NELLORE
Village: Thotapalle
N: 100.0, P: 26.9, K: 223.0, OC: 0.1</description>
            <Point id="1626">
                <coordinates>80.091723,14.403007,0.0</coordinates>
            </Point>
        </Placemark>
        <Placemark id="1629">
            <name>Sample_815 (Thotapalle)</name>
            <description>District: SPSR NELLORE
Village: Thotapalle
N: 100.0, P: 26.9, K: 223.0, OC: 0.1</description>
            <Point id="1628">
                <coordinates>80.091592,14.403496,0.0</coordinates>
            </Point>
        </Placemark>
        <Placemark id="1631">
            <name>Sample_816 (Thotapalle)</name>
            <description>District: SPSR NELLORE
Village: Thotapalle
N: 38.0, P: 29.2, K: 130.0, OC: 0.14</description>
            <Point id="1630">
                <coordinates>80.099143,14.399803,0.0</coordinates>
            </Point>
        </Placemark>
        <Placemark id="1633">
            <name>Sample_817 (Thotapalle)</name>
            <description>District: SPSR NELLORE
Village: Thotapalle
N: 138.0, P: 53.76, K: 143.0, OC: 0.43</description>
            <Point id="1632">
                <coordinates>80.099331,14.400168,0.0</coordinates>
            </Point>
        </Placemark>
        <Placemark id="1635">
            <name>Sample_818 (Thotapalle)</name>
            <description>District: SPSR NELLORE
Village: Thotapalle
N: 138.0, P: 53.76, K: 143.0, OC: 0.43</description>
            <Point id="1634">
                <coordinates>80.099001,14.401355,0.0</coordinates>
            </Point>
        </Placemark>
        <Placemark id="1637">
            <name>Sample_819 (Thotapalle)</name>
            <description>District: SPSR NELLORE
Village: Thotapalle
N: 25.0, P: 49.15, K: 254.0, OC: 0.12</description>
            <Point id="1636">
                <coordinates>80.109782,14.406439,0.0</coordinates>
            </Point>
        </Placemark>
        <Placemark id="1639">
            <name>Sample_820 (Thotapalle)</name>
            <description>District: SPSR NELLORE
Village: Thotapalle
N: 25.0, P: 23.8, K: 236.0, OC: 0.1</description>
            <Point id="1638">
                <coordinates>80.110828,14.406631,0.0</coordinates>
            </Point>
        </Placemark>
        <Placemark id="1641">
            <name>Sample_821 (Thotapalle)</name>
            <description>District: SPSR NELLORE
Village: Thotapalle
N: 38.0, P: 14.6, K: 137.0, OC: 0.15</description>
            <Point id="1640">
                <coordinates>80.110278,14.408177,0.0</coordinates>
            </Point>
        </Placemark>
        <Placemark id="1643">
            <name>Sample_822 (Thotapalle)</name>
            <description>District: SPSR NELLORE
Village: Thotapalle
N: 38.0, P: 14.6, K: 137.0, OC: 0.15</description>
            <Point id="1642">
                <coordinates>80.110993,14.408529,0.0</coordinates>
            </Point>
        </Placemark>
        <Placemark id="1645">
            <name>Sample_823 (Thotapalle)</name>
            <description>District: SPSR NELLORE
Village: Thotapalle
N: 138.0, P: 23.8, K: 317.0, OC: 0.12</description>
            <Point id="1644">
                <coordinates>80.088475,14.407355,0.0</coordinates>
            </Point>
        </Placemark>
        <Placemark id="1647">
            <name>Sample_824 (Thotapalle)</name>
            <description>District: SPSR NELLORE
Village: Thotapalle
N: 100.0, P: 10.0, K: 112.0, OC: 0.2</description>
            <Point id="1646">
                <coordinates>80.093699,14.416032,0.0</coordinates>
            </Point>
        </Placemark>
        <Placemark id="1649">
            <name>Sample_825 (Thotapalle)</name>
            <description>District: SPSR NELLORE
Village: Thotapalle
N: 63.0, P: 52.3, K: 192.0, OC: 0.1</description>
            <Point id="1648">
                <coordinates>80.092385,14.415212,0.0</coordinates>
            </Point>
        </Placemark>
        <Placemark id="1651">
            <name>Sample_826 (Thotapalle)</name>
            <description>District: SPSR NELLORE
Village: Thotapalle
N: 63.0, P: 52.3, K: 192.0, OC: 0.1</description>
            <Point id="1650">
                <coordinates>80.092064,14.414895,0.0</coordinates>
            </Point>
        </Placemark>
        <Placemark id="1653">
            <name>Sample_827 (Thotapalle)</name>
            <description>District: SPSR NELLORE
Village: Thotapalle
N: 188.0, P: 13.8, K: 161.0, OC: 0.18</description>
            <Point id="1652">
                <coordinates>80.090597,14.411292,0.0</coordinates>
            </Point>
        </Placemark>
        <Placemark id="1655">
            <name>Sample_828 (Thotapalle)</name>
            <description>District: SPSR NELLORE
Village: Thotapalle
N: 188.0, P: 13.8, K: 161.0, OC: 0.18</description>
            <Point id="1654">
                <coordinates>80.090551,14.411035,0.0</coordinates>
            </Point>
        </Placemark>
        <Placemark id="1657">
            <name>Sample_829 (Thotapalle)</name>
            <description>District: SPSR NELLORE
Village: Thotapalle
N: 188.0, P: 13.8, K: 161.0, OC: 0.18</description>
            <Point id="1656">
                <coordinates>80.090857,14.410902,0.0</coordinates>
            </Point>
        </Placemark>
        <Placemark id="1659">
            <name>Sample_830 (Thotapalle)</name>
            <description>District: SPSR NELLORE
Village: Thotapalle
N: 188.0, P: 13.8, K: 161.0, OC: 0.18</description>
            <Point id="1658">
                <coordinates>80.091483,14.41102,0.0</coordinates>
            </Point>
        </Placemark>
        <Placemark id="1661">
            <name>Sample_831 (Thotapalle)</name>
            <description>District: SPSR NELLORE
Village: Thotapalle
N: 25.0, P: 43.78, K: 261.0, OC: 0.21</description>
            <Point id="1660">
                <coordinates>80.09593,14.414483,0.0</coordinates>
            </Point>
        </Placemark>
        <Placemark id="1663">
            <name>Sample_832 (Thotapalle)</name>
            <description>District: SPSR NELLORE
Village: Thotapalle
N: 3.0, P: 25.3, K: 174.0, OC: 0.24</description>
            <Point id="1662">
                <coordinates>80.097779,14.413885,0.0</coordinates>
            </Point>
        </Placemark>
        <Placemark id="1665">
            <name>Sample_833 (Thotapalle)</name>
            <description>District: SPSR NELLORE
Village: Thotapalle
N: 75.0, P: 67.6, K: 168.0, OC: 0.18</description>
            <Point id="1664">
                <coordinates>80.097534,14.413494,0.0</coordinates>
            </Point>
        </Placemark>
        <Placemark id="1667">
            <name>Sample_834 (Thotapalle)</name>
            <description>District: SPSR NELLORE
Village: Thotapalle
N: 75.0, P: 67.6, K: 168.0, OC: 0.18</description>
            <Point id="1666">
                <coordinates>80.097886,14.413435,0.0</coordinates>
            </Point>
        </Placemark>
        <Placemark id="1669">
            <name>Sample_835 (Thotapalle)</name>
            <description>District: SPSR NELLORE
Village: Thotapalle
N: 75.0, P: 67.6, K: 168.0, OC: 0.18</description>
            <Point id="1668">
                <coordinates>80.097688,14.412897,0.0</coordinates>
            </Point>
        </Placemark>
        <Placemark id="1671">
            <name>Sample_836 (Thotapalle)</name>
            <description>District: SPSR NELLORE
Village: Thotapalle
N: 25.0, P: 22.3, K: 270.0, OC: 0.18</description>
            <Point id="1670">
                <coordinates>80.100217,14.411008,0.0</coordinates>
            </Point>
        </Placemark>
        <Placemark id="1673">
            <name>Sample_837 (Thotapalle)</name>
            <description>District: SPSR NELLORE
Village: Thotapalle
N: 151.0, P: 17.7, K: 62.0, OC: 0.12</description>
            <Point id="1672">
                <coordinates>80.09881,14.409095,0.0</coordinates>
            </Point>
        </Placemark>
        <Placemark id="1675">
            <name>Sample_838 (Thotapalle)</name>
            <description>District: SPSR NELLORE
Village: Thotapalle
N: 151.0, P: 17.7, K: 62.0, OC: 0.12</description>
            <Point id="1674">
                <coordinates>80.098669,14.409208,0.0</coordinates>
            </Point>
        </Placemark>
        <Placemark id="1677">
            <name>Sample_839 (Thotapalle)</name>
            <description>District: SPSR NELLORE
Village: Thotapalle
N: 151.0, P: 17.7, K: 62.0, OC: 0.12</description>
            <Point id="1676">
                <coordinates>80.098493,14.409288,0.0</coordinates>
            </Point>
        </Placemark>
        <Placemark id="1679">
            <name>Sample_840 (Thotapalle)</name>
            <description>District: SPSR NELLORE
Village: Thotapalle
N: 151.0, P: 17.7, K: 62.0, OC: 0.12</description>
            <Point id="1678">
                <coordinates>80.098353,14.409424,0.0</coordinates>
            </Point>
        </Placemark>
        <Placemark id="1681">
            <name>Sample_841 (Thotapalle)</name>
            <description>District: SPSR NELLORE
Village: Thotapalle
N: 151.0, P: 17.7, K: 62.0, OC: 0.12</description>
            <Point id="1680">
                <coordinates>80.098529,14.40964,0.0</coordinates>
            </Point>
        </Placemark>
        <Placemark id="1683">
            <name>Sample_842 (Thotapalle)</name>
            <description>District: SPSR NELLORE
Village: Thotapalle
N: 25.0, P: 23.8, K: 236.0, OC: 0.1</description>
            <Point id="1682">
                <coordinates>80.109845,14.406405,0.0</coordinates>
            </Point>
        </Placemark>
        <Placemark id="1685">
            <name>Sample_843 (Thotapalle)</name>
            <description>District: SPSR NELLORE
Village: Thotapalle
N: 25.0, P: 23.8, K: 236.0, OC: 0.1</description>
            <Point id="1684">
                <coordinates>80.110803,14.406768,0.0</coordinates>
            </Point>
        </Placemark>
        <Placemark id="1687">
            <name>Sample_844 (Thotapalle)</name>
            <description>District: SPSR NELLORE
Village: Thotapalle
N: 38.0, P: 14.6, K: 137.0, OC: 0.15</description>
            <Point id="1686">
                <coordinates>80.110094,14.408048,0.0</coordinates>
            </Point>
        </Placemark>
        <Placemark id="1689">
            <name>Sample_845 (Thotapalle)</name>
            <description>District: SPSR NELLORE
Village: Thotapalle
N: 38.0, P: 14.6, K: 137.0, OC: 0.15</description>
            <Point id="1688">
                <coordinates>80.110975,14.408689,0.0</coordinates>
            </Point>
        </Placemark>
        <Placemark id="1691">
            <name>Sample_846 (Thotapalle)</name>
            <description>District: SPSR NELLORE
Village: Thotapalle
N: 25.0, P: 22.3, K: 270.0, OC: 0.18</description>
            <Point id="1690">
                <coordinates>80.100205,14.411061,0.0</coordinates>
            </Point>
        </Placemark>
        <Placemark id="1693">
            <name>Sample_847 (Thunugunta)</name>
            <description>District: SPSR NELLORE
Village: Thunugunta
N: 38.0, P: 28.4, K: 646.1, OC: 0.51</description>
            <Point id="1692">
                <coordinates>79.78523,15.081372,0.0</coordinates>
            </Point>
        </Placemark>
        <Placemark id="1695">
            <name>Sample_848 (Thunugunta)</name>
            <description>District: SPSR NELLORE
Village: Thunugunta
N: 50.0, P: 43.78, K: 561.9, OC: 0.31</description>
            <Point id="1694">
                <coordinates>79.783124,15.075071,0.0</coordinates>
            </Point>
        </Placemark>
        <Placemark id="1697">
            <name>Sample_849 (Thunugunta)</name>
            <description>District: SPSR NELLORE
Village: Thunugunta
N: 163.0, P: 6.1, K: 512.7, OC: 0.47</description>
            <Point id="1696">
                <coordinates>79.781124,15.07253,0.0</coordinates>
            </Point>
        </Placemark>
        <Placemark id="1699">
            <name>Sample_850 (Thunugunta)</name>
            <description>District: SPSR NELLORE
Village: Thunugunta
N: 50.0, P: 43.78, K: 561.9, OC: 0.31</description>
            <Point id="1698">
                <coordinates>79.782948,15.074461,0.0</coordinates>
            </Point>
        </Placemark>
        <Placemark id="1701">
            <name>Sample_851 (Thurpu-Jangalapalle)</name>
            <description>District: SPSR NELLORE
Village: Thurpu-Jangalapalle
N: 13.0, P: 46.08, K: 192.4, OC: 0.3</description>
            <Point id="1700">
                <coordinates>79.686482,14.945627,0.0</coordinates>
            </Point>
        </Placemark>
        <Placemark id="1703">
            <name>Sample_852 (TPGudur BitI)</name>
            <description>District: SPSR NELLORE
Village: TPGudur BitI
N: 100.0, P: 22.3, K: 43.0, OC: 0.36</description>
            <Point id="1702">
                <coordinates>80.090111,14.395876,0.0</coordinates>
            </Point>
        </Placemark>
        <Placemark id="1705">
            <name>Sample_853 (Utukuru)</name>
            <description>District: SPSR NELLORE
Village: Utukuru
N: 88.0, P: 0.8, K: 310.4, OC: 0.36</description>
            <Point id="1704">
                <coordinates>79.517073,14.858843,0.0</coordinates>
            </Point>
        </Placemark>
        <Placemark id="1707">
            <name>Sample_854 (Utukuru)</name>
            <description>District: SPSR NELLORE
Village: Utukuru
N: 75.0, P: 5.4, K: 93.1, OC: 0.05</description>
            <Point id="1706">
                <coordinates>79.515823,14.858095,0.0</coordinates>
            </Point>
        </Placemark>
        <Placemark id="1709">
            <name>Sample_855 (Utukuru)</name>
            <description>District: SPSR NELLORE
Village: Utukuru
N: 88.0, P: 11.5, K: 149.0, OC: 0.3</description>
            <Point id="1708">
                <coordinates>79.517668,14.85775,0.0</coordinates>
            </Point>
        </Placemark>
        <Placemark id="1711">
            <name>Sample_856 (Utukuru)</name>
            <description>District: SPSR NELLORE
Village: Utukuru
N: 63.0, P: 1.5, K: 124.1, OC: 0.45</description>
            <Point id="1710">
                <coordinates>79.513199,14.849812,0.0</coordinates>
            </Point>
        </Placemark>
        <Placemark id="1713">
            <name>Sample_857 (Varigonda)</name>
            <description>District: SPSR NELLORE
Village: Varigonda
N: 75.0, P: 60.7, K: 25.0, OC: 0.34</description>
            <Point id="1712">
                <coordinates>80.035932,14.391189,0.0</coordinates>
            </Point>
        </Placemark>
        <Placemark id="1715">
            <name>Sample_858 (Varigonda)</name>
            <description>District: SPSR NELLORE
Village: Varigonda
N: 75.0, P: 60.7, K: 25.0, OC: 0.34</description>
            <Point id="1714">
                <coordinates>80.0349,14.390564,0.0</coordinates>
            </Point>
        </Placemark>
        <Placemark id="1717">
            <name>Sample_859 (Varigonda)</name>
            <description>District: SPSR NELLORE
Village: Varigonda
N: 75.0, P: 60.7, K: 25.0, OC: 0.34</description>
            <Point id="1716">
                <coordinates>80.035051,14.390427,0.0</coordinates>
            </Point>
        </Placemark>
        <Placemark id="1719">
            <name>Sample_860 (Varigonda)</name>
            <description>District: SPSR NELLORE
Village: Varigonda
N: 113.0, P: 16.9, K: 12.0, OC: 0.25</description>
            <Point id="1718">
                <coordinates>80.036942,14.390169,0.0</coordinates>
            </Point>
        </Placemark>
        <Placemark id="1721">
            <name>Sample_861 (Varigonda)</name>
            <description>District: SPSR NELLORE
Village: Varigonda
N: 138.0, P: 13.1, K: 25.0, OC: 0.2</description>
            <Point id="1720">
                <coordinates>80.038095,14.391051,0.0</coordinates>
            </Point>
        </Placemark>
        <Placemark id="1723">
            <name>Sample_862 (Varigonda)</name>
            <description>District: SPSR NELLORE
Village: Varigonda
N: 151.0, P: 16.9, K: 31.0, OC: 0.27</description>
            <Point id="1722">
                <coordinates>80.03992,14.391096,0.0</coordinates>
            </Point>
        </Placemark>
        <Placemark id="1725">
            <name>Sample_863 (Varigonda)</name>
            <description>District: SPSR NELLORE
Village: Varigonda
N: 113.0, P: 16.9, K: 12.0, OC: 0.25</description>
            <Point id="1724">
                <coordinates>80.037035,14.389194,0.0</coordinates>
            </Point>
        </Placemark>
        <Placemark id="1727">
            <name>Sample_864 (Varigonda)</name>
            <description>District: SPSR NELLORE
Village: Varigonda
N: 113.0, P: 16.9, K: 12.0, OC: 0.25</description>
            <Point id="1726">
                <coordinates>80.037049,14.389133,0.0</coordinates>
            </Point>
        </Placemark>
        <Placemark id="1729">
            <name>Sample_865 (Varigonda)</name>
            <description>District: SPSR NELLORE
Village: Varigonda
N: 113.0, P: 16.9, K: 12.0, OC: 0.25</description>
            <Point id="1728">
                <coordinates>80.037214,14.389058,0.0</coordinates>
            </Point>
        </Placemark>
        <Placemark id="1731">
            <name>Sample_866 (Varigonda)</name>
            <description>District: SPSR NELLORE
Village: Varigonda
N: 125.0, P: 24.6, K: 99.0, OC: 0.23</description>
            <Point id="1730">
                <coordinates>80.038625,14.389337,0.0</coordinates>
            </Point>
        </Placemark>
        <Placemark id="1733">
            <name>Sample_867 (Varigonda)</name>
            <description>District: SPSR NELLORE
Village: Varigonda
N: 125.0, P: 24.6, K: 99.0, OC: 0.23</description>
            <Point id="1732">
                <coordinates>80.039031,14.389566,0.0</coordinates>
            </Point>
        </Placemark>
        <Placemark id="1735">
            <name>Sample_868 (Varigonda)</name>
            <description>District: SPSR NELLORE
Village: Varigonda
N: 125.0, P: 24.6, K: 99.0, OC: 0.23</description>
            <Point id="1734">
                <coordinates>80.039055,14.389453,0.0</coordinates>
            </Point>
        </Placemark>
        <Placemark id="1737">
            <name>Sample_869 (Varigonda)</name>
            <description>District: SPSR NELLORE
Village: Varigonda
N: 125.0, P: 24.6, K: 99.0, OC: 0.23</description>
            <Point id="1736">
                <coordinates>80.039722,14.389325,0.0</coordinates>
            </Point>
        </Placemark>
        <Placemark id="1739">
            <name>Sample_870 (Varigonda)</name>
            <description>District: SPSR NELLORE
Village: Varigonda
N: 125.0, P: 24.6, K: 99.0, OC: 0.23</description>
            <Point id="1738">
                <coordinates>80.039746,14.389397,0.0</coordinates>
            </Point>
        </Placemark>
        <Placemark id="1741">
            <name>Sample_871 (Varigonda)</name>
            <description>District: SPSR NELLORE
Village: Varigonda
N: 63.0, P: 22.3, K: 428.0, OC: 0.36</description>
            <Point id="1740">
                <coordinates>80.038929,14.385525,0.0</coordinates>
            </Point>
        </Placemark>
        <Placemark id="1743">
            <name>Sample_872 (Varigonda)</name>
            <description>District: SPSR NELLORE
Village: Varigonda
N: 63.0, P: 22.3, K: 428.0, OC: 0.36</description>
            <Point id="1742">
                <coordinates>80.038873,14.385509,0.0</coordinates>
            </Point>
        </Placemark>
        <Placemark id="1745">
            <name>Sample_873 (Varigonda)</name>
            <description>District: SPSR NELLORE
Village: Varigonda
N: 63.0, P: 22.3, K: 428.0, OC: 0.36</description>
            <Point id="1744">
                <coordinates>80.038909,14.385144,0.0</coordinates>
            </Point>
        </Placemark>
        <Placemark id="1747">
            <name>Sample_874 (Varigonda)</name>
            <description>District: SPSR NELLORE
Village: Varigonda
N: 63.0, P: 22.3, K: 428.0, OC: 0.36</description>
            <Point id="1746">
                <coordinates>80.038859,14.384898,0.0</coordinates>
            </Point>
        </Placemark>
        <Placemark id="1749">
            <name>Sample_875 (Varigonda)</name>
            <description>District: SPSR NELLORE
Village: Varigonda
N: 75.0, P: 39.94, K: 478.0, OC: 0.2</description>
            <Point id="1748">
                <coordinates>80.038939,14.384083,0.0</coordinates>
            </Point>
        </Placemark>
        <Placemark id="1751">
            <name>Sample_876 (Varigonda)</name>
            <description>District: SPSR NELLORE
Village: Varigonda
N: 201.0, P: 33.8, K: 478.0, OC: 0.11</description>
            <Point id="1750">
                <coordinates>80.038608,14.395955,0.0</coordinates>
            </Point>
        </Placemark>
        <Placemark id="1753">
            <name>Sample_877 (Varigonda)</name>
            <description>District: SPSR NELLORE
Village: Varigonda
N: 201.0, P: 33.8, K: 478.0, OC: 0.11</description>
            <Point id="1752">
                <coordinates>80.038732,14.395817,0.0</coordinates>
            </Point>
        </Placemark>
        <Placemark id="1755">
            <name>Sample_878 (Varigonda)</name>
            <description>District: SPSR NELLORE
Village: Varigonda
N: 201.0, P: 33.8, K: 478.0, OC: 0.11</description>
            <Point id="1754">
                <coordinates>80.038677,14.395685,0.0</coordinates>
            </Point>
        </Placemark>
        <Placemark id="1757">
            <name>Sample_879 (Varigonda)</name>
            <description>District: SPSR NELLORE
Village: Varigonda
N: 113.0, P: 33.0, K: 25.0, OC: 0.24</description>
            <Point id="1756">
                <coordinates>80.039378,14.393897,0.0</coordinates>
            </Point>
        </Placemark>
        <Placemark id="1759">
            <name>Sample_880 (Varigonda)</name>
            <description>District: SPSR NELLORE
Village: Varigonda
N: 201.0, P: 22.3, K: 50.0, OC: 0.39</description>
            <Point id="1758">
                <coordinates>80.040551,14.395287,0.0</coordinates>
            </Point>
        </Placemark>
        <Placemark id="1761">
            <name>Sample_881 (Varigonda)</name>
            <description>District: SPSR NELLORE
Village: Varigonda
N: 201.0, P: 22.3, K: 50.0, OC: 0.39</description>
            <Point id="1760">
                <coordinates>80.041148,14.394827,0.0</coordinates>
            </Point>
        </Placemark>
        <Placemark id="1763">
            <name>Sample_882 (Varigonda)</name>
            <description>District: SPSR NELLORE
Village: Varigonda
N: 50.0, P: 15.4, K: 130.0, OC: 0.36</description>
            <Point id="1762">
                <coordinates>80.041456,14.392498,0.0</coordinates>
            </Point>
        </Placemark>
        <Placemark id="1765">
            <name>Sample_883 (Varigonda)</name>
            <description>District: SPSR NELLORE
Village: Varigonda
N: 151.0, P: 12.3, K: 19.0, OC: 0.3</description>
            <Point id="1764">
                <coordinates>80.044918,14.390691,0.0</coordinates>
            </Point>
        </Placemark>
        <Placemark id="1767">
            <name>Sample_884 (Varigonda)</name>
            <description>District: SPSR NELLORE
Village: Varigonda
N: 151.0, P: 12.3, K: 19.0, OC: 0.3</description>
            <Point id="1766">
                <coordinates>80.044168,14.391492,0.0</coordinates>
            </Point>
        </Placemark>
        <Placemark id="1769">
            <name>Sample_885 (Varigonda)</name>
            <description>District: SPSR NELLORE
Village: Varigonda
N: 75.0, P: 9.2, K: 31.0, OC: 0.3</description>
            <Point id="1768">
                <coordinates>80.044591,14.392238,0.0</coordinates>
            </Point>
        </Placemark>
        <Placemark id="1771">
            <name>Sample_886 (Varigonda)</name>
            <description>District: SPSR NELLORE
Village: Varigonda
N: 75.0, P: 9.2, K: 31.0, OC: 0.3</description>
            <Point id="1770">
                <coordinates>80.043899,14.392398,0.0</coordinates>
            </Point>
        </Placemark>
        <Placemark id="1773">
            <name>Sample_887 (Varigonda)</name>
            <description>District: SPSR NELLORE
Village: Varigonda
N: 125.0, P: 34.6, K: 31.0, OC: 0.39</description>
            <Point id="1772">
                <coordinates>80.0441,14.394,0.0</coordinates>
            </Point>
        </Placemark>
        <Placemark id="1775">
            <name>Sample_888 (Varigonda)</name>
            <description>District: SPSR NELLORE
Village: Varigonda
N: 125.0, P: 34.6, K: 31.0, OC: 0.39</description>
            <Point id="1774">
                <coordinates>80.04361,14.39403,0.0</coordinates>
            </Point>
        </Placemark>
        <Placemark id="1777">
            <name>Sample_889 (Varigonda)</name>
            <description>District: SPSR NELLORE
Village: Varigonda
N: 138.0, P: 23.8, K: 341.0, OC: 0.12</description>
            <Point id="1776">
                <coordinates>80.043264,14.395297,0.0</coordinates>
            </Point>
        </Placemark>
        <Placemark id="1779">
            <name>Sample_890 (Varigonda)</name>
            <description>District: SPSR NELLORE
Village: Varigonda
N: 176.0, P: 17.7, K: 527.0, OC: 0.11</description>
            <Point id="1778">
                <coordinates>80.044014,14.395886,0.0</coordinates>
            </Point>
        </Placemark>
        <Placemark id="1781">
            <name>Sample_891 (Varigonda)</name>
            <description>District: SPSR NELLORE
Village: Varigonda
N: 176.0, P: 17.7, K: 527.0, OC: 0.11</description>
            <Point id="1780">
                <coordinates>80.044322,14.396046,0.0</coordinates>
            </Point>
        </Placemark>
        <Placemark id="1783">
            <name>Sample_892 (Varigonda)</name>
            <description>District: SPSR NELLORE
Village: Varigonda
N: 176.0, P: 17.7, K: 527.0, OC: 0.11</description>
            <Point id="1782">
                <coordinates>80.044611,14.396027,0.0</coordinates>
            </Point>
        </Placemark>
        <Placemark id="1785">
            <name>Sample_893 (Varigonda)</name>
            <description>District: SPSR NELLORE
Village: Varigonda
N: 213.0, P: 38.4, K: 199.0, OC: 0.35</description>
            <Point id="1784">
                <coordinates>80.047701,14.394638,0.0</coordinates>
            </Point>
        </Placemark>
        <Placemark id="1787">
            <name>Sample_894 (Varigonda)</name>
            <description>District: SPSR NELLORE
Village: Varigonda
N: 213.0, P: 38.4, K: 199.0, OC: 0.35</description>
            <Point id="1786">
                <coordinates>80.047812,14.394927,0.0</coordinates>
            </Point>
        </Placemark>
        <Placemark id="1789">
            <name>Sample_895 (Varigonda)</name>
            <description>District: SPSR NELLORE
Village: Varigonda
N: 213.0, P: 38.4, K: 199.0, OC: 0.35</description>
            <Point id="1788">
                <coordinates>80.047895,14.395122,0.0</coordinates>
            </Point>
        </Placemark>
        <Placemark id="1791">
            <name>Sample_896 (Varigonda)</name>
            <description>District: SPSR NELLORE
Village: Varigonda
N: 213.0, P: 38.4, K: 199.0, OC: 0.35</description>
            <Point id="1790">
                <coordinates>80.048005,14.395256,0.0</coordinates>
            </Point>
        </Placemark>
        <Placemark id="1793">
            <name>Sample_897 (Varigonda)</name>
            <description>District: SPSR NELLORE
Village: Varigonda
N: 213.0, P: 38.4, K: 199.0, OC: 0.35</description>
            <Point id="1792">
                <coordinates>80.048323,14.395438,0.0</coordinates>
            </Point>
        </Placemark>
        <Placemark id="1795">
            <name>Sample_898 (Varigonda)</name>
            <description>District: SPSR NELLORE
Village: Varigonda
N: 213.0, P: 38.4, K: 199.0, OC: 0.35</description>
            <Point id="1794">
                <coordinates>80.048613,14.395331,0.0</coordinates>
            </Point>
        </Placemark>
        <Placemark id="1797">
            <name>Sample_899 (Varigonda)</name>
            <description>District: SPSR NELLORE
Village: Varigonda
N: 63.0, P: 21.5, K: 12.0, OC: 0.45</description>
            <Point id="1796">
                <coordinates>80.054498,14.399733,0.0</coordinates>
            </Point>
        </Placemark>
        <Placemark id="1799">
            <name>Sample_900 (Varigonda)</name>
            <description>District: SPSR NELLORE
Village: Varigonda
N: 63.0, P: 21.5, K: 12.0, OC: 0.45</description>
            <Point id="1798">
                <coordinates>80.054115,14.399807,0.0</coordinates>
            </Point>
        </Placemark>
        <Placemark id="1801">
            <name>Sample_901 (Varigonda)</name>
            <description>District: SPSR NELLORE
Village: Varigonda
N: 163.0, P: 16.9, K: 43.0, OC: 0.27</description>
            <Point id="1800">
                <coordinates>80.054677,14.402703,0.0</coordinates>
            </Point>
        </Placemark>
        <Placemark id="1803">
            <name>Sample_902 (Varigonda)</name>
            <description>District: SPSR NELLORE
Village: Varigonda
N: 163.0, P: 26.1, K: 12.0, OC: 0.35</description>
            <Point id="1802">
                <coordinates>80.050199,14.405087,0.0</coordinates>
            </Point>
        </Placemark>
        <Placemark id="1805">
            <name>Sample_903 (Varigonda)</name>
            <description>District: SPSR NELLORE
Village: Varigonda
N: 163.0, P: 26.1, K: 12.0, OC: 0.35</description>
            <Point id="1804">
                <coordinates>80.050045,14.405522,0.0</coordinates>
            </Point>
        </Placemark>
        <Placemark id="1807">
            <name>Sample_904 (Varigonda)</name>
            <description>District: SPSR NELLORE
Village: Varigonda
N: 163.0, P: 26.1, K: 12.0, OC: 0.35</description>
            <Point id="1806">
                <coordinates>80.050786,14.406091,0.0</coordinates>
            </Point>
        </Placemark>
        <Placemark id="1809">
            <name>Sample_905 (Varigonda)</name>
            <description>District: SPSR NELLORE
Village: Varigonda
N: 176.0, P: 32.3, K: 37.0, OC: 0.45</description>
            <Point id="1808">
                <coordinates>80.049023,14.407813,0.0</coordinates>
            </Point>
        </Placemark>
        <Placemark id="1811">
            <name>Sample_906 (Varigonda)</name>
            <description>District: SPSR NELLORE
Village: Varigonda
N: 138.0, P: 22.3, K: 19.0, OC: 0.26</description>
            <Point id="1810">
                <coordinates>80.045914,14.401397,0.0</coordinates>
            </Point>
        </Placemark>
        <Placemark id="1813">
            <name>Sample_907 (Varigonda)</name>
            <description>District: SPSR NELLORE
Village: Varigonda
N: 125.0, P: 23.0, K: 354.0, OC: 0.39</description>
            <Point id="1812">
                <coordinates>80.03929,14.407988,0.0</coordinates>
            </Point>
        </Placemark>
        <Placemark id="1815">
            <name>Sample_908 (Varigonda)</name>
            <description>District: SPSR NELLORE
Village: Varigonda
N: 125.0, P: 23.0, K: 354.0, OC: 0.39</description>
            <Point id="1814">
                <coordinates>80.038581,14.408214,0.0</coordinates>
            </Point>
        </Placemark>
        <Placemark id="1817">
            <name>Sample_909 (Varigonda)</name>
            <description>District: SPSR NELLORE
Village: Varigonda
N: 176.0, P: 20.7, K: 515.0, OC: 0.26</description>
            <Point id="1816">
                <coordinates>80.041498,14.408822,0.0</coordinates>
            </Point>
        </Placemark>
        <Placemark id="1819">
            <name>Sample_910 (Varigonda)</name>
            <description>District: SPSR NELLORE
Village: Varigonda
N: 176.0, P: 20.7, K: 515.0, OC: 0.26</description>
            <Point id="1818">
                <coordinates>80.041852,14.409049,0.0</coordinates>
            </Point>
        </Placemark>
        <Placemark id="1821">
            <name>Sample_911 (Varigonda)</name>
            <description>District: SPSR NELLORE
Village: Varigonda
N: 176.0, P: 20.7, K: 515.0, OC: 0.26</description>
            <Point id="1820">
                <coordinates>80.041907,14.409709,0.0</coordinates>
            </Point>
        </Placemark>
        <Placemark id="1823">
            <name>Sample_912 (Varigonda)</name>
            <description>District: SPSR NELLORE
Village: Varigonda
N: 176.0, P: 20.7, K: 515.0, OC: 0.26</description>
            <Point id="1822">
                <coordinates>80.041907,14.409936,0.0</coordinates>
            </Point>
        </Placemark>
        <Placemark id="1825">
            <name>Sample_913 (Varigonda)</name>
            <description>District: SPSR NELLORE
Village: Varigonda
N: 188.0, P: 46.08, K: 602.0, OC: 0.27</description>
            <Point id="1824">
                <coordinates>80.041988,14.410833,0.0</coordinates>
            </Point>
        </Placemark>
        <Placemark id="1827">
            <name>Sample_914 (Varigonda)</name>
            <description>District: SPSR NELLORE
Village: Varigonda
N: 63.0, P: 30.0, K: 341.0, OC: 0.23</description>
            <Point id="1826">
                <coordinates>80.041634,14.411007,0.0</coordinates>
            </Point>
        </Placemark>
        <Placemark id="1829">
            <name>Sample_915 (Varigonda)</name>
            <description>District: SPSR NELLORE
Village: Varigonda
N: 63.0, P: 20.7, K: 31.0, OC: 0.15</description>
            <Point id="1828">
                <coordinates>80.056896,14.392788,0.0</coordinates>
            </Point>
        </Placemark>
        <Placemark id="1831">
            <name>Sample_916 (Varigonda)</name>
            <description>District: SPSR NELLORE
Village: Varigonda
N: 63.0, P: 21.5, K: 12.0, OC: 0.45</description>
            <Point id="1830">
                <coordinates>80.054014,14.399818,0.0</coordinates>
            </Point>
        </Placemark>
        <Placemark id="1833">
            <name>Sample_917 (Varigonda)</name>
            <description>District: SPSR NELLORE
Village: Varigonda
N: 63.0, P: 21.5, K: 12.0, OC: 0.45</description>
            <Point id="1832">
                <coordinates>80.054582,14.399759,0.0</coordinates>
            </Point>
        </Placemark>
        <Placemark id="1835">
            <name>Sample_918 (Veera Raghavuni)</name>
            <description>District: SPSR NELLORE
Village: Veera Raghavuni
N: 13.0, P: 48.38, K: 119.4, OC: 0.19</description>
            <Point id="1834">
                <coordinates>79.80481,15.105856,0.0</coordinates>
            </Point>
        </Placemark>
        <Placemark id="1837">
            <name>Sample_919 (Veera Raghavuni)</name>
            <description>District: SPSR NELLORE
Village: Veera Raghavuni
N: 151.0, P: 31.5, K: 147.5, OC: 0.25</description>
            <Point id="1836">
                <coordinates>79.802074,15.106715,0.0</coordinates>
            </Point>
        </Placemark>
        <Placemark id="1839">
            <name>Sample_920 (Veera Raghavuni)</name>
            <description>District: SPSR NELLORE
Village: Veera Raghavuni
N: 63.0, P: 6.9, K: 295.0, OC: 0.37</description>
            <Point id="1838">
                <coordinates>79.799653,15.106614,0.0</coordinates>
            </Point>
        </Placemark>
        <Placemark id="1841">
            <name>Sample_921 (Veera Raghavuni)</name>
            <description>District: SPSR NELLORE
Village: Veera Raghavuni
N: 63.0, P: 37.6, K: 203.7, OC: 0.39</description>
            <Point id="1840">
                <coordinates>79.790494,15.105496,0.0</coordinates>
            </Point>
        </Placemark>
        <Placemark id="1843">
            <name>Sample_922 (Veera Raghavuni)</name>
            <description>District: SPSR NELLORE
Village: Veera Raghavuni
N: 100.0, P: 30.7, K: 470.6, OC: 0.32</description>
            <Point id="1842">
                <coordinates>79.799021,15.110272,0.0</coordinates>
            </Point>
        </Placemark>
        <Placemark id="1845">
            <name>Sample_923 (Veera Raghavuni)</name>
            <description>District: SPSR NELLORE
Village: Veera Raghavuni
N: 113.0, P: 129.8, K: 133.4, OC: 0.38</description>
            <Point id="1844">
                <coordinates>79.797442,15.109005,0.0</coordinates>
            </Point>
        </Placemark>
        <Placemark id="1847">
            <name>Sample_924 (Veera Raghavuni)</name>
            <description>District: SPSR NELLORE
Village: Veera Raghavuni
N: 176.0, P: 63.7, K: 119.4, OC: 0.17</description>
            <Point id="1846">
                <coordinates>79.788493,15.109717,0.0</coordinates>
            </Point>
        </Placemark>
        <Placemark id="1849">
            <name>Sample_925 (Veera Raghavuni)</name>
            <description>District: SPSR NELLORE
Village: Veera Raghavuni
N: 13.0, P: 26.9, K: 161.5, OC: 0.38</description>
            <Point id="1848">
                <coordinates>79.775228,15.114391,0.0</coordinates>
            </Point>
        </Placemark>
        <Placemark id="1851">
            <name>Sample_926 (Veera Raghavuni)</name>
            <description>District: SPSR NELLORE
Village: Veera Raghavuni
N: 38.0, P: 38.4, K: 84.3, OC: 0.16</description>
            <Point id="1850">
                <coordinates>79.788388,15.0849,0.0</coordinates>
            </Point>
        </Placemark>
        <Placemark id="1853">
            <name>Sample_927 (Vemulachedu)</name>
            <description>District: SPSR NELLORE
Village: Vemulachedu
N: 125.0, P: 46.08, K: 384.9, OC: 0.25</description>
            <Point id="1852">
                <coordinates>79.675209,14.132998,0.0</coordinates>
            </Point>
        </Placemark>
        <Placemark id="1855">
            <name>Sample_928 (Vemulachedu)</name>
            <description>District: SPSR NELLORE
Village: Vemulachedu
N: 125.0, P: 46.08, K: 384.9, OC: 0.25</description>
            <Point id="1854">
                <coordinates>79.674184,14.132485,0.0</coordinates>
            </Point>
        </Placemark>
        <Placemark id="1857">
            <name>Sample_929 (Vemulachedu)</name>
            <description>District: SPSR NELLORE
Village: Vemulachedu
N: 201.0, P: 26.9, K: 223.5, OC: 0.31</description>
            <Point id="1856">
                <coordinates>79.674913,14.128248,0.0</coordinates>
            </Point>
        </Placemark>
        <Placemark id="1859">
            <name>Sample_930 (Vemulachedu)</name>
            <description>District: SPSR NELLORE
Village: Vemulachedu
N: 201.0, P: 26.9, K: 223.5, OC: 0.31</description>
            <Point id="1858">
                <coordinates>79.674867,14.12769,0.0</coordinates>
            </Point>
        </Placemark>
        <Placemark id="1861">
            <name>Sample_931 (Vemulachedu)</name>
            <description>District: SPSR NELLORE
Village: Vemulachedu
N: 113.0, P: 79.1, K: 589.7, OC: 0.18</description>
            <Point id="1860">
                <coordinates>79.672796,14.127094,0.0</coordinates>
            </Point>
        </Placemark>
        <Placemark id="1863">
            <name>Sample_932 (Vemulachedu)</name>
            <description>District: SPSR NELLORE
Village: Vemulachedu
N: 113.0, P: 79.1, K: 589.7, OC: 0.18</description>
            <Point id="1862">
                <coordinates>79.673501,14.126829,0.0</coordinates>
            </Point>
        </Placemark>
        <Placemark id="1865">
            <name>Sample_933 (Vemulachedu)</name>
            <description>District: SPSR NELLORE
Village: Vemulachedu
N: 50.0, P: 75.3, K: 397.3, OC: 0.25</description>
            <Point id="1864">
                <coordinates>79.669676,14.125196,0.0</coordinates>
            </Point>
        </Placemark>
        <Placemark id="1867">
            <name>Sample_934 (Vemulachedu)</name>
            <description>District: SPSR NELLORE
Village: Vemulachedu
N: 113.0, P: 23.8, K: 463.5, OC: 0.33</description>
            <Point id="1866">
                <coordinates>79.672067,14.124534,0.0</coordinates>
            </Point>
        </Placemark>
        <Placemark id="1869">
            <name>Sample_935 (Vemulachedu)</name>
            <description>District: SPSR NELLORE
Village: Vemulachedu
N: 138.0, P: 55.3, K: 403.5, OC: 0.1</description>
            <Point id="1868">
                <coordinates>79.681561,14.124579,0.0</coordinates>
            </Point>
        </Placemark>
        <Placemark id="1871">
            <name>Sample_936 (Vemulachedu)</name>
            <description>District: SPSR NELLORE
Village: Vemulachedu
N: 138.0, P: 55.3, K: 403.5, OC: 0.1</description>
            <Point id="1870">
                <coordinates>79.681811,14.124512,0.0</coordinates>
            </Point>
        </Placemark>
        <Placemark id="1873">
            <name>Sample_937 (Vengalapuram)</name>
            <description>District: SPSR NELLORE
Village: Vengalapuram
N: 63.0, P: 75.3, K: 182.6, OC: 0.21</description>
            <Point id="1872">
                <coordinates>79.707937,15.112367,0.0</coordinates>
            </Point>
        </Placemark>
        <Placemark id="1875">
            <name>Sample_938 (Vengalapuram)</name>
            <description>District: SPSR NELLORE
Village: Vengalapuram
N: 213.0, P: 24.6, K: 147.5, OC: 0.38</description>
            <Point id="1874">
                <coordinates>79.70055,15.114702,0.0</coordinates>
            </Point>
        </Placemark>
        <Placemark id="1877">
            <name>Sample_939 (Vinjamur)</name>
            <description>District: SPSR NELLORE
Village: Vinjamur
N: 13.0, P: 6.1, K: 161.0, OC: 0.45</description>
            <Point id="1876">
                <coordinates>79.580472,14.865904,0.0</coordinates>
            </Point>
        </Placemark>
        <Placemark id="1879">
            <name>Sample_940 (Vinjamur)</name>
            <description>District: SPSR NELLORE
Village: Vinjamur
N: 75.0, P: 1.5, K: 62.0, OC: 0.44</description>
            <Point id="1878">
                <coordinates>79.579885,14.864243,0.0</coordinates>
            </Point>
        </Placemark>
        <Placemark id="1881">
            <name>Sample_941 (Vinjamur)</name>
            <description>District: SPSR NELLORE
Village: Vinjamur
N: 63.0, P: 13.8, K: 199.0, OC: 0.09</description>
            <Point id="1880">
                <coordinates>79.577831,14.864338,0.0</coordinates>
            </Point>
        </Placemark>
        <Placemark id="1883">
            <name>Sample_942 (Vinjamur)</name>
            <description>District: SPSR NELLORE
Village: Vinjamur
N: 151.0, P: 9.2, K: 111.7, OC: 0.3</description>
            <Point id="1882">
                <coordinates>79.576559,14.864054,0.0</coordinates>
            </Point>
        </Placemark>
        <Placemark id="1885">
            <name>Sample_943 (Vinjamur)</name>
            <description>District: SPSR NELLORE
Village: Vinjamur
N: 88.0, P: 16.9, K: 192.4, OC: 0.26</description>
            <Point id="1884">
                <coordinates>79.574798,14.863865,0.0</coordinates>
            </Point>
        </Placemark>
        <Placemark id="1887">
            <name>Sample_944 (Vinjamur)</name>
            <description>District: SPSR NELLORE
Village: Vinjamur
N: 100.0, P: 7.7, K: 142.8, OC: 0.23</description>
            <Point id="1886">
                <coordinates>79.572939,14.863582,0.0</coordinates>
            </Point>
        </Placemark>
        <Placemark id="1889">
            <name>Sample_945 (Vinjamur)</name>
            <description>District: SPSR NELLORE
Village: Vinjamur
N: 100.0, P: 7.7, K: 142.8, OC: 0.23</description>
            <Point id="1888">
                <coordinates>79.572156,14.863109,0.0</coordinates>
            </Point>
        </Placemark>
        <Placemark id="1891">
            <name>Sample_946 (Vinjamur)</name>
            <description>District: SPSR NELLORE
Village: Vinjamur
N: 113.0, P: 3.8, K: 24.8, OC: 0.21</description>
            <Point id="1890">
                <coordinates>79.571863,14.862069,0.0</coordinates>
            </Point>
        </Placemark>
        <Placemark id="1893">
            <name>Sample_947 (Vinjamur)</name>
            <description>District: SPSR NELLORE
Village: Vinjamur
N: 100.0, P: 7.7, K: 242.0, OC: 0.16</description>
            <Point id="1892">
                <coordinates>79.572352,14.861029,0.0</coordinates>
            </Point>
        </Placemark>
        <Placemark id="1895">
            <name>Sample_948 (Vinjamur)</name>
            <description>District: SPSR NELLORE
Village: Vinjamur
N: 100.0, P: 7.7, K: 242.0, OC: 0.16</description>
            <Point id="1894">
                <coordinates>79.573917,14.860934,0.0</coordinates>
            </Point>
        </Placemark>
        <Placemark id="1897">
            <name>Sample_949 (Vinjamur)</name>
            <description>District: SPSR NELLORE
Village: Vinjamur
N: 100.0, P: 7.7, K: 242.0, OC: 0.16</description>
            <Point id="1896">
                <coordinates>79.572645,14.860178,0.0</coordinates>
            </Point>
        </Placemark>
        <Placemark id="1899">
            <name>Sample_950 (Vinjamur)</name>
            <description>District: SPSR NELLORE
Village: Vinjamur
N: 38.0, P: 19.2, K: 621.0, OC: 0.21</description>
            <Point id="1898">
                <coordinates>79.574798,14.859421,0.0</coordinates>
            </Point>
        </Placemark>
        <Placemark id="1901">
            <name>Sample_951 (Vinjamur)</name>
            <description>District: SPSR NELLORE
Village: Vinjamur
N: 50.0, P: 2.3, K: 254.0, OC: 0.05</description>
            <Point id="1900">
                <coordinates>79.576755,14.858571,0.0</coordinates>
            </Point>
        </Placemark>
        <Placemark id="1903">
            <name>Sample_952 (Vinjamur)</name>
            <description>District: SPSR NELLORE
Village: Vinjamur
N: 50.0, P: 2.3, K: 254.0, OC: 0.05</description>
            <Point id="1902">
                <coordinates>79.577342,14.858571,0.0</coordinates>
            </Point>
        </Placemark>
        <Placemark id="1905">
            <name>Sample_953 (Vinjamur)</name>
            <description>District: SPSR NELLORE
Village: Vinjamur
N: 151.0, P: 16.1, K: 80.7, OC: 0.21</description>
            <Point id="1904">
                <coordinates>79.576265,14.85753,0.0</coordinates>
            </Point>
        </Placemark>
        <Placemark id="1907">
            <name>Sample_954 (Vinjamur)</name>
            <description>District: SPSR NELLORE
Village: Vinjamur
N: 100.0, P: 4.6, K: 304.2, OC: 0.09</description>
            <Point id="1906">
                <coordinates>79.579005,14.857814,0.0</coordinates>
            </Point>
        </Placemark>
        <Placemark id="1909">
            <name>Sample_955 (Vinjamur)</name>
            <description>District: SPSR NELLORE
Village: Vinjamur
N: 100.0, P: 4.6, K: 304.2, OC: 0.09</description>
            <Point id="1908">
                <coordinates>79.579885,14.858476,0.0</coordinates>
            </Point>
        </Placemark>
        <Placemark id="1911">
            <name>Sample_956 (Vinjamur)</name>
            <description>District: SPSR NELLORE
Village: Vinjamur
N: 100.0, P: 4.6, K: 304.2, OC: 0.09</description>
            <Point id="1910">
                <coordinates>79.58057,14.858381,0.0</coordinates>
            </Point>
        </Placemark>
        <Placemark id="1913">
            <name>Sample_957 (Vinjamur)</name>
            <description>District: SPSR NELLORE
Village: Vinjamur
N: 100.0, P: 6.1, K: 155.2, OC: 0.11</description>
            <Point id="1912">
                <coordinates>79.581744,14.858003,0.0</coordinates>
            </Point>
        </Placemark>
        <Placemark id="1915">
            <name>Sample_958 (Vinjamur)</name>
            <description>District: SPSR NELLORE
Village: Vinjamur
N: 125.0, P: 0.8, K: 279.3, OC: 0.21</description>
            <Point id="1914">
                <coordinates>79.582038,14.861218,0.0</coordinates>
            </Point>
        </Placemark>
        <Placemark id="1917">
            <name>Sample_959 (Vinjamur)</name>
            <description>District: SPSR NELLORE
Village: Vinjamur
N: 25.0, P: 5.4, K: 99.3, OC: 0.25</description>
            <Point id="1916">
                <coordinates>79.582821,14.85876,0.0</coordinates>
            </Point>
        </Placemark>
        <Placemark id="1919">
            <name>Sample_960 (Vinjamur)</name>
            <description>District: SPSR NELLORE
Village: Vinjamur
N: 25.0, P: 5.4, K: 99.3, OC: 0.25</description>
            <Point id="1918">
                <coordinates>79.582821,14.85876,0.0</coordinates>
            </Point>
        </Placemark>
        <Placemark id="1921">
            <name>Sample_961 (Vinjamur)</name>
            <description>District: SPSR NELLORE
Village: Vinjamur
N: 63.0, P: 15.4, K: 428.3, OC: 0.05</description>
            <Point id="1920">
                <coordinates>79.584973,14.853465,0.0</coordinates>
            </Point>
        </Placemark>
        <Placemark id="1923">
            <name>Sample_962 (Vinjamur)</name>
            <description>District: SPSR NELLORE
Village: Vinjamur
N: 50.0, P: 34.6, K: 105.5, OC: 0.22</description>
            <Point id="1922">
                <coordinates>79.582821,14.852046,0.0</coordinates>
            </Point>
        </Placemark>
        <Placemark id="1925">
            <name>Sample_963 (Vinjamur)</name>
            <description>District: SPSR NELLORE
Village: Vinjamur
N: 63.0, P: 154.0, K: 428.3, OC: 0.05</description>
            <Point id="1924">
                <coordinates>79.585756,14.851857,0.0</coordinates>
            </Point>
        </Placemark>
        <Placemark id="1927">
            <name>Sample_964 (Vinjamur)</name>
            <description>District: SPSR NELLORE
Village: Vinjamur
N: 88.0, P: 544.0, K: 347.6, OC: 0.27</description>
            <Point id="1926">
                <coordinates>79.619755,14.850153,0.0</coordinates>
            </Point>
        </Placemark>
        <Placemark id="1929">
            <name>Sample_965 (Vinjamur)</name>
            <description>District: SPSR NELLORE
Village: Vinjamur
N: 75.0, P: 37.6, K: 192.4, OC: 0.23</description>
            <Point id="1928">
                <coordinates>79.620375,14.84984,0.0</coordinates>
            </Point>
        </Placemark>
        <Placemark id="1931">
            <name>Sample_966 (Vinjamur)</name>
            <description>District: SPSR NELLORE
Village: Vinjamur
N: 75.0, P: 37.6, K: 192.4, OC: 0.23</description>
            <Point id="1930">
                <coordinates>79.62024,14.84958,0.0</coordinates>
            </Point>
        </Placemark>
        <Placemark id="1933">
            <name>Sample_967 (Vinjamur)</name>
            <description>District: SPSR NELLORE
Village: Vinjamur
N: 75.0, P: 37.6, K: 192.4, OC: 0.23</description>
            <Point id="1932">
                <coordinates>79.619188,14.849006,0.0</coordinates>
            </Point>
        </Placemark>
        <Placemark id="1935">
            <name>Sample_968 (Vinjamur)</name>
            <description>District: SPSR NELLORE
Village: Vinjamur
N: 13.0, P: 3.8, K: 217.3, OC: 0.2</description>
            <Point id="1934">
                <coordinates>79.619188,14.845277,0.0</coordinates>
            </Point>
        </Placemark>
        <Placemark id="1937">
            <name>Sample_969 (Vinjamur)</name>
            <description>District: SPSR NELLORE
Village: Vinjamur
N: 13.0, P: 3.8, K: 217.3, OC: 0.2</description>
            <Point id="1936">
                <coordinates>79.618837,14.844402,0.0</coordinates>
            </Point>
        </Placemark>
        <Placemark id="1939">
            <name>Sample_970 (Vinjamur)</name>
            <description>District: SPSR NELLORE
Village: Vinjamur
N: 100.0, P: 23.0, K: 167.6, OC: 0.41</description>
            <Point id="1938">
                <coordinates>79.558784,14.836419,0.0</coordinates>
            </Point>
        </Placemark>
        <Placemark id="1941">
            <name>Sample_971 (Vinjamur)</name>
            <description>District: SPSR NELLORE
Village: Vinjamur
N: 50.0, P: 24.6, K: 31.0, OC: 0.13</description>
            <Point id="1940">
                <coordinates>79.561046,14.836246,0.0</coordinates>
            </Point>
        </Placemark>
        <Placemark id="1943">
            <name>Sample_972 (Vinjamur)</name>
            <description>District: SPSR NELLORE
Village: Vinjamur
N: 100.0, P: 23.8, K: 130.4, OC: 0.21</description>
            <Point id="1942">
                <coordinates>79.562772,14.836419,0.0</coordinates>
            </Point>
        </Placemark>
        <Placemark id="1945">
            <name>Sample_973 (Vinjamur)</name>
            <description>District: SPSR NELLORE
Village: Vinjamur
N: 63.0, P: 13.1, K: 484.2, OC: 0.42</description>
            <Point id="1944">
                <coordinates>79.568842,14.835901,0.0</coordinates>
            </Point>
        </Placemark>
    </Document>
</kml>
